INSERT INTO pos_itemtemp VALUES("IATT190002368","193024","191001","192003","30000","1","30000","0","30000","1","1","1","IAT0109190850","NHO2018000007","PAID","","193024"),
("IATT190002368","193030","191001","192004","27000","1","27000","13500","13500","1","1","1","IAT0109190850","NHO2018000007","PAID","","193030"),
("IATT190002368","193036","191001","192006","36000","1","36000","18000","18000","1","1","1","IAT0109190850","NHO2018000007","PAID","","ORIGINAL"),
("IATT190002368","193046","191002","192010","10000","1","10000","0","10000","1","1","1","IAT0109190850","NHO2018000007","PAID","","193046"),
("IATT190002368","193047","191002","192010","10000","1","10000","0","10000","1","1","1","IAT0109190850","NHO2018000007","PAID","","193047"),
("IATT190002368","193047","191002","192010","10000","1","10000","0","10000","2","1","2","IAT0109190850","NHO2018000007","PAID","","193047"),
("IATT190002369","193078","191001","192001","30000","1","30000","15000","15000","1","1","1","IAT0109190850","NHO2018000007","PAID","lv 2","PEDAS"),
("IATT190002369","193084","191001","192001","30000","1","30000","15000","15000","1","1","1","IAT0109190850","NHO2018000007","PAID","lv 2","PEDAS"),
("IATT190002369","193049","191002","192010","10000","1","10000","0","10000","1","1","1","IAT0109190850","NHO2018000007","PAID","","193049"),
("IATT190002369","193046","191002","192010","10000","1","10000","0","10000","1","1","1","IAT0109190850","NHO2018000007","PAID","","193046"),
("IATT190002369","193046","191002","192010","10000","1","10000","0","10000","2","1","1","IAT0109190850","NHO2018000007","PAID","","193046"),
("IATT190002370","193010","191001","192001","40000","1","40000","0","40000","1","1","1","IAT0109190850","NHO2018000007","PAID","","193010"),
("IATT190002370","193010","191001","192001","40000","1","40000","0","40000","2","1","1","IAT0109190850","NHO2018000007","PAID","","193010"),
("IATT190002370","193047","191002","192010","10000","1","10000","0","10000","1","1","1","IAT0109190850","NHO2018000007","PAID","","193047"),
("IATT190002370","193047","191002","192010","10000","1","10000","0","10000","2","1","1","IAT0109190850","NHO2018000007","PAID","","193047"),
("IATT190002371","193084","191001","192001","30000","1","30000","15000","15000","1","1","1","IAT0109190850","NHO2018000007","PAID","","PEDAS"),
("IATT190002371","193018","191001","192002","37000","1","37000","18500","18500","1","1","1","IAT0109190850","NHO2018000007","PAID","","ORIGINAL"),
("IATT190002371","193047","191002","192010","10000","1","10000","0","10000","1","1","1","IAT0109190850","NHO2018000007","PAID","","193047"),
("IATT190002371","193055","191002","192010","17000","1","17000","0","17000","1","1","1","IAT0109190850","NHO2018000007","PAID","","193055"),
("IATT190002372","193027","191001","192003","43000","1","43000","0","43000","1","1","1","IAT0109190850","NHO2018000007","PAID","take away","193027"),
("IATT190002373","193085","191001","192001","30000","1","30000","15000","15000","1","1","1","IAT0109190850","NHO2018000007","PAID","","193085"),
("IATT190002373","193019","191001","192002","40000","1","40000","20000","20000","1","1","1","IAT0109190850","NHO2018000007","PAID","","PEDAS"),
("IATT190002373","193033","191001","192005","42000","1","42000","21000","21000","1","1","1","IAT0109190850","NHO2018000007","PAID","","193033"),
("IATT190002373","193056","191002","192010","17000","1","17000","0","17000","1","1","1","IAT0109190850","NHO2018000007","PAID","","193056"),
("IATT190002373","193055","191002","192010","17000","1","17000","0","17000","1","1","1","IAT0109190850","NHO2018000007","PAID","","193055"),
("IATT190002373","193055","191002","192010","17000","1","17000","0","17000","2","1","1","IAT0109190850","NHO2018000007","PAID","","193055"),
("IATT190002374","193009","191001","192001","40000","1","40000","20000","20000","1","1","1","IAT0109190850","NHO2018000007","PAID","","193009"),
("IATT190002374","193011","191001","192001","40000","1","40000","20000","20000","1","1","1","IAT0109190850","NHO2018000007","PAID","","PEDAS"),
("IATT190002374","193048","191002","192010","8000","1","8000","0","8000","1","1","1","IAT0109190850","NHO2018000007","PAID","","193048"),
("IATT190002374","193048","191002","192010","8000","1","8000","0","8000","2","1","1","IAT0109190850","NHO2018000007","PAID","","193048"),
("IATT190002374","193048","191002","192010","8000","1","8000","0","8000","3","1","1","IAT0109190850","NHO2018000007","PAID","","193048"),
("IATT190002374","193083","191001","192001","30000","1","30000","15000","15000","1","1","2","IAT0109190850","NHO2018000007","PAID","","193083"),
("IATT190002375","193056","191002","192010","17000","1","17000","0","17000","1","1","1","IAT0109190850","NHO2018000007","PAID","","193056"),
("IATT190002375","193054","191002","192010","20000","1","20000","0","20000","1","1","1","IAT0109190850","NHO2018000007","PAID","","193054"),
("IATT190002375","193010","191001","192001","40000","1","40000","20000","20000","1","1","1","IAT0109190850","NHO2018000007","PAID","sayur & CHIKEN KATSU di pisah","193010"),
("IATT190002375","193084","191001","192001","30000","1","30000","15000","15000","1","1","1","IAT0109190850","NHO2018000007","PAID","","PEDAS"),
("IATT190002376","193007","191001","192001","37000","1","37000","18500","18500","1","1","1","IAT0109190850","NHO2018000007","PAID","LVL 2","PEDAS"),
("IATT190002376","193056","191002","192010","17000","1","17000","0","17000","1","1","1","IAT0109190850","NHO2018000007","PAID","","193056"),
("IATT190002378","193087","191001","192002","33000","1","33000","9900","23100","1","1","1","IAT0109190850","NHO2018000007","PAID","SAMBEL PISAH","193087"),
("IATT190002378","193030","191001","192004","27000","1","27000","8100","18900","1","1","1","IAT0109190850","NHO2018000007","PAID","","193030"),
("IATT190002378","193084","191001","192001","30000","1","30000","9000","21000","1","1","1","IAT0109190850","NHO2018000007","PAID","","PEDAS"),
("IATT190002378","193055","191002","192010","17000","1","17000","0","17000","1","1","1","IAT0109190850","NHO2018000007","PAID","","193055"),
("IATT190002379","193085","191001","192001","30000","1","30000","9000","21000","1","1","1","IAT0109190850","NHO2018000007","PAID","MINTA SAMBEL PISAH","193085"),
("IATT190002379","193085","191001","192001","30000","1","30000","9000","21000","2","1","1","IAT0109190850","NHO2018000007","PAID","","193085"),
("IATT190002379","193030","191001","192004","27000","1","27000","8100","18900","1","1","1","IAT0109190850","NHO2018000007","PAID","","193030"),
("IATT190002380","193022","191001","192003","30000","1","30000","0","30000","1","1","1","IAT0109190850","NHO2018000007","PAID","","193022"),
("IATT190002380","193047","191002","192010","10000","1","10000","0","10000","1","1","1","IAT0109190850","NHO2018000007","PAID","LESS ICE","193047"),
("IATT190002381","193056","191002","192010","17000","1","17000","0","17000","1","1","1","IAT0109190850","NHO2018000007","PAID","","193056"),
("IATT190002381","193052","191002","192010","20000","1","20000","0","20000","1","1","1","IAT0109190850","NHO2018000007","PAID","","193052"),
("IATT190002381","193048","191002","192010","8000","1","8000","0","8000","1","1","2","IAT0109190850","NHO2018000007","PAID","","193048"),
("IATT190002372","193007","191001","192001","37000","1","37000","18500","18500","1","1","2","IAT0109190850","NHO2018000007","PAID","LV2 BEEF","PEDAS"),
("IATT190002372","193052","191002","192010","20000","1","20000","0","20000","1","1","2","IAT0109190850","NHO2018000007","PAID","","193052"),
("IATT190002372","193052","191002","192010","20000","1","20000","0","20000","2","1","2","IAT0109190850","NHO2018000007","PAID","","193052"),
("IATT190002372","193048","191002","192010","8000","1","8000","0","8000","1","1","2","IAT0109190850","NHO2018000007","PAID","","193048"),
("IATT190002382","193084","191001","192001","30000","1","30000","15000","15000","1","1","1","IAT0109190850","NHO2018000007","PAID","LV3","PEDAS"),
("IATT190002382","193082","191001","192001","30000","1","30000","15000","15000","1","1","1","IAT0109190850","NHO2018000007","PAID","","193082"),
("IATT190002382","193053","191002","192010","20000","1","20000","0","20000","1","1","1","IAT0109190850","NHO2018000007","PAID","","193053"),
("IATT190002382","193048","191002","192010","8000","1","8000","0","8000","1","1","1","IAT0109190850","NHO2018000007","PAID","","193048"),
("IATT190002383","193084","191001","192001","30000","1","30000","0","30000","1","1","1","IAT0109190850","NHO2018000007","PAID","LV 2","PEDAS"),
("IATT190002381","193069","191001","192012","13000","1","13000","0","13000","1","1","3","IAT0109190850","NHO2018000007","PAID","","193069"),
("IATT190002384","193025","191001","192003","30000","1","30000","0","30000","1","1","1","IAT0109190850","NHO2018000007","PAID","","193025"),
("IATT190002384","193005","191001","192001","37000","1","37000","0","37000","1","1","1","IAT0109190850","NHO2018000007","PAID","","193005"),
("IATT190002384","193049","191002","192010","10000","1","10000","0","10000","1","1","1","IAT0109190850","NHO2018000007","PAID","ICE","193049"),
("IATT190002384","193049","191002","192010","10000","1","10000","0","10000","2","1","1","IAT0109190850","NHO2018000007","PAID","","193049"),
("IATT190002385","193033","191001","192005","42000","1","42000","21000","21000","1","1","1","IAT0109190850","NHO2018000007","PAID","","193033"),
("IATT190002385","193033","191001","192005","42000","1","42000","21000","21000","2","1","1","IAT0109190850","NHO2018000007","PAID","","193033"),
("IATT190002385","193047","191002","192010","10000","1","10000","0","10000","1","1","1","IAT0109190850","NHO2018000007","PAID","","193047"),
("IATT190002385","193047","191002","192010","10000","1","10000","0","10000","2","1","1","IAT0109190850","NHO2018000007","PAID","","193047"),
("IATT190002386","193045","191001","192008","27000","1","27000","0","27000","1","1","1","IAT0109190850","NHO2018000007","PAID","","193045"),
("IATT190002386","193041","191001","192008","20000","1","20000","0","20000","1","1","1","IAT0109190850","NHO2018000007","PAID","","193041"),
("IATT190002386","193047","191002","192010","10000","1","10000","0","10000","1","1","1","IAT0109190850","NHO2018000007","PAID","","193047"),
("IATT190002387","193006","191001","192001","37000","1","37000","18500","18500","1","1","1","IAT0109190850","NHO2018000007","PAID","","193006"),
("IATT190002387","193029","191001","192004","27000","1","27000","13500","13500","1","1","1","IAT0109190850","NHO2018000007","PAID","","193029"),
("IATT190002387","193030","191001","192004","27000","1","27000","13500","13500","1","1","1","IAT0109190850","NHO2018000007","PAID","","193030"),
("IATT190002387","193056","191002","192010","17000","1","17000","0","17000","1","1","1","IAT0109190850","NHO2018000007","PAID","","193056"),
("IATT190002387","193056","191002","192010","17000","1","17000","0","17000","2","1","1","IAT0109190850","NHO2018000007","PAID","","193056"),
("IATT190002387","193056","191002","192010","17000","1","17000","0","17000","3","1","2","IAT0109190850","NHO2018000007","PAID","","193056"),
("IATT190002388","193029","191001","192004","27000","1","27000","0","27000","1","1","1","IAT0109190850","NHO2018000007","PAID","","193029"),
("IATT190002388","193030","191001","192004","27000","1","27000","0","27000","1","1","1","IAT0109190850","NHO2018000007","PAID","","193030"),
("IATT190002388","193047","191002","192010","10000","1","10000","0","10000","1","1","1","IAT0109190850","NHO2018000007","PAID","","193047"),
("IATT190002388","193048","191002","192010","8000","1","8000","0","8000","1","1","1","IAT0109190850","NHO2018000007","PAID","","193048"),
("IATT190002388","193049","191002","192010","10000","1","10000","0","10000","1","1","1","IAT0109190850","NHO2018000007","PAID","","193049"),
("IATT190002389","193018","191001","192002","37000","1","37000","0","37000","1","1","1","IAT0109190850","NHO2018000007","REFUND"," LVL 1","PEDAS"),
("IATT190002389","193052","191002","192010","20000","1","20000","0","20000","1","1","1","IAT0109190850","NHO2018000007","REFUND","","193052"),
("IATT190002391","193007","191001","192001","37000","1","37000","0","37000","1","1","1","IAT0109190850","NHO2018000007","PAID","LVL 1","PEDAS"),
("IATT190002391","193047","191002","192010","10000","1","10000","0","10000","1","1","1","IAT0109190850","NHO2018000007","PAID","","193047"),
("IATT190002392","193018","191001","192002","37000","1","37000","18500","18500","1","1","1","IAT0109190850","NHO2018000007","PAID","JANGA DIBIKIN YA","PEDAS"),
("IATT190002392","193052","191002","192010","20000","1","20000","0","20000","1","1","1","IAT0109190850","NHO2018000007","PAID","","193052"),
("IATT190002393","193034","191001","192005","37000","1","37000","18500","18500","1","1","1","IAT0109190850","NHO2018000007","PAID","","193034"),
("IATT190002393","193006","191001","192001","37000","1","37000","18500","18500","1","1","1","IAT0109190850","NHO2018000007","PAID","","193006"),
("IATT190002393","193036","191001","192006","36000","1","36000","18000","18000","1","1","1","IAT0109190850","NHO2018000007","PAID","","PEDAS"),
("IATT190002393","193048","191002","192010","8000","1","8000","0","8000","1","1","1","IAT0109190850","NHO2018000007","PAID","","193048"),
("IATT190002393","193048","191002","192010","8000","1","8000","0","8000","2","1","1","IAT0109190850","NHO2018000007","PAID","","193048"),
("IATT190002393","193049","191002","192010","10000","1","10000","0","10000","1","1","1","IAT0109190850","NHO2018000007","PAID","ES","193049");



INSERT INTO pos_salestemp VALUES("IATT190002367","","1","0","0","0","0","0","0","01/09/2019","08:50","01/09/2019","11:06:59","ISU000012","tbl0006","CANCELED","1","PERMINTAAN CUSTOMER","","","","","","IAT0109190850","NHO2018000007"),
("IATT190002368","","2","123000","31500","9150","0","100650","101000","01/09/2019","11:07","2019-09-01","12:16:20","ISU000012","tbl0009","CLOSED","1","","IATR190002302","","","","","IAT0109190850","NHO2018000007"),
("IATT190002369","","2","90000","30000","6000","0","66000","70000","01/09/2019","12:44","2019-09-01","13:24:48","ISU000012","tbl0011","CLOSED","1","","IATR190002303","","","","","IAT0109190850","NHO2018000007"),
("IATT190002370","","2","100000","0","10000","0","110000","150000","01/09/2019","13:52","2019-09-01","14:35:00","ISU000012","tbl0010","CLOSED","1","","IATR190002304","","","","","IAT0109190850","NHO2018000007"),
("IATT190002371","","2","94000","33500","6050","0","66550","66550","01/09/2019","14:04","2019-09-01","15:19:50","ISU000012","tbl0012","CLOSED","1","","IATR190002306","","","","","IAT0109190850","NHO2018000007"),
("IATT190002372","","1","128000","18500","10950","0","120450","120450","01/09/2019","14:05","2019-09-01","18:25:07","ISU000012","tbl0011","CLOSED","1","","IATR190002316","","","","","IAT0109190850","NHO2018000007"),
("IATT190002373","","3","163000","56000","10700","0","117700","117700","01/09/2019","14:28","2019-09-01","15:43:02","ISU000012","tbl0011","CLOSED","1","","IATR190002307","","","","","IAT0109190850","NHO2018000007"),
("IATT190002374","","3","134000","55000","7900","0","86900","100000","01/09/2019","14:40","2019-09-01","15:07:03","ISU000012","tbl0010","CLOSED","1","","IATR190002305","","","","","IAT0109190850","NHO2018000007"),
("IATT190002375","","0","107000","35000","7200","0","79200","100000","01/09/2019","14:44","2019-09-01","15:52:25","ISU000012","tbl0013","CLOSED","1","","IATR190002310","","","","","IAT0109190850","NHO2018000007"),
("IATT190002376","","1","54000","18500","3550","0","39050","39050","01/09/2019","15:03","2019-09-01","16:02:13","ISU000012","tbl0004","CLOSED","1","","IATR190002312","","","","","IAT0109190850","NHO2018000007"),
("IATT190002377","","1","0","0","0","0","0","0","01/09/2019","15:04","01/09/2019","15:04:55","ISU000012","tbl0020","CANCELED","1","PERMINTAAN CUSTOMER","","","","","","IAT0109190850","NHO2018000007"),
("IATT190002378","","2","107000","27000","8000","0","88000","88000","01/09/2019","15:05","2019-09-01","15:45:36","ISU000012","tbl0020","CLOSED","1","","IATR190002308","","","","","IAT0109190850","NHO2018000007"),
("IATT190002379","","2","87000","26100","6090","0","66990","66990","01/09/2019","15:05","2019-09-01","15:46:59","ISU000012","tbl0040","CLOSED","1","","IATR190002309","","","","","IAT0109190850","NHO2018000007"),
("IATT190002380","","1","40000","0","4000","0","44000","100000","01/09/2019","15:30","2019-09-01","15:54:05","ISU000012","tbl0006","CLOSED","1","","IATR190002311","","","","","IAT0109190850","NHO2018000007"),
("IATT190002381","","2","58000","0","5800","0","63800","100000","01/09/2019","16:13","2019-09-01","17:56:06","ISU000012","tbl0010","CLOSED","1","","IATR190002314","","","","","IAT0109190850","NHO2018000007"),
("IATT190002382","","2","88000","30000","5800","0","63800","63800","01/09/2019","17:11","2019-09-01","18:10:11","ISU000012","tbl0012","CLOSED","1","","IATR190002315","","","","","IAT0109190850","NHO2018000007"),
("IATT190002383","","1","30000","0","3000","0","33000","100000","01/09/2019","17:14","2019-09-01","17:40:22","ISU000012","tbl0005","CLOSED","1","","IATR190002313","","","","","IAT0109190850","NHO2018000007"),
("IATT190002384","","2","87000","0","8700","0","95700","100000","01/09/2019","18:13","2019-09-01","18:54:32","ISU000012","tbl0010","CLOSED","1","","IATR190002318","","","","","IAT0109190850","NHO2018000007"),
("IATT190002385","","2","104000","42000","6200","0","68200","68500","01/09/2019","18:21","2019-09-01","18:59:29","ISU000012","tbl0012","CLOSED","1","","IATR190002319","","","","","IAT0109190850","NHO2018000007"),
("IATT190002386","","2","57000","0","5700","0","62700","100000","01/09/2019","18:25","2019-09-01","18:47:23","ISU000012","tbl0020","CLOSED","1","","IATR190002317","","","","","IAT0109190850","NHO2018000007"),
("IATT190002387","","2","142000","45500","9650","0","106150","106150","01/09/2019","18:58","2019-09-01","20:20:30","ISU000012","tbl0011","CLOSED","1","","IATR190002320","","","","","IAT0109190850","NHO2018000007"),
("IATT190002388","","2","82000","0","8200","0","90200","90200","01/09/2019","20:09","2019-09-01","20:47:49","ISU000012","tbl0012","CLOSED","1","","IATR190002323","","","","","IAT0109190850","NHO2018000007"),
("IATT190002389","","1","57000","0","5700","0","62700","62700","01/09/2019","20:14","2019-09-01","20:35:52","ISU000012","tbl0010","REFUND","1","","IATR190002321","01/09/2019","20:46:21","090592","IATR190002322","IAT0109190850","NHO2018000007"),
("IATT190002390","","1","0","0","0","0","0","0","01/09/2019","20:17","01/09/2019","21:15:10","ISU000012","tbl0018","CANCELED","1","PERMINTAAN CUSTOMER","","","","","","IAT0109190850","NHO2018000007"),
("IATT190002391","","1","47000","0","4700","0","51700","51700","01/09/2019","20:41","2019-09-01","21:12:48","ISU000012","tbl0005","CLOSED","1","","IATR190002325","","","","","IAT0109190850","NHO2018000007"),
("IATT190002392","","1","57000","18500","3850","0","42350","50000","01/09/2019","20:46","2019-09-01","20:53:04","ISU000012","tbl0010","CLOSED","1","","IATR190002324","","","","","IAT0109190850","NHO2018000007"),
("IATT190002393","","3","136000","55000","8100","0","89100","89100","01/09/2019","20:53","2019-09-01","21:21:18","ISU000012","tbl0011","CLOSED","1","","IATR190002326","","","","","IAT0109190850","NHO2018000007");



INSERT INTO item_void VALUES("IATT190002367","IAT0109190850","NHO2018000007","193048","193048","1","8000","Before Send","Komplen Customer"),
("IATT190002367","IAT0109190850","NHO2018000007","193048","193048","1","8000","Before Send","Komplen Customer"),
("IATT190002374","IAT0109190850","NHO2018000007","193082","193082","1","30000","Before Send","Komplen Customer"),
("IATT190002390","IAT0109190850","NHO2018000007","193036","PEDAS","1","36000","Before Send","Komplen Customer");



INSERT INTO pos_promotion_h VALUES("IATT190002368","NPRM18000017","DISC ITEM","1","31500","TUNJUKKAN JEMPOLMU","IAT0109190850","PAID","NHO2018000007"),
("IATT190002369","NPRM18000017","DISC ITEM","1","30000","TUNJUKKAN JEMPOLMU","IAT0109190850","PAID","NHO2018000007"),
("IATT190002374","NPRM18000017","DISC ITEM","1","55000","TUNJUKKAN JEMPOLMU","IAT0109190850","PAID","NHO2018000007"),
("IATT190002371","NPRM18000017","DISC ITEM","1","33500","TUNJUKKAN JEMPOLMU","IAT0109190850","PAID","NHO2018000007"),
("IATT190002373","NPRM18000017","DISC ITEM","1","56000","TUNJUKKAN JEMPOLMU","IAT0109190850","PAID","NHO2018000007"),
("IATT190002378","NPRM18000008","DISC ITEM","1","27000","eatigo 30%","IAT0109190850","PAID","NHO2018000007"),
("IATT190002379","NPRM18000008","DISC ITEM","1","26100","eatigo 30%","IAT0109190850","PAID","NHO2018000007"),
("IATT190002375","NPRM18000012","DISC ITEM","1","35000","eatigo 50%","IAT0109190850","PAID","NHO2018000007"),
("IATT190002376","NPRM18000017","DISC ITEM","1","18500","TUNJUKKAN JEMPOLMU","IAT0109190850","PAID","NHO2018000007"),
("IATT190002382","NPRM18000017","DISC ITEM","1","30000","TUNJUKKAN JEMPOLMU","IAT0109190850","PAID","NHO2018000007"),
("IATT190002372","NPRM18000017","DISC ITEM","1","18500","TUNJUKKAN JEMPOLMU","IAT0109190850","PAID","NHO2018000007"),
("IATT190002385","NPRM18000017","DISC ITEM","1","42000","TUNJUKKAN JEMPOLMU","IAT0109190850","PAID","NHO2018000007"),
("IATT190002387","NPRM18000017","DISC ITEM","1","45500","TUNJUKKAN JEMPOLMU","IAT0109190850","PAID","NHO2018000007"),
("IATT190002392","NPRM18000017","DISC ITEM","1","18500","TUNJUKKAN JEMPOLMU","IAT0109190850","PAID","NHO2018000007"),
("IATT190002393","NPRM18000017","DISC ITEM","1","55000","TUNJUKKAN JEMPOLMU","IAT0109190850","PAID","NHO2018000007");



INSERT INTO pos_promotion_d VALUES("IATT190002368","NPRM18000017","DISC ITEM","1","1","193030","1","13500","IAT0109190850","PAID","NHO2018000007"),
("IATT190002368","NPRM18000017","DISC ITEM","1","1","193036","1","18000","IAT0109190850","PAID","NHO2018000007"),
("IATT190002369","NPRM18000017","DISC ITEM","1","1","193078","1","15000","IAT0109190850","PAID","NHO2018000007"),
("IATT190002369","NPRM18000017","DISC ITEM","1","1","193084","1","15000","IAT0109190850","PAID","NHO2018000007"),
("IATT190002374","NPRM18000017","DISC ITEM","1","1","193009","1","20000","IAT0109190850","PAID","NHO2018000007"),
("IATT190002374","NPRM18000017","DISC ITEM","1","1","193011","1","20000","IAT0109190850","PAID","NHO2018000007"),
("IATT190002374","NPRM18000017","DISC ITEM","1","1","193083","1","15000","IAT0109190850","PAID","NHO2018000007"),
("IATT190002371","NPRM18000017","DISC ITEM","1","1","193084","1","15000","IAT0109190850","PAID","NHO2018000007"),
("IATT190002371","NPRM18000017","DISC ITEM","1","1","193018","1","18500","IAT0109190850","PAID","NHO2018000007"),
("IATT190002373","NPRM18000017","DISC ITEM","1","1","193085","1","15000","IAT0109190850","PAID","NHO2018000007"),
("IATT190002373","NPRM18000017","DISC ITEM","1","1","193019","1","20000","IAT0109190850","PAID","NHO2018000007"),
("IATT190002373","NPRM18000017","DISC ITEM","1","1","193033","1","21000","IAT0109190850","PAID","NHO2018000007"),
("IATT190002378","NPRM18000008","DISC ITEM","1","1","193087","1","9900","IAT0109190850","PAID","NHO2018000007"),
("IATT190002378","NPRM18000008","DISC ITEM","1","1","193030","1","8100","IAT0109190850","PAID","NHO2018000007"),
("IATT190002378","NPRM18000008","DISC ITEM","1","1","193084","1","9000","IAT0109190850","PAID","NHO2018000007"),
("IATT190002379","NPRM18000008","DISC ITEM","1","1","193085","1","9000","IAT0109190850","PAID","NHO2018000007"),
("IATT190002379","NPRM18000008","DISC ITEM","1","1","193085","2","9000","IAT0109190850","PAID","NHO2018000007"),
("IATT190002379","NPRM18000008","DISC ITEM","1","1","193030","1","8100","IAT0109190850","PAID","NHO2018000007"),
("IATT190002375","NPRM18000012","DISC ITEM","1","1","193010","1","20000","IAT0109190850","PAID","NHO2018000007"),
("IATT190002375","NPRM18000012","DISC ITEM","1","1","193084","1","15000","IAT0109190850","PAID","NHO2018000007"),
("IATT190002376","NPRM18000017","DISC ITEM","1","1","193007","1","18500","IAT0109190850","PAID","NHO2018000007"),
("IATT190002382","NPRM18000017","DISC ITEM","1","1","193084","1","15000","IAT0109190850","PAID","NHO2018000007"),
("IATT190002382","NPRM18000017","DISC ITEM","1","1","193082","1","15000","IAT0109190850","PAID","NHO2018000007"),
("IATT190002372","NPRM18000017","DISC ITEM","1","1","193007","1","18500","IAT0109190850","PAID","NHO2018000007"),
("IATT190002385","NPRM18000017","DISC ITEM","1","1","193033","1","21000","IAT0109190850","PAID","NHO2018000007"),
("IATT190002385","NPRM18000017","DISC ITEM","1","1","193033","2","21000","IAT0109190850","PAID","NHO2018000007"),
("IATT190002387","NPRM18000017","DISC ITEM","1","1","193006","1","18500","IAT0109190850","PAID","NHO2018000007"),
("IATT190002387","NPRM18000017","DISC ITEM","1","1","193029","1","13500","IAT0109190850","PAID","NHO2018000007"),
("IATT190002387","NPRM18000017","DISC ITEM","1","1","193030","1","13500","IAT0109190850","PAID","NHO2018000007"),
("IATT190002392","NPRM18000017","DISC ITEM","1","1","193018","1","18500","IAT0109190850","PAID","NHO2018000007"),
("IATT190002393","NPRM18000017","DISC ITEM","1","1","193034","1","18500","IAT0109190850","PAID","NHO2018000007"),
("IATT190002393","NPRM18000017","DISC ITEM","1","1","193006","1","18500","IAT0109190850","PAID","NHO2018000007"),
("IATT190002393","NPRM18000017","DISC ITEM","1","1","193036","1","18000","IAT0109190850","PAID","NHO2018000007");



INSERT INTO pos_paymenttemp VALUES("IATT190002368","CASH","CASH","100650","101000","ISU000012","2019-09-01","","1","","CLOSED","IAT0109190850","NHO2018000007"),
("IATT190002369","CASH","CASH","66000","70000","ISU000012","2019-09-01","","1","","CLOSED","IAT0109190850","NHO2018000007"),
("IATT190002370","CASH","CASH","110000","150000","ISU000012","2019-09-01","","1","","CLOSED","IAT0109190850","NHO2018000007"),
("IATT190002374","CASH","CASH","86900","100000","ISU000012","2019-09-01","","1","","CLOSED","IAT0109190850","NHO2018000007"),
("IATT190002371","CARD","MASTER","66550","66550","ISU000012","2019-09-01","","1","","CLOSED","IAT0109190850","NHO2018000007"),
("IATT190002373","CARD","MASTER","117700","117700","ISU000012","2019-09-01","","1","","CLOSED","IAT0109190850","NHO2018000007"),
("IATT190002378","CARD","DEBIT BCA","88000","88000","ISU000012","2019-09-01","","1","","CLOSED","IAT0109190850","NHO2018000007"),
("IATT190002379","CARD","MASTER","66990","66990","ISU000012","2019-09-01","","1","","CLOSED","IAT0109190850","NHO2018000007"),
("IATT190002375","CASH","CASH","79200","100000","ISU000012","2019-09-01","","1","","CLOSED","IAT0109190850","NHO2018000007"),
("IATT190002380","CASH","CASH","44000","100000","ISU000012","2019-09-01","","1","","CLOSED","IAT0109190850","NHO2018000007"),
("IATT190002376","CARD","VISA","39050","39050","ISU000012","2019-09-01","","1","","CLOSED","IAT0109190850","NHO2018000007"),
("IATT190002383","CASH","CASH","33000","100000","ISU000012","2019-09-01","","1","","CLOSED","IAT0109190850","NHO2018000007"),
("IATT190002381","CASH","CASH","63800","100000","ISU000012","2019-09-01","","1","","CLOSED","IAT0109190850","NHO2018000007"),
("IATT190002382","CARD","MASTER","63800","63800","ISU000012","2019-09-01","","1","","CLOSED","IAT0109190850","NHO2018000007"),
("IATT190002372","CARD","DEBIT BCA","120450","120450","ISU000012","2019-09-01","","1","","CLOSED","IAT0109190850","NHO2018000007"),
("IATT190002386","CASH","CASH","62700","100000","ISU000012","2019-09-01","","1","","CLOSED","IAT0109190850","NHO2018000007"),
("IATT190002384","CASH","CASH","95700","100000","ISU000012","2019-09-01","","1","","CLOSED","IAT0109190850","NHO2018000007"),
("IATT190002385","CASH","CASH","68200","68500","ISU000012","2019-09-01","","1","","CLOSED","IAT0109190850","NHO2018000007"),
("IATT190002387","CARD","MASTER","106150","106150","ISU000012","2019-09-01","","1","","CLOSED","IAT0109190850","NHO2018000007"),
("IATT190002389","CARD","MASTER","62700","62700","ISU000012","2019-09-01","","1","","REFUND","IAT0109190850","NHO2018000007"),
("IATT190002388","CARD","MASTER","90200","90200","ISU000012","2019-09-01","","1","","CLOSED","IAT0109190850","NHO2018000007"),
("IATT190002392","CASH","CASH","42350","50000","ISU000012","2019-09-01","","1","","CLOSED","IAT0109190850","NHO2018000007"),
("IATT190002391","CASH","OVO","51700","51700","ISU000012","2019-09-01","","1","","CLOSED","IAT0109190850","NHO2018000007"),
("IATT190002393","CARD","DEBIT BCA","89100","89100","ISU000012","2019-09-01","","1","","CLOSED","IAT0109190850","NHO2018000007");



