INSERT INTO pos_itemtemp VALUES("IATT200005097","193025","191001","192003","30000","1","30000","0","30000","1","1","1","IAT0302200955","NHO2018000007","PAID","","193025"),
("IATT200005098","193084","191001","192001","30000","1","30000","0","30000","1","1","1","IAT0302200955","NHO2018000007","PAID","","PEDAS"),
("IATT200005098","193232","191001","192011","0","1","0","0","0","1","1","1","IAT0302200955","NHO2018000007","PAID","","193232"),
("IATT200005095","193084","191001","192001","30000","1","30000","0","30000","2","1","1","IAT0302200955","NHO2018000007","PAID","","PEDAS"),
("IATT200005095","193236","191001","192011","0","1","0","0","0","1","1","1","IAT0302200955","NHO2018000007","PAID","","193236"),
("IATT200005096","193077","191001","192001","30000","1","30000","0","30000","1","1","1","IAT0302200955","NHO2018000007","PAID","","193077"),
("IATT200005096","193231","191001","192011","0","1","0","0","0","1","1","1","IAT0302200955","NHO2018000007","PAID","","193231"),
("IATT200005098","193071","191001","192012","18000","1","18000","0","18000","1","1","2","IAT0302200955","NHO2018000007","PAID","","193071"),
("IATT200005098","193048","191002","192010","8000","1","8000","0","8000","1","1","3","IAT0302200955","NHO2018000007","PAID","","193048"),
("IATT200005099","193112","191001","192003","50000","1","50000","0","50000","1","1","1","IAT0302200955","NHO2018000007","PAID","","193112"),
("IATT200005099","193047","191002","192010","10000","1","10000","0","10000","1","1","1","IAT0302200955","NHO2018000007","PAID","","193047"),
("IATT200005101","193236","191001","192011","0","1","0","0","0","1","1","1","IAT0302200955","NHO2018000007","PAID","lvl3","193236"),
("IATT200005101","193084","191001","192001","30000","1","30000","0","30000","1","1","1","IAT0302200955","NHO2018000007","PAID","","PEDAS"),
("IATT200005102","193048","191002","192010","8000","1","8000","0","8000","1","1","1","IAT0302200955","NHO2018000007","PAID","","193048"),
("IATT200005102","193083","191001","192001","30000","1","30000","0","30000","1","1","1","IAT0302200955","NHO2018000007","PAID","","193083"),
("IATT200005102","193118","191001","192012","20000","1","20000","0","20000","1","1","1","IAT0302200955","NHO2018000007","PAID","","193118"),
("IATT200005102","193235","191001","192011","0","1","0","0","0","1","1","1","IAT0302200955","NHO2018000007","PAID","","193235"),
("IATT200005103","193084","191001","192001","30000","1","30000","0","30000","1","1","1","IAT0302200955","NHO2018000007","PAID","pedes lvl 3 ","PEDAS"),
("IATT200005103","193236","191001","192011","0","1","0","0","0","1","1","1","IAT0302200955","NHO2018000007","PAID","pds level 3","193236"),
("IATT200005104","193052","191002","192010","20000","1","20000","0","20000","1","1","1","IAT0302200955","NHO2018000007","PAID","","193052"),
("IATT200005104","193077","191001","192001","30000","1","30000","0","30000","1","1","2","IAT0302200955","NHO2018000007","PAID","","193077"),
("IATT200005104","193231","191001","192011","0","1","0","0","0","1","1","2","IAT0302200955","NHO2018000007","PAID","","193231"),
("IATT200005104","193053","191002","192010","20000","1","20000","0","20000","1","1","2","IAT0302200955","NHO2018000007","PAID","","193053"),
("IATT200005104","193118","191001","192012","20000","1","20000","0","20000","1","1","2","IAT0302200955","NHO2018000007","PAID","","193118"),
("IATT200005105","193084","191001","192001","30000","1","30000","0","30000","1","1","1","IAT0302200955","NHO2018000007","PAID","","PEDAS"),
("IATT200005105","193236","191001","192011","0","1","0","0","0","1","1","1","IAT0302200955","NHO2018000007","PAID","","193236"),
("IATT200005106","193077","191001","192001","30000","1","30000","0","30000","1","1","1","IAT0302200955","NHO2018000007","PAID","","193077"),
("IATT200005106","193236","191001","192011","0","1","0","0","0","1","1","1","IAT0302200955","NHO2018000007","PAID","","193236"),
("IATT200005106","193048","191002","192010","8000","1","8000","0","8000","1","1","2","IAT0302200955","NHO2018000007","PAID","","193048"),
("IATT200005107","193076","191001","192001","30000","1","30000","0","30000","1","1","1","IAT0302200955","NHO2018000007","PAID","","193076"),
("IATT200005107","193232","191001","192011","0","1","0","0","0","1","1","1","IAT0302200955","NHO2018000007","PAID","","193232"),
("IATT200005108","193078","191001","192001","30000","1","30000","0","30000","1","1","1","IAT0302200955","NHO2018000007","PAID","level 1","PEDAS"),
("IATT200005108","193232","191001","192011","0","1","0","0","0","1","1","1","IAT0302200955","NHO2018000007","PAID","pedes sedeng","193232"),
("IATT200005109","193084","191001","192001","30000","1","30000","0","30000","1","1","1","IAT0302200955","NHO2018000007","PAID","lv 3","PEDAS"),
("IATT200005109","193232","191001","192011","0","1","0","0","0","1","1","1","IAT0302200955","NHO2018000007","PAID","lv 2","193232"),
("IATT200005109","193049","191002","192010","10000","1","10000","0","10000","1","1","1","IAT0302200955","NHO2018000007","PAID","","193049"),
("IATT200005109","193049","191002","192010","10000","1","10000","0","10000","2","1","1","IAT0302200955","NHO2018000007","PAID","","193049"),
("IATT200005110","193082","191001","192001","30000","1","30000","0","30000","1","1","1","IAT0302200955","NHO2018000007","PAID","","193082"),
("IATT200005110","193082","191001","192001","30000","1","30000","0","30000","2","1","1","IAT0302200955","NHO2018000007","PAID","","193082"),
("IATT200005110","193082","191001","192001","30000","1","30000","0","30000","3","1","1","IAT0302200955","NHO2018000007","PAID","","193082"),
("IATT200005110","193113","191001","192003","55000","1","55000","0","55000","1","1","1","IAT0302200955","NHO2018000007","PAID","","193113"),
("IATT200005110","193118","191001","192012","20000","1","20000","0","20000","1","1","1","IAT0302200955","NHO2018000007","PAID","","193118"),
("IATT200005110","193069","191001","192012","13000","1","13000","0","13000","1","1","1","IAT0302200955","NHO2018000007","PAID","","193069"),
("IATT200005110","193056","191002","192010","17000","1","17000","0","17000","1","1","1","IAT0302200955","NHO2018000007","PAID","","193056"),
("IATT200005110","193055","191002","192010","17000","1","17000","0","17000","1","1","1","IAT0302200955","NHO2018000007","PAID","","193055"),
("IATT200005110","193055","191002","192010","17000","1","17000","0","17000","2","1","1","IAT0302200955","NHO2018000007","PAID","","193055"),
("IATT200005111","193084","191001","192001","30000","1","30000","0","30000","1","1","1","IAT0302200955","NHO2018000007","PAID","","PEDAS"),
("IATT200005111","193236","191001","192011","0","1","0","0","0","1","1","1","IAT0302200955","NHO2018000007","PAID","","193236"),
("IATT200005112","193083","191001","192001","30000","1","30000","0","30000","1","1","1","IAT0302200955","NHO2018000007","PAID","","193083"),
("IATT200005112","193231","191001","192011","0","1","0","0","0","1","1","1","IAT0302200955","NHO2018000007","PAID","","193231"),
("IATT200005113","193084","191001","192001","30000","1","30000","0","30000","1","1","1","IAT0302200955","NHO2018000007","PAID","","PEDAS"),
("IATT200005113","193236","191001","192011","0","1","0","0","0","1","1","1","IAT0302200955","NHO2018000007","PAID","","193236"),
("IATT200005114","193084","191001","192001","30000","1","30000","0","30000","1","1","1","IAT0302200955","NHO2018000007","PAID","","PEDAS"),
("IATT200005114","193236","191001","192011","0","1","0","0","0","1","1","1","IAT0302200955","NHO2018000007","PAID","","193236"),
("IATT200005115","193077","191001","192001","30000","1","30000","0","30000","1","1","1","IAT0302200955","NHO2018000007","PAID","","193077"),
("IATT200005115","193231","191001","192011","0","1","0","0","0","1","1","1","IAT0302200955","NHO2018000007","PAID","","193231"),
("IATT200005115","193017","191001","192002","37000","1","37000","0","37000","1","1","1","IAT0302200955","NHO2018000007","PAID","","193017"),
("IATT200005115","193028","191001","192003","43000","1","43000","0","43000","1","1","1","IAT0302200955","NHO2018000007","PAID","","193028"),
("IATT200005115","193049","191002","192010","10000","1","10000","0","10000","1","1","1","IAT0302200955","NHO2018000007","PAID","","193049"),
("IATT200005115","193049","191002","192010","10000","1","10000","0","10000","2","1","1","IAT0302200955","NHO2018000007","PAID","","193049"),
("IATT200005115","193049","191002","192010","10000","1","10000","0","10000","3","1","1","IAT0302200955","NHO2018000007","PAID","","193049"),
("IATT200005115","193049","191002","192010","10000","1","10000","0","10000","4","1","1","IAT0302200955","NHO2018000007","PAID","","193049"),
("IATT200005116","193085","191001","192001","30000","1","30000","0","30000","1","1","1","IAT0302200955","NHO2018000007","PAID","","193085"),
("IATT200005116","193236","191001","192011","0","1","0","0","0","1","1","1","IAT0302200955","NHO2018000007","PAID","","193236"),
("IATT200005116","193054","191002","192010","20000","1","20000","0","20000","1","1","1","IAT0302200955","NHO2018000007","PAID","","193054"),
("IATT200005116","193055","191002","192010","17000","1","17000","0","17000","1","1","1","IAT0302200955","NHO2018000007","PAID","","193055"),
("IATT200005116","193071","191001","192012","18000","1","18000","0","18000","1","1","1","IAT0302200955","NHO2018000007","PAID","","193071"),
("IATT200005117","193155","191001","192015","35454","1","35454","0","35454","1","1","1","IAT0302200955","NHO2018000007","PAID","t","193155"),
("IATT200005118","193076","191001","192001","30000","1","30000","0","30000","1","1","1","IAT0302200955","NHO2018000007","PAID","","193076"),
("IATT200005118","193232","191001","192011","0","1","0","0","0","1","1","1","IAT0302200955","NHO2018000007","PAID","","193232"),
("IATT200005118","193048","191002","192010","8000","1","8000","0","8000","1","1","1","IAT0302200955","NHO2018000007","PAID","","193048"),
("IATT200005118","193047","191002","192010","10000","1","10000","0","10000","1","1","1","IAT0302200955","NHO2018000007","PAID","","193047"),
("IATT200005118","193055","191002","192010","17000","1","17000","0","17000","1","1","2","IAT0302200955","NHO2018000007","PAID","","193055");



INSERT INTO pos_salestemp VALUES("IATT200005095","","0","30000","0","3000","0","33000","50000","03/02/2020","11:04","2020-02-03","13:06:21","ISU000004","tbl0008","CLOSED","1","","IATR200004956","","","","","IAT0302200955","NHO2018000007"),
("IATT200005096","NHM2020000085 CHANG SUI LIE","2","30000","0","3000","0","33000","100000","03/02/2020","12:30","2020-02-03","14:06:40","ISU000004","tbl0012","CLOSED","1","","IATR200004960","","","","","IAT0302200955","NHO2018000007"),
("IATT200005097","","1","30000","0","3000","0","33000","33000","03/02/2020","12:30","2020-02-03","13:09:45","ISU000004","tbl0011","CLOSED","1","","IATR200004958","","","","","IAT0302200955","NHO2018000007"),
("IATT200005098","","2","56000","0","5600","0","61600","70000","03/02/2020","12:34","2020-02-03","13:06:35","ISU000004","tbl0010","CLOSED","1","","IATR200004957","","","","","IAT0302200955","NHO2018000007"),
("IATT200005099","","1","60000","0","6000","0","66000","66000","03/02/2020","12:53","2020-02-03","13:21:24","ISU000004","tbl0021","CLOSED","1","","IATR200004959","","","","","IAT0302200955","NHO2018000007"),
("IATT200005100","","1","0","0","0","0","0","0","03/02/2020","14:29","03/02/2020","14:29:57","ISU000004","tbl0001","CANCELED","1","PERMINTAAN CUSTOMER","","","","","","IAT0302200955","NHO2018000007"),
("IATT200005101","","1","30000","0","3000","0","33000","50000","03/02/2020","14:41","2020-02-03","14:42:38","ISU000004","tbl0008","CLOSED","1","","IATR200004961","","","","","IAT0302200955","NHO2018000007"),
("IATT200005102","","1","58000","0","5800","0","63800","63800","03/02/2020","14:47","2020-02-03","15:07:07","ISU000004","tbl0011","CLOSED","1","","IATR200004962","","","","","IAT0302200955","NHO2018000007"),
("IATT200005103","","2","30000","0","3000","0","33000","40000","03/02/2020","15:18","2020-02-03","15:18:56","ISU000004","tbl0008","CLOSED","1","","IATR200004963","","","","","IAT0302200955","NHO2018000007"),
("IATT200005104","","2","90000","0","9000","0","99000","99000","03/02/2020","15:23","2020-02-03","16:58:40","ISU000004","tbl0014","CLOSED","1","","IATR200004968","","","","","IAT0302200955","NHO2018000007"),
("IATT200005105","","1","30000","0","3000","0","33000","100000","03/02/2020","15:35","2020-02-03","15:36:10","ISU000004","tbl0009","CLOSED","1","","IATR200004964","","","","","IAT0302200955","NHO2018000007"),
("IATT200005106","","1","38000","0","3800","0","41800","41800","03/02/2020","15:46","2020-02-03","16:57:58","ISU000004","tbl0013","CLOSED","1","","IATR200004967","","","","","IAT0302200955","NHO2018000007"),
("IATT200005107","","1","30000","0","3000","0","33000","33000","03/02/2020","16:28","2020-02-03","16:31:40","ISU000004","tbl0018","CLOSED","1","","IATR200004965","","","","","IAT0302200955","NHO2018000007"),
("IATT200005108","","2","30000","0","3000","0","33000","33000","03/02/2020","16:32","2020-02-03","16:34:39","ISU000004","tbl0018","CLOSED","1","","IATR200004966","","","","","IAT0302200955","NHO2018000007"),
("IATT200005109","","2","50000","0","5000","0","55000","55000","03/02/2020","17:01","2020-02-03","17:36:54","ISU000015","tbl0012","CLOSED","1","","IATR200004969","","","","","IAT0302200955","NHO2018000007"),
("IATT200005110","","3","229000","0","22900","0","251900","251900","03/02/2020","17:13","2020-02-03","17:47:29","ISU000015","tbl0011","CLOSED","1","","IATR200004970","","","","","IAT0302200955","NHO2018000007"),
("IATT200005111","","1","30000","0","3000","0","33000","40000","03/02/2020","17:48","2020-02-03","17:48:38","ISU000015","tbl0008","CLOSED","1","","IATR200004971","","","","","IAT0302200955","NHO2018000007"),
("IATT200005112","","1","30000","0","3000","0","33000","67000","03/02/2020","18:41","2020-02-03","19:11:05","ISU000015","tbl0004","CLOSED","1","","IATR200004973","","","","","IAT0302200955","NHO2018000007"),
("IATT200005113","","1","30000","0","3000","0","33000","34000","03/02/2020","18:41","2020-02-03","19:11:24","ISU000015","tbl0005","CLOSED","1","","IATR200004974","","","","","IAT0302200955","NHO2018000007"),
("IATT200005114","","1","30000","0","3000","0","33000","100000","03/02/2020","18:41","2020-02-03","19:10:29","ISU000015","tbl0006","CLOSED","1","","IATR200004972","","","","","IAT0302200955","NHO2018000007"),
("IATT200005115","","1","150000","0","15000","0","165000","200000","03/02/2020","18:59","2020-02-03","19:27:57","ISU000015","tbl0012","CLOSED","1","","IATR200004975","","","","","IAT0302200955","NHO2018000007"),
("IATT200005116","","1","85000","0","8500","0","93500","100000","03/02/2020","19:07","2020-02-03","19:37:52","ISU000015","tbl0011","CLOSED","1","","IATR200004976","","","","","IAT0302200955","NHO2018000007"),
("IATT200005117","","1","35454","0","3546","0","39000","39000","03/02/2020","19:53","2020-02-03","19:55:08","ISU000015","tbl0009","CLOSED","1","","IATR200004977","","","","","IAT0302200955","NHO2018000007"),
("IATT200005118","","1","65000","0","6500","0","71500","100000","03/02/2020","20:33","2020-02-03","21:03:29","ISU000015","tbl0012","CLOSED","1","","IATR200004978","","","","","IAT0302200955","NHO2018000007");



INSERT INTO item_void VALUES("IATT200005104","IAT0302200955","NHO2018000007","193077","193077","1","30000","Before Send","Salah Order"),
("IATT200005104","IAT0302200955","NHO2018000007","193236","193236","1","0","Before Send","Salah Order");









INSERT INTO pos_paymenttemp VALUES("IATT200005095","CASH","CASH","33000","50000","ISU000004","2020-02-03","","1","","CLOSED","IAT0302200955","NHO2018000007"),
("IATT200005098","CASH","CASH","61600","70000","ISU000004","2020-02-03","","1","","CLOSED","IAT0302200955","NHO2018000007"),
("IATT200005097","CASH","OVO","33000","33000","ISU000004","2020-02-03","","1","","CLOSED","IAT0302200955","NHO2018000007"),
("IATT200005099","CASH","OVO","66000","66000","ISU000004","2020-02-03","","1","","CLOSED","IAT0302200955","NHO2018000007"),
("IATT200005096","CASH","CASH","33000","100000","ISU000004","2020-02-03","","1","","CLOSED","IAT0302200955","NHO2018000007"),
("IATT200005101","CASH","CASH","33000","50000","ISU000004","2020-02-03","","1","","CLOSED","IAT0302200955","NHO2018000007"),
("IATT200005102","CARD","MASTER","63800","63800","ISU000004","2020-02-03","","1","","CLOSED","IAT0302200955","NHO2018000007"),
("IATT200005103","CASH","CASH","33000","40000","ISU000004","2020-02-03","","1","","CLOSED","IAT0302200955","NHO2018000007"),
("IATT200005105","CASH","CASH","33000","100000","ISU000004","2020-02-03","","1","","CLOSED","IAT0302200955","NHO2018000007"),
("IATT200005107","CASH","CASH","33000","33000","ISU000004","2020-02-03","","1","","CLOSED","IAT0302200955","NHO2018000007"),
("IATT200005108","CASH","CASH","33000","33000","ISU000004","2020-02-03","","1","","CLOSED","IAT0302200955","NHO2018000007"),
("IATT200005106","CARD","DEBIT BCA","41800","41800","ISU000004","2020-02-03","","1","","CLOSED","IAT0302200955","NHO2018000007"),
("IATT200005104","CARD","DEBIT BCA","99000","99000","ISU000004","2020-02-03","","1","","CLOSED","IAT0302200955","NHO2018000007"),
("IATT200005109","CARD","DEBIT BCA","55000","55000","ISU000015","2020-02-03","","1","","CLOSED","IAT0302200955","NHO2018000007"),
("IATT200005110","CARD","MASTER","251900","251900","ISU000015","2020-02-03","","1","","CLOSED","IAT0302200955","NHO2018000007"),
("IATT200005111","CASH","CASH","33000","40000","ISU000015","2020-02-03","","1","","CLOSED","IAT0302200955","NHO2018000007"),
("IATT200005114","CASH","CASH","33000","100000","ISU000015","2020-02-03","","1","","CLOSED","IAT0302200955","NHO2018000007"),
("IATT200005112","CASH","CASH","33000","67000","ISU000015","2020-02-03","","1","","CLOSED","IAT0302200955","NHO2018000007"),
("IATT200005113","CASH","CASH","33000","34000","ISU000015","2020-02-03","","1","","CLOSED","IAT0302200955","NHO2018000007"),
("IATT200005115","CASH","CASH","165000","200000","ISU000015","2020-02-03","","1","","CLOSED","IAT0302200955","NHO2018000007"),
("IATT200005116","CASH","CASH","93500","100000","ISU000015","2020-02-03","","1","","CLOSED","IAT0302200955","NHO2018000007"),
("IATT200005117","CASH","GOPAY","39000","39000","ISU000015","2020-02-03","","1","","CLOSED","IAT0302200955","NHO2018000007"),
("IATT200005118","CASH","CASH","71500","100000","ISU000015","2020-02-03","","1","","CLOSED","IAT0302200955","NHO2018000007");



