INSERT INTO pos_itemtemp VALUES("IATT190002434","193006","191001","192001","37000","1","37000","18500","18500","1","1","1","IAT0509190932","NHO2018000007","PAID","beef lv 1(1)","193006"),
("IATT190002434","193082","191001","192001","30000","1","30000","15000","15000","1","1","1","IAT0509190932","NHO2018000007","PAID","lv2","193082"),
("IATT190002434","193036","191001","192006","36000","1","36000","18000","18000","1","1","1","IAT0509190932","NHO2018000007","PAID","","ORIGINAL"),
("IATT190002434","193083","191001","192001","30000","1","30000","15000","15000","1","1","1","IAT0509190932","NHO2018000007","PAID","","193083"),
("IATT190002434","193087","191001","192002","33000","1","33000","16500","16500","1","1","1","IAT0509190932","NHO2018000007","PAID","","193087"),
("IATT190002434","193006","191001","192001","37000","1","37000","18500","18500","2","1","1","IAT0509190932","NHO2018000007","PAID","","193006"),
("IATT190002434","193056","191002","192010","17000","1","17000","0","17000","1","1","1","IAT0509190932","NHO2018000007","PAID","","193056"),
("IATT190002434","193046","191002","192010","10000","1","10000","0","10000","1","1","1","IAT0509190932","NHO2018000007","PAID","","193046"),
("IATT190002434","193046","191002","192010","10000","1","10000","0","10000","2","1","1","IAT0509190932","NHO2018000007","PAID","","193046"),
("IATT190002434","193046","191002","192010","10000","1","10000","0","10000","3","1","1","IAT0509190932","NHO2018000007","PAID","","193046"),
("IATT190002434","193055","191002","192010","17000","1","17000","0","17000","1","1","1","IAT0509190932","NHO2018000007","PAID","","193055"),
("IATT190002434","193055","191002","192010","17000","1","17000","0","17000","2","1","1","IAT0509190932","NHO2018000007","PAID","","193055"),
("IATT190002435","193022","191001","192003","30000","1","30000","0","30000","1","1","1","IAT0509190932","NHO2018000007","PAID","","193022"),
("IATT190002435","193055","191002","192010","17000","1","17000","0","17000","1","1","1","IAT0509190932","NHO2018000007","PAID","","193055"),
("IATT190002436","193084","191001","192001","30000","1","30000","0","30000","1","1","1","IAT0509190932","NHO2018000007","PAID","level 2","PEDAS"),
("IATT190002436","193055","191002","192010","17000","1","17000","0","17000","1","1","1","IAT0509190932","NHO2018000007","PAID","","193055"),
("IATT190002437","193030","191001","192004","27000","1","27000","13500","13500","1","1","1","IAT0509190932","NHO2018000007","PAID","","193030"),
("IATT190002437","193030","191001","192004","27000","1","27000","13500","13500","2","1","1","IAT0509190932","NHO2018000007","PAID","","193030"),
("IATT190002437","193055","191002","192010","17000","1","17000","0","17000","1","1","1","IAT0509190932","NHO2018000007","PAID","","193055"),
("IATT190002437","193052","191002","192010","20000","1","20000","0","20000","1","1","1","IAT0509190932","NHO2018000007","PAID","","193052"),
("IATT190002437","193071","191001","192012","18000","1","18000","9000","9000","1","1","1","IAT0509190932","NHO2018000007","PAID","","193071"),
("IATT190002437","193048","191002","192010","8000","1","8000","0","8000","1","1","2","IAT0509190932","NHO2018000007","PAID","","193048"),
("IATT190002437","193006","191001","192001","37000","1","37000","18500","18500","1","1","3","IAT0509190932","NHO2018000007","PAID","","193006"),
("IATT190002438","193055","191002","192010","17000","1","17000","0","17000","1","1","1","IAT0509190932","NHO2018000007","PAID","","193055"),
("IATT190002438","193048","191002","192010","8000","1","8000","0","8000","1","1","1","IAT0509190932","NHO2018000007","PAID","","193048"),
("IATT190002438","193033","191001","192005","42000","1","42000","21000","21000","1","1","1","IAT0509190932","NHO2018000007","PAID","","193033"),
("IATT190002438","193033","191001","192005","42000","1","42000","21000","21000","2","1","1","IAT0509190932","NHO2018000007","PAID","","193033"),
("IATT190002438","193022","191001","192003","30000","1","30000","0","30000","1","1","1","IAT0509190932","NHO2018000007","PAID","","193022"),
("IATT190002438","193022","191001","192003","30000","1","30000","0","30000","2","1","1","IAT0509190932","NHO2018000007","PAID","","193022"),
("IATT190002438","193069","191001","192012","13000","1","13000","6500","6500","1","1","1","IAT0509190932","NHO2018000007","PAID","","193069"),
("IATT190002438","193055","191002","192010","17000","1","17000","0","17000","2","1","2","IAT0509190932","NHO2018000007","PAID","","193055"),
("IATT190002438","193055","191002","192010","17000","1","17000","0","17000","3","1","2","IAT0509190932","NHO2018000007","PAID","","193055"),
("IATT190002438","193055","191002","192010","17000","1","17000","0","17000","4","1","2","IAT0509190932","NHO2018000007","PAID","","193055"),
("IATT190002439","193072","191001","192012","25000","1","25000","0","25000","1","1","1","IAT0509190932","NHO2018000007","PAID","","193072"),
("IATT190002439","193054","191002","192010","20000","1","20000","0","20000","1","1","1","IAT0509190932","NHO2018000007","PAID","","193054"),
("IATT190002439","193053","191002","192010","20000","1","20000","0","20000","1","1","1","IAT0509190932","NHO2018000007","PAID","","193053"),
("IATT190002440","193029","191001","192004","27000","1","27000","13500","13500","1","1","1","IAT0509190932","NHO2018000007","PAID","ini dibikin nnty aja\npunya susi\ntake away juga\nthanks","193029"),
("IATT190002441","193025","191001","192003","30000","1","30000","0","30000","1","1","1","IAT0509190932","NHO2018000007","PAID","","193025"),
("IATT190002441","193047","191002","192010","10000","1","10000","0","10000","1","1","1","IAT0509190932","NHO2018000007","PAID","","193047"),
("IATT190002442","193087","191001","192002","33000","1","33000","16500","16500","1","1","1","IAT0509190932","NHO2018000007","PAID","","193087"),
("IATT190002442","193083","191001","192001","30000","1","30000","15000","15000","1","1","1","IAT0509190932","NHO2018000007","PAID","pedes level 2","193083"),
("IATT190002442","193048","191002","192010","8000","1","8000","0","8000","1","1","1","IAT0509190932","NHO2018000007","PAID","1 ice","193048"),
("IATT190002442","193048","191002","192010","8000","1","8000","0","8000","2","1","1","IAT0509190932","NHO2018000007","PAID","","193048"),
("IATT190002443","193022","191001","192003","30000","1","30000","0","30000","1","1","1","IAT0509190932","NHO2018000007","PAID","","193022"),
("IATT190002443","193053","191002","192010","20000","1","20000","0","20000","1","1","1","IAT0509190932","NHO2018000007","PAID","","193053"),
("IATT190002444","193087","191001","192002","33000","1","33000","0","33000","1","1","1","IAT0509190932","NHO2018000007","PAID","","193087"),
("IATT190002444","193081","191001","192002","33000","1","33000","0","33000","1","1","1","IAT0509190932","NHO2018000007","PAID","","193081"),
("IATT190002444","193083","191001","192001","30000","1","30000","0","30000","1","1","1","IAT0509190932","NHO2018000007","PAID","","193083"),
("IATT190002444","193052","191002","192010","20000","1","20000","0","20000","1","1","1","IAT0509190932","NHO2018000007","PAID","","193052"),
("IATT190002444","193056","191002","192010","17000","1","17000","0","17000","1","1","1","IAT0509190932","NHO2018000007","PAID","","193056"),
("IATT190002444","193046","191002","192010","10000","1","10000","0","10000","1","1","1","IAT0509190932","NHO2018000007","PAID","","193046"),
("IATT190002445","193084","191001","192001","30000","1","30000","9000","21000","1","1","1","IAT0509190932","NHO2018000007","PAID","","PEDAS"),
("IATT190002445","193036","191001","192006","36000","1","36000","10800","25200","1","1","1","IAT0509190932","NHO2018000007","PAID","","PEDAS"),
("IATT190002445","193047","191002","192010","10000","1","10000","0","10000","1","1","1","IAT0509190932","NHO2018000007","PAID","","193047"),
("IATT190002445","193047","191002","192010","10000","1","10000","0","10000","2","1","1","IAT0509190932","NHO2018000007","PAID","","193047"),
("IATT190002446","193011","191001","192001","40000","1","40000","0","40000","1","1","1","IAT0509190932","NHO2018000007","PAID","","PEDAS"),
("IATT190002446","193055","191002","192010","17000","1","17000","0","17000","1","1","1","IAT0509190932","NHO2018000007","PAID","","193055"),
("IATT190002447","193035","191001","192006","32000","1","32000","0","32000","1","1","1","IAT0509190932","NHO2018000007","PAID","sedang ya","PEDAS"),
("IATT190002447","193048","191002","192010","8000","1","8000","0","8000","1","1","2","IAT0509190932","NHO2018000007","PAID","","193048"),
("IATT190002448","193010","191001","192001","40000","1","40000","20000","20000","1","1","1","IAT0509190932","NHO2018000007","PAID","","193010"),
("IATT190002448","193083","191001","192001","30000","1","30000","15000","15000","1","1","1","IAT0509190932","NHO2018000007","PAID","","193083"),
("IATT190002448","193050","191002","192010","20000","1","20000","0","20000","1","1","1","IAT0509190932","NHO2018000007","PAID","","193050"),
("IATT190002448","193052","191002","192010","20000","1","20000","0","20000","1","1","1","IAT0509190932","NHO2018000007","PAID","","193052");



INSERT INTO pos_salestemp VALUES("IATT190002434","","5","284000","101500","18250","0","200750","200750","05/09/2019","11:47","2019-09-05","12:27:00","ISU000011","tbl0013","CLOSED","1","","IATR190002369","","","","","IAT0509190932","NHO2018000007"),
("IATT190002435","","1","47000","0","4700","0","51700","52000","05/09/2019","11:59","2019-09-05","12:25:51","ISU000011","tbl0005","CLOSED","1","","IATR190002368","","","","","IAT0509190932","NHO2018000007"),
("IATT190002436","","1","47000","0","4700","0","51700","52000","05/09/2019","12:05","2019-09-05","12:30:17","ISU000011","tbl0008","CLOSED","1","","IATR190002370","","","","","IAT0509190932","NHO2018000007"),
("IATT190002437","","2","154000","54500","9950","0","109450","110000","05/09/2019","13:03","2019-09-05","13:38:24","ISU000011","tbl0012","CLOSED","1","","IATR190002371","","","","","IAT0509190932","NHO2018000007"),
("IATT190002438","","3","233000","48500","18450","0","202950","202950","05/09/2019","14:16","2019-09-05","15:12:29","ISU000011","tbl0010","CLOSED","1","","IATR190002373","","","","","IAT0509190932","NHO2018000007"),
("IATT190002439","","1","65000","0","6500","0","71500","71500","05/09/2019","14:20","2019-09-05","15:05:06","ISU000011","tbl0012","CLOSED","1","","IATR190002372","","","","","IAT0509190932","NHO2018000007"),
("IATT190002440","","2","27000","13500","1350","0","14850","15000","05/09/2019","15:41","2019-09-05","21:29:05","ISU000011","tbl0040","CLOSED","1","","IATR190002380","","","","","IAT0509190932","NHO2018000007"),
("IATT190002441","","1","40000","0","4000","0","44000","50000","05/09/2019","16:14","2019-09-05","16:51:10","ISU000011","tbl0012","CLOSED","1","","IATR190002374","","","","","IAT0509190932","NHO2018000007"),
("IATT190002442","","2","79000","31500","4750","0","52250","52250","05/09/2019","17:00","2019-09-05","18:22:31","ISU000011","tbl0011","CLOSED","1","","IATR190002375","","","","","IAT0509190932","NHO2018000007"),
("IATT190002443","","1","50000","0","5000","0","55000","55000","05/09/2019","18:12","2019-09-05","18:54:44","ISU000011","tbl0012","CLOSED","1","","IATR190002376","","","","","IAT0509190932","NHO2018000007"),
("IATT190002444","","3","143000","0","14300","0","157300","200000","05/09/2019","20:36","2019-09-05","21:14:36","ISU000011","tbl0010","CLOSED","1","","IATR190002378","","","","","IAT0509190932","NHO2018000007"),
("IATT190002445","","2","86000","19800","6620","0","72820","100000","05/09/2019","20:38","2019-09-05","21:32:09","ISU000011","tbl0012","CLOSED","1","","IATR190002381","","","","","IAT0509190932","NHO2018000007"),
("IATT190002446","","1","57000","0","5700","0","62700","62700","05/09/2019","20:40","2019-09-05","21:08:09","ISU000011","tbl0011","CLOSED","1","","IATR190002377","","","","","IAT0509190932","NHO2018000007"),
("IATT190002447","","1","40000","0","4000","0","44000","100000","05/09/2019","21:03","2019-09-05","21:21:16","ISU000011","tbl0006","CLOSED","1","","IATR190002379","","","","","IAT0509190932","NHO2018000007"),
("IATT190002448","","2","110000","35000","7500","0","82500","82500","05/09/2019","21:06","2019-09-05","21:35:46","ISU000011","tbl0005","CLOSED","1","","IATR190002382","","","","","IAT0509190932","NHO2018000007");



INSERT INTO item_void VALUES("IATT190002440","IAT0509190932","NHO2018000007","193035","PEDAS","1","32000","Before Send","Komplen Customer");



INSERT INTO pos_promotion_h VALUES("IATT190002434","NPRM18000017","DISC ITEM","1","101500","TUNJUKKAN JEMPOLMU","IAT0509190932","PAID","NHO2018000007"),
("IATT190002437","NPRM18000017","DISC ITEM","1","54500","TUNJUKKAN JEMPOLMU","IAT0509190932","PAID","NHO2018000007"),
("IATT190002438","NPRM18000017","DISC ITEM","1","48500","TUNJUKKAN JEMPOLMU","IAT0509190932","PAID","NHO2018000007"),
("IATT190002442","NPRM18000017","DISC ITEM","1","31500","TUNJUKKAN JEMPOLMU","IAT0509190932","PAID","NHO2018000007"),
("IATT190002448","NPRM18000017","DISC ITEM","1","35000","TUNJUKKAN JEMPOLMU","IAT0509190932","PAID","NHO2018000007"),
("IATT190002440","NPRM18000017","DISC ITEM","1","13500","TUNJUKKAN JEMPOLMU","IAT0509190932","PAID","NHO2018000007"),
("IATT190002445","NPRM18000008","DISC ITEM","1","19800","eatigo 30%","IAT0509190932","PAID","NHO2018000007");



INSERT INTO pos_promotion_d VALUES("IATT190002434","NPRM18000017","DISC ITEM","1","1","193006","1","18500","IAT0509190932","PAID","NHO2018000007"),
("IATT190002434","NPRM18000017","DISC ITEM","1","1","193082","1","15000","IAT0509190932","PAID","NHO2018000007"),
("IATT190002434","NPRM18000017","DISC ITEM","1","1","193036","1","18000","IAT0509190932","PAID","NHO2018000007"),
("IATT190002434","NPRM18000017","DISC ITEM","1","1","193083","1","15000","IAT0509190932","PAID","NHO2018000007"),
("IATT190002434","NPRM18000017","DISC ITEM","1","1","193087","1","16500","IAT0509190932","PAID","NHO2018000007"),
("IATT190002434","NPRM18000017","DISC ITEM","1","1","193006","2","18500","IAT0509190932","PAID","NHO2018000007"),
("IATT190002437","NPRM18000017","DISC ITEM","1","1","193030","1","13500","IAT0509190932","PAID","NHO2018000007"),
("IATT190002437","NPRM18000017","DISC ITEM","1","1","193030","2","13500","IAT0509190932","PAID","NHO2018000007"),
("IATT190002437","NPRM18000017","DISC ITEM","1","1","193071","1","9000","IAT0509190932","PAID","NHO2018000007"),
("IATT190002437","NPRM18000017","DISC ITEM","1","1","193006","1","18500","IAT0509190932","PAID","NHO2018000007"),
("IATT190002438","NPRM18000017","DISC ITEM","1","1","193033","1","21000","IAT0509190932","PAID","NHO2018000007"),
("IATT190002438","NPRM18000017","DISC ITEM","1","1","193033","2","21000","IAT0509190932","PAID","NHO2018000007"),
("IATT190002438","NPRM18000017","DISC ITEM","1","1","193069","1","6500","IAT0509190932","PAID","NHO2018000007"),
("IATT190002442","NPRM18000017","DISC ITEM","1","1","193087","1","16500","IAT0509190932","PAID","NHO2018000007"),
("IATT190002442","NPRM18000017","DISC ITEM","1","1","193083","1","15000","IAT0509190932","PAID","NHO2018000007"),
("IATT190002448","NPRM18000017","DISC ITEM","1","1","193010","1","20000","IAT0509190932","PAID","NHO2018000007"),
("IATT190002448","NPRM18000017","DISC ITEM","1","1","193083","1","15000","IAT0509190932","PAID","NHO2018000007"),
("IATT190002440","NPRM18000017","DISC ITEM","1","1","193029","1","13500","IAT0509190932","PAID","NHO2018000007"),
("IATT190002445","NPRM18000008","DISC ITEM","1","1","193084","1","9000","IAT0509190932","PAID","NHO2018000007"),
("IATT190002445","NPRM18000008","DISC ITEM","1","1","193036","1","10800","IAT0509190932","PAID","NHO2018000007");



INSERT INTO pos_paymenttemp VALUES("IATT190002435","CASH","CASH","51700","52000","ISU000011","2019-09-05","","1","","CLOSED","IAT0509190932","NHO2018000007"),
("IATT190002434","CARD","DEBIT BCA","200750","200750","ISU000011","2019-09-05","","1","","CLOSED","IAT0509190932","NHO2018000007"),
("IATT190002436","CASH","CASH","51700","52000","ISU000011","2019-09-05","","1","","CLOSED","IAT0509190932","NHO2018000007"),
("IATT190002437","CASH","CASH","109450","110000","ISU000011","2019-09-05","","1","","CLOSED","IAT0509190932","NHO2018000007"),
("IATT190002439","CASH","OVO","71500","71500","ISU000011","2019-09-05","","1","","CLOSED","IAT0509190932","NHO2018000007"),
("IATT190002438","CASH","CASH","202950","202950","ISU000011","2019-09-05","","1","","CLOSED","IAT0509190932","NHO2018000007"),
("IATT190002441","CASH","CASH","44000","50000","ISU000011","2019-09-05","","1","","CLOSED","IAT0509190932","NHO2018000007"),
("IATT190002442","CASH","CASH","52250","52250","ISU000011","2019-09-05","","1","","CLOSED","IAT0509190932","NHO2018000007"),
("IATT190002443","CASH","OVO","55000","55000","ISU000011","2019-09-05","","1","","CLOSED","IAT0509190932","NHO2018000007"),
("IATT190002446","CARD","MASTER","62700","62700","ISU000011","2019-09-05","","1","","CLOSED","IAT0509190932","NHO2018000007"),
("IATT190002444","CASH","CASH","157300","200000","ISU000011","2019-09-05","","1","","CLOSED","IAT0509190932","NHO2018000007"),
("IATT190002447","CASH","CASH","44000","100000","ISU000011","2019-09-05","","1","","CLOSED","IAT0509190932","NHO2018000007"),
("IATT190002440","CASH","CASH","14850","15000","ISU000011","2019-09-05","","1","","CLOSED","IAT0509190932","NHO2018000007"),
("IATT190002445","CASH","CASH","72820","100000","ISU000011","2019-09-05","","1","","CLOSED","IAT0509190932","NHO2018000007"),
("IATT190002448","CARD","VISA","82500","82500","ISU000011","2019-09-05","","1","","CLOSED","IAT0509190932","NHO2018000007");



