INSERT INTO pos_itemtemp VALUES("IATT200005703","193030","191001","192004","27000","1","27000","0","27000","1","1","1","IAT0703201010","NHO2018000007","PAID","","193030"),
("IATT200005703","193055","191002","192010","17000","1","17000","0","17000","1","1","1","IAT0703201010","NHO2018000007","PAID","","193055"),
("IATT200005703","193227","191001","192011","0","1","0","0","0","1","1","2","IAT0703201010","NHO2018000007","PAID","","193227"),
("IATT200005704","193076","191001","192001","30000","1","30000","0","30000","1","1","1","IAT0703201010","NHO2018000007","PAID","","193076"),
("IATT200005704","193071","191001","192012","18000","1","18000","0","18000","1","1","1","IAT0703201010","NHO2018000007","PAID","","193071"),
("IATT200005704","193047","191002","192010","10000","1","10000","0","10000","1","1","1","IAT0703201010","NHO2018000007","PAID","","193047"),
("IATT200005705","193005","191001","192001","37000","1","37000","0","37000","1","1","1","IAT0703201010","NHO2018000007","PAID","","193005"),
("IATT200005705","193118","191001","192012","20000","1","20000","0","20000","1","1","1","IAT0703201010","NHO2018000007","PAID","","193118"),
("IATT200005705","193056","191002","192010","17000","1","17000","0","17000","1","1","1","IAT0703201010","NHO2018000007","PAID","","193056"),
("IATT200005706","193005","191001","192001","37000","1","37000","0","37000","1","1","1","IAT0703201010","NHO2018000007","PAID","","193005"),
("IATT200005706","193056","191002","192010","17000","1","17000","0","17000","1","1","1","IAT0703201010","NHO2018000007","PAID","","193056"),
("IATT200005707","193008","191001","192001","37000","1","37000","0","37000","1","1","1","IAT0703201010","NHO2018000007","PAID","","193008"),
("IATT200005707","193009","191001","192001","40000","1","40000","0","40000","1","1","1","IAT0703201010","NHO2018000007","PAID","","193009"),
("IATT200005707","193052","191002","192010","20000","1","20000","0","20000","1","1","1","IAT0703201010","NHO2018000007","PAID","","193052"),
("IATT200005707","193054","191002","192010","20000","1","20000","0","20000","1","1","1","IAT0703201010","NHO2018000007","PAID","","193054"),
("IATT200005708","193022","191001","192003","30000","1","30000","0","30000","1","1","1","IAT0703201010","NHO2018000007","PAID","TAKE AWAY","193022"),
("IATT200005709","193078","191001","192001","30000","1","30000","0","30000","1","1","1","IAT0703201010","NHO2018000007","PAID","LV 3","PEDAS"),
("IATT200005709","193084","191001","192001","30000","1","30000","0","30000","1","1","1","IAT0703201010","NHO2018000007","PAID","LV 2","PEDAS"),
("IATT200005709","193084","191001","192001","30000","1","30000","0","30000","2","1","1","IAT0703201010","NHO2018000007","PAID","","PEDAS"),
("IATT200005709","193007","191001","192001","37000","1","37000","0","37000","1","1","1","IAT0703201010","NHO2018000007","PAID","LV 1","PEDAS"),
("IATT200005709","193047","191002","192010","10000","1","10000","0","10000","1","1","1","IAT0703201010","NHO2018000007","PAID","","193047"),
("IATT200005709","193047","191002","192010","10000","1","10000","0","10000","2","1","1","IAT0703201010","NHO2018000007","PAID","","193047"),
("IATT200005709","193047","191002","192010","10000","1","10000","0","10000","3","1","1","IAT0703201010","NHO2018000007","PAID","","193047"),
("IATT200005709","193047","191002","192010","10000","1","10000","0","10000","4","1","1","IAT0703201010","NHO2018000007","PAID","","193047"),
("IATT200005710","193113","191001","192003","55000","1","55000","0","55000","1","1","1","IAT0703201010","NHO2018000007","PAID","","193113"),
("IATT200005710","193113","191001","192003","55000","1","55000","0","55000","2","1","1","IAT0703201010","NHO2018000007","PAID","","193113"),
("IATT200005710","193022","191001","192003","30000","1","30000","0","30000","1","1","1","IAT0703201010","NHO2018000007","PAID","","193022"),
("IATT200005710","193054","191002","192010","20000","1","20000","0","20000","1","1","1","IAT0703201010","NHO2018000007","PAID","","193054"),
("IATT200005710","193056","191002","192010","17000","1","17000","0","17000","1","1","1","IAT0703201010","NHO2018000007","PAID","","193056"),
("IATT200005711","193022","191001","192003","30000","1","30000","0","30000","1","1","1","IAT0703201010","NHO2018000007","PAID","","193022"),
("IATT200005711","193024","191001","192003","30000","1","30000","0","30000","1","1","1","IAT0703201010","NHO2018000007","PAID","","193024"),
("IATT200005711","193046","191002","192010","10000","1","10000","0","10000","1","1","1","IAT0703201010","NHO2018000007","PAID","","193046"),
("IATT200005712","193027","191001","192003","43000","1","43000","0","43000","1","1","1","IAT0703201010","NHO2018000007","PAID","","193027"),
("IATT200005712","193028","191001","192003","43000","1","43000","0","43000","1","1","1","IAT0703201010","NHO2018000007","PAID","","193028"),
("IATT200005712","193048","191002","192010","8000","1","8000","0","8000","1","1","1","IAT0703201010","NHO2018000007","PAID","","193048"),
("IATT200005713","193034","191001","192005","37000","1","37000","0","37000","1","1","1","IAT0703201010","NHO2018000007","PAID","","193034"),
("IATT200005713","193118","191001","192012","20000","1","20000","0","20000","1","1","1","IAT0703201010","NHO2018000007","PAID","","193118"),
("IATT200005713","193048","191002","192010","8000","1","8000","0","8000","1","1","1","IAT0703201010","NHO2018000007","PAID","","193048"),
("IATT200005712","193048","191002","192010","8000","1","8000","0","8000","2","1","2","IAT0703201010","NHO2018000007","PAID","","193048"),
("IATT200005714","193007","191001","192001","37000","1","37000","0","37000","1","1","1","IAT0703201010","NHO2018000007","PAID","","PEDAS"),
("IATT200005714","193011","191001","192001","40000","1","40000","0","40000","1","1","1","IAT0703201010","NHO2018000007","PAID","","PEDAS"),
("IATT200005714","193054","191002","192010","20000","1","20000","0","20000","1","1","1","IAT0703201010","NHO2018000007","PAID","","193054"),
("IATT200005714","193055","191002","192010","17000","1","17000","0","17000","1","1","1","IAT0703201010","NHO2018000007","PAID","","193055"),
("IATT200005715","193010","191001","192001","40000","1","40000","0","40000","1","1","1","IAT0703201010","NHO2018000007","PAID","","193010"),
("IATT200005715","193096","191001","192008","50000","1","50000","0","50000","1","1","1","IAT0703201010","NHO2018000007","PAID","","193096"),
("IATT200005715","193054","191002","192010","20000","1","20000","0","20000","1","1","1","IAT0703201010","NHO2018000007","PAID","","193054"),
("IATT200005715","193056","191002","192010","17000","1","17000","0","17000","1","1","1","IAT0703201010","NHO2018000007","PAID","","193056"),
("IATT200005716","193020","191001","192002","40000","1","40000","0","40000","1","1","1","IAT0703201010","NHO2018000007","PAID","","193020"),
("IATT200005716","193050","191002","192010","20000","1","20000","0","20000","1","1","1","IAT0703201010","NHO2018000007","PAID","","193050"),
("IATT200005716","193055","191002","192010","17000","1","17000","0","17000","1","1","1","IAT0703201010","NHO2018000007","PAID","","193055"),
("IATT200005718","193112","191001","192003","50000","1","50000","0","50000","1","1","1","IAT0703201010","NHO2018000007","PAID","","193112"),
("IATT200005718","193096","191001","192008","50000","1","50000","0","50000","1","1","1","IAT0703201010","NHO2018000007","PAID","","193096"),
("IATT200005718","193019","191001","192002","40000","1","40000","0","40000","1","1","1","IAT0703201010","NHO2018000007","PAID","","PEDAS"),
("IATT200005718","193052","191002","192010","20000","1","20000","0","20000","1","1","1","IAT0703201010","NHO2018000007","PAID","","193052"),
("IATT200005718","193052","191002","192010","20000","1","20000","0","20000","2","1","1","IAT0703201010","NHO2018000007","PAID","","193052"),
("IATT200005718","193048","191002","192010","8000","1","8000","0","8000","1","1","1","IAT0703201010","NHO2018000007","PAID","","193048"),
("IATT200005718","193048","191002","192010","8000","1","8000","0","8000","2","1","1","IAT0703201010","NHO2018000007","PAID","","193048");



INSERT INTO pos_salestemp VALUES("IATT200005703","","1","44000","0","4400","0","48400","100000","07/03/2020","13:59","2020-03-07","14:59:03","ISU000006","tbl0010","CLOSED","1","","IATR200005552","","","","","IAT0703201010","NHO2018000007"),
("IATT200005704","","1","58000","0","5800","0","63800","63800","07/03/2020","14:44","2020-03-07","15:23:52","ISU000004","tbl0012","CLOSED","1","","IATR200005553","","","","","IAT0703201010","NHO2018000007"),
("IATT200005705","","2","74000","0","7400","0","81400","100000","07/03/2020","15:36","2020-03-07","16:27:03","ISU000006","tbl0012","CLOSED","1","","IATR200005554","","","","","IAT0703201010","NHO2018000007"),
("IATT200005706","","1","54000","0","5400","0","59400","59400","07/03/2020","16:27","2020-03-07","16:59:54","ISU000006","tbl0011","CLOSED","1","","IATR200005555","","","","","IAT0703201010","NHO2018000007"),
("IATT200005707","","2","117000","0","11700","0","128700","150000","07/03/2020","17:03","2020-03-07","17:54:20","ISU000004","tbl0012","CLOSED","1","","IATR200005557","","","","","IAT0703201010","NHO2018000007"),
("IATT200005708","","1","30000","0","3000","0","33000","33000","07/03/2020","17:12","2020-03-07","17:20:29","ISU000006","tbl0006","CLOSED","1","","IATR200005556","","","","","IAT0703201010","NHO2018000007"),
("IATT200005709","","4","167000","0","16700","0","183700","200000","07/03/2020","17:37","2020-03-07","18:43:46","ISU000004","tbl0011","CLOSED","1","","IATR200005558","","","","","IAT0703201010","NHO2018000007"),
("IATT200005710","","2","177000","0","17700","0","194700","200000","07/03/2020","18:41","2020-03-07","19:30:04","ISU000004","tbl0010","CLOSED","1","","IATR200005559","","","","","IAT0703201010","NHO2018000007"),
("IATT200005711","","2","70000","0","7000","0","77000","77000","07/03/2020","19:13","2020-03-07","19:55:48","ISU000004","tbl0012","CLOSED","1","","IATR200005561","","","","","IAT0703201010","NHO2018000007"),
("IATT200005712","","2","102000","0","10200","0","112200","200000","07/03/2020","19:18","2020-03-07","19:48:15","ISU000004","tbl0024","CLOSED","1","","IATR200005560","","","","","IAT0703201010","NHO2018000007"),
("IATT200005713","","1","65000","0","6500","0","71500","100000","07/03/2020","19:19","2020-03-07","20:00:53","ISU000004","tbl0004","CLOSED","1","","IATR200005562","","","","","IAT0703201010","NHO2018000007"),
("IATT200005714","","2","114000","0","11400","0","125400","125400","07/03/2020","19:39","2020-03-07","20:28:46","ISU000004","tbl0010","CLOSED","1","","IATR200005563","","","","","IAT0703201010","NHO2018000007"),
("IATT200005715","","2","127000","0","12700","0","139700","139700","07/03/2020","20:41","2020-03-07","21:21:59","ISU000004","tbl0011","CLOSED","1","","IATR200005564","","","","","IAT0703201010","NHO2018000007"),
("IATT200005716","","2","77000","0","7700","0","84700","100000","07/03/2020","20:52","2020-03-07","21:38:05","ISU000004","tbl0012","CLOSED","1","","IATR200005565","","","","","IAT0703201010","NHO2018000007"),
("IATT200005717","","1","0","0","0","0","0","0","07/03/2020","21:40","07/03/2020","21:40:15","ISU000004","tbl0010","CANCELED","1","PERMINTAAN CUSTOMER","","","","","","IAT0703201010","NHO2018000007"),
("IATT200005718","","2","196000","0","19600","0","215600","220000","07/03/2020","21:40","2020-03-07","22:13:51","ISU000004","tbl0010","CLOSED","1","","IATR200005566","","","","","IAT0703201010","NHO2018000007");












INSERT INTO pos_paymenttemp VALUES("IATT200005703","CASH","CASH","48400","100000","ISU000006","2020-03-07","","1","","CLOSED","IAT0703201010","NHO2018000007"),
("IATT200005704","CARD","DEBIT BCA","63800","63800","ISU000004","2020-03-07","","1","","CLOSED","IAT0703201010","NHO2018000007"),
("IATT200005705","CASH","CASH","81400","100000","ISU000006","2020-03-07","","1","","CLOSED","IAT0703201010","NHO2018000007"),
("IATT200005706","CASH","SHOPPEEPAY","59400","59400","ISU000006","2020-03-07","","1","","CLOSED","IAT0703201010","NHO2018000007"),
("IATT200005708","CASH","SHOPPEEPAY","33000","33000","ISU000006","2020-03-07","","1","","CLOSED","IAT0703201010","NHO2018000007"),
("IATT200005707","CASH","CASH","128700","150000","ISU000004","2020-03-07","","1","","CLOSED","IAT0703201010","NHO2018000007"),
("IATT200005709","CASH","CASH","183700","200000","ISU000004","2020-03-07","","1","","CLOSED","IAT0703201010","NHO2018000007"),
("IATT200005710","CASH","CASH","194700","200000","ISU000004","2020-03-07","","1","","CLOSED","IAT0703201010","NHO2018000007"),
("IATT200005712","VOUCHER","GIFT VOUCHER ISOIDE 100K","100000","100000","ISU000004","2020-03-07","","1","","CLOSED","IAT0703201010","NHO2018000007"),
("IATT200005712","CASH","CASH","12200","100000","ISU000004","2020-03-07","","1","","CLOSED","IAT0703201010","NHO2018000007"),
("IATT200005711","CASH","SHOPPEEPAY","77000","77000","ISU000004","2020-03-07","","1","","CLOSED","IAT0703201010","NHO2018000007"),
("IATT200005713","CASH","CASH","71500","100000","ISU000004","2020-03-07","","1","","CLOSED","IAT0703201010","NHO2018000007"),
("IATT200005714","CARD","VISA","125400","125400","ISU000004","2020-03-07","","1","","CLOSED","IAT0703201010","NHO2018000007"),
("IATT200005715","CARD","VISA","139700","139700","ISU000004","2020-03-07","","1","","CLOSED","IAT0703201010","NHO2018000007"),
("IATT200005716","CASH","CASH","84700","100000","ISU000004","2020-03-07","","1","","CLOSED","IAT0703201010","NHO2018000007"),
("IATT200005718","CASH","CASH","215600","220000","ISU000004","2020-03-07","","1","","CLOSED","IAT0703201010","NHO2018000007");



