INSERT INTO pos_itemtemp VALUES("IATT190001277","193005","191001","192001","37000","1","37000","0","37000","1","1","1","IAT0807191140","NHO2018000007","PAID","lv1 (1)","193005"),
("IATT190001277","193005","191001","192001","37000","1","37000","0","37000","2","1","1","IAT0807191140","NHO2018000007","PAID","","193005"),
("IATT190001277","193052","191002","192010","20000","1","20000","0","20000","1","1","1","IAT0807191140","NHO2018000007","PAID","","193052"),
("IATT190001277","193010","191001","192001","40000","1","40000","0","40000","1","1","1","IAT0807191140","NHO2018000007","PAID","","193010"),
("IATT190001277","193009","191001","192001","40000","1","40000","0","40000","1","1","1","IAT0807191140","NHO2018000007","PAID","","193009"),
("IATT190001277","193046","191002","192010","8000","1","8000","0","8000","1","1","1","IAT0807191140","NHO2018000007","PAID","","193046"),
("IATT190001277","193046","191002","192010","8000","1","8000","0","8000","2","1","1","IAT0807191140","NHO2018000007","PAID","","193046"),
("IATT190001277","193049","191002","192010","10000","1","10000","0","10000","1","1","1","IAT0807191140","NHO2018000007","PAID","","193049"),
("IATT190001278","193028","191001","192003","43000","1","43000","0","43000","1","1","1","IAT0807191140","NHO2018000007","PAID","","193028"),
("IATT190001278","193005","191001","192001","37000","1","37000","0","37000","1","1","1","IAT0807191140","NHO2018000007","PAID","","193005"),
("IATT190001278","193055","191002","192010","17000","1","17000","0","17000","1","1","1","IAT0807191140","NHO2018000007","PAID","","193055"),
("IATT190001278","193055","191002","192010","17000","1","17000","0","17000","2","1","1","IAT0807191140","NHO2018000007","PAID","","193055"),
("IATT190001279","193078","191001","192001","30000","1","30000","0","30000","1","1","1","IAT0807191140","NHO2018000007","PAID","lvl2","PEDAS"),
("IATT190001279","193084","191001","192001","30000","1","30000","0","30000","1","1","1","IAT0807191140","NHO2018000007","PAID","lvl2","PEDAS"),
("IATT190001279","193055","191002","192010","17000","1","17000","0","17000","1","1","1","IAT0807191140","NHO2018000007","PAID","lvl2","193055"),
("IATT190001279","193055","191002","192010","17000","1","17000","0","17000","2","1","1","IAT0807191140","NHO2018000007","PAID","","193055"),
("IATT190001279","193070","191001","192012","13000","1","13000","0","13000","1","1","1","IAT0807191140","NHO2018000007","PAID","","193070"),
("IATT190001280","193028","191001","192003","43000","1","43000","0","43000","1","1","1","IAT0807191140","NHO2018000007","PAID","","193028"),
("IATT190001280","193047","191002","192010","8000","1","8000","0","8000","1","1","1","IAT0807191140","NHO2018000007","PAID","","193047"),
("IATT190001280","193055","191002","192010","17000","1","17000","0","17000","1","1","1","IAT0807191140","NHO2018000007","PAID","","193055"),
("IATT190001281","193028","191001","192003","43000","1","43000","0","43000","1","1","1","IAT0807191140","NHO2018000007","PAID","","193028"),
("IATT190001281","193047","191002","192010","8000","1","8000","0","8000","1","1","1","IAT0807191140","NHO2018000007","PAID","","193047"),
("IATT190001281","193048","191002","192010","8000","1","8000","0","8000","1","1","1","IAT0807191140","NHO2018000007","PAID","","193048"),
("IATT190001281","193037","191001","192006","36000","1","36000","0","36000","1","1","2","IAT0807191140","NHO2018000007","PAID","","PEDAS"),
("IATT190001282","193028","191001","192003","43000","1","43000","0","43000","1","1","1","IAT0807191140","NHO2018000007","PAID","","193028"),
("IATT190001282","193084","191001","192001","30000","1","30000","0","30000","1","1","1","IAT0807191140","NHO2018000007","PAID","","PEDAS"),
("IATT190001282","193056","191002","192010","17000","1","17000","0","17000","1","1","1","IAT0807191140","NHO2018000007","PAID","","193056"),
("IATT190001283","193069","191001","192012","13000","1","13000","0","13000","1","1","1","IAT0807191140","NHO2018000007","PAID","","193069"),
("IATT190001282","193054","191002","192010","20000","1","20000","0","20000","1","1","2","IAT0807191140","NHO2018000007","PAID","","193054"),
("IATT190001284","193030","191001","192004","27000","1","27000","0","27000","1","1","1","IAT0807191140","NHO2018000007","PAID","","193030"),
("IATT190001284","193070","191001","192012","13000","1","13000","0","13000","1","1","1","IAT0807191140","NHO2018000007","PAID","","193070"),
("IATT190001284","193084","191001","192001","30000","1","30000","0","30000","1","1","1","IAT0807191140","NHO2018000007","PAID","","PEDAS"),
("IATT190001284","193048","191002","192010","8000","1","8000","0","8000","1","1","1","IAT0807191140","NHO2018000007","PAID","","193048"),
("IATT190001284","193048","191002","192010","8000","1","8000","0","8000","2","1","1","IAT0807191140","NHO2018000007","PAID","","193048"),
("IATT190001284","193054","191002","192010","20000","1","20000","0","20000","1","1","1","IAT0807191140","NHO2018000007","PAID","","193054"),
("IATT190001285","193018","191001","192002","37000","1","37000","0","37000","1","1","1","IAT0807191140","NHO2018000007","PAID","","ORIGINAL"),
("IATT190001285","193034","191001","192005","37000","1","37000","0","37000","1","1","1","IAT0807191140","NHO2018000007","PAID","","193034"),
("IATT190001285","193056","191002","192010","17000","1","17000","0","17000","1","1","1","IAT0807191140","NHO2018000007","PAID","","193056"),
("IATT190001285","193049","191002","192010","10000","1","10000","0","10000","1","1","1","IAT0807191140","NHO2018000007","PAID","","193049"),
("IATT190001280","193025","191001","192003","30000","1","30000","0","30000","1","1","2","IAT0807191140","NHO2018000007","PAID","","193025"),
("IATT190001280","193054","191002","192010","20000","1","20000","0","20000","1","1","2","IAT0807191140","NHO2018000007","PAID","","193054"),
("IATT190001286","193082","191001","192001","30000","1","30000","0","30000","1","1","1","IAT0807191140","NHO2018000007","PAID","","193082"),
("IATT190001286","193047","191002","192010","8000","1","8000","0","8000","1","1","1","IAT0807191140","NHO2018000007","PAID","","193047"),
("IATT190001286","193050","191002","192010","20000","1","20000","0","20000","1","1","2","IAT0807191140","NHO2018000007","PAID","","193050"),
("IATT190001287","193024","191001","192003","30000","1","30000","0","30000","1","1","1","IAT0807191140","NHO2018000007","PAID","","193024"),
("IATT190001287","193079","191001","192001","30000","1","30000","0","30000","1","1","1","IAT0807191140","NHO2018000007","PAID","lvl2","193079"),
("IATT190001287","193028","191001","192003","43000","1","43000","0","43000","1","1","1","IAT0807191140","NHO2018000007","PAID","","193028"),
("IATT190001287","193046","191002","192010","8000","1","8000","0","8000","1","1","1","IAT0807191140","NHO2018000007","PAID","","193046"),
("IATT190001287","193056","191002","192010","17000","1","17000","0","17000","1","1","1","IAT0807191140","NHO2018000007","PAID","","193056"),
("IATT190001287","193048","191002","192010","8000","1","8000","0","8000","1","1","2","IAT0807191140","NHO2018000007","PAID","","193048"),
("IATT190001287","193024","191001","192003","30000","1","30000","0","30000","2","1","3","IAT0807191140","NHO2018000007","PAID","take away semua ","193024"),
("IATT190001287","193024","191001","192003","30000","1","30000","0","30000","3","1","3","IAT0807191140","NHO2018000007","PAID","","193024"),
("IATT190001288","193032","191001","192004","30000","1","30000","0","30000","1","1","1","IAT0807191140","NHO2018000007","PAID","","193032"),
("IATT190001288","193025","191001","192003","30000","1","30000","0","30000","1","1","1","IAT0807191140","NHO2018000007","PAID","","193025"),
("IATT190001288","193081","191001","192002","33000","1","33000","0","33000","1","1","1","IAT0807191140","NHO2018000007","PAID","","193081"),
("IATT190001288","193081","191001","192002","33000","1","33000","0","33000","2","1","1","IAT0807191140","NHO2018000007","PAID","","193081"),
("IATT190001288","193079","191001","192001","30000","1","30000","0","30000","1","1","1","IAT0807191140","NHO2018000007","PAID","","193079"),
("IATT190001289","193028","191001","192003","43000","1","43000","0","43000","1","1","1","IAT0807191140","NHO2018000007","PAID","","193028"),
("IATT190001289","193028","191001","192003","43000","1","43000","0","43000","2","1","1","IAT0807191140","NHO2018000007","PAID","","193028"),
("IATT190001289","193028","191001","192003","43000","1","43000","0","43000","3","1","1","IAT0807191140","NHO2018000007","PAID","","193028"),
("IATT190001289","193055","191002","192010","17000","1","17000","0","17000","1","1","1","IAT0807191140","NHO2018000007","PAID","","193055"),
("IATT190001289","193055","191002","192010","17000","1","17000","0","17000","2","1","1","IAT0807191140","NHO2018000007","PAID","","193055"),
("IATT190001289","193055","191002","192010","17000","1","17000","0","17000","3","1","1","IAT0807191140","NHO2018000007","PAID","","193055"),
("IATT190001290","193054","191002","192010","20000","1","20000","0","20000","1","1","1","IAT0807191140","NHO2018000007","PAID","","193054"),
("IATT190001290","193076","191001","192001","30000","1","30000","0","30000","1","1","1","IAT0807191140","NHO2018000007","PAID","","193076"),
("IATT190001290","193035","191001","192006","32000","1","32000","0","32000","1","1","1","IAT0807191140","NHO2018000007","PAID","","ORIGINAL"),
("IATT190001290","193050","191002","192010","20000","1","20000","0","20000","1","1","1","IAT0807191140","NHO2018000007","PAID","","193050"),
("IATT190001290","193053","191002","192010","20000","1","20000","0","20000","1","1","1","IAT0807191140","NHO2018000007","PAID","","193053"),
("IATT190001290","193025","191001","192003","30000","1","30000","0","30000","1","1","1","IAT0807191140","NHO2018000007","PAID","","193025");



INSERT INTO pos_salestemp VALUES("IATT190001277","","4","200000","0","20000","0","220000","300000","08/07/2019","11:41","2019-07-08","12:50:15","ISU000011","tbl0011","CLOSED","1","","IATR190001237","","","","","IAT0807191140","NHO2018000007"),
("IATT190001278","","2","114000","0","11400","0","125400","127000","08/07/2019","12:16","2019-07-08","12:48:35","ISU000011","tbl0010","CLOSED","1","","IATR190001236","","","","","IAT0807191140","NHO2018000007"),
("IATT190001279","","2","107000","0","10700","0","117700","125000","08/07/2019","12:51","2019-07-08","13:56:14","ISU000011","tbl0012","CLOSED","1","","IATR190001238","","","","","IAT0807191140","NHO2018000007"),
("IATT190001280","","2","118000","0","11800","0","129800","129800","08/07/2019","14:09","2019-07-08","16:10:33","ISU000012","tbl0011","CLOSED","1","","IATR190001243","","","","","IAT0807191140","NHO2018000007"),
("IATT190001281","","2","95000","0","9500","0","104500","105000","08/07/2019","14:22","2019-07-08","14:49:30","ISU000012","tbl0012","CLOSED","1","","IATR190001239","","","","","IAT0807191140","NHO2018000007"),
("IATT190001282","","2","110000","0","11000","0","121000","150000","08/07/2019","14:28","2019-07-08","15:05:35","ISU000012","tbl0010","CLOSED","1","","IATR190001240","","","","","IAT0807191140","NHO2018000007"),
("IATT190001283","","1","13000","0","1300","0","14300","20000","08/07/2019","14:30","2019-07-08","17:17:28","ISU000012","tbl0033","CLOSED","1","","IATR190001245","","","","","IAT0807191140","NHO2018000007"),
("IATT190001284","","2","106000","0","10600","0","116600","117000","08/07/2019","14:50","2019-07-08","15:19:34","ISU000012","tbl0009","CLOSED","1","","IATR190001241","","","","","IAT0807191140","NHO2018000007"),
("IATT190001285","","2","101000","0","10100","0","111100","111100","08/07/2019","14:57","2019-07-08","15:29:17","ISU000012","tbl0012","CLOSED","1","","IATR190001242","","","","","IAT0807191140","NHO2018000007"),
("IATT190001286","","1","58000","0","5800","0","63800","100000","08/07/2019","15:36","2019-07-08","16:31:30","ISU000012","tbl0012","CLOSED","1","","IATR190001244","","","","","IAT0807191140","NHO2018000007"),
("IATT190001287","","3","196000","0","19600","0","215600","250000","08/07/2019","16:39","2019-07-08","18:10:01","ISU000012","tbl0010","CLOSED","1","","IATR190001246","","","","","IAT0807191140","NHO2018000007"),
("IATT190001288","","5","156000","0","15600","0","171600","200000","08/07/2019","19:23","2019-07-08","19:58:06","ISU000012","tbl0011","CLOSED","1","","IATR190001247","","","","","IAT0807191140","NHO2018000007"),
("IATT190001289","","2","180000","0","18000","0","198000","200000","08/07/2019","19:47","2019-07-08","20:26:19","ISU000012","tbl0012","CLOSED","1","","IATR190001248","","","","","IAT0807191140","NHO2018000007"),
("IATT190001290","","3","152000","0","15200","0","167200","175200","08/07/2019","20:10","2019-07-08","20:52:26","ISU000012","tbl0010","CLOSED","1","","IATR190001249","","","","","IAT0807191140","NHO2018000007");



INSERT INTO item_void VALUES("IATT190001280","IAT0807191140","NHO2018000007","193011","ORIGINAL","1","40000","Before Send","Komplen Customer"),
("IATT190001281","IAT0807191140","NHO2018000007","193011","PEDAS","1","40000","Before Send","Komplen Customer"),
("IATT190001282","IAT0807191140","NHO2018000007","193052","193052","1","20000","Before Send","Komplen Customer");









INSERT INTO pos_paymenttemp VALUES("IATT190001278","VOUCHER","ISOIDE VOUCHER 25K","25000","25000","ISU000011","2019-07-08","","1","","CLOSED","IAT0807191140","NHO2018000007"),
("IATT190001278","CASH","CASH","100400","102000","ISU000011","2019-07-08","","1","","CLOSED","IAT0807191140","NHO2018000007"),
("IATT190001277","VOUCHER","TRAVELOKA EATS 100K","100000","100000","ISU000011","2019-07-08","","1","","CLOSED","IAT0807191140","NHO2018000007"),
("IATT190001277","VOUCHER","TRAVELOKA EATS 100K","100000","100000","ISU000011","2019-07-08","","1","","CLOSED","IAT0807191140","NHO2018000007"),
("IATT190001277","CASH","CASH","20000","100000","ISU000011","2019-07-08","","1","","CLOSED","IAT0807191140","NHO2018000007"),
("IATT190001279","VOUCHER","ISOIDE VOUCHER 25K","25000","25000","ISU000011","2019-07-08","","1","","CLOSED","IAT0807191140","NHO2018000007"),
("IATT190001279","CASH","CASH","92700","100000","ISU000011","2019-07-08","","1","","CLOSED","IAT0807191140","NHO2018000007"),
("IATT190001281","CASH","CASH","104500","105000","ISU000012","2019-07-08","","1","","CLOSED","IAT0807191140","NHO2018000007"),
("IATT190001282","CASH","CASH","121000","150000","ISU000012","2019-07-08","","1","","CLOSED","IAT0807191140","NHO2018000007"),
("IATT190001284","CASH","CASH","116600","117000","ISU000012","2019-07-08","","1","","CLOSED","IAT0807191140","NHO2018000007"),
("IATT190001285","CARD","VISA","111100","111100","ISU000012","2019-07-08","","1","","CLOSED","IAT0807191140","NHO2018000007"),
("IATT190001280","VOUCHER","ISOIDE VOUCHER 25K","25000","25000","ISU000012","2019-07-08","","1","","CLOSED","IAT0807191140","NHO2018000007"),
("IATT190001280","CARD","VISA","104800","104800","ISU000012","2019-07-08","","1","","CLOSED","IAT0807191140","NHO2018000007"),
("IATT190001286","CASH","CASH","63800","100000","ISU000012","2019-07-08","","1","","CLOSED","IAT0807191140","NHO2018000007"),
("IATT190001283","CASH","CASH","14300","20000","ISU000012","2019-07-08","","1","","CLOSED","IAT0807191140","NHO2018000007"),
("IATT190001287","VOUCHER","ISOIDE VOUCHER 25K","25000","25000","ISU000012","2019-07-08","","1","","CLOSED","IAT0807191140","NHO2018000007"),
("IATT190001287","VOUCHER","ISOIDE VOUCHER 25K","25000","25000","ISU000012","2019-07-08","","1","","CLOSED","IAT0807191140","NHO2018000007"),
("IATT190001287","CASH","CASH","165600","200000","ISU000012","2019-07-08","","1","","CLOSED","IAT0807191140","NHO2018000007"),
("IATT190001288","CASH","CASH","171600","200000","ISU000012","2019-07-08","","1","","CLOSED","IAT0807191140","NHO2018000007"),
("IATT190001289","CASH","CASH","198000","200000","ISU000012","2019-07-08","","1","","CLOSED","IAT0807191140","NHO2018000007"),
("IATT190001290","VOUCHER","ISOIDE VOUCHER 25K","25000","25000","ISU000012","2019-07-08","","1","","CLOSED","IAT0807191140","NHO2018000007"),
("IATT190001290","CASH","CASH","142200","150200","ISU000012","2019-07-08","","1","","CLOSED","IAT0807191140","NHO2018000007");



