INSERT INTO pos_itemtemp VALUES("IATT200005140","193010","191001","192001","40000","1","40000","0","40000","1","1","1","IAT0502200910","NHO2018000007","PAID","","193010"),
("IATT200005140","193054","191002","192010","20000","1","20000","0","20000","1","1","2","IAT0502200910","NHO2018000007","PAID","","193054"),
("IATT200005141","193082","191001","192001","30000","1","30000","0","30000","1","1","1","IAT0502200910","NHO2018000007","PAID","","193082"),
("IATT200005141","193230","191001","192011","0","1","0","0","0","1","1","1","IAT0502200910","NHO2018000007","PAID","","193230"),
("IATT200005141","193046","191002","192010","10000","1","10000","0","10000","1","1","1","IAT0502200910","NHO2018000007","PAID","","193046"),
("IATT200005142","193085","191001","192001","30000","1","30000","0","30000","1","1","1","IAT0502200910","NHO2018000007","PAID","","193085"),
("IATT200005142","193236","191001","192011","0","1","0","0","0","1","1","1","IAT0502200910","NHO2018000007","PAID","pedas sedang","193236"),
("IATT200005142","193027","191001","192003","43000","1","43000","0","43000","1","1","1","IAT0502200910","NHO2018000007","PAID","","193027"),
("IATT200005142","193047","191002","192010","10000","1","10000","0","10000","1","1","1","IAT0502200910","NHO2018000007","PAID","","193047"),
("IATT200005142","193055","191002","192010","17000","1","17000","0","17000","1","1","1","IAT0502200910","NHO2018000007","PAID","","193055"),
("IATT200005143","193082","191001","192001","30000","1","30000","0","30000","1","1","1","IAT0502200910","NHO2018000007","PAID","","193082"),
("IATT200005143","193235","191001","192011","0","1","0","0","0","1","1","1","IAT0502200910","NHO2018000007","PAID","","193235"),
("IATT200005143","193049","191002","192010","10000","1","10000","0","10000","1","1","1","IAT0502200910","NHO2018000007","PAID","","193049"),
("IATT200005143","193049","191002","192010","10000","1","10000","0","10000","2","1","1","IAT0502200910","NHO2018000007","PAID","","193049"),
("IATT200005144","193082","191001","192001","30000","1","30000","0","30000","1","1","1","IAT0502200910","NHO2018000007","PAID","","193082"),
("IATT200005144","193230","191001","192011","0","1","0","0","0","1","1","1","IAT0502200910","NHO2018000007","PAID","","193230"),
("IATT200005144","193046","191002","192010","10000","1","10000","0","10000","1","1","1","IAT0502200910","NHO2018000007","PAID","","193046"),
("IATT200005145","193084","191001","192001","30000","1","30000","0","30000","1","1","1","IAT0502200910","NHO2018000007","PAID","level 2","PEDAS"),
("IATT200005145","193230","191001","192011","0","1","0","0","0","1","1","1","IAT0502200910","NHO2018000007","PAID","","193230"),
("IATT200005145","193056","191002","192010","17000","1","17000","0","17000","1","1","1","IAT0502200910","NHO2018000007","PAID","","193056"),
("IATT200005145","193055","191002","192010","17000","1","17000","0","17000","1","1","1","IAT0502200910","NHO2018000007","PAID","","193055"),
("IATT200005146","193082","191001","192001","30000","1","30000","0","30000","1","1","1","IAT0502200910","NHO2018000007","PAID","","193082"),
("IATT200005146","193230","191001","192011","0","1","0","0","0","1","1","1","IAT0502200910","NHO2018000007","PAID","","193230"),
("IATT200005146","193056","191002","192010","17000","1","17000","0","17000","1","1","2","IAT0502200910","NHO2018000007","PAID","","193056"),
("IATT200005147","193029","191001","192004","27000","1","27000","0","27000","1","1","1","IAT0502200910","NHO2018000007","PAID","","193029"),
("IATT200005147","193054","191002","192010","20000","1","20000","0","20000","1","1","1","IAT0502200910","NHO2018000007","PAID","","193054"),
("IATT200005148","193155","191001","192015","35454","1","35454","0","35454","1","1","1","IAT0502200910","NHO2018000007","PAID","","193155"),
("IATT200005148","193136","191001","192015","43727","1","43727","0","43727","1","1","1","IAT0502200910","NHO2018000007","PAID","","193136"),
("IATT200005149","193024","191001","192003","30000","1","30000","0","30000","1","1","1","IAT0502200910","NHO2018000007","PAID","","193024"),
("IATT200005149","193054","191002","192010","20000","1","20000","0","20000","1","1","1","IAT0502200910","NHO2018000007","PAID","","193054"),
("IATT200005150","193084","191001","192001","30000","1","30000","0","30000","1","1","1","IAT0502200910","NHO2018000007","PAID","","PEDAS"),
("IATT200005150","193233","191001","192011","0","1","0","0","0","1","1","1","IAT0502200910","NHO2018000007","PAID","","193233"),
("IATT200005150","193054","191002","192010","20000","1","20000","0","20000","1","1","1","IAT0502200910","NHO2018000007","PAID","","193054"),
("IATT200005150","193055","191002","192010","17000","1","17000","0","17000","1","1","1","IAT0502200910","NHO2018000007","PAID","","193055"),
("IATT200005149","193048","191002","192010","8000","1","8000","0","8000","1","1","2","IAT0502200910","NHO2018000007","PAID","","193048"),
("IATT200005144","193118","191001","192012","20000","1","20000","0","20000","1","1","2","IAT0502200910","NHO2018000007","PAID","","193118"),
("IATT200005150","193070","191001","192012","13000","1","13000","0","13000","1","1","2","IAT0502200910","NHO2018000007","PAID","","193070"),
("IATT200005151","193007","191001","192001","37000","1","37000","0","37000","1","1","1","IAT0502200910","NHO2018000007","PAID","","PEDAS"),
("IATT200005151","193047","191002","192010","10000","1","10000","0","10000","1","1","1","IAT0502200910","NHO2018000007","PAID","","193047"),
("IATT200005152","193084","191001","192001","30000","1","30000","0","30000","1","1","1","IAT0502200910","NHO2018000007","PAID","LVL 1","PEDAS"),
("IATT200005152","193235","191001","192011","0","1","0","0","0","1","1","1","IAT0502200910","NHO2018000007","PAID","","193235"),
("IATT200005152","193049","191002","192010","10000","1","10000","0","10000","1","1","1","IAT0502200910","NHO2018000007","PAID","","193049"),
("IATT200005152","193055","191002","192010","17000","1","17000","0","17000","1","1","1","IAT0502200910","NHO2018000007","PAID","","193055"),
("IATT200005152","193071","191001","192012","18000","1","18000","0","18000","1","1","1","IAT0502200910","NHO2018000007","PAID","","193071"),
("IATT200005153","193096","191001","192008","50000","1","50000","0","50000","1","1","1","IAT0502200910","NHO2018000007","PAID","","193096"),
("IATT200005153","193016","191001","192002","37000","1","37000","0","37000","1","1","1","IAT0502200910","NHO2018000007","PAID","","PEDAS"),
("IATT200005153","193048","191002","192010","8000","1","8000","0","8000","1","1","1","IAT0502200910","NHO2018000007","PAID","","193048"),
("IATT200005153","193048","191002","192010","8000","1","8000","0","8000","2","1","1","IAT0502200910","NHO2018000007","PAID","","193048"),
("IATT200005154","193084","191001","192001","30000","1","30000","0","30000","1","1","1","IAT0502200910","NHO2018000007","PAID","","PEDAS"),
("IATT200005154","193237","191001","192011","0","1","0","0","0","1","1","1","IAT0502200910","NHO2018000007","PAID","","193237"),
("IATT200005154","193056","191002","192010","17000","1","17000","0","17000","1","1","1","IAT0502200910","NHO2018000007","PAID","","193056"),
("IATT200005155","193084","191001","192001","30000","1","30000","0","30000","1","1","1","IAT0502200910","NHO2018000007","PAID","","PEDAS"),
("IATT200005155","193232","191001","192011","0","1","0","0","0","1","1","1","IAT0502200910","NHO2018000007","PAID","","193232"),
("IATT200005155","193054","191002","192010","20000","1","20000","0","20000","1","1","1","IAT0502200910","NHO2018000007","PAID","","193054"),
("IATT200005157","193083","191001","192001","30000","1","30000","0","30000","1","1","1","IAT0502200910","NHO2018000007","PAID","","193083"),
("IATT200005157","193232","191001","192011","0","1","0","0","0","1","1","1","IAT0502200910","NHO2018000007","PAID","","193232"),
("IATT200005157","193069","191001","192012","13000","1","13000","0","13000","1","1","1","IAT0502200910","NHO2018000007","PAID","","193069"),
("IATT200005158","193082","191001","192001","30000","1","30000","0","30000","1","1","1","IAT0502200910","NHO2018000007","PAID","","193082"),
("IATT200005158","193236","191001","192011","0","1","0","0","0","1","1","1","IAT0502200910","NHO2018000007","PAID","","193236"),
("IATT200005158","193118","191001","192012","20000","1","20000","0","20000","1","1","1","IAT0502200910","NHO2018000007","PAID","","193118"),
("IATT200005158","193050","191002","192010","20000","1","20000","0","20000","1","1","1","IAT0502200910","NHO2018000007","PAID","","193050"),
("IATT200005158","193051","191002","192010","20000","1","20000","0","20000","1","1","1","IAT0502200910","NHO2018000007","PAID","","193051"),
("IATT200005159","193082","191001","192001","30000","1","30000","0","30000","1","1","1","IAT0502200910","NHO2018000007","PAID","","193082"),
("IATT200005160","193069","191001","192012","13000","1","13000","0","13000","1","1","1","IAT0502200910","NHO2018000007","PAID","","193069"),
("IATT200005160","193056","191002","192010","17000","1","17000","0","17000","1","1","1","IAT0502200910","NHO2018000007","PAID","","193056"),
("IATT200005161","193050","191002","192010","20000","1","20000","0","20000","1","1","1","IAT0502200910","NHO2018000007","PAID","","193050"),
("IATT200005162","193084","191001","192001","30000","1","30000","0","30000","1","1","1","IAT0502200910","NHO2018000007","PAID","","PEDAS"),
("IATT200005162","193237","191001","192011","0","1","0","0","0","1","1","1","IAT0502200910","NHO2018000007","PAID","","193237"),
("IATT200005162","193056","191002","192010","17000","1","17000","0","17000","1","1","1","IAT0502200910","NHO2018000007","PAID","","193056"),
("IATT200005163","193077","191001","192001","30000","1","30000","0","30000","1","1","1","IAT0502200910","NHO2018000007","PAID","","193077"),
("IATT200005163","193232","191001","192011","0","1","0","0","0","1","1","1","IAT0502200910","NHO2018000007","PAID","","193232"),
("IATT200005163","193055","191002","192010","17000","1","17000","0","17000","1","1","1","IAT0502200910","NHO2018000007","PAID","","193055"),
("IATT200005163","193056","191002","192010","17000","1","17000","0","17000","1","1","1","IAT0502200910","NHO2018000007","PAID","","193056"),
("IATT200005159","193233","191001","192011","0","1","0","0","0","1","1","2","IAT0502200910","NHO2018000007","PAID","jngn d buat sudah keluar","193233"),
("IATT200005164","193078","191001","192001","30000","1","30000","0","30000","1","1","1","IAT0502200910","NHO2018000007","PAID","","PEDAS"),
("IATT200005164","193078","191001","192001","30000","1","30000","0","30000","2","1","1","IAT0502200910","NHO2018000007","PAID","","PEDAS"),
("IATT200005165","193084","191001","192001","30000","1","30000","0","30000","1","1","1","IAT0502200910","NHO2018000007","PAID","pedes sedeng","PEDAS"),
("IATT200005165","193233","191001","192011","0","1","0","0","0","1","1","1","IAT0502200910","NHO2018000007","PAID","","193233"),
("IATT200005165","193071","191001","192012","18000","1","18000","0","18000","1","1","1","IAT0502200910","NHO2018000007","PAID","","193071"),
("IATT200005165","193055","191002","192010","17000","1","17000","0","17000","1","1","1","IAT0502200910","NHO2018000007","PAID","","193055");



INSERT INTO pos_salestemp VALUES("IATT200005140","","1","60000","0","6000","0","66000","66000","05/02/2020","12:30","2020-02-05","15:26:57","ISU000004","tbl0012","CLOSED","1","","IATR200005001","","","","","IAT0502200910","NHO2018000007"),
("IATT200005141","","2","40000","0","4000","0","44000","50000","05/02/2020","14:11","2020-02-05","14:37:38","ISU000004","tbl0005","CLOSED","1","","IATR200005000","","","","","IAT0502200910","NHO2018000007"),
("IATT200005142","","3","100000","0","10000","0","110000","110000","05/02/2020","15:47","2020-02-05","16:25:36","ISU000004","tbl0012","CLOSED","1","","IATR200005002","","","","","IAT0502200910","NHO2018000007"),
("IATT200005143","","2","50000","0","5000","0","55000","55000","05/02/2020","16:18","2020-02-05","17:07:41","ISU000006","tbl0010","CLOSED","1","","IATR200005003","","","","","IAT0502200910","NHO2018000007"),
("IATT200005144","","0","60000","0","6000","0","66000","100000","05/02/2020","17:04","2020-02-05","20:08:07","ISU000004","tbl0012","CLOSED","1","","IATR200005014","","","","","IAT0502200910","NHO2018000007"),
("IATT200005145","","2","64000","0","6400","0","70400","70400","05/02/2020","17:10","2020-02-05","18:29:02","ISU000004","tbl0011","CLOSED","1","","IATR200005007","","","","","IAT0502200910","NHO2018000007"),
("IATT200005146","","0","47000","0","4700","0","51700","51700","05/02/2020","17:35","2020-02-05","18:05:05","ISU000004","tbl0010","CLOSED","1","","IATR200005005","","","","","IAT0502200910","NHO2018000007"),
("IATT200005147","","1","47000","0","4700","0","51700","101700","05/02/2020","17:37","2020-02-05","18:27:57","ISU000004","tbl0023","CLOSED","1","","IATR200005006","","","","","IAT0502200910","NHO2018000007"),
("IATT200005148","","1","79181","0","7919","0","87100","87100","05/02/2020","17:52","2020-02-05","17:54:07","ISU000004","takeaway","CLOSED","1","","IATR200005004","","","","","IAT0502200910","NHO2018000007"),
("IATT200005149","","1","58000","0","5800","0","63800","100000","05/02/2020","18:31","2020-02-05","19:07:42","ISU000004","tbl0004","CLOSED","1","","IATR200005008","","","","","IAT0502200910","NHO2018000007"),
("IATT200005150","NHM2020000142 CLARA","2","80000","0","8000","0","88000","88000","05/02/2020","18:34","2020-02-05","19:38:50","ISU000004","tbl0010","CLOSED","1","","IATR200005010","","","","","IAT0502200910","NHO2018000007"),
("IATT200005151","","1","47000","0","4700","0","51700","60000","05/02/2020","18:57","2020-02-05","19:31:59","ISU000004","tbl0011","CLOSED","1","","IATR200005009","","","","","IAT0502200910","NHO2018000007"),
("IATT200005152","NHM2020000145 Retno Palupi","2","75000","0","7500","0","82500","82500","05/02/2020","19:09","2020-02-05","21:15:17","ISU000004","tbl0014","CLOSED","1","","IATR200005023","","","","","IAT0502200910","NHO2018000007"),
("IATT200005153","","2","103000","0","10300","0","113300","113300","05/02/2020","19:11","2020-02-05","20:09:38","ISU000004","tbl0023","CLOSED","1","","IATR200005015","","","","","IAT0502200910","NHO2018000007"),
("IATT200005154","","1","47000","0","4700","0","51700","100000","05/02/2020","19:17","2020-02-05","21:10:20","ISU000004","tbl0020","CLOSED","1","","IATR200005021","","","","","IAT0502200910","NHO2018000007"),
("IATT200005155","NHM2020000138 Sasmi Ariesti M","2","50000","0","5000","0","55000","100000","05/02/2020","19:18","2020-02-05","21:11:49","ISU000004","tbl0022","CLOSED","1","","IATR200005022","","","","","IAT0502200910","NHO2018000007"),
("IATT200005156","","1","0","0","0","0","0","0","05/02/2020","19:30","05/02/2020","19:30:45","ISU000004","tbl0021","CANCELED","1","PERMINTAAN CUSTOMER","","","","","","IAT0502200910","NHO2018000007"),
("IATT200005157","NHM2020000139 Dorisma","2","43000","0","4300","0","47300","47300","05/02/2020","19:30","2020-02-05","21:07:49","ISU000004","tbl0021","CLOSED","1","","IATR200005019","","","","","IAT0502200910","NHO2018000007"),
("IATT200005158","","0","90000","0","9000","0","99000","99000","05/02/2020","19:33","2020-02-05","20:07:47","ISU000004","tbl0005","CLOSED","1","","IATR200005013","","","","","IAT0502200910","NHO2018000007"),
("IATT200005159","","2","30000","0","3000","0","33000","33000","05/02/2020","19:47","2020-02-05","20:05:38","ISU000004","tbl0010","CLOSED","1","","IATR200005011","","","","","IAT0502200910","NHO2018000007"),
("IATT200005160","","1","30000","0","3000","0","33000","33000","05/02/2020","19:48","2020-02-05","20:06:19","ISU000004","tbl0009","CLOSED","1","","IATR200005012","","","","","IAT0502200910","NHO2018000007"),
("IATT200005161","","1","20000","0","2000","0","22000","22000","05/02/2020","19:49","2020-02-05","20:21:14","ISU000004","tbl0001","CLOSED","1","","IATR200005017","","","","","IAT0502200910","NHO2018000007"),
("IATT200005162","NHM2020000143 Irfan fajar","2","47000","0","4700","0","51700","100000","05/02/2020","19:49","2020-02-05","20:10:21","ISU000004","tbl0018","CLOSED","1","","IATR200005016","","","","","IAT0502200910","NHO2018000007"),
("IATT200005163","NHM2020000144 Anna Obrina Pasaribu","2","64000","0","6400","0","70400","70400","05/02/2020","19:54","2020-02-05","21:09:26","ISU000004","tbl0019","CLOSED","1","","IATR200005020","","","","","IAT0502200910","NHO2018000007"),
("IATT200005164","","1","60000","0","6000","0","66000","100000","05/02/2020","20:57","2020-02-05","20:59:12","ISU000004","tbl0005","CLOSED","1","","IATR200005018","","","","","IAT0502200910","NHO2018000007"),
("IATT200005165","NHM2020000146 Milkha abigael","2","65000","0","6500","0","71500","71500","05/02/2020","21:31","2020-02-05","21:36:07","ISU000004","tbl0012","CLOSED","1","","IATR200005024","","","","","IAT0502200910","NHO2018000007");



INSERT INTO item_void VALUES("IATT200005159","IAT0502200910","NHO2018000007","193079","193079","1","30000","Before Send","Komplen Customer");









INSERT INTO pos_paymenttemp VALUES("IATT200005141","CASH","CASH","44000","50000","ISU000004","2020-02-05","","1","","CLOSED","IAT0502200910","NHO2018000007"),
("IATT200005140","CASH","OVO","66000","66000","ISU000004","2020-02-05","","1","","CLOSED","IAT0502200910","NHO2018000007"),
("IATT200005142","CASH","CASH","110000","110000","ISU000004","2020-02-05","","1","","CLOSED","IAT0502200910","NHO2018000007"),
("IATT200005143","CASH","CASH","55000","55000","ISU000006","2020-02-05","","1","","CLOSED","IAT0502200910","NHO2018000007"),
("IATT200005148","CASH","GOPAY","87100","87100","ISU000004","2020-02-05","","1","","CLOSED","IAT0502200910","NHO2018000007"),
("IATT200005146","CARD","DEBIT BCA","51700","51700","ISU000004","2020-02-05","","1","","CLOSED","IAT0502200910","NHO2018000007"),
("IATT200005147","CASH","CASH","51700","101700","ISU000004","2020-02-05","","1","","CLOSED","IAT0502200910","NHO2018000007"),
("IATT200005145","CASH","CASH","70400","70400","ISU000004","2020-02-05","","1","","CLOSED","IAT0502200910","NHO2018000007"),
("IATT200005149","CASH","CASH","63800","100000","ISU000004","2020-02-05","","1","","CLOSED","IAT0502200910","NHO2018000007"),
("IATT200005151","CASH","CASH","51700","60000","ISU000004","2020-02-05","","1","","CLOSED","IAT0502200910","NHO2018000007"),
("IATT200005150","CARD","DEBIT BCA","88000","88000","ISU000004","2020-02-05","","1","","CLOSED","IAT0502200910","NHO2018000007"),
("IATT200005159","CARD","MASTER","33000","33000","ISU000004","2020-02-05","","1","","CLOSED","IAT0502200910","NHO2018000007"),
("IATT200005160","CASH","OVO","33000","33000","ISU000004","2020-02-05","","1","","CLOSED","IAT0502200910","NHO2018000007"),
("IATT200005158","CARD","DEBIT BCA","99000","99000","ISU000004","2020-02-05","","1","","CLOSED","IAT0502200910","NHO2018000007"),
("IATT200005144","CASH","CASH","66000","100000","ISU000004","2020-02-05","","1","","CLOSED","IAT0502200910","NHO2018000007"),
("IATT200005153","CARD","DEBIT BCA","113300","113300","ISU000004","2020-02-05","","1","","CLOSED","IAT0502200910","NHO2018000007"),
("IATT200005162","CASH","CASH","51700","100000","ISU000004","2020-02-05","","1","","CLOSED","IAT0502200910","NHO2018000007"),
("IATT200005161","CASH","OVO","22000","22000","ISU000004","2020-02-05","","1","","CLOSED","IAT0502200910","NHO2018000007"),
("IATT200005164","CASH","CASH","66000","100000","ISU000004","2020-02-05","","1","","CLOSED","IAT0502200910","NHO2018000007"),
("IATT200005157","CARD","DEBIT BCA","47300","47300","ISU000004","2020-02-05","","1","","CLOSED","IAT0502200910","NHO2018000007"),
("IATT200005163","CARD","DEBIT BCA","70400","70400","ISU000004","2020-02-05","","1","","CLOSED","IAT0502200910","NHO2018000007"),
("IATT200005154","CASH","CASH","51700","100000","ISU000004","2020-02-05","","1","","CLOSED","IAT0502200910","NHO2018000007"),
("IATT200005155","CASH","CASH","55000","100000","ISU000004","2020-02-05","","1","","CLOSED","IAT0502200910","NHO2018000007"),
("IATT200005152","CARD","MASTER","82500","82500","ISU000004","2020-02-05","","1","","CLOSED","IAT0502200910","NHO2018000007"),
("IATT200005165","CARD","VISA","71500","71500","ISU000004","2020-02-05","","1","","CLOSED","IAT0502200910","NHO2018000007");



