INSERT INTO pos_itemtemp VALUES("IATT190002529","193082","191001","192001","30000","1","30000","0","30000","1","1","1","IAT0909191051","NHO2018000007","PAID","","193082"),
("IATT190002529","193047","191002","192010","10000","1","10000","0","10000","1","1","1","IAT0909191051","NHO2018000007","PAID","","193047"),
("IATT190002530","193084","191001","192001","30000","1","30000","15000","15000","1","1","1","IAT0909191051","NHO2018000007","PAID","lv 2","PEDAS"),
("IATT190002530","193033","191001","192005","42000","1","42000","21000","21000","1","1","1","IAT0909191051","NHO2018000007","PAID","","193033"),
("IATT190002530","193055","191002","192010","17000","1","17000","0","17000","1","1","1","IAT0909191051","NHO2018000007","PAID","","193055"),
("IATT190002530","193047","191002","192010","10000","1","10000","0","10000","1","1","1","IAT0909191051","NHO2018000007","PAID","","193047"),
("IATT190002530","193067","191001","192003","7000","1","7000","0","7000","1","1","1","IAT0909191051","NHO2018000007","PAID","","193067"),
("IATT190002531","193055","191002","192010","17000","1","17000","0","17000","1","1","1","IAT0909191051","NHO2018000007","PAID","","193055"),
("IATT190002531","193056","191002","192010","17000","1","17000","0","17000","1","1","1","IAT0909191051","NHO2018000007","PAID","","193056"),
("IATT190002531","193051","191002","192010","20000","1","20000","0","20000","1","1","1","IAT0909191051","NHO2018000007","PAID","","193051"),
("IATT190002531","193080","191001","192002","33000","1","33000","16500","16500","1","1","1","IAT0909191051","NHO2018000007","PAID","lv 2","PEDAS"),
("IATT190002531","193011","191001","192001","40000","1","40000","20000","20000","1","1","1","IAT0909191051","NHO2018000007","PAID","lv 2","PEDAS"),
("IATT190002531","193036","191001","192006","36000","1","36000","18000","18000","1","1","1","IAT0909191051","NHO2018000007","PAID","","PEDAS"),
("IATT190002532","193009","191001","192001","40000","1","40000","20000","20000","1","1","1","IAT0909191051","NHO2018000007","PAID","sambal pisah ","193009"),
("IATT190002532","193035","191001","192006","32000","1","32000","16000","16000","1","1","1","IAT0909191051","NHO2018000007","PAID","pedes sedeng ajah yaaaaa...","PEDAS"),
("IATT190002532","193047","191002","192010","10000","1","10000","0","10000","1","1","1","IAT0909191051","NHO2018000007","PAID","","193047"),
("IATT190002535","193011","191001","192001","40000","1","40000","20000","20000","1","1","1","IAT0909191051","NHO2018000007","PAID","lvl 3","PEDAS"),
("IATT190002535","193011","191001","192001","40000","1","40000","20000","20000","2","1","1","IAT0909191051","NHO2018000007","PAID","","PEDAS"),
("IATT190002535","193056","191002","192010","17000","1","17000","0","17000","1","1","1","IAT0909191051","NHO2018000007","PAID","","193056"),
("IATT190002535","193055","191002","192010","17000","1","17000","0","17000","1","1","1","IAT0909191051","NHO2018000007","PAID","","193055"),
("IATT190002536","193069","191001","192012","13000","1","13000","0","13000","1","1","1","IAT0909191051","NHO2018000007","PAID","","193069"),
("IATT190002536","193024","191001","192003","30000","1","30000","0","30000","1","1","1","IAT0909191051","NHO2018000007","PAID","","193024"),
("IATT190002536","193055","191002","192010","17000","1","17000","0","17000","1","1","1","IAT0909191051","NHO2018000007","PAID","","193055"),
("IATT190002536","193055","191002","192010","17000","1","17000","0","17000","2","1","1","IAT0909191051","NHO2018000007","PAID","","193055"),
("IATT190002537","193082","191001","192001","30000","1","30000","15000","15000","1","1","1","IAT0909191051","NHO2018000007","PAID","lv 3","193082"),
("IATT190002538","193009","191001","192001","40000","1","40000","20000","20000","1","1","1","IAT0909191051","NHO2018000007","PAID","original","193009"),
("IATT190002538","193076","191001","192001","30000","1","30000","15000","15000","1","1","1","IAT0909191051","NHO2018000007","PAID","cabe pisah","193076"),
("IATT190002538","193027","191001","192003","43000","1","43000","0","43000","1","1","1","IAT0909191051","NHO2018000007","PAID","","193027"),
("IATT190002538","193051","191002","192010","20000","1","20000","0","20000","1","1","1","IAT0909191051","NHO2018000007","PAID","","193051"),
("IATT190002538","193048","191002","192010","8000","1","8000","0","8000","1","1","1","IAT0909191051","NHO2018000007","PAID","","193048"),
("IATT190002539","193018","191001","192002","37000","1","37000","18500","18500","1","1","1","IAT0909191051","NHO2018000007","PAID","","ORIGINAL"),
("IATT190002539","193055","191002","192010","17000","1","17000","0","17000","1","1","1","IAT0909191051","NHO2018000007","PAID","","193055"),
("IATT190002538","193048","191002","192010","8000","1","8000","0","8000","2","1","2","IAT0909191051","NHO2018000007","PAID","","193048"),
("IATT190002540","193024","191001","192003","30000","1","30000","0","30000","1","1","1","IAT0909191051","NHO2018000007","PAID","","193024"),
("IATT190002540","193082","191001","192001","30000","1","30000","0","30000","1","1","1","IAT0909191051","NHO2018000007","PAID","","193082"),
("IATT190002540","193046","191002","192010","10000","1","10000","0","10000","1","1","1","IAT0909191051","NHO2018000007","PAID","","193046"),
("IATT190002540","193046","191002","192010","10000","1","10000","0","10000","2","1","1","IAT0909191051","NHO2018000007","PAID","","193046"),
("IATT190002541","193117","191001","192013","25000","1","25000","0","25000","1","1","1","IAT0909191051","NHO2018000007","PAID","take away","193117"),
("IATT190002542","193033","191001","192005","42000","1","42000","21000","21000","1","1","1","IAT0909191051","NHO2018000007","PAID","","193033"),
("IATT190002543","193019","191001","192002","40000","1","40000","20000","20000","1","1","1","IAT0909191051","NHO2018000007","PAID","","PEDAS"),
("IATT190002543","193011","191001","192001","40000","1","40000","20000","20000","1","1","1","IAT0909191051","NHO2018000007","PAID","","PEDAS"),
("IATT190002543","193084","191001","192001","30000","1","30000","15000","15000","1","1","1","IAT0909191051","NHO2018000007","PAID","","PEDAS"),
("IATT190002543","193055","191002","192010","17000","1","17000","0","17000","1","1","1","IAT0909191051","NHO2018000007","PAID","","193055"),
("IATT190002543","193055","191002","192010","17000","1","17000","0","17000","2","1","1","IAT0909191051","NHO2018000007","PAID","","193055"),
("IATT190002543","193051","191002","192010","20000","1","20000","0","20000","1","1","1","IAT0909191051","NHO2018000007","PAID","no sugar","193051"),
("IATT190002544","193035","191001","192006","32000","1","32000","16000","16000","1","1","1","IAT0909191051","NHO2018000007","PAID","take away ya bang","PEDAS"),
("IATT190002544","193072","191001","192012","25000","1","25000","12500","12500","1","1","1","IAT0909191051","NHO2018000007","PAID","","193072"),
("IATT190002544","193011","191001","192001","40000","1","40000","20000","20000","1","1","1","IAT0909191051","NHO2018000007","PAID","lvl 1\ntake away ya\nkatsu sama kuah pisah\nthanks","PEDAS");



INSERT INTO pos_salestemp VALUES("IATT190002529","","1","40000","0","4000","0","44000","44000","09/09/2019","12:18","2019-09-09","13:08:18","ISU000012","tbl0012","CLOSED","1","","IATR190002459","","","","","IAT0909191051","NHO2018000007"),
("IATT190002530","","2","106000","36000","7000","0","77000","100000","09/09/2019","12:37","2019-09-09","14:03:35","ISU000012","tbl0011","CLOSED","1","","IATR190002461","","","","","IAT0909191051","NHO2018000007"),
("IATT190002531","","3","163000","54500","10850","0","119350","119350","09/09/2019","13:09","2019-09-09","14:00:25","ISU000012","tbl0010","CLOSED","1","","IATR190002460","","","","","IAT0909191051","NHO2018000007"),
("IATT190002532","","2","82000","36000","4600","0","50600","55000","09/09/2019","13:50","2019-09-09","14:29:32","ISU000012","tbl0013","CLOSED","1","","IATR190002462","","","","","IAT0909191051","NHO2018000007"),
("IATT190002533","","1","0","0","0","0","0","0","09/09/2019","14:39","09/09/2019","14:39:31","ISU000012","tbl0012","CANCELED","1","PERMINTAAN CUSTOMER","","","","","","IAT0909191051","NHO2018000007"),
("IATT190002534","","1","0","0","0","0","0","0","09/09/2019","15:05","09/09/2019","15:06:03","ISU000012","tbl0012","CANCELED","1","PERMINTAAN CUSTOMER","","","","","","IAT0909191051","NHO2018000007"),
("IATT190002535","","2","114000","40000","7400","0","81400","100000","09/09/2019","15:06","2019-09-09","15:40:02","ISU000012","tbl0012","CLOSED","1","","IATR190002463","","","","","IAT0909191051","NHO2018000007"),
("IATT190002536","","2","77000","0","7700","0","84700","84700","09/09/2019","15:31","2019-09-09","16:07:00","ISU000012","tbl0020","CLOSED","1","","IATR190002464","","","","","IAT0909191051","NHO2018000007"),
("IATT190002537","","2","30000","15000","1500","0","16500","20000","09/09/2019","16:09","2019-09-09","16:12:32","ISU000012","tbl0018","CLOSED","1","","IATR190002465","","","","","IAT0909191051","NHO2018000007"),
("IATT190002538","","3","149000","35000","11400","0","125400","150000","09/09/2019","16:37","2019-09-09","17:42:01","ISU000012","tbl0012","CLOSED","1","","IATR190002467","","","","","IAT0909191051","NHO2018000007"),
("IATT190002539","","1","54000","18500","3550","0","39050","50000","09/09/2019","16:39","2019-09-09","17:01:45","ISU000012","tbl0011","CLOSED","1","","IATR190002466","","","","","IAT0909191051","NHO2018000007"),
("IATT190002540","","2","80000","0","8000","0","88000","100000","09/09/2019","18:51","2019-09-09","19:27:51","ISU000012","tbl0011","CLOSED","1","","IATR190002468","","","","","IAT0909191051","NHO2018000007"),
("IATT190002541","","1","25000","0","2500","0","27500","27500","09/09/2019","19:21","2019-09-09","20:03:22","ISU000012","tbl0012","CLOSED","1","","IATR190002470","","","","","IAT0909191051","NHO2018000007"),
("IATT190002542","","1","42000","21000","2100","0","23100","25000","09/09/2019","19:23","2019-09-09","20:01:46","ISU000012","tbl0040","CLOSED","1","","IATR190002469","","","","","IAT0909191051","NHO2018000007"),
("IATT190002543","","3","164000","55000","10900","0","119900","119900","09/09/2019","20:20","2019-09-09","20:51:53","ISU000012","tbl0010","CLOSED","1","","IATR190002471","","","","","IAT0909191051","NHO2018000007"),
("IATT190002544","","2","97000","48500","4850","0","53350","60000","09/09/2019","20:54","2019-09-09","20:57:49","ISU000012","tbl0040","CLOSED","1","","IATR190002472","","","","","IAT0909191051","NHO2018000007");



INSERT INTO item_void VALUES("IATT190002541","IAT0909191051","NHO2018000007","193096","193096","1","50000","Before Send","Komplen Customer");



INSERT INTO pos_promotion_h VALUES("IATT190002531","NPRM18000017","DISC ITEM","1","54500","TUNJUKKAN JEMPOLMU","IAT0909191051","PAID","NHO2018000007"),
("IATT190002530","NPRM18000017","DISC ITEM","1","36000","TUNJUKKAN JEMPOLMU","IAT0909191051","PAID","NHO2018000007"),
("IATT190002532","NPRM18000017","DISC ITEM","1","36000","TUNJUKKAN JEMPOLMU","IAT0909191051","PAID","NHO2018000007"),
("IATT190002535","NPRM18000017","DISC ITEM","1","40000","TUNJUKKAN JEMPOLMU","IAT0909191051","PAID","NHO2018000007"),
("IATT190002537","NPRM18000017","DISC ITEM","1","15000","TUNJUKKAN JEMPOLMU","IAT0909191051","PAID","NHO2018000007"),
("IATT190002539","NPRM18000017","DISC ITEM","1","18500","TUNJUKKAN JEMPOLMU","IAT0909191051","PAID","NHO2018000007"),
("IATT190002538","NPRM18000017","DISC ITEM","1","35000","TUNJUKKAN JEMPOLMU","IAT0909191051","PAID","NHO2018000007"),
("IATT190002542","NPRM18000017","DISC ITEM","1","21000","TUNJUKKAN JEMPOLMU","IAT0909191051","PAID","NHO2018000007"),
("IATT190002543","NPRM18000017","DISC ITEM","1","55000","TUNJUKKAN JEMPOLMU","IAT0909191051","PAID","NHO2018000007"),
("IATT190002544","NPRM18000017","DISC ITEM","1","48500","TUNJUKKAN JEMPOLMU","IAT0909191051","PAID","NHO2018000007");



INSERT INTO pos_promotion_d VALUES("IATT190002531","NPRM18000017","DISC ITEM","1","1","193080","1","16500","IAT0909191051","PAID","NHO2018000007"),
("IATT190002531","NPRM18000017","DISC ITEM","1","1","193011","1","20000","IAT0909191051","PAID","NHO2018000007"),
("IATT190002531","NPRM18000017","DISC ITEM","1","1","193036","1","18000","IAT0909191051","PAID","NHO2018000007"),
("IATT190002530","NPRM18000017","DISC ITEM","1","1","193084","1","15000","IAT0909191051","PAID","NHO2018000007"),
("IATT190002530","NPRM18000017","DISC ITEM","1","1","193033","1","21000","IAT0909191051","PAID","NHO2018000007"),
("IATT190002532","NPRM18000017","DISC ITEM","1","1","193009","1","20000","IAT0909191051","PAID","NHO2018000007"),
("IATT190002532","NPRM18000017","DISC ITEM","1","1","193035","1","16000","IAT0909191051","PAID","NHO2018000007"),
("IATT190002535","NPRM18000017","DISC ITEM","1","1","193011","1","20000","IAT0909191051","PAID","NHO2018000007"),
("IATT190002535","NPRM18000017","DISC ITEM","1","1","193011","2","20000","IAT0909191051","PAID","NHO2018000007"),
("IATT190002537","NPRM18000017","DISC ITEM","1","1","193082","1","15000","IAT0909191051","PAID","NHO2018000007"),
("IATT190002539","NPRM18000017","DISC ITEM","1","1","193018","1","18500","IAT0909191051","PAID","NHO2018000007"),
("IATT190002538","NPRM18000017","DISC ITEM","1","1","193009","1","20000","IAT0909191051","PAID","NHO2018000007"),
("IATT190002538","NPRM18000017","DISC ITEM","1","1","193076","1","15000","IAT0909191051","PAID","NHO2018000007"),
("IATT190002542","NPRM18000017","DISC ITEM","1","1","193033","1","21000","IAT0909191051","PAID","NHO2018000007"),
("IATT190002543","NPRM18000017","DISC ITEM","1","1","193019","1","20000","IAT0909191051","PAID","NHO2018000007"),
("IATT190002543","NPRM18000017","DISC ITEM","1","1","193011","1","20000","IAT0909191051","PAID","NHO2018000007"),
("IATT190002543","NPRM18000017","DISC ITEM","1","1","193084","1","15000","IAT0909191051","PAID","NHO2018000007"),
("IATT190002544","NPRM18000017","DISC ITEM","1","1","193035","1","16000","IAT0909191051","PAID","NHO2018000007"),
("IATT190002544","NPRM18000017","DISC ITEM","1","1","193072","1","12500","IAT0909191051","PAID","NHO2018000007"),
("IATT190002544","NPRM18000017","DISC ITEM","1","1","193011","1","20000","IAT0909191051","PAID","NHO2018000007");



INSERT INTO pos_paymenttemp VALUES("IATT190002529","CARD","VISA","44000","44000","ISU000012","2019-09-09","","1","","CLOSED","IAT0909191051","NHO2018000007"),
("IATT190002531","CARD","VISA","119350","119350","ISU000012","2019-09-09","","1","","CLOSED","IAT0909191051","NHO2018000007"),
("IATT190002530","CASH","CASH","77000","100000","ISU000012","2019-09-09","","1","","CLOSED","IAT0909191051","NHO2018000007"),
("IATT190002532","CASH","CASH","50600","55000","ISU000012","2019-09-09","","1","","CLOSED","IAT0909191051","NHO2018000007"),
("IATT190002535","CASH","CASH","81400","100000","ISU000012","2019-09-09","","1","","CLOSED","IAT0909191051","NHO2018000007"),
("IATT190002536","CASH","OVO","84700","84700","ISU000012","2019-09-09","","1","","CLOSED","IAT0909191051","NHO2018000007"),
("IATT190002537","CASH","CASH","16500","20000","ISU000012","2019-09-09","","1","","CLOSED","IAT0909191051","NHO2018000007"),
("IATT190002539","CASH","CASH","39050","50000","ISU000012","2019-09-09","","1","","CLOSED","IAT0909191051","NHO2018000007"),
("IATT190002538","CASH","CASH","125400","150000","ISU000012","2019-09-09","","1","","CLOSED","IAT0909191051","NHO2018000007"),
("IATT190002540","CASH","CASH","88000","100000","ISU000012","2019-09-09","","1","","CLOSED","IAT0909191051","NHO2018000007"),
("IATT190002542","CASH","CASH","23100","25000","ISU000012","2019-09-09","","1","","CLOSED","IAT0909191051","NHO2018000007"),
("IATT190002541","CARD","MASTER","27500","27500","ISU000012","2019-09-09","","1","","CLOSED","IAT0909191051","NHO2018000007"),
("IATT190002543","CARD","MASTER","119900","119900","ISU000012","2019-09-09","","1","","CLOSED","IAT0909191051","NHO2018000007"),
("IATT190002544","CASH","CASH","53350","60000","ISU000012","2019-09-09","","1","","CLOSED","IAT0909191051","NHO2018000007");



