INSERT INTO pos_itemtemp VALUES("IATT200005234","193254","191001","192013","25000","1","25000","0","25000","1","1","1","IAT0902200913","NHO2018000007","PAID","","193254"),
("IATT200005234","193243","191001","192013","25000","1","25000","0","25000","1","1","1","IAT0902200913","NHO2018000007","PAID","","193243"),
("IATT200005235","193022","191001","192003","30000","1","30000","0","30000","1","1","1","IAT0902200913","NHO2018000007","PAID","","193022"),
("IATT200005235","193024","191001","192003","30000","1","30000","0","30000","1","1","1","IAT0902200913","NHO2018000007","PAID","","193024"),
("IATT200005235","193049","191002","192010","10000","1","10000","0","10000","1","1","1","IAT0902200913","NHO2018000007","PAID","","193049"),
("IATT200005235","193048","191002","192010","8000","1","8000","0","8000","1","1","1","IAT0902200913","NHO2018000007","PAID","","193048"),
("IATT200005236","193012","191001","192001","40000","1","40000","0","40000","1","1","1","IAT0902200913","NHO2018000007","PAID","","193012"),
("IATT200005236","193085","191001","192001","30000","1","30000","0","30000","1","1","1","IAT0902200913","NHO2018000007","PAID","","193085"),
("IATT200005236","193052","191002","192010","20000","1","20000","0","20000","1","1","1","IAT0902200913","NHO2018000007","PAID","tanpa susu ","193052"),
("IATT200005236","193052","191002","192010","20000","1","20000","0","20000","2","1","1","IAT0902200913","NHO2018000007","PAID","","193052"),
("IATT200005236","193111","191001","192008","25000","1","25000","0","25000","1","1","2","IAT0902200913","NHO2018000007","PAID","","193111"),
("IATT200005237","193083","191001","192001","30000","1","30000","0","30000","1","1","1","IAT0902200913","NHO2018000007","PAID","","193083"),
("IATT200005237","193030","191001","192004","27000","1","27000","0","27000","1","1","1","IAT0902200913","NHO2018000007","PAID","","193030"),
("IATT200005237","193049","191002","192010","10000","1","10000","0","10000","1","1","1","IAT0902200913","NHO2018000007","PAID","","193049"),
("IATT200005237","193049","191002","192010","10000","1","10000","0","10000","2","1","1","IAT0902200913","NHO2018000007","PAID","","193049"),
("IATT200005238","193083","191001","192001","30000","1","30000","0","30000","1","1","1","IAT0902200913","NHO2018000007","PAID","","193083"),
("IATT200005238","193030","191001","192004","27000","1","27000","0","27000","1","1","1","IAT0902200913","NHO2018000007","PAID","","193030"),
("IATT200005238","193055","191002","192010","17000","1","17000","0","17000","1","1","1","IAT0902200913","NHO2018000007","PAID","","193055"),
("IATT200005238","193055","191002","192010","17000","1","17000","0","17000","2","1","1","IAT0902200913","NHO2018000007","PAID","","193055"),
("IATT200005239","193071","191001","192012","18000","1","18000","0","18000","1","1","1","IAT0902200913","NHO2018000007","PAID","take way","193071"),
("IATT200005239","193022","191001","192003","30000","1","30000","0","30000","1","1","1","IAT0902200913","NHO2018000007","PAID","","193022"),
("IATT200005239","193024","191001","192003","30000","1","30000","0","30000","1","1","1","IAT0902200913","NHO2018000007","PAID","take way","193024"),
("IATT200005240","193111","191001","192008","25000","1","25000","0","25000","1","1","1","IAT0902200913","NHO2018000007","PAID","","193111"),
("IATT200005240","193118","191001","192012","20000","1","20000","0","20000","1","1","1","IAT0902200913","NHO2018000007","PAID","","193118"),
("IATT200005240","193048","191002","192010","8000","1","8000","0","8000","1","1","1","IAT0902200913","NHO2018000007","PAID","","193048"),
("IATT200005240","193048","191002","192010","8000","1","8000","0","8000","2","1","1","IAT0902200913","NHO2018000007","PAID","","193048"),
("IATT200005240","193119","191001","192012","20000","1","20000","0","20000","1","1","1","IAT0902200913","NHO2018000007","PAID","","193119"),
("IATT200005240","193076","191001","192001","30000","1","30000","0","30000","1","1","1","IAT0902200913","NHO2018000007","PAID","takeaway","193076"),
("IATT200005240","193247","191001","192013","25000","1","25000","0","25000","1","1","1","IAT0902200913","NHO2018000007","PAID","","193247"),
("IATT200005240","193242","191001","192013","25000","1","25000","0","25000","1","1","1","IAT0902200913","NHO2018000007","PAID","","193242"),
("IATT200005240","193046","191002","192010","10000","1","10000","0","10000","1","1","1","IAT0902200913","NHO2018000007","PAID","","193046"),
("IATT200005241","193242","191001","192013","25000","1","25000","0","25000","1","1","1","IAT0902200913","NHO2018000007","PAID","","193242"),
("IATT200005241","193247","191001","192013","25000","1","25000","0","25000","1","1","1","IAT0902200913","NHO2018000007","PAID","","193247"),
("IATT200005242","193071","191001","192012","18000","1","18000","0","18000","1","1","1","IAT0902200913","NHO2018000007","PAID","","193071"),
("IATT200005242","193055","191002","192010","17000","1","17000","0","17000","1","1","1","IAT0902200913","NHO2018000007","PAID","","193055"),
("IATT200005243","193243","191001","192013","25000","1","25000","0","25000","1","1","1","IAT0902200913","NHO2018000007","PAID","","193243"),
("IATT200005243","193253","191001","192013","25000","1","25000","0","25000","1","1","1","IAT0902200913","NHO2018000007","PAID","","193253"),
("IATT200005243","193056","191002","192010","17000","1","17000","0","17000","1","1","1","IAT0902200913","NHO2018000007","PAID","","193056"),
("IATT200005243","193048","191002","192010","8000","1","8000","0","8000","1","1","1","IAT0902200913","NHO2018000007","PAID","","193048"),
("IATT200005244","193087","191001","192002","33000","1","33000","0","33000","1","1","1","IAT0902200913","NHO2018000007","PAID","sambel pisah","193087"),
("IATT200005244","193087","191001","192002","33000","1","33000","0","33000","2","1","1","IAT0902200913","NHO2018000007","PAID","","193087"),
("IATT200005244","193055","191002","192010","17000","1","17000","0","17000","1","1","1","IAT0902200913","NHO2018000007","PAID","","193055"),
("IATT200005244","193055","191002","192010","17000","1","17000","0","17000","2","1","1","IAT0902200913","NHO2018000007","PAID","","193055"),
("IATT200005244","193118","191001","192012","20000","1","20000","0","20000","1","1","1","IAT0902200913","NHO2018000007","PAID","","193118"),
("IATT200005244","193069","191001","192012","13000","1","13000","0","13000","1","1","1","IAT0902200913","NHO2018000007","PAID","","193069"),
("IATT200005245","193253","191001","192013","25000","1","25000","0","25000","1","1","1","IAT0902200913","NHO2018000007","PAID","","193253"),
("IATT200005245","193242","191001","192013","25000","1","25000","0","25000","1","1","1","IAT0902200913","NHO2018000007","PAID","","193242"),
("IATT200005246","193011","191001","192001","40000","1","40000","0","40000","1","1","1","IAT0902200913","NHO2018000007","PAID","LVL 1","PEDAS"),
("IATT200005246","193009","191001","192001","40000","1","40000","0","40000","1","1","1","IAT0902200913","NHO2018000007","PAID","PEDES","193009"),
("IATT200005246","193055","191002","192010","17000","1","17000","0","17000","1","1","1","IAT0902200913","NHO2018000007","PAID","","193055"),
("IATT200005246","193049","191002","192010","10000","1","10000","0","10000","1","1","1","IAT0902200913","NHO2018000007","PAID","","193049"),
("IATT200005247","193084","191001","192001","30000","1","30000","0","30000","1","1","1","IAT0902200913","NHO2018000007","PAID","LVL 1","PEDAS"),
("IATT200005247","193011","191001","192001","40000","1","40000","0","40000","1","1","1","IAT0902200913","NHO2018000007","PAID","LVL 1","PEDAS"),
("IATT200005247","193082","191001","192001","30000","1","30000","0","30000","1","1","1","IAT0902200913","NHO2018000007","PAID","","193082"),
("IATT200005247","193046","191002","192010","10000","1","10000","0","10000","1","1","1","IAT0902200913","NHO2018000007","PAID","","193046"),
("IATT200005247","193046","191002","192010","10000","1","10000","0","10000","2","1","1","IAT0902200913","NHO2018000007","PAID","","193046"),
("IATT200005247","193046","191002","192010","10000","1","10000","0","10000","3","1","1","IAT0902200913","NHO2018000007","PAID","","193046"),
("IATT200005248","193048","191002","192010","8000","1","8000","0","8000","1","1","1","IAT0902200913","NHO2018000007","PAID","","193048"),
("IATT200005248","193047","191002","192010","10000","1","10000","0","10000","1","1","1","IAT0902200913","NHO2018000007","PAID","","193047"),
("IATT200005249","193024","191001","192003","30000","1","30000","0","30000","1","1","1","IAT0902200913","NHO2018000007","PAID","","193024"),
("IATT200005249","193048","191002","192010","8000","1","8000","0","8000","1","1","1","IAT0902200913","NHO2018000007","PAID","","193048"),
("IATT200005249","193047","191002","192010","10000","1","10000","0","10000","1","1","1","IAT0902200913","NHO2018000007","PAID","","193047"),
("IATT200005249","193249","191001","192013","25000","1","25000","0","25000","1","1","1","IAT0902200913","NHO2018000007","PAID","","193249"),
("IATT200005249","193244","191001","192013","25000","1","25000","0","25000","1","1","1","IAT0902200913","NHO2018000007","PAID","","193244"),
("IATT200005248","193243","191001","192013","25000","1","25000","0","25000","1","1","2","IAT0902200913","NHO2018000007","PAID","","193243"),
("IATT200005248","193253","191001","192013","25000","1","25000","0","25000","1","1","2","IAT0902200913","NHO2018000007","PAID","","193253"),
("IATT200005250","193084","191001","192001","30000","1","30000","0","30000","1","1","1","IAT0902200913","NHO2018000007","PAID","","PEDAS"),
("IATT200005250","193253","191001","192013","25000","1","25000","0","25000","1","1","1","IAT0902200913","NHO2018000007","PAID","LV 2","193253"),
("IATT200005250","193240","191001","192013","25000","1","25000","0","25000","1","1","1","IAT0902200913","NHO2018000007","PAID","","193240"),
("IATT200005250","193049","191002","192010","10000","1","10000","0","10000","1","1","1","IAT0902200913","NHO2018000007","PAID","","193049"),
("IATT200005250","193055","191002","192010","17000","1","17000","0","17000","1","1","1","IAT0902200913","NHO2018000007","PAID","","193055"),
("IATT200005251","193253","191001","192013","25000","1","25000","0","25000","1","1","1","IAT0902200913","NHO2018000007","PAID","","193253"),
("IATT200005251","193243","191001","192013","25000","1","25000","0","25000","1","1","1","IAT0902200913","NHO2018000007","PAID","","193243"),
("IATT200005252","193255","191001","192013","25000","1","25000","0","25000","1","1","1","IAT0902200913","NHO2018000007","PAID","","193255"),
("IATT200005252","193244","191001","192013","25000","1","25000","0","25000","1","1","1","IAT0902200913","NHO2018000007","PAID","","193244"),
("IATT200005252","193085","191001","192001","30000","1","30000","0","30000","1","1","1","IAT0902200913","NHO2018000007","PAID","","193085"),
("IATT200005252","193084","191001","192001","30000","1","30000","0","30000","1","1","1","IAT0902200913","NHO2018000007","PAID","","PEDAS"),
("IATT200005252","193078","191001","192001","30000","1","30000","0","30000","1","1","1","IAT0902200913","NHO2018000007","PAID","","PEDAS"),
("IATT200005252","193077","191001","192001","30000","1","30000","0","30000","1","1","1","IAT0902200913","NHO2018000007","PAID","","193077"),
("IATT200005252","193086","191001","192002","33000","1","33000","0","33000","1","1","1","IAT0902200913","NHO2018000007","PAID","","PEDAS"),
("IATT200005252","193033","191001","192005","42000","1","42000","0","42000","1","1","1","IAT0902200913","NHO2018000007","PAID","","193033"),
("IATT200005252","193023","191001","192003","30000","1","30000","0","30000","1","1","1","IAT0902200913","NHO2018000007","PAID","","193023"),
("IATT200005252","193052","191002","192010","20000","1","20000","0","20000","1","1","1","IAT0902200913","NHO2018000007","PAID","","193052"),
("IATT200005252","193054","191002","192010","20000","1","20000","0","20000","1","1","1","IAT0902200913","NHO2018000007","PAID","","193054"),
("IATT200005252","193054","191002","192010","20000","1","20000","0","20000","2","1","1","IAT0902200913","NHO2018000007","PAID","","193054"),
("IATT200005252","193054","191002","192010","20000","1","20000","0","20000","3","1","1","IAT0902200913","NHO2018000007","PAID","","193054"),
("IATT200005252","193056","191002","192010","17000","1","17000","0","17000","1","1","1","IAT0902200913","NHO2018000007","PAID","","193056"),
("IATT200005252","193056","191002","192010","17000","1","17000","0","17000","2","1","1","IAT0902200913","NHO2018000007","PAID","","193056"),
("IATT200005252","193051","191002","192010","20000","1","20000","0","20000","1","1","1","IAT0902200913","NHO2018000007","PAID","","193051"),
("IATT200005252","193048","191002","192010","8000","1","8000","0","8000","1","1","1","IAT0902200913","NHO2018000007","PAID","","193048"),
("IATT200005252","193048","191002","192010","8000","1","8000","0","8000","2","1","1","IAT0902200913","NHO2018000007","PAID","","193048"),
("IATT200005252","193053","191002","192010","20000","1","20000","0","20000","1","1","1","IAT0902200913","NHO2018000007","PAID","","193053"),
("IATT200005253","193246","191001","192013","25000","1","25000","0","25000","1","1","1","IAT0902200913","NHO2018000007","PAID","","193246"),
("IATT200005253","193243","191001","192013","25000","1","25000","0","25000","1","1","1","IAT0902200913","NHO2018000007","PAID","","193243"),
("IATT200005253","193087","191001","192002","33000","1","33000","0","33000","1","1","1","IAT0902200913","NHO2018000007","PAID","","193087"),
("IATT200005253","193024","191001","192003","30000","1","30000","0","30000","1","1","1","IAT0902200913","NHO2018000007","PAID","","193024"),
("IATT200005253","193047","191002","192010","10000","1","10000","0","10000","1","1","1","IAT0902200913","NHO2018000007","PAID","","193047"),
("IATT200005253","193047","191002","192010","10000","1","10000","0","10000","2","1","1","IAT0902200913","NHO2018000007","PAID","","193047"),
("IATT200005253","193047","191002","192010","10000","1","10000","0","10000","3","1","1","IAT0902200913","NHO2018000007","PAID","","193047"),
("IATT200005253","193047","191002","192010","10000","1","10000","0","10000","4","1","1","IAT0902200913","NHO2018000007","PAID","","193047"),
("IATT200005252","193083","191001","192001","30000","1","30000","0","30000","1","1","2","IAT0902200913","NHO2018000007","PAID","","193083"),
("IATT200005252","193034","191001","192005","37000","1","37000","0","37000","1","1","2","IAT0902200913","NHO2018000007","PAID","","193034"),
("IATT200005252","193034","191001","192005","37000","1","37000","0","37000","2","1","2","IAT0902200913","NHO2018000007","PAID","","193034"),
("IATT200005252","193054","191002","192010","20000","1","20000","0","20000","4","1","2","IAT0902200913","NHO2018000007","PAID","","193054"),
("IATT200005252","193055","191002","192010","17000","1","17000","0","17000","1","1","2","IAT0902200913","NHO2018000007","PAID","","193055"),
("IATT200005252","193055","191002","192010","17000","1","17000","0","17000","2","1","2","IAT0902200913","NHO2018000007","PAID","","193055"),
("IATT200005254","193255","191001","192013","25000","1","25000","0","25000","1","1","1","IAT0902200913","NHO2018000007","PAID","","193255"),
("IATT200005254","193243","191001","192013","25000","1","25000","0","25000","1","1","1","IAT0902200913","NHO2018000007","PAID","","193243"),
("IATT200005254","193085","191001","192001","30000","1","30000","0","30000","1","1","2","IAT0902200913","NHO2018000007","PAID","","193085"),
("IATT200005254","193047","191002","192010","10000","1","10000","0","10000","1","1","2","IAT0902200913","NHO2018000007","PAID","","193047"),
("IATT200005254","193047","191002","192010","10000","1","10000","0","10000","2","1","2","IAT0902200913","NHO2018000007","PAID","","193047"),
("IATT200005254","193047","191002","192010","10000","1","10000","0","10000","3","1","2","IAT0902200913","NHO2018000007","PAID","","193047"),
("IATT200005255","193085","191001","192001","30000","1","30000","0","30000","1","1","1","IAT0902200913","NHO2018000007","PAID","","193085"),
("IATT200005255","193084","191001","192001","30000","1","30000","0","30000","1","1","1","IAT0902200913","NHO2018000007","PAID","","PEDAS"),
("IATT200005255","193056","191002","192010","17000","1","17000","0","17000","1","1","1","IAT0902200913","NHO2018000007","PAID","","193056"),
("IATT200005255","193055","191002","192010","17000","1","17000","0","17000","1","1","1","IAT0902200913","NHO2018000007","PAID","","193055"),
("IATT200005256","193052","191002","192010","20000","1","20000","0","20000","1","1","1","IAT0902200913","NHO2018000007","PAID","","193052"),
("IATT200005256","193052","191002","192010","20000","1","20000","0","20000","2","1","1","IAT0902200913","NHO2018000007","PAID","","193052"),
("IATT200005256","193039","191001","192006","36000","1","36000","0","36000","1","1","1","IAT0902200913","NHO2018000007","PAID","","ORIGINAL"),
("IATT200005256","193032","191001","192004","30000","1","30000","0","30000","1","1","1","IAT0902200913","NHO2018000007","PAID","","193032"),
("IATT200005257","193039","191001","192006","36000","1","36000","0","36000","1","1","1","IAT0902200913","NHO2018000007","PAID","","ORIGINAL"),
("IATT200005257","193017","191001","192002","37000","1","37000","0","37000","1","1","1","IAT0902200913","NHO2018000007","PAID","","193017"),
("IATT200005257","193007","191001","192001","37000","1","37000","0","37000","1","1","1","IAT0902200913","NHO2018000007","PAID","","PEDAS"),
("IATT200005257","193111","191001","192008","25000","1","25000","0","25000","1","1","1","IAT0902200913","NHO2018000007","PAID","","193111"),
("IATT200005257","193048","191002","192010","8000","1","8000","0","8000","1","1","1","IAT0902200913","NHO2018000007","PAID","","193048"),
("IATT200005257","193048","191002","192010","8000","1","8000","0","8000","2","1","1","IAT0902200913","NHO2018000007","PAID","","193048"),
("IATT200005257","193054","191002","192010","20000","1","20000","0","20000","1","1","1","IAT0902200913","NHO2018000007","PAID","","193054"),
("IATT200005257","193047","191002","192010","10000","1","10000","0","10000","1","1","1","IAT0902200913","NHO2018000007","PAID","","193047"),
("IATT200005258","193028","191001","192003","43000","1","43000","0","43000","1","1","1","IAT0902200913","NHO2018000007","PAID","","193028"),
("IATT200005258","193022","191001","192003","30000","1","30000","0","30000","1","1","1","IAT0902200913","NHO2018000007","PAID","","193022"),
("IATT200005258","193070","191001","192012","13000","1","13000","0","13000","1","1","1","IAT0902200913","NHO2018000007","PAID","","193070"),
("IATT200005258","193047","191002","192010","10000","1","10000","0","10000","1","1","1","IAT0902200913","NHO2018000007","PAID","","193047"),
("IATT200005258","193047","191002","192010","10000","1","10000","0","10000","2","1","1","IAT0902200913","NHO2018000007","PAID","","193047"),
("IATT200005259","193011","191001","192001","40000","1","40000","0","40000","1","1","1","IAT0902200913","NHO2018000007","PAID","","ORIGINAL"),
("IATT200005259","193024","191001","192003","30000","1","30000","0","30000","1","1","1","IAT0902200913","NHO2018000007","PAID","","193024"),
("IATT200005259","193052","191002","192010","20000","1","20000","0","20000","1","1","1","IAT0902200913","NHO2018000007","PAID","","193052"),
("IATT200005259","193048","191002","192010","8000","1","8000","0","8000","1","1","1","IAT0902200913","NHO2018000007","PAID","","193048"),
("IATT200005257","193054","191002","192010","20000","1","20000","0","20000","2","1","2","IAT0902200913","NHO2018000007","PAID","","193054"),
("IATT200005260","193253","191001","192013","25000","1","25000","0","25000","1","1","1","IAT0902200913","NHO2018000007","PAID","","193253"),
("IATT200005260","193239","191001","192013","25000","1","25000","0","25000","1","1","1","IAT0902200913","NHO2018000007","PAID","","193239"),
("IATT200005260","193086","191001","192002","33000","1","33000","0","33000","1","1","1","IAT0902200913","NHO2018000007","PAID","","PEDAS"),
("IATT200005260","193055","191002","192010","17000","1","17000","0","17000","1","1","1","IAT0902200913","NHO2018000007","PAID","","193055"),
("IATT200005261","193082","191001","192001","30000","1","30000","0","30000","1","1","1","IAT0902200913","NHO2018000007","PAID","","193082"),
("IATT200005261","193054","191002","192010","20000","1","20000","0","20000","1","1","1","IAT0902200913","NHO2018000007","PAID","","193054");



INSERT INTO pos_salestemp VALUES("IATT200005234","","1","50000","0","5000","0","55000","55000","09/02/2020","12:10","2020-02-09","12:28:26","ISU000006","tbl0003","CLOSED","1","","IATR200005092","","","","","IAT0902200913","NHO2018000007"),
("IATT200005235","","2","78000","0","7800","0","85800","85800","09/02/2020","12:38","2020-02-09","13:53:57","ISU000006","tbl0010","CLOSED","1","","IATR200005093","","","","","IAT0902200913","NHO2018000007"),
("IATT200005236","","2","135000","0","13500","0","148500","150000","09/02/2020","13:18","2020-02-09","14:21:37","ISU000006","tbl0012","CLOSED","1","","IATR200005097","","","","","IAT0902200913","NHO2018000007"),
("IATT200005237","","1","77000","0","7700","0","84700","84700","09/02/2020","13:27","2020-02-09","14:03:17","ISU000006","tbl0004","CLOSED","1","","IATR200005094","","","","","IAT0902200913","NHO2018000007"),
("IATT200005238","","1","91000","0","9100","0","100100","100100","09/02/2020","13:27","2020-02-09","14:04:55","ISU000006","tbl0006","CLOSED","1","","IATR200005095","","","","","IAT0902200913","NHO2018000007"),
("IATT200005239","","1","78000","0","7800","0","85800","85800","09/02/2020","13:37","2020-02-09","14:05:50","ISU000006","tbl0007","CLOSED","1","","IATR200005096","","","","","IAT0902200913","NHO2018000007"),
("IATT200005240","","1","171000","0","17100","0","188100","188100","09/02/2020","13:41","2020-02-09","14:36:31","ISU000004","tbl0014","CLOSED","1","","IATR200005100","","","","","IAT0902200913","NHO2018000007"),
("IATT200005241","","1","50000","0","5000","0","55000","55000","09/02/2020","13:43","2020-02-09","14:35:42","ISU000004","tbl0015","CLOSED","1","","IATR200005099","","","","","IAT0902200913","NHO2018000007"),
("IATT200005242","","1","35000","0","3500","0","38500","38500","09/02/2020","13:51","2020-02-09","14:22:54","ISU000004","tbl0005","CLOSED","1","","IATR200005098","","","","","IAT0902200913","NHO2018000007"),
("IATT200005243","","2","75000","0","7500","0","82500","100000","09/02/2020","14:14","2020-02-09","14:41:50","ISU000004","tbl0010","CLOSED","1","","IATR200005101","","","","","IAT0902200913","NHO2018000007"),
("IATT200005244","","2","133000","0","13300","0","146300","146300","09/02/2020","16:05","2020-02-09","16:43:01","ISU000004","tbl0010","CLOSED","1","","IATR200005102","","","","","IAT0902200913","NHO2018000007"),
("IATT200005245","","2","50000","0","5000","0","55000","55000","09/02/2020","16:45","2020-02-09","17:46:31","ISU000004","tbl0011","CLOSED","1","","IATR200005103","","","","","IAT0902200913","NHO2018000007"),
("IATT200005246","","2","107000","0","10700","0","117700","120000","09/02/2020","17:04","2020-02-09","18:19:04","ISU000004","tbl0012","CLOSED","1","","IATR200005105","","","","","IAT0902200913","NHO2018000007"),
("IATT200005247","","3","130000","0","13000","0","143000","143000","09/02/2020","17:10","2020-02-09","17:49:13","ISU000004","tbl0010","CLOSED","1","","IATR200005104","","","","","IAT0902200913","NHO2018000007"),
("IATT200005248","","2","68000","0","6800","0","74800","75000","09/02/2020","17:43","2020-02-09","18:38:47","ISU000004","tbl0013","CLOSED","1","","IATR200005109","","","","","IAT0902200913","NHO2018000007"),
("IATT200005249","","2","98000","0","9800","0","107800","108000","09/02/2020","17:43","2020-02-09","18:38:20","ISU000004","tbl0014","CLOSED","1","","IATR200005108","","","","","IAT0902200913","NHO2018000007"),
("IATT200005250","","4","107000","0","10700","0","117700","117700","09/02/2020","18:05","2020-02-09","18:37:07","ISU000004","tbl0011","CLOSED","1","","IATR200005107","","","","","IAT0902200913","NHO2018000007"),
("IATT200005251","","2","50000","0","5000","0","55000","55000","09/02/2020","18:20","2020-02-09","18:35:39","ISU000004","tbl0001, tbl0008","CLOSED","1","","IATR200005106","","","","","IAT0902200913","NHO2018000007"),
("IATT200005252","","9","603000","0","60300","0","663300","663300","09/02/2020","18:25","2020-02-09","19:38:41","ISU000004","tbl0022","CLOSED","1","","IATR200005112","","","","","IAT0902200913","NHO2018000007"),
("IATT200005253","","4","153000","0","15300","0","168300","200000","09/02/2020","18:28","2020-02-09","19:21:52","ISU000004","tbl0010","CLOSED","1","","IATR200005111","","","","","IAT0902200913","NHO2018000007"),
("IATT200005254","","3","110000","0","11000","0","121000","150000","09/02/2020","18:55","2020-02-09","19:17:37","ISU000004","tbl0012","CLOSED","1","","IATR200005110","","","","","IAT0902200913","NHO2018000007"),
("IATT200005255","","2","94000","0","9400","0","103400","120000","09/02/2020","19:04","2020-02-09","20:01:55","ISU000004","tbl0011","CLOSED","1","","IATR200005113","","","","","IAT0902200913","NHO2018000007"),
("IATT200005256","","2","106000","0","10600","0","116600","200000","09/02/2020","19:31","2020-02-09","20:03:33","ISU000004","tbl0004","CLOSED","1","","IATR200005114","","","","","IAT0902200913","NHO2018000007"),
("IATT200005257","","3","201000","0","20100","0","221100","221100","09/02/2020","19:44","2020-02-09","20:43:15","ISU000004","tbl0012","CLOSED","1","","IATR200005116","","","","","IAT0902200913","NHO2018000007"),
("IATT200005258","","2","106000","0","10600","0","116600","116600","09/02/2020","19:51","2020-02-09","20:22:59","ISU000004","tbl0010","CLOSED","1","","IATR200005115","","","","","IAT0902200913","NHO2018000007"),
("IATT200005259","","2","98000","0","9800","0","107800","107800","09/02/2020","20:11","2020-02-09","20:46:10","ISU000004","tbl0014","CLOSED","1","","IATR200005117","","","","","IAT0902200913","NHO2018000007"),
("IATT200005260","","2","100000","0","10000","0","110000","150000","09/02/2020","20:23","2020-02-09","21:00:37","ISU000004","tbl0011","CLOSED","1","","IATR200005118","","","","","IAT0902200913","NHO2018000007"),
("IATT200005261","","1","50000","0","5000","0","55000","55000","09/02/2020","20:54","2020-02-09","21:46:21","ISU000004","tbl0012","CLOSED","1","","IATR200005119","","","","","IAT0902200913","NHO2018000007");



INSERT INTO item_void VALUES("IATT200005248","IAT0902200913","NHO2018000007","193030","193030","1","27000","Before Send","Komplen Customer"),
("IATT200005248","IAT0902200913","NHO2018000007","193084","PEDAS","1","30000","Before Send","Komplen Customer"),
("IATT200005250","IAT0902200913","NHO2018000007","193084","PEDAS","1","30000","Before Send","Komplen Customer");









INSERT INTO pos_paymenttemp VALUES("IATT200005234","CASH","CASH","55000","55000","ISU000006","2020-02-09","","1","","CLOSED","IAT0902200913","NHO2018000007"),
("IATT200005235","CASH","OVO","85800","85800","ISU000006","2020-02-09","","1","","CLOSED","IAT0902200913","NHO2018000007"),
("IATT200005237","CARD","DEBIT BCA","84700","84700","ISU000006","2020-02-09","","1","","CLOSED","IAT0902200913","NHO2018000007"),
("IATT200005238","CARD","DEBIT BCA","100100","100100","ISU000006","2020-02-09","","1","","CLOSED","IAT0902200913","NHO2018000007"),
("IATT200005239","CARD","DEBIT BCA","85800","85800","ISU000006","2020-02-09","","1","","CLOSED","IAT0902200913","NHO2018000007"),
("IATT200005236","CASH","CASH","148500","150000","ISU000006","2020-02-09","","1","","CLOSED","IAT0902200913","NHO2018000007"),
("IATT200005242","CARD","DEBIT BCA","38500","38500","ISU000004","2020-02-09","","1","","CLOSED","IAT0902200913","NHO2018000007"),
("IATT200005241","CARD","DEBIT BCA","55000","55000","ISU000004","2020-02-09","","1","","CLOSED","IAT0902200913","NHO2018000007"),
("IATT200005240","CARD","DEBIT BCA","188100","188100","ISU000004","2020-02-09","","1","","CLOSED","IAT0902200913","NHO2018000007"),
("IATT200005243","CASH","CASH","82500","100000","ISU000004","2020-02-09","","1","","CLOSED","IAT0902200913","NHO2018000007"),
("IATT200005244","CARD","DEBIT BCA","146300","146300","ISU000004","2020-02-09","","1","","CLOSED","IAT0902200913","NHO2018000007"),
("IATT200005245","CARD","MASTER","55000","55000","ISU000004","2020-02-09","","1","","CLOSED","IAT0902200913","NHO2018000007"),
("IATT200005247","CARD","DEBIT BCA","143000","143000","ISU000004","2020-02-09","","1","","CLOSED","IAT0902200913","NHO2018000007"),
("IATT200005246","CASH","CASH","117700","120000","ISU000004","2020-02-09","","1","","CLOSED","IAT0902200913","NHO2018000007"),
("IATT200005251","CASH","CASH","55000","55000","ISU000004","2020-02-09","","1","","CLOSED","IAT0902200913","NHO2018000007"),
("IATT200005250","CARD","DEBIT BCA","117700","117700","ISU000004","2020-02-09","","1","","CLOSED","IAT0902200913","NHO2018000007"),
("IATT200005249","CASH","CASH","107800","108000","ISU000004","2020-02-09","","1","","CLOSED","IAT0902200913","NHO2018000007"),
("IATT200005248","CASH","CASH","74800","75000","ISU000004","2020-02-09","","1","","CLOSED","IAT0902200913","NHO2018000007"),
("IATT200005254","CASH","CASH","121000","150000","ISU000004","2020-02-09","","1","","CLOSED","IAT0902200913","NHO2018000007"),
("IATT200005253","CASH","CASH","168300","200000","ISU000004","2020-02-09","","1","","CLOSED","IAT0902200913","NHO2018000007"),
("IATT200005252","CARD","VISA","663300","663300","ISU000004","2020-02-09","","1","","CLOSED","IAT0902200913","NHO2018000007"),
("IATT200005255","CASH","CASH","103400","120000","ISU000004","2020-02-09","","1","","CLOSED","IAT0902200913","NHO2018000007"),
("IATT200005256","CASH","CASH","116600","200000","ISU000004","2020-02-09","","1","","CLOSED","IAT0902200913","NHO2018000007"),
("IATT200005258","CARD","DEBIT BCA","116600","116600","ISU000004","2020-02-09","","1","","CLOSED","IAT0902200913","NHO2018000007"),
("IATT200005257","CARD","DEBIT BCA","221100","221100","ISU000004","2020-02-09","","1","","CLOSED","IAT0902200913","NHO2018000007"),
("IATT200005259","CASH","OVO","107800","107800","ISU000004","2020-02-09","","1","","CLOSED","IAT0902200913","NHO2018000007"),
("IATT200005260","CASH","CASH","110000","150000","ISU000004","2020-02-09","","1","","CLOSED","IAT0902200913","NHO2018000007"),
("IATT200005261","CARD","DEBIT BCA","55000","55000","ISU000004","2020-02-09","","1","","CLOSED","IAT0902200913","NHO2018000007");



