INSERT INTO pos_itemtemp VALUES("IATT190004134","193033","191001","192005","42000","1","42000","21000","21000","1","1","1","IAT0212191005","NHO2018000007","PAID","","193033"),
("IATT190004134","193114","191001","192006","42000","1","42000","21000","21000","1","1","1","IAT0212191005","NHO2018000007","PAID","pedas sedang","193114"),
("IATT190004134","193047","191002","192010","10000","1","10000","0","10000","1","1","1","IAT0212191005","NHO2018000007","PAID","","193047"),
("IATT190004134","193055","191002","192010","17000","1","17000","0","17000","1","1","1","IAT0212191005","NHO2018000007","PAID","","193055"),
("IATT190004134","193036","191001","192006","36000","1","36000","18000","18000","1","1","1","IAT0212191005","NHO2018000007","PAID","","PEDAS"),
("IATT190004134","193046","191002","192010","10000","1","10000","0","10000","1","1","2","IAT0212191005","NHO2018000007","PAID","","193046"),
("IATT190004134","193047","191002","192010","10000","1","10000","0","10000","2","1","3","IAT0212191005","NHO2018000007","PAID","","193047"),
("IATT190004136","193077","191001","192001","30000","1","30000","0","30000","1","1","1","IAT0212191005","NHO2018000007","PAID","","193077"),
("IATT190004136","193055","191002","192010","17000","1","17000","0","17000","1","1","1","IAT0212191005","NHO2018000007","PAID","","193055"),
("IATT190004136","193056","191002","192010","17000","1","17000","0","17000","1","1","1","IAT0212191005","NHO2018000007","PAID","","193056"),
("IATT190004137","193012","191001","192001","40000","1","40000","20000","20000","1","1","1","IAT0212191005","NHO2018000007","PAID","","193012"),
("IATT190004137","193085","191001","192001","30000","1","30000","15000","15000","1","1","1","IAT0212191005","NHO2018000007","PAID","","193085"),
("IATT190004137","193012","191001","192001","40000","1","40000","20000","20000","2","1","2","IAT0212191005","NHO2018000007","PAID","take away","193012"),
("IATT190004138","193005","191001","192001","37000","1","37000","0","37000","1","1","1","IAT0212191005","NHO2018000007","PAID","","193005"),
("IATT190004138","193085","191001","192001","30000","1","30000","0","30000","1","1","1","IAT0212191005","NHO2018000007","PAID","","193085"),
("IATT190004138","193084","191001","192001","30000","1","30000","0","30000","1","1","1","IAT0212191005","NHO2018000007","PAID","","PEDAS"),
("IATT190004138","193047","191002","192010","10000","1","10000","0","10000","1","1","1","IAT0212191005","NHO2018000007","PAID","","193047"),
("IATT190004138","193046","191002","192010","10000","1","10000","0","10000","1","1","1","IAT0212191005","NHO2018000007","PAID","","193046"),
("IATT190004138","193046","191002","192010","10000","1","10000","0","10000","2","1","1","IAT0212191005","NHO2018000007","PAID","","193046"),
("IATT190004139","193113","191001","192003","55000","1","55000","0","55000","1","1","1","IAT0212191005","NHO2018000007","PAID","","193113"),
("IATT190004139","193085","191001","192001","30000","1","30000","0","30000","1","1","1","IAT0212191005","NHO2018000007","PAID","","193085"),
("IATT190004139","193055","191002","192010","17000","1","17000","0","17000","1","1","1","IAT0212191005","NHO2018000007","PAID","","193055"),
("IATT190004140","193085","191001","192001","30000","1","30000","15000","15000","1","1","1","IAT0212191005","NHO2018000007","PAID","","193085"),
("IATT190004140","193084","191001","192001","30000","1","30000","15000","15000","1","1","1","IAT0212191005","NHO2018000007","PAID","","PEDAS"),
("IATT190004140","193069","191001","192012","13000","1","13000","6500","6500","1","1","1","IAT0212191005","NHO2018000007","PAID","","193069");



INSERT INTO pos_salestemp VALUES("IATT190004133","","2","0","0","0","0","0","0","02/12/2019","13:43","02/12/2019","13:43:46","ISU000004","tbl0010","CANCELED","1","PERMINTAAN CUSTOMER","","","","","","IAT0212191005","NHO2018000007"),
("IATT190004134","","3","167000","60000","10700","0","117700","117700","02/12/2019","13:43","2019-12-02","14:37:15","ISU000006","tbl0010","CLOSED","1","","IATR190004013","","","","","IAT0212191005","NHO2018000007"),
("IATT190004135","","1","0","9000","0","0","0","0","02/12/2019","14:20","02/12/2019","14:21:31","ISU000006","tbl0050","CANCELED","1","PERMINTAAN CUSTOMER","","","","","","IAT0212191005","NHO2018000007"),
("IATT190004136","","1","64000","0","6400","0","70400","70400","02/12/2019","15:19","2019-12-02","16:46:06","ISU000006","tbl0010","CLOSED","1","","IATR190004014","","","","","IAT0212191005","NHO2018000007"),
("IATT190004137","","2","110000","55000","5500","0","60500","60500","02/12/2019","16:12","2019-12-02","16:47:05","ISU000006","tbl0012","CLOSED","1","","IATR190004015","","","","","IAT0212191005","NHO2018000007"),
("IATT190004138","","3","127000","0","12700","0","139700","139700","02/12/2019","16:52","2019-12-02","18:16:41","ISU000006","tbl0011","CLOSED","1","","IATR190004016","","","","","IAT0212191005","NHO2018000007"),
("IATT190004139","","1","102000","0","10200","0","112200","112200","02/12/2019","17:52","2019-12-02","18:41:42","ISU000006","tbl0012","CLOSED","1","","IATR190004017","","","","","IAT0212191005","NHO2018000007"),
("IATT190004140","","2","73000","36500","3650","0","40150","50000","02/12/2019","20:29","2019-12-02","21:05:42","ISU000006","tbl0011","CLOSED","1","","IATR190004018","","","","","IAT0212191005","NHO2018000007");



INSERT INTO item_void VALUES("IATT190004134","IAT0212191005","NHO2018000007","193047","193047","1","10000","Before Send","Komplen Customer"),
("IATT190004135","IAT0212191005","NHO2018000007","193071","193071","1","18000","Before Send","Komplen Customer");



INSERT INTO pos_promotion_h VALUES("IATT190004134","NPRM18000021","DISC ITEM","1","60000","MENANG BANYAK","IAT0212191005","PAID","NHO2018000007"),
("IATT190004137","NPRM18000021","DISC ITEM","1","55000","MENANG BANYAK","IAT0212191005","PAID","NHO2018000007"),
("IATT190004140","NPRM18000021","DISC ITEM","1","36500","MENANG BANYAK","IAT0212191005","PAID","NHO2018000007");



INSERT INTO pos_promotion_d VALUES("IATT190004134","NPRM18000021","DISC ITEM","1","1","193033","1","21000","IAT0212191005","PAID","NHO2018000007"),
("IATT190004134","NPRM18000021","DISC ITEM","1","1","193114","1","21000","IAT0212191005","PAID","NHO2018000007"),
("IATT190004134","NPRM18000021","DISC ITEM","1","1","193036","1","18000","IAT0212191005","PAID","NHO2018000007"),
("IATT190004137","NPRM18000021","DISC ITEM","1","1","193012","1","20000","IAT0212191005","PAID","NHO2018000007"),
("IATT190004137","NPRM18000021","DISC ITEM","1","1","193085","1","15000","IAT0212191005","PAID","NHO2018000007"),
("IATT190004137","NPRM18000021","DISC ITEM","1","1","193012","2","20000","IAT0212191005","PAID","NHO2018000007"),
("IATT190004140","NPRM18000021","DISC ITEM","1","1","193085","1","15000","IAT0212191005","PAID","NHO2018000007"),
("IATT190004140","NPRM18000021","DISC ITEM","1","1","193084","1","15000","IAT0212191005","PAID","NHO2018000007"),
("IATT190004140","NPRM18000021","DISC ITEM","1","1","193069","1","6500","IAT0212191005","PAID","NHO2018000007");



INSERT INTO pos_paymenttemp VALUES("IATT190004134","CARD","DEBIT BCA","117700","117700","ISU000006","2019-12-02","","1","","CLOSED","IAT0212191005","NHO2018000007"),
("IATT190004136","CARD","DEBIT BCA","70400","70400","ISU000006","2019-12-02","","1","","CLOSED","IAT0212191005","NHO2018000007"),
("IATT190004137","CASH","CASH","60500","60500","ISU000006","2019-12-02","","1","","CLOSED","IAT0212191005","NHO2018000007"),
("IATT190004138","CASH","OVO","139700","139700","ISU000006","2019-12-02","","1","","CLOSED","IAT0212191005","NHO2018000007"),
("IATT190004139","CASH","OVO","112200","112200","ISU000006","2019-12-02","","1","","CLOSED","IAT0212191005","NHO2018000007"),
("IATT190004140","CASH","CASH","40150","50000","ISU000006","2019-12-02","","1","","CLOSED","IAT0212191005","NHO2018000007");



