INSERT INTO pos_itemtemp VALUES("IATT200004655","193011","191001","192001","40000","1","40000","0","40000","1","1","1","IAT0301200931","NHO2018000007","PAID","","PEDAS"),
("IATT200004655","193087","191001","192002","33000","1","33000","0","33000","1","1","1","IAT0301200931","NHO2018000007","PAID","","193087"),
("IATT200004655","193049","191002","192010","10000","1","10000","0","10000","1","1","1","IAT0301200931","NHO2018000007","PAID","","193049"),
("IATT200004655","193049","191002","192010","10000","1","10000","0","10000","2","1","1","IAT0301200931","NHO2018000007","PAID","","193049"),
("IATT200004656","193022","191001","192003","30000","1","30000","0","30000","1","1","1","IAT0301200931","NHO2018000007","PAID","","193022"),
("IATT200004657","193010","191001","192001","40000","1","40000","0","40000","1","1","1","IAT0301200931","NHO2018000007","PAID","","193010"),
("IATT200004657","193082","191001","192001","30000","1","30000","0","30000","1","1","1","IAT0301200931","NHO2018000007","PAID","","193082"),
("IATT200004657","193036","191001","192006","36000","1","36000","0","36000","1","1","1","IAT0301200931","NHO2018000007","PAID","PEDES DIKIIIT AJA","PEDAS"),
("IATT200004657","193028","191001","192003","43000","1","43000","0","43000","1","1","1","IAT0301200931","NHO2018000007","PAID","","193028"),
("IATT200004657","193047","191002","192010","10000","1","10000","0","10000","1","1","1","IAT0301200931","NHO2018000007","PAID","","193047"),
("IATT200004657","193047","191002","192010","10000","1","10000","0","10000","2","1","1","IAT0301200931","NHO2018000007","PAID","","193047"),
("IATT200004658","193048","191002","192010","8000","1","8000","0","8000","1","1","1","IAT0301200931","NHO2018000007","PAID","","193048"),
("IATT200004659","193033","191001","192005","42000","1","42000","8400","33600","1","1","1","IAT0301200931","NHO2018000007","PAID","","193033"),
("IATT200004659","193034","191001","192005","37000","1","37000","7400","29600","1","1","1","IAT0301200931","NHO2018000007","PAID","TELOR SETENGAH MATENG ","193034"),
("IATT200004659","193047","191002","192010","10000","1","10000","0","10000","1","1","1","IAT0301200931","NHO2018000007","PAID","","193047"),
("IATT200004659","193047","191002","192010","10000","1","10000","0","10000","2","1","1","IAT0301200931","NHO2018000007","PAID","","193047"),
("IATT200004660","193005","191001","192001","37000","1","37000","18500","18500","1","1","1","IAT0301200931","NHO2018000007","PAID","","193005"),
("IATT200004660","193007","191001","192001","37000","1","37000","18500","18500","1","1","1","IAT0301200931","NHO2018000007","PAID","","PEDAS"),
("IATT200004660","193016","191001","192002","37000","1","37000","18500","18500","1","1","1","IAT0301200931","NHO2018000007","PAID","","PEDAS"),
("IATT200004660","193047","191002","192010","10000","1","10000","0","10000","1","1","1","IAT0301200931","NHO2018000007","PAID","","193047"),
("IATT200004660","193047","191002","192010","10000","1","10000","0","10000","2","1","1","IAT0301200931","NHO2018000007","PAID","","193047"),
("IATT200004660","193036","191001","192006","36000","1","36000","18000","18000","1","1","1","IAT0301200931","NHO2018000007","PAID","","ORIGINAL"),
("IATT200004660","193039","191001","192006","36000","1","36000","18000","18000","1","1","1","IAT0301200931","NHO2018000007","PAID","","ORIGINAL"),
("IATT200004661","193028","191001","192003","43000","1","43000","0","43000","1","1","1","IAT0301200931","NHO2018000007","PAID","","193028"),
("IATT200004661","193113","191001","192003","55000","1","55000","0","55000","1","1","1","IAT0301200931","NHO2018000007","PAID","","193113"),
("IATT200004661","193054","191002","192010","20000","1","20000","0","20000","1","1","1","IAT0301200931","NHO2018000007","PAID","","193054"),
("IATT200004661","193055","191002","192010","17000","1","17000","0","17000","1","1","1","IAT0301200931","NHO2018000007","PAID","","193055"),
("IATT200004661","193046","191002","192010","10000","1","10000","0","10000","1","1","2","IAT0301200931","NHO2018000007","PAID","","193046"),
("IATT200004662","193048","191002","192010","8000","1","8000","0","8000","1","1","1","IAT0301200931","NHO2018000007","PAID","","193048"),
("IATT200004662","193048","191002","192010","8000","1","8000","0","8000","2","1","1","IAT0301200931","NHO2018000007","PAID","","193048"),
("IATT200004662","193010","191001","192001","40000","1","40000","8000","32000","1","1","1","IAT0301200931","NHO2018000007","PAID","","193010"),
("IATT200004662","193011","191001","192001","40000","1","40000","8000","32000","1","1","1","IAT0301200931","NHO2018000007","PAID","","PEDAS"),
("IATT200004663","193039","191001","192006","36000","1","36000","7200","28800","1","1","1","IAT0301200931","NHO2018000007","PAID","","ORIGINAL"),
("IATT200004663","193009","191001","192001","40000","1","40000","8000","32000","1","1","1","IAT0301200931","NHO2018000007","PAID","","193009"),
("IATT200004663","193046","191002","192010","10000","1","10000","0","10000","1","1","1","IAT0301200931","NHO2018000007","PAID","","193046"),
("IATT200004664","193035","191001","192006","32000","1","32000","6400","25600","1","1","1","IAT0301200931","NHO2018000007","PAID","","PEDAS"),
("IATT200004664","193016","191001","192002","37000","1","37000","7400","29600","1","1","1","IAT0301200931","NHO2018000007","PAID","","PEDAS"),
("IATT200004664","193054","191002","192010","20000","1","20000","0","20000","1","1","1","IAT0301200931","NHO2018000007","PAID","","193054"),
("IATT200004665","193020","191001","192002","40000","1","40000","0","40000","1","1","1","IAT0301200931","NHO2018000007","PAID","","193020"),
("IATT200004666","193007","191001","192001","37000","1","37000","0","37000","1","1","1","IAT0301200931","NHO2018000007","PAID","","PEDAS"),
("IATT200004667","193024","191001","192003","30000","1","30000","0","30000","1","1","1","IAT0301200931","NHO2018000007","PAID","","193024"),
("IATT200004667","193047","191002","192010","10000","1","10000","0","10000","1","1","1","IAT0301200931","NHO2018000007","PAID","","193047"),
("IATT200004668","193113","191001","192003","55000","1","55000","0","55000","1","1","1","IAT0301200931","NHO2018000007","PAID","","193113"),
("IATT200004668","193009","191001","192001","40000","1","40000","0","40000","1","1","1","IAT0301200931","NHO2018000007","PAID","","193009"),
("IATT200004668","193056","191002","192010","17000","1","17000","0","17000","1","1","1","IAT0301200931","NHO2018000007","PAID","","193056"),
("IATT200004669","193024","191001","192003","30000","1","30000","0","30000","1","1","1","IAT0301200931","NHO2018000007","PAID","","193024"),
("IATT200004669","193022","191001","192003","30000","1","30000","0","30000","1","1","1","IAT0301200931","NHO2018000007","PAID","","193022"),
("IATT200004669","193054","191002","192010","20000","1","20000","0","20000","1","1","1","IAT0301200931","NHO2018000007","PAID","","193054");



INSERT INTO pos_salestemp VALUES("IATT200004655","","2","93000","0","9300","0","102300","105000","03/01/2020","11:06","2020-01-03","11:29:35","ISU000015","tbl0011","CLOSED","1","","IATR200004526","","","","","IAT0301200931","NHO2018000007"),
("IATT200004656","","1","30000","0","3000","0","33000","33000","03/01/2020","12:01","2020-01-03","12:06:48","ISU000015","tbl0012","CLOSED","1","","IATR200004527","","","","","IAT0301200931","NHO2018000007"),
("IATT200004657","","4","169000","0","16900","0","185900","185900","03/01/2020","12:15","2020-01-03","12:55:56","ISU000015","tbl0023","CLOSED","1","","IATR200004528","","","","","IAT0301200931","NHO2018000007"),
("IATT200004658","","1","8000","0","800","0","8800","10000","03/01/2020","13:31","2020-01-03","13:31:43","ISU000015","tbl0009","CLOSED","1","","IATR200004529","","","","","IAT0301200931","NHO2018000007"),
("IATT200004659","","2","99000","15800","8320","0","91520","91520","03/01/2020","14:51","2020-01-03","15:57:09","ISU000015","tbl0012","CLOSED","1","","IATR200004530","","","","","IAT0301200931","NHO2018000007"),
("IATT200004660","","5","203000","91500","11150","0","122650","125000","03/01/2020","15:11","2020-01-03","15:58:27","ISU000015","tbl0010","CLOSED","1","","IATR200004531","","","","","IAT0301200931","NHO2018000007"),
("IATT200004661","","2","145000","0","14500","0","159500","200000","03/01/2020","16:11","2020-01-03","17:08:09","ISU000015","tbl0012","CLOSED","1","","IATR200004532","","","","","IAT0301200931","NHO2018000007"),
("IATT200004662","","2","96000","16000","8000","0","88000","100000","03/01/2020","17:14","2020-01-03","17:55:36","ISU000006","tbl0011","CLOSED","1","","IATR200004533","","","","","IAT0301200931","NHO2018000007"),
("IATT200004663","","2","86000","15200","7080","0","77880","100000","03/01/2020","18:06","2020-01-03","19:04:09","ISU000006","tbl0012","CLOSED","1","","IATR200004536","","","","","IAT0301200931","NHO2018000007"),
("IATT200004664","","2","89000","13800","7520","0","82720","82720","03/01/2020","18:07","2020-01-03","18:42:59","ISU000006","tbl0011","CLOSED","1","","IATR200004534","","","","","IAT0301200931","NHO2018000007"),
("IATT200004665","","1","40000","0","4000","0","44000","44000","03/01/2020","18:17","2020-01-03","19:19:25","ISU000006","tbl0010","CLOSED","1","","IATR200004537","","","","","IAT0301200931","NHO2018000007"),
("IATT200004666","","1","37000","0","3700","0","40700","40700","03/01/2020","18:17","2020-01-03","19:20:10","ISU000006","tbl0009","CLOSED","1","","IATR200004538","","","","","IAT0301200931","NHO2018000007"),
("IATT200004667","","1","40000","0","4000","0","44000","50000","03/01/2020","18:35","2020-01-03","18:53:33","ISU000006","tbl0003","CLOSED","1","","IATR200004535","","","","","IAT0301200931","NHO2018000007"),
("IATT200004668","","1","112000","0","11200","0","123200","150000","03/01/2020","18:43","2020-01-03","20:02:47","ISU000006","tbl0022","CLOSED","1","","IATR200004539","","","","","IAT0301200931","NHO2018000007"),
("IATT200004669","","2","80000","0","8000","0","88000","88000","03/01/2020","20:12","2020-01-03","21:22:59","ISU000006","tbl0011","CLOSED","1","","IATR200004540","","","","","IAT0301200931","NHO2018000007");






INSERT INTO pos_promotion_h VALUES("IATT200004660","NPRM18000027","DISC ITEM","1","91500","KANAN KIRI DISKON 50%","IAT0301200931","PAID","NHO2018000007"),
("IATT200004659","NPRM18000024","DISC ITEM","1","15800","KANAN KIRI DISKON 20%","IAT0301200931","PAID","NHO2018000007"),
("IATT200004662","NPRM18000024","DISC ITEM","1","16000","KANAN KIRI DISKON 20%","IAT0301200931","PAID","NHO2018000007"),
("IATT200004664","NPRM18000024","DISC ITEM","1","13800","KANAN KIRI DISKON 20%","IAT0301200931","PAID","NHO2018000007"),
("IATT200004663","NPRM18000024","DISC ITEM","1","15200","KANAN KIRI DISKON 20%","IAT0301200931","PAID","NHO2018000007");



INSERT INTO pos_promotion_d VALUES("IATT200004660","NPRM18000027","DISC ITEM","1","1","193005","1","18500","IAT0301200931","PAID","NHO2018000007"),
("IATT200004660","NPRM18000027","DISC ITEM","1","1","193007","1","18500","IAT0301200931","PAID","NHO2018000007"),
("IATT200004660","NPRM18000027","DISC ITEM","1","1","193016","1","18500","IAT0301200931","PAID","NHO2018000007"),
("IATT200004660","NPRM18000027","DISC ITEM","1","1","193036","1","18000","IAT0301200931","PAID","NHO2018000007"),
("IATT200004660","NPRM18000027","DISC ITEM","1","1","193039","1","18000","IAT0301200931","PAID","NHO2018000007"),
("IATT200004659","NPRM18000024","DISC ITEM","1","1","193033","1","8400","IAT0301200931","PAID","NHO2018000007"),
("IATT200004659","NPRM18000024","DISC ITEM","1","1","193034","1","7400","IAT0301200931","PAID","NHO2018000007"),
("IATT200004662","NPRM18000024","DISC ITEM","1","1","193010","1","8000","IAT0301200931","PAID","NHO2018000007"),
("IATT200004662","NPRM18000024","DISC ITEM","1","1","193011","1","8000","IAT0301200931","PAID","NHO2018000007"),
("IATT200004664","NPRM18000024","DISC ITEM","1","1","193035","1","6400","IAT0301200931","PAID","NHO2018000007"),
("IATT200004664","NPRM18000024","DISC ITEM","1","1","193016","1","7400","IAT0301200931","PAID","NHO2018000007"),
("IATT200004663","NPRM18000024","DISC ITEM","1","1","193039","1","7200","IAT0301200931","PAID","NHO2018000007"),
("IATT200004663","NPRM18000024","DISC ITEM","1","1","193009","1","8000","IAT0301200931","PAID","NHO2018000007");



INSERT INTO pos_paymenttemp VALUES("IATT200004655","CASH","CASH","102300","105000","ISU000015","2020-01-03","","1","","CLOSED","IAT0301200931","NHO2018000007"),
("IATT200004656","CASH","OVO","33000","33000","ISU000015","2020-01-03","","1","","CLOSED","IAT0301200931","NHO2018000007"),
("IATT200004657","CASH","OVO","185900","185900","ISU000015","2020-01-03","","1","","CLOSED","IAT0301200931","NHO2018000007"),
("IATT200004658","CASH","CASH","8800","10000","ISU000015","2020-01-03","","1","","CLOSED","IAT0301200931","NHO2018000007"),
("IATT200004659","CARD","MASTER","91520","91520","ISU000015","2020-01-03","","1","","CLOSED","IAT0301200931","NHO2018000007"),
("IATT200004660","CASH","CASH","122650","125000","ISU000015","2020-01-03","","1","","CLOSED","IAT0301200931","NHO2018000007"),
("IATT200004661","CASH","CASH","159500","200000","ISU000015","2020-01-03","","1","","CLOSED","IAT0301200931","NHO2018000007"),
("IATT200004662","CASH","CASH","88000","100000","ISU000006","2020-01-03","","1","","CLOSED","IAT0301200931","NHO2018000007"),
("IATT200004664","CARD","VISA","82720","82720","ISU000006","2020-01-03","","1","","CLOSED","IAT0301200931","NHO2018000007"),
("IATT200004667","CASH","CASH","44000","50000","ISU000006","2020-01-03","","1","","CLOSED","IAT0301200931","NHO2018000007"),
("IATT200004663","CASH","CASH","77880","100000","ISU000006","2020-01-03","","1","","CLOSED","IAT0301200931","NHO2018000007"),
("IATT200004665","CASH","OVO","44000","44000","ISU000006","2020-01-03","","1","","CLOSED","IAT0301200931","NHO2018000007"),
("IATT200004666","CASH","OVO","40700","40700","ISU000006","2020-01-03","","1","","CLOSED","IAT0301200931","NHO2018000007"),
("IATT200004668","CASH","CASH","123200","150000","ISU000006","2020-01-03","","1","","CLOSED","IAT0301200931","NHO2018000007"),
("IATT200004669","CASH","OVO","88000","88000","ISU000006","2020-01-03","","1","","CLOSED","IAT0301200931","NHO2018000007");



