INSERT INTO pos_itemtemp VALUES("IATT190000616","193021","191001","192002","40000","1","40000","0","40000","1","1","1","IAT0306191214","NHO2018000007","PAID","","ORIGINAL"),
("IATT190000616","193025","191001","192003","30000","1","30000","0","30000","1","1","1","IAT0306191214","NHO2018000007","PAID","","193025"),
("IATT190000616","193035","191001","192006","32000","1","32000","0","32000","1","1","1","IAT0306191214","NHO2018000007","PAID","TAKE AWAY NANTI","ORIGINAL"),
("IATT190000616","193047","191002","192010","8000","1","8000","0","8000","1","1","1","IAT0306191214","NHO2018000007","PAID","","193047"),
("IATT190000616","193046","191002","192010","8000","1","8000","0","8000","1","1","1","IAT0306191214","NHO2018000007","PAID","","193046"),
("IATT190000617","193015","191001","192002","33000","1","33000","0","33000","1","1","1","IAT0306191214","NHO2018000007","PAID","","ORIGINAL"),
("IATT190000617","193015","191001","192002","33000","1","33000","0","33000","2","1","1","IAT0306191214","NHO2018000007","PAID","","ORIGINAL"),
("IATT190000617","193015","191001","192002","33000","1","33000","0","33000","3","1","1","IAT0306191214","NHO2018000007","PAID","","ORIGINAL"),
("IATT190000617","193047","191002","192010","8000","1","8000","0","8000","1","1","1","IAT0306191214","NHO2018000007","PAID","","193047"),
("IATT190000617","193047","191002","192010","8000","1","8000","0","8000","2","1","1","IAT0306191214","NHO2018000007","PAID","","193047"),
("IATT190000617","193047","191002","192010","8000","1","8000","0","8000","3","1","1","IAT0306191214","NHO2018000007","PAID","","193047"),
("IATT190000617","193047","191002","192010","8000","1","8000","0","8000","4","1","1","IAT0306191214","NHO2018000007","PAID","","193047"),
("IATT190000617","193012","191001","192001","40000","1","40000","0","40000","1","1","1","IAT0306191214","NHO2018000007","PAID","","193012"),
("IATT190000618","193040","191001","192008","20000","1","20000","0","20000","1","1","1","IAT0306191214","NHO2018000007","PAID","","193040"),
("IATT190000618","193047","191002","192010","8000","1","8000","0","8000","1","1","1","IAT0306191214","NHO2018000007","PAID","","193047"),
("IATT190000619","193024","191001","192003","30000","1","30000","0","30000","1","1","1","IAT0306191214","NHO2018000007","PAID","","193024"),
("IATT190000619","193024","191001","192003","30000","1","30000","0","30000","2","1","1","IAT0306191214","NHO2018000007","PAID","","193024"),
("IATT190000619","193024","191001","192003","30000","1","30000","0","30000","3","1","1","IAT0306191214","NHO2018000007","PAID","","193024"),
("IATT190000619","193024","191001","192003","30000","1","30000","0","30000","4","1","1","IAT0306191214","NHO2018000007","PAID","","193024"),
("IATT190000619","193024","191001","192003","30000","1","30000","0","30000","5","1","1","IAT0306191214","NHO2018000007","PAID","","193024"),
("IATT190000619","193048","191002","192010","8000","1","8000","0","8000","1","1","1","IAT0306191214","NHO2018000007","PAID","","193048"),
("IATT190000619","193048","191002","192010","8000","1","8000","0","8000","2","1","1","IAT0306191214","NHO2018000007","PAID","","193048"),
("IATT190000619","193048","191002","192010","8000","1","8000","0","8000","3","1","1","IAT0306191214","NHO2018000007","PAID","","193048"),
("IATT190000619","193048","191002","192010","8000","1","8000","0","8000","4","1","1","IAT0306191214","NHO2018000007","PAID","","193048"),
("IATT190000620","193022","191001","192003","30000","1","30000","0","30000","1","1","1","IAT0306191214","NHO2018000007","PAID","","193022"),
("IATT190000621","193024","191001","192003","30000","1","30000","0","30000","1","1","1","IAT0306191214","NHO2018000007","PAID","","193024"),
("IATT190000622","193024","191001","192003","30000","1","30000","0","30000","1","1","1","IAT0306191214","NHO2018000007","PAID","","193024"),
("IATT190000622","193009","191001","192001","40000","1","40000","0","40000","1","1","2","IAT0306191214","NHO2018000007","PAID","","193009"),
("IATT190000623","193023","191001","192003","30000","1","30000","0","30000","1","1","1","IAT0306191214","NHO2018000007","PAID","","193023"),
("IATT190000623","193025","191001","192003","30000","1","30000","0","30000","1","1","1","IAT0306191214","NHO2018000007","PAID","","193025"),
("IATT190000623","193010","191001","192001","40000","1","40000","0","40000","1","1","1","IAT0306191214","NHO2018000007","PAID","","193010"),
("IATT190000623","193055","191002","192010","17000","1","17000","0","17000","1","1","1","IAT0306191214","NHO2018000007","PAID","","193055"),
("IATT190000624","193051","191002","192010","20000","1","20000","0","20000","1","1","1","IAT0306191214","NHO2018000007","PAID","","193051"),
("IATT190000624","193047","191002","192010","8000","1","8000","0","8000","1","1","1","IAT0306191214","NHO2018000007","PAID","","193047"),
("IATT190000624","193029","191001","192004","27000","1","27000","0","27000","1","1","1","IAT0306191214","NHO2018000007","PAID","","193029"),
("IATT190000624","193035","191001","192006","32000","1","32000","0","32000","1","1","1","IAT0306191214","NHO2018000007","PAID","","PEDAS"),
("IATT190000625","193027","191001","192003","43000","1","43000","0","43000","1","1","1","IAT0306191214","NHO2018000007","PAID","","193027"),
("IATT190000625","193009","191001","192001","40000","1","40000","0","40000","1","1","1","IAT0306191214","NHO2018000007","PAID","","193009"),
("IATT190000626","193054","191002","192010","20000","1","20000","0","20000","1","1","1","IAT0306191214","NHO2018000007","PAID","","193054"),
("IATT190000626","193055","191002","192010","17000","1","17000","0","17000","1","1","1","IAT0306191214","NHO2018000007","PAID","","193055"),
("IATT190000626","193055","191002","192010","17000","1","17000","0","17000","2","1","1","IAT0306191214","NHO2018000007","PAID","","193055"),
("IATT190000626","193055","191002","192010","17000","1","17000","0","17000","3","1","1","IAT0306191214","NHO2018000007","PAID","","193055"),
("IATT190000626","193010","191001","192001","40000","1","40000","0","40000","1","1","1","IAT0306191214","NHO2018000007","PAID","","193010"),
("IATT190000626","193010","191001","192001","40000","1","40000","0","40000","2","1","1","IAT0306191214","NHO2018000007","PAID","","193010"),
("IATT190000626","193023","191001","192003","30000","1","30000","0","30000","1","1","1","IAT0306191214","NHO2018000007","PAID","","193023"),
("IATT190000626","193036","191001","192006","36000","1","36000","0","36000","1","1","1","IAT0306191214","NHO2018000007","PAID","","ORIGINAL"),
("IATT190000627","193023","191001","192003","30000","1","30000","0","30000","1","1","1","IAT0306191214","NHO2018000007","PAID","","193023"),
("IATT190000627","193023","191001","192003","30000","1","30000","0","30000","2","1","1","IAT0306191214","NHO2018000007","PAID","","193023"),
("IATT190000627","193023","191001","192003","30000","1","30000","0","30000","3","1","1","IAT0306191214","NHO2018000007","PAID","","193023"),
("IATT190000627","193054","191002","192010","20000","1","20000","0","20000","1","1","1","IAT0306191214","NHO2018000007","PAID","","193054"),
("IATT190000627","193054","191002","192010","20000","1","20000","0","20000","2","1","1","IAT0306191214","NHO2018000007","PAID","","193054"),
("IATT190000627","193054","191002","192010","20000","1","20000","0","20000","3","1","1","IAT0306191214","NHO2018000007","PAID","","193054"),
("IATT190000628","193005","191001","192001","37000","1","37000","0","37000","1","1","1","IAT0306191214","NHO2018000007","PAID","","193005"),
("IATT190000628","193047","191002","192010","8000","1","8000","0","8000","1","1","1","IAT0306191214","NHO2018000007","PAID","","193047"),
("IATT190000628","193046","191002","192010","8000","1","8000","0","8000","1","1","1","IAT0306191214","NHO2018000007","PAID","","193046"),
("IATT190000628","193008","191001","192001","37000","1","37000","0","37000","1","1","1","IAT0306191214","NHO2018000007","PAID","","193008"),
("IATT190000629","193023","191001","192003","30000","1","30000","0","30000","1","1","1","IAT0306191214","NHO2018000007","PAID","","193023"),
("IATT190000629","193023","191001","192003","30000","1","30000","0","30000","2","1","1","IAT0306191214","NHO2018000007","PAID","","193023"),
("IATT190000629","193052","191002","192010","20000","1","20000","0","20000","1","1","1","IAT0306191214","NHO2018000007","PAID","","193052"),
("IATT190000629","193052","191002","192010","20000","1","20000","0","20000","2","1","1","IAT0306191214","NHO2018000007","PAID","","193052"),
("IATT190000629","193012","191001","192001","40000","1","40000","0","40000","1","1","1","IAT0306191214","NHO2018000007","PAID","","193012"),
("IATT190000629","193048","191002","192010","8000","1","8000","0","8000","1","1","1","IAT0306191214","NHO2018000007","PAID","","193048"),
("IATT190000629","193048","191002","192010","8000","1","8000","0","8000","2","1","1","IAT0306191214","NHO2018000007","PAID","","193048"),
("IATT190000630","193023","191001","192003","30000","1","30000","0","30000","1","1","1","IAT0306191214","NHO2018000007","PAID","","193023"),
("IATT190000630","193035","191001","192006","32000","1","32000","0","32000","1","1","1","IAT0306191214","NHO2018000007","PAID","","ORIGINAL"),
("IATT190000630","193035","191001","192006","32000","1","32000","0","32000","2","1","1","IAT0306191214","NHO2018000007","PAID","","ORIGINAL"),
("IATT190000630","193036","191001","192006","36000","1","36000","0","36000","1","1","1","IAT0306191214","NHO2018000007","PAID","","ORIGINAL"),
("IATT190000630","193027","191001","192003","43000","1","43000","0","43000","1","1","1","IAT0306191214","NHO2018000007","PAID","","193027"),
("IATT190000630","193050","191002","192010","20000","1","20000","0","20000","1","1","1","IAT0306191214","NHO2018000007","PAID","","193050"),
("IATT190000630","193056","191002","192010","17000","1","17000","0","17000","1","1","1","IAT0306191214","NHO2018000007","PAID","","193056"),
("IATT190000630","193051","191002","192010","20000","1","20000","0","20000","1","1","1","IAT0306191214","NHO2018000007","PAID","","193051"),
("IATT190000631","193002","191001","192001","30000","1","30000","0","30000","1","1","1","IAT0306191214","NHO2018000007","PAID","CHIKEN","193002"),
("IATT190000631","193002","191001","192001","30000","1","30000","0","30000","2","1","1","IAT0306191214","NHO2018000007","PAID","","193002"),
("IATT190000631","193002","191001","192001","30000","1","30000","0","30000","3","1","1","IAT0306191214","NHO2018000007","PAID","","193002"),
("IATT190000631","193002","191001","192001","30000","1","30000","0","30000","4","1","1","IAT0306191214","NHO2018000007","PAID","","193002"),
("IATT190000631","193025","191001","192003","30000","1","30000","0","30000","1","1","1","IAT0306191214","NHO2018000007","PAID","","193025"),
("IATT190000631","193023","191001","192003","30000","1","30000","0","30000","1","1","1","IAT0306191214","NHO2018000007","PAID","","193023"),
("IATT190000631","193055","191002","192010","17000","1","17000","0","17000","1","1","1","IAT0306191214","NHO2018000007","PAID","","193055"),
("IATT190000631","193047","191002","192010","8000","1","8000","0","8000","1","1","1","IAT0306191214","NHO2018000007","PAID","","193047"),
("IATT190000631","193047","191002","192010","8000","1","8000","0","8000","2","1","1","IAT0306191214","NHO2018000007","PAID","","193047"),
("IATT190000631","193047","191002","192010","8000","1","8000","0","8000","3","1","1","IAT0306191214","NHO2018000007","PAID","","193047"),
("IATT190000631","193047","191002","192010","8000","1","8000","0","8000","4","1","1","IAT0306191214","NHO2018000007","PAID","","193047"),
("IATT190000631","193046","191002","192010","8000","1","8000","0","8000","1","1","1","IAT0306191214","NHO2018000007","PAID","","193046"),
("IATT190000632","193027","191001","192003","43000","1","43000","0","43000","1","1","1","IAT0306191214","NHO2018000007","PAID","","193027"),
("IATT190000632","193027","191001","192003","43000","1","43000","0","43000","2","1","1","IAT0306191214","NHO2018000007","PAID","","193027"),
("IATT190000632","193046","191002","192010","8000","1","8000","0","8000","1","1","1","IAT0306191214","NHO2018000007","PAID","","193046"),
("IATT190000632","193046","191002","192010","8000","1","8000","0","8000","2","1","1","IAT0306191214","NHO2018000007","PAID","","193046"),
("IATT190000633","193048","191002","192010","8000","1","8000","0","8000","1","1","1","IAT0306191214","NHO2018000007","PAID","","193048"),
("IATT190000633","193048","191002","192010","8000","1","8000","0","8000","2","1","1","IAT0306191214","NHO2018000007","PAID","","193048"),
("IATT190000633","193048","191002","192010","8000","1","8000","0","8000","3","1","1","IAT0306191214","NHO2018000007","PAID","","193048"),
("IATT190000633","193048","191002","192010","8000","1","8000","0","8000","4","1","1","IAT0306191214","NHO2018000007","PAID","","193048"),
("IATT190000633","193048","191002","192010","8000","1","8000","0","8000","5","1","1","IAT0306191214","NHO2018000007","PAID","","193048"),
("IATT190000634","193050","191002","192010","20000","1","20000","0","20000","1","1","1","IAT0306191214","NHO2018000007","PAID","","193050"),
("IATT190000634","193047","191002","192010","8000","1","8000","0","8000","1","1","1","IAT0306191214","NHO2018000007","PAID","","193047"),
("IATT190000634","193001","191001","192001","30000","1","30000","0","30000","1","1","1","IAT0306191214","NHO2018000007","PAID","CHIKEN","193001"),
("IATT190000634","193035","191001","192006","32000","1","32000","0","32000","1","1","1","IAT0306191214","NHO2018000007","PAID","","PEDAS"),
("IATT190000627","193010","191001","192001","40000","1","40000","0","40000","1","1","2","IAT0306191214","NHO2018000007","PAID","","193010"),
("IATT190000627","193047","191002","192010","8000","1","8000","0","8000","1","1","2","IAT0306191214","NHO2018000007","PAID","","193047"),
("IATT190000633","193002","191001","192001","30000","1","30000","0","30000","1","1","2","IAT0306191214","NHO2018000007","PAID","CKN","193002"),
("IATT190000633","193002","191001","192001","30000","1","30000","0","30000","2","1","2","IAT0306191214","NHO2018000007","PAID","","193002"),
("IATT190000633","193002","191001","192001","30000","1","30000","0","30000","3","1","2","IAT0306191214","NHO2018000007","PAID","","193002"),
("IATT190000633","193023","191001","192003","30000","1","30000","0","30000","1","1","2","IAT0306191214","NHO2018000007","PAID","","193023"),
("IATT190000633","193023","191001","192003","30000","1","30000","0","30000","2","1","2","IAT0306191214","NHO2018000007","PAID","","193023"),
("IATT190000633","193046","191002","192010","8000","1","8000","0","8000","1","1","2","IAT0306191214","NHO2018000007","PAID","","193046"),
("IATT190000633","193047","191002","192010","8000","1","8000","0","8000","1","1","2","IAT0306191214","NHO2018000007","PAID","","193047"),
("IATT190000633","193047","191002","192010","8000","1","8000","0","8000","2","1","2","IAT0306191214","NHO2018000007","PAID","","193047"),
("IATT190000636","193004","191001","192001","30000","1","30000","0","30000","1","1","1","IAT0306191214","NHO2018000007","PAID","CHIKEN","193004"),
("IATT190000636","193001","191001","192001","30000","1","30000","0","30000","1","1","1","IAT0306191214","NHO2018000007","PAID","CIKEN","193001"),
("IATT190000636","193056","191002","192010","17000","1","17000","0","17000","1","1","1","IAT0306191214","NHO2018000007","PAID","","193056"),
("IATT190000636","193056","191002","192010","17000","1","17000","0","17000","2","1","1","IAT0306191214","NHO2018000007","PAID","","193056"),
("IATT190000636","193067","191001","192003","7000","1","7000","0","7000","1","1","1","IAT0306191214","NHO2018000007","PAID","","193067"),
("IATT190000637","193032","191001","192004","30000","1","30000","0","30000","2","1","1","IAT0306191214","NHO2018000007","PAID","","193032"),
("IATT190000637","193023","191001","192003","30000","1","30000","0","30000","1","1","1","IAT0306191214","NHO2018000007","PAID","","193023"),
("IATT190000637","193052","191002","192010","20000","1","20000","0","20000","1","1","1","IAT0306191214","NHO2018000007","PAID","","193052"),
("IATT190000637","193055","191002","192010","17000","1","17000","0","17000","1","1","1","IAT0306191214","NHO2018000007","PAID","","193055"),
("IATT190000638","193002","191001","192001","30000","1","30000","0","30000","1","1","1","IAT0306191214","NHO2018000007","PAID","CKN","193002"),
("IATT190000638","193008","191001","192001","37000","1","37000","0","37000","1","1","1","IAT0306191214","NHO2018000007","PAID","","193008"),
("IATT190000638","193048","191002","192010","8000","1","8000","0","8000","1","1","1","IAT0306191214","NHO2018000007","PAID","","193048"),
("IATT190000632","193048","191002","192010","8000","1","8000","0","8000","1","1","2","IAT0306191214","NHO2018000007","PAID","","193048"),
("IATT190000637","193023","191001","192003","30000","1","30000","0","30000","2","1","2","IAT0306191214","NHO2018000007","PAID","","193023"),
("IATT190000637","193023","191001","192003","30000","1","30000","0","30000","3","1","2","IAT0306191214","NHO2018000007","PAID","","193023"),
("IATT190000637","193023","191001","192003","30000","1","30000","0","30000","4","1","2","IAT0306191214","NHO2018000007","PAID","","193023"),
("IATT190000637","193048","191002","192010","8000","1","8000","0","8000","1","1","2","IAT0306191214","NHO2018000007","PAID","","193048"),
("IATT190000637","193048","191002","192010","8000","1","8000","0","8000","2","1","2","IAT0306191214","NHO2018000007","PAID","","193048"),
("IATT190000637","193032","191001","192004","30000","1","30000","0","30000","3","1","2","IAT0306191214","NHO2018000007","PAID","","193032"),
("IATT190000637","193032","191001","192004","30000","1","30000","0","30000","4","1","2","IAT0306191214","NHO2018000007","PAID","","193032"),
("IATT190000637","193042","191001","192008","25000","1","25000","0","25000","1","1","2","IAT0306191214","NHO2018000007","PAID","","193042"),
("IATT190000637","193055","191002","192010","17000","1","17000","0","17000","2","1","2","IAT0306191214","NHO2018000007","PAID","","193055"),
("IATT190000637","193055","191002","192010","17000","1","17000","0","17000","3","1","2","IAT0306191214","NHO2018000007","PAID","","193055"),
("IATT190000637","193055","191002","192010","17000","1","17000","0","17000","4","1","2","IAT0306191214","NHO2018000007","PAID","","193055"),
("IATT190000637","193054","191002","192010","20000","1","20000","0","20000","1","1","2","IAT0306191214","NHO2018000007","PAID","","193054"),
("IATT190000639","193012","191001","192001","40000","1","40000","0","40000","1","1","1","IAT0306191214","NHO2018000007","PAID","","193012"),
("IATT190000639","193012","191001","192001","40000","1","40000","0","40000","2","1","1","IAT0306191214","NHO2018000007","PAID","","193012"),
("IATT190000639","193023","191001","192003","30000","1","30000","0","30000","1","1","1","IAT0306191214","NHO2018000007","PAID","","193023"),
("IATT190000639","193052","191002","192010","20000","1","20000","0","20000","1","1","1","IAT0306191214","NHO2018000007","PAID","","193052"),
("IATT190000639","193053","191002","192010","20000","1","20000","0","20000","1","1","1","IAT0306191214","NHO2018000007","PAID","","193053"),
("IATT190000639","193046","191002","192010","8000","1","8000","0","8000","1","1","1","IAT0306191214","NHO2018000007","PAID","","193046"),
("IATT190000639","193047","191002","192010","8000","1","8000","0","8000","1","1","1","IAT0306191214","NHO2018000007","PAID","","193047"),
("IATT190000639","193050","191002","192010","20000","1","20000","0","20000","1","1","1","IAT0306191214","NHO2018000007","PAID","","193050"),
("IATT190000640","193014","191001","192002","33000","1","33000","0","33000","1","1","1","IAT0306191214","NHO2018000007","PAID","CHIKN","193014"),
("IATT190000640","193047","191002","192010","8000","1","8000","0","8000","1","1","1","IAT0306191214","NHO2018000007","PAID","","193047"),
("IATT190000636","193067","191001","192003","7000","1","7000","0","7000","2","1","2","IAT0306191214","NHO2018000007","PAID","","193067"),
("IATT190000641","193001","191001","192001","30000","1","30000","0","30000","1","1","1","IAT0306191214","NHO2018000007","PAID","CKN","193001"),
("IATT190000642","193005","191001","192001","37000","1","37000","0","37000","1","1","1","IAT0306191214","NHO2018000007","PAID","","193005"),
("IATT190000643","193040","191001","192008","20000","1","20000","0","20000","1","1","1","IAT0306191214","NHO2018000007","PAID","","193040"),
("IATT190000643","193025","191001","192003","30000","1","30000","0","30000","1","1","1","IAT0306191214","NHO2018000007","PAID","","193025"),
("IATT190000643","193041","191001","192008","20000","1","20000","0","20000","1","1","1","IAT0306191214","NHO2018000007","PAID","","193041"),
("IATT190000643","193056","191002","192010","17000","1","17000","0","17000","1","1","1","IAT0306191214","NHO2018000007","PAID","","193056"),
("IATT190000643","193051","191002","192010","20000","1","20000","0","20000","1","1","1","IAT0306191214","NHO2018000007","PAID","","193051"),
("IATT190000637","193001","191001","192001","30000","1","30000","0","30000","1","1","3","IAT0306191214","NHO2018000007","PAID","CHIKEN","193001"),
("IATT190000644","193050","191002","192010","20000","1","20000","0","20000","1","1","1","IAT0306191214","NHO2018000007","PAID","","193050"),
("IATT190000644","193054","191002","192010","20000","1","20000","0","20000","1","1","1","IAT0306191214","NHO2018000007","PAID","","193054"),
("IATT190000644","193052","191002","192010","20000","1","20000","0","20000","1","1","1","IAT0306191214","NHO2018000007","PAID","","193052"),
("IATT190000644","193051","191002","192010","20000","1","20000","0","20000","1","1","1","IAT0306191214","NHO2018000007","PAID","","193051"),
("IATT190000644","193051","191002","192010","20000","1","20000","0","20000","2","1","1","IAT0306191214","NHO2018000007","PAID","","193051"),
("IATT190000644","193010","191001","192001","40000","1","40000","0","40000","1","1","1","IAT0306191214","NHO2018000007","PAID","","193010"),
("IATT190000644","193012","191001","192001","40000","1","40000","0","40000","1","1","2","IAT0306191214","NHO2018000007","PAID","","193012"),
("IATT190000645","193066","191003","192011","0","1","0","0","0","1","1","1","IAT0306191214","NHO2018000007","PAID","","193066"),
("IATT190000645","193066","191003","192011","0","1","0","0","0","2","1","1","IAT0306191214","NHO2018000007","PAID","","193066"),
("IATT190000645","193066","191003","192011","0","1","0","0","0","3","1","1","IAT0306191214","NHO2018000007","PAID","","193066"),
("IATT190000645","193066","191003","192011","0","1","0","0","0","4","1","1","IAT0306191214","NHO2018000007","PAID","","193066"),
("IATT190000645","193066","191003","192011","0","1","0","0","0","5","1","1","IAT0306191214","NHO2018000007","PAID","","193066"),
("IATT190000645","193066","191003","192011","0","1","0","0","0","6","1","1","IAT0306191214","NHO2018000007","PAID","","193066"),
("IATT190000645","193066","191003","192011","0","1","0","0","0","7","1","1","IAT0306191214","NHO2018000007","PAID","","193066"),
("IATT190000645","193066","191003","192011","0","1","0","0","0","8","1","1","IAT0306191214","NHO2018000007","PAID","","193066"),
("IATT190000645","193066","191003","192011","0","1","0","0","0","9","1","1","IAT0306191214","NHO2018000007","PAID","","193066"),
("IATT190000645","193066","191003","192011","0","1","0","0","0","10","1","1","IAT0306191214","NHO2018000007","PAID","","193066"),
("IATT190000645","193066","191003","192011","0","1","0","0","0","10","1","1","IAT0306191214","NHO2018000007","PAID","","193066"),
("IATT190000645","193066","191003","192011","0","1","0","0","0","10","1","1","IAT0306191214","NHO2018000007","PAID","","193066"),
("IATT190000645","193066","191003","192011","0","1","0","0","0","10","1","1","IAT0306191214","NHO2018000007","PAID","","193066"),
("IATT190000645","193066","191003","192011","0","1","0","0","0","10","1","1","IAT0306191214","NHO2018000007","PAID","","193066"),
("IATT190000645","193066","191003","192011","0","1","0","0","0","10","1","1","IAT0306191214","NHO2018000007","PAID","","193066"),
("IATT190000645","193066","191003","192011","0","1","0","0","0","10","1","1","IAT0306191214","NHO2018000007","PAID","","193066"),
("IATT190000645","193066","191003","192011","0","1","0","0","0","10","1","1","IAT0306191214","NHO2018000007","PAID","","193066"),
("IATT190000645","193066","191003","192011","0","1","0","0","0","10","1","1","IAT0306191214","NHO2018000007","PAID","","193066"),
("IATT190000645","193066","191003","192011","0","1","0","0","0","10","1","1","IAT0306191214","NHO2018000007","PAID","","193066"),
("IATT190000645","193066","191003","192011","0","1","0","0","0","10","1","1","IAT0306191214","NHO2018000007","PAID","","193066"),
("IATT190000645","193066","191003","192011","0","1","0","0","0","10","1","1","IAT0306191214","NHO2018000007","PAID","","193066"),
("IATT190000645","193066","191003","192011","0","1","0","0","0","10","1","1","IAT0306191214","NHO2018000007","PAID","","193066"),
("IATT190000645","193066","191003","192011","0","1","0","0","0","10","1","1","IAT0306191214","NHO2018000007","PAID","","193066"),
("IATT190000645","193066","191003","192011","0","1","0","0","0","10","1","1","IAT0306191214","NHO2018000007","PAID","","193066");



INSERT INTO pos_salestemp VALUES("IATT190000616","","2","118000","0","11800","0","129800","129800","03/06/2019","13:11","03/06/2019","13:57:38","ISU000011","tbl0017","CLOSED","1","","IATR190000593","","","","","IAT0306191214","NHO2018000007"),
("IATT190000617","","4","171000","0","17100","0","188100","200000","03/06/2019","14:21","03/06/2019","14:57:17","ISU000011","tbl0012","CLOSED","1","","IATR190000595","","","","","IAT0306191214","NHO2018000007"),
("IATT190000618","","1","28000","0","2800","0","30800","50000","03/06/2019","14:41","03/06/2019","14:43:54","ISU000011","tbl0006","CLOSED","1","","IATR190000594","","","","","IAT0306191214","NHO2018000007"),
("IATT190000619","","1","182000","0","18200","0","200200","210000","03/06/2019","16:08","03/06/2019","16:10:10","ISU000011","takeaway","CLOSED","1","","IATR190000596","","","","","IAT0306191214","NHO2018000007"),
("IATT190000620","","1","30000","0","3000","0","33000","100000","03/06/2019","16:18","03/06/2019","16:19:02","ISU000011","tbl0012","CLOSED","1","","IATR190000597","","","","","IAT0306191214","NHO2018000007"),
("IATT190000621","","1","30000","0","3000","0","33000","50000","03/06/2019","16:36","03/06/2019","16:37:36","ISU000011","tbl0001","CLOSED","1","","IATR190000598","","","","","IAT0306191214","NHO2018000007"),
("IATT190000622","","2","70000","0","7000","0","77000","80000","03/06/2019","17:04","03/06/2019","17:08:01","ISU000011","tbl0010","CLOSED","1","","IATR190000599","","","","","IAT0306191214","NHO2018000007"),
("IATT190000623","","3","117000","0","11700","0","128700","200000","03/06/2019","17:34","03/06/2019","17:35:50","ISU000011","tbl0011","CLOSED","1","","IATR190000600","","","","","IAT0306191214","NHO2018000007"),
("IATT190000624","","2","87000","0","8700","0","95700","100000","03/06/2019","17:40","03/06/2019","17:44:05","ISU000011","tbl0014","CLOSED","1","","IATR190000601","","","","","IAT0306191214","NHO2018000007"),
("IATT190000625","","2","83000","0","8300","0","91300","100000","03/06/2019","17:42","03/06/2019","17:44:56","ISU000011","tbl0008","CLOSED","1","","IATR190000602","","","","","IAT0306191214","NHO2018000007"),
("IATT190000626","","3","217000","0","21700","0","238700","239000","03/06/2019","17:45","03/06/2019","18:43:40","ISU000004","tbl0012","CLOSED","1","","IATR190000615","","","","","IAT0306191214","NHO2018000007"),
("IATT190000627","","3","198000","0","19800","0","217800","218000","03/06/2019","17:47","03/06/2019","18:26:08","ISU000011","tbl0010","CLOSED","1","","IATR190000606","","","","","IAT0306191214","NHO2018000007"),
("IATT190000628","","2","90000","0","9000","0","99000","100000","03/06/2019","17:47","03/06/2019","18:34:47","ISU000004","tbl0007","CLOSED","1","","IATR190000611","","","","","IAT0306191214","NHO2018000007"),
("IATT190000629","","2","156000","0","15600","0","171600","171600","03/06/2019","17:50","03/06/2019","18:31:41","ISU000011","tbl0016","CLOSED","1","","IATR190000607","","","","","IAT0306191214","NHO2018000007"),
("IATT190000630","","2","230000","0","23000","0","253000","253000","03/06/2019","17:51","03/06/2019","18:00:32","ISU000011","tbl0024","CLOSED","1","","IATR190000603","","","","","IAT0306191214","NHO2018000007"),
("IATT190000631","","4","237000","0","23700","0","260700","300000","03/06/2019","17:52","03/06/2019","18:32:53","ISU000011","tbl0023","CLOSED","1","","IATR190000609","","","","","IAT0306191214","NHO2018000007"),
("IATT190000632","","2","110000","0","11000","0","121000","121000","03/06/2019","17:53","03/06/2019","18:18:54","ISU000011","tbl0004","CLOSED","1","","IATR190000604","","","","","IAT0306191214","NHO2018000007"),
("IATT190000633","","4","214000","0","21400","0","235400","235400","03/06/2019","17:53","03/06/2019","18:25:14","ISU000011","tbl0021","CLOSED","1","","IATR190000605","","","","","IAT0306191214","NHO2018000007"),
("IATT190000634","","2","90000","0","9000","0","99000","99000","03/06/2019","17:54","03/06/2019","18:34:11","ISU000004","tbl0005","CLOSED","1","","IATR190000610","","","","","IAT0306191214","NHO2018000007"),
("IATT190000635","","4","0","0","0","0","0","0","03/06/2019","17:57","03/06/2019","17:58:03","ISU000011","tbl0020","CANCELED","1","PERMINTAAN CUSTOMER","","","","","","IAT0306191214","NHO2018000007"),
("IATT190000636","","3","108000","0","10800","0","118800","150000","03/06/2019","18:00","03/06/2019","18:36:10","ISU000004","tbl0050","CLOSED","1","","IATR190000612","","","","","IAT0306191214","NHO2018000007"),
("IATT190000637","","2","389000","0","38900","0","427900","427900","03/06/2019","18:02","03/06/2019","19:14:49","ISU000004","tbl0017","CLOSED","1","","IATR190000619","","","","","IAT0306191214","NHO2018000007"),
("IATT190000638","","2","75000","0","7500","0","82500","82500","03/06/2019","18:02","03/06/2019","18:37:45","ISU000004","tbl0006","CLOSED","1","","IATR190000613","","","","","IAT0306191214","NHO2018000007"),
("IATT190000639","","3","186000","0","18600","0","204600","205000","03/06/2019","18:12","03/06/2019","18:46:26","ISU000004","tbl0020","CLOSED","1","","IATR190000616","","","","","IAT0306191214","NHO2018000007"),
("IATT190000640","","2","41000","0","4100","0","45100","100000","03/06/2019","18:16","03/06/2019","18:38:29","ISU000004","tbl0009","CLOSED","1","","IATR190000614","","","","","IAT0306191214","NHO2018000007"),
("IATT190000641","","1","30000","0","3000","0","33000","50000","03/06/2019","18:21","03/06/2019","18:32:08","ISU000011","tbl0024","CLOSED","1","","IATR190000608","","","","","IAT0306191214","NHO2018000007"),
("IATT190000642","","1","37000","0","3700","0","40700","50000","03/06/2019","18:22","03/06/2019","18:53:36","ISU000004","tbl0011","CLOSED","1","","IATR190000617","","","","","IAT0306191214","NHO2018000007"),
("IATT190000643","","3","107000","0","10700","0","117700","117700","03/06/2019","18:35","03/06/2019","19:06:02","ISU000004","tbl0013","CLOSED","1","","IATR190000618","","","","","IAT0306191214","NHO2018000007"),
("IATT190000644","","4","180000","0","18000","0","198000","198000","03/06/2019","19:18","03/06/2019","20:41:39","ISU000004","tbl0011","CLOSED","1","","IATR190000620","","","","","IAT0306191214","NHO2018000007"),
("IATT190000645","","0","0","0","0","0","0","0","03/06/2019","22:00","03/06/2019","22:00:20","ISU000004","takeaway","CLOSED","1","","IATR190000621","","","","","IAT0306191214","NHO2018000007");



INSERT INTO item_void VALUES("IATT190000640","IAT0306191214","NHO2018000007","193029","193029","1","27000","Before Send","Komplen Customer");









INSERT INTO pos_paymenttemp VALUES("IATT190000616","CARD","VISA","129800","129800","ISU000011","2019-06-03","","1","","CLOSED","IAT0306191214","NHO2018000007"),
("IATT190000618","CASH","CASH","30800","50000","ISU000011","2019-06-03","","1","","CLOSED","IAT0306191214","NHO2018000007"),
("IATT190000617","CASH","CASH","188100","200000","ISU000011","2019-06-03","","1","","CLOSED","IAT0306191214","NHO2018000007"),
("IATT190000619","CASH","CASH","200200","210000","ISU000011","2019-06-03","","1","","CLOSED","IAT0306191214","NHO2018000007"),
("IATT190000620","CASH","CASH","33000","100000","ISU000011","2019-06-03","","1","","CLOSED","IAT0306191214","NHO2018000007"),
("IATT190000621","CASH","CASH","33000","50000","ISU000011","2019-06-03","","1","","CLOSED","IAT0306191214","NHO2018000007"),
("IATT190000622","CASH","CASH","77000","80000","ISU000011","2019-06-03","","1","","CLOSED","IAT0306191214","NHO2018000007"),
("IATT190000623","CASH","CASH","128700","200000","ISU000011","2019-06-03","","1","","CLOSED","IAT0306191214","NHO2018000007"),
("IATT190000624","CASH","CASH","95700","100000","ISU000011","2019-06-03","","1","","CLOSED","IAT0306191214","NHO2018000007"),
("IATT190000625","CASH","CASH","91300","100000","ISU000011","2019-06-03","","1","","CLOSED","IAT0306191214","NHO2018000007"),
("IATT190000630","CARD","VISA","253000","253000","ISU000011","2019-06-03","","1","","CLOSED","IAT0306191214","NHO2018000007"),
("IATT190000632","CARD","DEBIT BCA","121000","121000","ISU000011","2019-06-03","","1","","CLOSED","IAT0306191214","NHO2018000007"),
("IATT190000633","CARD","VISA","235400","235400","ISU000011","2019-06-03","","1","","CLOSED","IAT0306191214","NHO2018000007"),
("IATT190000627","CASH","CASH","217800","218000","ISU000011","2019-06-03","","1","","CLOSED","IAT0306191214","NHO2018000007"),
("IATT190000629","CARD","DEBIT BCA","171600","171600","ISU000011","2019-06-03","","1","","CLOSED","IAT0306191214","NHO2018000007"),
("IATT190000641","CASH","CASH","33000","50000","ISU000011","2019-06-03","","1","","CLOSED","IAT0306191214","NHO2018000007"),
("IATT190000631","CASH","CASH","260700","300000","ISU000011","2019-06-03","","1","","CLOSED","IAT0306191214","NHO2018000007"),
("IATT190000634","CARD","DEBIT BCA","99000","99000","ISU000004","2019-06-03","","1","","CLOSED","IAT0306191214","NHO2018000007"),
("IATT190000628","CASH","CASH","99000","100000","ISU000004","2019-06-03","","1","","CLOSED","IAT0306191214","NHO2018000007"),
("IATT190000636","CASH","CASH","118800","150000","ISU000004","2019-06-03","","1","","CLOSED","IAT0306191214","NHO2018000007"),
("IATT190000638","CARD","DEBIT BCA","82500","82500","ISU000004","2019-06-03","","1","","CLOSED","IAT0306191214","NHO2018000007"),
("IATT190000640","CASH","CASH","45100","100000","ISU000004","2019-06-03","","1","","CLOSED","IAT0306191214","NHO2018000007"),
("IATT190000626","CASH","CASH","238700","239000","ISU000004","2019-06-03","","1","","CLOSED","IAT0306191214","NHO2018000007"),
("IATT190000639","CASH","CASH","204600","205000","ISU000004","2019-06-03","","1","","CLOSED","IAT0306191214","NHO2018000007"),
("IATT190000642","CASH","CASH","40700","50000","ISU000004","2019-06-03","","1","","CLOSED","IAT0306191214","NHO2018000007"),
("IATT190000643","CARD","DEBIT BCA","117700","117700","ISU000004","2019-06-03","","1","","CLOSED","IAT0306191214","NHO2018000007"),
("IATT190000637","CARD","MASTER","427900","427900","ISU000004","2019-06-03","","1","","CLOSED","IAT0306191214","NHO2018000007"),
("IATT190000644","CARD","DEBIT BCA","198000","198000","ISU000004","2019-06-03","","1","","CLOSED","IAT0306191214","NHO2018000007");



