INSERT INTO pos_itemtemp VALUES("IATT190003587","193039","191001","192006","36000","1","36000","16848","19152","1","1","1","IAT0211191024","NHO2018000007","PAID","","ORIGINAL"),
("IATT190003588","193083","191001","192001","30000","1","30000","14040","15960","1","1","1","IAT0211191024","NHO2018000007","PAID","","193083"),
("IATT190003588","193027","191001","192003","43000","1","43000","2150","40850","1","1","1","IAT0211191024","NHO2018000007","PAID","","193027"),
("IATT190003588","193046","191002","192010","10000","1","10000","500","9500","1","1","1","IAT0211191024","NHO2018000007","PAID","","193046"),
("IATT190003588","193046","191002","192010","10000","1","10000","500","9500","2","1","1","IAT0211191024","NHO2018000007","PAID","","193046"),
("IATT190003589","193019","191001","192002","40000","1","40000","18720","21280","1","1","1","IAT0211191024","NHO2018000007","PAID","","PEDAS"),
("IATT190003589","193048","191002","192010","8000","1","8000","400","7600","1","1","1","IAT0211191024","NHO2018000007","PAID","","193048"),
("IATT190003589","193048","191002","192010","8000","1","8000","400","7600","2","1","1","IAT0211191024","NHO2018000007","PAID","","193048"),
("IATT190003590","193036","191001","192006","36000","1","36000","0","36000","1","1","1","IAT0211191024","NHO2018000007","PAID","","ORIGINAL"),
("IATT190003590","193121","191001","192011","0","1","0","0","0","1","1","1","IAT0211191024","NHO2018000007","PAID","","193121"),
("IATT190003591","193009","191001","192001","40000","1","40000","20000","20000","1","1","1","IAT0211191024","NHO2018000007","PAID","","193009"),
("IATT190003591","193021","191001","192002","40000","1","40000","20000","20000","1","1","1","IAT0211191024","NHO2018000007","PAID","","ORIGINAL"),
("IATT190003591","193047","191002","192010","10000","1","10000","0","10000","1","1","1","IAT0211191024","NHO2018000007","PAID","","193047"),
("IATT190003591","193051","191002","192010","20000","1","20000","0","20000","1","1","1","IAT0211191024","NHO2018000007","PAID","","193051"),
("IATT190003591","193048","191002","192010","8000","1","8000","0","8000","1","1","2","IAT0211191024","NHO2018000007","PAID","","193048"),
("IATT190003592","193036","191001","192006","36000","1","36000","15840","20160","1","1","1","IAT0211191024","NHO2018000007","PAID","","ORIGINAL"),
("IATT190003592","193081","191001","192002","33000","1","33000","14520","18480","1","1","1","IAT0211191024","NHO2018000007","PAID","","193081"),
("IATT190003592","193055","191002","192010","17000","1","17000","0","17000","1","1","1","IAT0211191024","NHO2018000007","PAID","","193055"),
("IATT190003592","193052","191002","192010","20000","1","20000","0","20000","1","1","1","IAT0211191024","NHO2018000007","PAID","","193052"),
("IATT190003592","193048","191002","192010","8000","1","8000","0","8000","1","1","1","IAT0211191024","NHO2018000007","PAID","","193048"),
("IATT190003593","193027","191001","192003","43000","1","43000","0","43000","1","1","1","IAT0211191024","NHO2018000007","PAID","","193027"),
("IATT190003593","193084","191001","192001","30000","1","30000","13200","16800","1","1","1","IAT0211191024","NHO2018000007","PAID","","ORIGINAL"),
("IATT190003593","193082","191001","192001","30000","1","30000","13200","16800","1","1","1","IAT0211191024","NHO2018000007","PAID","","193082"),
("IATT190003593","193047","191002","192010","10000","1","10000","0","10000","1","1","1","IAT0211191024","NHO2018000007","PAID","","193047"),
("IATT190003592","193022","191001","192003","30000","1","30000","0","30000","1","1","2","IAT0211191024","NHO2018000007","PAID","","193022"),
("IATT190003592","193084","191001","192001","30000","1","30000","13200","16800","1","1","3","IAT0211191024","NHO2018000007","PAID","","PEDAS"),
("IATT190003594","193022","191001","192003","30000","1","30000","0","30000","1","1","1","IAT0211191024","NHO2018000007","PAID","","193022"),
("IATT190003594","193025","191001","192003","30000","1","30000","0","30000","1","1","1","IAT0211191024","NHO2018000007","PAID","","193025"),
("IATT190003593","193033","191001","192005","42000","1","42000","18480","23520","1","1","2","IAT0211191024","NHO2018000007","PAID","","193033"),
("IATT190003595","193011","191001","192001","40000","1","40000","0","40000","1","1","1","IAT0211191024","NHO2018000007","PAID","","PEDAS"),
("IATT190003595","193027","191001","192003","43000","1","43000","0","43000","1","1","1","IAT0211191024","NHO2018000007","PAID","","193027"),
("IATT190003595","193054","191002","192010","20000","1","20000","0","20000","1","1","1","IAT0211191024","NHO2018000007","PAID","","193054"),
("IATT190003595","193054","191002","192010","20000","1","20000","0","20000","2","1","2","IAT0211191024","NHO2018000007","PAID","","193054"),
("IATT190003596","193082","191001","192001","30000","1","30000","14040","15960","1","1","1","IAT0211191024","NHO2018000007","PAID","","193082"),
("IATT190003596","193047","191002","192010","10000","1","10000","500","9500","1","1","1","IAT0211191024","NHO2018000007","PAID","","193047"),
("IATT190003597","193154","191001","192015","35454","1","35454","0","35454","1","1","1","IAT0211191024","NHO2018000007","PAID","","193154"),
("IATT190003597","193152","191001","192015","35454","1","35454","0","35454","1","1","1","IAT0211191024","NHO2018000007","PAID","","193152"),
("IATT190003597","193152","191001","192015","35454","1","35454","0","35454","2","1","1","IAT0211191024","NHO2018000007","PAID","","193152"),
("IATT190003598","193082","191001","192001","30000","1","30000","13200","16800","1","1","1","IAT0211191024","NHO2018000007","PAID","","193082"),
("IATT190003598","193054","191002","192010","20000","1","20000","0","20000","1","1","1","IAT0211191024","NHO2018000007","PAID","","193054"),
("IATT190003596","193051","191002","192010","20000","1","20000","1000","19000","1","1","2","IAT0211191024","NHO2018000007","PAID","","193051"),
("IATT190003599","193007","191001","192001","37000","1","37000","0","37000","1","1","1","IAT0211191024","NHO2018000007","PAID","GAPAKE TELOR","PEDAS"),
("IATT190003599","193047","191002","192010","10000","1","10000","0","10000","1","1","1","IAT0211191024","NHO2018000007","PAID","","193047"),
("IATT190003600","193112","191001","192003","50000","1","50000","0","50000","1","1","1","IAT0211191024","NHO2018000007","PAID","","193112"),
("IATT190003600","193084","191001","192001","30000","1","30000","0","30000","1","1","1","IAT0211191024","NHO2018000007","PAID","","PEDAS"),
("IATT190003600","193054","191002","192010","20000","1","20000","0","20000","1","1","1","IAT0211191024","NHO2018000007","PAID","","193054"),
("IATT190003600","193055","191002","192010","17000","1","17000","0","17000","1","1","1","IAT0211191024","NHO2018000007","PAID","","193055"),
("IATT190003601","193009","191001","192001","40000","1","40000","17600","22400","1","1","1","IAT0211191024","NHO2018000007","PAID","","193009"),
("IATT190003601","193082","191001","192001","30000","1","30000","13200","16800","1","1","1","IAT0211191024","NHO2018000007","PAID","","193082"),
("IATT190003601","193082","191001","192001","30000","1","30000","13200","16800","2","1","1","IAT0211191024","NHO2018000007","PAID","","193082"),
("IATT190003601","193027","191001","192003","43000","1","43000","0","43000","1","1","1","IAT0211191024","NHO2018000007","PAID","","193027"),
("IATT190003601","193046","191002","192010","10000","1","10000","0","10000","1","1","1","IAT0211191024","NHO2018000007","PAID","","193046"),
("IATT190003601","193046","191002","192010","10000","1","10000","0","10000","2","1","1","IAT0211191024","NHO2018000007","PAID","","193046"),
("IATT190003601","193046","191002","192010","10000","1","10000","0","10000","3","1","1","IAT0211191024","NHO2018000007","PAID","","193046"),
("IATT190003601","193048","191002","192010","8000","1","8000","0","8000","1","1","1","IAT0211191024","NHO2018000007","PAID","","193048"),
("IATT190003602","193007","191001","192001","37000","1","37000","0","37000","1","1","1","IAT0211191024","NHO2018000007","PAID","","PEDAS"),
("IATT190003602","193046","191002","192010","10000","1","10000","0","10000","1","1","1","IAT0211191024","NHO2018000007","PAID","","193046"),
("IATT190003603","193033","191001","192005","42000","1","42000","19656","22344","1","1","1","IAT0211191024","NHO2018000007","PAID","","193033"),
("IATT190003603","193008","191001","192001","37000","1","37000","17316","19684","1","1","1","IAT0211191024","NHO2018000007","PAID","","193008"),
("IATT190003604","193007","191001","192001","37000","1","37000","17316","19684","1","1","1","IAT0211191024","NHO2018000007","PAID","","PEDAS"),
("IATT190003604","193056","191002","192010","17000","1","17000","850","16150","1","1","1","IAT0211191024","NHO2018000007","PAID","","193056"),
("IATT190003605","193056","191002","192010","17000","1","17000","0","17000","1","1","1","IAT0211191024","NHO2018000007","PAID","","193056"),
("IATT190003605","193052","191002","192010","20000","1","20000","0","20000","1","1","1","IAT0211191024","NHO2018000007","PAID","","193052"),
("IATT190003606","193028","191001","192003","43000","1","43000","0","43000","1","1","1","IAT0211191024","NHO2018000007","PAID","","193028"),
("IATT190003606","193027","191001","192003","43000","1","43000","0","43000","1","1","1","IAT0211191024","NHO2018000007","PAID","","193027"),
("IATT190003606","193067","191001","192003","7000","1","7000","0","7000","1","1","1","IAT0211191024","NHO2018000007","PAID","","193067"),
("IATT190003606","193046","191002","192010","10000","1","10000","0","10000","1","1","1","IAT0211191024","NHO2018000007","PAID","","193046"),
("IATT190003606","193046","191002","192010","10000","1","10000","0","10000","2","1","1","IAT0211191024","NHO2018000007","PAID","","193046"),
("IATT190003606","193053","191002","192010","20000","1","20000","0","20000","1","1","1","IAT0211191024","NHO2018000007","PAID","","193053"),
("IATT190003607","193072","191001","192012","25000","1","25000","0","25000","1","1","1","IAT0211191024","NHO2018000007","PAID","","193072"),
("IATT190003607","193009","191001","192001","40000","1","40000","0","40000","1","1","1","IAT0211191024","NHO2018000007","PAID","","193009"),
("IATT190003607","193056","191002","192010","17000","1","17000","0","17000","1","1","1","IAT0211191024","NHO2018000007","PAID","","193056"),
("IATT190003607","193054","191002","192010","20000","1","20000","0","20000","1","1","1","IAT0211191024","NHO2018000007","PAID","","193054"),
("IATT190003608","193005","191001","192001","37000","1","37000","17316","19684","1","1","1","IAT0211191024","NHO2018000007","PAID","","193005"),
("IATT190003608","193011","191001","192001","40000","1","40000","18720","21280","1","1","1","IAT0211191024","NHO2018000007","PAID","","PEDAS"),
("IATT190003608","193086","191001","192002","33000","1","33000","15444","17556","1","1","1","IAT0211191024","NHO2018000007","PAID","","PEDAS"),
("IATT190003609","193011","191001","192001","40000","1","40000","17600","22400","1","1","1","IAT0211191024","NHO2018000007","PAID","","PEDAS");



INSERT INTO pos_salestemp VALUES("IATT190003587","","1","36000","16848","1916","0","21068","100000","02/11/2019","10:24","2019-11-02","10:26:03","ISU000006","tbl0029","CLOSED","1","","IATR190003485","","","","","IAT0211191024","NHO2018000007"),
("IATT190003588","","2","93000","17190","7581","0","83391","83391","02/11/2019","12:17","2019-11-02","12:52:55","ISU000006","tbl0012","CLOSED","1","","IATR190003486","","","","","IAT0211191024","NHO2018000007"),
("IATT190003589","NHM2019003243 annisa dewi kartikasar","1","56000","19520","3648","0","40128","40128","02/11/2019","13:54","2019-11-02","14:33:23","ISU000013","tbl0010","CLOSED","1","","IATR190003487","","","","","IAT0211191024","NHO2018000007"),
("IATT190003590","","1","36000","0","3600","0","39600","39600","02/11/2019","13:54","2019-11-02","14:34:31","ISU000004","tbl0050","CLOSED","1","giladiskon\n","IATR190003488","","","","","IAT0211191024","NHO2018000007"),
("IATT190003591","","2","118000","40000","7800","0","85800","85800","02/11/2019","14:36","2019-11-02","15:11:06","ISU000004","tbl0012","CLOSED","1","50% dwi hari astuti A32BDZO EATIGO","IATR190003489","","","","","IAT0211191024","NHO2018000007"),
("IATT190003592","","2","174000","43560","13044","0","143484","150000","02/11/2019","15:06","2019-11-02","16:14:22","ISU000006","tbl0010","CLOSED","1","","IATR190003491","","","","","IAT0211191024","NHO2018000007"),
("IATT190003593","","0","155000","44880","11012","0","121132","150000","02/11/2019","15:16","2019-11-02","16:07:03","ISU000004","tbl0011","CLOSED","1","","IATR190003490","","","","","IAT0211191024","NHO2018000007"),
("IATT190003594","","2","60000","0","6000","0","66000","70000","02/11/2019","15:33","2019-11-02","16:48:26","ISU000006","tbl0012","CLOSED","1","","IATR190003492","","","","","IAT0211191024","NHO2018000007"),
("IATT190003595","","2","123000","0","12300","0","135300","135300","02/11/2019","16:44","2019-11-02","17:33:15","ISU000006","tbl0010","CLOSED","1","","IATR190003493","","","","","IAT0211191024","NHO2018000007"),
("IATT190003596","","1","60000","15540","4446","0","48906","50000","02/11/2019","18:06","2019-11-02","18:38:54","ISU000004","tbl0012","CLOSED","1","","IATR190003494","","","","","IAT0211191024","NHO2018000007"),
("IATT190003597","","1","106362","0","10637","0","116999","116999","02/11/2019","18:22","2019-11-02","19:52:07","ISU000004","takeaway","CLOSED","1","GO BIZZ / GO FOOD","IATR190003498","","","","","IAT0211191024","NHO2018000007"),
("IATT190003598","","1","50000","13200","3680","0","40480","50000","02/11/2019","18:35","2019-11-02","19:51:15","ISU000004","tbl0014","CLOSED","1","","IATR190003497","","","","","IAT0211191024","NHO2018000007"),
("IATT190003599","","1","47000","0","4700","0","51700","51700","02/11/2019","18:45","2019-11-02","21:11:50","ISU000004","tbl0005","CLOSED","1","","IATR190003505","","","","","IAT0211191024","NHO2018000007"),
("IATT190003600","","2","117000","0","11700","0","128700","128700","02/11/2019","18:51","2019-11-02","19:55:01","ISU000004","tbl0010","CLOSED","1","","IATR190003499","","","","","IAT0211191024","NHO2018000007"),
("IATT190003601","","4","181000","44000","13700","0","150700","150700","02/11/2019","18:53","2019-11-02","19:37:08","ISU000004","tbl0011","CLOSED","1","","IATR190003496","","","","","IAT0211191024","NHO2018000007"),
("IATT190003602","","1","47000","0","4700","0","51700","100000","02/11/2019","19:28","2019-11-02","19:31:27","ISU000004","tbl0004","CLOSED","1","","IATR190003495","","","","","IAT0211191024","NHO2018000007"),
("IATT190003603","NHM2019000574 Neti riastutik","1","79000","36972","4203","0","46231","50000","02/11/2019","20:11","2019-11-02","21:04:57","ISU000004","tbl0011","CLOSED","1","","IATR190003502","","","","","IAT0211191024","NHO2018000007"),
("IATT190003604","NHM2019003275 Vania Valensia","1","54000","18166","3584","0","39418","50000","02/11/2019","20:11","2019-11-02","21:06:36","ISU000004","tbl0008","CLOSED","1","","IATR190003503","","","","","IAT0211191024","NHO2018000007"),
("IATT190003605","","2","37000","0","3700","0","40700","50000","02/11/2019","20:16","2019-11-02","20:30:04","ISU000004","tbl0006","CLOSED","1","","IATR190003500","","","","","IAT0211191024","NHO2018000007"),
("IATT190003606","","2","133000","0","13300","0","146300","200000","02/11/2019","20:26","2019-11-02","21:07:37","ISU000004","tbl0010","CLOSED","1","","IATR190003504","","","","","IAT0211191024","NHO2018000007"),
("IATT190003607","","1","102000","0","10200","0","112200","112200","02/11/2019","20:32","2019-11-02","20:54:06","ISU000004","tbl0012","CLOSED","1","","IATR190003501","","","","","IAT0211191024","NHO2018000007"),
("IATT190003608","NHM2019003280 Madi Jr","3","110000","51480","5852","0","64372","100000","02/11/2019","20:49","2019-11-02","21:29:23","ISU000004","tbl0014","CLOSED","1","","IATR190003506","","","","","IAT0211191024","NHO2018000007"),
("IATT190003609","","1","40000","17600","2240","0","24640","50000","02/11/2019","21:09","2019-11-02","21:32:25","ISU000004","tbl0050","CLOSED","1","","IATR190003507","","","","","IAT0211191024","NHO2018000007");



INSERT INTO item_void VALUES("IATT190003589","IAT0211191024","NHO2018000007","193121","193121","1","0","Before Send","Komplen Customer");



INSERT INTO pos_promotion_h VALUES("IATT190003587","NPRM18000020","DISC ITEM","1","15840","PROMO LAGI VIRAL 30%+20%","IAT0211191024","PAID","NHO2018000007"),
("IATT190003587","NPRM18000018","DISC ALL","1","1008","CRM DISC 5%","IAT0211191024","PAID","NHO2018000007"),
("IATT190003588","NPRM18000020","DISC ITEM","1","13200","PROMO LAGI VIRAL 30%+20%","IAT0211191024","PAID","NHO2018000007"),
("IATT190003588","NPRM18000018","DISC ALL","1","3990","CRM DISC 5%","IAT0211191024","PAID","NHO2018000007"),
("IATT190003589","NPRM18000020","DISC ITEM","1","17600","PROMO LAGI VIRAL 30%+20%","IAT0211191024","PAID","NHO2018000007"),
("IATT190003589","NPRM18000018","DISC ALL","1","1920","CRM DISC 5%","IAT0211191024","PAID","NHO2018000007"),
("IATT190003591","NPRM18000012","DISC ITEM","1","40000","eatigo 50%","IAT0211191024","PAID","NHO2018000007"),
("IATT190003593","NPRM18000020","DISC ITEM","1","44880","PROMO LAGI VIRAL 30%+20%","IAT0211191024","PAID","NHO2018000007"),
("IATT190003592","NPRM18000020","DISC ITEM","1","43560","PROMO LAGI VIRAL 30%+20%","IAT0211191024","PAID","NHO2018000007"),
("IATT190003596","NPRM18000020","DISC ITEM","1","13200","PROMO LAGI VIRAL 30%+20%","IAT0211191024","PAID","NHO2018000007"),
("IATT190003596","NPRM18000018","DISC ALL","1","2340","CRM DISC 5%","IAT0211191024","PAID","NHO2018000007"),
("IATT190003601","NPRM18000020","DISC ITEM","1","44000","PROMO LAGI VIRAL 30%+20%","IAT0211191024","PAID","NHO2018000007"),
("IATT190003598","NPRM18000020","DISC ITEM","1","13200","PROMO LAGI VIRAL 30%+20%","IAT0211191024","PAID","NHO2018000007"),
("IATT190003603","NPRM18000020","DISC ITEM","1","34760","PROMO LAGI VIRAL 30%+20%","IAT0211191024","PAID","NHO2018000007"),
("IATT190003603","NPRM18000018","DISC ALL","1","2212","CRM DISC 5%","IAT0211191024","PAID","NHO2018000007"),
("IATT190003604","NPRM18000020","DISC ITEM","1","16280","PROMO LAGI VIRAL 30%+20%","IAT0211191024","PAID","NHO2018000007"),
("IATT190003604","NPRM18000018","DISC ALL","1","1886","CRM DISC 5%","IAT0211191024","PAID","NHO2018000007"),
("IATT190003608","NPRM18000020","DISC ITEM","1","48400","PROMO LAGI VIRAL 30%+20%","IAT0211191024","PAID","NHO2018000007"),
("IATT190003608","NPRM18000018","DISC ALL","1","3080","CRM DISC 5%","IAT0211191024","PAID","NHO2018000007"),
("IATT190003609","NPRM18000020","DISC ITEM","1","17600","PROMO LAGI VIRAL 30%+20%","IAT0211191024","PAID","NHO2018000007");



INSERT INTO pos_promotion_d VALUES("IATT190003587","NPRM18000020","DISC ITEM","1","1","193039","1","15840","IAT0211191024","PAID","NHO2018000007"),
("IATT190003587","NPRM18000018","DISC ALL","1","1","193039","1","1008","IAT0211191024","PAID","NHO2018000007"),
("IATT190003588","NPRM18000020","DISC ITEM","1","1","193083","1","13200","IAT0211191024","PAID","NHO2018000007"),
("IATT190003588","NPRM18000018","DISC ALL","1","1","193083","1","840","IAT0211191024","PAID","NHO2018000007"),
("IATT190003588","NPRM18000018","DISC ALL","1","1","193027","1","2150","IAT0211191024","PAID","NHO2018000007"),
("IATT190003588","NPRM18000018","DISC ALL","1","1","193046","1","500","IAT0211191024","PAID","NHO2018000007"),
("IATT190003588","NPRM18000018","DISC ALL","1","1","193046","2","500","IAT0211191024","PAID","NHO2018000007"),
("IATT190003589","NPRM18000020","DISC ITEM","1","1","193019","1","17600","IAT0211191024","PAID","NHO2018000007"),
("IATT190003589","NPRM18000018","DISC ALL","1","1","193019","1","1120","IAT0211191024","PAID","NHO2018000007"),
("IATT190003589","NPRM18000018","DISC ALL","1","1","193048","1","400","IAT0211191024","PAID","NHO2018000007"),
("IATT190003589","NPRM18000018","DISC ALL","1","1","193048","2","400","IAT0211191024","PAID","NHO2018000007"),
("IATT190003591","NPRM18000012","DISC ITEM","1","1","193009","1","20000","IAT0211191024","PAID","NHO2018000007"),
("IATT190003591","NPRM18000012","DISC ITEM","1","1","193021","1","20000","IAT0211191024","PAID","NHO2018000007"),
("IATT190003593","NPRM18000020","DISC ITEM","1","1","193084","1","13200","IAT0211191024","PAID","NHO2018000007"),
("IATT190003593","NPRM18000020","DISC ITEM","1","1","193082","1","13200","IAT0211191024","PAID","NHO2018000007"),
("IATT190003593","NPRM18000020","DISC ITEM","1","1","193033","1","18480","IAT0211191024","PAID","NHO2018000007"),
("IATT190003592","NPRM18000020","DISC ITEM","1","1","193036","1","15840","IAT0211191024","PAID","NHO2018000007"),
("IATT190003592","NPRM18000020","DISC ITEM","1","1","193081","1","14520","IAT0211191024","PAID","NHO2018000007"),
("IATT190003592","NPRM18000020","DISC ITEM","1","1","193084","1","13200","IAT0211191024","PAID","NHO2018000007"),
("IATT190003596","NPRM18000020","DISC ITEM","1","1","193082","1","13200","IAT0211191024","PAID","NHO2018000007"),
("IATT190003596","NPRM18000018","DISC ALL","1","1","193082","1","840","IAT0211191024","PAID","NHO2018000007"),
("IATT190003596","NPRM18000018","DISC ALL","1","1","193047","1","500","IAT0211191024","PAID","NHO2018000007"),
("IATT190003596","NPRM18000018","DISC ALL","1","1","193051","1","1000","IAT0211191024","PAID","NHO2018000007"),
("IATT190003601","NPRM18000020","DISC ITEM","1","1","193009","1","17600","IAT0211191024","PAID","NHO2018000007"),
("IATT190003601","NPRM18000020","DISC ITEM","1","1","193082","1","13200","IAT0211191024","PAID","NHO2018000007"),
("IATT190003601","NPRM18000020","DISC ITEM","1","1","193082","2","13200","IAT0211191024","PAID","NHO2018000007"),
("IATT190003598","NPRM18000020","DISC ITEM","1","1","193082","1","13200","IAT0211191024","PAID","NHO2018000007"),
("IATT190003603","NPRM18000020","DISC ITEM","1","1","193033","1","18480","IAT0211191024","PAID","NHO2018000007"),
("IATT190003603","NPRM18000020","DISC ITEM","1","1","193008","1","16280","IAT0211191024","PAID","NHO2018000007"),
("IATT190003603","NPRM18000018","DISC ALL","1","1","193033","1","1176","IAT0211191024","PAID","NHO2018000007"),
("IATT190003603","NPRM18000018","DISC ALL","1","1","193008","1","1036","IAT0211191024","PAID","NHO2018000007"),
("IATT190003604","NPRM18000020","DISC ITEM","1","1","193007","1","16280","IAT0211191024","PAID","NHO2018000007"),
("IATT190003604","NPRM18000018","DISC ALL","1","1","193007","1","1036","IAT0211191024","PAID","NHO2018000007"),
("IATT190003604","NPRM18000018","DISC ALL","1","1","193056","1","850","IAT0211191024","PAID","NHO2018000007"),
("IATT190003608","NPRM18000020","DISC ITEM","1","1","193005","1","16280","IAT0211191024","PAID","NHO2018000007"),
("IATT190003608","NPRM18000020","DISC ITEM","1","1","193011","1","17600","IAT0211191024","PAID","NHO2018000007"),
("IATT190003608","NPRM18000020","DISC ITEM","1","1","193086","1","14520","IAT0211191024","PAID","NHO2018000007"),
("IATT190003608","NPRM18000018","DISC ALL","1","1","193005","1","1036","IAT0211191024","PAID","NHO2018000007"),
("IATT190003608","NPRM18000018","DISC ALL","1","1","193011","1","1120","IAT0211191024","PAID","NHO2018000007"),
("IATT190003608","NPRM18000018","DISC ALL","1","1","193086","1","924","IAT0211191024","PAID","NHO2018000007"),
("IATT190003609","NPRM18000020","DISC ITEM","1","1","193011","1","17600","IAT0211191024","PAID","NHO2018000007");



INSERT INTO pos_paymenttemp VALUES("IATT190003587","CASH","CASH","21068","100000","ISU000006","2019-11-02","","1","","CLOSED","IAT0211191024","NHO2018000007"),
("IATT190003588","CARD","DEBIT BCA","83391","83391","ISU000006","2019-11-02","","1","","CLOSED","IAT0211191024","NHO2018000007"),
("IATT190003589","CARD","MASTER","40128","40128","ISU000013","2019-11-02","","1","","CLOSED","IAT0211191024","NHO2018000007"),
("IATT190003590","CARD","MASTER","39600","39600","ISU000004","2019-11-02","","1","","CLOSED","IAT0211191024","NHO2018000007"),
("IATT190003591","CARD","DEBIT BCA","85800","85800","ISU000004","2019-11-02","","1","","CLOSED","IAT0211191024","NHO2018000007"),
("IATT190003593","CASH","CASH","121132","150000","ISU000004","2019-11-02","","1","","CLOSED","IAT0211191024","NHO2018000007"),
("IATT190003592","CASH","CASH","143484","150000","ISU000006","2019-11-02","","1","","CLOSED","IAT0211191024","NHO2018000007"),
("IATT190003594","CASH","CASH","66000","70000","ISU000006","2019-11-02","","1","","CLOSED","IAT0211191024","NHO2018000007"),
("IATT190003595","CASH","OVO","135300","135300","ISU000006","2019-11-02","","1","","CLOSED","IAT0211191024","NHO2018000007"),
("IATT190003596","CASH","CASH","48906","50000","ISU000004","2019-11-02","","1","","CLOSED","IAT0211191024","NHO2018000007"),
("IATT190003602","CASH","CASH","51700","100000","ISU000004","2019-11-02","","1","","CLOSED","IAT0211191024","NHO2018000007"),
("IATT190003601","CARD","DEBIT BCA","150700","150700","ISU000004","2019-11-02","","1","","CLOSED","IAT0211191024","NHO2018000007"),
("IATT190003598","CASH","CASH","40480","50000","ISU000004","2019-11-02","","1","","CLOSED","IAT0211191024","NHO2018000007"),
("IATT190003597","CASH","GOPAY","116999","116999","ISU000004","2019-11-02","","1","","CLOSED","IAT0211191024","NHO2018000007"),
("IATT190003600","CARD","VISA","128700","128700","ISU000004","2019-11-02","","1","","CLOSED","IAT0211191024","NHO2018000007"),
("IATT190003605","CASH","CASH","40700","50000","ISU000004","2019-11-02","","1","","CLOSED","IAT0211191024","NHO2018000007"),
("IATT190003607","CASH","OVO","112200","112200","ISU000004","2019-11-02","","1","","CLOSED","IAT0211191024","NHO2018000007"),
("IATT190003603","CASH","CASH","46231","50000","ISU000004","2019-11-02","","1","","CLOSED","IAT0211191024","NHO2018000007"),
("IATT190003604","CASH","CASH","39418","50000","ISU000004","2019-11-02","","1","","CLOSED","IAT0211191024","NHO2018000007"),
("IATT190003606","CASH","CASH","146300","200000","ISU000004","2019-11-02","","1","","CLOSED","IAT0211191024","NHO2018000007"),
("IATT190003599","CARD","VISA","51700","51700","ISU000004","2019-11-02","","1","","CLOSED","IAT0211191024","NHO2018000007"),
("IATT190003608","CASH","CASH","64372","100000","ISU000004","2019-11-02","","1","","CLOSED","IAT0211191024","NHO2018000007"),
("IATT190003609","CASH","CASH","24640","50000","ISU000004","2019-11-02","","1","","CLOSED","IAT0211191024","NHO2018000007");



