INSERT INTO pos_itemtemp VALUES("IATT200005084","193011","191001","192001","40000","1","40000","0","40000","1","1","1","IAT0202200947","NHO2018000007","PAID","level 1","PEDAS"),
("IATT200005084","193047","191002","192010","10000","1","10000","0","10000","1","1","1","IAT0202200947","NHO2018000007","PAID","","193047"),
("IATT200005084","193011","191001","192001","40000","1","40000","0","40000","2","1","2","IAT0202200947","NHO2018000007","PAID","PEDES BANGET","PEDAS"),
("IATT200005085","193082","191001","192001","30000","1","30000","0","30000","1","1","1","IAT0202200947","NHO2018000007","PAID","","193082"),
("IATT200005085","193113","191001","192003","55000","1","55000","0","55000","1","1","1","IAT0202200947","NHO2018000007","PAID","","193113"),
("IATT200005085","193024","191001","192003","30000","1","30000","0","30000","1","1","1","IAT0202200947","NHO2018000007","PAID","","193024"),
("IATT200005085","193046","191002","192010","10000","1","10000","0","10000","1","1","1","IAT0202200947","NHO2018000007","PAID","","193046"),
("IATT200005085","193055","191002","192010","17000","1","17000","0","17000","1","1","1","IAT0202200947","NHO2018000007","PAID","","193055"),
("IATT200005085","193056","191002","192010","17000","1","17000","0","17000","1","1","1","IAT0202200947","NHO2018000007","PAID","","193056"),
("IATT200005086","193022","191001","192003","30000","1","30000","0","30000","1","1","1","IAT0202200947","NHO2018000007","PAID","","193022"),
("IATT200005086","193047","191002","192010","10000","1","10000","0","10000","1","1","1","IAT0202200947","NHO2018000007","PAID","","193047"),
("IATT200005086","193050","191002","192010","20000","1","20000","0","20000","1","1","1","IAT0202200947","NHO2018000007","PAID","","193050"),
("IATT200005086","193034","191001","192005","37000","1","37000","0","37000","1","1","1","IAT0202200947","NHO2018000007","PAID","","193034"),
("IATT200005087","193047","191002","192010","10000","1","10000","0","10000","1","1","1","IAT0202200947","NHO2018000007","PAID","","193047"),
("IATT200005087","193024","191001","192003","30000","1","30000","0","30000","1","1","1","IAT0202200947","NHO2018000007","PAID","1 TAKE AWAY\n","193024"),
("IATT200005087","193024","191001","192003","30000","1","30000","0","30000","2","1","1","IAT0202200947","NHO2018000007","PAID","","193024"),
("IATT200005088","193024","191001","192003","30000","1","30000","0","30000","1","1","1","IAT0202200947","NHO2018000007","PAID","","193024"),
("IATT200005088","193024","191001","192003","30000","1","30000","0","30000","2","1","1","IAT0202200947","NHO2018000007","PAID","","193024"),
("IATT200005088","193040","191001","192008","20000","1","20000","0","20000","1","1","1","IAT0202200947","NHO2018000007","PAID","","193040"),
("IATT200005088","193085","191001","192001","30000","1","30000","0","30000","1","1","1","IAT0202200947","NHO2018000007","PAID","","193085"),
("IATT200005088","193053","191002","192010","20000","1","20000","0","20000","1","1","1","IAT0202200947","NHO2018000007","PAID","","193053"),
("IATT200005088","193047","191002","192010","10000","1","10000","0","10000","1","1","1","IAT0202200947","NHO2018000007","PAID","","193047"),
("IATT200005088","193047","191002","192010","10000","1","10000","0","10000","2","1","1","IAT0202200947","NHO2018000007","PAID","","193047"),
("IATT200005088","193055","191002","192010","17000","1","17000","0","17000","1","1","1","IAT0202200947","NHO2018000007","PAID","","193055"),
("IATT200005089","193005","191001","192001","37000","1","37000","0","37000","1","1","1","IAT0202200947","NHO2018000007","PAID","NO SAYUR, DAUN BWNG","193005"),
("IATT200005089","193083","191001","192001","30000","1","30000","0","30000","1","1","1","IAT0202200947","NHO2018000007","PAID","SAMBEL PISAH","193083"),
("IATT200005089","193047","191002","192010","10000","1","10000","0","10000","1","1","1","IAT0202200947","NHO2018000007","PAID","","193047"),
("IATT200005089","193047","191002","192010","10000","1","10000","0","10000","2","1","1","IAT0202200947","NHO2018000007","PAID","","193047"),
("IATT200005089","193118","191001","192012","20000","1","20000","0","20000","1","1","1","IAT0202200947","NHO2018000007","PAID","","193118"),
("IATT200005090","193038","191001","192006","36000","1","36000","0","36000","1","1","1","IAT0202200947","NHO2018000007","PAID","SEDENG","PEDAS"),
("IATT200005090","193055","191002","192010","17000","1","17000","0","17000","1","1","1","IAT0202200947","NHO2018000007","PAID","","193055"),
("IATT200005091","193082","191001","192001","30000","1","30000","0","30000","1","1","1","IAT0202200947","NHO2018000007","PAID","GAPAKE DAUN BAWANG","193082"),
("IATT200005091","193118","191001","192012","20000","1","20000","0","20000","1","1","1","IAT0202200947","NHO2018000007","PAID","","193118"),
("IATT200005091","193047","191002","192010","10000","1","10000","0","10000","1","1","1","IAT0202200947","NHO2018000007","PAID","","193047"),
("IATT200005091","193055","191002","192010","17000","1","17000","0","17000","1","1","1","IAT0202200947","NHO2018000007","PAID","","193055"),
("IATT200005092","193009","191001","192001","40000","1","40000","0","40000","1","1","1","IAT0202200947","NHO2018000007","PAID","","193009"),
("IATT200005092","193070","191001","192012","13000","1","13000","0","13000","1","1","1","IAT0202200947","NHO2018000007","PAID","salad banyakin","193070"),
("IATT200005092","193085","191001","192001","30000","1","30000","0","30000","1","1","1","IAT0202200947","NHO2018000007","PAID","","193085"),
("IATT200005092","193007","191001","192001","37000","1","37000","0","37000","1","1","1","IAT0202200947","NHO2018000007","PAID","","PEDAS"),
("IATT200005092","193054","191002","192010","20000","1","20000","0","20000","1","1","1","IAT0202200947","NHO2018000007","PAID","","193054"),
("IATT200005092","193055","191002","192010","17000","1","17000","0","17000","1","1","1","IAT0202200947","NHO2018000007","PAID","","193055"),
("IATT200005092","193055","191002","192010","17000","1","17000","0","17000","2","1","1","IAT0202200947","NHO2018000007","PAID","","193055"),
("IATT200005092","193047","191002","192010","10000","1","10000","0","10000","1","1","1","IAT0202200947","NHO2018000007","PAID","","193047"),
("IATT200005093","193085","191001","192001","30000","1","30000","3000","27000","1","1","1","IAT0202200947","NHO2018000007","PAID","pedes lvl 1","193085"),
("IATT200005093","193027","191001","192003","43000","1","43000","4300","38700","1","1","1","IAT0202200947","NHO2018000007","PAID","","193027"),
("IATT200005093","193118","191001","192012","20000","1","20000","2000","18000","1","1","1","IAT0202200947","NHO2018000007","PAID","","193118"),
("IATT200005093","193056","191002","192010","17000","1","17000","1700","15300","1","1","1","IAT0202200947","NHO2018000007","PAID","","193056"),
("IATT200005093","193056","191002","192010","17000","1","17000","1700","15300","2","1","1","IAT0202200947","NHO2018000007","PAID","","193056"),
("IATT200005094","193076","191001","192001","30000","1","30000","0","30000","1","1","1","IAT0202200947","NHO2018000007","PAID","","193076"),
("IATT200005094","193030","191001","192004","27000","1","27000","0","27000","1","1","1","IAT0202200947","NHO2018000007","PAID","","193030"),
("IATT200005094","193071","191001","192012","18000","1","18000","0","18000","1","1","1","IAT0202200947","NHO2018000007","PAID","","193071"),
("IATT200005094","193056","191002","192010","17000","1","17000","0","17000","1","1","1","IAT0202200947","NHO2018000007","PAID","","193056"),
("IATT200005093","193047","191002","192010","10000","1","10000","1000","9000","1","1","2","IAT0202200947","NHO2018000007","PAID","","193047");



INSERT INTO pos_salestemp VALUES("IATT200005084","","1","90000","0","9000","0","99000","100000","02/02/2020","10:36","2020-02-02","11:11:42","ISU000015","tbl0012","CLOSED","1","","IATR200004945","","","","","IAT0202200947","NHO2018000007"),
("IATT200005085","","3","159000","0","15900","0","174900","200000","02/02/2020","13:24","2020-02-02","13:57:35","ISU000015","tbl0012","CLOSED","1","","IATR200004946","","","","","IAT0202200947","NHO2018000007"),
("IATT200005086","","2","97000","0","9700","0","106700","150000","02/02/2020","13:27","2020-02-02","14:03:09","ISU000015","tbl0010","CLOSED","1","","IATR200004947","","","","","IAT0202200947","NHO2018000007"),
("IATT200005087","","2","70000","0","7000","0","77000","100000","02/02/2020","15:11","2020-02-02","15:52:51","ISU000015","tbl0011","CLOSED","1","","IATR200004948","","","","","IAT0202200947","NHO2018000007"),
("IATT200005088","","4","167000","0","16700","0","183700","200000","02/02/2020","16:34","2020-02-02","17:50:42","ISU000004","tbl0012","CLOSED","1","","IATR200004949","","","","","IAT0202200947","NHO2018000007"),
("IATT200005089","","2","107000","0","10700","0","117700","117700","02/02/2020","16:42","2020-02-02","18:07:36","ISU000004","tbl0010","CLOSED","1","","IATR200004952","","","","","IAT0202200947","NHO2018000007"),
("IATT200005090","","1","53000","0","5300","0","58300","100000","02/02/2020","17:24","2020-02-02","18:03:12","ISU000004","tbl0004","CLOSED","1","","IATR200004951","","","","","IAT0202200947","NHO2018000007"),
("IATT200005091","","1","77000","0","7700","0","84700","100000","02/02/2020","17:28","2020-02-02","17:51:36","ISU000004","tbl0011","CLOSED","1","","IATR200004950","","","","","IAT0202200947","NHO2018000007"),
("IATT200005092","","4","184000","0","18400","0","202400","205000","02/02/2020","18:01","2020-02-02","18:30:31","ISU000004","tbl0011","CLOSED","1","","IATR200004953","","","","","IAT0202200947","NHO2018000007"),
("IATT200005093","","1","137000","13700","12330","0","135630","150000","02/02/2020","19:42","2020-02-02","20:19:05","ISU000004","tbl0012","CLOSED","1","","IATR200004954","","","","","IAT0202200947","NHO2018000007"),
("IATT200005094","","2","92000","0","9200","0","101200","200200","02/02/2020","19:51","2020-02-02","20:20:32","ISU000004","tbl0011","CLOSED","1","","IATR200004955","","","","","IAT0202200947","NHO2018000007");






INSERT INTO pos_promotion_h VALUES("IATT200005093","NPRM18000019","DISC ALL","1","13700","CRM DISC 10%","IAT0202200947","PAID","NHO2018000007");



INSERT INTO pos_promotion_d VALUES("IATT200005093","NPRM18000019","DISC ALL","1","1","193085","1","3000","IAT0202200947","PAID","NHO2018000007"),
("IATT200005093","NPRM18000019","DISC ALL","1","1","193027","1","4300","IAT0202200947","PAID","NHO2018000007"),
("IATT200005093","NPRM18000019","DISC ALL","1","1","193118","1","2000","IAT0202200947","PAID","NHO2018000007"),
("IATT200005093","NPRM18000019","DISC ALL","1","1","193056","1","1700","IAT0202200947","PAID","NHO2018000007"),
("IATT200005093","NPRM18000019","DISC ALL","1","1","193056","2","1700","IAT0202200947","PAID","NHO2018000007"),
("IATT200005093","NPRM18000019","DISC ALL","1","1","193047","1","1000","IAT0202200947","PAID","NHO2018000007");



INSERT INTO pos_paymenttemp VALUES("IATT200005084","CASH","CASH","99000","100000","ISU000015","2020-02-02","","1","","CLOSED","IAT0202200947","NHO2018000007"),
("IATT200005085","CASH","CASH","174900","200000","ISU000015","2020-02-02","","1","","CLOSED","IAT0202200947","NHO2018000007"),
("IATT200005086","CASH","CASH","106700","150000","ISU000015","2020-02-02","","1","","CLOSED","IAT0202200947","NHO2018000007"),
("IATT200005087","CASH","CASH","77000","100000","ISU000015","2020-02-02","","1","","CLOSED","IAT0202200947","NHO2018000007"),
("IATT200005088","CASH","CASH","183700","200000","ISU000004","2020-02-02","","1","","CLOSED","IAT0202200947","NHO2018000007"),
("IATT200005091","CASH","CASH","84700","100000","ISU000004","2020-02-02","","1","","CLOSED","IAT0202200947","NHO2018000007"),
("IATT200005090","CASH","CASH","58300","100000","ISU000004","2020-02-02","","1","","CLOSED","IAT0202200947","NHO2018000007"),
("IATT200005089","CARD","DEBIT BCA","117700","117700","ISU000004","2020-02-02","","1","","CLOSED","IAT0202200947","NHO2018000007"),
("IATT200005092","CASH","CASH","202400","205000","ISU000004","2020-02-02","","1","","CLOSED","IAT0202200947","NHO2018000007"),
("IATT200005093","CASH","CASH","135630","150000","ISU000004","2020-02-02","","1","","CLOSED","IAT0202200947","NHO2018000007"),
("IATT200005094","CASH","CASH","101200","200200","ISU000004","2020-02-02","","1","","CLOSED","IAT0202200947","NHO2018000007");



