INSERT INTO pos_itemtemp VALUES("IATT200004629","193077","191001","192001","30000","1","30000","0","30000","1","1","1","IAT0101200940","NHO2018000007","PAID","","193077"),
("IATT200004629","193012","191001","192001","40000","1","40000","0","40000","1","1","1","IAT0101200940","NHO2018000007","PAID","","193012"),
("IATT200004629","193070","191001","192012","13000","1","13000","0","13000","1","1","1","IAT0101200940","NHO2018000007","PAID","","193070"),
("IATT200004629","193048","191002","192010","8000","1","8000","0","8000","1","1","1","IAT0101200940","NHO2018000007","PAID","","193048"),
("IATT200004629","193048","191002","192010","8000","1","8000","0","8000","2","1","1","IAT0101200940","NHO2018000007","PAID","","193048"),
("IATT200004630","193011","191001","192001","40000","1","40000","0","40000","1","1","1","IAT0101200940","NHO2018000007","PAID","","PEDAS"),
("IATT200004630","193118","191001","192012","20000","1","20000","0","20000","1","1","1","IAT0101200940","NHO2018000007","PAID","","193118"),
("IATT200004630","193087","191001","192002","33000","1","33000","0","33000","1","1","2","IAT0101200940","NHO2018000007","PAID","","193087"),
("IATT200004631","193083","191001","192001","30000","1","30000","0","30000","1","1","1","IAT0101200940","NHO2018000007","PAID","","193083"),
("IATT200004631","193111","191001","192008","25000","1","25000","0","25000","1","1","1","IAT0101200940","NHO2018000007","PAID","","193111"),
("IATT200004631","193052","191002","192010","20000","1","20000","0","20000","1","1","1","IAT0101200940","NHO2018000007","PAID","","193052"),
("IATT200004632","193076","191001","192001","30000","1","30000","0","30000","1","1","1","IAT0101200940","NHO2018000007","PAID","","193076"),
("IATT200004632","193096","191001","192008","50000","1","50000","0","50000","1","1","1","IAT0101200940","NHO2018000007","PAID","","193096"),
("IATT200004632","193046","191002","192010","10000","1","10000","0","10000","1","1","1","IAT0101200940","NHO2018000007","PAID","","193046"),
("IATT200004632","193046","191002","192010","10000","1","10000","0","10000","2","1","1","IAT0101200940","NHO2018000007","PAID","","193046"),
("IATT200004633","193011","191001","192001","40000","1","40000","0","40000","1","1","1","IAT0101200940","NHO2018000007","PAID","","PEDAS"),
("IATT200004633","193019","191001","192002","40000","1","40000","0","40000","1","1","1","IAT0101200940","NHO2018000007","PAID","","PEDAS"),
("IATT200004633","193041","191001","192008","20000","1","20000","0","20000","1","1","1","IAT0101200940","NHO2018000007","PAID","","193041"),
("IATT200004633","193027","191001","192003","43000","1","43000","0","43000","1","1","1","IAT0101200940","NHO2018000007","PAID","","193027"),
("IATT200004633","193072","191001","192012","25000","1","25000","0","25000","1","1","1","IAT0101200940","NHO2018000007","PAID","","193072"),
("IATT200004633","193054","191002","192010","20000","1","20000","0","20000","1","1","1","IAT0101200940","NHO2018000007","PAID","","193054"),
("IATT200004633","193052","191002","192010","20000","1","20000","0","20000","1","1","1","IAT0101200940","NHO2018000007","PAID","","193052"),
("IATT200004633","193052","191002","192010","20000","1","20000","0","20000","2","1","1","IAT0101200940","NHO2018000007","PAID","","193052"),
("IATT200004633","193049","191002","192010","10000","1","10000","0","10000","1","1","1","IAT0101200940","NHO2018000007","PAID","","193049"),
("IATT200004634","193084","191001","192001","30000","1","30000","0","30000","2","1","1","IAT0101200940","NHO2018000007","PAID","","PEDAS"),
("IATT200004634","193078","191001","192001","30000","1","30000","0","30000","1","1","1","IAT0101200940","NHO2018000007","PAID","","PEDAS"),
("IATT200004634","193033","191001","192005","42000","1","42000","0","42000","1","1","1","IAT0101200940","NHO2018000007","PAID","","193033"),
("IATT200004634","193054","191002","192010","20000","1","20000","0","20000","1","1","1","IAT0101200940","NHO2018000007","PAID","","193054"),
("IATT200004634","193046","191002","192010","10000","1","10000","0","10000","1","1","1","IAT0101200940","NHO2018000007","PAID","","193046"),
("IATT200004634","193047","191002","192010","10000","1","10000","0","10000","1","1","1","IAT0101200940","NHO2018000007","PAID","","193047"),
("IATT200004634","193032","191001","192004","30000","1","30000","0","30000","1","1","1","IAT0101200940","NHO2018000007","PAID","","193032"),
("IATT200004634","193084","191001","192001","30000","1","30000","0","30000","3","1","2","IAT0101200940","NHO2018000007","PAID","","PEDAS"),
("IATT200004634","193048","191002","192010","8000","1","8000","0","8000","1","1","3","IAT0101200940","NHO2018000007","PAID","","193048"),
("IATT200004634","193048","191002","192010","8000","1","8000","0","8000","2","1","3","IAT0101200940","NHO2018000007","PAID","","193048"),
("IATT200004634","193071","191001","192012","18000","1","18000","0","18000","1","1","3","IAT0101200940","NHO2018000007","PAID","","193071"),
("IATT200004635","193035","191001","192006","32000","1","32000","6400","25600","1","1","1","IAT0101200940","NHO2018000007","PAID","SEDANG","PEDAS"),
("IATT200004635","193011","191001","192001","40000","1","40000","8000","32000","1","1","1","IAT0101200940","NHO2018000007","PAID","LEVEL 1","PEDAS"),
("IATT200004635","193049","191002","192010","10000","1","10000","0","10000","1","1","1","IAT0101200940","NHO2018000007","PAID","","193049"),
("IATT200004635","193048","191002","192010","8000","1","8000","0","8000","1","1","1","IAT0101200940","NHO2018000007","PAID","","193048"),
("IATT200004636","193083","191001","192001","30000","1","30000","9000","21000","1","1","1","IAT0101200940","NHO2018000007","PAID","","193083"),
("IATT200004636","193084","191001","192001","30000","1","30000","9000","21000","1","1","1","IAT0101200940","NHO2018000007","PAID","","PEDAS"),
("IATT200004636","193036","191001","192006","36000","1","36000","10800","25200","1","1","1","IAT0101200940","NHO2018000007","PAID","","ORIGINAL"),
("IATT200004636","193024","191001","192003","30000","1","30000","0","30000","1","1","1","IAT0101200940","NHO2018000007","PAID","","193024"),
("IATT200004636","193052","191002","192010","20000","1","20000","0","20000","1","1","1","IAT0101200940","NHO2018000007","PAID","","193052"),
("IATT200004636","193052","191002","192010","20000","1","20000","0","20000","2","1","1","IAT0101200940","NHO2018000007","PAID","","193052"),
("IATT200004636","193047","191002","192010","10000","1","10000","0","10000","1","1","1","IAT0101200940","NHO2018000007","PAID","","193047"),
("IATT200004636","193047","191002","192010","10000","1","10000","0","10000","2","1","1","IAT0101200940","NHO2018000007","PAID","","193047"),
("IATT200004636","193047","191002","192010","10000","1","10000","0","10000","3","1","1","IAT0101200940","NHO2018000007","PAID","","193047"),
("IATT200004637","193011","191001","192001","40000","1","40000","16000","24000","1","1","1","IAT0101200940","NHO2018000007","PAID","","PEDAS"),
("IATT200004637","193082","191001","192001","30000","1","30000","12000","18000","1","1","1","IAT0101200940","NHO2018000007","PAID","","193082"),
("IATT200004637","193034","191001","192005","37000","1","37000","14800","22200","1","1","1","IAT0101200940","NHO2018000007","PAID","","193034"),
("IATT200004637","193053","191002","192010","20000","1","20000","0","20000","1","1","1","IAT0101200940","NHO2018000007","PAID","","193053"),
("IATT200004637","193055","191002","192010","17000","1","17000","0","17000","1","1","1","IAT0101200940","NHO2018000007","PAID","","193055"),
("IATT200004637","193055","191002","192010","17000","1","17000","0","17000","2","1","1","IAT0101200940","NHO2018000007","PAID","","193055"),
("IATT200004638","193033","191001","192005","42000","1","42000","0","42000","1","1","1","IAT0101200940","NHO2018000007","PAID","","193033"),
("IATT200004638","193025","191001","192003","30000","1","30000","0","30000","1","1","1","IAT0101200940","NHO2018000007","PAID","","193025"),
("IATT200004638","193056","191002","192010","17000","1","17000","0","17000","1","1","1","IAT0101200940","NHO2018000007","PAID","","193056"),
("IATT200004638","193047","191002","192010","10000","1","10000","0","10000","1","1","1","IAT0101200940","NHO2018000007","PAID","","193047"),
("IATT200004639","193079","191001","192001","30000","1","30000","0","30000","1","1","1","IAT0101200940","NHO2018000007","PAID","","193079"),
("IATT200004639","193078","191001","192001","30000","1","30000","0","30000","1","1","1","IAT0101200940","NHO2018000007","PAID","","ORIGINAL"),
("IATT200004639","193070","191001","192012","13000","1","13000","0","13000","1","1","1","IAT0101200940","NHO2018000007","PAID","","193070"),
("IATT200004639","193048","191002","192010","8000","1","8000","0","8000","1","1","1","IAT0101200940","NHO2018000007","PAID","","193048"),
("IATT200004639","193046","191002","192010","10000","1","10000","0","10000","1","1","1","IAT0101200940","NHO2018000007","PAID","","193046"),
("IATT200004639","193055","191002","192010","17000","1","17000","0","17000","1","1","1","IAT0101200940","NHO2018000007","PAID","","193055"),
("IATT200004637","193069","191001","192012","13000","1","13000","5200","7800","1","1","2","IAT0101200940","NHO2018000007","PAID","","193069"),
("IATT200004640","193007","191001","192001","37000","1","37000","0","37000","1","1","1","IAT0101200940","NHO2018000007","PAID","LEVEL 3","PEDAS"),
("IATT200004640","193024","191001","192003","30000","1","30000","0","30000","1","1","1","IAT0101200940","NHO2018000007","PAID","","193024"),
("IATT200004640","193048","191002","192010","8000","1","8000","0","8000","1","1","1","IAT0101200940","NHO2018000007","PAID","","193048"),
("IATT200004640","193047","191002","192010","10000","1","10000","0","10000","1","1","1","IAT0101200940","NHO2018000007","PAID","","193047"),
("IATT200004641","193083","191001","192001","30000","1","30000","0","30000","1","1","1","IAT0101200940","NHO2018000007","PAID","","193083"),
("IATT200004641","193084","191001","192001","30000","1","30000","0","30000","1","1","1","IAT0101200940","NHO2018000007","PAID","","PEDAS"),
("IATT200004641","193053","191002","192010","20000","1","20000","0","20000","1","1","1","IAT0101200940","NHO2018000007","PAID","","193053"),
("IATT200004641","193046","191002","192010","10000","1","10000","0","10000","1","1","1","IAT0101200940","NHO2018000007","PAID","","193046"),
("IATT200004641","193055","191002","192010","17000","1","17000","0","17000","1","1","1","IAT0101200940","NHO2018000007","PAID","","193055");



INSERT INTO pos_salestemp VALUES("IATT200004629","","2","99000","0","9900","0","108900","110000","01/01/2020","10:55","2020-01-01","11:29:26","ISU000006","tbl0010","CLOSED","1","","IATR200004500","","","","","IAT0101200940","NHO2018000007"),
("IATT200004630","","2","93000","0","9300","0","102300","102300","01/01/2020","12:23","2020-01-01","13:02:19","ISU000006","tbl0012","CLOSED","1","","IATR200004501","","","","","IAT0101200940","NHO2018000007"),
("IATT200004631","","1","75000","0","7500","0","82500","82500","01/01/2020","14:19","2020-01-01","14:38:14","ISU000006","tbl0007","CLOSED","1","","IATR200004502","","","","","IAT0101200940","NHO2018000007"),
("IATT200004632","","2","100000","0","10000","0","110000","110000","01/01/2020","14:22","2020-01-01","14:55:59","ISU000006","tbl0011","CLOSED","1","","IATR200004503","","","","","IAT0101200940","NHO2018000007"),
("IATT200004633","","3","238000","0","23800","0","261800","261800","01/01/2020","15:02","2020-01-01","15:37:35","ISU000004","tbl0010","CLOSED","1","","IATR200004504","","","","","IAT0101200940","NHO2018000007"),
("IATT200004634","","4","236000","0","23600","0","259600","259600","01/01/2020","15:34","2020-01-01","16:29:51","ISU000006","tbl0012","CLOSED","1","","IATR200004505","","","","","IAT0101200940","NHO2018000007"),
("IATT200004635","","2","90000","14400","7560","0","83160","100000","01/01/2020","18:32","2020-01-01","19:11:58","ISU000004","tbl0012","CLOSED","1","","IATR200004506","","","","","IAT0101200940","NHO2018000007"),
("IATT200004636","","4","196000","28800","16720","0","183920","200000","01/01/2020","18:48","2020-01-01","19:27:20","ISU000004","tbl0011","CLOSED","1","","IATR200004507","","","","","IAT0101200940","NHO2018000007"),
("IATT200004637","","3","174000","48000","12600","0","138600","138600","01/01/2020","19:22","2020-01-01","20:47:23","ISU000004","tbl0010","CLOSED","1","","IATR200004510","","","","","IAT0101200940","NHO2018000007"),
("IATT200004638","","2","99000","0","9900","0","108900","108900","01/01/2020","19:29","2020-01-01","19:59:32","ISU000004","tbl0012","CLOSED","1","","IATR200004508","","","","","IAT0101200940","NHO2018000007"),
("IATT200004639","","2","108000","0","10800","0","118800","118800","01/01/2020","19:39","2020-01-01","20:06:50","ISU000004","tbl0011","CLOSED","1","","IATR200004509","","","","","IAT0101200940","NHO2018000007"),
("IATT200004640","","2","85000","0","8500","0","93500","100000","01/01/2020","20:24","2020-01-01","21:03:18","ISU000004","tbl0012","CLOSED","1","","IATR200004511","","","","","IAT0101200940","NHO2018000007"),
("IATT200004641","","2","107000","0","10700","0","117700","118000","01/01/2020","20:57","2020-01-01","21:23:45","ISU000004","tbl0010","CLOSED","1","","IATR200004512","","","","","IAT0101200940","NHO2018000007");






INSERT INTO pos_promotion_h VALUES("IATT200004635","NPRM18000024","DISC ITEM","1","14400","KANAN KIRI DISKON 20%","IAT0101200940","PAID","NHO2018000007"),
("IATT200004636","NPRM18000025","DISC ITEM","1","28800","KANAN KIRI DISKON 30%","IAT0101200940","PAID","NHO2018000007"),
("IATT200004637","NPRM18000026","DISC ITEM","1","48000","KANAN KIRI DISKON 40%","IAT0101200940","PAID","NHO2018000007");



INSERT INTO pos_promotion_d VALUES("IATT200004635","NPRM18000024","DISC ITEM","1","1","193035","1","6400","IAT0101200940","PAID","NHO2018000007"),
("IATT200004635","NPRM18000024","DISC ITEM","1","1","193011","1","8000","IAT0101200940","PAID","NHO2018000007"),
("IATT200004636","NPRM18000025","DISC ITEM","1","1","193083","1","9000","IAT0101200940","PAID","NHO2018000007"),
("IATT200004636","NPRM18000025","DISC ITEM","1","1","193084","1","9000","IAT0101200940","PAID","NHO2018000007"),
("IATT200004636","NPRM18000025","DISC ITEM","1","1","193036","1","10800","IAT0101200940","PAID","NHO2018000007"),
("IATT200004637","NPRM18000026","DISC ITEM","1","1","193011","1","16000","IAT0101200940","PAID","NHO2018000007"),
("IATT200004637","NPRM18000026","DISC ITEM","1","1","193082","1","12000","IAT0101200940","PAID","NHO2018000007"),
("IATT200004637","NPRM18000026","DISC ITEM","1","1","193034","1","14800","IAT0101200940","PAID","NHO2018000007"),
("IATT200004637","NPRM18000026","DISC ITEM","1","1","193069","1","5200","IAT0101200940","PAID","NHO2018000007");



INSERT INTO pos_paymenttemp VALUES("IATT200004629","CASH","CASH","108900","110000","ISU000006","2020-01-01","","1","","CLOSED","IAT0101200940","NHO2018000007"),
("IATT200004630","CARD","DEBIT BCA","102300","102300","ISU000006","2020-01-01","","1","","CLOSED","IAT0101200940","NHO2018000007"),
("IATT200004631","CARD","DEBIT BCA","82500","82500","ISU000006","2020-01-01","","1","","CLOSED","IAT0101200940","NHO2018000007"),
("IATT200004632","CASH","CASH","110000","110000","ISU000006","2020-01-01","","1","","CLOSED","IAT0101200940","NHO2018000007"),
("IATT200004633","CARD","DEBIT BCA","261800","261800","ISU000004","2020-01-01","","1","","CLOSED","IAT0101200940","NHO2018000007"),
("IATT200004634","CARD","DEBIT BCA","259600","259600","ISU000006","2020-01-01","","1","","CLOSED","IAT0101200940","NHO2018000007"),
("IATT200004635","CASH","CASH","83160","100000","ISU000004","2020-01-01","","1","","CLOSED","IAT0101200940","NHO2018000007"),
("IATT200004636","CASH","CASH","183920","200000","ISU000004","2020-01-01","","1","","CLOSED","IAT0101200940","NHO2018000007"),
("IATT200004638","CASH","OVO","108900","108900","ISU000004","2020-01-01","","1","","CLOSED","IAT0101200940","NHO2018000007"),
("IATT200004639","CASH","OVO","118800","118800","ISU000004","2020-01-01","","1","","CLOSED","IAT0101200940","NHO2018000007"),
("IATT200004637","CARD","DEBIT BCA","138600","138600","ISU000004","2020-01-01","","1","","CLOSED","IAT0101200940","NHO2018000007"),
("IATT200004640","CASH","CASH","93500","100000","ISU000004","2020-01-01","","1","","CLOSED","IAT0101200940","NHO2018000007"),
("IATT200004641","CASH","CASH","117700","118000","ISU000004","2020-01-01","","1","","CLOSED","IAT0101200940","NHO2018000007");



