INSERT INTO pos_itemtemp VALUES("IATT190004198","193039","191001","192006","36000","1","36000","0","36000","1","1","1","IAT0712190956","NHO2018000007","PAID","","ORIGINAL"),
("IATT190004198","193054","191002","192010","20000","1","20000","0","20000","1","1","2","IAT0712190956","NHO2018000007","PAID","","193054"),
("IATT190004199","193038","191001","192006","36000","1","36000","0","36000","1","1","1","IAT0712190956","NHO2018000007","PAID","SEDANG","PEDAS"),
("IATT190004199","193050","191002","192010","20000","1","20000","0","20000","1","1","1","IAT0712190956","NHO2018000007","PAID","","193050"),
("IATT190004199","193048","191002","192010","8000","1","8000","0","8000","1","1","1","IAT0712190956","NHO2018000007","PAID","","193048"),
("IATT190004200","193033","191001","192005","42000","1","42000","21000","21000","1","1","1","IAT0712190956","NHO2018000007","PAID","","193033"),
("IATT190004200","193007","191001","192001","37000","1","37000","18500","18500","1","1","1","IAT0712190956","NHO2018000007","PAID","","PEDAS"),
("IATT190004200","193069","191001","192012","13000","1","13000","6500","6500","1","1","1","IAT0712190956","NHO2018000007","PAID","","193069"),
("IATT190004200","193047","191002","192010","10000","1","10000","0","10000","1","1","1","IAT0712190956","NHO2018000007","PAID","","193047"),
("IATT190004200","193049","191002","192010","10000","1","10000","0","10000","1","1","1","IAT0712190956","NHO2018000007","PAID","","193049"),
("IATT190004201","193027","191001","192003","43000","1","43000","0","43000","1","1","1","IAT0712190956","NHO2018000007","PAID","","193027"),
("IATT190004202","193034","191001","192005","37000","1","37000","18500","18500","1","1","1","IAT0712190956","NHO2018000007","PAID","","193034"),
("IATT190004202","193037","191001","192006","36000","1","36000","18000","18000","1","1","1","IAT0712190956","NHO2018000007","PAID","","ORIGINAL"),
("IATT190004202","193070","191001","192012","13000","1","13000","6500","6500","1","1","1","IAT0712190956","NHO2018000007","PAID","","193070"),
("IATT190004202","193048","191002","192010","8000","1","8000","0","8000","1","1","1","IAT0712190956","NHO2018000007","PAID","","193048"),
("IATT190004202","193048","191002","192010","8000","1","8000","0","8000","2","1","1","IAT0712190956","NHO2018000007","PAID","","193048"),
("IATT190004203","193009","191001","192001","40000","1","40000","20000","20000","1","1","1","IAT0712190956","NHO2018000007","PAID","","193009"),
("IATT190004203","193009","191001","192001","40000","1","40000","20000","20000","2","1","1","IAT0712190956","NHO2018000007","PAID","","193009"),
("IATT190004203","193011","191001","192001","40000","1","40000","20000","20000","1","1","1","IAT0712190956","NHO2018000007","PAID","","PEDAS"),
("IATT190004203","193069","191001","192012","13000","1","13000","6500","6500","1","1","1","IAT0712190956","NHO2018000007","PAID","","193069"),
("IATT190004203","193055","191002","192010","17000","1","17000","0","17000","1","1","1","IAT0712190956","NHO2018000007","PAID","","193055"),
("IATT190004203","193047","191002","192010","10000","1","10000","0","10000","1","1","1","IAT0712190956","NHO2018000007","PAID","","193047"),
("IATT190004203","193051","191002","192010","20000","1","20000","0","20000","1","1","1","IAT0712190956","NHO2018000007","PAID","","193051"),
("IATT190004204","193012","191001","192001","40000","1","40000","20000","20000","1","1","1","IAT0712190956","NHO2018000007","PAID","","193012"),
("IATT190004204","193029","191001","192004","27000","1","27000","13500","13500","1","1","1","IAT0712190956","NHO2018000007","PAID","","193029"),
("IATT190004204","193030","191001","192004","27000","1","27000","13500","13500","1","1","1","IAT0712190956","NHO2018000007","PAID","","193030"),
("IATT190004204","193048","191002","192010","8000","1","8000","0","8000","1","1","1","IAT0712190956","NHO2018000007","PAID","","193048"),
("IATT190004204","193047","191002","192010","10000","1","10000","0","10000","1","1","1","IAT0712190956","NHO2018000007","PAID","","193047"),
("IATT190004204","193071","191001","192012","18000","1","18000","9000","9000","1","1","1","IAT0712190956","NHO2018000007","PAID","","193071"),
("IATT190004205","193084","191001","192001","30000","1","30000","0","30000","1","1","1","IAT0712190956","NHO2018000007","PAID","","PEDAS"),
("IATT190004205","193113","191001","192003","55000","1","55000","0","55000","1","1","1","IAT0712190956","NHO2018000007","PAID","","193113"),
("IATT190004205","193047","191002","192010","10000","1","10000","0","10000","1","1","1","IAT0712190956","NHO2018000007","PAID","","193047"),
("IATT190004205","193047","191002","192010","10000","1","10000","0","10000","2","1","1","IAT0712190956","NHO2018000007","PAID","","193047"),
("IATT190004206","193034","191001","192005","37000","1","37000","18500","18500","1","1","1","IAT0712190956","NHO2018000007","PAID","","193034"),
("IATT190004206","193011","191001","192001","40000","1","40000","20000","20000","1","1","1","IAT0712190956","NHO2018000007","PAID","","PEDAS"),
("IATT190004206","193052","191002","192010","20000","1","20000","0","20000","1","1","1","IAT0712190956","NHO2018000007","PAID","","193052"),
("IATT190004206","193048","191002","192010","8000","1","8000","0","8000","1","1","1","IAT0712190956","NHO2018000007","PAID","","193048"),
("IATT190004206","193051","191002","192010","20000","1","20000","0","20000","1","1","1","IAT0712190956","NHO2018000007","PAID","","193051"),
("IATT190004206","193070","191001","192012","13000","1","13000","6500","6500","1","1","1","IAT0712190956","NHO2018000007","PAID","","193070"),
("IATT190004207","193009","191001","192001","40000","1","40000","0","40000","1","1","1","IAT0712190956","NHO2018000007","PAID","","193009"),
("IATT190004207","193111","191001","192008","25000","1","25000","0","25000","1","1","1","IAT0712190956","NHO2018000007","PAID","","193111"),
("IATT190004207","193055","191002","192010","17000","1","17000","0","17000","1","1","1","IAT0712190956","NHO2018000007","PAID","","193055"),
("IATT190004207","193050","191002","192010","20000","1","20000","0","20000","1","1","2","IAT0712190956","NHO2018000007","PAID","","193050"),
("IATT190004208","193113","191001","192003","55000","1","55000","0","55000","1","1","1","IAT0712190956","NHO2018000007","PAID","","193113"),
("IATT190004208","193012","191001","192001","40000","1","40000","0","40000","1","1","1","IAT0712190956","NHO2018000007","PAID","","193012"),
("IATT190004208","193011","191001","192001","40000","1","40000","0","40000","1","1","1","IAT0712190956","NHO2018000007","PAID","","PEDAS"),
("IATT190004208","193027","191001","192003","43000","1","43000","0","43000","1","1","1","IAT0712190956","NHO2018000007","PAID","","193027"),
("IATT190004208","193047","191002","192010","10000","1","10000","0","10000","1","1","1","IAT0712190956","NHO2018000007","PAID","","193047"),
("IATT190004208","193047","191002","192010","10000","1","10000","0","10000","2","1","1","IAT0712190956","NHO2018000007","PAID","","193047"),
("IATT190004208","193056","191002","192010","17000","1","17000","0","17000","1","1","1","IAT0712190956","NHO2018000007","PAID","","193056"),
("IATT190004208","193048","191002","192010","8000","1","8000","0","8000","1","1","1","IAT0712190956","NHO2018000007","PAID","","193048"),
("IATT190004209","193036","191001","192006","36000","1","36000","18000","18000","1","1","1","IAT0712190956","NHO2018000007","PAID","","PEDAS"),
("IATT190004209","193086","191001","192002","33000","1","33000","16500","16500","1","1","1","IAT0712190956","NHO2018000007","PAID","","PEDAS"),
("IATT190004209","193029","191001","192004","27000","1","27000","13500","13500","1","1","1","IAT0712190956","NHO2018000007","PAID","","193029"),
("IATT190004209","193024","191001","192003","30000","1","30000","0","30000","1","1","1","IAT0712190956","NHO2018000007","PAID","","193024"),
("IATT190004209","193053","191002","192010","20000","1","20000","0","20000","1","1","1","IAT0712190956","NHO2018000007","PAID","","193053"),
("IATT190004209","193053","191002","192010","20000","1","20000","0","20000","2","1","1","IAT0712190956","NHO2018000007","PAID","","193053"),
("IATT190004209","193053","191002","192010","20000","1","20000","0","20000","3","1","1","IAT0712190956","NHO2018000007","PAID","","193053"),
("IATT190004209","193050","191002","192010","20000","1","20000","0","20000","1","1","1","IAT0712190956","NHO2018000007","PAID","","193050"),
("IATT190004204","193030","191001","192004","27000","1","27000","13500","13500","2","1","2","IAT0712190956","NHO2018000007","PAID","","193030"),
("IATT190004204","193029","191001","192004","27000","1","27000","13500","13500","2","1","2","IAT0712190956","NHO2018000007","PAID","","193029"),
("IATT190004204","193070","191001","192012","13000","1","13000","6500","6500","1","1","2","IAT0712190956","NHO2018000007","PAID","","193070"),
("IATT190004210","193028","191001","192003","43000","1","43000","0","43000","1","1","1","IAT0712190956","NHO2018000007","PAID","","193028"),
("IATT190004210","193071","191001","192012","18000","1","18000","0","18000","1","1","1","IAT0712190956","NHO2018000007","PAID","","193071"),
("IATT190004210","193046","191002","192010","10000","1","10000","0","10000","1","1","1","IAT0712190956","NHO2018000007","PAID","","193046"),
("IATT190004210","193054","191002","192010","20000","1","20000","0","20000","1","1","1","IAT0712190956","NHO2018000007","PAID","","193054"),
("IATT190004208","193048","191002","192010","8000","1","8000","0","8000","2","1","2","IAT0712190956","NHO2018000007","PAID","","193048"),
("IATT190004211","193086","191001","192002","33000","1","33000","0","33000","1","1","1","IAT0712190956","NHO2018000007","PAID","","PEDAS"),
("IATT190004211","193033","191001","192005","42000","1","42000","0","42000","1","1","1","IAT0712190956","NHO2018000007","PAID","","193033"),
("IATT190004212","193028","191001","192003","43000","1","43000","4300","38700","1","1","1","IAT0712190956","NHO2018000007","PAID","","193028"),
("IATT190004212","193024","191001","192003","30000","1","30000","3000","27000","1","1","1","IAT0712190956","NHO2018000007","PAID","","193024"),
("IATT190004212","193049","191002","192010","10000","1","10000","1000","9000","1","1","1","IAT0712190956","NHO2018000007","PAID","","193049"),
("IATT190004212","193049","191002","192010","10000","1","10000","1000","9000","2","1","1","IAT0712190956","NHO2018000007","PAID","","193049"),
("IATT190004213","193035","191001","192006","32000","1","32000","0","32000","1","1","1","IAT0712190956","NHO2018000007","PAID","","ORIGINAL"),
("IATT190004213","193055","191002","192010","17000","1","17000","0","17000","1","1","1","IAT0712190956","NHO2018000007","PAID","","193055"),
("IATT190004214","193085","191001","192001","30000","1","30000","15000","15000","1","1","1","IAT0712190956","NHO2018000007","PAID","","193085"),
("IATT190004214","193084","191001","192001","30000","1","30000","15000","15000","1","1","1","IAT0712190956","NHO2018000007","PAID","SANGAT PEDAS","PEDAS"),
("IATT190004214","193056","191002","192010","17000","1","17000","0","17000","1","1","1","IAT0712190956","NHO2018000007","PAID","","193056"),
("IATT190004214","193055","191002","192010","17000","1","17000","0","17000","1","1","1","IAT0712190956","NHO2018000007","PAID","","193055"),
("IATT190004214","193070","191001","192012","13000","1","13000","6500","6500","1","1","2","IAT0712190956","NHO2018000007","PAID","","193070"),
("IATT190004215","193027","191001","192003","43000","1","43000","0","43000","1","1","1","IAT0712190956","NHO2018000007","PAID","","193027"),
("IATT190004215","193028","191001","192003","43000","1","43000","0","43000","1","1","1","IAT0712190956","NHO2018000007","PAID","","193028"),
("IATT190004215","193077","191001","192001","30000","1","30000","0","30000","1","1","1","IAT0712190956","NHO2018000007","PAID","","193077"),
("IATT190004215","193052","191002","192010","20000","1","20000","0","20000","1","1","1","IAT0712190956","NHO2018000007","PAID","","193052"),
("IATT190004215","193054","191002","192010","20000","1","20000","0","20000","1","1","1","IAT0712190956","NHO2018000007","PAID","","193054"),
("IATT190004216","193007","191001","192001","37000","1","37000","0","37000","1","1","1","IAT0712190956","NHO2018000007","PAID","","PEDAS"),
("IATT190004216","193053","191002","192010","20000","1","20000","0","20000","1","1","1","IAT0712190956","NHO2018000007","PAID","","193053"),
("IATT190004217","193070","191001","192012","13000","1","13000","6500","6500","1","1","1","IAT0712190956","NHO2018000007","PAID","","193070"),
("IATT190004217","193069","191001","192012","13000","1","13000","6500","6500","1","1","1","IAT0712190956","NHO2018000007","PAID","","193069"),
("IATT190004217","193033","191001","192005","42000","1","42000","21000","21000","1","1","1","IAT0712190956","NHO2018000007","PAID","","193033"),
("IATT190004217","193047","191002","192010","10000","1","10000","0","10000","1","1","1","IAT0712190956","NHO2018000007","PAID","","193047"),
("IATT190004218","193113","191001","192003","55000","1","55000","0","55000","1","1","1","IAT0712190956","NHO2018000007","PAID","","193113"),
("IATT190004218","193113","191001","192003","55000","1","55000","0","55000","2","1","1","IAT0712190956","NHO2018000007","PAID","","193113"),
("IATT190004218","193113","191001","192003","55000","1","55000","0","55000","3","1","1","IAT0712190956","NHO2018000007","PAID","","193113"),
("IATT190004218","193056","191002","192010","17000","1","17000","0","17000","1","1","1","IAT0712190956","NHO2018000007","PAID","","193056"),
("IATT190004218","193054","191002","192010","20000","1","20000","0","20000","1","1","1","IAT0712190956","NHO2018000007","PAID","","193054"),
("IATT190004218","193046","191002","192010","10000","1","10000","0","10000","1","1","1","IAT0712190956","NHO2018000007","PAID","","193046"),
("IATT190004218","193046","191002","192010","10000","1","10000","0","10000","2","1","1","IAT0712190956","NHO2018000007","PAID","","193046"),
("IATT190004218","193048","191002","192010","8000","1","8000","0","8000","1","1","1","IAT0712190956","NHO2018000007","PAID","","193048"),
("IATT190004219","193085","191001","192001","30000","1","30000","15000","15000","1","1","1","IAT0712190956","NHO2018000007","PAID","","193085"),
("IATT190004219","193036","191001","192006","36000","1","36000","18000","18000","1","1","1","IAT0712190956","NHO2018000007","PAID","","ORIGINAL"),
("IATT190004219","193069","191001","192012","13000","1","13000","6500","6500","1","1","1","IAT0712190956","NHO2018000007","PAID","","193069"),
("IATT190004219","193118","191001","192012","20000","1","20000","0","20000","1","1","1","IAT0712190956","NHO2018000007","PAID","","193118"),
("IATT190004219","193047","191002","192010","10000","1","10000","0","10000","1","1","1","IAT0712190956","NHO2018000007","PAID","","193047"),
("IATT190004219","193054","191002","192010","20000","1","20000","0","20000","1","1","1","IAT0712190956","NHO2018000007","PAID","","193054"),
("IATT190004216","193054","191002","192010","20000","1","20000","0","20000","1","1","2","IAT0712190956","NHO2018000007","PAID","","193054"),
("IATT190004216","193112","191001","192003","50000","1","50000","0","50000","1","1","2","IAT0712190956","NHO2018000007","PAID","","193112"),
("IATT190004220","193009","191001","192001","40000","1","40000","0","40000","1","1","1","IAT0712190956","NHO2018000007","PAID","","193009"),
("IATT190004219","193048","191002","192010","8000","1","8000","0","8000","1","1","2","IAT0712190956","NHO2018000007","PAID","","193048"),
("IATT190004221","193030","191001","192004","27000","1","27000","13500","13500","1","1","1","IAT0712190956","NHO2018000007","PAID","","193030"),
("IATT190004221","193030","191001","192004","27000","1","27000","13500","13500","2","1","1","IAT0712190956","NHO2018000007","PAID","","193030"),
("IATT190004221","193070","191001","192012","13000","1","13000","6500","6500","1","1","1","IAT0712190956","NHO2018000007","PAID","","193070"),
("IATT190004221","193046","191002","192010","10000","1","10000","0","10000","1","1","1","IAT0712190956","NHO2018000007","PAID","","193046"),
("IATT190004221","193051","191002","192010","20000","1","20000","0","20000","1","1","1","IAT0712190956","NHO2018000007","PAID","","193051"),
("IATT190004222","193012","191001","192001","40000","1","40000","20000","20000","1","1","1","IAT0712190956","NHO2018000007","PAID","","193012"),
("IATT190004222","193021","191001","192002","40000","1","40000","20000","20000","1","1","1","IAT0712190956","NHO2018000007","PAID","","ORIGINAL"),
("IATT190004222","193054","191002","192010","20000","1","20000","0","20000","1","1","1","IAT0712190956","NHO2018000007","PAID","","193054"),
("IATT190004222","193054","191002","192010","20000","1","20000","0","20000","2","1","1","IAT0712190956","NHO2018000007","PAID","","193054"),
("IATT190004222","193069","191001","192012","13000","1","13000","6500","6500","1","1","1","IAT0712190956","NHO2018000007","PAID","","193069"),
("IATT190004223","193084","191001","192001","30000","1","30000","0","30000","1","1","1","IAT0712190956","NHO2018000007","PAID","LVL3","PEDAS"),
("IATT190004223","193029","191001","192004","27000","1","27000","0","27000","1","1","1","IAT0712190956","NHO2018000007","PAID","","193029"),
("IATT190004223","193036","191001","192006","36000","1","36000","0","36000","1","1","1","IAT0712190956","NHO2018000007","PAID","","PEDAS"),
("IATT190004223","193035","191001","192006","32000","1","32000","0","32000","1","1","1","IAT0712190956","NHO2018000007","PAID","SEDENG","PEDAS"),
("IATT190004223","193038","191001","192006","36000","1","36000","0","36000","1","1","1","IAT0712190956","NHO2018000007","PAID","","ORIGINAL"),
("IATT190004223","193034","191001","192005","37000","1","37000","0","37000","1","1","1","IAT0712190956","NHO2018000007","PAID","","193034"),
("IATT190004223","193005","191001","192001","37000","1","37000","0","37000","1","1","1","IAT0712190956","NHO2018000007","PAID","","193005"),
("IATT190004223","193053","191002","192010","20000","1","20000","0","20000","1","1","1","IAT0712190956","NHO2018000007","PAID","","193053"),
("IATT190004223","193051","191002","192010","20000","1","20000","0","20000","1","1","1","IAT0712190956","NHO2018000007","PAID","","193051"),
("IATT190004223","193051","191002","192010","20000","1","20000","0","20000","2","1","1","IAT0712190956","NHO2018000007","PAID","","193051"),
("IATT190004223","193052","191002","192010","20000","1","20000","0","20000","1","1","1","IAT0712190956","NHO2018000007","PAID","","193052"),
("IATT190004223","193052","191002","192010","20000","1","20000","0","20000","2","1","1","IAT0712190956","NHO2018000007","PAID","","193052"),
("IATT190004223","193052","191002","192010","20000","1","20000","0","20000","3","1","1","IAT0712190956","NHO2018000007","PAID","","193052"),
("IATT190004223","193054","191002","192010","20000","1","20000","0","20000","1","1","1","IAT0712190956","NHO2018000007","PAID","","193054"),
("IATT190004223","193118","191001","192012","20000","1","20000","0","20000","1","1","2","IAT0712190956","NHO2018000007","PAID","","193118"),
("IATT190004223","193118","191001","192012","20000","1","20000","0","20000","2","1","2","IAT0712190956","NHO2018000007","PAID","","193118"),
("IATT190004223","193028","191001","192003","43000","1","43000","0","43000","1","1","2","IAT0712190956","NHO2018000007","PAID","","193028"),
("IATT190004223","193046","191002","192010","10000","1","10000","0","10000","1","1","2","IAT0712190956","NHO2018000007","PAID","","193046"),
("IATT190004223","193052","191002","192010","20000","1","20000","0","20000","4","1","3","IAT0712190956","NHO2018000007","PAID","","193052"),
("IATT190004223","193055","191002","192010","17000","1","17000","0","17000","1","1","4","IAT0712190956","NHO2018000007","PAID","","193055"),
("IATT190004224","193077","191001","192001","30000","1","30000","0","30000","1","1","1","IAT0712190956","NHO2018000007","PAID","","193077"),
("IATT190004224","193078","191001","192001","30000","1","30000","0","30000","1","1","1","IAT0712190956","NHO2018000007","PAID","","ORIGINAL"),
("IATT190004224","193055","191002","192010","17000","1","17000","0","17000","1","1","1","IAT0712190956","NHO2018000007","PAID","","193055"),
("IATT190004224","193055","191002","192010","17000","1","17000","0","17000","2","1","1","IAT0712190956","NHO2018000007","PAID","","193055");



INSERT INTO pos_salestemp VALUES("IATT190004198","","1","56000","0","5600","0","61600","100000","07/12/2019","12:21","2019-12-07","12:40:25","ISU000004","tbl0006","CLOSED","1","","IATR190004075","","","","","IAT0712190956","NHO2018000007"),
("IATT190004199","","1","64000","0","6400","0","70400","100000","07/12/2019","12:47","2019-12-07","13:51:08","ISU000004","tbl0004","CLOSED","1","","IATR190004077","","","","","IAT0712190956","NHO2018000007"),
("IATT190004200","","2","112000","46000","6600","0","72600","100000","07/12/2019","12:57","2019-12-07","13:27:50","ISU000004","tbl0010","CLOSED","1","","IATR190004076","","","","","IAT0712190956","NHO2018000007"),
("IATT190004201","","1","43000","0","4300","0","47300","50000","07/12/2019","13:04","2019-12-07","13:59:20","ISU000004","tbl0023","CLOSED","1","","IATR190004078","","","","","IAT0712190956","NHO2018000007"),
("IATT190004202","","2","102000","43000","5900","0","64900","100000","07/12/2019","13:04","2019-12-07","14:02:36","ISU000004","tbl0012","CLOSED","1","","IATR190004079","","","","","IAT0712190956","NHO2018000007"),
("IATT190004203","","4","180000","66500","11350","0","124850","150000","07/12/2019","13:42","2019-12-07","14:18:17","ISU000004","tbl0010","CLOSED","1","","IATR190004080","","","","","IAT0712190956","NHO2018000007"),
("IATT190004204","","2","197000","89500","10750","0","118250","118250","07/12/2019","14:01","2019-12-07","15:09:06","ISU000006","tbl0011","CLOSED","1","","IATR190004083","","","","","IAT0712190956","NHO2018000007"),
("IATT190004205","","0","105000","0","10500","0","115500","150000","07/12/2019","14:23","2019-12-07","14:54:48","ISU000006","tbl0014","CLOSED","1","","IATR190004082","","","","","IAT0712190956","NHO2018000007"),
("IATT190004206","","2","138000","45000","9300","0","102300","105000","07/12/2019","14:24","2019-12-07","14:53:41","ISU000006","tbl0010","CLOSED","1","","IATR190004081","","","","","IAT0712190956","NHO2018000007"),
("IATT190004207","","2","102000","0","10200","0","112200","112200","07/12/2019","14:31","2019-12-07","15:16:36","ISU000006","tbl0012","CLOSED","1","","IATR190004085","","","","","IAT0712190956","NHO2018000007"),
("IATT190004208","","4","231000","0","23100","0","254100","254100","07/12/2019","14:37","2019-12-07","15:11:43","ISU000006","tbl0022","CLOSED","1","","IATR190004084","","","","","IAT0712190956","NHO2018000007"),
("IATT190004209","","4","206000","48000","15800","0","173800","200000","07/12/2019","14:50","2019-12-07","16:33:38","ISU000004","tbl0010","CLOSED","1","","IATR190004090","","","","","IAT0712190956","NHO2018000007"),
("IATT190004210","","2","91000","0","9100","0","100100","100100","07/12/2019","15:00","2019-12-07","16:02:13","ISU000006","tbl0018","CLOSED","1","","IATR190004087","","","","","IAT0712190956","NHO2018000007"),
("IATT190004211","","2","75000","0","7500","0","82500","82500","07/12/2019","15:17","2019-12-07","15:40:59","ISU000006","tbl0022","CLOSED","1","","IATR190004086","","","","","IAT0712190956","NHO2018000007"),
("IATT190004212","NHM2019003420 M abdul azis","2","93000","9300","8370","0","92070","100000","07/12/2019","15:45","2019-12-07","16:29:36","ISU000004","tbl0012","CLOSED","1","","IATR190004089","","","","","IAT0712190956","NHO2018000007"),
("IATT190004213","","0","49000","0","4900","0","53900","53900","07/12/2019","15:46","2019-12-07","17:32:19","ISU000004","tbl0004","CLOSED","1","","IATR190004092","","","","","IAT0712190956","NHO2018000007"),
("IATT190004214","","3","107000","36500","7050","0","77550","77550","07/12/2019","16:00","2019-12-07","16:27:51","ISU000006","tbl0011","CLOSED","1","","IATR190004088","","","","","IAT0712190956","NHO2018000007"),
("IATT190004215","","2","156000","0","15600","0","171600","200000","07/12/2019","16:44","2019-12-07","17:14:46","ISU000004","tbl0012","CLOSED","1","","IATR190004091","","","","","IAT0712190956","NHO2018000007"),
("IATT190004216","","1","127000","0","12700","0","139700","139700","07/12/2019","16:57","2019-12-07","18:39:42","ISU000006","tbl0010","CLOSED","1","","IATR190004096","","","","","IAT0712190956","NHO2018000007"),
("IATT190004217","","1","78000","34000","4400","0","48400","100000","07/12/2019","17:22","2019-12-07","17:41:23","ISU000006","tbl0022","CLOSED","1","","IATR190004093","","","","","IAT0712190956","NHO2018000007"),
("IATT190004218","","3","230000","0","23000","0","253000","253000","07/12/2019","17:25","2019-12-07","18:58:37","ISU000006","tbl0012","CLOSED","1","","IATR190004098","","","","","IAT0712190956","NHO2018000007"),
("IATT190004219","","2","137000","39500","9750","0","107250","150000","07/12/2019","17:26","2019-12-07","18:16:57","ISU000006","tbl0014","CLOSED","1","","IATR190004095","","","","","IAT0712190956","NHO2018000007"),
("IATT190004220","","1","40000","0","4000","0","44000","50000","07/12/2019","17:48","2019-12-07","18:06:10","ISU000006","tbl0021","CLOSED","1","","IATR190004094","","","","","IAT0712190956","NHO2018000007"),
("IATT190004221","","2","97000","33500","6350","0","69850","69850","07/12/2019","18:14","2019-12-07","18:45:09","ISU000006","tbl0018","CLOSED","1","","IATR190004097","","","","","IAT0712190956","NHO2018000007"),
("IATT190004222","","2","133000","46500","8650","0","95150","95150","07/12/2019","18:50","2019-12-07","19:38:50","ISU000006","tbl0014","CLOSED","1","","IATR190004099","","","","","IAT0712190956","NHO2018000007"),
("IATT190004223","","7","505000","0","50500","0","555500","555500","07/12/2019","20:20","2019-12-07","21:10:56","ISU000006","tbl0022","CLOSED","1","","IATR190004100","","","","","IAT0712190956","NHO2018000007"),
("IATT190004224","","2","94000","0","9400","0","103400","150000","07/12/2019","20:51","2019-12-07","21:33:44","ISU000006","tbl0011","CLOSED","1","","IATR190004101","","","","","IAT0712190956","NHO2018000007");



INSERT INTO item_void VALUES("IATT190004207","IAT0712190956","NHO2018000007","193053","193053","1","20000","Before Send","Komplen Customer"),
("IATT190004223","IAT0712190956","NHO2018000007","193054","193054","1","20000","Before Send","Komplen Customer");



INSERT INTO pos_promotion_h VALUES("IATT190004202","NPRM18000021","DISC ITEM","1","43000","MENANG BANYAK","IAT0712190956","PAID","NHO2018000007"),
("IATT190004200","NPRM18000021","DISC ITEM","1","46000","MENANG BANYAK","IAT0712190956","PAID","NHO2018000007"),
("IATT190004203","NPRM18000021","DISC ITEM","1","66500","MENANG BANYAK","IAT0712190956","PAID","NHO2018000007"),
("IATT190004206","NPRM18000021","DISC ITEM","1","45000","MENANG BANYAK","IAT0712190956","PAID","NHO2018000007"),
("IATT190004204","NPRM18000021","DISC ITEM","1","89500","MENANG BANYAK","IAT0712190956","PAID","NHO2018000007"),
("IATT190004214","NPRM18000021","DISC ITEM","1","36500","MENANG BANYAK","IAT0712190956","PAID","NHO2018000007"),
("IATT190004212","NPRM18000019","DISC ALL","1","9300","CRM DISC 10%","IAT0712190956","PAID","NHO2018000007"),
("IATT190004209","NPRM18000021","DISC ITEM","1","48000","MENANG BANYAK","IAT0712190956","PAID","NHO2018000007"),
("IATT190004217","NPRM18000021","DISC ITEM","1","34000","MENANG BANYAK","IAT0712190956","PAID","NHO2018000007"),
("IATT190004219","NPRM18000021","DISC ITEM","1","39500","MENANG BANYAK","IAT0712190956","PAID","NHO2018000007"),
("IATT190004221","NPRM18000021","DISC ITEM","1","33500","MENANG BANYAK","IAT0712190956","PAID","NHO2018000007"),
("IATT190004222","NPRM18000021","DISC ITEM","1","46500","MENANG BANYAK","IAT0712190956","PAID","NHO2018000007");



INSERT INTO pos_promotion_d VALUES("IATT190004202","NPRM18000021","DISC ITEM","1","1","193034","1","18500","IAT0712190956","PAID","NHO2018000007"),
("IATT190004202","NPRM18000021","DISC ITEM","1","1","193037","1","18000","IAT0712190956","PAID","NHO2018000007"),
("IATT190004202","NPRM18000021","DISC ITEM","1","1","193070","1","6500","IAT0712190956","PAID","NHO2018000007"),
("IATT190004200","NPRM18000021","DISC ITEM","1","1","193033","1","21000","IAT0712190956","PAID","NHO2018000007"),
("IATT190004200","NPRM18000021","DISC ITEM","1","1","193007","1","18500","IAT0712190956","PAID","NHO2018000007"),
("IATT190004200","NPRM18000021","DISC ITEM","1","1","193069","1","6500","IAT0712190956","PAID","NHO2018000007"),
("IATT190004203","NPRM18000021","DISC ITEM","1","1","193009","1","20000","IAT0712190956","PAID","NHO2018000007"),
("IATT190004203","NPRM18000021","DISC ITEM","1","1","193009","2","20000","IAT0712190956","PAID","NHO2018000007"),
("IATT190004203","NPRM18000021","DISC ITEM","1","1","193011","1","20000","IAT0712190956","PAID","NHO2018000007"),
("IATT190004203","NPRM18000021","DISC ITEM","1","1","193069","1","6500","IAT0712190956","PAID","NHO2018000007"),
("IATT190004206","NPRM18000021","DISC ITEM","1","1","193034","1","18500","IAT0712190956","PAID","NHO2018000007"),
("IATT190004206","NPRM18000021","DISC ITEM","1","1","193011","1","20000","IAT0712190956","PAID","NHO2018000007"),
("IATT190004206","NPRM18000021","DISC ITEM","1","1","193070","1","6500","IAT0712190956","PAID","NHO2018000007"),
("IATT190004204","NPRM18000021","DISC ITEM","1","1","193012","1","20000","IAT0712190956","PAID","NHO2018000007"),
("IATT190004204","NPRM18000021","DISC ITEM","1","1","193029","1","13500","IAT0712190956","PAID","NHO2018000007"),
("IATT190004204","NPRM18000021","DISC ITEM","1","1","193030","1","13500","IAT0712190956","PAID","NHO2018000007"),
("IATT190004204","NPRM18000021","DISC ITEM","1","1","193071","1","9000","IAT0712190956","PAID","NHO2018000007"),
("IATT190004204","NPRM18000021","DISC ITEM","1","1","193030","2","13500","IAT0712190956","PAID","NHO2018000007"),
("IATT190004204","NPRM18000021","DISC ITEM","1","1","193029","2","13500","IAT0712190956","PAID","NHO2018000007"),
("IATT190004204","NPRM18000021","DISC ITEM","1","1","193070","1","6500","IAT0712190956","PAID","NHO2018000007"),
("IATT190004214","NPRM18000021","DISC ITEM","1","1","193085","1","15000","IAT0712190956","PAID","NHO2018000007"),
("IATT190004214","NPRM18000021","DISC ITEM","1","1","193084","1","15000","IAT0712190956","PAID","NHO2018000007"),
("IATT190004214","NPRM18000021","DISC ITEM","1","1","193070","1","6500","IAT0712190956","PAID","NHO2018000007"),
("IATT190004212","NPRM18000019","DISC ALL","1","1","193028","1","4300","IAT0712190956","PAID","NHO2018000007"),
("IATT190004212","NPRM18000019","DISC ALL","1","1","193024","1","3000","IAT0712190956","PAID","NHO2018000007"),
("IATT190004212","NPRM18000019","DISC ALL","1","1","193049","1","1000","IAT0712190956","PAID","NHO2018000007"),
("IATT190004212","NPRM18000019","DISC ALL","1","1","193049","2","1000","IAT0712190956","PAID","NHO2018000007"),
("IATT190004209","NPRM18000021","DISC ITEM","1","1","193036","1","18000","IAT0712190956","PAID","NHO2018000007"),
("IATT190004209","NPRM18000021","DISC ITEM","1","1","193086","1","16500","IAT0712190956","PAID","NHO2018000007"),
("IATT190004209","NPRM18000021","DISC ITEM","1","1","193029","1","13500","IAT0712190956","PAID","NHO2018000007"),
("IATT190004217","NPRM18000021","DISC ITEM","1","1","193070","1","6500","IAT0712190956","PAID","NHO2018000007"),
("IATT190004217","NPRM18000021","DISC ITEM","1","1","193069","1","6500","IAT0712190956","PAID","NHO2018000007"),
("IATT190004217","NPRM18000021","DISC ITEM","1","1","193033","1","21000","IAT0712190956","PAID","NHO2018000007"),
("IATT190004219","NPRM18000021","DISC ITEM","1","1","193085","1","15000","IAT0712190956","PAID","NHO2018000007"),
("IATT190004219","NPRM18000021","DISC ITEM","1","1","193036","1","18000","IAT0712190956","PAID","NHO2018000007"),
("IATT190004219","NPRM18000021","DISC ITEM","1","1","193069","1","6500","IAT0712190956","PAID","NHO2018000007"),
("IATT190004221","NPRM18000021","DISC ITEM","1","1","193030","1","13500","IAT0712190956","PAID","NHO2018000007"),
("IATT190004221","NPRM18000021","DISC ITEM","1","1","193030","2","13500","IAT0712190956","PAID","NHO2018000007"),
("IATT190004221","NPRM18000021","DISC ITEM","1","1","193070","1","6500","IAT0712190956","PAID","NHO2018000007"),
("IATT190004222","NPRM18000021","DISC ITEM","1","1","193012","1","20000","IAT0712190956","PAID","NHO2018000007"),
("IATT190004222","NPRM18000021","DISC ITEM","1","1","193021","1","20000","IAT0712190956","PAID","NHO2018000007"),
("IATT190004222","NPRM18000021","DISC ITEM","1","1","193069","1","6500","IAT0712190956","PAID","NHO2018000007");



INSERT INTO pos_paymenttemp VALUES("IATT190004198","CASH","CASH","61600","100000","ISU000004","2019-12-07","","1","","CLOSED","IAT0712190956","NHO2018000007"),
("IATT190004200","CASH","CASH","72600","100000","ISU000004","2019-12-07","","1","","CLOSED","IAT0712190956","NHO2018000007"),
("IATT190004199","CASH","CASH","70400","100000","ISU000004","2019-12-07","","1","","CLOSED","IAT0712190956","NHO2018000007"),
("IATT190004201","CASH","CASH","47300","50000","ISU000004","2019-12-07","","1","","CLOSED","IAT0712190956","NHO2018000007"),
("IATT190004202","CASH","CASH","64900","100000","ISU000004","2019-12-07","","1","","CLOSED","IAT0712190956","NHO2018000007"),
("IATT190004203","CASH","CASH","124850","150000","ISU000004","2019-12-07","","1","","CLOSED","IAT0712190956","NHO2018000007"),
("IATT190004206","CASH","CASH","102300","105000","ISU000006","2019-12-07","","1","","CLOSED","IAT0712190956","NHO2018000007"),
("IATT190004205","CASH","CASH","115500","150000","ISU000006","2019-12-07","","1","","CLOSED","IAT0712190956","NHO2018000007"),
("IATT190004204","CARD","DEBIT BCA","118250","118250","ISU000006","2019-12-07","","1","","CLOSED","IAT0712190956","NHO2018000007"),
("IATT190004208","CARD","DEBIT BCA","254100","254100","ISU000006","2019-12-07","","1","","CLOSED","IAT0712190956","NHO2018000007"),
("IATT190004207","CARD","DEBIT BCA","112200","112200","ISU000006","2019-12-07","","1","","CLOSED","IAT0712190956","NHO2018000007"),
("IATT190004211","CASH","OVO","82500","82500","ISU000006","2019-12-07","","1","","CLOSED","IAT0712190956","NHO2018000007"),
("IATT190004210","CASH","CASH","100100","100100","ISU000006","2019-12-07","","1","","CLOSED","IAT0712190956","NHO2018000007"),
("IATT190004214","CARD","DEBIT BCA","77550","77550","ISU000006","2019-12-07","","1","","CLOSED","IAT0712190956","NHO2018000007"),
("IATT190004212","CASH","CASH","92070","100000","ISU000004","2019-12-07","","1","","CLOSED","IAT0712190956","NHO2018000007"),
("IATT190004209","CASH","CASH","173800","200000","ISU000004","2019-12-07","","1","","CLOSED","IAT0712190956","NHO2018000007"),
("IATT190004215","CASH","CASH","171600","200000","ISU000004","2019-12-07","","1","","CLOSED","IAT0712190956","NHO2018000007"),
("IATT190004213","CARD","DEBIT BCA","53900","53900","ISU000004","2019-12-07","","1","","CLOSED","IAT0712190956","NHO2018000007"),
("IATT190004217","CASH","CASH","48400","100000","ISU000006","2019-12-07","","1","","CLOSED","IAT0712190956","NHO2018000007"),
("IATT190004220","CASH","CASH","44000","50000","ISU000006","2019-12-07","","1","","CLOSED","IAT0712190956","NHO2018000007"),
("IATT190004219","CASH","CASH","107250","150000","ISU000006","2019-12-07","","1","","CLOSED","IAT0712190956","NHO2018000007"),
("IATT190004216","CARD","DEBIT BCA","139700","139700","ISU000006","2019-12-07","","1","","CLOSED","IAT0712190956","NHO2018000007"),
("IATT190004221","CARD","DEBIT BCA","69850","69850","ISU000006","2019-12-07","","1","","CLOSED","IAT0712190956","NHO2018000007"),
("IATT190004218","CARD","DEBIT BCA","253000","253000","ISU000006","2019-12-07","","1","","CLOSED","IAT0712190956","NHO2018000007"),
("IATT190004222","CARD","DEBIT BCA","95150","95150","ISU000006","2019-12-07","","1","","CLOSED","IAT0712190956","NHO2018000007"),
("IATT190004223","CASH","OVO","555500","555500","ISU000006","2019-12-07","","1","","CLOSED","IAT0712190956","NHO2018000007"),
("IATT190004224","CASH","CASH","103400","150000","ISU000006","2019-12-07","","1","","CLOSED","IAT0712190956","NHO2018000007");



