INSERT INTO pos_itemtemp VALUES("IATT200004694","193071","191001","192012","18000","1","18000","9000","9000","1","1","1","IAT0601201046","NHO2018000007","PAID","","193071"),
("IATT200004694","193071","191001","192012","18000","1","18000","9000","9000","2","1","1","IAT0601201046","NHO2018000007","PAID","","193071"),
("IATT200004694","193071","191001","192012","18000","1","18000","9000","9000","3","1","1","IAT0601201046","NHO2018000007","PAID","","193071"),
("IATT200004694","193038","191001","192006","36000","1","36000","18000","18000","1","1","1","IAT0601201046","NHO2018000007","PAID","","PEDAS"),
("IATT200004694","193036","191001","192006","36000","1","36000","18000","18000","1","1","1","IAT0601201046","NHO2018000007","PAID","","PEDAS"),
("IATT200004694","193070","191001","192012","13000","1","13000","6500","6500","1","1","1","IAT0601201046","NHO2018000007","PAID","","193070"),
("IATT200004694","193036","191001","192006","36000","1","36000","18000","18000","2","1","1","IAT0601201046","NHO2018000007","PAID","","PEDAS"),
("IATT200004695","193078","191001","192001","30000","1","30000","0","30000","1","1","1","IAT0601201046","NHO2018000007","PAID","","PEDAS"),
("IATT200004695","193047","191002","192010","10000","1","10000","0","10000","1","1","1","IAT0601201046","NHO2018000007","PAID","","193047"),
("IATT200004696","193077","191001","192001","30000","1","30000","6000","24000","1","1","1","IAT0601201046","NHO2018000007","PAID","","193077"),
("IATT200004696","193077","191001","192001","30000","1","30000","6000","24000","2","1","1","IAT0601201046","NHO2018000007","PAID","","193077"),
("IATT200004696","193050","191002","192010","20000","1","20000","0","20000","1","1","1","IAT0601201046","NHO2018000007","PAID","","193050"),
("IATT200004696","193055","191002","192010","17000","1","17000","0","17000","1","1","1","IAT0601201046","NHO2018000007","PAID","","193055"),
("IATT200004697","193011","191001","192001","40000","1","40000","4000","36000","1","1","1","IAT0601201046","NHO2018000007","PAID","level 1\n","PEDAS"),
("IATT200004697","193049","191002","192010","10000","1","10000","0","10000","1","1","2","IAT0601201046","NHO2018000007","PAID","","193049"),
("IATT200004698","193030","191001","192004","27000","1","27000","13500","13500","1","1","1","IAT0601201046","NHO2018000007","PAID","","193030"),
("IATT200004698","193030","191001","192004","27000","1","27000","13500","13500","2","1","1","IAT0601201046","NHO2018000007","PAID","","193030"),
("IATT200004698","193030","191001","192004","27000","1","27000","13500","13500","3","1","1","IAT0601201046","NHO2018000007","PAID","","193030"),
("IATT200004698","193030","191001","192004","27000","1","27000","13500","13500","4","1","1","IAT0601201046","NHO2018000007","PAID","","193030"),
("IATT200004698","193049","191002","192010","10000","1","10000","0","10000","1","1","1","IAT0601201046","NHO2018000007","PAID","","193049"),
("IATT200004698","193049","191002","192010","10000","1","10000","0","10000","2","1","1","IAT0601201046","NHO2018000007","PAID","","193049"),
("IATT200004698","193049","191002","192010","10000","1","10000","0","10000","3","1","1","IAT0601201046","NHO2018000007","PAID","","193049"),
("IATT200004698","193049","191002","192010","10000","1","10000","0","10000","4","1","1","IAT0601201046","NHO2018000007","PAID","","193049"),
("IATT200004699","193056","191002","192010","17000","1","17000","0","17000","1","1","1","IAT0601201046","NHO2018000007","PAID","","193056"),
("IATT200004699","193054","191002","192010","20000","1","20000","0","20000","1","1","1","IAT0601201046","NHO2018000007","PAID","","193054"),
("IATT200004699","193082","191001","192001","30000","1","30000","6000","24000","1","1","1","IAT0601201046","NHO2018000007","PAID","","193082"),
("IATT200004699","193078","191001","192001","30000","1","30000","6000","24000","1","1","1","IAT0601201046","NHO2018000007","PAID","","PEDAS"),
("IATT200004700","193029","191001","192004","27000","1","27000","0","27000","1","1","1","IAT0601201046","NHO2018000007","PAID","","193029"),
("IATT200004698","193020","191001","192002","40000","1","40000","20000","20000","1","1","2","IAT0601201046","NHO2018000007","PAID","","193020"),
("IATT200004698","193030","191001","192004","27000","1","27000","13500","13500","5","1","3","IAT0601201046","NHO2018000007","PAID","","193030"),
("IATT200004698","193081","191001","192002","33000","1","33000","16500","16500","1","1","4","IAT0601201046","NHO2018000007","PAID","","193081"),
("IATT200004701","193084","191001","192001","30000","1","30000","0","30000","1","1","1","IAT0601201046","NHO2018000007","PAID","","PEDAS"),
("IATT200004701","193010","191001","192001","40000","1","40000","0","40000","1","1","1","IAT0601201046","NHO2018000007","PAID","","193010"),
("IATT200004701","193054","191002","192010","20000","1","20000","0","20000","1","1","1","IAT0601201046","NHO2018000007","PAID","","193054"),
("IATT200004701","193052","191002","192010","20000","1","20000","0","20000","1","1","1","IAT0601201046","NHO2018000007","PAID","","193052");



INSERT INTO pos_salestemp VALUES("IATT200004694","","3","175000","87500","8750","0","96250","96250","06/01/2020","13:56","2020-01-06","14:03:03","ISU000004","tbl0014","CLOSED","1","","IATR200004565","","","","","IAT0601201046","NHO2018000007"),
("IATT200004695","","1","40000","0","4000","0","44000","44000","06/01/2020","14:03","2020-01-06","15:18:51","ISU000006","tbl0009","CLOSED","1","","IATR200004566","","","","","IAT0601201046","NHO2018000007"),
("IATT200004696","","2","97000","12000","8500","0","93500","100000","06/01/2020","16:46","2020-01-06","17:24:11","ISU000006","tbl0012","CLOSED","1","","IATR200004567","","","","","IAT0601201046","NHO2018000007"),
("IATT200004697","","2","50000","4000","4600","0","50600","100000","06/01/2020","17:20","2020-01-06","17:45:54","ISU000006","tbl0012","CLOSED","1","","IATR200004568","","","","","IAT0601201046","NHO2018000007"),
("IATT200004698","","3","248000","104000","14400","0","158400","158400","06/01/2020","19:01","2020-01-06","19:53:32","ISU000006","tbl0012","CLOSED","1","","IATR200004571","","","","","IAT0601201046","NHO2018000007"),
("IATT200004699","","2","97000","12000","8500","0","93500","100000","06/01/2020","19:06","2020-01-06","19:38:18","ISU000006","tbl0010","CLOSED","1","","IATR200004570","","","","","IAT0601201046","NHO2018000007"),
("IATT200004700","","1","27000","0","2700","0","29700","50000","06/01/2020","19:13","2020-01-06","19:27:22","ISU000006","tbl0011","CLOSED","1","","IATR200004569","","","","","IAT0601201046","NHO2018000007"),
("IATT200004701","","2","110000","0","11000","0","121000","130000","06/01/2020","21:04","2020-01-06","21:36:30","ISU000006","tbl0012","CLOSED","1","","IATR200004572","","","","","IAT0601201046","NHO2018000007");



INSERT INTO item_void VALUES("IATT200004698","IAT0601201046","NHO2018000007","193081","193081","1","33000","Before Send","Komplen Customer");



INSERT INTO pos_promotion_h VALUES("IATT200004694","NPRM18000027","DISC ITEM","1","87500","KANAN KIRI DISKON 50%","IAT0601201046","PAID","NHO2018000007"),
("IATT200004696","NPRM18000024","DISC ITEM","1","12000","KANAN KIRI DISKON 20%","IAT0601201046","PAID","NHO2018000007"),
("IATT200004697","NPRM18000023","DISC ITEM","1","4000","KANAN KIRI DISKON 10%","IAT0601201046","PAID","NHO2018000007"),
("IATT200004698","NPRM18000027","DISC ITEM","1","104000","KANAN KIRI DISKON 50%","IAT0601201046","PAID","NHO2018000007"),
("IATT200004699","NPRM18000024","DISC ITEM","1","12000","KANAN KIRI DISKON 20%","IAT0601201046","PAID","NHO2018000007");



INSERT INTO pos_promotion_d VALUES("IATT200004694","NPRM18000027","DISC ITEM","1","1","193071","1","9000","IAT0601201046","PAID","NHO2018000007"),
("IATT200004694","NPRM18000027","DISC ITEM","1","1","193071","2","9000","IAT0601201046","PAID","NHO2018000007"),
("IATT200004694","NPRM18000027","DISC ITEM","1","1","193071","3","9000","IAT0601201046","PAID","NHO2018000007"),
("IATT200004694","NPRM18000027","DISC ITEM","1","1","193038","1","18000","IAT0601201046","PAID","NHO2018000007"),
("IATT200004694","NPRM18000027","DISC ITEM","1","1","193036","1","18000","IAT0601201046","PAID","NHO2018000007"),
("IATT200004694","NPRM18000027","DISC ITEM","1","1","193070","1","6500","IAT0601201046","PAID","NHO2018000007"),
("IATT200004694","NPRM18000027","DISC ITEM","1","1","193036","2","18000","IAT0601201046","PAID","NHO2018000007"),
("IATT200004696","NPRM18000024","DISC ITEM","1","1","193077","1","6000","IAT0601201046","PAID","NHO2018000007"),
("IATT200004696","NPRM18000024","DISC ITEM","1","1","193077","2","6000","IAT0601201046","PAID","NHO2018000007"),
("IATT200004697","NPRM18000023","DISC ITEM","1","1","193011","1","4000","IAT0601201046","PAID","NHO2018000007"),
("IATT200004698","NPRM18000027","DISC ITEM","1","1","193030","1","13500","IAT0601201046","PAID","NHO2018000007"),
("IATT200004698","NPRM18000027","DISC ITEM","1","1","193030","2","13500","IAT0601201046","PAID","NHO2018000007"),
("IATT200004698","NPRM18000027","DISC ITEM","1","1","193030","3","13500","IAT0601201046","PAID","NHO2018000007"),
("IATT200004698","NPRM18000027","DISC ITEM","1","1","193030","4","13500","IAT0601201046","PAID","NHO2018000007"),
("IATT200004698","NPRM18000027","DISC ITEM","1","1","193020","1","20000","IAT0601201046","PAID","NHO2018000007"),
("IATT200004698","NPRM18000027","DISC ITEM","1","1","193030","5","13500","IAT0601201046","PAID","NHO2018000007"),
("IATT200004698","NPRM18000027","DISC ITEM","1","1","193081","1","16500","IAT0601201046","PAID","NHO2018000007"),
("IATT200004699","NPRM18000024","DISC ITEM","1","1","193082","1","6000","IAT0601201046","PAID","NHO2018000007"),
("IATT200004699","NPRM18000024","DISC ITEM","1","1","193078","1","6000","IAT0601201046","PAID","NHO2018000007");



INSERT INTO pos_paymenttemp VALUES("IATT200004694","CARD","DEBIT BCA","96250","96250","ISU000004","2020-01-06","","1","","CLOSED","IAT0601201046","NHO2018000007"),
("IATT200004695","CASH","OVO","44000","44000","ISU000006","2020-01-06","","1","","CLOSED","IAT0601201046","NHO2018000007"),
("IATT200004696","CASH","CASH","93500","100000","ISU000006","2020-01-06","","1","","CLOSED","IAT0601201046","NHO2018000007"),
("IATT200004697","CASH","CASH","50600","100000","ISU000006","2020-01-06","","1","","CLOSED","IAT0601201046","NHO2018000007"),
("IATT200004700","CASH","CASH","29700","50000","ISU000006","2020-01-06","","1","","CLOSED","IAT0601201046","NHO2018000007"),
("IATT200004699","CASH","CASH","93500","100000","ISU000006","2020-01-06","","1","","CLOSED","IAT0601201046","NHO2018000007"),
("IATT200004698","CARD","DEBIT BCA","158400","158400","ISU000006","2020-01-06","","1","","CLOSED","IAT0601201046","NHO2018000007"),
("IATT200004701","CASH","CASH","121000","130000","ISU000006","2020-01-06","","1","","CLOSED","IAT0601201046","NHO2018000007");



