INSERT INTO pos_itemtemp VALUES("IATT190002986","193084","191001","192001","30000","1","30000","15000","15000","1","1","1","IAT0510190843","NHO2018000007","PAID","","PEDAS"),
("IATT190002986","193028","191001","192003","43000","1","43000","0","43000","1","1","1","IAT0510190843","NHO2018000007","PAID","","193028"),
("IATT190002986","193047","191002","192010","10000","1","10000","0","10000","1","1","1","IAT0510190843","NHO2018000007","PAID","","193047"),
("IATT190002986","193046","191002","192010","10000","1","10000","0","10000","1","1","1","IAT0510190843","NHO2018000007","PAID","","193046"),
("IATT190002986","193010","191001","192001","40000","1","40000","20000","20000","1","1","2","IAT0510190843","NHO2018000007","PAID","","193010"),
("IATT190002987","193084","191001","192001","30000","1","30000","15000","15000","1","1","1","IAT0510190843","NHO2018000007","PAID","","PEDAS"),
("IATT190002987","193055","191002","192010","17000","1","17000","0","17000","1","1","1","IAT0510190843","NHO2018000007","PAID","","193055"),
("IATT190002987","193055","191002","192010","17000","1","17000","0","17000","2","1","1","IAT0510190843","NHO2018000007","PAID","","193055"),
("IATT190002987","193033","191001","192005","42000","1","42000","21000","21000","1","1","1","IAT0510190843","NHO2018000007","PAID","","193033"),
("IATT190002987","193056","191002","192010","17000","1","17000","0","17000","1","1","2","IAT0510190843","NHO2018000007","PAID","","193056"),
("IATT190002989","193038","191001","192006","36000","1","36000","18000","18000","1","1","1","IAT0510190843","NHO2018000007","PAID","","ORIGINAL"),
("IATT190002989","193017","191001","192002","37000","1","37000","18500","18500","1","1","1","IAT0510190843","NHO2018000007","PAID","","193017"),
("IATT190002990","193027","191001","192003","43000","1","43000","0","43000","1","1","1","IAT0510190843","NHO2018000007","PAID","","193027"),
("IATT190002990","193033","191001","192005","42000","1","42000","21000","21000","1","1","1","IAT0510190843","NHO2018000007","PAID","","193033"),
("IATT190002990","193020","191001","192002","40000","1","40000","20000","20000","1","1","1","IAT0510190843","NHO2018000007","PAID","","193020"),
("IATT190002990","193016","191001","192002","37000","1","37000","18500","18500","1","1","1","IAT0510190843","NHO2018000007","PAID","","PEDAS"),
("IATT190002990","193055","191002","192010","17000","1","17000","0","17000","1","1","1","IAT0510190843","NHO2018000007","PAID","","193055"),
("IATT190002990","193055","191002","192010","17000","1","17000","0","17000","2","1","1","IAT0510190843","NHO2018000007","PAID","","193055"),
("IATT190002990","193055","191002","192010","17000","1","17000","0","17000","3","1","1","IAT0510190843","NHO2018000007","PAID","","193055"),
("IATT190002990","193055","191002","192010","17000","1","17000","0","17000","4","1","1","IAT0510190843","NHO2018000007","PAID","","193055"),
("IATT190002991","193112","191001","192003","50000","1","50000","0","50000","1","1","1","IAT0510190843","NHO2018000007","PAID","","193112"),
("IATT190002991","193113","191001","192003","55000","1","55000","0","55000","1","1","1","IAT0510190843","NHO2018000007","PAID","","193113"),
("IATT190002991","193011","191001","192001","40000","1","40000","0","40000","1","1","1","IAT0510190843","NHO2018000007","PAID","","PEDAS"),
("IATT190002991","193069","191001","192012","13000","1","13000","0","13000","1","1","1","IAT0510190843","NHO2018000007","PAID","","193069"),
("IATT190002991","193021","191001","192002","40000","1","40000","0","40000","1","1","1","IAT0510190843","NHO2018000007","PAID","","ORIGINAL"),
("IATT190002991","193055","191002","192010","17000","1","17000","0","17000","1","1","1","IAT0510190843","NHO2018000007","PAID","","193055"),
("IATT190002991","193051","191002","192010","20000","1","20000","0","20000","1","1","1","IAT0510190843","NHO2018000007","PAID","","193051"),
("IATT190002991","193054","191002","192010","20000","1","20000","0","20000","1","1","1","IAT0510190843","NHO2018000007","PAID","","193054"),
("IATT190002989","193030","191001","192004","27000","1","27000","13500","13500","1","1","2","IAT0510190843","NHO2018000007","PAID","takeaway","193030"),
("IATT190002990","193048","191002","192010","8000","1","8000","0","8000","1","1","2","IAT0510190843","NHO2018000007","PAID","","193048"),
("IATT190002992","193084","191001","192001","30000","1","30000","0","30000","1","1","1","IAT0510190843","NHO2018000007","PAID","","PEDAS"),
("IATT190002992","193084","191001","192001","30000","1","30000","0","30000","2","1","1","IAT0510190843","NHO2018000007","PAID","","PEDAS"),
("IATT190002992","193054","191002","192010","20000","1","20000","0","20000","1","1","1","IAT0510190843","NHO2018000007","PAID","","193054"),
("IATT190002992","193048","191002","192010","8000","1","8000","0","8000","1","1","1","IAT0510190843","NHO2018000007","PAID","","193048"),
("IATT190002992","193047","191002","192010","10000","1","10000","0","10000","1","1","1","IAT0510190843","NHO2018000007","PAID","","193047"),
("IATT190002993","193084","191001","192001","30000","1","30000","15000","15000","1","1","1","IAT0510190843","NHO2018000007","PAID","level 2","ORIGINAL"),
("IATT190002993","193078","191001","192001","30000","1","30000","15000","15000","1","1","1","IAT0510190843","NHO2018000007","PAID","level 3","ORIGINAL"),
("IATT190002994","193028","191001","192003","43000","1","43000","0","43000","1","1","1","IAT0510190843","NHO2018000007","PAID","","193028"),
("IATT190002994","193054","191002","192010","20000","1","20000","0","20000","1","1","1","IAT0510190843","NHO2018000007","PAID","","193054"),
("IATT190002995","193086","191001","192002","33000","1","33000","16500","16500","1","1","1","IAT0510190843","NHO2018000007","PAID","pedes bangetttttttttttt\n","PEDAS"),
("IATT190002996","193035","191001","192006","32000","1","32000","16000","16000","1","1","1","IAT0510190843","NHO2018000007","PAID","","ORIGINAL"),
("IATT190002996","193024","191001","192003","30000","1","30000","0","30000","1","1","1","IAT0510190843","NHO2018000007","PAID","","193024"),
("IATT190002996","193040","191001","192008","20000","1","20000","0","20000","1","1","1","IAT0510190843","NHO2018000007","PAID","","193040"),
("IATT190002996","193047","191002","192010","10000","1","10000","0","10000","1","1","1","IAT0510190843","NHO2018000007","PAID","","193047"),
("IATT190002996","193047","191002","192010","10000","1","10000","0","10000","2","1","1","IAT0510190843","NHO2018000007","PAID","","193047"),
("IATT190002996","193055","191002","192010","17000","1","17000","0","17000","1","1","1","IAT0510190843","NHO2018000007","PAID","","193055"),
("IATT190002996","193027","191001","192003","43000","1","43000","0","43000","1","1","2","IAT0510190843","NHO2018000007","PAID","","193027"),
("IATT190002997","193032","191001","192004","30000","1","30000","15000","15000","1","1","1","IAT0510190843","NHO2018000007","PAID","","193032"),
("IATT190002997","193022","191001","192003","30000","1","30000","0","30000","1","1","1","IAT0510190843","NHO2018000007","PAID","","193022"),
("IATT190002997","193048","191002","192010","8000","1","8000","0","8000","1","1","1","IAT0510190843","NHO2018000007","PAID","","193048"),
("IATT190002997","193055","191002","192010","17000","1","17000","0","17000","1","1","1","IAT0510190843","NHO2018000007","PAID","","193055"),
("IATT190002998","193009","191001","192001","40000","1","40000","20000","20000","1","1","1","IAT0510190843","NHO2018000007","PAID","","193009"),
("IATT190002998","193024","191001","192003","30000","1","30000","0","30000","1","1","1","IAT0510190843","NHO2018000007","PAID","","193024"),
("IATT190002998","193051","191002","192010","20000","1","20000","0","20000","1","1","1","IAT0510190843","NHO2018000007","PAID","","193051"),
("IATT190002998","193055","191002","192010","17000","1","17000","0","17000","1","1","1","IAT0510190843","NHO2018000007","PAID","","193055"),
("IATT190002998","193048","191002","192010","8000","1","8000","0","8000","1","1","1","IAT0510190843","NHO2018000007","PAID","","193048"),
("IATT190002999","193085","191001","192001","30000","1","30000","15000","15000","1","1","1","IAT0510190843","NHO2018000007","PAID","","193085"),
("IATT190002999","193085","191001","192001","30000","1","30000","15000","15000","2","1","1","IAT0510190843","NHO2018000007","PAID","","193085"),
("IATT190002999","193085","191001","192001","30000","1","30000","15000","15000","3","1","1","IAT0510190843","NHO2018000007","PAID","","193085"),
("IATT190002999","193011","191001","192001","40000","1","40000","20000","20000","1","1","1","IAT0510190843","NHO2018000007","PAID","","ORIGINAL"),
("IATT190002999","193056","191002","192010","17000","1","17000","0","17000","1","1","1","IAT0510190843","NHO2018000007","PAID","","193056"),
("IATT190002999","193047","191002","192010","10000","1","10000","0","10000","1","1","1","IAT0510190843","NHO2018000007","PAID","","193047"),
("IATT190002999","193055","191002","192010","17000","1","17000","0","17000","1","1","1","IAT0510190843","NHO2018000007","PAID","","193055"),
("IATT190003000","193011","191001","192001","40000","1","40000","20000","20000","1","1","1","IAT0510190843","NHO2018000007","PAID","","ORIGINAL"),
("IATT190003000","193084","191001","192001","30000","1","30000","15000","15000","1","1","1","IAT0510190843","NHO2018000007","PAID","","ORIGINAL"),
("IATT190003000","193078","191001","192001","30000","1","30000","15000","15000","1","1","1","IAT0510190843","NHO2018000007","PAID","","ORIGINAL"),
("IATT190003000","193029","191001","192004","27000","1","27000","13500","13500","1","1","1","IAT0510190843","NHO2018000007","PAID","","193029"),
("IATT190003000","193055","191002","192010","17000","1","17000","0","17000","1","1","1","IAT0510190843","NHO2018000007","PAID","","193055"),
("IATT190003000","193055","191002","192010","17000","1","17000","0","17000","2","1","1","IAT0510190843","NHO2018000007","PAID","","193055"),
("IATT190003000","193054","191002","192010","20000","1","20000","0","20000","1","1","1","IAT0510190843","NHO2018000007","PAID","","193054"),
("IATT190003001","193084","191001","192001","30000","1","30000","15000","15000","1","1","1","IAT0510190843","NHO2018000007","PAID","","ORIGINAL"),
("IATT190003001","193083","191001","192001","30000","1","30000","15000","15000","1","1","1","IAT0510190843","NHO2018000007","PAID","","193083"),
("IATT190003001","193040","191001","192008","20000","1","20000","0","20000","1","1","1","IAT0510190843","NHO2018000007","PAID","","193040"),
("IATT190003001","193056","191002","192010","17000","1","17000","0","17000","1","1","1","IAT0510190843","NHO2018000007","PAID","","193056"),
("IATT190003001","193052","191002","192010","20000","1","20000","0","20000","1","1","1","IAT0510190843","NHO2018000007","PAID","","193052"),
("IATT190003000","193032","191001","192004","30000","1","30000","15000","15000","1","1","2","IAT0510190843","NHO2018000007","PAID","","193032"),
("IATT190003002","193087","191001","192002","33000","1","33000","0","33000","1","1","1","IAT0510190843","NHO2018000007","PAID","","193087"),
("IATT190003002","193020","191001","192002","40000","1","40000","0","40000","1","1","1","IAT0510190843","NHO2018000007","PAID","","193020"),
("IATT190003002","193056","191002","192010","17000","1","17000","0","17000","1","1","1","IAT0510190843","NHO2018000007","PAID","","193056"),
("IATT190003002","193055","191002","192010","17000","1","17000","0","17000","1","1","1","IAT0510190843","NHO2018000007","PAID","","193055"),
("IATT190003003","193082","191001","192001","30000","1","30000","15000","15000","1","1","1","IAT0510190843","NHO2018000007","PAID","","193082"),
("IATT190003003","193113","191001","192003","55000","1","55000","0","55000","1","1","1","IAT0510190843","NHO2018000007","PAID","","193113"),
("IATT190003003","193118","191001","192012","20000","1","20000","10000","10000","1","1","1","IAT0510190843","NHO2018000007","PAID","","193118"),
("IATT190003003","193047","191002","192010","10000","1","10000","0","10000","1","1","1","IAT0510190843","NHO2018000007","PAID","","193047"),
("IATT190003003","193047","191002","192010","10000","1","10000","0","10000","2","1","1","IAT0510190843","NHO2018000007","PAID","","193047"),
("IATT190003003","193047","191002","192010","10000","1","10000","0","10000","3","1","1","IAT0510190843","NHO2018000007","PAID","","193047"),
("IATT190003003","193028","191001","192003","43000","1","43000","0","43000","1","1","1","IAT0510190843","NHO2018000007","PAID","","193028"),
("IATT190003003","193070","191001","192012","13000","1","13000","6500","6500","1","1","1","IAT0510190843","NHO2018000007","PAID","","193070"),
("IATT190003004","193011","191001","192001","40000","1","40000","20000","20000","1","1","1","IAT0510190843","NHO2018000007","PAID","","ORIGINAL"),
("IATT190003004","193083","191001","192001","30000","1","30000","15000","15000","1","1","1","IAT0510190843","NHO2018000007","PAID","","193083"),
("IATT190003004","193055","191002","192010","17000","1","17000","0","17000","1","1","1","IAT0510190843","NHO2018000007","PAID","","193055"),
("IATT190003004","193054","191002","192010","20000","1","20000","0","20000","1","1","1","IAT0510190843","NHO2018000007","PAID","","193054"),
("IATT190003004","193040","191001","192008","20000","1","20000","0","20000","1","1","1","IAT0510190843","NHO2018000007","PAID","","193040"),
("IATT190003005","193052","191002","192010","20000","1","20000","0","20000","1","1","1","IAT0510190843","NHO2018000007","PAID","","193052"),
("IATT190003005","193029","191001","192004","27000","1","27000","13500","13500","1","1","1","IAT0510190843","NHO2018000007","PAID","","193029"),
("IATT190003006","193033","191001","192005","42000","1","42000","21000","21000","1","1","1","IAT0510190843","NHO2018000007","PAID","","193033"),
("IATT190003006","193083","191001","192001","30000","1","30000","15000","15000","1","1","1","IAT0510190843","NHO2018000007","PAID","","193083"),
("IATT190003006","193055","191002","192010","17000","1","17000","0","17000","1","1","1","IAT0510190843","NHO2018000007","PAID","","193055"),
("IATT190003006","193048","191002","192010","8000","1","8000","0","8000","1","1","1","IAT0510190843","NHO2018000007","PAID","","193048"),
("IATT190003007","193011","191001","192001","40000","1","40000","20000","20000","1","1","1","IAT0510190843","NHO2018000007","PAID","","ORIGINAL"),
("IATT190003007","193011","191001","192001","40000","1","40000","20000","20000","2","1","1","IAT0510190843","NHO2018000007","PAID","","ORIGINAL"),
("IATT190003007","193048","191002","192010","8000","1","8000","0","8000","1","1","1","IAT0510190843","NHO2018000007","PAID","","193048"),
("IATT190003007","193048","191002","192010","8000","1","8000","0","8000","2","1","1","IAT0510190843","NHO2018000007","PAID","","193048"),
("IATT190003008","193078","191001","192001","30000","1","30000","15000","15000","1","1","1","IAT0510190843","NHO2018000007","PAID","gapake sayuran smuaa","PEDAS"),
("IATT190003008","193080","191001","192002","33000","1","33000","16500","16500","1","1","1","IAT0510190843","NHO2018000007","PAID","gapake sayur","PEDAS"),
("IATT190003008","193118","191001","192012","20000","1","20000","10000","10000","1","1","1","IAT0510190843","NHO2018000007","PAID","","193118"),
("IATT190003008","193055","191002","192010","17000","1","17000","0","17000","1","1","1","IAT0510190843","NHO2018000007","PAID","","193055"),
("IATT190003008","193054","191002","192010","20000","1","20000","0","20000","1","1","1","IAT0510190843","NHO2018000007","PAID","","193054"),
("IATT190003008","193048","191002","192010","8000","1","8000","0","8000","1","1","1","IAT0510190843","NHO2018000007","PAID","","193048"),
("IATT190003008","193078","191001","192001","30000","1","30000","15000","15000","2","1","2","IAT0510190843","NHO2018000007","PAID","gapake sayur","PEDAS"),
("IATT190003009","193017","191001","192002","37000","1","37000","18500","18500","1","1","1","IAT0510190843","NHO2018000007","PAID","","193017"),
("IATT190003009","193054","191002","192010","20000","1","20000","0","20000","1","1","1","IAT0510190843","NHO2018000007","PAID","","193054"),
("IATT190003009","193053","191002","192010","20000","1","20000","0","20000","1","1","1","IAT0510190843","NHO2018000007","PAID","","193053"),
("IATT190003009","193069","191001","192012","13000","1","13000","6500","6500","1","1","1","IAT0510190843","NHO2018000007","PAID","","193069"),
("IATT190003010","193030","191001","192004","27000","1","27000","13500","13500","1","1","1","IAT0510190843","NHO2018000007","PAID","","193030"),
("IATT190003010","193045","191001","192008","27000","1","27000","0","27000","1","1","1","IAT0510190843","NHO2018000007","PAID","","193045"),
("IATT190003010","193084","191001","192001","30000","1","30000","15000","15000","1","1","1","IAT0510190843","NHO2018000007","PAID","","ORIGINAL"),
("IATT190003010","193022","191001","192003","30000","1","30000","0","30000","1","1","1","IAT0510190843","NHO2018000007","PAID","","193022"),
("IATT190003010","193047","191002","192010","10000","1","10000","0","10000","1","1","1","IAT0510190843","NHO2018000007","PAID","","193047"),
("IATT190003010","193047","191002","192010","10000","1","10000","0","10000","2","1","1","IAT0510190843","NHO2018000007","PAID","","193047"),
("IATT190003010","193047","191002","192010","10000","1","10000","0","10000","3","1","1","IAT0510190843","NHO2018000007","PAID","","193047"),
("IATT190003010","193048","191002","192010","8000","1","8000","0","8000","1","1","1","IAT0510190843","NHO2018000007","PAID","","193048"),
("IATT190003011","193011","191001","192001","40000","1","40000","20000","20000","1","1","1","IAT0510190843","NHO2018000007","PAID","","ORIGINAL"),
("IATT190003011","193035","191001","192006","32000","1","32000","16000","16000","1","1","1","IAT0510190843","NHO2018000007","PAID","","ORIGINAL"),
("IATT190003011","193054","191002","192010","20000","1","20000","0","20000","1","1","1","IAT0510190843","NHO2018000007","PAID","","193054"),
("IATT190003009","193010","191001","192001","40000","1","40000","20000","20000","1","1","2","IAT0510190843","NHO2018000007","PAID","","193010"),
("IATT190003012","193024","191001","192003","30000","1","30000","0","30000","1","1","1","IAT0510190843","NHO2018000007","PAID","","193024"),
("IATT190003012","193084","191001","192001","30000","1","30000","15000","15000","1","1","1","IAT0510190843","NHO2018000007","PAID","","ORIGINAL"),
("IATT190003012","193047","191002","192010","10000","1","10000","0","10000","1","1","1","IAT0510190843","NHO2018000007","PAID","","193047"),
("IATT190003012","193055","191002","192010","17000","1","17000","0","17000","1","1","1","IAT0510190843","NHO2018000007","PAID","","193055"),
("IATT190003013","193030","191001","192004","27000","1","27000","13500","13500","1","1","1","IAT0510190843","NHO2018000007","PAID","","193030"),
("IATT190003014","193035","191001","192006","32000","1","32000","16000","16000","1","1","1","IAT0510190843","NHO2018000007","PAID","","ORIGINAL"),
("IATT190003014","193084","191001","192001","30000","1","30000","15000","15000","1","1","1","IAT0510190843","NHO2018000007","PAID","","ORIGINAL"),
("IATT190003014","193055","191002","192010","17000","1","17000","0","17000","1","1","1","IAT0510190843","NHO2018000007","PAID","","193055"),
("IATT190003014","193055","191002","192010","17000","1","17000","0","17000","2","1","1","IAT0510190843","NHO2018000007","PAID","","193055");



INSERT INTO pos_salestemp VALUES("IATT190002986","","2","133000","35000","9800","0","107800","110000","05/10/2019","11:53","2019-10-05","12:28:04","ISU000004","tbl0012","CLOSED","1","","IATR190002899","","","","","IAT0510190843","NHO2018000007"),
("IATT190002987","","2","123000","36000","8700","0","95700","100000","05/10/2019","12:06","2019-10-05","12:51:13","ISU000004","tbl0010","CLOSED","1","","IATR190002900","","","","","IAT0510190843","NHO2018000007"),
("IATT190002988","","0","40000","0","0","0","0","0","05/10/2019","12:10","05/10/2019","16:15:29","ISU000004","tbl0050","CANCELED","1","PERMINTAAN CUSTOMER","","","","","","IAT0510190843","NHO2018000007"),
("IATT190002989","","1","100000","50000","5000","0","55000","100000","05/10/2019","13:05","2019-10-05","13:32:38","ISU000004","tbl0011","CLOSED","1","","IATR190002901","","","","","IAT0510190843","NHO2018000007"),
("IATT190002990","","4","238000","59500","17850","0","196350","200000","05/10/2019","13:09","2019-10-05","13:49:56","ISU000004","tbl0012","CLOSED","1","","IATR190002902","","","","","IAT0510190843","NHO2018000007"),
("IATT190002991","","3","255000","0","25500","0","280500","280500","05/10/2019","13:22","2019-10-05","14:28:44","ISU000004","tbl0022","CLOSED","1","","IATR190002903","","","","","IAT0510190843","NHO2018000007"),
("IATT190002992","","0","98000","0","9800","0","107800","110000","05/10/2019","14:37","2019-10-05","17:45:55","ISU000004","tbl0014","CLOSED","1","","IATR190002908","","","","","IAT0510190843","NHO2018000007"),
("IATT190002993","","2","60000","30000","3000","0","33000","33000","05/10/2019","14:45","2019-10-05","15:32:02","ISU000004","tbl0012","CLOSED","1","","IATR190002904","","","","","IAT0510190843","NHO2018000007"),
("IATT190002994","","1","63000","0","6300","0","69300","100000","05/10/2019","15:49","2019-10-05","16:18:16","ISU000004","tbl0012","CLOSED","1","","IATR190002905","","","","","IAT0510190843","NHO2018000007"),
("IATT190002995","","1","33000","16500","1650","0","18150","20000","05/10/2019","15:50","2019-10-05","16:56:58","ISU000004","tbl0004","CLOSED","1","","IATR190002906","","","","","IAT0510190843","NHO2018000007"),
("IATT190002996","","2","162000","16000","14600","0","160600","165000","05/10/2019","16:47","2019-10-05","17:30:11","ISU000004","tbl0010","CLOSED","1","","IATR190002907","","","","","IAT0510190843","NHO2018000007"),
("IATT190002997","","2","85000","15000","7000","0","77000","100000","05/10/2019","17:48","2019-10-05","18:24:01","ISU000004","tbl0011","CLOSED","1","","IATR190002909","","","","","IAT0510190843","NHO2018000007"),
("IATT190002998","","2","115000","20000","9500","0","104500","105000","05/10/2019","18:01","2019-10-05","18:57:12","ISU000004","tbl0010","CLOSED","1","","IATR190002913","","","","","IAT0510190843","NHO2018000007"),
("IATT190002999","","3","174000","65000","10900","0","119900","150000","05/10/2019","18:04","2019-10-05","20:11:24","ISU000004","tbl0012","CLOSED","1","","IATR190002916","","","","","IAT0510190843","NHO2018000007"),
("IATT190003000","","2","211000","78500","13250","0","145750","150000","05/10/2019","18:06","2019-10-05","18:48:28","ISU000004","tbl0013","CLOSED","1","","IATR190002910","","","","","IAT0510190843","NHO2018000007"),
("IATT190003001","","2","117000","30000","8700","0","95700","100000","05/10/2019","18:09","2019-10-05","18:51:40","ISU000004","tbl0001","CLOSED","1","","IATR190002912","","","","","IAT0510190843","NHO2018000007"),
("IATT190003002","","2","107000","0","10700","0","117700","150000","05/10/2019","18:17","2019-10-05","18:51:04","ISU000004","tbl0007","CLOSED","1","","IATR190002911","","","","","IAT0510190843","NHO2018000007"),
("IATT190003003","","3","191000","31500","15950","0","175450","200000","05/10/2019","18:34","2019-10-05","19:08:01","ISU000004","tbl0011","CLOSED","1","","IATR190002914","","","","","IAT0510190843","NHO2018000007"),
("IATT190003004","","2","127000","35000","9200","0","101200","102000","05/10/2019","19:14","2019-10-05","20:01:30","ISU000004","tbl0010","CLOSED","1","","IATR190002915","","","","","IAT0510190843","NHO2018000007"),
("IATT190003005","","1","47000","13500","3350","0","36850","50000","05/10/2019","19:18","2019-10-05","20:16:03","ISU000013","tbl0013","CLOSED","1","","IATR190002917","","","","","IAT0510190843","NHO2018000007"),
("IATT190003006","","2","97000","36000","6100","0","67100","67100","05/10/2019","19:31","2019-10-05","20:20:01","ISU000013","tbl0011","CLOSED","1","","IATR190002918","","","","","IAT0510190843","NHO2018000007"),
("IATT190003007","","2","96000","40000","5600","0","61600","61600","05/10/2019","19:33","2019-10-05","20:24:32","ISU000013","tbl0022","CLOSED","1","","IATR190002919","","","","","IAT0510190843","NHO2018000007"),
("IATT190003008","","3","158000","56500","10150","0","111650","115000","05/10/2019","19:44","2019-10-05","20:30:18","ISU000013","tbl0018","CLOSED","1","","IATR190002921","","","","","IAT0510190843","NHO2018000007"),
("IATT190003009","","2","130000","45000","8500","0","93500","93500","05/10/2019","20:03","2019-10-05","20:34:57","ISU000013","tbl0004","CLOSED","1","","IATR190002922","","","","","IAT0510190843","NHO2018000007"),
("IATT190003010","","3","152000","28500","12350","0","135850","150000","05/10/2019","20:11","2019-10-05","20:53:56","ISU000013","tbl0002","CLOSED","1","","IATR190002925","","","","","IAT0510190843","NHO2018000007"),
("IATT190003011","","2","92000","36000","5600","0","61600","62000","05/10/2019","20:14","2019-10-05","20:45:00","ISU000013","tbl0021","CLOSED","1","","IATR190002923","","","","","IAT0510190843","NHO2018000007"),
("IATT190003012","","2","87000","15000","7200","0","79200","79200","05/10/2019","20:26","2019-10-05","20:52:57","ISU000013","tbl0010","CLOSED","1","","IATR190002924","","","","","IAT0510190843","NHO2018000007"),
("IATT190003013","","0","27000","13500","1350","0","14850","15000","05/10/2019","20:58","2019-10-05","21:34:39","ISU000013","tbl0001","CLOSED","1","","IATR190002926","","","","","IAT0510190843","NHO2018000007"),
("IATT190003014","","2","96000","31000","6500","0","71500","71500","05/10/2019","21:02","2019-10-05","21:39:30","ISU000013","tbl0012","CLOSED","1","","IATR190002927","","","","","IAT0510190843","NHO2018000007");



INSERT INTO item_void VALUES("IATT190002986","IAT0510190843","NHO2018000007","193186","193186","1","40000","Before Send","Komplen Customer"),
("IATT190003009","IAT0510190843","NHO2018000007","193083","193083","1","30000","Before Send","Komplen Customer");



INSERT INTO pos_promotion_h VALUES("IATT190002986","NPRM18000017","DISC ITEM","1","35000","TUNJUKKAN JEMPOLMU","IAT0510190843","PAID","NHO2018000007"),
("IATT190002987","NPRM18000017","DISC ITEM","1","36000","TUNJUKKAN JEMPOLMU","IAT0510190843","PAID","NHO2018000007"),
("IATT190002989","NPRM18000017","DISC ITEM","1","50000","TUNJUKKAN JEMPOLMU","IAT0510190843","PAID","NHO2018000007"),
("IATT190002990","NPRM18000017","DISC ITEM","1","59500","TUNJUKKAN JEMPOLMU","IAT0510190843","PAID","NHO2018000007"),
("IATT190002993","NPRM18000017","DISC ITEM","1","30000","TUNJUKKAN JEMPOLMU","IAT0510190843","PAID","NHO2018000007"),
("IATT190002995","NPRM18000017","DISC ITEM","1","16500","TUNJUKKAN JEMPOLMU","IAT0510190843","PAID","NHO2018000007"),
("IATT190002996","NPRM18000017","DISC ITEM","1","16000","TUNJUKKAN JEMPOLMU","IAT0510190843","PAID","NHO2018000007"),
("IATT190002997","NPRM18000017","DISC ITEM","1","15000","TUNJUKKAN JEMPOLMU","IAT0510190843","PAID","NHO2018000007"),
("IATT190003000","NPRM18000017","DISC ITEM","1","78500","TUNJUKKAN JEMPOLMU","IAT0510190843","PAID","NHO2018000007"),
("IATT190003001","NPRM18000017","DISC ITEM","1","30000","TUNJUKKAN JEMPOLMU","IAT0510190843","PAID","NHO2018000007"),
("IATT190002998","NPRM18000017","DISC ITEM","1","20000","TUNJUKKAN JEMPOLMU","IAT0510190843","PAID","NHO2018000007"),
("IATT190003003","NPRM18000017","DISC ITEM","1","31500","TUNJUKKAN JEMPOLMU","IAT0510190843","PAID","NHO2018000007"),
("IATT190003004","NPRM18000017","DISC ITEM","1","35000","TUNJUKKAN JEMPOLMU","IAT0510190843","PAID","NHO2018000007"),
("IATT190002999","NPRM18000017","DISC ITEM","1","65000","TUNJUKKAN JEMPOLMU","IAT0510190843","PAID","NHO2018000007"),
("IATT190003005","NPRM18000017","DISC ITEM","1","13500","TUNJUKKAN JEMPOLMU","IAT0510190843","PAID","NHO2018000007"),
("IATT190003006","NPRM18000017","DISC ITEM","1","36000","TUNJUKKAN JEMPOLMU","IAT0510190843","PAID","NHO2018000007"),
("IATT190003007","NPRM18000017","DISC ITEM","1","40000","TUNJUKKAN JEMPOLMU","IAT0510190843","PAID","NHO2018000007"),
("IATT190003008","NPRM18000017","DISC ITEM","1","56500","TUNJUKKAN JEMPOLMU","IAT0510190843","PAID","NHO2018000007"),
("IATT190003009","NPRM18000017","DISC ITEM","1","45000","TUNJUKKAN JEMPOLMU","IAT0510190843","PAID","NHO2018000007"),
("IATT190003011","NPRM18000017","DISC ITEM","1","36000","TUNJUKKAN JEMPOLMU","IAT0510190843","PAID","NHO2018000007"),
("IATT190003012","NPRM18000017","DISC ITEM","1","15000","TUNJUKKAN JEMPOLMU","IAT0510190843","PAID","NHO2018000007"),
("IATT190003010","NPRM18000017","DISC ITEM","1","28500","TUNJUKKAN JEMPOLMU","IAT0510190843","PAID","NHO2018000007"),
("IATT190003013","NPRM18000017","DISC ITEM","1","13500","TUNJUKKAN JEMPOLMU","IAT0510190843","PAID","NHO2018000007"),
("IATT190003014","NPRM18000017","DISC ITEM","1","31000","TUNJUKKAN JEMPOLMU","IAT0510190843","PAID","NHO2018000007");



INSERT INTO pos_promotion_d VALUES("IATT190002986","NPRM18000017","DISC ITEM","1","1","193084","1","15000","IAT0510190843","PAID","NHO2018000007"),
("IATT190002986","NPRM18000017","DISC ITEM","1","1","193010","1","20000","IAT0510190843","PAID","NHO2018000007"),
("IATT190002987","NPRM18000017","DISC ITEM","1","1","193084","1","15000","IAT0510190843","PAID","NHO2018000007"),
("IATT190002987","NPRM18000017","DISC ITEM","1","1","193033","1","21000","IAT0510190843","PAID","NHO2018000007"),
("IATT190002989","NPRM18000017","DISC ITEM","1","1","193038","1","18000","IAT0510190843","PAID","NHO2018000007"),
("IATT190002989","NPRM18000017","DISC ITEM","1","1","193017","1","18500","IAT0510190843","PAID","NHO2018000007"),
("IATT190002989","NPRM18000017","DISC ITEM","1","1","193030","1","13500","IAT0510190843","PAID","NHO2018000007"),
("IATT190002990","NPRM18000017","DISC ITEM","1","1","193033","1","21000","IAT0510190843","PAID","NHO2018000007"),
("IATT190002990","NPRM18000017","DISC ITEM","1","1","193020","1","20000","IAT0510190843","PAID","NHO2018000007"),
("IATT190002990","NPRM18000017","DISC ITEM","1","1","193016","1","18500","IAT0510190843","PAID","NHO2018000007"),
("IATT190002993","NPRM18000017","DISC ITEM","1","1","193084","1","15000","IAT0510190843","PAID","NHO2018000007"),
("IATT190002993","NPRM18000017","DISC ITEM","1","1","193078","1","15000","IAT0510190843","PAID","NHO2018000007"),
("IATT190002995","NPRM18000017","DISC ITEM","1","1","193086","1","16500","IAT0510190843","PAID","NHO2018000007"),
("IATT190002996","NPRM18000017","DISC ITEM","1","1","193035","1","16000","IAT0510190843","PAID","NHO2018000007"),
("IATT190002997","NPRM18000017","DISC ITEM","1","1","193032","1","15000","IAT0510190843","PAID","NHO2018000007"),
("IATT190003000","NPRM18000017","DISC ITEM","1","1","193011","1","20000","IAT0510190843","PAID","NHO2018000007"),
("IATT190003000","NPRM18000017","DISC ITEM","1","1","193084","1","15000","IAT0510190843","PAID","NHO2018000007"),
("IATT190003000","NPRM18000017","DISC ITEM","1","1","193078","1","15000","IAT0510190843","PAID","NHO2018000007"),
("IATT190003000","NPRM18000017","DISC ITEM","1","1","193029","1","13500","IAT0510190843","PAID","NHO2018000007"),
("IATT190003000","NPRM18000017","DISC ITEM","1","1","193032","1","15000","IAT0510190843","PAID","NHO2018000007"),
("IATT190003001","NPRM18000017","DISC ITEM","1","1","193084","1","15000","IAT0510190843","PAID","NHO2018000007"),
("IATT190003001","NPRM18000017","DISC ITEM","1","1","193083","1","15000","IAT0510190843","PAID","NHO2018000007"),
("IATT190002998","NPRM18000017","DISC ITEM","1","1","193009","1","20000","IAT0510190843","PAID","NHO2018000007"),
("IATT190003003","NPRM18000017","DISC ITEM","1","1","193082","1","15000","IAT0510190843","PAID","NHO2018000007"),
("IATT190003003","NPRM18000017","DISC ITEM","1","1","193118","1","10000","IAT0510190843","PAID","NHO2018000007"),
("IATT190003003","NPRM18000017","DISC ITEM","1","1","193070","1","6500","IAT0510190843","PAID","NHO2018000007"),
("IATT190003004","NPRM18000017","DISC ITEM","1","1","193011","1","20000","IAT0510190843","PAID","NHO2018000007"),
("IATT190003004","NPRM18000017","DISC ITEM","1","1","193083","1","15000","IAT0510190843","PAID","NHO2018000007"),
("IATT190002999","NPRM18000017","DISC ITEM","1","1","193085","1","15000","IAT0510190843","PAID","NHO2018000007"),
("IATT190002999","NPRM18000017","DISC ITEM","1","1","193085","2","15000","IAT0510190843","PAID","NHO2018000007"),
("IATT190002999","NPRM18000017","DISC ITEM","1","1","193085","3","15000","IAT0510190843","PAID","NHO2018000007"),
("IATT190002999","NPRM18000017","DISC ITEM","1","1","193011","1","20000","IAT0510190843","PAID","NHO2018000007"),
("IATT190003005","NPRM18000017","DISC ITEM","1","1","193029","1","13500","IAT0510190843","PAID","NHO2018000007"),
("IATT190003006","NPRM18000017","DISC ITEM","1","1","193033","1","21000","IAT0510190843","PAID","NHO2018000007"),
("IATT190003006","NPRM18000017","DISC ITEM","1","1","193083","1","15000","IAT0510190843","PAID","NHO2018000007"),
("IATT190003007","NPRM18000017","DISC ITEM","1","1","193011","1","20000","IAT0510190843","PAID","NHO2018000007"),
("IATT190003007","NPRM18000017","DISC ITEM","1","1","193011","2","20000","IAT0510190843","PAID","NHO2018000007"),
("IATT190003008","NPRM18000017","DISC ITEM","1","1","193078","1","15000","IAT0510190843","PAID","NHO2018000007"),
("IATT190003008","NPRM18000017","DISC ITEM","1","1","193080","1","16500","IAT0510190843","PAID","NHO2018000007"),
("IATT190003008","NPRM18000017","DISC ITEM","1","1","193118","1","10000","IAT0510190843","PAID","NHO2018000007"),
("IATT190003008","NPRM18000017","DISC ITEM","1","1","193078","2","15000","IAT0510190843","PAID","NHO2018000007"),
("IATT190003009","NPRM18000017","DISC ITEM","1","1","193017","1","18500","IAT0510190843","PAID","NHO2018000007"),
("IATT190003009","NPRM18000017","DISC ITEM","1","1","193069","1","6500","IAT0510190843","PAID","NHO2018000007"),
("IATT190003009","NPRM18000017","DISC ITEM","1","1","193010","1","20000","IAT0510190843","PAID","NHO2018000007"),
("IATT190003011","NPRM18000017","DISC ITEM","1","1","193011","1","20000","IAT0510190843","PAID","NHO2018000007"),
("IATT190003011","NPRM18000017","DISC ITEM","1","1","193035","1","16000","IAT0510190843","PAID","NHO2018000007"),
("IATT190003012","NPRM18000017","DISC ITEM","1","1","193084","1","15000","IAT0510190843","PAID","NHO2018000007"),
("IATT190003010","NPRM18000017","DISC ITEM","1","1","193030","1","13500","IAT0510190843","PAID","NHO2018000007"),
("IATT190003010","NPRM18000017","DISC ITEM","1","1","193084","1","15000","IAT0510190843","PAID","NHO2018000007"),
("IATT190003013","NPRM18000017","DISC ITEM","1","1","193030","1","13500","IAT0510190843","PAID","NHO2018000007"),
("IATT190003014","NPRM18000017","DISC ITEM","1","1","193035","1","16000","IAT0510190843","PAID","NHO2018000007"),
("IATT190003014","NPRM18000017","DISC ITEM","1","1","193084","1","15000","IAT0510190843","PAID","NHO2018000007");



INSERT INTO pos_paymenttemp VALUES("IATT190002986","CASH","CASH","107800","110000","ISU000004","2019-10-05","","1","","CLOSED","IAT0510190843","NHO2018000007"),
("IATT190002987","CASH","CASH","95700","100000","ISU000004","2019-10-05","","1","","CLOSED","IAT0510190843","NHO2018000007"),
("IATT190002989","CASH","CASH","55000","100000","ISU000004","2019-10-05","","1","","CLOSED","IAT0510190843","NHO2018000007"),
("IATT190002990","CASH","CASH","196350","200000","ISU000004","2019-10-05","","1","","CLOSED","IAT0510190843","NHO2018000007"),
("IATT190002991","CASH","OVO","280500","280500","ISU000004","2019-10-05","","1","","CLOSED","IAT0510190843","NHO2018000007"),
("IATT190002993","CARD","DEBIT BCA","33000","33000","ISU000004","2019-10-05","","1","","CLOSED","IAT0510190843","NHO2018000007"),
("IATT190002994","CASH","CASH","69300","100000","ISU000004","2019-10-05","","1","","CLOSED","IAT0510190843","NHO2018000007"),
("IATT190002995","CASH","CASH","18150","20000","ISU000004","2019-10-05","","1","","CLOSED","IAT0510190843","NHO2018000007"),
("IATT190002996","CASH","CASH","160600","165000","ISU000004","2019-10-05","","1","","CLOSED","IAT0510190843","NHO2018000007"),
("IATT190002992","CASH","CASH","107800","110000","ISU000004","2019-10-05","","1","","CLOSED","IAT0510190843","NHO2018000007"),
("IATT190002997","CASH","CASH","77000","100000","ISU000004","2019-10-05","","1","","CLOSED","IAT0510190843","NHO2018000007"),
("IATT190003000","CASH","CASH","145750","150000","ISU000004","2019-10-05","","1","","CLOSED","IAT0510190843","NHO2018000007"),
("IATT190003002","CASH","CASH","117700","150000","ISU000004","2019-10-05","","1","","CLOSED","IAT0510190843","NHO2018000007"),
("IATT190003001","CASH","CASH","95700","100000","ISU000004","2019-10-05","","1","","CLOSED","IAT0510190843","NHO2018000007"),
("IATT190002998","CASH","CASH","104500","105000","ISU000004","2019-10-05","","1","","CLOSED","IAT0510190843","NHO2018000007"),
("IATT190003003","CASH","CASH","175450","200000","ISU000004","2019-10-05","","1","","CLOSED","IAT0510190843","NHO2018000007"),
("IATT190003004","CASH","CASH","101200","102000","ISU000004","2019-10-05","","1","","CLOSED","IAT0510190843","NHO2018000007"),
("IATT190002999","CASH","GOPAY","119900","150000","ISU000004","2019-10-05","","1","","CLOSED","IAT0510190843","NHO2018000007"),
("IATT190003005","CASH","CASH","36850","50000","ISU000013","2019-10-05","","1","","CLOSED","IAT0510190843","NHO2018000007"),
("IATT190003006","CARD","DEBIT BCA","67100","67100","ISU000013","2019-10-05","","1","","CLOSED","IAT0510190843","NHO2018000007"),
("IATT190003007","CARD","MASTER","61600","61600","ISU000013","2019-10-05","","1","","CLOSED","IAT0510190843","NHO2018000007"),
("IATT190003008","CASH","CASH","111650","115000","ISU000013","2019-10-05","","1","","CLOSED","IAT0510190843","NHO2018000007"),
("IATT190003009","CARD","DEBIT BCA","93500","93500","ISU000013","2019-10-05","","1","","CLOSED","IAT0510190843","NHO2018000007"),
("IATT190003011","CASH","CASH","61600","62000","ISU000013","2019-10-05","","1","","CLOSED","IAT0510190843","NHO2018000007"),
("IATT190003012","CARD","VISA","79200","79200","ISU000013","2019-10-05","","1","","CLOSED","IAT0510190843","NHO2018000007"),
("IATT190003010","CASH","CASH","135850","150000","ISU000013","2019-10-05","","1","","CLOSED","IAT0510190843","NHO2018000007"),
("IATT190003013","CASH","CASH","14850","15000","ISU000013","2019-10-05","","1","","CLOSED","IAT0510190843","NHO2018000007"),
("IATT190003014","CARD","MASTER","71500","71500","ISU000013","2019-10-05","","1","","CLOSED","IAT0510190843","NHO2018000007");



