INSERT INTO pos_itemtemp VALUES("IATT190001825","193083","191001","192001","30000","1","30000","7500","22500","1","1","1","IAT0708190845","NHO2018000007","PAID","original","193083"),
("IATT190001826","193022","191001","192003","30000","1","30000","0","30000","1","1","1","IAT0708190845","NHO2018000007","PAID","","193022"),
("IATT190001826","193024","191001","192003","30000","1","30000","0","30000","1","1","1","IAT0708190845","NHO2018000007","PAID","","193024"),
("IATT190001826","193047","191002","192010","8000","1","8000","0","8000","1","1","1","IAT0708190845","NHO2018000007","PAID","","193047"),
("IATT190001826","193046","191002","192010","8000","1","8000","0","8000","1","1","1","IAT0708190845","NHO2018000007","PAID","","193046"),
("IATT190001827","193082","191001","192001","30000","1","30000","7500","22500","1","1","1","IAT0708190845","NHO2018000007","PAID","","193082"),
("IATT190001827","193082","191001","192001","30000","1","30000","7500","22500","2","1","1","IAT0708190845","NHO2018000007","PAID","","193082"),
("IATT190001827","193074","191003","192011","0","1","0","0","0","1","1","1","IAT0708190845","NHO2018000007","PAID","sambal cabe pisah","193074"),
("IATT190001827","193074","191003","192011","0","1","0","0","0","2","1","1","IAT0708190845","NHO2018000007","PAID","","193074"),
("IATT190001827","193072","191001","192012","25000","1","25000","0","25000","1","1","1","IAT0708190845","NHO2018000007","PAID","","193072"),
("IATT190001827","193049","191002","192010","10000","1","10000","0","10000","1","1","1","IAT0708190845","NHO2018000007","PAID","","193049"),
("IATT190001827","193046","191002","192010","8000","1","8000","0","8000","1","1","1","IAT0708190845","NHO2018000007","PAID","","193046"),
("IATT190001828","193084","191001","192001","30000","1","30000","7500","22500","1","1","1","IAT0708190845","NHO2018000007","PAID","","PEDAS"),
("IATT190001828","193007","191001","192001","37000","1","37000","9250","27750","1","1","1","IAT0708190845","NHO2018000007","PAID","","PEDAS"),
("IATT190001828","193049","191002","192010","10000","1","10000","0","10000","1","1","1","IAT0708190845","NHO2018000007","PAID","","193049"),
("IATT190001828","193054","191002","192010","20000","1","20000","0","20000","1","1","1","IAT0708190845","NHO2018000007","PAID","","193054"),
("IATT190001828","193070","191001","192012","13000","1","13000","0","13000","1","1","1","IAT0708190845","NHO2018000007","PAID","","193070"),
("IATT190001829","193078","191001","192001","30000","1","30000","7500","22500","1","1","1","IAT0708190845","NHO2018000007","PAID","","PEDAS"),
("IATT190001829","193078","191001","192001","30000","1","30000","7500","22500","2","1","1","IAT0708190845","NHO2018000007","PAID","","PEDAS"),
("IATT190001829","193082","191001","192001","30000","1","30000","7500","22500","1","1","1","IAT0708190845","NHO2018000007","PAID","","193082"),
("IATT190001830","193046","191002","192010","10000","1","10000","0","10000","1","1","1","IAT0708190845","NHO2018000007","PAID","","193046"),
("IATT190001830","193048","191002","192010","8000","1","8000","0","8000","1","1","1","IAT0708190845","NHO2018000007","PAID","","193048"),
("IATT190001830","193069","191001","192012","13000","1","13000","0","13000","1","1","1","IAT0708190845","NHO2018000007","PAID","","193069"),
("IATT190001830","193021","191001","192002","40000","1","40000","10000","30000","1","1","2","IAT0708190845","NHO2018000007","PAID","","ORIGINAL"),
("IATT190001830","193086","191001","192002","33000","1","33000","8250","24750","1","1","3","IAT0708190845","NHO2018000007","PAID","jngan dibuat ya\nyg tdi.\nthanks","PEDAS"),
("IATT190001831","193084","191001","192001","30000","1","30000","9000","21000","1","1","1","IAT0708190845","NHO2018000007","PAID","","PEDAS"),
("IATT190001831","193010","191001","192001","40000","1","40000","12000","28000","1","1","1","IAT0708190845","NHO2018000007","PAID","no negi\nchiken katsu pisah","193010"),
("IATT190001831","193030","191001","192004","27000","1","27000","8100","18900","1","1","1","IAT0708190845","NHO2018000007","PAID","","193030"),
("IATT190001831","193035","191001","192006","32000","1","32000","9600","22400","1","1","1","IAT0708190845","NHO2018000007","PAID","pedas sedang","ORIGINAL"),
("IATT190001831","193046","191002","192010","10000","1","10000","0","10000","1","1","1","IAT0708190845","NHO2018000007","PAID","","193046"),
("IATT190001831","193046","191002","192010","10000","1","10000","0","10000","2","1","1","IAT0708190845","NHO2018000007","PAID","","193046"),
("IATT190001831","193055","191002","192010","17000","1","17000","0","17000","1","1","1","IAT0708190845","NHO2018000007","PAID","","193055"),
("IATT190001831","193054","191002","192010","20000","1","20000","0","20000","1","1","1","IAT0708190845","NHO2018000007","PAID","","193054"),
("IATT190001831","193048","191002","192010","8000","1","8000","0","8000","1","1","1","IAT0708190845","NHO2018000007","PAID","","193048"),
("IATT190001832","193005","191001","192001","37000","1","37000","9250","27750","1","1","1","IAT0708190845","NHO2018000007","PAID","","193005"),
("IATT190001832","193006","191001","192001","37000","1","37000","9250","27750","1","1","1","IAT0708190845","NHO2018000007","PAID","","193006"),
("IATT190001832","193054","191002","192010","20000","1","20000","0","20000","1","1","1","IAT0708190845","NHO2018000007","PAID","yg 1 less sugar and less ice\nyg 1 less ice\nthanks","193054"),
("IATT190001832","193054","191002","192010","20000","1","20000","0","20000","2","1","1","IAT0708190845","NHO2018000007","PAID","","193054"),
("IATT190001833","193035","191001","192006","32000","1","32000","8000","24000","1","1","1","IAT0708190845","NHO2018000007","PAID","","PEDAS"),
("IATT190001833","193056","191002","192010","17000","1","17000","0","17000","1","1","1","IAT0708190845","NHO2018000007","PAID","","193056"),
("IATT190001834","193022","191001","192003","30000","1","30000","7500","22500","1","1","1","IAT0708190845","NHO2018000007","PAID","","193022"),
("IATT190001834","193017","191001","192002","37000","1","37000","9250","27750","1","1","1","IAT0708190845","NHO2018000007","PAID","","193017"),
("IATT190001834","193055","191002","192010","17000","1","17000","0","17000","1","1","1","IAT0708190845","NHO2018000007","PAID","","193055"),
("IATT190001834","193048","191002","192010","8000","1","8000","0","8000","1","1","1","IAT0708190845","NHO2018000007","PAID","","193048"),
("IATT190001835","193010","191001","192001","40000","1","40000","10000","30000","1","1","1","IAT0708190845","NHO2018000007","PAID","","193010"),
("IATT190001835","193027","191001","192003","43000","1","43000","10750","32250","1","1","1","IAT0708190845","NHO2018000007","PAID","","193027"),
("IATT190001835","193052","191002","192010","20000","1","20000","0","20000","1","1","1","IAT0708190845","NHO2018000007","PAID","","193052"),
("IATT190001835","193047","191002","192010","10000","1","10000","0","10000","1","1","1","IAT0708190845","NHO2018000007","PAID","","193047"),
("IATT190001835","193046","191002","192010","10000","1","10000","0","10000","1","1","1","IAT0708190845","NHO2018000007","PAID","","193046"),
("IATT190001835","193030","191001","192004","27000","1","27000","6750","20250","1","1","2","IAT0708190845","NHO2018000007","PAID","take away ya","193030");



INSERT INTO pos_salestemp VALUES("IATT190001825","","1","30000","7500","2250","0","24750","50000","07/08/2019","13:13","2019-08-07","13:34:10","ISU000012","tbl0014","CLOSED","1","","IATR190001774","","","","","IAT0708190845","NHO2018000007"),
("IATT190001826","","2","76000","0","7600","0","83600","100000","07/08/2019","13:28","2019-08-07","14:11:15","ISU000012","tbl0010","CLOSED","1","","IATR190001776","","","","","IAT0708190845","NHO2018000007"),
("IATT190001827","","2","103000","15000","8800","0","96800","96800","07/08/2019","13:29","2019-08-07","14:05:48","ISU000012","tbl0012","CLOSED","1","","IATR190001775","","","","","IAT0708190845","NHO2018000007"),
("IATT190001828","","2","110000","16750","9325","0","102575","110575","07/08/2019","15:28","2019-08-07","17:05:33","ISU000012","tbl0012","CLOSED","1","","IATR190001778","","","","","IAT0708190845","NHO2018000007"),
("IATT190001829","","2","90000","22500","6750","0","74250","100250","07/08/2019","15:55","2019-08-07","16:52:29","ISU000012","tbl0010","CLOSED","1","","IATR190001777","","","","","IAT0708190845","NHO2018000007"),
("IATT190001830","","2","104000","18250","8575","0","94325","100000","07/08/2019","18:29","2019-08-07","19:11:53","ISU000012","tbl0010","CLOSED","1","","IATR190001779","","","","","IAT0708190845","NHO2018000007"),
("IATT190001831","","6","194000","38700","15530","0","170830","170830","07/08/2019","19:12","2019-08-07","20:00:02","ISU000012","tbl0013","CLOSED","1","","IATR190001781","","","","","IAT0708190845","NHO2018000007"),
("IATT190001832","","2","114000","18500","9550","0","105050","106000","07/08/2019","19:21","2019-08-07","20:07:44","ISU000012","tbl0012","CLOSED","1","","IATR190001782","","","","","IAT0708190845","NHO2018000007"),
("IATT190001833","","1","49000","8000","4100","0","45100","45100","07/08/2019","19:26","2019-08-07","19:56:42","ISU000012","tbl0008","CLOSED","1","","IATR190001780","","","","","IAT0708190845","NHO2018000007"),
("IATT190001834","","2","92000","16750","7525","0","82775","100000","07/08/2019","19:53","2019-08-07","20:25:08","ISU000012","tbl0011","CLOSED","1","","IATR190001783","","","","","IAT0708190845","NHO2018000007"),
("IATT190001835","","2","150000","27500","12250","0","134750","134750","07/08/2019","20:32","2019-08-07","21:16:54","ISU000012","tbl0012","CLOSED","1","","IATR190001784","","","","","IAT0708190845","NHO2018000007");



INSERT INTO item_void VALUES("IATT190001830","IAT0708190845","NHO2018000007","193086","PEDAS","1","33000","Before Send","Komplen Customer"),
("IATT190001830","IAT0708190845","NHO2018000007","193019","PEDAS","1","40000","Before Send","Komplen Customer"),
("IATT190001830","IAT0708190845","NHO2018000007","193084","PEDAS","1","30000","Before Send","Komplen Customer");



INSERT INTO pos_promotion_h VALUES("IATT190001825","NPRM18000015","DISC ITEM","1","7500","Diskon 25% Agustus","IAT0708190845","PAID","NHO2018000007"),
("IATT190001827","NPRM18000015","DISC ITEM","1","15000","Diskon 25% Agustus","IAT0708190845","PAID","NHO2018000007"),
("IATT190001829","NPRM18000015","DISC ITEM","1","22500","Diskon 25% Agustus","IAT0708190845","PAID","NHO2018000007"),
("IATT190001828","NPRM18000015","DISC ITEM","1","16750","Diskon 25% Agustus","IAT0708190845","PAID","NHO2018000007"),
("IATT190001830","NPRM18000015","DISC ITEM","1","18250","Diskon 25% Agustus","IAT0708190845","PAID","NHO2018000007"),
("IATT190001831","NPRM18000008","DISC ITEM","1","38700","eatigo 30%","IAT0708190845","PAID","NHO2018000007"),
("IATT190001833","NPRM18000015","DISC ITEM","1","8000","Diskon 25% Agustus","IAT0708190845","PAID","NHO2018000007"),
("IATT190001832","NPRM18000015","DISC ITEM","1","18500","Diskon 25% Agustus","IAT0708190845","PAID","NHO2018000007"),
("IATT190001834","NPRM18000015","DISC ITEM","1","16750","Diskon 25% Agustus","IAT0708190845","PAID","NHO2018000007"),
("IATT190001835","NPRM18000015","DISC ITEM","1","27500","Diskon 25% Agustus","IAT0708190845","PAID","NHO2018000007");



INSERT INTO pos_promotion_d VALUES("IATT190001825","NPRM18000015","DISC ITEM","1","1","193083","1","7500","IAT0708190845","PAID","NHO2018000007"),
("IATT190001827","NPRM18000015","DISC ITEM","1","1","193082","1","7500","IAT0708190845","PAID","NHO2018000007"),
("IATT190001827","NPRM18000015","DISC ITEM","1","1","193082","2","7500","IAT0708190845","PAID","NHO2018000007"),
("IATT190001829","NPRM18000015","DISC ITEM","1","1","193078","1","7500","IAT0708190845","PAID","NHO2018000007"),
("IATT190001829","NPRM18000015","DISC ITEM","1","1","193078","2","7500","IAT0708190845","PAID","NHO2018000007"),
("IATT190001829","NPRM18000015","DISC ITEM","1","1","193082","1","7500","IAT0708190845","PAID","NHO2018000007"),
("IATT190001828","NPRM18000015","DISC ITEM","1","1","193084","1","7500","IAT0708190845","PAID","NHO2018000007"),
("IATT190001828","NPRM18000015","DISC ITEM","1","1","193007","1","9250","IAT0708190845","PAID","NHO2018000007"),
("IATT190001830","NPRM18000015","DISC ITEM","1","1","193021","1","10000","IAT0708190845","PAID","NHO2018000007"),
("IATT190001830","NPRM18000015","DISC ITEM","1","1","193086","1","8250","IAT0708190845","PAID","NHO2018000007"),
("IATT190001831","NPRM18000008","DISC ITEM","1","1","193084","1","9000","IAT0708190845","PAID","NHO2018000007"),
("IATT190001831","NPRM18000008","DISC ITEM","1","1","193010","1","12000","IAT0708190845","PAID","NHO2018000007"),
("IATT190001831","NPRM18000008","DISC ITEM","1","1","193030","1","8100","IAT0708190845","PAID","NHO2018000007"),
("IATT190001831","NPRM18000008","DISC ITEM","1","1","193035","1","9600","IAT0708190845","PAID","NHO2018000007"),
("IATT190001833","NPRM18000015","DISC ITEM","1","1","193035","1","8000","IAT0708190845","PAID","NHO2018000007"),
("IATT190001832","NPRM18000015","DISC ITEM","1","1","193005","1","9250","IAT0708190845","PAID","NHO2018000007"),
("IATT190001832","NPRM18000015","DISC ITEM","1","1","193006","1","9250","IAT0708190845","PAID","NHO2018000007"),
("IATT190001834","NPRM18000015","DISC ITEM","1","1","193022","1","7500","IAT0708190845","PAID","NHO2018000007"),
("IATT190001834","NPRM18000015","DISC ITEM","1","1","193017","1","9250","IAT0708190845","PAID","NHO2018000007"),
("IATT190001835","NPRM18000015","DISC ITEM","1","1","193010","1","10000","IAT0708190845","PAID","NHO2018000007"),
("IATT190001835","NPRM18000015","DISC ITEM","1","1","193027","1","10750","IAT0708190845","PAID","NHO2018000007"),
("IATT190001835","NPRM18000015","DISC ITEM","1","1","193030","1","6750","IAT0708190845","PAID","NHO2018000007");



INSERT INTO pos_paymenttemp VALUES("IATT190001825","CASH","CASH","24750","50000","ISU000012","2019-08-07","","1","","CLOSED","IAT0708190845","NHO2018000007"),
("IATT190001827","CARD","VISA","96800","96800","ISU000012","2019-08-07","","1","","CLOSED","IAT0708190845","NHO2018000007"),
("IATT190001826","CASH","CASH","83600","100000","ISU000012","2019-08-07","","1","","CLOSED","IAT0708190845","NHO2018000007"),
("IATT190001829","CASH","CASH","74250","100250","ISU000012","2019-08-07","","1","","CLOSED","IAT0708190845","NHO2018000007"),
("IATT190001828","CASH","CASH","102575","110575","ISU000012","2019-08-07","","1","","CLOSED","IAT0708190845","NHO2018000007"),
("IATT190001830","CASH","CASH","94325","100000","ISU000012","2019-08-07","","1","","CLOSED","IAT0708190845","NHO2018000007"),
("IATT190001833","CARD","DEBIT BCA","45100","45100","ISU000012","2019-08-07","","1","","CLOSED","IAT0708190845","NHO2018000007"),
("IATT190001831","CARD","DEBIT BCA","170830","170830","ISU000012","2019-08-07","","1","","CLOSED","IAT0708190845","NHO2018000007"),
("IATT190001832","CASH","CASH","105050","106000","ISU000012","2019-08-07","","1","","CLOSED","IAT0708190845","NHO2018000007"),
("IATT190001834","CASH","CASH","82775","100000","ISU000012","2019-08-07","","1","","CLOSED","IAT0708190845","NHO2018000007"),
("IATT190001835","CARD","DEBIT BCA","134750","134750","ISU000012","2019-08-07","","1","","CLOSED","IAT0708190845","NHO2018000007");



