INSERT INTO pos_itemtemp VALUES("IATT190001791","193053","191002","192010","20000","1","20000","0","20000","1","1","1","IAT0508190929","NHO2018000007","PAID","","193053"),
("IATT190001791","193052","191002","192010","20000","1","20000","0","20000","1","1","1","IAT0508190929","NHO2018000007","PAID","","193052"),
("IATT190001791","193027","191001","192003","43000","1","43000","0","43000","1","1","1","IAT0508190929","NHO2018000007","PAID","","193027"),
("IATT190001792","193087","191001","192002","33000","1","33000","8250","24750","1","1","1","IAT0508190929","NHO2018000007","PAID","original","193087"),
("IATT190001792","193082","191001","192001","30000","1","30000","7500","22500","1","1","1","IAT0508190929","NHO2018000007","PAID","original","193082"),
("IATT190001793","193083","191001","192001","30000","1","30000","6000","24000","1","1","1","IAT0508190929","NHO2018000007","PAID","","193083"),
("IATT190001793","193083","191001","192001","30000","1","30000","6000","24000","2","1","1","IAT0508190929","NHO2018000007","PAID","","193083"),
("IATT190001793","193030","191001","192004","27000","1","27000","5400","21600","1","1","1","IAT0508190929","NHO2018000007","PAID","","193030"),
("IATT190001793","193030","191001","192004","27000","1","27000","5400","21600","2","1","1","IAT0508190929","NHO2018000007","PAID","","193030"),
("IATT190001793","193051","191002","192010","20000","1","20000","0","20000","1","1","1","IAT0508190929","NHO2018000007","PAID","","193051"),
("IATT190001793","193082","191001","192001","30000","1","30000","6000","24000","1","1","1","IAT0508190929","NHO2018000007","PAID","","193082"),
("IATT190001793","193082","191001","192001","30000","1","30000","6000","24000","2","1","1","IAT0508190929","NHO2018000007","PAID","","193082"),
("IATT190001793","193047","191002","192010","8000","1","8000","0","8000","1","1","1","IAT0508190929","NHO2018000007","PAID","","193047"),
("IATT190001793","193047","191002","192010","8000","1","8000","0","8000","2","1","1","IAT0508190929","NHO2018000007","PAID","","193047"),
("IATT190001793","193048","191002","192010","8000","1","8000","0","8000","1","1","1","IAT0508190929","NHO2018000007","PAID","","193048"),
("IATT190001793","193048","191002","192010","8000","1","8000","0","8000","2","1","1","IAT0508190929","NHO2018000007","PAID","","193048"),
("IATT190001794","193022","191001","192003","30000","1","30000","0","30000","1","1","1","IAT0508190929","NHO2018000007","PAID","","193022"),
("IATT190001794","193084","191001","192001","30000","1","30000","0","30000","1","1","1","IAT0508190929","NHO2018000007","PAID","","PEDAS"),
("IATT190001794","193053","191002","192010","20000","1","20000","0","20000","1","1","1","IAT0508190929","NHO2018000007","PAID","","193053"),
("IATT190001794","193055","191002","192010","17000","1","17000","0","17000","1","1","1","IAT0508190929","NHO2018000007","PAID","","193055"),
("IATT190001795","193028","191001","192003","43000","1","43000","10750","32250","1","1","1","IAT0508190929","NHO2018000007","PAID","","193028"),
("IATT190001795","193024","191001","192003","30000","1","30000","7500","22500","1","1","1","IAT0508190929","NHO2018000007","PAID","","193024"),
("IATT190001795","193030","191001","192004","27000","1","27000","6750","20250","1","1","1","IAT0508190929","NHO2018000007","PAID","","193030"),
("IATT190001795","193046","191002","192010","8000","1","8000","0","8000","1","1","1","IAT0508190929","NHO2018000007","PAID","","193046"),
("IATT190001795","193047","191002","192010","8000","1","8000","0","8000","1","1","1","IAT0508190929","NHO2018000007","PAID","","193047"),
("IATT190001796","193084","191001","192001","30000","1","30000","7500","22500","1","1","1","IAT0508190929","NHO2018000007","PAID","lv 1","PEDAS"),
("IATT190001796","193022","191001","192003","30000","1","30000","7500","22500","1","1","1","IAT0508190929","NHO2018000007","PAID","","193022"),
("IATT190001796","193047","191002","192010","8000","1","8000","0","8000","1","1","1","IAT0508190929","NHO2018000007","PAID","","193047"),
("IATT190001796","193047","191002","192010","8000","1","8000","0","8000","2","1","1","IAT0508190929","NHO2018000007","PAID","","193047"),
("IATT190001797","193047","191002","192010","8000","1","8000","0","8000","1","1","1","IAT0508190929","NHO2018000007","PAID","","193047"),
("IATT190001797","193047","191002","192010","8000","1","8000","0","8000","2","1","1","IAT0508190929","NHO2018000007","PAID","","193047"),
("IATT190001798","193011","191001","192001","40000","1","40000","0","40000","1","1","1","IAT0508190929","NHO2018000007","PAID","lv 2","PEDAS"),
("IATT190001798","193074","191003","192011","0","1","0","0","0","1","1","1","IAT0508190929","NHO2018000007","PAID","","193074"),
("IATT190001798","193054","191002","192010","20000","1","20000","0","20000","1","1","1","IAT0508190929","NHO2018000007","PAID","","193054"),
("IATT190001799","193012","191001","192001","40000","1","40000","10000","30000","1","1","1","IAT0508190929","NHO2018000007","PAID","lv 1","193012"),
("IATT190001799","193073","191003","192011","0","1","0","0","0","1","1","1","IAT0508190929","NHO2018000007","PAID","","193073"),
("IATT190001799","193047","191002","192010","8000","1","8000","0","8000","1","1","1","IAT0508190929","NHO2018000007","PAID","","193047"),
("IATT190001797","193022","191001","192003","30000","1","30000","0","30000","1","1","2","IAT0508190929","NHO2018000007","PAID","","193022"),
("IATT190001797","193022","191001","192003","30000","1","30000","0","30000","2","1","2","IAT0508190929","NHO2018000007","PAID","","193022"),
("IATT190001797","193055","191002","192010","17000","1","17000","0","17000","1","1","2","IAT0508190929","NHO2018000007","PAID","","193055"),
("IATT190001800","193021","191001","192002","40000","1","40000","0","40000","1","1","1","IAT0508190929","NHO2018000007","PAID","","ORIGINAL"),
("IATT190001800","193053","191002","192010","20000","1","20000","0","20000","1","1","1","IAT0508190929","NHO2018000007","PAID","","193053"),
("IATT190001797","193086","191001","192002","33000","1","33000","0","33000","1","1","3","IAT0508190929","NHO2018000007","PAID","lv 1","PEDAS"),
("IATT190001797","193047","191002","192010","8000","1","8000","0","8000","3","1","3","IAT0508190929","NHO2018000007","PAID","","193047"),
("IATT190001801","193076","191001","192001","30000","1","30000","0","30000","1","1","1","IAT0508190929","NHO2018000007","PAID","original","193076"),
("IATT190001801","193047","191002","192010","8000","1","8000","0","8000","1","1","1","IAT0508190929","NHO2018000007","PAID","","193047"),
("IATT190001802","193028","191001","192003","43000","1","43000","10750","32250","1","1","1","IAT0508190929","NHO2018000007","PAID","","193028"),
("IATT190001802","193016","191001","192002","37000","1","37000","9250","27750","1","1","1","IAT0508190929","NHO2018000007","PAID","lv 2","PEDAS"),
("IATT190001802","193070","191001","192012","13000","1","13000","0","13000","1","1","1","IAT0508190929","NHO2018000007","PAID","","193070"),
("IATT190001802","193056","191002","192010","17000","1","17000","0","17000","1","1","1","IAT0508190929","NHO2018000007","PAID","","193056"),
("IATT190001802","193056","191002","192010","17000","1","17000","0","17000","2","1","1","IAT0508190929","NHO2018000007","PAID","","193056"),
("IATT190001802","193055","191002","192010","17000","1","17000","0","17000","1","1","1","IAT0508190929","NHO2018000007","PAID","","193055");



INSERT INTO pos_salestemp VALUES("IATT190001791","","1","83000","0","8300","0","91300","100000","05/08/2019","11:26","2019-08-05","13:11:37","ISU000011","tbl0001","CLOSED","1","","IATR190001739","","","","","IAT0508190929","NHO2018000007"),
("IATT190001792","","2","63000","15750","4725","0","51975","102000","05/08/2019","14:45","2019-08-05","15:06:08","ISU000011","tbl0012","CLOSED","1","","IATR190001740","","","","","IAT0508190929","NHO2018000007"),
("IATT190001793","","6","226000","34800","19120","0","210320","240300","05/08/2019","16:08","2019-08-05","16:57:13","ISU000012","tbl0015","CLOSED","1","","IATR190001741","","","","","IAT0508190929","NHO2018000007"),
("IATT190001794","","2","97000","0","9700","0","106700","107000","05/08/2019","16:44","2019-08-05","17:36:02","ISU000012","tbl0012","CLOSED","1","","IATR190001742","","","","","IAT0508190929","NHO2018000007"),
("IATT190001795","","3","116000","25000","9100","0","100100","100100","05/08/2019","18:02","2019-08-05","18:37:01","ISU000012","tbl0012","CLOSED","1","","IATR190001743","","","","","IAT0508190929","NHO2018000007"),
("IATT190001796","","2","76000","15000","6100","0","67100","100000","05/08/2019","18:09","2019-08-05","18:47:28","ISU000012","tbl0011","CLOSED","1","","IATR190001744","","","","","IAT0508190929","NHO2018000007"),
("IATT190001797","","2","134000","0","13400","0","147400","150000","05/08/2019","18:14","2019-08-05","20:09:55","ISU000012","tbl0010","CLOSED","1","","IATR190001749","","","","","IAT0508190929","NHO2018000007"),
("IATT190001798","","1","60000","0","6000","0","66000","67000","05/08/2019","18:24","2019-08-05","19:04:55","ISU000012","tbl0014","CLOSED","1","","IATR190001745","","","","","IAT0508190929","NHO2018000007"),
("IATT190001799","","1","48000","10000","3800","0","41800","41800","05/08/2019","18:43","2019-08-05","19:09:36","ISU000012","tbl0007","CLOSED","1","","IATR190001746","","","","","IAT0508190929","NHO2018000007"),
("IATT190001800","","1","60000","0","6000","0","66000","67000","05/08/2019","19:12","2019-08-05","19:38:28","ISU000012","tbl0012","CLOSED","1","","IATR190001747","","","","","IAT0508190929","NHO2018000007"),
("IATT190001801","","1","38000","0","3800","0","41800","41800","05/08/2019","19:16","2019-08-05","19:44:03","ISU000012","tbl0011","CLOSED","1","","IATR190001748","","","","","IAT0508190929","NHO2018000007"),
("IATT190001802","","3","144000","20000","12400","0","136400","150000","05/08/2019","19:39","2019-08-05","20:58:30","ISU000012","tbl0012","CLOSED","1","","IATR190001750","","","","","IAT0508190929","NHO2018000007");






INSERT INTO pos_promotion_h VALUES("IATT190001792","NPRM18000015","DISC ITEM","1","15750","Diskon 25% Agustus","IAT0508190929","PAID","NHO2018000007"),
("IATT190001793","NPRM18000006","DISC ITEM","1","34800","eatigo 20%","IAT0508190929","PAID","NHO2018000007"),
("IATT190001795","NPRM18000015","DISC ITEM","1","25000","Diskon 25% Agustus","IAT0508190929","PAID","NHO2018000007"),
("IATT190001796","NPRM18000015","DISC ITEM","1","15000","Diskon 25% Agustus","IAT0508190929","PAID","NHO2018000007"),
("IATT190001799","NPRM18000015","DISC ITEM","1","10000","Diskon 25% Agustus","IAT0508190929","PAID","NHO2018000007"),
("IATT190001802","NPRM18000015","DISC ITEM","1","20000","Diskon 25% Agustus","IAT0508190929","PAID","NHO2018000007");



INSERT INTO pos_promotion_d VALUES("IATT190001792","NPRM18000015","DISC ITEM","1","1","193087","1","8250","IAT0508190929","PAID","NHO2018000007"),
("IATT190001792","NPRM18000015","DISC ITEM","1","1","193082","1","7500","IAT0508190929","PAID","NHO2018000007"),
("IATT190001793","NPRM18000006","DISC ITEM","1","1","193083","1","6000","IAT0508190929","PAID","NHO2018000007"),
("IATT190001793","NPRM18000006","DISC ITEM","1","1","193083","2","6000","IAT0508190929","PAID","NHO2018000007"),
("IATT190001793","NPRM18000006","DISC ITEM","1","1","193030","1","5400","IAT0508190929","PAID","NHO2018000007"),
("IATT190001793","NPRM18000006","DISC ITEM","1","1","193030","2","5400","IAT0508190929","PAID","NHO2018000007"),
("IATT190001793","NPRM18000006","DISC ITEM","1","1","193082","1","6000","IAT0508190929","PAID","NHO2018000007"),
("IATT190001793","NPRM18000006","DISC ITEM","1","1","193082","2","6000","IAT0508190929","PAID","NHO2018000007"),
("IATT190001795","NPRM18000015","DISC ITEM","1","1","193028","1","10750","IAT0508190929","PAID","NHO2018000007"),
("IATT190001795","NPRM18000015","DISC ITEM","1","1","193024","1","7500","IAT0508190929","PAID","NHO2018000007"),
("IATT190001795","NPRM18000015","DISC ITEM","1","1","193030","1","6750","IAT0508190929","PAID","NHO2018000007"),
("IATT190001796","NPRM18000015","DISC ITEM","1","1","193084","1","7500","IAT0508190929","PAID","NHO2018000007"),
("IATT190001796","NPRM18000015","DISC ITEM","1","1","193022","1","7500","IAT0508190929","PAID","NHO2018000007"),
("IATT190001799","NPRM18000015","DISC ITEM","1","1","193012","1","10000","IAT0508190929","PAID","NHO2018000007"),
("IATT190001802","NPRM18000015","DISC ITEM","1","1","193028","1","10750","IAT0508190929","PAID","NHO2018000007"),
("IATT190001802","NPRM18000015","DISC ITEM","1","1","193016","1","9250","IAT0508190929","PAID","NHO2018000007");



INSERT INTO pos_paymenttemp VALUES("IATT190001791","CASH","CASH","91300","100000","ISU000011","2019-08-05","","1","","CLOSED","IAT0508190929","NHO2018000007"),
("IATT190001792","CASH","CASH","51975","102000","ISU000011","2019-08-05","","1","","CLOSED","IAT0508190929","NHO2018000007"),
("IATT190001793","VOUCHER","KUPON PROMO EATIGO 30K","30000","30000","ISU000012","2019-08-05","","1","","CLOSED","IAT0508190929","NHO2018000007"),
("IATT190001793","CASH","CASH","180320","210300","ISU000012","2019-08-05","","1","","CLOSED","IAT0508190929","NHO2018000007"),
("IATT190001794","CASH","CASH","106700","107000","ISU000012","2019-08-05","","1","","CLOSED","IAT0508190929","NHO2018000007"),
("IATT190001795","CASH","CASH","100100","100100","ISU000012","2019-08-05","","1","","CLOSED","IAT0508190929","NHO2018000007"),
("IATT190001796","CASH","CASH","67100","100000","ISU000012","2019-08-05","","1","","CLOSED","IAT0508190929","NHO2018000007"),
("IATT190001798","CASH","CASH","66000","67000","ISU000012","2019-08-05","","1","","CLOSED","IAT0508190929","NHO2018000007"),
("IATT190001799","CARD","MASTER","41800","41800","ISU000012","2019-08-05","","1","","CLOSED","IAT0508190929","NHO2018000007"),
("IATT190001800","CASH","CASH","66000","67000","ISU000012","2019-08-05","","1","","CLOSED","IAT0508190929","NHO2018000007"),
("IATT190001801","CARD","MASTER","41800","41800","ISU000012","2019-08-05","","1","","CLOSED","IAT0508190929","NHO2018000007"),
("IATT190001797","CASH","CASH","147400","150000","ISU000012","2019-08-05","","1","","CLOSED","IAT0508190929","NHO2018000007"),
("IATT190001802","CASH","CASH","136400","150000","ISU000012","2019-08-05","","1","","CLOSED","IAT0508190929","NHO2018000007");



