INSERT INTO pos_itemtemp VALUES("IATT200005683","193011","191001","192001","40000","1","40000","0","40000","1","1","1","IAT0603200958","NHO2018000007","PAID","","PEDAS"),
("IATT200005683","193011","191001","192001","40000","1","40000","0","40000","2","1","1","IAT0603200958","NHO2018000007","PAID","","PEDAS"),
("IATT200005683","193069","191001","192012","13000","1","13000","0","13000","1","1","1","IAT0603200958","NHO2018000007","PAID","","193069"),
("IATT200005683","193069","191001","192012","13000","1","13000","0","13000","2","1","1","IAT0603200958","NHO2018000007","PAID","","193069"),
("IATT200005683","193118","191001","192012","20000","1","20000","0","20000","1","1","1","IAT0603200958","NHO2018000007","PAID","","193118"),
("IATT200005683","193055","191002","192010","17000","1","17000","0","17000","1","1","1","IAT0603200958","NHO2018000007","PAID","","193055"),
("IATT200005683","193055","191002","192010","17000","1","17000","0","17000","2","1","1","IAT0603200958","NHO2018000007","PAID","","193055"),
("IATT200005683","193046","191002","192010","10000","1","10000","0","10000","1","1","1","IAT0603200958","NHO2018000007","PAID","","193046"),
("IATT200005683","193046","191002","192010","10000","1","10000","0","10000","2","1","1","IAT0603200958","NHO2018000007","PAID","","193046"),
("IATT200005683","193048","191002","192010","8000","1","8000","0","8000","1","1","2","IAT0603200958","NHO2018000007","PAID","","193048"),
("IATT200005683","193011","191001","192001","40000","1","40000","0","40000","3","1","3","IAT0603200958","NHO2018000007","PAID","","PEDAS"),
("IATT200005683","193046","191002","192010","10000","1","10000","0","10000","3","1","3","IAT0603200958","NHO2018000007","PAID","","193046"),
("IATT200005684","193011","191001","192001","40000","1","40000","0","40000","1","1","1","IAT0603200958","NHO2018000007","PAID","","PEDAS"),
("IATT200005684","193011","191001","192001","40000","1","40000","0","40000","2","1","1","IAT0603200958","NHO2018000007","PAID","","PEDAS"),
("IATT200005684","193011","191001","192001","40000","1","40000","0","40000","3","1","1","IAT0603200958","NHO2018000007","PAID","","PEDAS"),
("IATT200005684","193055","191002","192010","17000","1","17000","0","17000","1","1","1","IAT0603200958","NHO2018000007","PAID","","193055"),
("IATT200005684","193055","191002","192010","17000","1","17000","0","17000","2","1","1","IAT0603200958","NHO2018000007","PAID","","193055"),
("IATT200005684","193055","191002","192010","17000","1","17000","0","17000","3","1","1","IAT0603200958","NHO2018000007","PAID","","193055"),
("IATT200005684","193055","191002","192010","17000","1","17000","0","17000","4","1","1","IAT0603200958","NHO2018000007","PAID","","193055"),
("IATT200005685","193113","191001","192003","55000","1","55000","0","55000","1","1","1","IAT0603200958","NHO2018000007","PAID","","193113"),
("IATT200005685","193052","191002","192010","20000","1","20000","0","20000","1","1","1","IAT0603200958","NHO2018000007","PAID","","193052"),
("IATT200005686","193046","191002","192010","10000","1","10000","0","10000","1","1","1","IAT0603200958","NHO2018000007","PAID","","193046"),
("IATT200005686","193046","191002","192010","10000","1","10000","0","10000","2","1","1","IAT0603200958","NHO2018000007","PAID","","193046"),
("IATT200005687","193113","191001","192003","55000","1","55000","22000","33000","1","1","1","IAT0603200958","NHO2018000007","PAID","","193113"),
("IATT200005687","193034","191001","192005","37000","1","37000","14800","22200","1","1","1","IAT0603200958","NHO2018000007","PAID","","193034"),
("IATT200005687","193038","191001","192006","36000","1","36000","14400","21600","1","1","1","IAT0603200958","NHO2018000007","PAID","","PEDAS"),
("IATT200005687","193054","191002","192010","20000","1","20000","0","20000","1","1","1","IAT0603200958","NHO2018000007","PAID","","193054"),
("IATT200005687","193054","191002","192010","20000","1","20000","0","20000","2","1","1","IAT0603200958","NHO2018000007","PAID","","193054"),
("IATT200005687","193048","191002","192010","8000","1","8000","0","8000","1","1","1","IAT0603200958","NHO2018000007","PAID","","193048"),
("IATT200005687","193070","191001","192012","13000","1","13000","5200","7800","1","1","1","IAT0603200958","NHO2018000007","PAID","","193070"),
("IATT200005688","193011","191001","192001","40000","1","40000","0","40000","1","1","1","IAT0603200958","NHO2018000007","PAID","","PEDAS"),
("IATT200005688","193007","191001","192001","37000","1","37000","0","37000","1","1","1","IAT0603200958","NHO2018000007","PAID","","PEDAS"),
("IATT200005688","193025","191001","192003","30000","1","30000","0","30000","1","1","1","IAT0603200958","NHO2018000007","PAID","","193025"),
("IATT200005688","193048","191002","192010","8000","1","8000","0","8000","1","1","1","IAT0603200958","NHO2018000007","PAID","","193048"),
("IATT200005688","193048","191002","192010","8000","1","8000","0","8000","2","1","1","IAT0603200958","NHO2018000007","PAID","","193048"),
("IATT200005688","193047","191002","192010","10000","1","10000","0","10000","1","1","1","IAT0603200958","NHO2018000007","PAID","","193047"),
("IATT200005688","193046","191002","192010","10000","1","10000","0","10000","1","1","1","IAT0603200958","NHO2018000007","PAID","","193046"),
("IATT200005687","193012","191001","192001","40000","1","40000","0","40000","1","1","2","IAT0603200958","NHO2018000007","PAID","","193012"),
("IATT200005689","193084","191001","192001","30000","1","30000","0","30000","1","1","1","IAT0603200958","NHO2018000007","PAID","","PEDAS"),
("IATT200005689","193078","191001","192001","30000","1","30000","0","30000","1","1","1","IAT0603200958","NHO2018000007","PAID","","PEDAS"),
("IATT200005689","193048","191002","192010","8000","1","8000","0","8000","1","1","1","IAT0603200958","NHO2018000007","PAID","","193048"),
("IATT200005689","193048","191002","192010","8000","1","8000","0","8000","2","1","1","IAT0603200958","NHO2018000007","PAID","","193048"),
("IATT200005690","193077","191001","192001","30000","1","30000","0","30000","1","1","1","IAT0603200958","NHO2018000007","PAID","","193077"),
("IATT200005690","193084","191001","192001","30000","1","30000","0","30000","1","1","1","IAT0603200958","NHO2018000007","PAID","","PEDAS"),
("IATT200005690","193055","191002","192010","17000","1","17000","0","17000","1","1","1","IAT0603200958","NHO2018000007","PAID","","193055"),
("IATT200005690","193055","191002","192010","17000","1","17000","0","17000","2","1","1","IAT0603200958","NHO2018000007","PAID","","193055"),
("IATT200005690","193082","191001","192001","30000","1","30000","0","30000","1","1","2","IAT0603200958","NHO2018000007","PAID","","193082"),
("IATT200005690","193052","191002","192010","20000","1","20000","0","20000","1","1","2","IAT0603200958","NHO2018000007","PAID","","193052"),
("IATT200005690","193047","191002","192010","10000","1","10000","0","10000","1","1","2","IAT0603200958","NHO2018000007","PAID","","193047"),
("IATT200005691","193083","191001","192001","30000","1","30000","0","30000","1","1","1","IAT0603200958","NHO2018000007","PAID","","193083"),
("IATT200005691","193082","191001","192001","30000","1","30000","0","30000","1","1","1","IAT0603200958","NHO2018000007","PAID","","193082"),
("IATT200005691","193053","191002","192010","20000","1","20000","0","20000","1","1","1","IAT0603200958","NHO2018000007","PAID","","193053"),
("IATT200005691","193054","191002","192010","20000","1","20000","0","20000","1","1","1","IAT0603200958","NHO2018000007","PAID","","193054"),
("IATT200005692","193087","191001","192002","33000","1","33000","0","33000","1","1","1","IAT0603200958","NHO2018000007","PAID","","193087"),
("IATT200005692","193046","191002","192010","10000","1","10000","0","10000","1","1","1","IAT0603200958","NHO2018000007","PAID","","193046"),
("IATT200005694","193011","191001","192001","40000","1","40000","0","40000","1","1","1","IAT0603200958","NHO2018000007","PAID","","PEDAS"),
("IATT200005694","193011","191001","192001","40000","1","40000","0","40000","2","1","1","IAT0603200958","NHO2018000007","PAID","","PEDAS"),
("IATT200005694","193024","191001","192003","30000","1","30000","0","30000","1","1","1","IAT0603200958","NHO2018000007","PAID","","193024"),
("IATT200005694","193055","191002","192010","17000","1","17000","0","17000","1","1","1","IAT0603200958","NHO2018000007","PAID","","193055"),
("IATT200005694","193047","191002","192010","10000","1","10000","0","10000","1","1","1","IAT0603200958","NHO2018000007","PAID","","193047"),
("IATT200005695","193011","191001","192001","40000","1","40000","0","40000","1","1","1","IAT0603200958","NHO2018000007","PAID","sedang","PEDAS"),
("IATT200005695","193024","191001","192003","30000","1","30000","0","30000","1","1","1","IAT0603200958","NHO2018000007","PAID","","193024"),
("IATT200005695","193027","191001","192003","43000","1","43000","0","43000","1","1","1","IAT0603200958","NHO2018000007","PAID","salad no mayonaise thank u","193027"),
("IATT200005695","193039","191001","192006","36000","1","36000","0","36000","1","1","1","IAT0603200958","NHO2018000007","PAID","","ORIGINAL"),
("IATT200005695","193047","191002","192010","10000","1","10000","0","10000","1","1","1","IAT0603200958","NHO2018000007","PAID","","193047"),
("IATT200005695","193047","191002","192010","10000","1","10000","0","10000","2","1","1","IAT0603200958","NHO2018000007","PAID","","193047"),
("IATT200005695","193047","191002","192010","10000","1","10000","0","10000","3","1","1","IAT0603200958","NHO2018000007","PAID","","193047"),
("IATT200005695","193047","191002","192010","10000","1","10000","0","10000","4","1","1","IAT0603200958","NHO2018000007","PAID","","193047"),
("IATT200005696","193113","191001","192003","55000","1","55000","0","55000","1","1","1","IAT0603200958","NHO2018000007","PAID","","193113"),
("IATT200005696","193054","191002","192010","20000","1","20000","0","20000","1","1","1","IAT0603200958","NHO2018000007","PAID","","193054"),
("IATT200005697","193024","191001","192003","30000","1","30000","0","30000","1","1","1","IAT0603200958","NHO2018000007","PAID","","193024"),
("IATT200005697","193007","191001","192001","37000","1","37000","0","37000","1","1","1","IAT0603200958","NHO2018000007","PAID","","PEDAS"),
("IATT200005697","193047","191002","192010","10000","1","10000","0","10000","1","1","1","IAT0603200958","NHO2018000007","PAID","","193047"),
("IATT200005697","193052","191002","192010","20000","1","20000","0","20000","1","1","1","IAT0603200958","NHO2018000007","PAID","","193052"),
("IATT200005698","193015","191001","192002","33000","1","33000","0","33000","1","1","1","IAT0603200958","NHO2018000007","PAID","lv 1","PEDAS"),
("IATT200005699","193084","191001","192001","30000","1","30000","0","30000","1","1","1","IAT0603200958","NHO2018000007","PAID","lv 3","PEDAS"),
("IATT200005700","193045","191001","192008","27000","1","27000","0","27000","1","1","1","IAT0603200958","NHO2018000007","PAID","","193045"),
("IATT200005700","193069","191001","192012","13000","1","13000","0","13000","1","1","1","IAT0603200958","NHO2018000007","PAID","","193069"),
("IATT200005700","193052","191002","192010","20000","1","20000","0","20000","1","1","1","IAT0603200958","NHO2018000007","PAID","","193052"),
("IATT200005699","193048","191002","192010","8000","1","8000","0","8000","1","1","2","IAT0603200958","NHO2018000007","PAID","","193048"),
("IATT200005701","193082","191001","192001","30000","1","30000","0","30000","1","1","1","IAT0603200958","NHO2018000007","PAID","","193082"),
("IATT200005701","193024","191001","192003","30000","1","30000","0","30000","1","1","1","IAT0603200958","NHO2018000007","PAID","","193024"),
("IATT200005701","193069","191001","192012","13000","1","13000","0","13000","1","1","1","IAT0603200958","NHO2018000007","PAID","","193069"),
("IATT200005701","193053","191002","192010","20000","1","20000","0","20000","1","1","1","IAT0603200958","NHO2018000007","PAID","","193053"),
("IATT200005701","193048","191002","192010","8000","1","8000","0","8000","1","1","1","IAT0603200958","NHO2018000007","PAID","","193048"),
("IATT200005701","193054","191002","192010","20000","1","20000","0","20000","1","1","1","IAT0603200958","NHO2018000007","PAID","","193054"),
("IATT200005702","193028","191001","192003","43000","1","43000","0","43000","1","1","1","IAT0603200958","NHO2018000007","PAID","","193028"),
("IATT200005702","193052","191002","192010","20000","1","20000","0","20000","1","1","1","IAT0603200958","NHO2018000007","PAID","","193052");



INSERT INTO pos_salestemp VALUES("IATT200005682","","1","0","0","0","0","0","0","06/03/2020","10:37","06/03/2020","10:37:54","ISU000006","tbl0011","CANCELED","1","PERMINTAAN CUSTOMER","","","","","","IAT0603200958","NHO2018000007"),
("IATT200005683","","3","238000","0","23800","0","261800","261800","06/03/2020","10:38","2020-03-06","12:28:23","ISU000006","tbl0011","CLOSED","1","","IATR200005535","","","","","IAT0603200958","NHO2018000007"),
("IATT200005684","","1","188000","0","18800","0","206800","250000","06/03/2020","11:15","2020-03-06","11:44:05","ISU000006","tbl0012","CLOSED","1","","IATR200005532","","","","","IAT0603200958","NHO2018000007"),
("IATT200005685","","1","75000","0","7500","0","82500","100000","06/03/2020","11:21","2020-03-06","11:45:22","ISU000006","tbl0004","CLOSED","1","","IATR200005533","","","","","IAT0603200958","NHO2018000007"),
("IATT200005686","","2","20000","0","2000","0","22000","22000","06/03/2020","11:51","2020-03-06","12:04:57","ISU000006","tbl0009","CLOSED","1","","IATR200005534","","","","","IAT0603200958","NHO2018000007"),
("IATT200005687","","3","229000","56400","17260","0","189860","189860","06/03/2020","12:20","2020-03-06","13:07:09","ISU000006","tbl0014","CLOSED","1","","IATR200005536","","","","","IAT0603200958","NHO2018000007"),
("IATT200005688","","3","143000","0","14300","0","157300","160000","06/03/2020","12:37","2020-03-06","13:57:44","ISU000006","tbl0012","CLOSED","1","","IATR200005539","","","","","IAT0603200958","NHO2018000007"),
("IATT200005689","","2","76000","0","7600","0","83600","83600","06/03/2020","12:42","2020-03-06","13:14:46","ISU000006","tbl0011","CLOSED","1","","IATR200005537","","","","","IAT0603200958","NHO2018000007"),
("IATT200005690","","2","154000","0","15400","0","169400","200000","06/03/2020","13:09","2020-03-06","13:55:28","ISU000006","tbl0010","CLOSED","1","","IATR200005538","","","","","IAT0603200958","NHO2018000007"),
("IATT200005691","","2","100000","0","10000","0","110000","110000","06/03/2020","13:29","2020-03-06","14:03:28","ISU000006","tbl0011","CLOSED","1","","IATR200005540","","","","","IAT0603200958","NHO2018000007"),
("IATT200005692","","1","43000","0","4300","0","47300","47300","06/03/2020","13:30","2020-03-06","14:04:20","ISU000006","tbl0001","CLOSED","1","","IATR200005541","","","","","IAT0603200958","NHO2018000007"),
("IATT200005693","","0","0","0","0","0","0","0","06/03/2020","14:46","06/03/2020","22:00:13","ISU000004","takeaway","CANCELED","1","PERMINTAAN CUSTOMER","","","","","","IAT0603200958","NHO2018000007"),
("IATT200005694","","2","137000","0","13700","0","150700","200000","06/03/2020","15:33","2020-03-06","16:12:02","ISU000004","tbl0012","CLOSED","1","","IATR200005542","","","","","IAT0603200958","NHO2018000007"),
("IATT200005695","","4","189000","0","18900","0","207900","210000","06/03/2020","15:45","2020-03-06","16:16:52","ISU000006","tbl0010","CLOSED","1","","IATR200005544","","","","","IAT0603200958","NHO2018000007"),
("IATT200005696","","1","75000","0","7500","0","82500","100000","06/03/2020","18:04","2020-03-06","18:41:05","ISU000004","tbl0012","CLOSED","1","","IATR200005545","","","","","IAT0603200958","NHO2018000007"),
("IATT200005697","","2","97000","0","9700","0","106700","106700","06/03/2020","19:13","2020-03-06","19:56:52","ISU000004","tbl0012","CLOSED","1","","IATR200005546","","","","","IAT0603200958","NHO2018000007"),
("IATT200005698","","1","33000","0","3300","0","36300","36300","06/03/2020","19:14","2020-03-06","20:14:30","ISU000004","tbl0011","CLOSED","1","","IATR200005547","","","","","IAT0603200958","NHO2018000007"),
("IATT200005699","","1","38000","0","3800","0","41800","41800","06/03/2020","19:15","2020-03-06","20:15:16","ISU000004","tbl0008","CLOSED","1","","IATR200005548","","","","","IAT0603200958","NHO2018000007"),
("IATT200005700","","1","60000","0","6000","0","66000","100000","06/03/2020","19:56","2020-03-06","21:20:05","ISU000004","tbl0010","CLOSED","1","","IATR200005551","","","","","IAT0603200958","NHO2018000007"),
("IATT200005701","","2","121000","0","12100","0","133100","150000","06/03/2020","20:19","2020-03-06","20:42:34","ISU000004","tbl0012","CLOSED","1","","IATR200005549","","","","","IAT0603200958","NHO2018000007"),
("IATT200005702","","1","63000","0","6300","0","69300","69300","06/03/2020","20:50","2020-03-06","21:18:09","ISU000004","tbl0012","CLOSED","1","","IATR200005550","","","","","IAT0603200958","NHO2018000007");



INSERT INTO item_void VALUES("IATT200005683","IAT0603200958","NHO2018000007","193055","193055","1","17000","Before Send","Komplen Customer"),
("IATT200005683","IAT0603200958","NHO2018000007","193055","193055","1","17000","Before Send","Komplen Customer"),
("IATT200005683","IAT0603200958","NHO2018000007","193055","193055","1","17000","Before Send","Komplen Customer"),
("IATT200005683","IAT0603200958","NHO2018000007","193055","193055","1","17000","Before Send","Komplen Customer"),
("IATT200005683","IAT0603200958","NHO2018000007","193011","PEDAS","1","40000","Before Send","Komplen Customer"),
("IATT200005683","IAT0603200958","NHO2018000007","193011","PEDAS","1","40000","Before Send","Komplen Customer"),
("IATT200005683","IAT0603200958","NHO2018000007","193011","PEDAS","1","40000","Before Send","Komplen Customer");



INSERT INTO pos_promotion_h VALUES("IATT200005687","NPRM18000031","DISC ITEM","1","56400","BANYAK MAKAN BANYAK UNTUNG 40%","IAT0603200958","PAID","NHO2018000007");



INSERT INTO pos_promotion_d VALUES("IATT200005687","NPRM18000031","DISC ITEM","1","1","193113","1","22000","IAT0603200958","PAID","NHO2018000007"),
("IATT200005687","NPRM18000031","DISC ITEM","1","1","193034","1","14800","IAT0603200958","PAID","NHO2018000007"),
("IATT200005687","NPRM18000031","DISC ITEM","1","1","193038","1","14400","IAT0603200958","PAID","NHO2018000007"),
("IATT200005687","NPRM18000031","DISC ITEM","1","1","193070","1","5200","IAT0603200958","PAID","NHO2018000007");



INSERT INTO pos_paymenttemp VALUES("IATT200005684","CASH","CASH","206800","250000","ISU000006","2020-03-06","","1","","CLOSED","IAT0603200958","NHO2018000007"),
("IATT200005685","CASH","CASH","82500","100000","ISU000006","2020-03-06","","1","","CLOSED","IAT0603200958","NHO2018000007"),
("IATT200005686","CASH","CASH","22000","22000","ISU000006","2020-03-06","","1","","CLOSED","IAT0603200958","NHO2018000007"),
("IATT200005683","CARD","DEBIT BCA","261800","261800","ISU000006","2020-03-06","","1","","CLOSED","IAT0603200958","NHO2018000007"),
("IATT200005687","CARD","DEBIT BCA","189860","189860","ISU000006","2020-03-06","","1","","CLOSED","IAT0603200958","NHO2018000007"),
("IATT200005689","CASH","SHOPPEEPAY","83600","83600","ISU000006","2020-03-06","","1","","CLOSED","IAT0603200958","NHO2018000007"),
("IATT200005690","CASH","CASH","169400","200000","ISU000006","2020-03-06","","1","","CLOSED","IAT0603200958","NHO2018000007"),
("IATT200005688","CASH","CASH","157300","160000","ISU000006","2020-03-06","","1","","CLOSED","IAT0603200958","NHO2018000007"),
("IATT200005691","CARD","MASTER","110000","110000","ISU000006","2020-03-06","","1","","CLOSED","IAT0603200958","NHO2018000007"),
("IATT200005692","CASH","SHOPPEEPAY","47300","47300","ISU000006","2020-03-06","","1","","CLOSED","IAT0603200958","NHO2018000007"),
("IATT200005694","CASH","CASH","150700","200000","ISU000004","2020-03-06","","1","","CLOSED","IAT0603200958","NHO2018000007"),
("IATT200005695","CASH","CASH","207900","210000","ISU000006","2020-03-06","","1","","CLOSED","IAT0603200958","NHO2018000007"),
("IATT200005696","CASH","CASH","82500","100000","ISU000004","2020-03-06","","1","","CLOSED","IAT0603200958","NHO2018000007"),
("IATT200005697","CASH","SHOPPEEPAY","106700","106700","ISU000004","2020-03-06","","1","","CLOSED","IAT0603200958","NHO2018000007"),
("IATT200005698","CASH","SHOPPEEPAY","36300","36300","ISU000004","2020-03-06","","1","","CLOSED","IAT0603200958","NHO2018000007"),
("IATT200005699","CASH","SHOPPEEPAY","41800","41800","ISU000004","2020-03-06","","1","","CLOSED","IAT0603200958","NHO2018000007"),
("IATT200005701","CASH","CASH","133100","150000","ISU000004","2020-03-06","","1","","CLOSED","IAT0603200958","NHO2018000007"),
("IATT200005702","CASH","SHOPPEEPAY","69300","69300","ISU000004","2020-03-06","","1","","CLOSED","IAT0603200958","NHO2018000007"),
("IATT200005700","CASH","CASH","66000","100000","ISU000004","2020-03-06","","1","","CLOSED","IAT0603200958","NHO2018000007");



