INSERT INTO pos_itemtemp VALUES("IATT190002406","193034","191001","192005","37000","1","37000","18500","18500","1","1","1","IAT0309190957","NHO2018000007","PAID","","193034"),
("IATT190002406","193053","191002","192010","20000","1","20000","0","20000","1","1","1","IAT0309190957","NHO2018000007","PAID","","193053"),
("IATT190002406","193070","191001","192012","13000","1","13000","6500","6500","1","1","2","IAT0309190957","NHO2018000007","PAID","","193070"),
("IATT190002407","193030","191001","192004","27000","1","27000","13500","13500","1","1","1","IAT0309190957","NHO2018000007","PAID","","193030"),
("IATT190002407","193029","191001","192004","27000","1","27000","13500","13500","1","1","1","IAT0309190957","NHO2018000007","PAID","","193029"),
("IATT190002407","193070","191001","192012","13000","1","13000","6500","6500","1","1","1","IAT0309190957","NHO2018000007","PAID","","193070"),
("IATT190002407","193070","191001","192012","13000","1","13000","6500","6500","2","1","1","IAT0309190957","NHO2018000007","PAID","","193070"),
("IATT190002407","193056","191002","192010","17000","1","17000","0","17000","1","1","1","IAT0309190957","NHO2018000007","PAID","","193056"),
("IATT190002407","193054","191002","192010","20000","1","20000","0","20000","1","1","1","IAT0309190957","NHO2018000007","PAID","","193054"),
("IATT190002408","193033","191001","192005","42000","1","42000","0","42000","1","1","1","IAT0309190957","NHO2018000007","PAID","","193033"),
("IATT190002408","193046","191002","192010","10000","1","10000","0","10000","1","1","1","IAT0309190957","NHO2018000007","PAID","","193046"),
("IATT190002409","193007","191001","192001","37000","1","37000","0","37000","1","1","1","IAT0309190957","NHO2018000007","PAID","level 1","PEDAS"),
("IATT190002409","193028","191001","192003","43000","1","43000","0","43000","1","1","1","IAT0309190957","NHO2018000007","PAID","","193028"),
("IATT190002409","193056","191002","192010","17000","1","17000","0","17000","1","1","1","IAT0309190957","NHO2018000007","PAID","","193056"),
("IATT190002409","193048","191002","192010","8000","1","8000","0","8000","1","1","1","IAT0309190957","NHO2018000007","PAID","","193048"),
("IATT190002410","193115","191001","192013","25000","1","25000","0","25000","1","1","1","IAT0309190957","NHO2018000007","PAID","","193115"),
("IATT190002411","193028","191001","192003","43000","1","43000","0","43000","1","1","1","IAT0309190957","NHO2018000007","PAID","","193028"),
("IATT190002411","193046","191002","192010","10000","1","10000","0","10000","1","1","1","IAT0309190957","NHO2018000007","PAID","","193046"),
("IATT190002412","193084","191001","192001","30000","1","30000","15000","15000","1","1","1","IAT0309190957","NHO2018000007","PAID","","PEDAS"),
("IATT190002412","193086","191001","192002","33000","1","33000","16500","16500","1","1","1","IAT0309190957","NHO2018000007","PAID","","PEDAS"),
("IATT190002412","193056","191002","192010","17000","1","17000","0","17000","1","1","1","IAT0309190957","NHO2018000007","PAID","","193056"),
("IATT190002412","193054","191002","192010","20000","1","20000","0","20000","1","1","1","IAT0309190957","NHO2018000007","PAID","","193054"),
("IATT190002412","193070","191001","192012","13000","1","13000","6500","6500","1","1","1","IAT0309190957","NHO2018000007","PAID","","193070"),
("IATT190002413","193022","191001","192003","30000","1","30000","0","30000","1","1","1","IAT0309190957","NHO2018000007","PAID","","193022"),
("IATT190002413","193046","191002","192010","10000","1","10000","0","10000","1","1","1","IAT0309190957","NHO2018000007","PAID","","193046"),
("IATT190002414","193084","191001","192001","30000","1","30000","15000","15000","1","1","1","IAT0309190957","NHO2018000007","PAID","lv1 no telur no negi","PEDAS"),
("IATT190002414","193084","191001","192001","30000","1","30000","15000","15000","2","1","1","IAT0309190957","NHO2018000007","PAID","","PEDAS"),
("IATT190002414","193048","191002","192010","8000","1","8000","0","8000","1","1","1","IAT0309190957","NHO2018000007","PAID","","193048"),
("IATT190002414","193048","191002","192010","8000","1","8000","0","8000","2","1","1","IAT0309190957","NHO2018000007","PAID","","193048"),
("IATT190002415","193054","191002","192010","20000","1","20000","0","20000","1","1","1","IAT0309190957","NHO2018000007","PAID","","193054"),
("IATT190002415","193086","191001","192002","33000","1","33000","9900","23100","1","1","1","IAT0309190957","NHO2018000007","PAID","Level 2 iyaaaaaaa.....hhaha","PEDAS"),
("IATT190002415","193022","191001","192003","30000","1","30000","0","30000","1","1","1","IAT0309190957","NHO2018000007","PAID","","193022"),
("IATT190002416","193008","191001","192001","37000","1","37000","18500","18500","1","1","1","IAT0309190957","NHO2018000007","PAID","","193008"),
("IATT190002416","193038","191001","192006","36000","1","36000","18000","18000","1","1","1","IAT0309190957","NHO2018000007","PAID","","ORIGINAL"),
("IATT190002416","193056","191002","192010","17000","1","17000","0","17000","1","1","1","IAT0309190957","NHO2018000007","PAID","","193056"),
("IATT190002417","193078","191001","192001","30000","1","30000","15000","15000","1","1","1","IAT0309190957","NHO2018000007","PAID","lv 2","PEDAS"),
("IATT190002417","193009","191001","192001","40000","1","40000","20000","20000","1","1","1","IAT0309190957","NHO2018000007","PAID","lv 1","193009"),
("IATT190002417","193052","191002","192010","20000","1","20000","0","20000","1","1","1","IAT0309190957","NHO2018000007","PAID","","193052"),
("IATT190002417","193052","191002","192010","20000","1","20000","0","20000","2","1","1","IAT0309190957","NHO2018000007","PAID","","193052"),
("IATT190002417","193048","191002","192010","8000","1","8000","0","8000","1","1","1","IAT0309190957","NHO2018000007","PAID","","193048"),
("IATT190002417","193048","191002","192010","8000","1","8000","0","8000","2","1","1","IAT0309190957","NHO2018000007","PAID","","193048"),
("IATT190002418","193018","191001","192002","37000","1","37000","0","37000","1","1","1","IAT0309190957","NHO2018000007","PAID","","ORIGINAL"),
("IATT190002418","193033","191001","192005","42000","1","42000","0","42000","1","1","1","IAT0309190957","NHO2018000007","PAID","","193033"),
("IATT190002418","193056","191002","192010","17000","1","17000","0","17000","1","1","1","IAT0309190957","NHO2018000007","PAID","","193056"),
("IATT190002418","193054","191002","192010","20000","1","20000","0","20000","1","1","1","IAT0309190957","NHO2018000007","PAID","less sugar","193054"),
("IATT190002419","193027","191001","192003","43000","1","43000","0","43000","1","1","1","IAT0309190957","NHO2018000007","PAID","","193027"),
("IATT190002419","193022","191001","192003","30000","1","30000","0","30000","1","1","1","IAT0309190957","NHO2018000007","PAID","","193022"),
("IATT190002419","193056","191002","192010","17000","1","17000","0","17000","1","1","1","IAT0309190957","NHO2018000007","PAID","","193056"),
("IATT190002419","193055","191002","192010","17000","1","17000","0","17000","1","1","1","IAT0309190957","NHO2018000007","PAID","","193055"),
("IATT190002419","193070","191001","192012","13000","1","13000","0","13000","1","1","1","IAT0309190957","NHO2018000007","PAID","","193070"),
("IATT190002420","193084","191001","192001","30000","1","30000","15000","15000","1","1","1","IAT0309190957","NHO2018000007","PAID","","PEDAS"),
("IATT190002420","193030","191001","192004","27000","1","27000","13500","13500","1","1","1","IAT0309190957","NHO2018000007","PAID","","193030"),
("IATT190002420","193047","191002","192010","10000","1","10000","0","10000","1","1","1","IAT0309190957","NHO2018000007","PAID","","193047"),
("IATT190002420","193085","191001","192001","30000","1","30000","15000","15000","1","1","2","IAT0309190957","NHO2018000007","PAID","","193085"),
("IATT190002421","193009","191001","192001","40000","1","40000","20000","20000","1","1","1","IAT0309190957","NHO2018000007","PAID","lv 2","193009"),
("IATT190002421","193006","191001","192001","37000","1","37000","18500","18500","1","1","1","IAT0309190957","NHO2018000007","PAID","original","193006"),
("IATT190002421","193055","191002","192010","17000","1","17000","0","17000","1","1","1","IAT0309190957","NHO2018000007","PAID","","193055"),
("IATT190002421","193048","191002","192010","8000","1","8000","0","8000","1","1","1","IAT0309190957","NHO2018000007","PAID","","193048"),
("IATT190002422","193033","191001","192005","42000","1","42000","21000","21000","1","1","1","IAT0309190957","NHO2018000007","PAID","","193033"),
("IATT190002422","193078","191001","192001","30000","1","30000","15000","15000","1","1","1","IAT0309190957","NHO2018000007","PAID","lv 2","PEDAS"),
("IATT190002422","193055","191002","192010","17000","1","17000","0","17000","1","1","2","IAT0309190957","NHO2018000007","PAID","","193055"),
("IATT190002422","193055","191002","192010","17000","1","17000","0","17000","2","1","3","IAT0309190957","NHO2018000007","PAID","","193055");



INSERT INTO pos_salestemp VALUES("IATT190002406","","1","70000","25000","4500","0","49500","50000","03/09/2019","11:31","2019-09-03","11:53:02","ISU000011","tbl0011","CLOSED","1","","IATR190002340","","","","","IAT0309190957","NHO2018000007"),
("IATT190002407","","2","117000","40000","7700","0","84700","100000","03/09/2019","11:51","2019-09-03","12:47:21","ISU000011","tbl0012","CLOSED","1","","IATR190002342","","","","","IAT0309190957","NHO2018000007"),
("IATT190002408","","1","52000","0","5200","0","57200","100000","03/09/2019","12:14","2019-09-03","12:37:56","ISU000011","tbl0010","CLOSED","1","","IATR190002341","","","","","IAT0309190957","NHO2018000007"),
("IATT190002409","","2","105000","0","10500","0","115500","150000","03/09/2019","12:30","2019-09-03","14:49:07","ISU000011","tbl0011","CLOSED","1","","IATR190002348","","","","","IAT0309190957","NHO2018000007"),
("IATT190002410","","1","25000","0","2500","0","27500","30000","03/09/2019","12:36","2019-09-03","13:16:00","ISU000011","tbl0013","CLOSED","1","","IATR190002343","","","","","IAT0309190957","NHO2018000007"),
("IATT190002411","","1","53000","0","5300","0","58300","58300","03/09/2019","13:43","2019-09-03","14:02:05","ISU000011","tbl0012","CLOSED","1","","IATR190002344","","","","","IAT0309190957","NHO2018000007"),
("IATT190002412","","2","113000","38000","7500","0","82500","102500","03/09/2019","13:49","2019-09-03","14:39:37","ISU000011","tbl0013","CLOSED","1","","IATR190002346","","","","","IAT0309190957","NHO2018000007"),
("IATT190002413","","1","40000","0","4000","0","44000","50000","03/09/2019","14:04","2019-09-03","14:26:31","ISU000011","tbl0006","CLOSED","1","","IATR190002345","","","","","IAT0309190957","NHO2018000007"),
("IATT190002414","","2","76000","30000","4600","0","50600","100600","03/09/2019","14:05","2019-09-03","14:45:59","ISU000011","tbl0010","CLOSED","1","","IATR190002347","","","","","IAT0309190957","NHO2018000007"),
("IATT190002415","","2","83000","9900","7310","0","80410","80410","03/09/2019","18:03","2019-09-03","18:36:54","ISU000011","tbl0012","CLOSED","1","","IATR190002349","","","","","IAT0309190957","NHO2018000007"),
("IATT190002416","","2","90000","36500","5350","0","58850","60000","03/09/2019","18:25","2019-09-03","19:20:58","ISU000011","tbl0010","CLOSED","1","","IATR190002351","","","","","IAT0309190957","NHO2018000007"),
("IATT190002417","","2","126000","35000","9100","0","100100","100200","03/09/2019","18:29","2019-09-03","19:18:21","ISU000011","tbl0011","CLOSED","1","","IATR190002350","","","","","IAT0309190957","NHO2018000007"),
("IATT190002418","","2","116000","0","11600","0","127600","127600","03/09/2019","19:59","2019-09-03","20:39:50","ISU000011","tbl0012","CLOSED","1","","IATR190002352","","","","","IAT0309190957","NHO2018000007"),
("IATT190002419","","2","120000","0","12000","0","132000","132000","03/09/2019","20:15","2019-09-03","20:51:44","ISU000011","tbl0011","CLOSED","1","","IATR190002353","","","","","IAT0309190957","NHO2018000007"),
("IATT190002420","","2","97000","43500","5350","0","58850","58850","03/09/2019","20:29","2019-09-03","21:13:07","ISU000011","tbl0010","CLOSED","1","","IATR190002354","","","","","IAT0309190957","NHO2018000007"),
("IATT190002421","","2","102000","38500","6350","0","69850","69850","03/09/2019","20:53","2019-09-03","21:26:23","ISU000011","tbl0012","CLOSED","1","","IATR190002355","","","","","IAT0309190957","NHO2018000007"),
("IATT190002422","","2","106000","36000","7000","0","77000","77000","03/09/2019","21:00","2019-09-03","21:35:12","ISU000011","tbl0019","CLOSED","1","","IATR190002356","","","","","IAT0309190957","NHO2018000007");



INSERT INTO item_void VALUES("IATT190002422","IAT0309190957","NHO2018000007","193056","193056","1","17000","Before Send","Komplen Customer"),
("IATT190002422","IAT0309190957","NHO2018000007","193056","193056","1","17000","Before Send","Komplen Customer");



INSERT INTO pos_promotion_h VALUES("IATT190002407","NPRM18000017","DISC ITEM","1","40000","TUNJUKKAN JEMPOLMU","IAT0309190957","PAID","NHO2018000007"),
("IATT190002406","NPRM18000017","DISC ITEM","1","25000","TUNJUKKAN JEMPOLMU","IAT0309190957","PAID","NHO2018000007"),
("IATT190002412","NPRM18000017","DISC ITEM","1","38000","TUNJUKKAN JEMPOLMU","IAT0309190957","PAID","NHO2018000007"),
("IATT190002414","NPRM18000017","DISC ITEM","1","30000","TUNJUKKAN JEMPOLMU","IAT0309190957","PAID","NHO2018000007"),
("IATT190002415","NPRM18000008","DISC ITEM","1","9900","eatigo 30%","IAT0309190957","PAID","NHO2018000007"),
("IATT190002417","NPRM18000017","DISC ITEM","1","35000","TUNJUKKAN JEMPOLMU","IAT0309190957","PAID","NHO2018000007"),
("IATT190002416","NPRM18000017","DISC ITEM","1","36500","TUNJUKKAN JEMPOLMU","IAT0309190957","PAID","NHO2018000007"),
("IATT190002420","NPRM18000017","DISC ITEM","1","43500","TUNJUKKAN JEMPOLMU","IAT0309190957","PAID","NHO2018000007"),
("IATT190002421","NPRM18000017","DISC ITEM","1","38500","TUNJUKKAN JEMPOLMU","IAT0309190957","PAID","NHO2018000007"),
("IATT190002422","NPRM18000017","DISC ITEM","1","36000","TUNJUKKAN JEMPOLMU","IAT0309190957","PAID","NHO2018000007");



INSERT INTO pos_promotion_d VALUES("IATT190002407","NPRM18000017","DISC ITEM","1","1","193030","1","13500","IAT0309190957","PAID","NHO2018000007"),
("IATT190002407","NPRM18000017","DISC ITEM","1","1","193029","1","13500","IAT0309190957","PAID","NHO2018000007"),
("IATT190002407","NPRM18000017","DISC ITEM","1","1","193070","1","6500","IAT0309190957","PAID","NHO2018000007"),
("IATT190002407","NPRM18000017","DISC ITEM","1","1","193070","2","6500","IAT0309190957","PAID","NHO2018000007"),
("IATT190002406","NPRM18000017","DISC ITEM","1","1","193034","1","18500","IAT0309190957","PAID","NHO2018000007"),
("IATT190002406","NPRM18000017","DISC ITEM","1","1","193070","1","6500","IAT0309190957","PAID","NHO2018000007"),
("IATT190002412","NPRM18000017","DISC ITEM","1","1","193084","1","15000","IAT0309190957","PAID","NHO2018000007"),
("IATT190002412","NPRM18000017","DISC ITEM","1","1","193086","1","16500","IAT0309190957","PAID","NHO2018000007"),
("IATT190002412","NPRM18000017","DISC ITEM","1","1","193070","1","6500","IAT0309190957","PAID","NHO2018000007"),
("IATT190002414","NPRM18000017","DISC ITEM","1","1","193084","1","15000","IAT0309190957","PAID","NHO2018000007"),
("IATT190002414","NPRM18000017","DISC ITEM","1","1","193084","2","15000","IAT0309190957","PAID","NHO2018000007"),
("IATT190002415","NPRM18000008","DISC ITEM","1","1","193086","1","9900","IAT0309190957","PAID","NHO2018000007"),
("IATT190002417","NPRM18000017","DISC ITEM","1","1","193078","1","15000","IAT0309190957","PAID","NHO2018000007"),
("IATT190002417","NPRM18000017","DISC ITEM","1","1","193009","1","20000","IAT0309190957","PAID","NHO2018000007"),
("IATT190002416","NPRM18000017","DISC ITEM","1","1","193008","1","18500","IAT0309190957","PAID","NHO2018000007"),
("IATT190002416","NPRM18000017","DISC ITEM","1","1","193038","1","18000","IAT0309190957","PAID","NHO2018000007"),
("IATT190002420","NPRM18000017","DISC ITEM","1","1","193084","1","15000","IAT0309190957","PAID","NHO2018000007"),
("IATT190002420","NPRM18000017","DISC ITEM","1","1","193030","1","13500","IAT0309190957","PAID","NHO2018000007"),
("IATT190002420","NPRM18000017","DISC ITEM","1","1","193085","1","15000","IAT0309190957","PAID","NHO2018000007"),
("IATT190002421","NPRM18000017","DISC ITEM","1","1","193009","1","20000","IAT0309190957","PAID","NHO2018000007"),
("IATT190002421","NPRM18000017","DISC ITEM","1","1","193006","1","18500","IAT0309190957","PAID","NHO2018000007"),
("IATT190002422","NPRM18000017","DISC ITEM","1","1","193033","1","21000","IAT0309190957","PAID","NHO2018000007"),
("IATT190002422","NPRM18000017","DISC ITEM","1","1","193078","1","15000","IAT0309190957","PAID","NHO2018000007");



INSERT INTO pos_paymenttemp VALUES("IATT190002406","CASH","CASH","49500","50000","ISU000011","2019-09-03","","1","","CLOSED","IAT0309190957","NHO2018000007"),
("IATT190002408","CASH","CASH","57200","100000","ISU000011","2019-09-03","","1","","CLOSED","IAT0309190957","NHO2018000007"),
("IATT190002407","CASH","CASH","84700","100000","ISU000011","2019-09-03","","1","","CLOSED","IAT0309190957","NHO2018000007"),
("IATT190002410","CASH","CASH","27500","30000","ISU000011","2019-09-03","","1","","CLOSED","IAT0309190957","NHO2018000007"),
("IATT190002411","CASH","OVO","58300","58300","ISU000011","2019-09-03","","1","","CLOSED","IAT0309190957","NHO2018000007"),
("IATT190002413","CASH","CASH","44000","50000","ISU000011","2019-09-03","","1","","CLOSED","IAT0309190957","NHO2018000007"),
("IATT190002412","CASH","CASH","82500","102500","ISU000011","2019-09-03","","1","","CLOSED","IAT0309190957","NHO2018000007"),
("IATT190002414","CASH","CASH","50600","100600","ISU000011","2019-09-03","","1","","CLOSED","IAT0309190957","NHO2018000007"),
("IATT190002409","CASH","CASH","115500","150000","ISU000011","2019-09-03","","1","","CLOSED","IAT0309190957","NHO2018000007"),
("IATT190002415","CARD","MASTER","80410","80410","ISU000011","2019-09-03","","1","","CLOSED","IAT0309190957","NHO2018000007"),
("IATT190002417","CASH","CASH","100100","100200","ISU000011","2019-09-03","","1","","CLOSED","IAT0309190957","NHO2018000007"),
("IATT190002416","CASH","CASH","58850","60000","ISU000011","2019-09-03","","1","","CLOSED","IAT0309190957","NHO2018000007"),
("IATT190002418","CASH","OVO","127600","127600","ISU000011","2019-09-03","","1","","CLOSED","IAT0309190957","NHO2018000007"),
("IATT190002419","CASH","OVO","132000","132000","ISU000011","2019-09-03","","1","","CLOSED","IAT0309190957","NHO2018000007"),
("IATT190002420","CARD","DEBIT BCA","58850","58850","ISU000011","2019-09-03","","1","","CLOSED","IAT0309190957","NHO2018000007"),
("IATT190002421","CARD","VISA","69850","69850","ISU000011","2019-09-03","","1","","CLOSED","IAT0309190957","NHO2018000007"),
("IATT190002422","CASH","CASH","77000","77000","ISU000011","2019-09-03","","1","","CLOSED","IAT0309190957","NHO2018000007");



