INSERT INTO pos_itemtemp VALUES("IATT190001116","193092","191001","192013","5000","1","5000","0","5000","1","1","1","IAT0407191027","NHO2018000007","PAID","ORIGINAL","193092"),
("IATT190001116","193047","191002","192010","8000","1","8000","0","8000","1","1","1","IAT0407191027","NHO2018000007","PAID","","193047"),
("IATT190001117","193093","191001","192013","5000","1","5000","0","5000","1","1","1","IAT0407191027","NHO2018000007","PAID","","193093"),
("IATT190001117","193092","191001","192013","5000","1","5000","0","5000","1","1","1","IAT0407191027","NHO2018000007","PAID","","193092"),
("IATT190001117","193056","191002","192010","17000","1","17000","0","17000","1","1","1","IAT0407191027","NHO2018000007","PAID","","193056"),
("IATT190001117","193055","191002","192010","17000","1","17000","0","17000","1","1","1","IAT0407191027","NHO2018000007","PAID","","193055"),
("IATT190001117","193028","191001","192003","43000","1","43000","0","43000","1","1","2","IAT0407191027","NHO2018000007","PAID","Take away yaaaa","193028"),
("IATT190001117","193009","191001","192001","40000","1","40000","0","40000","1","1","2","IAT0407191027","NHO2018000007","PAID","Take away","193009"),
("IATT190001118","193006","191001","192001","37000","1","37000","0","37000","1","1","1","IAT0407191027","NHO2018000007","PAID","","193006"),
("IATT190001118","193054","191002","192010","20000","1","20000","0","20000","1","1","2","IAT0407191027","NHO2018000007","PAID","","193054"),
("IATT190001118","193092","191001","192013","5000","1","5000","0","5000","1","1","3","IAT0407191027","NHO2018000007","PAID","","193092"),
("IATT190001119","193088","191001","192013","5000","1","5000","0","5000","1","1","1","IAT0407191027","NHO2018000007","PAID","","193088"),
("IATT190001119","193088","191001","192013","5000","1","5000","0","5000","2","1","1","IAT0407191027","NHO2018000007","PAID","","193088"),
("IATT190001119","193049","191002","192010","10000","1","10000","0","10000","1","1","1","IAT0407191027","NHO2018000007","PAID","","193049"),
("IATT190001119","193049","191002","192010","10000","1","10000","0","10000","2","1","1","IAT0407191027","NHO2018000007","PAID","","193049"),
("IATT190001120","193034","191001","192005","37000","1","37000","9250","27750","1","1","1","IAT0407191027","NHO2018000007","PAID","","193034"),
("IATT190001120","193034","191001","192005","37000","1","37000","9250","27750","2","1","1","IAT0407191027","NHO2018000007","PAID","","193034"),
("IATT190001121","193033","191001","192005","42000","1","42000","0","42000","1","1","1","IAT0407191027","NHO2018000007","PAID","","193033"),
("IATT190001121","193028","191001","192003","43000","1","43000","0","43000","1","1","1","IAT0407191027","NHO2018000007","PAID","","193028"),
("IATT190001121","193052","191002","192010","20000","1","20000","0","20000","1","1","1","IAT0407191027","NHO2018000007","PAID","","193052"),
("IATT190001122","193010","191001","192001","40000","1","40000","0","40000","1","1","1","IAT0407191027","NHO2018000007","PAID","","193010"),
("IATT190001122","193024","191001","192003","30000","1","30000","0","30000","1","1","1","IAT0407191027","NHO2018000007","PAID","","193024"),
("IATT190001122","193090","191001","192013","5000","1","5000","0","5000","1","1","1","IAT0407191027","NHO2018000007","PAID","","193090"),
("IATT190001122","193071","191001","192012","18000","1","18000","0","18000","1","1","1","IAT0407191027","NHO2018000007","PAID","","193071"),
("IATT190001122","193030","191001","192004","27000","1","27000","0","27000","1","1","1","IAT0407191027","NHO2018000007","PAID","","193030"),
("IATT190001122","193056","191002","192010","17000","1","17000","0","17000","1","1","1","IAT0407191027","NHO2018000007","PAID","","193056"),
("IATT190001122","193052","191002","192010","20000","1","20000","0","20000","1","1","1","IAT0407191027","NHO2018000007","PAID","","193052"),
("IATT190001122","193055","191002","192010","17000","1","17000","0","17000","1","1","1","IAT0407191027","NHO2018000007","PAID","","193055"),
("IATT190001122","193054","191002","192010","20000","1","20000","0","20000","1","1","1","IAT0407191027","NHO2018000007","PAID","","193054"),
("IATT190001123","193025","191001","192003","30000","1","30000","0","30000","1","1","1","IAT0407191027","NHO2018000007","PAID","","193025"),
("IATT190001123","193012","191001","192001","40000","1","40000","0","40000","1","1","1","IAT0407191027","NHO2018000007","PAID","","193012"),
("IATT190001123","193082","191001","192001","30000","1","30000","0","30000","1","1","1","IAT0407191027","NHO2018000007","PAID","","193082"),
("IATT190001123","193083","191001","192001","30000","1","30000","0","30000","1","1","1","IAT0407191027","NHO2018000007","PAID","","193083"),
("IATT190001123","193056","191002","192010","17000","1","17000","0","17000","1","1","1","IAT0407191027","NHO2018000007","PAID","","193056"),
("IATT190001123","193047","191002","192010","8000","1","8000","0","8000","1","1","1","IAT0407191027","NHO2018000007","PAID","","193047"),
("IATT190001123","193051","191002","192010","20000","1","20000","0","20000","1","1","1","IAT0407191027","NHO2018000007","PAID","","193051"),
("IATT190001123","193069","191001","192012","13000","1","13000","0","13000","1","1","1","IAT0407191027","NHO2018000007","PAID","","193069"),
("IATT190001123","193070","191001","192012","13000","1","13000","0","13000","1","1","1","IAT0407191027","NHO2018000007","PAID","","193070"),
("IATT190001124","193084","191001","192001","30000","1","30000","0","30000","1","1","1","IAT0407191027","NHO2018000007","PAID","","PEDAS"),
("IATT190001124","193087","191001","192002","33000","1","33000","0","33000","1","1","1","IAT0407191027","NHO2018000007","PAID","","193087"),
("IATT190001124","193067","191001","192003","7000","1","7000","0","7000","1","1","1","IAT0407191027","NHO2018000007","PAID","","193067"),
("IATT190001124","193056","191002","192010","17000","1","17000","0","17000","1","1","1","IAT0407191027","NHO2018000007","PAID","","193056"),
("IATT190001124","193052","191002","192010","20000","1","20000","0","20000","1","1","1","IAT0407191027","NHO2018000007","PAID","","193052"),
("IATT190001124","193046","191002","192010","8000","1","8000","0","8000","1","1","1","IAT0407191027","NHO2018000007","PAID","","193046"),
("IATT190001124","193047","191002","192010","8000","1","8000","0","8000","1","1","1","IAT0407191027","NHO2018000007","PAID","","193047"),
("IATT190001123","193047","191002","192010","8000","1","8000","0","8000","2","1","2","IAT0407191027","NHO2018000007","PAID","","193047"),
("IATT190001124","193037","191001","192006","36000","1","36000","0","36000","1","1","2","IAT0407191027","NHO2018000007","PAID","","ORIGINAL"),
("IATT190001125","193029","191001","192004","27000","1","27000","0","27000","1","1","1","IAT0407191027","NHO2018000007","PAID","","193029"),
("IATT190001125","193092","191001","192013","5000","1","5000","0","5000","1","1","1","IAT0407191027","NHO2018000007","PAID","","193092"),
("IATT190001125","193047","191002","192010","8000","1","8000","0","8000","1","1","1","IAT0407191027","NHO2018000007","PAID","","193047"),
("IATT190001126","193021","191001","192002","40000","1","40000","0","40000","1","1","1","IAT0407191027","NHO2018000007","PAID","","ORIGINAL"),
("IATT190001126","193084","191001","192001","30000","1","30000","0","30000","1","1","1","IAT0407191027","NHO2018000007","PAID","","PEDAS"),
("IATT190001126","193084","191001","192001","30000","1","30000","0","30000","2","1","1","IAT0407191027","NHO2018000007","PAID","","PEDAS"),
("IATT190001126","193084","191001","192001","30000","1","30000","0","30000","3","1","1","IAT0407191027","NHO2018000007","PAID","","PEDAS"),
("IATT190001126","193036","191001","192006","36000","1","36000","0","36000","1","1","1","IAT0407191027","NHO2018000007","PAID","","ORIGINAL"),
("IATT190001126","193036","191001","192006","36000","1","36000","0","36000","2","1","1","IAT0407191027","NHO2018000007","PAID","","ORIGINAL"),
("IATT190001126","193036","191001","192006","36000","1","36000","0","36000","3","1","1","IAT0407191027","NHO2018000007","PAID","","ORIGINAL"),
("IATT190001126","193055","191002","192010","17000","1","17000","0","17000","1","1","1","IAT0407191027","NHO2018000007","PAID","","193055"),
("IATT190001126","193055","191002","192010","17000","1","17000","0","17000","2","1","1","IAT0407191027","NHO2018000007","PAID","","193055"),
("IATT190001126","193055","191002","192010","17000","1","17000","0","17000","3","1","1","IAT0407191027","NHO2018000007","PAID","","193055"),
("IATT190001126","193021","191001","192002","40000","1","40000","0","40000","2","1","1","IAT0407191027","NHO2018000007","PAID","","ORIGINAL"),
("IATT190001127","193020","191001","192002","40000","1","40000","0","40000","1","1","1","IAT0407191027","NHO2018000007","PAID","","193020"),
("IATT190001127","193022","191001","192003","30000","1","30000","0","30000","1","1","1","IAT0407191027","NHO2018000007","PAID","","193022"),
("IATT190001127","193027","191001","192003","43000","1","43000","0","43000","1","1","1","IAT0407191027","NHO2018000007","PAID","","193027"),
("IATT190001127","193054","191002","192010","20000","1","20000","0","20000","1","1","1","IAT0407191027","NHO2018000007","PAID","","193054"),
("IATT190001127","193054","191002","192010","20000","1","20000","0","20000","2","1","1","IAT0407191027","NHO2018000007","PAID","","193054"),
("IATT190001127","193047","191002","192010","8000","1","8000","0","8000","1","1","1","IAT0407191027","NHO2018000007","PAID","","193047"),
("IATT190001129","193024","191001","192003","30000","1","30000","0","30000","1","1","1","IAT0407191027","NHO2018000007","PAID","","193024"),
("IATT190001129","193042","191001","192008","25000","1","25000","0","25000","1","1","1","IAT0407191027","NHO2018000007","PAID","","193042"),
("IATT190001129","193071","191001","192012","18000","1","18000","0","18000","1","1","1","IAT0407191027","NHO2018000007","PAID","","193071"),
("IATT190001129","193055","191002","192010","17000","1","17000","0","17000","1","1","1","IAT0407191027","NHO2018000007","PAID","","193055"),
("IATT190001129","193056","191002","192010","17000","1","17000","0","17000","1","1","1","IAT0407191027","NHO2018000007","PAID","","193056"),
("IATT190001127","193054","191002","192010","20000","1","20000","0","20000","3","1","2","IAT0407191027","NHO2018000007","PAID","","193054"),
("IATT190001130","193052","191002","192010","20000","1","20000","0","20000","1","1","1","IAT0407191027","NHO2018000007","PAID","","193052"),
("IATT190001130","193092","191001","192013","5000","1","5000","0","5000","1","1","1","IAT0407191027","NHO2018000007","PAID","","193092"),
("IATT190001127","193054","191002","192010","20000","1","20000","0","20000","4","1","3","IAT0407191027","NHO2018000007","PAID","","193054"),
("IATT190001131","193092","191001","192013","5000","1","5000","0","5000","1","1","1","IAT0407191027","NHO2018000007","PAID","","193092"),
("IATT190001131","193047","191002","192010","8000","1","8000","0","8000","1","1","1","IAT0407191027","NHO2018000007","PAID","","193047"),
("IATT190001132","193090","191001","192013","5000","1","5000","0","5000","1","1","1","IAT0407191027","NHO2018000007","PAID","","193090"),
("IATT190001132","193056","191002","192010","17000","1","17000","0","17000","1","1","1","IAT0407191027","NHO2018000007","PAID","","193056"),
("IATT190001133","193084","191001","192001","30000","1","30000","0","30000","1","1","1","IAT0407191027","NHO2018000007","PAID","","ORIGINAL"),
("IATT190001133","193018","191001","192002","37000","1","37000","0","37000","1","1","1","IAT0407191027","NHO2018000007","PAID","","ORIGINAL"),
("IATT190001133","193069","191001","192012","13000","1","13000","0","13000","1","1","1","IAT0407191027","NHO2018000007","PAID","","193069"),
("IATT190001133","193055","191002","192010","17000","1","17000","0","17000","1","1","1","IAT0407191027","NHO2018000007","PAID","","193055"),
("IATT190001133","193051","191002","192010","20000","1","20000","0","20000","1","1","1","IAT0407191027","NHO2018000007","PAID","","193051"),
("IATT190001134","193023","191001","192003","30000","1","30000","0","30000","1","1","1","IAT0407191027","NHO2018000007","PAID","","193023"),
("IATT190001134","193052","191002","192010","20000","1","20000","0","20000","1","1","1","IAT0407191027","NHO2018000007","PAID","","193052"),
("IATT190001134","193033","191001","192005","42000","1","42000","0","42000","1","1","2","IAT0407191027","NHO2018000007","PAID","","193033"),
("IATT190001134","193054","191002","192010","20000","1","20000","0","20000","1","1","2","IAT0407191027","NHO2018000007","PAID","","193054"),
("IATT190001135","193092","191001","192013","5000","1","5000","0","5000","1","1","1","IAT0407191027","NHO2018000007","PAID","","193092"),
("IATT190001135","193092","191001","192013","5000","1","5000","0","5000","2","1","1","IAT0407191027","NHO2018000007","PAID","","193092"),
("IATT190001135","193053","191002","192010","20000","1","20000","0","20000","1","1","1","IAT0407191027","NHO2018000007","PAID","","193053"),
("IATT190001136","193095","191001","192013","5000","1","5000","0","5000","1","1","1","IAT0407191027","NHO2018000007","PAID","","193095"),
("IATT190001136","193088","191001","192013","5000","1","5000","0","5000","1","1","1","IAT0407191027","NHO2018000007","PAID","no mix vegetable ya zheyeng :)","193088"),
("IATT190001136","193049","191002","192010","10000","1","10000","0","10000","1","1","1","IAT0407191027","NHO2018000007","PAID","","193049"),
("IATT190001136","193049","191002","192010","10000","1","10000","0","10000","2","1","1","IAT0407191027","NHO2018000007","PAID","","193049"),
("IATT190001137","193094","191001","192013","5000","1","5000","0","5000","1","1","1","IAT0407191027","NHO2018000007","PAID","","193094"),
("IATT190001137","193055","191002","192010","17000","1","17000","0","17000","1","1","1","IAT0407191027","NHO2018000007","PAID","","193055"),
("IATT190001138","193093","191001","192013","5000","1","5000","0","5000","1","1","1","IAT0407191027","NHO2018000007","PAID","","193093"),
("IATT190001138","193054","191002","192010","20000","1","20000","0","20000","1","1","1","IAT0407191027","NHO2018000007","PAID","","193054"),
("IATT190001139","193022","191001","192003","30000","1","30000","0","30000","1","1","1","IAT0407191027","NHO2018000007","PAID","","193022"),
("IATT190001139","193023","191001","192003","30000","1","30000","0","30000","1","1","1","IAT0407191027","NHO2018000007","PAID","","193023"),
("IATT190001139","193084","191001","192001","30000","1","30000","0","30000","1","1","1","IAT0407191027","NHO2018000007","PAID","lvl 1","PEDAS"),
("IATT190001139","193047","191002","192010","8000","1","8000","0","8000","1","1","1","IAT0407191027","NHO2018000007","PAID","","193047"),
("IATT190001139","193054","191002","192010","20000","1","20000","0","20000","1","1","1","IAT0407191027","NHO2018000007","PAID","","193054"),
("IATT190001139","193048","191002","192010","8000","1","8000","0","8000","1","1","1","IAT0407191027","NHO2018000007","PAID","","193048"),
("IATT190001140","193094","191001","192013","5000","1","5000","0","5000","1","1","1","IAT0407191027","NHO2018000007","PAID","","193094"),
("IATT190001140","193094","191001","192013","5000","1","5000","0","5000","2","1","1","IAT0407191027","NHO2018000007","PAID","","193094"),
("IATT190001140","193051","191002","192010","20000","1","20000","0","20000","1","1","1","IAT0407191027","NHO2018000007","PAID","","193051"),
("IATT190001140","193051","191002","192010","20000","1","20000","0","20000","2","1","1","IAT0407191027","NHO2018000007","PAID","","193051"),
("IATT190001141","193022","191001","192003","30000","1","30000","0","30000","1","1","1","IAT0407191027","NHO2018000007","PAID","","193022"),
("IATT190001141","193024","191001","192003","30000","1","30000","0","30000","1","1","1","IAT0407191027","NHO2018000007","PAID","","193024"),
("IATT190001141","193028","191001","192003","43000","1","43000","0","43000","1","1","1","IAT0407191027","NHO2018000007","PAID","","193028"),
("IATT190001141","193083","191001","192001","30000","1","30000","0","30000","1","1","1","IAT0407191027","NHO2018000007","PAID","","193083"),
("IATT190001141","193084","191001","192001","30000","1","30000","0","30000","1","1","1","IAT0407191027","NHO2018000007","PAID","","ORIGINAL"),
("IATT190001141","193055","191002","192010","17000","1","17000","0","17000","1","1","1","IAT0407191027","NHO2018000007","PAID","","193055"),
("IATT190001141","193055","191002","192010","17000","1","17000","0","17000","2","1","1","IAT0407191027","NHO2018000007","PAID","","193055"),
("IATT190001141","193055","191002","192010","17000","1","17000","0","17000","3","1","1","IAT0407191027","NHO2018000007","PAID","","193055"),
("IATT190001141","193054","191002","192010","20000","1","20000","0","20000","1","1","1","IAT0407191027","NHO2018000007","PAID","","193054"),
("IATT190001141","193054","191002","192010","20000","1","20000","0","20000","2","1","1","IAT0407191027","NHO2018000007","PAID","","193054"),
("IATT190001141","193056","191002","192010","17000","1","17000","0","17000","1","1","1","IAT0407191027","NHO2018000007","PAID","","193056"),
("IATT190001143","193011","191001","192001","40000","1","40000","0","40000","1","1","1","IAT0407191027","NHO2018000007","PAID","","ORIGINAL"),
("IATT190001143","193011","191001","192001","40000","1","40000","0","40000","2","1","1","IAT0407191027","NHO2018000007","PAID","","ORIGINAL"),
("IATT190001143","193094","191001","192013","5000","1","5000","0","5000","1","1","1","IAT0407191027","NHO2018000007","PAID","","193094"),
("IATT190001143","193051","191002","192010","20000","1","20000","0","20000","1","1","1","IAT0407191027","NHO2018000007","PAID","","193051"),
("IATT190001143","193053","191002","192010","20000","1","20000","0","20000","1","1","1","IAT0407191027","NHO2018000007","PAID","","193053"),
("IATT190001143","193054","191002","192010","20000","1","20000","0","20000","1","1","1","IAT0407191027","NHO2018000007","PAID","","193054"),
("IATT190001141","193035","191001","192006","32000","1","32000","0","32000","1","1","2","IAT0407191027","NHO2018000007","PAID","","ORIGINAL"),
("IATT190001144","193094","191001","192013","5000","1","5000","0","5000","1","1","1","IAT0407191027","NHO2018000007","PAID","","193094"),
("IATT190001144","193086","191001","192002","33000","1","33000","0","33000","1","1","1","IAT0407191027","NHO2018000007","PAID","","PEDAS"),
("IATT190001144","193054","191002","192010","20000","1","20000","0","20000","1","1","1","IAT0407191027","NHO2018000007","PAID","","193054"),
("IATT190001144","193054","191002","192010","20000","1","20000","0","20000","2","1","1","IAT0407191027","NHO2018000007","PAID","","193054"),
("IATT190001144","193070","191001","192012","13000","1","13000","0","13000","1","1","1","IAT0407191027","NHO2018000007","PAID","","193070"),
("IATT190001145","193035","191001","192006","32000","1","32000","0","32000","1","1","1","IAT0407191027","NHO2018000007","PAID","","ORIGINAL"),
("IATT190001145","193070","191001","192012","13000","1","13000","0","13000","1","1","1","IAT0407191027","NHO2018000007","PAID","","193070"),
("IATT190001145","193032","191001","192004","30000","1","30000","0","30000","1","1","1","IAT0407191027","NHO2018000007","PAID","","193032"),
("IATT190001145","193056","191002","192010","17000","1","17000","0","17000","1","1","1","IAT0407191027","NHO2018000007","PAID","","193056"),
("IATT190001145","193056","191002","192010","17000","1","17000","0","17000","2","1","1","IAT0407191027","NHO2018000007","PAID","","193056");



INSERT INTO pos_salestemp VALUES("IATT190001116","","1","13000","0","1300","0","14300","14300","04/07/2019","11:05","2019-07-04","11:32:18","ISU000012","tbl0010","CLOSED","1","","IATR190001081","","","","","IAT0407191027","NHO2018000007"),
("IATT190001117","","2","127000","0","12700","0","139700","140000","04/07/2019","11:09","2019-07-04","11:39:40","ISU000012","tbl0012","CLOSED","1","","IATR190001082","","","","","IAT0407191027","NHO2018000007"),
("IATT190001118","","1","62000","0","6200","0","68200","68200","04/07/2019","12:03","2019-07-04","12:51:01","ISU000012","tbl0019","CLOSED","1","","IATR190001085","","","","","IAT0407191027","NHO2018000007"),
("IATT190001119","","2","30000","0","3000","0","33000","40000","04/07/2019","12:14","2019-07-04","12:52:13","ISU000012","tbl0010","CLOSED","1","","IATR190001086","","","","","IAT0407191027","NHO2018000007"),
("IATT190001120","","2","74000","18500","5550","0","61050","70000","04/07/2019","12:15","2019-07-04","12:44:45","ISU000012","tbl0012","CLOSED","1","","IATR190001083","","","","","IAT0407191027","NHO2018000007"),
("IATT190001121","","1","105000","0","10500","0","115500","115500","04/07/2019","12:16","2019-07-04","12:47:01","ISU000012","tbl0007","CLOSED","1","","IATR190001084","","","","","IAT0407191027","NHO2018000007"),
("IATT190001122","","3","194000","0","19400","0","213400","215000","04/07/2019","12:24","2019-07-04","13:06:10","ISU000012","tbl0015","CLOSED","1","","IATR190001087","","","","","IAT0407191027","NHO2018000007"),
("IATT190001123","","4","209000","0","20900","0","229900","229900","04/07/2019","12:34","2019-07-04","13:20:08","ISU000012","tbl0011","CLOSED","1","","IATR190001088","","","","","IAT0407191027","NHO2018000007"),
("IATT190001124","","4","159000","0","15900","0","174900","200000","04/07/2019","12:36","2019-07-04","13:24:23","ISU000012","tbl0013","CLOSED","1","","IATR190001089","","","","","IAT0407191027","NHO2018000007"),
("IATT190001125","","2","40000","0","4000","0","44000","100000","04/07/2019","13:33","2019-07-04","14:06:44","ISU000012","tbl0015","CLOSED","1","","IATR190001090","","","","","IAT0407191027","NHO2018000007"),
("IATT190001126","","3","329000","0","32900","0","361900","370000","04/07/2019","13:37","2019-07-04","16:44:44","ISU000012","tbl0040","CLOSED","1","","IATR190001094","","","","","IAT0407191027","NHO2018000007"),
("IATT190001127","","3","201000","0","20100","0","221100","222100","04/07/2019","15:36","2019-07-04","16:25:01","ISU000012","tbl0012","CLOSED","1","","IATR190001091","","","","","IAT0407191027","NHO2018000007"),
("IATT190001128","","1","0","0","0","0","0","0","04/07/2019","15:58","04/07/2019","15:58:46","ISU000012","tbl0011","CANCELED","1","PERMINTAAN CUSTOMER","","","","","","IAT0407191027","NHO2018000007"),
("IATT190001129","","2","107000","0","10700","0","117700","125000","04/07/2019","15:58","2019-07-04","16:27:12","ISU000012","tbl0011","CLOSED","1","","IATR190001092","","","","","IAT0407191027","NHO2018000007"),
("IATT190001130","","2","25000","0","2500","0","27500","30000","04/07/2019","16:09","2019-07-04","16:41:35","ISU000012","tbl0010","CLOSED","1","","IATR190001093","","","","","IAT0407191027","NHO2018000007"),
("IATT190001131","","1","13000","0","1300","0","14300","20000","04/07/2019","16:42","2019-07-04","17:01:49","ISU000012","tbl0012","CLOSED","1","","IATR190001095","","","","","IAT0407191027","NHO2018000007"),
("IATT190001132","","2","22000","0","2200","0","24200","50000","04/07/2019","17:59","2019-07-04","18:37:09","ISU000012","tbl0012","CLOSED","1","","IATR190001096","","","","","IAT0407191027","NHO2018000007"),
("IATT190001133","","2","117000","0","11700","0","128700","130000","04/07/2019","18:11","2019-07-04","18:47:41","ISU000012","tbl0010","CLOSED","1","","IATR190001097","","","","","IAT0407191027","NHO2018000007"),
("IATT190001134","","2","112000","0","11200","0","123200","125500","04/07/2019","18:38","2019-07-04","19:21:14","ISU000012","tbl0011","CLOSED","1","","IATR190001099","","","","","IAT0407191027","NHO2018000007"),
("IATT190001135","","2","30000","0","3000","0","33000","53000","04/07/2019","18:43","2019-07-04","19:12:33","ISU000012","tbl0012","CLOSED","1","","IATR190001098","","","","","IAT0407191027","NHO2018000007"),
("IATT190001136","","2","30000","0","3000","0","33000","50000","04/07/2019","19:03","2019-07-04","20:11:18","ISU000012","tbl0010","CLOSED","1","","IATR190001101","","","","","IAT0407191027","NHO2018000007"),
("IATT190001137","","1","22000","0","2200","0","24200","100000","04/07/2019","19:28","2019-07-04","19:57:08","ISU000012","tbl0012","CLOSED","1","","IATR190001100","","","","","IAT0407191027","NHO2018000007"),
("IATT190001138","","1","25000","0","2500","0","27500","40500","04/07/2019","19:28","2019-07-04","20:15:47","ISU000012","tbl0004","CLOSED","1","","IATR190001102","","","","","IAT0407191027","NHO2018000007"),
("IATT190001139","","3","126000","0","12600","0","138600","145000","04/07/2019","19:40","2019-07-04","20:18:01","ISU000012","tbl0011","CLOSED","1","","IATR190001103","","","","","IAT0407191027","NHO2018000007"),
("IATT190001140","","2","50000","0","5000","0","55000","55000","04/07/2019","19:45","2019-07-04","20:43:56","ISU000012","tbl0013","CLOSED","1","","IATR190001104","","","","","IAT0407191027","NHO2018000007"),
("IATT190001141","","6","303000","0","30300","0","333300","334000","04/07/2019","20:42","2019-07-04","21:22:48","ISU000012","tbl0024","CLOSED","1","","IATR190001105","","","","","IAT0407191027","NHO2018000007"),
("IATT190001142","","2","0","0","0","0","0","0","04/07/2019","20:44","04/07/2019","20:44:37","ISU000012","tbl0012","CANCELED","1","PERMINTAAN CUSTOMER","","","","","","IAT0407191027","NHO2018000007"),
("IATT190001143","","3","145000","0","14500","0","159500","160000","04/07/2019","20:44","2019-07-04","21:25:21","ISU000012","tbl0012","CLOSED","1","","IATR190001106","","","","","IAT0407191027","NHO2018000007"),
("IATT190001144","","2","91000","0","9100","0","100100","100100","04/07/2019","21:00","2019-07-04","21:36:38","ISU000012","tbl0010","CLOSED","1","","IATR190001107","","","","","IAT0407191027","NHO2018000007"),
("IATT190001145","","5","109000","0","10900","0","119900","150000","04/07/2019","21:23","2019-07-04","22:02:37","ISU000012","tbl0014","CLOSED","1","","IATR190001108","","","","","IAT0407191027","NHO2018000007");



INSERT INTO item_void VALUES("IATT190001124","IAT0407191027","NHO2018000007","193037","ORIGINAL","1","36000","Before Send","Komplen Customer"),
("IATT190001124","IAT0407191027","NHO2018000007","193037","ORIGINAL","1","36000","Before Send","Komplen Customer"),
("IATT190001124","IAT0407191027","NHO2018000007","193037","ORIGINAL","1","36000","Before Send","Komplen Customer"),
("IATT190001124","IAT0407191027","NHO2018000007","193037","ORIGINAL","1","36000","Before Send","Komplen Customer"),
("IATT190001124","IAT0407191027","NHO2018000007","193037","ORIGINAL","1","36000","Before Send","Komplen Customer"),
("IATT190001124","IAT0407191027","NHO2018000007","193037","ORIGINAL","1","36000","Before Send","Komplen Customer"),
("IATT190001124","IAT0407191027","NHO2018000007","193037","ORIGINAL","1","36000","Before Send","Komplen Customer"),
("IATT190001124","IAT0407191027","NHO2018000007","193037","ORIGINAL","1","36000","Before Send","Komplen Customer"),
("IATT190001124","IAT0407191027","NHO2018000007","193037","ORIGINAL","1","36000","Before Send","Komplen Customer"),
("IATT190001124","IAT0407191027","NHO2018000007","193037","ORIGINAL","1","36000","Before Send","Komplen Customer"),
("IATT190001127","IAT0407191027","NHO2018000007","193054","193054","1","20000","Before Send","Salah Order");



INSERT INTO pos_promotion_h VALUES("IATT190001120","NPRM18000004","DISC ITEM","1","18500","HAPPY HOUR 25%","IAT0407191027","PAID","NHO2018000007");



INSERT INTO pos_promotion_d VALUES("IATT190001120","NPRM18000004","DISC ITEM","1","1","193034","1","9250","IAT0407191027","PAID","NHO2018000007"),
("IATT190001120","NPRM18000004","DISC ITEM","1","1","193034","2","9250","IAT0407191027","PAID","NHO2018000007");



INSERT INTO pos_paymenttemp VALUES("IATT190001116","CARD","VISA","14300","14300","ISU000012","2019-07-04","","1","","CLOSED","IAT0407191027","NHO2018000007"),
("IATT190001117","CASH","CASH","139700","140000","ISU000012","2019-07-04","","1","","CLOSED","IAT0407191027","NHO2018000007"),
("IATT190001120","CASH","CASH","61050","70000","ISU000012","2019-07-04","","1","","CLOSED","IAT0407191027","NHO2018000007"),
("IATT190001121","VOUCHER","ISOIDE VOUCHER 25K","25000","25000","ISU000012","2019-07-04","","1","","CLOSED","IAT0407191027","NHO2018000007"),
("IATT190001121","CARD","MASTER","90500","90500","ISU000012","2019-07-04","","1","","CLOSED","IAT0407191027","NHO2018000007"),
("IATT190001118","CARD","DEBIT BCA","68200","68200","ISU000012","2019-07-04","","1","","CLOSED","IAT0407191027","NHO2018000007"),
("IATT190001119","CASH","CASH","33000","40000","ISU000012","2019-07-04","","1","","CLOSED","IAT0407191027","NHO2018000007"),
("IATT190001122","CASH","CASH","213400","215000","ISU000012","2019-07-04","","1","","CLOSED","IAT0407191027","NHO2018000007"),
("IATT190001123","VOUCHER","ISOIDE VOUCHER 25K","25000","25000","ISU000012","2019-07-04","","1","","CLOSED","IAT0407191027","NHO2018000007"),
("IATT190001123","VOUCHER","ISOIDE VOUCHER 25K","25000","25000","ISU000012","2019-07-04","","1","","CLOSED","IAT0407191027","NHO2018000007"),
("IATT190001123","CARD","VISA","179900","179900","ISU000012","2019-07-04","","1","","CLOSED","IAT0407191027","NHO2018000007"),
("IATT190001124","CASH","CASH","174900","200000","ISU000012","2019-07-04","","1","","CLOSED","IAT0407191027","NHO2018000007"),
("IATT190001125","CASH","CASH","44000","100000","ISU000012","2019-07-04","","1","","CLOSED","IAT0407191027","NHO2018000007"),
("IATT190001127","CASH","CASH","221100","222100","ISU000012","2019-07-04","","1","","CLOSED","IAT0407191027","NHO2018000007"),
("IATT190001129","VOUCHER","ISOIDE VOUCHER 25K","25000","25000","ISU000012","2019-07-04","","1","","CLOSED","IAT0407191027","NHO2018000007"),
("IATT190001129","CASH","CASH","92700","100000","ISU000012","2019-07-04","","1","","CLOSED","IAT0407191027","NHO2018000007"),
("IATT190001130","CASH","CASH","27500","30000","ISU000012","2019-07-04","","1","","CLOSED","IAT0407191027","NHO2018000007"),
("IATT190001126","VOUCHER","VOUCHER EATIGO 100K","100000","100000","ISU000012","2019-07-04","","1","","CLOSED","IAT0407191027","NHO2018000007"),
("IATT190001126","VOUCHER","VOUCHER EATIGO 100K","100000","100000","ISU000012","2019-07-04","","1","","CLOSED","IAT0407191027","NHO2018000007"),
("IATT190001126","CASH","CASH","161900","170000","ISU000012","2019-07-04","","1","","CLOSED","IAT0407191027","NHO2018000007"),
("IATT190001131","CASH","CASH","14300","20000","ISU000012","2019-07-04","","1","","CLOSED","IAT0407191027","NHO2018000007"),
("IATT190001132","CASH","CASH","24200","50000","ISU000012","2019-07-04","","1","","CLOSED","IAT0407191027","NHO2018000007"),
("IATT190001133","VOUCHER","ISOIDE VOUCHER 25K","25000","25000","ISU000012","2019-07-04","","1","","CLOSED","IAT0407191027","NHO2018000007"),
("IATT190001133","CASH","CASH","103700","105000","ISU000012","2019-07-04","","1","","CLOSED","IAT0407191027","NHO2018000007"),
("IATT190001135","CASH","CASH","33000","53000","ISU000012","2019-07-04","","1","","CLOSED","IAT0407191027","NHO2018000007"),
("IATT190001134","VOUCHER","ISOIDE VOUCHER 25K","25000","25000","ISU000012","2019-07-04","","1","","CLOSED","IAT0407191027","NHO2018000007"),
("IATT190001134","CASH","CASH","98200","100500","ISU000012","2019-07-04","","1","","CLOSED","IAT0407191027","NHO2018000007"),
("IATT190001137","CASH","CASH","24200","100000","ISU000012","2019-07-04","","1","","CLOSED","IAT0407191027","NHO2018000007"),
("IATT190001136","CASH","CASH","33000","50000","ISU000012","2019-07-04","","1","","CLOSED","IAT0407191027","NHO2018000007"),
("IATT190001138","CASH","CASH","27500","40500","ISU000012","2019-07-04","","1","","CLOSED","IAT0407191027","NHO2018000007"),
("IATT190001139","VOUCHER","ISOIDE VOUCHER 25K","25000","25000","ISU000012","2019-07-04","","1","","CLOSED","IAT0407191027","NHO2018000007"),
("IATT190001139","CASH","CASH","113600","120000","ISU000012","2019-07-04","","1","","CLOSED","IAT0407191027","NHO2018000007"),
("IATT190001140","CASH","CASH","55000","55000","ISU000012","2019-07-04","","1","","CLOSED","IAT0407191027","NHO2018000007"),
("IATT190001141","VOUCHER","ISOIDE VOUCHER 25K","25000","25000","ISU000012","2019-07-04","","1","","CLOSED","IAT0407191027","NHO2018000007"),
("IATT190001141","CASH","CASH","308300","309000","ISU000012","2019-07-04","","1","","CLOSED","IAT0407191027","NHO2018000007"),
("IATT190001143","CASH","CASH","159500","160000","ISU000012","2019-07-04","","1","","CLOSED","IAT0407191027","NHO2018000007"),
("IATT190001144","CASH","CASH","100100","100100","ISU000012","2019-07-04","","1","","CLOSED","IAT0407191027","NHO2018000007"),
("IATT190001145","CASH","CASH","119900","150000","ISU000012","2019-07-04","","1","","CLOSED","IAT0407191027","NHO2018000007");



