INSERT INTO pos_itemtemp VALUES("IATT200005166","193048","191002","192010","8000","1","8000","0","8000","1","1","1","IAT0602200837","NHO2018000007","PAID","","193048"),
("IATT200005167","193082","191001","192001","30000","1","30000","0","30000","1","1","1","IAT0602200837","NHO2018000007","PAID","","193082"),
("IATT200005167","193234","191001","192011","0","1","0","0","0","1","1","1","IAT0602200837","NHO2018000007","PAID","","193234"),
("IATT200005168","193085","191001","192001","30000","1","30000","0","30000","1","1","1","IAT0602200837","NHO2018000007","PAID","","193085"),
("IATT200005168","193050","191002","192010","20000","1","20000","0","20000","1","1","1","IAT0602200837","NHO2018000007","PAID","","193050"),
("IATT200005168","193055","191002","192010","17000","1","17000","0","17000","1","1","1","IAT0602200837","NHO2018000007","PAID","","193055"),
("IATT200005169","193028","191001","192003","43000","1","43000","0","43000","1","1","1","IAT0602200837","NHO2018000007","PAID","","193028"),
("IATT200005169","193046","191002","192010","10000","1","10000","0","10000","1","1","1","IAT0602200837","NHO2018000007","PAID","","193046"),
("IATT200005168","193236","191001","192011","0","1","0","0","0","1","1","2","IAT0602200837","NHO2018000007","PAID","","193236"),
("IATT200005170","193083","191001","192001","30000","1","30000","0","30000","1","1","1","IAT0602200837","NHO2018000007","PAID","","193083"),
("IATT200005170","193237","191001","192011","0","1","0","0","0","1","1","1","IAT0602200837","NHO2018000007","PAID","","193237"),
("IATT200005172","193024","191001","192003","30000","1","30000","0","30000","1","1","1","IAT0602200837","NHO2018000007","PAID","","193024"),
("IATT200005172","193046","191002","192010","10000","1","10000","0","10000","1","1","1","IAT0602200837","NHO2018000007","PAID","","193046"),
("IATT200005173","193085","191001","192001","30000","1","30000","0","30000","1","1","1","IAT0602200837","NHO2018000007","PAID","","193085"),
("IATT200005173","193235","191001","192011","0","1","0","0","0","1","1","1","IAT0602200837","NHO2018000007","PAID","","193235"),
("IATT200005173","193051","191002","192010","20000","1","20000","0","20000","1","1","1","IAT0602200837","NHO2018000007","PAID","","193051"),
("IATT200005174","193082","191001","192001","30000","1","30000","0","30000","1","1","1","IAT0602200837","NHO2018000007","PAID","","193082"),
("IATT200005174","193234","191001","192011","0","1","0","0","0","1","1","1","IAT0602200837","NHO2018000007","PAID","","193234"),
("IATT200005174","193048","191002","192010","8000","1","8000","0","8000","1","1","1","IAT0602200837","NHO2018000007","PAID","","193048"),
("IATT200005175","193078","191001","192001","30000","1","30000","0","30000","1","1","1","IAT0602200837","NHO2018000007","PAID","","PEDAS"),
("IATT200005175","193237","191001","192011","0","1","0","0","0","1","1","1","IAT0602200837","NHO2018000007","PAID","","193237"),
("IATT200005176","193052","191002","192010","20000","1","20000","0","20000","1","1","1","IAT0602200837","NHO2018000007","PAID","","193052"),
("IATT200005177","193011","191001","192001","40000","1","40000","0","40000","1","1","1","IAT0602200837","NHO2018000007","PAID","","PEDAS"),
("IATT200005177","193034","191001","192005","37000","1","37000","0","37000","1","1","1","IAT0602200837","NHO2018000007","PAID","","193034"),
("IATT200005177","193048","191002","192010","8000","1","8000","0","8000","1","1","1","IAT0602200837","NHO2018000007","PAID","","193048"),
("IATT200005177","193048","191002","192010","8000","1","8000","0","8000","2","1","1","IAT0602200837","NHO2018000007","PAID","","193048"),
("IATT200005178","193085","191001","192001","30000","1","30000","0","30000","1","1","1","IAT0602200837","NHO2018000007","PAID","","193085"),
("IATT200005178","193030","191001","192004","27000","1","27000","0","27000","1","1","1","IAT0602200837","NHO2018000007","PAID","","193030"),
("IATT200005178","193237","191001","192011","0","1","0","0","0","1","1","2","IAT0602200837","NHO2018000007","PAID","","193237"),
("IATT200005179","193082","191001","192001","30000","1","30000","0","30000","1","1","1","IAT0602200837","NHO2018000007","PAID","","193082"),
("IATT200005179","193232","191001","192011","0","1","0","0","0","1","1","1","IAT0602200837","NHO2018000007","PAID","","193232"),
("IATT200005179","193086","191001","192002","33000","1","33000","0","33000","1","1","1","IAT0602200837","NHO2018000007","PAID","","PEDAS"),
("IATT200005179","193071","191001","192012","18000","1","18000","0","18000","1","1","1","IAT0602200837","NHO2018000007","PAID","","193071"),
("IATT200005179","193055","191002","192010","17000","1","17000","0","17000","1","1","1","IAT0602200837","NHO2018000007","PAID","","193055"),
("IATT200005179","193055","191002","192010","17000","1","17000","0","17000","2","1","1","IAT0602200837","NHO2018000007","PAID","","193055"),
("IATT200005180","193236","191001","192011","0","1","0","0","0","1","1","1","IAT0602200837","NHO2018000007","PAID","","193236"),
("IATT200005180","193046","191002","192010","10000","1","10000","0","10000","1","1","1","IAT0602200837","NHO2018000007","PAID","","193046"),
("IATT200005180","193047","191002","192010","10000","1","10000","0","10000","1","1","1","IAT0602200837","NHO2018000007","PAID","","193047"),
("IATT200005180","193071","191001","192012","18000","1","18000","0","18000","1","1","1","IAT0602200837","NHO2018000007","PAID","","193071"),
("IATT200005180","193084","191001","192001","30000","1","30000","0","30000","1","1","1","IAT0602200837","NHO2018000007","PAID","","PEDAS"),
("IATT200005181","193085","191001","192001","30000","1","30000","0","30000","1","1","1","IAT0602200837","NHO2018000007","PAID","","193085"),
("IATT200005181","193237","191001","192011","0","1","0","0","0","1","1","1","IAT0602200837","NHO2018000007","PAID","","193237"),
("IATT200005181","193050","191002","192010","20000","1","20000","0","20000","1","1","1","IAT0602200837","NHO2018000007","PAID","","193050"),
("IATT200005181","193070","191001","192012","13000","1","13000","0","13000","1","1","1","IAT0602200837","NHO2018000007","PAID","","193070"),
("IATT200005182","193055","191002","192010","17000","1","17000","0","17000","1","1","1","IAT0602200837","NHO2018000007","PAID","","193055"),
("IATT200005182","193055","191002","192010","17000","1","17000","0","17000","2","1","1","IAT0602200837","NHO2018000007","PAID","","193055"),
("IATT200005182","193113","191001","192003","55000","1","55000","0","55000","1","1","1","IAT0602200837","NHO2018000007","PAID","","193113"),
("IATT200005182","193007","191001","192001","37000","1","37000","0","37000","1","1","1","IAT0602200837","NHO2018000007","PAID","","PEDAS"),
("IATT200005182","193033","191001","192005","42000","1","42000","0","42000","1","1","1","IAT0602200837","NHO2018000007","PAID","","193033"),
("IATT200005183","193044","191001","192008","25000","1","25000","0","25000","1","1","1","IAT0602200837","NHO2018000007","PAID","","193044"),
("IATT200005183","193023","191001","192003","30000","1","30000","0","30000","1","1","1","IAT0602200837","NHO2018000007","PAID","","193023"),
("IATT200005183","193055","191002","192010","17000","1","17000","0","17000","1","1","1","IAT0602200837","NHO2018000007","PAID","","193055"),
("IATT200005183","193056","191002","192010","17000","1","17000","0","17000","1","1","1","IAT0602200837","NHO2018000007","PAID","","193056"),
("IATT200005179","193048","191002","192010","8000","1","8000","0","8000","1","1","2","IAT0602200837","NHO2018000007","PAID","","193048"),
("IATT200005184","193024","191001","192003","30000","1","30000","0","30000","1","1","1","IAT0602200837","NHO2018000007","PAID","","193024"),
("IATT200005184","193118","191001","192012","20000","1","20000","0","20000","1","1","1","IAT0602200837","NHO2018000007","PAID","","193118"),
("IATT200005184","193011","191001","192001","40000","1","40000","0","40000","1","1","1","IAT0602200837","NHO2018000007","PAID","","PEDAS"),
("IATT200005184","193056","191002","192010","17000","1","17000","0","17000","1","1","1","IAT0602200837","NHO2018000007","PAID","","193056"),
("IATT200005184","193056","191002","192010","17000","1","17000","0","17000","2","1","1","IAT0602200837","NHO2018000007","PAID","","193056"),
("IATT200005182","193048","191002","192010","8000","1","8000","0","8000","1","1","2","IAT0602200837","NHO2018000007","PAID","","193048");



INSERT INTO pos_salestemp VALUES("IATT200005166","","1","8000","0","800","0","8800","10000","06/02/2020","13:00","2020-02-06","13:01:24","ISU000015","tbl0001","CLOSED","1","","IATR200005025","","","","","IAT0602200837","NHO2018000007"),
("IATT200005167","","1","30000","0","3000","0","33000","50000","06/02/2020","13:02","2020-02-06","13:58:00","ISU000015","tbl0050","CLOSED","1","","IATR200005027","","","","","IAT0602200837","NHO2018000007"),
("IATT200005168","","2","67000","0","6700","0","73700","100000","06/02/2020","13:15","2020-02-06","13:51:22","ISU000015","tbl0010","CLOSED","1","","IATR200005026","","","","","IAT0602200837","NHO2018000007"),
("IATT200005169","","2","53000","0","5300","0","58300","58300","06/02/2020","13:16","2020-02-06","14:19:17","ISU000006","tbl0012","CLOSED","1","","IATR200005029","","","","","IAT0602200837","NHO2018000007"),
("IATT200005170","","2","30000","0","3000","0","33000","35000","06/02/2020","13:46","2020-02-06","14:03:52","ISU000015","tbl0018","CLOSED","1","","IATR200005028","","","","","IAT0602200837","NHO2018000007"),
("IATT200005171","","1","0","0","0","0","0","0","06/02/2020","14:16","06/02/2020","14:24:33","ISU000006","tbl0050","CANCELED","1","PERMINTAAN CUSTOMER","","","","","","IAT0602200837","NHO2018000007"),
("IATT200005172","","1","40000","0","4000","0","44000","44000","06/02/2020","14:17","2020-02-06","14:21:30","ISU000006","tbl0015","CLOSED","1","","IATR200005030","","","","","IAT0602200837","NHO2018000007"),
("IATT200005173","","0","50000","0","5000","0","55000","55000","06/02/2020","14:53","2020-02-06","15:21:40","ISU000006","tbl0010","CLOSED","1","","IATR200005031","","","","","IAT0602200837","NHO2018000007"),
("IATT200005174","","0","38000","0","3800","0","41800","41800","06/02/2020","17:13","2020-02-06","17:37:27","ISU000006","tbl0012","CLOSED","1","","IATR200005033","","","","","IAT0602200837","NHO2018000007"),
("IATT200005175","","1","30000","0","3000","0","33000","50000","06/02/2020","17:31","2020-02-06","17:33:20","ISU000006","tbl0050","CLOSED","1","","IATR200005032","","","","","IAT0602200837","NHO2018000007"),
("IATT200005176","","1","20000","0","2000","0","22000","100000","06/02/2020","18:41","2020-02-06","18:52:13","ISU000006","tbl0012","CLOSED","1","","IATR200005034","","","","","IAT0602200837","NHO2018000007"),
("IATT200005177","","2","93000","0","9300","0","102300","105000","06/02/2020","19:37","2020-02-06","20:48:34","ISU000006","tbl0011","CLOSED","1","","IATR200005036","","","","","IAT0602200837","NHO2018000007"),
("IATT200005178","","2","57000","0","5700","0","62700","100000","06/02/2020","19:42","2020-02-06","21:00:25","ISU000006","tbl0023","CLOSED","1","","IATR200005037","","","","","IAT0602200837","NHO2018000007"),
("IATT200005179","","2","123000","0","12300","0","135300","135300","06/02/2020","19:57","2020-02-06","20:47:25","ISU000006","tbl0012","CLOSED","1","","IATR200005035","","","","","IAT0602200837","NHO2018000007"),
("IATT200005180","","2","68000","0","6800","0","74800","80000","06/02/2020","20:22","2020-02-06","21:19:12","ISU000006","tbl0010","CLOSED","1","","IATR200005041","","","","","IAT0602200837","NHO2018000007"),
("IATT200005181","","1","63000","0","6300","0","69300","100000","06/02/2020","20:25","2020-02-06","21:18:30","ISU000006","tbl0009","CLOSED","1","","IATR200005040","","","","","IAT0602200837","NHO2018000007"),
("IATT200005182","","2","176000","0","17600","0","193600","193600","06/02/2020","20:26","2020-02-06","21:09:41","ISU000006","tbl0014","CLOSED","1","","IATR200005039","","","","","IAT0602200837","NHO2018000007"),
("IATT200005183","","2","89000","0","8900","0","97900","100000","06/02/2020","20:27","2020-02-06","21:06:25","ISU000006","tbl0004","CLOSED","1","","IATR200005038","","","","","IAT0602200837","NHO2018000007"),
("IATT200005184","","2","124000","0","12400","0","136400","200000","06/02/2020","20:38","2020-02-06","21:19:51","ISU000006","tbl0018","CLOSED","1","","IATR200005042","","","","","IAT0602200837","NHO2018000007");



INSERT INTO item_void VALUES("IATT200005168","IAT0602200837","NHO2018000007","193084","PEDAS","1","30000","Before Send","Komplen Customer"),
("IATT200005169","IAT0602200837","NHO2018000007","193024","193024","1","30000","Before Send","Komplen Customer"),
("IATT200005169","IAT0602200837","NHO2018000007","193046","193046","1","10000","Before Send","Komplen Customer"),
("IATT200005178","IAT0602200837","NHO2018000007","193085","193085","1","30000","Before Send","Komplen Customer");









INSERT INTO pos_paymenttemp VALUES("IATT200005166","CASH","CASH","8800","10000","ISU000015","2020-02-06","","1","","CLOSED","IAT0602200837","NHO2018000007"),
("IATT200005168","CASH","CASH","73700","100000","ISU000015","2020-02-06","","1","","CLOSED","IAT0602200837","NHO2018000007"),
("IATT200005167","CASH","CASH","33000","50000","ISU000015","2020-02-06","","1","","CLOSED","IAT0602200837","NHO2018000007"),
("IATT200005170","CASH","CASH","33000","35000","ISU000015","2020-02-06","","1","","CLOSED","IAT0602200837","NHO2018000007"),
("IATT200005169","CASH","OVO","58300","58300","ISU000006","2020-02-06","","1","","CLOSED","IAT0602200837","NHO2018000007"),
("IATT200005172","CASH","OVO","44000","44000","ISU000006","2020-02-06","","1","","CLOSED","IAT0602200837","NHO2018000007"),
("IATT200005173","CARD","DEBIT BCA","55000","55000","ISU000006","2020-02-06","","1","","CLOSED","IAT0602200837","NHO2018000007"),
("IATT200005175","CASH","CASH","33000","50000","ISU000006","2020-02-06","","1","","CLOSED","IAT0602200837","NHO2018000007"),
("IATT200005174","CARD","DEBIT BCA","41800","41800","ISU000006","2020-02-06","","1","","CLOSED","IAT0602200837","NHO2018000007"),
("IATT200005176","CASH","CASH","22000","100000","ISU000006","2020-02-06","","1","","CLOSED","IAT0602200837","NHO2018000007"),
("IATT200005179","CARD","VISA","135300","135300","ISU000006","2020-02-06","","1","","CLOSED","IAT0602200837","NHO2018000007"),
("IATT200005177","CASH","CASH","102300","105000","ISU000006","2020-02-06","","1","","CLOSED","IAT0602200837","NHO2018000007"),
("IATT200005178","CASH","CASH","62700","100000","ISU000006","2020-02-06","","1","","CLOSED","IAT0602200837","NHO2018000007"),
("IATT200005183","CASH","CASH","97900","100000","ISU000006","2020-02-06","","1","","CLOSED","IAT0602200837","NHO2018000007"),
("IATT200005182","CARD","DEBIT BCA","193600","193600","ISU000006","2020-02-06","","1","","CLOSED","IAT0602200837","NHO2018000007"),
("IATT200005181","CASH","CASH","69300","100000","ISU000006","2020-02-06","","1","","CLOSED","IAT0602200837","NHO2018000007"),
("IATT200005180","CASH","CASH","74800","80000","ISU000006","2020-02-06","","1","","CLOSED","IAT0602200837","NHO2018000007"),
("IATT200005184","CASH","CASH","136400","200000","ISU000006","2020-02-06","","1","","CLOSED","IAT0602200837","NHO2018000007");



