INSERT INTO pos_itemtemp VALUES("IATT190004169","193011","191001","192001","40000","1","40000","20000","20000","1","1","1","IAT0512191040","NHO2018000007","PAID","","PEDAS"),
("IATT190004169","193009","191001","192001","40000","1","40000","20000","20000","1","1","1","IAT0512191040","NHO2018000007","PAID","","193009"),
("IATT190004169","193118","191001","192012","20000","1","20000","0","20000","1","1","1","IAT0512191040","NHO2018000007","PAID","","193118"),
("IATT190004170","193010","191001","192001","40000","1","40000","0","40000","1","1","1","IAT0512191040","NHO2018000007","PAID","","193010"),
("IATT190004170","193119","191001","192012","20000","1","20000","0","20000","1","1","1","IAT0512191040","NHO2018000007","PAID","","193119"),
("IATT190004170","193046","191002","192010","10000","1","10000","0","10000","1","1","1","IAT0512191040","NHO2018000007","PAID","","193046"),
("IATT190004171","193027","191001","192003","43000","1","43000","0","43000","1","1","1","IAT0512191040","NHO2018000007","PAID","","193027"),
("IATT190004171","193035","191001","192006","32000","1","32000","0","32000","1","1","1","IAT0512191040","NHO2018000007","PAID","","ORIGINAL"),
("IATT190004171","193052","191002","192010","20000","1","20000","0","20000","1","1","1","IAT0512191040","NHO2018000007","PAID","","193052"),
("IATT190004171","193049","191002","192010","10000","1","10000","0","10000","1","1","1","IAT0512191040","NHO2018000007","PAID","","193049"),
("IATT190004171","193049","191002","192010","10000","1","10000","0","10000","2","1","1","IAT0512191040","NHO2018000007","PAID","","193049"),
("IATT190004172","193012","191001","192001","40000","1","40000","0","40000","1","1","1","IAT0512191040","NHO2018000007","PAID","","193012"),
("IATT190004172","193055","191002","192010","17000","1","17000","0","17000","1","1","1","IAT0512191040","NHO2018000007","PAID","","193055"),
("IATT190004172","193067","191001","192003","7000","1","7000","0","7000","1","1","1","IAT0512191040","NHO2018000007","PAID","","193067"),
("IATT190004173","193114","191001","192006","42000","1","42000","0","42000","1","1","1","IAT0512191040","NHO2018000007","PAID","LEVEL 2","193114"),
("IATT190004173","193011","191001","192001","40000","1","40000","0","40000","1","1","1","IAT0512191040","NHO2018000007","PAID","PEDAS DIKIT","PEDAS"),
("IATT190004173","193047","191002","192010","10000","1","10000","0","10000","1","1","1","IAT0512191040","NHO2018000007","PAID","","193047"),
("IATT190004173","193055","191002","192010","17000","1","17000","0","17000","1","1","1","IAT0512191040","NHO2018000007","PAID","","193055"),
("IATT190004174","193086","191001","192002","33000","1","33000","16500","16500","1","1","1","IAT0512191040","NHO2018000007","PAID","","PEDAS"),
("IATT190004174","193030","191001","192004","27000","1","27000","13500","13500","1","1","1","IAT0512191040","NHO2018000007","PAID","","193030"),
("IATT190004174","193118","191001","192012","20000","1","20000","0","20000","1","1","1","IAT0512191040","NHO2018000007","PAID","","193118"),
("IATT190004174","193051","191002","192010","20000","1","20000","0","20000","1","1","1","IAT0512191040","NHO2018000007","PAID","","193051"),
("IATT190004174","193056","191002","192010","17000","1","17000","0","17000","1","1","1","IAT0512191040","NHO2018000007","PAID","","193056"),
("IATT190004175","193078","191001","192001","30000","1","30000","15000","15000","1","1","1","IAT0512191040","NHO2018000007","PAID","","PEDAS"),
("IATT190004175","193077","191001","192001","30000","1","30000","15000","15000","1","1","1","IAT0512191040","NHO2018000007","PAID","","193077"),
("IATT190004175","193118","191001","192012","20000","1","20000","0","20000","1","1","1","IAT0512191040","NHO2018000007","PAID","","193118"),
("IATT190004176","193011","191001","192001","40000","1","40000","20000","20000","1","1","1","IAT0512191040","NHO2018000007","PAID","LEVEL 1","PEDAS"),
("IATT190004176","193005","191001","192001","37000","1","37000","18500","18500","1","1","1","IAT0512191040","NHO2018000007","PAID","MINTA PEDAS LVL 1","193005"),
("IATT190004176","193032","191001","192004","30000","1","30000","15000","15000","1","1","1","IAT0512191040","NHO2018000007","PAID","","193032"),
("IATT190004176","193047","191002","192010","10000","1","10000","0","10000","1","1","1","IAT0512191040","NHO2018000007","PAID","","193047"),
("IATT190004176","193046","191002","192010","10000","1","10000","0","10000","1","1","1","IAT0512191040","NHO2018000007","PAID","","193046"),
("IATT190004177","193035","191001","192006","32000","1","32000","0","32000","1","1","1","IAT0512191040","NHO2018000007","PAID","","PEDAS"),
("IATT190004177","193084","191001","192001","30000","1","30000","0","30000","1","1","1","IAT0512191040","NHO2018000007","PAID","","PEDAS"),
("IATT190004177","193048","191002","192010","8000","1","8000","0","8000","1","1","1","IAT0512191040","NHO2018000007","PAID","","193048"),
("IATT190004177","193048","191002","192010","8000","1","8000","0","8000","2","1","1","IAT0512191040","NHO2018000007","PAID","","193048"),
("IATT190004178","193052","191002","192010","20000","1","20000","0","20000","1","1","1","IAT0512191040","NHO2018000007","PAID","","193052"),
("IATT190004178","193069","191001","192012","13000","1","13000","6500","6500","1","1","1","IAT0512191040","NHO2018000007","PAID","","193069"),
("IATT190004178","193047","191002","192010","10000","1","10000","0","10000","1","1","2","IAT0512191040","NHO2018000007","PAID","","193047"),
("IATT190004178","193047","191002","192010","10000","1","10000","0","10000","2","1","2","IAT0512191040","NHO2018000007","PAID","","193047"),
("IATT190004178","193084","191001","192001","30000","1","30000","15000","15000","1","1","2","IAT0512191040","NHO2018000007","PAID","","PEDAS"),
("IATT190004178","193009","191001","192001","40000","1","40000","20000","20000","1","1","2","IAT0512191040","NHO2018000007","PAID","","193009"),
("IATT190004179","193011","191001","192001","40000","1","40000","20000","20000","1","1","1","IAT0512191040","NHO2018000007","PAID","LV 1","PEDAS"),
("IATT190004179","193078","191001","192001","30000","1","30000","15000","15000","1","1","1","IAT0512191040","NHO2018000007","PAID","LV 1\n","PEDAS"),
("IATT190004179","193070","191001","192012","13000","1","13000","6500","6500","1","1","1","IAT0512191040","NHO2018000007","PAID","","193070"),
("IATT190004179","193052","191002","192010","20000","1","20000","0","20000","1","1","1","IAT0512191040","NHO2018000007","PAID","","193052"),
("IATT190004179","193051","191002","192010","20000","1","20000","0","20000","1","1","1","IAT0512191040","NHO2018000007","PAID","","193051"),
("IATT190004180","193010","191001","192001","40000","1","40000","20000","20000","1","1","1","IAT0512191040","NHO2018000007","PAID","","193010"),
("IATT190004180","193083","191001","192001","30000","1","30000","15000","15000","1","1","1","IAT0512191040","NHO2018000007","PAID","","193083"),
("IATT190004180","193052","191002","192010","20000","1","20000","0","20000","1","1","1","IAT0512191040","NHO2018000007","PAID","","193052"),
("IATT190004180","193052","191002","192010","20000","1","20000","0","20000","2","1","1","IAT0512191040","NHO2018000007","PAID","","193052"),
("IATT190004180","193070","191001","192012","13000","1","13000","6500","6500","1","1","1","IAT0512191040","NHO2018000007","PAID","","193070"),
("IATT190004181","193048","191002","192010","8000","1","8000","0","8000","1","1","1","IAT0512191040","NHO2018000007","PAID","","193048"),
("IATT190004181","193048","191002","192010","8000","1","8000","0","8000","2","1","1","IAT0512191040","NHO2018000007","PAID","","193048"),
("IATT190004181","193048","191002","192010","8000","1","8000","0","8000","3","1","1","IAT0512191040","NHO2018000007","PAID","","193048"),
("IATT190004181","193048","191002","192010","8000","1","8000","0","8000","4","1","1","IAT0512191040","NHO2018000007","PAID","","193048"),
("IATT190004181","193049","191002","192010","10000","1","10000","0","10000","1","1","1","IAT0512191040","NHO2018000007","PAID","","193049"),
("IATT190004181","193049","191002","192010","10000","1","10000","0","10000","2","1","1","IAT0512191040","NHO2018000007","PAID","","193049"),
("IATT190004181","193049","191002","192010","10000","1","10000","0","10000","3","1","1","IAT0512191040","NHO2018000007","PAID","","193049"),
("IATT190004181","193049","191002","192010","10000","1","10000","0","10000","4","1","1","IAT0512191040","NHO2018000007","PAID","","193049"),
("IATT190004181","193049","191002","192010","10000","1","10000","0","10000","5","1","1","IAT0512191040","NHO2018000007","PAID","","193049"),
("IATT190004181","193049","191002","192010","10000","1","10000","0","10000","6","1","1","IAT0512191040","NHO2018000007","PAID","","193049"),
("IATT190004181","193049","191002","192010","10000","1","10000","0","10000","7","1","1","IAT0512191040","NHO2018000007","PAID","","193049"),
("IATT190004181","193049","191002","192010","10000","1","10000","0","10000","8","1","1","IAT0512191040","NHO2018000007","PAID","","193049"),
("IATT190004181","193087","191001","192002","33000","1","33000","16500","16500","1","1","1","IAT0512191040","NHO2018000007","PAID","","193087"),
("IATT190004181","193009","191001","192001","40000","1","40000","20000","20000","1","1","1","IAT0512191040","NHO2018000007","PAID","","193009"),
("IATT190004181","193011","191001","192001","40000","1","40000","20000","20000","1","1","1","IAT0512191040","NHO2018000007","PAID","","PEDAS"),
("IATT190004181","193011","191001","192001","40000","1","40000","20000","20000","2","1","1","IAT0512191040","NHO2018000007","PAID","","PEDAS"),
("IATT190004181","193011","191001","192001","40000","1","40000","20000","20000","3","1","1","IAT0512191040","NHO2018000007","PAID","","PEDAS"),
("IATT190004181","193011","191001","192001","40000","1","40000","20000","20000","4","1","1","IAT0512191040","NHO2018000007","PAID","","PEDAS"),
("IATT190004181","193011","191001","192001","40000","1","40000","20000","20000","5","1","1","IAT0512191040","NHO2018000007","PAID","","PEDAS"),
("IATT190004181","193011","191001","192001","40000","1","40000","20000","20000","6","1","1","IAT0512191040","NHO2018000007","PAID","","PEDAS"),
("IATT190004181","193011","191001","192001","40000","1","40000","20000","20000","7","1","1","IAT0512191040","NHO2018000007","PAID","","PEDAS"),
("IATT190004181","193011","191001","192001","40000","1","40000","20000","20000","8","1","1","IAT0512191040","NHO2018000007","PAID","","PEDAS"),
("IATT190004181","193011","191001","192001","40000","1","40000","20000","20000","9","1","1","IAT0512191040","NHO2018000007","PAID","","PEDAS"),
("IATT190004182","193086","191001","192002","33000","1","33000","0","33000","1","1","1","IAT0512191040","NHO2018000007","PAID","","PEDAS"),
("IATT190004183","193086","191001","192002","33000","1","33000","16500","16500","1","1","1","IAT0512191040","NHO2018000007","PAID","","PEDAS"),
("IATT190004183","193030","191001","192004","27000","1","27000","13500","13500","1","1","1","IAT0512191040","NHO2018000007","PAID","","193030"),
("IATT190004183","193035","191001","192006","32000","1","32000","16000","16000","1","1","1","IAT0512191040","NHO2018000007","PAID","","PEDAS"),
("IATT190004183","193047","191002","192010","10000","1","10000","0","10000","1","1","1","IAT0512191040","NHO2018000007","PAID","","193047"),
("IATT190004183","193047","191002","192010","10000","1","10000","0","10000","2","1","1","IAT0512191040","NHO2018000007","PAID","","193047");



INSERT INTO pos_salestemp VALUES("IATT190004169","","2","100000","40000","6000","0","66000","100000","05/12/2019","12:16","2019-12-05","12:49:49","ISU000004","tbl0011","CLOSED","1","","IATR190004047","","","","","IAT0512191040","NHO2018000007"),
("IATT190004170","","1","70000","0","7000","0","77000","100000","05/12/2019","13:05","2019-12-05","13:52:12","ISU000004","tbl0014","CLOSED","1","","IATR190004049","","","","","IAT0512191040","NHO2018000007"),
("IATT190004171","","4","115000","0","11500","0","126500","127000","05/12/2019","13:08","2019-12-05","13:44:02","ISU000004","tbl0012","CLOSED","1","","IATR190004048","","","","","IAT0512191040","NHO2018000007"),
("IATT190004172","","1","64000","0","6400","0","70400","70400","05/12/2019","13:23","2019-12-05","14:00:17","ISU000004","tbl0011","CLOSED","1","","IATR190004050","","","","","IAT0512191040","NHO2018000007"),
("IATT190004173","","2","109000","0","10900","0","119900","150000","05/12/2019","13:28","2019-12-05","14:48:36","ISU000004","tbl0010","CLOSED","1","","IATR190004053","","","","","IAT0512191040","NHO2018000007"),
("IATT190004174","","2","117000","30000","8700","0","95700","100000","05/12/2019","13:53","2019-12-05","14:54:39","ISU000004","tbl0018","CLOSED","1","","IATR190004054","","","","","IAT0512191040","NHO2018000007"),
("IATT190004175","","2","80000","30000","5000","0","55000","55000","05/12/2019","13:56","2019-12-05","14:40:16","ISU000004","tbl0022","CLOSED","1","","IATR190004051","","","","","IAT0512191040","NHO2018000007"),
("IATT190004176","","2","127000","53500","7350","0","80850","80850","05/12/2019","14:16","2019-12-05","14:41:24","ISU000004","tbl0012","CLOSED","1","","IATR190004052","","","","","IAT0512191040","NHO2018000007"),
("IATT190004177","","2","78000","0","7800","0","85800","100000","05/12/2019","15:11","2019-12-05","15:36:50","ISU000004","tbl0001, tbl0010","CLOSED","1","","IATR190004055","","","","","IAT0512191040","NHO2018000007"),
("IATT190004178","","1","123000","41500","8150","0","89650","100000","05/12/2019","15:55","2019-12-05","17:39:51","ISU000004","tbl0012","CLOSED","1","","IATR190004056","","","","","IAT0512191040","NHO2018000007"),
("IATT190004179","","2","123000","41500","8150","0","89650","89650","05/12/2019","17:47","2019-12-05","19:28:20","ISU000004","tbl0010","CLOSED","1","","IATR190004059","","","","","IAT0512191040","NHO2018000007"),
("IATT190004180","","2","123000","41500","8150","0","89650","89650","05/12/2019","18:42","2019-12-05","19:17:49","ISU000004","tbl0012","CLOSED","1","","IATR190004057","","","","","IAT0512191040","NHO2018000007"),
("IATT190004181","","11","545000","216500","32850","0","361350","361350","05/12/2019","18:52","2019-12-05","19:24:18","ISU000004","tbl0020","CLOSED","1","","IATR190004058","","","","","IAT0512191040","NHO2018000007"),
("IATT190004182","","0","33000","0","3300","0","36300","36300","05/12/2019","19:26","2019-12-05","19:38:58","ISU000004","tbl0020","CLOSED","1","","IATR190004060","","","","","IAT0512191040","NHO2018000007"),
("IATT190004183","","2","112000","46000","6600","0","72600","72600","05/12/2019","20:06","2019-12-05","21:00:27","ISU000004","tbl0012","CLOSED","1","","IATR190004061","","","","","IAT0512191040","NHO2018000007");






INSERT INTO pos_promotion_h VALUES("IATT190004169","NPRM18000021","DISC ITEM","1","40000","MENANG BANYAK","IAT0512191040","PAID","NHO2018000007"),
("IATT190004175","NPRM18000021","DISC ITEM","1","30000","MENANG BANYAK","IAT0512191040","PAID","NHO2018000007"),
("IATT190004176","NPRM18000021","DISC ITEM","1","53500","MENANG BANYAK","IAT0512191040","PAID","NHO2018000007"),
("IATT190004174","NPRM18000021","DISC ITEM","1","30000","MENANG BANYAK","IAT0512191040","PAID","NHO2018000007"),
("IATT190004178","NPRM18000021","DISC ITEM","1","41500","MENANG BANYAK","IAT0512191040","PAID","NHO2018000007"),
("IATT190004179","NPRM18000021","DISC ITEM","1","41500","MENANG BANYAK","IAT0512191040","PAID","NHO2018000007"),
("IATT190004180","NPRM18000021","DISC ITEM","1","41500","MENANG BANYAK","IAT0512191040","PAID","NHO2018000007"),
("IATT190004181","NPRM18000021","DISC ITEM","1","216500","MENANG BANYAK","IAT0512191040","PAID","NHO2018000007"),
("IATT190004183","NPRM18000021","DISC ITEM","1","46000","MENANG BANYAK","IAT0512191040","PAID","NHO2018000007");



INSERT INTO pos_promotion_d VALUES("IATT190004169","NPRM18000021","DISC ITEM","1","1","193011","1","20000","IAT0512191040","PAID","NHO2018000007"),
("IATT190004169","NPRM18000021","DISC ITEM","1","1","193009","1","20000","IAT0512191040","PAID","NHO2018000007"),
("IATT190004175","NPRM18000021","DISC ITEM","1","1","193078","1","15000","IAT0512191040","PAID","NHO2018000007"),
("IATT190004175","NPRM18000021","DISC ITEM","1","1","193077","1","15000","IAT0512191040","PAID","NHO2018000007"),
("IATT190004176","NPRM18000021","DISC ITEM","1","1","193011","1","20000","IAT0512191040","PAID","NHO2018000007"),
("IATT190004176","NPRM18000021","DISC ITEM","1","1","193005","1","18500","IAT0512191040","PAID","NHO2018000007"),
("IATT190004176","NPRM18000021","DISC ITEM","1","1","193032","1","15000","IAT0512191040","PAID","NHO2018000007"),
("IATT190004174","NPRM18000021","DISC ITEM","1","1","193086","1","16500","IAT0512191040","PAID","NHO2018000007"),
("IATT190004174","NPRM18000021","DISC ITEM","1","1","193030","1","13500","IAT0512191040","PAID","NHO2018000007"),
("IATT190004178","NPRM18000021","DISC ITEM","1","1","193069","1","6500","IAT0512191040","PAID","NHO2018000007"),
("IATT190004178","NPRM18000021","DISC ITEM","1","1","193084","1","15000","IAT0512191040","PAID","NHO2018000007"),
("IATT190004178","NPRM18000021","DISC ITEM","1","1","193009","1","20000","IAT0512191040","PAID","NHO2018000007"),
("IATT190004179","NPRM18000021","DISC ITEM","1","1","193011","1","20000","IAT0512191040","PAID","NHO2018000007"),
("IATT190004179","NPRM18000021","DISC ITEM","1","1","193078","1","15000","IAT0512191040","PAID","NHO2018000007"),
("IATT190004179","NPRM18000021","DISC ITEM","1","1","193070","1","6500","IAT0512191040","PAID","NHO2018000007"),
("IATT190004180","NPRM18000021","DISC ITEM","1","1","193010","1","20000","IAT0512191040","PAID","NHO2018000007"),
("IATT190004180","NPRM18000021","DISC ITEM","1","1","193083","1","15000","IAT0512191040","PAID","NHO2018000007"),
("IATT190004180","NPRM18000021","DISC ITEM","1","1","193070","1","6500","IAT0512191040","PAID","NHO2018000007"),
("IATT190004181","NPRM18000021","DISC ITEM","1","1","193087","1","16500","IAT0512191040","PAID","NHO2018000007"),
("IATT190004181","NPRM18000021","DISC ITEM","1","1","193009","1","20000","IAT0512191040","PAID","NHO2018000007"),
("IATT190004181","NPRM18000021","DISC ITEM","1","1","193011","1","20000","IAT0512191040","PAID","NHO2018000007"),
("IATT190004181","NPRM18000021","DISC ITEM","1","1","193011","2","20000","IAT0512191040","PAID","NHO2018000007"),
("IATT190004181","NPRM18000021","DISC ITEM","1","1","193011","3","20000","IAT0512191040","PAID","NHO2018000007"),
("IATT190004181","NPRM18000021","DISC ITEM","1","1","193011","4","20000","IAT0512191040","PAID","NHO2018000007"),
("IATT190004181","NPRM18000021","DISC ITEM","1","1","193011","5","20000","IAT0512191040","PAID","NHO2018000007"),
("IATT190004181","NPRM18000021","DISC ITEM","1","1","193011","6","20000","IAT0512191040","PAID","NHO2018000007"),
("IATT190004181","NPRM18000021","DISC ITEM","1","1","193011","7","20000","IAT0512191040","PAID","NHO2018000007"),
("IATT190004181","NPRM18000021","DISC ITEM","1","1","193011","8","20000","IAT0512191040","PAID","NHO2018000007"),
("IATT190004181","NPRM18000021","DISC ITEM","1","1","193011","9","20000","IAT0512191040","PAID","NHO2018000007"),
("IATT190004183","NPRM18000021","DISC ITEM","1","1","193086","1","16500","IAT0512191040","PAID","NHO2018000007"),
("IATT190004183","NPRM18000021","DISC ITEM","1","1","193030","1","13500","IAT0512191040","PAID","NHO2018000007"),
("IATT190004183","NPRM18000021","DISC ITEM","1","1","193035","1","16000","IAT0512191040","PAID","NHO2018000007");



INSERT INTO pos_paymenttemp VALUES("IATT190004169","CASH","CASH","66000","100000","ISU000004","2019-12-05","","1","","CLOSED","IAT0512191040","NHO2018000007"),
("IATT190004171","CASH","CASH","126500","127000","ISU000004","2019-12-05","","1","","CLOSED","IAT0512191040","NHO2018000007"),
("IATT190004170","CASH","CASH","77000","100000","ISU000004","2019-12-05","","1","","CLOSED","IAT0512191040","NHO2018000007"),
("IATT190004172","CASH","OVO","70400","70400","ISU000004","2019-12-05","","1","","CLOSED","IAT0512191040","NHO2018000007"),
("IATT190004175","CARD","DEBIT BCA","55000","55000","ISU000004","2019-12-05","","1","","CLOSED","IAT0512191040","NHO2018000007"),
("IATT190004176","CARD","DEBIT BCA","80850","80850","ISU000004","2019-12-05","","1","","CLOSED","IAT0512191040","NHO2018000007"),
("IATT190004173","CASH","CASH","119900","150000","ISU000004","2019-12-05","","1","","CLOSED","IAT0512191040","NHO2018000007"),
("IATT190004174","CASH","CASH","95700","100000","ISU000004","2019-12-05","","1","","CLOSED","IAT0512191040","NHO2018000007"),
("IATT190004177","CASH","CASH","85800","100000","ISU000004","2019-12-05","","1","","CLOSED","IAT0512191040","NHO2018000007"),
("IATT190004178","CASH","CASH","89650","100000","ISU000004","2019-12-05","","1","","CLOSED","IAT0512191040","NHO2018000007"),
("IATT190004180","CARD","VISA","89650","89650","ISU000004","2019-12-05","","1","","CLOSED","IAT0512191040","NHO2018000007"),
("IATT190004181","CARD","DEBIT BCA","361350","361350","ISU000004","2019-12-05","","1","","CLOSED","IAT0512191040","NHO2018000007"),
("IATT190004179","CARD","VISA","89650","89650","ISU000004","2019-12-05","","1","","CLOSED","IAT0512191040","NHO2018000007"),
("IATT190004182","CASH","OVO","36300","36300","ISU000004","2019-12-05","","1","","CLOSED","IAT0512191040","NHO2018000007"),
("IATT190004183","CARD","DEBIT BCA","72600","72600","ISU000004","2019-12-05","","1","","CLOSED","IAT0512191040","NHO2018000007");



