INSERT INTO pos_itemtemp VALUES("IATT190003074","193154","191001","192015","35454","1","35454","0","35454","1","1","1","IAT0810191033","NHO2018000007","PAID","","193154"),
("IATT190003075","193194","191001","192013","5000","1","5000","0","5000","1","1","1","IAT0810191033","NHO2018000007","PAID","","193194"),
("IATT190003075","193070","191001","192012","13000","1","13000","0","13000","1","1","1","IAT0810191033","NHO2018000007","PAID","","193070"),
("IATT190003076","193054","191002","192010","20000","1","20000","0","20000","1","1","1","IAT0810191033","NHO2018000007","PAID","","193054"),
("IATT190003076","193054","191002","192010","20000","1","20000","0","20000","2","1","1","IAT0810191033","NHO2018000007","PAID","","193054"),
("IATT190003076","193046","191002","192010","10000","1","10000","0","10000","1","1","1","IAT0810191033","NHO2018000007","PAID","","193046"),
("IATT190003076","193046","191002","192010","10000","1","10000","0","10000","2","1","1","IAT0810191033","NHO2018000007","PAID","","193046"),
("IATT190003076","193006","191001","192001","37000","1","37000","0","37000","1","1","1","IAT0810191033","NHO2018000007","PAID","","193006"),
("IATT190003076","193083","191001","192001","30000","1","30000","0","30000","1","1","1","IAT0810191033","NHO2018000007","PAID","","193083"),
("IATT190003076","193118","191001","192012","20000","1","20000","0","20000","1","1","1","IAT0810191033","NHO2018000007","PAID","","193118"),
("IATT190003077","193010","191001","192001","40000","1","40000","0","40000","1","1","1","IAT0810191033","NHO2018000007","PAID","","193010"),
("IATT190003077","193085","191001","192001","30000","1","30000","0","30000","1","1","1","IAT0810191033","NHO2018000007","PAID"," no sayuran","193085"),
("IATT190003077","193055","191002","192010","17000","1","17000","0","17000","1","1","1","IAT0810191033","NHO2018000007","PAID","","193055"),
("IATT190003077","193055","191002","192010","17000","1","17000","0","17000","2","1","1","IAT0810191033","NHO2018000007","PAID","","193055"),
("IATT190003078","193123","191001","192015","35454","1","35454","0","35454","1","1","1","IAT0810191033","NHO2018000007","PAID","sambel pisah","ORIGINAL"),
("IATT190003079","193198","191001","192013","5000","1","5000","0","5000","1","1","1","IAT0810191033","NHO2018000007","PAID","extra pedassss gaesss","PEDAS"),
("IATT190003079","193070","191001","192012","13000","1","13000","0","13000","1","1","1","IAT0810191033","NHO2018000007","PAID","","193070"),
("IATT190003080","193198","191001","192013","5000","1","5000","0","5000","1","1","1","IAT0810191033","NHO2018000007","PAID","","ORIGINAL"),
("IATT190003080","193197","191001","192013","5000","1","5000","0","5000","1","1","1","IAT0810191033","NHO2018000007","PAID","","193197"),
("IATT190003080","193119","191001","192012","20000","1","20000","0","20000","1","1","1","IAT0810191033","NHO2018000007","PAID","","193119"),
("IATT190003080","193053","191002","192010","20000","1","20000","0","20000","1","1","1","IAT0810191033","NHO2018000007","PAID","","193053"),
("IATT190003080","193056","191002","192010","17000","1","17000","0","17000","1","1","1","IAT0810191033","NHO2018000007","PAID","","193056"),
("IATT190003079","193201","191001","192013","5000","1","5000","0","5000","1","1","2","IAT0810191033","NHO2018000007","PAID","","193201"),
("IATT190003081","193192","191001","192005","40000","1","40000","20000","20000","1","1","1","IAT0810191033","NHO2018000007","PAID","","193192"),
("IATT190003081","193056","191002","192010","17000","1","17000","0","17000","1","1","1","IAT0810191033","NHO2018000007","PAID","","193056"),
("IATT190003082","193041","191001","192008","20000","1","20000","0","20000","1","1","1","IAT0810191033","NHO2018000007","PAID","","193041"),
("IATT190003082","193050","191002","192010","20000","1","20000","0","20000","1","1","1","IAT0810191033","NHO2018000007","PAID","","193050"),
("IATT190003081","193085","191001","192001","30000","1","30000","0","30000","1","1","2","IAT0810191033","NHO2018000007","PAID","","193085"),
("IATT190003081","193047","191002","192010","10000","1","10000","0","10000","1","1","2","IAT0810191033","NHO2018000007","PAID","","193047"),
("IATT190003083","193094","191001","192013","5000","1","5000","0","5000","1","1","1","IAT0810191033","NHO2018000007","PAID","","193094"),
("IATT190003083","193070","191001","192012","13000","1","13000","0","13000","1","1","1","IAT0810191033","NHO2018000007","PAID","","193070"),
("IATT190003084","193055","191002","192010","17000","1","17000","0","17000","1","1","1","IAT0810191033","NHO2018000007","PAID","","193055"),
("IATT190003084","193047","191002","192010","10000","1","10000","0","10000","1","1","1","IAT0810191033","NHO2018000007","PAID","","193047"),
("IATT190003087","193010","191001","192001","40000","1","40000","0","40000","1","1","1","IAT0810191033","NHO2018000007","PAID","","193010"),
("IATT190003087","193052","191002","192010","20000","1","20000","0","20000","1","1","1","IAT0810191033","NHO2018000007","PAID","","193052"),
("IATT190003089","193119","191001","192012","20000","1","20000","0","20000","1","1","1","IAT0810191033","NHO2018000007","PAID","","193119"),
("IATT190003089","193118","191001","192012","20000","1","20000","0","20000","1","1","1","IAT0810191033","NHO2018000007","PAID","","193118"),
("IATT190003089","193203","191001","192013","5000","1","5000","0","5000","1","1","1","IAT0810191033","NHO2018000007","PAID","","193203"),
("IATT190003089","193204","191001","192013","5000","1","5000","0","5000","1","1","1","IAT0810191033","NHO2018000007","PAID","","193204"),
("IATT190003089","193055","191002","192010","17000","1","17000","0","17000","1","1","1","IAT0810191033","NHO2018000007","PAID","","193055"),
("IATT190003089","193076","191001","192001","30000","1","30000","0","30000","1","1","2","IAT0810191033","NHO2018000007","PAID","","193076"),
("IATT190003089","193119","191001","192012","20000","1","20000","0","20000","2","1","2","IAT0810191033","NHO2018000007","PAID","","193119"),
("IATT190003090","193048","191002","192010","8000","1","8000","0","8000","1","1","1","IAT0810191033","NHO2018000007","PAID","","193048"),
("IATT190003090","193054","191002","192010","20000","1","20000","0","20000","1","1","1","IAT0810191033","NHO2018000007","PAID","","193054"),
("IATT190003090","193055","191002","192010","17000","1","17000","0","17000","1","1","1","IAT0810191033","NHO2018000007","PAID","","193055"),
("IATT190003090","193076","191001","192001","30000","1","30000","15000","15000","1","1","1","IAT0810191033","NHO2018000007","PAID","","193076"),
("IATT190003090","193028","191001","192003","43000","1","43000","0","43000","1","1","1","IAT0810191033","NHO2018000007","PAID","","193028"),
("IATT190003091","193095","191001","192013","5000","1","5000","0","5000","1","1","1","IAT0810191033","NHO2018000007","PAID","","193095"),
("IATT190003091","193093","191001","192013","5000","1","5000","0","5000","1","1","1","IAT0810191033","NHO2018000007","PAID","","193093"),
("IATT190003091","193051","191002","192010","20000","1","20000","0","20000","1","1","1","IAT0810191033","NHO2018000007","PAID","","193051"),
("IATT190003091","193118","191001","192012","20000","1","20000","0","20000","1","1","1","IAT0810191033","NHO2018000007","PAID","","193118"),
("IATT190003092","193069","191001","192012","13000","1","13000","0","13000","1","1","1","IAT0810191033","NHO2018000007","PAID","","193069"),
("IATT190003092","193070","191001","192012","13000","1","13000","0","13000","1","1","1","IAT0810191033","NHO2018000007","PAID","","193070"),
("IATT190003092","193194","191001","192013","5000","1","5000","0","5000","1","1","1","IAT0810191033","NHO2018000007","PAID","","193194"),
("IATT190003092","193194","191001","192013","5000","1","5000","0","5000","2","1","1","IAT0810191033","NHO2018000007","PAID","","193194"),
("IATT190003093","193070","191001","192012","13000","1","13000","0","13000","1","1","1","IAT0810191033","NHO2018000007","PAID","gorengannya di goreng lagi gaes","193070"),
("IATT190003093","193194","191001","192013","5000","1","5000","0","5000","1","1","2","IAT0810191033","NHO2018000007","PAID","","193194"),
("IATT190003094","193198","191001","192013","5000","1","5000","0","5000","1","1","1","IAT0810191033","NHO2018000007","PAID","sedeng gaes....","PEDAS"),
("IATT190003094","193198","191001","192013","5000","1","5000","0","5000","2","1","1","IAT0810191033","NHO2018000007","PAID","","PEDAS"),
("IATT190003094","193041","191001","192008","20000","1","20000","0","20000","1","1","1","IAT0810191033","NHO2018000007","PAID","","193041"),
("IATT190003094","193069","191001","192012","13000","1","13000","0","13000","1","1","1","IAT0810191033","NHO2018000007","PAID","","193069"),
("IATT190003094","193046","191002","192010","10000","1","10000","0","10000","1","1","1","IAT0810191033","NHO2018000007","PAID","","193046"),
("IATT190003094","193046","191002","192010","10000","1","10000","0","10000","2","1","1","IAT0810191033","NHO2018000007","PAID","","193046"),
("IATT190003095","193070","191001","192012","13000","1","13000","0","13000","1","1","1","IAT0810191033","NHO2018000007","PAID","","193070"),
("IATT190003095","193093","191001","192013","5000","1","5000","0","5000","1","1","1","IAT0810191033","NHO2018000007","PAID","","193093"),
("IATT190003095","193027","191001","192003","43000","1","43000","0","43000","1","1","1","IAT0810191033","NHO2018000007","PAID","","193027"),
("IATT190003095","193048","191002","192010","8000","1","8000","0","8000","1","1","1","IAT0810191033","NHO2018000007","PAID","","193048"),
("IATT190003095","193048","191002","192010","8000","1","8000","0","8000","2","1","1","IAT0810191033","NHO2018000007","PAID","","193048"),
("IATT190003095","193048","191002","192010","8000","1","8000","0","8000","3","1","1","IAT0810191033","NHO2018000007","PAID","","193048"),
("IATT190003096","193022","191001","192003","30000","1","30000","0","30000","1","1","1","IAT0810191033","NHO2018000007","PAID","","193022"),
("IATT190003096","193025","191001","192003","30000","1","30000","0","30000","1","1","1","IAT0810191033","NHO2018000007","PAID","","193025"),
("IATT190003096","193056","191002","192010","17000","1","17000","0","17000","1","1","1","IAT0810191033","NHO2018000007","PAID","","193056"),
("IATT190003094","193027","191001","192003","43000","1","43000","0","43000","1","1","2","IAT0810191033","NHO2018000007","PAID","","193027"),
("IATT190003094","193055","191002","192010","17000","1","17000","0","17000","1","1","2","IAT0810191033","NHO2018000007","PAID","","193055"),
("IATT190003097","193198","191001","192013","5000","1","5000","0","5000","1","1","1","IAT0810191033","NHO2018000007","PAID","","PEDAS"),
("IATT190003097","193200","191001","192013","5000","1","5000","0","5000","1","1","1","IAT0810191033","NHO2018000007","PAID","","193200"),
("IATT190003097","193118","191001","192012","20000","1","20000","0","20000","1","1","1","IAT0810191033","NHO2018000007","PAID","","193118"),
("IATT190003097","193051","191002","192010","20000","1","20000","0","20000","1","1","1","IAT0810191033","NHO2018000007","PAID","","193051"),
("IATT190003097","193054","191002","192010","20000","1","20000","0","20000","1","1","1","IAT0810191033","NHO2018000007","PAID","","193054"),
("IATT190003098","193198","191001","192013","5000","1","5000","0","5000","1","1","1","IAT0810191033","NHO2018000007","PAID","lvl1","ORIGINAL"),
("IATT190003098","193202","191001","192013","5000","1","5000","0","5000","1","1","1","IAT0810191033","NHO2018000007","PAID","lv2","PEDAS"),
("IATT190003098","193069","191001","192012","13000","1","13000","0","13000","1","1","1","IAT0810191033","NHO2018000007","PAID","","193069"),
("IATT190003098","193070","191001","192012","13000","1","13000","0","13000","1","1","1","IAT0810191033","NHO2018000007","PAID","","193070"),
("IATT190003098","193055","191002","192010","17000","1","17000","0","17000","1","1","1","IAT0810191033","NHO2018000007","PAID","","193055"),
("IATT190003098","193055","191002","192010","17000","1","17000","0","17000","2","1","1","IAT0810191033","NHO2018000007","PAID","","193055"),
("IATT190003099","193007","191001","192001","37000","1","37000","18500","18500","1","1","1","IAT0810191033","NHO2018000007","PAID","","PEDAS"),
("IATT190003099","193085","191001","192001","30000","1","30000","15000","15000","1","1","1","IAT0810191033","NHO2018000007","PAID","","193085"),
("IATT190003099","193047","191002","192010","10000","1","10000","0","10000","1","1","1","IAT0810191033","NHO2018000007","PAID","","193047"),
("IATT190003099","193047","191002","192010","10000","1","10000","0","10000","2","1","1","IAT0810191033","NHO2018000007","PAID","","193047"),
("IATT190003100","193035","191001","192006","32000","1","32000","0","32000","1","1","1","IAT0810191033","NHO2018000007","PAID","","ORIGINAL"),
("IATT190003100","193190","191001","192002","40000","1","40000","0","40000","1","1","1","IAT0810191033","NHO2018000007","PAID","","193190"),
("IATT190003100","193048","191002","192010","8000","1","8000","0","8000","1","1","1","IAT0810191033","NHO2018000007","PAID","","193048"),
("IATT190003100","193048","191002","192010","8000","1","8000","0","8000","2","1","1","IAT0810191033","NHO2018000007","PAID","","193048"),
("IATT190003101","193090","191001","192013","5000","1","5000","0","5000","1","1","1","IAT0810191033","NHO2018000007","PAID","","193090"),
("IATT190003101","193070","191001","192012","13000","1","13000","0","13000","1","1","1","IAT0810191033","NHO2018000007","PAID","","193070"),
("IATT190003102","193037","191001","192006","36000","1","36000","18000","18000","1","1","1","IAT0810191033","NHO2018000007","PAID","","ORIGINAL"),
("IATT190003102","193055","191002","192010","17000","1","17000","0","17000","1","1","1","IAT0810191033","NHO2018000007","PAID","","193055"),
("IATT190003103","193093","191001","192013","5000","1","5000","0","5000","1","1","1","IAT0810191033","NHO2018000007","PAID","","193093"),
("IATT190003103","193069","191001","192012","13000","1","13000","0","13000","1","1","1","IAT0810191033","NHO2018000007","PAID","","193069"),
("IATT190003103","193047","191002","192010","10000","1","10000","0","10000","1","1","1","IAT0810191033","NHO2018000007","PAID","","193047"),
("IATT190003100","193035","191001","192006","32000","1","32000","0","32000","2","1","2","IAT0810191033","NHO2018000007","PAID","","ORIGINAL"),
("IATT190003104","193090","191001","192013","5000","1","5000","0","5000","1","1","1","IAT0810191033","NHO2018000007","PAID","lvl 2","193090"),
("IATT190003104","193092","191001","192013","5000","1","5000","0","5000","1","1","1","IAT0810191033","NHO2018000007","PAID","","193092"),
("IATT190003104","193092","191001","192013","5000","1","5000","0","5000","2","1","1","IAT0810191033","NHO2018000007","PAID","","193092"),
("IATT190003104","193092","191001","192013","5000","1","5000","0","5000","3","1","1","IAT0810191033","NHO2018000007","PAID","","193092"),
("IATT190003104","193054","191002","192010","20000","1","20000","0","20000","1","1","1","IAT0810191033","NHO2018000007","PAID","","193054"),
("IATT190003104","193054","191002","192010","20000","1","20000","0","20000","2","1","1","IAT0810191033","NHO2018000007","PAID","","193054"),
("IATT190003104","193054","191002","192010","20000","1","20000","0","20000","3","1","1","IAT0810191033","NHO2018000007","PAID","","193054"),
("IATT190003104","193052","191002","192010","20000","1","20000","0","20000","1","1","1","IAT0810191033","NHO2018000007","PAID","","193052"),
("IATT190003104","193052","191002","192010","20000","1","20000","0","20000","2","1","1","IAT0810191033","NHO2018000007","PAID","","193052"),
("IATT190003104","193052","191002","192010","20000","1","20000","0","20000","3","1","1","IAT0810191033","NHO2018000007","PAID","","193052"),
("IATT190003104","193200","191001","192013","5000","1","5000","0","5000","1","1","2","IAT0810191033","NHO2018000007","PAID","","193200"),
("IATT190003104","193070","191001","192012","13000","1","13000","0","13000","1","1","2","IAT0810191033","NHO2018000007","PAID","","193070"),
("IATT190003104","193119","191001","192012","20000","1","20000","0","20000","1","1","2","IAT0810191033","NHO2018000007","PAID","","193119"),
("IATT190003105","193094","191001","192013","5000","1","5000","0","5000","1","1","1","IAT0810191033","NHO2018000007","PAID","","193094"),
("IATT190003105","193095","191001","192013","5000","1","5000","0","5000","1","1","1","IAT0810191033","NHO2018000007","PAID","","193095"),
("IATT190003105","193069","191001","192012","13000","1","13000","0","13000","1","1","1","IAT0810191033","NHO2018000007","PAID","","193069"),
("IATT190003105","193070","191001","192012","13000","1","13000","0","13000","1","1","1","IAT0810191033","NHO2018000007","PAID","","193070"),
("IATT190003105","193056","191002","192010","17000","1","17000","0","17000","1","1","2","IAT0810191033","NHO2018000007","PAID","","193056");



INSERT INTO pos_salestemp VALUES("IATT190003074","","1","35454","0","3546","0","39000","39000","08/10/2019","10:33","2019-10-08","11:28:39","ISU000004","takeaway","CLOSED","1","go food","IATR190002982","","","","","IAT0810191033","NHO2018000007"),
("IATT190003075","","1","18000","0","1800","0","19800","20000","08/10/2019","10:43","2019-10-08","11:07:21","ISU000004","tbl0001","CLOSED","1","","IATR190002981","","","","","IAT0810191033","NHO2018000007"),
("IATT190003076","","2","147000","0","14700","0","161700","200000","08/10/2019","11:42","2019-10-08","12:11:35","ISU000004","tbl0012","CLOSED","1","","IATR190002983","","","","","IAT0810191033","NHO2018000007"),
("IATT190003077","","2","104000","0","10400","0","114400","114400","08/10/2019","12:07","2019-10-08","12:49:47","ISU000004","tbl0010","CLOSED","1","","IATR190002985","","","","","IAT0810191033","NHO2018000007"),
("IATT190003078","","1","35454","0","3546","0","39000","39000","08/10/2019","12:09","2019-10-08","12:24:17","ISU000004","takeaway","CLOSED","1","","IATR190002984","","","","","IAT0810191033","NHO2018000007"),
("IATT190003079","","1","23000","0","2300","0","25300","25300","08/10/2019","13:12","2019-10-08","14:11:04","ISU000004","tbl0022","CLOSED","1","","IATR190002987","","","","","IAT0810191033","NHO2018000007"),
("IATT190003080","","2","67000","0","6700","0","73700","100000","08/10/2019","13:30","2019-10-08","13:53:26","ISU000004","tbl0012","CLOSED","1","","IATR190002986","","","","","IAT0810191033","NHO2018000007"),
("IATT190003081","","1","97000","20000","7700","0","84700","100000","08/10/2019","13:51","2019-10-08","15:19:27","ISU000006","tbl0010","CLOSED","1","","IATR190002990","","","","","IAT0810191033","NHO2018000007"),
("IATT190003082","","1","40000","0","4000","0","44000","100000","08/10/2019","14:05","2019-10-08","14:34:47","ISU000004","tbl0012","CLOSED","1","","IATR190002988","","","","","IAT0810191033","NHO2018000007"),
("IATT190003083","","1","18000","0","1800","0","19800","100000","08/10/2019","14:19","2019-10-08","14:40:47","ISU000004","tbl0005","CLOSED","1","","IATR190002989","","","","","IAT0810191033","NHO2018000007"),
("IATT190003084","","2","27000","0","2700","0","29700","50000","08/10/2019","15:09","2019-10-08","15:23:40","ISU000006","tbl0012","CLOSED","1","","IATR190002991","","","","","IAT0810191033","NHO2018000007"),
("IATT190003085","","0","40000","20000","0","0","0","0","08/10/2019","15:25","08/10/2019","15:25:52","ISU000006","tbl0015","CANCELED","1","PERMINTAAN CUSTOMER","","","","","","IAT0810191033","NHO2018000007"),
("IATT190003086","","0","97000","35000","0","0","0","0","08/10/2019","15:26","08/10/2019","15:51:37","ISU000006","tbl0015","CANCELED","1","PERMINTAAN CUSTOMER","","","","","","IAT0810191033","NHO2018000007"),
("IATT190003087","","1","60000","0","6000","0","66000","100000","08/10/2019","15:33","2019-10-08","16:20:25","ISU000006","tbl0012","CLOSED","1","","IATR190002992","","","","","IAT0810191033","NHO2018000007"),
("IATT190003088","","0","70000","0","0","0","0","0","08/10/2019","15:35","08/10/2019","15:51:20","ISU000006","tbl0001","CANCELED","1","PERMINTAAN CUSTOMER","","","","","","IAT0810191033","NHO2018000007"),
("IATT190003089","","2","117000","0","11700","0","128700","128700","08/10/2019","16:24","2019-10-08","17:53:49","ISU000013","tbl0011","CLOSED","1","","IATR190002993","","","","","IAT0810191033","NHO2018000007"),
("IATT190003090","","2","118000","15000","10300","0","113300","114000","08/10/2019","17:17","2019-10-08","18:14:21","ISU000006","tbl0010","CLOSED","1","","IATR190002996","","","","","IAT0810191033","NHO2018000007"),
("IATT190003091","","2","50000","0","5000","0","55000","55000","08/10/2019","17:28","2019-10-08","17:55:52","ISU000013","tbl0012","CLOSED","1","","IATR190002994","","","","","IAT0810191033","NHO2018000007"),
("IATT190003092","","2","36000","0","3600","0","39600","100000","08/10/2019","17:34","2019-10-08","18:22:44","ISU000006","tbl0024","CLOSED","1","","IATR190002997","","","","","IAT0810191033","NHO2018000007"),
("IATT190003093","","1","18000","0","1800","0","19800","20000","08/10/2019","17:38","2019-10-08","18:04:45","ISU000013","tbl0003","CLOSED","1","","IATR190002995","","","","","IAT0810191033","NHO2018000007"),
("IATT190003094","","3","123000","0","12300","0","135300","150000","08/10/2019","18:07","2019-10-08","18:44:32","ISU000006","tbl0012","CLOSED","1","","IATR190002998","","","","","IAT0810191033","NHO2018000007"),
("IATT190003095","","3","85000","0","8500","0","93500","100000","08/10/2019","18:15","2019-10-08","18:55:58","ISU000006","tbl0011","CLOSED","1","","IATR190002999","","","","","IAT0810191033","NHO2018000007"),
("IATT190003096","","2","77000","0","7700","0","84700","100000","08/10/2019","18:17","2019-10-08","19:31:30","ISU000006","tbl0010","CLOSED","1","","IATR190003000","","","","","IAT0810191033","NHO2018000007"),
("IATT190003097","","2","70000","0","7000","0","77000","100000","08/10/2019","18:53","2019-10-08","19:41:03","ISU000006","tbl0022","CLOSED","1","","IATR190003001","","","","","IAT0810191033","NHO2018000007"),
("IATT190003098","","2","70000","0","7000","0","77000","100000","08/10/2019","19:11","2019-10-08","19:45:17","ISU000006","tbl0012","CLOSED","1","","IATR190003002","","","","","IAT0810191033","NHO2018000007"),
("IATT190003099","","2","87000","33500","5350","0","58850","58850","08/10/2019","19:29","2019-10-08","20:06:51","ISU000006","tbl0011","CLOSED","1","","IATR190003003","","","","","IAT0810191033","NHO2018000007"),
("IATT190003100","","2","120000","0","12000","0","132000","132000","08/10/2019","19:33","2019-10-08","20:22:34","ISU000006","tbl0004","CLOSED","1","","IATR190003004","","","","","IAT0810191033","NHO2018000007"),
("IATT190003101","","1","18000","0","1800","0","19800","19800","08/10/2019","19:42","2019-10-08","21:11:42","ISU000006","tbl0046","CLOSED","1","","IATR190003005","","","","","IAT0810191033","NHO2018000007"),
("IATT190003102","","1","53000","18000","3500","0","38500","38500","08/10/2019","19:43","2019-10-08","21:12:50","ISU000006","tbl0047","CLOSED","1","","IATR190003006","","","","","IAT0810191033","NHO2018000007"),
("IATT190003103","","1","28000","0","2800","0","30800","30800","08/10/2019","19:43","2019-10-08","21:13:50","ISU000006","tbl0048","CLOSED","1","","IATR190003007","","","","","IAT0810191033","NHO2018000007"),
("IATT190003104","","6","178000","0","17800","0","195800","195800","08/10/2019","20:27","2019-10-08","21:16:04","ISU000006","tbl0010","CLOSED","1","","IATR190003008","","","","","IAT0810191033","NHO2018000007"),
("IATT190003105","","2","53000","0","5300","0","58300","58300","08/10/2019","21:00","2019-10-08","21:23:14","ISU000006","tbl0020","CLOSED","1","","IATR190003009","","","","","IAT0810191033","NHO2018000007");



INSERT INTO item_void VALUES("IATT190003093","IAT0810191033","NHO2018000007","193187","193187","1","40000","Before Send","Komplen Customer"),
("IATT190003093","IAT0810191033","NHO2018000007","193202","ORIGINAL","1","5000","Before Send","Komplen Customer");



INSERT INTO pos_promotion_h VALUES("IATT190003081","NPRM18000017","DISC ITEM","1","20000","TUNJUKKAN JEMPOLMU","IAT0810191033","PAID","NHO2018000007"),
("IATT190003090","NPRM18000017","DISC ITEM","1","15000","TUNJUKKAN JEMPOLMU","IAT0810191033","PAID","NHO2018000007"),
("IATT190003102","NPRM18000017","DISC ITEM","1","18000","TUNJUKKAN JEMPOLMU","IAT0810191033","PAID","NHO2018000007"),
("IATT190003099","NPRM18000017","DISC ITEM","1","33500","TUNJUKKAN JEMPOLMU","IAT0810191033","PAID","NHO2018000007");



INSERT INTO pos_promotion_d VALUES("IATT190003081","NPRM18000017","DISC ITEM","1","1","193192","1","20000","IAT0810191033","PAID","NHO2018000007"),
("IATT190003090","NPRM18000017","DISC ITEM","1","1","193076","1","15000","IAT0810191033","PAID","NHO2018000007"),
("IATT190003102","NPRM18000017","DISC ITEM","1","1","193037","1","18000","IAT0810191033","PAID","NHO2018000007"),
("IATT190003099","NPRM18000017","DISC ITEM","1","1","193007","1","18500","IAT0810191033","PAID","NHO2018000007"),
("IATT190003099","NPRM18000017","DISC ITEM","1","1","193085","1","15000","IAT0810191033","PAID","NHO2018000007");



INSERT INTO pos_paymenttemp VALUES("IATT190003075","CASH","CASH","19800","20000","ISU000004","2019-10-08","","1","","CLOSED","IAT0810191033","NHO2018000007"),
("IATT190003074","CASH","GOPAY","39000","39000","ISU000004","2019-10-08","","1","","CLOSED","IAT0810191033","NHO2018000007"),
("IATT190003076","CASH","CASH","161700","200000","ISU000004","2019-10-08","","1","","CLOSED","IAT0810191033","NHO2018000007"),
("IATT190003078","CASH","GOPAY","39000","39000","ISU000004","2019-10-08","","1","","CLOSED","IAT0810191033","NHO2018000007"),
("IATT190003077","CARD","VISA","114400","114400","ISU000004","2019-10-08","","1","","CLOSED","IAT0810191033","NHO2018000007"),
("IATT190003080","CASH","CASH","73700","100000","ISU000004","2019-10-08","","1","","CLOSED","IAT0810191033","NHO2018000007"),
("IATT190003079","CARD","DEBIT BCA","25300","25300","ISU000004","2019-10-08","","1","","CLOSED","IAT0810191033","NHO2018000007"),
("IATT190003082","CASH","CASH","44000","100000","ISU000004","2019-10-08","","1","","CLOSED","IAT0810191033","NHO2018000007"),
("IATT190003083","CASH","CASH","19800","100000","ISU000004","2019-10-08","","1","","CLOSED","IAT0810191033","NHO2018000007"),
("IATT190003081","CASH","CASH","84700","100000","ISU000006","2019-10-08","","1","","CLOSED","IAT0810191033","NHO2018000007"),
("IATT190003084","CASH","CASH","29700","50000","ISU000006","2019-10-08","","1","","CLOSED","IAT0810191033","NHO2018000007"),
("IATT190003087","CASH","CASH","66000","100000","ISU000006","2019-10-08","","1","","CLOSED","IAT0810191033","NHO2018000007"),
("IATT190003089","CARD","DEBIT BCA","128700","128700","ISU000013","2019-10-08","","1","","CLOSED","IAT0810191033","NHO2018000007"),
("IATT190003091","CARD","DEBIT BCA","55000","55000","ISU000013","2019-10-08","","1","","CLOSED","IAT0810191033","NHO2018000007"),
("IATT190003093","CASH","CASH","19800","20000","ISU000013","2019-10-08","","1","","CLOSED","IAT0810191033","NHO2018000007"),
("IATT190003090","CASH","CASH","113300","114000","ISU000006","2019-10-08","","1","","CLOSED","IAT0810191033","NHO2018000007"),
("IATT190003092","CASH","CASH","39600","100000","ISU000006","2019-10-08","","1","","CLOSED","IAT0810191033","NHO2018000007"),
("IATT190003094","CASH","CASH","135300","150000","ISU000006","2019-10-08","","1","","CLOSED","IAT0810191033","NHO2018000007"),
("IATT190003095","CASH","CASH","93500","100000","ISU000006","2019-10-08","","1","","CLOSED","IAT0810191033","NHO2018000007"),
("IATT190003096","CASH","CASH","84700","100000","ISU000006","2019-10-08","","1","","CLOSED","IAT0810191033","NHO2018000007"),
("IATT190003097","CASH","CASH","77000","100000","ISU000006","2019-10-08","","1","","CLOSED","IAT0810191033","NHO2018000007"),
("IATT190003098","CASH","CASH","77000","100000","ISU000006","2019-10-08","","1","","CLOSED","IAT0810191033","NHO2018000007"),
("IATT190003099","CARD","DEBIT BCA","58850","58850","ISU000006","2019-10-08","","1","","CLOSED","IAT0810191033","NHO2018000007"),
("IATT190003100","CASH","CASH","132000","132000","ISU000006","2019-10-08","","1","","CLOSED","IAT0810191033","NHO2018000007"),
("IATT190003101","CARD","DEBIT BCA","19800","19800","ISU000006","2019-10-08","","1","","CLOSED","IAT0810191033","NHO2018000007"),
("IATT190003102","CARD","DEBIT BCA","38500","38500","ISU000006","2019-10-08","","1","","CLOSED","IAT0810191033","NHO2018000007"),
("IATT190003103","CARD","DEBIT BCA","30800","30800","ISU000006","2019-10-08","","1","","CLOSED","IAT0810191033","NHO2018000007"),
("IATT190003104","CARD","DEBIT BCA","195800","195800","ISU000006","2019-10-08","","1","","CLOSED","IAT0810191033","NHO2018000007"),
("IATT190003105","CARD","DEBIT BCA","58300","58300","ISU000006","2019-10-08","","1","","CLOSED","IAT0810191033","NHO2018000007");



