INSERT INTO pos_itemtemp VALUES("IATT200004716","193009","191001","192001","40000","1","40000","12000","28000","1","1","1","IAT0901200908","NHO2018000007","PAID","CHICKEN KATSU DIPISAH SMUA","193009"),
("IATT200004716","193012","191001","192001","40000","1","40000","12000","28000","1","1","1","IAT0901200908","NHO2018000007","PAID","","193012"),
("IATT200004716","193012","191001","192001","40000","1","40000","12000","28000","2","1","1","IAT0901200908","NHO2018000007","PAID","","193012"),
("IATT200004716","193049","191002","192010","10000","1","10000","0","10000","1","1","1","IAT0901200908","NHO2018000007","PAID","","193049"),
("IATT200004716","193049","191002","192010","10000","1","10000","0","10000","2","1","1","IAT0901200908","NHO2018000007","PAID","","193049"),
("IATT200004716","193049","191002","192010","10000","1","10000","0","10000","3","1","1","IAT0901200908","NHO2018000007","PAID","","193049"),
("IATT200004717","193022","191001","192003","30000","1","30000","0","30000","1","1","1","IAT0901200908","NHO2018000007","PAID","","193022"),
("IATT200004717","193111","191001","192008","25000","1","25000","0","25000","1","1","1","IAT0901200908","NHO2018000007","PAID","","193111"),
("IATT200004717","193052","191002","192010","20000","1","20000","0","20000","1","1","1","IAT0901200908","NHO2018000007","PAID","","193052"),
("IATT200004717","193052","191002","192010","20000","1","20000","0","20000","2","1","1","IAT0901200908","NHO2018000007","PAID","","193052"),
("IATT200004718","193011","191001","192001","40000","1","40000","0","40000","1","1","1","IAT0901200908","NHO2018000007","PAID","LEVEL 3/YANG SATU GAPAKE DAUM BAWANG","PEDAS"),
("IATT200004718","193011","191001","192001","40000","1","40000","0","40000","2","1","1","IAT0901200908","NHO2018000007","PAID","","PEDAS"),
("IATT200004718","193028","191001","192003","43000","1","43000","0","43000","1","1","1","IAT0901200908","NHO2018000007","PAID","","193028"),
("IATT200004718","193084","191001","192001","30000","1","30000","0","30000","1","1","1","IAT0901200908","NHO2018000007","PAID","LEVEL 2","PEDAS"),
("IATT200004718","193084","191001","192001","30000","1","30000","0","30000","2","1","1","IAT0901200908","NHO2018000007","PAID","","PEDAS"),
("IATT200004718","193085","191001","192001","30000","1","30000","0","30000","1","1","1","IAT0901200908","NHO2018000007","PAID","PEDAS LVL 3","193085"),
("IATT200004718","193048","191002","192010","8000","1","8000","0","8000","1","1","1","IAT0901200908","NHO2018000007","PAID","","193048"),
("IATT200004718","193046","191002","192010","10000","1","10000","0","10000","1","1","1","IAT0901200908","NHO2018000007","PAID","","193046"),
("IATT200004718","193046","191002","192010","10000","1","10000","0","10000","2","1","1","IAT0901200908","NHO2018000007","PAID","","193046"),
("IATT200004719","193035","191001","192006","32000","1","32000","3200","28800","1","1","1","IAT0901200908","NHO2018000007","PAID","","ORIGINAL"),
("IATT200004719","193054","191002","192010","20000","1","20000","0","20000","1","1","1","IAT0901200908","NHO2018000007","PAID","","193054"),
("IATT200004720","193025","191001","192003","30000","1","30000","0","30000","1","1","1","IAT0901200908","NHO2018000007","PAID","","193025"),
("IATT200004720","193034","191001","192005","37000","1","37000","0","37000","1","1","1","IAT0901200908","NHO2018000007","PAID","","193034"),
("IATT200004720","193069","191001","192012","13000","1","13000","0","13000","1","1","1","IAT0901200908","NHO2018000007","PAID","","193069"),
("IATT200004720","193118","191001","192012","20000","1","20000","0","20000","1","1","1","IAT0901200908","NHO2018000007","PAID","","193118"),
("IATT200004720","193048","191002","192010","8000","1","8000","0","8000","1","1","1","IAT0901200908","NHO2018000007","PAID","","193048"),
("IATT200004720","193047","191002","192010","10000","1","10000","0","10000","1","1","1","IAT0901200908","NHO2018000007","PAID","","193047"),
("IATT200004720","193047","191002","192010","10000","1","10000","0","10000","2","1","1","IAT0901200908","NHO2018000007","PAID","","193047"),
("IATT200004720","193047","191002","192010","10000","1","10000","0","10000","3","1","1","IAT0901200908","NHO2018000007","PAID","","193047"),
("IATT200004720","193022","191001","192003","30000","1","30000","0","30000","1","1","2","IAT0901200908","NHO2018000007","PAID","TW","193022"),
("IATT200004720","193049","191002","192010","10000","1","10000","0","10000","1","1","3","IAT0901200908","NHO2018000007","PAID","","193049"),
("IATT200004721","193009","191001","192001","40000","1","40000","0","40000","1","1","1","IAT0901200908","NHO2018000007","PAID","","193009"),
("IATT200004721","193080","191001","192002","33000","1","33000","0","33000","1","1","1","IAT0901200908","NHO2018000007","PAID","","PEDAS"),
("IATT200004721","193047","191002","192010","10000","1","10000","0","10000","1","1","1","IAT0901200908","NHO2018000007","PAID","","193047"),
("IATT200004721","193047","191002","192010","10000","1","10000","0","10000","2","1","1","IAT0901200908","NHO2018000007","PAID","","193047"),
("IATT200004722","193035","191001","192006","32000","1","32000","0","32000","1","1","1","IAT0901200908","NHO2018000007","PAID","PDSSSS","PEDAS"),
("IATT200004722","193010","191001","192001","40000","1","40000","0","40000","1","1","1","IAT0901200908","NHO2018000007","PAID","","193010"),
("IATT200004722","193052","191002","192010","20000","1","20000","0","20000","1","1","1","IAT0901200908","NHO2018000007","PAID","","193052"),
("IATT200004722","193046","191002","192010","10000","1","10000","0","10000","1","1","1","IAT0901200908","NHO2018000007","PAID","","193046"),
("IATT200004723","193020","191001","192002","40000","1","40000","0","40000","1","1","1","IAT0901200908","NHO2018000007","PAID","","193020"),
("IATT200004723","193084","191001","192001","30000","1","30000","0","30000","1","1","1","IAT0901200908","NHO2018000007","PAID","","PEDAS"),
("IATT200004723","193052","191002","192010","20000","1","20000","0","20000","1","1","1","IAT0901200908","NHO2018000007","PAID","","193052"),
("IATT200004723","193054","191002","192010","20000","1","20000","0","20000","1","1","1","IAT0901200908","NHO2018000007","PAID","","193054"),
("IATT200004723","193086","191001","192002","33000","1","33000","0","33000","1","1","2","IAT0901200908","NHO2018000007","PAID","","PEDAS"),
("IATT200004723","193054","191002","192010","20000","1","20000","0","20000","2","1","2","IAT0901200908","NHO2018000007","PAID","","193054"),
("IATT200004724","193083","191001","192001","30000","1","30000","0","30000","1","1","1","IAT0901200908","NHO2018000007","PAID","","193083"),
("IATT200004724","193025","191001","192003","30000","1","30000","0","30000","1","1","1","IAT0901200908","NHO2018000007","PAID","","193025"),
("IATT200004724","193046","191002","192010","10000","1","10000","0","10000","1","1","1","IAT0901200908","NHO2018000007","PAID","","193046"),
("IATT200004724","193047","191002","192010","10000","1","10000","0","10000","1","1","1","IAT0901200908","NHO2018000007","PAID","","193047"),
("IATT200004725","193084","191001","192001","30000","1","30000","9000","21000","1","1","1","IAT0901200908","NHO2018000007","PAID","GAK PAKE SAYURAN SEMUA,YG SATU SAMBALNYA DI PISAH","PEDAS"),
("IATT200004725","193084","191001","192001","30000","1","30000","9000","21000","2","1","1","IAT0901200908","NHO2018000007","PAID","","PEDAS"),
("IATT200004725","193084","191001","192001","30000","1","30000","9000","21000","3","1","1","IAT0901200908","NHO2018000007","PAID","","PEDAS"),
("IATT200004725","193047","191002","192010","10000","1","10000","0","10000","1","1","1","IAT0901200908","NHO2018000007","PAID","","193047"),
("IATT200004725","193047","191002","192010","10000","1","10000","0","10000","2","1","1","IAT0901200908","NHO2018000007","PAID","","193047");



INSERT INTO pos_salestemp VALUES("IATT200004716","","3","150000","36000","11400","0","125400","150000","09/01/2020","12:08","2020-01-09","13:09:57","ISU000015","tbl0012","CLOSED","1","","IATR200004588","","","","","IAT0901200908","NHO2018000007"),
("IATT200004717","","2","95000","0","9500","0","104500","105000","09/01/2020","12:36","2020-01-09","12:56:27","ISU000015","tbl0010","CLOSED","1","","IATR200004587","","","","","IAT0901200908","NHO2018000007"),
("IATT200004718","","6","241000","0","24100","0","265100","265100","09/01/2020","12:42","2020-01-09","13:22:50","ISU000015","tbl0021","CLOSED","1","","IATR200004589","","","","","IAT0901200908","NHO2018000007"),
("IATT200004719","","1","52000","3200","4880","0","53680","105000","09/01/2020","13:18","2020-01-09","13:41:04","ISU000015","tbl0011","CLOSED","1","","IATR200004590","","","","","IAT0901200908","NHO2018000007"),
("IATT200004720","","4","178000","0","17800","0","195800","300000","09/01/2020","13:20","2020-01-09","14:07:37","ISU000006","tbl0010","CLOSED","1","","IATR200004591","","","","","IAT0901200908","NHO2018000007"),
("IATT200004721","","2","93000","0","9300","0","102300","102300","09/01/2020","14:40","2020-01-09","15:38:15","ISU000006","tbl0012","CLOSED","1","","IATR200004592","","","","","IAT0901200908","NHO2018000007"),
("IATT200004722","","2","102000","0","10200","0","112200","150000","09/01/2020","17:09","2020-01-09","17:32:46","ISU000006","tbl0018","CLOSED","1","","IATR200004593","","","","","IAT0901200908","NHO2018000007"),
("IATT200004723","","2","163000","0","16300","0","179300","200000","09/01/2020","17:40","2020-01-09","18:41:25","ISU000006","tbl0012","CLOSED","1","","IATR200004594","","","","","IAT0901200908","NHO2018000007"),
("IATT200004724","","2","80000","0","8000","0","88000","100000","09/01/2020","18:31","2020-01-09","19:02:24","ISU000006","tbl0010","CLOSED","1","","IATR200004595","","","","","IAT0901200908","NHO2018000007"),
("IATT200004725","","3","110000","27000","8300","0","91300","91300","09/01/2020","20:45","2020-01-09","21:18:08","ISU000006","tbl0011","CLOSED","1","","IATR200004596","","","","","IAT0901200908","NHO2018000007");






INSERT INTO pos_promotion_h VALUES("IATT200004716","NPRM18000025","DISC ITEM","1","36000","KANAN KIRI DISKON 30%","IAT0901200908","PAID","NHO2018000007"),
("IATT200004719","NPRM18000023","DISC ITEM","1","3200","KANAN KIRI DISKON 10%","IAT0901200908","PAID","NHO2018000007"),
("IATT200004725","NPRM18000025","DISC ITEM","1","27000","KANAN KIRI DISKON 30%","IAT0901200908","PAID","NHO2018000007");



INSERT INTO pos_promotion_d VALUES("IATT200004716","NPRM18000025","DISC ITEM","1","1","193009","1","12000","IAT0901200908","PAID","NHO2018000007"),
("IATT200004716","NPRM18000025","DISC ITEM","1","1","193012","1","12000","IAT0901200908","PAID","NHO2018000007"),
("IATT200004716","NPRM18000025","DISC ITEM","1","1","193012","2","12000","IAT0901200908","PAID","NHO2018000007"),
("IATT200004719","NPRM18000023","DISC ITEM","1","1","193035","1","3200","IAT0901200908","PAID","NHO2018000007"),
("IATT200004725","NPRM18000025","DISC ITEM","1","1","193084","1","9000","IAT0901200908","PAID","NHO2018000007"),
("IATT200004725","NPRM18000025","DISC ITEM","1","1","193084","2","9000","IAT0901200908","PAID","NHO2018000007"),
("IATT200004725","NPRM18000025","DISC ITEM","1","1","193084","3","9000","IAT0901200908","PAID","NHO2018000007");



INSERT INTO pos_paymenttemp VALUES("IATT200004717","CASH","CASH","104500","105000","ISU000015","2020-01-09","","1","","CLOSED","IAT0901200908","NHO2018000007"),
("IATT200004716","CASH","CASH","125400","150000","ISU000015","2020-01-09","","1","","CLOSED","IAT0901200908","NHO2018000007"),
("IATT200004718","CARD","VISA","265100","265100","ISU000015","2020-01-09","","1","","CLOSED","IAT0901200908","NHO2018000007"),
("IATT200004719","CASH","CASH","53680","105000","ISU000015","2020-01-09","","1","","CLOSED","IAT0901200908","NHO2018000007"),
("IATT200004720","VOUCHER","TRAVELOKA EATS 100K","100000","100000","ISU000006","2020-01-09","","1","","CLOSED","IAT0901200908","NHO2018000007"),
("IATT200004720","VOUCHER","TRAVELOKA EATS 100K","100000","100000","ISU000006","2020-01-09","","1","","CLOSED","IAT0901200908","NHO2018000007"),
("IATT200004720","VOUCHER","TRAVELOKA EATS 100K","100000","100000","ISU000006","2020-01-09","","1","","CLOSED","IAT0901200908","NHO2018000007"),
("IATT200004721","CASH","OVO","102300","102300","ISU000006","2020-01-09","","1","","CLOSED","IAT0901200908","NHO2018000007"),
("IATT200004722","CASH","CASH","112200","150000","ISU000006","2020-01-09","","1","","CLOSED","IAT0901200908","NHO2018000007"),
("IATT200004723","CASH","CASH","179300","200000","ISU000006","2020-01-09","","1","","CLOSED","IAT0901200908","NHO2018000007"),
("IATT200004724","CASH","CASH","88000","100000","ISU000006","2020-01-09","","1","","CLOSED","IAT0901200908","NHO2018000007"),
("IATT200004725","CARD","DEBIT BCA","91300","91300","ISU000006","2020-01-09","","1","","CLOSED","IAT0901200908","NHO2018000007");



