INSERT INTO pos_itemtemp VALUES("IATT190003106","193036","191001","192006","36000","1","36000","18000","18000","1","1","1","IAT0910190920","NHO2018000007","PAID","yg satu pedes yg satu engga","ORIGINAL"),
("IATT190003106","193036","191001","192006","36000","1","36000","18000","18000","2","1","1","IAT0910190920","NHO2018000007","PAID","","ORIGINAL"),
("IATT190003106","193034","191001","192005","37000","1","37000","18500","18500","1","1","1","IAT0910190920","NHO2018000007","PAID","telor yg mateng","193034"),
("IATT190003106","193055","191002","192010","17000","1","17000","0","17000","1","1","1","IAT0910190920","NHO2018000007","PAID","","193055"),
("IATT190003106","193055","191002","192010","17000","1","17000","0","17000","2","1","1","IAT0910190920","NHO2018000007","PAID","","193055"),
("IATT190003106","193056","191002","192010","17000","1","17000","0","17000","1","1","1","IAT0910190920","NHO2018000007","PAID","","193056"),
("IATT190003107","193028","191001","192003","43000","1","43000","0","43000","1","1","1","IAT0910190920","NHO2018000007","PAID","","193028"),
("IATT190003107","193028","191001","192003","43000","1","43000","0","43000","2","1","1","IAT0910190920","NHO2018000007","PAID","","193028"),
("IATT190003107","193054","191002","192010","20000","1","20000","0","20000","1","1","1","IAT0910190920","NHO2018000007","PAID","","193054"),
("IATT190003107","193054","191002","192010","20000","1","20000","0","20000","2","1","1","IAT0910190920","NHO2018000007","PAID","","193054"),
("IATT190003108","193156","191001","192015","31909","1","31909","0","31909","1","1","1","IAT0910190920","NHO2018000007","PAID","","193156"),
("IATT190003109","193080","191001","192002","33000","1","33000","0","33000","1","1","1","IAT0910190920","NHO2018000007","PAID"," pedes sedeng","ORIGINAL"),
("IATT190003109","193118","191001","192012","20000","1","20000","0","20000","1","1","1","IAT0910190920","NHO2018000007","PAID","","193118"),
("IATT190003109","193072","191001","192012","25000","1","25000","0","25000","1","1","1","IAT0910190920","NHO2018000007","PAID","","193072"),
("IATT190003109","193048","191002","192010","8000","1","8000","0","8000","1","1","1","IAT0910190920","NHO2018000007","PAID","","193048"),
("IATT190003109","193054","191002","192010","20000","1","20000","0","20000","1","1","1","IAT0910190920","NHO2018000007","PAID","","193054"),
("IATT190003110","193113","191001","192003","55000","1","55000","0","55000","1","1","1","IAT0910190920","NHO2018000007","PAID","","193113"),
("IATT190003110","193056","191002","192010","17000","1","17000","0","17000","1","1","1","IAT0910190920","NHO2018000007","PAID","","193056"),
("IATT190003111","193086","191001","192002","33000","1","33000","0","33000","1","1","1","IAT0910190920","NHO2018000007","PAID"," pedes sedeng","ORIGINAL"),
("IATT190003111","193198","191001","192013","5000","1","5000","0","5000","1","1","1","IAT0910190920","NHO2018000007","PAID"," pedes sedeng","ORIGINAL"),
("IATT190003111","193035","191001","192006","32000","1","32000","0","32000","1","1","1","IAT0910190920","NHO2018000007","PAID","","PEDAS"),
("IATT190003111","193056","191002","192010","17000","1","17000","0","17000","1","1","1","IAT0910190920","NHO2018000007","PAID","","193056"),
("IATT190003111","193046","191002","192010","10000","1","10000","0","10000","1","1","1","IAT0910190920","NHO2018000007","PAID","","193046"),
("IATT190003111","193046","191002","192010","10000","1","10000","0","10000","2","1","1","IAT0910190920","NHO2018000007","PAID","","193046"),
("IATT190003111","193054","191002","192010","20000","1","20000","0","20000","1","1","1","IAT0910190920","NHO2018000007","PAID","","193054"),
("IATT190003112","193198","191001","192013","5000","1","5000","0","5000","1","1","1","IAT0910190920","NHO2018000007","PAID"," pedes sedeng","ORIGINAL"),
("IATT190003112","193200","191001","192013","5000","1","5000","0","5000","1","1","1","IAT0910190920","NHO2018000007","PAID","","193200"),
("IATT190003112","193070","191001","192012","13000","1","13000","0","13000","1","1","1","IAT0910190920","NHO2018000007","PAID","","193070"),
("IATT190003113","193084","191001","192001","30000","1","30000","15000","15000","1","1","1","IAT0910190920","NHO2018000007","PAID"," SEDENG","PEDAS"),
("IATT190003113","193084","191001","192001","30000","1","30000","15000","15000","2","1","1","IAT0910190920","NHO2018000007","PAID","","PEDAS"),
("IATT190003113","193056","191002","192010","17000","1","17000","0","17000","1","1","1","IAT0910190920","NHO2018000007","PAID","","193056"),
("IATT190003113","193054","191002","192010","20000","1","20000","0","20000","1","1","1","IAT0910190920","NHO2018000007","PAID","","193054"),
("IATT190003114","193023","191001","192003","30000","1","30000","0","30000","1","1","1","IAT0910190920","NHO2018000007","PAID","","193023"),
("IATT190003114","193055","191002","192010","17000","1","17000","0","17000","1","1","1","IAT0910190920","NHO2018000007","PAID","","193055"),
("IATT190003114","193093","191001","192013","5000","1","5000","0","5000","1","1","1","IAT0910190920","NHO2018000007","PAID","","193093"),
("IATT190003114","193048","191002","192010","8000","1","8000","0","8000","1","1","2","IAT0910190920","NHO2018000007","PAID","","193048"),
("IATT190003115","193035","191001","192006","32000","1","32000","16000","16000","1","1","1","IAT0910190920","NHO2018000007","PAID","","PEDAS"),
("IATT190003115","193030","191001","192004","27000","1","27000","13500","13500","1","1","1","IAT0910190920","NHO2018000007","PAID","","193030"),
("IATT190003116","193194","191001","192013","5000","1","5000","0","5000","1","1","1","IAT0910190920","NHO2018000007","PAID","","193194"),
("IATT190003116","193194","191001","192013","5000","1","5000","0","5000","2","1","1","IAT0910190920","NHO2018000007","PAID","","193194"),
("IATT190003116","193070","191001","192012","13000","1","13000","0","13000","1","1","1","IAT0910190920","NHO2018000007","PAID","","193070"),
("IATT190003117","193199","191001","192013","5000","1","5000","0","5000","1","1","1","IAT0910190920","NHO2018000007","PAID","","193199"),
("IATT190003117","193069","191001","192012","13000","1","13000","0","13000","1","1","1","IAT0910190920","NHO2018000007","PAID","","193069"),
("IATT190003117","193047","191002","192010","10000","1","10000","0","10000","1","1","1","IAT0910190920","NHO2018000007","PAID","","193047"),
("IATT190003118","193187","191001","192001","40000","1","40000","20000","20000","1","1","1","IAT0910190920","NHO2018000007","PAID","LVL1\n","193187"),
("IATT190003118","193114","191001","192006","42000","1","42000","21000","21000","1","1","1","IAT0910190920","NHO2018000007","PAID","SEDENGGGG\n","193114"),
("IATT190003118","193046","191002","192010","10000","1","10000","0","10000","1","1","1","IAT0910190920","NHO2018000007","PAID","","193046"),
("IATT190003118","193054","191002","192010","20000","1","20000","0","20000","1","1","1","IAT0910190920","NHO2018000007","PAID","","193054"),
("IATT190003119","193084","191001","192001","30000","1","30000","15000","15000","1","1","1","IAT0910190920","NHO2018000007","PAID","LVL 1 DIKIT AJA SAMBAL NYA\nLVL 2","ORIGINAL"),
("IATT190003119","193084","191001","192001","30000","1","30000","15000","15000","2","1","1","IAT0910190920","NHO2018000007","PAID","","ORIGINAL"),
("IATT190003120","193197","191001","192013","5000","1","5000","0","5000","1","1","1","IAT0910190920","NHO2018000007","PAID","","193197"),
("IATT190003120","193199","191001","192013","5000","1","5000","0","5000","1","1","1","IAT0910190920","NHO2018000007","PAID","","193199"),
("IATT190003120","193069","191001","192012","13000","1","13000","0","13000","1","1","1","IAT0910190920","NHO2018000007","PAID","","193069"),
("IATT190003120","193070","191001","192012","13000","1","13000","0","13000","1","1","1","IAT0910190920","NHO2018000007","PAID","","193070"),
("IATT190003120","193056","191002","192010","17000","1","17000","0","17000","1","1","1","IAT0910190920","NHO2018000007","PAID","","193056"),
("IATT190003120","193054","191002","192010","20000","1","20000","0","20000","1","1","1","IAT0910190920","NHO2018000007","PAID","","193054"),
("IATT190003121","193194","191001","192013","5000","1","5000","0","5000","1","1","1","IAT0910190920","NHO2018000007","PAID","","193194"),
("IATT190003121","193070","191001","192012","13000","1","13000","0","13000","1","1","1","IAT0910190920","NHO2018000007","PAID","","193070"),
("IATT190003122","193070","191001","192012","13000","1","13000","0","13000","1","1","1","IAT0910190920","NHO2018000007","PAID","","193070"),
("IATT190003122","193069","191001","192012","13000","1","13000","0","13000","1","1","1","IAT0910190920","NHO2018000007","PAID","","193069"),
("IATT190003122","193052","191002","192010","20000","1","20000","0","20000","1","1","1","IAT0910190920","NHO2018000007","PAID","","193052"),
("IATT190003122","193054","191002","192010","20000","1","20000","0","20000","1","1","1","IAT0910190920","NHO2018000007","PAID","","193054"),
("IATT190003122","193199","191001","192013","5000","1","5000","0","5000","1","1","1","IAT0910190920","NHO2018000007","PAID","","193199"),
("IATT190003122","193200","191001","192013","5000","1","5000","0","5000","1","1","1","IAT0910190920","NHO2018000007","PAID","","193200"),
("IATT190003123","193070","191001","192012","13000","1","13000","0","13000","1","1","1","IAT0910190920","NHO2018000007","PAID","","193070"),
("IATT190003123","193055","191002","192010","17000","1","17000","0","17000","1","1","1","IAT0910190920","NHO2018000007","PAID","","193055"),
("IATT190003123","193199","191001","192013","5000","1","5000","0","5000","1","1","1","IAT0910190920","NHO2018000007","PAID","","193199"),
("IATT190003123","193198","191001","192013","5000","1","5000","0","5000","1","1","1","IAT0910190920","NHO2018000007","PAID","","PEDAS"),
("IATT190003123","193073","191003","192011","0","1","0","0","0","1","1","1","IAT0910190920","NHO2018000007","PAID","","193073"),
("IATT190003124","193198","191001","192013","5000","1","5000","0","5000","1","1","1","IAT0910190920","NHO2018000007","PAID","LV 2","PEDAS"),
("IATT190003124","193056","191002","192010","17000","1","17000","0","17000","1","1","1","IAT0910190920","NHO2018000007","PAID","","193056"),
("IATT190003124","193069","191001","192012","13000","1","13000","0","13000","1","1","1","IAT0910190920","NHO2018000007","PAID","","193069"),
("IATT190003124","193055","191002","192010","17000","1","17000","0","17000","1","1","1","IAT0910190920","NHO2018000007","PAID","","193055"),
("IATT190003125","193204","191001","192013","5000","1","5000","0","5000","1","1","1","IAT0910190920","NHO2018000007","PAID","","193204"),
("IATT190003125","193069","191001","192012","13000","1","13000","0","13000","1","1","1","IAT0910190920","NHO2018000007","PAID","","193069"),
("IATT190003125","193048","191002","192010","8000","1","8000","0","8000","1","1","1","IAT0910190920","NHO2018000007","PAID","","193048"),
("IATT190003126","193084","191001","192001","30000","1","30000","15000","15000","1","1","1","IAT0910190920","NHO2018000007","PAID","LVL1","ORIGINAL"),
("IATT190003126","193082","191001","192001","30000","1","30000","15000","15000","1","1","1","IAT0910190920","NHO2018000007","PAID","","193082"),
("IATT190003126","193054","191002","192010","20000","1","20000","0","20000","1","1","1","IAT0910190920","NHO2018000007","PAID","","193054"),
("IATT190003126","193069","191001","192012","13000","1","13000","6500","6500","1","1","1","IAT0910190920","NHO2018000007","PAID","","193069"),
("IATT190003126","193119","191001","192012","20000","1","20000","10000","10000","1","1","1","IAT0910190920","NHO2018000007","PAID","","193119"),
("IATT190003126","193051","191002","192010","20000","1","20000","0","20000","1","1","2","IAT0910190920","NHO2018000007","PAID","","193051"),
("IATT190003127","193055","191002","192010","17000","1","17000","0","17000","1","1","1","IAT0910190920","NHO2018000007","PAID","","193055"),
("IATT190003127","193055","191002","192010","17000","1","17000","0","17000","2","1","1","IAT0910190920","NHO2018000007","PAID","","193055"),
("IATT190003127","193055","191002","192010","17000","1","17000","0","17000","3","1","1","IAT0910190920","NHO2018000007","PAID","","193055"),
("IATT190003127","193118","191001","192012","20000","1","20000","10000","10000","1","1","1","IAT0910190920","NHO2018000007","PAID","","193118"),
("IATT190003127","193186","191001","192001","40000","1","40000","20000","20000","1","1","1","IAT0910190920","NHO2018000007","PAID","","193186"),
("IATT190003127","193015","191001","192002","33000","1","33000","16500","16500","1","1","1","IAT0910190920","NHO2018000007","PAID","","ORIGINAL"),
("IATT190003127","193087","191001","192002","33000","1","33000","16500","16500","1","1","1","IAT0910190920","NHO2018000007","PAID","","193087");



INSERT INTO pos_salestemp VALUES("IATT190003106","","3","160000","54500","10550","0","116050","150000","09/10/2019","11:15","2019-10-09","11:57:06","ISU000004","tbl0012","CLOSED","1","","IATR190003010","","","","","IAT0910190920","NHO2018000007"),
("IATT190003107","","2","126000","0","12600","0","138600","200000","09/10/2019","12:04","2019-10-09","12:42:41","ISU000004","tbl0002","CLOSED","1","","IATR190003012","","","","","IAT0910190920","NHO2018000007"),
("IATT190003108","","1","31909","0","3191","0","35100","35100","09/10/2019","12:07","2019-10-09","12:26:16","ISU000004","tbl0003","CLOSED","1","go food","IATR190003011","","","","","IAT0910190920","NHO2018000007"),
("IATT190003109","","1","106000","0","10600","0","116600","116600","09/10/2019","12:09","2019-10-09","16:14:02","ISU000004","tbl0009","CLOSED","1","","IATR190003023","","","","","IAT0910190920","NHO2018000007"),
("IATT190003110","","1","72000","0","7200","0","79200","100000","09/10/2019","12:31","2019-10-09","13:01:52","ISU000004","tbl0012","CLOSED","1","","IATR190003013","","","","","IAT0910190920","NHO2018000007"),
("IATT190003111","","2","127000","0","12700","0","139700","150000","09/10/2019","12:57","2019-10-09","13:22:56","ISU000004","tbl0011","CLOSED","1","","IATR190003014","","","","","IAT0910190920","NHO2018000007"),
("IATT190003112","","1","23000","0","2300","0","25300","25300","09/10/2019","13:05","2019-10-09","13:46:17","ISU000004","tbl0012","CLOSED","1","","IATR190003015","","","","","IAT0910190920","NHO2018000007"),
("IATT190003113","","2","97000","30000","6700","0","73700","104000","09/10/2019","13:19","2019-10-09","13:52:03","ISU000004","tbl0013","CLOSED","1","","IATR190003016","","","","","IAT0910190920","NHO2018000007"),
("IATT190003114","","1","60000","0","6000","0","66000","66000","09/10/2019","13:47","2019-10-09","14:16:30","ISU000004","tbl0011","CLOSED","1","","IATR190003017","","","","","IAT0910190920","NHO2018000007"),
("IATT190003115","","2","59000","29500","2950","0","32450","50000","09/10/2019","14:21","2019-10-09","15:47:08","ISU000004","tbl0050","CLOSED","1","","IATR190003022","","","","","IAT0910190920","NHO2018000007"),
("IATT190003116","","1","23000","0","2300","0","25300","25500","09/10/2019","14:35","2019-10-09","15:46:08","ISU000004","tbl0018","CLOSED","1","","IATR190003021","","","","","IAT0910190920","NHO2018000007"),
("IATT190003117","","2","28000","0","2800","0","30800","52000","09/10/2019","14:43","2019-10-09","15:10:33","ISU000004","tbl0011","CLOSED","1","","IATR190003018","","","","","IAT0910190920","NHO2018000007"),
("IATT190003118","","2","112000","41000","7100","0","78100","80000","09/10/2019","14:48","2019-10-09","15:21:54","ISU000004","tbl0012","CLOSED","1","","IATR190003019","","","","","IAT0910190920","NHO2018000007"),
("IATT190003119","NHM2019002835 Efi Mardiana","2","60000","30000","3000","0","33000","50000","09/10/2019","15:09","2019-10-09","15:42:17","ISU000004","tbl0003","CLOSED","1","","IATR190003020","","","","","IAT0910190920","NHO2018000007"),
("IATT190003120","","2","73000","0","7300","0","80300","100000","09/10/2019","17:08","2019-10-09","18:15:50","ISU000004","tbl0010","CLOSED","1","","IATR190003025","","","","","IAT0910190920","NHO2018000007"),
("IATT190003121","","1","18000","0","1800","0","19800","20000","09/10/2019","17:13","2019-10-09","17:16:24","ISU000004","tbl0050","CLOSED","1","","IATR190003024","","","","","IAT0910190920","NHO2018000007"),
("IATT190003122","","2","76000","0","7600","0","83600","100000","09/10/2019","18:37","2019-10-09","19:53:30","ISU000004","tbl0011","CLOSED","1","","IATR190003027","","","","","IAT0910190920","NHO2018000007"),
("IATT190003123","","1","40000","0","4000","0","44000","44000","09/10/2019","19:04","2019-10-09","19:52:13","ISU000004","tbl0014","CLOSED","1","","IATR190003026","","","","","IAT0910190920","NHO2018000007"),
("IATT190003124","","2","52000","0","5200","0","57200","100200","09/10/2019","19:35","2019-10-09","20:11:40","ISU000004","tbl0010","CLOSED","1","","IATR190003028","","","","","IAT0910190920","NHO2018000007"),
("IATT190003125","","1","26000","0","2600","0","28600","50000","09/10/2019","19:39","2019-10-09","20:14:23","ISU000004","tbl0003","CLOSED","1","","IATR190003029","","","","","IAT0910190920","NHO2018000007"),
("IATT190003126","","2","133000","46500","8650","0","95150","95150","09/10/2019","19:58","2019-10-09","20:38:02","ISU000004","tbl0012","CLOSED","1","","IATR190003030","","","","","IAT0910190920","NHO2018000007"),
("IATT190003127","","3","177000","63000","11400","0","125400","125400","09/10/2019","20:24","2019-10-09","21:51:34","ISU000004","tbl0010","CLOSED","1","","IATR190003031","","","","","IAT0910190920","NHO2018000007");






INSERT INTO pos_promotion_h VALUES("IATT190003106","NPRM18000017","DISC ITEM","1","54500","TUNJUKKAN JEMPOLMU","IAT0910190920","PAID","NHO2018000007"),
("IATT190003113","NPRM18000017","DISC ITEM","1","30000","TUNJUKKAN JEMPOLMU","IAT0910190920","PAID","NHO2018000007"),
("IATT190003118","NPRM18000017","DISC ITEM","1","41000","TUNJUKKAN JEMPOLMU","IAT0910190920","PAID","NHO2018000007"),
("IATT190003119","NPRM18000017","DISC ITEM","1","30000","TUNJUKKAN JEMPOLMU","IAT0910190920","PAID","NHO2018000007"),
("IATT190003115","NPRM18000017","DISC ITEM","1","29500","TUNJUKKAN JEMPOLMU","IAT0910190920","PAID","NHO2018000007"),
("IATT190003126","NPRM18000017","DISC ITEM","1","46500","TUNJUKKAN JEMPOLMU","IAT0910190920","PAID","NHO2018000007"),
("IATT190003127","NPRM18000017","DISC ITEM","1","63000","TUNJUKKAN JEMPOLMU","IAT0910190920","PAID","NHO2018000007");



INSERT INTO pos_promotion_d VALUES("IATT190003106","NPRM18000017","DISC ITEM","1","1","193036","1","18000","IAT0910190920","PAID","NHO2018000007"),
("IATT190003106","NPRM18000017","DISC ITEM","1","1","193036","2","18000","IAT0910190920","PAID","NHO2018000007"),
("IATT190003106","NPRM18000017","DISC ITEM","1","1","193034","1","18500","IAT0910190920","PAID","NHO2018000007"),
("IATT190003113","NPRM18000017","DISC ITEM","1","1","193084","1","15000","IAT0910190920","PAID","NHO2018000007"),
("IATT190003113","NPRM18000017","DISC ITEM","1","1","193084","2","15000","IAT0910190920","PAID","NHO2018000007"),
("IATT190003118","NPRM18000017","DISC ITEM","1","1","193187","1","20000","IAT0910190920","PAID","NHO2018000007"),
("IATT190003118","NPRM18000017","DISC ITEM","1","1","193114","1","21000","IAT0910190920","PAID","NHO2018000007"),
("IATT190003119","NPRM18000017","DISC ITEM","1","1","193084","1","15000","IAT0910190920","PAID","NHO2018000007"),
("IATT190003119","NPRM18000017","DISC ITEM","1","1","193084","2","15000","IAT0910190920","PAID","NHO2018000007"),
("IATT190003115","NPRM18000017","DISC ITEM","1","1","193035","1","16000","IAT0910190920","PAID","NHO2018000007"),
("IATT190003115","NPRM18000017","DISC ITEM","1","1","193030","1","13500","IAT0910190920","PAID","NHO2018000007"),
("IATT190003126","NPRM18000017","DISC ITEM","1","1","193084","1","15000","IAT0910190920","PAID","NHO2018000007"),
("IATT190003126","NPRM18000017","DISC ITEM","1","1","193082","1","15000","IAT0910190920","PAID","NHO2018000007"),
("IATT190003126","NPRM18000017","DISC ITEM","1","1","193069","1","6500","IAT0910190920","PAID","NHO2018000007"),
("IATT190003126","NPRM18000017","DISC ITEM","1","1","193119","1","10000","IAT0910190920","PAID","NHO2018000007"),
("IATT190003127","NPRM18000017","DISC ITEM","1","1","193118","1","10000","IAT0910190920","PAID","NHO2018000007"),
("IATT190003127","NPRM18000017","DISC ITEM","1","1","193186","1","20000","IAT0910190920","PAID","NHO2018000007"),
("IATT190003127","NPRM18000017","DISC ITEM","1","1","193015","1","16500","IAT0910190920","PAID","NHO2018000007"),
("IATT190003127","NPRM18000017","DISC ITEM","1","1","193087","1","16500","IAT0910190920","PAID","NHO2018000007");



INSERT INTO pos_paymenttemp VALUES("IATT190003106","CASH","CASH","116050","150000","ISU000004","2019-10-09","","1","","CLOSED","IAT0910190920","NHO2018000007"),
("IATT190003108","CASH","GOPAY","35100","35100","ISU000004","2019-10-09","","1","","CLOSED","IAT0910190920","NHO2018000007"),
("IATT190003107","CASH","CASH","138600","200000","ISU000004","2019-10-09","","1","","CLOSED","IAT0910190920","NHO2018000007"),
("IATT190003110","CASH","CASH","79200","100000","ISU000004","2019-10-09","","1","","CLOSED","IAT0910190920","NHO2018000007"),
("IATT190003111","CASH","OVO","139700","150000","ISU000004","2019-10-09","","1","","CLOSED","IAT0910190920","NHO2018000007"),
("IATT190003112","CASH","CASH","25300","25300","ISU000004","2019-10-09","","1","","CLOSED","IAT0910190920","NHO2018000007"),
("IATT190003113","CASH","CASH","73700","104000","ISU000004","2019-10-09","","1","","CLOSED","IAT0910190920","NHO2018000007"),
("IATT190003114","CARD","DEBIT BCA","66000","66000","ISU000004","2019-10-09","","1","","CLOSED","IAT0910190920","NHO2018000007"),
("IATT190003117","CASH","CASH","30800","52000","ISU000004","2019-10-09","","1","","CLOSED","IAT0910190920","NHO2018000007"),
("IATT190003118","CASH","CASH","78100","80000","ISU000004","2019-10-09","","1","","CLOSED","IAT0910190920","NHO2018000007"),
("IATT190003119","CASH","CASH","33000","50000","ISU000004","2019-10-09","","1","","CLOSED","IAT0910190920","NHO2018000007"),
("IATT190003116","CASH","CASH","25300","25500","ISU000004","2019-10-09","","1","","CLOSED","IAT0910190920","NHO2018000007"),
("IATT190003115","CASH","CASH","32450","50000","ISU000004","2019-10-09","","1","","CLOSED","IAT0910190920","NHO2018000007"),
("IATT190003109","CARD","DEBIT BCA","116600","116600","ISU000004","2019-10-09","","1","","CLOSED","IAT0910190920","NHO2018000007"),
("IATT190003121","CASH","CASH","19800","20000","ISU000004","2019-10-09","","1","","CLOSED","IAT0910190920","NHO2018000007"),
("IATT190003120","CASH","CASH","80300","100000","ISU000004","2019-10-09","","1","","CLOSED","IAT0910190920","NHO2018000007"),
("IATT190003123","CARD","VISA","44000","44000","ISU000004","2019-10-09","","1","","CLOSED","IAT0910190920","NHO2018000007"),
("IATT190003122","CASH","CASH","83600","100000","ISU000004","2019-10-09","","1","","CLOSED","IAT0910190920","NHO2018000007"),
("IATT190003124","CASH","CASH","57200","100200","ISU000004","2019-10-09","","1","","CLOSED","IAT0910190920","NHO2018000007"),
("IATT190003125","CASH","CASH","28600","50000","ISU000004","2019-10-09","","1","","CLOSED","IAT0910190920","NHO2018000007"),
("IATT190003126","CARD","DEBIT BCA","95150","95150","ISU000004","2019-10-09","","1","","CLOSED","IAT0910190920","NHO2018000007"),
("IATT190003127","CARD","DEBIT BCA","125400","125400","ISU000004","2019-10-09","","1","","CLOSED","IAT0910190920","NHO2018000007");



