INSERT INTO pos_itemtemp VALUES("IATT190002423","193005","191001","192001","37000","1","37000","18500","18500","1","1","1","IAT0409190939","NHO2018000007","PAID","","193005"),
("IATT190002423","193008","191001","192001","37000","1","37000","18500","18500","1","1","1","IAT0409190939","NHO2018000007","PAID","","193008"),
("IATT190002423","193084","191001","192001","30000","1","30000","15000","15000","1","1","1","IAT0409190939","NHO2018000007","PAID","lvl 1","PEDAS"),
("IATT190002423","193011","191001","192001","40000","1","40000","20000","20000","1","1","1","IAT0409190939","NHO2018000007","PAID","lvl 1","PEDAS"),
("IATT190002423","193055","191002","192010","17000","1","17000","0","17000","1","1","1","IAT0409190939","NHO2018000007","PAID","","193055"),
("IATT190002423","193052","191002","192010","20000","1","20000","0","20000","1","1","1","IAT0409190939","NHO2018000007","PAID","","193052"),
("IATT190002423","193052","191002","192010","20000","1","20000","0","20000","2","1","1","IAT0409190939","NHO2018000007","PAID","","193052"),
("IATT190002423","193054","191002","192010","20000","1","20000","0","20000","1","1","1","IAT0409190939","NHO2018000007","PAID","","193054"),
("IATT190002424","193084","191001","192001","30000","1","30000","15000","15000","1","1","1","IAT0409190939","NHO2018000007","PAID","lv 2,lv 3","PEDAS"),
("IATT190002424","193084","191001","192001","30000","1","30000","15000","15000","2","1","1","IAT0409190939","NHO2018000007","PAID","","PEDAS"),
("IATT190002424","193030","191001","192004","27000","1","27000","13500","13500","1","1","1","IAT0409190939","NHO2018000007","PAID","","193030"),
("IATT190002424","193055","191002","192010","17000","1","17000","0","17000","1","1","1","IAT0409190939","NHO2018000007","PAID","","193055"),
("IATT190002424","193056","191002","192010","17000","1","17000","0","17000","1","1","1","IAT0409190939","NHO2018000007","PAID","","193056"),
("IATT190002425","193036","191001","192006","36000","1","36000","18000","18000","1","1","1","IAT0409190939","NHO2018000007","PAID","","PEDAS"),
("IATT190002426","193052","191002","192010","20000","1","20000","0","20000","1","1","1","IAT0409190939","NHO2018000007","PAID","no milk","193052"),
("IATT190002426","193044","191001","192008","25000","1","25000","0","25000","1","1","2","IAT0409190939","NHO2018000007","PAID","","193044"),
("IATT190002426","193051","191002","192010","20000","1","20000","0","20000","1","1","3","IAT0409190939","NHO2018000007","PAID","","193051"),
("IATT190002427","193115","191001","192013","25000","1","25000","0","25000","1","1","1","IAT0409190939","NHO2018000007","PAID","","193115"),
("IATT190002428","193046","191002","192010","10000","1","10000","0","10000","1","1","1","IAT0409190939","NHO2018000007","PAID","","193046"),
("IATT190002429","193046","191002","192010","10000","1","10000","0","10000","1","1","1","IAT0409190939","NHO2018000007","PAID","","193046"),
("IATT190002429","193046","191002","192010","10000","1","10000","0","10000","2","1","1","IAT0409190939","NHO2018000007","PAID","","193046"),
("IATT190002429","193019","191001","192002","40000","1","40000","20000","20000","1","1","1","IAT0409190939","NHO2018000007","PAID","lv 2","PEDAS"),
("IATT190002429","193012","191001","192001","40000","1","40000","20000","20000","1","1","1","IAT0409190939","NHO2018000007","PAID","","193012"),
("IATT190002428","193041","191001","192008","20000","1","20000","0","20000","1","1","2","IAT0409190939","NHO2018000007","PAID","","193041"),
("IATT190002428","193005","191001","192001","37000","1","37000","0","37000","1","1","2","IAT0409190939","NHO2018000007","PAID","","193005"),
("IATT190002428","193046","191002","192010","10000","1","10000","0","10000","2","1","2","IAT0409190939","NHO2018000007","PAID","","193046"),
("IATT190002430","193081","191001","192002","33000","1","33000","0","33000","1","1","1","IAT0409190939","NHO2018000007","PAID","","193081"),
("IATT190002430","193056","191002","192010","17000","1","17000","0","17000","1","1","1","IAT0409190939","NHO2018000007","PAID","","193056"),
("IATT190002430","193048","191002","192010","8000","1","8000","0","8000","1","1","1","IAT0409190939","NHO2018000007","PAID","","193048"),
("IATT190002430","193055","191002","192010","17000","1","17000","0","17000","1","1","1","IAT0409190939","NHO2018000007","PAID","","193055"),
("IATT190002430","193069","191001","192012","13000","1","13000","0","13000","1","1","1","IAT0409190939","NHO2018000007","PAID","","193069"),
("IATT190002431","193009","191001","192001","40000","1","40000","20000","20000","1","1","1","IAT0409190939","NHO2018000007","PAID","","193009"),
("IATT190002431","193082","191001","192001","30000","1","30000","15000","15000","1","1","1","IAT0409190939","NHO2018000007","PAID","","193082"),
("IATT190002431","193028","191001","192003","43000","1","43000","0","43000","1","1","1","IAT0409190939","NHO2018000007","PAID","","193028"),
("IATT190002431","193047","191002","192010","10000","1","10000","0","10000","1","1","1","IAT0409190939","NHO2018000007","PAID","","193047"),
("IATT190002431","193047","191002","192010","10000","1","10000","0","10000","2","1","1","IAT0409190939","NHO2018000007","PAID","","193047"),
("IATT190002431","193054","191002","192010","20000","1","20000","0","20000","1","1","1","IAT0409190939","NHO2018000007","PAID","","193054"),
("IATT190002432","193033","191001","192005","42000","1","42000","21000","21000","1","1","1","IAT0409190939","NHO2018000007","PAID","","193033"),
("IATT190002432","193033","191001","192005","42000","1","42000","21000","21000","2","1","1","IAT0409190939","NHO2018000007","PAID","","193033"),
("IATT190002432","193033","191001","192005","42000","1","42000","21000","21000","3","1","1","IAT0409190939","NHO2018000007","PAID","","193033"),
("IATT190002432","193034","191001","192005","37000","1","37000","18500","18500","1","1","1","IAT0409190939","NHO2018000007","PAID","","193034"),
("IATT190002432","193055","191002","192010","17000","1","17000","0","17000","1","1","1","IAT0409190939","NHO2018000007","PAID","","193055"),
("IATT190002432","193055","191002","192010","17000","1","17000","0","17000","2","1","1","IAT0409190939","NHO2018000007","PAID","","193055"),
("IATT190002432","193055","191002","192010","17000","1","17000","0","17000","3","1","1","IAT0409190939","NHO2018000007","PAID","","193055"),
("IATT190002432","193055","191002","192010","17000","1","17000","0","17000","4","1","1","IAT0409190939","NHO2018000007","PAID","","193055"),
("IATT190002433","193051","191002","192010","20000","1","20000","0","20000","1","1","1","IAT0409190939","NHO2018000007","PAID","","193051"),
("IATT190002433","193048","191002","192010","8000","1","8000","0","8000","1","1","1","IAT0409190939","NHO2018000007","PAID","","193048"),
("IATT190002433","193056","191002","192010","17000","1","17000","0","17000","1","1","1","IAT0409190939","NHO2018000007","PAID","","193056"),
("IATT190002433","193087","191001","192002","33000","1","33000","16500","16500","1","1","1","IAT0409190939","NHO2018000007","PAID","","193087"),
("IATT190002433","193012","191001","192001","40000","1","40000","20000","20000","1","1","1","IAT0409190939","NHO2018000007","PAID","","193012"),
("IATT190002433","193048","191002","192010","8000","1","8000","0","8000","2","1","2","IAT0409190939","NHO2018000007","PAID","","193048");



INSERT INTO pos_salestemp VALUES("IATT190002423","","4","221000","72000","14900","0","163900","200000","04/09/2019","12:29","2019-09-04","13:04:52","ISU000012","tbl0010","CLOSED","1","","IATR190002357","","","","","IAT0409190939","NHO2018000007"),
("IATT190002424","","2","121000","43500","7750","0","85250","100300","04/09/2019","14:16","2019-09-04","15:00:02","ISU000012","tbl0012","CLOSED","1","","IATR190002358","","","","","IAT0409190939","NHO2018000007"),
("IATT190002425","","1","36000","18000","1800","0","19800","50000","04/09/2019","15:06","2019-09-04","15:09:44","ISU000012","tbl0015","CLOSED","1","","IATR190002359","","","","","IAT0409190939","NHO2018000007"),
("IATT190002426","","1","65000","0","6500","0","71500","100000","04/09/2019","15:14","2019-09-04","16:53:01","ISU000012","tbl0010","CLOSED","1","","IATR190002360","","","","","IAT0409190939","NHO2018000007"),
("IATT190002427","","1","25000","0","2500","0","27500","27500","04/09/2019","18:00","2019-09-04","18:41:14","ISU000012","tbl0010","CLOSED","1","","IATR190002361","","","","","IAT0409190939","NHO2018000007"),
("IATT190002428","","1","77000","0","7700","0","84700","84700","04/09/2019","18:38","2019-09-04","20:48:23","ISU000012","tbl0012","CLOSED","1","","IATR190002366","","","","","IAT0409190939","NHO2018000007"),
("IATT190002429","","2","100000","40000","6000","0","66000","100000","04/09/2019","18:45","2019-09-04","19:39:50","ISU000012","tbl0011","CLOSED","1","","IATR190002362","","","","","IAT0409190939","NHO2018000007"),
("IATT190002430","","3","88000","0","8800","0","96800","100000","04/09/2019","19:37","2019-09-04","20:06:20","ISU000012","tbl0010","CLOSED","1","","IATR190002363","","","","","IAT0409190939","NHO2018000007"),
("IATT190002431","","3","153000","35000","11800","0","129800","200000","04/09/2019","19:46","2019-09-04","20:20:42","ISU000012","tbl0018","CLOSED","1","","IATR190002364","","","","","IAT0409190939","NHO2018000007"),
("IATT190002432","","4","231000","81500","14950","0","164450","200000","04/09/2019","19:52","2019-09-04","20:41:29","ISU000012","tbl0011","CLOSED","1","","IATR190002365","","","","","IAT0409190939","NHO2018000007"),
("IATT190002433","","2","126000","36500","8950","0","98450","98450","04/09/2019","20:14","2019-09-04","20:58:28","ISU000012","tbl0023","CLOSED","1","","IATR190002367","","","","","IAT0409190939","NHO2018000007");






INSERT INTO pos_promotion_h VALUES("IATT190002423","NPRM18000017","DISC ITEM","1","72000","TUNJUKKAN JEMPOLMU","IAT0409190939","PAID","NHO2018000007"),
("IATT190002424","NPRM18000017","DISC ITEM","1","43500","TUNJUKKAN JEMPOLMU","IAT0409190939","PAID","NHO2018000007"),
("IATT190002425","NPRM18000017","DISC ITEM","1","18000","TUNJUKKAN JEMPOLMU","IAT0409190939","PAID","NHO2018000007"),
("IATT190002429","NPRM18000017","DISC ITEM","1","40000","TUNJUKKAN JEMPOLMU","IAT0409190939","PAID","NHO2018000007"),
("IATT190002431","NPRM18000017","DISC ITEM","1","35000","TUNJUKKAN JEMPOLMU","IAT0409190939","PAID","NHO2018000007"),
("IATT190002432","NPRM18000017","DISC ITEM","1","81500","TUNJUKKAN JEMPOLMU","IAT0409190939","PAID","NHO2018000007"),
("IATT190002433","NPRM18000017","DISC ITEM","1","36500","TUNJUKKAN JEMPOLMU","IAT0409190939","PAID","NHO2018000007");



INSERT INTO pos_promotion_d VALUES("IATT190002423","NPRM18000017","DISC ITEM","1","1","193005","1","18500","IAT0409190939","PAID","NHO2018000007"),
("IATT190002423","NPRM18000017","DISC ITEM","1","1","193008","1","18500","IAT0409190939","PAID","NHO2018000007"),
("IATT190002423","NPRM18000017","DISC ITEM","1","1","193084","1","15000","IAT0409190939","PAID","NHO2018000007"),
("IATT190002423","NPRM18000017","DISC ITEM","1","1","193011","1","20000","IAT0409190939","PAID","NHO2018000007"),
("IATT190002424","NPRM18000017","DISC ITEM","1","1","193084","1","15000","IAT0409190939","PAID","NHO2018000007"),
("IATT190002424","NPRM18000017","DISC ITEM","1","1","193084","2","15000","IAT0409190939","PAID","NHO2018000007"),
("IATT190002424","NPRM18000017","DISC ITEM","1","1","193030","1","13500","IAT0409190939","PAID","NHO2018000007"),
("IATT190002425","NPRM18000017","DISC ITEM","1","1","193036","1","18000","IAT0409190939","PAID","NHO2018000007"),
("IATT190002429","NPRM18000017","DISC ITEM","1","1","193019","1","20000","IAT0409190939","PAID","NHO2018000007"),
("IATT190002429","NPRM18000017","DISC ITEM","1","1","193012","1","20000","IAT0409190939","PAID","NHO2018000007"),
("IATT190002431","NPRM18000017","DISC ITEM","1","1","193009","1","20000","IAT0409190939","PAID","NHO2018000007"),
("IATT190002431","NPRM18000017","DISC ITEM","1","1","193082","1","15000","IAT0409190939","PAID","NHO2018000007"),
("IATT190002432","NPRM18000017","DISC ITEM","1","1","193033","1","21000","IAT0409190939","PAID","NHO2018000007"),
("IATT190002432","NPRM18000017","DISC ITEM","1","1","193033","2","21000","IAT0409190939","PAID","NHO2018000007"),
("IATT190002432","NPRM18000017","DISC ITEM","1","1","193033","3","21000","IAT0409190939","PAID","NHO2018000007"),
("IATT190002432","NPRM18000017","DISC ITEM","1","1","193034","1","18500","IAT0409190939","PAID","NHO2018000007"),
("IATT190002433","NPRM18000017","DISC ITEM","1","1","193087","1","16500","IAT0409190939","PAID","NHO2018000007"),
("IATT190002433","NPRM18000017","DISC ITEM","1","1","193012","1","20000","IAT0409190939","PAID","NHO2018000007");



INSERT INTO pos_paymenttemp VALUES("IATT190002423","CASH","CASH","163900","200000","ISU000012","2019-09-04","","1","","CLOSED","IAT0409190939","NHO2018000007"),
("IATT190002424","CASH","CASH","85250","100300","ISU000012","2019-09-04","","1","","CLOSED","IAT0409190939","NHO2018000007"),
("IATT190002425","CASH","CASH","19800","50000","ISU000012","2019-09-04","","1","","CLOSED","IAT0409190939","NHO2018000007"),
("IATT190002426","CASH","CASH","71500","100000","ISU000012","2019-09-04","","1","","CLOSED","IAT0409190939","NHO2018000007"),
("IATT190002427","CASH","CASH","27500","27500","ISU000012","2019-09-04","","1","","CLOSED","IAT0409190939","NHO2018000007"),
("IATT190002429","CASH","CASH","66000","100000","ISU000012","2019-09-04","","1","","CLOSED","IAT0409190939","NHO2018000007"),
("IATT190002430","CASH","CASH","96800","100000","ISU000012","2019-09-04","","1","","CLOSED","IAT0409190939","NHO2018000007"),
("IATT190002431","CASH","CASH","129800","200000","ISU000012","2019-09-04","","1","","CLOSED","IAT0409190939","NHO2018000007"),
("IATT190002432","CASH","CASH","164450","200000","ISU000012","2019-09-04","","1","","CLOSED","IAT0409190939","NHO2018000007"),
("IATT190002428","CARD","MASTER","84700","84700","ISU000012","2019-09-04","","1","","CLOSED","IAT0409190939","NHO2018000007"),
("IATT190002433","CARD","MASTER","98450","98450","ISU000012","2019-09-04","","1","","CLOSED","IAT0409190939","NHO2018000007");



