INSERT INTO pos_itemtemp VALUES("IATT200005615","193113","191001","192003","55000","1","55000","0","55000","1","1","1","IAT0103200851","NHO2018000007","PAID","","193113"),
("IATT200005615","193048","191002","192010","8000","1","8000","0","8000","1","1","1","IAT0103200851","NHO2018000007","PAID","","193048"),
("IATT200005616","193086","191001","192002","33000","1","33000","0","33000","1","1","1","IAT0103200851","NHO2018000007","PAID","","PEDAS"),
("IATT200005616","193019","191001","192002","40000","1","40000","0","40000","1","1","1","IAT0103200851","NHO2018000007","PAID","","PEDAS"),
("IATT200005616","193024","191001","192003","30000","1","30000","0","30000","1","1","1","IAT0103200851","NHO2018000007","PAID","","193024"),
("IATT200005616","193084","191001","192001","30000","1","30000","0","30000","1","1","1","IAT0103200851","NHO2018000007","PAID","","PEDAS"),
("IATT200005616","193035","191001","192006","32000","1","32000","0","32000","1","1","1","IAT0103200851","NHO2018000007","PAID","","PEDAS"),
("IATT200005616","193046","191002","192010","10000","1","10000","0","10000","1","1","1","IAT0103200851","NHO2018000007","PAID","","193046"),
("IATT200005616","193046","191002","192010","10000","1","10000","0","10000","2","1","1","IAT0103200851","NHO2018000007","PAID","","193046"),
("IATT200005616","193046","191002","192010","10000","1","10000","0","10000","3","1","1","IAT0103200851","NHO2018000007","PAID","","193046"),
("IATT200005616","193047","191002","192010","10000","1","10000","0","10000","1","1","1","IAT0103200851","NHO2018000007","PAID","","193047"),
("IATT200005617","193027","191001","192003","43000","1","43000","0","43000","1","1","1","IAT0103200851","NHO2018000007","PAID","","193027"),
("IATT200005617","193016","191001","192002","37000","1","37000","0","37000","1","1","1","IAT0103200851","NHO2018000007","PAID","","PEDAS"),
("IATT200005617","193011","191001","192001","40000","1","40000","0","40000","1","1","1","IAT0103200851","NHO2018000007","PAID","","PEDAS"),
("IATT200005617","193052","191002","192010","20000","1","20000","0","20000","1","1","1","IAT0103200851","NHO2018000007","PAID","","193052"),
("IATT200005618","193022","191001","192003","30000","1","30000","0","30000","1","1","1","IAT0103200851","NHO2018000007","PAID","","193022"),
("IATT200005618","193006","191001","192001","37000","1","37000","0","37000","1","1","1","IAT0103200851","NHO2018000007","PAID","","193006"),
("IATT200005618","193053","191002","192010","20000","1","20000","0","20000","1","1","1","IAT0103200851","NHO2018000007","PAID","","193053"),
("IATT200005618","193048","191002","192010","8000","1","8000","0","8000","1","1","1","IAT0103200851","NHO2018000007","PAID","","193048"),
("IATT200005617","193067","191001","192003","7000","1","7000","0","7000","1","1","2","IAT0103200851","NHO2018000007","PAID","","193067"),
("IATT200005618","193049","191002","192010","10000","1","10000","0","10000","1","1","2","IAT0103200851","NHO2018000007","PAID","","193049"),
("IATT200005619","193096","191001","192008","50000","1","50000","0","50000","1","1","1","IAT0103200851","NHO2018000007","PAID","","193096"),
("IATT200005619","193112","191001","192003","50000","1","50000","0","50000","1","1","1","IAT0103200851","NHO2018000007","PAID","","193112"),
("IATT200005619","193047","191002","192010","10000","1","10000","0","10000","1","1","1","IAT0103200851","NHO2018000007","PAID","","193047"),
("IATT200005619","193046","191002","192010","10000","1","10000","0","10000","1","1","1","IAT0103200851","NHO2018000007","PAID","","193046"),
("IATT200005620","193082","191001","192001","30000","1","30000","0","30000","1","1","1","IAT0103200851","NHO2018000007","PAID","","193082"),
("IATT200005620","193086","191001","192002","33000","1","33000","0","33000","1","1","1","IAT0103200851","NHO2018000007","PAID","","PEDAS"),
("IATT200005620","193048","191002","192010","8000","1","8000","0","8000","1","1","1","IAT0103200851","NHO2018000007","PAID","","193048"),
("IATT200005620","193048","191002","192010","8000","1","8000","0","8000","2","1","1","IAT0103200851","NHO2018000007","PAID","","193048"),
("IATT200005620","193071","191001","192012","18000","1","18000","0","18000","1","1","1","IAT0103200851","NHO2018000007","PAID","","193071"),
("IATT200005621","193086","191001","192002","33000","1","33000","0","33000","1","1","1","IAT0103200851","NHO2018000007","PAID","level 3","PEDAS"),
("IATT200005621","193028","191001","192003","43000","1","43000","0","43000","1","1","1","IAT0103200851","NHO2018000007","PAID","","193028"),
("IATT200005621","193028","191001","192003","43000","1","43000","0","43000","2","1","1","IAT0103200851","NHO2018000007","PAID","","193028"),
("IATT200005621","193039","191001","192006","36000","1","36000","0","36000","1","1","1","IAT0103200851","NHO2018000007","PAID","sedang ","PEDAS"),
("IATT200005621","193034","191001","192005","37000","1","37000","0","37000","1","1","1","IAT0103200851","NHO2018000007","PAID","","193034"),
("IATT200005621","193024","191001","192003","30000","1","30000","0","30000","1","1","1","IAT0103200851","NHO2018000007","PAID","","193024"),
("IATT200005621","193047","191002","192010","10000","1","10000","0","10000","1","1","1","IAT0103200851","NHO2018000007","PAID","","193047"),
("IATT200005621","193047","191002","192010","10000","1","10000","0","10000","2","1","1","IAT0103200851","NHO2018000007","PAID","","193047"),
("IATT200005621","193047","191002","192010","10000","1","10000","0","10000","3","1","1","IAT0103200851","NHO2018000007","PAID","","193047"),
("IATT200005621","193047","191002","192010","10000","1","10000","0","10000","4","1","1","IAT0103200851","NHO2018000007","PAID","","193047"),
("IATT200005621","193047","191002","192010","10000","1","10000","0","10000","5","1","1","IAT0103200851","NHO2018000007","PAID","","193047"),
("IATT200005621","193046","191002","192010","10000","1","10000","0","10000","1","1","1","IAT0103200851","NHO2018000007","PAID","","193046"),
("IATT200005621","193052","191002","192010","20000","1","20000","0","20000","1","1","1","IAT0103200851","NHO2018000007","PAID","","193052"),
("IATT200005621","193048","191002","192010","8000","1","8000","0","8000","1","1","1","IAT0103200851","NHO2018000007","PAID","","193048"),
("IATT200005622","193113","191001","192003","55000","1","55000","0","55000","1","1","1","IAT0103200851","NHO2018000007","PAID","","193113"),
("IATT200005622","193118","191001","192012","20000","1","20000","0","20000","1","1","1","IAT0103200851","NHO2018000007","PAID","","193118"),
("IATT200005622","193046","191002","192010","10000","1","10000","0","10000","1","1","1","IAT0103200851","NHO2018000007","PAID","","193046"),
("IATT200005621","193039","191001","192006","36000","1","36000","0","36000","2","1","2","IAT0103200851","NHO2018000007","PAID","SEDANG","PEDAS"),
("IATT200005623","193084","191001","192001","30000","1","30000","0","30000","1","1","1","IAT0103200851","NHO2018000007","PAID","","PEDAS"),
("IATT200005623","193084","191001","192001","30000","1","30000","0","30000","2","1","1","IAT0103200851","NHO2018000007","PAID","","PEDAS"),
("IATT200005623","193118","191001","192012","20000","1","20000","0","20000","1","1","1","IAT0103200851","NHO2018000007","PAID","","193118"),
("IATT200005623","193054","191002","192010","20000","1","20000","0","20000","1","1","1","IAT0103200851","NHO2018000007","PAID","","193054"),
("IATT200005623","193055","191002","192010","17000","1","17000","0","17000","1","1","1","IAT0103200851","NHO2018000007","PAID","","193055"),
("IATT200005624","193085","191001","192001","30000","1","30000","0","30000","1","1","1","IAT0103200851","NHO2018000007","PAID","","193085"),
("IATT200005624","193027","191001","192003","43000","1","43000","0","43000","1","1","1","IAT0103200851","NHO2018000007","PAID","","193027"),
("IATT200005624","193054","191002","192010","20000","1","20000","0","20000","1","1","1","IAT0103200851","NHO2018000007","PAID","","193054"),
("IATT200005624","193051","191002","192010","20000","1","20000","0","20000","1","1","1","IAT0103200851","NHO2018000007","PAID","","193051"),
("IATT200005624","193067","191001","192003","7000","1","7000","0","7000","1","1","1","IAT0103200851","NHO2018000007","PAID","","193067"),
("IATT200005625","193022","191001","192003","30000","1","30000","0","30000","1","1","1","IAT0103200851","NHO2018000007","PAID","","193022"),
("IATT200005625","193024","191001","192003","30000","1","30000","0","30000","1","1","1","IAT0103200851","NHO2018000007","PAID","","193024"),
("IATT200005625","193024","191001","192003","30000","1","30000","0","30000","2","1","1","IAT0103200851","NHO2018000007","PAID","","193024"),
("IATT200005625","193055","191002","192010","17000","1","17000","0","17000","1","1","1","IAT0103200851","NHO2018000007","PAID","","193055"),
("IATT200005625","193055","191002","192010","17000","1","17000","0","17000","2","1","1","IAT0103200851","NHO2018000007","PAID","","193055"),
("IATT200005625","193055","191002","192010","17000","1","17000","0","17000","3","1","1","IAT0103200851","NHO2018000007","PAID","","193055"),
("IATT200005626","193118","191001","192012","20000","1","20000","0","20000","1","1","1","IAT0103200851","NHO2018000007","PAID","","193118"),
("IATT200005626","193118","191001","192012","20000","1","20000","0","20000","2","1","1","IAT0103200851","NHO2018000007","PAID","","193118"),
("IATT200005626","193118","191001","192012","20000","1","20000","0","20000","3","1","1","IAT0103200851","NHO2018000007","PAID","","193118"),
("IATT200005626","193069","191001","192012","13000","1","13000","0","13000","1","1","1","IAT0103200851","NHO2018000007","PAID","","193069"),
("IATT200005626","193022","191001","192003","30000","1","30000","0","30000","1","1","1","IAT0103200851","NHO2018000007","PAID","","193022"),
("IATT200005626","193024","191001","192003","30000","1","30000","0","30000","1","1","1","IAT0103200851","NHO2018000007","PAID","","193024"),
("IATT200005626","193055","191002","192010","17000","1","17000","0","17000","1","1","1","IAT0103200851","NHO2018000007","PAID","","193055"),
("IATT200005626","193055","191002","192010","17000","1","17000","0","17000","2","1","1","IAT0103200851","NHO2018000007","PAID","","193055"),
("IATT200005626","193055","191002","192010","17000","1","17000","0","17000","3","1","1","IAT0103200851","NHO2018000007","PAID","","193055"),
("IATT200005627","193055","191002","192010","17000","1","17000","0","17000","1","1","1","IAT0103200851","NHO2018000007","PAID","","193055"),
("IATT200005627","193078","191001","192001","30000","1","30000","0","30000","1","1","1","IAT0103200851","NHO2018000007","PAID","","PEDAS"),
("IATT200005627","193113","191001","192003","55000","1","55000","0","55000","1","1","1","IAT0103200851","NHO2018000007","PAID","","193113"),
("IATT200005628","193005","191001","192001","37000","1","37000","0","37000","1","1","1","IAT0103200851","NHO2018000007","PAID","","193005"),
("IATT200005628","193096","191001","192008","50000","1","50000","0","50000","1","1","1","IAT0103200851","NHO2018000007","PAID","","193096"),
("IATT200005628","193047","191002","192010","10000","1","10000","0","10000","1","1","1","IAT0103200851","NHO2018000007","PAID","","193047"),
("IATT200005628","193047","191002","192010","10000","1","10000","0","10000","2","1","1","IAT0103200851","NHO2018000007","PAID","","193047"),
("IATT200005629","193113","191001","192003","55000","1","55000","0","55000","1","1","1","IAT0103200851","NHO2018000007","PAID","","193113"),
("IATT200005629","193033","191001","192005","42000","1","42000","0","42000","1","1","1","IAT0103200851","NHO2018000007","PAID","","193033"),
("IATT200005629","193015","191001","192002","33000","1","33000","0","33000","1","1","1","IAT0103200851","NHO2018000007","PAID","","ORIGINAL"),
("IATT200005629","193009","191001","192001","40000","1","40000","0","40000","1","1","1","IAT0103200851","NHO2018000007","PAID","","193009"),
("IATT200005629","193071","191001","192012","18000","1","18000","0","18000","1","1","1","IAT0103200851","NHO2018000007","PAID","","193071"),
("IATT200005629","193054","191002","192010","20000","1","20000","0","20000","1","1","1","IAT0103200851","NHO2018000007","PAID","","193054"),
("IATT200005629","193052","191002","192010","20000","1","20000","0","20000","1","1","1","IAT0103200851","NHO2018000007","PAID","","193052"),
("IATT200005629","193050","191002","192010","20000","1","20000","0","20000","1","1","1","IAT0103200851","NHO2018000007","PAID","","193050"),
("IATT200005629","193048","191002","192010","8000","1","8000","0","8000","1","1","1","IAT0103200851","NHO2018000007","PAID","","193048"),
("IATT200005629","193009","191001","192001","40000","1","40000","0","40000","2","1","2","IAT0103200851","NHO2018000007","PAID","TAKE AWAY","193009"),
("IATT200005629","193009","191001","192001","40000","1","40000","0","40000","3","1","2","IAT0103200851","NHO2018000007","PAID","","193009"),
("IATT200005630","193016","191001","192002","37000","1","37000","0","37000","1","1","1","IAT0103200851","NHO2018000007","PAID","","PEDAS"),
("IATT200005630","193034","191001","192005","37000","1","37000","0","37000","1","1","1","IAT0103200851","NHO2018000007","PAID","","193034"),
("IATT200005630","193047","191002","192010","10000","1","10000","0","10000","1","1","1","IAT0103200851","NHO2018000007","PAID","","193047"),
("IATT200005630","193047","191002","192010","10000","1","10000","0","10000","2","1","1","IAT0103200851","NHO2018000007","PAID","","193047"),
("IATT200005631","193029","191001","192004","27000","1","27000","0","27000","1","1","1","IAT0103200851","NHO2018000007","PAID","","193029"),
("IATT200005631","193029","191001","192004","27000","1","27000","0","27000","2","1","1","IAT0103200851","NHO2018000007","PAID","","193029"),
("IATT200005631","193047","191002","192010","10000","1","10000","0","10000","1","1","1","IAT0103200851","NHO2018000007","PAID","","193047"),
("IATT200005631","193047","191002","192010","10000","1","10000","0","10000","2","1","1","IAT0103200851","NHO2018000007","PAID","","193047"),
("IATT200005630","193047","191002","192010","10000","1","10000","0","10000","3","1","2","IAT0103200851","NHO2018000007","PAID","","193047"),
("IATT200005631","193049","191002","192010","10000","1","10000","0","10000","1","1","2","IAT0103200851","NHO2018000007","PAID","","193049");



INSERT INTO pos_salestemp VALUES("IATT200005614","","1","66000","13200","0","0","0","0","01/03/2020","08:52","01/03/2020","08:54:36","ISU000004","tbl0001","CANCELED","1","PERMINTAAN CUSTOMER","","","","","","IAT0103200851","NHO2018000007"),
("IATT200005615","","1","63000","0","6300","0","69300","100000","01/03/2020","11:47","2020-03-01","12:38:45","ISU000004","tbl0011","CLOSED","1","","IATR200005466","","","","","IAT0103200851","NHO2018000007"),
("IATT200005616","","4","205000","0","20500","0","225500","225500","01/03/2020","13:05","2020-03-01","13:53:17","ISU000004","tbl0010","CLOSED","1","","IATR200005467","","","","","IAT0103200851","NHO2018000007"),
("IATT200005617","","2","147000","0","14700","0","161700","161700","01/03/2020","13:08","2020-03-01","14:08:59","ISU000006","tbl0012","CLOSED","1","","IATR200005468","","","","","IAT0103200851","NHO2018000007"),
("IATT200005618","","2","105000","0","10500","0","115500","115500","01/03/2020","13:41","2020-03-01","14:25:47","ISU000006","tbl0014","CLOSED","1","","IATR200005469","","","","","IAT0103200851","NHO2018000007"),
("IATT200005619","","2","120000","0","12000","0","132000","132000","01/03/2020","14:16","2020-03-01","14:47:12","ISU000006","tbl0010","CLOSED","1","","IATR200005470","","","","","IAT0103200851","NHO2018000007"),
("IATT200005620","","2","97000","0","9700","0","106700","106700","01/03/2020","14:21","2020-03-01","14:56:45","ISU000006","tbl0011","CLOSED","1","","IATR200005471","","","","","IAT0103200851","NHO2018000007"),
("IATT200005621","","5","346000","0","34600","0","380600","380600","01/03/2020","15:54","2020-03-01","16:33:05","ISU000004","tbl0022","CLOSED","1","","IATR200005472","","","","","IAT0103200851","NHO2018000007"),
("IATT200005622","","1","85000","0","8500","0","93500","100000","01/03/2020","15:56","2020-03-01","16:55:58","ISU000004","tbl0012","CLOSED","1","","IATR200005474","","","","","IAT0103200851","NHO2018000007"),
("IATT200005623","","2","117000","0","11700","0","128700","128700","01/03/2020","16:23","2020-03-01","16:42:46","ISU000004","tbl0011","CLOSED","1","","IATR200005473","","","","","IAT0103200851","NHO2018000007"),
("IATT200005624","","2","120000","0","12000","0","132000","150000","01/03/2020","16:42","2020-03-01","17:16:11","ISU000004","tbl0010","CLOSED","1","","IATR200005475","","","","","IAT0103200851","NHO2018000007"),
("IATT200005625","","3","141000","0","14100","0","155100","155100","01/03/2020","16:59","2020-03-01","18:49:50","ISU000006","tbl0011","CLOSED","1","","IATR200005477","","","","","IAT0103200851","NHO2018000007"),
("IATT200005626","","3","184000","0","18400","0","202400","250000","01/03/2020","17:26","2020-03-01","18:24:39","ISU000006","tbl0010","CLOSED","1","","IATR200005476","","","","","IAT0103200851","NHO2018000007"),
("IATT200005627","","2","102000","0","10200","0","112200","112200","01/03/2020","18:02","2020-03-01","18:51:29","ISU000006","tbl0012","CLOSED","1","","IATR200005478","","","","","IAT0103200851","NHO2018000007"),
("IATT200005628","","2","107000","0","10700","0","117700","117700","01/03/2020","18:17","2020-03-01","19:06:37","ISU000006","tbl0023","CLOSED","1","","IATR200005479","","","","","IAT0103200851","NHO2018000007"),
("IATT200005629","","3","336000","0","33600","0","369600","369600","01/03/2020","18:53","2020-03-01","19:37:42","ISU000006","tbl0021","CLOSED","1","","IATR200005480","","","","","IAT0103200851","NHO2018000007"),
("IATT200005630","","2","104000","0","10400","0","114400","114400","01/03/2020","20:21","2020-03-01","21:25:03","ISU000006","tbl0010","CLOSED","1","","IATR200005482","","","","","IAT0103200851","NHO2018000007"),
("IATT200005631","","2","84000","0","8400","0","92400","110000","01/03/2020","20:54","2020-03-01","21:19:39","ISU000006","tbl0011","CLOSED","1","","IATR200005481","","","","","IAT0103200851","NHO2018000007");



INSERT INTO item_void VALUES("IATT200005614","IAT0103200851","NHO2018000007","193082","193082","1","30000","Before Send","Salah Order"),
("IATT200005614","IAT0103200851","NHO2018000007","193082","193082","1","30000","Before Send","Salah Order");









INSERT INTO pos_paymenttemp VALUES("IATT200005615","CASH","CASH","69300","100000","ISU000004","2020-03-01","","1","","CLOSED","IAT0103200851","NHO2018000007"),
("IATT200005616","CARD","DEBIT BCA","225500","225500","ISU000004","2020-03-01","","1","","CLOSED","IAT0103200851","NHO2018000007"),
("IATT200005617","CARD","DEBIT BCA","161700","161700","ISU000006","2020-03-01","","1","","CLOSED","IAT0103200851","NHO2018000007"),
("IATT200005618","CARD","DEBIT BCA","115500","115500","ISU000006","2020-03-01","","1","","CLOSED","IAT0103200851","NHO2018000007"),
("IATT200005619","CARD","VISA","132000","132000","ISU000006","2020-03-01","","1","","CLOSED","IAT0103200851","NHO2018000007"),
("IATT200005620","CARD","DEBIT BCA","106700","106700","ISU000006","2020-03-01","","1","","CLOSED","IAT0103200851","NHO2018000007"),
("IATT200005621","CARD","DEBIT BCA","380600","380600","ISU000004","2020-03-01","","1","","CLOSED","IAT0103200851","NHO2018000007"),
("IATT200005623","CARD","DEBIT BCA","128700","128700","ISU000004","2020-03-01","","1","","CLOSED","IAT0103200851","NHO2018000007"),
("IATT200005622","CASH","CASH","93500","100000","ISU000004","2020-03-01","","1","","CLOSED","IAT0103200851","NHO2018000007"),
("IATT200005624","CASH","CASH","132000","150000","ISU000004","2020-03-01","","1","","CLOSED","IAT0103200851","NHO2018000007"),
("IATT200005626","CASH","CASH","202400","250000","ISU000006","2020-03-01","","1","","CLOSED","IAT0103200851","NHO2018000007"),
("IATT200005625","CASH","SHOPPEEPAY","155100","155100","ISU000006","2020-03-01","","1","","CLOSED","IAT0103200851","NHO2018000007"),
("IATT200005627","CASH","SHOPPEEPAY","112200","112200","ISU000006","2020-03-01","","1","","CLOSED","IAT0103200851","NHO2018000007"),
("IATT200005628","CASH","SHOPPEEPAY","117700","117700","ISU000006","2020-03-01","","1","","CLOSED","IAT0103200851","NHO2018000007"),
("IATT200005629","CARD","DEBIT BCA","369600","369600","ISU000006","2020-03-01","","1","","CLOSED","IAT0103200851","NHO2018000007"),
("IATT200005631","CASH","CASH","92400","110000","ISU000006","2020-03-01","","1","","CLOSED","IAT0103200851","NHO2018000007"),
("IATT200005630","CARD","DEBIT BCA","114400","114400","ISU000006","2020-03-01","","1","","CLOSED","IAT0103200851","NHO2018000007");



