INSERT INTO pos_itemtemp VALUES("IATT200004642","193030","191001","192004","27000","1","27000","5400","21600","1","1","1","IAT0201200925","NHO2018000007","PAID","","193030"),
("IATT200004642","193032","191001","192004","30000","1","30000","6000","24000","1","1","1","IAT0201200925","NHO2018000007","PAID","","193032"),
("IATT200004642","193055","191002","192010","17000","1","17000","0","17000","1","1","1","IAT0201200925","NHO2018000007","PAID","","193055"),
("IATT200004642","193054","191002","192010","20000","1","20000","0","20000","1","1","1","IAT0201200925","NHO2018000007","PAID","","193054"),
("IATT200004643","193025","191001","192003","30000","1","30000","0","30000","1","1","1","IAT0201200925","NHO2018000007","PAID","","193025"),
("IATT200004643","193047","191002","192010","10000","1","10000","0","10000","1","1","1","IAT0201200925","NHO2018000007","PAID","","193047"),
("IATT200004643","193055","191002","192010","17000","1","17000","0","17000","1","1","1","IAT0201200925","NHO2018000007","PAID","","193055"),
("IATT200004643","193118","191001","192012","20000","1","20000","0","20000","1","1","1","IAT0201200925","NHO2018000007","PAID","","193118"),
("IATT200004644","193011","191001","192001","40000","1","40000","0","40000","1","1","1","IAT0201200925","NHO2018000007","PAID","level satu dua-duanyaa","PEDAS"),
("IATT200004644","193011","191001","192001","40000","1","40000","0","40000","2","1","1","IAT0201200925","NHO2018000007","PAID","","PEDAS"),
("IATT200004645","193022","191001","192003","30000","1","30000","0","30000","1","1","1","IAT0201200925","NHO2018000007","PAID","","193022"),
("IATT200004645","193024","191001","192003","30000","1","30000","0","30000","1","1","1","IAT0201200925","NHO2018000007","PAID","","193024"),
("IATT200004645","193078","191001","192001","30000","1","30000","12000","18000","1","1","1","IAT0201200925","NHO2018000007","PAID","","PEDAS"),
("IATT200004645","193011","191001","192001","40000","1","40000","16000","24000","1","1","1","IAT0201200925","NHO2018000007","PAID","","PEDAS"),
("IATT200004645","193021","191001","192002","40000","1","40000","16000","24000","1","1","1","IAT0201200925","NHO2018000007","PAID","","ORIGINAL"),
("IATT200004645","193036","191001","192006","36000","1","36000","14400","21600","1","1","1","IAT0201200925","NHO2018000007","PAID","","ORIGINAL"),
("IATT200004645","193047","191002","192010","10000","1","10000","0","10000","1","1","1","IAT0201200925","NHO2018000007","PAID","","193047"),
("IATT200004645","193052","191002","192010","20000","1","20000","0","20000","1","1","1","IAT0201200925","NHO2018000007","PAID","","193052"),
("IATT200004645","193052","191002","192010","20000","1","20000","0","20000","2","1","1","IAT0201200925","NHO2018000007","PAID","","193052"),
("IATT200004646","193022","191001","192003","30000","1","30000","0","30000","1","1","1","IAT0201200925","NHO2018000007","PAID","","193022"),
("IATT200004646","193024","191001","192003","30000","1","30000","0","30000","1","1","1","IAT0201200925","NHO2018000007","PAID","","193024"),
("IATT200004646","193084","191001","192001","30000","1","30000","3000","27000","1","1","1","IAT0201200925","NHO2018000007","PAID","","PEDAS"),
("IATT200004646","193049","191002","192010","10000","1","10000","0","10000","1","1","1","IAT0201200925","NHO2018000007","PAID","","193049"),
("IATT200004646","193049","191002","192010","10000","1","10000","0","10000","2","1","1","IAT0201200925","NHO2018000007","PAID","","193049"),
("IATT200004646","193049","191002","192010","10000","1","10000","0","10000","3","1","1","IAT0201200925","NHO2018000007","PAID","","193049"),
("IATT200004646","193052","191002","192010","20000","1","20000","0","20000","1","1","2","IAT0201200925","NHO2018000007","PAID","","193052"),
("IATT200004646","193067","191001","192003","7000","1","7000","0","7000","1","1","3","IAT0201200925","NHO2018000007","PAID","","193067"),
("IATT200004647","193033","191001","192005","42000","1","42000","0","42000","1","1","1","IAT0201200925","NHO2018000007","PAID","","193033"),
("IATT200004647","193007","191001","192001","37000","1","37000","0","37000","1","1","1","IAT0201200925","NHO2018000007","PAID","yang satu lvl 1 yg satu lagi level 3","PEDAS"),
("IATT200004647","193007","191001","192001","37000","1","37000","0","37000","2","1","1","IAT0201200925","NHO2018000007","PAID","","PEDAS"),
("IATT200004647","193082","191001","192001","30000","1","30000","0","30000","1","1","1","IAT0201200925","NHO2018000007","PAID","","193082"),
("IATT200004647","193118","191001","192012","20000","1","20000","0","20000","1","1","1","IAT0201200925","NHO2018000007","PAID","","193118"),
("IATT200004647","193056","191002","192010","17000","1","17000","0","17000","1","1","1","IAT0201200925","NHO2018000007","PAID","","193056"),
("IATT200004647","193047","191002","192010","10000","1","10000","0","10000","1","1","1","IAT0201200925","NHO2018000007","PAID","","193047"),
("IATT200004647","193047","191002","192010","10000","1","10000","0","10000","2","1","1","IAT0201200925","NHO2018000007","PAID","","193047"),
("IATT200004648","193038","191001","192006","36000","1","36000","0","36000","1","1","1","IAT0201200925","NHO2018000007","PAID","","PEDAS"),
("IATT200004648","193046","191002","192010","10000","1","10000","0","10000","1","1","1","IAT0201200925","NHO2018000007","PAID","","193046"),
("IATT200004649","193082","191001","192001","30000","1","30000","15000","15000","1","1","1","IAT0201200925","NHO2018000007","PAID","","193082"),
("IATT200004649","193076","191001","192001","30000","1","30000","15000","15000","1","1","1","IAT0201200925","NHO2018000007","PAID","","193076"),
("IATT200004649","193033","191001","192005","42000","1","42000","21000","21000","1","1","1","IAT0201200925","NHO2018000007","PAID","","193033"),
("IATT200004649","193034","191001","192005","37000","1","37000","18500","18500","1","1","1","IAT0201200925","NHO2018000007","PAID","","193034"),
("IATT200004649","193035","191001","192006","32000","1","32000","16000","16000","1","1","1","IAT0201200925","NHO2018000007","PAID","","ORIGINAL"),
("IATT200004649","193047","191002","192010","10000","1","10000","0","10000","1","1","1","IAT0201200925","NHO2018000007","PAID","","193047"),
("IATT200004650","193048","191002","192010","8000","1","8000","0","8000","1","1","1","IAT0201200925","NHO2018000007","PAID","","193048"),
("IATT200004651","193084","191001","192001","30000","1","30000","0","30000","1","1","1","IAT0201200925","NHO2018000007","PAID","","PEDAS"),
("IATT200004651","193084","191001","192001","30000","1","30000","0","30000","2","1","1","IAT0201200925","NHO2018000007","PAID","","PEDAS"),
("IATT200004651","193047","191002","192010","10000","1","10000","0","10000","1","1","1","IAT0201200925","NHO2018000007","PAID","","193047"),
("IATT200004651","193047","191002","192010","10000","1","10000","0","10000","2","1","1","IAT0201200925","NHO2018000007","PAID","","193047"),
("IATT200004652","193007","191001","192001","37000","1","37000","0","37000","1","1","1","IAT0201200925","NHO2018000007","PAID","","PEDAS"),
("IATT200004652","193017","191001","192002","37000","1","37000","0","37000","1","1","1","IAT0201200925","NHO2018000007","PAID","","193017"),
("IATT200004652","193047","191002","192010","10000","1","10000","0","10000","1","1","1","IAT0201200925","NHO2018000007","PAID","","193047"),
("IATT200004652","193047","191002","192010","10000","1","10000","0","10000","2","1","1","IAT0201200925","NHO2018000007","PAID","","193047"),
("IATT200004651","193084","191001","192001","30000","1","30000","0","30000","3","1","2","IAT0201200925","NHO2018000007","PAID","","PEDAS"),
("IATT200004651","193047","191002","192010","10000","1","10000","0","10000","3","1","3","IAT0201200925","NHO2018000007","PAID","","193047"),
("IATT200004653","193036","191001","192006","36000","1","36000","7200","28800","1","1","1","IAT0201200925","NHO2018000007","PAID","","PEDAS"),
("IATT200004653","193085","191001","192001","30000","1","30000","6000","24000","1","1","1","IAT0201200925","NHO2018000007","PAID","","193085"),
("IATT200004653","193047","191002","192010","10000","1","10000","0","10000","1","1","1","IAT0201200925","NHO2018000007","PAID","","193047"),
("IATT200004654","193035","191001","192006","32000","1","32000","3200","28800","1","1","1","IAT0201200925","NHO2018000007","PAID","pedas sedang","PEDAS"),
("IATT200004654","193022","191001","192003","30000","1","30000","0","30000","1","1","1","IAT0201200925","NHO2018000007","PAID","","193022"),
("IATT200004654","193050","191002","192010","20000","1","20000","0","20000","1","1","1","IAT0201200925","NHO2018000007","PAID","","193050"),
("IATT200004654","193056","191002","192010","17000","1","17000","0","17000","1","1","1","IAT0201200925","NHO2018000007","PAID","","193056");



INSERT INTO pos_salestemp VALUES("IATT200004642","","2","94000","11400","8260","0","90860","100000","02/01/2020","11:57","2020-01-02","12:33:28","ISU000006","tbl0012","CLOSED","1","","IATR200004513","","","","","IAT0201200925","NHO2018000007"),
("IATT200004643","","1","77000","0","7700","0","84700","84700","02/01/2020","12:17","2020-01-02","12:47:13","ISU000006","tbl0010","CLOSED","1","","IATR200004514","","","","","IAT0201200925","NHO2018000007"),
("IATT200004644","","2","80000","0","8000","0","88000","88000","02/01/2020","12:59","2020-01-02","13:42:04","ISU000006","tbl0012","CLOSED","1","","IATR200004515","","","","","IAT0201200925","NHO2018000007"),
("IATT200004645","","4","256000","58400","19760","0","217360","217360","02/01/2020","16:07","2020-01-02","16:59:34","ISU000006","tbl0010","CLOSED","1","","IATR200004516","","","","","IAT0201200925","NHO2018000007"),
("IATT200004646","","3","147000","3000","14400","0","158400","158400","02/01/2020","16:10","2020-01-02","17:36:37","ISU000006","tbl0012","CLOSED","1","","IATR200004518","","","","","IAT0201200925","NHO2018000007"),
("IATT200004647","","4","203000","0","20300","0","223300","223300","02/01/2020","16:42","2020-01-02","17:27:50","ISU000006","tbl0011","CLOSED","1","","IATR200004517","","","","","IAT0201200925","NHO2018000007"),
("IATT200004648","","1","46000","0","4600","0","50600","50700","02/01/2020","16:56","2020-01-02","17:42:35","ISU000006","tbl0004","CLOSED","1","","IATR200004520","","","","","IAT0201200925","NHO2018000007"),
("IATT200004649","","2","181000","85500","9550","0","105050","200000","02/01/2020","17:09","2020-01-02","17:38:20","ISU000006","tbl0014","CLOSED","1","","IATR200004519","","","","","IAT0201200925","NHO2018000007"),
("IATT200004650","","1","8000","0","800","0","8800","10000","02/01/2020","17:47","2020-01-02","17:48:26","ISU000006","tbl0001","CLOSED","1","","IATR200004521","","","","","IAT0201200925","NHO2018000007"),
("IATT200004651","","2","120000","0","12000","0","132000","132000","02/01/2020","18:31","2020-01-02","19:58:42","ISU000006","tbl0011","CLOSED","1","","IATR200004522","","","","","IAT0201200925","NHO2018000007"),
("IATT200004652","","2","94000","0","9400","0","103400","105000","02/01/2020","19:05","2020-01-02","20:52:04","ISU000004","tbl0010","CLOSED","1","","IATR200004524","","","","","IAT0201200925","NHO2018000007"),
("IATT200004653","","2","76000","13200","6280","0","69080","69080","02/01/2020","19:40","2020-01-02","20:14:14","ISU000004","tbl0012","CLOSED","1","","IATR200004523","","","","","IAT0201200925","NHO2018000007"),
("IATT200004654","","2","99000","3200","9580","0","105380","105380","02/01/2020","20:53","2020-01-02","21:23:50","ISU000004","tbl0022","CLOSED","1","","IATR200004525","","","","","IAT0201200925","NHO2018000007");



INSERT INTO item_void VALUES("IATT200004647","IAT0201200925","NHO2018000007","193055","193055","1","17000","Before Send","Komplen Customer");



INSERT INTO pos_promotion_h VALUES("IATT200004642","NPRM18000024","DISC ITEM","1","11400","KANAN KIRI DISKON 20%","IAT0201200925","PAID","NHO2018000007"),
("IATT200004645","NPRM18000026","DISC ITEM","1","58400","KANAN KIRI DISKON 40%","IAT0201200925","PAID","NHO2018000007"),
("IATT200004649","NPRM18000027","DISC ITEM","1","85500","KANAN KIRI DISKON 50%","IAT0201200925","PAID","NHO2018000007"),
("IATT200004646","NPRM18000023","DISC ITEM","1","3000","KANAN KIRI DISKON 10%","IAT0201200925","PAID","NHO2018000007"),
("IATT200004653","NPRM18000024","DISC ITEM","1","13200","KANAN KIRI DISKON 20%","IAT0201200925","PAID","NHO2018000007"),
("IATT200004654","NPRM18000023","DISC ITEM","1","3200","KANAN KIRI DISKON 10%","IAT0201200925","PAID","NHO2018000007");



INSERT INTO pos_promotion_d VALUES("IATT200004642","NPRM18000024","DISC ITEM","1","1","193030","1","5400","IAT0201200925","PAID","NHO2018000007"),
("IATT200004642","NPRM18000024","DISC ITEM","1","1","193032","1","6000","IAT0201200925","PAID","NHO2018000007"),
("IATT200004645","NPRM18000026","DISC ITEM","1","1","193078","1","12000","IAT0201200925","PAID","NHO2018000007"),
("IATT200004645","NPRM18000026","DISC ITEM","1","1","193011","1","16000","IAT0201200925","PAID","NHO2018000007"),
("IATT200004645","NPRM18000026","DISC ITEM","1","1","193021","1","16000","IAT0201200925","PAID","NHO2018000007"),
("IATT200004645","NPRM18000026","DISC ITEM","1","1","193036","1","14400","IAT0201200925","PAID","NHO2018000007"),
("IATT200004649","NPRM18000027","DISC ITEM","1","1","193082","1","15000","IAT0201200925","PAID","NHO2018000007"),
("IATT200004649","NPRM18000027","DISC ITEM","1","1","193076","1","15000","IAT0201200925","PAID","NHO2018000007"),
("IATT200004649","NPRM18000027","DISC ITEM","1","1","193033","1","21000","IAT0201200925","PAID","NHO2018000007"),
("IATT200004649","NPRM18000027","DISC ITEM","1","1","193034","1","18500","IAT0201200925","PAID","NHO2018000007"),
("IATT200004649","NPRM18000027","DISC ITEM","1","1","193035","1","16000","IAT0201200925","PAID","NHO2018000007"),
("IATT200004646","NPRM18000023","DISC ITEM","1","1","193084","1","3000","IAT0201200925","PAID","NHO2018000007"),
("IATT200004653","NPRM18000024","DISC ITEM","1","1","193036","1","7200","IAT0201200925","PAID","NHO2018000007"),
("IATT200004653","NPRM18000024","DISC ITEM","1","1","193085","1","6000","IAT0201200925","PAID","NHO2018000007"),
("IATT200004654","NPRM18000023","DISC ITEM","1","1","193035","1","3200","IAT0201200925","PAID","NHO2018000007");



INSERT INTO pos_paymenttemp VALUES("IATT200004642","CASH","CASH","90860","100000","ISU000006","2020-01-02","","1","","CLOSED","IAT0201200925","NHO2018000007"),
("IATT200004643","CASH","OVO","84700","84700","ISU000006","2020-01-02","","1","","CLOSED","IAT0201200925","NHO2018000007"),
("IATT200004644","CASH","OVO","88000","88000","ISU000006","2020-01-02","","1","","CLOSED","IAT0201200925","NHO2018000007"),
("IATT200004645","CARD","MASTER","217360","217360","ISU000006","2020-01-02","","1","","CLOSED","IAT0201200925","NHO2018000007"),
("IATT200004647","CARD","VISA","223300","223300","ISU000006","2020-01-02","","1","","CLOSED","IAT0201200925","NHO2018000007"),
("IATT200004646","CARD","DEBIT BCA","158400","158400","ISU000006","2020-01-02","","1","","CLOSED","IAT0201200925","NHO2018000007"),
("IATT200004649","CASH","CASH","105050","200000","ISU000006","2020-01-02","","1","","CLOSED","IAT0201200925","NHO2018000007"),
("IATT200004648","CASH","CASH","50600","50700","ISU000006","2020-01-02","","1","","CLOSED","IAT0201200925","NHO2018000007"),
("IATT200004650","CASH","CASH","8800","10000","ISU000006","2020-01-02","","1","","CLOSED","IAT0201200925","NHO2018000007"),
("IATT200004651","CASH","CASH","132000","132000","ISU000006","2020-01-02","","1","","CLOSED","IAT0201200925","NHO2018000007"),
("IATT200004653","CARD","MASTER","69080","69080","ISU000004","2020-01-02","","1","","CLOSED","IAT0201200925","NHO2018000007"),
("IATT200004652","CASH","CASH","103400","105000","ISU000004","2020-01-02","","1","","CLOSED","IAT0201200925","NHO2018000007"),
("IATT200004654","CARD","DEBIT BCA","105380","105380","ISU000004","2020-01-02","","1","","CLOSED","IAT0201200925","NHO2018000007");



