INSERT INTO pos_itemtemp VALUES("IATT190004155","193086","191001","192002","33000","1","33000","0","33000","1","1","1","IAT0412190940","NHO2018000007","PAID","","PEDAS"),
("IATT190004155","193021","191001","192002","40000","1","40000","0","40000","1","1","1","IAT0412190940","NHO2018000007","PAID","","ORIGINAL"),
("IATT190004155","193054","191002","192010","20000","1","20000","0","20000","1","1","1","IAT0412190940","NHO2018000007","PAID","","193054"),
("IATT190004155","193052","191002","192010","20000","1","20000","0","20000","1","1","1","IAT0412190940","NHO2018000007","PAID","","193052"),
("IATT190004155","193055","191002","192010","17000","1","17000","0","17000","1","1","1","IAT0412190940","NHO2018000007","PAID","","193055"),
("IATT190004156","193084","191001","192001","30000","1","30000","0","30000","1","1","1","IAT0412190940","NHO2018000007","PAID","","PEDAS"),
("IATT190004156","193022","191001","192003","30000","1","30000","0","30000","1","1","1","IAT0412190940","NHO2018000007","PAID","","193022"),
("IATT190004156","193048","191002","192010","8000","1","8000","0","8000","1","1","1","IAT0412190940","NHO2018000007","PAID","","193048"),
("IATT190004156","193055","191002","192010","17000","1","17000","0","17000","1","1","1","IAT0412190940","NHO2018000007","PAID","","193055"),
("IATT190004157","193053","191002","192010","20000","1","20000","0","20000","1","1","1","IAT0412190940","NHO2018000007","PAID","","193053"),
("IATT190004157","193053","191002","192010","20000","1","20000","0","20000","2","1","1","IAT0412190940","NHO2018000007","PAID","","193053"),
("IATT190004157","193054","191002","192010","20000","1","20000","0","20000","1","1","2","IAT0412190940","NHO2018000007","PAID","","193054"),
("IATT190004157","193086","191001","192002","33000","1","33000","0","33000","1","1","2","IAT0412190940","NHO2018000007","PAID","","PEDAS"),
("IATT190004158","193034","191001","192005","37000","1","37000","18500","18500","1","1","1","IAT0412190940","NHO2018000007","PAID","","193034"),
("IATT190004158","193034","191001","192005","37000","1","37000","18500","18500","2","1","1","IAT0412190940","NHO2018000007","PAID","","193034"),
("IATT190004158","193077","191001","192001","30000","1","30000","15000","15000","1","1","1","IAT0412190940","NHO2018000007","PAID","","193077"),
("IATT190004158","193047","191002","192010","10000","1","10000","0","10000","1","1","1","IAT0412190940","NHO2018000007","PAID","","193047"),
("IATT190004158","193046","191002","192010","10000","1","10000","0","10000","1","1","1","IAT0412190940","NHO2018000007","PAID","","193046"),
("IATT190004158","193048","191002","192010","8000","1","8000","0","8000","1","1","2","IAT0412190940","NHO2018000007","PAID","","193048"),
("IATT190004159","193076","191001","192001","30000","1","30000","15000","15000","1","1","1","IAT0412190940","NHO2018000007","PAID","","193076"),
("IATT190004159","193011","191001","192001","40000","1","40000","20000","20000","1","1","1","IAT0412190940","NHO2018000007","PAID","","ORIGINAL"),
("IATT190004159","193118","191001","192012","20000","1","20000","0","20000","1","1","1","IAT0412190940","NHO2018000007","PAID","","193118"),
("IATT190004159","193054","191002","192010","20000","1","20000","0","20000","1","1","1","IAT0412190940","NHO2018000007","PAID","","193054"),
("IATT190004159","193054","191002","192010","20000","1","20000","0","20000","2","1","1","IAT0412190940","NHO2018000007","PAID","","193054"),
("IATT190004160","193084","191001","192001","30000","1","30000","15000","15000","1","1","1","IAT0412190940","NHO2018000007","PAID","lv 1","PEDAS"),
("IATT190004160","193086","191001","192002","33000","1","33000","16500","16500","1","1","1","IAT0412190940","NHO2018000007","PAID","lv2","PEDAS"),
("IATT190004160","193032","191001","192004","30000","1","30000","15000","15000","1","1","1","IAT0412190940","NHO2018000007","PAID","","193032"),
("IATT190004160","193055","191002","192010","17000","1","17000","0","17000","1","1","1","IAT0412190940","NHO2018000007","PAID","","193055"),
("IATT190004160","193046","191002","192010","10000","1","10000","0","10000","1","1","1","IAT0412190940","NHO2018000007","PAID","","193046"),
("IATT190004160","193048","191002","192010","8000","1","8000","0","8000","1","1","1","IAT0412190940","NHO2018000007","PAID","","193048"),
("IATT190004161","193011","191001","192001","40000","1","40000","0","40000","1","1","1","IAT0412190940","NHO2018000007","PAID","","ORIGINAL"),
("IATT190004161","193054","191002","192010","20000","1","20000","0","20000","1","1","1","IAT0412190940","NHO2018000007","PAID","","193054"),
("IATT190004161","193048","191002","192010","8000","1","8000","0","8000","1","1","1","IAT0412190940","NHO2018000007","PAID","","193048"),
("IATT190004162","193082","191001","192001","30000","1","30000","15000","15000","1","1","1","IAT0412190940","NHO2018000007","PAID","","193082"),
("IATT190004162","193082","191001","192001","30000","1","30000","15000","15000","2","1","1","IAT0412190940","NHO2018000007","PAID","","193082"),
("IATT190004162","193084","191001","192001","30000","1","30000","15000","15000","1","1","1","IAT0412190940","NHO2018000007","PAID","","PEDAS"),
("IATT190004162","193047","191002","192010","10000","1","10000","0","10000","1","1","1","IAT0412190940","NHO2018000007","PAID","","193047"),
("IATT190004162","193047","191002","192010","10000","1","10000","0","10000","2","1","1","IAT0412190940","NHO2018000007","PAID","","193047"),
("IATT190004162","193047","191002","192010","10000","1","10000","0","10000","3","1","1","IAT0412190940","NHO2018000007","PAID","","193047"),
("IATT190004163","193084","191001","192001","30000","1","30000","15000","15000","1","1","1","IAT0412190940","NHO2018000007","PAID","","PEDAS"),
("IATT190004163","193033","191001","192005","42000","1","42000","21000","21000","1","1","1","IAT0412190940","NHO2018000007","PAID","","193033"),
("IATT190004163","193019","191001","192002","40000","1","40000","20000","20000","1","1","1","IAT0412190940","NHO2018000007","PAID","","PEDAS"),
("IATT190004163","193048","191002","192010","8000","1","8000","0","8000","1","1","1","IAT0412190940","NHO2018000007","PAID","","193048"),
("IATT190004163","193048","191002","192010","8000","1","8000","0","8000","2","1","1","IAT0412190940","NHO2018000007","PAID","","193048"),
("IATT190004163","193055","191002","192010","17000","1","17000","0","17000","1","1","1","IAT0412190940","NHO2018000007","PAID","","193055"),
("IATT190004163","193054","191002","192010","20000","1","20000","0","20000","1","1","1","IAT0412190940","NHO2018000007","PAID","","193054"),
("IATT190004163","193086","191001","192002","33000","1","33000","16500","16500","1","1","2","IAT0412190940","NHO2018000007","PAID","","PEDAS"),
("IATT190004163","193054","191002","192010","20000","1","20000","0","20000","2","1","2","IAT0412190940","NHO2018000007","PAID","","193054"),
("IATT190004164","193084","191001","192001","30000","1","30000","15000","15000","1","1","1","IAT0412190940","NHO2018000007","PAID","","PEDAS"),
("IATT190004164","193079","191001","192001","30000","1","30000","15000","15000","1","1","1","IAT0412190940","NHO2018000007","PAID","","193079"),
("IATT190004164","193015","191001","192002","33000","1","33000","16500","16500","1","1","1","IAT0412190940","NHO2018000007","PAID","","PEDAS"),
("IATT190004164","193046","191002","192010","10000","1","10000","0","10000","1","1","1","IAT0412190940","NHO2018000007","PAID","","193046"),
("IATT190004164","193048","191002","192010","8000","1","8000","0","8000","1","1","1","IAT0412190940","NHO2018000007","PAID","","193048"),
("IATT190004163","193052","191002","192010","20000","1","20000","0","20000","1","1","3","IAT0412190940","NHO2018000007","PAID","","193052"),
("IATT190004163","193084","191001","192001","30000","1","30000","15000","15000","2","1","3","IAT0412190940","NHO2018000007","PAID","","PEDAS"),
("IATT190004165","193005","191001","192001","37000","1","37000","0","37000","1","1","1","IAT0412190940","NHO2018000007","PAID","","193005"),
("IATT190004165","193034","191001","192005","37000","1","37000","0","37000","1","1","1","IAT0412190940","NHO2018000007","PAID","","193034"),
("IATT190004165","193047","191002","192010","10000","1","10000","0","10000","1","1","1","IAT0412190940","NHO2018000007","PAID","","193047"),
("IATT190004165","193047","191002","192010","10000","1","10000","0","10000","2","1","1","IAT0412190940","NHO2018000007","PAID","","193047"),
("IATT190004166","193084","191001","192001","30000","1","30000","0","30000","1","1","1","IAT0412190940","NHO2018000007","PAID","","PEDAS"),
("IATT190004166","193085","191001","192001","30000","1","30000","0","30000","1","1","1","IAT0412190940","NHO2018000007","PAID","","193085"),
("IATT190004166","193049","191002","192010","10000","1","10000","0","10000","1","1","1","IAT0412190940","NHO2018000007","PAID","","193049"),
("IATT190004166","193055","191002","192010","17000","1","17000","0","17000","1","1","1","IAT0412190940","NHO2018000007","PAID","","193055"),
("IATT190004167","193086","191001","192002","33000","1","33000","0","33000","1","1","1","IAT0412190940","NHO2018000007","PAID","lv 2","PEDAS"),
("IATT190004167","193027","191001","192003","43000","1","43000","0","43000","1","1","1","IAT0412190940","NHO2018000007","PAID","","193027"),
("IATT190004167","193028","191001","192003","43000","1","43000","0","43000","1","1","1","IAT0412190940","NHO2018000007","PAID","","193028"),
("IATT190004167","193048","191002","192010","8000","1","8000","0","8000","1","1","1","IAT0412190940","NHO2018000007","PAID","","193048"),
("IATT190004167","193052","191002","192010","20000","1","20000","0","20000","1","1","1","IAT0412190940","NHO2018000007","PAID","","193052"),
("IATT190004167","193052","191002","192010","20000","1","20000","0","20000","2","1","1","IAT0412190940","NHO2018000007","PAID","","193052"),
("IATT190004168","193076","191001","192001","30000","1","30000","0","30000","1","1","1","IAT0412190940","NHO2018000007","PAID","","193076"),
("IATT190004168","193052","191002","192010","20000","1","20000","0","20000","1","1","1","IAT0412190940","NHO2018000007","PAID","","193052");



INSERT INTO pos_salestemp VALUES("IATT190004155","","2","130000","0","13000","0","143000","143000","04/12/2019","11:33","2019-12-04","12:11:07","ISU000006","tbl0010","CLOSED","1","","IATR190004033","","","","","IAT0412190940","NHO2018000007"),
("IATT190004156","","2","85000","0","8500","0","93500","100000","04/12/2019","14:02","2019-12-04","14:31:26","ISU000006","tbl0012","CLOSED","1","","IATR190004034","","","","","IAT0412190940","NHO2018000007"),
("IATT190004157","","2","93000","0","9300","0","102300","105000","04/12/2019","15:35","2019-12-04","16:08:08","ISU000006","tbl0010","CLOSED","1","","IATR190004035","","","","","IAT0412190940","NHO2018000007"),
("IATT190004158","","2","132000","52000","8000","0","88000","100000","04/12/2019","15:51","2019-12-04","17:37:25","ISU000006","tbl0012","CLOSED","1","","IATR190004036","","","","","IAT0412190940","NHO2018000007"),
("IATT190004159","","2","130000","35000","9500","0","104500","105000","04/12/2019","16:56","2019-12-04","17:48:57","ISU000006","tbl0010","CLOSED","1","","IATR190004037","","","","","IAT0412190940","NHO2018000007"),
("IATT190004160","","2","128000","46500","8150","0","89650","89650","04/12/2019","18:10","2019-12-04","18:45:22","ISU000006","tbl0012","CLOSED","1","","IATR190004038","","","","","IAT0412190940","NHO2018000007"),
("IATT190004161","","1","68000","0","6800","0","74800","100000","04/12/2019","18:12","2019-12-04","19:27:12","ISU000006","tbl0004","CLOSED","1","","IATR190004039","","","","","IAT0412190940","NHO2018000007"),
("IATT190004162","","2","120000","45000","7500","0","82500","100000","04/12/2019","18:46","2019-12-04","19:31:54","ISU000006","tbl0011","CLOSED","1","","IATR190004040","","","","","IAT0412190940","NHO2018000007"),
("IATT190004163","","3","268000","87500","18050","0","198550","200000","04/12/2019","18:49","2019-12-04","20:17:56","ISU000004","tbl0010","CLOSED","1","","IATR190004043","","","","","IAT0412190940","NHO2018000007"),
("IATT190004164","","2","111000","46500","6450","0","70950","70950","04/12/2019","19:14","2019-12-04","20:16:42","ISU000006","tbl0012","CLOSED","1","","IATR190004042","","","","","IAT0412190940","NHO2018000007"),
("IATT190004165","","2","94000","0","9400","0","103400","105000","04/12/2019","19:27","2019-12-04","19:56:24","ISU000006","tbl0014","CLOSED","1","","IATR190004041","","","","","IAT0412190940","NHO2018000007"),
("IATT190004166","","2","87000","0","8700","0","95700","100000","04/12/2019","20:09","2019-12-04","20:39:07","ISU000004","tbl0014","CLOSED","1","","IATR190004044","","","","","IAT0412190940","NHO2018000007"),
("IATT190004167","","3","167000","0","16700","0","183700","200000","04/12/2019","20:44","2019-12-04","21:25:33","ISU000004","tbl0012","CLOSED","1","","IATR190004046","","","","","IAT0412190940","NHO2018000007"),
("IATT190004168","","1","50000","0","5000","0","55000","55000","04/12/2019","20:57","2019-12-04","21:19:10","ISU000004","tbl0004","CLOSED","1","","IATR190004045","","","","","IAT0412190940","NHO2018000007");






INSERT INTO pos_promotion_h VALUES("IATT190004158","NPRM18000021","DISC ITEM","1","52000","MENANG BANYAK","IAT0412190940","PAID","NHO2018000007"),
("IATT190004159","NPRM18000021","DISC ITEM","1","35000","MENANG BANYAK","IAT0412190940","PAID","NHO2018000007"),
("IATT190004160","NPRM18000021","DISC ITEM","1","46500","MENANG BANYAK","IAT0412190940","PAID","NHO2018000007"),
("IATT190004162","NPRM18000021","DISC ITEM","1","45000","MENANG BANYAK","IAT0412190940","PAID","NHO2018000007"),
("IATT190004163","NPRM18000021","DISC ITEM","1","87500","MENANG BANYAK","IAT0412190940","PAID","NHO2018000007"),
("IATT190004164","NPRM18000021","DISC ITEM","1","46500","MENANG BANYAK","IAT0412190940","PAID","NHO2018000007");



INSERT INTO pos_promotion_d VALUES("IATT190004158","NPRM18000021","DISC ITEM","1","1","193034","1","18500","IAT0412190940","PAID","NHO2018000007"),
("IATT190004158","NPRM18000021","DISC ITEM","1","1","193034","2","18500","IAT0412190940","PAID","NHO2018000007"),
("IATT190004158","NPRM18000021","DISC ITEM","1","1","193077","1","15000","IAT0412190940","PAID","NHO2018000007"),
("IATT190004159","NPRM18000021","DISC ITEM","1","1","193076","1","15000","IAT0412190940","PAID","NHO2018000007"),
("IATT190004159","NPRM18000021","DISC ITEM","1","1","193011","1","20000","IAT0412190940","PAID","NHO2018000007"),
("IATT190004160","NPRM18000021","DISC ITEM","1","1","193084","1","15000","IAT0412190940","PAID","NHO2018000007"),
("IATT190004160","NPRM18000021","DISC ITEM","1","1","193086","1","16500","IAT0412190940","PAID","NHO2018000007"),
("IATT190004160","NPRM18000021","DISC ITEM","1","1","193032","1","15000","IAT0412190940","PAID","NHO2018000007"),
("IATT190004162","NPRM18000021","DISC ITEM","1","1","193082","1","15000","IAT0412190940","PAID","NHO2018000007"),
("IATT190004162","NPRM18000021","DISC ITEM","1","1","193082","2","15000","IAT0412190940","PAID","NHO2018000007"),
("IATT190004162","NPRM18000021","DISC ITEM","1","1","193084","1","15000","IAT0412190940","PAID","NHO2018000007"),
("IATT190004163","NPRM18000021","DISC ITEM","1","1","193084","1","15000","IAT0412190940","PAID","NHO2018000007"),
("IATT190004163","NPRM18000021","DISC ITEM","1","1","193033","1","21000","IAT0412190940","PAID","NHO2018000007"),
("IATT190004163","NPRM18000021","DISC ITEM","1","1","193019","1","20000","IAT0412190940","PAID","NHO2018000007"),
("IATT190004163","NPRM18000021","DISC ITEM","1","1","193086","1","16500","IAT0412190940","PAID","NHO2018000007"),
("IATT190004163","NPRM18000021","DISC ITEM","1","1","193084","2","15000","IAT0412190940","PAID","NHO2018000007"),
("IATT190004164","NPRM18000021","DISC ITEM","1","1","193084","1","15000","IAT0412190940","PAID","NHO2018000007"),
("IATT190004164","NPRM18000021","DISC ITEM","1","1","193079","1","15000","IAT0412190940","PAID","NHO2018000007"),
("IATT190004164","NPRM18000021","DISC ITEM","1","1","193015","1","16500","IAT0412190940","PAID","NHO2018000007");



INSERT INTO pos_paymenttemp VALUES("IATT190004155","CARD","DEBIT BCA","143000","143000","ISU000006","2019-12-04","","1","","CLOSED","IAT0412190940","NHO2018000007"),
("IATT190004156","CASH","CASH","93500","100000","ISU000006","2019-12-04","","1","","CLOSED","IAT0412190940","NHO2018000007"),
("IATT190004157","CASH","CASH","102300","105000","ISU000006","2019-12-04","","1","","CLOSED","IAT0412190940","NHO2018000007"),
("IATT190004158","CASH","CASH","88000","100000","ISU000006","2019-12-04","","1","","CLOSED","IAT0412190940","NHO2018000007"),
("IATT190004159","CASH","CASH","104500","105000","ISU000006","2019-12-04","","1","","CLOSED","IAT0412190940","NHO2018000007"),
("IATT190004160","CARD","DEBIT BCA","89650","89650","ISU000006","2019-12-04","","1","","CLOSED","IAT0412190940","NHO2018000007"),
("IATT190004161","CASH","CASH","74800","100000","ISU000006","2019-12-04","","1","","CLOSED","IAT0412190940","NHO2018000007"),
("IATT190004162","CASH","CASH","82500","100000","ISU000006","2019-12-04","","1","","CLOSED","IAT0412190940","NHO2018000007"),
("IATT190004165","CASH","CASH","103400","105000","ISU000006","2019-12-04","","1","","CLOSED","IAT0412190940","NHO2018000007"),
("IATT190004164","CARD","DEBIT BCA","70950","70950","ISU000006","2019-12-04","","1","","CLOSED","IAT0412190940","NHO2018000007"),
("IATT190004163","CASH","CASH","198550","200000","ISU000004","2019-12-04","","1","","CLOSED","IAT0412190940","NHO2018000007"),
("IATT190004166","CASH","CASH","95700","100000","ISU000004","2019-12-04","","1","","CLOSED","IAT0412190940","NHO2018000007"),
("IATT190004168","CASH","CASH","55000","55000","ISU000004","2019-12-04","","1","","CLOSED","IAT0412190940","NHO2018000007"),
("IATT190004167","CASH","CASH","183700","200000","ISU000004","2019-12-04","","1","","CLOSED","IAT0412190940","NHO2018000007");



