INSERT INTO pos_itemtemp VALUES("IATT200005212","193032","191001","192004","30000","1","30000","0","30000","1","1","1","IAT0802200839","NHO2018000007","PAID","","193032"),
("IATT200005212","193054","191002","192010","20000","1","20000","0","20000","1","1","1","IAT0802200839","NHO2018000007","PAID","es dikit","193054"),
("IATT200005213","193033","191001","192005","42000","1","42000","0","42000","1","1","1","IAT0802200839","NHO2018000007","PAID","","193033"),
("IATT200005213","193022","191001","192003","30000","1","30000","0","30000","1","1","1","IAT0802200839","NHO2018000007","PAID","","193022"),
("IATT200005213","193071","191001","192012","18000","1","18000","0","18000","1","1","1","IAT0802200839","NHO2018000007","PAID","","193071"),
("IATT200005213","193047","191002","192010","10000","1","10000","0","10000","1","1","1","IAT0802200839","NHO2018000007","PAID","","193047"),
("IATT200005213","193047","191002","192010","10000","1","10000","0","10000","2","1","1","IAT0802200839","NHO2018000007","PAID","","193047"),
("IATT200005213","193047","191002","192010","10000","1","10000","0","10000","3","1","1","IAT0802200839","NHO2018000007","PAID","","193047"),
("IATT200005214","193113","191001","192003","55000","1","55000","0","55000","1","1","1","IAT0802200839","NHO2018000007","PAID","take away","193113"),
("IATT200005215","193005","191001","192001","37000","1","37000","0","37000","1","1","1","IAT0802200839","NHO2018000007","PAID","PEDES","193005"),
("IATT200005215","193008","191001","192001","37000","1","37000","0","37000","1","1","1","IAT0802200839","NHO2018000007","PAID","PEDES","193008"),
("IATT200005215","193022","191001","192003","30000","1","30000","0","30000","1","1","1","IAT0802200839","NHO2018000007","PAID","","193022"),
("IATT200005215","193056","191002","192010","17000","1","17000","0","17000","1","1","1","IAT0802200839","NHO2018000007","PAID","","193056"),
("IATT200005215","193054","191002","192010","20000","1","20000","0","20000","1","1","1","IAT0802200839","NHO2018000007","PAID","","193054"),
("IATT200005215","193048","191002","192010","8000","1","8000","0","8000","1","1","1","IAT0802200839","NHO2018000007","PAID","","193048"),
("IATT200005215","193022","191001","192003","30000","1","30000","0","30000","2","1","2","IAT0802200839","NHO2018000007","PAID","","193022"),
("IATT200005215","193055","191002","192010","17000","1","17000","0","17000","1","1","2","IAT0802200839","NHO2018000007","PAID","","193055"),
("IATT200005216","193082","191001","192001","30000","1","30000","0","30000","1","1","1","IAT0802200839","NHO2018000007","PAID","PEDES SEDANG","193082"),
("IATT200005217","193085","191001","192001","30000","1","30000","0","30000","1","1","1","IAT0802200839","NHO2018000007","PAID","","193085"),
("IATT200005217","193084","191001","192001","30000","1","30000","0","30000","1","1","1","IAT0802200839","NHO2018000007","PAID","","PEDAS"),
("IATT200005217","193055","191002","192010","17000","1","17000","0","17000","1","1","1","IAT0802200839","NHO2018000007","PAID","","193055"),
("IATT200005217","193056","191002","192010","17000","1","17000","0","17000","1","1","1","IAT0802200839","NHO2018000007","PAID","","193056"),
("IATT200005218","193011","191001","192001","40000","1","40000","0","40000","1","1","1","IAT0802200839","NHO2018000007","PAID","","PEDAS"),
("IATT200005218","193055","191002","192010","17000","1","17000","0","17000","1","1","1","IAT0802200839","NHO2018000007","PAID","","193055"),
("IATT200005219","193084","191001","192001","30000","1","30000","0","30000","1","1","1","IAT0802200839","NHO2018000007","PAID","","PEDAS"),
("IATT200005219","193035","191001","192006","32000","1","32000","0","32000","1","1","1","IAT0802200839","NHO2018000007","PAID","","PEDAS"),
("IATT200005219","193032","191001","192004","30000","1","30000","0","30000","1","1","1","IAT0802200839","NHO2018000007","PAID","","193032"),
("IATT200005219","193046","191002","192010","10000","1","10000","0","10000","1","1","1","IAT0802200839","NHO2018000007","PAID","","193046"),
("IATT200005219","193049","191002","192010","10000","1","10000","0","10000","1","1","1","IAT0802200839","NHO2018000007","PAID","","193049"),
("IATT200005219","193055","191002","192010","17000","1","17000","0","17000","1","1","1","IAT0802200839","NHO2018000007","PAID","","193055"),
("IATT200005220","193113","191001","192003","55000","1","55000","0","55000","1","1","1","IAT0802200839","NHO2018000007","PAID","","193113"),
("IATT200005220","193055","191002","192010","17000","1","17000","0","17000","1","1","1","IAT0802200839","NHO2018000007","PAID","","193055"),
("IATT200005221","193035","191001","192006","32000","1","32000","0","32000","1","1","1","IAT0802200839","NHO2018000007","PAID","PEDES SEDENG","PEDAS"),
("IATT200005221","193024","191001","192003","30000","1","30000","0","30000","1","1","1","IAT0802200839","NHO2018000007","PAID","","193024"),
("IATT200005221","193036","191001","192006","36000","1","36000","0","36000","1","1","1","IAT0802200839","NHO2018000007","PAID","PEDES SEDENG","PEDAS"),
("IATT200005221","193049","191002","192010","10000","1","10000","0","10000","1","1","1","IAT0802200839","NHO2018000007","PAID","","193049"),
("IATT200005221","193046","191002","192010","10000","1","10000","0","10000","1","1","1","IAT0802200839","NHO2018000007","PAID","","193046"),
("IATT200005221","193046","191002","192010","10000","1","10000","0","10000","3","1","2","IAT0802200839","NHO2018000007","PAID","","193046"),
("IATT200005222","193251","191001","192013","25000","1","25000","0","25000","1","1","1","IAT0802200839","NHO2018000007","PAID","","193251"),
("IATT200005222","193243","191001","192013","25000","1","25000","0","25000","1","1","1","IAT0802200839","NHO2018000007","PAID","","193243"),
("IATT200005223","193085","191001","192001","30000","1","30000","0","30000","1","1","1","IAT0802200839","NHO2018000007","PAID","","193085"),
("IATT200005223","193085","191001","192001","30000","1","30000","0","30000","2","1","1","IAT0802200839","NHO2018000007","PAID","","193085"),
("IATT200005224","193056","191002","192010","17000","1","17000","0","17000","1","1","1","IAT0802200839","NHO2018000007","PAID","","193056"),
("IATT200005224","193056","191002","192010","17000","1","17000","0","17000","2","1","1","IAT0802200839","NHO2018000007","PAID","","193056"),
("IATT200005224","193247","191001","192013","25000","1","25000","0","25000","1","1","1","IAT0802200839","NHO2018000007","PAID","","193247"),
("IATT200005224","193244","191001","192013","25000","1","25000","0","25000","1","1","1","IAT0802200839","NHO2018000007","PAID","","193244"),
("IATT200005225","193253","191001","192013","25000","1","25000","0","25000","1","1","1","IAT0802200839","NHO2018000007","PAID","","193253"),
("IATT200005225","193244","191001","192013","25000","1","25000","0","25000","1","1","1","IAT0802200839","NHO2018000007","PAID","","193244"),
("IATT200005225","193047","191002","192010","10000","1","10000","0","10000","1","1","1","IAT0802200839","NHO2018000007","PAID","","193047"),
("IATT200005226","193251","191001","192013","25000","1","25000","0","25000","1","1","1","IAT0802200839","NHO2018000007","PAID","","193251"),
("IATT200005226","193244","191001","192013","25000","1","25000","0","25000","1","1","1","IAT0802200839","NHO2018000007","PAID","","193244"),
("IATT200005226","193047","191002","192010","10000","1","10000","0","10000","1","1","1","IAT0802200839","NHO2018000007","PAID","","193047"),
("IATT200005226","193047","191002","192010","10000","1","10000","0","10000","2","1","1","IAT0802200839","NHO2018000007","PAID","","193047"),
("IATT200005226","193070","191001","192012","13000","1","13000","0","13000","1","1","1","IAT0802200839","NHO2018000007","PAID","","193070"),
("IATT200005227","193255","191001","192013","25000","1","25000","0","25000","1","1","1","IAT0802200839","NHO2018000007","PAID","PEDES SEDANG","193255"),
("IATT200005227","193244","191001","192013","25000","1","25000","0","25000","1","1","1","IAT0802200839","NHO2018000007","PAID","","193244"),
("IATT200005227","193046","191002","192010","10000","1","10000","0","10000","1","1","1","IAT0802200839","NHO2018000007","PAID","","193046"),
("IATT200005227","193046","191002","192010","10000","1","10000","0","10000","2","1","1","IAT0802200839","NHO2018000007","PAID","","193046"),
("IATT200005228","193253","191001","192013","25000","1","25000","0","25000","1","1","1","IAT0802200839","NHO2018000007","PAID","PEDES SEDENG","193253"),
("IATT200005228","193244","191001","192013","25000","1","25000","0","25000","1","1","2","IAT0802200839","NHO2018000007","PAID","","193244"),
("IATT200005229","193114","191001","192006","42000","1","42000","0","42000","1","1","1","IAT0802200839","NHO2018000007","PAID","","193114"),
("IATT200005229","193009","191001","192001","40000","1","40000","0","40000","1","1","1","IAT0802200839","NHO2018000007","PAID","","193009"),
("IATT200005229","193048","191002","192010","8000","1","8000","0","8000","1","1","1","IAT0802200839","NHO2018000007","PAID","","193048"),
("IATT200005229","193048","191002","192010","8000","1","8000","0","8000","2","1","1","IAT0802200839","NHO2018000007","PAID","","193048"),
("IATT200005230","193052","191002","192010","20000","1","20000","0","20000","1","1","1","IAT0802200839","NHO2018000007","PAID","","193052"),
("IATT200005230","193039","191001","192006","36000","1","36000","0","36000","1","1","1","IAT0802200839","NHO2018000007","PAID","SEDANG PEDES\n","PEDAS"),
("IATT200005231","193252","191001","192013","25000","1","25000","0","25000","1","1","1","IAT0802200839","NHO2018000007","PAID","","193252"),
("IATT200005231","193242","191001","192013","25000","1","25000","0","25000","1","1","1","IAT0802200839","NHO2018000007","PAID","","193242"),
("IATT200005231","193056","191002","192010","17000","1","17000","0","17000","1","1","1","IAT0802200839","NHO2018000007","PAID","","193056"),
("IATT200005231","193054","191002","192010","20000","1","20000","0","20000","1","1","1","IAT0802200839","NHO2018000007","PAID","","193054"),
("IATT200005231","193048","191002","192010","8000","1","8000","0","8000","1","1","1","IAT0802200839","NHO2018000007","PAID","","193048"),
("IATT200005232","193084","191001","192001","30000","1","30000","0","30000","1","1","1","IAT0802200839","NHO2018000007","PAID","","PEDAS"),
("IATT200005232","193029","191001","192004","27000","1","27000","0","27000","1","1","1","IAT0802200839","NHO2018000007","PAID","","193029"),
("IATT200005232","193055","191002","192010","17000","1","17000","0","17000","1","1","1","IAT0802200839","NHO2018000007","PAID","","193055"),
("IATT200005232","193056","191002","192010","17000","1","17000","0","17000","1","1","1","IAT0802200839","NHO2018000007","PAID","","193056"),
("IATT200005230","193048","191002","192010","8000","1","8000","0","8000","1","1","2","IAT0802200839","NHO2018000007","PAID","","193048"),
("IATT200005233","193048","191002","192010","8000","1","8000","0","8000","1","1","1","IAT0802200839","NHO2018000007","PAID","","193048"),
("IATT200005233","193052","191002","192010","20000","1","20000","0","20000","1","1","1","IAT0802200839","NHO2018000007","PAID","","193052"),
("IATT200005233","193113","191001","192003","55000","1","55000","0","55000","1","1","1","IAT0802200839","NHO2018000007","PAID","SALMONNYA DI REBUS","193113");



INSERT INTO pos_salestemp VALUES("IATT200005212","","1","50000","0","5000","0","55000","55000","08/02/2020","11:30","2020-02-08","12:10:55","ISU000015","tbl0011","CLOSED","1","","IATR200005070","","","","","IAT0802200839","NHO2018000007"),
("IATT200005213","","2","120000","0","12000","0","132000","132000","08/02/2020","12:47","2020-02-08","13:22:29","ISU000015","tbl0012","CLOSED","1","","IATR200005071","","","","","IAT0802200839","NHO2018000007"),
("IATT200005214","","1","55000","0","5500","0","60500","100000","08/02/2020","13:24","2020-02-08","13:25:12","ISU000015","tbl0002","CLOSED","1","","IATR200005072","","","","","IAT0802200839","NHO2018000007"),
("IATT200005215","","3","196000","0","19600","0","215600","220000","08/02/2020","13:28","2020-02-08","15:40:34","ISU000004","tbl0010","CLOSED","1","","IATR200005075","","","","","IAT0802200839","NHO2018000007"),
("IATT200005216","","1","30000","0","3000","0","33000","50000","08/02/2020","13:52","2020-02-08","14:14:40","ISU000004","tbl0013","CLOSED","1","","IATR200005073","","","","","IAT0802200839","NHO2018000007"),
("IATT200005217","","2","94000","0","9400","0","103400","103400","08/02/2020","15:02","2020-02-08","15:38:55","ISU000004","tbl0012","CLOSED","1","","IATR200005074","","","","","IAT0802200839","NHO2018000007"),
("IATT200005218","","2","57000","0","5700","0","62700","62700","08/02/2020","15:31","2020-02-08","15:59:38","ISU000004","tbl0007","CLOSED","1","","IATR200005076","","","","","IAT0802200839","NHO2018000007"),
("IATT200005219","","3","129000","0","12900","0","141900","200000","08/02/2020","15:32","2020-02-08","16:23:01","ISU000004","tbl0011","CLOSED","1","","IATR200005079","","","","","IAT0802200839","NHO2018000007"),
("IATT200005220","","1","72000","0","7200","0","79200","100000","08/02/2020","15:35","2020-02-08","16:09:18","ISU000004","tbl0022","CLOSED","1","","IATR200005077","","","","","IAT0802200839","NHO2018000007"),
("IATT200005221","","2","128000","0","12800","0","140800","150000","08/02/2020","15:39","2020-02-08","16:17:12","ISU000004","tbl0021","CLOSED","1","","IATR200005078","","","","","IAT0802200839","NHO2018000007"),
("IATT200005222","","2","50000","0","5000","0","55000","100000","08/02/2020","16:19","2020-02-08","17:12:30","ISU000004","tbl0010","CLOSED","1","","IATR200005081","","","","","IAT0802200839","NHO2018000007"),
("IATT200005223","","2","60000","0","6000","0","66000","66000","08/02/2020","16:34","2020-02-08","17:02:08","ISU000004","tbl0012","CLOSED","1","","IATR200005080","","","","","IAT0802200839","NHO2018000007"),
("IATT200005224","","2","84000","0","8400","0","92400","92400","08/02/2020","16:45","2020-02-08","17:23:19","ISU000004","tbl0011","CLOSED","1","","IATR200005082","","","","","IAT0802200839","NHO2018000007"),
("IATT200005225","","2","60000","0","6000","0","66000","66000","08/02/2020","18:52","2020-02-08","19:29:41","ISU000004","tbl0011","CLOSED","1","","IATR200005083","","","","","IAT0802200839","NHO2018000007"),
("IATT200005226","","4","83000","0","8300","0","91300","100000","08/02/2020","18:58","2020-02-08","19:33:49","ISU000004","tbl0010","CLOSED","1","","IATR200005084","","","","","IAT0802200839","NHO2018000007"),
("IATT200005227","","2","70000","0","7000","0","77000","102000","08/02/2020","19:00","2020-02-08","19:34:23","ISU000004","tbl0009","CLOSED","1","","IATR200005085","","","","","IAT0802200839","NHO2018000007"),
("IATT200005228","","2","50000","0","5000","0","55000","55000","08/02/2020","19:20","2020-02-08","20:19:03","ISU000004","tbl0012","CLOSED","1","","IATR200005086","","","","","IAT0802200839","NHO2018000007"),
("IATT200005229","","2","98000","0","9800","0","107800","107800","08/02/2020","19:36","2020-02-08","20:41:07","ISU000004","tbl0021","CLOSED","1","","IATR200005088","","","","","IAT0802200839","NHO2018000007"),
("IATT200005230","","1","64000","0","6400","0","70400","70400","08/02/2020","19:51","2020-02-08","20:33:40","ISU000004","tbl0011","CLOSED","1","","IATR200005087","","","","","IAT0802200839","NHO2018000007"),
("IATT200005231","","2","95000","0","9500","0","104500","104500","08/02/2020","19:55","2020-02-08","20:52:35","ISU000004","tbl0010","CLOSED","1","","IATR200005090","","","","","IAT0802200839","NHO2018000007"),
("IATT200005232","","2","91000","0","9100","0","100100","100100","08/02/2020","20:02","2020-02-08","21:10:04","ISU000004","tbl0023","CLOSED","1","","IATR200005091","","","","","IAT0802200839","NHO2018000007"),
("IATT200005233","","1","83000","0","8300","0","91300","100000","08/02/2020","20:24","2020-02-08","20:49:06","ISU000004","tbl0012","CLOSED","1","","IATR200005089","","","","","IAT0802200839","NHO2018000007");



INSERT INTO item_void VALUES("IATT200005228","IAT0802200839","NHO2018000007","193030","193030","1","27000","Before Send","Salah Order");









INSERT INTO pos_paymenttemp VALUES("IATT200005212","CARD","VISA","55000","55000","ISU000015","2020-02-08","","1","","CLOSED","IAT0802200839","NHO2018000007"),
("IATT200005213","CARD","VISA","132000","132000","ISU000015","2020-02-08","","1","","CLOSED","IAT0802200839","NHO2018000007"),
("IATT200005214","CASH","CASH","60500","100000","ISU000015","2020-02-08","","1","","CLOSED","IAT0802200839","NHO2018000007"),
("IATT200005216","CASH","CASH","33000","50000","ISU000004","2020-02-08","","1","","CLOSED","IAT0802200839","NHO2018000007"),
("IATT200005217","CARD","MASTER","103400","103400","ISU000004","2020-02-08","","1","","CLOSED","IAT0802200839","NHO2018000007"),
("IATT200005215","CASH","CASH","215600","220000","ISU000004","2020-02-08","","1","","CLOSED","IAT0802200839","NHO2018000007"),
("IATT200005218","CASH","CASH","62700","62700","ISU000004","2020-02-08","","1","","CLOSED","IAT0802200839","NHO2018000007"),
("IATT200005220","CASH","CASH","79200","100000","ISU000004","2020-02-08","","1","","CLOSED","IAT0802200839","NHO2018000007"),
("IATT200005221","CASH","CASH","140800","150000","ISU000004","2020-02-08","","1","","CLOSED","IAT0802200839","NHO2018000007"),
("IATT200005219","CASH","CASH","141900","200000","ISU000004","2020-02-08","","1","","CLOSED","IAT0802200839","NHO2018000007"),
("IATT200005223","CASH","OVO","66000","66000","ISU000004","2020-02-08","","1","","CLOSED","IAT0802200839","NHO2018000007"),
("IATT200005222","CASH","CASH","55000","100000","ISU000004","2020-02-08","","1","","CLOSED","IAT0802200839","NHO2018000007"),
("IATT200005224","CARD","DEBIT BCA","92400","92400","ISU000004","2020-02-08","","1","","CLOSED","IAT0802200839","NHO2018000007"),
("IATT200005225","CARD","MASTER","66000","66000","ISU000004","2020-02-08","","1","","CLOSED","IAT0802200839","NHO2018000007"),
("IATT200005226","CASH","CASH","91300","100000","ISU000004","2020-02-08","","1","","CLOSED","IAT0802200839","NHO2018000007"),
("IATT200005227","CASH","CASH","77000","102000","ISU000004","2020-02-08","","1","","CLOSED","IAT0802200839","NHO2018000007"),
("IATT200005228","CASH","CASH","55000","55000","ISU000004","2020-02-08","","1","","CLOSED","IAT0802200839","NHO2018000007"),
("IATT200005230","CASH","OVO","70400","70400","ISU000004","2020-02-08","","1","","CLOSED","IAT0802200839","NHO2018000007"),
("IATT200005229","CARD","MASTER","107800","107800","ISU000004","2020-02-08","","1","","CLOSED","IAT0802200839","NHO2018000007"),
("IATT200005233","CASH","CASH","91300","100000","ISU000004","2020-02-08","","1","","CLOSED","IAT0802200839","NHO2018000007"),
("IATT200005231","CARD","DEBIT BCA","104500","104500","ISU000004","2020-02-08","","1","","CLOSED","IAT0802200839","NHO2018000007"),
("IATT200005232","CARD","VISA","100100","100100","ISU000004","2020-02-08","","1","","CLOSED","IAT0802200839","NHO2018000007");



