INSERT INTO pos_itemtemp VALUES("IATT190002954","193082","191001","192001","30000","1","30000","15000","15000","1","1","1","IAT0410190858","NHO2018000007","PAID","","193082"),
("IATT190002954","193017","191001","192002","37000","1","37000","18500","18500","1","1","1","IAT0410190858","NHO2018000007","PAID","","193017"),
("IATT190002954","193048","191002","192010","8000","1","8000","0","8000","1","1","1","IAT0410190858","NHO2018000007","PAID","","193048"),
("IATT190002954","193048","191002","192010","8000","1","8000","0","8000","2","1","2","IAT0410190858","NHO2018000007","PAID","","193048"),
("IATT190002955","193009","191001","192001","40000","1","40000","20000","20000","1","1","4","IAT0410190858","NHO2018000007","PAID","","193009"),
("IATT190002955","193009","191001","192001","40000","1","40000","20000","20000","2","1","4","IAT0410190858","NHO2018000007","PAID","","193009"),
("IATT190002955","193074","191003","192011","0","1","0","0","0","1","1","4","IAT0410190858","NHO2018000007","PAID","","193074"),
("IATT190002955","193052","191002","192010","20000","1","20000","0","20000","1","1","5","IAT0410190858","NHO2018000007","PAID","","193052"),
("IATT190002955","193055","191002","192010","17000","1","17000","0","17000","1","1","5","IAT0410190858","NHO2018000007","PAID","","193055"),
("IATT190002955","193055","191002","192010","17000","1","17000","0","17000","2","1","5","IAT0410190858","NHO2018000007","PAID","","193055"),
("IATT190002955","193084","191001","192001","30000","1","30000","15000","15000","1","1","5","IAT0410190858","NHO2018000007","PAID","","PEDAS"),
("IATT190002957","193035","191001","192006","32000","1","32000","16000","16000","1","1","1","IAT0410190858","NHO2018000007","PAID","","PEDAS"),
("IATT190002957","193035","191001","192006","32000","1","32000","16000","16000","2","1","1","IAT0410190858","NHO2018000007","PAID","","PEDAS"),
("IATT190002957","193036","191001","192006","36000","1","36000","18000","18000","1","1","1","IAT0410190858","NHO2018000007","PAID","","PEDAS"),
("IATT190002957","193114","191001","192006","42000","1","42000","21000","21000","1","1","1","IAT0410190858","NHO2018000007","PAID","","193114"),
("IATT190002957","193038","191001","192006","36000","1","36000","18000","18000","1","1","1","IAT0410190858","NHO2018000007","PAID","","ORIGINAL"),
("IATT190002957","193021","191001","192002","40000","1","40000","20000","20000","1","1","1","IAT0410190858","NHO2018000007","PAID","","ORIGINAL"),
("IATT190002957","193021","191001","192002","40000","1","40000","20000","20000","2","1","1","IAT0410190858","NHO2018000007","PAID","yang 1 pedes yg 1 lg sedeng ","PEDAS"),
("IATT190002957","193021","191001","192002","40000","1","40000","20000","20000","3","1","1","IAT0410190858","NHO2018000007","PAID","","PEDAS"),
("IATT190002957","193010","191001","192001","40000","1","40000","20000","20000","1","1","1","IAT0410190858","NHO2018000007","PAID","","193010"),
("IATT190002957","193047","191002","192010","10000","1","10000","0","10000","1","1","1","IAT0410190858","NHO2018000007","PAID","","193047"),
("IATT190002957","193047","191002","192010","10000","1","10000","0","10000","2","1","1","IAT0410190858","NHO2018000007","PAID","","193047"),
("IATT190002957","193046","191002","192010","10000","1","10000","0","10000","1","1","1","IAT0410190858","NHO2018000007","PAID","","193046"),
("IATT190002957","193046","191002","192010","10000","1","10000","0","10000","2","1","1","IAT0410190858","NHO2018000007","PAID","","193046"),
("IATT190002958","193030","191001","192004","27000","1","27000","13500","13500","1","1","1","IAT0410190858","NHO2018000007","PAID","","193030"),
("IATT190002958","193070","191001","192012","13000","1","13000","6500","6500","1","1","1","IAT0410190858","NHO2018000007","PAID","","193070"),
("IATT190002958","193056","191002","192010","17000","1","17000","0","17000","1","1","1","IAT0410190858","NHO2018000007","PAID","","193056"),
("IATT190002957","193047","191002","192010","10000","1","10000","0","10000","3","1","2","IAT0410190858","NHO2018000007","PAID","","193047"),
("IATT190002957","193047","191002","192010","10000","1","10000","0","10000","4","1","2","IAT0410190858","NHO2018000007","PAID","","193047"),
("IATT190002957","193047","191002","192010","10000","1","10000","0","10000","5","1","2","IAT0410190858","NHO2018000007","PAID","","193047"),
("IATT190002957","193047","191002","192010","10000","1","10000","0","10000","6","1","2","IAT0410190858","NHO2018000007","PAID","","193047"),
("IATT190002957","193046","191002","192010","10000","1","10000","0","10000","3","1","2","IAT0410190858","NHO2018000007","PAID","","193046"),
("IATT190002956","193006","191001","192001","37000","1","37000","18500","18500","1","1","1","IAT0410190858","NHO2018000007","PAID","","193006"),
("IATT190002956","193048","191002","192010","8000","1","8000","0","8000","1","1","1","IAT0410190858","NHO2018000007","PAID","","193048"),
("IATT190002956","193118","191001","192012","20000","1","20000","10000","10000","1","1","2","IAT0410190858","NHO2018000007","PAID","","193118"),
("IATT190002956","193012","191001","192001","40000","1","40000","20000","20000","1","1","2","IAT0410190858","NHO2018000007","PAID","","193012"),
("IATT190002956","193056","191002","192010","17000","1","17000","0","17000","1","1","2","IAT0410190858","NHO2018000007","PAID","","193056"),
("IATT190002957","193035","191001","192006","32000","1","32000","16000","16000","3","1","3","IAT0410190858","NHO2018000007","PAID","take way","ORIGINAL"),
("IATT190002957","193051","191002","192010","20000","1","20000","0","20000","1","1","3","IAT0410190858","NHO2018000007","PAID","","193051"),
("IATT190002959","193055","191002","192010","17000","1","17000","0","17000","1","1","1","IAT0410190858","NHO2018000007","PAID","","193055"),
("IATT190002959","193022","191001","192003","30000","1","30000","0","30000","1","1","1","IAT0410190858","NHO2018000007","PAID","","193022"),
("IATT190002957","193047","191002","192010","10000","1","10000","0","10000","7","1","4","IAT0410190858","NHO2018000007","PAID","","193047"),
("IATT190002960","193007","191001","192001","37000","1","37000","18500","18500","1","1","1","IAT0410190858","NHO2018000007","PAID","","PEDAS"),
("IATT190002960","193046","191002","192010","10000","1","10000","0","10000","1","1","1","IAT0410190858","NHO2018000007","PAID","","193046"),
("IATT190002961","193022","191001","192003","30000","1","30000","0","30000","1","1","1","IAT0410190858","NHO2018000007","PAID","","193022"),
("IATT190002961","193024","191001","192003","30000","1","30000","0","30000","1","1","1","IAT0410190858","NHO2018000007","PAID","","193024"),
("IATT190002961","193011","191001","192001","40000","1","40000","20000","20000","1","1","1","IAT0410190858","NHO2018000007","PAID","","PEDAS"),
("IATT190002961","193055","191002","192010","17000","1","17000","0","17000","1","1","1","IAT0410190858","NHO2018000007","PAID","","193055"),
("IATT190002961","193055","191002","192010","17000","1","17000","0","17000","2","1","1","IAT0410190858","NHO2018000007","PAID","","193055"),
("IATT190002962","193027","191001","192003","43000","1","43000","0","43000","1","1","1","IAT0410190858","NHO2018000007","PAID","jan  pake nasi","193027"),
("IATT190002962","193114","191001","192006","42000","1","42000","0","42000","1","1","1","IAT0410190858","NHO2018000007","PAID","","193114"),
("IATT190002962","193048","191002","192010","8000","1","8000","0","8000","1","1","1","IAT0410190858","NHO2018000007","PAID","","193048"),
("IATT190002962","193048","191002","192010","8000","1","8000","0","8000","2","1","1","IAT0410190858","NHO2018000007","PAID","","193048"),
("IATT190002963","193051","191002","192010","20000","1","20000","0","20000","1","1","1","IAT0410190858","NHO2018000007","PAID","gapake susu","193051"),
("IATT190002963","193055","191002","192010","17000","1","17000","0","17000","1","1","1","IAT0410190858","NHO2018000007","PAID","","193055"),
("IATT190002963","193047","191002","192010","10000","1","10000","0","10000","1","1","1","IAT0410190858","NHO2018000007","PAID","","193047"),
("IATT190002963","193011","191001","192001","40000","1","40000","20000","20000","1","1","1","IAT0410190858","NHO2018000007","PAID","","ORIGINAL"),
("IATT190002963","193027","191001","192003","43000","1","43000","0","43000","1","1","1","IAT0410190858","NHO2018000007","PAID","","193027"),
("IATT190002964","193084","191001","192001","30000","1","30000","15000","15000","1","1","1","IAT0410190858","NHO2018000007","PAID","","PEDAS"),
("IATT190002965","193048","191002","192010","8000","1","8000","0","8000","1","1","1","IAT0410190858","NHO2018000007","PAID","","193048"),
("IATT190002965","193037","191001","192006","36000","1","36000","18000","18000","1","1","2","IAT0410190858","NHO2018000007","PAID","","ORIGINAL"),
("IATT190002966","193079","191001","192001","30000","1","30000","15000","15000","1","1","1","IAT0410190858","NHO2018000007","PAID","","193079"),
("IATT190002966","193069","191001","192012","13000","1","13000","6500","6500","1","1","1","IAT0410190858","NHO2018000007","PAID","","193069"),
("IATT190002966","193051","191002","192010","20000","1","20000","0","20000","1","1","1","IAT0410190858","NHO2018000007","PAID","","193051"),
("IATT190002966","193056","191002","192010","17000","1","17000","0","17000","1","1","1","IAT0410190858","NHO2018000007","PAID","","193056"),
("IATT190002966","193048","191002","192010","8000","1","8000","0","8000","1","1","1","IAT0410190858","NHO2018000007","PAID","","193048"),
("IATT190002966","193096","191001","192008","50000","1","50000","0","50000","1","1","1","IAT0410190858","NHO2018000007","PAID","","193096"),
("IATT190002967","193087","191001","192002","33000","1","33000","0","33000","1","1","1","IAT0410190858","NHO2018000007","PAID","","193087"),
("IATT190002967","193119","191001","192012","20000","1","20000","0","20000","1","1","1","IAT0410190858","NHO2018000007","PAID","","193119"),
("IATT190002968","193084","191001","192001","30000","1","30000","15000","15000","1","1","1","IAT0410190858","NHO2018000007","PAID","level 2","PEDAS"),
("IATT190002968","193041","191001","192008","20000","1","20000","0","20000","1","1","1","IAT0410190858","NHO2018000007","PAID","","193041"),
("IATT190002968","193045","191001","192008","27000","1","27000","0","27000","1","1","1","IAT0410190858","NHO2018000007","PAID","","193045"),
("IATT190002968","193010","191001","192001","40000","1","40000","20000","20000","1","1","1","IAT0410190858","NHO2018000007","PAID","","193010"),
("IATT190002969","193005","191001","192001","37000","1","37000","18500","18500","1","1","1","IAT0410190858","NHO2018000007","PAID","","193005"),
("IATT190002969","193050","191002","192010","20000","1","20000","0","20000","1","1","1","IAT0410190858","NHO2018000007","PAID","","193050"),
("IATT190002970","193056","191002","192010","17000","1","17000","0","17000","1","1","1","IAT0410190858","NHO2018000007","PAID","","193056"),
("IATT190002970","193056","191002","192010","17000","1","17000","0","17000","2","1","1","IAT0410190858","NHO2018000007","PAID","","193056"),
("IATT190002970","193055","191002","192010","17000","1","17000","0","17000","1","1","1","IAT0410190858","NHO2018000007","PAID","","193055"),
("IATT190002970","193086","191001","192002","33000","1","33000","16500","16500","1","1","1","IAT0410190858","NHO2018000007","PAID","","PEDAS"),
("IATT190002970","193033","191001","192005","42000","1","42000","21000","21000","1","1","1","IAT0410190858","NHO2018000007","PAID","","193033"),
("IATT190002970","193035","191001","192006","32000","1","32000","16000","16000","1","1","1","IAT0410190858","NHO2018000007","PAID","sedeng","PEDAS"),
("IATT190002971","193009","191001","192001","40000","1","40000","20000","20000","1","1","1","IAT0410190858","NHO2018000007","PAID","","193009"),
("IATT190002971","193083","191001","192001","30000","1","30000","15000","15000","1","1","1","IAT0410190858","NHO2018000007","PAID","","193083"),
("IATT190002971","193046","191002","192010","10000","1","10000","0","10000","1","1","1","IAT0410190858","NHO2018000007","PAID","","193046"),
("IATT190002971","193055","191002","192010","17000","1","17000","0","17000","1","1","1","IAT0410190858","NHO2018000007","PAID","","193055"),
("IATT190002972","193011","191001","192001","40000","1","40000","20000","20000","1","1","1","IAT0410190858","NHO2018000007","PAID","","ORIGINAL"),
("IATT190002972","193025","191001","192003","30000","1","30000","0","30000","1","1","1","IAT0410190858","NHO2018000007","PAID","","193025"),
("IATT190002973","193006","191001","192001","37000","1","37000","18500","18500","1","1","1","IAT0410190858","NHO2018000007","PAID","","193006"),
("IATT190002973","193010","191001","192001","40000","1","40000","20000","20000","1","1","1","IAT0410190858","NHO2018000007","PAID","take way","193010"),
("IATT190002973","193037","191001","192006","36000","1","36000","18000","18000","1","1","1","IAT0410190858","NHO2018000007","PAID","take way","PEDAS"),
("IATT190002973","193034","191001","192005","37000","1","37000","18500","18500","1","1","1","IAT0410190858","NHO2018000007","PAID","take way","193034"),
("IATT190002973","193055","191002","192010","17000","1","17000","0","17000","1","1","1","IAT0410190858","NHO2018000007","PAID","","193055"),
("IATT190002975","193021","191001","192002","40000","1","40000","20000","20000","1","1","1","IAT0410190858","NHO2018000007","PAID","","ORIGINAL"),
("IATT190002975","193034","191001","192005","37000","1","37000","18500","18500","1","1","1","IAT0410190858","NHO2018000007","PAID","","193034"),
("IATT190002975","193047","191002","192010","10000","1","10000","0","10000","1","1","1","IAT0410190858","NHO2018000007","PAID","","193047"),
("IATT190002975","193047","191002","192010","10000","1","10000","0","10000","2","1","1","IAT0410190858","NHO2018000007","PAID","","193047"),
("IATT190002976","193083","191001","192001","30000","1","30000","15000","15000","1","1","1","IAT0410190858","NHO2018000007","PAID","","193083"),
("IATT190002976","193051","191002","192010","20000","1","20000","0","20000","1","1","1","IAT0410190858","NHO2018000007","PAID","","193051"),
("IATT190002976","193051","191002","192010","20000","1","20000","0","20000","2","1","1","IAT0410190858","NHO2018000007","PAID","","193051"),
("IATT190002976","193055","191002","192010","17000","1","17000","0","17000","1","1","1","IAT0410190858","NHO2018000007","PAID","","193055"),
("IATT190002977","193187","191001","192001","40000","1","40000","0","40000","1","1","1","IAT0410190858","NHO2018000007","PAID","","193187"),
("IATT190002977","193055","191002","192010","17000","1","17000","0","17000","1","1","1","IAT0410190858","NHO2018000007","PAID","","193055"),
("IATT190002976","193049","191002","192010","10000","1","10000","0","10000","1","1","2","IAT0410190858","NHO2018000007","PAID","","193049"),
("IATT190002978","193017","191001","192002","37000","1","37000","18500","18500","1","1","1","IAT0410190858","NHO2018000007","PAID","","193017"),
("IATT190002978","193072","191001","192012","25000","1","25000","12500","12500","1","1","1","IAT0410190858","NHO2018000007","PAID","","193072"),
("IATT190002979","193034","191001","192005","37000","1","37000","18500","18500","1","1","1","IAT0410190858","NHO2018000007","PAID","","193034"),
("IATT190002979","193034","191001","192005","37000","1","37000","18500","18500","2","1","1","IAT0410190858","NHO2018000007","PAID","","193034"),
("IATT190002979","193034","191001","192005","37000","1","37000","18500","18500","3","1","1","IAT0410190858","NHO2018000007","PAID","","193034"),
("IATT190002979","193025","191001","192003","30000","1","30000","0","30000","1","1","1","IAT0410190858","NHO2018000007","PAID","","193025"),
("IATT190002979","193047","191002","192010","10000","1","10000","0","10000","1","1","1","IAT0410190858","NHO2018000007","PAID","","193047"),
("IATT190002979","193046","191002","192010","10000","1","10000","0","10000","1","1","1","IAT0410190858","NHO2018000007","PAID","","193046"),
("IATT190002979","193055","191002","192010","17000","1","17000","0","17000","1","1","1","IAT0410190858","NHO2018000007","PAID","","193055"),
("IATT190002980","193084","191001","192001","30000","1","30000","15000","15000","1","1","1","IAT0410190858","NHO2018000007","PAID","yang satu pedes satu sedeng","ORIGINAL"),
("IATT190002980","193084","191001","192001","30000","1","30000","15000","15000","2","1","1","IAT0410190858","NHO2018000007","PAID","","ORIGINAL"),
("IATT190002980","193055","191002","192010","17000","1","17000","0","17000","1","1","1","IAT0410190858","NHO2018000007","PAID","","193055"),
("IATT190002980","193051","191002","192010","20000","1","20000","0","20000","1","1","1","IAT0410190858","NHO2018000007","PAID","","193051"),
("IATT190002981","193022","191001","192003","30000","1","30000","0","30000","1","1","1","IAT0410190858","NHO2018000007","PAID","","193022"),
("IATT190002981","193024","191001","192003","30000","1","30000","0","30000","1","1","1","IAT0410190858","NHO2018000007","PAID","","193024"),
("IATT190002981","193056","191002","192010","17000","1","17000","0","17000","1","1","1","IAT0410190858","NHO2018000007","PAID","","193056"),
("IATT190002981","193047","191002","192010","10000","1","10000","0","10000","1","1","1","IAT0410190858","NHO2018000007","PAID","","193047"),
("IATT190002982","193078","191001","192001","30000","1","30000","15000","15000","1","1","1","IAT0410190858","NHO2018000007","PAID","","ORIGINAL"),
("IATT190002982","193078","191001","192001","30000","1","30000","15000","15000","2","1","1","IAT0410190858","NHO2018000007","PAID","","ORIGINAL"),
("IATT190002982","193046","191002","192010","10000","1","10000","0","10000","1","1","1","IAT0410190858","NHO2018000007","PAID","","193046"),
("IATT190002982","193046","191002","192010","10000","1","10000","0","10000","2","1","1","IAT0410190858","NHO2018000007","PAID","","193046"),
("IATT190002983","193085","191001","192001","30000","1","30000","15000","15000","1","1","1","IAT0410190858","NHO2018000007","PAID","","193085"),
("IATT190002983","193084","191001","192001","30000","1","30000","15000","15000","1","1","1","IAT0410190858","NHO2018000007","PAID","","ORIGINAL"),
("IATT190002983","193046","191002","192010","10000","1","10000","0","10000","1","1","1","IAT0410190858","NHO2018000007","PAID","","193046"),
("IATT190002983","193046","191002","192010","10000","1","10000","0","10000","2","1","1","IAT0410190858","NHO2018000007","PAID","","193046"),
("IATT190002984","193006","191001","192001","37000","1","37000","18500","18500","1","1","1","IAT0410190858","NHO2018000007","PAID","","193006"),
("IATT190002984","193056","191002","192010","17000","1","17000","0","17000","1","1","1","IAT0410190858","NHO2018000007","PAID","","193056"),
("IATT190002985","193076","191001","192001","30000","1","30000","15000","15000","1","1","1","IAT0410190858","NHO2018000007","PAID","","193076"),
("IATT190002985","193084","191001","192001","30000","1","30000","15000","15000","1","1","1","IAT0410190858","NHO2018000007","PAID","","ORIGINAL"),
("IATT190002985","193048","191002","192010","8000","1","8000","0","8000","1","1","1","IAT0410190858","NHO2018000007","PAID","","193048"),
("IATT190002985","193048","191002","192010","8000","1","8000","0","8000","2","1","1","IAT0410190858","NHO2018000007","PAID","","193048");



INSERT INTO pos_salestemp VALUES("IATT190002954","","2","83000","33500","4950","0","54450","100000","04/10/2019","11:45","2019-10-04","12:14:35","ISU000013","tbl0012","CLOSED","1","","IATR190002868","","","","","IAT0410190858","NHO2018000007"),
("IATT190002955","","2","164000","55000","10900","0","119900","120000","04/10/2019","12:11","2019-10-04","13:02:39","ISU000013","tbl0010","CLOSED","1","","IATR190002869","","","","","IAT0410190858","NHO2018000007"),
("IATT190002956","","2","122000","48500","7350","0","80850","100000","04/10/2019","12:25","2019-10-04","13:23:50","ISU000013","tbl0011","CLOSED","1","","IATR190002872","","","","","IAT0410190858","NHO2018000007"),
("IATT190002957","","2","490000","185000","30500","0","335500","400000","04/10/2019","12:30","2019-10-04","15:29:56","ISU000013","tbl0021","CLOSED","1","","IATR190002878","","","","","IAT0410190858","NHO2018000007"),
("IATT190002958","","2","57000","20000","3700","0","40700","50000","04/10/2019","12:32","2019-10-04","13:25:45","ISU000013","tbl0012","CLOSED","1","","IATR190002873","","","","","IAT0410190858","NHO2018000007"),
("IATT190002959","","1","47000","0","4700","0","51700","101000","04/10/2019","12:54","2019-10-04","13:17:23","ISU000013","tbl0007","CLOSED","1","","IATR190002870","","","","","IAT0410190858","NHO2018000007"),
("IATT190002960","","0","47000","18500","2850","0","31350","32000","04/10/2019","13:06","2019-10-04","13:22:05","ISU000013","tbl0002","CLOSED","1","","IATR190002871","","","","","IAT0410190858","NHO2018000007"),
("IATT190002961","","2","134000","20000","11400","0","125400","150000","04/10/2019","13:19","2019-10-04","13:50:13","ISU000013","tbl0010","CLOSED","1","","IATR190002874","","","","","IAT0410190858","NHO2018000007"),
("IATT190002962","","2","101000","0","10100","0","111100","120000","04/10/2019","13:45","2019-10-04","15:22:17","ISU000013","tbl0022","CLOSED","1","","IATR190002877","","","","","IAT0410190858","NHO2018000007"),
("IATT190002963","","2","130000","20000","11000","0","121000","150000","04/10/2019","13:51","2019-10-04","15:13:52","ISU000013","tbl0010","CLOSED","1","","IATR190002876","","","","","IAT0410190858","NHO2018000007"),
("IATT190002964","","1","30000","15000","1500","0","16500","50000","04/10/2019","13:59","2019-10-04","16:21:37","ISU000013","tbl0020","CLOSED","1","","IATR190002879","","","","","IAT0410190858","NHO2018000007"),
("IATT190002965","","1","44000","18000","2600","0","28600","30000","04/10/2019","14:02","2019-10-04","14:45:01","ISU000013","tbl0017","CLOSED","1","","IATR190002875","","","","","IAT0410190858","NHO2018000007"),
("IATT190002966","","2","138000","21500","11650","0","128150","128150","04/10/2019","16:27","2019-10-04","17:06:56","ISU000013","tbl0004","CLOSED","1","","IATR190002880","","","","","IAT0410190858","NHO2018000007"),
("IATT190002967","","1","53000","0","5300","0","58300","58300","04/10/2019","17:54","2019-10-04","18:42:42","ISU000006","tbl0012","CLOSED","1","","IATR190002881","","","","","IAT0410190858","NHO2018000007"),
("IATT190002968","","2","117000","35000","8200","0","90200","100000","04/10/2019","18:00","2019-10-04","18:50:26","ISU000006","tbl0011","CLOSED","1","","IATR190002882","","","","","IAT0410190858","NHO2018000007"),
("IATT190002969","","1","57000","18500","3850","0","42350","50000","04/10/2019","18:33","2019-10-04","19:08:52","ISU000006","tbl0019","CLOSED","1","","IATR190002883","","","","","IAT0410190858","NHO2018000007"),
("IATT190002970","","3","158000","53500","10450","0","114950","130000","04/10/2019","18:34","2019-10-04","21:21:21","ISU000006","tbl0010","CLOSED","1","","IATR190002896","","","","","IAT0410190858","NHO2018000007"),
("IATT190002971","","2","97000","35000","6200","0","68200","100000","04/10/2019","18:38","2019-10-04","19:19:03","ISU000013","tbl0014","CLOSED","1","","IATR190002884","","","","","IAT0410190858","NHO2018000007"),
("IATT190002972","","2","70000","20000","5000","0","55000","55000","04/10/2019","18:39","2019-10-04","19:31:32","ISU000006","tbl0021","CLOSED","1","","IATR190002886","","","","","IAT0410190858","NHO2018000007"),
("IATT190002973","","2","167000","75000","9200","0","101200","105000","04/10/2019","18:45","2019-10-04","19:29:33","ISU000013","tbl0005","CLOSED","1","","IATR190002885","","","","","IAT0410190858","NHO2018000007"),
("IATT190002974","","2","184000","0","0","0","0","0","04/10/2019","18:51","04/10/2019","21:16:58","ISU000006","tbl0050","CANCELED","1","PERMINTAAN CUSTOMER","","","","","","IAT0410190858","NHO2018000007"),
("IATT190002975","","3","97000","38500","5850","0","64350","100000","04/10/2019","18:55","2019-10-04","19:43:23","ISU000006","tbl0012","CLOSED","1","","IATR190002889","","","","","IAT0410190858","NHO2018000007"),
("IATT190002976","","2","97000","15000","8200","0","90200","90200","04/10/2019","18:56","2019-10-04","19:37:01","ISU000006","tbl0018","CLOSED","1","","IATR190002888","","","","","IAT0410190858","NHO2018000007"),
("IATT190002977","","1","57000","0","5700","0","62700","100000","04/10/2019","19:07","2019-10-04","19:35:18","ISU000006","tbl0004","CLOSED","1","","IATR190002887","","","","","IAT0410190858","NHO2018000007"),
("IATT190002978","","2","62000","31000","3100","0","34100","34100","04/10/2019","19:23","2019-10-04","20:07:52","ISU000006","tbl0022","CLOSED","1","","IATR190002890","","","","","IAT0410190858","NHO2018000007"),
("IATT190002979","","2","178000","55500","12250","0","134750","134750","04/10/2019","19:37","2019-10-04","20:34:08","ISU000006","tbl0011","CLOSED","1","","IATR190002891","","","","","IAT0410190858","NHO2018000007"),
("IATT190002980","","2","97000","30000","6700","0","73700","100000","04/10/2019","19:59","2019-10-04","20:37:22","ISU000006","tbl0012","CLOSED","1","","IATR190002892","","","","","IAT0410190858","NHO2018000007"),
("IATT190002981","","2","87000","0","8700","0","95700","95700","04/10/2019","20:02","2019-10-04","20:41:04","ISU000006","tbl0018","CLOSED","1","","IATR190002893","","","","","IAT0410190858","NHO2018000007"),
("IATT190002982","","2","80000","30000","5000","0","55000","55000","04/10/2019","20:12","2019-10-04","21:02:02","ISU000006","tbl0021","CLOSED","1","","IATR190002894","","","","","IAT0410190858","NHO2018000007"),
("IATT190002983","","2","80000","30000","5000","0","55000","55000","04/10/2019","20:59","2019-10-04","21:38:34","ISU000004","tbl0012","CLOSED","1","","IATR190002898","","","","","IAT0410190858","NHO2018000007"),
("IATT190002984","","1","54000","18500","3550","0","39050","50000","04/10/2019","21:10","2019-10-04","21:35:11","ISU000006","tbl0018","CLOSED","1","","IATR190002897","","","","","IAT0410190858","NHO2018000007"),
("IATT190002985","","2","76000","30000","4600","0","50600","50600","04/10/2019","21:17","2019-10-04","21:18:56","ISU000006","tbl0011","CLOSED","1","","IATR190002895","","","","","IAT0410190858","NHO2018000007");



INSERT INTO item_void VALUES("IATT190002955","IAT0410190858","NHO2018000007","193012","193012","1","40000","Before Send","Komplen Customer"),
("IATT190002955","IAT0410190858","NHO2018000007","193056","193056","1","17000","Before Send","Komplen Customer"),
("IATT190002955","IAT0410190858","NHO2018000007","193118","193118","1","20000","After Send","Komplen Customer"),
("IATT190002956","IAT0410190858","NHO2018000007","193048","193048","1","8000","Before Send","Komplen Customer"),
("IATT190002965","IAT0410190858","NHO2018000007","193036","ORIGINAL","1","36000","Before Send","Salah Order");



INSERT INTO pos_promotion_h VALUES("IATT190002954","NPRM18000017","DISC ITEM","1","33500","TUNJUKKAN JEMPOLMU","IAT0410190858","PAID","NHO2018000007"),
("IATT190002955","NPRM18000017","DISC ITEM","1","55000","TUNJUKKAN JEMPOLMU","IAT0410190858","PAID","NHO2018000007"),
("IATT190002960","NPRM18000017","DISC ITEM","1","18500","TUNJUKKAN JEMPOLMU","IAT0410190858","PAID","NHO2018000007"),
("IATT190002956","NPRM18000017","DISC ITEM","1","48500","TUNJUKKAN JEMPOLMU","IAT0410190858","PAID","NHO2018000007"),
("IATT190002958","NPRM18000017","DISC ITEM","1","20000","TUNJUKKAN JEMPOLMU","IAT0410190858","PAID","NHO2018000007"),
("IATT190002957","NPRM18000017","DISC ITEM","1","185000","TUNJUKKAN JEMPOLMU","IAT0410190858","PAID","NHO2018000007"),
("IATT190002961","NPRM18000017","DISC ITEM","1","20000","TUNJUKKAN JEMPOLMU","IAT0410190858","PAID","NHO2018000007"),
("IATT190002963","NPRM18000017","DISC ITEM","1","20000","TUNJUKKAN JEMPOLMU","IAT0410190858","PAID","NHO2018000007"),
("IATT190002965","NPRM18000017","DISC ITEM","1","18000","TUNJUKKAN JEMPOLMU","IAT0410190858","PAID","NHO2018000007"),
("IATT190002964","NPRM18000017","DISC ITEM","1","15000","TUNJUKKAN JEMPOLMU","IAT0410190858","PAID","NHO2018000007"),
("IATT190002966","NPRM18000017","DISC ITEM","1","21500","TUNJUKKAN JEMPOLMU","IAT0410190858","PAID","NHO2018000007"),
("IATT190002968","NPRM18000017","DISC ITEM","1","35000","TUNJUKKAN JEMPOLMU","IAT0410190858","PAID","NHO2018000007"),
("IATT190002969","NPRM18000017","DISC ITEM","1","18500","TUNJUKKAN JEMPOLMU","IAT0410190858","PAID","NHO2018000007"),
("IATT190002971","NPRM18000017","DISC ITEM","1","35000","TUNJUKKAN JEMPOLMU","IAT0410190858","PAID","NHO2018000007"),
("IATT190002973","NPRM18000017","DISC ITEM","1","75000","TUNJUKKAN JEMPOLMU","IAT0410190858","PAID","NHO2018000007"),
("IATT190002972","NPRM18000017","DISC ITEM","1","20000","TUNJUKKAN JEMPOLMU","IAT0410190858","PAID","NHO2018000007"),
("IATT190002976","NPRM18000017","DISC ITEM","1","15000","TUNJUKKAN JEMPOLMU","IAT0410190858","PAID","NHO2018000007"),
("IATT190002975","NPRM18000017","DISC ITEM","1","38500","TUNJUKKAN JEMPOLMU","IAT0410190858","PAID","NHO2018000007"),
("IATT190002978","NPRM18000017","DISC ITEM","1","31000","TUNJUKKAN JEMPOLMU","IAT0410190858","PAID","NHO2018000007"),
("IATT190002979","NPRM18000017","DISC ITEM","1","55500","TUNJUKKAN JEMPOLMU","IAT0410190858","PAID","NHO2018000007"),
("IATT190002980","NPRM18000017","DISC ITEM","1","30000","TUNJUKKAN JEMPOLMU","IAT0410190858","PAID","NHO2018000007"),
("IATT190002982","NPRM18000017","DISC ITEM","1","30000","TUNJUKKAN JEMPOLMU","IAT0410190858","PAID","NHO2018000007"),
("IATT190002985","NPRM18000017","DISC ITEM","1","30000","TUNJUKKAN JEMPOLMU","IAT0410190858","PAID","NHO2018000007"),
("IATT190002970","NPRM18000017","DISC ITEM","1","53500","TUNJUKKAN JEMPOLMU","IAT0410190858","PAID","NHO2018000007"),
("IATT190002984","NPRM18000017","DISC ITEM","1","18500","TUNJUKKAN JEMPOLMU","IAT0410190858","PAID","NHO2018000007"),
("IATT190002983","NPRM18000017","DISC ITEM","1","30000","TUNJUKKAN JEMPOLMU","IAT0410190858","PAID","NHO2018000007");



INSERT INTO pos_promotion_d VALUES("IATT190002954","NPRM18000017","DISC ITEM","1","1","193082","1","15000","IAT0410190858","PAID","NHO2018000007"),
("IATT190002954","NPRM18000017","DISC ITEM","1","1","193017","1","18500","IAT0410190858","PAID","NHO2018000007"),
("IATT190002955","NPRM18000017","DISC ITEM","1","1","193009","1","20000","IAT0410190858","PAID","NHO2018000007"),
("IATT190002955","NPRM18000017","DISC ITEM","1","1","193009","2","20000","IAT0410190858","PAID","NHO2018000007"),
("IATT190002955","NPRM18000017","DISC ITEM","1","1","193084","1","15000","IAT0410190858","PAID","NHO2018000007"),
("IATT190002960","NPRM18000017","DISC ITEM","1","1","193007","1","18500","IAT0410190858","PAID","NHO2018000007"),
("IATT190002956","NPRM18000017","DISC ITEM","1","1","193006","1","18500","IAT0410190858","PAID","NHO2018000007"),
("IATT190002956","NPRM18000017","DISC ITEM","1","1","193118","1","10000","IAT0410190858","PAID","NHO2018000007"),
("IATT190002956","NPRM18000017","DISC ITEM","1","1","193012","1","20000","IAT0410190858","PAID","NHO2018000007"),
("IATT190002958","NPRM18000017","DISC ITEM","1","1","193030","1","13500","IAT0410190858","PAID","NHO2018000007"),
("IATT190002958","NPRM18000017","DISC ITEM","1","1","193070","1","6500","IAT0410190858","PAID","NHO2018000007"),
("IATT190002957","NPRM18000017","DISC ITEM","1","1","193035","1","16000","IAT0410190858","PAID","NHO2018000007"),
("IATT190002957","NPRM18000017","DISC ITEM","1","1","193035","2","16000","IAT0410190858","PAID","NHO2018000007"),
("IATT190002957","NPRM18000017","DISC ITEM","1","1","193036","1","18000","IAT0410190858","PAID","NHO2018000007"),
("IATT190002957","NPRM18000017","DISC ITEM","1","1","193114","1","21000","IAT0410190858","PAID","NHO2018000007"),
("IATT190002957","NPRM18000017","DISC ITEM","1","1","193038","1","18000","IAT0410190858","PAID","NHO2018000007"),
("IATT190002957","NPRM18000017","DISC ITEM","1","1","193021","1","20000","IAT0410190858","PAID","NHO2018000007"),
("IATT190002957","NPRM18000017","DISC ITEM","1","1","193021","2","20000","IAT0410190858","PAID","NHO2018000007"),
("IATT190002957","NPRM18000017","DISC ITEM","1","1","193021","3","20000","IAT0410190858","PAID","NHO2018000007"),
("IATT190002957","NPRM18000017","DISC ITEM","1","1","193010","1","20000","IAT0410190858","PAID","NHO2018000007"),
("IATT190002957","NPRM18000017","DISC ITEM","1","1","193035","3","16000","IAT0410190858","PAID","NHO2018000007"),
("IATT190002961","NPRM18000017","DISC ITEM","1","1","193011","1","20000","IAT0410190858","PAID","NHO2018000007"),
("IATT190002963","NPRM18000017","DISC ITEM","1","1","193011","1","20000","IAT0410190858","PAID","NHO2018000007"),
("IATT190002965","NPRM18000017","DISC ITEM","1","1","193037","1","18000","IAT0410190858","PAID","NHO2018000007"),
("IATT190002964","NPRM18000017","DISC ITEM","1","1","193084","1","15000","IAT0410190858","PAID","NHO2018000007"),
("IATT190002966","NPRM18000017","DISC ITEM","1","1","193079","1","15000","IAT0410190858","PAID","NHO2018000007"),
("IATT190002966","NPRM18000017","DISC ITEM","1","1","193069","1","6500","IAT0410190858","PAID","NHO2018000007"),
("IATT190002968","NPRM18000017","DISC ITEM","1","1","193084","1","15000","IAT0410190858","PAID","NHO2018000007"),
("IATT190002968","NPRM18000017","DISC ITEM","1","1","193010","1","20000","IAT0410190858","PAID","NHO2018000007"),
("IATT190002969","NPRM18000017","DISC ITEM","1","1","193005","1","18500","IAT0410190858","PAID","NHO2018000007"),
("IATT190002971","NPRM18000017","DISC ITEM","1","1","193009","1","20000","IAT0410190858","PAID","NHO2018000007"),
("IATT190002971","NPRM18000017","DISC ITEM","1","1","193083","1","15000","IAT0410190858","PAID","NHO2018000007"),
("IATT190002973","NPRM18000017","DISC ITEM","1","1","193006","1","18500","IAT0410190858","PAID","NHO2018000007"),
("IATT190002973","NPRM18000017","DISC ITEM","1","1","193010","1","20000","IAT0410190858","PAID","NHO2018000007"),
("IATT190002973","NPRM18000017","DISC ITEM","1","1","193037","1","18000","IAT0410190858","PAID","NHO2018000007"),
("IATT190002973","NPRM18000017","DISC ITEM","1","1","193034","1","18500","IAT0410190858","PAID","NHO2018000007"),
("IATT190002972","NPRM18000017","DISC ITEM","1","1","193011","1","20000","IAT0410190858","PAID","NHO2018000007"),
("IATT190002976","NPRM18000017","DISC ITEM","1","1","193083","1","15000","IAT0410190858","PAID","NHO2018000007"),
("IATT190002975","NPRM18000017","DISC ITEM","1","1","193021","1","20000","IAT0410190858","PAID","NHO2018000007"),
("IATT190002975","NPRM18000017","DISC ITEM","1","1","193034","1","18500","IAT0410190858","PAID","NHO2018000007"),
("IATT190002978","NPRM18000017","DISC ITEM","1","1","193017","1","18500","IAT0410190858","PAID","NHO2018000007"),
("IATT190002978","NPRM18000017","DISC ITEM","1","1","193072","1","12500","IAT0410190858","PAID","NHO2018000007"),
("IATT190002979","NPRM18000017","DISC ITEM","1","1","193034","1","18500","IAT0410190858","PAID","NHO2018000007"),
("IATT190002979","NPRM18000017","DISC ITEM","1","1","193034","2","18500","IAT0410190858","PAID","NHO2018000007"),
("IATT190002979","NPRM18000017","DISC ITEM","1","1","193034","3","18500","IAT0410190858","PAID","NHO2018000007"),
("IATT190002980","NPRM18000017","DISC ITEM","1","1","193084","1","15000","IAT0410190858","PAID","NHO2018000007"),
("IATT190002980","NPRM18000017","DISC ITEM","1","1","193084","2","15000","IAT0410190858","PAID","NHO2018000007"),
("IATT190002982","NPRM18000017","DISC ITEM","1","1","193078","1","15000","IAT0410190858","PAID","NHO2018000007"),
("IATT190002982","NPRM18000017","DISC ITEM","1","1","193078","2","15000","IAT0410190858","PAID","NHO2018000007"),
("IATT190002985","NPRM18000017","DISC ITEM","1","1","193076","1","15000","IAT0410190858","PAID","NHO2018000007"),
("IATT190002985","NPRM18000017","DISC ITEM","1","1","193084","1","15000","IAT0410190858","PAID","NHO2018000007"),
("IATT190002970","NPRM18000017","DISC ITEM","1","1","193086","1","16500","IAT0410190858","PAID","NHO2018000007"),
("IATT190002970","NPRM18000017","DISC ITEM","1","1","193033","1","21000","IAT0410190858","PAID","NHO2018000007"),
("IATT190002970","NPRM18000017","DISC ITEM","1","1","193035","1","16000","IAT0410190858","PAID","NHO2018000007"),
("IATT190002984","NPRM18000017","DISC ITEM","1","1","193006","1","18500","IAT0410190858","PAID","NHO2018000007"),
("IATT190002983","NPRM18000017","DISC ITEM","1","1","193085","1","15000","IAT0410190858","PAID","NHO2018000007"),
("IATT190002983","NPRM18000017","DISC ITEM","1","1","193084","1","15000","IAT0410190858","PAID","NHO2018000007");



INSERT INTO pos_paymenttemp VALUES("IATT190002954","CASH","CASH","54450","100000","ISU000013","2019-10-04","","1","","CLOSED","IAT0410190858","NHO2018000007"),
("IATT190002955","CASH","CASH","119900","120000","ISU000013","2019-10-04","","1","","CLOSED","IAT0410190858","NHO2018000007"),
("IATT190002959","CASH","CASH","51700","101000","ISU000013","2019-10-04","","1","","CLOSED","IAT0410190858","NHO2018000007"),
("IATT190002960","CASH","CASH","31350","32000","ISU000013","2019-10-04","","1","","CLOSED","IAT0410190858","NHO2018000007"),
("IATT190002956","CASH","CASH","80850","100000","ISU000013","2019-10-04","","1","","CLOSED","IAT0410190858","NHO2018000007"),
("IATT190002958","CASH","CASH","40700","50000","ISU000013","2019-10-04","","1","","CLOSED","IAT0410190858","NHO2018000007"),
("IATT190002961","CASH","CASH","125400","150000","ISU000013","2019-10-04","","1","","CLOSED","IAT0410190858","NHO2018000007"),
("IATT190002965","CASH","CASH","28600","30000","ISU000013","2019-10-04","","1","","CLOSED","IAT0410190858","NHO2018000007"),
("IATT190002963","CASH","CASH","121000","150000","ISU000013","2019-10-04","","1","","CLOSED","IAT0410190858","NHO2018000007"),
("IATT190002962","CASH","CASH","111100","120000","ISU000013","2019-10-04","","1","","CLOSED","IAT0410190858","NHO2018000007"),
("IATT190002957","CASH","CASH","335500","400000","ISU000013","2019-10-04","","1","","CLOSED","IAT0410190858","NHO2018000007"),
("IATT190002964","CASH","CASH","16500","50000","ISU000013","2019-10-04","","1","","CLOSED","IAT0410190858","NHO2018000007"),
("IATT190002966","CARD","DEBIT BCA","128150","128150","ISU000013","2019-10-04","","1","","CLOSED","IAT0410190858","NHO2018000007"),
("IATT190002967","CASH","OVO","58300","58300","ISU000006","2019-10-04","","1","","CLOSED","IAT0410190858","NHO2018000007"),
("IATT190002968","CASH","CASH","90200","100000","ISU000006","2019-10-04","","1","","CLOSED","IAT0410190858","NHO2018000007"),
("IATT190002969","CASH","CASH","42350","50000","ISU000006","2019-10-04","","1","","CLOSED","IAT0410190858","NHO2018000007"),
("IATT190002971","CASH","CASH","68200","100000","ISU000013","2019-10-04","","1","","CLOSED","IAT0410190858","NHO2018000007"),
("IATT190002973","CASH","CASH","101200","105000","ISU000013","2019-10-04","","1","","CLOSED","IAT0410190858","NHO2018000007"),
("IATT190002972","CASH","CASH","55000","55000","ISU000006","2019-10-04","","1","","CLOSED","IAT0410190858","NHO2018000007"),
("IATT190002977","CASH","CASH","62700","100000","ISU000006","2019-10-04","","1","","CLOSED","IAT0410190858","NHO2018000007"),
("IATT190002976","CARD","DEBIT BCA","90200","90200","ISU000006","2019-10-04","","1","","CLOSED","IAT0410190858","NHO2018000007"),
("IATT190002975","CASH","CASH","64350","100000","ISU000006","2019-10-04","","1","","CLOSED","IAT0410190858","NHO2018000007"),
("IATT190002978","CARD","DEBIT BCA","34100","34100","ISU000006","2019-10-04","","1","","CLOSED","IAT0410190858","NHO2018000007"),
("IATT190002979","CARD","DEBIT BCA","134750","134750","ISU000006","2019-10-04","","1","","CLOSED","IAT0410190858","NHO2018000007"),
("IATT190002980","CASH","CASH","73700","100000","ISU000006","2019-10-04","","1","","CLOSED","IAT0410190858","NHO2018000007"),
("IATT190002981","CARD","DEBIT BCA","95700","95700","ISU000006","2019-10-04","","1","","CLOSED","IAT0410190858","NHO2018000007"),
("IATT190002982","CARD","DEBIT BCA","55000","55000","ISU000006","2019-10-04","","1","","CLOSED","IAT0410190858","NHO2018000007"),
("IATT190002985","CARD","VISA","50600","50600","ISU000006","2019-10-04","","1","","CLOSED","IAT0410190858","NHO2018000007"),
("IATT190002970","CASH","CASH","114950","130000","ISU000006","2019-10-04","","1","","CLOSED","IAT0410190858","NHO2018000007"),
("IATT190002984","CASH","CASH","39050","50000","ISU000006","2019-10-04","","1","","CLOSED","IAT0410190858","NHO2018000007"),
("IATT190002983","CARD","VISA","55000","55000","ISU000004","2019-10-04","","1","","CLOSED","IAT0410190858","NHO2018000007");



