INSERT INTO pos_itemtemp VALUES("IATT190003711","193052","191002","192010","20000","1","20000","0","20000","1","1","1","IAT0911190901","NHO2018000007","PAID","","193052"),
("IATT190003711","193052","191002","192010","20000","1","20000","0","20000","2","1","1","IAT0911190901","NHO2018000007","PAID","","193052"),
("IATT190003711","193052","191002","192010","20000","1","20000","0","20000","3","1","1","IAT0911190901","NHO2018000007","PAID","","193052"),
("IATT190003712","193113","191001","192003","55000","1","55000","0","55000","1","1","1","IAT0911190901","NHO2018000007","PAID","","193113"),
("IATT190003712","193027","191001","192003","43000","1","43000","0","43000","1","1","1","IAT0911190901","NHO2018000007","PAID","","193027"),
("IATT190003712","193082","191001","192001","30000","1","30000","5808","24192","1","1","1","IAT0911190901","NHO2018000007","PAID","sayuran dan telur pisah. yang 2 beef nya rebus","193082"),
("IATT190003712","193082","191001","192001","30000","1","30000","5808","24192","2","1","1","IAT0911190901","NHO2018000007","PAID","","193082"),
("IATT190003712","193054","191002","192010","20000","1","20000","0","20000","1","1","1","IAT0911190901","NHO2018000007","PAID","","193054"),
("IATT190003712","193052","191002","192010","20000","1","20000","0","20000","1","1","1","IAT0911190901","NHO2018000007","PAID","","193052"),
("IATT190003713","193028","191001","192003","43000","1","43000","0","43000","1","1","1","IAT0911190901","NHO2018000007","PAID","","193028"),
("IATT190003713","193080","191001","192002","33000","1","33000","0","33000","1","1","1","IAT0911190901","NHO2018000007","PAID","","PEDAS"),
("IATT190003713","193056","191002","192010","17000","1","17000","0","17000","1","1","1","IAT0911190901","NHO2018000007","PAID","","193056"),
("IATT190003713","193055","191002","192010","17000","1","17000","0","17000","1","1","1","IAT0911190901","NHO2018000007","PAID","","193055"),
("IATT190003714","193118","191001","192012","20000","1","20000","0","20000","1","1","1","IAT0911190901","NHO2018000007","PAID","","193118"),
("IATT190003714","193118","191001","192012","20000","1","20000","0","20000","2","1","1","IAT0911190901","NHO2018000007","PAID","","193118"),
("IATT190003714","193118","191001","192012","20000","1","20000","0","20000","3","1","1","IAT0911190901","NHO2018000007","PAID","","193118"),
("IATT190003714","193118","191001","192012","20000","1","20000","0","20000","4","1","1","IAT0911190901","NHO2018000007","PAID","","193118"),
("IATT190003714","193118","191001","192012","20000","1","20000","0","20000","5","1","1","IAT0911190901","NHO2018000007","PAID","","193118"),
("IATT190003714","193077","191001","192001","30000","1","30000","0","30000","1","1","1","IAT0911190901","NHO2018000007","PAID","","193077"),
("IATT190003714","193027","191001","192003","43000","1","43000","0","43000","1","1","1","IAT0911190901","NHO2018000007","PAID","","193027"),
("IATT190003714","193112","191001","192003","50000","1","50000","0","50000","1","1","1","IAT0911190901","NHO2018000007","PAID","","193112"),
("IATT190003714","193055","191002","192010","17000","1","17000","0","17000","1","1","1","IAT0911190901","NHO2018000007","PAID","","193055"),
("IATT190003714","193055","191002","192010","17000","1","17000","0","17000","2","1","1","IAT0911190901","NHO2018000007","PAID","","193055"),
("IATT190003714","193055","191002","192010","17000","1","17000","0","17000","3","1","1","IAT0911190901","NHO2018000007","PAID","","193055"),
("IATT190003714","193055","191002","192010","17000","1","17000","0","17000","4","1","1","IAT0911190901","NHO2018000007","PAID","","193055"),
("IATT190003714","193054","191002","192010","20000","1","20000","0","20000","1","1","1","IAT0911190901","NHO2018000007","PAID","","193054"),
("IATT190003714","193054","191002","192010","20000","1","20000","0","20000","2","1","1","IAT0911190901","NHO2018000007","PAID","","193054"),
("IATT190003715","193086","191001","192002","33000","1","33000","14520","18480","1","1","1","IAT0911190901","NHO2018000007","PAID","mie setengah mateng","PEDAS"),
("IATT190003715","193034","191001","192005","37000","1","37000","16280","20720","1","1","1","IAT0911190901","NHO2018000007","PAID","","193034"),
("IATT190003715","193051","191002","192010","20000","1","20000","0","20000","1","1","1","IAT0911190901","NHO2018000007","PAID","","193051"),
("IATT190003715","193047","191002","192010","10000","1","10000","0","10000","1","1","1","IAT0911190901","NHO2018000007","PAID","","193047"),
("IATT190003714","193027","191001","192003","43000","1","43000","0","43000","2","1","2","IAT0911190901","NHO2018000007","PAID","","193027"),
("IATT190003713","193055","191002","192010","17000","1","17000","0","17000","2","1","2","IAT0911190901","NHO2018000007","PAID","","193055"),
("IATT190003716","193028","191001","192003","43000","1","43000","2150","40850","1","1","1","IAT0911190901","NHO2018000007","PAID","","193028"),
("IATT190003716","193028","191001","192003","43000","1","43000","2150","40850","2","1","1","IAT0911190901","NHO2018000007","PAID","","193028"),
("IATT190003716","193028","191001","192003","43000","1","43000","2150","40850","3","1","1","IAT0911190901","NHO2018000007","PAID","","193028"),
("IATT190003716","193056","191002","192010","17000","1","17000","850","16150","1","1","1","IAT0911190901","NHO2018000007","PAID","","193056"),
("IATT190003716","193056","191002","192010","17000","1","17000","850","16150","2","1","1","IAT0911190901","NHO2018000007","PAID","","193056"),
("IATT190003716","193055","191002","192010","17000","1","17000","850","16150","1","1","1","IAT0911190901","NHO2018000007","PAID","","193055"),
("IATT190003717","193083","191001","192001","30000","1","30000","13200","16800","1","1","1","IAT0911190901","NHO2018000007","PAID","","193083"),
("IATT190003717","193048","191002","192010","8000","1","8000","0","8000","1","1","1","IAT0911190901","NHO2018000007","PAID","","193048"),
("IATT190003717","193047","191002","192010","10000","1","10000","0","10000","1","1","1","IAT0911190901","NHO2018000007","PAID","","193047"),
("IATT190003719","193010","191001","192001","40000","1","40000","17600","22400","1","1","1","IAT0911190901","NHO2018000007","PAID","","193010"),
("IATT190003719","193010","191001","192001","40000","1","40000","17600","22400","2","1","1","IAT0911190901","NHO2018000007","PAID","","193010"),
("IATT190003719","193010","191001","192001","40000","1","40000","17600","22400","3","1","1","IAT0911190901","NHO2018000007","PAID","","193010"),
("IATT190003719","193052","191002","192010","20000","1","20000","0","20000","1","1","1","IAT0911190901","NHO2018000007","PAID","","193052"),
("IATT190003719","193052","191002","192010","20000","1","20000","0","20000","2","1","1","IAT0911190901","NHO2018000007","PAID","","193052"),
("IATT190003719","193052","191002","192010","20000","1","20000","0","20000","3","1","1","IAT0911190901","NHO2018000007","PAID","","193052"),
("IATT190003719","193048","191002","192010","8000","1","8000","0","8000","1","1","1","IAT0911190901","NHO2018000007","PAID","","193048"),
("IATT190003719","193048","191002","192010","8000","1","8000","0","8000","2","1","1","IAT0911190901","NHO2018000007","PAID","","193048"),
("IATT190003718","193083","191001","192001","30000","1","30000","13200","16800","1","1","1","IAT0911190901","NHO2018000007","PAID","","193083"),
("IATT190003712","193054","191002","192010","20000","1","20000","0","20000","2","1","3","IAT0911190901","NHO2018000007","PAID","","193054"),
("IATT190003720","193028","191001","192003","43000","1","43000","0","43000","1","1","1","IAT0911190901","NHO2018000007","PAID","","193028"),
("IATT190003721","193112","191001","192003","50000","1","50000","0","50000","1","1","1","IAT0911190901","NHO2018000007","PAID","","193112"),
("IATT190003721","193069","191001","192012","13000","1","13000","0","13000","1","1","1","IAT0911190901","NHO2018000007","PAID","","193069"),
("IATT190003721","193055","191002","192010","17000","1","17000","0","17000","1","1","1","IAT0911190901","NHO2018000007","PAID","","193055"),
("IATT190003722","193011","191001","192001","40000","1","40000","17600","22400","1","1","1","IAT0911190901","NHO2018000007","PAID","lvl3","PEDAS"),
("IATT190003722","193019","191001","192002","40000","1","40000","17600","22400","1","1","1","IAT0911190901","NHO2018000007","PAID","lvl3","PEDAS"),
("IATT190003722","193055","191002","192010","17000","1","17000","0","17000","1","1","1","IAT0911190901","NHO2018000007","PAID","","193055"),
("IATT190003722","193055","191002","192010","17000","1","17000","0","17000","2","1","1","IAT0911190901","NHO2018000007","PAID","","193055"),
("IATT190003712","193056","191002","192010","17000","1","17000","0","17000","1","1","4","IAT0911190901","NHO2018000007","PAID","","193056"),
("IATT190003712","193005","191001","192001","37000","1","37000","7164","29836","1","1","5","IAT0911190901","NHO2018000007","PAID","","193005"),
("IATT190003712","193010","191001","192001","40000","1","40000","7744","32256","1","1","5","IAT0911190901","NHO2018000007","PAID","","193010"),
("IATT190003712","193082","191001","192001","30000","1","30000","5808","24192","3","1","5","IAT0911190901","NHO2018000007","PAID","","193082"),
("IATT190003724","193082","191001","192001","30000","1","30000","0","30000","1","1","1","IAT0911190901","NHO2018000007","PAID","","193082"),
("IATT190003724","193084","191001","192001","30000","1","30000","0","30000","1","1","1","IAT0911190901","NHO2018000007","PAID","","PEDAS"),
("IATT190003724","193048","191002","192010","8000","1","8000","0","8000","1","1","1","IAT0911190901","NHO2018000007","PAID","","193048"),
("IATT190003724","193048","191002","192010","8000","1","8000","0","8000","2","1","1","IAT0911190901","NHO2018000007","PAID","","193048"),
("IATT190003725","193005","191001","192001","37000","1","37000","0","37000","1","1","1","IAT0911190901","NHO2018000007","PAID","take away","193005"),
("IATT190003726","193076","191001","192001","30000","1","30000","0","30000","1","1","1","IAT0911190901","NHO2018000007","PAID","","193076"),
("IATT190003726","193010","191001","192001","40000","1","40000","0","40000","1","1","1","IAT0911190901","NHO2018000007","PAID","","193010"),
("IATT190003726","193114","191001","192006","42000","1","42000","0","42000","1","1","1","IAT0911190901","NHO2018000007","PAID","","193114"),
("IATT190003726","193087","191001","192002","33000","1","33000","0","33000","1","1","1","IAT0911190901","NHO2018000007","PAID","","193087"),
("IATT190003726","193096","191001","192008","50000","1","50000","0","50000","1","1","1","IAT0911190901","NHO2018000007","PAID","","193096"),
("IATT190003726","193056","191002","192010","17000","1","17000","0","17000","1","1","1","IAT0911190901","NHO2018000007","PAID","","193056"),
("IATT190003726","193052","191002","192010","20000","1","20000","0","20000","1","1","1","IAT0911190901","NHO2018000007","PAID","","193052"),
("IATT190003726","193053","191002","192010","20000","1","20000","0","20000","1","1","1","IAT0911190901","NHO2018000007","PAID","","193053"),
("IATT190003726","193051","191002","192010","20000","1","20000","0","20000","1","1","1","IAT0911190901","NHO2018000007","PAID","","193051"),
("IATT190003726","193048","191002","192010","8000","1","8000","0","8000","1","1","1","IAT0911190901","NHO2018000007","PAID","","193048"),
("IATT190003726","193048","191002","192010","8000","1","8000","0","8000","2","1","1","IAT0911190901","NHO2018000007","PAID","","193048"),
("IATT190003727","193008","191001","192001","37000","1","37000","0","37000","1","1","1","IAT0911190901","NHO2018000007","PAID","","193008"),
("IATT190003727","193046","191002","192010","10000","1","10000","0","10000","1","1","1","IAT0911190901","NHO2018000007","PAID","","193046"),
("IATT190003728","193133","191001","192015","47272","1","47272","0","47272","1","1","1","IAT0911190901","NHO2018000007","PAID","","193133"),
("IATT190003728","193154","191001","192015","35454","1","35454","0","35454","1","1","1","IAT0911190901","NHO2018000007","PAID","","193154"),
("IATT190003729","193083","191001","192001","30000","1","30000","0","30000","1","1","1","IAT0911190901","NHO2018000007","PAID","tanpa daun bawang","193083"),
("IATT190003729","193113","191001","192003","55000","1","55000","0","55000","1","1","1","IAT0911190901","NHO2018000007","PAID","","193113"),
("IATT190003729","193046","191002","192010","10000","1","10000","0","10000","1","1","1","IAT0911190901","NHO2018000007","PAID","","193046"),
("IATT190003729","193053","191002","192010","20000","1","20000","0","20000","1","1","1","IAT0911190901","NHO2018000007","PAID","","193053"),
("IATT190003730","193015","191001","192002","33000","1","33000","0","33000","1","1","1","IAT0911190901","NHO2018000007","PAID","","ORIGINAL"),
("IATT190003730","193007","191001","192001","37000","1","37000","0","37000","1","1","1","IAT0911190901","NHO2018000007","PAID","","PEDAS"),
("IATT190003730","193084","191001","192001","30000","1","30000","0","30000","1","1","1","IAT0911190901","NHO2018000007","PAID","","PEDAS"),
("IATT190003730","193047","191002","192010","10000","1","10000","0","10000","1","1","1","IAT0911190901","NHO2018000007","PAID","","193047"),
("IATT190003730","193050","191002","192010","20000","1","20000","0","20000","1","1","1","IAT0911190901","NHO2018000007","PAID","","193050"),
("IATT190003730","193048","191002","192010","8000","1","8000","0","8000","1","1","1","IAT0911190901","NHO2018000007","PAID","","193048"),
("IATT190003731","193076","191001","192001","30000","1","30000","0","30000","1","1","1","IAT0911190901","NHO2018000007","PAID","","193076"),
("IATT190003731","193046","191002","192010","10000","1","10000","0","10000","1","1","1","IAT0911190901","NHO2018000007","PAID","","193046");



INSERT INTO pos_salestemp VALUES("IATT190003711","","3","60000","0","6000","0","66000","66000","09/11/2019","11:10","2019-11-09","12:55:48","ISU000004","tbl0010","CLOSED","1","","IATR190003607","","","","","IAT0911190901","NHO2018000007"),
("IATT190003712","","4","342000","94196","24781","0","272585","272585","09/11/2019","12:37","2019-11-09","15:33:24","ISU000006","tbl0014","CLOSED","1","","IATR190003617","","","","","IAT0911190901","NHO2018000007"),
("IATT190003713","","2","127000","0","12700","0","139700","200000","09/11/2019","13:40","2019-11-09","14:29:53","ISU000004","tbl0010","CLOSED","1","","IATR190003610","","","","","IAT0911190901","NHO2018000007"),
("IATT190003714","","4","374000","0","37400","0","411400","450000","09/11/2019","13:44","2019-11-09","14:16:48","ISU000004","tbl0024","CLOSED","1","","IATR190003608","","","","","IAT0911190901","NHO2018000007"),
("IATT190003715","","2","100000","30800","6920","0","76120","100000","09/11/2019","13:49","2019-11-09","14:28:10","ISU000004","tbl0012","CLOSED","1","","IATR190003609","","","","","IAT0911190901","NHO2018000007"),
("IATT190003716","","3","180000","9000","17100","0","188100","200000","09/11/2019","14:12","2019-11-09","15:22:36","ISU000006","tbl0011","CLOSED","1","","IATR190003616","","","","","IAT0911190901","NHO2018000007"),
("IATT190003717","","2","48000","13200","3480","0","38280","50000","09/11/2019","14:18","2019-11-09","14:44:31","ISU000006","tbl0006","CLOSED","1","","IATR190003611","","","","","IAT0911190901","NHO2018000007"),
("IATT190003718","","1","30000","13200","1680","0","18480","18500","09/11/2019","14:25","2019-11-09","15:21:02","ISU000006","tbl0004","CLOSED","1","","IATR190003615","","","","","IAT0911190901","NHO2018000007"),
("IATT190003719","","3","196000","52800","14320","0","157520","200000","09/11/2019","14:25","2019-11-09","15:19:00","ISU000006","tbl0021","CLOSED","1","","IATR190003613","","","","","IAT0911190901","NHO2018000007"),
("IATT190003720","","0","43000","0","4300","0","47300","47300","09/11/2019","14:37","2019-11-09","15:16:29","ISU000006","tbl0012","CLOSED","1","","IATR190003612","","","","","IAT0911190901","NHO2018000007"),
("IATT190003721","","1","80000","0","8000","0","88000","100000","09/11/2019","14:38","2019-11-09","15:19:56","ISU000006","tbl0005","CLOSED","1","","IATR190003614","","","","","IAT0911190901","NHO2018000007"),
("IATT190003722","NHM2019003491 Jihan fairina suryani","2","114000","35200","7880","0","86680","100000","09/11/2019","15:05","2019-11-09","15:50:56","ISU000006","tbl0010","CLOSED","1","","IATR190003618","","","","","IAT0911190901","NHO2018000007"),
("IATT190003723","","1","10000","0","0","0","0","0","09/11/2019","15:26","09/11/2019","19:19:45","ISU000006","tbl0001","CANCELED","1","PERMINTAAN CUSTOMER","","","","","","IAT0911190901","NHO2018000007"),
("IATT190003724","","2","76000","0","7600","0","83600","100000","09/11/2019","18:34","2019-11-09","19:18:18","ISU000006","tbl0010","CLOSED","1","","IATR190003620","","","","","IAT0911190901","NHO2018000007"),
("IATT190003725","","1","37000","0","3700","0","40700","50000","09/11/2019","18:50","2019-11-09","18:51:59","ISU000006","tbl0050","CLOSED","1","","IATR190003619","","","","","IAT0911190901","NHO2018000007"),
("IATT190003726","","4","288000","0","28800","0","316800","350000","09/11/2019","19:24","2019-11-09","20:27:50","ISU000006","tbl0012","CLOSED","1","","IATR190003622","","","","","IAT0911190901","NHO2018000007"),
("IATT190003727","","1","47000","0","4700","0","51700","51700","09/11/2019","19:36","2019-11-09","20:32:28","ISU000006","tbl0010","CLOSED","1","","IATR190003624","","","","","IAT0911190901","NHO2018000007"),
("IATT190003728","","1","82726","0","8273","0","90999","90999","09/11/2019","19:42","2019-11-09","19:53:36","ISU000006","tbl0001","CLOSED","1","","IATR190003621","","","","","IAT0911190901","NHO2018000007"),
("IATT190003729","","2","115000","0","11500","0","126500","126500","09/11/2019","19:50","2019-11-09","20:30:15","ISU000006","tbl0014","CLOSED","1","","IATR190003623","","","","","IAT0911190901","NHO2018000007"),
("IATT190003730","","2","138000","0","13800","0","151800","151800","09/11/2019","20:13","2019-11-09","21:17:05","ISU000006","tbl0011","CLOSED","1","","IATR190003626","","","","","IAT0911190901","NHO2018000007"),
("IATT190003731","","1","40000","0","4000","0","44000","44000","09/11/2019","20:39","2019-11-09","20:40:23","ISU000006","tbl0001","CLOSED","1","","IATR190003625","","","","","IAT0911190901","NHO2018000007");



INSERT INTO item_void VALUES("IATT190003712","IAT0911190901","NHO2018000007","193005","193005","1","37000","Before Send","Komplen Customer"),
("IATT190003712","IAT0911190901","NHO2018000007","193010","193010","1","40000","Before Send","Komplen Customer"),
("IATT190003712","IAT0911190901","NHO2018000007","193056","193056","1","17000","Before Send","Komplen Customer"),
("IATT190003712","IAT0911190901","NHO2018000007","193082","193082","1","30000","Before Send","Komplen Customer"),
("IATT190003723","IAT0911190901","NHO2018000007","193056","193056","1","17000","Before Send","Komplen Customer"),
("IATT190003723","IAT0911190901","NHO2018000007","193010","193010","1","40000","Before Send","Komplen Customer"),
("IATT190003723","IAT0911190901","NHO2018000007","193082","193082","1","30000","Before Send","Komplen Customer"),
("IATT190003723","IAT0911190901","NHO2018000007","193005","193005","1","37000","Before Send","Komplen Customer"),
("IATT190003723","IAT0911190901","NHO2018000007","193010","193010","1","40000","Before Send","Komplen Customer"),
("IATT190003712","IAT0911190901","NHO2018000007","193056","193056","1","17000","Before Send","Komplen Customer");



INSERT INTO pos_promotion_h VALUES("IATT190003715","NPRM18000020","DISC ITEM","1","30800","PROMO LAGI VIRAL 30%+20%","IAT0911190901","PAID","NHO2018000007"),
("IATT190003717","NPRM18000020","DISC ITEM","1","13200","PROMO LAGI VIRAL 30%+20%","IAT0911190901","PAID","NHO2018000007"),
("IATT190003719","NPRM18000020","DISC ITEM","1","52800","PROMO LAGI VIRAL 30%+20%","IAT0911190901","PAID","NHO2018000007"),
("IATT190003718","NPRM18000020","DISC ITEM","1","13200","PROMO LAGI VIRAL 30%+20%","IAT0911190901","PAID","NHO2018000007"),
("IATT190003716","NPRM18000018","DISC ALL","1","9000","CRM DISC 5%","IAT0911190901","PAID","NHO2018000007"),
("IATT190003712","NPRM18000020","DISC ITEM","1","94196","PROMO LAGI VIRAL 30%+20%","IAT0911190901","PAID","NHO2018000007"),
("IATT190003722","NPRM18000020","DISC ITEM","1","35200","PROMO LAGI VIRAL 30%+20%","IAT0911190901","PAID","NHO2018000007");



INSERT INTO pos_promotion_d VALUES("IATT190003715","NPRM18000020","DISC ITEM","1","1","193086","1","14520","IAT0911190901","PAID","NHO2018000007"),
("IATT190003715","NPRM18000020","DISC ITEM","1","1","193034","1","16280","IAT0911190901","PAID","NHO2018000007"),
("IATT190003717","NPRM18000020","DISC ITEM","1","1","193083","1","13200","IAT0911190901","PAID","NHO2018000007"),
("IATT190003719","NPRM18000020","DISC ITEM","1","1","193010","1","17600","IAT0911190901","PAID","NHO2018000007"),
("IATT190003719","NPRM18000020","DISC ITEM","1","1","193010","2","17600","IAT0911190901","PAID","NHO2018000007"),
("IATT190003719","NPRM18000020","DISC ITEM","1","1","193010","3","17600","IAT0911190901","PAID","NHO2018000007"),
("IATT190003718","NPRM18000020","DISC ITEM","1","1","193083","1","13200","IAT0911190901","PAID","NHO2018000007"),
("IATT190003716","NPRM18000018","DISC ALL","1","1","193028","1","2150","IAT0911190901","PAID","NHO2018000007"),
("IATT190003716","NPRM18000018","DISC ALL","1","1","193028","2","2150","IAT0911190901","PAID","NHO2018000007"),
("IATT190003716","NPRM18000018","DISC ALL","1","1","193028","3","2150","IAT0911190901","PAID","NHO2018000007"),
("IATT190003716","NPRM18000018","DISC ALL","1","1","193056","1","850","IAT0911190901","PAID","NHO2018000007"),
("IATT190003716","NPRM18000018","DISC ALL","1","1","193056","2","850","IAT0911190901","PAID","NHO2018000007"),
("IATT190003716","NPRM18000018","DISC ALL","1","1","193055","1","850","IAT0911190901","PAID","NHO2018000007"),
("IATT190003712","NPRM18000020","DISC ITEM","1","1","193082","1","13200","IAT0911190901","PAID","NHO2018000007"),
("IATT190003712","NPRM18000020","DISC ITEM","1","1","193082","2","13200","IAT0911190901","PAID","NHO2018000007"),
("IATT190003712","NPRM18000020","DISC ITEM","1","1","193005","1","23444","IAT0911190901","PAID","NHO2018000007"),
("IATT190003712","NPRM18000020","DISC ITEM","1","1","193010","1","25344","IAT0911190901","PAID","NHO2018000007"),
("IATT190003712","NPRM18000020","DISC ITEM","1","1","193082","3","19008","IAT0911190901","PAID","NHO2018000007"),
("IATT190003722","NPRM18000020","DISC ITEM","1","1","193011","1","17600","IAT0911190901","PAID","NHO2018000007"),
("IATT190003722","NPRM18000020","DISC ITEM","1","1","193019","1","17600","IAT0911190901","PAID","NHO2018000007");



INSERT INTO pos_paymenttemp VALUES("IATT190003711","CASH","CASH","66000","66000","ISU000004","2019-11-09","","1","","CLOSED","IAT0911190901","NHO2018000007"),
("IATT190003714","CASH","CASH","411400","450000","ISU000004","2019-11-09","","1","","CLOSED","IAT0911190901","NHO2018000007"),
("IATT190003715","CASH","CASH","76120","100000","ISU000004","2019-11-09","","1","","CLOSED","IAT0911190901","NHO2018000007"),
("IATT190003713","CASH","CASH","139700","200000","ISU000004","2019-11-09","","1","","CLOSED","IAT0911190901","NHO2018000007"),
("IATT190003717","CASH","CASH","38280","50000","ISU000006","2019-11-09","","1","","CLOSED","IAT0911190901","NHO2018000007"),
("IATT190003720","CASH","OVO","47300","47300","ISU000006","2019-11-09","","1","","CLOSED","IAT0911190901","NHO2018000007"),
("IATT190003719","CASH","CASH","157520","200000","ISU000006","2019-11-09","","1","","CLOSED","IAT0911190901","NHO2018000007"),
("IATT190003721","CASH","CASH","88000","100000","ISU000006","2019-11-09","","1","","CLOSED","IAT0911190901","NHO2018000007"),
("IATT190003718","CASH","CASH","18480","18500","ISU000006","2019-11-09","","1","","CLOSED","IAT0911190901","NHO2018000007"),
("IATT190003716","CASH","CASH","188100","200000","ISU000006","2019-11-09","","1","","CLOSED","IAT0911190901","NHO2018000007"),
("IATT190003712","CARD","VISA","272585","272585","ISU000006","2019-11-09","","1","","CLOSED","IAT0911190901","NHO2018000007"),
("IATT190003722","CASH","CASH","86680","100000","ISU000006","2019-11-09","","1","","CLOSED","IAT0911190901","NHO2018000007"),
("IATT190003725","CASH","CASH","40700","50000","ISU000006","2019-11-09","","1","","CLOSED","IAT0911190901","NHO2018000007"),
("IATT190003724","CASH","CASH","83600","100000","ISU000006","2019-11-09","","1","","CLOSED","IAT0911190901","NHO2018000007"),
("IATT190003728","CASH","GOPAY","90999","90999","ISU000006","2019-11-09","","1","","CLOSED","IAT0911190901","NHO2018000007"),
("IATT190003726","VOUCHER","AMA VOUCHER ISOIDE 100K","100000","100000","ISU000006","2019-11-09","","1","","CLOSED","IAT0911190901","NHO2018000007"),
("IATT190003726","VOUCHER","AMA VOUCHER ISOIDE 100K","100000","100000","ISU000006","2019-11-09","","1","","CLOSED","IAT0911190901","NHO2018000007"),
("IATT190003726","VOUCHER","AMA VOUCHER ISOIDE 100K","100000","100000","ISU000006","2019-11-09","","1","","CLOSED","IAT0911190901","NHO2018000007"),
("IATT190003726","CASH","CASH","16800","50000","ISU000006","2019-11-09","","1","","CLOSED","IAT0911190901","NHO2018000007"),
("IATT190003729","CARD","DEBIT BCA","126500","126500","ISU000006","2019-11-09","","1","","CLOSED","IAT0911190901","NHO2018000007"),
("IATT190003727","CASH","OVO","51700","51700","ISU000006","2019-11-09","","1","","CLOSED","IAT0911190901","NHO2018000007"),
("IATT190003731","CASH","OVO","44000","44000","ISU000006","2019-11-09","","1","","CLOSED","IAT0911190901","NHO2018000007"),
("IATT190003730","CARD","DEBIT BCA","151800","151800","ISU000006","2019-11-09","","1","","CLOSED","IAT0911190901","NHO2018000007");



