INSERT INTO pos_itemtemp VALUES("IATT190001078","193094","191001","192013","5000","1","5000","0","5000","1","1","1","IAT0307191017","NHO2018000007","PAID","level 1,level 3","193094"),
("IATT190001078","193094","191001","192013","5000","1","5000","0","5000","2","1","1","IAT0307191017","NHO2018000007","PAID","","193094"),
("IATT190001078","193047","191002","192010","8000","1","8000","0","8000","1","1","2","IAT0307191017","NHO2018000007","PAID","","193047"),
("IATT190001078","193047","191002","192010","8000","1","8000","0","8000","2","1","2","IAT0307191017","NHO2018000007","PAID","","193047"),
("IATT190001079","193094","191001","192013","5000","1","5000","0","5000","1","1","1","IAT0307191017","NHO2018000007","PAID","level3","193094"),
("IATT190001079","193052","191002","192010","20000","1","20000","0","20000","1","1","2","IAT0307191017","NHO2018000007","PAID","","193052"),
("IATT190001079","193052","191002","192010","20000","1","20000","0","20000","2","1","2","IAT0307191017","NHO2018000007","PAID","","193052"),
("IATT190001080","193054","191002","192010","20000","1","20000","0","20000","1","1","1","IAT0307191017","NHO2018000007","PAID","","193054"),
("IATT190001080","193089","191001","192013","5000","1","5000","0","5000","1","1","1","IAT0307191017","NHO2018000007","PAID","","193089"),
("IATT190001080","193072","191001","192012","25000","1","25000","0","25000","1","1","1","IAT0307191017","NHO2018000007","PAID","","193072"),
("IATT190001081","193029","191001","192004","27000","1","27000","6750","20250","1","1","1","IAT0307191017","NHO2018000007","PAID","","193029"),
("IATT190001081","193029","191001","192004","27000","1","27000","6750","20250","2","1","1","IAT0307191017","NHO2018000007","PAID","","193029"),
("IATT190001081","193047","191002","192010","8000","1","8000","0","8000","1","1","1","IAT0307191017","NHO2018000007","PAID","","193047"),
("IATT190001081","193046","191002","192010","8000","1","8000","0","8000","1","1","1","IAT0307191017","NHO2018000007","PAID","","193046"),
("IATT190001079","193092","191001","192013","5000","1","5000","0","5000","1","1","3","IAT0307191017","NHO2018000007","PAID","ORIGINAL","193092"),
("IATT190001082","193088","191001","192013","5000","1","5000","0","5000","1","1","1","IAT0307191017","NHO2018000007","PAID","","193088"),
("IATT190001082","193035","191001","192006","32000","1","32000","0","32000","1","1","1","IAT0307191017","NHO2018000007","PAID","","PEDAS"),
("IATT190001082","193043","191001","192008","25000","1","25000","0","25000","1","1","1","IAT0307191017","NHO2018000007","PAID","","193043"),
("IATT190001082","193055","191002","192010","17000","1","17000","0","17000","1","1","1","IAT0307191017","NHO2018000007","PAID","","193055"),
("IATT190001082","193052","191002","192010","20000","1","20000","0","20000","1","1","1","IAT0307191017","NHO2018000007","PAID","","193052"),
("IATT190001083","193092","191001","192013","5000","1","5000","0","5000","1","1","1","IAT0307191017","NHO2018000007","PAID","","193092"),
("IATT190001083","193086","191001","192002","33000","1","33000","0","33000","1","1","1","IAT0307191017","NHO2018000007","PAID","","PEDAS"),
("IATT190001083","193086","191001","192002","33000","1","33000","0","33000","2","1","1","IAT0307191017","NHO2018000007","PAID","","PEDAS"),
("IATT190001083","193093","191001","192013","5000","1","5000","0","5000","1","1","1","IAT0307191017","NHO2018000007","PAID","","193093"),
("IATT190001083","193087","191001","192002","33000","1","33000","0","33000","1","1","1","IAT0307191017","NHO2018000007","PAID","","193087"),
("IATT190001083","193069","191001","192012","13000","1","13000","0","13000","1","1","1","IAT0307191017","NHO2018000007","PAID","","193069"),
("IATT190001083","193070","191001","192012","13000","1","13000","0","13000","1","1","1","IAT0307191017","NHO2018000007","PAID","","193070"),
("IATT190001083","193070","191001","192012","13000","1","13000","0","13000","2","1","1","IAT0307191017","NHO2018000007","PAID","","193070"),
("IATT190001083","193050","191002","192010","20000","1","20000","0","20000","1","1","1","IAT0307191017","NHO2018000007","PAID","","193050"),
("IATT190001083","193050","191002","192010","20000","1","20000","0","20000","2","1","1","IAT0307191017","NHO2018000007","PAID","","193050"),
("IATT190001083","193046","191002","192010","8000","1","8000","0","8000","1","1","1","IAT0307191017","NHO2018000007","PAID","","193046"),
("IATT190001083","193054","191002","192010","20000","1","20000","0","20000","1","1","1","IAT0307191017","NHO2018000007","PAID","","193054"),
("IATT190001083","193054","191002","192010","20000","1","20000","0","20000","2","1","1","IAT0307191017","NHO2018000007","PAID","","193054"),
("IATT190001084","193092","191001","192013","5000","1","5000","0","5000","1","1","1","IAT0307191017","NHO2018000007","PAID","","193092"),
("IATT190001084","193088","191001","192013","5000","1","5000","0","5000","1","1","1","IAT0307191017","NHO2018000007","PAID","","193088"),
("IATT190001084","193071","191001","192012","18000","1","18000","0","18000","1","1","1","IAT0307191017","NHO2018000007","PAID","","193071"),
("IATT190001084","193067","191001","192003","7000","1","7000","0","7000","1","1","1","IAT0307191017","NHO2018000007","PAID","","193067"),
("IATT190001084","193049","191002","192010","10000","1","10000","0","10000","1","1","1","IAT0307191017","NHO2018000007","PAID","","193049"),
("IATT190001084","193049","191002","192010","10000","1","10000","0","10000","2","1","1","IAT0307191017","NHO2018000007","PAID","","193049"),
("IATT190001085","193034","191001","192005","37000","1","37000","9250","27750","1","1","1","IAT0307191017","NHO2018000007","PAID","","193034"),
("IATT190001085","193028","191001","192003","43000","1","43000","0","43000","1","1","1","IAT0307191017","NHO2018000007","PAID","TKEAWAY","193028"),
("IATT190001085","193084","191001","192001","30000","1","30000","0","30000","1","1","1","IAT0307191017","NHO2018000007","PAID","LEVEL 1","PEDAS"),
("IATT190001085","193055","191002","192010","17000","1","17000","0","17000","1","1","1","IAT0307191017","NHO2018000007","PAID","","193055"),
("IATT190001086","193092","191001","192013","5000","1","5000","0","5000","1","1","1","IAT0307191017","NHO2018000007","PAID","","193092"),
("IATT190001086","193054","191002","192010","20000","1","20000","0","20000","1","1","1","IAT0307191017","NHO2018000007","PAID","","193054"),
("IATT190001087","193009","191001","192001","40000","1","40000","0","40000","1","1","1","IAT0307191017","NHO2018000007","PAID","","193009"),
("IATT190001087","193092","191001","192013","5000","1","5000","0","5000","1","1","1","IAT0307191017","NHO2018000007","PAID","","193092"),
("IATT190001087","193088","191001","192013","5000","1","5000","0","5000","1","1","1","IAT0307191017","NHO2018000007","PAID","","193088"),
("IATT190001087","193030","191001","192004","27000","1","27000","0","27000","1","1","1","IAT0307191017","NHO2018000007","PAID","","193030"),
("IATT190001087","193055","191002","192010","17000","1","17000","0","17000","1","1","1","IAT0307191017","NHO2018000007","PAID","","193055"),
("IATT190001087","193055","191002","192010","17000","1","17000","0","17000","2","1","1","IAT0307191017","NHO2018000007","PAID","","193055"),
("IATT190001087","193055","191002","192010","17000","1","17000","0","17000","3","1","1","IAT0307191017","NHO2018000007","PAID","","193055"),
("IATT190001088","193054","191002","192010","20000","1","20000","0","20000","1","1","1","IAT0307191017","NHO2018000007","PAID","","193054"),
("IATT190001088","193055","191002","192010","17000","1","17000","0","17000","1","1","1","IAT0307191017","NHO2018000007","PAID","","193055"),
("IATT190001088","193055","191002","192010","17000","1","17000","0","17000","2","1","1","IAT0307191017","NHO2018000007","PAID","","193055"),
("IATT190001088","193055","191002","192010","17000","1","17000","0","17000","3","1","1","IAT0307191017","NHO2018000007","PAID","","193055"),
("IATT190001088","193094","191001","192013","5000","1","5000","0","5000","1","1","1","IAT0307191017","NHO2018000007","PAID","","193094"),
("IATT190001088","193069","191001","192012","13000","1","13000","0","13000","1","1","1","IAT0307191017","NHO2018000007","PAID","","193069"),
("IATT190001088","193070","191001","192012","13000","1","13000","0","13000","1","1","1","IAT0307191017","NHO2018000007","PAID","","193070"),
("IATT190001089","193048","191002","192010","8000","1","8000","0","8000","1","1","1","IAT0307191017","NHO2018000007","PAID","","193048"),
("IATT190001090","193095","191001","192013","5000","1","5000","0","5000","1","1","1","IAT0307191017","NHO2018000007","PAID","","193095"),
("IATT190001090","193093","191001","192013","5000","1","5000","0","5000","1","1","1","IAT0307191017","NHO2018000007","PAID","","193093"),
("IATT190001090","193051","191002","192010","20000","1","20000","0","20000","1","1","1","IAT0307191017","NHO2018000007","PAID","","193051"),
("IATT190001090","193056","191002","192010","17000","1","17000","0","17000","1","1","1","IAT0307191017","NHO2018000007","PAID","","193056"),
("IATT190001091","193053","191002","192010","20000","1","20000","0","20000","1","1","1","IAT0307191017","NHO2018000007","PAID","tanpa susu","193053"),
("IATT190001091","193094","191001","192013","5000","1","5000","0","5000","1","1","1","IAT0307191017","NHO2018000007","PAID","","193094"),
("IATT190001092","193094","191001","192013","5000","1","5000","0","5000","1","1","1","IAT0307191017","NHO2018000007","PAID","","193094"),
("IATT190001092","193090","191001","192013","5000","1","5000","0","5000","1","1","1","IAT0307191017","NHO2018000007","PAID","","193090"),
("IATT190001092","193055","191002","192010","17000","1","17000","0","17000","1","1","1","IAT0307191017","NHO2018000007","PAID","","193055"),
("IATT190001092","193055","191002","192010","17000","1","17000","0","17000","2","1","1","IAT0307191017","NHO2018000007","PAID","","193055"),
("IATT190001092","193049","191002","192010","10000","1","10000","0","10000","1","1","1","IAT0307191017","NHO2018000007","PAID","ice","193049"),
("IATT190001092","193049","191002","192010","10000","1","10000","0","10000","2","1","1","IAT0307191017","NHO2018000007","PAID","","193049"),
("IATT190001092","193094","191001","192013","5000","1","5000","0","5000","2","1","2","IAT0307191017","NHO2018000007","PAID","","193094"),
("IATT190001092","193090","191001","192013","5000","1","5000","0","5000","2","1","2","IAT0307191017","NHO2018000007","PAID","","193090"),
("IATT190001093","193094","191001","192013","5000","1","5000","0","5000","1","1","1","IAT0307191017","NHO2018000007","PAID","","193094"),
("IATT190001093","193049","191002","192010","10000","1","10000","0","10000","1","1","1","IAT0307191017","NHO2018000007","PAID","","193049"),
("IATT190001094","193093","191001","192013","5000","1","5000","0","5000","1","1","1","IAT0307191017","NHO2018000007","PAID","","193093"),
("IATT190001094","193093","191001","192013","5000","1","5000","0","5000","2","1","1","IAT0307191017","NHO2018000007","PAID","","193093"),
("IATT190001094","193093","191001","192013","5000","1","5000","0","5000","3","1","1","IAT0307191017","NHO2018000007","PAID","","193093"),
("IATT190001094","193093","191001","192013","5000","1","5000","0","5000","4","1","1","IAT0307191017","NHO2018000007","PAID","","193093"),
("IATT190001094","193093","191001","192013","5000","1","5000","0","5000","5","1","1","IAT0307191017","NHO2018000007","PAID","","193093"),
("IATT190001094","193089","191001","192013","5000","1","5000","0","5000","1","1","1","IAT0307191017","NHO2018000007","PAID","","193089"),
("IATT190001094","193089","191001","192013","5000","1","5000","0","5000","2","1","1","IAT0307191017","NHO2018000007","PAID","","193089"),
("IATT190001094","193047","191002","192010","8000","1","8000","0","8000","1","1","1","IAT0307191017","NHO2018000007","PAID","minta tambah gula","193047"),
("IATT190001094","193047","191002","192010","8000","1","8000","0","8000","2","1","1","IAT0307191017","NHO2018000007","PAID","","193047"),
("IATT190001094","193047","191002","192010","8000","1","8000","0","8000","3","1","1","IAT0307191017","NHO2018000007","PAID","","193047"),
("IATT190001094","193049","191002","192010","10000","1","10000","0","10000","1","1","1","IAT0307191017","NHO2018000007","PAID","","193049"),
("IATT190001094","193049","191002","192010","10000","1","10000","0","10000","2","1","1","IAT0307191017","NHO2018000007","PAID","","193049"),
("IATT190001094","193051","191002","192010","20000","1","20000","0","20000","1","1","1","IAT0307191017","NHO2018000007","PAID","","193051"),
("IATT190001094","193052","191002","192010","20000","1","20000","0","20000","1","1","1","IAT0307191017","NHO2018000007","PAID","","193052"),
("IATT190001092","193049","191002","192010","10000","1","10000","0","10000","3","1","3","IAT0307191017","NHO2018000007","PAID","ice","193049"),
("IATT190001092","193049","191002","192010","10000","1","10000","0","10000","4","1","3","IAT0307191017","NHO2018000007","PAID","","193049"),
("IATT190001095","193095","191001","192013","5000","1","5000","0","5000","1","1","1","IAT0307191017","NHO2018000007","PAID","lvl 2","193095"),
("IATT190001095","193094","191001","192013","5000","1","5000","0","5000","1","1","1","IAT0307191017","NHO2018000007","PAID","","193094"),
("IATT190001095","193049","191002","192010","10000","1","10000","0","10000","1","1","1","IAT0307191017","NHO2018000007","PAID","","193049"),
("IATT190001095","193048","191002","192010","8000","1","8000","0","8000","1","1","1","IAT0307191017","NHO2018000007","PAID","","193048"),
("IATT190001096","193036","191001","192006","36000","1","36000","0","36000","1","1","1","IAT0307191017","NHO2018000007","PAID","","PEDAS"),
("IATT190001096","193086","191001","192002","33000","1","33000","0","33000","1","1","1","IAT0307191017","NHO2018000007","PAID","","PEDAS"),
("IATT190001096","193094","191001","192013","5000","1","5000","0","5000","1","1","1","IAT0307191017","NHO2018000007","PAID","","193094"),
("IATT190001096","193055","191002","192010","17000","1","17000","0","17000","1","1","2","IAT0307191017","NHO2018000007","PAID","","193055"),
("IATT190001096","193056","191002","192010","17000","1","17000","0","17000","1","1","2","IAT0307191017","NHO2018000007","PAID","","193056"),
("IATT190001096","193048","191002","192010","8000","1","8000","0","8000","1","1","2","IAT0307191017","NHO2018000007","PAID","","193048"),
("IATT190001097","193092","191001","192013","5000","1","5000","0","5000","1","1","1","IAT0307191017","NHO2018000007","PAID","","193092"),
("IATT190001097","193094","191001","192013","5000","1","5000","0","5000","1","1","1","IAT0307191017","NHO2018000007","PAID","lvl 2","193094"),
("IATT190001097","193094","191001","192013","5000","1","5000","0","5000","2","1","1","IAT0307191017","NHO2018000007","PAID","","193094"),
("IATT190001097","193056","191002","192010","17000","1","17000","0","17000","1","1","1","IAT0307191017","NHO2018000007","PAID","","193056"),
("IATT190001097","193055","191002","192010","17000","1","17000","0","17000","1","1","1","IAT0307191017","NHO2018000007","PAID","","193055"),
("IATT190001098","193027","191001","192003","43000","1","43000","0","43000","1","1","1","IAT0307191017","NHO2018000007","PAID","","193027"),
("IATT190001098","193088","191001","192013","5000","1","5000","0","5000","1","1","1","IAT0307191017","NHO2018000007","PAID","","193088"),
("IATT190001098","193051","191002","192010","20000","1","20000","0","20000","1","1","1","IAT0307191017","NHO2018000007","PAID","","193051"),
("IATT190001099","193094","191001","192013","5000","1","5000","0","5000","1","1","1","IAT0307191017","NHO2018000007","PAID","level 2","193094"),
("IATT190001099","193095","191001","192013","5000","1","5000","0","5000","1","1","1","IAT0307191017","NHO2018000007","PAID","","193095"),
("IATT190001099","193056","191002","192010","17000","1","17000","0","17000","1","1","1","IAT0307191017","NHO2018000007","PAID","","193056"),
("IATT190001099","193055","191002","192010","17000","1","17000","0","17000","1","1","1","IAT0307191017","NHO2018000007","PAID","","193055"),
("IATT190001099","193069","191001","192012","13000","1","13000","0","13000","1","1","1","IAT0307191017","NHO2018000007","PAID","","193069"),
("IATT190001099","193070","191001","192012","13000","1","13000","0","13000","1","1","1","IAT0307191017","NHO2018000007","PAID","","193070"),
("IATT190001100","193095","191001","192013","5000","1","5000","0","5000","1","1","1","IAT0307191017","NHO2018000007","PAID","","193095"),
("IATT190001100","193035","191001","192006","32000","1","32000","0","32000","1","1","1","IAT0307191017","NHO2018000007","PAID","","ORIGINAL"),
("IATT190001100","193047","191002","192010","8000","1","8000","0","8000","1","1","1","IAT0307191017","NHO2018000007","PAID","","193047"),
("IATT190001101","193094","191001","192013","5000","1","5000","0","5000","1","1","1","IAT0307191017","NHO2018000007","PAID","","193094"),
("IATT190001101","193070","191001","192012","13000","1","13000","0","13000","1","1","1","IAT0307191017","NHO2018000007","PAID","","193070"),
("IATT190001098","193091","191001","192013","5000","1","5000","0","5000","1","1","2","IAT0307191017","NHO2018000007","PAID","","193091"),
("IATT190001102","193092","191001","192013","5000","1","5000","0","5000","1","1","1","IAT0307191017","NHO2018000007","PAID","","193092"),
("IATT190001102","193093","191001","192013","5000","1","5000","0","5000","1","1","1","IAT0307191017","NHO2018000007","PAID","","193093"),
("IATT190001102","193047","191002","192010","8000","1","8000","0","8000","1","1","1","IAT0307191017","NHO2018000007","PAID","","193047"),
("IATT190001102","193047","191002","192010","8000","1","8000","0","8000","2","1","1","IAT0307191017","NHO2018000007","PAID","","193047"),
("IATT190001103","193089","191001","192013","5000","1","5000","0","5000","1","1","1","IAT0307191017","NHO2018000007","PAID","","193089"),
("IATT190001103","193072","191001","192012","25000","1","25000","0","25000","1","1","1","IAT0307191017","NHO2018000007","PAID","","193072"),
("IATT190001103","193055","191002","192010","17000","1","17000","0","17000","1","1","1","IAT0307191017","NHO2018000007","PAID","","193055"),
("IATT190001104","193088","191001","192013","5000","1","5000","0","5000","1","1","1","IAT0307191017","NHO2018000007","PAID","","193088"),
("IATT190001104","193088","191001","192013","5000","1","5000","0","5000","2","1","1","IAT0307191017","NHO2018000007","PAID","","193088"),
("IATT190001104","193091","191001","192013","5000","1","5000","0","5000","1","1","1","IAT0307191017","NHO2018000007","PAID","","193091"),
("IATT190001104","193049","191002","192010","10000","1","10000","0","10000","1","1","1","IAT0307191017","NHO2018000007","PAID","","193049"),
("IATT190001105","193080","191001","192002","33000","1","33000","0","33000","1","1","1","IAT0307191017","NHO2018000007","PAID","level 1","PEDAS"),
("IATT190001105","193055","191002","192010","17000","1","17000","0","17000","1","1","1","IAT0307191017","NHO2018000007","PAID","","193055"),
("IATT190001104","193049","191002","192010","10000","1","10000","0","10000","2","1","2","IAT0307191017","NHO2018000007","PAID","","193049"),
("IATT190001106","193094","191001","192013","5000","1","5000","0","5000","1","1","1","IAT0307191017","NHO2018000007","PAID","","193094"),
("IATT190001107","193078","191001","192001","30000","1","30000","0","30000","1","1","1","IAT0307191017","NHO2018000007","PAID","","ORIGINAL"),
("IATT190001107","193056","191002","192010","17000","1","17000","0","17000","1","1","1","IAT0307191017","NHO2018000007","PAID","","193056"),
("IATT190001104","193025","191001","192003","30000","1","30000","0","30000","1","1","3","IAT0307191017","NHO2018000007","PAID","take away","193025"),
("IATT190001108","193027","191001","192003","43000","1","43000","0","43000","1","1","1","IAT0307191017","NHO2018000007","PAID","","193027"),
("IATT190001108","193028","191001","192003","43000","1","43000","0","43000","1","1","1","IAT0307191017","NHO2018000007","PAID","","193028"),
("IATT190001108","193056","191002","192010","17000","1","17000","0","17000","1","1","1","IAT0307191017","NHO2018000007","PAID","","193056"),
("IATT190001108","193056","191002","192010","17000","1","17000","0","17000","2","1","1","IAT0307191017","NHO2018000007","PAID","","193056"),
("IATT190001108","193048","191002","192010","8000","1","8000","0","8000","1","1","1","IAT0307191017","NHO2018000007","PAID","","193048"),
("IATT190001109","193092","191001","192013","5000","1","5000","0","5000","1","1","1","IAT0307191017","NHO2018000007","PAID","","193092"),
("IATT190001109","193092","191001","192013","5000","1","5000","0","5000","2","1","1","IAT0307191017","NHO2018000007","PAID","","193092"),
("IATT190001109","193083","191001","192001","30000","1","30000","0","30000","1","1","1","IAT0307191017","NHO2018000007","PAID","","193083"),
("IATT190001109","193049","191002","192010","10000","1","10000","0","10000","1","1","1","IAT0307191017","NHO2018000007","PAID","es 2","193049"),
("IATT190001109","193049","191002","192010","10000","1","10000","0","10000","2","1","1","IAT0307191017","NHO2018000007","PAID","","193049"),
("IATT190001109","193049","191002","192010","10000","1","10000","0","10000","3","1","1","IAT0307191017","NHO2018000007","PAID","","193049"),
("IATT190001093","193047","191002","192010","8000","1","8000","0","8000","1","1","2","IAT0307191017","NHO2018000007","PAID","","193047"),
("IATT190001093","193022","191001","192003","30000","1","30000","0","30000","1","1","2","IAT0307191017","NHO2018000007","PAID","","193022"),
("IATT190001110","193084","191001","192001","30000","1","30000","0","30000","1","1","1","IAT0307191017","NHO2018000007","PAID","","ORIGINAL"),
("IATT190001110","193084","191001","192001","30000","1","30000","0","30000","2","1","1","IAT0307191017","NHO2018000007","PAID","","ORIGINAL"),
("IATT190001110","193071","191001","192012","18000","1","18000","0","18000","1","1","1","IAT0307191017","NHO2018000007","PAID","","193071"),
("IATT190001110","193067","191001","192003","7000","1","7000","0","7000","1","1","1","IAT0307191017","NHO2018000007","PAID","","193067"),
("IATT190001110","193082","191001","192001","30000","1","30000","0","30000","1","1","1","IAT0307191017","NHO2018000007","PAID","","193082"),
("IATT190001110","193055","191002","192010","17000","1","17000","0","17000","1","1","1","IAT0307191017","NHO2018000007","PAID","","193055"),
("IATT190001111","193027","191001","192003","43000","1","43000","0","43000","1","1","1","IAT0307191017","NHO2018000007","PAID","","193027"),
("IATT190001111","193028","191001","192003","43000","1","43000","0","43000","1","1","1","IAT0307191017","NHO2018000007","PAID","","193028"),
("IATT190001111","193047","191002","192010","8000","1","8000","0","8000","1","1","1","IAT0307191017","NHO2018000007","PAID","","193047"),
("IATT190001111","193047","191002","192010","8000","1","8000","0","8000","2","1","1","IAT0307191017","NHO2018000007","PAID","","193047"),
("IATT190001112","193027","191001","192003","43000","1","43000","0","43000","1","1","1","IAT0307191017","NHO2018000007","PAID","","193027"),
("IATT190001112","193084","191001","192001","30000","1","30000","0","30000","1","1","1","IAT0307191017","NHO2018000007","PAID","NO DAUN BAWANG","ORIGINAL"),
("IATT190001112","193030","191001","192004","27000","1","27000","0","27000","1","1","1","IAT0307191017","NHO2018000007","PAID","","193030"),
("IATT190001112","193043","191001","192008","25000","1","25000","0","25000","1","1","1","IAT0307191017","NHO2018000007","PAID","","193043"),
("IATT190001112","193083","191001","192001","30000","1","30000","0","30000","1","1","1","IAT0307191017","NHO2018000007","PAID","","193083"),
("IATT190001112","193071","191001","192012","18000","1","18000","0","18000","1","1","1","IAT0307191017","NHO2018000007","PAID","","193071"),
("IATT190001112","193055","191002","192010","17000","1","17000","0","17000","1","1","1","IAT0307191017","NHO2018000007","PAID","","193055"),
("IATT190001112","193055","191002","192010","17000","1","17000","0","17000","2","1","1","IAT0307191017","NHO2018000007","PAID","","193055"),
("IATT190001112","193055","191002","192010","17000","1","17000","0","17000","3","1","1","IAT0307191017","NHO2018000007","PAID","","193055"),
("IATT190001112","193055","191002","192010","17000","1","17000","0","17000","4","1","1","IAT0307191017","NHO2018000007","PAID","","193055"),
("IATT190001112","193055","191002","192010","17000","1","17000","0","17000","5","1","1","IAT0307191017","NHO2018000007","PAID","","193055"),
("IATT190001112","193048","191002","192010","8000","1","8000","0","8000","1","1","1","IAT0307191017","NHO2018000007","PAID","","193048"),
("IATT190001112","193048","191002","192010","8000","1","8000","0","8000","2","1","1","IAT0307191017","NHO2018000007","PAID","","193048"),
("IATT190001112","193047","191002","192010","8000","1","8000","0","8000","1","1","1","IAT0307191017","NHO2018000007","PAID","","193047"),
("IATT190001113","193084","191001","192001","30000","1","30000","0","30000","1","1","1","IAT0307191017","NHO2018000007","PAID","NO DAUN BAWANG AND TELOR MATENG","ORIGINAL"),
("IATT190001113","193085","191001","192001","30000","1","30000","0","30000","1","1","1","IAT0307191017","NHO2018000007","PAID","","193085"),
("IATT190001113","193082","191001","192001","30000","1","30000","0","30000","1","1","1","IAT0307191017","NHO2018000007","PAID","","193082"),
("IATT190001114","193077","191001","192001","30000","1","30000","0","30000","1","1","1","IAT0307191017","NHO2018000007","PAID","LVL 1","193077"),
("IATT190001114","193084","191001","192001","30000","1","30000","0","30000","1","1","1","IAT0307191017","NHO2018000007","PAID","","PEDAS"),
("IATT190001114","193078","191001","192001","30000","1","30000","0","30000","1","1","1","IAT0307191017","NHO2018000007","PAID","","PEDAS"),
("IATT190001114","193048","191002","192010","8000","1","8000","0","8000","1","1","1","IAT0307191017","NHO2018000007","PAID","","193048"),
("IATT190001114","193049","191002","192010","10000","1","10000","0","10000","1","1","1","IAT0307191017","NHO2018000007","PAID","","193049"),
("IATT190001114","193049","191002","192010","10000","1","10000","0","10000","2","1","1","IAT0307191017","NHO2018000007","PAID","","193049"),
("IATT190001115","193030","191001","192004","27000","1","27000","0","27000","1","1","1","IAT0307191017","NHO2018000007","PAID","","193030"),
("IATT190001115","193082","191001","192001","30000","1","30000","0","30000","1","1","1","IAT0307191017","NHO2018000007","PAID","","193082"),
("IATT190001115","193022","191001","192003","30000","1","30000","0","30000","1","1","1","IAT0307191017","NHO2018000007","PAID","","193022"),
("IATT190001115","193049","191002","192010","10000","1","10000","0","10000","1","1","1","IAT0307191017","NHO2018000007","PAID","","193049"),
("IATT190001115","193049","191002","192010","10000","1","10000","0","10000","2","1","1","IAT0307191017","NHO2018000007","PAID","","193049"),
("IATT190001115","193049","191002","192010","10000","1","10000","0","10000","3","1","1","IAT0307191017","NHO2018000007","PAID","","193049");



INSERT INTO pos_salestemp VALUES("IATT190001078","","2","26000","0","2600","0","28600","29000","03/07/2019","11:34","2019-07-03","12:02:38","ISU000012","tbl0012","CLOSED","1","","IATR190001043","","","","","IAT0307191017","NHO2018000007"),
("IATT190001079","","2","50000","0","5000","0","55000","100000","03/07/2019","11:39","2019-07-03","12:24:02","ISU000012","tbl0011","CLOSED","1","","IATR190001045","","","","","IAT0307191017","NHO2018000007"),
("IATT190001080","","1","50000","0","5000","0","55000","105000","03/07/2019","11:46","2019-07-03","12:11:42","ISU000012","tbl0013","CLOSED","1","","IATR190001044","","","","","IAT0307191017","NHO2018000007"),
("IATT190001081","","2","70000","13500","5650","0","62150","100150","03/07/2019","11:48","2019-07-03","12:47:05","ISU000012","tbl0010","CLOSED","1","","IATR190001046","","","","","IAT0307191017","NHO2018000007"),
("IATT190001082","","3","99000","0","9900","0","108900","108900","03/07/2019","12:27","2019-07-03","13:08:50","ISU000012","tbl0012","CLOSED","1","","IATR190001047","","","","","IAT0307191017","NHO2018000007"),
("IATT190001083","","1","236000","0","23600","0","259600","259600","03/07/2019","12:39","2019-07-03","13:22:07","ISU000012","tbl0013","CLOSED","1","","IATR190001048","","","","","IAT0307191017","NHO2018000007"),
("IATT190001084","","1","55000","0","5500","0","60500","62000","03/07/2019","12:59","2019-07-03","13:33:00","ISU000012","tbl0010","CLOSED","1","","IATR190001049","","","","","IAT0307191017","NHO2018000007"),
("IATT190001085","","3","127000","9250","11775","0","129525","150000","03/07/2019","14:13","2019-07-03","14:46:30","ISU000012","tbl0010","CLOSED","1","","IATR190001050","","","","","IAT0307191017","NHO2018000007"),
("IATT190001086","","1","25000","0","2500","0","27500","50000","03/07/2019","15:01","2019-07-03","15:13:47","ISU000012","tbl0012","CLOSED","1","","IATR190001051","","","","","IAT0307191017","NHO2018000007"),
("IATT190001087","","2","128000","0","12800","0","140800","142000","03/07/2019","15:13","2019-07-03","15:18:46","ISU000012","tbl0010","CLOSED","1","","IATR190001052","","","","","IAT0307191017","NHO2018000007"),
("IATT190001088","","4","102000","0","10200","0","112200","112200","03/07/2019","15:21","2019-07-03","16:48:24","ISU000012","tbl0011","CLOSED","1","","IATR190001055","","","","","IAT0307191017","NHO2018000007"),
("IATT190001089","","1","8000","0","800","0","8800","20000","03/07/2019","15:49","2019-07-03","15:50:07","ISU000012","tbl0001","CLOSED","1","","IATR190001053","","","","","IAT0307191017","NHO2018000007"),
("IATT190001090","","2","47000","0","4700","0","51700","52000","03/07/2019","15:53","2019-07-03","16:33:49","ISU000012","tbl0010","CLOSED","1","","IATR190001054","","","","","IAT0307191017","NHO2018000007"),
("IATT190001091","","1","25000","0","2500","0","27500","50000","03/07/2019","15:58","2019-07-03","17:20:52","ISU000012","tbl0019","CLOSED","1","","IATR190001059","","","","","IAT0307191017","NHO2018000007"),
("IATT190001092","","4","94000","0","9400","0","103400","150000","03/07/2019","15:59","2019-07-03","16:59:23","ISU000012","tbl0012","CLOSED","1","","IATR190001057","","","","","IAT0307191017","NHO2018000007"),
("IATT190001093","","2","53000","0","5300","0","58300","60000","03/07/2019","16:11","2019-07-03","19:34:10","ISU000012","tbl0007","CLOSED","1","","IATR190001071","","","","","IAT0307191017","NHO2018000007"),
("IATT190001094","","7","119000","0","11900","0","130900","150000","03/07/2019","16:14","2019-07-03","16:53:11","ISU000012","tbl0013","CLOSED","1","","IATR190001056","","","","","IAT0307191017","NHO2018000007"),
("IATT190001095","","2","28000","0","2800","0","30800","40800","03/07/2019","16:34","2019-07-03","17:14:17","ISU000012","tbl0005","CLOSED","1","","IATR190001058","","","","","IAT0307191017","NHO2018000007"),
("IATT190001096","","3","116000","0","11600","0","127600","127600","03/07/2019","16:56","2019-07-03","17:50:48","ISU000012","tbl0010","CLOSED","1","","IATR190001060","","","","","IAT0307191017","NHO2018000007"),
("IATT190001097","","4","49000","0","4900","0","53900","100000","03/07/2019","17:17","2019-07-03","18:11:16","ISU000012","tbl0012","CLOSED","1","","IATR190001062","","","","","IAT0307191017","NHO2018000007"),
("IATT190001098","","2","73000","0","7300","0","80300","100000","03/07/2019","17:19","2019-07-03","18:19:54","ISU000012","tbl0009","CLOSED","1","","IATR190001063","","","","","IAT0307191017","NHO2018000007"),
("IATT190001099","","2","70000","0","7000","0","77000","100000","03/07/2019","17:25","2019-07-03","18:21:40","ISU000012","tbl0011","CLOSED","1","","IATR190001064","","","","","IAT0307191017","NHO2018000007"),
("IATT190001100","","2","45000","0","4500","0","49500","50000","03/07/2019","17:32","2019-07-03","18:03:52","ISU000012","tbl0004","CLOSED","1","","IATR190001061","","","","","IAT0307191017","NHO2018000007"),
("IATT190001101","","1","18000","0","1800","0","19800","20000","03/07/2019","17:33","2019-07-03","20:02:07","ISU000012","tbl0008","CLOSED","1","","IATR190001074","","","","","IAT0307191017","NHO2018000007"),
("IATT190001102","","2","26000","0","2600","0","28600","100000","03/07/2019","18:21","2019-07-03","19:02:25","ISU000012","tbl0012","CLOSED","1","","IATR190001067","","","","","IAT0307191017","NHO2018000007"),
("IATT190001103","","2","47000","0","4700","0","51700","105000","03/07/2019","18:24","2019-07-03","19:00:20","ISU000012","tbl0009","CLOSED","1","","IATR190001066","","","","","IAT0307191017","NHO2018000007"),
("IATT190001104","","3","65000","0","6500","0","71500","71500","03/07/2019","18:24","2019-07-03","19:10:08","ISU000012","tbl0016","CLOSED","1","","IATR190001068","","","","","IAT0307191017","NHO2018000007"),
("IATT190001105","","1","50000","0","5000","0","55000","55000","03/07/2019","18:25","2019-07-03","18:57:18","ISU000012","tbl0021","CLOSED","1","","IATR190001065","","","","","IAT0307191017","NHO2018000007"),
("IATT190001106","","2","5000","0","500","0","5500","10000","03/07/2019","18:30","2019-07-03","19:10:30","ISU000012","tbl0017","CLOSED","1","","IATR190001069","","","","","IAT0307191017","NHO2018000007"),
("IATT190001107","","1","47000","0","4700","0","51700","51700","03/07/2019","18:40","2019-07-03","19:23:32","ISU000012","tbl0005","CLOSED","1","","IATR190001070","","","","","IAT0307191017","NHO2018000007"),
("IATT190001108","","2","128000","0","12800","0","140800","140800","03/07/2019","18:52","2019-07-03","19:45:50","ISU000012","tbl0010","CLOSED","1","","IATR190001072","","","","","IAT0307191017","NHO2018000007"),
("IATT190001109","","3","70000","0","7000","0","77000","77000","03/07/2019","19:01","2019-07-03","20:00:31","ISU000012","tbl0013","CLOSED","1","","IATR190001073","","","","","IAT0307191017","NHO2018000007"),
("IATT190001110","","4","132000","0","13200","0","145200","175000","03/07/2019","19:34","2019-07-03","20:21:58","ISU000012","tbl0011","CLOSED","1","","IATR190001075","","","","","IAT0307191017","NHO2018000007"),
("IATT190001111","","2","102000","0","10200","0","112200","112200","03/07/2019","19:58","2019-07-03","21:22:52","ISU000012","tbl0012","CLOSED","1","","IATR190001078","","","","","IAT0307191017","NHO2018000007"),
("IATT190001112","","6","282000","0","28200","0","310200","350000","03/07/2019","20:25","2019-07-03","21:06:38","ISU000012","tbl0013","CLOSED","1","","IATR190001076","","","","","IAT0307191017","NHO2018000007"),
("IATT190001113","","3","90000","0","9000","0","99000","99000","03/07/2019","20:36","2019-07-03","21:27:29","ISU000012","tbl0010","CLOSED","1","","IATR190001079","","","","","IAT0307191017","NHO2018000007"),
("IATT190001114","","3","118000","0","11800","0","129800","131000","03/07/2019","20:37","2019-07-03","21:28:50","ISU000012","tbl0011","CLOSED","1","","IATR190001080","","","","","IAT0307191017","NHO2018000007"),
("IATT190001115","","3","117000","0","11700","0","128700","128700","03/07/2019","20:38","2019-07-03","21:15:17","ISU000012","tbl0021","CLOSED","1","","IATR190001077","","","","","IAT0307191017","NHO2018000007");



INSERT INTO item_void VALUES("IATT190001079","IAT0307191017","NHO2018000007","193092","193092","1","5000","Before Send","Komplen Customer"),
("IATT190001104","IAT0307191017","NHO2018000007","193051","193051","1","20000","Before Send","Komplen Customer");



INSERT INTO pos_promotion_h VALUES("IATT190001081","NPRM18000004","DISC ITEM","1","13500","HAPPY HOUR 25%","IAT0307191017","PAID","NHO2018000007"),
("IATT190001085","NPRM18000004","DISC ITEM","1","9250","HAPPY HOUR 25%","IAT0307191017","PAID","NHO2018000007");



INSERT INTO pos_promotion_d VALUES("IATT190001081","NPRM18000004","DISC ITEM","1","1","193029","1","6750","IAT0307191017","PAID","NHO2018000007"),
("IATT190001081","NPRM18000004","DISC ITEM","1","1","193029","2","6750","IAT0307191017","PAID","NHO2018000007"),
("IATT190001085","NPRM18000004","DISC ITEM","1","1","193034","1","9250","IAT0307191017","PAID","NHO2018000007");



INSERT INTO pos_paymenttemp VALUES("IATT190001078","CASH","CASH","28600","29000","ISU000012","2019-07-03","","1","","CLOSED","IAT0307191017","NHO2018000007"),
("IATT190001080","CASH","CASH","55000","105000","ISU000012","2019-07-03","","1","","CLOSED","IAT0307191017","NHO2018000007"),
("IATT190001079","CASH","CASH","55000","100000","ISU000012","2019-07-03","","1","","CLOSED","IAT0307191017","NHO2018000007"),
("IATT190001081","CASH","CASH","62150","100150","ISU000012","2019-07-03","","1","","CLOSED","IAT0307191017","NHO2018000007"),
("IATT190001082","CARD","DEBIT BCA","108900","108900","ISU000012","2019-07-03","","1","","CLOSED","IAT0307191017","NHO2018000007"),
("IATT190001083","CARD","MASTER","259600","259600","ISU000012","2019-07-03","","1","","CLOSED","IAT0307191017","NHO2018000007"),
("IATT190001084","CASH","CASH","60500","62000","ISU000012","2019-07-03","","1","","CLOSED","IAT0307191017","NHO2018000007"),
("IATT190001085","CASH","CASH","129525","150000","ISU000012","2019-07-03","","1","","CLOSED","IAT0307191017","NHO2018000007"),
("IATT190001086","CASH","CASH","27500","50000","ISU000012","2019-07-03","","1","","CLOSED","IAT0307191017","NHO2018000007"),
("IATT190001087","CASH","CASH","140800","142000","ISU000012","2019-07-03","","1","","CLOSED","IAT0307191017","NHO2018000007"),
("IATT190001089","CASH","CASH","8800","20000","ISU000012","2019-07-03","","1","","CLOSED","IAT0307191017","NHO2018000007"),
("IATT190001090","CASH","CASH","51700","52000","ISU000012","2019-07-03","","1","","CLOSED","IAT0307191017","NHO2018000007"),
("IATT190001088","CARD","DEBIT BCA","112200","112200","ISU000012","2019-07-03","","1","","CLOSED","IAT0307191017","NHO2018000007"),
("IATT190001094","CASH","CASH","130900","150000","ISU000012","2019-07-03","","1","","CLOSED","IAT0307191017","NHO2018000007"),
("IATT190001092","CASH","CASH","103400","150000","ISU000012","2019-07-03","","1","","CLOSED","IAT0307191017","NHO2018000007"),
("IATT190001095","CASH","CASH","30800","40800","ISU000012","2019-07-03","","1","","CLOSED","IAT0307191017","NHO2018000007"),
("IATT190001091","CASH","CASH","27500","50000","ISU000012","2019-07-03","","1","","CLOSED","IAT0307191017","NHO2018000007"),
("IATT190001096","CARD","MASTER","127600","127600","ISU000012","2019-07-03","","1","","CLOSED","IAT0307191017","NHO2018000007"),
("IATT190001100","CASH","CASH","49500","50000","ISU000012","2019-07-03","","1","","CLOSED","IAT0307191017","NHO2018000007"),
("IATT190001097","CASH","CASH","53900","100000","ISU000012","2019-07-03","","1","","CLOSED","IAT0307191017","NHO2018000007"),
("IATT190001098","CASH","CASH","80300","100000","ISU000012","2019-07-03","","1","","CLOSED","IAT0307191017","NHO2018000007"),
("IATT190001099","CASH","CASH","77000","100000","ISU000012","2019-07-03","","1","","CLOSED","IAT0307191017","NHO2018000007"),
("IATT190001105","CASH","CASH","55000","55000","ISU000012","2019-07-03","","1","","CLOSED","IAT0307191017","NHO2018000007"),
("IATT190001103","CASH","CASH","51700","105000","ISU000012","2019-07-03","","1","","CLOSED","IAT0307191017","NHO2018000007"),
("IATT190001102","CASH","CASH","28600","100000","ISU000012","2019-07-03","","1","","CLOSED","IAT0307191017","NHO2018000007"),
("IATT190001104","CARD","DEBIT BCA","71500","71500","ISU000012","2019-07-03","","1","","CLOSED","IAT0307191017","NHO2018000007"),
("IATT190001106","CASH","CASH","5500","10000","ISU000012","2019-07-03","","1","","CLOSED","IAT0307191017","NHO2018000007"),
("IATT190001107","CARD","DEBIT BCA","51700","51700","ISU000012","2019-07-03","","1","","CLOSED","IAT0307191017","NHO2018000007"),
("IATT190001093","CASH","CASH","58300","60000","ISU000012","2019-07-03","","1","","CLOSED","IAT0307191017","NHO2018000007"),
("IATT190001108","CARD","VISA","115800","115800","ISU000012","2019-07-03","","1","","CLOSED","IAT0307191017","NHO2018000007"),
("IATT190001108","VOUCHER","ISOIDE VOUCHER 25K","25000","25000","ISU000012","2019-07-03","","1","","CLOSED","IAT0307191017","NHO2018000007"),
("IATT190001109","CARD","DEBIT BCA","77000","77000","ISU000012","2019-07-03","","1","","CLOSED","IAT0307191017","NHO2018000007"),
("IATT190001101","CASH","CASH","19800","20000","ISU000012","2019-07-03","","1","","CLOSED","IAT0307191017","NHO2018000007"),
("IATT190001110","VOUCHER","ISOIDE VOUCHER 25K","25000","25000","ISU000012","2019-07-03","","1","","CLOSED","IAT0307191017","NHO2018000007"),
("IATT190001110","CASH","CASH","120200","150000","ISU000012","2019-07-03","","1","","CLOSED","IAT0307191017","NHO2018000007"),
("IATT190001112","VOUCHER","ISOIDE VOUCHER 25K","25000","25000","ISU000012","2019-07-03","","1","","CLOSED","IAT0307191017","NHO2018000007"),
("IATT190001112","VOUCHER","ISOIDE VOUCHER 25K","25000","25000","ISU000012","2019-07-03","","1","","CLOSED","IAT0307191017","NHO2018000007"),
("IATT190001112","CASH","CASH","260200","300000","ISU000012","2019-07-03","","1","","CLOSED","IAT0307191017","NHO2018000007"),
("IATT190001115","VOUCHER","ISOIDE VOUCHER 25K","25000","25000","ISU000012","2019-07-03","","1","","CLOSED","IAT0307191017","NHO2018000007"),
("IATT190001115","CARD","VISA","103700","103700","ISU000012","2019-07-03","","1","","CLOSED","IAT0307191017","NHO2018000007"),
("IATT190001111","VOUCHER","ISOIDE VOUCHER 25K","25000","25000","ISU000012","2019-07-03","","1","","CLOSED","IAT0307191017","NHO2018000007"),
("IATT190001111","CARD","VISA","87200","87200","ISU000012","2019-07-03","","1","","CLOSED","IAT0307191017","NHO2018000007"),
("IATT190001113","CARD","VISA","99000","99000","ISU000012","2019-07-03","","1","","CLOSED","IAT0307191017","NHO2018000007"),
("IATT190001114","VOUCHER","ISOIDE VOUCHER 25K","25000","25000","ISU000012","2019-07-03","","1","","CLOSED","IAT0307191017","NHO2018000007"),
("IATT190001114","CASH","CASH","104800","106000","ISU000012","2019-07-03","","1","","CLOSED","IAT0307191017","NHO2018000007");



