INSERT INTO pos_itemtemp VALUES("IATT190004241","193029","191001","192004","27000","1","27000","13500","13500","1","1","1","IAT0912191126","NHO2018000007","PAID","","193029"),
("IATT190004241","193015","191001","192002","33000","1","33000","16500","16500","1","1","1","IAT0912191126","NHO2018000007","PAID","pedes sedeng","PEDAS"),
("IATT190004241","193070","191001","192012","13000","1","13000","6500","6500","1","1","1","IAT0912191126","NHO2018000007","PAID","","193070"),
("IATT190004241","193047","191002","192010","10000","1","10000","0","10000","1","1","1","IAT0912191126","NHO2018000007","PAID","","193047"),
("IATT190004241","193055","191002","192010","17000","1","17000","0","17000","1","1","1","IAT0912191126","NHO2018000007","PAID","","193055"),
("IATT190004242","193009","191001","192001","40000","1","40000","20000","20000","1","1","1","IAT0912191126","NHO2018000007","PAID","","193009"),
("IATT190004242","193009","191001","192001","40000","1","40000","20000","20000","2","1","1","IAT0912191126","NHO2018000007","PAID","","193009"),
("IATT190004242","193082","191001","192001","30000","1","30000","15000","15000","1","1","1","IAT0912191126","NHO2018000007","PAID","","193082"),
("IATT190004242","193084","191001","192001","30000","1","30000","15000","15000","1","1","1","IAT0912191126","NHO2018000007","PAID","","PEDAS"),
("IATT190004242","193012","191001","192001","40000","1","40000","20000","20000","1","1","1","IAT0912191126","NHO2018000007","PAID","","193012"),
("IATT190004242","193046","191002","192010","10000","1","10000","0","10000","1","1","1","IAT0912191126","NHO2018000007","PAID","","193046"),
("IATT190004243","193078","191001","192001","30000","1","30000","0","30000","1","1","1","IAT0912191126","NHO2018000007","PAID","","PEDAS"),
("IATT190004243","193011","191001","192001","40000","1","40000","0","40000","1","1","1","IAT0912191126","NHO2018000007","PAID","","PEDAS"),
("IATT190004243","193012","191001","192001","40000","1","40000","0","40000","1","1","1","IAT0912191126","NHO2018000007","PAID","pedas","193012"),
("IATT190004243","193052","191002","192010","20000","1","20000","0","20000","1","1","1","IAT0912191126","NHO2018000007","PAID","","193052"),
("IATT190004243","193046","191002","192010","10000","1","10000","0","10000","1","1","1","IAT0912191126","NHO2018000007","PAID","","193046"),
("IATT190004243","193047","191002","192010","10000","1","10000","0","10000","1","1","1","IAT0912191126","NHO2018000007","PAID","","193047"),
("IATT190004244","193096","191001","192008","50000","1","50000","0","50000","1","1","1","IAT0912191126","NHO2018000007","PAID","","193096"),
("IATT190004244","193096","191001","192008","50000","1","50000","0","50000","2","1","1","IAT0912191126","NHO2018000007","PAID","","193096"),
("IATT190004244","193054","191002","192010","20000","1","20000","0","20000","1","1","1","IAT0912191126","NHO2018000007","PAID","","193054"),
("IATT190004244","193054","191002","192010","20000","1","20000","0","20000","2","1","1","IAT0912191126","NHO2018000007","PAID","","193054"),
("IATT190004242","193047","191002","192010","10000","1","10000","0","10000","1","1","2","IAT0912191126","NHO2018000007","PAID","","193047"),
("IATT190004245","193036","191001","192006","36000","1","36000","0","36000","1","1","1","IAT0912191126","NHO2018000007","PAID","","ORIGINAL"),
("IATT190004245","193054","191002","192010","20000","1","20000","0","20000","1","1","1","IAT0912191126","NHO2018000007","PAID","","193054"),
("IATT190004246","193038","191001","192006","36000","1","36000","18000","18000","1","1","1","IAT0912191126","NHO2018000007","PAID","","ORIGINAL"),
("IATT190004246","193036","191001","192006","36000","1","36000","18000","18000","1","1","1","IAT0912191126","NHO2018000007","PAID","","ORIGINAL"),
("IATT190004246","193033","191001","192005","42000","1","42000","21000","21000","1","1","1","IAT0912191126","NHO2018000007","PAID","","193033"),
("IATT190004246","193032","191001","192004","30000","1","30000","15000","15000","1","1","1","IAT0912191126","NHO2018000007","PAID","","193032"),
("IATT190004246","193046","191002","192010","10000","1","10000","0","10000","1","1","1","IAT0912191126","NHO2018000007","PAID","","193046"),
("IATT190004246","193054","191002","192010","20000","1","20000","0","20000","1","1","1","IAT0912191126","NHO2018000007","PAID","","193054"),
("IATT190004246","193052","191002","192010","20000","1","20000","0","20000","1","1","1","IAT0912191126","NHO2018000007","PAID","","193052"),
("IATT190004246","193052","191002","192010","20000","1","20000","0","20000","2","1","1","IAT0912191126","NHO2018000007","PAID","","193052"),
("IATT190004247","193005","191001","192001","37000","1","37000","0","37000","1","1","1","IAT0912191126","NHO2018000007","PAID","","193005"),
("IATT190004247","193084","191001","192001","30000","1","30000","0","30000","1","1","1","IAT0912191126","NHO2018000007","PAID","lvl3","PEDAS"),
("IATT190004247","193054","191002","192010","20000","1","20000","0","20000","1","1","1","IAT0912191126","NHO2018000007","PAID","","193054"),
("IATT190004247","193056","191002","192010","17000","1","17000","0","17000","1","1","1","IAT0912191126","NHO2018000007","PAID","","193056"),
("IATT190004248","193011","191001","192001","40000","1","40000","0","40000","1","1","1","IAT0912191126","NHO2018000007","PAID","","PEDAS"),
("IATT190004248","193113","191001","192003","55000","1","55000","0","55000","1","1","1","IAT0912191126","NHO2018000007","PAID","","193113"),
("IATT190004248","193055","191002","192010","17000","1","17000","0","17000","1","1","1","IAT0912191126","NHO2018000007","PAID","","193055"),
("IATT190004248","193054","191002","192010","20000","1","20000","0","20000","1","1","2","IAT0912191126","NHO2018000007","PAID","","193054"),
("IATT190004248","193048","191002","192010","8000","1","8000","0","8000","1","1","3","IAT0912191126","NHO2018000007","PAID","","193048");



INSERT INTO pos_salestemp VALUES("IATT190004241","","1","100000","36500","6350","0","69850","120000","09/12/2019","12:03","2019-12-09","12:34:27","ISU000004","tbl0012","CLOSED","1","","IATR190004118","","","","","IAT0912191126","NHO2018000007"),
("IATT190004242","NHM2019003171 Aiusagatsu","4","200000","90000","11000","0","121000","121000","09/12/2019","12:25","2019-12-09","13:25:07","ISU000004","tbl0023","CLOSED","1","","IATR190004121","","","","","IAT0912191126","NHO2018000007"),
("IATT190004243","","3","150000","0","15000","0","165000","200000","09/12/2019","12:32","2019-12-09","13:17:02","ISU000004","tbl0010","CLOSED","1","","IATR190004120","","","","","IAT0912191126","NHO2018000007"),
("IATT190004244","","2","140000","0","14000","0","154000","160000","09/12/2019","12:39","2019-12-09","13:08:23","ISU000004","tbl0012","CLOSED","1","","IATR190004119","","","","","IAT0912191126","NHO2018000007"),
("IATT190004245","","1","56000","0","5600","0","61600","100000","09/12/2019","14:04","2019-12-09","14:37:51","ISU000006","tbl0012","CLOSED","1","","IATR190004122","","","","","IAT0912191126","NHO2018000007"),
("IATT190004246","","2","214000","72000","14200","0","156200","200000","09/12/2019","16:39","2019-12-09","17:13:00","ISU000006","tbl0011","CLOSED","1","","IATR190004123","","","","","IAT0912191126","NHO2018000007"),
("IATT190004247","","2","104000","0","10400","0","114400","114400","09/12/2019","18:31","2019-12-09","19:25:13","ISU000006","tbl0011","CLOSED","1","","IATR190004124","","","","","IAT0912191126","NHO2018000007"),
("IATT190004248","","2","140000","0","14000","0","154000","200000","09/12/2019","19:31","2019-12-09","19:58:21","ISU000006","tbl0012","CLOSED","1","","IATR190004125","","","","","IAT0912191126","NHO2018000007");



INSERT INTO item_void VALUES("IATT190004248","IAT0912191126","NHO2018000007","193053","193053","1","20000","Before Send","Komplen Customer");



INSERT INTO pos_promotion_h VALUES("IATT190004241","NPRM18000021","DISC ITEM","1","36500","MENANG BANYAK","IAT0912191126","PAID","NHO2018000007"),
("IATT190004242","NPRM18000021","DISC ITEM","1","90000","MENANG BANYAK","IAT0912191126","PAID","NHO2018000007"),
("IATT190004246","NPRM18000021","DISC ITEM","1","72000","MENANG BANYAK","IAT0912191126","PAID","NHO2018000007");



INSERT INTO pos_promotion_d VALUES("IATT190004241","NPRM18000021","DISC ITEM","1","1","193029","1","13500","IAT0912191126","PAID","NHO2018000007"),
("IATT190004241","NPRM18000021","DISC ITEM","1","1","193015","1","16500","IAT0912191126","PAID","NHO2018000007"),
("IATT190004241","NPRM18000021","DISC ITEM","1","1","193070","1","6500","IAT0912191126","PAID","NHO2018000007"),
("IATT190004242","NPRM18000021","DISC ITEM","1","1","193009","1","20000","IAT0912191126","PAID","NHO2018000007"),
("IATT190004242","NPRM18000021","DISC ITEM","1","1","193009","2","20000","IAT0912191126","PAID","NHO2018000007"),
("IATT190004242","NPRM18000021","DISC ITEM","1","1","193082","1","15000","IAT0912191126","PAID","NHO2018000007"),
("IATT190004242","NPRM18000021","DISC ITEM","1","1","193084","1","15000","IAT0912191126","PAID","NHO2018000007"),
("IATT190004242","NPRM18000021","DISC ITEM","1","1","193012","1","20000","IAT0912191126","PAID","NHO2018000007"),
("IATT190004246","NPRM18000021","DISC ITEM","1","1","193038","1","18000","IAT0912191126","PAID","NHO2018000007"),
("IATT190004246","NPRM18000021","DISC ITEM","1","1","193036","1","18000","IAT0912191126","PAID","NHO2018000007"),
("IATT190004246","NPRM18000021","DISC ITEM","1","1","193033","1","21000","IAT0912191126","PAID","NHO2018000007"),
("IATT190004246","NPRM18000021","DISC ITEM","1","1","193032","1","15000","IAT0912191126","PAID","NHO2018000007");



INSERT INTO pos_paymenttemp VALUES("IATT190004241","CASH","CASH","69850","120000","ISU000004","2019-12-09","","1","","CLOSED","IAT0912191126","NHO2018000007"),
("IATT190004244","CASH","CASH","154000","160000","ISU000004","2019-12-09","","1","","CLOSED","IAT0912191126","NHO2018000007"),
("IATT190004243","CASH","CASH","165000","200000","ISU000004","2019-12-09","","1","","CLOSED","IAT0912191126","NHO2018000007"),
("IATT190004242","CARD","VISA","121000","121000","ISU000004","2019-12-09","","1","","CLOSED","IAT0912191126","NHO2018000007"),
("IATT190004245","CASH","CASH","61600","100000","ISU000006","2019-12-09","","1","","CLOSED","IAT0912191126","NHO2018000007"),
("IATT190004246","CASH","CASH","156200","200000","ISU000006","2019-12-09","","1","","CLOSED","IAT0912191126","NHO2018000007"),
("IATT190004247","CASH","OVO","114400","114400","ISU000006","2019-12-09","","1","","CLOSED","IAT0912191126","NHO2018000007"),
("IATT190004248","CASH","CASH","154000","200000","ISU000006","2019-12-09","","1","","CLOSED","IAT0912191126","NHO2018000007");



