INSERT INTO pos_itemtemp VALUES("IATT200004702","193022","191001","192003","30000","1","30000","0","30000","1","1","1","IAT0701201012","NHO2018000007","PAID","","193022"),
("IATT200004702","193046","191002","192010","10000","1","10000","0","10000","1","1","1","IAT0701201012","NHO2018000007","PAID","","193046"),
("IATT200004703","193056","191002","192010","17000","1","17000","0","17000","1","1","1","IAT0701201012","NHO2018000007","PAID","","193056"),
("IATT200004703","193050","191002","192010","20000","1","20000","0","20000","1","1","1","IAT0701201012","NHO2018000007","PAID","","193050"),
("IATT200004703","193113","191001","192003","55000","1","55000","0","55000","1","1","1","IAT0701201012","NHO2018000007","PAID","","193113"),
("IATT200004703","193080","191001","192002","33000","1","33000","0","33000","1","1","1","IAT0701201012","NHO2018000007","PAID","","PEDAS"),
("IATT200004704","193033","191001","192005","42000","1","42000","8400","33600","1","1","1","IAT0701201012","NHO2018000007","PAID","","193033"),
("IATT200004704","193046","191002","192010","10000","1","10000","0","10000","1","1","1","IAT0701201012","NHO2018000007","PAID","","193046"),
("IATT200004704","193118","191001","192012","20000","1","20000","4000","16000","1","1","1","IAT0701201012","NHO2018000007","PAID","","193118"),
("IATT200004705","193111","191001","192008","25000","1","25000","0","25000","1","1","1","IAT0701201012","NHO2018000007","PAID","","193111"),
("IATT200004705","193011","191001","192001","40000","1","40000","0","40000","1","1","1","IAT0701201012","NHO2018000007","PAID","pedes sedeng","PEDAS"),
("IATT200004705","193028","191001","192003","43000","1","43000","0","43000","1","1","1","IAT0701201012","NHO2018000007","PAID","","193028"),
("IATT200004705","193046","191002","192010","10000","1","10000","0","10000","1","1","1","IAT0701201012","NHO2018000007","PAID","","193046"),
("IATT200004706","193007","191001","192001","37000","1","37000","0","37000","1","1","1","IAT0701201012","NHO2018000007","PAID","","PEDAS"),
("IATT200004706","193007","191001","192001","37000","1","37000","0","37000","2","1","1","IAT0701201012","NHO2018000007","PAID","","PEDAS"),
("IATT200004706","193047","191002","192010","10000","1","10000","0","10000","1","1","1","IAT0701201012","NHO2018000007","PAID","","193047"),
("IATT200004705","193047","191002","192010","10000","1","10000","0","10000","1","1","2","IAT0701201012","NHO2018000007","PAID","","193047"),
("IATT200004705","193046","191002","192010","10000","1","10000","0","10000","2","1","3","IAT0701201012","NHO2018000007","PAID","","193046");



INSERT INTO pos_salestemp VALUES("IATT200004702","","1","40000","0","4000","0","44000","50000","07/01/2020","14:32","2020-01-07","14:57:39","ISU000004","tbl0012","CLOSED","1","","IATR200004573","","","","","IAT0701201012","NHO2018000007"),
("IATT200004703","","2","125000","0","12500","0","137500","137500","07/01/2020","17:23","2020-01-07","18:01:30","ISU000004","tbl0011","CLOSED","1","","IATR200004574","","","","","IAT0701201012","NHO2018000007"),
("IATT200004704","","1","72000","12400","5960","0","65560","100000","07/01/2020","18:17","2020-01-07","18:44:09","ISU000004","tbl0012","CLOSED","1","","IATR200004575","","","","","IAT0701201012","NHO2018000007"),
("IATT200004705","","1","138000","0","13800","0","151800","152000","07/01/2020","19:22","2020-01-07","19:56:31","ISU000004","tbl0012","CLOSED","1","","IATR200004576","","","","","IAT0701201012","NHO2018000007"),
("IATT200004706","","1","84000","0","8400","0","92400","100000","07/01/2020","19:30","2020-01-07","20:31:34","ISU000004","tbl0010","CLOSED","1","","IATR200004577","","","","","IAT0701201012","NHO2018000007");






INSERT INTO pos_promotion_h VALUES("IATT200004704","NPRM18000024","DISC ITEM","1","12400","KANAN KIRI DISKON 20%","IAT0701201012","PAID","NHO2018000007");



INSERT INTO pos_promotion_d VALUES("IATT200004704","NPRM18000024","DISC ITEM","1","1","193033","1","8400","IAT0701201012","PAID","NHO2018000007"),
("IATT200004704","NPRM18000024","DISC ITEM","1","1","193118","1","4000","IAT0701201012","PAID","NHO2018000007");



INSERT INTO pos_paymenttemp VALUES("IATT200004702","CASH","CASH","44000","50000","ISU000004","2020-01-07","","1","","CLOSED","IAT0701201012","NHO2018000007"),
("IATT200004703","CARD","DEBIT BCA","137500","137500","ISU000004","2020-01-07","","1","","CLOSED","IAT0701201012","NHO2018000007"),
("IATT200004704","CASH","CASH","65560","100000","ISU000004","2020-01-07","","1","","CLOSED","IAT0701201012","NHO2018000007"),
("IATT200004705","CASH","CASH","151800","152000","ISU000004","2020-01-07","","1","","CLOSED","IAT0701201012","NHO2018000007"),
("IATT200004706","CASH","CASH","92400","100000","ISU000004","2020-01-07","","1","","CLOSED","IAT0701201012","NHO2018000007");



