INSERT INTO pos_itemtemp VALUES("IATT190003015","193186","191001","192001","40000","1","40000","20000","20000","1","1","1","IAT0610191031","NHO2018000007","PAID","","193186"),
("IATT190003015","193083","191001","192001","30000","1","30000","15000","15000","1","1","1","IAT0610191031","NHO2018000007","PAID","","193083"),
("IATT190003015","193022","191001","192003","30000","1","30000","0","30000","1","1","1","IAT0610191031","NHO2018000007","PAID","","193022"),
("IATT190003015","193069","191001","192012","13000","1","13000","6500","6500","1","1","1","IAT0610191031","NHO2018000007","PAID","","193069"),
("IATT190003015","193046","191002","192010","10000","1","10000","0","10000","1","1","1","IAT0610191031","NHO2018000007","PAID","","193046"),
("IATT190003015","193046","191002","192010","10000","1","10000","0","10000","2","1","1","IAT0610191031","NHO2018000007","PAID","","193046"),
("IATT190003015","193047","191002","192010","10000","1","10000","0","10000","1","1","1","IAT0610191031","NHO2018000007","PAID","","193047"),
("IATT190003016","193084","191001","192001","30000","1","30000","15000","15000","1","1","1","IAT0610191031","NHO2018000007","PAID","","ORIGINAL"),
("IATT190003016","193021","191001","192002","40000","1","40000","20000","20000","1","1","1","IAT0610191031","NHO2018000007","PAID","","ORIGINAL"),
("IATT190003016","193056","191002","192010","17000","1","17000","0","17000","1","1","1","IAT0610191031","NHO2018000007","PAID","","193056"),
("IATT190003016","193034","191001","192005","37000","1","37000","18500","18500","1","1","2","IAT0610191031","NHO2018000007","PAID","","193034"),
("IATT190003017","193027","191001","192003","43000","1","43000","0","43000","1","1","1","IAT0610191031","NHO2018000007","PAID","","193027"),
("IATT190003017","193046","191002","192010","10000","1","10000","0","10000","1","1","1","IAT0610191031","NHO2018000007","PAID","","193046"),
("IATT190003017","193047","191002","192010","10000","1","10000","0","10000","1","1","1","IAT0610191031","NHO2018000007","PAID","","193047"),
("IATT190003017","193011","191001","192001","40000","1","40000","20000","20000","1","1","1","IAT0610191031","NHO2018000007","PAID","","ORIGINAL"),
("IATT190003018","193010","191001","192001","40000","1","40000","20000","20000","1","1","1","IAT0610191031","NHO2018000007","PAID","","193010"),
("IATT190003018","193054","191002","192010","20000","1","20000","0","20000","1","1","1","IAT0610191031","NHO2018000007","PAID","","193054"),
("IATT190003018","193056","191002","192010","17000","1","17000","0","17000","1","1","1","IAT0610191031","NHO2018000007","PAID","","193056"),
("IATT190003019","193038","191001","192006","36000","1","36000","0","36000","1","1","1","IAT0610191031","NHO2018000007","PAID","","PEDAS"),
("IATT190003019","193039","191001","192006","36000","1","36000","0","36000","1","1","1","IAT0610191031","NHO2018000007","PAID","","ORIGINAL"),
("IATT190003019","193046","191002","192010","10000","1","10000","0","10000","1","1","1","IAT0610191031","NHO2018000007","PAID","","193046"),
("IATT190003019","193047","191002","192010","10000","1","10000","0","10000","1","1","1","IAT0610191031","NHO2018000007","PAID","","193047"),
("IATT190003019","193047","191002","192010","10000","1","10000","0","10000","2","1","1","IAT0610191031","NHO2018000007","PAID","","193047"),
("IATT190003020","193033","191001","192005","42000","1","42000","0","42000","1","1","1","IAT0610191031","NHO2018000007","PAID","","193033"),
("IATT190003020","193009","191001","192001","40000","1","40000","0","40000","1","1","1","IAT0610191031","NHO2018000007","PAID","","193009"),
("IATT190003020","193006","191001","192001","37000","1","37000","0","37000","1","1","1","IAT0610191031","NHO2018000007","PAID","","193006"),
("IATT190003020","193047","191002","192010","10000","1","10000","0","10000","1","1","1","IAT0610191031","NHO2018000007","PAID","","193047"),
("IATT190003020","193047","191002","192010","10000","1","10000","0","10000","2","1","1","IAT0610191031","NHO2018000007","PAID","","193047"),
("IATT190003020","193047","191002","192010","10000","1","10000","0","10000","3","1","1","IAT0610191031","NHO2018000007","PAID","","193047"),
("IATT190003021","193084","191001","192001","30000","1","30000","15000","15000","1","1","1","IAT0610191031","NHO2018000007","PAID","","PEDAS"),
("IATT190003021","193084","191001","192001","30000","1","30000","15000","15000","2","1","1","IAT0610191031","NHO2018000007","PAID","","PEDAS"),
("IATT190003021","193078","191001","192001","30000","1","30000","15000","15000","1","1","1","IAT0610191031","NHO2018000007","PAID","","PEDAS"),
("IATT190003021","193083","191001","192001","30000","1","30000","15000","15000","1","1","1","IAT0610191031","NHO2018000007","PAID","ramen nya pedes sedeng smua","193083"),
("IATT190003021","193069","191001","192012","13000","1","13000","6500","6500","1","1","1","IAT0610191031","NHO2018000007","PAID","","193069"),
("IATT190003021","193047","191002","192010","10000","1","10000","0","10000","1","1","1","IAT0610191031","NHO2018000007","PAID","","193047"),
("IATT190003021","193047","191002","192010","10000","1","10000","0","10000","2","1","1","IAT0610191031","NHO2018000007","PAID","","193047"),
("IATT190003021","193047","191002","192010","10000","1","10000","0","10000","3","1","1","IAT0610191031","NHO2018000007","PAID","","193047"),
("IATT190003021","193047","191002","192010","10000","1","10000","0","10000","4","1","1","IAT0610191031","NHO2018000007","PAID","","193047"),
("IATT190003022","193080","191001","192002","33000","1","33000","0","33000","1","1","1","IAT0610191031","NHO2018000007","PAID","","PEDAS"),
("IATT190003022","193056","191002","192010","17000","1","17000","0","17000","1","1","1","IAT0610191031","NHO2018000007","PAID","","193056"),
("IATT190003022","193069","191001","192012","13000","1","13000","0","13000","1","1","1","IAT0610191031","NHO2018000007","PAID","","193069"),
("IATT190003023","193007","191001","192001","37000","1","37000","18500","18500","1","1","1","IAT0610191031","NHO2018000007","PAID","","PEDAS"),
("IATT190003023","193056","191002","192010","17000","1","17000","0","17000","1","1","1","IAT0610191031","NHO2018000007","PAID","","193056"),
("IATT190003024","193085","191001","192001","30000","1","30000","15000","15000","1","1","1","IAT0610191031","NHO2018000007","PAID","","193085"),
("IATT190003024","193034","191001","192005","37000","1","37000","18500","18500","1","1","1","IAT0610191031","NHO2018000007","PAID","","193034"),
("IATT190003024","193055","191002","192010","17000","1","17000","0","17000","1","1","1","IAT0610191031","NHO2018000007","PAID","","193055"),
("IATT190003024","193056","191002","192010","17000","1","17000","0","17000","1","1","1","IAT0610191031","NHO2018000007","PAID","","193056"),
("IATT190003025","193009","191001","192001","40000","1","40000","20000","20000","1","1","1","IAT0610191031","NHO2018000007","PAID","minta sambel pisah","193009"),
("IATT190003025","193039","191001","192006","36000","1","36000","18000","18000","1","1","1","IAT0610191031","NHO2018000007","PAID","","ORIGINAL"),
("IATT190003025","193054","191002","192010","20000","1","20000","0","20000","1","1","1","IAT0610191031","NHO2018000007","PAID","","193054"),
("IATT190003027","193083","191001","192001","30000","1","30000","15000","15000","1","1","1","IAT0610191031","NHO2018000007","PAID","","193083"),
("IATT190003027","193039","191001","192006","36000","1","36000","18000","18000","1","1","1","IAT0610191031","NHO2018000007","PAID","","ORIGINAL"),
("IATT190003027","193048","191002","192010","8000","1","8000","0","8000","1","1","1","IAT0610191031","NHO2018000007","PAID","","193048"),
("IATT190003028","193005","191001","192001","37000","1","37000","18500","18500","1","1","1","IAT0610191031","NHO2018000007","PAID","","193005"),
("IATT190003028","193055","191002","192010","17000","1","17000","0","17000","1","1","1","IAT0610191031","NHO2018000007","PAID","","193055"),
("IATT190003028","193028","191001","192003","43000","1","43000","0","43000","1","1","1","IAT0610191031","NHO2018000007","PAID","","193028"),
("IATT190003028","193049","191002","192010","10000","1","10000","0","10000","1","1","1","IAT0610191031","NHO2018000007","PAID","","193049"),
("IATT190003028","193052","191002","192010","20000","1","20000","0","20000","1","1","1","IAT0610191031","NHO2018000007","PAID","","193052"),
("IATT190003029","193078","191001","192001","30000","1","30000","15000","15000","1","1","1","IAT0610191031","NHO2018000007","PAID","","PEDAS"),
("IATT190003029","193007","191001","192001","37000","1","37000","18500","18500","1","1","1","IAT0610191031","NHO2018000007","PAID","","PEDAS"),
("IATT190003029","193055","191002","192010","17000","1","17000","0","17000","1","1","1","IAT0610191031","NHO2018000007","PAID","","193055"),
("IATT190003029","193055","191002","192010","17000","1","17000","0","17000","2","1","1","IAT0610191031","NHO2018000007","PAID","","193055"),
("IATT190003030","193007","191001","192001","37000","1","37000","18500","18500","1","1","1","IAT0610191031","NHO2018000007","PAID","","PEDAS"),
("IATT190003030","193048","191002","192010","8000","1","8000","0","8000","1","1","1","IAT0610191031","NHO2018000007","PAID","","193048"),
("IATT190003031","193048","191002","192010","8000","1","8000","0","8000","1","1","1","IAT0610191031","NHO2018000007","PAID","","193048"),
("IATT190003031","193049","191002","192010","10000","1","10000","0","10000","1","1","1","IAT0610191031","NHO2018000007","PAID","","193049"),
("IATT190003031","193049","191002","192010","10000","1","10000","0","10000","2","1","1","IAT0610191031","NHO2018000007","PAID","","193049"),
("IATT190003031","193084","191001","192001","30000","1","30000","15000","15000","1","1","1","IAT0610191031","NHO2018000007","PAID","","PEDAS"),
("IATT190003031","193037","191001","192006","36000","1","36000","18000","18000","1","1","1","IAT0610191031","NHO2018000007","PAID","","ORIGINAL"),
("IATT190003032","193007","191001","192001","37000","1","37000","18500","18500","1","1","1","IAT0610191031","NHO2018000007","PAID","","PEDAS"),
("IATT190003032","193075","191003","192011","0","1","0","0","0","1","1","1","IAT0610191031","NHO2018000007","PAID","","193075"),
("IATT190003032","193050","191002","192010","20000","1","20000","0","20000","1","1","1","IAT0610191031","NHO2018000007","PAID","","193050"),
("IATT190003033","193009","191001","192001","40000","1","40000","20000","20000","1","1","1","IAT0610191031","NHO2018000007","PAID","","193009"),
("IATT190003033","193009","191001","192001","40000","1","40000","20000","20000","2","1","1","IAT0610191031","NHO2018000007","PAID","","193009"),
("IATT190003033","193077","191001","192001","30000","1","30000","15000","15000","1","1","1","IAT0610191031","NHO2018000007","PAID","","193077"),
("IATT190003033","193010","191001","192001","40000","1","40000","20000","20000","1","1","1","IAT0610191031","NHO2018000007","PAID","","193010"),
("IATT190003033","193114","191001","192006","42000","1","42000","21000","21000","1","1","1","IAT0610191031","NHO2018000007","PAID","","193114"),
("IATT190003033","193053","191002","192010","20000","1","20000","0","20000","1","1","1","IAT0610191031","NHO2018000007","PAID","","193053"),
("IATT190003033","193047","191002","192010","10000","1","10000","0","10000","1","1","1","IAT0610191031","NHO2018000007","PAID","","193047"),
("IATT190003033","193047","191002","192010","10000","1","10000","0","10000","2","1","1","IAT0610191031","NHO2018000007","PAID","","193047"),
("IATT190003033","193047","191002","192010","10000","1","10000","0","10000","3","1","1","IAT0610191031","NHO2018000007","PAID","","193047"),
("IATT190003034","193019","191001","192002","40000","1","40000","20000","20000","1","1","1","IAT0610191031","NHO2018000007","PAID","","PEDAS"),
("IATT190003034","193074","191003","192011","0","1","0","0","0","1","1","1","IAT0610191031","NHO2018000007","PAID","","193074"),
("IATT190003034","193055","191002","192010","17000","1","17000","0","17000","1","1","1","IAT0610191031","NHO2018000007","PAID","","193055"),
("IATT190003034","193054","191002","192010","20000","1","20000","0","20000","1","1","1","IAT0610191031","NHO2018000007","PAID","","193054"),
("IATT190003035","193011","191001","192001","40000","1","40000","20000","20000","1","1","1","IAT0610191031","NHO2018000007","PAID","","ORIGINAL"),
("IATT190003035","193005","191001","192001","37000","1","37000","18500","18500","1","1","1","IAT0610191031","NHO2018000007","PAID","","193005"),
("IATT190003035","193055","191002","192010","17000","1","17000","0","17000","1","1","1","IAT0610191031","NHO2018000007","PAID","","193055"),
("IATT190003035","193049","191002","192010","10000","1","10000","0","10000","1","1","1","IAT0610191031","NHO2018000007","PAID","","193049"),
("IATT190003036","193078","191001","192001","30000","1","30000","15000","15000","1","1","1","IAT0610191031","NHO2018000007","PAID","","PEDAS"),
("IATT190003036","193035","191001","192006","32000","1","32000","16000","16000","1","1","1","IAT0610191031","NHO2018000007","PAID","","ORIGINAL"),
("IATT190003036","193052","191002","192010","20000","1","20000","0","20000","1","1","1","IAT0610191031","NHO2018000007","PAID","","193052"),
("IATT190003036","193055","191002","192010","17000","1","17000","0","17000","1","1","1","IAT0610191031","NHO2018000007","PAID","","193055"),
("IATT190003037","193082","191001","192001","30000","1","30000","15000","15000","1","1","1","IAT0610191031","NHO2018000007","PAID","","193082"),
("IATT190003037","193084","191001","192001","30000","1","30000","15000","15000","1","1","1","IAT0610191031","NHO2018000007","PAID","","ORIGINAL"),
("IATT190003037","193056","191002","192010","17000","1","17000","0","17000","1","1","1","IAT0610191031","NHO2018000007","PAID","","193056"),
("IATT190003037","193055","191002","192010","17000","1","17000","0","17000","1","1","1","IAT0610191031","NHO2018000007","PAID","","193055"),
("IATT190003037","193054","191002","192010","20000","1","20000","0","20000","1","1","1","IAT0610191031","NHO2018000007","PAID","","193054"),
("IATT190003037","193023","191001","192003","30000","1","30000","0","30000","1","1","1","IAT0610191031","NHO2018000007","PAID","","193023"),
("IATT190003038","193040","191001","192008","20000","1","20000","0","20000","1","1","1","IAT0610191031","NHO2018000007","PAID","","193040"),
("IATT190003038","193039","191001","192006","36000","1","36000","18000","18000","1","1","1","IAT0610191031","NHO2018000007","PAID","","ORIGINAL"),
("IATT190003038","193050","191002","192010","20000","1","20000","0","20000","1","1","1","IAT0610191031","NHO2018000007","PAID","","193050"),
("IATT190003038","193050","191002","192010","20000","1","20000","0","20000","2","1","1","IAT0610191031","NHO2018000007","PAID","","193050"),
("IATT190003038","193050","191002","192010","20000","1","20000","0","20000","3","1","1","IAT0610191031","NHO2018000007","PAID","","193050"),
("IATT190003038","193028","191001","192003","43000","1","43000","0","43000","1","1","1","IAT0610191031","NHO2018000007","PAID","","193028"),
("IATT190003038","193048","191002","192010","8000","1","8000","0","8000","1","1","1","IAT0610191031","NHO2018000007","PAID","","193048"),
("IATT190003039","193011","191001","192001","40000","1","40000","20000","20000","1","1","1","IAT0610191031","NHO2018000007","PAID"," pedes sedeng !!!!!!!","ORIGINAL"),
("IATT190003039","193084","191001","192001","30000","1","30000","15000","15000","1","1","1","IAT0610191031","NHO2018000007","PAID","","PEDAS"),
("IATT190003039","193046","191002","192010","10000","1","10000","0","10000","1","1","1","IAT0610191031","NHO2018000007","PAID","","193046"),
("IATT190003039","193046","191002","192010","10000","1","10000","0","10000","2","1","1","IAT0610191031","NHO2018000007","PAID","","193046"),
("IATT190003040","193010","191001","192001","40000","1","40000","20000","20000","1","1","1","IAT0610191031","NHO2018000007","PAID","","193010"),
("IATT190003040","193045","191001","192008","27000","1","27000","0","27000","1","1","1","IAT0610191031","NHO2018000007","PAID","","193045"),
("IATT190003040","193030","191001","192004","27000","1","27000","13500","13500","1","1","1","IAT0610191031","NHO2018000007","PAID","","193030"),
("IATT190003040","193028","191001","192003","43000","1","43000","0","43000","1","1","1","IAT0610191031","NHO2018000007","PAID","","193028"),
("IATT190003040","193055","191002","192010","17000","1","17000","0","17000","1","1","1","IAT0610191031","NHO2018000007","PAID","","193055"),
("IATT190003040","193054","191002","192010","20000","1","20000","0","20000","1","1","1","IAT0610191031","NHO2018000007","PAID","","193054"),
("IATT190003040","193048","191002","192010","8000","1","8000","0","8000","1","1","1","IAT0610191031","NHO2018000007","PAID","","193048"),
("IATT190003040","193048","191002","192010","8000","1","8000","0","8000","2","1","1","IAT0610191031","NHO2018000007","PAID","","193048"),
("IATT190003041","193011","191001","192001","40000","1","40000","20000","20000","1","1","1","IAT0610191031","NHO2018000007","PAID"," pedesnya sedikit ajah ","ORIGINAL"),
("IATT190003041","193011","191001","192001","40000","1","40000","20000","20000","2","1","1","IAT0610191031","NHO2018000007","PAID","","ORIGINAL"),
("IATT190003041","193054","191002","192010","20000","1","20000","0","20000","1","1","1","IAT0610191031","NHO2018000007","PAID","","193054"),
("IATT190003041","193050","191002","192010","20000","1","20000","0","20000","1","1","1","IAT0610191031","NHO2018000007","PAID","","193050"),
("IATT190003042","193113","191001","192003","55000","1","55000","0","55000","1","1","1","IAT0610191031","NHO2018000007","PAID","","193113"),
("IATT190003043","193085","191001","192001","30000","1","30000","15000","15000","1","1","1","IAT0610191031","NHO2018000007","PAID","","193085"),
("IATT190003043","193085","191001","192001","30000","1","30000","15000","15000","2","1","1","IAT0610191031","NHO2018000007","PAID","","193085"),
("IATT190003043","193085","191001","192001","30000","1","30000","15000","15000","3","1","1","IAT0610191031","NHO2018000007","PAID","","193085"),
("IATT190003043","193035","191001","192006","32000","1","32000","16000","16000","1","1","1","IAT0610191031","NHO2018000007","PAID","SEDENG","PEDAS"),
("IATT190003043","193034","191001","192005","37000","1","37000","18500","18500","1","1","1","IAT0610191031","NHO2018000007","PAID","","193034"),
("IATT190003043","193048","191002","192010","8000","1","8000","0","8000","1","1","1","IAT0610191031","NHO2018000007","PAID","","193048"),
("IATT190003043","193048","191002","192010","8000","1","8000","0","8000","2","1","1","IAT0610191031","NHO2018000007","PAID","","193048"),
("IATT190003043","193048","191002","192010","8000","1","8000","0","8000","3","1","1","IAT0610191031","NHO2018000007","PAID","","193048"),
("IATT190003043","193049","191002","192010","10000","1","10000","0","10000","1","1","1","IAT0610191031","NHO2018000007","PAID","","193049"),
("IATT190003043","193006","191001","192001","37000","1","37000","18500","18500","1","1","1","IAT0610191031","NHO2018000007","PAID","","193006"),
("IATT190003044","193016","191001","192002","37000","1","37000","18500","18500","1","1","1","IAT0610191031","NHO2018000007","PAID","","ORIGINAL"),
("IATT190003044","193114","191001","192006","42000","1","42000","21000","21000","1","1","1","IAT0610191031","NHO2018000007","PAID","","193114"),
("IATT190003044","193070","191001","192012","13000","1","13000","6500","6500","1","1","1","IAT0610191031","NHO2018000007","PAID","","193070"),
("IATT190003044","193054","191002","192010","20000","1","20000","0","20000","1","1","1","IAT0610191031","NHO2018000007","PAID","","193054"),
("IATT190003044","193054","191002","192010","20000","1","20000","0","20000","2","1","1","IAT0610191031","NHO2018000007","PAID","","193054"),
("IATT190003044","193048","191002","192010","8000","1","8000","0","8000","1","1","1","IAT0610191031","NHO2018000007","PAID","","193048"),
("IATT190003045","193017","191001","192002","37000","1","37000","18500","18500","1","1","1","IAT0610191031","NHO2018000007","PAID","","193017"),
("IATT190003045","193005","191001","192001","37000","1","37000","18500","18500","1","1","1","IAT0610191031","NHO2018000007","PAID","","193005"),
("IATT190003045","193079","191001","192001","30000","1","30000","15000","15000","1","1","1","IAT0610191031","NHO2018000007","PAID","","193079"),
("IATT190003045","193118","191001","192012","20000","1","20000","10000","10000","1","1","1","IAT0610191031","NHO2018000007","PAID","","193118"),
("IATT190003045","193076","191001","192001","30000","1","30000","15000","15000","1","1","1","IAT0610191031","NHO2018000007","PAID","","193076"),
("IATT190003046","193024","191001","192003","30000","1","30000","0","30000","1","1","1","IAT0610191031","NHO2018000007","PAID","","193024"),
("IATT190003046","193056","191002","192010","17000","1","17000","0","17000","1","1","1","IAT0610191031","NHO2018000007","PAID","","193056"),
("IATT190003046","193048","191002","192010","8000","1","8000","0","8000","1","1","1","IAT0610191031","NHO2018000007","PAID","","193048"),
("IATT190003046","193048","191002","192010","8000","1","8000","0","8000","2","1","1","IAT0610191031","NHO2018000007","PAID","","193048"),
("IATT190003046","193055","191002","192010","17000","1","17000","0","17000","1","1","1","IAT0610191031","NHO2018000007","PAID","","193055"),
("IATT190003046","193055","191002","192010","17000","1","17000","0","17000","2","1","1","IAT0610191031","NHO2018000007","PAID","","193055"),
("IATT190003047","193084","191001","192001","30000","1","30000","15000","15000","1","1","1","IAT0610191031","NHO2018000007","PAID","","ORIGINAL"),
("IATT190003047","193034","191001","192005","37000","1","37000","18500","18500","1","1","1","IAT0610191031","NHO2018000007","PAID","","193034"),
("IATT190003047","193055","191002","192010","17000","1","17000","0","17000","1","1","1","IAT0610191031","NHO2018000007","PAID","","193055"),
("IATT190003047","193055","191002","192010","17000","1","17000","0","17000","2","1","1","IAT0610191031","NHO2018000007","PAID","","193055"),
("IATT190003048","193055","191002","192010","17000","1","17000","0","17000","1","1","1","IAT0610191031","NHO2018000007","PAID","","193055"),
("IATT190003048","193114","191001","192006","42000","1","42000","21000","21000","1","1","1","IAT0610191031","NHO2018000007","PAID","","193114"),
("IATT190003049","193084","191001","192001","30000","1","30000","15000","15000","1","1","1","IAT0610191031","NHO2018000007","PAID","","ORIGINAL"),
("IATT190003049","193082","191001","192001","30000","1","30000","15000","15000","1","1","1","IAT0610191031","NHO2018000007","PAID","","193082"),
("IATT190003049","193056","191002","192010","17000","1","17000","0","17000","1","1","1","IAT0610191031","NHO2018000007","PAID","","193056"),
("IATT190003049","193048","191002","192010","8000","1","8000","0","8000","1","1","1","IAT0610191031","NHO2018000007","PAID","","193048"),
("IATT190003050","193010","191001","192001","40000","1","40000","20000","20000","1","1","1","IAT0610191031","NHO2018000007","PAID","","193010"),
("IATT190003050","193036","191001","192006","36000","1","36000","18000","18000","1","1","2","IAT0610191031","NHO2018000007","PAID","","ORIGINAL"),
("IATT190003051","193056","191002","192010","17000","1","17000","0","17000","1","1","1","IAT0610191031","NHO2018000007","PAID","","193056"),
("IATT190003051","193056","191002","192010","17000","1","17000","0","17000","2","1","1","IAT0610191031","NHO2018000007","PAID","","193056"),
("IATT190003051","193055","191002","192010","17000","1","17000","0","17000","1","1","1","IAT0610191031","NHO2018000007","PAID","","193055"),
("IATT190003051","193010","191001","192001","40000","1","40000","0","40000","1","1","1","IAT0610191031","NHO2018000007","PAID","","193010"),
("IATT190003051","193082","191001","192001","30000","1","30000","0","30000","1","1","1","IAT0610191031","NHO2018000007","PAID"," KASIH PEDES SEDENG","193082"),
("IATT190003051","193011","191001","192001","40000","1","40000","0","40000","1","1","1","IAT0610191031","NHO2018000007","PAID","","ORIGINAL");



INSERT INTO pos_salestemp VALUES("IATT190003015","","3","143000","41500","10150","0","111650","120000","06/10/2019","10:31","2019-10-06","11:00:06","ISU000004","tbl0011","CLOSED","1","","IATR190002928","","","","","IAT0610191031","NHO2018000007"),
("IATT190003016","","2","124000","53500","7050","0","77550","100000","06/10/2019","11:59","2019-10-06","12:50:38","ISU000004","tbl0010","CLOSED","1","","IATR190002929","","","","","IAT0610191031","NHO2018000007"),
("IATT190003017","","2","103000","20000","8300","0","91300","100000","06/10/2019","12:53","2019-10-06","13:14:56","ISU000004","tbl0012","CLOSED","1","","IATR190002930","","","","","IAT0610191031","NHO2018000007"),
("IATT190003018","","1","77000","20000","5700","0","62700","100000","06/10/2019","13:04","2019-10-06","13:50:32","ISU000004","tbl0010","CLOSED","1","","IATR190002931","","","","","IAT0610191031","NHO2018000007"),
("IATT190003019","","2","102000","0","10200","0","112200","112200","06/10/2019","13:31","2019-10-06","13:54:54","ISU000004","tbl0012","CLOSED","1","","IATR190002932","","","","","IAT0610191031","NHO2018000007"),
("IATT190003020","","3","149000","0","14900","0","163900","200000","06/10/2019","13:34","2019-10-06","14:21:24","ISU000004","tbl0011","CLOSED","1","","IATR190002936","","","","","IAT0610191031","NHO2018000007"),
("IATT190003021","","2","173000","66500","10650","0","117150","150000","06/10/2019","13:39","2019-10-06","14:20:26","ISU000004","tbl0013","CLOSED","1","","IATR190002935","","","","","IAT0610191031","NHO2018000007"),
("IATT190003022","","1","63000","0","6300","0","69300","69400","06/10/2019","13:43","2019-10-06","14:09:56","ISU000004","tbl0006","CLOSED","1","","IATR190002933","","","","","IAT0610191031","NHO2018000007"),
("IATT190003023","","1","54000","18500","3550","0","39050","40000","06/10/2019","13:46","2019-10-06","14:18:10","ISU000004","tbl0019","CLOSED","1","","IATR190002934","","","","","IAT0610191031","NHO2018000007"),
("IATT190003024","","2","101000","33500","6750","0","74250","100000","06/10/2019","14:01","2019-10-06","14:36:00","ISU000004","tbl0021","CLOSED","1","","IATR190002937","","","","","IAT0610191031","NHO2018000007"),
("IATT190003025","","2","96000","38000","5800","0","63800","63800","06/10/2019","14:05","2019-10-06","20:55:55","ISU000004","tbl0010","CLOSED","1","LWEXOM9","IATR190002960","","","","","IAT0610191031","NHO2018000007"),
("IATT190003026","","0","20000","0","0","0","0","0","06/10/2019","14:06","06/10/2019","19:34:03","ISU000004","tbl0050","CANCELED","1","PERMINTAAN CUSTOMER","","","","","","IAT0610191031","NHO2018000007"),
("IATT190003027","","1","74000","33000","4100","0","45100","45100","06/10/2019","14:10","2019-10-06","14:45:52","ISU000004","tbl0004","CLOSED","1","","IATR190002938","","","","","IAT0610191031","NHO2018000007"),
("IATT190003028","","2","127000","18500","10850","0","119350","119350","06/10/2019","14:10","2019-10-06","14:49:12","ISU000004","tbl0012","CLOSED","1","","IATR190002939","","","","","IAT0610191031","NHO2018000007"),
("IATT190003029","","2","101000","33500","6750","0","74250","100000","06/10/2019","14:13","2019-10-06","14:54:39","ISU000004","tbl0024","CLOSED","1","","IATR190002940","","","","","IAT0610191031","NHO2018000007"),
("IATT190003030","","1","45000","18500","2650","0","29150","29150","06/10/2019","15:12","2019-10-06","16:18:47","ISU000006","tbl0012","CLOSED","1","","IATR190002942","","","","","IAT0610191031","NHO2018000007"),
("IATT190003031","","2","94000","33000","6100","0","67100","100000","06/10/2019","15:38","2019-10-06","16:04:58","ISU000006","tbl0011","CLOSED","1","","IATR190002941","","","","","IAT0610191031","NHO2018000007"),
("IATT190003032","","1","57000","18500","3850","0","42350","50000","06/10/2019","15:49","2019-10-06","16:21:02","ISU000006","tbl0018","CLOSED","1","","IATR190002943","","","","","IAT0610191031","NHO2018000007"),
("IATT190003033","","6","242000","96000","14600","0","160600","200000","06/10/2019","15:55","2019-10-06","16:33:08","ISU000006","tbl0022","CLOSED","1","","IATR190002945","","","","","IAT0610191031","NHO2018000007"),
("IATT190003034","","2","77000","20000","5700","0","62700","100000","06/10/2019","15:59","2019-10-06","16:26:26","ISU000006","tbl0005","CLOSED","1","","IATR190002944","","","","","IAT0610191031","NHO2018000007"),
("IATT190003035","","2","104000","38500","6550","0","72050","100000","06/10/2019","16:07","2019-10-06","16:47:39","ISU000006","tbl0011","CLOSED","1","","IATR190002946","","","","","IAT0610191031","NHO2018000007"),
("IATT190003036","","2","99000","31000","6800","0","74800","75000","06/10/2019","16:36","2019-10-06","17:18:32","ISU000006","tbl0012","CLOSED","1","","IATR190002947","","","","","IAT0610191031","NHO2018000007"),
("IATT190003037","","3","144000","30000","11400","0","125400","130000","06/10/2019","17:57","2019-10-06","18:47:44","ISU000004","tbl0012","CLOSED","1","","IATR190002948","","","","","IAT0610191031","NHO2018000007"),
("IATT190003038","","2","167000","18000","14900","0","163900","200000","06/10/2019","18:06","2019-10-06","18:51:19","ISU000004","tbl0011","CLOSED","1","","IATR190002949","","","","","IAT0610191031","NHO2018000007"),
("IATT190003039","","2","90000","35000","5500","0","60500","100000","06/10/2019","18:24","2019-10-06","18:59:19","ISU000004","tbl0014","CLOSED","1","","IATR190002950","","","","","IAT0610191031","NHO2018000007"),
("IATT190003040","","2","190000","33500","15650","0","172150","200000","06/10/2019","18:31","2019-10-06","19:12:08","ISU000004","tbl0021","CLOSED","1","","IATR190002952","","","","","IAT0610191031","NHO2018000007"),
("IATT190003041","","2","120000","40000","8000","0","88000","100000","06/10/2019","18:34","2019-10-06","19:02:49","ISU000004","tbl0022","CLOSED","1","","IATR190002951","","","","","IAT0610191031","NHO2018000007"),
("IATT190003042","","0","55000","0","5500","0","60500","60500","06/10/2019","18:39","2019-10-06","20:57:05","ISU000004","tbl0001","CLOSED","1","","IATR190002961","","","","","IAT0610191031","NHO2018000007"),
("IATT190003043","","4","230000","98000","13200","0","145200","145200","06/10/2019","18:44","2019-10-06","19:50:19","ISU000004","tbl0020","CLOSED","1","","IATR190002956","","","","","IAT0610191031","NHO2018000007"),
("IATT190003044","","2","140000","46000","9400","0","103400","105000","06/10/2019","18:56","2019-10-06","19:28:40","ISU000004","tbl0011","CLOSED","1","","IATR190002953","","","","","IAT0610191031","NHO2018000007"),
("IATT190003045","","6","154000","77000","7700","0","84700","100000","06/10/2019","19:09","2019-10-06","19:46:22","ISU000004","tbl0018","CLOSED","1","","IATR190002954","","","","","IAT0610191031","NHO2018000007"),
("IATT190003046","","2","97000","0","9700","0","106700","106700","06/10/2019","19:14","2019-10-06","19:47:54","ISU000004","tbl0049","CLOSED","1","","IATR190002955","","","","","IAT0610191031","NHO2018000007"),
("IATT190003047","","2","101000","33500","6750","0","74250","100000","06/10/2019","19:42","2019-10-06","20:40:23","ISU000004","tbl0012","CLOSED","1","","IATR190002959","","","","","IAT0610191031","NHO2018000007"),
("IATT190003048","","1","59000","21000","3800","0","41800","42000","06/10/2019","19:48","2019-10-06","20:13:06","ISU000004","tbl0011","CLOSED","1","","IATR190002957","","","","","IAT0610191031","NHO2018000007"),
("IATT190003049","","1","85000","30000","5500","0","60500","60500","06/10/2019","19:58","2019-10-06","20:36:51","ISU000004","tbl0021","CLOSED","1","","IATR190002958","","","","","IAT0610191031","NHO2018000007"),
("IATT190003050","","0","76000","38000","3800","0","41800","50000","06/10/2019","20:10","2019-10-06","21:10:19","ISU000004","tbl0018","CLOSED","1","","IATR190002962","","","","","IAT0610191031","NHO2018000007"),
("IATT190003051","","2","161000","0","16100","0","177100","177100","06/10/2019","21:15","2019-10-06","21:32:38","ISU000004","tbl0010","CLOSED","1","","IATR190002963","","","","","IAT0610191031","NHO2018000007");



INSERT INTO item_void VALUES("IATT190003038","IAT0610191031","NHO2018000007","193055","193055","1","17000","Before Send","Komplen Customer"),
("IATT190003038","IAT0610191031","NHO2018000007","193034","193034","1","37000","Before Send","Komplen Customer");



INSERT INTO pos_promotion_h VALUES("IATT190003015","NPRM18000017","DISC ITEM","1","41500","TUNJUKKAN JEMPOLMU","IAT0610191031","PAID","NHO2018000007"),
("IATT190003016","NPRM18000017","DISC ITEM","1","53500","TUNJUKKAN JEMPOLMU","IAT0610191031","PAID","NHO2018000007"),
("IATT190003017","NPRM18000017","DISC ITEM","1","20000","TUNJUKKAN JEMPOLMU","IAT0610191031","PAID","NHO2018000007"),
("IATT190003018","NPRM18000017","DISC ITEM","1","20000","TUNJUKKAN JEMPOLMU","IAT0610191031","PAID","NHO2018000007"),
("IATT190003023","NPRM18000017","DISC ITEM","1","18500","TUNJUKKAN JEMPOLMU","IAT0610191031","PAID","NHO2018000007"),
("IATT190003021","NPRM18000017","DISC ITEM","1","66500","TUNJUKKAN JEMPOLMU","IAT0610191031","PAID","NHO2018000007"),
("IATT190003024","NPRM18000017","DISC ITEM","1","33500","TUNJUKKAN JEMPOLMU","IAT0610191031","PAID","NHO2018000007"),
("IATT190003027","NPRM18000017","DISC ITEM","1","33000","TUNJUKKAN JEMPOLMU","IAT0610191031","PAID","NHO2018000007"),
("IATT190003028","NPRM18000017","DISC ITEM","1","18500","TUNJUKKAN JEMPOLMU","IAT0610191031","PAID","NHO2018000007"),
("IATT190003029","NPRM18000017","DISC ITEM","1","33500","TUNJUKKAN JEMPOLMU","IAT0610191031","PAID","NHO2018000007"),
("IATT190003030","NPRM18000017","DISC ITEM","1","18500","TUNJUKKAN JEMPOLMU","IAT0610191031","PAID","NHO2018000007"),
("IATT190003031","NPRM18000017","DISC ITEM","1","33000","TUNJUKKAN JEMPOLMU","IAT0610191031","PAID","NHO2018000007"),
("IATT190003032","NPRM18000017","DISC ITEM","1","18500","TUNJUKKAN JEMPOLMU","IAT0610191031","PAID","NHO2018000007"),
("IATT190003034","NPRM18000017","DISC ITEM","1","20000","TUNJUKKAN JEMPOLMU","IAT0610191031","PAID","NHO2018000007"),
("IATT190003033","NPRM18000017","DISC ITEM","1","96000","TUNJUKKAN JEMPOLMU","IAT0610191031","PAID","NHO2018000007"),
("IATT190003035","NPRM18000017","DISC ITEM","1","38500","TUNJUKKAN JEMPOLMU","IAT0610191031","PAID","NHO2018000007"),
("IATT190003036","NPRM18000017","DISC ITEM","1","31000","TUNJUKKAN JEMPOLMU","IAT0610191031","PAID","NHO2018000007"),
("IATT190003038","NPRM18000017","DISC ITEM","1","18000","TUNJUKKAN JEMPOLMU","IAT0610191031","PAID","NHO2018000007"),
("IATT190003037","NPRM18000017","DISC ITEM","1","30000","TUNJUKKAN JEMPOLMU","IAT0610191031","PAID","NHO2018000007"),
("IATT190003039","NPRM18000017","DISC ITEM","1","35000","TUNJUKKAN JEMPOLMU","IAT0610191031","PAID","NHO2018000007"),
("IATT190003041","NPRM18000017","DISC ITEM","1","40000","TUNJUKKAN JEMPOLMU","IAT0610191031","PAID","NHO2018000007"),
("IATT190003040","NPRM18000017","DISC ITEM","1","33500","TUNJUKKAN JEMPOLMU","IAT0610191031","PAID","NHO2018000007"),
("IATT190003044","NPRM18000017","DISC ITEM","1","46000","TUNJUKKAN JEMPOLMU","IAT0610191031","PAID","NHO2018000007"),
("IATT190003043","NPRM18000017","DISC ITEM","1","98000","TUNJUKKAN JEMPOLMU","IAT0610191031","PAID","NHO2018000007"),
("IATT190003045","NPRM18000017","DISC ITEM","1","77000","TUNJUKKAN JEMPOLMU","IAT0610191031","PAID","NHO2018000007"),
("IATT190003048","NPRM18000017","DISC ITEM","1","21000","TUNJUKKAN JEMPOLMU","IAT0610191031","PAID","NHO2018000007"),
("IATT190003049","NPRM18000017","DISC ITEM","1","30000","TUNJUKKAN JEMPOLMU","IAT0610191031","PAID","NHO2018000007"),
("IATT190003047","NPRM18000017","DISC ITEM","1","33500","TUNJUKKAN JEMPOLMU","IAT0610191031","PAID","NHO2018000007"),
("IATT190003025","NPRM18000012","DISC ITEM","1","38000","eatigo 50%","IAT0610191031","PAID","NHO2018000007"),
("IATT190003050","NPRM18000017","DISC ITEM","1","38000","TUNJUKKAN JEMPOLMU","IAT0610191031","PAID","NHO2018000007");



INSERT INTO pos_promotion_d VALUES("IATT190003015","NPRM18000017","DISC ITEM","1","1","193186","1","20000","IAT0610191031","PAID","NHO2018000007"),
("IATT190003015","NPRM18000017","DISC ITEM","1","1","193083","1","15000","IAT0610191031","PAID","NHO2018000007"),
("IATT190003015","NPRM18000017","DISC ITEM","1","1","193069","1","6500","IAT0610191031","PAID","NHO2018000007"),
("IATT190003016","NPRM18000017","DISC ITEM","1","1","193084","1","15000","IAT0610191031","PAID","NHO2018000007"),
("IATT190003016","NPRM18000017","DISC ITEM","1","1","193021","1","20000","IAT0610191031","PAID","NHO2018000007"),
("IATT190003016","NPRM18000017","DISC ITEM","1","1","193034","1","18500","IAT0610191031","PAID","NHO2018000007"),
("IATT190003017","NPRM18000017","DISC ITEM","1","1","193011","1","20000","IAT0610191031","PAID","NHO2018000007"),
("IATT190003018","NPRM18000017","DISC ITEM","1","1","193010","1","20000","IAT0610191031","PAID","NHO2018000007"),
("IATT190003023","NPRM18000017","DISC ITEM","1","1","193007","1","18500","IAT0610191031","PAID","NHO2018000007"),
("IATT190003021","NPRM18000017","DISC ITEM","1","1","193084","1","15000","IAT0610191031","PAID","NHO2018000007"),
("IATT190003021","NPRM18000017","DISC ITEM","1","1","193084","2","15000","IAT0610191031","PAID","NHO2018000007"),
("IATT190003021","NPRM18000017","DISC ITEM","1","1","193078","1","15000","IAT0610191031","PAID","NHO2018000007"),
("IATT190003021","NPRM18000017","DISC ITEM","1","1","193083","1","15000","IAT0610191031","PAID","NHO2018000007"),
("IATT190003021","NPRM18000017","DISC ITEM","1","1","193069","1","6500","IAT0610191031","PAID","NHO2018000007"),
("IATT190003024","NPRM18000017","DISC ITEM","1","1","193085","1","15000","IAT0610191031","PAID","NHO2018000007"),
("IATT190003024","NPRM18000017","DISC ITEM","1","1","193034","1","18500","IAT0610191031","PAID","NHO2018000007"),
("IATT190003027","NPRM18000017","DISC ITEM","1","1","193083","1","15000","IAT0610191031","PAID","NHO2018000007"),
("IATT190003027","NPRM18000017","DISC ITEM","1","1","193039","1","18000","IAT0610191031","PAID","NHO2018000007"),
("IATT190003028","NPRM18000017","DISC ITEM","1","1","193005","1","18500","IAT0610191031","PAID","NHO2018000007"),
("IATT190003029","NPRM18000017","DISC ITEM","1","1","193078","1","15000","IAT0610191031","PAID","NHO2018000007"),
("IATT190003029","NPRM18000017","DISC ITEM","1","1","193007","1","18500","IAT0610191031","PAID","NHO2018000007"),
("IATT190003030","NPRM18000017","DISC ITEM","1","1","193007","1","18500","IAT0610191031","PAID","NHO2018000007"),
("IATT190003031","NPRM18000017","DISC ITEM","1","1","193084","1","15000","IAT0610191031","PAID","NHO2018000007"),
("IATT190003031","NPRM18000017","DISC ITEM","1","1","193037","1","18000","IAT0610191031","PAID","NHO2018000007"),
("IATT190003032","NPRM18000017","DISC ITEM","1","1","193007","1","18500","IAT0610191031","PAID","NHO2018000007"),
("IATT190003034","NPRM18000017","DISC ITEM","1","1","193019","1","20000","IAT0610191031","PAID","NHO2018000007"),
("IATT190003033","NPRM18000017","DISC ITEM","1","1","193009","1","20000","IAT0610191031","PAID","NHO2018000007"),
("IATT190003033","NPRM18000017","DISC ITEM","1","1","193009","2","20000","IAT0610191031","PAID","NHO2018000007"),
("IATT190003033","NPRM18000017","DISC ITEM","1","1","193077","1","15000","IAT0610191031","PAID","NHO2018000007"),
("IATT190003033","NPRM18000017","DISC ITEM","1","1","193010","1","20000","IAT0610191031","PAID","NHO2018000007"),
("IATT190003033","NPRM18000017","DISC ITEM","1","1","193114","1","21000","IAT0610191031","PAID","NHO2018000007"),
("IATT190003035","NPRM18000017","DISC ITEM","1","1","193011","1","20000","IAT0610191031","PAID","NHO2018000007"),
("IATT190003035","NPRM18000017","DISC ITEM","1","1","193005","1","18500","IAT0610191031","PAID","NHO2018000007"),
("IATT190003036","NPRM18000017","DISC ITEM","1","1","193078","1","15000","IAT0610191031","PAID","NHO2018000007"),
("IATT190003036","NPRM18000017","DISC ITEM","1","1","193035","1","16000","IAT0610191031","PAID","NHO2018000007"),
("IATT190003038","NPRM18000017","DISC ITEM","1","1","193039","1","18000","IAT0610191031","PAID","NHO2018000007"),
("IATT190003037","NPRM18000017","DISC ITEM","1","1","193082","1","15000","IAT0610191031","PAID","NHO2018000007"),
("IATT190003037","NPRM18000017","DISC ITEM","1","1","193084","1","15000","IAT0610191031","PAID","NHO2018000007"),
("IATT190003039","NPRM18000017","DISC ITEM","1","1","193011","1","20000","IAT0610191031","PAID","NHO2018000007"),
("IATT190003039","NPRM18000017","DISC ITEM","1","1","193084","1","15000","IAT0610191031","PAID","NHO2018000007"),
("IATT190003041","NPRM18000017","DISC ITEM","1","1","193011","1","20000","IAT0610191031","PAID","NHO2018000007"),
("IATT190003041","NPRM18000017","DISC ITEM","1","1","193011","2","20000","IAT0610191031","PAID","NHO2018000007"),
("IATT190003040","NPRM18000017","DISC ITEM","1","1","193010","1","20000","IAT0610191031","PAID","NHO2018000007"),
("IATT190003040","NPRM18000017","DISC ITEM","1","1","193030","1","13500","IAT0610191031","PAID","NHO2018000007"),
("IATT190003044","NPRM18000017","DISC ITEM","1","1","193016","1","18500","IAT0610191031","PAID","NHO2018000007"),
("IATT190003044","NPRM18000017","DISC ITEM","1","1","193114","1","21000","IAT0610191031","PAID","NHO2018000007"),
("IATT190003044","NPRM18000017","DISC ITEM","1","1","193070","1","6500","IAT0610191031","PAID","NHO2018000007"),
("IATT190003043","NPRM18000017","DISC ITEM","1","1","193085","1","15000","IAT0610191031","PAID","NHO2018000007"),
("IATT190003043","NPRM18000017","DISC ITEM","1","1","193085","2","15000","IAT0610191031","PAID","NHO2018000007"),
("IATT190003043","NPRM18000017","DISC ITEM","1","1","193085","3","15000","IAT0610191031","PAID","NHO2018000007"),
("IATT190003043","NPRM18000017","DISC ITEM","1","1","193035","1","16000","IAT0610191031","PAID","NHO2018000007"),
("IATT190003043","NPRM18000017","DISC ITEM","1","1","193034","1","18500","IAT0610191031","PAID","NHO2018000007"),
("IATT190003043","NPRM18000017","DISC ITEM","1","1","193006","1","18500","IAT0610191031","PAID","NHO2018000007"),
("IATT190003045","NPRM18000017","DISC ITEM","1","1","193017","1","18500","IAT0610191031","PAID","NHO2018000007"),
("IATT190003045","NPRM18000017","DISC ITEM","1","1","193005","1","18500","IAT0610191031","PAID","NHO2018000007"),
("IATT190003045","NPRM18000017","DISC ITEM","1","1","193079","1","15000","IAT0610191031","PAID","NHO2018000007"),
("IATT190003045","NPRM18000017","DISC ITEM","1","1","193118","1","10000","IAT0610191031","PAID","NHO2018000007"),
("IATT190003045","NPRM18000017","DISC ITEM","1","1","193076","1","15000","IAT0610191031","PAID","NHO2018000007"),
("IATT190003048","NPRM18000017","DISC ITEM","1","1","193114","1","21000","IAT0610191031","PAID","NHO2018000007"),
("IATT190003049","NPRM18000017","DISC ITEM","1","1","193084","1","15000","IAT0610191031","PAID","NHO2018000007"),
("IATT190003049","NPRM18000017","DISC ITEM","1","1","193082","1","15000","IAT0610191031","PAID","NHO2018000007"),
("IATT190003047","NPRM18000017","DISC ITEM","1","1","193084","1","15000","IAT0610191031","PAID","NHO2018000007"),
("IATT190003047","NPRM18000017","DISC ITEM","1","1","193034","1","18500","IAT0610191031","PAID","NHO2018000007"),
("IATT190003025","NPRM18000012","DISC ITEM","1","1","193009","1","20000","IAT0610191031","PAID","NHO2018000007"),
("IATT190003025","NPRM18000012","DISC ITEM","1","1","193039","1","18000","IAT0610191031","PAID","NHO2018000007"),
("IATT190003050","NPRM18000017","DISC ITEM","1","1","193010","1","20000","IAT0610191031","PAID","NHO2018000007"),
("IATT190003050","NPRM18000017","DISC ITEM","1","1","193036","1","18000","IAT0610191031","PAID","NHO2018000007");



INSERT INTO pos_paymenttemp VALUES("IATT190003015","CASH","CASH","111650","120000","ISU000004","2019-10-06","","1","","CLOSED","IAT0610191031","NHO2018000007"),
("IATT190003016","CASH","CASH","77550","100000","ISU000004","2019-10-06","","1","","CLOSED","IAT0610191031","NHO2018000007"),
("IATT190003017","CASH","CASH","91300","100000","ISU000004","2019-10-06","","1","","CLOSED","IAT0610191031","NHO2018000007"),
("IATT190003018","CASH","CASH","62700","100000","ISU000004","2019-10-06","","1","","CLOSED","IAT0610191031","NHO2018000007"),
("IATT190003019","CASH","OVO","112200","112200","ISU000004","2019-10-06","","1","","CLOSED","IAT0610191031","NHO2018000007"),
("IATT190003022","CASH","CASH","69300","69400","ISU000004","2019-10-06","","1","","CLOSED","IAT0610191031","NHO2018000007"),
("IATT190003023","CASH","CASH","39050","40000","ISU000004","2019-10-06","","1","","CLOSED","IAT0610191031","NHO2018000007"),
("IATT190003021","CASH","CASH","117150","150000","ISU000004","2019-10-06","","1","","CLOSED","IAT0610191031","NHO2018000007"),
("IATT190003020","CASH","CASH","163900","200000","ISU000004","2019-10-06","","1","","CLOSED","IAT0610191031","NHO2018000007"),
("IATT190003024","CASH","CASH","74250","100000","ISU000004","2019-10-06","","1","","CLOSED","IAT0610191031","NHO2018000007"),
("IATT190003027","CARD","VISA","45100","45100","ISU000004","2019-10-06","","1","","CLOSED","IAT0610191031","NHO2018000007"),
("IATT190003028","CARD","DEBIT BCA","119350","119350","ISU000004","2019-10-06","","1","","CLOSED","IAT0610191031","NHO2018000007"),
("IATT190003029","CASH","CASH","74250","100000","ISU000004","2019-10-06","","1","","CLOSED","IAT0610191031","NHO2018000007"),
("IATT190003031","CASH","CASH","67100","100000","ISU000006","2019-10-06","","1","","CLOSED","IAT0610191031","NHO2018000007"),
("IATT190003030","CARD","DEBIT BCA","29150","29150","ISU000006","2019-10-06","","1","","CLOSED","IAT0610191031","NHO2018000007"),
("IATT190003032","CASH","CASH","42350","50000","ISU000006","2019-10-06","","1","","CLOSED","IAT0610191031","NHO2018000007"),
("IATT190003034","CASH","CASH","62700","100000","ISU000006","2019-10-06","","1","","CLOSED","IAT0610191031","NHO2018000007"),
("IATT190003033","CASH","CASH","160600","200000","ISU000006","2019-10-06","","1","","CLOSED","IAT0610191031","NHO2018000007"),
("IATT190003035","CASH","CASH","72050","100000","ISU000006","2019-10-06","","1","","CLOSED","IAT0610191031","NHO2018000007"),
("IATT190003036","CASH","CASH","74800","75000","ISU000006","2019-10-06","","1","","CLOSED","IAT0610191031","NHO2018000007"),
("IATT190003037","CASH","CASH","125400","130000","ISU000004","2019-10-06","","1","","CLOSED","IAT0610191031","NHO2018000007"),
("IATT190003038","CASH","CASH","163900","200000","ISU000004","2019-10-06","","1","","CLOSED","IAT0610191031","NHO2018000007"),
("IATT190003039","CASH","CASH","60500","100000","ISU000004","2019-10-06","","1","","CLOSED","IAT0610191031","NHO2018000007"),
("IATT190003041","CASH","CASH","88000","100000","ISU000004","2019-10-06","","1","","CLOSED","IAT0610191031","NHO2018000007"),
("IATT190003040","CASH","CASH","172150","200000","ISU000004","2019-10-06","","1","","CLOSED","IAT0610191031","NHO2018000007"),
("IATT190003044","CASH","CASH","103400","105000","ISU000004","2019-10-06","","1","","CLOSED","IAT0610191031","NHO2018000007"),
("IATT190003045","CASH","CASH","84700","100000","ISU000004","2019-10-06","","1","","CLOSED","IAT0610191031","NHO2018000007"),
("IATT190003046","CASH","OVO","106700","106700","ISU000004","2019-10-06","","1","","CLOSED","IAT0610191031","NHO2018000007"),
("IATT190003043","CASH","CASH","145200","145200","ISU000004","2019-10-06","","1","","CLOSED","IAT0610191031","NHO2018000007"),
("IATT190003048","CASH","CASH","41800","42000","ISU000004","2019-10-06","","1","","CLOSED","IAT0610191031","NHO2018000007"),
("IATT190003049","CARD","VISA","60500","60500","ISU000004","2019-10-06","","1","","CLOSED","IAT0610191031","NHO2018000007"),
("IATT190003047","CASH","CASH","74250","100000","ISU000004","2019-10-06","","1","","CLOSED","IAT0610191031","NHO2018000007"),
("IATT190003025","CARD","VISA","63800","63800","ISU000004","2019-10-06","","1","","CLOSED","IAT0610191031","NHO2018000007"),
("IATT190003042","CASH","OVO","60500","60500","ISU000004","2019-10-06","","1","","CLOSED","IAT0610191031","NHO2018000007"),
("IATT190003050","CASH","CASH","41800","50000","ISU000004","2019-10-06","","1","","CLOSED","IAT0610191031","NHO2018000007"),
("IATT190003051","CASH","OVO","177100","177100","ISU000004","2019-10-06","","1","","CLOSED","IAT0610191031","NHO2018000007");



