INSERT INTO pos_itemtemp VALUES("IATT190003674","193071","191001","192012","18000","1","18000","7920","10080","1","1","1","IAT0611191019","NHO2018000007","PAID","","193071"),
("IATT190003675","193086","191001","192002","33000","1","33000","0","33000","1","1","1","IAT0611191019","NHO2018000007","PAID","SEDENG","PEDAS"),
("IATT190003675","193056","191002","192010","17000","1","17000","0","17000","1","1","1","IAT0611191019","NHO2018000007","PAID","","193056"),
("IATT190003676","193071","191001","192012","18000","1","18000","8424","9576","1","1","1","IAT0611191019","NHO2018000007","PAID","","193071"),
("IATT190003677","193024","191001","192003","30000","1","30000","0","30000","1","1","1","IAT0611191019","NHO2018000007","PAID","","193024"),
("IATT190003677","193032","191001","192004","30000","1","30000","13200","16800","1","1","1","IAT0611191019","NHO2018000007","PAID","","193032"),
("IATT190003677","193047","191002","192010","10000","1","10000","0","10000","1","1","1","IAT0611191019","NHO2018000007","PAID","","193047"),
("IATT190003677","193049","191002","192010","10000","1","10000","0","10000","1","1","1","IAT0611191019","NHO2018000007","PAID","","193049"),
("IATT190003678","193010","191001","192001","40000","1","40000","0","40000","1","1","1","IAT0611191019","NHO2018000007","PAID","","193010"),
("IATT190003678","193076","191001","192001","30000","1","30000","0","30000","1","1","1","IAT0611191019","NHO2018000007","PAID","","193076"),
("IATT190003678","193054","191002","192010","20000","1","20000","0","20000","1","1","1","IAT0611191019","NHO2018000007","PAID","","193054"),
("IATT190003678","193050","191002","192010","20000","1","20000","0","20000","1","1","1","IAT0611191019","NHO2018000007","PAID","","193050"),
("IATT190003679","193084","191001","192001","30000","1","30000","0","30000","1","1","1","IAT0611191019","NHO2018000007","PAID","","PEDAS"),
("IATT190003679","193054","191002","192010","20000","1","20000","0","20000","1","1","1","IAT0611191019","NHO2018000007","PAID","","193054"),
("IATT190003679","193039","191001","192006","36000","1","36000","0","36000","1","1","2","IAT0611191019","NHO2018000007","PAID","","PEDAS");



INSERT INTO pos_salestemp VALUES("IATT190003674","","1","18000","7920","1008","0","11088","12000","06/11/2019","10:20","2019-11-06","10:21:30","ISU000006","tbl0001","CLOSED","1","","IATR190003571","","","","","IAT0611191019","NHO2018000007"),
("IATT190003675","","1","50000","0","5000","0","55000","55000","06/11/2019","14:18","2019-11-06","14:52:27","ISU000006","tbl0006","CLOSED","1","","IATR190003573","","","","","IAT0611191019","NHO2018000007"),
("IATT190003676","","1","18000","8424","958","0","10534","50000","06/11/2019","14:31","2019-11-06","14:31:33","ISU000006","tbl0001","CLOSED","1","","IATR190003572","","","","","IAT0611191019","NHO2018000007"),
("IATT190003677","","2","80000","13200","6680","0","73480","77000","06/11/2019","15:12","2019-11-06","15:50:31","ISU000006","tbl0010","CLOSED","1","","IATR190003574","","","","","IAT0611191019","NHO2018000007"),
("IATT190003678","","0","110000","0","11000","0","121000","121000","06/11/2019","18:30","2019-11-06","19:25:35","ISU000006","tbl0014","CLOSED","1","","IATR190003575","","","","","IAT0611191019","NHO2018000007"),
("IATT190003679","","2","86000","0","8600","0","94600","100000","06/11/2019","21:02","2019-11-06","21:37:00","ISU000006","tbl0012","CLOSED","1","","IATR190003576","","","","","IAT0611191019","NHO2018000007");



INSERT INTO item_void VALUES("IATT190003679","IAT0611191019","NHO2018000007","193114","193114","1","42000","Before Send","Komplen Customer");



INSERT INTO pos_promotion_h VALUES("IATT190003674","NPRM18000020","DISC ITEM","1","7920","PROMO LAGI VIRAL 30%+20%","IAT0611191019","PAID","NHO2018000007"),
("IATT190003676","NPRM18000020","DISC ITEM","1","7920","PROMO LAGI VIRAL 30%+20%","IAT0611191019","PAID","NHO2018000007"),
("IATT190003676","NPRM18000018","DISC ALL","1","504","CRM DISC 5%","IAT0611191019","PAID","NHO2018000007"),
("IATT190003677","NPRM18000020","DISC ITEM","1","13200","PROMO LAGI VIRAL 30%+20%","IAT0611191019","PAID","NHO2018000007");



INSERT INTO pos_promotion_d VALUES("IATT190003674","NPRM18000020","DISC ITEM","1","1","193071","1","7920","IAT0611191019","PAID","NHO2018000007"),
("IATT190003676","NPRM18000020","DISC ITEM","1","1","193071","1","7920","IAT0611191019","PAID","NHO2018000007"),
("IATT190003676","NPRM18000018","DISC ALL","1","1","193071","1","504","IAT0611191019","PAID","NHO2018000007"),
("IATT190003677","NPRM18000020","DISC ITEM","1","1","193032","1","13200","IAT0611191019","PAID","NHO2018000007");



INSERT INTO pos_paymenttemp VALUES("IATT190003674","CASH","CASH","11088","12000","ISU000006","2019-11-06","","1","","CLOSED","IAT0611191019","NHO2018000007"),
("IATT190003676","CASH","CASH","10534","50000","ISU000006","2019-11-06","","1","","CLOSED","IAT0611191019","NHO2018000007"),
("IATT190003675","CASH","CASH","55000","55000","ISU000006","2019-11-06","","1","","CLOSED","IAT0611191019","NHO2018000007"),
("IATT190003677","CASH","CASH","73480","77000","ISU000006","2019-11-06","","1","","CLOSED","IAT0611191019","NHO2018000007"),
("IATT190003678","CASH","OVO","121000","121000","ISU000006","2019-11-06","","1","","CLOSED","IAT0611191019","NHO2018000007"),
("IATT190003679","CASH","CASH","94600","100000","ISU000006","2019-11-06","","1","","CLOSED","IAT0611191019","NHO2018000007");



