INSERT INTO pos_itemtemp VALUES("IATT190001723","193007","191001","192001","37000","1","37000","9250","27750","1","1","1","IAT0208190900","NHO2018000007","PAID","2 lvl 2\n1 lvl 1","PEDAS"),
("IATT190001723","193007","191001","192001","37000","1","37000","9250","27750","2","1","2","IAT0208190900","NHO2018000007","PAID","","PEDAS"),
("IATT190001723","193007","191001","192001","37000","1","37000","9250","27750","3","1","2","IAT0208190900","NHO2018000007","PAID","","PEDAS"),
("IATT190001724","193056","191002","192010","17000","1","17000","0","17000","1","1","1","IAT0208190900","NHO2018000007","PAID","","193056"),
("IATT190001724","193056","191002","192010","17000","1","17000","0","17000","2","1","1","IAT0208190900","NHO2018000007","PAID","","193056"),
("IATT190001724","193056","191002","192010","17000","1","17000","0","17000","3","1","1","IAT0208190900","NHO2018000007","PAID","","193056"),
("IATT190001724","193084","191001","192001","30000","1","30000","7500","22500","1","1","1","IAT0208190900","NHO2018000007","PAID","","PEDAS"),
("IATT190001724","193024","191001","192003","30000","1","30000","7500","22500","1","1","1","IAT0208190900","NHO2018000007","PAID","","193024"),
("IATT190001724","193011","191001","192001","40000","1","40000","10000","30000","1","1","1","IAT0208190900","NHO2018000007","PAID","","PEDAS"),
("IATT190001724","193082","191001","192001","30000","1","30000","7500","22500","1","1","1","IAT0208190900","NHO2018000007","PAID","","193082"),
("IATT190001724","193082","191001","192001","30000","1","30000","7500","22500","2","1","1","IAT0208190900","NHO2018000007","PAID","","193082"),
("IATT190001724","193082","191001","192001","30000","1","30000","7500","22500","3","1","1","IAT0208190900","NHO2018000007","PAID","","193082"),
("IATT190001724","193082","191001","192001","30000","1","30000","7500","22500","4","1","1","IAT0208190900","NHO2018000007","PAID","","193082"),
("IATT190001724","193052","191002","192010","20000","1","20000","0","20000","1","1","1","IAT0208190900","NHO2018000007","PAID","","193052"),
("IATT190001724","193054","191002","192010","20000","1","20000","0","20000","1","1","1","IAT0208190900","NHO2018000007","PAID","less ice","193054"),
("IATT190001724","193054","191002","192010","20000","1","20000","0","20000","2","1","1","IAT0208190900","NHO2018000007","PAID","","193054"),
("IATT190001724","193053","191002","192010","20000","1","20000","0","20000","1","1","1","IAT0208190900","NHO2018000007","PAID","","193053"),
("IATT190001724","193022","191001","192003","30000","1","30000","7500","22500","1","1","1","IAT0208190900","NHO2018000007","PAID","","193022"),
("IATT190001724","193048","191002","192010","8000","1","8000","0","8000","1","1","1","IAT0208190900","NHO2018000007","PAID","","193048"),
("IATT190001724","193048","191002","192010","8000","1","8000","0","8000","2","1","1","IAT0208190900","NHO2018000007","PAID","","193048"),
("IATT190001725","193007","191001","192001","37000","1","37000","9250","27750","1","1","1","IAT0208190900","NHO2018000007","PAID","lvl 3","PEDAS"),
("IATT190001726","193022","191001","192003","30000","1","30000","0","30000","1","1","1","IAT0208190900","NHO2018000007","PAID","","193022"),
("IATT190001726","193022","191001","192003","30000","1","30000","0","30000","2","1","1","IAT0208190900","NHO2018000007","PAID","","193022"),
("IATT190001726","193055","191002","192010","17000","1","17000","0","17000","1","1","1","IAT0208190900","NHO2018000007","PAID","","193055"),
("IATT190001726","193048","191002","192010","8000","1","8000","0","8000","1","1","1","IAT0208190900","NHO2018000007","PAID","","193048"),
("IATT190001727","193036","191001","192006","36000","1","36000","9000","27000","1","1","1","IAT0208190900","NHO2018000007","PAID","1 pedas\n1 sedang","PEDAS"),
("IATT190001727","193048","191002","192010","8000","1","8000","0","8000","1","1","1","IAT0208190900","NHO2018000007","PAID","","193048"),
("IATT190001728","193082","191001","192001","30000","1","30000","7500","22500","1","1","1","IAT0208190900","NHO2018000007","PAID","","193082"),
("IATT190001728","193070","191001","192012","13000","1","13000","0","13000","1","1","1","IAT0208190900","NHO2018000007","PAID","","193070"),
("IATT190001728","193035","191001","192006","32000","1","32000","8000","24000","1","1","1","IAT0208190900","NHO2018000007","PAID","","PEDAS"),
("IATT190001728","193046","191002","192010","8000","1","8000","0","8000","1","1","1","IAT0208190900","NHO2018000007","PAID","","193046"),
("IATT190001728","193046","191002","192010","8000","1","8000","0","8000","2","1","1","IAT0208190900","NHO2018000007","PAID","","193046"),
("IATT190001729","193084","191001","192001","30000","1","30000","7500","22500","1","1","1","IAT0208190900","NHO2018000007","PAID","","PEDAS"),
("IATT190001729","193083","191001","192001","30000","1","30000","7500","22500","1","1","1","IAT0208190900","NHO2018000007","PAID","","193083"),
("IATT190001729","193047","191002","192010","8000","1","8000","0","8000","1","1","1","IAT0208190900","NHO2018000007","PAID","","193047"),
("IATT190001729","193049","191002","192010","10000","1","10000","0","10000","1","1","1","IAT0208190900","NHO2018000007","PAID","","193049"),
("IATT190001729","193077","191001","192001","30000","1","30000","7500","22500","1","1","2","IAT0208190900","NHO2018000007","PAID","","193077"),
("IATT190001729","193047","191002","192010","8000","1","8000","0","8000","2","1","2","IAT0208190900","NHO2018000007","PAID","","193047"),
("IATT190001730","193007","191001","192001","37000","1","37000","9250","27750","1","1","1","IAT0208190900","NHO2018000007","PAID","lvl 2","PEDAS"),
("IATT190001730","193047","191002","192010","8000","1","8000","0","8000","1","1","1","IAT0208190900","NHO2018000007","PAID","","193047"),
("IATT190001731","193035","191001","192006","32000","1","32000","8000","24000","1","1","1","IAT0208190900","NHO2018000007","PAID","","ORIGINAL"),
("IATT190001731","193056","191002","192010","17000","1","17000","0","17000","1","1","1","IAT0208190900","NHO2018000007","PAID","","193056"),
("IATT190001731","193046","191002","192010","8000","1","8000","0","8000","1","1","1","IAT0208190900","NHO2018000007","PAID","","193046"),
("IATT190001731","193032","191001","192004","30000","1","30000","7500","22500","1","1","2","IAT0208190900","NHO2018000007","PAID","","193032"),
("IATT190001732","193056","191002","192010","17000","1","17000","0","17000","1","1","1","IAT0208190900","NHO2018000007","PAID","","193056"),
("IATT190001732","193085","191001","192001","30000","1","30000","7500","22500","1","1","1","IAT0208190900","NHO2018000007","PAID","lvl 2","193085"),
("IATT190001733","193083","191001","192001","30000","1","30000","7500","22500","1","1","1","IAT0208190900","NHO2018000007","PAID","lvl 1","193083"),
("IATT190001733","193020","191001","192002","40000","1","40000","10000","30000","1","1","1","IAT0208190900","NHO2018000007","PAID","","193020"),
("IATT190001733","193052","191002","192010","20000","1","20000","0","20000","1","1","1","IAT0208190900","NHO2018000007","PAID","","193052"),
("IATT190001733","193054","191002","192010","20000","1","20000","0","20000","1","1","1","IAT0208190900","NHO2018000007","PAID","","193054"),
("IATT190001734","193028","191001","192003","43000","1","43000","10750","32250","1","1","1","IAT0208190900","NHO2018000007","PAID","","193028"),
("IATT190001734","193015","191001","192002","33000","1","33000","8250","24750","1","1","1","IAT0208190900","NHO2018000007","PAID","","ORIGINAL"),
("IATT190001734","193054","191002","192010","20000","1","20000","0","20000","1","1","1","IAT0208190900","NHO2018000007","PAID","","193054"),
("IATT190001734","193011","191001","192001","40000","1","40000","10000","30000","1","1","1","IAT0208190900","NHO2018000007","PAID","","PEDAS"),
("IATT190001734","193082","191001","192001","30000","1","30000","7500","22500","1","1","1","IAT0208190900","NHO2018000007","PAID","","193082"),
("IATT190001734","193082","191001","192001","30000","1","30000","7500","22500","2","1","1","IAT0208190900","NHO2018000007","PAID","","193082"),
("IATT190001734","193084","191001","192001","30000","1","30000","7500","22500","1","1","1","IAT0208190900","NHO2018000007","PAID","","PEDAS"),
("IATT190001734","193052","191002","192010","20000","1","20000","0","20000","1","1","1","IAT0208190900","NHO2018000007","PAID","","193052"),
("IATT190001734","193052","191002","192010","20000","1","20000","0","20000","2","1","1","IAT0208190900","NHO2018000007","PAID","","193052"),
("IATT190001734","193051","191002","192010","20000","1","20000","0","20000","1","1","1","IAT0208190900","NHO2018000007","PAID","","193051"),
("IATT190001735","193018","191001","192002","37000","1","37000","0","37000","1","1","1","IAT0208190900","NHO2018000007","PAID","","ORIGINAL"),
("IATT190001735","193056","191002","192010","17000","1","17000","0","17000","1","1","1","IAT0208190900","NHO2018000007","PAID","","193056"),
("IATT190001736","193036","191001","192006","36000","1","36000","9000","27000","1","1","1","IAT0208190900","NHO2018000007","PAID","","PEDAS"),
("IATT190001736","193047","191002","192010","8000","1","8000","0","8000","1","1","1","IAT0208190900","NHO2018000007","PAID","","193047"),
("IATT190001734","193054","191002","192010","20000","1","20000","0","20000","2","1","2","IAT0208190900","NHO2018000007","PAID","","193054"),
("IATT190001734","193052","191002","192010","20000","1","20000","0","20000","3","1","2","IAT0208190900","NHO2018000007","PAID","","193052"),
("IATT190001737","193024","191001","192003","30000","1","30000","0","30000","1","1","1","IAT0208190900","NHO2018000007","PAID","","193024"),
("IATT190001737","193055","191002","192010","17000","1","17000","0","17000","1","1","1","IAT0208190900","NHO2018000007","PAID","","193055"),
("IATT190001738","193084","191001","192001","30000","1","30000","7500","22500","1","1","1","IAT0208190900","NHO2018000007","PAID","","PEDAS"),
("IATT190001738","193049","191002","192010","10000","1","10000","0","10000","1","1","1","IAT0208190900","NHO2018000007","PAID","","193049"),
("IATT190001739","193036","191001","192006","36000","1","36000","9000","27000","1","1","1","IAT0208190900","NHO2018000007","PAID","yg 1 gak pedes ya","PEDAS"),
("IATT190001739","193012","191001","192001","40000","1","40000","10000","30000","1","1","1","IAT0208190900","NHO2018000007","PAID","lvl 2","193012"),
("IATT190001739","193012","191001","192001","40000","1","40000","10000","30000","2","1","1","IAT0208190900","NHO2018000007","PAID","","193012"),
("IATT190001739","193035","191001","192006","32000","1","32000","8000","24000","1","1","1","IAT0208190900","NHO2018000007","PAID","pedes sedeng","PEDAS"),
("IATT190001739","193049","191002","192010","10000","1","10000","0","10000","1","1","1","IAT0208190900","NHO2018000007","PAID","","193049"),
("IATT190001739","193049","191002","192010","10000","1","10000","0","10000","2","1","1","IAT0208190900","NHO2018000007","PAID","","193049"),
("IATT190001739","193049","191002","192010","10000","1","10000","0","10000","3","1","1","IAT0208190900","NHO2018000007","PAID","","193049"),
("IATT190001739","193049","191002","192010","10000","1","10000","0","10000","4","1","1","IAT0208190900","NHO2018000007","PAID","","193049"),
("IATT190001739","193049","191002","192010","10000","1","10000","0","10000","5","1","1","IAT0208190900","NHO2018000007","PAID","","193049"),
("IATT190001739","193036","191001","192006","36000","1","36000","9000","27000","2","1","2","IAT0208190900","NHO2018000007","PAID","","ORIGINAL"),
("IATT190001739","193049","191002","192010","10000","1","10000","0","10000","6","1","2","IAT0208190900","NHO2018000007","PAID","","193049"),
("IATT190001739","193009","191001","192001","40000","1","40000","10000","30000","1","1","3","IAT0208190900","NHO2018000007","PAID","","193009"),
("IATT190001739","193036","191001","192006","36000","1","36000","9000","27000","3","1","4","IAT0208190900","NHO2018000007","PAID","take away","ORIGINAL"),
("IATT190001740","193018","191001","192002","37000","1","37000","0","37000","1","1","1","IAT0208190900","NHO2018000007","PAID","sambal pisah","PEDAS"),
("IATT190001740","193005","191001","192001","37000","1","37000","0","37000","1","1","1","IAT0208190900","NHO2018000007","PAID","sambal pisah","193005"),
("IATT190001740","193055","191002","192010","17000","1","17000","0","17000","1","1","1","IAT0208190900","NHO2018000007","PAID","","193055"),
("IATT190001741","193050","191002","192010","20000","1","20000","0","20000","1","1","1","IAT0208190900","NHO2018000007","PAID","","193050"),
("IATT190001741","193054","191002","192010","20000","1","20000","0","20000","1","1","1","IAT0208190900","NHO2018000007","PAID","","193054"),
("IATT190001741","193036","191001","192006","36000","1","36000","9000","27000","1","1","1","IAT0208190900","NHO2018000007","PAID","","PEDAS"),
("IATT190001741","193030","191001","192004","27000","1","27000","6750","20250","1","1","1","IAT0208190900","NHO2018000007","PAID","","193030"),
("IATT190001742","193011","191001","192001","40000","1","40000","10000","30000","1","1","1","IAT0208190900","NHO2018000007","PAID","","PEDAS"),
("IATT190001742","193007","191001","192001","37000","1","37000","9250","27750","1","1","1","IAT0208190900","NHO2018000007","PAID","","PEDAS"),
("IATT190001742","193054","191002","192010","20000","1","20000","0","20000","1","1","1","IAT0208190900","NHO2018000007","PAID","","193054"),
("IATT190001742","193055","191002","192010","17000","1","17000","0","17000","1","1","1","IAT0208190900","NHO2018000007","PAID","","193055");



INSERT INTO pos_salestemp VALUES("IATT190001723","","3","111000","27750","8325","0","91575","100000","02/08/2019","12:03","2019-08-02","12:50:50","ISU000012","tbl0010","CLOSED","1","","IATR190001672","","","","","IAT0208190900","NHO2018000007"),
("IATT190001724","","7","397000","62500","33450","0","367950","400000","02/08/2019","12:09","2019-08-02","13:06:10","ISU000012","tbl0015","CLOSED","1","","IATR190001675","","","","","IAT0208190900","NHO2018000007"),
("IATT190001725","","2","37000","9250","2775","0","30525","31000","02/08/2019","12:11","2019-08-02","13:04:29","ISU000012","tbl0012","CLOSED","1","","IATR190001673","","","","","IAT0208190900","NHO2018000007"),
("IATT190001726","","2","85000","0","8500","0","93500","100000","02/08/2019","12:16","2019-08-02","13:13:45","ISU000012","tbl0004","CLOSED","1","","IATR190001676","","","","","IAT0208190900","NHO2018000007"),
("IATT190001727","","3","44000","9000","3500","0","38500","38500","02/08/2019","12:16","2019-08-02","13:20:30","ISU000012","tbl0011","CLOSED","1","","IATR190001678","","","","","IAT0208190900","NHO2018000007"),
("IATT190001728","","2","91000","15500","7550","0","83050","83050","02/08/2019","12:34","2019-08-02","13:16:19","ISU000012","tbl0013","CLOSED","1","","IATR190001677","","","","","IAT0208190900","NHO2018000007"),
("IATT190001729","","2","116000","22500","9350","0","102850","103000","02/08/2019","12:37","2019-08-02","13:32:41","ISU000012","tbl0022","CLOSED","1","","IATR190001682","","","","","IAT0208190900","NHO2018000007"),
("IATT190001730","","1","45000","9250","3575","0","39325","39325","02/08/2019","12:48","2019-08-02","13:30:36","ISU000012","tbl0006","CLOSED","1","","IATR190001681","","","","","IAT0208190900","NHO2018000007"),
("IATT190001731","","1","87000","15500","7150","0","78650","78650","02/08/2019","12:58","2019-08-02","13:50:53","ISU000012","tbl0010","CLOSED","1","","IATR190001683","","","","","IAT0208190900","NHO2018000007"),
("IATT190001732","","1","47000","7500","3950","0","43450","50000","02/08/2019","13:02","2019-08-02","13:05:04","ISU000012","tbl0040","CLOSED","1","","IATR190001674","","","","","IAT0208190900","NHO2018000007"),
("IATT190001733","","1","110000","17500","9250","0","101750","110000","02/08/2019","13:08","2019-08-02","13:55:41","ISU000012","tbl0012","CLOSED","1","","IATR190001684","","","","","IAT0208190900","NHO2018000007"),
("IATT190001734","","4","326000","51500","27450","0","301950","302000","02/08/2019","13:17","2019-08-02","14:04:50","ISU000012","tbl0024","CLOSED","1","","IATR190001685","","","","","IAT0208190900","NHO2018000007"),
("IATT190001735","","1","54000","0","5400","0","59400","59400","02/08/2019","13:17","2019-08-02","13:22:11","ISU000012","tbl0040","CLOSED","1","","IATR190001679","","","","","IAT0208190900","NHO2018000007"),
("IATT190001736","","1","44000","9000","3500","0","38500","40000","02/08/2019","13:18","2019-08-02","13:22:45","ISU000012","tbl0041","CLOSED","1","","IATR190001680","","","","","IAT0208190900","NHO2018000007"),
("IATT190001737","","1","47000","0","4700","0","51700","51700","02/08/2019","16:08","2019-08-02","16:48:11","ISU000012","tbl0011","CLOSED","1","","IATR190001686","","","","","IAT0208190900","NHO2018000007"),
("IATT190001738","","1","40000","7500","3250","0","35750","100000","02/08/2019","16:09","2019-08-02","16:48:55","ISU000012","tbl0012","CLOSED","1","","IATR190001687","","","","","IAT0208190900","NHO2018000007"),
("IATT190001739","","4","320000","65000","25500","0","280500","300000","02/08/2019","16:14","2019-08-02","17:14:01","ISU000012","tbl0021","CLOSED","1","","IATR190001688","","","","","IAT0208190900","NHO2018000007"),
("IATT190001740","","2","91000","0","9100","0","100100","100100","02/08/2019","18:22","2019-08-02","21:24:57","ISU000012","tbl0012","CLOSED","1","","IATR190001690","","","","","IAT0208190900","NHO2018000007"),
("IATT190001741","","2","103000","15750","8725","0","95975","95975","02/08/2019","19:40","2019-08-02","20:21:37","ISU000012","tbl0011","CLOSED","1","","IATR190001689","","","","","IAT0208190900","NHO2018000007"),
("IATT190001742","","2","114000","19250","9475","0","104225","104225","02/08/2019","21:08","2019-08-02","21:39:31","ISU000012","tbl0011","CLOSED","1","","IATR190001691","","","","","IAT0208190900","NHO2018000007");



INSERT INTO item_void VALUES("IATT190001725","IAT0208190900","NHO2018000007","193047","193047","1","8000","Before Send","Komplen Customer");



INSERT INTO pos_promotion_h VALUES("IATT190001723","NPRM18000015","DISC ITEM","1","27750","Diskon 25% Agustus","IAT0208190900","PAID","NHO2018000007"),
("IATT190001725","NPRM18000015","DISC ITEM","1","9250","Diskon 25% Agustus","IAT0208190900","PAID","NHO2018000007"),
("IATT190001732","NPRM18000015","DISC ITEM","1","7500","Diskon 25% Agustus","IAT0208190900","PAID","NHO2018000007"),
("IATT190001724","NPRM18000015","DISC ITEM","1","62500","Diskon 25% Agustus","IAT0208190900","PAID","NHO2018000007"),
("IATT190001728","NPRM18000015","DISC ITEM","1","15500","Diskon 25% Agustus","IAT0208190900","PAID","NHO2018000007"),
("IATT190001727","NPRM18000015","DISC ITEM","1","9000","Diskon 25% Agustus","IAT0208190900","PAID","NHO2018000007"),
("IATT190001736","NPRM18000015","DISC ITEM","1","9000","Diskon 25% Agustus","IAT0208190900","PAID","NHO2018000007"),
("IATT190001730","NPRM18000015","DISC ITEM","1","9250","Diskon 25% Agustus","IAT0208190900","PAID","NHO2018000007"),
("IATT190001729","NPRM18000015","DISC ITEM","1","22500","Diskon 25% Agustus","IAT0208190900","PAID","NHO2018000007"),
("IATT190001731","NPRM18000015","DISC ITEM","1","15500","Diskon 25% Agustus","IAT0208190900","PAID","NHO2018000007"),
("IATT190001733","NPRM18000015","DISC ITEM","1","17500","Diskon 25% Agustus","IAT0208190900","PAID","NHO2018000007"),
("IATT190001734","NPRM18000015","DISC ITEM","1","51500","Diskon 25% Agustus","IAT0208190900","PAID","NHO2018000007"),
("IATT190001738","NPRM18000015","DISC ITEM","1","7500","Diskon 25% Agustus","IAT0208190900","PAID","NHO2018000007"),
("IATT190001739","NPRM18000015","DISC ITEM","1","65000","Diskon 25% Agustus","IAT0208190900","PAID","NHO2018000007"),
("IATT190001741","NPRM18000015","DISC ITEM","1","15750","Diskon 25% Agustus","IAT0208190900","PAID","NHO2018000007"),
("IATT190001742","NPRM18000015","DISC ITEM","1","19250","Diskon 25% Agustus","IAT0208190900","PAID","NHO2018000007");



INSERT INTO pos_promotion_d VALUES("IATT190001723","NPRM18000015","DISC ITEM","1","1","193007","1","9250","IAT0208190900","PAID","NHO2018000007"),
("IATT190001723","NPRM18000015","DISC ITEM","1","1","193007","2","9250","IAT0208190900","PAID","NHO2018000007"),
("IATT190001723","NPRM18000015","DISC ITEM","1","1","193007","3","9250","IAT0208190900","PAID","NHO2018000007"),
("IATT190001725","NPRM18000015","DISC ITEM","1","1","193007","1","9250","IAT0208190900","PAID","NHO2018000007"),
("IATT190001732","NPRM18000015","DISC ITEM","1","1","193085","1","7500","IAT0208190900","PAID","NHO2018000007"),
("IATT190001724","NPRM18000015","DISC ITEM","1","1","193084","1","7500","IAT0208190900","PAID","NHO2018000007"),
("IATT190001724","NPRM18000015","DISC ITEM","1","1","193024","1","7500","IAT0208190900","PAID","NHO2018000007"),
("IATT190001724","NPRM18000015","DISC ITEM","1","1","193011","1","10000","IAT0208190900","PAID","NHO2018000007"),
("IATT190001724","NPRM18000015","DISC ITEM","1","1","193082","1","7500","IAT0208190900","PAID","NHO2018000007"),
("IATT190001724","NPRM18000015","DISC ITEM","1","1","193082","2","7500","IAT0208190900","PAID","NHO2018000007"),
("IATT190001724","NPRM18000015","DISC ITEM","1","1","193082","3","7500","IAT0208190900","PAID","NHO2018000007"),
("IATT190001724","NPRM18000015","DISC ITEM","1","1","193082","4","7500","IAT0208190900","PAID","NHO2018000007"),
("IATT190001724","NPRM18000015","DISC ITEM","1","1","193022","1","7500","IAT0208190900","PAID","NHO2018000007"),
("IATT190001728","NPRM18000015","DISC ITEM","1","1","193082","1","7500","IAT0208190900","PAID","NHO2018000007"),
("IATT190001728","NPRM18000015","DISC ITEM","1","1","193035","1","8000","IAT0208190900","PAID","NHO2018000007"),
("IATT190001727","NPRM18000015","DISC ITEM","1","1","193036","1","9000","IAT0208190900","PAID","NHO2018000007"),
("IATT190001736","NPRM18000015","DISC ITEM","1","1","193036","1","9000","IAT0208190900","PAID","NHO2018000007"),
("IATT190001730","NPRM18000015","DISC ITEM","1","1","193007","1","9250","IAT0208190900","PAID","NHO2018000007"),
("IATT190001729","NPRM18000015","DISC ITEM","1","1","193084","1","7500","IAT0208190900","PAID","NHO2018000007"),
("IATT190001729","NPRM18000015","DISC ITEM","1","1","193083","1","7500","IAT0208190900","PAID","NHO2018000007"),
("IATT190001729","NPRM18000015","DISC ITEM","1","1","193077","1","7500","IAT0208190900","PAID","NHO2018000007"),
("IATT190001731","NPRM18000015","DISC ITEM","1","1","193035","1","8000","IAT0208190900","PAID","NHO2018000007"),
("IATT190001731","NPRM18000015","DISC ITEM","1","1","193032","1","7500","IAT0208190900","PAID","NHO2018000007"),
("IATT190001733","NPRM18000015","DISC ITEM","1","1","193083","1","7500","IAT0208190900","PAID","NHO2018000007"),
("IATT190001733","NPRM18000015","DISC ITEM","1","1","193020","1","10000","IAT0208190900","PAID","NHO2018000007"),
("IATT190001734","NPRM18000015","DISC ITEM","1","1","193028","1","10750","IAT0208190900","PAID","NHO2018000007"),
("IATT190001734","NPRM18000015","DISC ITEM","1","1","193015","1","8250","IAT0208190900","PAID","NHO2018000007"),
("IATT190001734","NPRM18000015","DISC ITEM","1","1","193011","1","10000","IAT0208190900","PAID","NHO2018000007"),
("IATT190001734","NPRM18000015","DISC ITEM","1","1","193082","1","7500","IAT0208190900","PAID","NHO2018000007"),
("IATT190001734","NPRM18000015","DISC ITEM","1","1","193082","2","7500","IAT0208190900","PAID","NHO2018000007"),
("IATT190001734","NPRM18000015","DISC ITEM","1","1","193084","1","7500","IAT0208190900","PAID","NHO2018000007"),
("IATT190001738","NPRM18000015","DISC ITEM","1","1","193084","1","7500","IAT0208190900","PAID","NHO2018000007"),
("IATT190001739","NPRM18000015","DISC ITEM","1","1","193036","1","9000","IAT0208190900","PAID","NHO2018000007"),
("IATT190001739","NPRM18000015","DISC ITEM","1","1","193012","1","10000","IAT0208190900","PAID","NHO2018000007"),
("IATT190001739","NPRM18000015","DISC ITEM","1","1","193012","2","10000","IAT0208190900","PAID","NHO2018000007"),
("IATT190001739","NPRM18000015","DISC ITEM","1","1","193035","1","8000","IAT0208190900","PAID","NHO2018000007"),
("IATT190001739","NPRM18000015","DISC ITEM","1","1","193036","2","9000","IAT0208190900","PAID","NHO2018000007"),
("IATT190001739","NPRM18000015","DISC ITEM","1","1","193009","1","10000","IAT0208190900","PAID","NHO2018000007"),
("IATT190001739","NPRM18000015","DISC ITEM","1","1","193036","3","9000","IAT0208190900","PAID","NHO2018000007"),
("IATT190001741","NPRM18000015","DISC ITEM","1","1","193036","1","9000","IAT0208190900","PAID","NHO2018000007"),
("IATT190001741","NPRM18000015","DISC ITEM","1","1","193030","1","6750","IAT0208190900","PAID","NHO2018000007"),
("IATT190001742","NPRM18000015","DISC ITEM","1","1","193011","1","10000","IAT0208190900","PAID","NHO2018000007"),
("IATT190001742","NPRM18000015","DISC ITEM","1","1","193007","1","9250","IAT0208190900","PAID","NHO2018000007");



INSERT INTO pos_paymenttemp VALUES("IATT190001723","CASH","CASH","91575","100000","ISU000012","2019-08-02","","1","","CLOSED","IAT0208190900","NHO2018000007"),
("IATT190001725","CASH","CASH","30525","31000","ISU000012","2019-08-02","","1","","CLOSED","IAT0208190900","NHO2018000007"),
("IATT190001732","CASH","CASH","43450","50000","ISU000012","2019-08-02","","1","","CLOSED","IAT0208190900","NHO2018000007"),
("IATT190001724","CASH","CASH","367950","400000","ISU000012","2019-08-02","","1","","CLOSED","IAT0208190900","NHO2018000007"),
("IATT190001726","CASH","CASH","93500","100000","ISU000012","2019-08-02","","1","","CLOSED","IAT0208190900","NHO2018000007"),
("IATT190001728","CARD","MASTER","83050","83050","ISU000012","2019-08-02","","1","","CLOSED","IAT0208190900","NHO2018000007"),
("IATT190001727","CARD","MASTER","38500","38500","ISU000012","2019-08-02","","1","","CLOSED","IAT0208190900","NHO2018000007"),
("IATT190001735","CASH","OVO","59400","59400","ISU000012","2019-08-02","","1","","CLOSED","IAT0208190900","NHO2018000007"),
("IATT190001736","CASH","CASH","38500","40000","ISU000012","2019-08-02","","1","","CLOSED","IAT0208190900","NHO2018000007"),
("IATT190001730","CARD","MASTER","39325","39325","ISU000012","2019-08-02","","1","","CLOSED","IAT0208190900","NHO2018000007"),
("IATT190001729","CASH","CASH","102850","103000","ISU000012","2019-08-02","","1","","CLOSED","IAT0208190900","NHO2018000007"),
("IATT190001731","CARD","MASTER","78650","78650","ISU000012","2019-08-02","","1","","CLOSED","IAT0208190900","NHO2018000007"),
("IATT190001733","CASH","CASH","101750","110000","ISU000012","2019-08-02","","1","","CLOSED","IAT0208190900","NHO2018000007"),
("IATT190001734","CASH","CASH","301950","302000","ISU000012","2019-08-02","","1","","CLOSED","IAT0208190900","NHO2018000007"),
("IATT190001737","CASH","OVO","51700","51700","ISU000012","2019-08-02","","1","","CLOSED","IAT0208190900","NHO2018000007"),
("IATT190001738","CASH","CASH","35750","100000","ISU000012","2019-08-02","","1","","CLOSED","IAT0208190900","NHO2018000007"),
("IATT190001739","CASH","CASH","280500","300000","ISU000012","2019-08-02","","1","","CLOSED","IAT0208190900","NHO2018000007"),
("IATT190001741","CARD","DEBIT BCA","95975","95975","ISU000012","2019-08-02","","1","","CLOSED","IAT0208190900","NHO2018000007"),
("IATT190001740","CASH","CASH","100100","100100","ISU000012","2019-08-02","","1","","CLOSED","IAT0208190900","NHO2018000007"),
("IATT190001742","CARD","MASTER","104225","104225","ISU000012","2019-08-02","","1","","CLOSED","IAT0208190900","NHO2018000007");



