INSERT INTO pos_itemtemp VALUES("IATT190003641","193036","191001","192006","36000","1","36000","16848","19152","1","1","1","IAT0411190927","NHO2018000007","PAID","","ORIGINAL"),
("IATT190003642","193084","191001","192001","30000","1","30000","0","30000","1","1","1","IAT0411190927","NHO2018000007","PAID","","ORIGINAL"),
("IATT190003642","193084","191001","192001","30000","1","30000","0","30000","2","1","1","IAT0411190927","NHO2018000007","PAID","","ORIGINAL"),
("IATT190003642","193056","191002","192010","17000","1","17000","0","17000","1","1","1","IAT0411190927","NHO2018000007","PAID","","193056"),
("IATT190003642","193056","191002","192010","17000","1","17000","0","17000","2","1","1","IAT0411190927","NHO2018000007","PAID","","193056"),
("IATT190003643","193008","191001","192001","37000","1","37000","0","37000","1","1","1","IAT0411190927","NHO2018000007","PAID","","193008"),
("IATT190003643","193055","191002","192010","17000","1","17000","0","17000","1","1","1","IAT0411190927","NHO2018000007","PAID","","193055"),
("IATT190003644","193071","191001","192012","18000","1","18000","7920","10080","1","1","1","IAT0411190927","NHO2018000007","PAID","","193071"),
("IATT190003645","193084","191001","192001","30000","1","30000","0","30000","1","1","1","IAT0411190927","NHO2018000007","PAID","","ORIGINAL"),
("IATT190003645","193019","191001","192002","40000","1","40000","0","40000","1","1","1","IAT0411190927","NHO2018000007","PAID","","ORIGINAL"),
("IATT190003645","193054","191002","192010","20000","1","20000","0","20000","1","1","1","IAT0411190927","NHO2018000007","PAID","","193054"),
("IATT190003646","193006","191001","192001","37000","1","37000","16280","20720","1","1","1","IAT0411190927","NHO2018000007","PAID","","193006"),
("IATT190003646","193113","191001","192003","55000","1","55000","0","55000","1","1","1","IAT0411190927","NHO2018000007","PAID","","193113"),
("IATT190003646","193113","191001","192003","55000","1","55000","0","55000","2","1","1","IAT0411190927","NHO2018000007","PAID","","193113"),
("IATT190003646","193052","191002","192010","20000","1","20000","0","20000","1","1","1","IAT0411190927","NHO2018000007","PAID","tidak pakai susu,coklat.es batunya sedikit","193052"),
("IATT190003646","193046","191002","192010","10000","1","10000","0","10000","1","1","1","IAT0411190927","NHO2018000007","PAID","","193046"),
("IATT190003647","193011","191001","192001","40000","1","40000","17600","22400","1","1","1","IAT0411190927","NHO2018000007","PAID","gak pakai sayuran dan gak pakai telur","ORIGINAL"),
("IATT190003647","193047","191002","192010","10000","1","10000","0","10000","1","1","1","IAT0411190927","NHO2018000007","PAID","","193047"),
("IATT190003647","193047","191002","192010","10000","1","10000","0","10000","2","1","1","IAT0411190927","NHO2018000007","PAID","","193047"),
("IATT190003647","193011","191001","192001","40000","1","40000","17600","22400","2","1","2","IAT0411190927","NHO2018000007","PAID","","ORIGINAL"),
("IATT190003648","193078","191001","192001","30000","1","30000","13200","16800","1","1","1","IAT0411190927","NHO2018000007","PAID","","ORIGINAL"),
("IATT190003648","193084","191001","192001","30000","1","30000","13200","16800","1","1","1","IAT0411190927","NHO2018000007","PAID","","ORIGINAL"),
("IATT190003648","193083","191001","192001","30000","1","30000","13200","16800","1","1","1","IAT0411190927","NHO2018000007","PAID","","193083"),
("IATT190003648","193055","191002","192010","17000","1","17000","0","17000","1","1","1","IAT0411190927","NHO2018000007","PAID","","193055"),
("IATT190003648","193055","191002","192010","17000","1","17000","0","17000","2","1","1","IAT0411190927","NHO2018000007","PAID","","193055"),
("IATT190003649","193077","191001","192001","30000","1","30000","14040","15960","1","1","1","IAT0411190927","NHO2018000007","PAID","","193077"),
("IATT190003649","193015","191001","192002","33000","1","33000","15444","17556","1","1","1","IAT0411190927","NHO2018000007","PAID","","ORIGINAL"),
("IATT190003649","193084","191001","192001","30000","1","30000","14040","15960","1","1","1","IAT0411190927","NHO2018000007","PAID","","ORIGINAL"),
("IATT190003649","193051","191002","192010","20000","1","20000","1000","19000","1","1","1","IAT0411190927","NHO2018000007","PAID","","193051"),
("IATT190003649","193055","191002","192010","17000","1","17000","850","16150","1","1","1","IAT0411190927","NHO2018000007","PAID","","193055"),
("IATT190003650","193032","191001","192004","30000","1","30000","0","30000","1","1","1","IAT0411190927","NHO2018000007","PAID","","193032"),
("IATT190003650","193029","191001","192004","27000","1","27000","0","27000","1","1","1","IAT0411190927","NHO2018000007","PAID","","193029"),
("IATT190003650","193086","191001","192002","33000","1","33000","0","33000","1","1","1","IAT0411190927","NHO2018000007","PAID","","ORIGINAL"),
("IATT190003650","193048","191002","192010","8000","1","8000","0","8000","1","1","1","IAT0411190927","NHO2018000007","PAID","","193048"),
("IATT190003650","193048","191002","192010","8000","1","8000","0","8000","2","1","1","IAT0411190927","NHO2018000007","PAID","","193048"),
("IATT190003651","193055","191002","192010","17000","1","17000","0","17000","1","1","1","IAT0411190927","NHO2018000007","PAID","","193055"),
("IATT190003651","193055","191002","192010","17000","1","17000","0","17000","2","1","1","IAT0411190927","NHO2018000007","PAID","","193055"),
("IATT190003652","193011","191001","192001","40000","1","40000","0","40000","1","1","1","IAT0411190927","NHO2018000007","PAID","","ORIGINAL"),
("IATT190003652","193083","191001","192001","30000","1","30000","0","30000","1","1","1","IAT0411190927","NHO2018000007","PAID","","193083"),
("IATT190003653","193082","191001","192001","30000","1","30000","13200","16800","1","1","1","IAT0411190927","NHO2018000007","PAID","","193082"),
("IATT190003653","193054","191002","192010","20000","1","20000","0","20000","1","1","1","IAT0411190927","NHO2018000007","PAID","","193054"),
("IATT190003654","193005","191001","192001","37000","1","37000","0","37000","1","1","1","IAT0411190927","NHO2018000007","PAID","","193005"),
("IATT190003654","193006","191001","192001","37000","1","37000","0","37000","1","1","1","IAT0411190927","NHO2018000007","PAID","","193006"),
("IATT190003654","193032","191001","192004","30000","1","30000","0","30000","1","1","1","IAT0411190927","NHO2018000007","PAID","","193032"),
("IATT190003654","193048","191002","192010","8000","1","8000","0","8000","1","1","1","IAT0411190927","NHO2018000007","PAID","","193048"),
("IATT190003654","193048","191002","192010","8000","1","8000","0","8000","2","1","1","IAT0411190927","NHO2018000007","PAID","","193048"),
("IATT190003655","193009","191001","192001","40000","1","40000","17600","22400","1","1","1","IAT0411190927","NHO2018000007","PAID","","193009"),
("IATT190003656","193011","191001","192001","40000","1","40000","17600","22400","1","1","1","IAT0411190927","NHO2018000007","PAID","","ORIGINAL"),
("IATT190003656","193082","191001","192001","30000","1","30000","13200","16800","1","1","1","IAT0411190927","NHO2018000007","PAID","","193082"),
("IATT190003656","193051","191002","192010","20000","1","20000","0","20000","1","1","1","IAT0411190927","NHO2018000007","PAID","","193051"),
("IATT190003656","193046","191002","192010","10000","1","10000","0","10000","1","1","1","IAT0411190927","NHO2018000007","PAID","","193046");



INSERT INTO pos_salestemp VALUES("IATT190003641","","1","36000","16848","1916","0","21068","50000","04/11/2019","12:01","2019-11-04","12:02:19","ISU000006","tbl0047","CLOSED","1","","IATR190003538","","","","","IAT0411190927","NHO2018000007"),
("IATT190003642","","2","94000","0","9400","0","103400","104000","04/11/2019","12:11","2019-11-04","12:43:43","ISU000006","tbl0012","CLOSED","1","","IATR190003539","","","","","IAT0411190927","NHO2018000007"),
("IATT190003643","","1","54000","0","5400","0","59400","70000","04/11/2019","12:15","2019-11-04","12:44:36","ISU000006","tbl0011","CLOSED","1","","IATR190003540","","","","","IAT0411190927","NHO2018000007"),
("IATT190003644","","1","18000","7920","1008","0","11088","50000","04/11/2019","14:52","2019-11-04","15:42:58","ISU000006","tbl0001","CLOSED","1","","IATR190003542","","","","","IAT0411190927","NHO2018000007"),
("IATT190003645","","2","90000","0","9000","0","99000","99000","04/11/2019","14:58","2019-11-04","15:17:53","ISU000006","tbl0014","CLOSED","1","","IATR190003541","","","","","IAT0411190927","NHO2018000007"),
("IATT190003646","","2","177000","16280","16072","0","176792","200000","04/11/2019","17:11","2019-11-04","17:41:28","ISU000004","tbl0012","CLOSED","1","","IATR190003543","","","","","IAT0411190927","NHO2018000007"),
("IATT190003647","","1","100000","35200","6480","0","71280","100000","04/11/2019","17:33","2019-11-04","18:17:34","ISU000004","tbl0011","CLOSED","1","","IATR190003544","","","","","IAT0411190927","NHO2018000007"),
("IATT190003648","","3","124000","39600","8440","0","92840","100000","04/11/2019","17:55","2019-11-04","18:48:14","ISU000004","tbl0010","CLOSED","1","","IATR190003546","","","","","IAT0411190927","NHO2018000007"),
("IATT190003649","NHM2019003381 Weni agustin","1","130000","45374","8463","0","93089","93089","04/11/2019","18:01","2019-11-04","18:34:08","ISU000004","tbl0012","CLOSED","1","","IATR190003545","","","","","IAT0411190927","NHO2018000007"),
("IATT190003650","","2","106000","0","10600","0","116600","116600","04/11/2019","18:16","2019-11-04","19:10:30","ISU000004","tbl0019","CLOSED","1","","IATR190003547","","","","","IAT0411190927","NHO2018000007"),
("IATT190003651","","1","34000","0","3400","0","37400","100000","04/11/2019","18:46","2019-11-04","19:23:37","ISU000004","tbl0011","CLOSED","1","","IATR190003549","","","","","IAT0411190927","NHO2018000007"),
("IATT190003652","","1","70000","0","7000","0","77000","100000","04/11/2019","18:46","2019-11-04","19:22:05","ISU000004","tbl0008","CLOSED","1","","IATR190003548","","","","","IAT0411190927","NHO2018000007"),
("IATT190003653","NHM2019003391 Lizda Fathia","1","50000","13200","3680","0","40480","40480","04/11/2019","19:25","2019-11-04","20:11:07","ISU000004","tbl0012","CLOSED","1","","IATR190003550","","","","","IAT0411190927","NHO2018000007"),
("IATT190003654","","2","120000","0","12000","0","132000","132000","04/11/2019","19:35","2019-11-04","20:24:48","ISU000004","tbl0010","CLOSED","1","","IATR190003552","","","","","IAT0411190927","NHO2018000007"),
("IATT190003655","NHM2019003298 Agustina debora luisah siahaan","1","40000","17600","2240","0","24640","30000","04/11/2019","20:03","2019-11-04","20:20:03","ISU000004","tbl0005","CLOSED","1","","IATR190003551","","","","","IAT0411190927","NHO2018000007"),
("IATT190003656","","2","100000","30800","6920","0","76120","100000","04/11/2019","20:25","2019-11-04","21:07:14","ISU000004","tbl0011","CLOSED","1","","IATR190003553","","","","","IAT0411190927","NHO2018000007");






INSERT INTO pos_promotion_h VALUES("IATT190003641","NPRM18000020","DISC ITEM","1","15840","PROMO LAGI VIRAL 30%+20%","IAT0411190927","PAID","NHO2018000007"),
("IATT190003641","NPRM18000018","DISC ALL","1","1008","CRM DISC 5%","IAT0411190927","PAID","NHO2018000007"),
("IATT190003644","NPRM18000020","DISC ITEM","1","7920","PROMO LAGI VIRAL 30%+20%","IAT0411190927","PAID","NHO2018000007"),
("IATT190003646","NPRM18000020","DISC ITEM","1","16280","PROMO LAGI VIRAL 30%+20%","IAT0411190927","PAID","NHO2018000007"),
("IATT190003647","NPRM18000020","DISC ITEM","1","35200","PROMO LAGI VIRAL 30%+20%","IAT0411190927","PAID","NHO2018000007"),
("IATT190003649","NPRM18000020","DISC ITEM","1","40920","PROMO LAGI VIRAL 30%+20%","IAT0411190927","PAID","NHO2018000007"),
("IATT190003649","NPRM18000018","DISC ALL","1","4454","CRM DISC 5%","IAT0411190927","PAID","NHO2018000007"),
("IATT190003648","NPRM18000020","DISC ITEM","1","39600","PROMO LAGI VIRAL 30%+20%","IAT0411190927","PAID","NHO2018000007"),
("IATT190003653","NPRM18000020","DISC ITEM","1","13200","PROMO LAGI VIRAL 30%+20%","IAT0411190927","PAID","NHO2018000007"),
("IATT190003655","NPRM18000020","DISC ITEM","1","17600","PROMO LAGI VIRAL 30%+20%","IAT0411190927","PAID","NHO2018000007"),
("IATT190003656","NPRM18000020","DISC ITEM","1","30800","PROMO LAGI VIRAL 30%+20%","IAT0411190927","PAID","NHO2018000007");



INSERT INTO pos_promotion_d VALUES("IATT190003641","NPRM18000020","DISC ITEM","1","1","193036","1","15840","IAT0411190927","PAID","NHO2018000007"),
("IATT190003641","NPRM18000018","DISC ALL","1","1","193036","1","1008","IAT0411190927","PAID","NHO2018000007"),
("IATT190003644","NPRM18000020","DISC ITEM","1","1","193071","1","7920","IAT0411190927","PAID","NHO2018000007"),
("IATT190003646","NPRM18000020","DISC ITEM","1","1","193006","1","16280","IAT0411190927","PAID","NHO2018000007"),
("IATT190003647","NPRM18000020","DISC ITEM","1","1","193011","1","17600","IAT0411190927","PAID","NHO2018000007"),
("IATT190003647","NPRM18000020","DISC ITEM","1","1","193011","2","17600","IAT0411190927","PAID","NHO2018000007"),
("IATT190003649","NPRM18000020","DISC ITEM","1","1","193077","1","13200","IAT0411190927","PAID","NHO2018000007"),
("IATT190003649","NPRM18000020","DISC ITEM","1","1","193015","1","14520","IAT0411190927","PAID","NHO2018000007"),
("IATT190003649","NPRM18000020","DISC ITEM","1","1","193084","1","13200","IAT0411190927","PAID","NHO2018000007"),
("IATT190003649","NPRM18000018","DISC ALL","1","1","193077","1","840","IAT0411190927","PAID","NHO2018000007"),
("IATT190003649","NPRM18000018","DISC ALL","1","1","193015","1","924","IAT0411190927","PAID","NHO2018000007"),
("IATT190003649","NPRM18000018","DISC ALL","1","1","193084","1","840","IAT0411190927","PAID","NHO2018000007"),
("IATT190003649","NPRM18000018","DISC ALL","1","1","193051","1","1000","IAT0411190927","PAID","NHO2018000007"),
("IATT190003649","NPRM18000018","DISC ALL","1","1","193055","1","850","IAT0411190927","PAID","NHO2018000007"),
("IATT190003648","NPRM18000020","DISC ITEM","1","1","193078","1","13200","IAT0411190927","PAID","NHO2018000007"),
("IATT190003648","NPRM18000020","DISC ITEM","1","1","193084","1","13200","IAT0411190927","PAID","NHO2018000007"),
("IATT190003648","NPRM18000020","DISC ITEM","1","1","193083","1","13200","IAT0411190927","PAID","NHO2018000007"),
("IATT190003653","NPRM18000020","DISC ITEM","1","1","193082","1","13200","IAT0411190927","PAID","NHO2018000007"),
("IATT190003655","NPRM18000020","DISC ITEM","1","1","193009","1","17600","IAT0411190927","PAID","NHO2018000007"),
("IATT190003656","NPRM18000020","DISC ITEM","1","1","193011","1","17600","IAT0411190927","PAID","NHO2018000007"),
("IATT190003656","NPRM18000020","DISC ITEM","1","1","193082","1","13200","IAT0411190927","PAID","NHO2018000007");



INSERT INTO pos_paymenttemp VALUES("IATT190003641","CASH","CASH","21068","50000","ISU000006","2019-11-04","","1","","CLOSED","IAT0411190927","NHO2018000007"),
("IATT190003642","CASH","CASH","103400","104000","ISU000006","2019-11-04","","1","","CLOSED","IAT0411190927","NHO2018000007"),
("IATT190003643","CASH","CASH","59400","70000","ISU000006","2019-11-04","","1","","CLOSED","IAT0411190927","NHO2018000007"),
("IATT190003645","CARD","VISA","99000","99000","ISU000006","2019-11-04","","1","","CLOSED","IAT0411190927","NHO2018000007"),
("IATT190003644","CASH","CASH","11088","50000","ISU000006","2019-11-04","","1","","CLOSED","IAT0411190927","NHO2018000007"),
("IATT190003646","CASH","CASH","176792","200000","ISU000004","2019-11-04","","1","","CLOSED","IAT0411190927","NHO2018000007"),
("IATT190003647","CASH","CASH","71280","100000","ISU000004","2019-11-04","","1","","CLOSED","IAT0411190927","NHO2018000007"),
("IATT190003649","CARD","DEBIT BCA","93089","93089","ISU000004","2019-11-04","","1","","CLOSED","IAT0411190927","NHO2018000007"),
("IATT190003648","CASH","CASH","92840","100000","ISU000004","2019-11-04","","1","","CLOSED","IAT0411190927","NHO2018000007"),
("IATT190003650","CARD","DEBIT BCA","116600","116600","ISU000004","2019-11-04","","1","","CLOSED","IAT0411190927","NHO2018000007"),
("IATT190003652","CASH","CASH","77000","100000","ISU000004","2019-11-04","","1","","CLOSED","IAT0411190927","NHO2018000007"),
("IATT190003651","CASH","CASH","37400","100000","ISU000004","2019-11-04","","1","","CLOSED","IAT0411190927","NHO2018000007"),
("IATT190003653","CARD","VISA","40480","40480","ISU000004","2019-11-04","","1","","CLOSED","IAT0411190927","NHO2018000007"),
("IATT190003655","CASH","CASH","24640","30000","ISU000004","2019-11-04","","1","","CLOSED","IAT0411190927","NHO2018000007"),
("IATT190003654","CASH","OVO","132000","132000","ISU000004","2019-11-04","","1","","CLOSED","IAT0411190927","NHO2018000007"),
("IATT190003656","CASH","CASH","76120","100000","ISU000004","2019-11-04","","1","","CLOSED","IAT0411190927","NHO2018000007");



