INSERT INTO pos_itemtemp VALUES("IATT200004707","193084","191001","192001","30000","1","30000","0","30000","1","1","1","IAT0801201017","NHO2018000007","PAID","","PEDAS"),
("IATT200004707","193084","191001","192001","30000","1","30000","0","30000","2","1","1","IAT0801201017","NHO2018000007","PAID","","PEDAS"),
("IATT200004707","193078","191001","192001","30000","1","30000","0","30000","1","1","1","IAT0801201017","NHO2018000007","PAID","","PEDAS"),
("IATT200004707","193032","191001","192004","30000","1","30000","0","30000","1","1","1","IAT0801201017","NHO2018000007","PAID","","193032"),
("IATT200004707","193055","191002","192010","17000","1","17000","0","17000","1","1","1","IAT0801201017","NHO2018000007","PAID","","193055"),
("IATT200004707","193055","191002","192010","17000","1","17000","0","17000","2","1","1","IAT0801201017","NHO2018000007","PAID","","193055"),
("IATT200004707","193055","191002","192010","17000","1","17000","0","17000","3","1","1","IAT0801201017","NHO2018000007","PAID","","193055"),
("IATT200004708","193084","191001","192001","30000","1","30000","6000","24000","1","1","1","IAT0801201017","NHO2018000007","PAID","lv2 , lv3","PEDAS"),
("IATT200004708","193084","191001","192001","30000","1","30000","6000","24000","2","1","1","IAT0801201017","NHO2018000007","PAID","","PEDAS"),
("IATT200004708","193054","191002","192010","20000","1","20000","0","20000","1","1","1","IAT0801201017","NHO2018000007","PAID","","193054"),
("IATT200004708","193056","191002","192010","17000","1","17000","0","17000","1","1","1","IAT0801201017","NHO2018000007","PAID","","193056"),
("IATT200004709","193113","191001","192003","55000","1","55000","0","55000","1","1","1","IAT0801201017","NHO2018000007","PAID","","193113"),
("IATT200004710","193039","191001","192006","36000","1","36000","0","36000","2","1","1","IAT0801201017","NHO2018000007","PAID","","ORIGINAL"),
("IATT200004710","193069","191001","192012","13000","1","13000","0","13000","1","1","1","IAT0801201017","NHO2018000007","PAID","","193069"),
("IATT200004710","193113","191001","192003","55000","1","55000","0","55000","1","1","1","IAT0801201017","NHO2018000007","PAID","","193113"),
("IATT200004710","193051","191002","192010","20000","1","20000","0","20000","1","1","1","IAT0801201017","NHO2018000007","PAID","","193051"),
("IATT200004710","193051","191002","192010","20000","1","20000","0","20000","2","1","1","IAT0801201017","NHO2018000007","PAID","","193051"),
("IATT200004710","193035","191001","192006","32000","1","32000","0","32000","1","1","1","IAT0801201017","NHO2018000007","PAID","","PEDAS"),
("IATT200004711","193082","191001","192001","30000","1","30000","0","30000","1","1","1","IAT0801201017","NHO2018000007","PAID","","193082"),
("IATT200004711","193086","191001","192002","33000","1","33000","0","33000","1","1","1","IAT0801201017","NHO2018000007","PAID","","PEDAS"),
("IATT200004711","193047","191002","192010","10000","1","10000","0","10000","1","1","1","IAT0801201017","NHO2018000007","PAID","","193047"),
("IATT200004712","193084","191001","192001","30000","1","30000","0","30000","1","1","1","IAT0801201017","NHO2018000007","PAID","","PEDAS"),
("IATT200004712","193082","191001","192001","30000","1","30000","0","30000","1","1","1","IAT0801201017","NHO2018000007","PAID","","193082"),
("IATT200004712","193047","191002","192010","10000","1","10000","0","10000","1","1","1","IAT0801201017","NHO2018000007","PAID","","193047"),
("IATT200004712","193056","191002","192010","17000","1","17000","0","17000","1","1","1","IAT0801201017","NHO2018000007","PAID","","193056"),
("IATT200004713","193083","191001","192001","30000","1","30000","0","30000","1","1","1","IAT0801201017","NHO2018000007","PAID","","193083"),
("IATT200004713","193022","191001","192003","30000","1","30000","0","30000","1","1","1","IAT0801201017","NHO2018000007","PAID","","193022"),
("IATT200004713","193046","191002","192010","10000","1","10000","0","10000","1","1","1","IAT0801201017","NHO2018000007","PAID","","193046"),
("IATT200004713","193046","191002","192010","10000","1","10000","0","10000","2","1","1","IAT0801201017","NHO2018000007","PAID","","193046"),
("IATT200004714","193022","191001","192003","30000","1","30000","0","30000","1","1","1","IAT0801201017","NHO2018000007","PAID","","193022"),
("IATT200004715","193036","191001","192006","36000","1","36000","3600","32400","1","1","1","IAT0801201017","NHO2018000007","PAID","tw","PEDAS"),
("IATT200004715","193022","191001","192003","30000","1","30000","0","30000","1","1","1","IAT0801201017","NHO2018000007","PAID","","193022"),
("IATT200004715","193024","191001","192003","30000","1","30000","0","30000","1","1","1","IAT0801201017","NHO2018000007","PAID","","193024");



INSERT INTO pos_salestemp VALUES("IATT200004707","","3","171000","0","17100","0","188100","188100","08/01/2020","12:07","2020-01-08","12:59:28","ISU000004","tbl0012","CLOSED","1","","IATR200004578","","","","","IAT0801201017","NHO2018000007"),
("IATT200004708","","2","97000","12000","8500","0","93500","100000","08/01/2020","13:05","2020-01-08","13:28:01","ISU000004","tbl0011","CLOSED","1","","IATR200004579","","","","","IAT0801201017","NHO2018000007"),
("IATT200004709","","1","55000","0","5500","0","60500","70000","08/01/2020","14:07","2020-01-08","14:29:17","ISU000004","takeaway","CLOSED","1","","IATR200004580","","","","","IAT0801201017","NHO2018000007"),
("IATT200004710","","2","176000","0","17600","0","193600","193600","08/01/2020","18:14","2020-01-08","18:49:00","ISU000015","tbl0012","CLOSED","1","","IATR200004581","","","","","IAT0801201017","NHO2018000007"),
("IATT200004711","","2","73000","0","7300","0","80300","80300","08/01/2020","18:29","2020-01-08","18:50:38","ISU000015","tbl0010","CLOSED","1","","IATR200004582","","","","","IAT0801201017","NHO2018000007"),
("IATT200004712","","2","87000","0","8700","0","95700","95700","08/01/2020","18:44","2020-01-08","19:41:59","ISU000015","tbl0011","CLOSED","1","","IATR200004583","","","","","IAT0801201017","NHO2018000007"),
("IATT200004713","","2","80000","0","8000","0","88000","100000","08/01/2020","19:33","2020-01-08","20:24:12","ISU000015","tbl0012","CLOSED","1","","IATR200004584","","","","","IAT0801201017","NHO2018000007"),
("IATT200004714","","1","30000","0","3000","0","33000","33000","08/01/2020","20:26","2020-01-08","20:32:14","ISU000015","tbl0001","CLOSED","1","","IATR200004585","","","","","IAT0801201017","NHO2018000007"),
("IATT200004715","","1","96000","3600","9240","0","101640","101640","08/01/2020","20:27","2020-01-08","20:35:24","ISU000015","tbl0002","CLOSED","1","","IATR200004586","","","","","IAT0801201017","NHO2018000007");






INSERT INTO pos_promotion_h VALUES("IATT200004708","NPRM18000024","DISC ITEM","1","12000","KANAN KIRI DISKON 20%","IAT0801201017","PAID","NHO2018000007"),
("IATT200004715","NPRM18000023","DISC ITEM","1","3600","KANAN KIRI DISKON 10%","IAT0801201017","PAID","NHO2018000007");



INSERT INTO pos_promotion_d VALUES("IATT200004708","NPRM18000024","DISC ITEM","1","1","193084","1","6000","IAT0801201017","PAID","NHO2018000007"),
("IATT200004708","NPRM18000024","DISC ITEM","1","1","193084","2","6000","IAT0801201017","PAID","NHO2018000007"),
("IATT200004715","NPRM18000023","DISC ITEM","1","1","193036","1","3600","IAT0801201017","PAID","NHO2018000007");



INSERT INTO pos_paymenttemp VALUES("IATT200004707","CARD","VISA","188100","188100","ISU000004","2020-01-08","","1","","CLOSED","IAT0801201017","NHO2018000007"),
("IATT200004708","CASH","CASH","93500","100000","ISU000004","2020-01-08","","1","","CLOSED","IAT0801201017","NHO2018000007"),
("IATT200004709","CASH","CASH","60500","70000","ISU000004","2020-01-08","","1","","CLOSED","IAT0801201017","NHO2018000007"),
("IATT200004710","CARD","MASTER","193600","193600","ISU000015","2020-01-08","","1","","CLOSED","IAT0801201017","NHO2018000007"),
("IATT200004711","CARD","VISA","80300","80300","ISU000015","2020-01-08","","1","","CLOSED","IAT0801201017","NHO2018000007"),
("IATT200004712","CASH","OVO","95700","95700","ISU000015","2020-01-08","","1","","CLOSED","IAT0801201017","NHO2018000007"),
("IATT200004713","CASH","CASH","88000","100000","ISU000015","2020-01-08","","1","","CLOSED","IAT0801201017","NHO2018000007"),
("IATT200004714","CARD","DEBIT BCA","33000","33000","ISU000015","2020-01-08","","1","","CLOSED","IAT0801201017","NHO2018000007"),
("IATT200004715","CARD","VISA","101640","101640","ISU000015","2020-01-08","","1","","CLOSED","IAT0801201017","NHO2018000007");



