INSERT INTO pos_itemtemp VALUES("IATT190003680","193017","191001","192002","37000","1","37000","0","37000","1","1","1","IAT0711190946","NHO2018000007","PAID","","193017"),
("IATT190003681","193084","191001","192001","30000","1","30000","14040","15960","1","1","1","IAT0711190946","NHO2018000007","PAID","","PEDAS"),
("IATT190003681","193085","191001","192001","30000","1","30000","14040","15960","1","1","1","IAT0711190946","NHO2018000007","PAID","","193085"),
("IATT190003681","193022","191001","192003","30000","1","30000","1500","28500","1","1","1","IAT0711190946","NHO2018000007","PAID","","193022"),
("IATT190003681","193048","191002","192010","8000","1","8000","400","7600","1","1","1","IAT0711190946","NHO2018000007","PAID","","193048"),
("IATT190003681","193048","191002","192010","8000","1","8000","400","7600","2","1","1","IAT0711190946","NHO2018000007","PAID","","193048"),
("IATT190003681","193048","191002","192010","8000","1","8000","400","7600","3","1","1","IAT0711190946","NHO2018000007","PAID","","193048"),
("IATT190003682","193033","191001","192005","42000","1","42000","18480","23520","1","1","1","IAT0711190946","NHO2018000007","PAID","","193033"),
("IATT190003683","193009","191001","192001","40000","1","40000","17600","22400","1","1","1","IAT0711190946","NHO2018000007","PAID","","193009"),
("IATT190003683","193054","191002","192010","20000","1","20000","0","20000","1","1","1","IAT0711190946","NHO2018000007","PAID","","193054"),
("IATT190003684","193022","191001","192003","30000","1","30000","0","30000","1","1","1","IAT0711190946","NHO2018000007","PAID","","193022"),
("IATT190003684","193024","191001","192003","30000","1","30000","0","30000","1","1","1","IAT0711190946","NHO2018000007","PAID","","193024"),
("IATT190003684","193056","191002","192010","17000","1","17000","0","17000","1","1","1","IAT0711190946","NHO2018000007","PAID","","193056"),
("IATT190003684","193055","191002","192010","17000","1","17000","0","17000","1","1","1","IAT0711190946","NHO2018000007","PAID","","193055"),
("IATT190003685","193023","191001","192003","30000","1","30000","0","30000","1","1","1","IAT0711190946","NHO2018000007","PAID","","193023"),
("IATT190003685","193035","191001","192006","32000","1","32000","0","32000","1","1","1","IAT0711190946","NHO2018000007","PAID","","ORIGINAL"),
("IATT190003685","193054","191002","192010","20000","1","20000","0","20000","1","1","1","IAT0711190946","NHO2018000007","PAID","","193054"),
("IATT190003685","193052","191002","192010","20000","1","20000","0","20000","1","1","1","IAT0711190946","NHO2018000007","PAID","","193052"),
("IATT190003686","193085","191001","192001","30000","1","30000","13200","16800","1","1","1","IAT0711190946","NHO2018000007","PAID","","193085"),
("IATT190003686","193084","191001","192001","30000","1","30000","13200","16800","1","1","1","IAT0711190946","NHO2018000007","PAID","","ORIGINAL"),
("IATT190003686","193055","191002","192010","17000","1","17000","0","17000","1","1","1","IAT0711190946","NHO2018000007","PAID","","193055"),
("IATT190003686","193054","191002","192010","20000","1","20000","0","20000","1","1","1","IAT0711190946","NHO2018000007","PAID","","193054"),
("IATT190003687","193019","191001","192002","40000","1","40000","17600","22400","1","1","1","IAT0711190946","NHO2018000007","PAID","","ORIGINAL"),
("IATT190003687","193011","191001","192001","40000","1","40000","17600","22400","1","1","1","IAT0711190946","NHO2018000007","PAID","","ORIGINAL"),
("IATT190003687","193056","191002","192010","17000","1","17000","0","17000","1","1","1","IAT0711190946","NHO2018000007","PAID","","193056"),
("IATT190003687","193055","191002","192010","17000","1","17000","0","17000","1","1","1","IAT0711190946","NHO2018000007","PAID","","193055"),
("IATT190003688","193036","191001","192006","36000","1","36000","16848","19152","1","1","1","IAT0711190946","NHO2018000007","PAID","pedes bgt\n","PEDAS"),
("IATT190003688","193035","191001","192006","32000","1","32000","14976","17024","1","1","2","IAT0711190946","NHO2018000007","PAID","take away","PEDAS"),
("IATT190003689","193009","191001","192001","40000","1","40000","18720","21280","1","1","1","IAT0711190946","NHO2018000007","PAID","","193009"),
("IATT190003689","193037","191001","192006","36000","1","36000","16848","19152","1","1","1","IAT0711190946","NHO2018000007","PAID","","ORIGINAL"),
("IATT190003689","193055","191002","192010","17000","1","17000","850","16150","1","1","1","IAT0711190946","NHO2018000007","PAID","","193055"),
("IATT190003689","193052","191002","192010","20000","1","20000","1000","19000","1","1","1","IAT0711190946","NHO2018000007","PAID","","193052"),
("IATT190003689","193048","191002","192010","8000","1","8000","400","7600","1","1","1","IAT0711190946","NHO2018000007","PAID","","193048"),
("IATT190003690","193055","191002","192010","17000","1","17000","0","17000","1","1","1","IAT0711190946","NHO2018000007","PAID","","193055"),
("IATT190003690","193055","191002","192010","17000","1","17000","0","17000","2","1","1","IAT0711190946","NHO2018000007","PAID","","193055"),
("IATT190003690","193055","191002","192010","17000","1","17000","0","17000","3","1","1","IAT0711190946","NHO2018000007","PAID","","193055"),
("IATT190003690","193027","191001","192003","43000","1","43000","0","43000","1","1","1","IAT0711190946","NHO2018000007","PAID","","193027"),
("IATT190003690","193027","191001","192003","43000","1","43000","0","43000","2","1","1","IAT0711190946","NHO2018000007","PAID","","193027"),
("IATT190003690","193027","191001","192003","43000","1","43000","0","43000","3","1","1","IAT0711190946","NHO2018000007","PAID","","193027"),
("IATT190003691","193083","191001","192001","30000","1","30000","13200","16800","1","1","1","IAT0711190946","NHO2018000007","PAID","","193083"),
("IATT190003690","193048","191002","192010","8000","1","8000","0","8000","1","1","2","IAT0711190946","NHO2018000007","PAID","","193048"),
("IATT190003692","193084","191001","192001","30000","1","30000","14040","15960","1","1","1","IAT0711190946","NHO2018000007","PAID","","ORIGINAL"),
("IATT190003692","193052","191002","192010","20000","1","20000","1000","19000","1","1","1","IAT0711190946","NHO2018000007","PAID","","193052"),
("IATT190003693","193010","191001","192001","40000","1","40000","18720","21280","1","1","1","IAT0711190946","NHO2018000007","PAID","","193010"),
("IATT190003693","193010","191001","192001","40000","1","40000","18720","21280","2","1","1","IAT0711190946","NHO2018000007","PAID","","193010"),
("IATT190003693","193032","191001","192004","30000","1","30000","14040","15960","1","1","1","IAT0711190946","NHO2018000007","PAID","","193032"),
("IATT190003693","193011","191001","192001","40000","1","40000","18720","21280","1","1","1","IAT0711190946","NHO2018000007","PAID","","PEDAS"),
("IATT190003693","193076","191001","192001","30000","1","30000","14040","15960","1","1","1","IAT0711190946","NHO2018000007","PAID","","193076"),
("IATT190003693","193052","191002","192010","20000","1","20000","1000","19000","1","1","1","IAT0711190946","NHO2018000007","PAID","","193052"),
("IATT190003693","193052","191002","192010","20000","1","20000","1000","19000","2","1","1","IAT0711190946","NHO2018000007","PAID","","193052"),
("IATT190003693","193047","191002","192010","10000","1","10000","500","9500","1","1","1","IAT0711190946","NHO2018000007","PAID","","193047"),
("IATT190003693","193055","191002","192010","17000","1","17000","850","16150","1","1","1","IAT0711190946","NHO2018000007","PAID","","193055"),
("IATT190003693","193055","191002","192010","17000","1","17000","850","16150","2","1","1","IAT0711190946","NHO2018000007","PAID","","193055"),
("IATT190003692","193048","191002","192010","8000","1","8000","400","7600","1","1","2","IAT0711190946","NHO2018000007","PAID","","193048");



INSERT INTO pos_salestemp VALUES("IATT190003680","","1","37000","0","3700","0","40700","102000","07/11/2019","11:35","2019-11-07","11:57:22","ISU000006","tbl0008","CLOSED","1","","IATR190003577","","","","","IAT0711190946","NHO2018000007"),
("IATT190003681","","3","114000","30780","8322","0","91542","100000","07/11/2019","11:57","2019-11-07","12:29:05","ISU000006","tbl0010","CLOSED","1","","IATR190003578","","","","","IAT0711190946","NHO2018000007"),
("IATT190003682","","1","42000","18480","2352","0","25872","100000","07/11/2019","12:24","2019-11-07","12:45:05","ISU000006","tbl0012","CLOSED","1","","IATR190003579","","","","","IAT0711190946","NHO2018000007"),
("IATT190003683","","1","60000","17600","4240","0","46640","46640","07/11/2019","12:33","2019-11-07","13:59:00","ISU000006","tbl0011","CLOSED","1","","IATR190003582","","","","","IAT0711190946","NHO2018000007"),
("IATT190003684","","2","94000","0","9400","0","103400","103400","07/11/2019","12:53","2019-11-07","13:23:11","ISU000006","tbl0012","CLOSED","1","","IATR190003580","","","","","IAT0711190946","NHO2018000007"),
("IATT190003685","","2","102000","0","10200","0","112200","113000","07/11/2019","13:07","2019-11-07","14:18:31","ISU000006","tbl0010","CLOSED","1","","IATR190003584","","","","","IAT0711190946","NHO2018000007"),
("IATT190003686","","2","97000","26400","7060","0","77660","80000","07/11/2019","13:24","2019-11-07","13:58:02","ISU000006","tbl0022","CLOSED","1","","IATR190003581","","","","","IAT0711190946","NHO2018000007"),
("IATT190003687","","0","114000","35200","7880","0","86680","100000","07/11/2019","13:29","2019-11-07","14:10:11","ISU000006","tbl0014","CLOSED","1","","IATR190003583","","","","","IAT0711190946","NHO2018000007"),
("IATT190003688","","1","68000","31824","3618","0","39794","50000","07/11/2019","13:32","2019-11-07","15:59:33","ISU000006","tbl0018","CLOSED","1","","IATR190003585","","","","","IAT0711190946","NHO2018000007"),
("IATT190003689","","2","121000","37818","8319","0","91501","100000","07/11/2019","17:18","2019-11-07","18:48:40","ISU000006","tbl0011","CLOSED","1","","IATR190003588","","","","","IAT0711190946","NHO2018000007"),
("IATT190003690","","3","188000","0","18800","0","206800","210000","07/11/2019","17:20","2019-11-07","18:09:59","ISU000006","tbl0012","CLOSED","1","","IATR190003587","","","","","IAT0711190946","NHO2018000007"),
("IATT190003691","","0","30000","13200","1680","0","18480","20000","07/11/2019","17:35","2019-11-07","17:59:43","ISU000006","tbl0004","CLOSED","1","","IATR190003586","","","","","IAT0711190946","NHO2018000007"),
("IATT190003692","","0","58000","15440","4256","0","46816","100000","07/11/2019","19:47","2019-11-07","20:32:17","ISU000006","tbl0012","CLOSED","1","","IATR190003589","","","","","IAT0711190946","NHO2018000007"),
("IATT190003693","","5","264000","88440","17556","0","193116","193116","07/11/2019","20:03","2019-11-07","20:50:43","ISU000006","tbl0014","CLOSED","1","","IATR190003590","","","","","IAT0711190946","NHO2018000007");






INSERT INTO pos_promotion_h VALUES("IATT190003682","NPRM18000020","DISC ITEM","1","18480","PROMO LAGI VIRAL 30%+20%","IAT0711190946","PAID","NHO2018000007"),
("IATT190003681","NPRM18000020","DISC ITEM","1","26400","PROMO LAGI VIRAL 30%+20%","IAT0711190946","PAID","NHO2018000007"),
("IATT190003681","NPRM18000018","DISC ALL","1","4380","CRM DISC 5%","IAT0711190946","PAID","NHO2018000007"),
("IATT190003683","NPRM18000020","DISC ITEM","1","17600","PROMO LAGI VIRAL 30%+20%","IAT0711190946","PAID","NHO2018000007"),
("IATT190003686","NPRM18000020","DISC ITEM","1","26400","PROMO LAGI VIRAL 30%+20%","IAT0711190946","PAID","NHO2018000007"),
("IATT190003687","NPRM18000020","DISC ITEM","1","35200","PROMO LAGI VIRAL 30%+20%","IAT0711190946","PAID","NHO2018000007"),
("IATT190003688","NPRM18000020","DISC ITEM","1","29920","PROMO LAGI VIRAL 30%+20%","IAT0711190946","PAID","NHO2018000007"),
("IATT190003688","NPRM18000018","DISC ALL","1","1904","CRM DISC 5%","IAT0711190946","PAID","NHO2018000007"),
("IATT190003691","NPRM18000020","DISC ITEM","1","13200","PROMO LAGI VIRAL 30%+20%","IAT0711190946","PAID","NHO2018000007"),
("IATT190003689","NPRM18000020","DISC ITEM","1","33440","PROMO LAGI VIRAL 30%+20%","IAT0711190946","PAID","NHO2018000007"),
("IATT190003689","NPRM18000018","DISC ALL","1","4378","CRM DISC 5%","IAT0711190946","PAID","NHO2018000007"),
("IATT190003692","NPRM18000020","DISC ITEM","1","13200","PROMO LAGI VIRAL 30%+20%","IAT0711190946","PAID","NHO2018000007"),
("IATT190003692","NPRM18000018","DISC ALL","1","2240","CRM DISC 5%","IAT0711190946","PAID","NHO2018000007"),
("IATT190003693","NPRM18000020","DISC ITEM","1","79200","PROMO LAGI VIRAL 30%+20%","IAT0711190946","PAID","NHO2018000007"),
("IATT190003693","NPRM18000018","DISC ALL","1","9240","CRM DISC 5%","IAT0711190946","PAID","NHO2018000007");



INSERT INTO pos_promotion_d VALUES("IATT190003682","NPRM18000020","DISC ITEM","1","1","193033","1","18480","IAT0711190946","PAID","NHO2018000007"),
("IATT190003681","NPRM18000020","DISC ITEM","1","1","193084","1","13200","IAT0711190946","PAID","NHO2018000007"),
("IATT190003681","NPRM18000020","DISC ITEM","1","1","193085","1","13200","IAT0711190946","PAID","NHO2018000007"),
("IATT190003681","NPRM18000018","DISC ALL","1","1","193084","1","840","IAT0711190946","PAID","NHO2018000007"),
("IATT190003681","NPRM18000018","DISC ALL","1","1","193085","1","840","IAT0711190946","PAID","NHO2018000007"),
("IATT190003681","NPRM18000018","DISC ALL","1","1","193022","1","1500","IAT0711190946","PAID","NHO2018000007"),
("IATT190003681","NPRM18000018","DISC ALL","1","1","193048","1","400","IAT0711190946","PAID","NHO2018000007"),
("IATT190003681","NPRM18000018","DISC ALL","1","1","193048","2","400","IAT0711190946","PAID","NHO2018000007"),
("IATT190003681","NPRM18000018","DISC ALL","1","1","193048","3","400","IAT0711190946","PAID","NHO2018000007"),
("IATT190003683","NPRM18000020","DISC ITEM","1","1","193009","1","17600","IAT0711190946","PAID","NHO2018000007"),
("IATT190003686","NPRM18000020","DISC ITEM","1","1","193085","1","13200","IAT0711190946","PAID","NHO2018000007"),
("IATT190003686","NPRM18000020","DISC ITEM","1","1","193084","1","13200","IAT0711190946","PAID","NHO2018000007"),
("IATT190003687","NPRM18000020","DISC ITEM","1","1","193019","1","17600","IAT0711190946","PAID","NHO2018000007"),
("IATT190003687","NPRM18000020","DISC ITEM","1","1","193011","1","17600","IAT0711190946","PAID","NHO2018000007"),
("IATT190003688","NPRM18000020","DISC ITEM","1","1","193036","1","15840","IAT0711190946","PAID","NHO2018000007"),
("IATT190003688","NPRM18000020","DISC ITEM","1","1","193035","1","14080","IAT0711190946","PAID","NHO2018000007"),
("IATT190003688","NPRM18000018","DISC ALL","1","1","193036","1","1008","IAT0711190946","PAID","NHO2018000007"),
("IATT190003688","NPRM18000018","DISC ALL","1","1","193035","1","896","IAT0711190946","PAID","NHO2018000007"),
("IATT190003691","NPRM18000020","DISC ITEM","1","1","193083","1","13200","IAT0711190946","PAID","NHO2018000007"),
("IATT190003689","NPRM18000020","DISC ITEM","1","1","193009","1","17600","IAT0711190946","PAID","NHO2018000007"),
("IATT190003689","NPRM18000020","DISC ITEM","1","1","193037","1","15840","IAT0711190946","PAID","NHO2018000007"),
("IATT190003689","NPRM18000018","DISC ALL","1","1","193009","1","1120","IAT0711190946","PAID","NHO2018000007"),
("IATT190003689","NPRM18000018","DISC ALL","1","1","193037","1","1008","IAT0711190946","PAID","NHO2018000007"),
("IATT190003689","NPRM18000018","DISC ALL","1","1","193055","1","850","IAT0711190946","PAID","NHO2018000007"),
("IATT190003689","NPRM18000018","DISC ALL","1","1","193052","1","1000","IAT0711190946","PAID","NHO2018000007"),
("IATT190003689","NPRM18000018","DISC ALL","1","1","193048","1","400","IAT0711190946","PAID","NHO2018000007"),
("IATT190003692","NPRM18000020","DISC ITEM","1","1","193084","1","13200","IAT0711190946","PAID","NHO2018000007"),
("IATT190003692","NPRM18000018","DISC ALL","1","1","193084","1","840","IAT0711190946","PAID","NHO2018000007"),
("IATT190003692","NPRM18000018","DISC ALL","1","1","193052","1","1000","IAT0711190946","PAID","NHO2018000007"),
("IATT190003692","NPRM18000018","DISC ALL","1","1","193048","1","400","IAT0711190946","PAID","NHO2018000007"),
("IATT190003693","NPRM18000020","DISC ITEM","1","1","193010","1","17600","IAT0711190946","PAID","NHO2018000007"),
("IATT190003693","NPRM18000020","DISC ITEM","1","1","193010","2","17600","IAT0711190946","PAID","NHO2018000007"),
("IATT190003693","NPRM18000020","DISC ITEM","1","1","193032","1","13200","IAT0711190946","PAID","NHO2018000007"),
("IATT190003693","NPRM18000020","DISC ITEM","1","1","193011","1","17600","IAT0711190946","PAID","NHO2018000007"),
("IATT190003693","NPRM18000020","DISC ITEM","1","1","193076","1","13200","IAT0711190946","PAID","NHO2018000007"),
("IATT190003693","NPRM18000018","DISC ALL","1","1","193010","1","1120","IAT0711190946","PAID","NHO2018000007"),
("IATT190003693","NPRM18000018","DISC ALL","1","1","193010","2","1120","IAT0711190946","PAID","NHO2018000007"),
("IATT190003693","NPRM18000018","DISC ALL","1","1","193032","1","840","IAT0711190946","PAID","NHO2018000007"),
("IATT190003693","NPRM18000018","DISC ALL","1","1","193011","1","1120","IAT0711190946","PAID","NHO2018000007"),
("IATT190003693","NPRM18000018","DISC ALL","1","1","193076","1","840","IAT0711190946","PAID","NHO2018000007"),
("IATT190003693","NPRM18000018","DISC ALL","1","1","193052","1","1000","IAT0711190946","PAID","NHO2018000007"),
("IATT190003693","NPRM18000018","DISC ALL","1","1","193052","2","1000","IAT0711190946","PAID","NHO2018000007"),
("IATT190003693","NPRM18000018","DISC ALL","1","1","193047","1","500","IAT0711190946","PAID","NHO2018000007"),
("IATT190003693","NPRM18000018","DISC ALL","1","1","193055","1","850","IAT0711190946","PAID","NHO2018000007"),
("IATT190003693","NPRM18000018","DISC ALL","1","1","193055","2","850","IAT0711190946","PAID","NHO2018000007");



INSERT INTO pos_paymenttemp VALUES("IATT190003680","CASH","CASH","40700","102000","ISU000006","2019-11-07","","1","","CLOSED","IAT0711190946","NHO2018000007"),
("IATT190003681","CASH","CASH","91542","100000","ISU000006","2019-11-07","","1","","CLOSED","IAT0711190946","NHO2018000007"),
("IATT190003682","CASH","CASH","25872","100000","ISU000006","2019-11-07","","1","","CLOSED","IAT0711190946","NHO2018000007"),
("IATT190003684","CASH","OVO","103400","103400","ISU000006","2019-11-07","","1","","CLOSED","IAT0711190946","NHO2018000007"),
("IATT190003686","CASH","CASH","77660","80000","ISU000006","2019-11-07","","1","","CLOSED","IAT0711190946","NHO2018000007"),
("IATT190003683","CARD","DEBIT BCA","46640","46640","ISU000006","2019-11-07","","1","","CLOSED","IAT0711190946","NHO2018000007"),
("IATT190003687","CASH","CASH","86680","100000","ISU000006","2019-11-07","","1","","CLOSED","IAT0711190946","NHO2018000007"),
("IATT190003685","CASH","CASH","112200","113000","ISU000006","2019-11-07","","1","","CLOSED","IAT0711190946","NHO2018000007"),
("IATT190003688","CASH","CASH","39794","50000","ISU000006","2019-11-07","","1","","CLOSED","IAT0711190946","NHO2018000007"),
("IATT190003691","CASH","CASH","18480","20000","ISU000006","2019-11-07","","1","","CLOSED","IAT0711190946","NHO2018000007"),
("IATT190003690","CASH","CASH","206800","210000","ISU000006","2019-11-07","","1","","CLOSED","IAT0711190946","NHO2018000007"),
("IATT190003689","CASH","CASH","91501","100000","ISU000006","2019-11-07","","1","","CLOSED","IAT0711190946","NHO2018000007"),
("IATT190003692","CASH","CASH","46816","100000","ISU000006","2019-11-07","","1","","CLOSED","IAT0711190946","NHO2018000007"),
("IATT190003693","CARD","DEBIT BCA","193116","193116","ISU000006","2019-11-07","","1","","CLOSED","IAT0711190946","NHO2018000007");



