INSERT INTO pos_itemtemp VALUES("IATT200005719","193024","191001","192003","30000","1","30000","0","30000","1","1","1","IAT0803200820","NHO2018000007","PAID","","193024"),
("IATT200005719","193024","191001","192003","30000","1","30000","0","30000","2","1","1","IAT0803200820","NHO2018000007","PAID","","193024"),
("IATT200005719","193027","191001","192003","43000","1","43000","0","43000","1","1","1","IAT0803200820","NHO2018000007","PAID","","193027"),
("IATT200005719","193055","191002","192010","17000","1","17000","0","17000","1","1","1","IAT0803200820","NHO2018000007","PAID","","193055"),
("IATT200005719","193055","191002","192010","17000","1","17000","0","17000","2","1","1","IAT0803200820","NHO2018000007","PAID","","193055"),
("IATT200005719","193048","191002","192010","8000","1","8000","0","8000","1","1","1","IAT0803200820","NHO2018000007","PAID","","193048"),
("IATT200005720","193084","191001","192001","30000","1","30000","0","30000","1","1","1","IAT0803200820","NHO2018000007","PAID","","PEDAS"),
("IATT200005720","193052","191002","192010","20000","1","20000","0","20000","1","1","1","IAT0803200820","NHO2018000007","PAID","","193052"),
("IATT200005721","193085","191001","192001","30000","1","30000","0","30000","1","1","1","IAT0803200820","NHO2018000007","PAID","","193085"),
("IATT200005721","193054","191002","192010","20000","1","20000","0","20000","1","1","1","IAT0803200820","NHO2018000007","PAID","","193054"),
("IATT200005722","193082","191001","192001","30000","1","30000","0","30000","1","1","1","IAT0803200820","NHO2018000007","PAID","","193082"),
("IATT200005722","193024","191001","192003","30000","1","30000","0","30000","1","1","1","IAT0803200820","NHO2018000007","PAID","","193024"),
("IATT200005722","193049","191002","192010","10000","1","10000","0","10000","1","1","2","IAT0803200820","NHO2018000007","PAID","","193049"),
("IATT200005723","193007","191001","192001","37000","1","37000","0","37000","1","1","1","IAT0803200820","NHO2018000007","PAID","","PEDAS"),
("IATT200005723","193056","191002","192010","17000","1","17000","0","17000","1","1","1","IAT0803200820","NHO2018000007","PAID","","193056"),
("IATT200005724","193022","191001","192003","30000","1","30000","0","30000","1","1","1","IAT0803200820","NHO2018000007","PAID","","193022"),
("IATT200005724","193042","191001","192008","25000","1","25000","0","25000","1","1","1","IAT0803200820","NHO2018000007","PAID","","193042"),
("IATT200005725","193022","191001","192003","30000","1","30000","0","30000","1","1","1","IAT0803200820","NHO2018000007","PAID","","193022"),
("IATT200005725","193024","191001","192003","30000","1","30000","0","30000","1","1","1","IAT0803200820","NHO2018000007","PAID","","193024"),
("IATT200005725","193048","191002","192010","8000","1","8000","0","8000","1","1","2","IAT0803200820","NHO2018000007","PAID","","193048"),
("IATT200005725","193048","191002","192010","8000","1","8000","0","8000","2","1","2","IAT0803200820","NHO2018000007","PAID","","193048"),
("IATT200005726","193033","191001","192005","42000","1","42000","0","42000","1","1","1","IAT0803200820","NHO2018000007","PAID","","193033"),
("IATT200005726","193028","191001","192003","43000","1","43000","0","43000","1","1","1","IAT0803200820","NHO2018000007","PAID","","193028"),
("IATT200005726","193028","191001","192003","43000","1","43000","0","43000","2","1","1","IAT0803200820","NHO2018000007","PAID","","193028"),
("IATT200005726","193027","191001","192003","43000","1","43000","0","43000","1","1","1","IAT0803200820","NHO2018000007","PAID","","193027"),
("IATT200005726","193067","191001","192003","7000","1","7000","0","7000","1","1","1","IAT0803200820","NHO2018000007","PAID","","193067"),
("IATT200005726","193052","191002","192010","20000","1","20000","0","20000","1","1","1","IAT0803200820","NHO2018000007","PAID","","193052"),
("IATT200005726","193046","191002","192010","10000","1","10000","0","10000","1","1","1","IAT0803200820","NHO2018000007","PAID","","193046"),
("IATT200005726","193055","191002","192010","17000","1","17000","0","17000","1","1","1","IAT0803200820","NHO2018000007","PAID","","193055"),
("IATT200005726","193048","191002","192010","8000","1","8000","0","8000","1","1","1","IAT0803200820","NHO2018000007","PAID","","193048"),
("IATT200005726","193227","191001","192011","0","1","0","0","0","1","1","1","IAT0803200820","NHO2018000007","PAID","","193227"),
("IATT200005727","193044","191001","192008","25000","1","25000","0","25000","1","1","1","IAT0803200820","NHO2018000007","PAID","","193044"),
("IATT200005727","193035","191001","192006","32000","1","32000","0","32000","1","1","1","IAT0803200820","NHO2018000007","PAID","sedeng !","PEDAS"),
("IATT200005727","193022","191001","192003","30000","1","30000","0","30000","1","1","1","IAT0803200820","NHO2018000007","PAID","","193022"),
("IATT200005727","193022","191001","192003","30000","1","30000","0","30000","2","1","1","IAT0803200820","NHO2018000007","PAID","","193022"),
("IATT200005727","193086","191001","192002","33000","1","33000","0","33000","1","1","1","IAT0803200820","NHO2018000007","PAID","","PEDAS"),
("IATT200005727","193055","191002","192010","17000","1","17000","0","17000","1","1","1","IAT0803200820","NHO2018000007","PAID","","193055"),
("IATT200005727","193055","191002","192010","17000","1","17000","0","17000","2","1","1","IAT0803200820","NHO2018000007","PAID","","193055"),
("IATT200005727","193050","191002","192010","20000","1","20000","0","20000","1","1","1","IAT0803200820","NHO2018000007","PAID","","193050"),
("IATT200005727","193056","191002","192010","17000","1","17000","0","17000","1","1","1","IAT0803200820","NHO2018000007","PAID","","193056"),
("IATT200005727","193056","191002","192010","17000","1","17000","0","17000","2","1","1","IAT0803200820","NHO2018000007","PAID","","193056"),
("IATT200005727","193035","191001","192006","32000","1","32000","0","32000","2","1","2","IAT0803200820","NHO2018000007","PAID","sedeng","PEDAS"),
("IATT200005727","193035","191001","192006","32000","1","32000","0","32000","3","1","3","IAT0803200820","NHO2018000007","PAID","","ORIGINAL"),
("IATT200005727","193056","191002","192010","17000","1","17000","0","17000","3","1","3","IAT0803200820","NHO2018000007","PAID","","193056"),
("IATT200005728","193084","191001","192001","30000","1","30000","0","30000","1","1","1","IAT0803200820","NHO2018000007","PAID","","PEDAS"),
("IATT200005728","193033","191001","192005","42000","1","42000","0","42000","1","1","1","IAT0803200820","NHO2018000007","PAID","","193033"),
("IATT200005729","193084","191001","192001","30000","1","30000","0","30000","1","1","1","IAT0803200820","NHO2018000007","PAID","","PEDAS"),
("IATT200005729","193084","191001","192001","30000","1","30000","0","30000","2","1","1","IAT0803200820","NHO2018000007","PAID","","PEDAS"),
("IATT200005729","193052","191002","192010","20000","1","20000","0","20000","1","1","1","IAT0803200820","NHO2018000007","PAID","","193052"),
("IATT200005729","193054","191002","192010","20000","1","20000","0","20000","1","1","1","IAT0803200820","NHO2018000007","PAID","","193054"),
("IATT200005729","193048","191002","192010","8000","1","8000","0","8000","1","1","1","IAT0803200820","NHO2018000007","PAID","","193048"),
("IATT200005730","193082","191001","192001","30000","1","30000","0","30000","1","1","1","IAT0803200820","NHO2018000007","PAID","","193082"),
("IATT200005730","193082","191001","192001","30000","1","30000","0","30000","2","1","1","IAT0803200820","NHO2018000007","PAID","","193082"),
("IATT200005731","193087","191001","192002","33000","1","33000","0","33000","1","1","1","IAT0803200820","NHO2018000007","PAID","","193087"),
("IATT200005731","193077","191001","192001","30000","1","30000","0","30000","1","1","1","IAT0803200820","NHO2018000007","PAID","","193077"),
("IATT200005731","193079","191001","192001","30000","1","30000","0","30000","1","1","1","IAT0803200820","NHO2018000007","PAID","","193079"),
("IATT200005731","193018","191001","192002","37000","1","37000","0","37000","1","1","1","IAT0803200820","NHO2018000007","PAID","","ORIGINAL"),
("IATT200005731","193019","191001","192002","40000","1","40000","0","40000","1","1","1","IAT0803200820","NHO2018000007","PAID","","ORIGINAL"),
("IATT200005731","193052","191002","192010","20000","1","20000","0","20000","1","1","1","IAT0803200820","NHO2018000007","PAID","","193052"),
("IATT200005731","193052","191002","192010","20000","1","20000","0","20000","2","1","1","IAT0803200820","NHO2018000007","PAID","","193052"),
("IATT200005731","193053","191002","192010","20000","1","20000","0","20000","1","1","1","IAT0803200820","NHO2018000007","PAID","","193053"),
("IATT200005731","193048","191002","192010","8000","1","8000","0","8000","1","1","1","IAT0803200820","NHO2018000007","PAID","","193048"),
("IATT200005731","193054","191002","192010","20000","1","20000","0","20000","1","1","1","IAT0803200820","NHO2018000007","PAID","","193054");



INSERT INTO pos_salestemp VALUES("IATT200005719","","2","145000","0","14500","0","159500","159500","08/03/2020","12:20","2020-03-08","13:29:31","ISU000015","tbl0010","CLOSED","1","","IATR200005567","","","","","IAT0803200820","NHO2018000007"),
("IATT200005720","","1","50000","0","5000","0","55000","55000","08/03/2020","12:31","2020-03-08","15:31:36","ISU000004","tbl0012","CLOSED","1","","IATR200005571","","","","","IAT0803200820","NHO2018000007"),
("IATT200005721","","1","50000","0","5000","0","55000","55000","08/03/2020","12:32","2020-03-08","15:31:03","ISU000004","tbl0001","CLOSED","1","","IATR200005570","","","","","IAT0803200820","NHO2018000007"),
("IATT200005722","","2","70000","0","7000","0","77000","80000","08/03/2020","13:03","2020-03-08","13:31:39","ISU000015","tbl0011","CLOSED","1","","IATR200005568","","","","","IAT0803200820","NHO2018000007"),
("IATT200005723","","1","54000","0","5400","0","59400","59400","08/03/2020","13:47","2020-03-08","14:11:25","ISU000015","tbl0011","CLOSED","1","","IATR200005569","","","","","IAT0803200820","NHO2018000007"),
("IATT200005724","","2","55000","0","5500","0","60500","60500","08/03/2020","15:24","2020-03-08","16:32:47","ISU000004","tbl0011","CLOSED","1","","IATR200005572","","","","","IAT0803200820","NHO2018000007"),
("IATT200005725","","2","76000","0","7600","0","83600","83600","08/03/2020","15:34","2020-03-08","16:37:18","ISU000004","tbl0010","CLOSED","1","","IATR200005573","","","","","IAT0803200820","NHO2018000007"),
("IATT200005726","","4","233000","0","23300","0","256300","256300","08/03/2020","17:54","2020-03-08","18:40:55","ISU000004","tbl0011","CLOSED","1","","IATR200005574","","","","","IAT0803200820","NHO2018000007"),
("IATT200005727","","5","319000","0","31900","0","350900","351000","08/03/2020","18:08","2020-03-08","20:13:14","ISU000004","tbl0014","CLOSED","1","","IATR200005578","","","","","IAT0803200820","NHO2018000007"),
("IATT200005728","","2","72000","0","7200","0","79200","79200","08/03/2020","18:43","2020-03-08","19:12:55","ISU000004","tbl0010","CLOSED","1","","IATR200005575","","","","","IAT0803200820","NHO2018000007"),
("IATT200005729","","2","108000","0","10800","0","118800","150000","08/03/2020","18:57","2020-03-08","19:52:06","ISU000004","tbl0011","CLOSED","1","","IATR200005577","","","","","IAT0803200820","NHO2018000007"),
("IATT200005730","","2","60000","0","6000","0","66000","66000","08/03/2020","19:37","2020-03-08","19:39:29","ISU000004","tbl0005","CLOSED","1","","IATR200005576","","","","","IAT0803200820","NHO2018000007"),
("IATT200005731","","4","258000","0","25800","0","283800","283800","08/03/2020","21:01","2020-03-08","21:26:41","ISU000004","tbl0011","CLOSED","1","","IATR200005579","","","","","IAT0803200820","NHO2018000007");



INSERT INTO item_void VALUES("IATT200005722","IAT0803200820","NHO2018000007","193048","193048","1","8000","After Send","Komplen Customer");









INSERT INTO pos_paymenttemp VALUES("IATT200005719","CARD","DEBIT BCA","159500","159500","ISU000015","2020-03-08","","1","","CLOSED","IAT0803200820","NHO2018000007"),
("IATT200005722","CASH","CASH","77000","80000","ISU000015","2020-03-08","","1","","CLOSED","IAT0803200820","NHO2018000007"),
("IATT200005723","CARD","MASTER","59400","59400","ISU000015","2020-03-08","","1","","CLOSED","IAT0803200820","NHO2018000007"),
("IATT200005721","CASH","OVO","55000","55000","ISU000004","2020-03-08","","1","","CLOSED","IAT0803200820","NHO2018000007"),
("IATT200005720","CASH","OVO","55000","55000","ISU000004","2020-03-08","","1","","CLOSED","IAT0803200820","NHO2018000007"),
("IATT200005724","CASH","SHOPPEEPAY","60500","60500","ISU000004","2020-03-08","","1","","CLOSED","IAT0803200820","NHO2018000007"),
("IATT200005725","CASH","SHOPPEEPAY","83600","83600","ISU000004","2020-03-08","","1","","CLOSED","IAT0803200820","NHO2018000007"),
("IATT200005726","CARD","VISA","256300","256300","ISU000004","2020-03-08","","1","","CLOSED","IAT0803200820","NHO2018000007"),
("IATT200005728","CASH","SHOPPEEPAY","79200","79200","ISU000004","2020-03-08","","1","","CLOSED","IAT0803200820","NHO2018000007"),
("IATT200005730","CASH","SHOPPEEPAY","66000","66000","ISU000004","2020-03-08","","1","","CLOSED","IAT0803200820","NHO2018000007"),
("IATT200005729","CASH","CASH","118800","150000","ISU000004","2020-03-08","","1","","CLOSED","IAT0803200820","NHO2018000007"),
("IATT200005727","CASH","CASH","350900","351000","ISU000004","2020-03-08","","1","","CLOSED","IAT0803200820","NHO2018000007"),
("IATT200005731","CARD","DEBIT BCA","283800","283800","ISU000004","2020-03-08","","1","","CLOSED","IAT0803200820","NHO2018000007");



