INSERT INTO pos_itemtemp VALUES("IATT190004225","193011","191001","192001","40000","1","40000","20000","20000","1","1","1","IAT0812191016","NHO2018000007","PAID","","PEDAS"),
("IATT190004225","193006","191001","192001","37000","1","37000","18500","18500","1","1","1","IAT0812191016","NHO2018000007","PAID","","193006"),
("IATT190004225","193030","191001","192004","27000","1","27000","13500","13500","1","1","1","IAT0812191016","NHO2018000007","PAID","","193030"),
("IATT190004225","193047","191002","192010","10000","1","10000","0","10000","1","1","1","IAT0812191016","NHO2018000007","PAID","","193047"),
("IATT190004225","193049","191002","192010","10000","1","10000","0","10000","1","1","1","IAT0812191016","NHO2018000007","PAID","","193049"),
("IATT190004225","193049","191002","192010","10000","1","10000","0","10000","2","1","1","IAT0812191016","NHO2018000007","PAID","","193049"),
("IATT190004226","193006","191001","192001","37000","1","37000","18500","18500","1","1","1","IAT0812191016","NHO2018000007","PAID","","193006"),
("IATT190004226","193029","191001","192004","27000","1","27000","13500","13500","1","1","1","IAT0812191016","NHO2018000007","PAID","","193029"),
("IATT190004226","193035","191001","192006","32000","1","32000","16000","16000","1","1","1","IAT0812191016","NHO2018000007","PAID","SEDIKIT AJA PEDASNYA","PEDAS"),
("IATT190004226","193034","191001","192005","37000","1","37000","18500","18500","1","1","1","IAT0812191016","NHO2018000007","PAID","","193034"),
("IATT190004226","193047","191002","192010","10000","1","10000","0","10000","1","1","1","IAT0812191016","NHO2018000007","PAID","","193047"),
("IATT190004226","193047","191002","192010","10000","1","10000","0","10000","2","1","1","IAT0812191016","NHO2018000007","PAID","","193047"),
("IATT190004226","193046","191002","192010","10000","1","10000","0","10000","1","1","1","IAT0812191016","NHO2018000007","PAID","","193046"),
("IATT190004227","193077","191001","192001","30000","1","30000","15000","15000","1","1","1","IAT0812191016","NHO2018000007","PAID","","193077"),
("IATT190004227","193030","191001","192004","27000","1","27000","13500","13500","1","1","1","IAT0812191016","NHO2018000007","PAID","","193030"),
("IATT190004227","193069","191001","192012","13000","1","13000","6500","6500","1","1","1","IAT0812191016","NHO2018000007","PAID","","193069"),
("IATT190004227","193055","191002","192010","17000","1","17000","0","17000","1","1","1","IAT0812191016","NHO2018000007","PAID","","193055"),
("IATT190004228","193082","191001","192001","30000","1","30000","15000","15000","1","1","1","IAT0812191016","NHO2018000007","PAID","","193082"),
("IATT190004228","193082","191001","192001","30000","1","30000","15000","15000","2","1","1","IAT0812191016","NHO2018000007","PAID","","193082"),
("IATT190004228","193082","191001","192001","30000","1","30000","15000","15000","3","1","1","IAT0812191016","NHO2018000007","PAID","","193082"),
("IATT190004229","193084","191001","192001","30000","1","30000","15000","15000","1","1","1","IAT0812191016","NHO2018000007","PAID","","PEDAS"),
("IATT190004229","193011","191001","192001","40000","1","40000","20000","20000","1","1","1","IAT0812191016","NHO2018000007","PAID","","PEDAS"),
("IATT190004229","193070","191001","192012","13000","1","13000","6500","6500","1","1","1","IAT0812191016","NHO2018000007","PAID","","193070"),
("IATT190004229","193055","191002","192010","17000","1","17000","0","17000","1","1","1","IAT0812191016","NHO2018000007","PAID","","193055"),
("IATT190004229","193055","191002","192010","17000","1","17000","0","17000","2","1","1","IAT0812191016","NHO2018000007","PAID","","193055"),
("IATT190004230","193027","191001","192003","43000","1","43000","0","43000","1","1","1","IAT0812191016","NHO2018000007","PAID","","193027"),
("IATT190004230","193028","191001","192003","43000","1","43000","0","43000","1","1","1","IAT0812191016","NHO2018000007","PAID","","193028"),
("IATT190004230","193052","191002","192010","20000","1","20000","0","20000","1","1","1","IAT0812191016","NHO2018000007","PAID","","193052"),
("IATT190004230","193047","191002","192010","10000","1","10000","0","10000","1","1","1","IAT0812191016","NHO2018000007","PAID","","193047"),
("IATT190004231","193030","191001","192004","27000","1","27000","13500","13500","1","1","1","IAT0812191016","NHO2018000007","PAID","TAKE WAY","193030"),
("IATT190004231","193028","191001","192003","43000","1","43000","0","43000","1","1","1","IAT0812191016","NHO2018000007","PAID","TAKE WAY","193028"),
("IATT190004231","193039","191001","192006","36000","1","36000","18000","18000","1","1","1","IAT0812191016","NHO2018000007","PAID","","ORIGINAL"),
("IATT190004231","193033","191001","192005","42000","1","42000","21000","21000","1","1","1","IAT0812191016","NHO2018000007","PAID","","193033"),
("IATT190004231","193056","191002","192010","17000","1","17000","0","17000","1","1","1","IAT0812191016","NHO2018000007","PAID","","193056"),
("IATT190004231","193048","191002","192010","8000","1","8000","0","8000","1","1","1","IAT0812191016","NHO2018000007","PAID","","193048"),
("IATT190004231","193048","191002","192010","8000","1","8000","0","8000","2","1","1","IAT0812191016","NHO2018000007","PAID","","193048"),
("IATT190004232","193082","191001","192001","30000","1","30000","0","30000","1","1","1","IAT0812191016","NHO2018000007","PAID","","193082"),
("IATT190004232","193069","191001","192012","13000","1","13000","0","13000","1","1","1","IAT0812191016","NHO2018000007","PAID","","193069"),
("IATT190004232","193046","191002","192010","10000","1","10000","0","10000","1","1","1","IAT0812191016","NHO2018000007","PAID","","193046"),
("IATT190004233","193011","191001","192001","40000","1","40000","20000","20000","1","1","1","IAT0812191016","NHO2018000007","PAID","","PEDAS"),
("IATT190004233","193084","191001","192001","30000","1","30000","15000","15000","1","1","1","IAT0812191016","NHO2018000007","PAID","","PEDAS"),
("IATT190004233","193035","191001","192006","32000","1","32000","16000","16000","1","1","1","IAT0812191016","NHO2018000007","PAID","","PEDAS"),
("IATT190004233","193049","191002","192010","10000","1","10000","0","10000","1","1","1","IAT0812191016","NHO2018000007","PAID","","193049"),
("IATT190004233","193046","191002","192010","10000","1","10000","0","10000","1","1","1","IAT0812191016","NHO2018000007","PAID","","193046"),
("IATT190004234","193027","191001","192003","43000","1","43000","0","43000","1","1","1","IAT0812191016","NHO2018000007","PAID","NASI NYA KURANGIN SEDIKIT","193027"),
("IATT190004234","193047","191002","192010","10000","1","10000","0","10000","1","1","1","IAT0812191016","NHO2018000007","PAID","","193047"),
("IATT190004235","193076","191001","192001","30000","1","30000","15000","15000","1","1","1","IAT0812191016","NHO2018000007","PAID","","193076"),
("IATT190004235","193082","191001","192001","30000","1","30000","15000","15000","1","1","1","IAT0812191016","NHO2018000007","PAID","","193082"),
("IATT190004235","193069","191001","192012","13000","1","13000","6500","6500","1","1","1","IAT0812191016","NHO2018000007","PAID","","193069"),
("IATT190004235","193055","191002","192010","17000","1","17000","0","17000","1","1","1","IAT0812191016","NHO2018000007","PAID","","193055"),
("IATT190004235","193055","191002","192010","17000","1","17000","0","17000","2","1","1","IAT0812191016","NHO2018000007","PAID","","193055"),
("IATT190004236","193035","191001","192006","32000","1","32000","0","32000","1","1","1","IAT0812191016","NHO2018000007","PAID","PEDES SANGAT","PEDAS"),
("IATT190004236","193114","191001","192006","42000","1","42000","0","42000","1","1","1","IAT0812191016","NHO2018000007","PAID","","193114"),
("IATT190004236","193051","191002","192010","20000","1","20000","0","20000","1","1","1","IAT0812191016","NHO2018000007","PAID","","193051"),
("IATT190004236","193055","191002","192010","17000","1","17000","0","17000","1","1","1","IAT0812191016","NHO2018000007","PAID","","193055"),
("IATT190004236","193054","191002","192010","20000","1","20000","0","20000","1","1","1","IAT0812191016","NHO2018000007","PAID","","193054"),
("IATT190004237","193085","191001","192001","30000","1","30000","15000","15000","1","1","1","IAT0812191016","NHO2018000007","PAID","","193085"),
("IATT190004237","193082","191001","192001","30000","1","30000","15000","15000","1","1","1","IAT0812191016","NHO2018000007","PAID","","193082"),
("IATT190004237","193030","191001","192004","27000","1","27000","13500","13500","1","1","1","IAT0812191016","NHO2018000007","PAID","","193030"),
("IATT190004237","193046","191002","192010","10000","1","10000","0","10000","1","1","1","IAT0812191016","NHO2018000007","PAID","","193046"),
("IATT190004238","193113","191001","192003","55000","1","55000","0","55000","1","1","1","IAT0812191016","NHO2018000007","PAID","","193113"),
("IATT190004238","193011","191001","192001","40000","1","40000","0","40000","1","1","1","IAT0812191016","NHO2018000007","PAID","","PEDAS"),
("IATT190004238","193011","191001","192001","40000","1","40000","0","40000","2","1","1","IAT0812191016","NHO2018000007","PAID","","PEDAS"),
("IATT190004238","193012","191001","192001","40000","1","40000","0","40000","1","1","1","IAT0812191016","NHO2018000007","PAID","","193012"),
("IATT190004238","193055","191002","192010","17000","1","17000","0","17000","1","1","1","IAT0812191016","NHO2018000007","PAID","","193055"),
("IATT190004238","193051","191002","192010","20000","1","20000","0","20000","1","1","1","IAT0812191016","NHO2018000007","PAID","","193051"),
("IATT190004238","193051","191002","192010","20000","1","20000","0","20000","2","1","1","IAT0812191016","NHO2018000007","PAID","","193051"),
("IATT190004238","193076","191001","192001","30000","1","30000","0","30000","1","1","2","IAT0812191016","NHO2018000007","PAID","","193076"),
("IATT190004239","193006","191001","192001","37000","1","37000","0","37000","1","1","1","IAT0812191016","NHO2018000007","PAID","","193006"),
("IATT190004239","193020","191001","192002","40000","1","40000","0","40000","1","1","1","IAT0812191016","NHO2018000007","PAID","","193020"),
("IATT190004239","193052","191002","192010","20000","1","20000","0","20000","1","1","1","IAT0812191016","NHO2018000007","PAID","","193052"),
("IATT190004239","193047","191002","192010","10000","1","10000","0","10000","1","1","1","IAT0812191016","NHO2018000007","PAID","","193047"),
("IATT190004240","193084","191001","192001","30000","1","30000","15000","15000","1","1","1","IAT0812191016","NHO2018000007","PAID","","PEDAS"),
("IATT190004240","193086","191001","192002","33000","1","33000","16500","16500","1","1","1","IAT0812191016","NHO2018000007","PAID","","PEDAS"),
("IATT190004240","193069","191001","192012","13000","1","13000","6500","6500","1","1","1","IAT0812191016","NHO2018000007","PAID","","193069"),
("IATT190004240","193054","191002","192010","20000","1","20000","0","20000","1","1","1","IAT0812191016","NHO2018000007","PAID","","193054"),
("IATT190004240","193054","191002","192010","20000","1","20000","0","20000","2","1","1","IAT0812191016","NHO2018000007","PAID","","193054");



INSERT INTO pos_salestemp VALUES("IATT190004225","","3","134000","52000","8200","0","90200","100000","08/12/2019","11:00","2019-12-08","11:37:03","ISU000004","tbl0010","CLOSED","1","","IATR190004102","","","","","IAT0812191016","NHO2018000007"),
("IATT190004226","","4","163000","66500","9650","0","106150","110000","08/12/2019","12:21","2019-12-08","13:16:06","ISU000004","tbl0012","CLOSED","1","","IATR190004104","","","","","IAT0812191016","NHO2018000007"),
("IATT190004227","","2","87000","35000","5200","0","57200","57200","08/12/2019","12:31","2019-12-08","12:59:16","ISU000004","tbl0010","CLOSED","1","","IATR190004103","","","","","IAT0812191016","NHO2018000007"),
("IATT190004228","","2","90000","45000","4500","0","49500","100000","08/12/2019","13:20","2019-12-08","13:31:20","ISU000004","tbl0011","CLOSED","1","","IATR190004105","","","","","IAT0812191016","NHO2018000007"),
("IATT190004229","","2","117000","41500","7550","0","83050","100000","08/12/2019","13:52","2019-12-08","15:33:38","ISU000006","tbl0011","CLOSED","1","","IATR190004107","","","","","IAT0812191016","NHO2018000007"),
("IATT190004230","","2","116000","0","11600","0","127600","150000","08/12/2019","14:06","2019-12-08","14:36:41","ISU000004","tbl0012","CLOSED","1","","IATR190004106","","","","","IAT0812191016","NHO2018000007"),
("IATT190004231","","2","181000","52500","12850","0","141350","200000","08/12/2019","15:15","2019-12-08","15:38:02","ISU000006","tbl0012","CLOSED","1","","IATR190004108","","","","","IAT0812191016","NHO2018000007"),
("IATT190004232","","2","53000","0","5300","0","58300","58300","08/12/2019","15:53","2019-12-08","16:27:16","ISU000006","tbl0012","CLOSED","1","","IATR190004109","","","","","IAT0812191016","NHO2018000007"),
("IATT190004233","","2","122000","51000","7100","0","78100","100000","08/12/2019","16:48","2019-12-08","17:51:15","ISU000006","tbl0021","CLOSED","1","","IATR190004112","","","","","IAT0812191016","NHO2018000007"),
("IATT190004234","","1","53000","0","5300","0","58300","100000","08/12/2019","16:52","2019-12-08","17:16:06","ISU000006","tbl0012","CLOSED","1","","IATR190004110","","","","","IAT0812191016","NHO2018000007"),
("IATT190004235","","2","107000","36500","7050","0","77550","100000","08/12/2019","16:58","2019-12-08","17:33:02","ISU000006","tbl0010","CLOSED","1","","IATR190004111","","","","","IAT0812191016","NHO2018000007"),
("IATT190004236","","3","131000","0","13100","0","144100","150000","08/12/2019","17:37","2019-12-08","18:05:54","ISU000006","tbl0012","CLOSED","1","","IATR190004113","","","","","IAT0812191016","NHO2018000007"),
("IATT190004237","","2","97000","43500","5350","0","58850","100000","08/12/2019","18:13","2019-12-08","18:50:21","ISU000006","tbl0012","CLOSED","1","","IATR190004114","","","","","IAT0812191016","NHO2018000007"),
("IATT190004238","","2","262000","0","26200","0","288200","288200","08/12/2019","18:34","2019-12-08","19:28:14","ISU000006","tbl0011","CLOSED","1","","IATR190004115","","","","","IAT0812191016","NHO2018000007"),
("IATT190004239","","2","107000","0","10700","0","117700","120000","08/12/2019","19:04","2019-12-08","19:50:24","ISU000006","tbl0012","CLOSED","1","","IATR190004117","","","","","IAT0812191016","NHO2018000007"),
("IATT190004240","","2","116000","38000","7800","0","85800","100000","08/12/2019","19:11","2019-12-08","19:49:15","ISU000006","tbl0010","CLOSED","1","","IATR190004116","","","","","IAT0812191016","NHO2018000007");



INSERT INTO item_void VALUES("IATT190004237","IAT0812191016","NHO2018000007","193030","193030","1","27000","Before Send","Komplen Customer"),
("IATT190004237","IAT0812191016","NHO2018000007","193046","193046","1","10000","Before Send","Komplen Customer"),
("IATT190004237","IAT0812191016","NHO2018000007","193082","193082","1","30000","Before Send","Komplen Customer"),
("IATT190004237","IAT0812191016","NHO2018000007","193085","193085","1","30000","Before Send","Komplen Customer");



INSERT INTO pos_promotion_h VALUES("IATT190004225","NPRM18000021","DISC ITEM","1","52000","MENANG BANYAK","IAT0812191016","PAID","NHO2018000007"),
("IATT190004226","NPRM18000021","DISC ITEM","1","66500","MENANG BANYAK","IAT0812191016","PAID","NHO2018000007"),
("IATT190004227","NPRM18000021","DISC ITEM","1","35000","MENANG BANYAK","IAT0812191016","PAID","NHO2018000007"),
("IATT190004228","NPRM18000021","DISC ITEM","1","45000","MENANG BANYAK","IAT0812191016","PAID","NHO2018000007"),
("IATT190004229","NPRM18000021","DISC ITEM","1","41500","MENANG BANYAK","IAT0812191016","PAID","NHO2018000007"),
("IATT190004231","NPRM18000021","DISC ITEM","1","52500","MENANG BANYAK","IAT0812191016","PAID","NHO2018000007"),
("IATT190004233","NPRM18000021","DISC ITEM","1","51000","MENANG BANYAK","IAT0812191016","PAID","NHO2018000007"),
("IATT190004235","NPRM18000021","DISC ITEM","1","36500","MENANG BANYAK","IAT0812191016","PAID","NHO2018000007"),
("IATT190004237","NPRM18000021","DISC ITEM","1","43500","MENANG BANYAK","IAT0812191016","PAID","NHO2018000007"),
("IATT190004240","NPRM18000021","DISC ITEM","1","38000","MENANG BANYAK","IAT0812191016","PAID","NHO2018000007");



INSERT INTO pos_promotion_d VALUES("IATT190004225","NPRM18000021","DISC ITEM","1","1","193011","1","20000","IAT0812191016","PAID","NHO2018000007"),
("IATT190004225","NPRM18000021","DISC ITEM","1","1","193006","1","18500","IAT0812191016","PAID","NHO2018000007"),
("IATT190004225","NPRM18000021","DISC ITEM","1","1","193030","1","13500","IAT0812191016","PAID","NHO2018000007"),
("IATT190004226","NPRM18000021","DISC ITEM","1","1","193006","1","18500","IAT0812191016","PAID","NHO2018000007"),
("IATT190004226","NPRM18000021","DISC ITEM","1","1","193029","1","13500","IAT0812191016","PAID","NHO2018000007"),
("IATT190004226","NPRM18000021","DISC ITEM","1","1","193035","1","16000","IAT0812191016","PAID","NHO2018000007"),
("IATT190004226","NPRM18000021","DISC ITEM","1","1","193034","1","18500","IAT0812191016","PAID","NHO2018000007"),
("IATT190004227","NPRM18000021","DISC ITEM","1","1","193077","1","15000","IAT0812191016","PAID","NHO2018000007"),
("IATT190004227","NPRM18000021","DISC ITEM","1","1","193030","1","13500","IAT0812191016","PAID","NHO2018000007"),
("IATT190004227","NPRM18000021","DISC ITEM","1","1","193069","1","6500","IAT0812191016","PAID","NHO2018000007"),
("IATT190004228","NPRM18000021","DISC ITEM","1","1","193082","1","15000","IAT0812191016","PAID","NHO2018000007"),
("IATT190004228","NPRM18000021","DISC ITEM","1","1","193082","2","15000","IAT0812191016","PAID","NHO2018000007"),
("IATT190004228","NPRM18000021","DISC ITEM","1","1","193082","3","15000","IAT0812191016","PAID","NHO2018000007"),
("IATT190004229","NPRM18000021","DISC ITEM","1","1","193084","1","15000","IAT0812191016","PAID","NHO2018000007"),
("IATT190004229","NPRM18000021","DISC ITEM","1","1","193011","1","20000","IAT0812191016","PAID","NHO2018000007"),
("IATT190004229","NPRM18000021","DISC ITEM","1","1","193070","1","6500","IAT0812191016","PAID","NHO2018000007"),
("IATT190004231","NPRM18000021","DISC ITEM","1","1","193030","1","13500","IAT0812191016","PAID","NHO2018000007"),
("IATT190004231","NPRM18000021","DISC ITEM","1","1","193039","1","18000","IAT0812191016","PAID","NHO2018000007"),
("IATT190004231","NPRM18000021","DISC ITEM","1","1","193033","1","21000","IAT0812191016","PAID","NHO2018000007"),
("IATT190004233","NPRM18000021","DISC ITEM","1","1","193011","1","20000","IAT0812191016","PAID","NHO2018000007"),
("IATT190004233","NPRM18000021","DISC ITEM","1","1","193084","1","15000","IAT0812191016","PAID","NHO2018000007"),
("IATT190004233","NPRM18000021","DISC ITEM","1","1","193035","1","16000","IAT0812191016","PAID","NHO2018000007"),
("IATT190004235","NPRM18000021","DISC ITEM","1","1","193076","1","15000","IAT0812191016","PAID","NHO2018000007"),
("IATT190004235","NPRM18000021","DISC ITEM","1","1","193082","1","15000","IAT0812191016","PAID","NHO2018000007"),
("IATT190004235","NPRM18000021","DISC ITEM","1","1","193069","1","6500","IAT0812191016","PAID","NHO2018000007"),
("IATT190004237","NPRM18000021","DISC ITEM","1","1","193085","1","15000","IAT0812191016","PAID","NHO2018000007"),
("IATT190004237","NPRM18000021","DISC ITEM","1","1","193082","1","15000","IAT0812191016","PAID","NHO2018000007"),
("IATT190004237","NPRM18000021","DISC ITEM","1","1","193030","1","13500","IAT0812191016","PAID","NHO2018000007"),
("IATT190004240","NPRM18000021","DISC ITEM","1","1","193084","1","15000","IAT0812191016","PAID","NHO2018000007"),
("IATT190004240","NPRM18000021","DISC ITEM","1","1","193086","1","16500","IAT0812191016","PAID","NHO2018000007"),
("IATT190004240","NPRM18000021","DISC ITEM","1","1","193069","1","6500","IAT0812191016","PAID","NHO2018000007");



INSERT INTO pos_paymenttemp VALUES("IATT190004225","CASH","CASH","90200","100000","ISU000004","2019-12-08","","1","","CLOSED","IAT0812191016","NHO2018000007"),
("IATT190004227","CARD","DEBIT BCA","57200","57200","ISU000004","2019-12-08","","1","","CLOSED","IAT0812191016","NHO2018000007"),
("IATT190004226","CASH","CASH","106150","110000","ISU000004","2019-12-08","","1","","CLOSED","IAT0812191016","NHO2018000007"),
("IATT190004228","CASH","CASH","49500","100000","ISU000004","2019-12-08","","1","","CLOSED","IAT0812191016","NHO2018000007"),
("IATT190004230","CASH","CASH","127600","150000","ISU000004","2019-12-08","","1","","CLOSED","IAT0812191016","NHO2018000007"),
("IATT190004229","CASH","CASH","83050","100000","ISU000006","2019-12-08","","1","","CLOSED","IAT0812191016","NHO2018000007"),
("IATT190004231","CASH","CASH","141350","200000","ISU000006","2019-12-08","","1","","CLOSED","IAT0812191016","NHO2018000007"),
("IATT190004232","CASH","OVO","58300","58300","ISU000006","2019-12-08","","1","","CLOSED","IAT0812191016","NHO2018000007"),
("IATT190004234","CASH","CASH","58300","100000","ISU000006","2019-12-08","","1","","CLOSED","IAT0812191016","NHO2018000007"),
("IATT190004235","CASH","CASH","77550","100000","ISU000006","2019-12-08","","1","","CLOSED","IAT0812191016","NHO2018000007"),
("IATT190004233","CASH","CASH","78100","100000","ISU000006","2019-12-08","","1","","CLOSED","IAT0812191016","NHO2018000007"),
("IATT190004236","CASH","CASH","144100","150000","ISU000006","2019-12-08","","1","","CLOSED","IAT0812191016","NHO2018000007"),
("IATT190004237","CASH","CASH","58850","100000","ISU000006","2019-12-08","","1","","CLOSED","IAT0812191016","NHO2018000007"),
("IATT190004238","CARD","VISA","288200","288200","ISU000006","2019-12-08","","1","","CLOSED","IAT0812191016","NHO2018000007"),
("IATT190004240","CASH","CASH","85800","100000","ISU000006","2019-12-08","","1","","CLOSED","IAT0812191016","NHO2018000007"),
("IATT190004239","CASH","CASH","117700","120000","ISU000006","2019-12-08","","1","","CLOSED","IAT0812191016","NHO2018000007");



