INSERT INTO pos_itemtemp VALUES("IATT190004141","193082","191001","192001","30000","1","30000","15000","15000","1","1","1","IAT0312190952","NHO2018000007","PAID","","193082"),
("IATT190004141","193007","191001","192001","37000","1","37000","18500","18500","1","1","1","IAT0312190952","NHO2018000007","PAID","lvl1","PEDAS"),
("IATT190004141","193069","191001","192012","13000","1","13000","6500","6500","1","1","1","IAT0312190952","NHO2018000007","PAID","","193069"),
("IATT190004141","193047","191002","192010","10000","1","10000","0","10000","1","1","1","IAT0312190952","NHO2018000007","PAID","","193047"),
("IATT190004141","193047","191002","192010","10000","1","10000","0","10000","2","1","1","IAT0312190952","NHO2018000007","PAID","","193047"),
("IATT190004142","193150","191001","192015","50818","1","50818","0","50818","1","1","1","IAT0312190952","NHO2018000007","PAID","mayones terpisah","193150"),
("IATT190004143","193039","191001","192006","36000","1","36000","0","36000","1","1","1","IAT0312190952","NHO2018000007","PAID","3 pedes bgttt 3 original ","PEDAS"),
("IATT190004143","193039","191001","192006","36000","1","36000","0","36000","2","1","1","IAT0312190952","NHO2018000007","PAID","","PEDAS"),
("IATT190004143","193039","191001","192006","36000","1","36000","0","36000","3","1","1","IAT0312190952","NHO2018000007","PAID","","PEDAS"),
("IATT190004143","193039","191001","192006","36000","1","36000","0","36000","4","1","1","IAT0312190952","NHO2018000007","PAID","","PEDAS"),
("IATT190004143","193039","191001","192006","36000","1","36000","0","36000","5","1","1","IAT0312190952","NHO2018000007","PAID","","PEDAS"),
("IATT190004143","193039","191001","192006","36000","1","36000","0","36000","6","1","1","IAT0312190952","NHO2018000007","PAID","","PEDAS"),
("IATT190004143","193114","191001","192006","42000","1","42000","0","42000","1","1","1","IAT0312190952","NHO2018000007","PAID","original ","193114"),
("IATT190004143","193070","191001","192012","13000","1","13000","0","13000","1","1","1","IAT0312190952","NHO2018000007","PAID","","193070"),
("IATT190004143","193047","191002","192010","10000","1","10000","0","10000","1","1","1","IAT0312190952","NHO2018000007","PAID","","193047"),
("IATT190004143","193047","191002","192010","10000","1","10000","0","10000","2","1","1","IAT0312190952","NHO2018000007","PAID","","193047"),
("IATT190004143","193047","191002","192010","10000","1","10000","0","10000","3","1","1","IAT0312190952","NHO2018000007","PAID","","193047"),
("IATT190004144","193007","191001","192001","37000","1","37000","18500","18500","1","1","1","IAT0312190952","NHO2018000007","PAID","lvl2\n","PEDAS"),
("IATT190004144","193007","191001","192001","37000","1","37000","18500","18500","2","1","1","IAT0312190952","NHO2018000007","PAID","","PEDAS"),
("IATT190004144","193009","191001","192001","40000","1","40000","20000","20000","1","1","1","IAT0312190952","NHO2018000007","PAID","","193009"),
("IATT190004144","193049","191002","192010","10000","1","10000","0","10000","1","1","1","IAT0312190952","NHO2018000007","PAID","","193049"),
("IATT190004144","193047","191002","192010","10000","1","10000","0","10000","1","1","1","IAT0312190952","NHO2018000007","PAID","","193047"),
("IATT190004144","193046","191002","192010","10000","1","10000","0","10000","1","1","1","IAT0312190952","NHO2018000007","PAID","","193046"),
("IATT190004145","193005","191001","192001","37000","1","37000","0","37000","1","1","1","IAT0312190952","NHO2018000007","PAID","","193005"),
("IATT190004145","193005","191001","192001","37000","1","37000","0","37000","2","1","1","IAT0312190952","NHO2018000007","PAID","","193005"),
("IATT190004145","193114","191001","192006","42000","1","42000","0","42000","1","1","1","IAT0312190952","NHO2018000007","PAID","","193114"),
("IATT190004145","193033","191001","192005","42000","1","42000","0","42000","1","1","1","IAT0312190952","NHO2018000007","PAID","","193033"),
("IATT190004145","193048","191002","192010","8000","1","8000","0","8000","1","1","1","IAT0312190952","NHO2018000007","PAID","","193048"),
("IATT190004145","193048","191002","192010","8000","1","8000","0","8000","2","1","1","IAT0312190952","NHO2018000007","PAID","","193048"),
("IATT190004145","193048","191002","192010","8000","1","8000","0","8000","3","1","1","IAT0312190952","NHO2018000007","PAID","","193048"),
("IATT190004145","193047","191002","192010","10000","1","10000","0","10000","1","1","1","IAT0312190952","NHO2018000007","PAID","","193047"),
("IATT190004145","193052","191002","192010","20000","1","20000","0","20000","1","1","1","IAT0312190952","NHO2018000007","PAID","","193052"),
("IATT190004146","193069","191001","192012","13000","1","13000","0","13000","1","1","1","IAT0312190952","NHO2018000007","PAID","","193069"),
("IATT190004146","193034","191001","192005","37000","1","37000","0","37000","1","1","1","IAT0312190952","NHO2018000007","PAID","","193034"),
("IATT190004146","193047","191002","192010","10000","1","10000","0","10000","1","1","1","IAT0312190952","NHO2018000007","PAID","","193047"),
("IATT190004146","193046","191002","192010","10000","1","10000","0","10000","1","1","1","IAT0312190952","NHO2018000007","PAID","","193046"),
("IATT190004146","193071","191001","192012","18000","1","18000","0","18000","1","1","2","IAT0312190952","NHO2018000007","PAID","","193071"),
("IATT190004147","193078","191001","192001","30000","1","30000","15000","15000","1","1","1","IAT0312190952","NHO2018000007","PAID","level 2","PEDAS"),
("IATT190004147","193078","191001","192001","30000","1","30000","15000","15000","2","1","1","IAT0312190952","NHO2018000007","PAID","","PEDAS"),
("IATT190004147","193078","191001","192001","30000","1","30000","15000","15000","3","1","1","IAT0312190952","NHO2018000007","PAID","","PEDAS"),
("IATT190004147","193078","191001","192001","30000","1","30000","15000","15000","4","1","2","IAT0312190952","NHO2018000007","PAID","","PEDAS"),
("IATT190004147","193078","191001","192001","30000","1","30000","15000","15000","5","1","2","IAT0312190952","NHO2018000007","PAID","","PEDAS"),
("IATT190004148","193011","191001","192001","40000","1","40000","0","40000","1","1","1","IAT0312190952","NHO2018000007","PAID","","PEDAS"),
("IATT190004148","193012","191001","192001","40000","1","40000","0","40000","1","1","1","IAT0312190952","NHO2018000007","PAID","","193012"),
("IATT190004148","193084","191001","192001","30000","1","30000","0","30000","1","1","1","IAT0312190952","NHO2018000007","PAID","","PEDAS"),
("IATT190004148","193047","191002","192010","10000","1","10000","0","10000","1","1","1","IAT0312190952","NHO2018000007","PAID","","193047"),
("IATT190004148","193048","191002","192010","8000","1","8000","0","8000","1","1","1","IAT0312190952","NHO2018000007","PAID","","193048"),
("IATT190004148","193048","191002","192010","8000","1","8000","0","8000","2","1","1","IAT0312190952","NHO2018000007","PAID","","193048"),
("IATT190004149","193011","191001","192001","40000","1","40000","20000","20000","1","1","1","IAT0312190952","NHO2018000007","PAID","","PEDAS"),
("IATT190004149","193011","191001","192001","40000","1","40000","20000","20000","2","1","1","IAT0312190952","NHO2018000007","PAID","","PEDAS"),
("IATT190004149","193052","191002","192010","20000","1","20000","0","20000","1","1","1","IAT0312190952","NHO2018000007","PAID","","193052"),
("IATT190004149","193054","191002","192010","20000","1","20000","0","20000","1","1","1","IAT0312190952","NHO2018000007","PAID","","193054"),
("IATT190004150","193078","191001","192001","30000","1","30000","0","30000","1","1","1","IAT0312190952","NHO2018000007","PAID","","PEDAS"),
("IATT190004150","193113","191001","192003","55000","1","55000","0","55000","1","1","1","IAT0312190952","NHO2018000007","PAID","","193113"),
("IATT190004150","193052","191002","192010","20000","1","20000","0","20000","1","1","1","IAT0312190952","NHO2018000007","PAID","","193052"),
("IATT190004151","193084","191001","192001","30000","1","30000","0","30000","1","1","1","IAT0312190952","NHO2018000007","PAID","","ORIGINAL"),
("IATT190004151","193047","191002","192010","10000","1","10000","0","10000","1","1","1","IAT0312190952","NHO2018000007","PAID","","193047"),
("IATT190004152","193084","191001","192001","30000","1","30000","0","30000","1","1","1","IAT0312190952","NHO2018000007","PAID","","PEDAS"),
("IATT190004152","193022","191001","192003","30000","1","30000","0","30000","1","1","1","IAT0312190952","NHO2018000007","PAID","","193022"),
("IATT190004152","193027","191001","192003","43000","1","43000","0","43000","1","1","1","IAT0312190952","NHO2018000007","PAID","","193027"),
("IATT190004152","193034","191001","192005","37000","1","37000","0","37000","1","1","1","IAT0312190952","NHO2018000007","PAID","","193034"),
("IATT190004152","193111","191001","192008","25000","1","25000","0","25000","1","1","1","IAT0312190952","NHO2018000007","PAID","","193111"),
("IATT190004152","193055","191002","192010","17000","1","17000","0","17000","1","1","1","IAT0312190952","NHO2018000007","PAID","","193055"),
("IATT190004152","193055","191002","192010","17000","1","17000","0","17000","2","1","1","IAT0312190952","NHO2018000007","PAID","","193055"),
("IATT190004152","193055","191002","192010","17000","1","17000","0","17000","3","1","1","IAT0312190952","NHO2018000007","PAID","","193055"),
("IATT190004153","193049","191002","192010","10000","1","10000","0","10000","1","1","1","IAT0312190952","NHO2018000007","PAID","","193049"),
("IATT190004153","193084","191001","192001","30000","1","30000","15000","15000","1","1","2","IAT0312190952","NHO2018000007","PAID","","PEDAS"),
("IATT190004153","193069","191001","192012","13000","1","13000","6500","6500","1","1","2","IAT0312190952","NHO2018000007","PAID","","193069"),
("IATT190004154","193012","191001","192001","40000","1","40000","20000","20000","1","1","1","IAT0312190952","NHO2018000007","PAID","","193012"),
("IATT190004154","193033","191001","192005","42000","1","42000","21000","21000","1","1","1","IAT0312190952","NHO2018000007","PAID","","193033"),
("IATT190004154","193023","191001","192003","30000","1","30000","0","30000","1","1","1","IAT0312190952","NHO2018000007","PAID","","193023"),
("IATT190004154","193118","191001","192012","20000","1","20000","0","20000","1","1","1","IAT0312190952","NHO2018000007","PAID","","193118"),
("IATT190004154","193055","191002","192010","17000","1","17000","0","17000","1","1","1","IAT0312190952","NHO2018000007","PAID","","193055"),
("IATT190004154","193055","191002","192010","17000","1","17000","0","17000","2","1","1","IAT0312190952","NHO2018000007","PAID","","193055"),
("IATT190004154","193048","191002","192010","8000","1","8000","0","8000","1","1","1","IAT0312190952","NHO2018000007","PAID","","193048");



INSERT INTO pos_salestemp VALUES("IATT190004141","","2","100000","40000","6000","0","66000","100000","03/12/2019","11:35","2019-12-03","13:20:13","ISU000006","tbl0012","CLOSED","1","","IATR190004020","","","","","IAT0312190952","NHO2018000007"),
("IATT190004142","","1","50818","0","5082","0","55900","55900","03/12/2019","11:45","2019-12-03","11:47:14","ISU000006","tbl0015","CLOSED","1","","IATR190004019","","","","","IAT0312190952","NHO2018000007"),
("IATT190004143","","4","301000","0","30100","0","331100","332000","03/12/2019","12:35","2019-12-03","13:31:40","ISU000006","tbl0022","CLOSED","1","","IATR190004023","","","","","IAT0312190952","NHO2018000007"),
("IATT190004144","","3","144000","57000","8700","0","95700","100000","03/12/2019","12:46","2019-12-03","13:27:45","ISU000006","tbl0010","CLOSED","1","","IATR190004021","","","","","IAT0312190952","NHO2018000007"),
("IATT190004145","","4","212000","0","21200","0","233200","233200","03/12/2019","12:48","2019-12-03","13:30:50","ISU000006","tbl0011","CLOSED","1","","IATR190004022","","","","","IAT0312190952","NHO2018000007"),
("IATT190004146","","2","88000","0","8800","0","96800","100000","03/12/2019","12:59","2019-12-03","13:34:23","ISU000006","tbl0005","CLOSED","1","","IATR190004024","","","","","IAT0312190952","NHO2018000007"),
("IATT190004147","","2","150000","75000","7500","0","82500","100000","03/12/2019","15:10","2019-12-03","16:25:17","ISU000006","tbl0012","CLOSED","1","","IATR190004026","","","","","IAT0312190952","NHO2018000007"),
("IATT190004148","","3","136000","0","13600","0","149600","149600","03/12/2019","15:21","2019-12-03","15:52:41","ISU000006","tbl0022","CLOSED","1","","IATR190004025","","","","","IAT0312190952","NHO2018000007"),
("IATT190004149","","2","120000","40000","8000","0","88000","100000","03/12/2019","16:16","2019-12-03","16:59:45","ISU000006","tbl0010","CLOSED","1","","IATR190004027","","","","","IAT0312190952","NHO2018000007"),
("IATT190004150","","1","105000","0","10500","0","115500","120000","03/12/2019","18:10","2019-12-03","18:50:43","ISU000006","tbl0012","CLOSED","1","","IATR190004028","","","","","IAT0312190952","NHO2018000007"),
("IATT190004151","","1","40000","0","4000","0","44000","44000","03/12/2019","18:31","2019-12-03","19:01:08","ISU000006","tbl0001","CLOSED","1","","IATR190004029","","","","","IAT0312190952","NHO2018000007"),
("IATT190004152","","4","216000","0","21600","0","237600","250000","03/12/2019","19:12","2019-12-03","19:56:35","ISU000006","tbl0010","CLOSED","1","","IATR190004030","","","","","IAT0312190952","NHO2018000007"),
("IATT190004153","","1","53000","21500","3150","0","34650","50000","03/12/2019","19:15","2019-12-03","20:00:45","ISU000006","tbl0011","CLOSED","1","","IATR190004031","","","","","IAT0312190952","NHO2018000007"),
("IATT190004154","","3","174000","41000","13300","0","146300","150000","03/12/2019","20:29","2019-12-03","21:31:13","ISU000006","tbl0012","CLOSED","1","","IATR190004032","","","","","IAT0312190952","NHO2018000007");



INSERT INTO item_void VALUES("IATT190004146","IAT0312190952","NHO2018000007","193070","193070","1","13000","Before Send","Komplen Customer"),
("IATT190004153","IAT0312190952","NHO2018000007","193007","PEDAS","1","37000","Before Send","Komplen Customer");



INSERT INTO pos_promotion_h VALUES("IATT190004141","NPRM18000021","DISC ITEM","1","40000","MENANG BANYAK","IAT0312190952","PAID","NHO2018000007"),
("IATT190004144","NPRM18000021","DISC ITEM","1","57000","MENANG BANYAK","IAT0312190952","PAID","NHO2018000007"),
("IATT190004147","NPRM18000021","DISC ITEM","1","75000","MENANG BANYAK","IAT0312190952","PAID","NHO2018000007"),
("IATT190004149","NPRM18000021","DISC ITEM","1","40000","MENANG BANYAK","IAT0312190952","PAID","NHO2018000007"),
("IATT190004153","NPRM18000021","DISC ITEM","1","21500","MENANG BANYAK","IAT0312190952","PAID","NHO2018000007"),
("IATT190004154","NPRM18000021","DISC ITEM","1","41000","MENANG BANYAK","IAT0312190952","PAID","NHO2018000007");



INSERT INTO pos_promotion_d VALUES("IATT190004141","NPRM18000021","DISC ITEM","1","1","193082","1","15000","IAT0312190952","PAID","NHO2018000007"),
("IATT190004141","NPRM18000021","DISC ITEM","1","1","193007","1","18500","IAT0312190952","PAID","NHO2018000007"),
("IATT190004141","NPRM18000021","DISC ITEM","1","1","193069","1","6500","IAT0312190952","PAID","NHO2018000007"),
("IATT190004144","NPRM18000021","DISC ITEM","1","1","193007","1","18500","IAT0312190952","PAID","NHO2018000007"),
("IATT190004144","NPRM18000021","DISC ITEM","1","1","193007","2","18500","IAT0312190952","PAID","NHO2018000007"),
("IATT190004144","NPRM18000021","DISC ITEM","1","1","193009","1","20000","IAT0312190952","PAID","NHO2018000007"),
("IATT190004147","NPRM18000021","DISC ITEM","1","1","193078","1","15000","IAT0312190952","PAID","NHO2018000007"),
("IATT190004147","NPRM18000021","DISC ITEM","1","1","193078","2","15000","IAT0312190952","PAID","NHO2018000007"),
("IATT190004147","NPRM18000021","DISC ITEM","1","1","193078","3","15000","IAT0312190952","PAID","NHO2018000007"),
("IATT190004147","NPRM18000021","DISC ITEM","1","1","193078","4","15000","IAT0312190952","PAID","NHO2018000007"),
("IATT190004147","NPRM18000021","DISC ITEM","1","1","193078","5","15000","IAT0312190952","PAID","NHO2018000007"),
("IATT190004149","NPRM18000021","DISC ITEM","1","1","193011","1","20000","IAT0312190952","PAID","NHO2018000007"),
("IATT190004149","NPRM18000021","DISC ITEM","1","1","193011","2","20000","IAT0312190952","PAID","NHO2018000007"),
("IATT190004153","NPRM18000021","DISC ITEM","1","1","193084","1","15000","IAT0312190952","PAID","NHO2018000007"),
("IATT190004153","NPRM18000021","DISC ITEM","1","1","193069","1","6500","IAT0312190952","PAID","NHO2018000007"),
("IATT190004154","NPRM18000021","DISC ITEM","1","1","193012","1","20000","IAT0312190952","PAID","NHO2018000007"),
("IATT190004154","NPRM18000021","DISC ITEM","1","1","193033","1","21000","IAT0312190952","PAID","NHO2018000007");



INSERT INTO pos_paymenttemp VALUES("IATT190004142","CASH","GOPAY","55900","55900","ISU000006","2019-12-03","","1","","CLOSED","IAT0312190952","NHO2018000007"),
("IATT190004141","CASH","CASH","66000","100000","ISU000006","2019-12-03","","1","","CLOSED","IAT0312190952","NHO2018000007"),
("IATT190004144","CASH","CASH","95700","100000","ISU000006","2019-12-03","","1","","CLOSED","IAT0312190952","NHO2018000007"),
("IATT190004145","CARD","DEBIT BCA","233200","233200","ISU000006","2019-12-03","","1","","CLOSED","IAT0312190952","NHO2018000007"),
("IATT190004143","CASH","CASH","331100","332000","ISU000006","2019-12-03","","1","","CLOSED","IAT0312190952","NHO2018000007"),
("IATT190004146","CASH","CASH","96800","100000","ISU000006","2019-12-03","","1","","CLOSED","IAT0312190952","NHO2018000007"),
("IATT190004148","CARD","DEBIT BCA","149600","149600","ISU000006","2019-12-03","","1","","CLOSED","IAT0312190952","NHO2018000007"),
("IATT190004147","CASH","CASH","82500","100000","ISU000006","2019-12-03","","1","","CLOSED","IAT0312190952","NHO2018000007"),
("IATT190004149","CASH","CASH","88000","100000","ISU000006","2019-12-03","","1","","CLOSED","IAT0312190952","NHO2018000007"),
("IATT190004150","CASH","CASH","115500","120000","ISU000006","2019-12-03","","1","","CLOSED","IAT0312190952","NHO2018000007"),
("IATT190004151","CASH","OVO","44000","44000","ISU000006","2019-12-03","","1","","CLOSED","IAT0312190952","NHO2018000007"),
("IATT190004152","CASH","CASH","237600","250000","ISU000006","2019-12-03","","1","","CLOSED","IAT0312190952","NHO2018000007"),
("IATT190004153","CASH","CASH","34650","50000","ISU000006","2019-12-03","","1","","CLOSED","IAT0312190952","NHO2018000007"),
("IATT190004154","CASH","CASH","146300","150000","ISU000006","2019-12-03","","1","","CLOSED","IAT0312190952","NHO2018000007");



