INSERT INTO pos_itemtemp VALUES("IATT190001743","193030","191001","192004","27000","1","27000","0","27000","1","1","1","IAT0308190950","NHO2018000007","PAID","","193030"),
("IATT190001743","193055","191002","192010","17000","1","17000","0","17000","1","1","1","IAT0308190950","NHO2018000007","PAID","","193055"),
("IATT190001743","193051","191002","192010","20000","1","20000","0","20000","1","1","1","IAT0308190950","NHO2018000007","PAID","","193051"),
("IATT190001743","193083","191001","192001","30000","1","30000","0","30000","1","1","2","IAT0308190950","NHO2018000007","PAID","","193083"),
("IATT190001743","193069","191001","192012","13000","1","13000","0","13000","1","1","2","IAT0308190950","NHO2018000007","PAID","","193069"),
("IATT190001744","193009","191001","192001","40000","1","40000","10000","30000","1","1","1","IAT0308190950","NHO2018000007","PAID","minta sambel pisah\nkatsu pisah ya guys\nthanks","193009"),
("IATT190001744","193009","191001","192001","40000","1","40000","10000","30000","2","1","1","IAT0308190950","NHO2018000007","PAID","","193009"),
("IATT190001744","193052","191002","192010","20000","1","20000","0","20000","1","1","1","IAT0308190950","NHO2018000007","PAID","","193052"),
("IATT190001744","193052","191002","192010","20000","1","20000","0","20000","2","1","2","IAT0308190950","NHO2018000007","PAID","","193052"),
("IATT190001745","193009","191001","192001","40000","1","40000","10000","30000","1","1","1","IAT0308190950","NHO2018000007","PAID","katsu pisah ya\nlvl 3\nyg 1 original ya","193009"),
("IATT190001745","193082","191001","192001","30000","1","30000","7500","22500","1","1","1","IAT0308190950","NHO2018000007","PAID","","193082"),
("IATT190001745","193009","191001","192001","40000","1","40000","10000","30000","2","1","1","IAT0308190950","NHO2018000007","PAID","","193009"),
("IATT190001745","193054","191002","192010","20000","1","20000","0","20000","1","1","1","IAT0308190950","NHO2018000007","PAID","","193054"),
("IATT190001745","193056","191002","192010","17000","1","17000","0","17000","1","1","1","IAT0308190950","NHO2018000007","PAID","","193056"),
("IATT190001745","193048","191002","192010","8000","1","8000","0","8000","1","1","1","IAT0308190950","NHO2018000007","PAID","","193048"),
("IATT190001745","193056","191002","192010","17000","1","17000","0","17000","2","1","2","IAT0308190950","NHO2018000007","PAID","","193056"),
("IATT190001746","193009","191001","192001","40000","1","40000","10000","30000","1","1","1","IAT0308190950","NHO2018000007","PAID","","193009"),
("IATT190001746","193054","191002","192010","20000","1","20000","0","20000","1","1","1","IAT0308190950","NHO2018000007","PAID","","193054"),
("IATT190001745","193082","191001","192001","30000","1","30000","7500","22500","2","1","3","IAT0308190950","NHO2018000007","PAID","","193082"),
("IATT190001747","193084","191001","192001","30000","1","30000","7500","22500","1","1","1","IAT0308190950","NHO2018000007","PAID","pedas sedang ya","PEDAS"),
("IATT190001747","193083","191001","192001","30000","1","30000","7500","22500","1","1","1","IAT0308190950","NHO2018000007","PAID","","193083"),
("IATT190001747","193055","191002","192010","17000","1","17000","0","17000","1","1","1","IAT0308190950","NHO2018000007","PAID","","193055"),
("IATT190001747","193055","191002","192010","17000","1","17000","0","17000","2","1","1","IAT0308190950","NHO2018000007","PAID","","193055"),
("IATT190001747","193055","191002","192010","17000","1","17000","0","17000","3","1","1","IAT0308190950","NHO2018000007","PAID","","193055"),
("IATT190001747","193084","191001","192001","30000","1","30000","7500","22500","2","1","2","IAT0308190950","NHO2018000007","PAID","yg tdi y","PEDAS"),
("IATT190001748","193027","191001","192003","43000","1","43000","0","43000","1","1","1","IAT0308190950","NHO2018000007","PAID","","193027"),
("IATT190001748","193028","191001","192003","43000","1","43000","0","43000","1","1","1","IAT0308190950","NHO2018000007","PAID","","193028"),
("IATT190001748","193070","191001","192012","13000","1","13000","0","13000","1","1","1","IAT0308190950","NHO2018000007","PAID","","193070"),
("IATT190001748","193054","191002","192010","20000","1","20000","0","20000","1","1","1","IAT0308190950","NHO2018000007","PAID","","193054"),
("IATT190001748","193054","191002","192010","20000","1","20000","0","20000","2","1","1","IAT0308190950","NHO2018000007","PAID","","193054"),
("IATT190001747","193048","191002","192010","8000","1","8000","0","8000","1","1","3","IAT0308190950","NHO2018000007","PAID","","193048"),
("IATT190001748","193048","191002","192010","8000","1","8000","0","8000","1","1","2","IAT0308190950","NHO2018000007","PAID","","193048"),
("IATT190001749","193009","191001","192001","40000","1","40000","0","40000","1","1","1","IAT0308190950","NHO2018000007","PAID","katsu pisah ya\nthanks","193009"),
("IATT190001749","193010","191001","192001","40000","1","40000","0","40000","1","1","1","IAT0308190950","NHO2018000007","PAID","katsu pisah jg ya","193010"),
("IATT190001749","193055","191002","192010","17000","1","17000","0","17000","1","1","1","IAT0308190950","NHO2018000007","PAID","","193055"),
("IATT190001749","193055","191002","192010","17000","1","17000","0","17000","2","1","1","IAT0308190950","NHO2018000007","PAID","","193055"),
("IATT190001749","193086","191001","192002","33000","1","33000","0","33000","1","1","1","IAT0308190950","NHO2018000007","PAID","","ORIGINAL"),
("IATT190001749","193052","191002","192010","20000","1","20000","0","20000","1","1","1","IAT0308190950","NHO2018000007","PAID","","193052"),
("IATT190001748","193054","191002","192010","20000","1","20000","0","20000","3","1","3","IAT0308190950","NHO2018000007","PAID","","193054"),
("IATT190001750","193030","191001","192004","27000","1","27000","6750","20250","1","1","1","IAT0308190950","NHO2018000007","PAID","","193030"),
("IATT190001750","193046","191002","192010","8000","1","8000","0","8000","1","1","1","IAT0308190950","NHO2018000007","PAID","","193046"),
("IATT190001750","193069","191001","192012","13000","1","13000","0","13000","1","1","2","IAT0308190950","NHO2018000007","PAID","","193069"),
("IATT190001751","193082","191001","192001","30000","1","30000","7500","22500","1","1","1","IAT0308190950","NHO2018000007","PAID","","193082"),
("IATT190001751","193084","191001","192001","30000","1","30000","7500","22500","1","1","1","IAT0308190950","NHO2018000007","PAID","","PEDAS"),
("IATT190001751","193022","191001","192003","30000","1","30000","7500","22500","1","1","1","IAT0308190950","NHO2018000007","PAID","","193022"),
("IATT190001751","193055","191002","192010","17000","1","17000","0","17000","1","1","1","IAT0308190950","NHO2018000007","PAID","","193055"),
("IATT190001751","193046","191002","192010","8000","1","8000","0","8000","1","1","1","IAT0308190950","NHO2018000007","PAID","","193046"),
("IATT190001751","193054","191002","192010","20000","1","20000","0","20000","1","1","1","IAT0308190950","NHO2018000007","PAID","","193054"),
("IATT190001753","193084","191001","192001","30000","1","30000","15000","15000","1","1","1","IAT0308190950","NHO2018000007","PAID","sedang","PEDAS"),
("IATT190001753","193011","191001","192001","40000","1","40000","20000","20000","1","1","1","IAT0308190950","NHO2018000007","PAID","lvl 2","PEDAS"),
("IATT190001753","193083","191001","192001","30000","1","30000","15000","15000","1","1","1","IAT0308190950","NHO2018000007","PAID","","193083"),
("IATT190001753","193036","191001","192006","36000","1","36000","18000","18000","1","1","1","IAT0308190950","NHO2018000007","PAID","sedang","PEDAS"),
("IATT190001753","193072","191001","192012","25000","1","25000","12500","12500","1","1","1","IAT0308190950","NHO2018000007","PAID","","193072"),
("IATT190001753","193052","191002","192010","20000","1","20000","0","20000","1","1","1","IAT0308190950","NHO2018000007","PAID","","193052"),
("IATT190001753","193052","191002","192010","20000","1","20000","0","20000","2","1","1","IAT0308190950","NHO2018000007","PAID","","193052"),
("IATT190001753","193050","191002","192010","20000","1","20000","0","20000","1","1","1","IAT0308190950","NHO2018000007","PAID","","193050"),
("IATT190001753","193054","191002","192010","20000","1","20000","0","20000","1","1","1","IAT0308190950","NHO2018000007","PAID","","193054"),
("IATT190001753","193035","191001","192006","32000","1","32000","16000","16000","1","1","2","IAT0308190950","NHO2018000007","PAID","pedes sedang ya\nthanks","PEDAS"),
("IATT190001753","193072","191001","192012","25000","1","25000","12500","12500","2","1","2","IAT0308190950","NHO2018000007","PAID","","193072"),
("IATT190001754","193036","191001","192006","36000","1","36000","0","36000","1","1","1","IAT0308190950","NHO2018000007","PAID","","ORIGINAL"),
("IATT190001754","193085","191001","192001","30000","1","30000","0","30000","1","1","1","IAT0308190950","NHO2018000007","PAID","lvl 3","193085"),
("IATT190001754","193078","191001","192001","30000","1","30000","0","30000","1","1","1","IAT0308190950","NHO2018000007","PAID","lvl 2","PEDAS"),
("IATT190001754","193048","191002","192010","8000","1","8000","0","8000","1","1","1","IAT0308190950","NHO2018000007","PAID","","193048"),
("IATT190001754","193048","191002","192010","8000","1","8000","0","8000","2","1","1","IAT0308190950","NHO2018000007","PAID","","193048"),
("IATT190001755","193022","191001","192003","30000","1","30000","7500","22500","1","1","1","IAT0308190950","NHO2018000007","PAID","","193022"),
("IATT190001755","193033","191001","192005","42000","1","42000","10500","31500","1","1","1","IAT0308190950","NHO2018000007","PAID","","193033"),
("IATT190001755","193032","191001","192004","30000","1","30000","7500","22500","1","1","1","IAT0308190950","NHO2018000007","PAID","","193032"),
("IATT190001755","193054","191002","192010","20000","1","20000","0","20000","2","1","1","IAT0308190950","NHO2018000007","PAID","","193054"),
("IATT190001755","193052","191002","192010","20000","1","20000","0","20000","1","1","1","IAT0308190950","NHO2018000007","PAID","","193052"),
("IATT190001755","193053","191002","192010","20000","1","20000","0","20000","1","1","1","IAT0308190950","NHO2018000007","PAID","","193053"),
("IATT190001756","193015","191001","192002","33000","1","33000","8250","24750","1","1","1","IAT0308190950","NHO2018000007","PAID","","ORIGINAL"),
("IATT190001756","193056","191002","192010","17000","1","17000","0","17000","1","1","1","IAT0308190950","NHO2018000007","PAID","","193056"),
("IATT190001756","193056","191002","192010","17000","1","17000","0","17000","2","1","1","IAT0308190950","NHO2018000007","PAID","","193056"),
("IATT190001756","193028","191001","192003","43000","1","43000","10750","32250","1","1","1","IAT0308190950","NHO2018000007","PAID","","193028"),
("IATT190001756","193009","191001","192001","40000","1","40000","10000","30000","1","1","1","IAT0308190950","NHO2018000007","PAID","","193009"),
("IATT190001756","193051","191002","192010","20000","1","20000","0","20000","1","1","1","IAT0308190950","NHO2018000007","PAID","","193051"),
("IATT190001756","193054","191002","192010","20000","1","20000","0","20000","1","1","1","IAT0308190950","NHO2018000007","PAID","","193054"),
("IATT190001757","193022","191001","192003","30000","1","30000","0","30000","1","1","1","IAT0308190950","NHO2018000007","PAID","","193022"),
("IATT190001757","193022","191001","192003","30000","1","30000","0","30000","2","1","1","IAT0308190950","NHO2018000007","PAID","","193022"),
("IATT190001757","193022","191001","192003","30000","1","30000","0","30000","3","1","1","IAT0308190950","NHO2018000007","PAID","","193022"),
("IATT190001757","193022","191001","192003","30000","1","30000","0","30000","4","1","1","IAT0308190950","NHO2018000007","PAID","","193022"),
("IATT190001757","193046","191002","192010","8000","1","8000","0","8000","1","1","1","IAT0308190950","NHO2018000007","PAID","","193046"),
("IATT190001757","193047","191002","192010","8000","1","8000","0","8000","1","1","1","IAT0308190950","NHO2018000007","PAID","","193047"),
("IATT190001757","193046","191002","192010","8000","1","8000","0","8000","2","1","1","IAT0308190950","NHO2018000007","PAID","","193046"),
("IATT190001757","193047","191002","192010","8000","1","8000","0","8000","2","1","1","IAT0308190950","NHO2018000007","PAID","","193047"),
("IATT190001758","193011","191001","192001","40000","1","40000","10000","30000","1","1","1","IAT0308190950","NHO2018000007","PAID","","PEDAS"),
("IATT190001758","193028","191001","192003","43000","1","43000","10750","32250","1","1","1","IAT0308190950","NHO2018000007","PAID","","193028"),
("IATT190001758","193046","191002","192010","8000","1","8000","0","8000","1","1","1","IAT0308190950","NHO2018000007","PAID","","193046"),
("IATT190001758","193055","191002","192010","17000","1","17000","0","17000","1","1","1","IAT0308190950","NHO2018000007","PAID","","193055"),
("IATT190001759","193077","191001","192001","30000","1","30000","7500","22500","1","1","1","IAT0308190950","NHO2018000007","PAID","","193077"),
("IATT190001759","193050","191002","192010","20000","1","20000","0","20000","1","1","1","IAT0308190950","NHO2018000007","PAID","","193050"),
("IATT190001760","193011","191001","192001","40000","1","40000","10000","30000","1","1","1","IAT0308190950","NHO2018000007","PAID","","PEDAS"),
("IATT190001760","193085","191001","192001","30000","1","30000","7500","22500","1","1","1","IAT0308190950","NHO2018000007","PAID","","193085"),
("IATT190001760","193055","191002","192010","17000","1","17000","0","17000","1","1","1","IAT0308190950","NHO2018000007","PAID","","193055"),
("IATT190001760","193054","191002","192010","20000","1","20000","0","20000","1","1","1","IAT0308190950","NHO2018000007","PAID","","193054"),
("IATT190001760","193069","191001","192012","13000","1","13000","0","13000","1","1","1","IAT0308190950","NHO2018000007","PAID","","193069"),
("IATT190001761","193041","191001","192008","20000","1","20000","0","20000","1","1","1","IAT0308190950","NHO2018000007","PAID","","193041"),
("IATT190001761","193022","191001","192003","30000","1","30000","0","30000","1","1","1","IAT0308190950","NHO2018000007","PAID","","193022"),
("IATT190001761","193049","191002","192010","10000","1","10000","0","10000","1","1","1","IAT0308190950","NHO2018000007","PAID","plus ice batu","193049"),
("IATT190001761","193049","191002","192010","10000","1","10000","0","10000","2","1","1","IAT0308190950","NHO2018000007","PAID","","193049"),
("IATT190001762","193048","191002","192010","8000","1","8000","0","8000","1","1","1","IAT0308190950","NHO2018000007","PAID","","193048"),
("IATT190001762","193055","191002","192010","17000","1","17000","0","17000","1","1","1","IAT0308190950","NHO2018000007","PAID","","193055"),
("IATT190001762","193022","191001","192003","30000","1","30000","0","30000","1","1","1","IAT0308190950","NHO2018000007","PAID","","193022"),
("IATT190001762","193024","191001","192003","30000","1","30000","0","30000","1","1","1","IAT0308190950","NHO2018000007","PAID","","193024"),
("IATT190001759","193048","191002","192010","8000","1","8000","0","8000","1","1","2","IAT0308190950","NHO2018000007","PAID","","193048"),
("IATT190001763","193046","191002","192010","8000","1","8000","0","8000","1","1","1","IAT0308190950","NHO2018000007","PAID","","193046"),
("IATT190001763","193084","191001","192001","30000","1","30000","9000","21000","1","1","1","IAT0308190950","NHO2018000007","PAID","","PEDAS"),
("IATT190001763","193083","191001","192001","30000","1","30000","9000","21000","1","1","1","IAT0308190950","NHO2018000007","PAID","","193083"),
("IATT190001764","193005","191001","192001","37000","1","37000","9250","27750","1","1","1","IAT0308190950","NHO2018000007","PAID","lvl 3","193005"),
("IATT190001764","193075","191003","192011","0","1","0","0","0","1","1","1","IAT0308190950","NHO2018000007","PAID","","193075"),
("IATT190001764","193008","191001","192001","37000","1","37000","9250","27750","1","1","1","IAT0308190950","NHO2018000007","PAID","lvl 3","193008"),
("IATT190001764","193075","191003","192011","0","1","0","0","0","2","1","1","IAT0308190950","NHO2018000007","PAID","","193075"),
("IATT190001764","193055","191002","192010","17000","1","17000","0","17000","1","1","1","IAT0308190950","NHO2018000007","PAID","","193055"),
("IATT190001764","193056","191002","192010","17000","1","17000","0","17000","1","1","1","IAT0308190950","NHO2018000007","PAID","","193056"),
("IATT190001765","193022","191001","192003","30000","1","30000","0","30000","1","1","1","IAT0308190950","NHO2018000007","PAID","","193022"),
("IATT190001765","193022","191001","192003","30000","1","30000","0","30000","2","1","1","IAT0308190950","NHO2018000007","PAID","","193022"),
("IATT190001765","193046","191002","192010","8000","1","8000","0","8000","1","1","1","IAT0308190950","NHO2018000007","PAID","","193046"),
("IATT190001765","193048","191002","192010","8000","1","8000","0","8000","1","1","1","IAT0308190950","NHO2018000007","PAID","","193048"),
("IATT190001756","193032","191001","192004","30000","1","30000","7500","22500","1","1","2","IAT0308190950","NHO2018000007","PAID","","193032"),
("IATT190001756","193048","191002","192010","8000","1","8000","0","8000","1","1","2","IAT0308190950","NHO2018000007","PAID","","193048"),
("IATT190001756","193050","191002","192010","20000","1","20000","0","20000","1","1","3","IAT0308190950","NHO2018000007","PAID","","193050"),
("IATT190001766","193022","191001","192003","30000","1","30000","0","30000","1","1","1","IAT0308190950","NHO2018000007","PAID","","193022"),
("IATT190001766","193022","191001","192003","30000","1","30000","0","30000","2","1","1","IAT0308190950","NHO2018000007","PAID","","193022"),
("IATT190001766","193024","191001","192003","30000","1","30000","0","30000","1","1","1","IAT0308190950","NHO2018000007","PAID","","193024"),
("IATT190001766","193049","191002","192010","10000","1","10000","0","10000","1","1","1","IAT0308190950","NHO2018000007","PAID","","193049"),
("IATT190001766","193049","191002","192010","10000","1","10000","0","10000","2","1","1","IAT0308190950","NHO2018000007","PAID","","193049"),
("IATT190001766","193048","191002","192010","8000","1","8000","0","8000","1","1","1","IAT0308190950","NHO2018000007","PAID","","193048"),
("IATT190001766","193048","191002","192010","8000","1","8000","0","8000","2","1","1","IAT0308190950","NHO2018000007","PAID","","193048"),
("IATT190001767","193083","191001","192001","30000","1","30000","7500","22500","1","1","1","IAT0308190950","NHO2018000007","PAID","","193083"),
("IATT190001767","193087","191001","192002","33000","1","33000","8250","24750","1","1","1","IAT0308190950","NHO2018000007","PAID","","193087"),
("IATT190001767","193005","191001","192001","37000","1","37000","9250","27750","1","1","1","IAT0308190950","NHO2018000007","PAID","","193005"),
("IATT190001767","193047","191002","192010","8000","1","8000","0","8000","1","1","1","IAT0308190950","NHO2018000007","PAID","","193047"),
("IATT190001767","193046","191002","192010","8000","1","8000","0","8000","1","1","1","IAT0308190950","NHO2018000007","PAID","","193046"),
("IATT190001767","193046","191002","192010","8000","1","8000","0","8000","2","1","1","IAT0308190950","NHO2018000007","PAID","","193046"),
("IATT190001766","193022","191001","192003","30000","1","30000","0","30000","3","1","2","IAT0308190950","NHO2018000007","PAID","","193022"),
("IATT190001766","193022","191001","192003","30000","1","30000","0","30000","4","1","2","IAT0308190950","NHO2018000007","PAID","","193022"),
("IATT190001768","193024","191001","192003","30000","1","30000","0","30000","1","1","1","IAT0308190950","NHO2018000007","PAID","","193024"),
("IATT190001768","193024","191001","192003","30000","1","30000","0","30000","2","1","1","IAT0308190950","NHO2018000007","PAID","","193024"),
("IATT190001768","193069","191001","192012","13000","1","13000","3900","9100","1","1","1","IAT0308190950","NHO2018000007","PAID","","193069"),
("IATT190001768","193069","191001","192012","13000","1","13000","3900","9100","2","1","1","IAT0308190950","NHO2018000007","PAID","","193069"),
("IATT190001768","193050","191002","192010","20000","1","20000","0","20000","1","1","1","IAT0308190950","NHO2018000007","PAID","","193050"),
("IATT190001768","193052","191002","192010","20000","1","20000","0","20000","1","1","1","IAT0308190950","NHO2018000007","PAID","","193052"),
("IATT190001769","193024","191001","192003","30000","1","30000","0","30000","1","1","1","IAT0308190950","NHO2018000007","PAID","","193024"),
("IATT190001769","193048","191002","192010","8000","1","8000","0","8000","1","1","1","IAT0308190950","NHO2018000007","PAID","ice batu","193048"),
("IATT190001770","193037","191001","192006","36000","1","36000","9000","27000","1","1","1","IAT0308190950","NHO2018000007","PAID","","ORIGINAL"),
("IATT190001770","193024","191001","192003","30000","1","30000","7500","22500","1","1","1","IAT0308190950","NHO2018000007","PAID","","193024"),
("IATT190001770","193022","191001","192003","30000","1","30000","7500","22500","1","1","1","IAT0308190950","NHO2018000007","PAID","","193022"),
("IATT190001770","193005","191001","192001","37000","1","37000","9250","27750","1","1","1","IAT0308190950","NHO2018000007","PAID","","193005"),
("IATT190001770","193049","191002","192010","10000","1","10000","0","10000","1","1","1","IAT0308190950","NHO2018000007","PAID","es btu","193049"),
("IATT190001770","193049","191002","192010","10000","1","10000","0","10000","2","1","1","IAT0308190950","NHO2018000007","PAID","","193049"),
("IATT190001770","193046","191002","192010","8000","1","8000","0","8000","1","1","1","IAT0308190950","NHO2018000007","PAID","","193046"),
("IATT190001770","193046","191002","192010","8000","1","8000","0","8000","2","1","1","IAT0308190950","NHO2018000007","PAID","","193046"),
("IATT190001771","193056","191002","192010","17000","1","17000","0","17000","1","1","1","IAT0308190950","NHO2018000007","PAID","","193056"),
("IATT190001771","193054","191002","192010","20000","1","20000","0","20000","1","1","1","IAT0308190950","NHO2018000007","PAID","","193054"),
("IATT190001771","193011","191001","192001","40000","1","40000","10000","30000","1","1","1","IAT0308190950","NHO2018000007","PAID","lvl 2","PEDAS"),
("IATT190001771","193011","191001","192001","40000","1","40000","10000","30000","2","1","1","IAT0308190950","NHO2018000007","PAID","","PEDAS");



INSERT INTO pos_salestemp VALUES("IATT190001743","","2","107000","0","10700","0","117700","200000","03/08/2019","10:51","2019-08-03","12:00:06","ISU000012","tbl0010","CLOSED","1","","IATR190001692","","","","","IAT0308190950","NHO2018000007"),
("IATT190001744","","2","120000","20000","10000","0","110000","150000","03/08/2019","11:44","2019-08-03","12:29:16","ISU000012","tbl0011","CLOSED","1","","IATR190001693","","","","","IAT0308190950","NHO2018000007"),
("IATT190001745","","2","202000","35000","16700","0","183700","183700","03/08/2019","12:03","2019-08-03","12:45:43","ISU000012","tbl0012","CLOSED","1","","IATR190001694","","","","","IAT0308190950","NHO2018000007"),
("IATT190001746","","1","60000","10000","5000","0","55000","55000","03/08/2019","12:14","2019-08-03","13:12:33","ISU000012","tbl0010","CLOSED","1","","IATR190001695","","","","","IAT0308190950","NHO2018000007"),
("IATT190001747","","3","149000","22500","12650","0","139150","139150","03/08/2019","12:49","2019-08-03","13:21:10","ISU000012","tbl0011","CLOSED","1","","IATR190001696","","","","","IAT0308190950","NHO2018000007"),
("IATT190001748","","2","167000","0","16700","0","183700","183700","03/08/2019","13:01","2019-08-03","14:10:10","ISU000012","tbl0012","CLOSED","1","","IATR190001698","","","","","IAT0308190950","NHO2018000007"),
("IATT190001749","","3","167000","0","16700","0","183700","183700","03/08/2019","13:31","2019-08-03","14:07:41","ISU000012","tbl0011","CLOSED","1","","IATR190001697","","","","","IAT0308190950","NHO2018000007"),
("IATT190001750","","1","48000","6750","4125","0","45375","50000","03/08/2019","13:46","2019-08-03","14:41:01","ISU000012","tbl0013","CLOSED","1","","IATR190001699","","","","","IAT0308190950","NHO2018000007"),
("IATT190001751","","2","135000","22500","11250","0","123750","140000","03/08/2019","14:19","2019-08-03","15:51:43","ISU000012","tbl0010","CLOSED","1","","IATR190001702","","","","","IAT0308190950","NHO2018000007"),
("IATT190001752","","3","0","0","0","0","0","0","03/08/2019","14:39","03/08/2019","14:39:33","ISU000012","tbl0011","CANCELED","1","PERMINTAAN CUSTOMER","","","","","","IAT0308190950","NHO2018000007"),
("IATT190001753","","4","298000","109000","18900","0","207900","209000","03/08/2019","14:39","2019-08-03","15:30:09","ISU000012","tbl0011","CLOSED","1","","IATR190001701","","","","","IAT0308190950","NHO2018000007"),
("IATT190001754","","3","112000","0","11200","0","123200","123200","03/08/2019","14:45","2019-08-03","15:16:56","ISU000012","tbl0015","CLOSED","1","","IATR190001700","","","","","IAT0308190950","NHO2018000007"),
("IATT190001755","","3","162000","25500","13650","0","150150","150150","03/08/2019","16:40","2019-08-03","17:46:59","ISU000012","tbl0012","CLOSED","1","","IATR190001703","","","","","IAT0308190950","NHO2018000007"),
("IATT190001756","","4","248000","36500","21150","0","232650","232650","03/08/2019","17:18","2019-08-03","19:18:32","ISU000012","tbl0011","CLOSED","1","","IATR190001708","","","","","IAT0308190950","NHO2018000007"),
("IATT190001757","","3","152000","0","15200","0","167200","167200","03/08/2019","17:43","2019-08-03","18:13:50","ISU000012","tbl0013","CLOSED","1","","IATR190001704","","","","","IAT0308190950","NHO2018000007"),
("IATT190001758","","2","108000","20750","8725","0","95975","95975","03/08/2019","18:07","2019-08-03","19:05:26","ISU000012","tbl0024","CLOSED","1","","IATR190001706","","","","","IAT0308190950","NHO2018000007"),
("IATT190001759","","2","58000","7500","5050","0","55550","105550","03/08/2019","18:08","2019-08-03","20:10:17","ISU000012","tbl0012","CLOSED","1","","IATR190001714","","","","","IAT0308190950","NHO2018000007"),
("IATT190001760","","2","120000","17500","10250","0","112750","150000","03/08/2019","18:19","2019-08-03","20:55:15","ISU000012","tbl0020","CLOSED","1","","IATR190001716","","","","","IAT0308190950","NHO2018000007"),
("IATT190001761","","2","70000","0","7000","0","77000","100000","03/08/2019","18:26","2019-08-03","19:00:00","ISU000012","tbl0004","CLOSED","1","","IATR190001705","","","","","IAT0308190950","NHO2018000007"),
("IATT190001762","","4","85000","0","8500","0","93500","93500","03/08/2019","18:32","2019-08-03","19:53:27","ISU000012","tbl0010","CLOSED","1","","IATR190001712","","","","","IAT0308190950","NHO2018000007"),
("IATT190001763","","2","68000","18000","5000","0","55000","55000","03/08/2019","18:34","2019-08-03","19:08:25","ISU000012","tbl0019","CLOSED","1","","IATR190001707","","","","","IAT0308190950","NHO2018000007"),
("IATT190001764","","2","108000","18500","8950","0","98450","98450","03/08/2019","18:34","2019-08-03","19:40:11","ISU000012","tbl0013","CLOSED","1","","IATR190001710","","","","","IAT0308190950","NHO2018000007"),
("IATT190001765","","2","76000","0","7600","0","83600","100000","03/08/2019","18:48","2019-08-03","19:54:13","ISU000012","tbl0025","CLOSED","1","","IATR190001713","","","","","IAT0308190950","NHO2018000007"),
("IATT190001766","","2","186000","0","18600","0","204600","206000","03/08/2019","19:01","2019-08-03","19:36:25","ISU000012","tbl0015","CLOSED","1","","IATR190001709","","","","","IAT0308190950","NHO2018000007"),
("IATT190001767","","3","124000","25000","9900","0","108900","150000","03/08/2019","19:09","2019-08-03","19:44:42","ISU000012","tbl0018","CLOSED","1","","IATR190001711","","","","","IAT0308190950","NHO2018000007"),
("IATT190001768","","2","126000","7800","11820","0","130020","150000","03/08/2019","20:08","2019-08-03","20:53:57","ISU000012","tbl0014","CLOSED","1","","IATR190001715","","","","","IAT0308190950","NHO2018000007"),
("IATT190001769","","1","38000","0","3800","0","41800","41800","03/08/2019","20:09","2019-08-03","20:58:04","ISU000012","tbl0010","CLOSED","1","","IATR190001717","","","","","IAT0308190950","NHO2018000007"),
("IATT190001770","","3","169000","33250","13575","0","149325","149325","03/08/2019","20:41","2019-08-03","21:25:39","ISU000012","tbl0012","CLOSED","1","","IATR190001718","","","","","IAT0308190950","NHO2018000007"),
("IATT190001771","","2","117000","20000","9700","0","106700","106700","03/08/2019","21:14","2019-08-03","21:34:59","ISU000012","tbl0011","CLOSED","1","","IATR190001719","","","","","IAT0308190950","NHO2018000007");



INSERT INTO item_void VALUES("IATT190001743","IAT0308190950","NHO2018000007","193006","193006","1","37000","Before Send","Komplen Customer"),
("IATT190001756","IAT0308190950","NHO2018000007","193052","193052","1","20000","Before Send","Komplen Customer");



INSERT INTO pos_promotion_h VALUES("IATT190001744","NPRM18000015","DISC ITEM","1","20000","Diskon 25% Agustus","IAT0308190950","PAID","NHO2018000007"),
("IATT190001745","NPRM18000015","DISC ITEM","1","35000","Diskon 25% Agustus","IAT0308190950","PAID","NHO2018000007"),
("IATT190001746","NPRM18000015","DISC ITEM","1","10000","Diskon 25% Agustus","IAT0308190950","PAID","NHO2018000007"),
("IATT190001747","NPRM18000015","DISC ITEM","1","22500","Diskon 25% Agustus","IAT0308190950","PAID","NHO2018000007"),
("IATT190001750","NPRM18000015","DISC ITEM","1","6750","Diskon 25% Agustus","IAT0308190950","PAID","NHO2018000007"),
("IATT190001753","NPRM18000012","DISC ITEM","1","109000","eatigo 50%","IAT0308190950","PAID","NHO2018000007"),
("IATT190001751","NPRM18000015","DISC ITEM","1","22500","Diskon 25% Agustus","IAT0308190950","PAID","NHO2018000007"),
("IATT190001755","NPRM18000015","DISC ITEM","1","25500","Diskon 25% Agustus","IAT0308190950","PAID","NHO2018000007"),
("IATT190001758","NPRM18000015","DISC ITEM","1","20750","Diskon 25% Agustus","IAT0308190950","PAID","NHO2018000007"),
("IATT190001763","NPRM18000008","DISC ITEM","1","18000","eatigo 30%","IAT0308190950","PAID","NHO2018000007"),
("IATT190001756","NPRM18000015","DISC ITEM","1","36500","Diskon 25% Agustus","IAT0308190950","PAID","NHO2018000007"),
("IATT190001764","NPRM18000015","DISC ITEM","1","18500","Diskon 25% Agustus","IAT0308190950","PAID","NHO2018000007"),
("IATT190001767","NPRM18000015","DISC ITEM","1","25000","Diskon 25% Agustus","IAT0308190950","PAID","NHO2018000007"),
("IATT190001759","NPRM18000015","DISC ITEM","1","7500","Diskon 25% Agustus","IAT0308190950","PAID","NHO2018000007"),
("IATT190001768","NPRM18000008","DISC ITEM","1","7800","eatigo 30%","IAT0308190950","PAID","NHO2018000007"),
("IATT190001760","NPRM18000015","DISC ITEM","1","17500","Diskon 25% Agustus","IAT0308190950","PAID","NHO2018000007"),
("IATT190001770","NPRM18000015","DISC ITEM","1","33250","Diskon 25% Agustus","IAT0308190950","PAID","NHO2018000007"),
("IATT190001771","NPRM18000015","DISC ITEM","1","20000","Diskon 25% Agustus","IAT0308190950","PAID","NHO2018000007");



INSERT INTO pos_promotion_d VALUES("IATT190001744","NPRM18000015","DISC ITEM","1","1","193009","1","10000","IAT0308190950","PAID","NHO2018000007"),
("IATT190001744","NPRM18000015","DISC ITEM","1","1","193009","2","10000","IAT0308190950","PAID","NHO2018000007"),
("IATT190001745","NPRM18000015","DISC ITEM","1","1","193009","1","10000","IAT0308190950","PAID","NHO2018000007"),
("IATT190001745","NPRM18000015","DISC ITEM","1","1","193082","1","7500","IAT0308190950","PAID","NHO2018000007"),
("IATT190001745","NPRM18000015","DISC ITEM","1","1","193009","2","10000","IAT0308190950","PAID","NHO2018000007"),
("IATT190001745","NPRM18000015","DISC ITEM","1","1","193082","2","7500","IAT0308190950","PAID","NHO2018000007"),
("IATT190001746","NPRM18000015","DISC ITEM","1","1","193009","1","10000","IAT0308190950","PAID","NHO2018000007"),
("IATT190001747","NPRM18000015","DISC ITEM","1","1","193084","1","7500","IAT0308190950","PAID","NHO2018000007"),
("IATT190001747","NPRM18000015","DISC ITEM","1","1","193083","1","7500","IAT0308190950","PAID","NHO2018000007"),
("IATT190001747","NPRM18000015","DISC ITEM","1","1","193084","2","7500","IAT0308190950","PAID","NHO2018000007"),
("IATT190001750","NPRM18000015","DISC ITEM","1","1","193030","1","6750","IAT0308190950","PAID","NHO2018000007"),
("IATT190001753","NPRM18000012","DISC ITEM","1","1","193084","1","15000","IAT0308190950","PAID","NHO2018000007"),
("IATT190001753","NPRM18000012","DISC ITEM","1","1","193011","1","20000","IAT0308190950","PAID","NHO2018000007"),
("IATT190001753","NPRM18000012","DISC ITEM","1","1","193083","1","15000","IAT0308190950","PAID","NHO2018000007"),
("IATT190001753","NPRM18000012","DISC ITEM","1","1","193036","1","18000","IAT0308190950","PAID","NHO2018000007"),
("IATT190001753","NPRM18000012","DISC ITEM","1","1","193072","1","12500","IAT0308190950","PAID","NHO2018000007"),
("IATT190001753","NPRM18000012","DISC ITEM","1","1","193035","1","16000","IAT0308190950","PAID","NHO2018000007"),
("IATT190001753","NPRM18000012","DISC ITEM","1","1","193072","2","12500","IAT0308190950","PAID","NHO2018000007"),
("IATT190001751","NPRM18000015","DISC ITEM","1","1","193082","1","7500","IAT0308190950","PAID","NHO2018000007"),
("IATT190001751","NPRM18000015","DISC ITEM","1","1","193084","1","7500","IAT0308190950","PAID","NHO2018000007"),
("IATT190001751","NPRM18000015","DISC ITEM","1","1","193022","1","7500","IAT0308190950","PAID","NHO2018000007"),
("IATT190001755","NPRM18000015","DISC ITEM","1","1","193022","1","7500","IAT0308190950","PAID","NHO2018000007"),
("IATT190001755","NPRM18000015","DISC ITEM","1","1","193033","1","10500","IAT0308190950","PAID","NHO2018000007"),
("IATT190001755","NPRM18000015","DISC ITEM","1","1","193032","1","7500","IAT0308190950","PAID","NHO2018000007"),
("IATT190001758","NPRM18000015","DISC ITEM","1","1","193011","1","10000","IAT0308190950","PAID","NHO2018000007"),
("IATT190001758","NPRM18000015","DISC ITEM","1","1","193028","1","10750","IAT0308190950","PAID","NHO2018000007"),
("IATT190001763","NPRM18000008","DISC ITEM","1","1","193084","1","9000","IAT0308190950","PAID","NHO2018000007"),
("IATT190001763","NPRM18000008","DISC ITEM","1","1","193083","1","9000","IAT0308190950","PAID","NHO2018000007"),
("IATT190001756","NPRM18000015","DISC ITEM","1","1","193015","1","8250","IAT0308190950","PAID","NHO2018000007"),
("IATT190001756","NPRM18000015","DISC ITEM","1","1","193028","1","10750","IAT0308190950","PAID","NHO2018000007"),
("IATT190001756","NPRM18000015","DISC ITEM","1","1","193009","1","10000","IAT0308190950","PAID","NHO2018000007"),
("IATT190001756","NPRM18000015","DISC ITEM","1","1","193032","1","7500","IAT0308190950","PAID","NHO2018000007"),
("IATT190001764","NPRM18000015","DISC ITEM","1","1","193005","1","9250","IAT0308190950","PAID","NHO2018000007"),
("IATT190001764","NPRM18000015","DISC ITEM","1","1","193008","1","9250","IAT0308190950","PAID","NHO2018000007"),
("IATT190001767","NPRM18000015","DISC ITEM","1","1","193083","1","7500","IAT0308190950","PAID","NHO2018000007"),
("IATT190001767","NPRM18000015","DISC ITEM","1","1","193087","1","8250","IAT0308190950","PAID","NHO2018000007"),
("IATT190001767","NPRM18000015","DISC ITEM","1","1","193005","1","9250","IAT0308190950","PAID","NHO2018000007"),
("IATT190001759","NPRM18000015","DISC ITEM","1","1","193077","1","7500","IAT0308190950","PAID","NHO2018000007"),
("IATT190001768","NPRM18000008","DISC ITEM","1","1","193069","1","3900","IAT0308190950","PAID","NHO2018000007"),
("IATT190001768","NPRM18000008","DISC ITEM","1","1","193069","2","3900","IAT0308190950","PAID","NHO2018000007"),
("IATT190001760","NPRM18000015","DISC ITEM","1","1","193011","1","10000","IAT0308190950","PAID","NHO2018000007"),
("IATT190001760","NPRM18000015","DISC ITEM","1","1","193085","1","7500","IAT0308190950","PAID","NHO2018000007"),
("IATT190001770","NPRM18000015","DISC ITEM","1","1","193037","1","9000","IAT0308190950","PAID","NHO2018000007"),
("IATT190001770","NPRM18000015","DISC ITEM","1","1","193024","1","7500","IAT0308190950","PAID","NHO2018000007"),
("IATT190001770","NPRM18000015","DISC ITEM","1","1","193022","1","7500","IAT0308190950","PAID","NHO2018000007"),
("IATT190001770","NPRM18000015","DISC ITEM","1","1","193005","1","9250","IAT0308190950","PAID","NHO2018000007"),
("IATT190001771","NPRM18000015","DISC ITEM","1","1","193011","1","10000","IAT0308190950","PAID","NHO2018000007"),
("IATT190001771","NPRM18000015","DISC ITEM","1","1","193011","2","10000","IAT0308190950","PAID","NHO2018000007");



INSERT INTO pos_paymenttemp VALUES("IATT190001743","CASH","CASH","117700","200000","ISU000012","2019-08-03","","1","","CLOSED","IAT0308190950","NHO2018000007"),
("IATT190001744","CASH","CASH","110000","150000","ISU000012","2019-08-03","","1","","CLOSED","IAT0308190950","NHO2018000007"),
("IATT190001745","CARD","DEBIT BCA","183700","183700","ISU000012","2019-08-03","","1","","CLOSED","IAT0308190950","NHO2018000007"),
("IATT190001746","CARD","VISA","55000","55000","ISU000012","2019-08-03","","1","","CLOSED","IAT0308190950","NHO2018000007"),
("IATT190001747","CARD","MASTER","139150","139150","ISU000012","2019-08-03","","1","","CLOSED","IAT0308190950","NHO2018000007"),
("IATT190001749","CASH","OVO","183700","183700","ISU000012","2019-08-03","","1","","CLOSED","IAT0308190950","NHO2018000007"),
("IATT190001748","CARD","DEBIT BCA","183700","183700","ISU000012","2019-08-03","","1","","CLOSED","IAT0308190950","NHO2018000007"),
("IATT190001750","CASH","CASH","45375","50000","ISU000012","2019-08-03","","1","","CLOSED","IAT0308190950","NHO2018000007"),
("IATT190001754","CASH","OVO","123200","123200","ISU000012","2019-08-03","","1","","CLOSED","IAT0308190950","NHO2018000007"),
("IATT190001753","VOUCHER","VOUCHER EATIGO 100K","100000","100000","ISU000012","2019-08-03","","1","","CLOSED","IAT0308190950","NHO2018000007"),
("IATT190001753","VOUCHER","VOUCHER EATIGO 100K","100000","100000","ISU000012","2019-08-03","","1","","CLOSED","IAT0308190950","NHO2018000007"),
("IATT190001753","CASH","CASH","7900","9000","ISU000012","2019-08-03","","1","","CLOSED","IAT0308190950","NHO2018000007"),
("IATT190001751","CASH","CASH","123750","140000","ISU000012","2019-08-03","","1","","CLOSED","IAT0308190950","NHO2018000007"),
("IATT190001755","CARD","MASTER","150150","150150","ISU000012","2019-08-03","","1","","CLOSED","IAT0308190950","NHO2018000007"),
("IATT190001757","CARD","MASTER","167200","167200","ISU000012","2019-08-03","","1","","CLOSED","IAT0308190950","NHO2018000007"),
("IATT190001761","CASH","CASH","77000","100000","ISU000012","2019-08-03","","1","","CLOSED","IAT0308190950","NHO2018000007"),
("IATT190001758","CARD","DEBIT BCA","95975","95975","ISU000012","2019-08-03","","1","","CLOSED","IAT0308190950","NHO2018000007"),
("IATT190001763","CARD","DEBIT BCA","55000","55000","ISU000012","2019-08-03","","1","","CLOSED","IAT0308190950","NHO2018000007"),
("IATT190001756","CARD","DEBIT BCA","232650","232650","ISU000012","2019-08-03","","1","","CLOSED","IAT0308190950","NHO2018000007"),
("IATT190001766","CASH","CASH","204600","206000","ISU000012","2019-08-03","","1","","CLOSED","IAT0308190950","NHO2018000007"),
("IATT190001764","CARD","MASTER","98450","98450","ISU000012","2019-08-03","","1","","CLOSED","IAT0308190950","NHO2018000007"),
("IATT190001767","CASH","CASH","108900","150000","ISU000012","2019-08-03","","1","","CLOSED","IAT0308190950","NHO2018000007"),
("IATT190001762","CASH","OVO","93500","93500","ISU000012","2019-08-03","","1","","CLOSED","IAT0308190950","NHO2018000007"),
("IATT190001765","CASH","CASH","83600","100000","ISU000012","2019-08-03","","1","","CLOSED","IAT0308190950","NHO2018000007"),
("IATT190001759","CASH","CASH","55550","105550","ISU000012","2019-08-03","","1","","CLOSED","IAT0308190950","NHO2018000007"),
("IATT190001768","VOUCHER","VOUCHER EATIGO 100K","100000","100000","ISU000012","2019-08-03","","1","","CLOSED","IAT0308190950","NHO2018000007"),
("IATT190001768","CASH","CASH","30020","50000","ISU000012","2019-08-03","","1","","CLOSED","IAT0308190950","NHO2018000007"),
("IATT190001760","CASH","CASH","112750","150000","ISU000012","2019-08-03","","1","","CLOSED","IAT0308190950","NHO2018000007"),
("IATT190001769","CASH","OVO","41800","41800","ISU000012","2019-08-03","","1","","CLOSED","IAT0308190950","NHO2018000007"),
("IATT190001770","CARD","DEBIT BCA","149325","149325","ISU000012","2019-08-03","","1","","CLOSED","IAT0308190950","NHO2018000007"),
("IATT190001771","CARD","MASTER","106700","106700","ISU000012","2019-08-03","","1","","CLOSED","IAT0308190950","NHO2018000007");



