INSERT INTO pos_itemtemp VALUES("IATT200005056","193075","191003","192011","0","1","0","0","0","1","1","1","IAT0102200857","NHO2018000007","PAID","","193075"),
("IATT200005056","193011","191001","192001","40000","1","40000","0","40000","1","1","2","IAT0102200857","NHO2018000007","PAID","","PEDAS"),
("IATT200005056","193010","191001","192001","40000","1","40000","0","40000","1","1","2","IAT0102200857","NHO2018000007","PAID","","193010"),
("IATT200005056","193010","191001","192001","40000","1","40000","0","40000","2","1","2","IAT0102200857","NHO2018000007","PAID","","193010"),
("IATT200005056","193069","191001","192012","13000","1","13000","0","13000","1","1","2","IAT0102200857","NHO2018000007","PAID","","193069"),
("IATT200005056","193054","191002","192010","20000","1","20000","0","20000","1","1","2","IAT0102200857","NHO2018000007","PAID","","193054"),
("IATT200005057","193085","191001","192001","30000","1","30000","0","30000","1","1","1","IAT0102200857","NHO2018000007","PAID","","193085"),
("IATT200005057","193028","191001","192003","43000","1","43000","0","43000","1","1","1","IAT0102200857","NHO2018000007","PAID","","193028"),
("IATT200005057","193056","191002","192010","17000","1","17000","0","17000","1","1","1","IAT0102200857","NHO2018000007","PAID","","193056"),
("IATT200005057","193052","191002","192010","20000","1","20000","0","20000","1","1","1","IAT0102200857","NHO2018000007","PAID","","193052"),
("IATT200005058","193022","191001","192003","30000","1","30000","0","30000","1","1","1","IAT0102200857","NHO2018000007","PAID","","193022"),
("IATT200005058","193007","191001","192001","37000","1","37000","0","37000","1","1","1","IAT0102200857","NHO2018000007","PAID","PEDES DIKIT","PEDAS"),
("IATT200005058","193048","191002","192010","8000","1","8000","0","8000","1","1","1","IAT0102200857","NHO2018000007","PAID","","193048"),
("IATT200005060","193040","191001","192008","20000","1","20000","0","20000","1","1","1","IAT0102200857","NHO2018000007","PAID","","193040"),
("IATT200005060","193113","191001","192003","55000","1","55000","0","55000","1","1","1","IAT0102200857","NHO2018000007","PAID","","193113"),
("IATT200005060","193055","191002","192010","17000","1","17000","0","17000","1","1","1","IAT0102200857","NHO2018000007","PAID","","193055"),
("IATT200005060","193055","191002","192010","17000","1","17000","0","17000","2","1","1","IAT0102200857","NHO2018000007","PAID","","193055"),
("IATT200005060","193084","191001","192001","30000","1","30000","0","30000","1","1","1","IAT0102200857","NHO2018000007","PAID","","PEDAS"),
("IATT200005060","193011","191001","192001","40000","1","40000","0","40000","1","1","1","IAT0102200857","NHO2018000007","PAID","","PEDAS"),
("IATT200005060","193047","191002","192010","10000","1","10000","0","10000","1","1","1","IAT0102200857","NHO2018000007","PAID","","193047"),
("IATT200005060","193052","191002","192010","20000","1","20000","0","20000","1","1","1","IAT0102200857","NHO2018000007","PAID","","193052"),
("IATT200005061","193034","191001","192005","37000","1","37000","0","37000","1","1","1","IAT0102200857","NHO2018000007","PAID","","193034"),
("IATT200005061","193012","191001","192001","40000","1","40000","0","40000","1","1","1","IAT0102200857","NHO2018000007","PAID","","193012"),
("IATT200005061","193047","191002","192010","10000","1","10000","0","10000","1","1","1","IAT0102200857","NHO2018000007","PAID","","193047"),
("IATT200005061","193049","191002","192010","10000","1","10000","0","10000","1","1","1","IAT0102200857","NHO2018000007","PAID","","193049"),
("IATT200005062","193009","191001","192001","40000","1","40000","0","40000","1","1","1","IAT0102200857","NHO2018000007","PAID","","193009"),
("IATT200005062","193019","191001","192002","40000","1","40000","0","40000","1","1","1","IAT0102200857","NHO2018000007","PAID","","PEDAS"),
("IATT200005062","193027","191001","192003","43000","1","43000","0","43000","1","1","1","IAT0102200857","NHO2018000007","PAID","","193027"),
("IATT200005062","193055","191002","192010","17000","1","17000","0","17000","1","1","1","IAT0102200857","NHO2018000007","PAID","","193055"),
("IATT200005062","193055","191002","192010","17000","1","17000","0","17000","2","1","1","IAT0102200857","NHO2018000007","PAID","","193055"),
("IATT200005062","193055","191002","192010","17000","1","17000","0","17000","3","1","1","IAT0102200857","NHO2018000007","PAID","","193055"),
("IATT200005062","193055","191002","192010","17000","1","17000","0","17000","4","1","1","IAT0102200857","NHO2018000007","PAID","","193055"),
("IATT200005062","193056","191002","192010","17000","1","17000","0","17000","1","1","1","IAT0102200857","NHO2018000007","PAID","","193056"),
("IATT200005062","193255","191001","192013","25000","1","25000","0","25000","1","1","1","IAT0102200857","NHO2018000007","PAID","","193255"),
("IATT200005062","193243","191001","192013","25000","1","25000","0","25000","1","1","1","IAT0102200857","NHO2018000007","PAID","","193243"),
("IATT200005061","193067","191001","192003","7000","1","7000","0","7000","1","1","2","IAT0102200857","NHO2018000007","PAID","","193067"),
("IATT200005063","193022","191001","192003","30000","1","30000","0","30000","1","1","1","IAT0102200857","NHO2018000007","PAID","","193022"),
("IATT200005063","193056","191002","192010","17000","1","17000","0","17000","1","1","1","IAT0102200857","NHO2018000007","PAID","","193056"),
("IATT200005064","193053","191002","192010","20000","1","20000","0","20000","1","1","1","IAT0102200857","NHO2018000007","PAID","","193053"),
("IATT200005064","193054","191002","192010","20000","1","20000","0","20000","1","1","1","IAT0102200857","NHO2018000007","PAID","","193054"),
("IATT200005064","193027","191001","192003","43000","1","43000","0","43000","1","1","1","IAT0102200857","NHO2018000007","PAID","","193027"),
("IATT200005065","193033","191001","192005","42000","1","42000","0","42000","1","1","1","IAT0102200857","NHO2018000007","PAID","","193033"),
("IATT200005065","193033","191001","192005","42000","1","42000","0","42000","2","1","1","IAT0102200857","NHO2018000007","PAID","","193033"),
("IATT200005065","193118","191001","192012","20000","1","20000","0","20000","1","1","1","IAT0102200857","NHO2018000007","PAID","","193118"),
("IATT200005065","193046","191002","192010","10000","1","10000","0","10000","1","1","1","IAT0102200857","NHO2018000007","PAID","","193046"),
("IATT200005065","193055","191002","192010","17000","1","17000","0","17000","1","1","1","IAT0102200857","NHO2018000007","PAID","","193055"),
("IATT200005065","193055","191002","192010","17000","1","17000","0","17000","2","1","1","IAT0102200857","NHO2018000007","PAID","","193055"),
("IATT200005066","193024","191001","192003","30000","1","30000","0","30000","1","1","1","IAT0102200857","NHO2018000007","PAID","","193024"),
("IATT200005066","193083","191001","192001","30000","1","30000","0","30000","1","1","1","IAT0102200857","NHO2018000007","PAID","","193083"),
("IATT200005066","193084","191001","192001","30000","1","30000","0","30000","1","1","1","IAT0102200857","NHO2018000007","PAID","","PEDAS"),
("IATT200005066","193048","191002","192010","8000","1","8000","0","8000","1","1","1","IAT0102200857","NHO2018000007","PAID","","193048"),
("IATT200005066","193054","191002","192010","20000","1","20000","0","20000","1","1","1","IAT0102200857","NHO2018000007","PAID","","193054"),
("IATT200005066","193054","191002","192010","20000","1","20000","0","20000","2","1","1","IAT0102200857","NHO2018000007","PAID","","193054"),
("IATT200005067","193029","191001","192004","27000","1","27000","0","27000","1","1","1","IAT0102200857","NHO2018000007","PAID","","193029"),
("IATT200005067","193047","191002","192010","10000","1","10000","0","10000","1","1","1","IAT0102200857","NHO2018000007","PAID","","193047"),
("IATT200005067","193047","191002","192010","10000","1","10000","0","10000","2","1","1","IAT0102200857","NHO2018000007","PAID","","193047"),
("IATT200005068","193085","191001","192001","30000","1","30000","0","30000","1","1","1","IAT0102200857","NHO2018000007","PAID","","193085"),
("IATT200005068","193084","191001","192001","30000","1","30000","0","30000","1","1","1","IAT0102200857","NHO2018000007","PAID","","PEDAS"),
("IATT200005068","193047","191002","192010","10000","1","10000","0","10000","1","1","2","IAT0102200857","NHO2018000007","PAID","","193047"),
("IATT200005063","193070","191001","192012","13000","1","13000","0","13000","1","1","2","IAT0102200857","NHO2018000007","PAID","","193070"),
("IATT200005069","193012","191001","192001","40000","1","40000","0","40000","1","1","1","IAT0102200857","NHO2018000007","PAID","","193012"),
("IATT200005069","193012","191001","192001","40000","1","40000","0","40000","2","1","1","IAT0102200857","NHO2018000007","PAID","","193012"),
("IATT200005069","193052","191002","192010","20000","1","20000","0","20000","1","1","1","IAT0102200857","NHO2018000007","PAID","","193052"),
("IATT200005069","193046","191002","192010","10000","1","10000","0","10000","1","1","1","IAT0102200857","NHO2018000007","PAID","","193046"),
("IATT200005070","193030","191001","192004","27000","1","27000","0","27000","1","1","1","IAT0102200857","NHO2018000007","PAID","","193030"),
("IATT200005070","193030","191001","192004","27000","1","27000","0","27000","2","1","1","IAT0102200857","NHO2018000007","PAID","","193030"),
("IATT200005070","193046","191002","192010","10000","1","10000","0","10000","1","1","1","IAT0102200857","NHO2018000007","PAID","","193046"),
("IATT200005070","193046","191002","192010","10000","1","10000","0","10000","2","1","1","IAT0102200857","NHO2018000007","PAID","","193046"),
("IATT200005070","193052","191002","192010","20000","1","20000","0","20000","1","1","1","IAT0102200857","NHO2018000007","PAID","","193052"),
("IATT200005071","193024","191001","192003","30000","1","30000","0","30000","1","1","1","IAT0102200857","NHO2018000007","PAID","","193024"),
("IATT200005071","193022","191001","192003","30000","1","30000","0","30000","1","1","1","IAT0102200857","NHO2018000007","PAID","","193022"),
("IATT200005071","193022","191001","192003","30000","1","30000","0","30000","2","1","1","IAT0102200857","NHO2018000007","PAID","","193022"),
("IATT200005071","193028","191001","192003","43000","1","43000","0","43000","1","1","1","IAT0102200857","NHO2018000007","PAID","","193028"),
("IATT200005063","193028","191001","192003","43000","1","43000","0","43000","1","1","3","IAT0102200857","NHO2018000007","PAID","","193028"),
("IATT200005063","193030","191001","192004","27000","1","27000","0","27000","1","1","3","IAT0102200857","NHO2018000007","PAID","","193030"),
("IATT200005063","193051","191002","192010","20000","1","20000","0","20000","1","1","3","IAT0102200857","NHO2018000007","PAID","","193051"),
("IATT200005063","193052","191002","192010","20000","1","20000","0","20000","1","1","3","IAT0102200857","NHO2018000007","PAID","","193052"),
("IATT200005072","193086","191001","192002","33000","1","33000","0","33000","1","1","1","IAT0102200857","NHO2018000007","PAID","","PEDAS"),
("IATT200005072","193086","191001","192002","33000","1","33000","0","33000","2","1","1","IAT0102200857","NHO2018000007","PAID","","PEDAS"),
("IATT200005072","193047","191002","192010","10000","1","10000","0","10000","1","1","1","IAT0102200857","NHO2018000007","PAID","","193047"),
("IATT200005072","193047","191002","192010","10000","1","10000","0","10000","2","1","1","IAT0102200857","NHO2018000007","PAID","","193047"),
("IATT200005073","193009","191001","192001","40000","1","40000","0","40000","1","1","1","IAT0102200857","NHO2018000007","PAID","","193009"),
("IATT200005073","193118","191001","192012","20000","1","20000","0","20000","1","1","1","IAT0102200857","NHO2018000007","PAID","","193118"),
("IATT200005073","193046","191002","192010","10000","1","10000","0","10000","1","1","1","IAT0102200857","NHO2018000007","PAID","","193046"),
("IATT200005063","193054","191002","192010","20000","1","20000","0","20000","1","1","4","IAT0102200857","NHO2018000007","PAID","","193054"),
("IATT200005074","193011","191001","192001","40000","1","40000","0","40000","1","1","1","IAT0102200857","NHO2018000007","PAID","","PEDAS"),
("IATT200005074","193007","191001","192001","37000","1","37000","0","37000","1","1","1","IAT0102200857","NHO2018000007","PAID","","PEDAS"),
("IATT200005074","193111","191001","192008","25000","1","25000","0","25000","1","1","1","IAT0102200857","NHO2018000007","PAID","","193111"),
("IATT200005074","193046","191002","192010","10000","1","10000","0","10000","1","1","1","IAT0102200857","NHO2018000007","PAID","","193046"),
("IATT200005074","193046","191002","192010","10000","1","10000","0","10000","2","1","1","IAT0102200857","NHO2018000007","PAID","","193046"),
("IATT200005075","193111","191001","192008","25000","1","25000","0","25000","1","1","1","IAT0102200857","NHO2018000007","PAID","","193111"),
("IATT200005075","193076","191001","192001","30000","1","30000","0","30000","1","1","1","IAT0102200857","NHO2018000007","PAID","","193076"),
("IATT200005075","193049","191002","192010","10000","1","10000","0","10000","1","1","1","IAT0102200857","NHO2018000007","PAID","","193049"),
("IATT200005075","193048","191002","192010","8000","1","8000","0","8000","1","1","1","IAT0102200857","NHO2018000007","PAID","","193048"),
("IATT200005063","193056","191002","192010","17000","1","17000","0","17000","2","1","5","IAT0102200857","NHO2018000007","PAID","","193056"),
("IATT200005076","193027","191001","192003","43000","1","43000","0","43000","1","1","1","IAT0102200857","NHO2018000007","PAID","","193027"),
("IATT200005076","193028","191001","192003","43000","1","43000","0","43000","1","1","1","IAT0102200857","NHO2018000007","PAID","","193028"),
("IATT200005076","193022","191001","192003","30000","1","30000","0","30000","1","1","1","IAT0102200857","NHO2018000007","PAID","","193022"),
("IATT200005076","193049","191002","192010","10000","1","10000","0","10000","1","1","1","IAT0102200857","NHO2018000007","PAID","","193049"),
("IATT200005076","193049","191002","192010","10000","1","10000","0","10000","2","1","1","IAT0102200857","NHO2018000007","PAID","","193049"),
("IATT200005077","193011","191001","192001","40000","1","40000","0","40000","1","1","1","IAT0102200857","NHO2018000007","PAID","","PEDAS"),
("IATT200005078","193070","191001","192012","13000","1","13000","0","13000","1","1","1","IAT0102200857","NHO2018000007","PAID","","193070"),
("IATT200005078","193028","191001","192003","43000","1","43000","0","43000","1","1","1","IAT0102200857","NHO2018000007","PAID","","193028"),
("IATT200005078","193054","191002","192010","20000","1","20000","0","20000","1","1","1","IAT0102200857","NHO2018000007","PAID","","193054"),
("IATT200005078","193047","191002","192010","10000","1","10000","0","10000","1","1","1","IAT0102200857","NHO2018000007","PAID","","193047"),
("IATT200005079","193011","191001","192001","40000","1","40000","0","40000","1","1","1","IAT0102200857","NHO2018000007","PAID","LV 3","PEDAS"),
("IATT200005079","193021","191001","192002","40000","1","40000","0","40000","1","1","1","IAT0102200857","NHO2018000007","PAID","","ORIGINAL"),
("IATT200005079","193055","191002","192010","17000","1","17000","0","17000","1","1","1","IAT0102200857","NHO2018000007","PAID","","193055"),
("IATT200005079","193055","191002","192010","17000","1","17000","0","17000","2","1","1","IAT0102200857","NHO2018000007","PAID","","193055"),
("IATT200005079","193055","191002","192010","17000","1","17000","0","17000","3","1","1","IAT0102200857","NHO2018000007","PAID","","193055"),
("IATT200005079","193035","191001","192006","32000","1","32000","0","32000","1","1","1","IAT0102200857","NHO2018000007","PAID","","PEDAS"),
("IATT200005079","193118","191001","192012","20000","1","20000","0","20000","1","1","1","IAT0102200857","NHO2018000007","PAID","","193118"),
("IATT200005080","193023","191001","192003","30000","1","30000","0","30000","1","1","1","IAT0102200857","NHO2018000007","PAID","","193023"),
("IATT200005080","193071","191001","192012","18000","1","18000","0","18000","1","1","1","IAT0102200857","NHO2018000007","PAID","","193071"),
("IATT200005081","193113","191001","192003","55000","1","55000","0","55000","1","1","1","IAT0102200857","NHO2018000007","PAID","","193113"),
("IATT200005081","193021","191001","192002","40000","1","40000","0","40000","1","1","1","IAT0102200857","NHO2018000007","PAID","","ORIGINAL"),
("IATT200005081","193047","191002","192010","10000","1","10000","0","10000","1","1","1","IAT0102200857","NHO2018000007","PAID","","193047"),
("IATT200005081","193052","191002","192010","20000","1","20000","0","20000","1","1","1","IAT0102200857","NHO2018000007","PAID","","193052"),
("IATT200005081","193052","191002","192010","20000","1","20000","0","20000","2","1","1","IAT0102200857","NHO2018000007","PAID","","193052"),
("IATT200005082","193085","191001","192001","30000","1","30000","0","30000","1","1","1","IAT0102200857","NHO2018000007","PAID","","193085"),
("IATT200005082","193041","191001","192008","20000","1","20000","0","20000","1","1","1","IAT0102200857","NHO2018000007","PAID","","193041"),
("IATT200005083","193028","191001","192003","43000","1","43000","0","43000","1","1","1","IAT0102200857","NHO2018000007","PAID","","193028"),
("IATT200005082","193084","191001","192001","30000","1","30000","0","30000","1","1","2","IAT0102200857","NHO2018000007","PAID","","PEDAS");



INSERT INTO pos_salestemp VALUES("IATT200005056","","2","153000","0","15300","0","168300","168300","01/02/2020","10:51","2020-02-01","11:35:20","ISU000004","tbl0012","CLOSED","1","","IATR200004918","","","","","IAT0102200857","NHO2018000007"),
("IATT200005057","","2","110000","0","11000","0","121000","121000","01/02/2020","11:55","2020-02-01","12:38:39","ISU000004","tbl0012","CLOSED","1","","IATR200004919","","","","","IAT0102200857","NHO2018000007"),
("IATT200005058","","2","75000","0","7500","0","82500","82500","01/02/2020","12:32","2020-02-01","13:07:44","ISU000004","tbl0010","CLOSED","1","","IATR200004920","","","","","IAT0102200857","NHO2018000007"),
("IATT200005059","","1","0","0","0","0","0","0","01/02/2020","12:55","01/02/2020","12:55:29","ISU000004","tbl0001","CANCELED","1","PERMINTAAN CUSTOMER","","","","","","IAT0102200857","NHO2018000007"),
("IATT200005060","","3","209000","0","20900","0","229900","229900","01/02/2020","13:08","2020-02-01","13:44:37","ISU000004","tbl0010","CLOSED","1","","IATR200004921","","","","","IAT0102200857","NHO2018000007"),
("IATT200005061","","2","104000","0","10400","0","114400","114400","01/02/2020","14:26","2020-02-01","14:51:30","ISU000006","tbl0012","CLOSED","1","","IATR200004922","","","","","IAT0102200857","NHO2018000007"),
("IATT200005062","","5","258000","0","25800","0","283800","283800","01/02/2020","14:31","2020-02-01","15:14:55","ISU000006","tbl0010","CLOSED","1","","IATR200004923","","","","","IAT0102200857","NHO2018000007"),
("IATT200005063","","1","207000","0","20700","0","227700","227700","01/02/2020","14:41","2020-02-01","18:24:59","ISU000006","tbl0012","CLOSED","1","","IATR200004937","","","","","IAT0102200857","NHO2018000007"),
("IATT200005064","","2","83000","0","8300","0","91300","100000","01/02/2020","14:42","2020-02-01","15:43:09","ISU000004","tbl0022","CLOSED","1","","IATR200004926","","","","","IAT0102200857","NHO2018000007"),
("IATT200005065","","3","148000","0","14800","0","162800","162800","01/02/2020","14:45","2020-02-01","15:31:23","ISU000006","tbl0011","CLOSED","1","","IATR200004925","","","","","IAT0102200857","NHO2018000007"),
("IATT200005066","","3","138000","0","13800","0","151800","151800","01/02/2020","14:53","2020-02-01","15:24:10","ISU000006","tbl0023","CLOSED","1","","IATR200004924","","","","","IAT0102200857","NHO2018000007"),
("IATT200005067","","1","47000","0","4700","0","51700","51700","01/02/2020","15:27","2020-02-01","15:57:09","ISU000004","tbl0012","CLOSED","1","","IATR200004927","","","","","IAT0102200857","NHO2018000007"),
("IATT200005068","","2","70000","0","7000","0","77000","100000","01/02/2020","15:49","2020-02-01","16:26:35","ISU000004","tbl0010","CLOSED","1","","IATR200004928","","","","","IAT0102200857","NHO2018000007"),
("IATT200005069","","2","110000","0","11000","0","121000","200000","01/02/2020","16:24","2020-02-01","16:46:21","ISU000004","tbl0014","CLOSED","1","","IATR200004929","","","","","IAT0102200857","NHO2018000007"),
("IATT200005070","","2","94000","0","9400","0","103400","103400","01/02/2020","16:27","2020-02-01","16:53:38","ISU000004","tbl0017","CLOSED","1","","IATR200004930","","","","","IAT0102200857","NHO2018000007"),
("IATT200005071","","4","133000","0","13300","0","146300","146300","01/02/2020","16:30","2020-02-01","17:30:06","ISU000006","tbl0011","CLOSED","1","","IATR200004931","","","","","IAT0102200857","NHO2018000007"),
("IATT200005072","","2","86000","0","8600","0","94600","100000","01/02/2020","16:58","2020-02-01","17:39:41","ISU000006","tbl0010","CLOSED","1","","IATR200004932","","","","","IAT0102200857","NHO2018000007"),
("IATT200005073","","1","70000","0","7000","0","77000","82000","01/02/2020","17:04","2020-02-01","17:46:21","ISU000006","tbl0018","CLOSED","1","","IATR200004933","","","","","IAT0102200857","NHO2018000007"),
("IATT200005074","","3","122000","0","12200","0","134200","134200","01/02/2020","17:17","2020-02-01","18:11:24","ISU000006","tbl0014","CLOSED","1","","IATR200004935","","","","","IAT0102200857","NHO2018000007"),
("IATT200005075","","2","73000","0","7300","0","80300","100000","01/02/2020","17:21","2020-02-01","17:52:13","ISU000006","tbl0005","CLOSED","1","","IATR200004934","","","","","IAT0102200857","NHO2018000007"),
("IATT200005076","","2","136000","0","13600","0","149600","200000","01/02/2020","18:11","2020-02-01","18:42:55","ISU000006","tbl0011","CLOSED","1","","IATR200004938","","","","","IAT0102200857","NHO2018000007"),
("IATT200005077","","1","40000","0","4000","0","44000","50000","01/02/2020","18:17","2020-02-01","18:18:34","ISU000006","tbl0050","CLOSED","1","","IATR200004936","","","","","IAT0102200857","NHO2018000007"),
("IATT200005078","","2","86000","0","8600","0","94600","94600","01/02/2020","18:42","2020-02-01","19:06:58","ISU000006","tbl0012","CLOSED","1","","IATR200004939","","","","","IAT0102200857","NHO2018000007"),
("IATT200005079","","3","183000","0","18300","0","201300","201300","01/02/2020","19:27","2020-02-01","20:12:04","ISU000006","tbl0012","CLOSED","1","","IATR200004941","","","","","IAT0102200857","NHO2018000007"),
("IATT200005080","","1","48000","0","4800","0","52800","55000","01/02/2020","20:01","2020-02-01","20:04:01","ISU000006","tbl0001","CLOSED","1","","IATR200004940","","","","","IAT0102200857","NHO2018000007"),
("IATT200005081","","2","145000","0","14500","0","159500","160000","01/02/2020","20:47","2020-02-01","21:19:37","ISU000006","tbl0021","CLOSED","1","","IATR200004943","","","","","IAT0102200857","NHO2018000007"),
("IATT200005082","","2","80000","0","8000","0","88000","100000","01/02/2020","20:56","2020-02-01","21:28:30","ISU000006","tbl0010","CLOSED","1","","IATR200004944","","","","","IAT0102200857","NHO2018000007"),
("IATT200005083","","1","43000","0","4300","0","47300","50000","01/02/2020","21:05","2020-02-01","21:07:42","ISU000006","tbl0050","CLOSED","1","","IATR200004942","","","","","IAT0102200857","NHO2018000007");



INSERT INTO item_void VALUES("IATT200005082","IAT0102200857","NHO2018000007","193041","193041","1","20000","Before Send","Komplen Customer");









INSERT INTO pos_paymenttemp VALUES("IATT200005056","CARD","DEBIT BCA","168300","168300","ISU000004","2020-02-01","","1","","CLOSED","IAT0102200857","NHO2018000007"),
("IATT200005057","CARD","DEBIT BCA","121000","121000","ISU000004","2020-02-01","","1","","CLOSED","IAT0102200857","NHO2018000007"),
("IATT200005058","CASH","OVO","82500","82500","ISU000004","2020-02-01","","1","","CLOSED","IAT0102200857","NHO2018000007"),
("IATT200005060","CARD","MASTER","229900","229900","ISU000004","2020-02-01","","1","","CLOSED","IAT0102200857","NHO2018000007"),
("IATT200005061","CASH","OVO","114400","114400","ISU000006","2020-02-01","","1","","CLOSED","IAT0102200857","NHO2018000007"),
("IATT200005062","CARD","VISA","283800","283800","ISU000006","2020-02-01","","1","","CLOSED","IAT0102200857","NHO2018000007"),
("IATT200005066","CARD","DEBIT BCA","151800","151800","ISU000006","2020-02-01","","1","","CLOSED","IAT0102200857","NHO2018000007"),
("IATT200005065","CASH","OVO","162800","162800","ISU000006","2020-02-01","","1","","CLOSED","IAT0102200857","NHO2018000007"),
("IATT200005064","CASH","CASH","91300","100000","ISU000004","2020-02-01","","1","","CLOSED","IAT0102200857","NHO2018000007"),
("IATT200005067","CASH","OVO","51700","51700","ISU000004","2020-02-01","","1","","CLOSED","IAT0102200857","NHO2018000007"),
("IATT200005068","CASH","CASH","77000","100000","ISU000004","2020-02-01","","1","","CLOSED","IAT0102200857","NHO2018000007"),
("IATT200005069","CASH","CASH","121000","200000","ISU000004","2020-02-01","","1","","CLOSED","IAT0102200857","NHO2018000007"),
("IATT200005070","CARD","DEBIT BCA","103400","103400","ISU000004","2020-02-01","","1","","CLOSED","IAT0102200857","NHO2018000007"),
("IATT200005071","CARD","DEBIT BCA","146300","146300","ISU000006","2020-02-01","","1","","CLOSED","IAT0102200857","NHO2018000007"),
("IATT200005072","CASH","CASH","94600","100000","ISU000006","2020-02-01","","1","","CLOSED","IAT0102200857","NHO2018000007"),
("IATT200005073","CASH","CASH","77000","82000","ISU000006","2020-02-01","","1","","CLOSED","IAT0102200857","NHO2018000007"),
("IATT200005075","CASH","CASH","80300","100000","ISU000006","2020-02-01","","1","","CLOSED","IAT0102200857","NHO2018000007"),
("IATT200005074","CASH","OVO","134200","134200","ISU000006","2020-02-01","","1","","CLOSED","IAT0102200857","NHO2018000007"),
("IATT200005077","CASH","CASH","44000","50000","ISU000006","2020-02-01","","1","","CLOSED","IAT0102200857","NHO2018000007"),
("IATT200005063","CASH","OVO","227700","227700","ISU000006","2020-02-01","","1","","CLOSED","IAT0102200857","NHO2018000007"),
("IATT200005076","CASH","CASH","149600","200000","ISU000006","2020-02-01","","1","","CLOSED","IAT0102200857","NHO2018000007"),
("IATT200005078","CARD","DEBIT BCA","94600","94600","ISU000006","2020-02-01","","1","","CLOSED","IAT0102200857","NHO2018000007"),
("IATT200005080","VOUCHER","ISOIDE VOUCHER 50K","50000","50000","ISU000006","2020-02-01","","1","","CLOSED","IAT0102200857","NHO2018000007"),
("IATT200005080","CASH","CASH","2800","5000","ISU000006","2020-02-01","","1","","CLOSED","IAT0102200857","NHO2018000007"),
("IATT200005079","CARD","DEBIT BCA","201300","201300","ISU000006","2020-02-01","","1","","CLOSED","IAT0102200857","NHO2018000007"),
("IATT200005083","VOUCHER","ISOIDE VOUCHER 50K","50000","50000","ISU000006","2020-02-01","","1","","CLOSED","IAT0102200857","NHO2018000007"),
("IATT200005081","CASH","CASH","159500","160000","ISU000006","2020-02-01","","1","","CLOSED","IAT0102200857","NHO2018000007"),
("IATT200005082","VOUCHER","ISOIDE VOUCHER 50K","50000","50000","ISU000006","2020-02-01","","1","","CLOSED","IAT0102200857","NHO2018000007"),
("IATT200005082","CASH","CASH","38000","50000","ISU000006","2020-02-01","","1","","CLOSED","IAT0102200857","NHO2018000007");



