INSERT INTO pos_itemtemp VALUES("IATT190002449","193009","191001","192001","40000","1","40000","0","40000","1","1","1","IAT0609191028","NHO2018000007","PAID","Original \nGak pake daun bawang","193009"),
("IATT190002449","193052","191002","192010","20000","1","20000","0","20000","1","1","1","IAT0609191028","NHO2018000007","PAID","","193052"),
("IATT190002450","193027","191001","192003","43000","1","43000","0","43000","1","1","1","IAT0609191028","NHO2018000007","PAID","","193027"),
("IATT190002450","193029","191001","192004","27000","1","27000","13500","13500","1","1","1","IAT0609191028","NHO2018000007","PAID","","193029"),
("IATT190002450","193054","191002","192010","20000","1","20000","0","20000","1","1","1","IAT0609191028","NHO2018000007","PAID","","193054"),
("IATT190002450","193052","191002","192010","20000","1","20000","0","20000","1","1","1","IAT0609191028","NHO2018000007","PAID","","193052"),
("IATT190002451","193022","191001","192003","30000","1","30000","0","30000","1","1","1","IAT0609191028","NHO2018000007","PAID","Nasi 1/2 aja","193022"),
("IATT190002451","193082","191001","192001","30000","1","30000","15000","15000","1","1","1","IAT0609191028","NHO2018000007","PAID","","193082"),
("IATT190002451","193054","191002","192010","20000","1","20000","0","20000","1","1","1","IAT0609191028","NHO2018000007","PAID","NO ICE","193054"),
("IATT190002452","193085","191001","192001","30000","1","30000","15000","15000","1","1","1","IAT0609191028","NHO2018000007","PAID","LV 1","193085"),
("IATT190002452","193087","191001","192002","33000","1","33000","16500","16500","1","1","1","IAT0609191028","NHO2018000007","PAID","2 ORIGINAL \n1 SPICY ","193087"),
("IATT190002452","193087","191001","192002","33000","1","33000","16500","16500","2","1","1","IAT0609191028","NHO2018000007","PAID","","193087"),
("IATT190002452","193087","191001","192002","33000","1","33000","16500","16500","3","1","1","IAT0609191028","NHO2018000007","PAID","","193087"),
("IATT190002452","193021","191001","192002","40000","1","40000","20000","20000","1","1","1","IAT0609191028","NHO2018000007","PAID","","PEDAS"),
("IATT190002452","193021","191001","192002","40000","1","40000","20000","20000","2","1","1","IAT0609191028","NHO2018000007","PAID","","PEDAS"),
("IATT190002452","193047","191002","192010","10000","1","10000","0","10000","1","1","1","IAT0609191028","NHO2018000007","PAID","","193047"),
("IATT190002452","193046","191002","192010","10000","1","10000","0","10000","1","1","1","IAT0609191028","NHO2018000007","PAID","","193046"),
("IATT190002452","193046","191002","192010","10000","1","10000","0","10000","2","1","1","IAT0609191028","NHO2018000007","PAID","","193046"),
("IATT190002452","193046","191002","192010","10000","1","10000","0","10000","3","1","1","IAT0609191028","NHO2018000007","PAID","","193046"),
("IATT190002452","193046","191002","192010","10000","1","10000","0","10000","4","1","1","IAT0609191028","NHO2018000007","PAID","","193046"),
("IATT190002452","193046","191002","192010","10000","1","10000","0","10000","5","1","1","IAT0609191028","NHO2018000007","PAID","","193046"),
("IATT190002453","193005","191001","192001","37000","1","37000","18500","18500","1","1","1","IAT0609191028","NHO2018000007","PAID","LV 1","193005"),
("IATT190002453","193009","191001","192001","40000","1","40000","20000","20000","1","1","1","IAT0609191028","NHO2018000007","PAID","LV 3","193009"),
("IATT190002453","193009","191001","192001","40000","1","40000","20000","20000","2","1","1","IAT0609191028","NHO2018000007","PAID","","193009"),
("IATT190002453","193054","191002","192010","20000","1","20000","0","20000","1","1","1","IAT0609191028","NHO2018000007","PAID","","193054"),
("IATT190002453","193051","191002","192010","20000","1","20000","0","20000","1","1","1","IAT0609191028","NHO2018000007","PAID","","193051"),
("IATT190002453","193047","191002","192010","10000","1","10000","0","10000","1","1","1","IAT0609191028","NHO2018000007","PAID","","193047"),
("IATT190002454","193041","191001","192008","20000","1","20000","0","20000","1","1","1","IAT0609191028","NHO2018000007","PAID","","193041"),
("IATT190002454","193022","191001","192003","30000","1","30000","0","30000","1","1","1","IAT0609191028","NHO2018000007","PAID","","193022"),
("IATT190002454","193052","191002","192010","20000","1","20000","0","20000","1","1","1","IAT0609191028","NHO2018000007","PAID","","193052"),
("IATT190002454","193054","191002","192010","20000","1","20000","0","20000","1","1","1","IAT0609191028","NHO2018000007","PAID","","193054"),
("IATT190002455","193054","191002","192010","20000","1","20000","0","20000","1","1","1","IAT0609191028","NHO2018000007","PAID","","193054"),
("IATT190002455","193054","191002","192010","20000","1","20000","0","20000","2","1","1","IAT0609191028","NHO2018000007","PAID","","193054"),
("IATT190002455","193084","191001","192001","30000","1","30000","15000","15000","1","1","1","IAT0609191028","NHO2018000007","PAID","LV 2\nLV 3","PEDAS"),
("IATT190002455","193084","191001","192001","30000","1","30000","15000","15000","2","1","1","IAT0609191028","NHO2018000007","PAID","","PEDAS"),
("IATT190002455","193070","191001","192012","13000","1","13000","6500","6500","1","1","1","IAT0609191028","NHO2018000007","PAID","","193070"),
("IATT190002455","193069","191001","192012","13000","1","13000","6500","6500","1","1","1","IAT0609191028","NHO2018000007","PAID","","193069"),
("IATT190002457","193033","191001","192005","42000","1","42000","21000","21000","1","1","1","IAT0609191028","NHO2018000007","PAID","TAKE AWAY\nBUAT ANAK RICEBOWL\nBANYAKIN KUAH CURRYNYA\nEHEHEH","193033"),
("IATT190002458","193084","191001","192001","30000","1","30000","15000","15000","1","1","1","IAT0609191028","NHO2018000007","PAID","LVL 1\nDIBUATNYA NANTY AJA TENGAH 5\nTAKE AWAY\nTHANKS","PEDAS"),
("IATT190002456","193047","191002","192010","10000","1","10000","0","10000","1","1","2","IAT0609191028","NHO2018000007","PAID","","193047"),
("IATT190002459","193024","191001","192003","30000","1","30000","0","30000","1","1","1","IAT0609191028","NHO2018000007","PAID","","193024"),
("IATT190002459","193047","191002","192010","10000","1","10000","0","10000","1","1","1","IAT0609191028","NHO2018000007","PAID","","193047"),
("IATT190002456","193085","191001","192001","30000","1","30000","15000","15000","1","1","3","IAT0609191028","NHO2018000007","PAID","LV 2","193085"),
("IATT190002456","193083","191001","192001","30000","1","30000","15000","15000","1","1","3","IAT0609191028","NHO2018000007","PAID","LV 2","193083"),
("IATT190002456","193069","191001","192012","13000","1","13000","6500","6500","1","1","3","IAT0609191028","NHO2018000007","PAID","","193069"),
("IATT190002456","193070","191001","192012","13000","1","13000","6500","6500","1","1","3","IAT0609191028","NHO2018000007","PAID","","193070"),
("IATT190002456","193052","191002","192010","20000","1","20000","0","20000","1","1","3","IAT0609191028","NHO2018000007","PAID","","193052"),
("IATT190002456","193047","191002","192010","10000","1","10000","0","10000","2","1","3","IAT0609191028","NHO2018000007","PAID","","193047"),
("IATT190002456","193047","191002","192010","10000","1","10000","0","10000","3","1","3","IAT0609191028","NHO2018000007","PAID","","193047"),
("IATT190002456","193055","191002","192010","17000","1","17000","0","17000","1","1","4","IAT0609191028","NHO2018000007","PAID","","193055"),
("IATT190002460","193036","191001","192006","36000","1","36000","0","36000","1","1","1","IAT0609191028","NHO2018000007","PAID","","PEDAS"),
("IATT190002460","193087","191001","192002","33000","1","33000","0","33000","1","1","1","IAT0609191028","NHO2018000007","PAID","","193087"),
("IATT190002460","193069","191001","192012","13000","1","13000","0","13000","1","1","1","IAT0609191028","NHO2018000007","PAID","","193069"),
("IATT190002460","193046","191002","192010","10000","1","10000","0","10000","1","1","1","IAT0609191028","NHO2018000007","PAID","","193046"),
("IATT190002460","193054","191002","192010","20000","1","20000","0","20000","1","1","1","IAT0609191028","NHO2018000007","PAID","","193054"),
("IATT190002461","193033","191001","192005","42000","1","42000","21000","21000","1","1","1","IAT0609191028","NHO2018000007","PAID","TAKE AWAY YA\nYANG ENAK YA\nBUAT INCESSS\nAHAHAHAH","193033"),
("IATT190002460","193048","191002","192010","8000","1","8000","0","8000","1","1","2","IAT0609191028","NHO2018000007","PAID","","193048"),
("IATT190002462","193086","191001","192002","33000","1","33000","0","33000","1","1","1","IAT0609191028","NHO2018000007","PAID","","PEDAS"),
("IATT190002462","193067","191001","192003","7000","1","7000","0","7000","1","1","1","IAT0609191028","NHO2018000007","PAID","","193067"),
("IATT190002462","193054","191002","192010","20000","1","20000","0","20000","1","1","2","IAT0609191028","NHO2018000007","PAID","","193054"),
("IATT190002463","193076","191001","192001","30000","1","30000","0","30000","1","1","1","IAT0609191028","NHO2018000007","PAID","","193076"),
("IATT190002463","193084","191001","192001","30000","1","30000","0","30000","1","1","1","IAT0609191028","NHO2018000007","PAID","","PEDAS"),
("IATT190002463","193022","191001","192003","30000","1","30000","0","30000","1","1","1","IAT0609191028","NHO2018000007","PAID","","193022"),
("IATT190002463","193046","191002","192010","10000","1","10000","0","10000","1","1","1","IAT0609191028","NHO2018000007","PAID","","193046"),
("IATT190002463","193055","191002","192010","17000","1","17000","0","17000","1","1","1","IAT0609191028","NHO2018000007","PAID","","193055"),
("IATT190002463","193050","191002","192010","20000","1","20000","0","20000","1","1","1","IAT0609191028","NHO2018000007","PAID","","193050"),
("IATT190002465","193035","191001","192006","32000","1","32000","0","32000","1","1","1","IAT0609191028","NHO2018000007","PAID","NO KECAP","PEDAS"),
("IATT190002465","193079","191001","192001","30000","1","30000","0","30000","1","1","1","IAT0609191028","NHO2018000007","PAID","","193079"),
("IATT190002465","193046","191002","192010","10000","1","10000","0","10000","1","1","1","IAT0609191028","NHO2018000007","PAID","","193046"),
("IATT190002465","193047","191002","192010","10000","1","10000","0","10000","1","1","1","IAT0609191028","NHO2018000007","PAID","","193047"),
("IATT190002465","193056","191002","192010","17000","1","17000","0","17000","1","1","1","IAT0609191028","NHO2018000007","PAID","","193056"),
("IATT190002466","193008","191001","192001","37000","1","37000","18500","18500","1","1","1","IAT0609191028","NHO2018000007","PAID","","193008"),
("IATT190002466","193010","191001","192001","40000","1","40000","20000","20000","1","1","1","IAT0609191028","NHO2018000007","PAID","","193010"),
("IATT190002466","193050","191002","192010","20000","1","20000","0","20000","1","1","1","IAT0609191028","NHO2018000007","PAID","","193050"),
("IATT190002466","193046","191002","192010","10000","1","10000","0","10000","1","1","1","IAT0609191028","NHO2018000007","PAID","","193046"),
("IATT190002467","193032","191001","192004","30000","1","30000","15000","15000","1","1","1","IAT0609191028","NHO2018000007","PAID","","193032"),
("IATT190002467","193007","191001","192001","37000","1","37000","18500","18500","1","1","1","IAT0609191028","NHO2018000007","PAID","","PEDAS"),
("IATT190002467","193048","191002","192010","8000","1","8000","0","8000","1","1","1","IAT0609191028","NHO2018000007","PAID","","193048"),
("IATT190002467","193054","191002","192010","20000","1","20000","0","20000","1","1","1","IAT0609191028","NHO2018000007","PAID","","193054"),
("IATT190002468","193085","191001","192001","30000","1","30000","15000","15000","1","1","1","IAT0609191028","NHO2018000007","PAID","","193085"),
("IATT190002468","193008","191001","192001","37000","1","37000","18500","18500","1","1","1","IAT0609191028","NHO2018000007","PAID","","193008"),
("IATT190002468","193084","191001","192001","30000","1","30000","15000","15000","1","1","1","IAT0609191028","NHO2018000007","PAID","","PEDAS"),
("IATT190002468","193007","191001","192001","37000","1","37000","18500","18500","1","1","1","IAT0609191028","NHO2018000007","PAID","","PEDAS"),
("IATT190002470","193082","191001","192001","30000","1","30000","15000","15000","1","1","1","IAT0609191028","NHO2018000007","PAID","MINTA SAMBEL PISAH","193082"),
("IATT190002470","193036","191001","192006","36000","1","36000","18000","18000","1","1","1","IAT0609191028","NHO2018000007","PAID","","PEDAS"),
("IATT190002470","193049","191002","192010","10000","1","10000","0","10000","1","1","1","IAT0609191028","NHO2018000007","PAID","","193049"),
("IATT190002470","193049","191002","192010","10000","1","10000","0","10000","2","1","1","IAT0609191028","NHO2018000007","PAID","","193049"),
("IATT190002471","193007","191001","192001","37000","1","37000","18500","18500","1","1","1","IAT0609191028","NHO2018000007","PAID","JANGAN DIBUAT YA","PEDAS"),
("IATT190002471","193054","191002","192010","20000","1","20000","0","20000","1","1","1","IAT0609191028","NHO2018000007","PAID","","193054"),
("IATT190002472","193084","191001","192001","30000","1","30000","15000","15000","1","1","1","IAT0609191028","NHO2018000007","PAID","","PEDAS"),
("IATT190002472","193032","191001","192004","30000","1","30000","15000","15000","1","1","1","IAT0609191028","NHO2018000007","PAID","","193032"),
("IATT190002472","193055","191002","192010","17000","1","17000","0","17000","1","1","1","IAT0609191028","NHO2018000007","PAID","","193055"),
("IATT190002472","193056","191002","192010","17000","1","17000","0","17000","1","1","1","IAT0609191028","NHO2018000007","PAID","","193056"),
("IATT190002473","193009","191001","192001","40000","1","40000","20000","20000","1","1","1","IAT0609191028","NHO2018000007","PAID","NO NEGI\nKATSU PISAH","193009"),
("IATT190002473","193021","191001","192002","40000","1","40000","20000","20000","1","1","1","IAT0609191028","NHO2018000007","PAID","","ORIGINAL"),
("IATT190002473","193029","191001","192004","27000","1","27000","13500","13500","1","1","1","IAT0609191028","NHO2018000007","PAID","","193029"),
("IATT190002473","193056","191002","192010","17000","1","17000","0","17000","1","1","1","IAT0609191028","NHO2018000007","PAID","","193056"),
("IATT190002473","193054","191002","192010","20000","1","20000","0","20000","1","1","1","IAT0609191028","NHO2018000007","PAID","","193054"),
("IATT190002473","193054","191002","192010","20000","1","20000","0","20000","2","1","1","IAT0609191028","NHO2018000007","PAID","","193054"),
("IATT190002473","193054","191002","192010","20000","1","20000","0","20000","3","1","1","IAT0609191028","NHO2018000007","PAID","","193054"),
("IATT190002474","193036","191001","192006","36000","1","36000","18000","18000","1","1","1","IAT0609191028","NHO2018000007","PAID","","PEDAS"),
("IATT190002474","193035","191001","192006","32000","1","32000","16000","16000","1","1","1","IAT0609191028","NHO2018000007","PAID","","PEDAS"),
("IATT190002474","193006","191001","192001","37000","1","37000","18500","18500","1","1","1","IAT0609191028","NHO2018000007","PAID","","193006"),
("IATT190002474","193055","191002","192010","17000","1","17000","0","17000","1","1","1","IAT0609191028","NHO2018000007","PAID","","193055"),
("IATT190002474","193048","191002","192010","8000","1","8000","0","8000","1","1","1","IAT0609191028","NHO2018000007","PAID","","193048"),
("IATT190002475","193033","191001","192005","42000","1","42000","21000","21000","1","1","1","IAT0609191028","NHO2018000007","PAID","","193033"),
("IATT190002475","193033","191001","192005","42000","1","42000","21000","21000","2","1","1","IAT0609191028","NHO2018000007","PAID","","193033"),
("IATT190002475","193049","191002","192010","10000","1","10000","0","10000","1","1","1","IAT0609191028","NHO2018000007","PAID","","193049"),
("IATT190002475","193049","191002","192010","10000","1","10000","0","10000","2","1","1","IAT0609191028","NHO2018000007","PAID","","193049"),
("IATT190002475","193070","191001","192012","13000","1","13000","6500","6500","1","1","1","IAT0609191028","NHO2018000007","PAID","","193070");



INSERT INTO pos_salestemp VALUES("IATT190002449","","2","60000","0","6000","0","66000","100000","06/09/2019","11:23","2019-09-06","11:38:55","ISU000012","tbl0012","CLOSED","1","","IATR190002383","","","","","IAT0609191028","NHO2018000007"),
("IATT190002450","","2","110000","13500","9650","0","106150","106200","06/09/2019","12:12","2019-09-06","12:45:15","ISU000012","tbl0011","CLOSED","1","","IATR190002384","","","","","IAT0609191028","NHO2018000007"),
("IATT190002451","","2","80000","15000","6500","0","71500","101500","06/09/2019","12:18","2019-09-06","12:54:39","ISU000012","tbl0012","CLOSED","1","","IATR190002385","","","","","IAT0609191028","NHO2018000007"),
("IATT190002452","","6","269000","104500","16450","0","180950","200000","06/09/2019","12:31","2019-09-06","13:13:56","ISU000012","tbl0022","CLOSED","1","","IATR190002387","","","","","IAT0609191028","NHO2018000007"),
("IATT190002453","","3","167000","58500","10850","0","119350","120400","06/09/2019","12:38","2019-09-06","13:23:13","ISU000012","tbl0010","CLOSED","1","","IATR190002388","","","","","IAT0609191028","NHO2018000007"),
("IATT190002454","","2","90000","0","9000","0","99000","100000","06/09/2019","12:43","2019-09-06","13:10:06","ISU000012","tbl0004","CLOSED","1","","IATR190002386","","","","","IAT0609191028","NHO2018000007"),
("IATT190002455","","2","126000","43000","8300","0","91300","100000","06/09/2019","12:59","2019-09-06","13:39:23","ISU000012","tbl0011","CLOSED","1","","IATR190002389","","","","","IAT0609191028","NHO2018000007"),
("IATT190002456","","1","153000","43000","11000","0","121000","125000","06/09/2019","15:09","2019-09-06","17:20:07","ISU000012","tbl0012","CLOSED","1","","IATR190002393","","","","","IAT0609191028","NHO2018000007"),
("IATT190002457","","1","42000","21000","2100","0","23100","25000","06/09/2019","15:15","2019-09-06","15:30:40","ISU000012","tbl0040","CLOSED","1","","IATR190002390","","","","","IAT0609191028","NHO2018000007"),
("IATT190002458","","1","30000","15000","1500","0","16500","20000","06/09/2019","15:32","2019-09-06","17:14:40","ISU000012","tbl0040","CLOSED","1","","IATR190002392","","","","","IAT0609191028","NHO2018000007"),
("IATT190002459","","1","40000","0","4000","0","44000","100000","06/09/2019","16:18","2019-09-06","16:47:39","ISU000012","tbl0023","CLOSED","1","","IATR190002391","","","","","IAT0609191028","NHO2018000007"),
("IATT190002460","","2","120000","0","12000","0","132000","132000","06/09/2019","16:58","2019-09-06","17:49:49","ISU000012","tbl0013","CLOSED","1","","IATR190002394","","","","","IAT0609191028","NHO2018000007"),
("IATT190002461","","1","42000","21000","2100","0","23100","25000","06/09/2019","17:14","2019-09-06","19:06:42","ISU000012","tbl0032","CLOSED","1","","IATR190002402","","","","","IAT0609191028","NHO2018000007"),
("IATT190002462","","1","60000","0","6000","0","66000","100000","06/09/2019","17:31","2019-09-06","18:10:17","ISU000012","tbl0005","CLOSED","1","","IATR190002395","","","","","IAT0609191028","NHO2018000007"),
("IATT190002463","","3","137000","0","13700","0","150700","155000","06/09/2019","17:39","2019-09-06","18:14:15","ISU000012","tbl0012","CLOSED","1","","IATR190002396","","","","","IAT0609191028","NHO2018000007"),
("IATT190002464","","1","0","0","0","0","0","0","06/09/2019","17:52","06/09/2019","17:52:09","ISU000012","tbl0024","CANCELED","1","PERMINTAAN CUSTOMER","","","","","","IAT0609191028","NHO2018000007"),
("IATT190002465","","2","99000","0","9900","0","108900","110000","06/09/2019","17:52","2019-09-06","18:56:25","ISU000012","tbl0024","CLOSED","1","","IATR190002400","","","","","IAT0609191028","NHO2018000007"),
("IATT190002466","","2","107000","38500","6850","0","75350","100500","06/09/2019","18:09","2019-09-06","18:50:05","ISU000012","tbl0011","CLOSED","1","","IATR190002398","","","","","IAT0609191028","NHO2018000007"),
("IATT190002467","","2","95000","33500","6150","0","67650","70000","06/09/2019","18:16","2019-09-06","18:46:31","ISU000012","tbl0020","CLOSED","1","","IATR190002397","","","","","IAT0609191028","NHO2018000007"),
("IATT190002468","","4","134000","67000","6700","0","73700","75000","06/09/2019","18:25","2019-09-06","18:51:46","ISU000012","tbl0021","CLOSED","1","","IATR190002399","","","","","IAT0609191028","NHO2018000007"),
("IATT190002469","","1","0","0","0","0","0","0","06/09/2019","18:33","06/09/2019","18:33:20","ISU000012","tbl0018","CANCELED","1","PERMINTAAN CUSTOMER","","","","","","IAT0609191028","NHO2018000007"),
("IATT190002470","","2","86000","33000","5300","0","58300","110000","06/09/2019","18:33","2019-09-06","19:06:00","ISU000012","tbl0018","CLOSED","1","","IATR190002401","","","","","IAT0609191028","NHO2018000007"),
("IATT190002471","","1","57000","18500","3850","0","42350","42350","06/09/2019","19:15","2019-09-06","19:17:10","ISU000012","tbl0010","CLOSED","1","","IATR190002403","","","","","IAT0609191028","NHO2018000007"),
("IATT190002472","","2","94000","30000","6400","0","70400","100000","06/09/2019","19:30","2019-09-06","20:06:53","ISU000012","tbl0010","CLOSED","1","","IATR190002404","","","","","IAT0609191028","NHO2018000007"),
("IATT190002473","","3","184000","53500","13050","0","143550","143550","06/09/2019","19:37","2019-09-06","20:24:06","ISU000012","tbl0012","CLOSED","1","","IATR190002405","","","","","IAT0609191028","NHO2018000007"),
("IATT190002474","","2","130000","52500","7750","0","85250","85250","06/09/2019","19:45","2019-09-06","20:39:48","ISU000012","tbl0011","CLOSED","1","","IATR190002407","","","","","IAT0609191028","NHO2018000007"),
("IATT190002475","","2","117000","48500","6850","0","75350","100000","06/09/2019","19:56","2019-09-06","20:37:18","ISU000012","tbl0020","CLOSED","1","","IATR190002406","","","","","IAT0609191028","NHO2018000007");



INSERT INTO item_void VALUES("IATT190002456","IAT0609191028","NHO2018000007","193048","193048","1","8000","Before Send","Komplen Customer"),
("IATT190002456","IAT0609191028","NHO2018000007","193007","PEDAS","1","37000","Before Send","Komplen Customer");



INSERT INTO pos_promotion_h VALUES("IATT190002450","NPRM18000017","DISC ITEM","1","13500","TUNJUKKAN JEMPOLMU","IAT0609191028","PAID","NHO2018000007"),
("IATT190002451","NPRM18000017","DISC ITEM","1","15000","TUNJUKKAN JEMPOLMU","IAT0609191028","PAID","NHO2018000007"),
("IATT190002452","NPRM18000017","DISC ITEM","1","104500","TUNJUKKAN JEMPOLMU","IAT0609191028","PAID","NHO2018000007"),
("IATT190002453","NPRM18000017","DISC ITEM","1","58500","TUNJUKKAN JEMPOLMU","IAT0609191028","PAID","NHO2018000007"),
("IATT190002455","NPRM18000017","DISC ITEM","1","43000","TUNJUKKAN JEMPOLMU","IAT0609191028","PAID","NHO2018000007"),
("IATT190002457","NPRM18000017","DISC ITEM","1","21000","TUNJUKKAN JEMPOLMU","IAT0609191028","PAID","NHO2018000007"),
("IATT190002458","NPRM18000017","DISC ITEM","1","15000","TUNJUKKAN JEMPOLMU","IAT0609191028","PAID","NHO2018000007"),
("IATT190002456","NPRM18000017","DISC ITEM","1","43000","TUNJUKKAN JEMPOLMU","IAT0609191028","PAID","NHO2018000007"),
("IATT190002467","NPRM18000017","DISC ITEM","1","33500","TUNJUKKAN JEMPOLMU","IAT0609191028","PAID","NHO2018000007"),
("IATT190002466","NPRM18000017","DISC ITEM","1","38500","TUNJUKKAN JEMPOLMU","IAT0609191028","PAID","NHO2018000007"),
("IATT190002468","NPRM18000017","DISC ITEM","1","67000","TUNJUKKAN JEMPOLMU","IAT0609191028","PAID","NHO2018000007"),
("IATT190002470","NPRM18000017","DISC ITEM","1","33000","TUNJUKKAN JEMPOLMU","IAT0609191028","PAID","NHO2018000007"),
("IATT190002461","NPRM18000017","DISC ITEM","1","21000","TUNJUKKAN JEMPOLMU","IAT0609191028","PAID","NHO2018000007"),
("IATT190002471","NPRM18000017","DISC ITEM","1","18500","TUNJUKKAN JEMPOLMU","IAT0609191028","PAID","NHO2018000007"),
("IATT190002472","NPRM18000017","DISC ITEM","1","30000","TUNJUKKAN JEMPOLMU","IAT0609191028","PAID","NHO2018000007"),
("IATT190002473","NPRM18000017","DISC ITEM","1","53500","TUNJUKKAN JEMPOLMU","IAT0609191028","PAID","NHO2018000007"),
("IATT190002474","NPRM18000017","DISC ITEM","1","52500","TUNJUKKAN JEMPOLMU","IAT0609191028","PAID","NHO2018000007"),
("IATT190002475","NPRM18000017","DISC ITEM","1","48500","TUNJUKKAN JEMPOLMU","IAT0609191028","PAID","NHO2018000007");



INSERT INTO pos_promotion_d VALUES("IATT190002450","NPRM18000017","DISC ITEM","1","1","193029","1","13500","IAT0609191028","PAID","NHO2018000007"),
("IATT190002451","NPRM18000017","DISC ITEM","1","1","193082","1","15000","IAT0609191028","PAID","NHO2018000007"),
("IATT190002452","NPRM18000017","DISC ITEM","1","1","193085","1","15000","IAT0609191028","PAID","NHO2018000007"),
("IATT190002452","NPRM18000017","DISC ITEM","1","1","193087","1","16500","IAT0609191028","PAID","NHO2018000007"),
("IATT190002452","NPRM18000017","DISC ITEM","1","1","193087","2","16500","IAT0609191028","PAID","NHO2018000007"),
("IATT190002452","NPRM18000017","DISC ITEM","1","1","193087","3","16500","IAT0609191028","PAID","NHO2018000007"),
("IATT190002452","NPRM18000017","DISC ITEM","1","1","193021","1","20000","IAT0609191028","PAID","NHO2018000007"),
("IATT190002452","NPRM18000017","DISC ITEM","1","1","193021","2","20000","IAT0609191028","PAID","NHO2018000007"),
("IATT190002453","NPRM18000017","DISC ITEM","1","1","193005","1","18500","IAT0609191028","PAID","NHO2018000007"),
("IATT190002453","NPRM18000017","DISC ITEM","1","1","193009","1","20000","IAT0609191028","PAID","NHO2018000007"),
("IATT190002453","NPRM18000017","DISC ITEM","1","1","193009","2","20000","IAT0609191028","PAID","NHO2018000007"),
("IATT190002455","NPRM18000017","DISC ITEM","1","1","193084","1","15000","IAT0609191028","PAID","NHO2018000007"),
("IATT190002455","NPRM18000017","DISC ITEM","1","1","193084","2","15000","IAT0609191028","PAID","NHO2018000007"),
("IATT190002455","NPRM18000017","DISC ITEM","1","1","193070","1","6500","IAT0609191028","PAID","NHO2018000007"),
("IATT190002455","NPRM18000017","DISC ITEM","1","1","193069","1","6500","IAT0609191028","PAID","NHO2018000007"),
("IATT190002457","NPRM18000017","DISC ITEM","1","1","193033","1","21000","IAT0609191028","PAID","NHO2018000007"),
("IATT190002458","NPRM18000017","DISC ITEM","1","1","193084","1","15000","IAT0609191028","PAID","NHO2018000007"),
("IATT190002456","NPRM18000017","DISC ITEM","1","1","193085","1","15000","IAT0609191028","PAID","NHO2018000007"),
("IATT190002456","NPRM18000017","DISC ITEM","1","1","193083","1","15000","IAT0609191028","PAID","NHO2018000007"),
("IATT190002456","NPRM18000017","DISC ITEM","1","1","193069","1","6500","IAT0609191028","PAID","NHO2018000007"),
("IATT190002456","NPRM18000017","DISC ITEM","1","1","193070","1","6500","IAT0609191028","PAID","NHO2018000007"),
("IATT190002467","NPRM18000017","DISC ITEM","1","1","193032","1","15000","IAT0609191028","PAID","NHO2018000007"),
("IATT190002467","NPRM18000017","DISC ITEM","1","1","193007","1","18500","IAT0609191028","PAID","NHO2018000007"),
("IATT190002466","NPRM18000017","DISC ITEM","1","1","193008","1","18500","IAT0609191028","PAID","NHO2018000007"),
("IATT190002466","NPRM18000017","DISC ITEM","1","1","193010","1","20000","IAT0609191028","PAID","NHO2018000007"),
("IATT190002468","NPRM18000017","DISC ITEM","1","1","193085","1","15000","IAT0609191028","PAID","NHO2018000007"),
("IATT190002468","NPRM18000017","DISC ITEM","1","1","193008","1","18500","IAT0609191028","PAID","NHO2018000007"),
("IATT190002468","NPRM18000017","DISC ITEM","1","1","193084","1","15000","IAT0609191028","PAID","NHO2018000007"),
("IATT190002468","NPRM18000017","DISC ITEM","1","1","193007","1","18500","IAT0609191028","PAID","NHO2018000007"),
("IATT190002470","NPRM18000017","DISC ITEM","1","1","193082","1","15000","IAT0609191028","PAID","NHO2018000007"),
("IATT190002470","NPRM18000017","DISC ITEM","1","1","193036","1","18000","IAT0609191028","PAID","NHO2018000007"),
("IATT190002461","NPRM18000017","DISC ITEM","1","1","193033","1","21000","IAT0609191028","PAID","NHO2018000007"),
("IATT190002471","NPRM18000017","DISC ITEM","1","1","193007","1","18500","IAT0609191028","PAID","NHO2018000007"),
("IATT190002472","NPRM18000017","DISC ITEM","1","1","193084","1","15000","IAT0609191028","PAID","NHO2018000007"),
("IATT190002472","NPRM18000017","DISC ITEM","1","1","193032","1","15000","IAT0609191028","PAID","NHO2018000007"),
("IATT190002473","NPRM18000017","DISC ITEM","1","1","193009","1","20000","IAT0609191028","PAID","NHO2018000007"),
("IATT190002473","NPRM18000017","DISC ITEM","1","1","193021","1","20000","IAT0609191028","PAID","NHO2018000007"),
("IATT190002473","NPRM18000017","DISC ITEM","1","1","193029","1","13500","IAT0609191028","PAID","NHO2018000007"),
("IATT190002474","NPRM18000017","DISC ITEM","1","1","193036","1","18000","IAT0609191028","PAID","NHO2018000007"),
("IATT190002474","NPRM18000017","DISC ITEM","1","1","193035","1","16000","IAT0609191028","PAID","NHO2018000007"),
("IATT190002474","NPRM18000017","DISC ITEM","1","1","193006","1","18500","IAT0609191028","PAID","NHO2018000007"),
("IATT190002475","NPRM18000017","DISC ITEM","1","1","193033","1","21000","IAT0609191028","PAID","NHO2018000007"),
("IATT190002475","NPRM18000017","DISC ITEM","1","1","193033","2","21000","IAT0609191028","PAID","NHO2018000007"),
("IATT190002475","NPRM18000017","DISC ITEM","1","1","193070","1","6500","IAT0609191028","PAID","NHO2018000007");



INSERT INTO pos_paymenttemp VALUES("IATT190002449","CASH","CASH","66000","100000","ISU000012","2019-09-06","","1","","CLOSED","IAT0609191028","NHO2018000007"),
("IATT190002450","CASH","CASH","106150","106200","ISU000012","2019-09-06","","1","","CLOSED","IAT0609191028","NHO2018000007"),
("IATT190002451","CASH","CASH","71500","101500","ISU000012","2019-09-06","","1","","CLOSED","IAT0609191028","NHO2018000007"),
("IATT190002454","CASH","CASH","99000","100000","ISU000012","2019-09-06","","1","","CLOSED","IAT0609191028","NHO2018000007"),
("IATT190002452","CASH","CASH","180950","200000","ISU000012","2019-09-06","","1","","CLOSED","IAT0609191028","NHO2018000007"),
("IATT190002453","CASH","CASH","119350","120400","ISU000012","2019-09-06","","1","","CLOSED","IAT0609191028","NHO2018000007"),
("IATT190002455","CASH","CASH","91300","100000","ISU000012","2019-09-06","","1","","CLOSED","IAT0609191028","NHO2018000007"),
("IATT190002457","CASH","CASH","23100","25000","ISU000012","2019-09-06","","1","","CLOSED","IAT0609191028","NHO2018000007"),
("IATT190002459","CASH","CASH","44000","100000","ISU000012","2019-09-06","","1","","CLOSED","IAT0609191028","NHO2018000007"),
("IATT190002458","CASH","CASH","16500","20000","ISU000012","2019-09-06","","1","","CLOSED","IAT0609191028","NHO2018000007"),
("IATT190002456","CASH","CASH","121000","125000","ISU000012","2019-09-06","","1","","CLOSED","IAT0609191028","NHO2018000007"),
("IATT190002460","CARD","VISA","132000","132000","ISU000012","2019-09-06","","1","","CLOSED","IAT0609191028","NHO2018000007"),
("IATT190002462","CASH","CASH","66000","100000","ISU000012","2019-09-06","","1","","CLOSED","IAT0609191028","NHO2018000007"),
("IATT190002463","CASH","CASH","150700","155000","ISU000012","2019-09-06","","1","","CLOSED","IAT0609191028","NHO2018000007"),
("IATT190002467","CASH","CASH","67650","70000","ISU000012","2019-09-06","","1","","CLOSED","IAT0609191028","NHO2018000007"),
("IATT190002466","CASH","CASH","75350","100500","ISU000012","2019-09-06","","1","","CLOSED","IAT0609191028","NHO2018000007"),
("IATT190002468","CASH","CASH","73700","75000","ISU000012","2019-09-06","","1","","CLOSED","IAT0609191028","NHO2018000007"),
("IATT190002465","CASH","CASH","108900","110000","ISU000012","2019-09-06","","1","","CLOSED","IAT0609191028","NHO2018000007"),
("IATT190002470","CASH","CASH","58300","110000","ISU000012","2019-09-06","","1","","CLOSED","IAT0609191028","NHO2018000007"),
("IATT190002461","CASH","CASH","23100","25000","ISU000012","2019-09-06","","1","","CLOSED","IAT0609191028","NHO2018000007"),
("IATT190002471","CARD","MASTER","42350","42350","ISU000012","2019-09-06","","1","","CLOSED","IAT0609191028","NHO2018000007"),
("IATT190002472","CASH","CASH","70400","100000","ISU000012","2019-09-06","","1","","CLOSED","IAT0609191028","NHO2018000007"),
("IATT190002473","CARD","VISA","143550","143550","ISU000012","2019-09-06","","1","","CLOSED","IAT0609191028","NHO2018000007"),
("IATT190002475","CASH","CASH","75350","100000","ISU000012","2019-09-06","","1","","CLOSED","IAT0609191028","NHO2018000007"),
("IATT190002474","CARD","MASTER","85250","85250","ISU000012","2019-09-06","","1","","CLOSED","IAT0609191028","NHO2018000007");



