INSERT INTO pos_itemtemp VALUES("IATT190003610","193071","191001","192012","18000","1","18000","7920","10080","1","1","1","IAT0311191026","NHO2018000007","PAID","","193071"),
("IATT190003611","193022","191001","192003","30000","1","30000","0","30000","1","1","1","IAT0311191026","NHO2018000007","PAID","","193022"),
("IATT190003611","193046","191002","192010","10000","1","10000","0","10000","1","1","1","IAT0311191026","NHO2018000007","PAID","","193046"),
("IATT190003612","193082","191001","192001","30000","1","30000","0","30000","1","1","1","IAT0311191026","NHO2018000007","PAID","","193082"),
("IATT190003612","193009","191001","192001","40000","1","40000","0","40000","1","1","1","IAT0311191026","NHO2018000007","PAID","","193009"),
("IATT190003612","193046","191002","192010","10000","1","10000","0","10000","1","1","1","IAT0311191026","NHO2018000007","PAID","","193046"),
("IATT190003612","193046","191002","192010","10000","1","10000","0","10000","2","1","1","IAT0311191026","NHO2018000007","PAID","","193046"),
("IATT190003611","193086","191001","192002","33000","1","33000","14520","18480","1","1","2","IAT0311191026","NHO2018000007","PAID","","PEDAS"),
("IATT190003611","193070","191001","192012","13000","1","13000","5720","7280","1","1","2","IAT0311191026","NHO2018000007","PAID","","193070"),
("IATT190003611","193051","191002","192010","20000","1","20000","0","20000","1","1","2","IAT0311191026","NHO2018000007","PAID","","193051"),
("IATT190003613","193113","191001","192003","55000","1","55000","0","55000","1","1","1","IAT0311191026","NHO2018000007","PAID","","193113"),
("IATT190003613","193027","191001","192003","43000","1","43000","0","43000","1","1","1","IAT0311191026","NHO2018000007","PAID","","193027"),
("IATT190003613","193119","191001","192012","20000","1","20000","0","20000","1","1","1","IAT0311191026","NHO2018000007","PAID","","193119"),
("IATT190003613","193054","191002","192010","20000","1","20000","0","20000","1","1","1","IAT0311191026","NHO2018000007","PAID","","193054"),
("IATT190003613","193048","191002","192010","8000","1","8000","0","8000","1","1","1","IAT0311191026","NHO2018000007","PAID","","193048"),
("IATT190003614","193084","191001","192001","30000","1","30000","13200","16800","1","1","1","IAT0311191026","NHO2018000007","PAID","","PEDAS"),
("IATT190003614","193048","191002","192010","8000","1","8000","0","8000","1","1","1","IAT0311191026","NHO2018000007","PAID","","193048"),
("IATT190003615","193085","191001","192001","30000","1","30000","13200","16800","1","1","1","IAT0311191026","NHO2018000007","PAID","pedesss","193085"),
("IATT190003615","193067","191001","192003","7000","1","7000","0","7000","1","1","1","IAT0311191026","NHO2018000007","PAID","","193067"),
("IATT190003615","193055","191002","192010","17000","1","17000","0","17000","1","1","1","IAT0311191026","NHO2018000007","PAID","","193055"),
("IATT190003616","193077","191001","192001","30000","1","30000","0","30000","1","1","1","IAT0311191026","NHO2018000007","PAID","","193077"),
("IATT190003616","193078","191001","192001","30000","1","30000","0","30000","1","1","1","IAT0311191026","NHO2018000007","PAID","","PEDAS"),
("IATT190003616","193078","191001","192001","30000","1","30000","0","30000","2","1","1","IAT0311191026","NHO2018000007","PAID","","PEDAS"),
("IATT190003616","193111","191001","192008","25000","1","25000","0","25000","1","1","1","IAT0311191026","NHO2018000007","PAID","","193111"),
("IATT190003616","193118","191001","192012","20000","1","20000","0","20000","1","1","1","IAT0311191026","NHO2018000007","PAID","","193118"),
("IATT190003616","193027","191001","192003","43000","1","43000","0","43000","1","1","1","IAT0311191026","NHO2018000007","PAID","","193027"),
("IATT190003616","193055","191002","192010","17000","1","17000","0","17000","1","1","1","IAT0311191026","NHO2018000007","PAID","","193055"),
("IATT190003616","193056","191002","192010","17000","1","17000","0","17000","1","1","1","IAT0311191026","NHO2018000007","PAID","","193056"),
("IATT190003616","193054","191002","192010","20000","1","20000","0","20000","1","1","1","IAT0311191026","NHO2018000007","PAID","","193054"),
("IATT190003617","193032","191001","192004","30000","1","30000","13200","16800","1","1","1","IAT0311191026","NHO2018000007","PAID","","193032"),
("IATT190003617","193053","191002","192010","20000","1","20000","0","20000","1","1","1","IAT0311191026","NHO2018000007","PAID","","193053"),
("IATT190003618","193034","191001","192005","37000","1","37000","16280","20720","1","1","1","IAT0311191026","NHO2018000007","PAID","","193034"),
("IATT190003618","193035","191001","192006","32000","1","32000","14080","17920","1","1","1","IAT0311191026","NHO2018000007","PAID","","PEDAS"),
("IATT190003618","193048","191002","192010","8000","1","8000","0","8000","1","1","1","IAT0311191026","NHO2018000007","PAID","","193048"),
("IATT190003618","193047","191002","192010","10000","1","10000","0","10000","1","1","1","IAT0311191026","NHO2018000007","PAID","","193047"),
("IATT190003617","193048","191002","192010","8000","1","8000","0","8000","1","1","2","IAT0311191026","NHO2018000007","PAID","","193048"),
("IATT190003619","193032","191001","192004","30000","1","30000","0","30000","1","1","1","IAT0311191026","NHO2018000007","PAID","","193032"),
("IATT190003619","193036","191001","192006","36000","1","36000","0","36000","1","1","1","IAT0311191026","NHO2018000007","PAID","","ORIGINAL"),
("IATT190003619","193036","191001","192006","36000","1","36000","0","36000","2","1","1","IAT0311191026","NHO2018000007","PAID","","ORIGINAL"),
("IATT190003619","193038","191001","192006","36000","1","36000","0","36000","1","1","1","IAT0311191026","NHO2018000007","PAID","","ORIGINAL"),
("IATT190003619","193006","191001","192001","37000","1","37000","0","37000","1","1","1","IAT0311191026","NHO2018000007","PAID","","193006"),
("IATT190003619","193005","191001","192001","37000","1","37000","0","37000","1","1","1","IAT0311191026","NHO2018000007","PAID","","193005"),
("IATT190003619","193052","191002","192010","20000","1","20000","0","20000","1","1","1","IAT0311191026","NHO2018000007","PAID","","193052"),
("IATT190003619","193052","191002","192010","20000","1","20000","0","20000","2","1","1","IAT0311191026","NHO2018000007","PAID","","193052"),
("IATT190003619","193051","191002","192010","20000","1","20000","0","20000","1","1","1","IAT0311191026","NHO2018000007","PAID","","193051"),
("IATT190003619","193051","191002","192010","20000","1","20000","0","20000","2","1","1","IAT0311191026","NHO2018000007","PAID","","193051"),
("IATT190003619","193056","191002","192010","17000","1","17000","0","17000","1","1","1","IAT0311191026","NHO2018000007","PAID","","193056"),
("IATT190003619","193046","191002","192010","10000","1","10000","0","10000","1","1","1","IAT0311191026","NHO2018000007","PAID","","193046"),
("IATT190003620","193114","191001","192006","42000","1","42000","19656","22344","1","1","1","IAT0311191026","NHO2018000007","PAID","","193114"),
("IATT190003620","193119","191001","192012","20000","1","20000","1000","19000","1","1","1","IAT0311191026","NHO2018000007","PAID","","193119"),
("IATT190003620","193051","191002","192010","20000","1","20000","1000","19000","1","1","1","IAT0311191026","NHO2018000007","PAID","","193051"),
("IATT190003620","193051","191002","192010","20000","1","20000","1000","19000","2","1","1","IAT0311191026","NHO2018000007","PAID","","193051"),
("IATT190003616","193071","191001","192012","18000","1","18000","0","18000","1","1","2","IAT0311191026","NHO2018000007","PAID","","193071"),
("IATT190003621","193077","191001","192001","30000","1","30000","14040","15960","1","1","1","IAT0311191026","NHO2018000007","PAID","","193077"),
("IATT190003621","193017","191001","192002","37000","1","37000","17316","19684","1","1","1","IAT0311191026","NHO2018000007","PAID","","193017"),
("IATT190003621","193050","191002","192010","20000","1","20000","1000","19000","1","1","1","IAT0311191026","NHO2018000007","PAID","","193050"),
("IATT190003622","193028","191001","192003","43000","1","43000","0","43000","1","1","1","IAT0311191026","NHO2018000007","PAID","","193028"),
("IATT190003622","193028","191001","192003","43000","1","43000","0","43000","2","1","1","IAT0311191026","NHO2018000007","PAID","","193028"),
("IATT190003622","193046","191002","192010","10000","1","10000","0","10000","1","1","1","IAT0311191026","NHO2018000007","PAID","","193046"),
("IATT190003623","193011","191001","192001","40000","1","40000","17600","22400","1","1","1","IAT0311191026","NHO2018000007","PAID","","PEDAS"),
("IATT190003623","193034","191001","192005","37000","1","37000","16280","20720","1","1","1","IAT0311191026","NHO2018000007","PAID","","193034"),
("IATT190003623","193047","191002","192010","10000","1","10000","0","10000","1","1","1","IAT0311191026","NHO2018000007","PAID","","193047"),
("IATT190003624","193084","191001","192001","30000","1","30000","0","30000","1","1","1","IAT0311191026","NHO2018000007","PAID","","PEDAS"),
("IATT190003624","193032","191001","192004","30000","1","30000","0","30000","1","1","1","IAT0311191026","NHO2018000007","PAID","","193032"),
("IATT190003624","193048","191002","192010","8000","1","8000","0","8000","1","1","1","IAT0311191026","NHO2018000007","PAID","","193048"),
("IATT190003624","193048","191002","192010","8000","1","8000","0","8000","2","1","1","IAT0311191026","NHO2018000007","PAID","","193048"),
("IATT190003625","193054","191002","192010","20000","1","20000","0","20000","1","1","1","IAT0311191026","NHO2018000007","PAID","","193054"),
("IATT190003625","193052","191002","192010","20000","1","20000","0","20000","1","1","1","IAT0311191026","NHO2018000007","PAID","","193052"),
("IATT190003625","193052","191002","192010","20000","1","20000","0","20000","2","1","2","IAT0311191026","NHO2018000007","PAID","","193052"),
("IATT190003626","193022","191001","192003","30000","1","30000","0","30000","1","1","1","IAT0311191026","NHO2018000007","PAID","","193022"),
("IATT190003626","193024","191001","192003","30000","1","30000","0","30000","1","1","1","IAT0311191026","NHO2018000007","PAID","","193024"),
("IATT190003626","193056","191002","192010","17000","1","17000","0","17000","1","1","1","IAT0311191026","NHO2018000007","PAID","","193056"),
("IATT190003626","193056","191002","192010","17000","1","17000","0","17000","2","1","1","IAT0311191026","NHO2018000007","PAID","","193056"),
("IATT190003625","193048","191002","192010","8000","1","8000","0","8000","1","1","3","IAT0311191026","NHO2018000007","PAID","","193048"),
("IATT190003627","193010","191001","192001","40000","1","40000","17600","22400","1","1","1","IAT0311191026","NHO2018000007","PAID","","193010"),
("IATT190003627","193022","191001","192003","30000","1","30000","0","30000","1","1","1","IAT0311191026","NHO2018000007","PAID","","193022"),
("IATT190003627","193048","191002","192010","8000","1","8000","0","8000","1","1","1","IAT0311191026","NHO2018000007","PAID","","193048"),
("IATT190003627","193048","191002","192010","8000","1","8000","0","8000","2","1","1","IAT0311191026","NHO2018000007","PAID","","193048"),
("IATT190003628","193037","191001","192006","36000","1","36000","16848","19152","1","1","1","IAT0311191026","NHO2018000007","PAID","","PEDAS"),
("IATT190003628","193012","191001","192001","40000","1","40000","18720","21280","1","1","1","IAT0311191026","NHO2018000007","PAID","","193012"),
("IATT190003628","193084","191001","192001","30000","1","30000","14040","15960","1","1","1","IAT0311191026","NHO2018000007","PAID","","PEDAS"),
("IATT190003628","193047","191002","192010","10000","1","10000","500","9500","1","1","1","IAT0311191026","NHO2018000007","PAID","","193047"),
("IATT190003628","193047","191002","192010","10000","1","10000","500","9500","2","1","1","IAT0311191026","NHO2018000007","PAID","","193047"),
("IATT190003628","193047","191002","192010","10000","1","10000","500","9500","3","1","1","IAT0311191026","NHO2018000007","PAID","","193047"),
("IATT190003629","193028","191001","192003","43000","1","43000","0","43000","1","1","1","IAT0311191026","NHO2018000007","PAID","","193028"),
("IATT190003629","193034","191001","192005","37000","1","37000","16280","20720","1","1","1","IAT0311191026","NHO2018000007","PAID","","193034"),
("IATT190003629","193048","191002","192010","8000","1","8000","0","8000","1","1","1","IAT0311191026","NHO2018000007","PAID","","193048"),
("IATT190003629","193055","191002","192010","17000","1","17000","0","17000","1","1","1","IAT0311191026","NHO2018000007","PAID","","193055"),
("IATT190003629","193055","191002","192010","17000","1","17000","0","17000","2","1","2","IAT0311191026","NHO2018000007","PAID","","193055"),
("IATT190003630","193028","191001","192003","43000","1","43000","2150","40850","1","1","1","IAT0311191026","NHO2018000007","PAID","","193028"),
("IATT190003630","193039","191001","192006","36000","1","36000","16848","19152","1","1","1","IAT0311191026","NHO2018000007","PAID","SEDENG","PEDAS"),
("IATT190003630","193048","191002","192010","8000","1","8000","400","7600","1","1","1","IAT0311191026","NHO2018000007","PAID","","193048"),
("IATT190003630","193048","191002","192010","8000","1","8000","400","7600","2","1","1","IAT0311191026","NHO2018000007","PAID","","193048"),
("IATT190003630","193052","191002","192010","20000","1","20000","1000","19000","1","1","2","IAT0311191026","NHO2018000007","PAID","","193052"),
("IATT190003631","193017","191001","192002","37000","1","37000","17316","19684","1","1","1","IAT0311191026","NHO2018000007","PAID","","193017"),
("IATT190003631","193017","191001","192002","37000","1","37000","17316","19684","2","1","1","IAT0311191026","NHO2018000007","PAID","","193017"),
("IATT190003631","193017","191001","192002","37000","1","37000","17316","19684","3","1","1","IAT0311191026","NHO2018000007","PAID","","193017"),
("IATT190003631","193007","191001","192001","37000","1","37000","17316","19684","1","1","1","IAT0311191026","NHO2018000007","PAID","","PEDAS"),
("IATT190003631","193011","191001","192001","40000","1","40000","18720","21280","1","1","1","IAT0311191026","NHO2018000007","PAID","","PEDAS"),
("IATT190003631","193080","191001","192002","33000","1","33000","15444","17556","1","1","1","IAT0311191026","NHO2018000007","PAID","","PEDAS"),
("IATT190003631","193080","191001","192002","33000","1","33000","15444","17556","2","1","1","IAT0311191026","NHO2018000007","PAID","","PEDAS"),
("IATT190003631","193054","191002","192010","20000","1","20000","1000","19000","1","1","1","IAT0311191026","NHO2018000007","PAID","","193054"),
("IATT190003631","193048","191002","192010","8000","1","8000","400","7600","1","1","1","IAT0311191026","NHO2018000007","PAID","","193048"),
("IATT190003631","193048","191002","192010","8000","1","8000","400","7600","2","1","1","IAT0311191026","NHO2018000007","PAID","","193048"),
("IATT190003631","193048","191002","192010","8000","1","8000","400","7600","3","1","1","IAT0311191026","NHO2018000007","PAID","","193048"),
("IATT190003631","193048","191002","192010","8000","1","8000","400","7600","4","1","1","IAT0311191026","NHO2018000007","PAID","","193048"),
("IATT190003632","193007","191001","192001","37000","1","37000","16280","20720","1","1","1","IAT0311191026","NHO2018000007","PAID","","PEDAS"),
("IATT190003632","193113","191001","192003","55000","1","55000","0","55000","1","1","1","IAT0311191026","NHO2018000007","PAID","","193113"),
("IATT190003632","193055","191002","192010","17000","1","17000","0","17000","1","1","1","IAT0311191026","NHO2018000007","PAID","","193055"),
("IATT190003632","193048","191002","192010","8000","1","8000","0","8000","1","1","1","IAT0311191026","NHO2018000007","PAID","","193048"),
("IATT190003633","193082","191001","192001","30000","1","30000","13200","16800","1","1","1","IAT0311191026","NHO2018000007","PAID","","193082"),
("IATT190003633","193080","191001","192002","33000","1","33000","14520","18480","1","1","1","IAT0311191026","NHO2018000007","PAID","","PEDAS"),
("IATT190003633","193028","191001","192003","43000","1","43000","0","43000","1","1","1","IAT0311191026","NHO2018000007","PAID","","193028"),
("IATT190003633","193056","191002","192010","17000","1","17000","0","17000","1","1","1","IAT0311191026","NHO2018000007","PAID","","193056"),
("IATT190003633","193055","191002","192010","17000","1","17000","0","17000","1","1","1","IAT0311191026","NHO2018000007","PAID","","193055"),
("IATT190003633","193046","191002","192010","10000","1","10000","0","10000","1","1","1","IAT0311191026","NHO2018000007","PAID","","193046"),
("IATT190003634","193084","191001","192001","30000","1","30000","0","30000","1","1","1","IAT0311191026","NHO2018000007","PAID","","PEDAS"),
("IATT190003634","193041","191001","192008","20000","1","20000","0","20000","1","1","1","IAT0311191026","NHO2018000007","PAID","","193041"),
("IATT190003634","193051","191002","192010","20000","1","20000","0","20000","1","1","1","IAT0311191026","NHO2018000007","PAID","","193051"),
("IATT190003636","193028","191001","192003","43000","1","43000","0","43000","1","1","1","IAT0311191026","NHO2018000007","PAID","","193028"),
("IATT190003636","193055","191002","192010","17000","1","17000","0","17000","1","1","1","IAT0311191026","NHO2018000007","PAID","","193055"),
("IATT190003636","193055","191002","192010","17000","1","17000","0","17000","2","1","1","IAT0311191026","NHO2018000007","PAID","","193055"),
("IATT190003637","193084","191001","192001","30000","1","30000","14040","15960","1","1","1","IAT0311191026","NHO2018000007","PAID","","PEDAS"),
("IATT190003637","193085","191001","192001","30000","1","30000","14040","15960","1","1","1","IAT0311191026","NHO2018000007","PAID","","193085"),
("IATT190003637","193048","191002","192010","8000","1","8000","400","7600","1","1","1","IAT0311191026","NHO2018000007","PAID","","193048"),
("IATT190003637","193048","191002","192010","8000","1","8000","400","7600","2","1","1","IAT0311191026","NHO2018000007","PAID","","193048"),
("IATT190003633","193055","191002","192010","17000","1","17000","0","17000","2","1","2","IAT0311191026","NHO2018000007","PAID","","193055"),
("IATT190003638","193015","191001","192002","33000","1","33000","14520","18480","1","1","1","IAT0311191026","NHO2018000007","PAID","","PEDAS"),
("IATT190003638","193011","191001","192001","40000","1","40000","17600","22400","1","1","1","IAT0311191026","NHO2018000007","PAID","","PEDAS"),
("IATT190003638","193084","191001","192001","30000","1","30000","13200","16800","1","1","1","IAT0311191026","NHO2018000007","PAID","","PEDAS"),
("IATT190003638","193041","191001","192008","20000","1","20000","0","20000","1","1","1","IAT0311191026","NHO2018000007","PAID","","193041"),
("IATT190003639","193007","191001","192001","37000","1","37000","16280","20720","1","1","1","IAT0311191026","NHO2018000007","PAID","","PEDAS"),
("IATT190003639","193024","191001","192003","30000","1","30000","0","30000","1","1","1","IAT0311191026","NHO2018000007","PAID","","193024"),
("IATT190003639","193055","191002","192010","17000","1","17000","0","17000","1","1","1","IAT0311191026","NHO2018000007","PAID","","193055"),
("IATT190003639","193055","191002","192010","17000","1","17000","0","17000","2","1","1","IAT0311191026","NHO2018000007","PAID","","193055"),
("IATT190003640","193036","191001","192006","36000","1","36000","15840","20160","1","1","1","IAT0311191026","NHO2018000007","PAID","","PEDAS"),
("IATT190003640","193033","191001","192005","42000","1","42000","18480","23520","1","1","1","IAT0311191026","NHO2018000007","PAID","","193033"),
("IATT190003640","193047","191002","192010","10000","1","10000","0","10000","1","1","1","IAT0311191026","NHO2018000007","PAID","","193047"),
("IATT190003640","193056","191002","192010","17000","1","17000","0","17000","1","1","1","IAT0311191026","NHO2018000007","PAID","","193056"),
("IATT190003638","193009","191001","192001","40000","1","40000","17600","22400","1","1","2","IAT0311191026","NHO2018000007","PAID","","193009");



INSERT INTO pos_salestemp VALUES("IATT190003610","","1","18000","7920","1008","0","11088","12000","03/11/2019","11:22","2019-11-03","11:23:22","ISU000006","tbl0050","CLOSED","1","","IATR190003508","","","","","IAT0311191026","NHO2018000007"),
("IATT190003611","","1","106000","20240","8576","0","94336","94336","03/11/2019","12:29","2019-11-03","13:37:59","ISU000006","tbl0010","CLOSED","1","","IATR190003509","","","","","IAT0311191026","NHO2018000007"),
("IATT190003612","","2","90000","0","9000","0","99000","99000","03/11/2019","12:36","2019-11-03","14:31:23","ISU000006","tbl0012","CLOSED","1","","IATR190003516","","","","","IAT0311191026","NHO2018000007"),
("IATT190003613","","2","146000","0","14600","0","160600","200000","03/11/2019","12:51","2019-11-03","13:43:41","ISU000006","tbl0011","CLOSED","1","","IATR190003510","","","","","IAT0311191026","NHO2018000007"),
("IATT190003614","","1","38000","13200","2480","0","27280","27280","03/11/2019","13:13","2019-11-03","13:56:14","ISU000006","tbl0016","CLOSED","1","","IATR190003512","","","","","IAT0311191026","NHO2018000007"),
("IATT190003615","","1","54000","13200","4080","0","44880","50000","03/11/2019","13:14","2019-11-03","13:57:19","ISU000006","tbl0015","CLOSED","1","","IATR190003513","","","","","IAT0311191026","NHO2018000007"),
("IATT190003616","","3","250000","0","25000","0","275000","275000","03/11/2019","13:15","2019-11-03","14:12:14","ISU000006","tbl0023","CLOSED","1","","IATR190003514","","","","","IAT0311191026","NHO2018000007"),
("IATT190003617","","1","58000","13200","4480","0","49280","49280","03/11/2019","13:19","2019-11-03","13:47:24","ISU000006","tbl0005","CLOSED","1","","IATR190003511","","","","","IAT0311191026","NHO2018000007"),
("IATT190003618","","2","87000","30360","5664","0","62304","100000","03/11/2019","13:29","2019-11-03","15:26:09","ISU000004","tbl0020","CLOSED","1","","IATR190003519","","","","","IAT0311191026","NHO2018000007"),
("IATT190003619","","6","319000","0","31900","0","350900","350900","03/11/2019","13:40","2019-11-03","14:25:34","ISU000006","tbl0013","CLOSED","1","","IATR190003515","","","","","IAT0311191026","NHO2018000007"),
("IATT190003620","NHM2019003313 Sandro","2","102000","22656","7935","0","87279","87279","03/11/2019","13:42","2019-11-03","14:53:01","ISU000006","tbl0010","CLOSED","1","","IATR190003517","","","","","IAT0311191026","NHO2018000007"),
("IATT190003621","","2","87000","32356","5465","0","60109","60109","03/11/2019","14:32","2019-11-03","15:14:34","ISU000004","tbl0005","CLOSED","1","","IATR190003518","","","","","IAT0311191026","NHO2018000007"),
("IATT190003622","","2","96000","0","9600","0","105600","105600","03/11/2019","14:53","2019-11-03","15:31:00","ISU000004","tbl0012","CLOSED","1","","IATR190003520","","","","","IAT0311191026","NHO2018000007"),
("IATT190003623","","1","87000","33880","5312","0","58432","60000","03/11/2019","15:37","2019-11-03","16:19:57","ISU000006","tbl0011","CLOSED","1","","IATR190003521","","","","","IAT0311191026","NHO2018000007"),
("IATT190003624","","2","76000","0","7600","0","83600","100000","03/11/2019","15:56","2019-11-03","16:37:56","ISU000006","tbl0010","CLOSED","1","","IATR190003523","","","","","IAT0311191026","NHO2018000007"),
("IATT190003625","","2","68000","0","6800","0","74800","74800","03/11/2019","15:59","2019-11-03","17:32:26","ISU000006","tbl0012","CLOSED","1","","IATR190003526","","","","","IAT0311191026","NHO2018000007"),
("IATT190003626","","2","94000","0","9400","0","103400","105000","03/11/2019","16:03","2019-11-03","16:36:38","ISU000006","tbl0005","CLOSED","1","","IATR190003522","","","","","IAT0311191026","NHO2018000007"),
("IATT190003627","","2","86000","17600","6840","0","75240","100000","03/11/2019","16:13","2019-11-03","16:49:04","ISU000006","tbl0014","CLOSED","1","","IATR190003524","","","","","IAT0311191026","NHO2018000007"),
("IATT190003628","","3","136000","51108","8490","0","93382","100000","03/11/2019","16:18","2019-11-03","17:27:58","ISU000006","tbl0022","CLOSED","1","","IATR190003525","","","","","IAT0311191026","NHO2018000007"),
("IATT190003629","","2","122000","16280","10572","0","116292","150000","03/11/2019","17:00","2019-11-03","18:09:45","ISU000006","tbl0015","CLOSED","1","","IATR190003528","","","","","IAT0311191026","NHO2018000007"),
("IATT190003630","","2","115000","20798","9421","0","103623","200000","03/11/2019","17:22","2019-11-03","18:09:05","ISU000006","tbl0011","CLOSED","1","","IATR190003527","","","","","IAT0311191026","NHO2018000007"),
("IATT190003631","NHM2019003339 Ulfi Lutfiyani","3","306000","121472","18453","0","202981","202981","03/11/2019","18:00","2019-11-03","18:50:50","ISU000006","tbl0010","CLOSED","1","","IATR190003529","","","","","IAT0311191026","NHO2018000007"),
("IATT190003632","","1","117000","16280","10072","0","110792","150000","03/11/2019","18:32","2019-11-03","19:39:35","ISU000004","tbl0012","CLOSED","1","","IATR190003530","","","","","IAT0311191026","NHO2018000007"),
("IATT190003633","","3","167000","27720","13928","0","153208","200000","03/11/2019","18:34","2019-11-03","19:40:27","ISU000004","tbl0011","CLOSED","1","","IATR190003531","","","","","IAT0311191026","NHO2018000007"),
("IATT190003634","","1","70000","0","7000","0","77000","77000","03/11/2019","18:53","2019-11-03","19:59:15","ISU000004","tbl0014","CLOSED","1","","IATR190003534","","","","","IAT0311191026","NHO2018000007"),
("IATT190003635","","2","77000","0","0","0","0","0","03/11/2019","19:00","03/11/2019","19:02:43","ISU000013","tbl0010","CANCELED","1","PERMINTAAN CUSTOMER","","","","","","IAT0311191026","NHO2018000007"),
("IATT190003636","","2","77000","0","7700","0","84700","100000","03/11/2019","19:02","2019-11-03","19:51:53","ISU000004","tbl0010","CLOSED","1","","IATR190003533","","","","","IAT0311191026","NHO2018000007"),
("IATT190003637","","2","76000","28880","4712","0","51832","51832","03/11/2019","19:04","2019-11-03","19:50:12","ISU000004","tbl0004","CLOSED","1","","IATR190003532","","","","","IAT0311191026","NHO2018000007"),
("IATT190003638","","4","163000","62920","10008","0","110088","150000","03/11/2019","20:00","2019-11-03","20:57:50","ISU000004","tbl0012","CLOSED","1","","IATR190003536","","","","","IAT0311191026","NHO2018000007"),
("IATT190003639","","2","101000","16280","8472","0","93192","93192","03/11/2019","20:02","2019-11-03","20:57:16","ISU000004","tbl0011","CLOSED","1","","IATR190003535","","","","","IAT0311191026","NHO2018000007"),
("IATT190003640","","2","105000","34320","7068","0","77748","100000","03/11/2019","20:18","2019-11-03","21:07:07","ISU000004","tbl0010","CLOSED","1","","IATR190003537","","","","","IAT0311191026","NHO2018000007");






INSERT INTO pos_promotion_h VALUES("IATT190003610","NPRM18000020","DISC ITEM","1","7920","PROMO LAGI VIRAL 30%+20%","IAT0311191026","PAID","NHO2018000007"),
("IATT190003611","NPRM18000020","DISC ITEM","1","20240","PROMO LAGI VIRAL 30%+20%","IAT0311191026","PAID","NHO2018000007"),
("IATT190003617","NPRM18000020","DISC ITEM","1","13200","PROMO LAGI VIRAL 30%+20%","IAT0311191026","PAID","NHO2018000007"),
("IATT190003614","NPRM18000020","DISC ITEM","1","13200","PROMO LAGI VIRAL 30%+20%","IAT0311191026","PAID","NHO2018000007"),
("IATT190003615","NPRM18000020","DISC ITEM","1","13200","PROMO LAGI VIRAL 30%+20%","IAT0311191026","PAID","NHO2018000007"),
("IATT190003620","NPRM18000020","DISC ITEM","1","18480","PROMO LAGI VIRAL 30%+20%","IAT0311191026","PAID","NHO2018000007"),
("IATT190003620","NPRM18000018","DISC ALL","1","4176","CRM DISC 5%","IAT0311191026","PAID","NHO2018000007"),
("IATT190003621","NPRM18000020","DISC ITEM","1","29480","PROMO LAGI VIRAL 30%+20%","IAT0311191026","PAID","NHO2018000007"),
("IATT190003621","NPRM18000018","DISC ALL","1","2876","CRM DISC 5%","IAT0311191026","PAID","NHO2018000007"),
("IATT190003618","NPRM18000020","DISC ITEM","1","30360","PROMO LAGI VIRAL 30%+20%","IAT0311191026","PAID","NHO2018000007"),
("IATT190003623","NPRM18000020","DISC ITEM","1","33880","PROMO LAGI VIRAL 30%+20%","IAT0311191026","PAID","NHO2018000007"),
("IATT190003627","NPRM18000020","DISC ITEM","1","17600","PROMO LAGI VIRAL 30%+20%","IAT0311191026","PAID","NHO2018000007"),
("IATT190003628","NPRM18000020","DISC ITEM","1","46640","PROMO LAGI VIRAL 30%+20%","IAT0311191026","PAID","NHO2018000007"),
("IATT190003628","NPRM18000018","DISC ALL","1","4468","CRM DISC 5%","IAT0311191026","PAID","NHO2018000007"),
("IATT190003630","NPRM18000020","DISC ITEM","1","15840","PROMO LAGI VIRAL 30%+20%","IAT0311191026","PAID","NHO2018000007"),
("IATT190003630","NPRM18000018","DISC ALL","1","4958","CRM DISC 5%","IAT0311191026","PAID","NHO2018000007"),
("IATT190003629","NPRM18000020","DISC ITEM","1","16280","PROMO LAGI VIRAL 30%+20%","IAT0311191026","PAID","NHO2018000007"),
("IATT190003631","NPRM18000020","DISC ITEM","1","111760","PROMO LAGI VIRAL 30%+20%","IAT0311191026","PAID","NHO2018000007"),
("IATT190003631","NPRM18000018","DISC ALL","1","9712","CRM DISC 5%","IAT0311191026","PAID","NHO2018000007"),
("IATT190003632","NPRM18000020","DISC ITEM","1","16280","PROMO LAGI VIRAL 30%+20%","IAT0311191026","PAID","NHO2018000007"),
("IATT190003633","NPRM18000020","DISC ITEM","1","27720","PROMO LAGI VIRAL 30%+20%","IAT0311191026","PAID","NHO2018000007"),
("IATT190003637","NPRM18000020","DISC ITEM","1","26400","PROMO LAGI VIRAL 30%+20%","IAT0311191026","PAID","NHO2018000007"),
("IATT190003637","NPRM18000018","DISC ALL","1","2480","CRM DISC 5%","IAT0311191026","PAID","NHO2018000007"),
("IATT190003639","NPRM18000020","DISC ITEM","1","16280","PROMO LAGI VIRAL 30%+20%","IAT0311191026","PAID","NHO2018000007"),
("IATT190003638","NPRM18000020","DISC ITEM","1","62920","PROMO LAGI VIRAL 30%+20%","IAT0311191026","PAID","NHO2018000007"),
("IATT190003640","NPRM18000020","DISC ITEM","1","34320","PROMO LAGI VIRAL 30%+20%","IAT0311191026","PAID","NHO2018000007");



INSERT INTO pos_promotion_d VALUES("IATT190003610","NPRM18000020","DISC ITEM","1","1","193071","1","7920","IAT0311191026","PAID","NHO2018000007"),
("IATT190003611","NPRM18000020","DISC ITEM","1","1","193086","1","14520","IAT0311191026","PAID","NHO2018000007"),
("IATT190003611","NPRM18000020","DISC ITEM","1","1","193070","1","5720","IAT0311191026","PAID","NHO2018000007"),
("IATT190003617","NPRM18000020","DISC ITEM","1","1","193032","1","13200","IAT0311191026","PAID","NHO2018000007"),
("IATT190003614","NPRM18000020","DISC ITEM","1","1","193084","1","13200","IAT0311191026","PAID","NHO2018000007"),
("IATT190003615","NPRM18000020","DISC ITEM","1","1","193085","1","13200","IAT0311191026","PAID","NHO2018000007"),
("IATT190003620","NPRM18000020","DISC ITEM","1","1","193114","1","18480","IAT0311191026","PAID","NHO2018000007"),
("IATT190003620","NPRM18000018","DISC ALL","1","1","193114","1","1176","IAT0311191026","PAID","NHO2018000007"),
("IATT190003620","NPRM18000018","DISC ALL","1","1","193119","1","1000","IAT0311191026","PAID","NHO2018000007"),
("IATT190003620","NPRM18000018","DISC ALL","1","1","193051","1","1000","IAT0311191026","PAID","NHO2018000007"),
("IATT190003620","NPRM18000018","DISC ALL","1","1","193051","2","1000","IAT0311191026","PAID","NHO2018000007"),
("IATT190003621","NPRM18000020","DISC ITEM","1","1","193077","1","13200","IAT0311191026","PAID","NHO2018000007"),
("IATT190003621","NPRM18000020","DISC ITEM","1","1","193017","1","16280","IAT0311191026","PAID","NHO2018000007"),
("IATT190003621","NPRM18000018","DISC ALL","1","1","193077","1","840","IAT0311191026","PAID","NHO2018000007"),
("IATT190003621","NPRM18000018","DISC ALL","1","1","193017","1","1036","IAT0311191026","PAID","NHO2018000007"),
("IATT190003621","NPRM18000018","DISC ALL","1","1","193050","1","1000","IAT0311191026","PAID","NHO2018000007"),
("IATT190003618","NPRM18000020","DISC ITEM","1","1","193034","1","16280","IAT0311191026","PAID","NHO2018000007"),
("IATT190003618","NPRM18000020","DISC ITEM","1","1","193035","1","14080","IAT0311191026","PAID","NHO2018000007"),
("IATT190003623","NPRM18000020","DISC ITEM","1","1","193011","1","17600","IAT0311191026","PAID","NHO2018000007"),
("IATT190003623","NPRM18000020","DISC ITEM","1","1","193034","1","16280","IAT0311191026","PAID","NHO2018000007"),
("IATT190003627","NPRM18000020","DISC ITEM","1","1","193010","1","17600","IAT0311191026","PAID","NHO2018000007"),
("IATT190003628","NPRM18000020","DISC ITEM","1","1","193037","1","15840","IAT0311191026","PAID","NHO2018000007"),
("IATT190003628","NPRM18000020","DISC ITEM","1","1","193012","1","17600","IAT0311191026","PAID","NHO2018000007"),
("IATT190003628","NPRM18000020","DISC ITEM","1","1","193084","1","13200","IAT0311191026","PAID","NHO2018000007"),
("IATT190003628","NPRM18000018","DISC ALL","1","1","193037","1","1008","IAT0311191026","PAID","NHO2018000007"),
("IATT190003628","NPRM18000018","DISC ALL","1","1","193012","1","1120","IAT0311191026","PAID","NHO2018000007"),
("IATT190003628","NPRM18000018","DISC ALL","1","1","193084","1","840","IAT0311191026","PAID","NHO2018000007"),
("IATT190003628","NPRM18000018","DISC ALL","1","1","193047","1","500","IAT0311191026","PAID","NHO2018000007"),
("IATT190003628","NPRM18000018","DISC ALL","1","1","193047","2","500","IAT0311191026","PAID","NHO2018000007"),
("IATT190003628","NPRM18000018","DISC ALL","1","1","193047","3","500","IAT0311191026","PAID","NHO2018000007"),
("IATT190003630","NPRM18000020","DISC ITEM","1","1","193039","1","15840","IAT0311191026","PAID","NHO2018000007"),
("IATT190003630","NPRM18000018","DISC ALL","1","1","193028","1","2150","IAT0311191026","PAID","NHO2018000007"),
("IATT190003630","NPRM18000018","DISC ALL","1","1","193039","1","1008","IAT0311191026","PAID","NHO2018000007"),
("IATT190003630","NPRM18000018","DISC ALL","1","1","193048","1","400","IAT0311191026","PAID","NHO2018000007"),
("IATT190003630","NPRM18000018","DISC ALL","1","1","193048","2","400","IAT0311191026","PAID","NHO2018000007"),
("IATT190003630","NPRM18000018","DISC ALL","1","1","193052","1","1000","IAT0311191026","PAID","NHO2018000007"),
("IATT190003629","NPRM18000020","DISC ITEM","1","1","193034","1","16280","IAT0311191026","PAID","NHO2018000007"),
("IATT190003631","NPRM18000020","DISC ITEM","1","1","193017","1","16280","IAT0311191026","PAID","NHO2018000007"),
("IATT190003631","NPRM18000020","DISC ITEM","1","1","193017","2","16280","IAT0311191026","PAID","NHO2018000007"),
("IATT190003631","NPRM18000020","DISC ITEM","1","1","193017","3","16280","IAT0311191026","PAID","NHO2018000007"),
("IATT190003631","NPRM18000020","DISC ITEM","1","1","193007","1","16280","IAT0311191026","PAID","NHO2018000007"),
("IATT190003631","NPRM18000020","DISC ITEM","1","1","193011","1","17600","IAT0311191026","PAID","NHO2018000007"),
("IATT190003631","NPRM18000020","DISC ITEM","1","1","193080","1","14520","IAT0311191026","PAID","NHO2018000007"),
("IATT190003631","NPRM18000020","DISC ITEM","1","1","193080","2","14520","IAT0311191026","PAID","NHO2018000007"),
("IATT190003631","NPRM18000018","DISC ALL","1","1","193017","1","1036","IAT0311191026","PAID","NHO2018000007"),
("IATT190003631","NPRM18000018","DISC ALL","1","1","193017","2","1036","IAT0311191026","PAID","NHO2018000007"),
("IATT190003631","NPRM18000018","DISC ALL","1","1","193017","3","1036","IAT0311191026","PAID","NHO2018000007"),
("IATT190003631","NPRM18000018","DISC ALL","1","1","193007","1","1036","IAT0311191026","PAID","NHO2018000007"),
("IATT190003631","NPRM18000018","DISC ALL","1","1","193011","1","1120","IAT0311191026","PAID","NHO2018000007"),
("IATT190003631","NPRM18000018","DISC ALL","1","1","193080","1","924","IAT0311191026","PAID","NHO2018000007"),
("IATT190003631","NPRM18000018","DISC ALL","1","1","193080","2","924","IAT0311191026","PAID","NHO2018000007"),
("IATT190003631","NPRM18000018","DISC ALL","1","1","193054","1","1000","IAT0311191026","PAID","NHO2018000007"),
("IATT190003631","NPRM18000018","DISC ALL","1","1","193048","1","400","IAT0311191026","PAID","NHO2018000007"),
("IATT190003631","NPRM18000018","DISC ALL","1","1","193048","2","400","IAT0311191026","PAID","NHO2018000007"),
("IATT190003631","NPRM18000018","DISC ALL","1","1","193048","3","400","IAT0311191026","PAID","NHO2018000007"),
("IATT190003631","NPRM18000018","DISC ALL","1","1","193048","4","400","IAT0311191026","PAID","NHO2018000007"),
("IATT190003632","NPRM18000020","DISC ITEM","1","1","193007","1","16280","IAT0311191026","PAID","NHO2018000007"),
("IATT190003633","NPRM18000020","DISC ITEM","1","1","193082","1","13200","IAT0311191026","PAID","NHO2018000007"),
("IATT190003633","NPRM18000020","DISC ITEM","1","1","193080","1","14520","IAT0311191026","PAID","NHO2018000007"),
("IATT190003637","NPRM18000020","DISC ITEM","1","1","193084","1","13200","IAT0311191026","PAID","NHO2018000007"),
("IATT190003637","NPRM18000020","DISC ITEM","1","1","193085","1","13200","IAT0311191026","PAID","NHO2018000007"),
("IATT190003637","NPRM18000018","DISC ALL","1","1","193084","1","840","IAT0311191026","PAID","NHO2018000007"),
("IATT190003637","NPRM18000018","DISC ALL","1","1","193085","1","840","IAT0311191026","PAID","NHO2018000007"),
("IATT190003637","NPRM18000018","DISC ALL","1","1","193048","1","400","IAT0311191026","PAID","NHO2018000007"),
("IATT190003637","NPRM18000018","DISC ALL","1","1","193048","2","400","IAT0311191026","PAID","NHO2018000007"),
("IATT190003639","NPRM18000020","DISC ITEM","1","1","193007","1","16280","IAT0311191026","PAID","NHO2018000007"),
("IATT190003638","NPRM18000020","DISC ITEM","1","1","193015","1","14520","IAT0311191026","PAID","NHO2018000007"),
("IATT190003638","NPRM18000020","DISC ITEM","1","1","193011","1","17600","IAT0311191026","PAID","NHO2018000007"),
("IATT190003638","NPRM18000020","DISC ITEM","1","1","193084","1","13200","IAT0311191026","PAID","NHO2018000007"),
("IATT190003638","NPRM18000020","DISC ITEM","1","1","193009","1","17600","IAT0311191026","PAID","NHO2018000007"),
("IATT190003640","NPRM18000020","DISC ITEM","1","1","193036","1","15840","IAT0311191026","PAID","NHO2018000007"),
("IATT190003640","NPRM18000020","DISC ITEM","1","1","193033","1","18480","IAT0311191026","PAID","NHO2018000007");



INSERT INTO pos_paymenttemp VALUES("IATT190003610","CASH","CASH","11088","12000","ISU000006","2019-11-03","","1","","CLOSED","IAT0311191026","NHO2018000007"),
("IATT190003611","CARD","VISA","94336","94336","ISU000006","2019-11-03","","1","","CLOSED","IAT0311191026","NHO2018000007"),
("IATT190003613","CASH","CASH","160600","200000","ISU000006","2019-11-03","","1","","CLOSED","IAT0311191026","NHO2018000007"),
("IATT190003617","CARD","DEBIT BCA","49280","49280","ISU000006","2019-11-03","","1","","CLOSED","IAT0311191026","NHO2018000007"),
("IATT190003614","CARD","DEBIT BCA","27280","27280","ISU000006","2019-11-03","","1","","CLOSED","IAT0311191026","NHO2018000007"),
("IATT190003615","CASH","CASH","44880","50000","ISU000006","2019-11-03","","1","","CLOSED","IAT0311191026","NHO2018000007"),
("IATT190003616","CARD","DEBIT BCA","275000","275000","ISU000006","2019-11-03","","1","","CLOSED","IAT0311191026","NHO2018000007"),
("IATT190003619","CASH","OVO","350900","350900","ISU000006","2019-11-03","","1","","CLOSED","IAT0311191026","NHO2018000007"),
("IATT190003612","CARD","DEBIT BCA","99000","99000","ISU000006","2019-11-03","","1","","CLOSED","IAT0311191026","NHO2018000007"),
("IATT190003620","CARD","DEBIT BCA","87279","87279","ISU000006","2019-11-03","","1","","CLOSED","IAT0311191026","NHO2018000007"),
("IATT190003621","CARD","VISA","60109","60109","ISU000004","2019-11-03","","1","","CLOSED","IAT0311191026","NHO2018000007"),
("IATT190003618","CASH","CASH","62304","100000","ISU000004","2019-11-03","","1","","CLOSED","IAT0311191026","NHO2018000007"),
("IATT190003622","CARD","VISA","105600","105600","ISU000004","2019-11-03","","1","","CLOSED","IAT0311191026","NHO2018000007"),
("IATT190003623","CASH","CASH","58432","60000","ISU000006","2019-11-03","","1","","CLOSED","IAT0311191026","NHO2018000007"),
("IATT190003626","CASH","CASH","103400","105000","ISU000006","2019-11-03","","1","","CLOSED","IAT0311191026","NHO2018000007"),
("IATT190003624","CASH","CASH","83600","100000","ISU000006","2019-11-03","","1","","CLOSED","IAT0311191026","NHO2018000007"),
("IATT190003627","CASH","CASH","75240","100000","ISU000006","2019-11-03","","1","","CLOSED","IAT0311191026","NHO2018000007"),
("IATT190003628","CASH","CASH","93382","100000","ISU000006","2019-11-03","","1","","CLOSED","IAT0311191026","NHO2018000007"),
("IATT190003625","CARD","VISA","74800","74800","ISU000006","2019-11-03","","1","","CLOSED","IAT0311191026","NHO2018000007"),
("IATT190003630","CASH","CASH","103623","200000","ISU000006","2019-11-03","","1","","CLOSED","IAT0311191026","NHO2018000007"),
("IATT190003629","CASH","CASH","116292","150000","ISU000006","2019-11-03","","1","","CLOSED","IAT0311191026","NHO2018000007"),
("IATT190003631","CARD","DEBIT BCA","202981","202981","ISU000006","2019-11-03","","1","","CLOSED","IAT0311191026","NHO2018000007"),
("IATT190003632","CASH","CASH","110792","150000","ISU000004","2019-11-03","","1","","CLOSED","IAT0311191026","NHO2018000007"),
("IATT190003633","CASH","CASH","153208","200000","ISU000004","2019-11-03","","1","","CLOSED","IAT0311191026","NHO2018000007"),
("IATT190003637","CARD","DEBIT BCA","51832","51832","ISU000004","2019-11-03","","1","","CLOSED","IAT0311191026","NHO2018000007"),
("IATT190003636","CASH","CASH","84700","100000","ISU000004","2019-11-03","","1","","CLOSED","IAT0311191026","NHO2018000007"),
("IATT190003634","CARD","DEBIT BCA","77000","77000","ISU000004","2019-11-03","","1","","CLOSED","IAT0311191026","NHO2018000007"),
("IATT190003639","CARD","DEBIT BCA","93192","93192","ISU000004","2019-11-03","","1","","CLOSED","IAT0311191026","NHO2018000007"),
("IATT190003638","CASH","CASH","110088","150000","ISU000004","2019-11-03","","1","","CLOSED","IAT0311191026","NHO2018000007"),
("IATT190003640","CASH","CASH","77748","100000","ISU000004","2019-11-03","","1","","CLOSED","IAT0311191026","NHO2018000007");



