INSERT INTO pos_itemtemp VALUES("IATT190000525","193027","191001","192003","43000","1","43000","0","43000","1","1","1","IAT0106191008","NHO2018000007","PAID","","193027"),
("IATT190000525","193044","191001","192008","25000","1","25000","0","25000","1","1","1","IAT0106191008","NHO2018000007","PAID","","193044"),
("IATT190000526","193047","191002","192010","8000","1","8000","0","8000","1","1","1","IAT0106191008","NHO2018000007","PAID","","193047"),
("IATT190000526","193049","191002","192010","10000","1","10000","0","10000","1","1","1","IAT0106191008","NHO2018000007","PAID","","193049"),
("IATT190000526","193036","191001","192006","36000","1","36000","0","36000","1","1","1","IAT0106191008","NHO2018000007","PAID","","PEDAS"),
("IATT190000526","193024","191001","192003","30000","1","30000","0","30000","1","1","1","IAT0106191008","NHO2018000007","PAID","","193024"),
("IATT190000527","193002","191001","192001","30000","1","30000","0","30000","1","1","1","IAT0106191008","NHO2018000007","PAID","beef ","193002"),
("IATT190000527","193046","191002","192010","8000","1","8000","0","8000","1","1","1","IAT0106191008","NHO2018000007","PAID","","193046"),
("IATT190000528","193022","191001","192003","30000","1","30000","0","30000","1","1","1","IAT0106191008","NHO2018000007","PAID","","193022"),
("IATT190000528","193024","191001","192003","30000","1","30000","0","30000","1","1","1","IAT0106191008","NHO2018000007","PAID","","193024"),
("IATT190000528","193013","191001","192002","33000","1","33000","0","33000","1","1","1","IAT0106191008","NHO2018000007","PAID","beef","PEDAS"),
("IATT190000528","193047","191002","192010","8000","1","8000","0","8000","1","1","1","IAT0106191008","NHO2018000007","PAID","","193047"),
("IATT190000528","193047","191002","192010","8000","1","8000","0","8000","2","1","1","IAT0106191008","NHO2018000007","PAID","","193047"),
("IATT190000528","193055","191002","192010","17000","1","17000","0","17000","1","1","1","IAT0106191008","NHO2018000007","PAID","","193055"),
("IATT190000528","193055","191002","192010","17000","1","17000","0","17000","2","1","1","IAT0106191008","NHO2018000007","PAID","","193055"),
("IATT190000528","193029","191001","192004","27000","1","27000","0","27000","1","1","1","IAT0106191008","NHO2018000007","PAID","","193029"),
("IATT190000529","193001","191001","192001","30000","1","30000","0","30000","1","1","1","IAT0106191008","NHO2018000007","PAID","chiken","193001"),
("IATT190000529","193034","191001","192005","37000","1","37000","0","37000","1","1","1","IAT0106191008","NHO2018000007","PAID","","193034"),
("IATT190000529","193047","191002","192010","8000","1","8000","0","8000","1","1","1","IAT0106191008","NHO2018000007","PAID","","193047"),
("IATT190000529","193047","191002","192010","8000","1","8000","0","8000","2","1","1","IAT0106191008","NHO2018000007","PAID","","193047"),
("IATT190000530","193024","191001","192003","30000","1","30000","0","30000","1","1","1","IAT0106191008","NHO2018000007","PAID","","193024"),
("IATT190000530","193028","191001","192003","43000","1","43000","0","43000","1","1","1","IAT0106191008","NHO2018000007","PAID","","193028"),
("IATT190000530","193028","191001","192003","43000","1","43000","0","43000","2","1","1","IAT0106191008","NHO2018000007","PAID","","193028"),
("IATT190000530","193055","191002","192010","17000","1","17000","0","17000","1","1","1","IAT0106191008","NHO2018000007","PAID","","193055"),
("IATT190000530","193055","191002","192010","17000","1","17000","0","17000","2","1","1","IAT0106191008","NHO2018000007","PAID","","193055"),
("IATT190000531","193047","191002","192010","8000","1","8000","0","8000","1","1","1","IAT0106191008","NHO2018000007","PAID","","193047"),
("IATT190000531","193047","191002","192010","8000","1","8000","0","8000","2","1","1","IAT0106191008","NHO2018000007","PAID","","193047"),
("IATT190000531","193056","191002","192010","17000","1","17000","0","17000","1","1","1","IAT0106191008","NHO2018000007","PAID","","193056"),
("IATT190000531","193048","191002","192010","8000","1","8000","0","8000","1","1","1","IAT0106191008","NHO2018000007","PAID","","193048"),
("IATT190000531","193048","191002","192010","8000","1","8000","0","8000","2","1","1","IAT0106191008","NHO2018000007","PAID","","193048"),
("IATT190000531","193048","191002","192010","8000","1","8000","0","8000","3","1","1","IAT0106191008","NHO2018000007","PAID","","193048"),
("IATT190000531","193055","191002","192010","17000","1","17000","0","17000","1","1","1","IAT0106191008","NHO2018000007","PAID","","193055"),
("IATT190000531","193055","191002","192010","17000","1","17000","0","17000","2","1","1","IAT0106191008","NHO2018000007","PAID","","193055"),
("IATT190000531","193055","191002","192010","17000","1","17000","0","17000","3","1","1","IAT0106191008","NHO2018000007","PAID","","193055"),
("IATT190000531","193053","191002","192010","20000","1","20000","0","20000","1","1","1","IAT0106191008","NHO2018000007","PAID","","193053"),
("IATT190000531","193023","191001","192003","30000","1","30000","0","30000","1","1","1","IAT0106191008","NHO2018000007","PAID","2 SEKARANG 1 BUAT BUKA","193023"),
("IATT190000531","193023","191001","192003","30000","1","30000","0","30000","2","1","1","IAT0106191008","NHO2018000007","PAID","","193023"),
("IATT190000531","193028","191001","192003","43000","1","43000","0","43000","1","1","1","IAT0106191008","NHO2018000007","PAID","SEKARANG","193028"),
("IATT190000531","193022","191001","192003","30000","1","30000","0","30000","1","1","1","IAT0106191008","NHO2018000007","PAID","BUAT BUKA","193022"),
("IATT190000531","193024","191001","192003","30000","1","30000","0","30000","1","1","1","IAT0106191008","NHO2018000007","PAID","BUAT BUKA","193024"),
("IATT190000531","193023","191001","192003","30000","1","30000","0","30000","3","1","1","IAT0106191008","NHO2018000007","PAID","","193023"),
("IATT190000531","193007","191001","192001","37000","1","37000","0","37000","1","1","1","IAT0106191008","NHO2018000007","PAID","BUAT BUKA","PEDAS"),
("IATT190000531","193007","191001","192001","37000","1","37000","0","37000","2","1","1","IAT0106191008","NHO2018000007","PAID","","PEDAS"),
("IATT190000531","193007","191001","192001","37000","1","37000","0","37000","3","1","1","IAT0106191008","NHO2018000007","PAID","","PEDAS"),
("IATT190000531","193016","191001","192002","37000","1","37000","0","37000","1","1","1","IAT0106191008","NHO2018000007","PAID","BUAT BUKA","PEDAS"),
("IATT190000532","193050","191002","192010","20000","1","20000","0","20000","1","1","1","IAT0106191008","NHO2018000007","PAID","","193050"),
("IATT190000532","193048","191002","192010","8000","1","8000","0","8000","1","1","1","IAT0106191008","NHO2018000007","PAID","","193048"),
("IATT190000532","193046","191002","192010","8000","1","8000","0","8000","1","1","1","IAT0106191008","NHO2018000007","PAID","","193046"),
("IATT190000532","193055","191002","192010","17000","1","17000","0","17000","1","1","1","IAT0106191008","NHO2018000007","PAID","","193055"),
("IATT190000532","193054","191002","192010","20000","1","20000","0","20000","1","1","1","IAT0106191008","NHO2018000007","PAID","","193054"),
("IATT190000532","193025","191001","192003","30000","1","30000","0","30000","1","1","1","IAT0106191008","NHO2018000007","PAID","","193025"),
("IATT190000532","193023","191001","192003","30000","1","30000","0","30000","1","1","1","IAT0106191008","NHO2018000007","PAID","","193023"),
("IATT190000532","193003","191001","192001","30000","1","30000","0","30000","1","1","1","IAT0106191008","NHO2018000007","PAID","CHIKEN","PEDAS"),
("IATT190000533","193027","191001","192003","43000","1","43000","0","43000","1","1","1","IAT0106191008","NHO2018000007","PAID","BUAT BUKA PUASA","193027"),
("IATT190000533","193035","191001","192006","32000","1","32000","0","32000","1","1","1","IAT0106191008","NHO2018000007","PAID","YANG SATU ORIGINAL,YANG SATU PEDESS","ORIGINAL"),
("IATT190000533","193035","191001","192006","32000","1","32000","0","32000","2","1","1","IAT0106191008","NHO2018000007","PAID","","ORIGINAL"),
("IATT190000533","193028","191001","192003","43000","1","43000","0","43000","1","1","1","IAT0106191008","NHO2018000007","PAID","","193028"),
("IATT190000533","193052","191002","192010","20000","1","20000","0","20000","1","1","1","IAT0106191008","NHO2018000007","PAID","","193052"),
("IATT190000533","193054","191002","192010","20000","1","20000","0","20000","1","1","1","IAT0106191008","NHO2018000007","PAID","","193054"),
("IATT190000533","193048","191002","192010","8000","1","8000","0","8000","1","1","1","IAT0106191008","NHO2018000007","PAID","","193048"),
("IATT190000533","193049","191002","192010","10000","1","10000","0","10000","1","1","1","IAT0106191008","NHO2018000007","PAID","ES BATU 2","193049"),
("IATT190000534","193048","191002","192010","8000","1","8000","0","8000","1","1","1","IAT0106191008","NHO2018000007","PAID","","193048"),
("IATT190000534","193048","191002","192010","8000","1","8000","0","8000","2","1","1","IAT0106191008","NHO2018000007","PAID","","193048"),
("IATT190000534","193055","191002","192010","17000","1","17000","0","17000","1","1","1","IAT0106191008","NHO2018000007","PAID","","193055"),
("IATT190000534","193022","191001","192003","30000","1","30000","0","30000","1","1","1","IAT0106191008","NHO2018000007","PAID","SEKARANG YA ","193022"),
("IATT190000534","193022","191001","192003","30000","1","30000","0","30000","2","1","1","IAT0106191008","NHO2018000007","PAID","","193022"),
("IATT190000535","193047","191002","192010","8000","1","8000","0","8000","1","1","1","IAT0106191008","NHO2018000007","PAID","","193047"),
("IATT190000535","193046","191002","192010","8000","1","8000","0","8000","1","1","1","IAT0106191008","NHO2018000007","PAID","","193046"),
("IATT190000535","193056","191002","192010","17000","1","17000","0","17000","1","1","1","IAT0106191008","NHO2018000007","PAID","","193056"),
("IATT190000535","193022","191001","192003","30000","1","30000","0","30000","1","1","1","IAT0106191008","NHO2018000007","PAID","SEKARANG SEMUA","193022"),
("IATT190000535","193024","191001","192003","30000","1","30000","0","30000","1","1","1","IAT0106191008","NHO2018000007","PAID","","193024"),
("IATT190000535","193041","191001","192008","20000","1","20000","0","20000","1","1","1","IAT0106191008","NHO2018000007","PAID","","193041"),
("IATT190000536","193056","191002","192010","17000","1","17000","0","17000","1","1","1","IAT0106191008","NHO2018000007","PAID","","193056"),
("IATT190000536","193049","191002","192010","10000","1","10000","0","10000","1","1","1","IAT0106191008","NHO2018000007","PAID","","193049"),
("IATT190000536","193048","191002","192010","8000","1","8000","0","8000","1","1","1","IAT0106191008","NHO2018000007","PAID","","193048"),
("IATT190000536","193048","191002","192010","8000","1","8000","0","8000","2","1","1","IAT0106191008","NHO2018000007","PAID","","193048"),
("IATT190000536","193022","191001","192003","30000","1","30000","0","30000","1","1","1","IAT0106191008","NHO2018000007","PAID","SEMUA BUAT BUKA","193022"),
("IATT190000536","193023","191001","192003","30000","1","30000","0","30000","1","1","1","IAT0106191008","NHO2018000007","PAID","","193023"),
("IATT190000537","193055","191002","192010","17000","1","17000","0","17000","1","1","1","IAT0106191008","NHO2018000007","PAID","","193055"),
("IATT190000537","193055","191002","192010","17000","1","17000","0","17000","2","1","1","IAT0106191008","NHO2018000007","PAID","","193055"),
("IATT190000537","193055","191002","192010","17000","1","17000","0","17000","3","1","1","IAT0106191008","NHO2018000007","PAID","","193055"),
("IATT190000537","193046","191002","192010","8000","1","8000","0","8000","1","1","1","IAT0106191008","NHO2018000007","PAID","","193046"),
("IATT190000537","193053","191002","192010","20000","1","20000","0","20000","1","1","1","IAT0106191008","NHO2018000007","PAID","","193053"),
("IATT190000537","193002","191001","192001","30000","1","30000","0","30000","1","1","1","IAT0106191008","NHO2018000007","PAID","CHICKEN","193002"),
("IATT190000537","193022","191001","192003","30000","1","30000","0","30000","1","1","1","IAT0106191008","NHO2018000007","PAID","","193022"),
("IATT190000537","193024","191001","192003","30000","1","30000","0","30000","1","1","1","IAT0106191008","NHO2018000007","PAID","","193024"),
("IATT190000537","193024","191001","192003","30000","1","30000","0","30000","2","1","1","IAT0106191008","NHO2018000007","PAID","","193024"),
("IATT190000538","193003","191001","192001","30000","1","30000","0","30000","1","1","1","IAT0106191008","NHO2018000007","PAID"," SEDENG BEEF","PEDAS"),
("IATT190000538","193003","191001","192001","30000","1","30000","0","30000","2","1","1","IAT0106191008","NHO2018000007","PAID","","PEDAS"),
("IATT190000538","193004","191001","192001","30000","1","30000","0","30000","1","1","1","IAT0106191008","NHO2018000007","PAID","CHIKEN","193004"),
("IATT190000538","193034","191001","192005","37000","1","37000","0","37000","1","1","1","IAT0106191008","NHO2018000007","PAID","","193034"),
("IATT190000538","193054","191002","192010","20000","1","20000","0","20000","1","1","1","IAT0106191008","NHO2018000007","PAID","","193054"),
("IATT190000538","193056","191002","192010","17000","1","17000","0","17000","1","1","1","IAT0106191008","NHO2018000007","PAID","","193056"),
("IATT190000538","193052","191002","192010","20000","1","20000","0","20000","1","1","1","IAT0106191008","NHO2018000007","PAID","","193052"),
("IATT190000539","193015","191001","192002","33000","1","33000","0","33000","1","1","1","IAT0106191008","NHO2018000007","PAID","MINTA KUAH","ORIGINAL"),
("IATT190000539","193046","191002","192010","8000","1","8000","0","8000","1","1","1","IAT0106191008","NHO2018000007","PAID","","193046"),
("IATT190000541","193022","191001","192003","30000","1","30000","0","30000","1","1","1","IAT0106191008","NHO2018000007","PAID","","193022"),
("IATT190000541","193024","191001","192003","30000","1","30000","0","30000","1","1","1","IAT0106191008","NHO2018000007","PAID","","193024"),
("IATT190000541","193046","191002","192010","8000","1","8000","0","8000","1","1","1","IAT0106191008","NHO2018000007","PAID","","193046"),
("IATT190000541","193048","191002","192010","8000","1","8000","0","8000","1","1","1","IAT0106191008","NHO2018000007","PAID","","193048"),
("IATT190000541","193049","191002","192010","10000","1","10000","0","10000","1","1","1","IAT0106191008","NHO2018000007","PAID","","193049"),
("IATT190000542","193003","191001","192001","30000","1","30000","0","30000","1","1","1","IAT0106191008","NHO2018000007","PAID"," CHIKEN LVL 3 NYA 3. LVL 1 NYA 1","PEDAS"),
("IATT190000542","193003","191001","192001","30000","1","30000","0","30000","2","1","1","IAT0106191008","NHO2018000007","PAID","","PEDAS"),
("IATT190000542","193003","191001","192001","30000","1","30000","0","30000","3","1","1","IAT0106191008","NHO2018000007","PAID","","PEDAS"),
("IATT190000542","193003","191001","192001","30000","1","30000","0","30000","4","1","1","IAT0106191008","NHO2018000007","PAID","","PEDAS"),
("IATT190000542","193054","191002","192010","20000","1","20000","0","20000","1","1","1","IAT0106191008","NHO2018000007","PAID","","193054"),
("IATT190000542","193055","191002","192010","17000","1","17000","0","17000","1","1","1","IAT0106191008","NHO2018000007","PAID","","193055"),
("IATT190000542","193055","191002","192010","17000","1","17000","0","17000","2","1","1","IAT0106191008","NHO2018000007","PAID","","193055"),
("IATT190000542","193052","191002","192010","20000","1","20000","0","20000","1","1","1","IAT0106191008","NHO2018000007","PAID","","193052"),
("IATT190000542","193024","191001","192003","30000","1","30000","0","30000","1","1","1","IAT0106191008","NHO2018000007","PAID","","193024"),
("IATT190000542","193025","191001","192003","30000","1","30000","0","30000","1","1","1","IAT0106191008","NHO2018000007","PAID","","193025"),
("IATT190000542","193025","191001","192003","30000","1","30000","0","30000","2","1","1","IAT0106191008","NHO2018000007","PAID","","193025"),
("IATT190000542","193027","191001","192003","43000","1","43000","0","43000","1","1","1","IAT0106191008","NHO2018000007","PAID","","193027"),
("IATT190000542","193048","191002","192010","8000","1","8000","0","8000","1","1","1","IAT0106191008","NHO2018000007","PAID","","193048"),
("IATT190000542","193048","191002","192010","8000","1","8000","0","8000","2","1","1","IAT0106191008","NHO2018000007","PAID","","193048"),
("IATT190000543","193022","191001","192003","30000","1","30000","0","30000","1","1","1","IAT0106191008","NHO2018000007","PAID","","193022"),
("IATT190000543","193022","191001","192003","30000","1","30000","0","30000","2","1","1","IAT0106191008","NHO2018000007","PAID","","193022"),
("IATT190000543","193046","191002","192010","8000","1","8000","0","8000","1","1","1","IAT0106191008","NHO2018000007","PAID","","193046"),
("IATT190000543","193047","191002","192010","8000","1","8000","0","8000","1","1","1","IAT0106191008","NHO2018000007","PAID","","193047"),
("IATT190000544","193055","191002","192010","17000","1","17000","0","17000","1","1","1","IAT0106191008","NHO2018000007","PAID","","193055"),
("IATT190000544","193052","191002","192010","20000","1","20000","0","20000","1","1","1","IAT0106191008","NHO2018000007","PAID","","193052"),
("IATT190000544","193048","191002","192010","8000","1","8000","0","8000","1","1","1","IAT0106191008","NHO2018000007","PAID","","193048"),
("IATT190000544","193011","191001","192001","40000","1","40000","0","40000","1","1","1","IAT0106191008","NHO2018000007","PAID","","PEDAS"),
("IATT190000544","193027","191001","192003","43000","1","43000","0","43000","1","1","1","IAT0106191008","NHO2018000007","PAID","","193027"),
("IATT190000545","193046","191002","192010","8000","1","8000","0","8000","1","1","1","IAT0106191008","NHO2018000007","PAID","","193046"),
("IATT190000545","193022","191001","192003","30000","1","30000","0","30000","1","1","1","IAT0106191008","NHO2018000007","PAID","","193022"),
("IATT190000545","193025","191001","192003","30000","1","30000","0","30000","1","1","1","IAT0106191008","NHO2018000007","PAID","","193025"),
("IATT190000545","193008","191001","192001","37000","1","37000","0","37000","1","1","1","IAT0106191008","NHO2018000007","PAID","LVL 1 PEDAS","193008"),
("IATT190000545","193003","191001","192001","30000","1","30000","0","30000","1","1","1","IAT0106191008","NHO2018000007","PAID","LVL 1 BEEF","ORIGINAL"),
("IATT190000546","193022","191001","192003","30000","1","30000","0","30000","1","1","1","IAT0106191008","NHO2018000007","PAID","","193022"),
("IATT190000546","193027","191001","192003","43000","1","43000","0","43000","1","1","1","IAT0106191008","NHO2018000007","PAID","","193027"),
("IATT190000546","193001","191001","192001","30000","1","30000","0","30000","1","1","1","IAT0106191008","NHO2018000007","PAID","BEEF","193001"),
("IATT190000546","193046","191002","192010","8000","1","8000","0","8000","1","1","1","IAT0106191008","NHO2018000007","PAID","","193046"),
("IATT190000546","193048","191002","192010","8000","1","8000","0","8000","1","1","1","IAT0106191008","NHO2018000007","PAID","","193048"),
("IATT190000546","193054","191002","192010","20000","1","20000","0","20000","1","1","1","IAT0106191008","NHO2018000007","PAID","","193054"),
("IATT190000547","193011","191001","192001","40000","1","40000","0","40000","1","1","1","IAT0106191008","NHO2018000007","PAID","","ORIGINAL"),
("IATT190000547","193011","191001","192001","40000","1","40000","0","40000","2","1","1","IAT0106191008","NHO2018000007","PAID","","ORIGINAL"),
("IATT190000547","193027","191001","192003","43000","1","43000","0","43000","1","1","1","IAT0106191008","NHO2018000007","PAID","","193027"),
("IATT190000547","193010","191001","192001","40000","1","40000","0","40000","1","1","1","IAT0106191008","NHO2018000007","PAID","","193010"),
("IATT190000547","193022","191001","192003","30000","1","30000","0","30000","1","1","1","IAT0106191008","NHO2018000007","PAID","","193022"),
("IATT190000547","193055","191002","192010","17000","1","17000","0","17000","1","1","1","IAT0106191008","NHO2018000007","PAID","","193055"),
("IATT190000547","193055","191002","192010","17000","1","17000","0","17000","2","1","1","IAT0106191008","NHO2018000007","PAID","","193055"),
("IATT190000547","193055","191002","192010","17000","1","17000","0","17000","3","1","1","IAT0106191008","NHO2018000007","PAID","","193055"),
("IATT190000547","193046","191002","192010","8000","1","8000","0","8000","1","1","1","IAT0106191008","NHO2018000007","PAID","","193046"),
("IATT190000547","193048","191002","192010","8000","1","8000","0","8000","1","1","1","IAT0106191008","NHO2018000007","PAID","ES","193048"),
("IATT190000547","193052","191002","192010","20000","1","20000","0","20000","1","1","1","IAT0106191008","NHO2018000007","PAID","","193052"),
("IATT190000547","193054","191002","192010","20000","1","20000","0","20000","1","1","1","IAT0106191008","NHO2018000007","PAID","","193054"),
("IATT190000536","193056","191002","192010","17000","1","17000","0","17000","2","1","2","IAT0106191008","NHO2018000007","PAID","","193056"),
("IATT190000532","193003","191001","192001","30000","1","30000","0","30000","2","1","2","IAT0106191008","NHO2018000007","PAID","CHIKEN","ORIGINAL"),
("IATT190000538","193040","191001","192008","20000","1","20000","0","20000","1","1","2","IAT0106191008","NHO2018000007","PAID","","193040"),
("IATT190000549","193028","191001","192003","43000","1","43000","0","43000","1","1","1","IAT0106191008","NHO2018000007","PAID","","193028"),
("IATT190000549","193028","191001","192003","43000","1","43000","0","43000","2","1","1","IAT0106191008","NHO2018000007","PAID","","193028"),
("IATT190000549","193055","191002","192010","17000","1","17000","0","17000","1","1","1","IAT0106191008","NHO2018000007","PAID","","193055"),
("IATT190000549","193055","191002","192010","17000","1","17000","0","17000","2","1","1","IAT0106191008","NHO2018000007","PAID","","193055"),
("IATT190000550","193022","191001","192003","30000","1","30000","0","30000","1","1","1","IAT0106191008","NHO2018000007","PAID","","193022"),
("IATT190000550","193022","191001","192003","30000","1","30000","0","30000","2","1","1","IAT0106191008","NHO2018000007","PAID","","193022"),
("IATT190000550","193049","191002","192010","10000","1","10000","0","10000","1","1","1","IAT0106191008","NHO2018000007","PAID","","193049"),
("IATT190000550","193049","191002","192010","10000","1","10000","0","10000","2","1","1","IAT0106191008","NHO2018000007","PAID","","193049"),
("IATT190000551","193022","191001","192003","30000","1","30000","0","30000","1","1","1","IAT0106191008","NHO2018000007","PAID","","193022"),
("IATT190000551","193003","191001","192001","30000","1","30000","0","30000","1","1","1","IAT0106191008","NHO2018000007","PAID","BEEF","PEDAS"),
("IATT190000551","193056","191002","192010","17000","1","17000","0","17000","1","1","1","IAT0106191008","NHO2018000007","PAID","","193056"),
("IATT190000551","193047","191002","192010","8000","1","8000","0","8000","1","1","1","IAT0106191008","NHO2018000007","PAID","KASIH GULA","193047"),
("IATT190000552","193027","191001","192003","43000","1","43000","0","43000","1","1","1","IAT0106191008","NHO2018000007","PAID","","193027"),
("IATT190000552","193022","191001","192003","30000","1","30000","0","30000","1","1","1","IAT0106191008","NHO2018000007","PAID","","193022"),
("IATT190000552","193056","191002","192010","17000","1","17000","0","17000","1","1","1","IAT0106191008","NHO2018000007","PAID","","193056"),
("IATT190000552","193055","191002","192010","17000","1","17000","0","17000","1","1","1","IAT0106191008","NHO2018000007","PAID","","193055"),
("IATT190000553","193047","191002","192010","8000","1","8000","0","8000","1","1","1","IAT0106191008","NHO2018000007","PAID","","193047"),
("IATT190000553","193049","191002","192010","10000","1","10000","0","10000","1","1","1","IAT0106191008","NHO2018000007","PAID","","193049"),
("IATT190000553","193049","191002","192010","10000","1","10000","0","10000","2","1","1","IAT0106191008","NHO2018000007","PAID","","193049"),
("IATT190000553","193023","191001","192003","30000","1","30000","0","30000","1","1","1","IAT0106191008","NHO2018000007","PAID","","193023"),
("IATT190000537","193003","191001","192001","30000","1","30000","0","30000","1","1","2","IAT0106191008","NHO2018000007","PAID","","PEDAS"),
("IATT190000551","193048","191002","192010","8000","1","8000","0","8000","1","1","2","IAT0106191008","NHO2018000007","PAID","","193048"),
("IATT190000553","193048","191002","192010","8000","1","8000","0","8000","1","1","2","IAT0106191008","NHO2018000007","PAID","","193048"),
("IATT190000553","193001","191001","192001","30000","1","30000","0","30000","1","1","3","IAT0106191008","NHO2018000007","PAID","CHKEN","193001"),
("IATT190000554","193039","191001","192006","36000","1","36000","0","36000","1","1","1","IAT0106191008","NHO2018000007","PAID","","PEDAS"),
("IATT190000554","193039","191001","192006","36000","1","36000","0","36000","2","1","1","IAT0106191008","NHO2018000007","PAID","","PEDAS"),
("IATT190000554","193049","191002","192010","10000","1","10000","0","10000","1","1","1","IAT0106191008","NHO2018000007","PAID","","193049"),
("IATT190000554","193047","191002","192010","8000","1","8000","0","8000","1","1","1","IAT0106191008","NHO2018000007","PAID","","193047"),
("IATT190000553","193023","191001","192003","30000","1","30000","0","30000","2","1","4","IAT0106191008","NHO2018000007","PAID","","193023"),
("IATT190000556","193023","191001","192003","30000","1","30000","0","30000","1","1","1","IAT0106191008","NHO2018000007","PAID","","193023"),
("IATT190000556","193050","191002","192010","20000","1","20000","0","20000","1","1","1","IAT0106191008","NHO2018000007","PAID","","193050"),
("IATT190000556","193027","191001","192003","43000","1","43000","0","43000","1","1","1","IAT0106191008","NHO2018000007","PAID","","193027"),
("IATT190000556","193048","191002","192010","8000","1","8000","0","8000","1","1","1","IAT0106191008","NHO2018000007","PAID","","193048"),
("IATT190000557","193056","191002","192010","17000","1","17000","0","17000","1","1","1","IAT0106191008","NHO2018000007","PAID","","193056"),
("IATT190000556","193054","191002","192010","20000","1","20000","0","20000","1","1","2","IAT0106191008","NHO2018000007","PAID","","193054"),
("IATT190000557","193023","191001","192003","30000","1","30000","0","30000","1","1","2","IAT0106191008","NHO2018000007","PAID","","193023"),
("IATT190000557","193025","191001","192003","30000","1","30000","0","30000","1","1","2","IAT0106191008","NHO2018000007","PAID","","193025"),
("IATT190000557","193047","191002","192010","8000","1","8000","0","8000","1","1","2","IAT0106191008","NHO2018000007","PAID","","193047"),
("IATT190000557","193047","191002","192010","8000","1","8000","0","8000","2","1","2","IAT0106191008","NHO2018000007","PAID","","193047"),
("IATT190000557","193047","191002","192010","8000","1","8000","0","8000","3","1","2","IAT0106191008","NHO2018000007","PAID","","193047"),
("IATT190000557","193047","191002","192010","8000","1","8000","0","8000","4","1","2","IAT0106191008","NHO2018000007","PAID","","193047"),
("IATT190000557","193023","191001","192003","30000","1","30000","0","30000","2","1","2","IAT0106191008","NHO2018000007","PAID","","193023"),
("IATT190000557","193023","191001","192003","30000","1","30000","0","30000","3","1","2","IAT0106191008","NHO2018000007","PAID","","193023"),
("IATT190000552","193001","191001","192001","30000","1","30000","0","30000","1","1","2","IAT0106191008","NHO2018000007","PAID","CHIKEN","193001"),
("IATT190000558","193018","191001","192002","37000","1","37000","0","37000","1","1","1","IAT0106191008","NHO2018000007","PAID","","ORIGINAL"),
("IATT190000558","193027","191001","192003","43000","1","43000","0","43000","1","1","1","IAT0106191008","NHO2018000007","PAID","","193027"),
("IATT190000558","193002","191001","192001","30000","1","30000","0","30000","1","1","1","IAT0106191008","NHO2018000007","PAID","CHIKEN","193002"),
("IATT190000558","193047","191002","192010","8000","1","8000","0","8000","1","1","1","IAT0106191008","NHO2018000007","PAID","","193047"),
("IATT190000558","193047","191002","192010","8000","1","8000","0","8000","2","1","1","IAT0106191008","NHO2018000007","PAID","","193047"),
("IATT190000558","193047","191002","192010","8000","1","8000","0","8000","3","1","1","IAT0106191008","NHO2018000007","PAID","","193047"),
("IATT190000558","193048","191002","192010","8000","1","8000","0","8000","1","1","1","IAT0106191008","NHO2018000007","PAID","","193048"),
("IATT190000559","193002","191001","192001","30000","1","30000","0","30000","1","1","1","IAT0106191008","NHO2018000007","PAID","CKN","193002"),
("IATT190000559","193027","191001","192003","43000","1","43000","0","43000","1","1","1","IAT0106191008","NHO2018000007","PAID","","193027"),
("IATT190000559","193023","191001","192003","30000","1","30000","0","30000","1","1","1","IAT0106191008","NHO2018000007","PAID","","193023"),
("IATT190000559","193041","191001","192008","20000","1","20000","0","20000","1","1","1","IAT0106191008","NHO2018000007","PAID","","193041"),
("IATT190000559","193047","191002","192010","8000","1","8000","0","8000","1","1","1","IAT0106191008","NHO2018000007","PAID","","193047"),
("IATT190000559","193047","191002","192010","8000","1","8000","0","8000","2","1","1","IAT0106191008","NHO2018000007","PAID","","193047"),
("IATT190000559","193047","191002","192010","8000","1","8000","0","8000","3","1","1","IAT0106191008","NHO2018000007","PAID","","193047"),
("IATT190000560","193023","191001","192003","30000","1","30000","0","30000","1","1","1","IAT0106191008","NHO2018000007","PAID","","193023"),
("IATT190000560","193025","191001","192003","30000","1","30000","0","30000","1","1","1","IAT0106191008","NHO2018000007","PAID","","193025"),
("IATT190000560","193047","191002","192010","8000","1","8000","0","8000","1","1","1","IAT0106191008","NHO2018000007","PAID","","193047"),
("IATT190000560","193047","191002","192010","8000","1","8000","0","8000","2","1","1","IAT0106191008","NHO2018000007","PAID","","193047"),
("IATT190000560","193047","191002","192010","8000","1","8000","0","8000","3","1","1","IAT0106191008","NHO2018000007","PAID","","193047"),
("IATT190000560","193025","191001","192003","30000","1","30000","0","30000","2","1","1","IAT0106191008","NHO2018000007","PAID","","193025"),
("IATT190000542","193023","191001","192003","30000","1","30000","0","30000","1","1","2","IAT0106191008","NHO2018000007","PAID","","193023"),
("IATT190000542","193023","191001","192003","30000","1","30000","0","30000","2","1","2","IAT0106191008","NHO2018000007","PAID","","193023"),
("IATT190000542","193025","191001","192003","30000","1","30000","0","30000","3","1","2","IAT0106191008","NHO2018000007","PAID","","193025"),
("IATT190000562","193025","191001","192003","30000","1","30000","0","30000","1","1","1","IAT0106191008","NHO2018000007","PAID","","193025"),
("IATT190000562","193040","191001","192008","20000","1","20000","0","20000","1","1","1","IAT0106191008","NHO2018000007","PAID","","193040"),
("IATT190000562","193049","191002","192010","10000","1","10000","0","10000","1","1","1","IAT0106191008","NHO2018000007","PAID","","193049"),
("IATT190000562","193047","191002","192010","8000","1","8000","0","8000","1","1","1","IAT0106191008","NHO2018000007","PAID","","193047"),
("IATT190000561","193023","191001","192003","30000","1","30000","0","30000","1","1","1","IAT0106191008","NHO2018000007","PAID","","193023"),
("IATT190000561","193046","191002","192010","8000","1","8000","0","8000","1","1","1","IAT0106191008","NHO2018000007","PAID","","193046"),
("IATT190000561","193056","191002","192010","17000","1","17000","0","17000","1","1","1","IAT0106191008","NHO2018000007","PAID","","193056"),
("IATT190000561","193025","191001","192003","30000","1","30000","0","30000","1","1","1","IAT0106191008","NHO2018000007","PAID","","193025"),
("IATT190000563","193023","191001","192003","30000","1","30000","0","30000","1","1","1","IAT0106191008","NHO2018000007","PAID","","193023"),
("IATT190000563","193003","191001","192001","30000","1","30000","0","30000","1","1","1","IAT0106191008","NHO2018000007","PAID","CHIKEN","ORIGINAL"),
("IATT190000564","193023","191001","192003","30000","1","30000","0","30000","1","1","1","IAT0106191008","NHO2018000007","PAID","","193023"),
("IATT190000564","193010","191001","192001","40000","1","40000","0","40000","1","1","1","IAT0106191008","NHO2018000007","PAID","","193010"),
("IATT190000564","193047","191002","192010","8000","1","8000","0","8000","1","1","1","IAT0106191008","NHO2018000007","PAID","","193047"),
("IATT190000564","193047","191002","192010","8000","1","8000","0","8000","2","1","1","IAT0106191008","NHO2018000007","PAID","","193047"),
("IATT190000565","193001","191001","192001","30000","1","30000","0","30000","1","1","1","IAT0106191008","NHO2018000007","PAID","CHIKEN","193001"),
("IATT190000565","193023","191001","192003","30000","1","30000","0","30000","1","1","1","IAT0106191008","NHO2018000007","PAID","","193023"),
("IATT190000565","193049","191002","192010","10000","1","10000","0","10000","1","1","1","IAT0106191008","NHO2018000007","PAID","","193049"),
("IATT190000565","193049","191002","192010","10000","1","10000","0","10000","2","1","1","IAT0106191008","NHO2018000007","PAID","","193049"),
("IATT190000566","193001","191001","192001","30000","1","30000","0","30000","1","1","1","IAT0106191008","NHO2018000007","PAID","CHIKEN","193001"),
("IATT190000566","193027","191001","192003","43000","1","43000","0","43000","1","1","1","IAT0106191008","NHO2018000007","PAID","","193027"),
("IATT190000566","193023","191001","192003","30000","1","30000","0","30000","1","1","1","IAT0106191008","NHO2018000007","PAID","","193023"),
("IATT190000566","193015","191001","192002","33000","1","33000","0","33000","1","1","1","IAT0106191008","NHO2018000007","PAID","","ORIGINAL"),
("IATT190000566","193047","191002","192010","8000","1","8000","0","8000","1","1","1","IAT0106191008","NHO2018000007","PAID","","193047"),
("IATT190000567","193025","191001","192003","30000","1","30000","0","30000","1","1","1","IAT0106191008","NHO2018000007","PAID","","193025"),
("IATT190000567","193053","191002","192010","20000","1","20000","0","20000","1","1","1","IAT0106191008","NHO2018000007","PAID","","193053"),
("IATT190000567","193051","191002","192010","20000","1","20000","0","20000","1","1","1","IAT0106191008","NHO2018000007","PAID","","193051"),
("IATT190000567","193002","191001","192001","30000","1","30000","0","30000","1","1","1","IAT0106191008","NHO2018000007","PAID","CHIKEN","193002"),
("IATT190000568","193023","191001","192003","30000","1","30000","0","30000","1","1","1","IAT0106191008","NHO2018000007","PAID","","193023"),
("IATT190000568","193033","191001","192005","42000","1","42000","0","42000","1","1","1","IAT0106191008","NHO2018000007","PAID","","193033"),
("IATT190000568","193055","191002","192010","17000","1","17000","0","17000","1","1","1","IAT0106191008","NHO2018000007","PAID","","193055"),
("IATT190000568","193048","191002","192010","8000","1","8000","0","8000","1","1","1","IAT0106191008","NHO2018000007","PAID","","193048"),
("IATT190000568","193056","191002","192010","17000","1","17000","0","17000","1","1","1","IAT0106191008","NHO2018000007","PAID","","193056"),
("IATT190000568","193023","191001","192003","30000","1","30000","0","30000","2","1","1","IAT0106191008","NHO2018000007","PAID","","193023"),
("IATT190000569","193023","191001","192003","30000","1","30000","0","30000","1","1","1","IAT0106191008","NHO2018000007","PAID","","193023"),
("IATT190000569","193048","191002","192010","8000","1","8000","0","8000","1","1","1","IAT0106191008","NHO2018000007","PAID","","193048"),
("IATT190000569","193047","191002","192010","8000","1","8000","0","8000","1","1","1","IAT0106191008","NHO2018000007","PAID","","193047"),
("IATT190000569","193044","191001","192008","25000","1","25000","0","25000","1","1","1","IAT0106191008","NHO2018000007","PAID","","193044"),
("IATT190000569","193002","191001","192001","30000","1","30000","0","30000","1","1","1","IAT0106191008","NHO2018000007","PAID","CHIKEN","193002"),
("IATT190000542","193051","191002","192010","20000","1","20000","0","20000","1","1","3","IAT0106191008","NHO2018000007","PAID","","193051"),
("IATT190000542","193048","191002","192010","8000","1","8000","0","8000","3","1","4","IAT0106191008","NHO2018000007","PAID","","193048"),
("IATT190000542","193048","191002","192010","8000","1","8000","0","8000","4","1","4","IAT0106191008","NHO2018000007","PAID","","193048"),
("IATT190000542","193048","191002","192010","8000","1","8000","0","8000","5","1","4","IAT0106191008","NHO2018000007","PAID","","193048"),
("IATT190000542","193048","191002","192010","8000","1","8000","0","8000","6","1","4","IAT0106191008","NHO2018000007","PAID","","193048"),
("IATT190000570","193011","191001","192001","40000","1","40000","0","40000","1","1","1","IAT0106191008","NHO2018000007","PAID","","ORIGINAL"),
("IATT190000570","193033","191001","192005","42000","1","42000","0","42000","1","1","1","IAT0106191008","NHO2018000007","PAID","","193033"),
("IATT190000570","193037","191001","192006","36000","1","36000","0","36000","1","1","1","IAT0106191008","NHO2018000007","PAID","","ORIGINAL"),
("IATT190000570","193047","191002","192010","8000","1","8000","0","8000","1","1","1","IAT0106191008","NHO2018000007","PAID","","193047"),
("IATT190000570","193047","191002","192010","8000","1","8000","0","8000","2","1","1","IAT0106191008","NHO2018000007","PAID","","193047"),
("IATT190000571","193023","191001","192003","30000","1","30000","0","30000","1","1","1","IAT0106191008","NHO2018000007","PAID","","193023"),
("IATT190000571","193001","191001","192001","30000","1","30000","0","30000","1","1","1","IAT0106191008","NHO2018000007","PAID","CHIKN","193001"),
("IATT190000571","193047","191002","192010","8000","1","8000","0","8000","1","1","1","IAT0106191008","NHO2018000007","PAID","","193047"),
("IATT190000571","193047","191002","192010","8000","1","8000","0","8000","2","1","1","IAT0106191008","NHO2018000007","PAID","","193047"),
("IATT190000572","193001","191001","192001","30000","1","30000","0","30000","1","1","1","IAT0106191008","NHO2018000007","PAID","CHIKEN","193001"),
("IATT190000572","193047","191002","192010","8000","1","8000","0","8000","1","1","1","IAT0106191008","NHO2018000007","PAID","","193047"),
("IATT190000572","193046","191002","192010","8000","1","8000","0","8000","1","1","1","IAT0106191008","NHO2018000007","PAID","","193046"),
("IATT190000573","193023","191001","192003","30000","1","30000","0","30000","1","1","1","IAT0106191008","NHO2018000007","PAID","","193023"),
("IATT190000573","193025","191001","192003","30000","1","30000","0","30000","1","1","1","IAT0106191008","NHO2018000007","PAID","","193025"),
("IATT190000573","193001","191001","192001","30000","1","30000","0","30000","1","1","1","IAT0106191008","NHO2018000007","PAID","CHIKEN","193001"),
("IATT190000573","193033","191001","192005","42000","1","42000","0","42000","1","1","1","IAT0106191008","NHO2018000007","PAID","","193033"),
("IATT190000573","193047","191002","192010","8000","1","8000","0","8000","1","1","1","IAT0106191008","NHO2018000007","PAID","","193047"),
("IATT190000573","193047","191002","192010","8000","1","8000","0","8000","2","1","1","IAT0106191008","NHO2018000007","PAID","","193047"),
("IATT190000574","193025","191001","192003","30000","1","30000","0","30000","1","1","1","IAT0106191008","NHO2018000007","PAID","","193025"),
("IATT190000574","193025","191001","192003","30000","1","30000","0","30000","2","1","1","IAT0106191008","NHO2018000007","PAID","","193025"),
("IATT190000574","193047","191002","192010","8000","1","8000","0","8000","1","1","1","IAT0106191008","NHO2018000007","PAID","","193047"),
("IATT190000574","193056","191002","192010","17000","1","17000","0","17000","1","1","1","IAT0106191008","NHO2018000007","PAID","","193056"),
("IATT190000575","193023","191001","192003","30000","1","30000","0","30000","1","1","1","IAT0106191008","NHO2018000007","PAID","","193023"),
("IATT190000575","193032","191001","192004","30000","1","30000","0","30000","1","1","1","IAT0106191008","NHO2018000007","PAID","","193032"),
("IATT190000575","193012","191001","192001","40000","1","40000","0","40000","1","1","1","IAT0106191008","NHO2018000007","PAID","","193012"),
("IATT190000575","193047","191002","192010","8000","1","8000","0","8000","1","1","1","IAT0106191008","NHO2018000007","PAID","","193047"),
("IATT190000575","193047","191002","192010","8000","1","8000","0","8000","2","1","1","IAT0106191008","NHO2018000007","PAID","","193047"),
("IATT190000575","193047","191002","192010","8000","1","8000","0","8000","3","1","1","IAT0106191008","NHO2018000007","PAID","","193047"),
("IATT190000576","193035","191001","192006","32000","1","32000","0","32000","1","1","1","IAT0106191008","NHO2018000007","PAID","","ORIGINAL"),
("IATT190000576","193055","191002","192010","17000","1","17000","0","17000","1","1","2","IAT0106191008","NHO2018000007","PAID","","193055"),
("IATT190000577","193003","191001","192001","30000","1","30000","0","30000","1","1","1","IAT0106191008","NHO2018000007","PAID","CHKEN","ORIGINAL"),
("IATT190000577","193047","191002","192010","8000","1","8000","0","8000","1","1","1","IAT0106191008","NHO2018000007","PAID","","193047"),
("IATT190000577","193023","191001","192003","30000","1","30000","0","30000","1","1","1","IAT0106191008","NHO2018000007","PAID","","193023"),
("IATT190000578","193002","191001","192001","30000","1","30000","0","30000","1","1","1","IAT0106191008","NHO2018000007","PAID","CHKN","193002"),
("IATT190000578","193035","191001","192006","32000","1","32000","0","32000","1","1","1","IAT0106191008","NHO2018000007","PAID","","ORIGINAL"),
("IATT190000578","193047","191002","192010","8000","1","8000","0","8000","1","1","1","IAT0106191008","NHO2018000007","PAID","","193047"),
("IATT190000578","193046","191002","192010","8000","1","8000","0","8000","1","1","1","IAT0106191008","NHO2018000007","PAID","","193046"),
("IATT190000579","193066","191003","192011","0","1","0","0","0","1","1","1","IAT0106191008","NHO2018000007","PAID","","193066"),
("IATT190000579","193066","191003","192011","0","1","0","0","0","2","1","1","IAT0106191008","NHO2018000007","PAID","","193066"),
("IATT190000579","193066","191003","192011","0","1","0","0","0","3","1","1","IAT0106191008","NHO2018000007","PAID","","193066"),
("IATT190000579","193066","191003","192011","0","1","0","0","0","4","1","1","IAT0106191008","NHO2018000007","PAID","","193066"),
("IATT190000579","193066","191003","192011","0","1","0","0","0","5","1","1","IAT0106191008","NHO2018000007","PAID","","193066"),
("IATT190000579","193066","191003","192011","0","1","0","0","0","6","1","1","IAT0106191008","NHO2018000007","PAID","","193066"),
("IATT190000579","193066","191003","192011","0","1","0","0","0","7","1","1","IAT0106191008","NHO2018000007","PAID","","193066"),
("IATT190000579","193066","191003","192011","0","1","0","0","0","8","1","1","IAT0106191008","NHO2018000007","PAID","","193066"),
("IATT190000579","193066","191003","192011","0","1","0","0","0","9","1","1","IAT0106191008","NHO2018000007","PAID","","193066"),
("IATT190000579","193066","191003","192011","0","1","0","0","0","10","1","1","IAT0106191008","NHO2018000007","PAID","","193066"),
("IATT190000579","193066","191003","192011","0","1","0","0","0","10","1","1","IAT0106191008","NHO2018000007","PAID","","193066"),
("IATT190000579","193066","191003","192011","0","1","0","0","0","10","1","1","IAT0106191008","NHO2018000007","PAID","","193066"),
("IATT190000579","193066","191003","192011","0","1","0","0","0","10","1","1","IAT0106191008","NHO2018000007","PAID","","193066"),
("IATT190000579","193066","191003","192011","0","1","0","0","0","10","1","1","IAT0106191008","NHO2018000007","PAID","","193066"),
("IATT190000579","193066","191003","192011","0","1","0","0","0","10","1","1","IAT0106191008","NHO2018000007","PAID","","193066"),
("IATT190000579","193066","191003","192011","0","1","0","0","0","10","1","1","IAT0106191008","NHO2018000007","PAID","","193066"),
("IATT190000579","193066","191003","192011","0","1","0","0","0","10","1","1","IAT0106191008","NHO2018000007","PAID","","193066"),
("IATT190000579","193066","191003","192011","0","1","0","0","0","10","1","1","IAT0106191008","NHO2018000007","PAID","","193066");



INSERT INTO pos_salestemp VALUES("IATT190000525","","1","68000","0","6800","0","74800","100000","01/06/2019","13:53","01/06/2019","13:55:19","ISU000004","tbl0010","CLOSED","1","","IATR190000505","","","","","IAT0106191008","NHO2018000007"),
("IATT190000526","","2","84000","0","8400","0","92400","100000","01/06/2019","14:16","01/06/2019","14:43:50","ISU000004","tbl0012","CLOSED","1","","IATR190000506","","","","","IAT0106191008","NHO2018000007"),
("IATT190000527","","1","38000","0","3800","0","41800","100000","01/06/2019","15:54","01/06/2019","17:15:56","ISU000004","tbl0020","CLOSED","1","","IATR190000508","","","","","IAT0106191008","NHO2018000007"),
("IATT190000528","","0","170000","0","17000","0","187000","200000","01/06/2019","16:50","01/06/2019","18:14:17","ISU000004","tbl0012","CLOSED","1","","IATR190000519","","","","","IAT0106191008","NHO2018000007"),
("IATT190000529","","2","83000","0","8300","0","91300","100000","01/06/2019","16:52","01/06/2019","16:53:25","ISU000004","tbl0005","CLOSED","1","","IATR190000507","","","","","IAT0106191008","NHO2018000007"),
("IATT190000530","","2","150000","0","15000","0","165000","200000","01/06/2019","16:54","01/06/2019","17:27:19","ISU000004","tbl0011","CLOSED","1","","IATR190000509","","","","","IAT0106191008","NHO2018000007"),
("IATT190000531","","4","469000","0","46900","0","515900","515900","01/06/2019","16:58","01/06/2019","17:44:48","ISU000004","tbl0017","CLOSED","1","","IATR190000511","","","","","IAT0106191008","NHO2018000007"),
("IATT190000532","","0","193000","0","19300","0","212300","214000","01/06/2019","17:05","01/06/2019","18:07:31","ISU000004","tbl0010","CLOSED","1","","IATR190000515","","","","","IAT0106191008","NHO2018000007"),
("IATT190000533","","4","208000","0","20800","0","228800","250000","01/06/2019","17:07","01/06/2019","18:09:42","ISU000004","tbl0014","CLOSED","1","","IATR190000516","","","","","IAT0106191008","NHO2018000007"),
("IATT190000534","","2","93000","0","9300","0","102300","104000","01/06/2019","17:08","01/06/2019","17:38:11","ISU000004","tbl0003","CLOSED","1","","IATR190000510","","","","","IAT0106191008","NHO2018000007"),
("IATT190000535","","2","113000","0","11300","0","124300","150000","01/06/2019","17:12","01/06/2019","18:25:16","ISU000004","tbl0024","CLOSED","1","","IATR190000522","","","","","IAT0106191008","NHO2018000007"),
("IATT190000536","","2","120000","0","12000","0","132000","132000","01/06/2019","17:13","01/06/2019","18:31:58","ISU000004","tbl0004","CLOSED","1","","IATR190000525","","","","","IAT0106191008","NHO2018000007"),
("IATT190000537","","2","229000","0","22900","0","251900","251900","01/06/2019","17:17","01/06/2019","18:13:12","ISU000004","tbl0015","CLOSED","1","","IATR190000518","","","","","IAT0106191008","NHO2018000007"),
("IATT190000538","","4","204000","0","20400","0","224400","250000","01/06/2019","17:19","01/06/2019","18:26:32","ISU000004","tbl0020","CLOSED","1","","IATR190000523","","","","","IAT0106191008","NHO2018000007"),
("IATT190000539","","1","41000","0","4100","0","45100","100000","01/06/2019","17:21","01/06/2019","18:01:46","ISU000004","tbl0007","CLOSED","1","","IATR190000512","","","","","IAT0106191008","NHO2018000007"),
("IATT190000540","","1","0","0","0","0","0","0","01/06/2019","17:21","01/06/2019","22:00:39","ISU000012","tbl0050","CANCELED","1","PERMINTAAN CUSTOMER","","","","","","IAT0106191008","NHO2018000007"),
("IATT190000541","","2","86000","0","8600","0","94600","100600","01/06/2019","17:22","01/06/2019","18:06:25","ISU000004","tbl0006","CLOSED","1","","IATR190000514","","","","","IAT0106191008","NHO2018000007"),
("IATT190000542","","4","485000","0","48500","0","533500","533500","01/06/2019","17:23","01/06/2019","19:23:25","ISU000004","tbl0022","CLOSED","1","","IATR190000541","","","","","IAT0106191008","NHO2018000007"),
("IATT190000543","","2","76000","0","7600","0","83600","83600","01/06/2019","17:28","01/06/2019","18:03:25","ISU000004","tbl0023","CLOSED","1","","IATR190000513","","","","","IAT0106191008","NHO2018000007"),
("IATT190000544","","2","128000","0","12800","0","140800","140800","01/06/2019","17:29","01/06/2019","18:11:28","ISU000004","tbl0013","CLOSED","1","","IATR190000517","","","","","IAT0106191008","NHO2018000007"),
("IATT190000545","","2","135000","0","13500","0","148500","148500","01/06/2019","17:30","01/06/2019","19:06:25","ISU000004","tbl0021","CLOSED","1","","IATR190000537","","","","","IAT0106191008","NHO2018000007"),
("IATT190000546","","3","139000","0","13900","0","152900","200000","01/06/2019","17:32","01/06/2019","18:32:28","ISU000004","tbl0001","CLOSED","1","","IATR190000526","","","","","IAT0106191008","NHO2018000007"),
("IATT190000547","","3","300000","0","30000","0","330000","350000","01/06/2019","17:32","01/06/2019","18:22:39","ISU000004","tbl0011","CLOSED","1","","IATR190000520","","","","","IAT0106191008","NHO2018000007"),
("IATT190000548","","0","0","0","0","0","0","0","01/06/2019","17:47","01/06/2019","22:00:45","ISU000012","tbl0003","CANCELED","1","PERMINTAAN CUSTOMER","","","","","","IAT0106191008","NHO2018000007"),
("IATT190000549","","2","120000","0","12000","0","132000","150000","01/06/2019","17:48","01/06/2019","19:01:17","ISU000004","tbl0008","CLOSED","1","","IATR190000535","","","","","IAT0106191008","NHO2018000007"),
("IATT190000550","","2","80000","0","8000","0","88000","88000","01/06/2019","17:49","01/06/2019","18:31:02","ISU000004","tbl0009","CLOSED","1","","IATR190000524","","","","","IAT0106191008","NHO2018000007"),
("IATT190000551","","2","93000","0","9300","0","102300","102300","01/06/2019","17:50","01/06/2019","18:24:07","ISU000004","tbl0048","CLOSED","1","","IATR190000521","","","","","IAT0106191008","NHO2018000007"),
("IATT190000552","","1","137000","0","13700","0","150700","150700","01/06/2019","17:51","01/06/2019","18:41:30","ISU000004","tbl0014","CLOSED","1","","IATR190000529","","","","","IAT0106191008","NHO2018000007"),
("IATT190000553","","2","126000","0","12600","0","138600","150000","01/06/2019","17:52","01/06/2019","18:33:48","ISU000004","tbl0002","CLOSED","1","","IATR190000527","","","","","IAT0106191008","NHO2018000007"),
("IATT190000554","","1","90000","0","9000","0","99000","100000","01/06/2019","18:14","01/06/2019","18:46:03","ISU000004","tbl0005","CLOSED","1","","IATR190000531","","","","","IAT0106191008","NHO2018000007"),
("IATT190000555","","0","0","0","0","0","0","0","01/06/2019","18:16","01/06/2019","18:16:31","ISU000004","tbl0006","CANCELED","1","PERMINTAAN CUSTOMER","","","","","","IAT0106191008","NHO2018000007"),
("IATT190000556","","2","121000","0","12100","0","133100","150000","01/06/2019","18:16","01/06/2019","18:38:42","ISU000004","tbl0006","CLOSED","1","","IATR190000528","","","","","IAT0106191008","NHO2018000007"),
("IATT190000557","","1","169000","0","16900","0","185900","200000","01/06/2019","18:19","01/06/2019","18:44:43","ISU000004","tbl0010","CLOSED","1","","IATR190000530","","","","","IAT0106191008","NHO2018000007"),
("IATT190000558","","2","142000","0","14200","0","156200","200200","01/06/2019","18:27","01/06/2019","18:56:11","ISU000004","tbl0013","CLOSED","1","","IATR190000533","","","","","IAT0106191008","NHO2018000007"),
("IATT190000559","","2","147000","0","14700","0","161700","161700","01/06/2019","18:28","01/06/2019","18:54:19","ISU000004","tbl0017","CLOSED","1","","IATR190000532","","","","","IAT0106191008","NHO2018000007"),
("IATT190000560","","2","114000","0","11400","0","125400","150000","01/06/2019","18:29","01/06/2019","19:12:59","ISU000004","tbl0012","CLOSED","1","","IATR190000539","","","","","IAT0106191008","NHO2018000007"),
("IATT190000561","","2","85000","0","8500","0","93500","100000","01/06/2019","18:35","01/06/2019","19:24:03","ISU000004","tbl0023","CLOSED","1","","IATR190000542","","","","","IAT0106191008","NHO2018000007"),
("IATT190000562","","2","68000","0","6800","0","74800","100000","01/06/2019","18:35","01/06/2019","19:00:19","ISU000004","tbl0024","CLOSED","1","","IATR190000534","","","","","IAT0106191008","NHO2018000007"),
("IATT190000563","","1","60000","0","6000","0","66000","100000","01/06/2019","18:37","01/06/2019","19:03:40","ISU000004","tbl0016","CLOSED","1","","IATR190000536","","","","","IAT0106191008","NHO2018000007"),
("IATT190000564","","2","86000","0","8600","0","94600","100000","01/06/2019","18:39","01/06/2019","19:25:09","ISU000004","tbl0009","CLOSED","1","","IATR190000543","","","","","IAT0106191008","NHO2018000007"),
("IATT190000565","","2","80000","0","8000","0","88000","100000","01/06/2019","18:46","01/06/2019","19:13:34","ISU000004","tbl0011","CLOSED","1","","IATR190000540","","","","","IAT0106191008","NHO2018000007"),
("IATT190000566","","2","144000","0","14400","0","158400","170400","01/06/2019","18:49","01/06/2019","19:40:37","ISU000004","tbl0020","CLOSED","1","","IATR190000546","","","","","IAT0106191008","NHO2018000007"),
("IATT190000567","","2","100000","0","10000","0","110000","110000","01/06/2019","18:51","01/06/2019","19:11:22","ISU000004","tbl0007","CLOSED","1","","IATR190000538","","","","","IAT0106191008","NHO2018000007"),
("IATT190000568","","0","144000","0","14400","0","158400","158400","01/06/2019","18:52","01/06/2019","19:47:49","ISU000004","tbl0010","CLOSED","1","","IATR190000548","","","","","IAT0106191008","NHO2018000007"),
("IATT190000569","","2","101000","0","10100","0","111100","112000","01/06/2019","19:06","01/06/2019","19:30:45","ISU000004","tbl0005","CLOSED","1","","IATR190000545","","","","","IAT0106191008","NHO2018000007"),
("IATT190000570","","2","134000","0","13400","0","147400","200000","01/06/2019","19:27","01/06/2019","19:29:03","ISU000004","tbl0024","CLOSED","1","","IATR190000544","","","","","IAT0106191008","NHO2018000007"),
("IATT190000571","","2","76000","0","7600","0","83600","100000","01/06/2019","19:31","01/06/2019","20:00:39","ISU000004","tbl0024","CLOSED","1","","IATR190000550","","","","","IAT0106191008","NHO2018000007"),
("IATT190000572","","2","46000","0","4600","0","50600","52000","01/06/2019","19:32","01/06/2019","19:50:35","ISU000004","tbl0017","CLOSED","1","","IATR190000549","","","","","IAT0106191008","NHO2018000007"),
("IATT190000573","","3","148000","0","14800","0","162800","200000","01/06/2019","19:43","01/06/2019","19:44:51","ISU000004","tbl0012","CLOSED","1","","IATR190000547","","","","","IAT0106191008","NHO2018000007"),
("IATT190000574","","2","85000","0","8500","0","93500","100500","01/06/2019","19:55","01/06/2019","20:22:30","ISU000004","tbl0011","CLOSED","1","","IATR190000551","","","","","IAT0106191008","NHO2018000007"),
("IATT190000575","","3","124000","0","12400","0","136400","136400","01/06/2019","19:58","01/06/2019","20:53:17","ISU000012","tbl0010","CLOSED","1","","IATR190000554","","","","","IAT0106191008","NHO2018000007"),
("IATT190000576","","1","49000","0","4900","0","53900","53900","01/06/2019","20:09","01/06/2019","20:24:49","ISU000004","tbl0018","CLOSED","1","","IATR190000552","","","","","IAT0106191008","NHO2018000007"),
("IATT190000577","","2","68000","0","6800","0","74800","74800","01/06/2019","20:39","01/06/2019","20:41:15","ISU000004","tbl0012","CLOSED","1","","IATR190000553","","","","","IAT0106191008","NHO2018000007"),
("IATT190000578","","2","78000","0","7800","0","85800","100900","01/06/2019","20:48","01/06/2019","21:19:08","ISU000012","tbl0011","CLOSED","1","","IATR190000555","","","","","IAT0106191008","NHO2018000007"),
("IATT190000579","","1","0","0","0","0","0","0","01/06/2019","21:34","01/06/2019","21:34:28","ISU000012","tbl0004","CLOSED","1","","IATR190000556","","","","","IAT0106191008","NHO2018000007");



INSERT INTO item_void VALUES("IATT190000548","IAT0106191008","NHO2018000007","193048","193048","1","8000","Before Send","Komplen Customer"),
("IATT190000553","IAT0106191008","NHO2018000007","193022","193022","1","30000","Before Send","Komplen Customer"),
("IATT190000553","IAT0106191008","NHO2018000007","193024","193024","1","30000","Before Send","Komplen Customer"),
("IATT190000556","IAT0106191008","NHO2018000007","193049","193049","1","10000","Before Send","Komplen Customer"),
("IATT190000552","IAT0106191008","NHO2018000007","193003","PEDAS","1","30000","Before Send","Komplen Customer");









INSERT INTO pos_paymenttemp VALUES("IATT190000525","CASH","CASH","74800","100000","ISU000004","2019-06-01","","1","","CLOSED","IAT0106191008","NHO2018000007"),
("IATT190000526","CASH","CASH","92400","100000","ISU000004","2019-06-01","","1","","CLOSED","IAT0106191008","NHO2018000007"),
("IATT190000529","CASH","CASH","91300","100000","ISU000004","2019-06-01","","1","","CLOSED","IAT0106191008","NHO2018000007"),
("IATT190000527","CASH","CASH","41800","100000","ISU000004","2019-06-01","","1","","CLOSED","IAT0106191008","NHO2018000007"),
("IATT190000530","CASH","CASH","165000","200000","ISU000004","2019-06-01","","1","","CLOSED","IAT0106191008","NHO2018000007"),
("IATT190000534","CASH","CASH","102300","104000","ISU000004","2019-06-01","","1","","CLOSED","IAT0106191008","NHO2018000007"),
("IATT190000531","CARD","VISA","515900","515900","ISU000004","2019-06-01","","1","","CLOSED","IAT0106191008","NHO2018000007"),
("IATT190000539","CASH","CASH","45100","100000","ISU000004","2019-06-01","","1","","CLOSED","IAT0106191008","NHO2018000007"),
("IATT190000543","CARD","MASTER","83600","83600","ISU000004","2019-06-01","","1","","CLOSED","IAT0106191008","NHO2018000007"),
("IATT190000541","CASH","CASH","94600","100600","ISU000004","2019-06-01","","1","","CLOSED","IAT0106191008","NHO2018000007"),
("IATT190000532","CASH","CASH","212300","214000","ISU000004","2019-06-01","","1","","CLOSED","IAT0106191008","NHO2018000007"),
("IATT190000533","CASH","CASH","228800","250000","ISU000004","2019-06-01","","1","","CLOSED","IAT0106191008","NHO2018000007"),
("IATT190000544","CARD","VISA","140800","140800","ISU000004","2019-06-01","","1","","CLOSED","IAT0106191008","NHO2018000007"),
("IATT190000537","CARD","DEBIT BCA","251900","251900","ISU000004","2019-06-01","","1","","CLOSED","IAT0106191008","NHO2018000007"),
("IATT190000528","CASH","CASH","187000","200000","ISU000004","2019-06-01","","1","","CLOSED","IAT0106191008","NHO2018000007"),
("IATT190000547","CASH","CASH","330000","350000","ISU000004","2019-06-01","","1","","CLOSED","IAT0106191008","NHO2018000007"),
("IATT190000551","CARD","DEBIT BCA","102300","102300","ISU000004","2019-06-01","","1","","CLOSED","IAT0106191008","NHO2018000007"),
("IATT190000535","CASH","CASH","124300","150000","ISU000004","2019-06-01","","1","","CLOSED","IAT0106191008","NHO2018000007"),
("IATT190000538","CASH","CASH","224400","250000","ISU000004","2019-06-01","","1","","CLOSED","IAT0106191008","NHO2018000007"),
("IATT190000550","CARD","DEBIT BCA","88000","88000","ISU000004","2019-06-01","","1","","CLOSED","IAT0106191008","NHO2018000007"),
("IATT190000536","CARD","DEBIT BCA","132000","132000","ISU000004","2019-06-01","","1","","CLOSED","IAT0106191008","NHO2018000007"),
("IATT190000546","CASH","CASH","152900","200000","ISU000004","2019-06-01","","1","","CLOSED","IAT0106191008","NHO2018000007"),
("IATT190000553","CASH","CASH","138600","150000","ISU000004","2019-06-01","","1","","CLOSED","IAT0106191008","NHO2018000007"),
("IATT190000556","CASH","CASH","133100","150000","ISU000004","2019-06-01","","1","","CLOSED","IAT0106191008","NHO2018000007"),
("IATT190000552","CARD","DEBIT BCA","150700","150700","ISU000004","2019-06-01","","1","","CLOSED","IAT0106191008","NHO2018000007"),
("IATT190000557","CASH","CASH","185900","200000","ISU000004","2019-06-01","","1","","CLOSED","IAT0106191008","NHO2018000007"),
("IATT190000554","CASH","CASH","99000","100000","ISU000004","2019-06-01","","1","","CLOSED","IAT0106191008","NHO2018000007"),
("IATT190000559","CARD","MASTER","161700","161700","ISU000004","2019-06-01","","1","","CLOSED","IAT0106191008","NHO2018000007"),
("IATT190000558","CASH","CASH","156200","200200","ISU000004","2019-06-01","","1","","CLOSED","IAT0106191008","NHO2018000007"),
("IATT190000562","CASH","CASH","74800","100000","ISU000004","2019-06-01","","1","","CLOSED","IAT0106191008","NHO2018000007"),
("IATT190000549","CASH","CASH","132000","150000","ISU000004","2019-06-01","","1","","CLOSED","IAT0106191008","NHO2018000007"),
("IATT190000563","CASH","CASH","66000","100000","ISU000004","2019-06-01","","1","","CLOSED","IAT0106191008","NHO2018000007"),
("IATT190000545","CARD","MASTER","148500","148500","ISU000004","2019-06-01","","1","","CLOSED","IAT0106191008","NHO2018000007"),
("IATT190000567","CASH","CASH","110000","110000","ISU000004","2019-06-01","","1","","CLOSED","IAT0106191008","NHO2018000007"),
("IATT190000560","CASH","CASH","125400","150000","ISU000004","2019-06-01","","1","","CLOSED","IAT0106191008","NHO2018000007"),
("IATT190000565","CASH","CASH","88000","100000","ISU000004","2019-06-01","","1","","CLOSED","IAT0106191008","NHO2018000007"),
("IATT190000542","CARD","MASTER","533500","533500","ISU000004","2019-06-01","","1","","CLOSED","IAT0106191008","NHO2018000007"),
("IATT190000561","CASH","CASH","93500","100000","ISU000004","2019-06-01","","1","","CLOSED","IAT0106191008","NHO2018000007"),
("IATT190000564","CASH","CASH","94600","100000","ISU000004","2019-06-01","","1","","CLOSED","IAT0106191008","NHO2018000007"),
("IATT190000570","CASH","CASH","147400","200000","ISU000004","2019-06-01","","1","","CLOSED","IAT0106191008","NHO2018000007"),
("IATT190000569","CASH","CASH","111100","112000","ISU000004","2019-06-01","","1","","CLOSED","IAT0106191008","NHO2018000007"),
("IATT190000566","CASH","CASH","158400","170400","ISU000004","2019-06-01","","1","","CLOSED","IAT0106191008","NHO2018000007"),
("IATT190000573","CASH","CASH","162800","200000","ISU000004","2019-06-01","","1","","CLOSED","IAT0106191008","NHO2018000007"),
("IATT190000568","CARD","MASTER","158400","158400","ISU000004","2019-06-01","","1","","CLOSED","IAT0106191008","NHO2018000007"),
("IATT190000572","CASH","CASH","50600","52000","ISU000004","2019-06-01","","1","","CLOSED","IAT0106191008","NHO2018000007"),
("IATT190000571","CASH","CASH","83600","100000","ISU000004","2019-06-01","","1","","CLOSED","IAT0106191008","NHO2018000007"),
("IATT190000574","CASH","CASH","93500","100500","ISU000004","2019-06-01","","1","","CLOSED","IAT0106191008","NHO2018000007"),
("IATT190000576","CARD","MASTER","53900","53900","ISU000004","2019-06-01","","1","","CLOSED","IAT0106191008","NHO2018000007"),
("IATT190000577","CARD","MASTER","74800","74800","ISU000004","2019-06-01","","1","","CLOSED","IAT0106191008","NHO2018000007"),
("IATT190000575","CARD","VISA","136400","136400","ISU000012","2019-06-01","","1","","CLOSED","IAT0106191008","NHO2018000007"),
("IATT190000578","CASH","CASH","85800","100900","ISU000012","2019-06-01","","1","","CLOSED","IAT0106191008","NHO2018000007"),
("IATT190000579","CASH","CASH","0","0","ISU000012","2019-06-01","","1","","CLOSED","IAT0106191008","NHO2018000007");



