INSERT INTO pos_itemtemp VALUES("IATT190001291","193024","191001","192003","30000","1","30000","0","30000","1","1","1","IAT0907190851","NHO2018000007","PAID","","193024"),
("IATT190001291","193024","191001","192003","30000","1","30000","0","30000","2","1","1","IAT0907190851","NHO2018000007","PAID","","193024"),
("IATT190001291","193056","191002","192010","17000","1","17000","0","17000","1","1","1","IAT0907190851","NHO2018000007","PAID","","193056"),
("IATT190001291","193054","191002","192010","20000","1","20000","0","20000","1","1","1","IAT0907190851","NHO2018000007","PAID","","193054"),
("IATT190001291","193072","191001","192012","25000","1","25000","0","25000","1","1","1","IAT0907190851","NHO2018000007","PAID","","193072"),
("IATT190001292","193086","191001","192002","33000","1","33000","0","33000","1","1","1","IAT0907190851","NHO2018000007","PAID","level 2","PEDAS"),
("IATT190001292","193037","191001","192006","36000","1","36000","0","36000","1","1","1","IAT0907190851","NHO2018000007","PAID","","ORIGINAL"),
("IATT190001292","193069","191001","192012","13000","1","13000","0","13000","1","1","1","IAT0907190851","NHO2018000007","PAID","","193069"),
("IATT190001292","193055","191002","192010","17000","1","17000","0","17000","1","1","1","IAT0907190851","NHO2018000007","PAID","","193055"),
("IATT190001292","193048","191002","192010","8000","1","8000","0","8000","1","1","1","IAT0907190851","NHO2018000007","PAID","","193048"),
("IATT190001293","193052","191002","192010","20000","1","20000","0","20000","1","1","1","IAT0907190851","NHO2018000007","PAID","","193052"),
("IATT190001293","193053","191002","192010","20000","1","20000","0","20000","1","1","1","IAT0907190851","NHO2018000007","PAID","","193053"),
("IATT190001293","193015","191001","192002","33000","1","33000","0","33000","1","1","1","IAT0907190851","NHO2018000007","PAID","","ORIGINAL"),
("IATT190001293","193028","191001","192003","43000","1","43000","0","43000","1","1","1","IAT0907190851","NHO2018000007","PAID","","193028"),
("IATT190001294","193083","191001","192001","30000","1","30000","0","30000","1","1","1","IAT0907190851","NHO2018000007","PAID","","193083"),
("IATT190001294","193022","191001","192003","30000","1","30000","0","30000","1","1","1","IAT0907190851","NHO2018000007","PAID","","193022"),
("IATT190001294","193018","191001","192002","37000","1","37000","0","37000","1","1","1","IAT0907190851","NHO2018000007","PAID","","ORIGINAL"),
("IATT190001294","193056","191002","192010","17000","1","17000","0","17000","1","1","1","IAT0907190851","NHO2018000007","PAID","","193056"),
("IATT190001294","193055","191002","192010","17000","1","17000","0","17000","1","1","1","IAT0907190851","NHO2018000007","PAID","","193055"),
("IATT190001295","193082","191001","192001","30000","1","30000","0","30000","1","1","1","IAT0907190851","NHO2018000007","PAID","","193082"),
("IATT190001295","193078","191001","192001","30000","1","30000","0","30000","1","1","1","IAT0907190851","NHO2018000007","PAID","lvl 1 ya bang :*","PEDAS"),
("IATT190001295","193069","191001","192012","13000","1","13000","0","13000","1","1","1","IAT0907190851","NHO2018000007","PAID","","193069"),
("IATT190001295","193070","191001","192012","13000","1","13000","0","13000","1","1","1","IAT0907190851","NHO2018000007","PAID","","193070"),
("IATT190001295","193056","191002","192010","17000","1","17000","0","17000","1","1","1","IAT0907190851","NHO2018000007","PAID","","193056"),
("IATT190001295","193055","191002","192010","17000","1","17000","0","17000","1","1","1","IAT0907190851","NHO2018000007","PAID","","193055"),
("IATT190001296","193085","191001","192001","30000","1","30000","0","30000","1","1","1","IAT0907190851","NHO2018000007","PAID","","193085"),
("IATT190001296","193087","191001","192002","33000","1","33000","0","33000","1","1","1","IAT0907190851","NHO2018000007","PAID","","193087"),
("IATT190001296","193083","191001","192001","30000","1","30000","0","30000","1","1","1","IAT0907190851","NHO2018000007","PAID","","193083"),
("IATT190001296","193053","191002","192010","20000","1","20000","0","20000","1","1","1","IAT0907190851","NHO2018000007","PAID","","193053"),
("IATT190001296","193047","191002","192010","8000","1","8000","0","8000","1","1","1","IAT0907190851","NHO2018000007","PAID","","193047"),
("IATT190001296","193055","191002","192010","17000","1","17000","0","17000","1","1","1","IAT0907190851","NHO2018000007","PAID","","193055"),
("IATT190001297","193022","191001","192003","30000","1","30000","0","30000","1","1","1","IAT0907190851","NHO2018000007","PAID","","193022"),
("IATT190001297","193025","191001","192003","30000","1","30000","0","30000","1","1","1","IAT0907190851","NHO2018000007","PAID","","193025"),
("IATT190001297","193056","191002","192010","17000","1","17000","0","17000","1","1","1","IAT0907190851","NHO2018000007","PAID","","193056"),
("IATT190001297","193056","191002","192010","17000","1","17000","0","17000","2","1","1","IAT0907190851","NHO2018000007","PAID","","193056"),
("IATT190001298","193022","191001","192003","30000","1","30000","0","30000","1","1","1","IAT0907190851","NHO2018000007","PAID","","193022"),
("IATT190001298","193022","191001","192003","30000","1","30000","0","30000","2","1","1","IAT0907190851","NHO2018000007","PAID","","193022"),
("IATT190001298","193049","191002","192010","10000","1","10000","0","10000","1","1","1","IAT0907190851","NHO2018000007","PAID","","193049"),
("IATT190001298","193048","191002","192010","8000","1","8000","0","8000","1","1","1","IAT0907190851","NHO2018000007","PAID","","193048"),
("IATT190001299","193087","191001","192002","33000","1","33000","0","33000","1","1","1","IAT0907190851","NHO2018000007","PAID","","193087"),
("IATT190001299","193072","191001","192012","25000","1","25000","0","25000","1","1","1","IAT0907190851","NHO2018000007","PAID","","193072"),
("IATT190001299","193070","191001","192012","13000","1","13000","0","13000","1","1","1","IAT0907190851","NHO2018000007","PAID","","193070"),
("IATT190001299","193052","191002","192010","20000","1","20000","0","20000","1","1","1","IAT0907190851","NHO2018000007","PAID","","193052"),
("IATT190001299","193054","191002","192010","20000","1","20000","0","20000","1","1","1","IAT0907190851","NHO2018000007","PAID","","193054"),
("IATT190001299","193048","191002","192010","8000","1","8000","0","8000","1","1","1","IAT0907190851","NHO2018000007","PAID","","193048"),
("IATT190001300","193035","191001","192006","32000","1","32000","0","32000","1","1","1","IAT0907190851","NHO2018000007","PAID","","ORIGINAL"),
("IATT190001300","193070","191001","192012","13000","1","13000","0","13000","1","1","1","IAT0907190851","NHO2018000007","PAID","","193070"),
("IATT190001300","193046","191002","192010","8000","1","8000","0","8000","1","1","1","IAT0907190851","NHO2018000007","PAID","","193046"),
("IATT190001301","193084","191001","192001","30000","1","30000","0","30000","1","1","1","IAT0907190851","NHO2018000007","PAID","level 1","PEDAS"),
("IATT190001301","193079","191001","192001","30000","1","30000","0","30000","1","1","1","IAT0907190851","NHO2018000007","PAID","","193079"),
("IATT190001301","193048","191002","192010","8000","1","8000","0","8000","1","1","1","IAT0907190851","NHO2018000007","PAID","","193048"),
("IATT190001301","193048","191002","192010","8000","1","8000","0","8000","2","1","1","IAT0907190851","NHO2018000007","PAID","","193048"),
("IATT190001302","193046","191002","192010","8000","1","8000","0","8000","1","1","1","IAT0907190851","NHO2018000007","PAID","","193046"),
("IATT190001302","193035","191001","192006","32000","1","32000","0","32000","1","1","1","IAT0907190851","NHO2018000007","PAID","timun tomat lebihin yaaaa,minta kuah jg","ORIGINAL"),
("IATT190001302","193070","191001","192012","13000","1","13000","0","13000","1","1","1","IAT0907190851","NHO2018000007","PAID","","193070");



INSERT INTO pos_salestemp VALUES("IATT190001291","","2","122000","0","12200","0","134200","175200","09/07/2019","14:31","2019-07-09","15:32:33","ISU000012","tbl0010","CLOSED","1","","IATR190001251","","","","","IAT0907190851","NHO2018000007"),
("IATT190001292","","2","107000","0","10700","0","117700","125000","09/07/2019","14:43","2019-07-09","15:27:40","ISU000012","tbl0012","CLOSED","1","","IATR190001250","","","","","IAT0907190851","NHO2018000007"),
("IATT190001293","","2","116000","0","11600","0","127600","127600","09/07/2019","14:55","2019-07-09","15:36:52","ISU000012","tbl0011","CLOSED","1","","IATR190001252","","","","","IAT0907190851","NHO2018000007"),
("IATT190001294","","3","131000","0","13100","0","144100","145000","09/07/2019","15:53","2019-07-09","16:37:47","ISU000012","tbl0010","CLOSED","1","","IATR190001253","","","","","IAT0907190851","NHO2018000007"),
("IATT190001295","","2","120000","0","12000","0","132000","135000","09/07/2019","16:01","2019-07-09","16:40:10","ISU000012","tbl0015","CLOSED","1","","IATR190001254","","","","","IAT0907190851","NHO2018000007"),
("IATT190001296","","3","138000","0","13800","0","151800","175000","09/07/2019","17:21","2019-07-09","18:23:37","ISU000012","tbl0010","CLOSED","1","","IATR190001255","","","","","IAT0907190851","NHO2018000007"),
("IATT190001297","","2","94000","0","9400","0","103400","125500","09/07/2019","17:41","2019-07-09","18:33:29","ISU000012","tbl0012","CLOSED","1","","IATR190001256","","","","","IAT0907190851","NHO2018000007"),
("IATT190001298","","2","78000","0","7800","0","85800","85800","09/07/2019","19:07","2019-07-09","19:33:50","ISU000012","tbl0011","CLOSED","1","","IATR190001257","","","","","IAT0907190851","NHO2018000007"),
("IATT190001299","","2","119000","0","11900","0","130900","150000","09/07/2019","19:25","2019-07-09","20:00:36","ISU000012","tbl0010","CLOSED","1","","IATR190001258","","","","","IAT0907190851","NHO2018000007"),
("IATT190001300","","2","53000","0","5300","0","58300","100000","09/07/2019","19:37","2019-07-09","20:14:11","ISU000012","tbl0012","CLOSED","1","","IATR190001259","","","","","IAT0907190851","NHO2018000007"),
("IATT190001301","","2","76000","0","7600","0","83600","100000","09/07/2019","19:48","2019-07-09","20:31:43","ISU000012","tbl0011","CLOSED","1","","IATR190001260","","","","","IAT0907190851","NHO2018000007"),
("IATT190001302","","1","53000","0","5300","0","58300","60000","09/07/2019","21:21","2019-07-09","21:46:17","ISU000012","tbl0015","CLOSED","1","","IATR190001261","","","","","IAT0907190851","NHO2018000007");












INSERT INTO pos_paymenttemp VALUES("IATT190001292","VOUCHER","ISOIDE VOUCHER 25K","25000","25000","ISU000012","2019-07-09","","1","","CLOSED","IAT0907190851","NHO2018000007"),
("IATT190001292","CASH","CASH","92700","100000","ISU000012","2019-07-09","","1","","CLOSED","IAT0907190851","NHO2018000007"),
("IATT190001291","VOUCHER","ISOIDE VOUCHER 25K","25000","25000","ISU000012","2019-07-09","","1","","CLOSED","IAT0907190851","NHO2018000007"),
("IATT190001291","CASH","CASH","109200","150200","ISU000012","2019-07-09","","1","","CLOSED","IAT0907190851","NHO2018000007"),
("IATT190001293","VOUCHER","ISOIDE VOUCHER 25K","25000","25000","ISU000012","2019-07-09","","1","","CLOSED","IAT0907190851","NHO2018000007"),
("IATT190001293","CARD","MASTER","102600","102600","ISU000012","2019-07-09","","1","","CLOSED","IAT0907190851","NHO2018000007"),
("IATT190001294","VOUCHER","ISOIDE VOUCHER 25K","25000","25000","ISU000012","2019-07-09","","1","","CLOSED","IAT0907190851","NHO2018000007"),
("IATT190001294","CASH","CASH","119100","120000","ISU000012","2019-07-09","","1","","CLOSED","IAT0907190851","NHO2018000007"),
("IATT190001295","VOUCHER","ISOIDE VOUCHER 25K","25000","25000","ISU000012","2019-07-09","","1","","CLOSED","IAT0907190851","NHO2018000007"),
("IATT190001295","CASH","CASH","107000","110000","ISU000012","2019-07-09","","1","","CLOSED","IAT0907190851","NHO2018000007"),
("IATT190001296","VOUCHER","ISOIDE VOUCHER 25K","25000","25000","ISU000012","2019-07-09","","1","","CLOSED","IAT0907190851","NHO2018000007"),
("IATT190001296","CASH","CASH","126800","150000","ISU000012","2019-07-09","","1","","CLOSED","IAT0907190851","NHO2018000007"),
("IATT190001297","VOUCHER","ISOIDE VOUCHER 25K","25000","25000","ISU000012","2019-07-09","","1","","CLOSED","IAT0907190851","NHO2018000007"),
("IATT190001297","CASH","CASH","78400","100500","ISU000012","2019-07-09","","1","","CLOSED","IAT0907190851","NHO2018000007"),
("IATT190001298","CARD","DEBIT BCA","85800","85800","ISU000012","2019-07-09","","1","","CLOSED","IAT0907190851","NHO2018000007"),
("IATT190001299","CASH","CASH","130900","150000","ISU000012","2019-07-09","","1","","CLOSED","IAT0907190851","NHO2018000007"),
("IATT190001300","CASH","CASH","58300","100000","ISU000012","2019-07-09","","1","","CLOSED","IAT0907190851","NHO2018000007"),
("IATT190001301","CASH","CASH","83600","100000","ISU000012","2019-07-09","","1","","CLOSED","IAT0907190851","NHO2018000007"),
("IATT190001302","CASH","CASH","58300","60000","ISU000012","2019-07-09","","1","","CLOSED","IAT0907190851","NHO2018000007");



