INSERT INTO pos_itemtemp VALUES("IATT190001855","193084","191001","192001","30000","1","30000","0","30000","1","1","1","IAT0908190857","NHO2018000007","PAID","lvl 1","PEDAS"),
("IATT190001855","193046","191002","192010","10000","1","10000","0","10000","1","1","1","IAT0908190857","NHO2018000007","PAID","","193046"),
("IATT190001856","193085","191001","192001","30000","1","30000","7500","22500","1","1","1","IAT0908190857","NHO2018000007","PAID","level 1","193085"),
("IATT190001856","193078","191001","192001","30000","1","30000","7500","22500","1","1","1","IAT0908190857","NHO2018000007","PAID","level 2,No paprika","PEDAS"),
("IATT190001857","193025","191001","192003","30000","1","30000","0","30000","1","1","1","IAT0908190857","NHO2018000007","PAID","","193025"),
("IATT190001857","193052","191002","192010","20000","1","20000","0","20000","1","1","1","IAT0908190857","NHO2018000007","PAID","","193052"),
("IATT190001857","193056","191002","192010","17000","1","17000","0","17000","1","1","1","IAT0908190857","NHO2018000007","PAID","","193056"),
("IATT190001858","193005","191001","192001","37000","1","37000","0","37000","1","1","1","IAT0908190857","NHO2018000007","PAID","","193005"),
("IATT190001858","193086","191001","192002","33000","1","33000","0","33000","1","1","1","IAT0908190857","NHO2018000007","PAID","","PEDAS"),
("IATT190001858","193028","191001","192003","43000","1","43000","0","43000","1","1","1","IAT0908190857","NHO2018000007","PAID","","193028"),
("IATT190001858","193055","191002","192010","17000","1","17000","0","17000","1","1","1","IAT0908190857","NHO2018000007","PAID","","193055"),
("IATT190001858","193056","191002","192010","17000","1","17000","0","17000","1","1","1","IAT0908190857","NHO2018000007","PAID","","193056"),
("IATT190001858","193051","191002","192010","20000","1","20000","0","20000","1","1","1","IAT0908190857","NHO2018000007","PAID","","193051"),
("IATT190001859","193030","191001","192004","27000","1","27000","6750","20250","1","1","1","IAT0908190857","NHO2018000007","PAID","","193030"),
("IATT190001859","193033","191001","192005","42000","1","42000","10500","31500","1","1","1","IAT0908190857","NHO2018000007","PAID","","193033"),
("IATT190001859","193046","191002","192010","10000","1","10000","0","10000","1","1","1","IAT0908190857","NHO2018000007","PAID","","193046"),
("IATT190001859","193055","191002","192010","17000","1","17000","0","17000","1","1","1","IAT0908190857","NHO2018000007","PAID","","193055"),
("IATT190001859","193048","191002","192010","8000","1","8000","0","8000","1","1","1","IAT0908190857","NHO2018000007","PAID","","193048"),
("IATT190001860","193028","191001","192003","43000","1","43000","0","43000","1","1","1","IAT0908190857","NHO2018000007","PAID","","193028"),
("IATT190001860","193028","191001","192003","43000","1","43000","0","43000","2","1","1","IAT0908190857","NHO2018000007","PAID","","193028"),
("IATT190001860","193028","191001","192003","43000","1","43000","0","43000","3","1","1","IAT0908190857","NHO2018000007","PAID","","193028"),
("IATT190001860","193052","191002","192010","20000","1","20000","0","20000","1","1","1","IAT0908190857","NHO2018000007","PAID","","193052"),
("IATT190001860","193052","191002","192010","20000","1","20000","0","20000","2","1","1","IAT0908190857","NHO2018000007","PAID","","193052"),
("IATT190001860","193048","191002","192010","8000","1","8000","0","8000","1","1","1","IAT0908190857","NHO2018000007","PAID","","193048"),
("IATT190001861","193035","191001","192006","32000","1","32000","8000","24000","1","1","1","IAT0908190857","NHO2018000007","PAID","","ORIGINAL"),
("IATT190001861","193054","191002","192010","20000","1","20000","0","20000","1","1","1","IAT0908190857","NHO2018000007","PAID","","193054"),
("IATT190001862","193008","191001","192001","37000","1","37000","9250","27750","1","1","1","IAT0908190857","NHO2018000007","PAID","","193008"),
("IATT190001862","193009","191001","192001","40000","1","40000","10000","30000","1","1","1","IAT0908190857","NHO2018000007","PAID","","193009"),
("IATT190001862","193030","191001","192004","27000","1","27000","6750","20250","1","1","1","IAT0908190857","NHO2018000007","PAID","","193030"),
("IATT190001862","193071","191001","192012","18000","1","18000","0","18000","1","1","1","IAT0908190857","NHO2018000007","PAID","","193071"),
("IATT190001862","193055","191002","192010","17000","1","17000","0","17000","1","1","1","IAT0908190857","NHO2018000007","PAID","","193055"),
("IATT190001862","193055","191002","192010","17000","1","17000","0","17000","2","1","1","IAT0908190857","NHO2018000007","PAID","","193055"),
("IATT190001862","193054","191002","192010","20000","1","20000","0","20000","1","1","1","IAT0908190857","NHO2018000007","PAID","","193054"),
("IATT190001858","193055","191002","192010","17000","1","17000","0","17000","2","1","2","IAT0908190857","NHO2018000007","PAID","","193055"),
("IATT190001863","193084","191001","192001","30000","1","30000","7500","22500","1","1","1","IAT0908190857","NHO2018000007","PAID","lv 1","PEDAS"),
("IATT190001863","193010","191001","192001","40000","1","40000","10000","30000","1","1","1","IAT0908190857","NHO2018000007","PAID","original","193010"),
("IATT190001863","193051","191002","192010","20000","1","20000","0","20000","1","1","1","IAT0908190857","NHO2018000007","PAID","less ice","193051"),
("IATT190001864","193082","191001","192001","30000","1","30000","0","30000","1","1","1","IAT0908190857","NHO2018000007","PAID","","193082"),
("IATT190001864","193046","191002","192010","10000","1","10000","0","10000","1","1","1","IAT0908190857","NHO2018000007","PAID","","193046"),
("IATT190001864","193072","191001","192012","25000","1","25000","0","25000","1","1","1","IAT0908190857","NHO2018000007","PAID","","193072"),
("IATT190001865","193052","191002","192010","20000","1","20000","0","20000","1","1","1","IAT0908190857","NHO2018000007","PAID","","193052"),
("IATT190001865","193035","191001","192006","32000","1","32000","0","32000","1","1","1","IAT0908190857","NHO2018000007","PAID","","PEDAS"),
("IATT190001865","193048","191002","192010","8000","1","8000","0","8000","1","1","2","IAT0908190857","NHO2018000007","PAID","","193048"),
("IATT190001866","193011","191001","192001","40000","1","40000","0","40000","1","1","1","IAT0908190857","NHO2018000007","PAID","lv 2","PEDAS"),
("IATT190001866","193056","191002","192010","17000","1","17000","0","17000","1","1","1","IAT0908190857","NHO2018000007","PAID","","193056"),
("IATT190001867","193083","191001","192001","30000","1","30000","7500","22500","1","1","1","IAT0908190857","NHO2018000007","PAID","no daun bawang yaaaaaaa\nlevel 1 ,oke","193083"),
("IATT190001867","193035","191001","192006","32000","1","32000","8000","24000","1","1","1","IAT0908190857","NHO2018000007","PAID","","PEDAS"),
("IATT190001867","193035","191001","192006","32000","1","32000","8000","24000","2","1","1","IAT0908190857","NHO2018000007","PAID","","PEDAS"),
("IATT190001867","193055","191002","192010","17000","1","17000","0","17000","1","1","1","IAT0908190857","NHO2018000007","PAID","","193055"),
("IATT190001867","193047","191002","192010","10000","1","10000","0","10000","1","1","1","IAT0908190857","NHO2018000007","PAID","","193047"),
("IATT190001867","193048","191002","192010","8000","1","8000","0","8000","1","1","2","IAT0908190857","NHO2018000007","PAID","","193048"),
("IATT190001868","193011","191001","192001","40000","1","40000","10000","30000","1","1","1","IAT0908190857","NHO2018000007","PAID","level 1","PEDAS"),
("IATT190001869","193025","191001","192003","30000","1","30000","7500","22500","1","1","1","IAT0908190857","NHO2018000007","PAID","","193025"),
("IATT190001869","193030","191001","192004","27000","1","27000","6750","20250","1","1","1","IAT0908190857","NHO2018000007","PAID","","193030"),
("IATT190001869","193029","191001","192004","27000","1","27000","6750","20250","1","1","1","IAT0908190857","NHO2018000007","PAID","","193029"),
("IATT190001869","193055","191002","192010","17000","1","17000","0","17000","1","1","1","IAT0908190857","NHO2018000007","PAID","","193055"),
("IATT190001870","193009","191001","192001","40000","1","40000","10000","30000","1","1","1","IAT0908190857","NHO2018000007","PAID","","193009"),
("IATT190001870","193033","191001","192005","42000","1","42000","10500","31500","1","1","1","IAT0908190857","NHO2018000007","PAID","","193033"),
("IATT190001870","193047","191002","192010","10000","1","10000","0","10000","1","1","1","IAT0908190857","NHO2018000007","PAID","","193047"),
("IATT190001870","193047","191002","192010","10000","1","10000","0","10000","2","1","1","IAT0908190857","NHO2018000007","PAID","","193047"),
("IATT190001871","193084","191001","192001","30000","1","30000","7500","22500","1","1","1","IAT0908190857","NHO2018000007","PAID","","PEDAS"),
("IATT190001871","193069","191001","192012","13000","1","13000","0","13000","1","1","1","IAT0908190857","NHO2018000007","PAID","","193069"),
("IATT190001871","193048","191002","192010","8000","1","8000","0","8000","1","1","1","IAT0908190857","NHO2018000007","PAID","","193048"),
("IATT190001872","193084","191001","192001","30000","1","30000","7500","22500","1","1","1","IAT0908190857","NHO2018000007","PAID","","PEDAS"),
("IATT190001872","193046","191002","192010","10000","1","10000","0","10000","1","1","1","IAT0908190857","NHO2018000007","PAID","","193046"),
("IATT190001873","193084","191001","192001","30000","1","30000","7500","22500","1","1","1","IAT0908190857","NHO2018000007","PAID","","PEDAS"),
("IATT190001873","193025","191001","192003","30000","1","30000","7500","22500","1","1","1","IAT0908190857","NHO2018000007","PAID","","193025"),
("IATT190001873","193047","191002","192010","10000","1","10000","0","10000","1","1","1","IAT0908190857","NHO2018000007","PAID","","193047"),
("IATT190001873","193047","191002","192010","10000","1","10000","0","10000","2","1","1","IAT0908190857","NHO2018000007","PAID","","193047"),
("IATT190001874","193015","191001","192002","33000","1","33000","8250","24750","1","1","1","IAT0908190857","NHO2018000007","PAID","","ORIGINAL"),
("IATT190001874","193084","191001","192001","30000","1","30000","7500","22500","1","1","1","IAT0908190857","NHO2018000007","PAID","","PEDAS"),
("IATT190001875","193084","191001","192001","30000","1","30000","7500","22500","1","1","1","IAT0908190857","NHO2018000007","PAID","","PEDAS"),
("IATT190001875","193036","191001","192006","36000","1","36000","9000","27000","1","1","1","IAT0908190857","NHO2018000007","PAID","","PEDAS"),
("IATT190001875","193048","191002","192010","8000","1","8000","0","8000","1","1","1","IAT0908190857","NHO2018000007","PAID","","193048"),
("IATT190001875","193049","191002","192010","10000","1","10000","0","10000","1","1","1","IAT0908190857","NHO2018000007","PAID","","193049"),
("IATT190001876","193037","191001","192006","36000","1","36000","9000","27000","1","1","1","IAT0908190857","NHO2018000007","PAID","take away ya bang..\nbikinnya tar ajha..\nsusi\nthanks","PEDAS"),
("IATT190001877","193082","191001","192001","30000","1","30000","7500","22500","1","1","1","IAT0908190857","NHO2018000007","PAID","no negi\nsambel pisah","193082"),
("IATT190001877","193009","191001","192001","40000","1","40000","10000","30000","1","1","1","IAT0908190857","NHO2018000007","PAID","no negi\nsambel pisah","193009"),
("IATT190001877","193055","191002","192010","17000","1","17000","0","17000","1","1","1","IAT0908190857","NHO2018000007","PAID","","193055"),
("IATT190001877","193055","191002","192010","17000","1","17000","0","17000","2","1","1","IAT0908190857","NHO2018000007","PAID","","193055"),
("IATT190001877","193069","191001","192012","13000","1","13000","0","13000","1","1","1","IAT0908190857","NHO2018000007","PAID","","193069"),
("IATT190001877","193048","191002","192010","8000","1","8000","0","8000","1","1","1","IAT0908190857","NHO2018000007","PAID","","193048");



INSERT INTO pos_salestemp VALUES("IATT190001855","","1","40000","0","4000","0","44000","44000","09/08/2019","11:37","2019-08-09","11:58:41","ISU000012","tbl0004","CLOSED","1","","IATR190001804","","","","","IAT0908190857","NHO2018000007"),
("IATT190001856","","2","60000","15000","4500","0","49500","50000","09/08/2019","11:53","2019-08-09","12:31:39","ISU000012","tbl0012","CLOSED","1","","IATR190001805","","","","","IAT0908190857","NHO2018000007"),
("IATT190001857","","1","67000","0","6700","0","73700","75700","09/08/2019","12:04","2019-08-09","13:10:14","ISU000012","tbl0010","CLOSED","1","","IATR190001809","","","","","IAT0908190857","NHO2018000007"),
("IATT190001858","","3","184000","0","18400","0","202400","205000","09/08/2019","12:22","2019-08-09","12:57:05","ISU000012","tbl0013","CLOSED","1","","IATR190001806","","","","","IAT0908190857","NHO2018000007"),
("IATT190001859","","2","104000","17250","8675","0","95425","95425","09/08/2019","12:27","2019-08-09","14:35:48","ISU000012","tbl0011","CLOSED","1","","IATR190001813","","","","","IAT0908190857","NHO2018000007"),
("IATT190001860","","3","177000","0","17700","0","194700","200000","09/08/2019","12:33","2019-08-09","13:06:10","ISU000012","tbl0015","CLOSED","1","","IATR190001807","","","","","IAT0908190857","NHO2018000007"),
("IATT190001861","","1","52000","8000","4400","0","48400","50000","09/08/2019","12:37","2019-08-09","13:08:39","ISU000012","tbl0007","CLOSED","1","","IATR190001808","","","","","IAT0908190857","NHO2018000007"),
("IATT190001862","","3","176000","26000","15000","0","165000","165000","09/08/2019","12:53","2019-08-09","13:22:31","ISU000012","tbl0012","CLOSED","1","","IATR190001810","","","","","IAT0908190857","NHO2018000007"),
("IATT190001863","","2","90000","17500","7250","0","79750","100000","09/08/2019","13:11","2019-08-09","13:40:35","ISU000012","tbl0024","CLOSED","1","","IATR190001811","","","","","IAT0908190857","NHO2018000007"),
("IATT190001864","","1","65000","0","6500","0","71500","71500","09/08/2019","13:52","2019-08-09","14:07:46","ISU000012","tbl0012","CLOSED","1","","IATR190001812","","","","","IAT0908190857","NHO2018000007"),
("IATT190001865","","1","60000","0","6000","0","66000","100000","09/08/2019","16:15","2019-08-09","16:53:16","ISU000012","tbl0012","CLOSED","1","","IATR190001814","","","","","IAT0908190857","NHO2018000007"),
("IATT190001866","","1","57000","0","5700","0","62700","100000","09/08/2019","16:35","2019-08-09","17:01:30","ISU000012","tbl0004","CLOSED","1","","IATR190001815","","","","","IAT0908190857","NHO2018000007"),
("IATT190001867","","3","129000","23500","10550","0","116050","150000","09/08/2019","17:16","2019-08-09","17:57:09","ISU000012","tbl0012","CLOSED","1","","IATR190001816","","","","","IAT0908190857","NHO2018000007"),
("IATT190001868","","1","40000","10000","3000","0","33000","50000","09/08/2019","17:21","2019-08-09","18:03:54","ISU000012","tbl0010","CLOSED","1","","IATR190001817","","","","","IAT0908190857","NHO2018000007"),
("IATT190001869","","3","101000","21000","8000","0","88000","100000","09/08/2019","18:43","2019-08-09","19:44:15","ISU000012","tbl0010","CLOSED","1","","IATR190001819","","","","","IAT0908190857","NHO2018000007"),
("IATT190001870","","2","102000","20500","8150","0","89650","89650","09/08/2019","18:57","2019-08-09","19:40:13","ISU000012","tbl0012","CLOSED","1","","IATR190001818","","","","","IAT0908190857","NHO2018000007"),
("IATT190001871","","1","51000","7500","4350","0","47850","50000","09/08/2019","19:47","2019-08-09","20:25:18","ISU000012","tbl0013","CLOSED","1","","IATR190001822","","","","","IAT0908190857","NHO2018000007"),
("IATT190001872","","2","40000","7500","3250","0","35750","37000","09/08/2019","19:48","2019-08-09","20:12:12","ISU000012","tbl0012","CLOSED","1","","IATR190001820","","","","","IAT0908190857","NHO2018000007"),
("IATT190001873","","2","80000","15000","6500","0","71500","100000","09/08/2019","19:49","2019-08-09","21:44:40","ISU000012","tbl0011","CLOSED","1","","IATR190001826","","","","","IAT0908190857","NHO2018000007"),
("IATT190001874","","2","63000","15750","4725","0","51975","52000","09/08/2019","20:01","2019-08-09","20:54:00","ISU000012","tbl0010","CLOSED","1","","IATR190001823","","","","","IAT0908190857","NHO2018000007"),
("IATT190001875","","2","84000","16500","6750","0","74250","100000","09/08/2019","20:02","2019-08-09","21:01:12","ISU000012","tbl0015","CLOSED","1","","IATR190001824","","","","","IAT0908190857","NHO2018000007"),
("IATT190001876","","1","36000","9000","2700","0","29700","30000","09/08/2019","20:17","2019-08-09","20:20:08","ISU000012","tbl0040","CLOSED","1","","IATR190001821","","","","","IAT0908190857","NHO2018000007"),
("IATT190001877","","2","125000","17500","10750","0","118250","120000","09/08/2019","20:30","2019-08-09","21:09:12","ISU000012","tbl0012","CLOSED","1","","IATR190001825","","","","","IAT0908190857","NHO2018000007");






INSERT INTO pos_promotion_h VALUES("IATT190001856","NPRM18000015","DISC ITEM","1","15000","Diskon 25% Agustus","IAT0908190857","PAID","NHO2018000007"),
("IATT190001861","NPRM18000015","DISC ITEM","1","8000","Diskon 25% Agustus","IAT0908190857","PAID","NHO2018000007"),
("IATT190001862","NPRM18000015","DISC ITEM","1","26000","Diskon 25% Agustus","IAT0908190857","PAID","NHO2018000007"),
("IATT190001863","NPRM18000015","DISC ITEM","1","17500","Diskon 25% Agustus","IAT0908190857","PAID","NHO2018000007"),
("IATT190001859","NPRM18000015","DISC ITEM","1","17250","Diskon 25% Agustus","IAT0908190857","PAID","NHO2018000007"),
("IATT190001867","NPRM18000015","DISC ITEM","1","23500","Diskon 25% Agustus","IAT0908190857","PAID","NHO2018000007"),
("IATT190001868","NPRM18000015","DISC ITEM","1","10000","Diskon 25% Agustus","IAT0908190857","PAID","NHO2018000007"),
("IATT190001870","NPRM18000015","DISC ITEM","1","20500","Diskon 25% Agustus","IAT0908190857","PAID","NHO2018000007"),
("IATT190001869","NPRM18000015","DISC ITEM","1","21000","Diskon 25% Agustus","IAT0908190857","PAID","NHO2018000007"),
("IATT190001872","NPRM18000015","DISC ITEM","1","7500","Diskon 25% Agustus","IAT0908190857","PAID","NHO2018000007"),
("IATT190001876","NPRM18000015","DISC ITEM","1","9000","Diskon 25% Agustus","IAT0908190857","PAID","NHO2018000007"),
("IATT190001871","NPRM18000015","DISC ITEM","1","7500","Diskon 25% Agustus","IAT0908190857","PAID","NHO2018000007"),
("IATT190001875","NPRM18000015","DISC ITEM","1","16500","Diskon 25% Agustus","IAT0908190857","PAID","NHO2018000007"),
("IATT190001874","NPRM18000015","DISC ITEM","1","15750","Diskon 25% Agustus","IAT0908190857","PAID","NHO2018000007"),
("IATT190001877","NPRM18000015","DISC ITEM","1","17500","Diskon 25% Agustus","IAT0908190857","PAID","NHO2018000007"),
("IATT190001873","NPRM18000015","DISC ITEM","1","15000","Diskon 25% Agustus","IAT0908190857","PAID","NHO2018000007");



INSERT INTO pos_promotion_d VALUES("IATT190001856","NPRM18000015","DISC ITEM","1","1","193085","1","7500","IAT0908190857","PAID","NHO2018000007"),
("IATT190001856","NPRM18000015","DISC ITEM","1","1","193078","1","7500","IAT0908190857","PAID","NHO2018000007"),
("IATT190001861","NPRM18000015","DISC ITEM","1","1","193035","1","8000","IAT0908190857","PAID","NHO2018000007"),
("IATT190001862","NPRM18000015","DISC ITEM","1","1","193008","1","9250","IAT0908190857","PAID","NHO2018000007"),
("IATT190001862","NPRM18000015","DISC ITEM","1","1","193009","1","10000","IAT0908190857","PAID","NHO2018000007"),
("IATT190001862","NPRM18000015","DISC ITEM","1","1","193030","1","6750","IAT0908190857","PAID","NHO2018000007"),
("IATT190001863","NPRM18000015","DISC ITEM","1","1","193084","1","7500","IAT0908190857","PAID","NHO2018000007"),
("IATT190001863","NPRM18000015","DISC ITEM","1","1","193010","1","10000","IAT0908190857","PAID","NHO2018000007"),
("IATT190001859","NPRM18000015","DISC ITEM","1","1","193030","1","6750","IAT0908190857","PAID","NHO2018000007"),
("IATT190001859","NPRM18000015","DISC ITEM","1","1","193033","1","10500","IAT0908190857","PAID","NHO2018000007"),
("IATT190001867","NPRM18000015","DISC ITEM","1","1","193083","1","7500","IAT0908190857","PAID","NHO2018000007"),
("IATT190001867","NPRM18000015","DISC ITEM","1","1","193035","1","8000","IAT0908190857","PAID","NHO2018000007"),
("IATT190001867","NPRM18000015","DISC ITEM","1","1","193035","2","8000","IAT0908190857","PAID","NHO2018000007"),
("IATT190001868","NPRM18000015","DISC ITEM","1","1","193011","1","10000","IAT0908190857","PAID","NHO2018000007"),
("IATT190001870","NPRM18000015","DISC ITEM","1","1","193009","1","10000","IAT0908190857","PAID","NHO2018000007"),
("IATT190001870","NPRM18000015","DISC ITEM","1","1","193033","1","10500","IAT0908190857","PAID","NHO2018000007"),
("IATT190001869","NPRM18000015","DISC ITEM","1","1","193025","1","7500","IAT0908190857","PAID","NHO2018000007"),
("IATT190001869","NPRM18000015","DISC ITEM","1","1","193030","1","6750","IAT0908190857","PAID","NHO2018000007"),
("IATT190001869","NPRM18000015","DISC ITEM","1","1","193029","1","6750","IAT0908190857","PAID","NHO2018000007"),
("IATT190001872","NPRM18000015","DISC ITEM","1","1","193084","1","7500","IAT0908190857","PAID","NHO2018000007"),
("IATT190001876","NPRM18000015","DISC ITEM","1","1","193037","1","9000","IAT0908190857","PAID","NHO2018000007"),
("IATT190001871","NPRM18000015","DISC ITEM","1","1","193084","1","7500","IAT0908190857","PAID","NHO2018000007"),
("IATT190001875","NPRM18000015","DISC ITEM","1","1","193084","1","7500","IAT0908190857","PAID","NHO2018000007"),
("IATT190001875","NPRM18000015","DISC ITEM","1","1","193036","1","9000","IAT0908190857","PAID","NHO2018000007"),
("IATT190001874","NPRM18000015","DISC ITEM","1","1","193015","1","8250","IAT0908190857","PAID","NHO2018000007"),
("IATT190001874","NPRM18000015","DISC ITEM","1","1","193084","1","7500","IAT0908190857","PAID","NHO2018000007"),
("IATT190001877","NPRM18000015","DISC ITEM","1","1","193082","1","7500","IAT0908190857","PAID","NHO2018000007"),
("IATT190001877","NPRM18000015","DISC ITEM","1","1","193009","1","10000","IAT0908190857","PAID","NHO2018000007"),
("IATT190001873","NPRM18000015","DISC ITEM","1","1","193084","1","7500","IAT0908190857","PAID","NHO2018000007"),
("IATT190001873","NPRM18000015","DISC ITEM","1","1","193025","1","7500","IAT0908190857","PAID","NHO2018000007");



INSERT INTO pos_paymenttemp VALUES("IATT190001855","CASH","OVO","44000","44000","ISU000012","2019-08-09","","1","","CLOSED","IAT0908190857","NHO2018000007"),
("IATT190001856","CASH","CASH","49500","50000","ISU000012","2019-08-09","","1","","CLOSED","IAT0908190857","NHO2018000007"),
("IATT190001858","VOUCHER","TRAVELOKA EATS 100K","100000","100000","ISU000012","2019-08-09","","1","","CLOSED","IAT0908190857","NHO2018000007"),
("IATT190001858","VOUCHER","TRAVELOKA EATS 100K","100000","100000","ISU000012","2019-08-09","","1","","CLOSED","IAT0908190857","NHO2018000007"),
("IATT190001858","CASH","CASH","2400","5000","ISU000012","2019-08-09","","1","","CLOSED","IAT0908190857","NHO2018000007"),
("IATT190001860","CASH","CASH","194700","200000","ISU000012","2019-08-09","","1","","CLOSED","IAT0908190857","NHO2018000007"),
("IATT190001861","CASH","CASH","48400","50000","ISU000012","2019-08-09","","1","","CLOSED","IAT0908190857","NHO2018000007"),
("IATT190001857","CASH","CASH","73700","75700","ISU000012","2019-08-09","","1","","CLOSED","IAT0908190857","NHO2018000007"),
("IATT190001862","CARD","DEBIT BCA","165000","165000","ISU000012","2019-08-09","","1","","CLOSED","IAT0908190857","NHO2018000007"),
("IATT190001863","CASH","CASH","79750","100000","ISU000012","2019-08-09","","1","","CLOSED","IAT0908190857","NHO2018000007"),
("IATT190001864","CARD","MASTER","71500","71500","ISU000012","2019-08-09","","1","","CLOSED","IAT0908190857","NHO2018000007"),
("IATT190001859","CARD","VISA","95425","95425","ISU000012","2019-08-09","","1","","CLOSED","IAT0908190857","NHO2018000007"),
("IATT190001865","CASH","CASH","66000","100000","ISU000012","2019-08-09","","1","","CLOSED","IAT0908190857","NHO2018000007"),
("IATT190001866","CASH","CASH","62700","100000","ISU000012","2019-08-09","","1","","CLOSED","IAT0908190857","NHO2018000007"),
("IATT190001867","CASH","CASH","116050","150000","ISU000012","2019-08-09","","1","","CLOSED","IAT0908190857","NHO2018000007"),
("IATT190001868","CASH","CASH","33000","50000","ISU000012","2019-08-09","","1","","CLOSED","IAT0908190857","NHO2018000007"),
("IATT190001870","CARD","MASTER","89650","89650","ISU000012","2019-08-09","","1","","CLOSED","IAT0908190857","NHO2018000007"),
("IATT190001869","CASH","CASH","88000","100000","ISU000012","2019-08-09","","1","","CLOSED","IAT0908190857","NHO2018000007"),
("IATT190001872","CASH","CASH","35750","37000","ISU000012","2019-08-09","","1","","CLOSED","IAT0908190857","NHO2018000007"),
("IATT190001876","CASH","CASH","29700","30000","ISU000012","2019-08-09","","1","","CLOSED","IAT0908190857","NHO2018000007"),
("IATT190001871","CASH","CASH","47850","50000","ISU000012","2019-08-09","","1","","CLOSED","IAT0908190857","NHO2018000007"),
("IATT190001874","CASH","CASH","51975","52000","ISU000012","2019-08-09","","1","","CLOSED","IAT0908190857","NHO2018000007"),
("IATT190001875","CASH","CASH","74250","100000","ISU000012","2019-08-09","","1","","CLOSED","IAT0908190857","NHO2018000007"),
("IATT190001877","CASH","CASH","118250","120000","ISU000012","2019-08-09","","1","","CLOSED","IAT0908190857","NHO2018000007"),
("IATT190001873","CASH","CASH","71500","100000","ISU000012","2019-08-09","","1","","CLOSED","IAT0908190857","NHO2018000007");



