INSERT INTO pos_itemtemp VALUES("IATT200005659","193005","191001","192001","37000","1","37000","0","37000","1","1","1","IAT0403200828","NHO2018000007","PAID","","193005"),
("IATT200005659","193083","191001","192001","30000","1","30000","0","30000","1","1","1","IAT0403200828","NHO2018000007","PAID","","193083"),
("IATT200005660","193079","191001","192001","30000","1","30000","0","30000","1","1","1","IAT0403200828","NHO2018000007","PAID","","193079"),
("IATT200005661","193084","191001","192001","30000","1","30000","0","30000","1","1","1","IAT0403200828","NHO2018000007","PAID","","PEDAS"),
("IATT200005661","193086","191001","192002","33000","1","33000","0","33000","1","1","1","IAT0403200828","NHO2018000007","PAID","","PEDAS"),
("IATT200005661","193028","191001","192003","43000","1","43000","0","43000","1","1","1","IAT0403200828","NHO2018000007","PAID","","193028"),
("IATT200005661","193046","191002","192010","10000","1","10000","0","10000","1","1","1","IAT0403200828","NHO2018000007","PAID","","193046"),
("IATT200005661","193046","191002","192010","10000","1","10000","0","10000","2","1","1","IAT0403200828","NHO2018000007","PAID","","193046"),
("IATT200005661","193047","191002","192010","10000","1","10000","0","10000","1","1","1","IAT0403200828","NHO2018000007","PAID","","193047"),
("IATT200005662","193086","191001","192002","33000","1","33000","0","33000","1","1","1","IAT0403200828","NHO2018000007","PAID","","PEDAS"),
("IATT200005662","193019","191001","192002","40000","1","40000","0","40000","1","1","1","IAT0403200828","NHO2018000007","PAID","","PEDAS"),
("IATT200005662","193046","191002","192010","10000","1","10000","0","10000","1","1","1","IAT0403200828","NHO2018000007","PAID","","193046"),
("IATT200005662","193046","191002","192010","10000","1","10000","0","10000","2","1","1","IAT0403200828","NHO2018000007","PAID","","193046"),
("IATT200005662","193082","191001","192001","30000","1","30000","0","30000","1","1","2","IAT0403200828","NHO2018000007","PAID","","193082"),
("IATT200005663","193083","191001","192001","30000","1","30000","0","30000","1","1","1","IAT0403200828","NHO2018000007","PAID","","193083"),
("IATT200005663","193052","191002","192010","20000","1","20000","0","20000","1","1","1","IAT0403200828","NHO2018000007","PAID","","193052"),
("IATT200005664","193084","191001","192001","30000","1","30000","0","30000","1","1","1","IAT0403200828","NHO2018000007","PAID","","PEDAS"),
("IATT200005664","193084","191001","192001","30000","1","30000","0","30000","2","1","1","IAT0403200828","NHO2018000007","PAID","","PEDAS"),
("IATT200005664","193056","191002","192010","17000","1","17000","0","17000","1","1","1","IAT0403200828","NHO2018000007","PAID","","193056"),
("IATT200005664","193056","191002","192010","17000","1","17000","0","17000","2","1","1","IAT0403200828","NHO2018000007","PAID","","193056"),
("IATT200005665","193011","191001","192001","40000","1","40000","0","40000","1","1","1","IAT0403200828","NHO2018000007","PAID","","PEDAS"),
("IATT200005665","193007","191001","192001","37000","1","37000","0","37000","1","1","1","IAT0403200828","NHO2018000007","PAID","","PEDAS"),
("IATT200005665","193055","191002","192010","17000","1","17000","0","17000","1","1","1","IAT0403200828","NHO2018000007","PAID","","193055"),
("IATT200005665","193055","191002","192010","17000","1","17000","0","17000","2","1","1","IAT0403200828","NHO2018000007","PAID","","193055"),
("IATT200005666","193096","191001","192008","50000","1","50000","0","50000","1","1","1","IAT0403200828","NHO2018000007","PAID","","193096"),
("IATT200005666","193035","191001","192006","32000","1","32000","0","32000","1","1","1","IAT0403200828","NHO2018000007","PAID","","ORIGINAL"),
("IATT200005666","193048","191002","192010","8000","1","8000","0","8000","1","1","1","IAT0403200828","NHO2018000007","PAID","","193048"),
("IATT200005666","193054","191002","192010","20000","1","20000","0","20000","1","1","1","IAT0403200828","NHO2018000007","PAID","","193054"),
("IATT200005667","193038","191001","192006","36000","1","36000","7200","28800","1","1","1","IAT0403200828","NHO2018000007","PAID","","PEDAS"),
("IATT200005667","193039","191001","192006","36000","1","36000","7200","28800","1","1","1","IAT0403200828","NHO2018000007","PAID","","PEDAS"),
("IATT200005666","193055","191002","192010","17000","1","17000","0","17000","1","1","2","IAT0403200828","NHO2018000007","PAID","","193055");



INSERT INTO pos_salestemp VALUES("IATT200005659","","2","67000","0","6700","0","73700","73700","04/03/2020","12:23","2020-03-04","12:57:48","ISU000015","tbl0011","CLOSED","1","","IATR200005509","","","","","IAT0403200828","NHO2018000007"),
("IATT200005660","","1","30000","0","3000","0","33000","33000","04/03/2020","12:28","2020-03-04","13:06:02","ISU000015","tbl0010","CLOSED","1","","IATR200005510","","","","","IAT0403200828","NHO2018000007"),
("IATT200005661","","3","136000","0","13600","0","149600","200000","04/03/2020","12:42","2020-03-04","13:32:33","ISU000015","tbl0012","CLOSED","1","","IATR200005511","","","","","IAT0403200828","NHO2018000007"),
("IATT200005662","","2","123000","0","12300","0","135300","135300","04/03/2020","14:09","2020-03-04","14:50:39","ISU000004","tbl0011","CLOSED","1","","IATR200005512","","","","","IAT0403200828","NHO2018000007"),
("IATT200005663","","1","50000","0","5000","0","55000","60000","04/03/2020","17:14","2020-03-04","17:57:37","ISU000004","tbl0010","CLOSED","1","","IATR200005513","","","","","IAT0403200828","NHO2018000007"),
("IATT200005664","","2","94000","0","9400","0","103400","110000","04/03/2020","17:40","2020-03-04","18:12:23","ISU000004","tbl0011","CLOSED","1","","IATR200005514","","","","","IAT0403200828","NHO2018000007"),
("IATT200005665","","2","111000","0","11100","0","122100","122100","04/03/2020","18:16","2020-03-04","20:23:37","ISU000004","tbl0010","CLOSED","1","2081","IATR200005515","","","","","IAT0403200828","NHO2018000007"),
("IATT200005666","","2","127000","0","12700","0","139700","139700","04/03/2020","19:14","2020-03-04","21:36:39","ISU000004","tbl0012","CLOSED","1","","IATR200005517","","","","","IAT0403200828","NHO2018000007"),
("IATT200005667","","2","72000","14400","5760","0","63360","64000","04/03/2020","20:29","2020-03-04","21:24:47","ISU000004","tbl0010","CLOSED","1","","IATR200005516","","","","","IAT0403200828","NHO2018000007");



INSERT INTO item_void VALUES("IATT200005667","IAT0403200828","NHO2018000007","193055","193055","1","17000","Before Send","Komplen Customer"),
("IATT200005667","IAT0403200828","NHO2018000007","193056","193056","1","17000","Before Send","Komplen Customer");



INSERT INTO pos_promotion_h VALUES("IATT200005667","NPRM18000029","DISC ITEM","1","14400","BANYAK MAKAN BANYAK UNTUNG 20%","IAT0403200828","PAID","NHO2018000007");



INSERT INTO pos_promotion_d VALUES("IATT200005667","NPRM18000029","DISC ITEM","1","1","193038","1","7200","IAT0403200828","PAID","NHO2018000007"),
("IATT200005667","NPRM18000029","DISC ITEM","1","1","193039","1","7200","IAT0403200828","PAID","NHO2018000007");



INSERT INTO pos_paymenttemp VALUES("IATT200005659","CARD","DEBIT BCA","73700","73700","ISU000015","2020-03-04","","1","","CLOSED","IAT0403200828","NHO2018000007"),
("IATT200005660","CASH","OVO","33000","33000","ISU000015","2020-03-04","","1","","CLOSED","IAT0403200828","NHO2018000007"),
("IATT200005661","CASH","CASH","149600","200000","ISU000015","2020-03-04","","1","","CLOSED","IAT0403200828","NHO2018000007"),
("IATT200005662","CASH","OVO","135300","135300","ISU000004","2020-03-04","","1","","CLOSED","IAT0403200828","NHO2018000007"),
("IATT200005663","CASH","CASH","55000","60000","ISU000004","2020-03-04","","1","","CLOSED","IAT0403200828","NHO2018000007"),
("IATT200005664","CASH","CASH","103400","110000","ISU000004","2020-03-04","","1","","CLOSED","IAT0403200828","NHO2018000007"),
("IATT200005665","CASH","SHOPPEEPAY","122100","122100","ISU000004","2020-03-04","","1","","CLOSED","IAT0403200828","NHO2018000007"),
("IATT200005667","CASH","CASH","63360","64000","ISU000004","2020-03-04","","1","","CLOSED","IAT0403200828","NHO2018000007"),
("IATT200005666","CARD","DEBIT BCA","139700","139700","ISU000004","2020-03-04","","1","","CLOSED","IAT0403200828","NHO2018000007");



