INSERT INTO pos_itemtemp VALUES("IATT190002394","193117","191001","192013","25000","1","25000","0","25000","1","1","1","IAT0209190934","NHO2018000007","PAID","","193117"),
("IATT190002395","193007","191001","192001","37000","1","37000","18500","18500","1","1","1","IAT0209190934","NHO2018000007","PAID","lvl 2\nlvl 3","PEDAS"),
("IATT190002395","193007","191001","192001","37000","1","37000","18500","18500","2","1","1","IAT0209190934","NHO2018000007","PAID","","PEDAS"),
("IATT190002395","193046","191002","192010","10000","1","10000","0","10000","1","1","1","IAT0209190934","NHO2018000007","PAID","","193046"),
("IATT190002395","193047","191002","192010","10000","1","10000","0","10000","1","1","1","IAT0209190934","NHO2018000007","PAID","","193047"),
("IATT190002396","193036","191001","192006","36000","1","36000","0","36000","1","1","1","IAT0209190934","NHO2018000007","REFUND","","PEDAS"),
("IATT190002396","193048","191002","192010","8000","1","8000","0","8000","1","1","1","IAT0209190934","NHO2018000007","REFUND","","193048"),
("IATT190002397","193033","191001","192005","42000","1","42000","21000","21000","1","1","1","IAT0209190934","NHO2018000007","PAID","BEFF CURRYNYA PISAH YA","193033"),
("IATT190002397","193084","191001","192001","30000","1","30000","15000","15000","1","1","1","IAT0209190934","NHO2018000007","PAID","LVL 1\nLVL 2","PEDAS"),
("IATT190002397","193084","191001","192001","30000","1","30000","15000","15000","2","1","1","IAT0209190934","NHO2018000007","PAID","","PEDAS"),
("IATT190002397","193049","191002","192010","10000","1","10000","0","10000","1","1","1","IAT0209190934","NHO2018000007","PAID","ES","193049"),
("IATT190002397","193049","191002","192010","10000","1","10000","0","10000","2","1","1","IAT0209190934","NHO2018000007","PAID","","193049"),
("IATT190002397","193049","191002","192010","10000","1","10000","0","10000","3","1","1","IAT0209190934","NHO2018000007","PAID","","193049"),
("IATT190002398","193115","191001","192013","25000","1","25000","0","25000","1","1","1","IAT0209190934","NHO2018000007","PAID","","193115"),
("IATT190002399","193007","191001","192001","37000","1","37000","18500","18500","1","1","1","IAT0209190934","NHO2018000007","PAID","YG 1 LVL 2\nYG 1 BIASA","PEDAS"),
("IATT190002399","193007","191001","192001","37000","1","37000","18500","18500","2","1","1","IAT0209190934","NHO2018000007","PAID","","PEDAS"),
("IATT190002399","193055","191002","192010","17000","1","17000","0","17000","1","1","1","IAT0209190934","NHO2018000007","PAID","","193055"),
("IATT190002399","193049","191002","192010","10000","1","10000","0","10000","1","1","1","IAT0209190934","NHO2018000007","PAID","","193049"),
("IATT190002399","193071","191001","192012","18000","1","18000","9000","9000","1","1","2","IAT0209190934","NHO2018000007","PAID","","193071"),
("IATT190002400","193036","191001","192006","36000","1","36000","0","36000","1","1","1","IAT0209190934","NHO2018000007","PAID","JANGAN DIBUAT YA\nTADI PAYMENT PAKE OVO\nTAPI NGINPUTNYA CASH","PEDAS"),
("IATT190002400","193048","191002","192010","8000","1","8000","0","8000","1","1","1","IAT0209190934","NHO2018000007","PAID","","193048"),
("IATT190002401","193015","191001","192002","33000","1","33000","0","33000","1","1","1","IAT0209190934","NHO2018000007","PAID","","ORIGINAL"),
("IATT190002401","193082","191001","192001","30000","1","30000","0","30000","1","1","1","IAT0209190934","NHO2018000007","PAID","","193082"),
("IATT190002401","193082","191001","192001","30000","1","30000","0","30000","2","1","1","IAT0209190934","NHO2018000007","PAID","","193082"),
("IATT190002401","193048","191002","192010","8000","1","8000","0","8000","1","1","1","IAT0209190934","NHO2018000007","PAID","","193048"),
("IATT190002401","193048","191002","192010","8000","1","8000","0","8000","2","1","1","IAT0209190934","NHO2018000007","PAID","","193048"),
("IATT190002401","193048","191002","192010","8000","1","8000","0","8000","3","1","1","IAT0209190934","NHO2018000007","PAID","","193048"),
("IATT190002401","193048","191002","192010","8000","1","8000","0","8000","4","1","1","IAT0209190934","NHO2018000007","PAID","","193048"),
("IATT190002401","193046","191002","192010","10000","1","10000","0","10000","1","1","1","IAT0209190934","NHO2018000007","PAID","","193046"),
("IATT190002401","193047","191002","192010","10000","1","10000","0","10000","1","1","1","IAT0209190934","NHO2018000007","PAID","","193047"),
("IATT190002401","193047","191002","192010","10000","1","10000","0","10000","2","1","1","IAT0209190934","NHO2018000007","PAID","","193047"),
("IATT190002402","193082","191001","192001","30000","1","30000","15000","15000","1","1","1","IAT0209190934","NHO2018000007","PAID","LV 2","193082"),
("IATT190002402","193083","191001","192001","30000","1","30000","15000","15000","1","1","1","IAT0209190934","NHO2018000007","PAID","ORIGINAL","193083"),
("IATT190002402","193056","191002","192010","17000","1","17000","0","17000","1","1","1","IAT0209190934","NHO2018000007","PAID","","193056"),
("IATT190002402","193056","191002","192010","17000","1","17000","0","17000","2","1","1","IAT0209190934","NHO2018000007","PAID","","193056"),
("IATT190002403","193015","191001","192002","33000","1","33000","16500","16500","1","1","1","IAT0209190934","NHO2018000007","PAID","LV 2","PEDAS"),
("IATT190002403","193030","191001","192004","27000","1","27000","13500","13500","1","1","1","IAT0209190934","NHO2018000007","PAID","","193030"),
("IATT190002403","193047","191002","192010","10000","1","10000","0","10000","1","1","1","IAT0209190934","NHO2018000007","PAID","","193047"),
("IATT190002403","193047","191002","192010","10000","1","10000","0","10000","2","1","1","IAT0209190934","NHO2018000007","PAID","","193047"),
("IATT190002404","193076","191001","192001","30000","1","30000","15000","15000","1","1","1","IAT0209190934","NHO2018000007","PAID","","193076"),
("IATT190002404","193023","191001","192003","30000","1","30000","0","30000","1","1","1","IAT0209190934","NHO2018000007","PAID","","193023"),
("IATT190002404","193007","191001","192001","37000","1","37000","18500","18500","1","1","1","IAT0209190934","NHO2018000007","PAID","LV 1","PEDAS"),
("IATT190002404","193056","191002","192010","17000","1","17000","0","17000","1","1","1","IAT0209190934","NHO2018000007","PAID","","193056"),
("IATT190002404","193056","191002","192010","17000","1","17000","0","17000","2","1","1","IAT0209190934","NHO2018000007","PAID","","193056"),
("IATT190002404","193011","191001","192001","40000","1","40000","20000","20000","1","1","2","IAT0209190934","NHO2018000007","PAID","Pedas sedang semua","PEDAS"),
("IATT190002404","193011","191001","192001","40000","1","40000","20000","20000","2","1","2","IAT0209190934","NHO2018000007","PAID","","PEDAS"),
("IATT190002404","193056","191002","192010","17000","1","17000","0","17000","3","1","2","IAT0209190934","NHO2018000007","PAID","","193056"),
("IATT190002404","193056","191002","192010","17000","1","17000","0","17000","4","1","2","IAT0209190934","NHO2018000007","PAID","","193056"),
("IATT190002404","193048","191002","192010","8000","1","8000","0","8000","1","1","2","IAT0209190934","NHO2018000007","PAID","plus ice batu","193048"),
("IATT190002405","193027","191001","192003","43000","1","43000","0","43000","1","1","1","IAT0209190934","NHO2018000007","PAID","","193027"),
("IATT190002405","193053","191002","192010","20000","1","20000","0","20000","1","1","1","IAT0209190934","NHO2018000007","PAID","","193053");



INSERT INTO pos_salestemp VALUES("IATT190002394","","1","25000","0","2500","0","27500","50000","02/09/2019","11:28","2019-09-02","11:52:59","ISU000012","tbl0011","CLOSED","1","","IATR190002327","","","","","IAT0209190934","NHO2018000007"),
("IATT190002395","","2","94000","37000","5700","0","62700","100000","02/09/2019","11:56","2019-09-02","12:37:52","ISU000012","tbl0010","CLOSED","1","","IATR190002329","","","","","IAT0209190934","NHO2018000007"),
("IATT190002396","","1","44000","0","4400","0","48400","48400","02/09/2019","12:22","2019-09-02","12:37:11","ISU000012","tbl0006","REFUND","1","","IATR190002328","02/09/2019","14:10:32","090592","IATR190002332","IAT0209190934","NHO2018000007"),
("IATT190002397","","3","132000","51000","8100","0","89100","89100","02/09/2019","12:22","2019-09-02","13:20:01","ISU000012","tbl0012","CLOSED","1","","IATR190002331","","","","","IAT0209190934","NHO2018000007"),
("IATT190002398","","1","25000","0","2500","0","27500","100000","02/09/2019","12:26","2019-09-02","13:10:57","ISU000012","tbl0008","CLOSED","1","","IATR190002330","","","","","IAT0209190934","NHO2018000007"),
("IATT190002399","","2","119000","46000","7300","0","80300","80300","02/09/2019","13:35","2019-09-02","14:21:36","ISU000012","tbl0012","CLOSED","1","","IATR190002334","","","","","IAT0209190934","NHO2018000007"),
("IATT190002400","","1","44000","0","4400","0","48400","48400","02/09/2019","14:10","2019-09-02","14:12:01","ISU000012","tbl0006","CLOSED","1","","IATR190002333","","","","","IAT0209190934","NHO2018000007"),
("IATT190002401","","3","155000","0","15500","0","170500","200000","02/09/2019","16:19","2019-09-02","16:45:40","ISU000012","tbl0012","CLOSED","1","","IATR190002335","","","","","IAT0209190934","NHO2018000007"),
("IATT190002402","","2","94000","30000","6400","0","70400","100000","02/09/2019","19:50","2019-09-02","20:36:46","ISU000012","tbl0010","CLOSED","1","","IATR190002337","","","","","IAT0209190934","NHO2018000007"),
("IATT190002403","","2","80000","30000","5000","0","55000","55000","02/09/2019","19:51","2019-09-02","20:33:49","ISU000012","tbl0012","CLOSED","1","","IATR190002336","","","","","IAT0209190934","NHO2018000007"),
("IATT190002404","","4","253000","73500","17950","0","197450","197450","02/09/2019","20:22","2019-09-02","21:21:08","ISU000012","tbl0013","CLOSED","1","","IATR190002339","","","","","IAT0209190934","NHO2018000007"),
("IATT190002405","","1","63000","0","6300","0","69300","100000","02/09/2019","20:45","2019-09-02","21:07:39","ISU000012","tbl0012","CLOSED","1","","IATR190002338","","","","","IAT0209190934","NHO2018000007");



INSERT INTO item_void VALUES("IATT190002403","IAT0209190934","NHO2018000007","193015","PEDAS","1","33000","Before Send","Komplen Customer");



INSERT INTO pos_promotion_h VALUES("IATT190002395","NPRM18000017","DISC ITEM","1","37000","TUNJUKKAN JEMPOLMU","IAT0209190934","PAID","NHO2018000007"),
("IATT190002397","NPRM18000017","DISC ITEM","1","51000","TUNJUKKAN JEMPOLMU","IAT0209190934","PAID","NHO2018000007"),
("IATT190002399","NPRM18000017","DISC ITEM","1","46000","TUNJUKKAN JEMPOLMU","IAT0209190934","PAID","NHO2018000007"),
("IATT190002403","NPRM18000017","DISC ITEM","1","30000","TUNJUKKAN JEMPOLMU","IAT0209190934","PAID","NHO2018000007"),
("IATT190002402","NPRM18000017","DISC ITEM","1","30000","TUNJUKKAN JEMPOLMU","IAT0209190934","PAID","NHO2018000007"),
("IATT190002404","NPRM18000017","DISC ITEM","1","73500","TUNJUKKAN JEMPOLMU","IAT0209190934","PAID","NHO2018000007");



INSERT INTO pos_promotion_d VALUES("IATT190002395","NPRM18000017","DISC ITEM","1","1","193007","1","18500","IAT0209190934","PAID","NHO2018000007"),
("IATT190002395","NPRM18000017","DISC ITEM","1","1","193007","2","18500","IAT0209190934","PAID","NHO2018000007"),
("IATT190002397","NPRM18000017","DISC ITEM","1","1","193033","1","21000","IAT0209190934","PAID","NHO2018000007"),
("IATT190002397","NPRM18000017","DISC ITEM","1","1","193084","1","15000","IAT0209190934","PAID","NHO2018000007"),
("IATT190002397","NPRM18000017","DISC ITEM","1","1","193084","2","15000","IAT0209190934","PAID","NHO2018000007"),
("IATT190002399","NPRM18000017","DISC ITEM","1","1","193007","1","18500","IAT0209190934","PAID","NHO2018000007"),
("IATT190002399","NPRM18000017","DISC ITEM","1","1","193007","2","18500","IAT0209190934","PAID","NHO2018000007"),
("IATT190002399","NPRM18000017","DISC ITEM","1","1","193071","1","9000","IAT0209190934","PAID","NHO2018000007"),
("IATT190002403","NPRM18000017","DISC ITEM","1","1","193015","1","16500","IAT0209190934","PAID","NHO2018000007"),
("IATT190002403","NPRM18000017","DISC ITEM","1","1","193030","1","13500","IAT0209190934","PAID","NHO2018000007"),
("IATT190002402","NPRM18000017","DISC ITEM","1","1","193082","1","15000","IAT0209190934","PAID","NHO2018000007"),
("IATT190002402","NPRM18000017","DISC ITEM","1","1","193083","1","15000","IAT0209190934","PAID","NHO2018000007"),
("IATT190002404","NPRM18000017","DISC ITEM","1","1","193076","1","15000","IAT0209190934","PAID","NHO2018000007"),
("IATT190002404","NPRM18000017","DISC ITEM","1","1","193007","1","18500","IAT0209190934","PAID","NHO2018000007"),
("IATT190002404","NPRM18000017","DISC ITEM","1","1","193011","1","20000","IAT0209190934","PAID","NHO2018000007"),
("IATT190002404","NPRM18000017","DISC ITEM","1","1","193011","2","20000","IAT0209190934","PAID","NHO2018000007");



INSERT INTO pos_paymenttemp VALUES("IATT190002394","CASH","CASH","27500","50000","ISU000012","2019-09-02","","1","","CLOSED","IAT0209190934","NHO2018000007"),
("IATT190002396","CASH","CASH","48400","48400","ISU000012","2019-09-02","","1","","REFUND","IAT0209190934","NHO2018000007"),
("IATT190002395","CASH","CASH","62700","100000","ISU000012","2019-09-02","","1","","CLOSED","IAT0209190934","NHO2018000007"),
("IATT190002398","CASH","CASH","27500","100000","ISU000012","2019-09-02","","1","","CLOSED","IAT0209190934","NHO2018000007"),
("IATT190002397","CARD","MASTER","89100","89100","ISU000012","2019-09-02","","1","","CLOSED","IAT0209190934","NHO2018000007"),
("IATT190002400","CASH","OVO","48400","48400","ISU000012","2019-09-02","","1","","CLOSED","IAT0209190934","NHO2018000007"),
("IATT190002399","CARD","MASTER","80300","80300","ISU000012","2019-09-02","","1","","CLOSED","IAT0209190934","NHO2018000007"),
("IATT190002401","CASH","CASH","170500","200000","ISU000012","2019-09-02","","1","","CLOSED","IAT0209190934","NHO2018000007"),
("IATT190002403","CASH","CASH","55000","55000","ISU000012","2019-09-02","","1","","CLOSED","IAT0209190934","NHO2018000007"),
("IATT190002402","CASH","CASH","70400","100000","ISU000012","2019-09-02","","1","","CLOSED","IAT0209190934","NHO2018000007"),
("IATT190002405","CASH","CASH","69300","100000","ISU000012","2019-09-02","","1","","CLOSED","IAT0209190934","NHO2018000007"),
("IATT190002404","CARD","MASTER","197450","197450","ISU000012","2019-09-02","","1","","CLOSED","IAT0209190934","NHO2018000007");



