INSERT INTO pos_itemtemp VALUES("IATT200005732","193153","191001","192015","35454","1","35454","0","35454","1","1","1","IAT0903200947","NHO2018000007","PAID","","193153"),
("IATT200005733","193011","191001","192001","40000","1","40000","0","40000","1","1","1","IAT0903200947","NHO2018000007","PAID","","PEDAS"),
("IATT200005733","193011","191001","192001","40000","1","40000","0","40000","2","1","1","IAT0903200947","NHO2018000007","PAID","","PEDAS"),
("IATT200005733","193011","191001","192001","40000","1","40000","0","40000","3","1","1","IAT0903200947","NHO2018000007","PAID","","PEDAS"),
("IATT200005733","193028","191001","192003","43000","1","43000","0","43000","1","1","1","IAT0903200947","NHO2018000007","PAID","","193028"),
("IATT200005733","193113","191001","192003","55000","1","55000","0","55000","1","1","1","IAT0903200947","NHO2018000007","PAID","tanpa nasi thanks","193113"),
("IATT200005733","193052","191002","192010","20000","1","20000","0","20000","1","1","1","IAT0903200947","NHO2018000007","PAID","","193052"),
("IATT200005733","193055","191002","192010","17000","1","17000","0","17000","1","1","1","IAT0903200947","NHO2018000007","PAID","","193055"),
("IATT200005733","193048","191002","192010","8000","1","8000","0","8000","1","1","1","IAT0903200947","NHO2018000007","PAID","","193048"),
("IATT200005733","193048","191002","192010","8000","1","8000","0","8000","2","1","1","IAT0903200947","NHO2018000007","PAID","","193048"),
("IATT200005733","193048","191002","192010","8000","1","8000","0","8000","3","1","1","IAT0903200947","NHO2018000007","PAID","","193048"),
("IATT200005733","193034","191001","192005","37000","1","37000","0","37000","1","1","2","IAT0903200947","NHO2018000007","PAID","","193034"),
("IATT200005734","193033","191001","192005","42000","1","42000","4200","37800","1","1","1","IAT0903200947","NHO2018000007","PAID","","193033"),
("IATT200005734","193055","191002","192010","17000","1","17000","0","17000","1","1","1","IAT0903200947","NHO2018000007","PAID","","193055"),
("IATT200005735","193079","191001","192001","30000","1","30000","0","30000","1","1","1","IAT0903200947","NHO2018000007","PAID","","193079"),
("IATT200005735","193024","191001","192003","30000","1","30000","0","30000","1","1","1","IAT0903200947","NHO2018000007","PAID","","193024"),
("IATT200005735","193049","191002","192010","10000","1","10000","0","10000","1","1","1","IAT0903200947","NHO2018000007","PAID","","193049"),
("IATT200005735","193048","191002","192010","8000","1","8000","0","8000","1","1","1","IAT0903200947","NHO2018000007","PAID","","193048"),
("IATT200005736","193069","191001","192012","13000","1","13000","0","13000","1","1","1","IAT0903200947","NHO2018000007","PAID","","193069"),
("IATT200005736","193070","191001","192012","13000","1","13000","0","13000","1","1","1","IAT0903200947","NHO2018000007","PAID","","193070"),
("IATT200005736","193054","191002","192010","20000","1","20000","0","20000","1","1","1","IAT0903200947","NHO2018000007","PAID","","193054"),
("IATT200005737","193084","191001","192001","30000","1","30000","0","30000","1","1","1","IAT0903200947","NHO2018000007","PAID"," gak pakai mix vegetable","PEDAS"),
("IATT200005737","193027","191001","192003","43000","1","43000","0","43000","1","1","1","IAT0903200947","NHO2018000007","PAID","","193027"),
("IATT200005737","193023","191001","192003","30000","1","30000","0","30000","1","1","1","IAT0903200947","NHO2018000007","PAID","","193023"),
("IATT200005737","193118","191001","192012","20000","1","20000","0","20000","1","1","1","IAT0903200947","NHO2018000007","PAID","","193118"),
("IATT200005737","193047","191002","192010","10000","1","10000","0","10000","1","1","1","IAT0903200947","NHO2018000007","PAID","","193047"),
("IATT200005737","193047","191002","192010","10000","1","10000","0","10000","2","1","1","IAT0903200947","NHO2018000007","PAID","","193047"),
("IATT200005737","193056","191002","192010","17000","1","17000","0","17000","1","1","1","IAT0903200947","NHO2018000007","PAID","","193056"),
("IATT200005736","193006","191001","192001","37000","1","37000","0","37000","1","1","2","IAT0903200947","NHO2018000007","PAID","","193006"),
("IATT200005736","193069","191001","192012","13000","1","13000","0","13000","2","1","3","IAT0903200947","NHO2018000007","PAID","","193069"),
("IATT200005738","193010","191001","192001","40000","1","40000","0","40000","1","1","1","IAT0903200947","NHO2018000007","PAID","","193010"),
("IATT200005738","193022","191001","192003","30000","1","30000","0","30000","1","1","1","IAT0903200947","NHO2018000007","PAID","","193022"),
("IATT200005738","193056","191002","192010","17000","1","17000","0","17000","1","1","1","IAT0903200947","NHO2018000007","PAID","","193056"),
("IATT200005739","193027","191001","192003","43000","1","43000","0","43000","1","1","1","IAT0903200947","NHO2018000007","PAID","","193027"),
("IATT200005739","193024","191001","192003","30000","1","30000","0","30000","1","1","1","IAT0903200947","NHO2018000007","PAID","","193024"),
("IATT200005739","193024","191001","192003","30000","1","30000","0","30000","2","1","1","IAT0903200947","NHO2018000007","PAID","","193024"),
("IATT200005739","193024","191001","192003","30000","1","30000","0","30000","3","1","1","IAT0903200947","NHO2018000007","PAID","","193024"),
("IATT200005739","193048","191002","192010","8000","1","8000","0","8000","1","1","1","IAT0903200947","NHO2018000007","PAID","","193048"),
("IATT200005739","193048","191002","192010","8000","1","8000","0","8000","2","1","1","IAT0903200947","NHO2018000007","PAID","","193048"),
("IATT200005739","193048","191002","192010","8000","1","8000","0","8000","3","1","1","IAT0903200947","NHO2018000007","PAID","","193048"),
("IATT200005739","193052","191002","192010","20000","1","20000","0","20000","1","1","1","IAT0903200947","NHO2018000007","PAID","","193052");



INSERT INTO pos_salestemp VALUES("IATT200005732","","1","35454","0","3546","0","39000","39000","09/03/2020","12:14","2020-03-09","12:15:20","ISU000006","tbl0001","CLOSED","1","","IATR200005580","","","","","IAT0903200947","NHO2018000007"),
("IATT200005733","","4","316000","0","31600","0","347600","350000","09/03/2020","13:41","2020-03-09","14:14:54","ISU000006","tbl0012","CLOSED","1","","IATR200005581","","","","","IAT0903200947","NHO2018000007"),
("IATT200005734","","1","59000","4200","5480","0","60280","60280","09/03/2020","14:21","2020-03-09","14:47:23","ISU000004","tbl0011","CLOSED","1","","IATR200005582","","","","","IAT0903200947","NHO2018000007"),
("IATT200005735","","2","78000","0","7800","0","85800","100000","09/03/2020","15:27","2020-03-09","16:22:35","ISU000006","tbl0010","CLOSED","1","","IATR200005583","","","","","IAT0903200947","NHO2018000007"),
("IATT200005736","","2","96000","0","9600","0","105600","105600","09/03/2020","18:00","2020-03-09","19:05:17","ISU000004","tbl0011","CLOSED","1","","IATR200005585","","","","","IAT0903200947","NHO2018000007"),
("IATT200005737","","2","160000","0","16000","0","176000","176000","09/03/2020","18:01","2020-03-09","18:31:02","ISU000004","tbl0012","CLOSED","1","","IATR200005584","","","","","IAT0903200947","NHO2018000007"),
("IATT200005738","","2","87000","0","8700","0","95700","95700","09/03/2020","19:11","2020-03-09","19:59:28","ISU000004","tbl0012","CLOSED","1","","IATR200005587","","","","","IAT0903200947","NHO2018000007"),
("IATT200005739","","4","177000","0","17700","0","194700","200000","09/03/2020","19:16","2020-03-09","19:58:11","ISU000004","tbl0010","CLOSED","1","","IATR200005586","","","","","IAT0903200947","NHO2018000007");






INSERT INTO pos_promotion_h VALUES("IATT200005734","NPRM18000028","DISC ITEM","1","4200","BANYAK MAKAN BANYAK UNTUNG 10%","IAT0903200947","PAID","NHO2018000007");



INSERT INTO pos_promotion_d VALUES("IATT200005734","NPRM18000028","DISC ITEM","1","1","193033","1","4200","IAT0903200947","PAID","NHO2018000007");



INSERT INTO pos_paymenttemp VALUES("IATT200005732","CASH","GOPAY","39000","39000","ISU000006","2020-03-09","","1","","CLOSED","IAT0903200947","NHO2018000007"),
("IATT200005733","CASH","CASH","347600","350000","ISU000006","2020-03-09","","1","","CLOSED","IAT0903200947","NHO2018000007"),
("IATT200005734","CARD","VISA","60280","60280","ISU000004","2020-03-09","","1","","CLOSED","IAT0903200947","NHO2018000007"),
("IATT200005735","CASH","CASH","85800","100000","ISU000006","2020-03-09","","1","","CLOSED","IAT0903200947","NHO2018000007"),
("IATT200005737","CARD","DEBIT BCA","176000","176000","ISU000004","2020-03-09","","1","","CLOSED","IAT0903200947","NHO2018000007"),
("IATT200005736","VOUCHER","GIFT VOUCHER ISOIDE 100K","100000","100000","ISU000004","2020-03-09","","1","","CLOSED","IAT0903200947","NHO2018000007"),
("IATT200005736","CASH","CASH","5600","5600","ISU000004","2020-03-09","","1","","CLOSED","IAT0903200947","NHO2018000007"),
("IATT200005739","VOUCHER","GIFT VOUCHER ISOIDE 100K","100000","100000","ISU000004","2020-03-09","","1","","CLOSED","IAT0903200947","NHO2018000007"),
("IATT200005739","VOUCHER","GIFT VOUCHER ISOIDE 100K","100000","100000","ISU000004","2020-03-09","","1","","CLOSED","IAT0903200947","NHO2018000007"),
("IATT200005738","CARD","DEBIT BCA","95700","95700","ISU000004","2020-03-09","","1","","CLOSED","IAT0903200947","NHO2018000007");



