INSERT INTO pos_itemtemp VALUES("IATT190001235","193084","191001","192001","30000","1","30000","0","30000","1","1","1","IAT0707191004","NHO2018000007","PAID","lvl 1","PEDAS"),
("IATT190001235","193069","191001","192012","13000","1","13000","0","13000","1","1","1","IAT0707191004","NHO2018000007","PAID","","193069"),
("IATT190001235","193046","191002","192010","8000","1","8000","0","8000","1","1","1","IAT0707191004","NHO2018000007","PAID","","193046"),
("IATT190001236","193006","191001","192001","37000","1","37000","0","37000","1","1","1","IAT0707191004","NHO2018000007","PAID","original","193006"),
("IATT190001236","193012","191001","192001","40000","1","40000","0","40000","1","1","1","IAT0707191004","NHO2018000007","PAID","","193012"),
("IATT190001236","193050","191002","192010","20000","1","20000","0","20000","1","1","1","IAT0707191004","NHO2018000007","PAID","","193050"),
("IATT190001236","193051","191002","192010","20000","1","20000","0","20000","1","1","1","IAT0707191004","NHO2018000007","PAID","less ice","193051"),
("IATT190001237","193084","191001","192001","30000","1","30000","0","30000","1","1","1","IAT0707191004","NHO2018000007","PAID","level 3","PEDAS"),
("IATT190001237","193085","191001","192001","30000","1","30000","0","30000","1","1","1","IAT0707191004","NHO2018000007","PAID","sambal pisah yaaa","193085"),
("IATT190001237","193085","191001","192001","30000","1","30000","0","30000","2","1","1","IAT0707191004","NHO2018000007","PAID","","193085"),
("IATT190001237","193051","191002","192010","20000","1","20000","0","20000","1","1","1","IAT0707191004","NHO2018000007","PAID","","193051"),
("IATT190001237","193054","191002","192010","20000","1","20000","0","20000","1","1","1","IAT0707191004","NHO2018000007","PAID","","193054"),
("IATT190001237","193055","191002","192010","17000","1","17000","0","17000","1","1","1","IAT0707191004","NHO2018000007","PAID","","193055"),
("IATT190001238","193084","191001","192001","30000","1","30000","0","30000","1","1","1","IAT0707191004","NHO2018000007","PAID","level 2","PEDAS"),
("IATT190001238","193077","191001","192001","30000","1","30000","0","30000","1","1","1","IAT0707191004","NHO2018000007","PAID","","193077"),
("IATT190001238","193056","191002","192010","17000","1","17000","0","17000","1","1","1","IAT0707191004","NHO2018000007","PAID","","193056"),
("IATT190001238","193051","191002","192010","20000","1","20000","0","20000","1","1","1","IAT0707191004","NHO2018000007","PAID","less ice","193051"),
("IATT190001239","193021","191001","192002","40000","1","40000","0","40000","1","1","1","IAT0707191004","NHO2018000007","PAID","","PEDAS"),
("IATT190001239","193011","191001","192001","40000","1","40000","0","40000","1","1","1","IAT0707191004","NHO2018000007","PAID","level 2","PEDAS"),
("IATT190001239","193056","191002","192010","17000","1","17000","0","17000","1","1","1","IAT0707191004","NHO2018000007","PAID","","193056"),
("IATT190001239","193054","191002","192010","20000","1","20000","0","20000","1","1","1","IAT0707191004","NHO2018000007","PAID","","193054"),
("IATT190001240","193011","191001","192001","40000","1","40000","0","40000","1","1","1","IAT0707191004","NHO2018000007","PAID","level 1,level 3","PEDAS"),
("IATT190001240","193011","191001","192001","40000","1","40000","0","40000","2","1","1","IAT0707191004","NHO2018000007","PAID","","PEDAS"),
("IATT190001240","193055","191002","192010","17000","1","17000","0","17000","1","1","1","IAT0707191004","NHO2018000007","PAID","","193055"),
("IATT190001240","193055","191002","192010","17000","1","17000","0","17000","2","1","1","IAT0707191004","NHO2018000007","PAID","","193055"),
("IATT190001241","193078","191001","192001","30000","1","30000","0","30000","1","1","1","IAT0707191004","NHO2018000007","PAID","","PEDAS"),
("IATT190001241","193078","191001","192001","30000","1","30000","0","30000","2","1","1","IAT0707191004","NHO2018000007","PAID","","PEDAS"),
("IATT190001242","193078","191001","192001","30000","1","30000","0","30000","1","1","1","IAT0707191004","NHO2018000007","PAID","","PEDAS"),
("IATT190001242","193021","191001","192002","40000","1","40000","0","40000","1","1","1","IAT0707191004","NHO2018000007","PAID","","ORIGINAL"),
("IATT190001242","193021","191001","192002","40000","1","40000","0","40000","2","1","1","IAT0707191004","NHO2018000007","PAID","","ORIGINAL"),
("IATT190001242","193021","191001","192002","40000","1","40000","0","40000","3","1","1","IAT0707191004","NHO2018000007","PAID","","ORIGINAL"),
("IATT190001242","193021","191001","192002","40000","1","40000","0","40000","4","1","1","IAT0707191004","NHO2018000007","PAID","","ORIGINAL"),
("IATT190001242","193055","191002","192010","17000","1","17000","0","17000","1","1","1","IAT0707191004","NHO2018000007","PAID","","193055"),
("IATT190001242","193055","191002","192010","17000","1","17000","0","17000","2","1","1","IAT0707191004","NHO2018000007","PAID","","193055"),
("IATT190001243","193084","191001","192001","30000","1","30000","0","30000","1","1","1","IAT0707191004","NHO2018000007","PAID","","PEDAS"),
("IATT190001243","193021","191001","192002","40000","1","40000","0","40000","1","1","1","IAT0707191004","NHO2018000007","PAID","","ORIGINAL"),
("IATT190001243","193033","191001","192005","42000","1","42000","0","42000","1","1","1","IAT0707191004","NHO2018000007","PAID","","193033"),
("IATT190001243","193055","191002","192010","17000","1","17000","0","17000","1","1","1","IAT0707191004","NHO2018000007","PAID","","193055"),
("IATT190001243","193054","191002","192010","20000","1","20000","0","20000","1","1","2","IAT0707191004","NHO2018000007","PAID","","193054"),
("IATT190001244","193008","191001","192001","37000","1","37000","0","37000","1","1","1","IAT0707191004","NHO2018000007","PAID","","193008"),
("IATT190001244","193028","191001","192003","43000","1","43000","0","43000","1","1","1","IAT0707191004","NHO2018000007","PAID","","193028"),
("IATT190001244","193084","191001","192001","30000","1","30000","0","30000","1","1","1","IAT0707191004","NHO2018000007","PAID","lvl 2","PEDAS"),
("IATT190001244","193054","191002","192010","20000","1","20000","0","20000","1","1","1","IAT0707191004","NHO2018000007","PAID","","193054"),
("IATT190001244","193053","191002","192010","20000","1","20000","0","20000","1","1","1","IAT0707191004","NHO2018000007","PAID","","193053"),
("IATT190001244","193056","191002","192010","17000","1","17000","0","17000","1","1","1","IAT0707191004","NHO2018000007","PAID","","193056"),
("IATT190001245","193033","191001","192005","42000","1","42000","0","42000","1","1","1","IAT0707191004","NHO2018000007","PAID","","193033"),
("IATT190001245","193036","191001","192006","36000","1","36000","0","36000","1","1","1","IAT0707191004","NHO2018000007","PAID","","ORIGINAL"),
("IATT190001245","193033","191001","192005","42000","1","42000","0","42000","2","1","1","IAT0707191004","NHO2018000007","PAID","","193033"),
("IATT190001245","193056","191002","192010","17000","1","17000","0","17000","1","1","1","IAT0707191004","NHO2018000007","PAID","","193056"),
("IATT190001245","193055","191002","192010","17000","1","17000","0","17000","1","1","1","IAT0707191004","NHO2018000007","PAID","","193055"),
("IATT190001245","193054","191002","192010","20000","1","20000","0","20000","1","1","1","IAT0707191004","NHO2018000007","PAID","","193054"),
("IATT190001246","193084","191001","192001","30000","1","30000","0","30000","1","1","1","IAT0707191004","NHO2018000007","PAID","","PEDAS"),
("IATT190001246","193048","191002","192010","8000","1","8000","0","8000","1","1","1","IAT0707191004","NHO2018000007","PAID","","193048"),
("IATT190001246","193055","191002","192010","17000","1","17000","0","17000","1","1","1","IAT0707191004","NHO2018000007","PAID","","193055"),
("IATT190001246","193055","191002","192010","17000","1","17000","0","17000","2","1","1","IAT0707191004","NHO2018000007","PAID","","193055"),
("IATT190001246","193030","191001","192004","27000","1","27000","0","27000","1","1","2","IAT0707191004","NHO2018000007","PAID","","193030"),
("IATT190001247","193071","191001","192012","18000","1","18000","0","18000","1","1","1","IAT0707191004","NHO2018000007","PAID","","193071"),
("IATT190001247","193067","191001","192003","7000","1","7000","0","7000","1","1","1","IAT0707191004","NHO2018000007","PAID","","193067"),
("IATT190001241","193021","191001","192002","40000","1","40000","0","40000","1","1","2","IAT0707191004","NHO2018000007","PAID","ga usah dibikin tdi udah","ORIGINAL"),
("IATT190001241","193021","191001","192002","40000","1","40000","0","40000","2","1","2","IAT0707191004","NHO2018000007","PAID","","ORIGINAL"),
("IATT190001248","193027","191001","192003","43000","1","43000","0","43000","1","1","1","IAT0707191004","NHO2018000007","PAID","","193027"),
("IATT190001248","193028","191001","192003","43000","1","43000","0","43000","1","1","1","IAT0707191004","NHO2018000007","PAID","","193028"),
("IATT190001248","193055","191002","192010","17000","1","17000","0","17000","1","1","1","IAT0707191004","NHO2018000007","PAID","","193055"),
("IATT190001248","193048","191002","192010","8000","1","8000","0","8000","1","1","1","IAT0707191004","NHO2018000007","PAID","","193048"),
("IATT190001249","193030","191001","192004","27000","1","27000","0","27000","1","1","1","IAT0707191004","NHO2018000007","PAID","","193030"),
("IATT190001249","193030","191001","192004","27000","1","27000","0","27000","2","1","1","IAT0707191004","NHO2018000007","PAID","","193030"),
("IATT190001249","193084","191001","192001","30000","1","30000","0","30000","1","1","1","IAT0707191004","NHO2018000007","PAID","lvl 2","PEDAS"),
("IATT190001249","193047","191002","192010","8000","1","8000","0","8000","1","1","1","IAT0707191004","NHO2018000007","PAID","","193047"),
("IATT190001249","193047","191002","192010","8000","1","8000","0","8000","2","1","1","IAT0707191004","NHO2018000007","PAID","","193047"),
("IATT190001249","193047","191002","192010","8000","1","8000","0","8000","3","1","1","IAT0707191004","NHO2018000007","PAID","","193047"),
("IATT190001250","193021","191001","192002","40000","1","40000","0","40000","1","1","1","IAT0707191004","NHO2018000007","PAID","","ORIGINAL"),
("IATT190001250","193024","191001","192003","30000","1","30000","0","30000","1","1","1","IAT0707191004","NHO2018000007","PAID","","193024"),
("IATT190001250","193055","191002","192010","17000","1","17000","0","17000","1","1","1","IAT0707191004","NHO2018000007","PAID","","193055"),
("IATT190001250","193048","191002","192010","8000","1","8000","0","8000","1","1","1","IAT0707191004","NHO2018000007","PAID","","193048"),
("IATT190001245","193083","191001","192001","30000","1","30000","0","30000","1","1","2","IAT0707191004","NHO2018000007","PAID","lvl 1","193083"),
("IATT190001245","193082","191001","192001","30000","1","30000","0","30000","1","1","2","IAT0707191004","NHO2018000007","PAID","lvl 3","193082"),
("IATT190001245","193055","191002","192010","17000","1","17000","0","17000","2","1","2","IAT0707191004","NHO2018000007","PAID","","193055"),
("IATT190001251","193050","191002","192010","20000","1","20000","0","20000","1","1","1","IAT0707191004","NHO2018000007","PAID","","193050"),
("IATT190001245","193085","191001","192001","30000","1","30000","0","30000","1","1","3","IAT0707191004","NHO2018000007","PAID","","193085"),
("IATT190001252","193084","191001","192001","30000","1","30000","0","30000","1","1","1","IAT0707191004","NHO2018000007","PAID","","PEDAS"),
("IATT190001252","193085","191001","192001","30000","1","30000","0","30000","1","1","1","IAT0707191004","NHO2018000007","PAID","No vegetable yaaaaaaaa","193085"),
("IATT190001252","193022","191001","192003","30000","1","30000","0","30000","1","1","1","IAT0707191004","NHO2018000007","PAID","","193022"),
("IATT190001252","193025","191001","192003","30000","1","30000","0","30000","1","1","1","IAT0707191004","NHO2018000007","PAID","","193025"),
("IATT190001252","193048","191002","192010","8000","1","8000","0","8000","1","1","1","IAT0707191004","NHO2018000007","PAID","","193048"),
("IATT190001252","193048","191002","192010","8000","1","8000","0","8000","2","1","1","IAT0707191004","NHO2018000007","PAID","","193048"),
("IATT190001252","193047","191002","192010","8000","1","8000","0","8000","1","1","1","IAT0707191004","NHO2018000007","PAID","","193047"),
("IATT190001252","193046","191002","192010","8000","1","8000","0","8000","1","1","1","IAT0707191004","NHO2018000007","PAID","","193046"),
("IATT190001253","193078","191001","192001","30000","1","30000","0","30000","1","1","1","IAT0707191004","NHO2018000007","PAID","level 2 semua yaaaaaaaaaaaaaa","PEDAS"),
("IATT190001253","193078","191001","192001","30000","1","30000","0","30000","2","1","1","IAT0707191004","NHO2018000007","PAID","","PEDAS"),
("IATT190001253","193072","191001","192012","25000","1","25000","0","25000","1","1","1","IAT0707191004","NHO2018000007","PAID","","193072"),
("IATT190001253","193046","191002","192010","8000","1","8000","0","8000","1","1","1","IAT0707191004","NHO2018000007","PAID","","193046"),
("IATT190001253","193046","191002","192010","8000","1","8000","0","8000","2","1","1","IAT0707191004","NHO2018000007","PAID","","193046"),
("IATT190001254","193011","191001","192001","40000","1","40000","0","40000","1","1","1","IAT0707191004","NHO2018000007","PAID","level 1","PEDAS"),
("IATT190001254","193070","191001","192012","13000","1","13000","0","13000","1","1","1","IAT0707191004","NHO2018000007","PAID","","193070"),
("IATT190001254","193050","191002","192010","20000","1","20000","0","20000","1","1","1","IAT0707191004","NHO2018000007","PAID","","193050"),
("IATT190001254","193050","191002","192010","20000","1","20000","0","20000","2","1","1","IAT0707191004","NHO2018000007","PAID","","193050"),
("IATT190001255","193084","191001","192001","30000","1","30000","0","30000","1","1","1","IAT0707191004","NHO2018000007","PAID","level 2 : 2 ,level 1 :1 ,level 3 gak pake daun bawang","PEDAS"),
("IATT190001255","193084","191001","192001","30000","1","30000","0","30000","2","1","1","IAT0707191004","NHO2018000007","PAID","","PEDAS"),
("IATT190001255","193084","191001","192001","30000","1","30000","0","30000","3","1","1","IAT0707191004","NHO2018000007","PAID","","PEDAS"),
("IATT190001255","193084","191001","192001","30000","1","30000","0","30000","4","1","1","IAT0707191004","NHO2018000007","PAID","","PEDAS"),
("IATT190001255","193055","191002","192010","17000","1","17000","0","17000","1","1","1","IAT0707191004","NHO2018000007","PAID","","193055"),
("IATT190001255","193047","191002","192010","8000","1","8000","0","8000","1","1","1","IAT0707191004","NHO2018000007","PAID","","193047"),
("IATT190001255","193047","191002","192010","8000","1","8000","0","8000","2","1","1","IAT0707191004","NHO2018000007","PAID","","193047"),
("IATT190001255","193040","191001","192008","20000","1","20000","0","20000","1","1","2","IAT0707191004","NHO2018000007","PAID","Take Away yaaaa","193040"),
("IATT190001256","193021","191001","192002","40000","1","40000","0","40000","1","1","1","IAT0707191004","NHO2018000007","PAID","","PEDAS"),
("IATT190001256","193017","191001","192002","37000","1","37000","0","37000","1","1","1","IAT0707191004","NHO2018000007","PAID","","193017"),
("IATT190001256","193084","191001","192001","30000","1","30000","0","30000","1","1","1","IAT0707191004","NHO2018000007","PAID","level 3","PEDAS"),
("IATT190001256","193015","191001","192002","33000","1","33000","0","33000","1","1","1","IAT0707191004","NHO2018000007","PAID","","ORIGINAL"),
("IATT190001256","193055","191002","192010","17000","1","17000","0","17000","1","1","1","IAT0707191004","NHO2018000007","PAID","","193055"),
("IATT190001256","193053","191002","192010","20000","1","20000","0","20000","1","1","1","IAT0707191004","NHO2018000007","PAID","","193053"),
("IATT190001256","193051","191002","192010","20000","1","20000","0","20000","1","1","1","IAT0707191004","NHO2018000007","PAID","","193051"),
("IATT190001257","193024","191001","192003","30000","1","30000","0","30000","1","1","1","IAT0707191004","NHO2018000007","PAID","","193024"),
("IATT190001257","193024","191001","192003","30000","1","30000","0","30000","2","1","1","IAT0707191004","NHO2018000007","PAID","","193024"),
("IATT190001257","193047","191002","192010","8000","1","8000","0","8000","1","1","1","IAT0707191004","NHO2018000007","PAID","","193047"),
("IATT190001257","193048","191002","192010","8000","1","8000","0","8000","1","1","1","IAT0707191004","NHO2018000007","PAID","","193048"),
("IATT190001257","193055","191002","192010","17000","1","17000","0","17000","1","1","1","IAT0707191004","NHO2018000007","PAID","","193055"),
("IATT190001258","193027","191001","192003","43000","1","43000","0","43000","1","1","1","IAT0707191004","NHO2018000007","PAID","","193027"),
("IATT190001259","193083","191001","192001","30000","1","30000","0","30000","1","1","1","IAT0707191004","NHO2018000007","PAID","","193083"),
("IATT190001259","193034","191001","192005","37000","1","37000","0","37000","1","1","1","IAT0707191004","NHO2018000007","PAID","","193034"),
("IATT190001259","193029","191001","192004","27000","1","27000","0","27000","1","1","1","IAT0707191004","NHO2018000007","PAID","","193029"),
("IATT190001259","193056","191002","192010","17000","1","17000","0","17000","1","1","1","IAT0707191004","NHO2018000007","PAID","","193056"),
("IATT190001259","193050","191002","192010","20000","1","20000","0","20000","1","1","1","IAT0707191004","NHO2018000007","PAID","","193050"),
("IATT190001260","193082","191001","192001","30000","1","30000","0","30000","1","1","1","IAT0707191004","NHO2018000007","PAID","lvl 1","193082"),
("IATT190001260","193070","191001","192012","13000","1","13000","0","13000","1","1","1","IAT0707191004","NHO2018000007","PAID","","193070"),
("IATT190001260","193053","191002","192010","20000","1","20000","0","20000","1","1","1","IAT0707191004","NHO2018000007","PAID","","193053"),
("IATT190001261","193083","191001","192001","30000","1","30000","0","30000","1","1","1","IAT0707191004","NHO2018000007","PAID","","193083"),
("IATT190001261","193033","191001","192005","42000","1","42000","0","42000","1","1","1","IAT0707191004","NHO2018000007","PAID","","193033"),
("IATT190001261","193046","191002","192010","8000","1","8000","0","8000","1","1","1","IAT0707191004","NHO2018000007","PAID","","193046"),
("IATT190001262","193016","191001","192002","37000","1","37000","0","37000","1","1","1","IAT0707191004","NHO2018000007","PAID","","PEDAS"),
("IATT190001262","193070","191001","192012","13000","1","13000","0","13000","1","1","1","IAT0707191004","NHO2018000007","PAID","","193070"),
("IATT190001262","193053","191002","192010","20000","1","20000","0","20000","1","1","1","IAT0707191004","NHO2018000007","PAID","","193053"),
("IATT190001262","193050","191002","192010","20000","1","20000","0","20000","1","1","1","IAT0707191004","NHO2018000007","PAID","","193050"),
("IATT190001263","193084","191001","192001","30000","1","30000","0","30000","1","1","1","IAT0707191004","NHO2018000007","PAID","","PEDAS"),
("IATT190001263","193033","191001","192005","42000","1","42000","0","42000","1","1","1","IAT0707191004","NHO2018000007","PAID","","193033"),
("IATT190001263","193046","191002","192010","8000","1","8000","0","8000","1","1","1","IAT0707191004","NHO2018000007","PAID","","193046"),
("IATT190001263","193051","191002","192010","20000","1","20000","0","20000","1","1","1","IAT0707191004","NHO2018000007","PAID","","193051"),
("IATT190001264","193030","191001","192004","27000","1","27000","0","27000","1","1","1","IAT0707191004","NHO2018000007","PAID","","193030"),
("IATT190001264","193078","191001","192001","30000","1","30000","0","30000","1","1","1","IAT0707191004","NHO2018000007","PAID","","PEDAS"),
("IATT190001264","193020","191001","192002","40000","1","40000","0","40000","1","1","1","IAT0707191004","NHO2018000007","PAID","","193020"),
("IATT190001264","193022","191001","192003","30000","1","30000","0","30000","1","1","1","IAT0707191004","NHO2018000007","PAID","","193022"),
("IATT190001264","193024","191001","192003","30000","1","30000","0","30000","1","1","1","IAT0707191004","NHO2018000007","PAID","","193024"),
("IATT190001264","193053","191002","192010","20000","1","20000","0","20000","1","1","1","IAT0707191004","NHO2018000007","PAID","","193053"),
("IATT190001264","193054","191002","192010","20000","1","20000","0","20000","1","1","1","IAT0707191004","NHO2018000007","PAID","","193054"),
("IATT190001264","193054","191002","192010","20000","1","20000","0","20000","2","1","1","IAT0707191004","NHO2018000007","PAID","","193054"),
("IATT190001264","193055","191002","192010","17000","1","17000","0","17000","1","1","1","IAT0707191004","NHO2018000007","PAID","","193055"),
("IATT190001264","193048","191002","192010","8000","1","8000","0","8000","1","1","1","IAT0707191004","NHO2018000007","PAID","","193048"),
("IATT190001264","193054","191002","192010","20000","1","20000","0","20000","3","1","2","IAT0707191004","NHO2018000007","PAID","","193054"),
("IATT190001265","193020","191001","192002","40000","1","40000","12000","28000","1","1","1","IAT0707191004","NHO2018000007","PAID","","193020"),
("IATT190001265","193019","191001","192002","40000","1","40000","12000","28000","1","1","1","IAT0707191004","NHO2018000007","PAID","","PEDAS"),
("IATT190001265","193048","191002","192010","8000","1","8000","0","8000","1","1","1","IAT0707191004","NHO2018000007","PAID","","193048"),
("IATT190001265","193048","191002","192010","8000","1","8000","0","8000","2","1","1","IAT0707191004","NHO2018000007","PAID","","193048"),
("IATT190001266","193020","191001","192002","40000","1","40000","0","40000","1","1","1","IAT0707191004","NHO2018000007","PAID","lvl 1","193020"),
("IATT190001266","193083","191001","192001","30000","1","30000","0","30000","1","1","1","IAT0707191004","NHO2018000007","PAID","lvl 1","193083"),
("IATT190001266","193047","191002","192010","8000","1","8000","0","8000","1","1","1","IAT0707191004","NHO2018000007","PAID","","193047"),
("IATT190001266","193047","191002","192010","8000","1","8000","0","8000","2","1","1","IAT0707191004","NHO2018000007","PAID","","193047"),
("IATT190001268","193077","191001","192001","30000","1","30000","0","30000","1","1","1","IAT0707191004","NHO2018000007","PAID","","193077"),
("IATT190001268","193027","191001","192003","43000","1","43000","0","43000","1","1","1","IAT0707191004","NHO2018000007","PAID","","193027"),
("IATT190001268","193051","191002","192010","20000","1","20000","0","20000","1","1","1","IAT0707191004","NHO2018000007","PAID","","193051"),
("IATT190001268","193047","191002","192010","8000","1","8000","0","8000","1","1","1","IAT0707191004","NHO2018000007","PAID","","193047"),
("IATT190001269","193084","191001","192001","30000","1","30000","0","30000","1","1","1","IAT0707191004","NHO2018000007","PAID","lvl 2","PEDAS"),
("IATT190001269","193022","191001","192003","30000","1","30000","0","30000","1","1","1","IAT0707191004","NHO2018000007","PAID","","193022"),
("IATT190001269","193070","191001","192012","13000","1","13000","0","13000","1","1","1","IAT0707191004","NHO2018000007","PAID","","193070"),
("IATT190001269","193056","191002","192010","17000","1","17000","0","17000","1","1","1","IAT0707191004","NHO2018000007","PAID","","193056"),
("IATT190001270","193009","191001","192001","40000","1","40000","0","40000","1","1","1","IAT0707191004","NHO2018000007","PAID","","193009"),
("IATT190001270","193082","191001","192001","30000","1","30000","0","30000","1","1","1","IAT0707191004","NHO2018000007","PAID","","193082"),
("IATT190001270","193046","191002","192010","8000","1","8000","0","8000","1","1","1","IAT0707191004","NHO2018000007","PAID","","193046"),
("IATT190001270","193049","191002","192010","10000","1","10000","0","10000","1","1","1","IAT0707191004","NHO2018000007","PAID","","193049"),
("IATT190001271","193082","191001","192001","30000","1","30000","0","30000","1","1","1","IAT0707191004","NHO2018000007","PAID","lvl 2","193082"),
("IATT190001271","193082","191001","192001","30000","1","30000","0","30000","2","1","1","IAT0707191004","NHO2018000007","PAID","","193082"),
("IATT190001271","193029","191001","192004","27000","1","27000","0","27000","1","1","1","IAT0707191004","NHO2018000007","PAID","","193029"),
("IATT190001271","193071","191001","192012","18000","1","18000","0","18000","1","1","1","IAT0707191004","NHO2018000007","PAID","","193071"),
("IATT190001271","193047","191002","192010","8000","1","8000","0","8000","1","1","1","IAT0707191004","NHO2018000007","PAID","","193047"),
("IATT190001271","193047","191002","192010","8000","1","8000","0","8000","2","1","1","IAT0707191004","NHO2018000007","PAID","","193047"),
("IATT190001271","193054","191002","192010","20000","1","20000","0","20000","1","1","1","IAT0707191004","NHO2018000007","PAID","","193054"),
("IATT190001270","193070","191001","192012","13000","1","13000","0","13000","1","1","2","IAT0707191004","NHO2018000007","PAID","","193070"),
("IATT190001264","193024","191001","192003","30000","1","30000","0","30000","2","1","3","IAT0707191004","NHO2018000007","PAID","take away ya... jadiin 2 kantong.. thank","193024"),
("IATT190001264","193024","191001","192003","30000","1","30000","0","30000","3","1","3","IAT0707191004","NHO2018000007","PAID","","193024"),
("IATT190001272","193032","191001","192004","30000","1","30000","0","30000","1","1","1","IAT0707191004","NHO2018000007","PAID","","193032"),
("IATT190001272","193029","191001","192004","27000","1","27000","0","27000","1","1","1","IAT0707191004","NHO2018000007","PAID","","193029"),
("IATT190001272","193028","191001","192003","43000","1","43000","0","43000","1","1","1","IAT0707191004","NHO2018000007","PAID","","193028"),
("IATT190001272","193047","191002","192010","8000","1","8000","0","8000","1","1","1","IAT0707191004","NHO2018000007","PAID","","193047"),
("IATT190001273","193027","191001","192003","43000","1","43000","0","43000","1","1","1","IAT0707191004","NHO2018000007","PAID","","193027"),
("IATT190001273","193027","191001","192003","43000","1","43000","0","43000","2","1","1","IAT0707191004","NHO2018000007","PAID","","193027"),
("IATT190001273","193047","191002","192010","8000","1","8000","0","8000","1","1","1","IAT0707191004","NHO2018000007","PAID","","193047"),
("IATT190001273","193047","191002","192010","8000","1","8000","0","8000","2","1","1","IAT0707191004","NHO2018000007","PAID","","193047"),
("IATT190001269","193070","191001","192012","13000","1","13000","0","13000","2","1","2","IAT0707191004","NHO2018000007","PAID","take away ya","193070"),
("IATT190001274","193016","191001","192002","37000","1","37000","0","37000","1","1","1","IAT0707191004","NHO2018000007","PAID","lvl 2","PEDAS"),
("IATT190001274","193047","191002","192010","8000","1","8000","0","8000","1","1","1","IAT0707191004","NHO2018000007","PAID","","193047"),
("IATT190001274","193048","191002","192010","8000","1","8000","0","8000","1","1","1","IAT0707191004","NHO2018000007","PAID","","193048"),
("IATT190001275","193078","191001","192001","30000","1","30000","0","30000","1","1","1","IAT0707191004","NHO2018000007","PAID","lvl 1","PEDAS"),
("IATT190001275","193027","191001","192003","43000","1","43000","0","43000","1","1","1","IAT0707191004","NHO2018000007","PAID","","193027"),
("IATT190001275","193056","191002","192010","17000","1","17000","0","17000","1","1","1","IAT0707191004","NHO2018000007","PAID","","193056"),
("IATT190001275","193050","191002","192010","20000","1","20000","0","20000","1","1","1","IAT0707191004","NHO2018000007","PAID","","193050"),
("IATT190001276","193086","191001","192002","33000","1","33000","0","33000","1","1","1","IAT0707191004","NHO2018000007","PAID","lvl 2\n take away","PEDAS"),
("IATT190001275","193048","191002","192010","8000","1","8000","0","8000","1","1","2","IAT0707191004","NHO2018000007","PAID","","193048");



INSERT INTO pos_salestemp VALUES("IATT190001235","","1","51000","0","5100","0","56100","106100","07/07/2019","12:14","2019-07-07","12:48:56","ISU000012","tbl0004","CLOSED","1","","IATR190001195","","","","","IAT0707191004","NHO2018000007"),
("IATT190001236","","2","117000","0","11700","0","128700","130000","07/07/2019","12:32","2019-07-07","13:19:13","ISU000012","tbl0011","CLOSED","1","","IATR190001196","","","","","IAT0707191004","NHO2018000007"),
("IATT190001237","","3","147000","0","14700","0","161700","161700","07/07/2019","13:01","2019-07-07","13:41:25","ISU000012","tbl0012","CLOSED","1","","IATR190001197","","","","","IAT0707191004","NHO2018000007"),
("IATT190001238","","2","97000","0","9700","0","106700","125700","07/07/2019","13:15","2019-07-07","13:44:18","ISU000012","tbl0004","CLOSED","1","","IATR190001198","","","","","IAT0707191004","NHO2018000007"),
("IATT190001239","","2","117000","0","11700","0","128700","128700","07/07/2019","13:20","2019-07-07","13:59:39","ISU000012","tbl0010","CLOSED","1","","IATR190001200","","","","","IAT0707191004","NHO2018000007"),
("IATT190001240","","2","114000","0","11400","0","125400","150000","07/07/2019","13:24","2019-07-07","13:50:10","ISU000012","tbl0015","CLOSED","1","","IATR190001199","","","","","IAT0707191004","NHO2018000007"),
("IATT190001241","","2","140000","0","14000","0","154000","154000","07/07/2019","13:53","2019-07-07","15:01:38","ISU000012","tbl0012","CLOSED","1","","IATR190001205","","","","","IAT0707191004","NHO2018000007"),
("IATT190001242","","6","224000","0","22400","0","246400","250000","07/07/2019","13:54","2019-07-07","15:00:33","ISU000012","tbl0011","CLOSED","1","","IATR190001204","","","","","IAT0707191004","NHO2018000007"),
("IATT190001243","","2","149000","0","14900","0","163900","165000","07/07/2019","14:03","2019-07-07","15:02:55","ISU000012","tbl0010","CLOSED","1","","IATR190001206","","","","","IAT0707191004","NHO2018000007"),
("IATT190001244","","3","167000","0","16700","0","183700","225000","07/07/2019","14:19","2019-07-07","14:58:07","ISU000011","tbl0013","CLOSED","1","","IATR190001203","","","","","IAT0707191004","NHO2018000007"),
("IATT190001245","","3","281000","0","28100","0","309100","375000","07/07/2019","14:25","2019-07-07","16:11:07","ISU000012","tbl0024","CLOSED","1","","IATR190001210","","","","","IAT0707191004","NHO2018000007"),
("IATT190001246","","2","99000","0","9900","0","108900","110000","07/07/2019","14:39","2019-07-07","14:43:17","ISU000012","tbl0019","CLOSED","1","","IATR190001201","","","","","IAT0707191004","NHO2018000007"),
("IATT190001247","","2","25000","0","2500","0","27500","27500","07/07/2019","14:43","2019-07-07","14:45:08","ISU000012","tbl0019","CLOSED","1","","IATR190001202","","","","","IAT0707191004","NHO2018000007"),
("IATT190001248","","2","111000","0","11100","0","122100","125000","07/07/2019","15:07","2019-07-07","15:32:25","ISU000012","tbl0015","CLOSED","1","","IATR190001207","","","","","IAT0707191004","NHO2018000007"),
("IATT190001249","","3","108000","0","10800","0","118800","125000","07/07/2019","15:21","2019-07-07","15:47:08","ISU000012","tbl0012","CLOSED","1","","IATR190001208","","","","","IAT0707191004","NHO2018000007"),
("IATT190001250","","1","95000","0","9500","0","104500","125000","07/07/2019","15:23","2019-07-07","15:56:31","ISU000012","tbl0010","CLOSED","1","","IATR190001209","","","","","IAT0707191004","NHO2018000007"),
("IATT190001251","","1","20000","0","2000","0","22000","50000","07/07/2019","15:43","2019-07-07","17:01:48","ISU000012","tbl0004","CLOSED","1","","IATR190001212","","","","","IAT0707191004","NHO2018000007"),
("IATT190001252","","4","152000","0","15200","0","167200","167200","07/07/2019","16:13","2019-07-07","16:52:13","ISU000012","tbl0012","CLOSED","1","","IATR190001211","","","","","IAT0707191004","NHO2018000007"),
("IATT190001253","","2","101000","0","10100","0","111100","111100","07/07/2019","16:42","2019-07-07","18:53:03","ISU000012","tbl0011","CLOSED","1","","IATR190001218","","","","","IAT0707191004","NHO2018000007"),
("IATT190001254","","2","93000","0","9300","0","102300","125000","07/07/2019","17:10","2019-07-07","17:53:16","ISU000012","tbl0012","CLOSED","1","","IATR190001213","","","","","IAT0707191004","NHO2018000007"),
("IATT190001255","","4","173000","0","17300","0","190300","191000","07/07/2019","17:12","2019-07-07","19:32:39","ISU000012","tbl0010","CLOSED","1","","IATR190001220","","","","","IAT0707191004","NHO2018000007"),
("IATT190001256","","2","197000","0","19700","0","216700","250000","07/07/2019","17:31","2019-07-07","18:14:20","ISU000012","tbl0013","CLOSED","1","","IATR190001215","","","","","IAT0707191004","NHO2018000007"),
("IATT190001257","","2","93000","0","9300","0","102300","120000","07/07/2019","17:40","2019-07-07","18:13:07","ISU000012","tbl0005","CLOSED","1","","IATR190001214","","","","","IAT0707191004","NHO2018000007"),
("IATT190001258","","1","43000","0","4300","0","47300","47300","07/07/2019","17:55","2019-07-07","18:39:24","ISU000012","tbl0024","CLOSED","1","","IATR190001216","","","","","IAT0707191004","NHO2018000007"),
("IATT190001259","","3","131000","0","13100","0","144100","144100","07/07/2019","18:07","2019-07-07","19:02:46","ISU000012","tbl0012","CLOSED","1","","IATR190001219","","","","","IAT0707191004","NHO2018000007"),
("IATT190001260","","1","63000","0","6300","0","69300","69300","07/07/2019","18:29","2019-07-07","18:46:10","ISU000012","tbl0004","CLOSED","1","","IATR190001217","","","","","IAT0707191004","NHO2018000007"),
("IATT190001261","","2","80000","0","8000","0","88000","100000","07/07/2019","18:53","2019-07-07","19:39:45","ISU000012","tbl0013","CLOSED","1","","IATR190001222","","","","","IAT0707191004","NHO2018000007"),
("IATT190001262","","1","90000","0","9000","0","99000","100000","07/07/2019","18:54","2019-07-07","19:44:53","ISU000012","tbl0041","CLOSED","1","","IATR190001224","","","","","IAT0707191004","NHO2018000007"),
("IATT190001263","","2","100000","0","10000","0","110000","110000","07/07/2019","18:55","2019-07-07","19:34:29","ISU000012","tbl0024","CLOSED","1","","IATR190001221","","","","","IAT0707191004","NHO2018000007"),
("IATT190001264","","4","322000","0","32200","0","354200","355000","07/07/2019","19:06","2019-07-07","20:24:07","ISU000012","tbl0011","CLOSED","1","","IATR190001227","","","","","IAT0707191004","NHO2018000007"),
("IATT190001265","","2","96000","24000","7200","0","79200","100000","07/07/2019","19:09","2019-07-07","19:42:01","ISU000012","tbl0012","CLOSED","1","","IATR190001223","","","","","IAT0707191004","NHO2018000007"),
("IATT190001266","","2","86000","0","8600","0","94600","100000","07/07/2019","19:28","2019-07-07","20:01:17","ISU000012","tbl0004","CLOSED","1","","IATR190001225","","","","","IAT0707191004","NHO2018000007"),
("IATT190001267","","1","0","0","0","0","0","0","07/07/2019","19:31","07/07/2019","19:31:18","ISU000012","tbl0018","CANCELED","1","PERMINTAAN CUSTOMER","","","","","","IAT0707191004","NHO2018000007"),
("IATT190001268","","2","101000","0","10100","0","111100","125000","07/07/2019","19:31","2019-07-07","20:16:38","ISU000012","tbl0018","CLOSED","1","","IATR190001226","","","","","IAT0707191004","NHO2018000007"),
("IATT190001269","","2","103000","0","10300","0","113300","113300","07/07/2019","19:34","2019-07-07","20:33:14","ISU000012","tbl0012","CLOSED","1","","IATR190001229","","","","","IAT0707191004","NHO2018000007"),
("IATT190001270","","2","101000","0","10100","0","111100","125100","07/07/2019","19:47","2019-07-07","20:39:44","ISU000012","tbl0006","CLOSED","1","","IATR190001230","","","","","IAT0707191004","NHO2018000007"),
("IATT190001271","","3","141000","0","14100","0","155100","225000","07/07/2019","19:48","2019-07-07","20:27:25","ISU000012","tbl0010","CLOSED","1","","IATR190001228","","","","","IAT0707191004","NHO2018000007"),
("IATT190001272","","2","108000","0","10800","0","118800","118800","07/07/2019","20:17","2019-07-07","20:42:22","ISU000012","tbl0013","CLOSED","1","","IATR190001231","","","","","IAT0707191004","NHO2018000007"),
("IATT190001273","","2","102000","0","10200","0","112200","125000","07/07/2019","20:25","2019-07-07","21:01:57","ISU000012","tbl0016","CLOSED","1","","IATR190001234","","","","","IAT0707191004","NHO2018000007"),
("IATT190001274","","2","53000","0","5300","0","58300","100000","07/07/2019","20:34","2019-07-07","20:54:08","ISU000012","tbl0011","CLOSED","1","","IATR190001233","","","","","IAT0707191004","NHO2018000007"),
("IATT190001275","","2","118000","0","11800","0","129800","145000","07/07/2019","20:48","2019-07-07","21:20:51","ISU000012","tbl0010","CLOSED","1","","IATR190001235","","","","","IAT0707191004","NHO2018000007"),
("IATT190001276","","1","33000","0","3300","0","36300","50000","07/07/2019","20:48","2019-07-07","20:49:17","ISU000012","tbl0040","CLOSED","1","","IATR190001232","","","","","IAT0707191004","NHO2018000007");



INSERT INTO item_void VALUES("IATT190001244","IAT0707191004","NHO2018000007","193028","193028","1","43000","Before Send","Komplen Customer"),
("IATT190001242","IAT0707191004","NHO2018000007","193021","ORIGINAL","1","40000","Before Send","Komplen Customer"),
("IATT190001242","IAT0707191004","NHO2018000007","193021","ORIGINAL","1","40000","Before Send","Komplen Customer");



INSERT INTO pos_promotion_h VALUES("IATT190001265","NPRM18000008","DISC ITEM","1","24000","eatigo 30%","IAT0707191004","PAID","NHO2018000007");



INSERT INTO pos_promotion_d VALUES("IATT190001265","NPRM18000008","DISC ITEM","1","1","193020","1","12000","IAT0707191004","PAID","NHO2018000007"),
("IATT190001265","NPRM18000008","DISC ITEM","1","1","193019","1","12000","IAT0707191004","PAID","NHO2018000007");



INSERT INTO pos_paymenttemp VALUES("IATT190001235","CASH","CASH","56100","106100","ISU000012","2019-07-07","","1","","CLOSED","IAT0707191004","NHO2018000007"),
("IATT190001236","VOUCHER","ISOIDE VOUCHER 25K","25000","25000","ISU000012","2019-07-07","","1","","CLOSED","IAT0707191004","NHO2018000007"),
("IATT190001236","CASH","CASH","103700","105000","ISU000012","2019-07-07","","1","","CLOSED","IAT0707191004","NHO2018000007"),
("IATT190001237","VOUCHER","ISOIDE VOUCHER 25K","25000","25000","ISU000012","2019-07-07","","1","","CLOSED","IAT0707191004","NHO2018000007"),
("IATT190001237","CASH","CASH","136700","136700","ISU000012","2019-07-07","","1","","CLOSED","IAT0707191004","NHO2018000007"),
("IATT190001238","VOUCHER","ISOIDE VOUCHER 25K","25000","25000","ISU000012","2019-07-07","","1","","CLOSED","IAT0707191004","NHO2018000007"),
("IATT190001238","CASH","CASH","81700","100700","ISU000012","2019-07-07","","1","","CLOSED","IAT0707191004","NHO2018000007"),
("IATT190001240","CASH","CASH","125400","150000","ISU000012","2019-07-07","","1","","CLOSED","IAT0707191004","NHO2018000007"),
("IATT190001239","VOUCHER","VOUCHER EATIGO 100K","100000","100000","ISU000012","2019-07-07","","1","","CLOSED","IAT0707191004","NHO2018000007"),
("IATT190001239","CARD","MASTER","28700","28700","ISU000012","2019-07-07","","1","","CLOSED","IAT0707191004","NHO2018000007"),
("IATT190001246","VOUCHER","VOUCHER EATIGO 100K","100000","100000","ISU000012","2019-07-07","","1","","CLOSED","IAT0707191004","NHO2018000007"),
("IATT190001246","CASH","CASH","8900","10000","ISU000012","2019-07-07","","1","","CLOSED","IAT0707191004","NHO2018000007"),
("IATT190001247","CASH","CASH","27500","27500","ISU000012","2019-07-07","","1","","CLOSED","IAT0707191004","NHO2018000007"),
("IATT190001242","VOUCHER","VOUCHER EATIGO 100K","100000","100000","ISU000012","2019-07-07","","1","","CLOSED","IAT0707191004","NHO2018000007"),
("IATT190001244","VOUCHER","ISOIDE VOUCHER 25K","25000","25000","ISU000011","2019-07-07","","1","","CLOSED","IAT0707191004","NHO2018000007"),
("IATT190001244","CASH","CASH","158700","200000","ISU000011","2019-07-07","","1","","CLOSED","IAT0707191004","NHO2018000007"),
("IATT190001242","CASH","CASH","146400","150000","ISU000012","2019-07-07","","1","","CLOSED","IAT0707191004","NHO2018000007"),
("IATT190001241","VOUCHER","VOUCHER EATIGO 100K","100000","100000","ISU000012","2019-07-07","","1","","CLOSED","IAT0707191004","NHO2018000007"),
("IATT190001241","CASH","CASH","54000","54000","ISU000012","2019-07-07","","1","","CLOSED","IAT0707191004","NHO2018000007"),
("IATT190001243","VOUCHER","VOUCHER EATIGO 100K","100000","100000","ISU000012","2019-07-07","","1","","CLOSED","IAT0707191004","NHO2018000007"),
("IATT190001243","CASH","CASH","63900","65000","ISU000012","2019-07-07","","1","","CLOSED","IAT0707191004","NHO2018000007"),
("IATT190001248","VOUCHER","ISOIDE VOUCHER 25K","25000","25000","ISU000012","2019-07-07","","1","","CLOSED","IAT0707191004","NHO2018000007"),
("IATT190001248","CASH","CASH","97100","100000","ISU000012","2019-07-07","","1","","CLOSED","IAT0707191004","NHO2018000007"),
("IATT190001249","VOUCHER","ISOIDE VOUCHER 25K","25000","25000","ISU000012","2019-07-07","","1","","CLOSED","IAT0707191004","NHO2018000007"),
("IATT190001249","CASH","CASH","93800","100000","ISU000012","2019-07-07","","1","","CLOSED","IAT0707191004","NHO2018000007"),
("IATT190001250","VOUCHER","ISOIDE VOUCHER 25K","25000","25000","ISU000012","2019-07-07","","1","","CLOSED","IAT0707191004","NHO2018000007"),
("IATT190001250","CASH","CASH","79500","100000","ISU000012","2019-07-07","","1","","CLOSED","IAT0707191004","NHO2018000007"),
("IATT190001245","VOUCHER","ISOIDE VOUCHER 25K","25000","25000","ISU000012","2019-07-07","","1","","CLOSED","IAT0707191004","NHO2018000007"),
("IATT190001245","VOUCHER","ISOIDE VOUCHER 25K","25000","25000","ISU000012","2019-07-07","","1","","CLOSED","IAT0707191004","NHO2018000007"),
("IATT190001245","VOUCHER","ISOIDE VOUCHER 25K","25000","25000","ISU000012","2019-07-07","","1","","CLOSED","IAT0707191004","NHO2018000007"),
("IATT190001245","CASH","CASH","234100","300000","ISU000012","2019-07-07","","1","","CLOSED","IAT0707191004","NHO2018000007"),
("IATT190001252","VOUCHER","ISOIDE VOUCHER 25K","25000","25000","ISU000012","2019-07-07","","1","","CLOSED","IAT0707191004","NHO2018000007"),
("IATT190001252","CARD","MASTER","142200","142200","ISU000012","2019-07-07","","1","","CLOSED","IAT0707191004","NHO2018000007"),
("IATT190001251","CASH","CASH","22000","50000","ISU000012","2019-07-07","","1","","CLOSED","IAT0707191004","NHO2018000007"),
("IATT190001254","VOUCHER","ISOIDE VOUCHER 25K","25000","25000","ISU000012","2019-07-07","","1","","CLOSED","IAT0707191004","NHO2018000007"),
("IATT190001254","CASH","CASH","77300","100000","ISU000012","2019-07-07","","1","","CLOSED","IAT0707191004","NHO2018000007"),
("IATT190001257","CASH","CASH","102300","120000","ISU000012","2019-07-07","","1","","CLOSED","IAT0707191004","NHO2018000007"),
("IATT190001256","VOUCHER","ISOIDE VOUCHER 25K","25000","25000","ISU000012","2019-07-07","","1","","CLOSED","IAT0707191004","NHO2018000007"),
("IATT190001256","VOUCHER","ISOIDE VOUCHER 25K","25000","25000","ISU000012","2019-07-07","","1","","CLOSED","IAT0707191004","NHO2018000007"),
("IATT190001256","CASH","CASH","166700","200000","ISU000012","2019-07-07","","1","","CLOSED","IAT0707191004","NHO2018000007"),
("IATT190001258","CASH","CASH","47300","47300","ISU000012","2019-07-07","","1","","CLOSED","IAT0707191004","NHO2018000007"),
("IATT190001260","CARD","MASTER","69300","69300","ISU000012","2019-07-07","","1","","CLOSED","IAT0707191004","NHO2018000007"),
("IATT190001253","VOUCHER","ISOIDE VOUCHER 25K","25000","25000","ISU000012","2019-07-07","","1","","CLOSED","IAT0707191004","NHO2018000007"),
("IATT190001253","CARD","DEBIT BCA","86100","86100","ISU000012","2019-07-07","","1","","CLOSED","IAT0707191004","NHO2018000007"),
("IATT190001259","CARD","VISA","144100","144100","ISU000012","2019-07-07","","1","","CLOSED","IAT0707191004","NHO2018000007"),
("IATT190001255","VOUCHER","ISOIDE VOUCHER 25K","25000","25000","ISU000012","2019-07-07","","1","","CLOSED","IAT0707191004","NHO2018000007"),
("IATT190001255","CASH","CASH","165300","166000","ISU000012","2019-07-07","","1","","CLOSED","IAT0707191004","NHO2018000007"),
("IATT190001263","VOUCHER","ISOIDE VOUCHER 25K","25000","25000","ISU000012","2019-07-07","","1","","CLOSED","IAT0707191004","NHO2018000007"),
("IATT190001263","CARD","VISA","85000","85000","ISU000012","2019-07-07","","1","","CLOSED","IAT0707191004","NHO2018000007"),
("IATT190001261","VOUCHER","VOUCHER EATIGO 100K","100000","100000","ISU000012","2019-07-07","","1","","CLOSED","IAT0707191004","NHO2018000007"),
("IATT190001265","CASH","CASH","79200","100000","ISU000012","2019-07-07","","1","","CLOSED","IAT0707191004","NHO2018000007"),
("IATT190001262","VOUCHER","VOUCHER EATIGO 100K","100000","100000","ISU000012","2019-07-07","","1","","CLOSED","IAT0707191004","NHO2018000007"),
("IATT190001266","CASH","CASH","94600","100000","ISU000012","2019-07-07","","1","","CLOSED","IAT0707191004","NHO2018000007"),
("IATT190001268","VOUCHER","ISOIDE VOUCHER 25K","25000","25000","ISU000012","2019-07-07","","1","","CLOSED","IAT0707191004","NHO2018000007"),
("IATT190001268","CASH","CASH","86100","100000","ISU000012","2019-07-07","","1","","CLOSED","IAT0707191004","NHO2018000007"),
("IATT190001264","VOUCHER","ISOIDE VOUCHER 25K","25000","25000","ISU000012","2019-07-07","","1","","CLOSED","IAT0707191004","NHO2018000007"),
("IATT190001264","VOUCHER","ISOIDE VOUCHER 25K","25000","25000","ISU000012","2019-07-07","","1","","CLOSED","IAT0707191004","NHO2018000007"),
("IATT190001264","VOUCHER","ISOIDE VOUCHER 25K","25000","25000","ISU000012","2019-07-07","","1","","CLOSED","IAT0707191004","NHO2018000007"),
("IATT190001264","CASH","CASH","279200","280000","ISU000012","2019-07-07","","1","","CLOSED","IAT0707191004","NHO2018000007"),
("IATT190001271","VOUCHER","ISOIDE VOUCHER 25K","25000","25000","ISU000012","2019-07-07","","1","","CLOSED","IAT0707191004","NHO2018000007"),
("IATT190001271","CASH","CASH","130100","200000","ISU000012","2019-07-07","","1","","CLOSED","IAT0707191004","NHO2018000007"),
("IATT190001269","VOUCHER","ISOIDE VOUCHER 25K","25000","25000","ISU000012","2019-07-07","","1","","CLOSED","IAT0707191004","NHO2018000007"),
("IATT190001269","CARD","DEBIT BCA","88300","88300","ISU000012","2019-07-07","","1","","CLOSED","IAT0707191004","NHO2018000007"),
("IATT190001270","VOUCHER","ISOIDE VOUCHER 25K","25000","25000","ISU000012","2019-07-07","","1","","CLOSED","IAT0707191004","NHO2018000007"),
("IATT190001270","CASH","CASH","86100","100100","ISU000012","2019-07-07","","1","","CLOSED","IAT0707191004","NHO2018000007"),
("IATT190001272","VOUCHER","ISOIDE VOUCHER 25K","25000","25000","ISU000012","2019-07-07","","1","","CLOSED","IAT0707191004","NHO2018000007"),
("IATT190001272","CARD","VISA","93800","93800","ISU000012","2019-07-07","","1","","CLOSED","IAT0707191004","NHO2018000007"),
("IATT190001276","CASH","CASH","36300","50000","ISU000012","2019-07-07","","1","","CLOSED","IAT0707191004","NHO2018000007"),
("IATT190001274","CASH","CASH","58300","100000","ISU000012","2019-07-07","","1","","CLOSED","IAT0707191004","NHO2018000007"),
("IATT190001273","VOUCHER","ISOIDE VOUCHER 25K","25000","25000","ISU000012","2019-07-07","","1","","CLOSED","IAT0707191004","NHO2018000007"),
("IATT190001273","CASH","CASH","87200","100000","ISU000012","2019-07-07","","1","","CLOSED","IAT0707191004","NHO2018000007"),
("IATT190001275","VOUCHER","ISOIDE VOUCHER 25K","25000","25000","ISU000012","2019-07-07","","1","","CLOSED","IAT0707191004","NHO2018000007"),
("IATT190001275","CASH","CASH","104800","120000","ISU000012","2019-07-07","","1","","CLOSED","IAT0707191004","NHO2018000007");



