INSERT INTO pos_itemtemp VALUES("IATT190003694","193084","191001","192001","30000","1","30000","13200","16800","1","1","1","IAT0811191122","NHO2018000007","PAID","Level 5","PEDAS"),
("IATT190003694","193113","191001","192003","55000","1","55000","0","55000","1","1","1","IAT0811191122","NHO2018000007","PAID","","193113"),
("IATT190003694","193022","191001","192003","30000","1","30000","0","30000","1","1","1","IAT0811191122","NHO2018000007","PAID","","193022"),
("IATT190003694","193012","191001","192001","40000","1","40000","17600","22400","1","1","1","IAT0811191122","NHO2018000007","PAID","","193012"),
("IATT190003694","193084","191001","192001","30000","1","30000","13200","16800","2","1","1","IAT0811191122","NHO2018000007","PAID","","PEDAS"),
("IATT190003694","193047","191002","192010","10000","1","10000","0","10000","1","1","1","IAT0811191122","NHO2018000007","PAID","","193047"),
("IATT190003694","193047","191002","192010","10000","1","10000","0","10000","2","1","1","IAT0811191122","NHO2018000007","PAID","","193047"),
("IATT190003694","193047","191002","192010","10000","1","10000","0","10000","3","1","1","IAT0811191122","NHO2018000007","PAID","","193047"),
("IATT190003694","193056","191002","192010","17000","1","17000","0","17000","1","1","1","IAT0811191122","NHO2018000007","PAID","","193056"),
("IATT190003694","193052","191002","192010","20000","1","20000","0","20000","1","1","1","IAT0811191122","NHO2018000007","PAID","","193052"),
("IATT190003695","193008","191001","192001","37000","1","37000","16280","20720","1","1","1","IAT0811191122","NHO2018000007","PAID","","193008"),
("IATT190003695","193007","191001","192001","37000","1","37000","16280","20720","1","1","1","IAT0811191122","NHO2018000007","PAID","","ORIGINAL"),
("IATT190003695","193019","191001","192002","40000","1","40000","17600","22400","1","1","1","IAT0811191122","NHO2018000007","PAID","","ORIGINAL"),
("IATT190003695","193021","191001","192002","40000","1","40000","17600","22400","1","1","1","IAT0811191122","NHO2018000007","PAID","","ORIGINAL"),
("IATT190003695","193017","191001","192002","37000","1","37000","16280","20720","1","1","1","IAT0811191122","NHO2018000007","PAID","","193017"),
("IATT190003695","193047","191002","192010","10000","1","10000","0","10000","1","1","1","IAT0811191122","NHO2018000007","PAID","","193047"),
("IATT190003695","193055","191002","192010","17000","1","17000","0","17000","1","1","1","IAT0811191122","NHO2018000007","PAID","","193055"),
("IATT190003696","193009","191001","192001","40000","1","40000","17600","22400","1","1","1","IAT0811191122","NHO2018000007","PAID","","193009"),
("IATT190003696","193011","191001","192001","40000","1","40000","17600","22400","1","1","1","IAT0811191122","NHO2018000007","PAID","","PEDAS"),
("IATT190003696","193016","191001","192002","37000","1","37000","16280","20720","1","1","1","IAT0811191122","NHO2018000007","PAID","","PEDAS"),
("IATT190003696","193056","191002","192010","17000","1","17000","0","17000","1","1","1","IAT0811191122","NHO2018000007","PAID","","193056"),
("IATT190003697","193033","191001","192005","42000","1","42000","0","42000","1","1","1","IAT0811191122","NHO2018000007","PAID","","193033"),
("IATT190003697","193019","191001","192002","40000","1","40000","0","40000","1","1","1","IAT0811191122","NHO2018000007","PAID","sayur sedikit","PEDAS"),
("IATT190003697","193024","191001","192003","30000","1","30000","0","30000","1","1","1","IAT0811191122","NHO2018000007","PAID","","193024"),
("IATT190003697","193020","191001","192002","40000","1","40000","0","40000","1","1","1","IAT0811191122","NHO2018000007","PAID","sayur sedikit","193020"),
("IATT190003697","193055","191002","192010","17000","1","17000","0","17000","1","1","1","IAT0811191122","NHO2018000007","PAID","","193055"),
("IATT190003697","193055","191002","192010","17000","1","17000","0","17000","2","1","1","IAT0811191122","NHO2018000007","PAID","","193055"),
("IATT190003697","193052","191002","192010","20000","1","20000","0","20000","1","1","1","IAT0811191122","NHO2018000007","PAID","","193052"),
("IATT190003697","193047","191002","192010","10000","1","10000","0","10000","1","1","1","IAT0811191122","NHO2018000007","PAID","","193047"),
("IATT190003698","193022","191001","192003","30000","1","30000","0","30000","1","1","1","IAT0811191122","NHO2018000007","PAID","","193022"),
("IATT190003698","193024","191001","192003","30000","1","30000","0","30000","1","1","1","IAT0811191122","NHO2018000007","PAID","","193024"),
("IATT190003698","193027","191001","192003","43000","1","43000","0","43000","1","1","1","IAT0811191122","NHO2018000007","PAID","","193027"),
("IATT190003698","193028","191001","192003","43000","1","43000","0","43000","1","1","1","IAT0811191122","NHO2018000007","PAID","","193028"),
("IATT190003698","193054","191002","192010","20000","1","20000","0","20000","1","1","1","IAT0811191122","NHO2018000007","PAID","","193054"),
("IATT190003698","193053","191002","192010","20000","1","20000","0","20000","1","1","1","IAT0811191122","NHO2018000007","PAID","","193053"),
("IATT190003698","193055","191002","192010","17000","1","17000","0","17000","1","1","1","IAT0811191122","NHO2018000007","PAID","","193055"),
("IATT190003698","193052","191002","192010","20000","1","20000","0","20000","1","1","1","IAT0811191122","NHO2018000007","PAID","","193052"),
("IATT190003699","193030","191001","192004","27000","1","27000","0","27000","1","1","1","IAT0811191122","NHO2018000007","PAID","","193030"),
("IATT190003699","193015","191001","192002","33000","1","33000","0","33000","1","1","1","IAT0811191122","NHO2018000007","PAID","","PEDAS"),
("IATT190003699","193052","191002","192010","20000","1","20000","0","20000","1","1","1","IAT0811191122","NHO2018000007","PAID","","193052"),
("IATT190003699","193056","191002","192010","17000","1","17000","0","17000","1","1","1","IAT0811191122","NHO2018000007","PAID","","193056"),
("IATT190003699","193118","191001","192012","20000","1","20000","0","20000","1","1","2","IAT0811191122","NHO2018000007","PAID","","193118"),
("IATT190003699","193118","191001","192012","20000","1","20000","0","20000","2","1","2","IAT0811191122","NHO2018000007","PAID","","193118"),
("IATT190003700","193036","191001","192006","36000","1","36000","15840","20160","1","1","1","IAT0811191122","NHO2018000007","PAID","","ORIGINAL"),
("IATT190003700","193070","191001","192012","13000","1","13000","5720","7280","1","1","1","IAT0811191122","NHO2018000007","PAID","","193070"),
("IATT190003700","193054","191002","192010","20000","1","20000","0","20000","1","1","1","IAT0811191122","NHO2018000007","PAID","","193054"),
("IATT190003701","193005","191001","192001","37000","1","37000","16280","20720","1","1","1","IAT0811191122","NHO2018000007","PAID","","193005"),
("IATT190003701","193017","191001","192002","37000","1","37000","16280","20720","1","1","1","IAT0811191122","NHO2018000007","PAID","","193017"),
("IATT190003701","193011","191001","192001","40000","1","40000","17600","22400","1","1","1","IAT0811191122","NHO2018000007","PAID","","PEDAS"),
("IATT190003701","193084","191001","192001","30000","1","30000","13200","16800","1","1","1","IAT0811191122","NHO2018000007","PAID","","PEDAS"),
("IATT190003701","193010","191001","192001","40000","1","40000","17600","22400","1","1","1","IAT0811191122","NHO2018000007","PAID","","193010"),
("IATT190003701","193020","191001","192002","40000","1","40000","17600","22400","1","1","1","IAT0811191122","NHO2018000007","PAID","","193020"),
("IATT190003701","193052","191002","192010","20000","1","20000","0","20000","1","1","1","IAT0811191122","NHO2018000007","PAID","","193052"),
("IATT190003701","193052","191002","192010","20000","1","20000","0","20000","2","1","1","IAT0811191122","NHO2018000007","PAID","","193052"),
("IATT190003701","193049","191002","192010","10000","1","10000","0","10000","1","1","1","IAT0811191122","NHO2018000007","PAID","","193049"),
("IATT190003701","193055","191002","192010","17000","1","17000","0","17000","1","1","1","IAT0811191122","NHO2018000007","PAID","","193055"),
("IATT190003701","193055","191002","192010","17000","1","17000","0","17000","2","1","1","IAT0811191122","NHO2018000007","PAID","","193055"),
("IATT190003701","193055","191002","192010","17000","1","17000","0","17000","3","1","1","IAT0811191122","NHO2018000007","PAID","","193055"),
("IATT190003703","193174","191001","192015","23636","1","23636","0","23636","1","1","1","IAT0811191122","NHO2018000007","PAID","","193174"),
("IATT190003704","193024","191001","192003","30000","1","30000","0","30000","1","1","1","IAT0811191122","NHO2018000007","PAID","","193024"),
("IATT190003704","193056","191002","192010","17000","1","17000","0","17000","1","1","1","IAT0811191122","NHO2018000007","PAID","","193056"),
("IATT190003705","193082","191001","192001","30000","1","30000","14040","15960","1","1","1","IAT0811191122","NHO2018000007","PAID","","193082"),
("IATT190003705","193082","191001","192001","30000","1","30000","14040","15960","2","1","1","IAT0811191122","NHO2018000007","PAID","","193082"),
("IATT190003705","193009","191001","192001","40000","1","40000","18720","21280","1","1","1","IAT0811191122","NHO2018000007","PAID","","193009"),
("IATT190003705","193009","191001","192001","40000","1","40000","18720","21280","2","1","1","IAT0811191122","NHO2018000007","PAID","","193009"),
("IATT190003705","193056","191002","192010","17000","1","17000","850","16150","1","1","1","IAT0811191122","NHO2018000007","PAID","","193056"),
("IATT190003705","193056","191002","192010","17000","1","17000","850","16150","2","1","1","IAT0811191122","NHO2018000007","PAID","","193056"),
("IATT190003705","193056","191002","192010","17000","1","17000","850","16150","3","1","1","IAT0811191122","NHO2018000007","PAID","","193056"),
("IATT190003705","193055","191002","192010","17000","1","17000","850","16150","1","1","1","IAT0811191122","NHO2018000007","PAID","","193055"),
("IATT190003706","193096","191001","192008","50000","1","50000","0","50000","1","1","1","IAT0811191122","NHO2018000007","PAID","","193096"),
("IATT190003706","193032","191001","192004","30000","1","30000","13200","16800","1","1","1","IAT0811191122","NHO2018000007","PAID","","193032"),
("IATT190003706","193056","191002","192010","17000","1","17000","0","17000","1","1","1","IAT0811191122","NHO2018000007","PAID","","193056"),
("IATT190003706","193056","191002","192010","17000","1","17000","0","17000","2","1","1","IAT0811191122","NHO2018000007","PAID","","193056"),
("IATT190003706","193052","191002","192010","20000","1","20000","0","20000","1","1","1","IAT0811191122","NHO2018000007","PAID","","193052"),
("IATT190003707","193084","191001","192001","30000","1","30000","13200","16800","1","1","1","IAT0811191122","NHO2018000007","PAID","level 1","ORIGINAL"),
("IATT190003707","193028","191001","192003","43000","1","43000","0","43000","1","1","1","IAT0811191122","NHO2018000007","PAID","","193028"),
("IATT190003707","193056","191002","192010","17000","1","17000","0","17000","1","1","1","IAT0811191122","NHO2018000007","PAID","","193056"),
("IATT190003707","193055","191002","192010","17000","1","17000","0","17000","1","1","1","IAT0811191122","NHO2018000007","PAID","","193055"),
("IATT190003708","193012","191001","192001","40000","1","40000","17600","22400","1","1","1","IAT0811191122","NHO2018000007","PAID","","193012"),
("IATT190003708","193084","191001","192001","30000","1","30000","13200","16800","1","1","1","IAT0811191122","NHO2018000007","PAID","","ORIGINAL"),
("IATT190003708","193056","191002","192010","17000","1","17000","0","17000","1","1","1","IAT0811191122","NHO2018000007","PAID","","193056"),
("IATT190003708","193047","191002","192010","10000","1","10000","0","10000","1","1","1","IAT0811191122","NHO2018000007","PAID","","193047"),
("IATT190003708","193048","191002","192010","8000","1","8000","0","8000","1","1","1","IAT0811191122","NHO2018000007","PAID","","193048"),
("IATT190003709","193071","191001","192012","18000","1","18000","8424","9576","1","1","1","IAT0811191122","NHO2018000007","PAID","","193071"),
("IATT190003710","193011","191001","192001","40000","1","40000","17600","22400","1","1","1","IAT0811191122","NHO2018000007","PAID","","ORIGINAL"),
("IATT190003710","193052","191002","192010","20000","1","20000","0","20000","1","1","1","IAT0811191122","NHO2018000007","PAID","","193052"),
("IATT190003710","193052","191002","192010","20000","1","20000","0","20000","2","1","1","IAT0811191122","NHO2018000007","PAID","","193052"),
("IATT190003710","193052","191002","192010","20000","1","20000","0","20000","3","1","2","IAT0811191122","NHO2018000007","PAID","","193052"),
("IATT190003710","193052","191002","192010","20000","1","20000","0","20000","4","1","2","IAT0811191122","NHO2018000007","PAID","","193052"),
("IATT190003710","193056","191002","192010","17000","1","17000","0","17000","1","1","2","IAT0811191122","NHO2018000007","PAID","","193056"),
("IATT190003710","193056","191002","192010","17000","1","17000","0","17000","2","1","2","IAT0811191122","NHO2018000007","PAID","","193056"),
("IATT190003710","193040","191001","192008","20000","1","20000","0","20000","1","1","2","IAT0811191122","NHO2018000007","PAID","","193040"),
("IATT190003710","193040","191001","192008","20000","1","20000","0","20000","2","1","2","IAT0811191122","NHO2018000007","PAID","","193040"),
("IATT190003710","193083","191001","192001","30000","1","30000","13200","16800","1","1","2","IAT0811191122","NHO2018000007","PAID","","193083");



INSERT INTO pos_salestemp VALUES("IATT190003694","","4","252000","44000","20800","0","228800","250000","08/11/2019","12:12","2019-11-08","12:56:42","ISU000004","tbl0013","CLOSED","1","","IATR190003591","","","","","IAT0811191122","NHO2018000007"),
("IATT190003695","","4","218000","84040","13396","0","147356","150000","08/11/2019","12:23","2019-11-08","13:14:16","ISU000004","tbl0022","CLOSED","1","","IATR190003593","","","","","IAT0811191122","NHO2018000007"),
("IATT190003696","NHM2019003457 Marsha Grasiani Hadiana Putri","3","134000","51480","8252","0","90772","100000","08/11/2019","12:25","2019-11-08","13:06:42","ISU000004","tbl0011","CLOSED","1","","IATR190003592","","","","","IAT0811191122","NHO2018000007"),
("IATT190003697","","3","216000","0","21600","0","237600","250000","08/11/2019","12:29","2019-11-08","13:18:32","ISU000004","tbl0012","CLOSED","1","","IATR190003594","","","","","IAT0811191122","NHO2018000007"),
("IATT190003698","","4","223000","0","22300","0","245300","250000","08/11/2019","12:32","2019-11-08","13:26:54","ISU000004","tbl0010","CLOSED","1","","IATR190003595","","","","","IAT0811191122","NHO2018000007"),
("IATT190003699","","2","137000","0","13700","0","150700","150700","08/11/2019","13:19","2019-11-08","14:05:04","ISU000004","tbl0018","CLOSED","1","","IATR190003596","","","","","IAT0811191122","NHO2018000007"),
("IATT190003700","","1","69000","21560","4744","0","52184","100000","08/11/2019","13:37","2019-11-08","14:11:37","ISU000004","tbl0008","CLOSED","1","","IATR190003597","","","","","IAT0811191122","NHO2018000007"),
("IATT190003701","","5","325000","98560","22644","0","249084","249084","08/11/2019","14:18","2019-11-08","15:14:30","ISU000004","tbl0022","CLOSED","1","","IATR190003598","","","","","IAT0811191122","NHO2018000007"),
("IATT190003702","","2","0","0","0","0","0","0","08/11/2019","14:30","08/11/2019","21:59:26","ISU000004","tbl0001","CANCELED","1","PERMINTAAN CUSTOMER","","","","","","IAT0811191122","NHO2018000007"),
("IATT190003703","","1","23636","0","2364","0","26000","26000","08/11/2019","15:52","2019-11-08","15:56:03","ISU000004","tbl0002","CLOSED","1","go food","IATR190003599","","","","","IAT0811191122","NHO2018000007"),
("IATT190003704","","1","47000","0","4700","0","51700","51700","08/11/2019","16:20","2019-11-08","16:59:45","ISU000004","tbl0008","CLOSED","1","","IATR190003600","","","","","IAT0811191122","NHO2018000007"),
("IATT190003705","","4","208000","68920","13908","0","152988","152988","08/11/2019","18:33","2019-11-08","19:44:15","ISU000004","tbl0010","CLOSED","1","","IATR190003601","","","","","IAT0811191122","NHO2018000007"),
("IATT190003706","","3","134000","13200","12080","0","132880","150000","08/11/2019","19:20","2019-11-08","19:55:08","ISU000004","tbl0012","CLOSED","1","","IATR190003602","","","","","IAT0811191122","NHO2018000007"),
("IATT190003707","","2","107000","13200","9380","0","103180","110000","08/11/2019","19:48","2019-11-08","20:20:18","ISU000004","tbl0011","CLOSED","1","","IATR190003604","","","","","IAT0811191122","NHO2018000007"),
("IATT190003708","","2","105000","30800","7420","0","81620","100000","08/11/2019","19:50","2019-11-08","20:25:44","ISU000004","tbl0014","CLOSED","1","","IATR190003605","","","","","IAT0811191122","NHO2018000007"),
("IATT190003709","","1","18000","8424","958","0","10534","50000","08/11/2019","19:57","2019-11-08","19:58:35","ISU000004","tbl0005","CLOSED","1","","IATR190003603","","","","","IAT0811191122","NHO2018000007"),
("IATT190003710","","2","224000","30800","19320","0","212520","212520","08/11/2019","20:28","2019-11-08","21:35:08","ISU000004","tbl0023","CLOSED","1","","IATR190003606","","","","","IAT0811191122","NHO2018000007");



INSERT INTO item_void VALUES("IATT190003702","IAT0811191122","NHO2018000007","193082","193082","1","30000","Before Send","Komplen Customer"),
("IATT190003702","IAT0811191122","NHO2018000007","193035","PEDAS","1","32000","Before Send","Komplen Customer");



INSERT INTO pos_promotion_h VALUES("IATT190003694","NPRM18000020","DISC ITEM","1","44000","PROMO LAGI VIRAL 30%+20%","IAT0811191122","PAID","NHO2018000007"),
("IATT190003696","NPRM18000020","DISC ITEM","1","51480","PROMO LAGI VIRAL 30%+20%","IAT0811191122","PAID","NHO2018000007"),
("IATT190003695","NPRM18000020","DISC ITEM","1","84040","PROMO LAGI VIRAL 30%+20%","IAT0811191122","PAID","NHO2018000007"),
("IATT190003700","NPRM18000020","DISC ITEM","1","21560","PROMO LAGI VIRAL 30%+20%","IAT0811191122","PAID","NHO2018000007"),
("IATT190003701","NPRM18000020","DISC ITEM","1","98560","PROMO LAGI VIRAL 30%+20%","IAT0811191122","PAID","NHO2018000007"),
("IATT190003705","NPRM18000020","DISC ITEM","1","61600","PROMO LAGI VIRAL 30%+20%","IAT0811191122","PAID","NHO2018000007"),
("IATT190003705","NPRM18000018","DISC ALL","1","7320","CRM DISC 5%","IAT0811191122","PAID","NHO2018000007"),
("IATT190003706","NPRM18000020","DISC ITEM","1","13200","PROMO LAGI VIRAL 30%+20%","IAT0811191122","PAID","NHO2018000007"),
("IATT190003709","NPRM18000020","DISC ITEM","1","7920","PROMO LAGI VIRAL 30%+20%","IAT0811191122","PAID","NHO2018000007"),
("IATT190003709","NPRM18000018","DISC ALL","1","504","CRM DISC 5%","IAT0811191122","PAID","NHO2018000007"),
("IATT190003707","NPRM18000020","DISC ITEM","1","13200","PROMO LAGI VIRAL 30%+20%","IAT0811191122","PAID","NHO2018000007"),
("IATT190003708","NPRM18000020","DISC ITEM","1","30800","PROMO LAGI VIRAL 30%+20%","IAT0811191122","PAID","NHO2018000007"),
("IATT190003710","NPRM18000020","DISC ITEM","1","30800","PROMO LAGI VIRAL 30%+20%","IAT0811191122","PAID","NHO2018000007");



INSERT INTO pos_promotion_d VALUES("IATT190003694","NPRM18000020","DISC ITEM","1","1","193084","1","13200","IAT0811191122","PAID","NHO2018000007"),
("IATT190003694","NPRM18000020","DISC ITEM","1","1","193012","1","17600","IAT0811191122","PAID","NHO2018000007"),
("IATT190003694","NPRM18000020","DISC ITEM","1","1","193084","2","13200","IAT0811191122","PAID","NHO2018000007"),
("IATT190003696","NPRM18000020","DISC ITEM","1","1","193009","1","17600","IAT0811191122","PAID","NHO2018000007"),
("IATT190003696","NPRM18000020","DISC ITEM","1","1","193011","1","17600","IAT0811191122","PAID","NHO2018000007"),
("IATT190003696","NPRM18000020","DISC ITEM","1","1","193016","1","16280","IAT0811191122","PAID","NHO2018000007"),
("IATT190003695","NPRM18000020","DISC ITEM","1","1","193008","1","16280","IAT0811191122","PAID","NHO2018000007"),
("IATT190003695","NPRM18000020","DISC ITEM","1","1","193007","1","16280","IAT0811191122","PAID","NHO2018000007"),
("IATT190003695","NPRM18000020","DISC ITEM","1","1","193019","1","17600","IAT0811191122","PAID","NHO2018000007"),
("IATT190003695","NPRM18000020","DISC ITEM","1","1","193021","1","17600","IAT0811191122","PAID","NHO2018000007"),
("IATT190003695","NPRM18000020","DISC ITEM","1","1","193017","1","16280","IAT0811191122","PAID","NHO2018000007"),
("IATT190003700","NPRM18000020","DISC ITEM","1","1","193036","1","15840","IAT0811191122","PAID","NHO2018000007"),
("IATT190003700","NPRM18000020","DISC ITEM","1","1","193070","1","5720","IAT0811191122","PAID","NHO2018000007"),
("IATT190003701","NPRM18000020","DISC ITEM","1","1","193005","1","16280","IAT0811191122","PAID","NHO2018000007"),
("IATT190003701","NPRM18000020","DISC ITEM","1","1","193017","1","16280","IAT0811191122","PAID","NHO2018000007"),
("IATT190003701","NPRM18000020","DISC ITEM","1","1","193011","1","17600","IAT0811191122","PAID","NHO2018000007"),
("IATT190003701","NPRM18000020","DISC ITEM","1","1","193084","1","13200","IAT0811191122","PAID","NHO2018000007"),
("IATT190003701","NPRM18000020","DISC ITEM","1","1","193010","1","17600","IAT0811191122","PAID","NHO2018000007"),
("IATT190003701","NPRM18000020","DISC ITEM","1","1","193020","1","17600","IAT0811191122","PAID","NHO2018000007"),
("IATT190003705","NPRM18000020","DISC ITEM","1","1","193082","1","13200","IAT0811191122","PAID","NHO2018000007"),
("IATT190003705","NPRM18000020","DISC ITEM","1","1","193082","2","13200","IAT0811191122","PAID","NHO2018000007"),
("IATT190003705","NPRM18000020","DISC ITEM","1","1","193009","1","17600","IAT0811191122","PAID","NHO2018000007"),
("IATT190003705","NPRM18000020","DISC ITEM","1","1","193009","2","17600","IAT0811191122","PAID","NHO2018000007"),
("IATT190003705","NPRM18000018","DISC ALL","1","1","193082","1","840","IAT0811191122","PAID","NHO2018000007"),
("IATT190003705","NPRM18000018","DISC ALL","1","1","193082","2","840","IAT0811191122","PAID","NHO2018000007"),
("IATT190003705","NPRM18000018","DISC ALL","1","1","193009","1","1120","IAT0811191122","PAID","NHO2018000007"),
("IATT190003705","NPRM18000018","DISC ALL","1","1","193009","2","1120","IAT0811191122","PAID","NHO2018000007"),
("IATT190003705","NPRM18000018","DISC ALL","1","1","193056","1","850","IAT0811191122","PAID","NHO2018000007"),
("IATT190003705","NPRM18000018","DISC ALL","1","1","193056","2","850","IAT0811191122","PAID","NHO2018000007"),
("IATT190003705","NPRM18000018","DISC ALL","1","1","193056","3","850","IAT0811191122","PAID","NHO2018000007"),
("IATT190003705","NPRM18000018","DISC ALL","1","1","193055","1","850","IAT0811191122","PAID","NHO2018000007"),
("IATT190003706","NPRM18000020","DISC ITEM","1","1","193032","1","13200","IAT0811191122","PAID","NHO2018000007"),
("IATT190003709","NPRM18000020","DISC ITEM","1","1","193071","1","7920","IAT0811191122","PAID","NHO2018000007"),
("IATT190003709","NPRM18000018","DISC ALL","1","1","193071","1","504","IAT0811191122","PAID","NHO2018000007"),
("IATT190003707","NPRM18000020","DISC ITEM","1","1","193084","1","13200","IAT0811191122","PAID","NHO2018000007"),
("IATT190003708","NPRM18000020","DISC ITEM","1","1","193012","1","17600","IAT0811191122","PAID","NHO2018000007"),
("IATT190003708","NPRM18000020","DISC ITEM","1","1","193084","1","13200","IAT0811191122","PAID","NHO2018000007"),
("IATT190003710","NPRM18000020","DISC ITEM","1","1","193011","1","17600","IAT0811191122","PAID","NHO2018000007"),
("IATT190003710","NPRM18000020","DISC ITEM","1","1","193083","1","13200","IAT0811191122","PAID","NHO2018000007");



INSERT INTO pos_paymenttemp VALUES("IATT190003694","CASH","CASH","228800","250000","ISU000004","2019-11-08","","1","","CLOSED","IAT0811191122","NHO2018000007"),
("IATT190003696","CASH","CASH","90772","100000","ISU000004","2019-11-08","","1","","CLOSED","IAT0811191122","NHO2018000007"),
("IATT190003695","CASH","CASH","147356","150000","ISU000004","2019-11-08","","1","","CLOSED","IAT0811191122","NHO2018000007"),
("IATT190003697","CASH","CASH","237600","250000","ISU000004","2019-11-08","","1","","CLOSED","IAT0811191122","NHO2018000007"),
("IATT190003698","CASH","CASH","245300","250000","ISU000004","2019-11-08","","1","","CLOSED","IAT0811191122","NHO2018000007"),
("IATT190003699","CARD","DEBIT BCA","150700","150700","ISU000004","2019-11-08","","1","","CLOSED","IAT0811191122","NHO2018000007"),
("IATT190003700","CASH","CASH","52184","100000","ISU000004","2019-11-08","","1","","CLOSED","IAT0811191122","NHO2018000007"),
("IATT190003701","CARD","DEBIT BCA","249084","249084","ISU000004","2019-11-08","","1","","CLOSED","IAT0811191122","NHO2018000007"),
("IATT190003703","CASH","GOPAY","26000","26000","ISU000004","2019-11-08","","1","","CLOSED","IAT0811191122","NHO2018000007"),
("IATT190003704","CARD","DEBIT BCA","51700","51700","ISU000004","2019-11-08","","1","","CLOSED","IAT0811191122","NHO2018000007"),
("IATT190003705","CARD","DEBIT BCA","152988","152988","ISU000004","2019-11-08","","1","","CLOSED","IAT0811191122","NHO2018000007"),
("IATT190003706","CASH","CASH","132880","150000","ISU000004","2019-11-08","","1","","CLOSED","IAT0811191122","NHO2018000007"),
("IATT190003709","CASH","CASH","10534","50000","ISU000004","2019-11-08","","1","","CLOSED","IAT0811191122","NHO2018000007"),
("IATT190003707","CASH","CASH","103180","110000","ISU000004","2019-11-08","","1","","CLOSED","IAT0811191122","NHO2018000007"),
("IATT190003708","CASH","CASH","81620","100000","ISU000004","2019-11-08","","1","","CLOSED","IAT0811191122","NHO2018000007"),
("IATT190003710","CARD","VISA","212520","212520","ISU000004","2019-11-08","","1","","CLOSED","IAT0811191122","NHO2018000007");



