INSERT INTO pos_itemtemp VALUES("IATT190003657","193018","191001","192002","37000","1","37000","16280","20720","1","1","1","IAT0511191018","NHO2018000007","PAID","","ORIGINAL"),
("IATT190003657","193006","191001","192001","37000","1","37000","16280","20720","1","1","1","IAT0511191018","NHO2018000007","PAID","","193006"),
("IATT190003658","193024","191001","192003","30000","1","30000","0","30000","1","1","1","IAT0511191018","NHO2018000007","PAID","","193024"),
("IATT190003658","193039","191001","192006","36000","1","36000","15840","20160","1","1","1","IAT0511191018","NHO2018000007","PAID","","ORIGINAL"),
("IATT190003658","193009","191001","192001","40000","1","40000","17600","22400","1","1","1","IAT0511191018","NHO2018000007","PAID","gak pakai semua jenis sayuran","193009"),
("IATT190003658","193046","191002","192010","10000","1","10000","0","10000","1","1","1","IAT0511191018","NHO2018000007","PAID","","193046"),
("IATT190003658","193046","191002","192010","10000","1","10000","0","10000","2","1","1","IAT0511191018","NHO2018000007","PAID","","193046"),
("IATT190003658","193048","191002","192010","8000","1","8000","0","8000","1","1","1","IAT0511191018","NHO2018000007","PAID","","193048"),
("IATT190003659","193012","191001","192001","40000","1","40000","18720","21280","1","1","1","IAT0511191018","NHO2018000007","PAID","","193012"),
("IATT190003659","193033","191001","192005","42000","1","42000","19656","22344","1","1","1","IAT0511191018","NHO2018000007","PAID","","193033"),
("IATT190003659","193047","191002","192010","10000","1","10000","500","9500","1","1","1","IAT0511191018","NHO2018000007","PAID","","193047"),
("IATT190003659","193082","191001","192001","30000","1","30000","14040","15960","1","1","2","IAT0511191018","NHO2018000007","PAID","","193082"),
("IATT190003660","193028","191001","192003","43000","1","43000","0","43000","1","1","1","IAT0511191018","NHO2018000007","PAID","","193028"),
("IATT190003660","193051","191002","192010","20000","1","20000","0","20000","1","1","1","IAT0511191018","NHO2018000007","PAID","","193051"),
("IATT190003661","193038","191001","192006","36000","1","36000","15840","20160","1","1","1","IAT0511191018","NHO2018000007","PAID","","PEDAS"),
("IATT190003661","193054","191002","192010","20000","1","20000","0","20000","1","1","1","IAT0511191018","NHO2018000007","PAID","","193054"),
("IATT190003662","193084","191001","192001","30000","1","30000","0","30000","1","1","1","IAT0511191018","NHO2018000007","PAID","","PEDAS"),
("IATT190003662","193118","191001","192012","20000","1","20000","0","20000","1","1","1","IAT0511191018","NHO2018000007","PAID","","193118"),
("IATT190003662","193048","191002","192010","8000","1","8000","0","8000","1","1","1","IAT0511191018","NHO2018000007","PAID","","193048"),
("IATT190003663","193009","191001","192001","40000","1","40000","17600","22400","1","1","1","IAT0511191018","NHO2018000007","PAID","","193009"),
("IATT190003663","193030","191001","192004","27000","1","27000","11880","15120","1","1","1","IAT0511191018","NHO2018000007","PAID","","193030"),
("IATT190003663","193054","191002","192010","20000","1","20000","0","20000","1","1","1","IAT0511191018","NHO2018000007","PAID","","193054"),
("IATT190003663","193054","191002","192010","20000","1","20000","0","20000","2","1","1","IAT0511191018","NHO2018000007","PAID","","193054"),
("IATT190003664","193054","191002","192010","20000","1","20000","0","20000","1","1","1","IAT0511191018","NHO2018000007","PAID","","193054"),
("IATT190003664","193050","191002","192010","20000","1","20000","0","20000","1","1","1","IAT0511191018","NHO2018000007","PAID","","193050"),
("IATT190003664","193027","191001","192003","43000","1","43000","0","43000","1","1","1","IAT0511191018","NHO2018000007","PAID","","193027"),
("IATT190003665","193084","191001","192001","30000","1","30000","13200","16800","1","1","1","IAT0511191018","NHO2018000007","PAID","","PEDAS"),
("IATT190003665","193084","191001","192001","30000","1","30000","13200","16800","2","1","1","IAT0511191018","NHO2018000007","PAID","","PEDAS"),
("IATT190003665","193056","191002","192010","17000","1","17000","0","17000","1","1","1","IAT0511191018","NHO2018000007","PAID","","193056"),
("IATT190003665","193051","191002","192010","20000","1","20000","0","20000","1","1","1","IAT0511191018","NHO2018000007","PAID","","193051"),
("IATT190003666","193019","191001","192002","40000","1","40000","17600","22400","1","1","1","IAT0511191018","NHO2018000007","PAID","","PEDAS"),
("IATT190003666","193119","191001","192012","20000","1","20000","0","20000","1","1","1","IAT0511191018","NHO2018000007","PAID","","193119"),
("IATT190003666","193021","191001","192002","40000","1","40000","17600","22400","1","1","1","IAT0511191018","NHO2018000007","PAID","","PEDAS"),
("IATT190003666","193047","191002","192010","10000","1","10000","0","10000","1","1","1","IAT0511191018","NHO2018000007","PAID","","193047"),
("IATT190003666","193047","191002","192010","10000","1","10000","0","10000","2","1","1","IAT0511191018","NHO2018000007","PAID","","193047"),
("IATT190003664","193027","191001","192003","43000","1","43000","0","43000","2","1","2","IAT0511191018","NHO2018000007","PAID","","193027"),
("IATT190003664","193055","191002","192010","17000","1","17000","0","17000","1","1","2","IAT0511191018","NHO2018000007","PAID","","193055"),
("IATT190003667","193084","191001","192001","30000","1","30000","13200","16800","1","1","1","IAT0511191018","NHO2018000007","PAID","pedes banget\n","PEDAS"),
("IATT190003668","193011","191001","192001","40000","1","40000","0","40000","1","1","1","IAT0511191018","NHO2018000007","PAID","pedes","PEDAS"),
("IATT190003668","193024","191001","192003","30000","1","30000","0","30000","1","1","1","IAT0511191018","NHO2018000007","PAID","","193024"),
("IATT190003668","193055","191002","192010","17000","1","17000","0","17000","1","1","1","IAT0511191018","NHO2018000007","PAID","","193055"),
("IATT190003669","193082","191001","192001","30000","1","30000","13200","16800","1","1","1","IAT0511191018","NHO2018000007","PAID","","193082"),
("IATT190003669","193082","191001","192001","30000","1","30000","13200","16800","2","1","1","IAT0511191018","NHO2018000007","PAID","","193082"),
("IATT190003669","193046","191002","192010","10000","1","10000","0","10000","1","1","1","IAT0511191018","NHO2018000007","PAID","","193046"),
("IATT190003669","193048","191002","192010","8000","1","8000","0","8000","1","1","1","IAT0511191018","NHO2018000007","PAID","","193048"),
("IATT190003670","193033","191001","192005","42000","1","42000","0","42000","1","1","1","IAT0511191018","NHO2018000007","PAID","","193033"),
("IATT190003670","193011","191001","192001","40000","1","40000","0","40000","1","1","1","IAT0511191018","NHO2018000007","PAID","","PEDAS"),
("IATT190003670","193046","191002","192010","10000","1","10000","0","10000","1","1","1","IAT0511191018","NHO2018000007","PAID","","193046"),
("IATT190003670","193047","191002","192010","10000","1","10000","0","10000","1","1","1","IAT0511191018","NHO2018000007","PAID","","193047"),
("IATT190003671","193030","191001","192004","27000","1","27000","0","27000","1","1","1","IAT0511191018","NHO2018000007","PAID","","193030"),
("IATT190003671","193055","191002","192010","17000","1","17000","0","17000","1","1","1","IAT0511191018","NHO2018000007","PAID","","193055"),
("IATT190003671","193055","191002","192010","17000","1","17000","0","17000","2","1","1","IAT0511191018","NHO2018000007","PAID","","193055"),
("IATT190003671","193024","191001","192003","30000","1","30000","0","30000","1","1","1","IAT0511191018","NHO2018000007","PAID","","193024"),
("IATT190003672","193096","191001","192008","50000","1","50000","0","50000","1","1","1","IAT0511191018","NHO2018000007","PAID","","193096"),
("IATT190003672","193029","191001","192004","27000","1","27000","0","27000","1","1","1","IAT0511191018","NHO2018000007","PAID","","193029"),
("IATT190003672","193048","191002","192010","8000","1","8000","0","8000","1","1","1","IAT0511191018","NHO2018000007","PAID","","193048"),
("IATT190003672","193046","191002","192010","10000","1","10000","0","10000","1","1","1","IAT0511191018","NHO2018000007","PAID","","193046"),
("IATT190003672","193052","191002","192010","20000","1","20000","0","20000","1","1","1","IAT0511191018","NHO2018000007","PAID","","193052"),
("IATT190003673","193039","191001","192006","36000","1","36000","16848","19152","1","1","1","IAT0511191018","NHO2018000007","PAID","","ORIGINAL"),
("IATT190003673","193039","191001","192006","36000","1","36000","16848","19152","2","1","1","IAT0511191018","NHO2018000007","PAID","","ORIGINAL"),
("IATT190003673","193019","191001","192002","40000","1","40000","18720","21280","1","1","1","IAT0511191018","NHO2018000007","PAID","","PEDAS"),
("IATT190003673","193033","191001","192005","42000","1","42000","19656","22344","1","1","1","IAT0511191018","NHO2018000007","PAID","","193033"),
("IATT190003673","193029","191001","192004","27000","1","27000","12636","14364","1","1","1","IAT0511191018","NHO2018000007","PAID","","193029"),
("IATT190003673","193036","191001","192006","36000","1","36000","16848","19152","1","1","1","IAT0511191018","NHO2018000007","PAID","","PEDAS");



INSERT INTO pos_salestemp VALUES("IATT190003657","","1","74000","32560","4144","0","45584","50000","05/11/2019","10:18","2019-11-05","13:52:50","ISU000004","tbl0001","CLOSED","1","","IATR190003557","","","","","IAT0511191018","NHO2018000007"),
("IATT190003658","","3","134000","33440","10056","0","110616","150000","05/11/2019","11:27","2019-11-05","12:15:40","ISU000004","tbl0012","CLOSED","1","","IATR190003554","","","","","IAT0511191018","NHO2018000007"),
("IATT190003659","NHM2019003170 tamy","2","122000","52916","6909","0","75993","100000","05/11/2019","12:23","2019-11-05","13:08:53","ISU000004","tbl0012","CLOSED","1","","IATR190003555","","","","","IAT0511191018","NHO2018000007"),
("IATT190003660","","1","63000","0","6300","0","69300","70000","05/11/2019","13:03","2019-11-05","13:54:42","ISU000004","tbl0011","CLOSED","1","","IATR190003558","","","","","IAT0511191018","NHO2018000007"),
("IATT190003661","","1","56000","15840","4016","0","44176","50000","05/11/2019","13:15","2019-11-05","13:45:45","ISU000004","tbl0005","CLOSED","1","","IATR190003556","","","","","IAT0511191018","NHO2018000007"),
("IATT190003662","","1","58000","0","5800","0","63800","100000","05/11/2019","17:38","2019-11-05","18:09:06","ISU000006","tbl0011","CLOSED","1","","IATR190003559","","","","","IAT0511191018","NHO2018000007"),
("IATT190003663","","2","107000","29480","7752","0","85272","100000","05/11/2019","17:52","2019-11-05","19:05:12","ISU000006","tbl0012","CLOSED","1","","IATR190003560","","","","","IAT0511191018","NHO2018000007"),
("IATT190003664","","2","143000","0","14300","0","157300","157300","05/11/2019","18:21","2019-11-05","19:16:44","ISU000006","tbl0010","CLOSED","1","","IATR190003564","","","","","IAT0511191018","NHO2018000007"),
("IATT190003665","","2","97000","26400","7060","0","77660","100000","05/11/2019","18:22","2019-11-05","19:14:20","ISU000006","tbl0011","CLOSED","1","","IATR190003563","","","","","IAT0511191018","NHO2018000007"),
("IATT190003666","","2","120000","35200","8480","0","93280","100000","05/11/2019","18:29","2019-11-05","19:13:33","ISU000006","tbl0014","CLOSED","1","","IATR190003562","","","","","IAT0511191018","NHO2018000007"),
("IATT190003667","","1","30000","13200","1680","0","18480","50000","05/11/2019","18:41","2019-11-05","19:07:25","ISU000006","tbl0001","CLOSED","1","","IATR190003561","","","","","IAT0511191018","NHO2018000007"),
("IATT190003668","","2","87000","0","8700","0","95700","95700","05/11/2019","18:43","2019-11-05","20:25:46","ISU000006","tbl0004","CLOSED","1","","IATR190003567","","","","","IAT0511191018","NHO2018000007"),
("IATT190003669","","2","78000","26400","5160","0","56760","60000","05/11/2019","19:01","2019-11-05","19:53:38","ISU000006","tbl0023","CLOSED","1","","IATR190003566","","","","","IAT0511191018","NHO2018000007"),
("IATT190003670","","2","102000","0","10200","0","112200","112500","05/11/2019","19:21","2019-11-05","19:52:34","ISU000006","tbl0021","CLOSED","1","","IATR190003565","","","","","IAT0511191018","NHO2018000007"),
("IATT190003671","","2","91000","0","9100","0","100100","102000","05/11/2019","20:10","2019-11-05","20:40:07","ISU000006","tbl0012","CLOSED","1","","IATR190003568","","","","","IAT0511191018","NHO2018000007"),
("IATT190003672","","2","115000","0","11500","0","126500","150000","05/11/2019","20:27","2019-11-05","21:19:41","ISU000006","tbl0011","CLOSED","1","","IATR190003569","","","","","IAT0511191018","NHO2018000007"),
("IATT190003673","","5","217000","101556","11545","0","126989","130000","05/11/2019","20:36","2019-11-05","21:21:07","ISU000006","tbl0021","CLOSED","1","","IATR190003570","","","","","IAT0511191018","NHO2018000007");






INSERT INTO pos_promotion_h VALUES("IATT190003658","NPRM18000020","DISC ITEM","1","33440","PROMO LAGI VIRAL 30%+20%","IAT0511191018","PAID","NHO2018000007"),
("IATT190003659","NPRM18000020","DISC ITEM","1","49280","PROMO LAGI VIRAL 30%+20%","IAT0511191018","PAID","NHO2018000007"),
("IATT190003659","NPRM18000018","DISC ALL","1","3636","CRM DISC 5%","IAT0511191018","PAID","NHO2018000007"),
("IATT190003661","NPRM18000020","DISC ITEM","1","15840","PROMO LAGI VIRAL 30%+20%","IAT0511191018","PAID","NHO2018000007"),
("IATT190003657","NPRM18000020","DISC ITEM","1","32560","PROMO LAGI VIRAL 30%+20%","IAT0511191018","PAID","NHO2018000007"),
("IATT190003663","NPRM18000020","DISC ITEM","1","29480","PROMO LAGI VIRAL 30%+20%","IAT0511191018","PAID","NHO2018000007"),
("IATT190003667","NPRM18000020","DISC ITEM","1","13200","PROMO LAGI VIRAL 30%+20%","IAT0511191018","PAID","NHO2018000007"),
("IATT190003665","NPRM18000020","DISC ITEM","1","26400","PROMO LAGI VIRAL 30%+20%","IAT0511191018","PAID","NHO2018000007"),
("IATT190003666","NPRM18000020","DISC ITEM","1","35200","PROMO LAGI VIRAL 30%+20%","IAT0511191018","PAID","NHO2018000007"),
("IATT190003669","NPRM18000020","DISC ITEM","1","26400","PROMO LAGI VIRAL 30%+20%","IAT0511191018","PAID","NHO2018000007"),
("IATT190003673","NPRM18000020","DISC ITEM","1","95480","PROMO LAGI VIRAL 30%+20%","IAT0511191018","PAID","NHO2018000007"),
("IATT190003673","NPRM18000018","DISC ALL","1","6076","CRM DISC 5%","IAT0511191018","PAID","NHO2018000007");



INSERT INTO pos_promotion_d VALUES("IATT190003658","NPRM18000020","DISC ITEM","1","1","193039","1","15840","IAT0511191018","PAID","NHO2018000007"),
("IATT190003658","NPRM18000020","DISC ITEM","1","1","193009","1","17600","IAT0511191018","PAID","NHO2018000007"),
("IATT190003659","NPRM18000020","DISC ITEM","1","1","193012","1","17600","IAT0511191018","PAID","NHO2018000007"),
("IATT190003659","NPRM18000020","DISC ITEM","1","1","193033","1","18480","IAT0511191018","PAID","NHO2018000007"),
("IATT190003659","NPRM18000020","DISC ITEM","1","1","193082","1","13200","IAT0511191018","PAID","NHO2018000007"),
("IATT190003659","NPRM18000018","DISC ALL","1","1","193012","1","1120","IAT0511191018","PAID","NHO2018000007"),
("IATT190003659","NPRM18000018","DISC ALL","1","1","193033","1","1176","IAT0511191018","PAID","NHO2018000007"),
("IATT190003659","NPRM18000018","DISC ALL","1","1","193047","1","500","IAT0511191018","PAID","NHO2018000007"),
("IATT190003659","NPRM18000018","DISC ALL","1","1","193082","1","840","IAT0511191018","PAID","NHO2018000007"),
("IATT190003661","NPRM18000020","DISC ITEM","1","1","193038","1","15840","IAT0511191018","PAID","NHO2018000007"),
("IATT190003657","NPRM18000020","DISC ITEM","1","1","193018","1","16280","IAT0511191018","PAID","NHO2018000007"),
("IATT190003657","NPRM18000020","DISC ITEM","1","1","193006","1","16280","IAT0511191018","PAID","NHO2018000007"),
("IATT190003663","NPRM18000020","DISC ITEM","1","1","193009","1","17600","IAT0511191018","PAID","NHO2018000007"),
("IATT190003663","NPRM18000020","DISC ITEM","1","1","193030","1","11880","IAT0511191018","PAID","NHO2018000007"),
("IATT190003667","NPRM18000020","DISC ITEM","1","1","193084","1","13200","IAT0511191018","PAID","NHO2018000007"),
("IATT190003665","NPRM18000020","DISC ITEM","1","1","193084","1","13200","IAT0511191018","PAID","NHO2018000007"),
("IATT190003665","NPRM18000020","DISC ITEM","1","1","193084","2","13200","IAT0511191018","PAID","NHO2018000007"),
("IATT190003666","NPRM18000020","DISC ITEM","1","1","193019","1","17600","IAT0511191018","PAID","NHO2018000007"),
("IATT190003666","NPRM18000020","DISC ITEM","1","1","193021","1","17600","IAT0511191018","PAID","NHO2018000007"),
("IATT190003669","NPRM18000020","DISC ITEM","1","1","193082","1","13200","IAT0511191018","PAID","NHO2018000007"),
("IATT190003669","NPRM18000020","DISC ITEM","1","1","193082","2","13200","IAT0511191018","PAID","NHO2018000007"),
("IATT190003673","NPRM18000020","DISC ITEM","1","1","193039","1","15840","IAT0511191018","PAID","NHO2018000007"),
("IATT190003673","NPRM18000020","DISC ITEM","1","1","193039","2","15840","IAT0511191018","PAID","NHO2018000007"),
("IATT190003673","NPRM18000020","DISC ITEM","1","1","193019","1","17600","IAT0511191018","PAID","NHO2018000007"),
("IATT190003673","NPRM18000020","DISC ITEM","1","1","193033","1","18480","IAT0511191018","PAID","NHO2018000007"),
("IATT190003673","NPRM18000020","DISC ITEM","1","1","193029","1","11880","IAT0511191018","PAID","NHO2018000007"),
("IATT190003673","NPRM18000020","DISC ITEM","1","1","193036","1","15840","IAT0511191018","PAID","NHO2018000007"),
("IATT190003673","NPRM18000018","DISC ALL","1","1","193039","1","1008","IAT0511191018","PAID","NHO2018000007"),
("IATT190003673","NPRM18000018","DISC ALL","1","1","193039","2","1008","IAT0511191018","PAID","NHO2018000007"),
("IATT190003673","NPRM18000018","DISC ALL","1","1","193019","1","1120","IAT0511191018","PAID","NHO2018000007"),
("IATT190003673","NPRM18000018","DISC ALL","1","1","193033","1","1176","IAT0511191018","PAID","NHO2018000007"),
("IATT190003673","NPRM18000018","DISC ALL","1","1","193029","1","756","IAT0511191018","PAID","NHO2018000007"),
("IATT190003673","NPRM18000018","DISC ALL","1","1","193036","1","1008","IAT0511191018","PAID","NHO2018000007");



INSERT INTO pos_paymenttemp VALUES("IATT190003658","CASH","CASH","110616","150000","ISU000004","2019-11-05","","1","","CLOSED","IAT0511191018","NHO2018000007"),
("IATT190003659","CASH","CASH","75993","100000","ISU000004","2019-11-05","","1","","CLOSED","IAT0511191018","NHO2018000007"),
("IATT190003661","CASH","CASH","44176","50000","ISU000004","2019-11-05","","1","","CLOSED","IAT0511191018","NHO2018000007"),
("IATT190003657","CASH","CASH","45584","50000","ISU000004","2019-11-05","","1","","CLOSED","IAT0511191018","NHO2018000007"),
("IATT190003660","CASH","CASH","69300","70000","ISU000004","2019-11-05","","1","","CLOSED","IAT0511191018","NHO2018000007"),
("IATT190003662","CASH","CASH","63800","100000","ISU000006","2019-11-05","","1","","CLOSED","IAT0511191018","NHO2018000007"),
("IATT190003663","CASH","CASH","85272","100000","ISU000006","2019-11-05","","1","","CLOSED","IAT0511191018","NHO2018000007"),
("IATT190003667","CASH","CASH","18480","50000","ISU000006","2019-11-05","","1","","CLOSED","IAT0511191018","NHO2018000007"),
("IATT190003666","CASH","CASH","93280","100000","ISU000006","2019-11-05","","1","","CLOSED","IAT0511191018","NHO2018000007"),
("IATT190003665","CASH","CASH","77660","100000","ISU000006","2019-11-05","","1","","CLOSED","IAT0511191018","NHO2018000007"),
("IATT190003664","CARD","DEBIT BCA","157300","157300","ISU000006","2019-11-05","","1","","CLOSED","IAT0511191018","NHO2018000007"),
("IATT190003670","CASH","CASH","112200","112500","ISU000006","2019-11-05","","1","","CLOSED","IAT0511191018","NHO2018000007"),
("IATT190003669","CASH","CASH","56760","60000","ISU000006","2019-11-05","","1","","CLOSED","IAT0511191018","NHO2018000007"),
("IATT190003668","CARD","DEBIT BCA","95700","95700","ISU000006","2019-11-05","","1","","CLOSED","IAT0511191018","NHO2018000007"),
("IATT190003671","CASH","CASH","100100","102000","ISU000006","2019-11-05","","1","","CLOSED","IAT0511191018","NHO2018000007"),
("IATT190003672","CASH","CASH","126500","150000","ISU000006","2019-11-05","","1","","CLOSED","IAT0511191018","NHO2018000007"),
("IATT190003673","CASH","CASH","126989","130000","ISU000006","2019-11-05","","1","","CLOSED","IAT0511191018","NHO2018000007");



