INSERT INTO pos_itemtemp VALUES("IATT190001023","193092","191001","192013","5000","1","5000","0","5000","1","1","1","IAT0107191004","NHO2018000007","PAID","","193092"),
("IATT190001023","193046","191002","192010","8000","1","8000","0","8000","1","1","1","IAT0107191004","NHO2018000007","PAID","","193046"),
("IATT190001023","193055","191002","192010","17000","1","17000","0","17000","1","1","1","IAT0107191004","NHO2018000007","PAID","","193055"),
("IATT190001023","193071","191001","192012","18000","1","18000","0","18000","1","1","1","IAT0107191004","NHO2018000007","PAID","","193071"),
("IATT190001024","193051","191002","192010","20000","1","20000","0","20000","1","1","1","IAT0107191004","NHO2018000007","PAID","","193051"),
("IATT190001024","193093","191001","192013","5000","1","5000","0","5000","1","1","1","IAT0107191004","NHO2018000007","PAID","","193093"),
("IATT190001025","193072","191001","192012","25000","1","25000","0","25000","1","1","1","IAT0107191004","NHO2018000007","PAID","","193072"),
("IATT190001025","193072","191001","192012","25000","1","25000","0","25000","2","1","1","IAT0107191004","NHO2018000007","PAID","","193072"),
("IATT190001025","193072","191001","192012","25000","1","25000","0","25000","3","1","1","IAT0107191004","NHO2018000007","PAID","","193072"),
("IATT190001025","193046","191002","192010","8000","1","8000","0","8000","1","1","1","IAT0107191004","NHO2018000007","PAID","","193046"),
("IATT190001026","193088","191001","192013","5000","1","5000","0","5000","1","1","1","IAT0107191004","NHO2018000007","PAID","","193088"),
("IATT190001026","193049","191002","192010","10000","1","10000","0","10000","1","1","1","IAT0107191004","NHO2018000007","PAID","","193049"),
("IATT190001026","193049","191002","192010","10000","1","10000","0","10000","2","1","2","IAT0107191004","NHO2018000007","PAID","","193049"),
("IATT190001026","193088","191001","192013","5000","1","5000","0","5000","2","1","2","IAT0107191004","NHO2018000007","PAID","","193088"),
("IATT190001025","193021","191001","192002","40000","1","40000","0","40000","1","1","2","IAT0107191004","NHO2018000007","PAID","","ORIGINAL"),
("IATT190001025","193090","191001","192013","5000","1","5000","0","5000","1","1","2","IAT0107191004","NHO2018000007","PAID","","193090"),
("IATT190001025","193092","191001","192013","5000","1","5000","0","5000","1","1","2","IAT0107191004","NHO2018000007","PAID","","193092"),
("IATT190001025","193091","191001","192013","5000","1","5000","0","5000","1","1","2","IAT0107191004","NHO2018000007","PAID","","193091"),
("IATT190001025","193052","191002","192010","20000","1","20000","0","20000","1","1","2","IAT0107191004","NHO2018000007","PAID","","193052"),
("IATT190001025","193046","191002","192010","8000","1","8000","0","8000","2","1","2","IAT0107191004","NHO2018000007","PAID","","193046"),
("IATT190001025","193055","191002","192010","17000","1","17000","0","17000","1","1","2","IAT0107191004","NHO2018000007","PAID","","193055"),
("IATT190001025","193009","191001","192001","40000","1","40000","0","40000","1","1","3","IAT0107191004","NHO2018000007","PAID","","193009"),
("IATT190001026","193071","191001","192012","18000","1","18000","0","18000","1","1","3","IAT0107191004","NHO2018000007","PAID","","193071"),
("IATT190001027","193092","191001","192013","5000","1","5000","0","5000","1","1","1","IAT0107191004","NHO2018000007","PAID","lv 1","193092"),
("IATT190001027","193090","191001","192013","5000","1","5000","0","5000","1","1","1","IAT0107191004","NHO2018000007","PAID","","193090"),
("IATT190001027","193032","191001","192004","30000","1","30000","0","30000","1","1","1","IAT0107191004","NHO2018000007","PAID","","193032"),
("IATT190001027","193053","191002","192010","20000","1","20000","0","20000","1","1","1","IAT0107191004","NHO2018000007","PAID","","193053"),
("IATT190001027","193053","191002","192010","20000","1","20000","0","20000","2","1","1","IAT0107191004","NHO2018000007","PAID","","193053"),
("IATT190001028","193094","191001","192013","5000","1","5000","0","5000","1","1","1","IAT0107191004","NHO2018000007","PAID","lv1","193094"),
("IATT190001029","193011","191001","192001","40000","1","40000","20000","20000","1","1","1","IAT0107191004","NHO2018000007","PAID","","ORIGINAL"),
("IATT190001029","193056","191002","192010","17000","1","17000","0","17000","1","1","1","IAT0107191004","NHO2018000007","PAID","","193056"),
("IATT190001030","193091","191001","192013","5000","1","5000","0","5000","1","1","1","IAT0107191004","NHO2018000007","PAID","","193091"),
("IATT190001030","193092","191001","192013","5000","1","5000","0","5000","1","1","1","IAT0107191004","NHO2018000007","PAID","","193092"),
("IATT190001030","193052","191002","192010","20000","1","20000","0","20000","1","1","1","IAT0107191004","NHO2018000007","PAID","","193052"),
("IATT190001031","193092","191001","192013","5000","1","5000","0","5000","1","1","1","IAT0107191004","NHO2018000007","PAID","","193092"),
("IATT190001031","193092","191001","192013","5000","1","5000","0","5000","2","1","1","IAT0107191004","NHO2018000007","PAID","","193092"),
("IATT190001031","193093","191001","192013","5000","1","5000","0","5000","1","1","1","IAT0107191004","NHO2018000007","PAID","","193093"),
("IATT190001031","193089","191001","192013","5000","1","5000","0","5000","1","1","1","IAT0107191004","NHO2018000007","PAID","","193089"),
("IATT190001032","193092","191001","192013","5000","1","5000","0","5000","1","1","1","IAT0107191004","NHO2018000007","PAID","","193092"),
("IATT190001032","193092","191001","192013","5000","1","5000","0","5000","2","1","1","IAT0107191004","NHO2018000007","PAID","","193092"),
("IATT190001032","193052","191002","192010","20000","1","20000","0","20000","1","1","1","IAT0107191004","NHO2018000007","PAID","","193052"),
("IATT190001032","193052","191002","192010","20000","1","20000","0","20000","2","1","1","IAT0107191004","NHO2018000007","PAID","","193052"),
("IATT190001032","193056","191002","192010","17000","1","17000","0","17000","1","1","1","IAT0107191004","NHO2018000007","PAID","","193056"),
("IATT190001032","193071","191001","192012","18000","1","18000","0","18000","1","1","1","IAT0107191004","NHO2018000007","PAID","","193071"),
("IATT190001032","193032","191001","192004","30000","1","30000","0","30000","1","1","1","IAT0107191004","NHO2018000007","PAID","","193032"),
("IATT190001032","193069","191001","192012","13000","1","13000","0","13000","1","1","1","IAT0107191004","NHO2018000007","PAID","","193069"),
("IATT190001033","193088","191001","192013","5000","1","5000","0","5000","1","1","1","IAT0107191004","NHO2018000007","PAID","","193088"),
("IATT190001033","193094","191001","192013","5000","1","5000","0","5000","1","1","1","IAT0107191004","NHO2018000007","PAID","lvl 1","193094"),
("IATT190001033","193056","191002","192010","17000","1","17000","0","17000","1","1","1","IAT0107191004","NHO2018000007","PAID","less ice","193056"),
("IATT190001033","193055","191002","192010","17000","1","17000","0","17000","1","1","1","IAT0107191004","NHO2018000007","PAID","","193055"),
("IATT190001034","193024","191001","192003","30000","1","30000","0","30000","1","1","1","IAT0107191004","NHO2018000007","PAID","","193024"),
("IATT190001034","193027","191001","192003","43000","1","43000","0","43000","1","1","1","IAT0107191004","NHO2018000007","PAID","","193027"),
("IATT190001034","193030","191001","192004","27000","1","27000","0","27000","1","1","1","IAT0107191004","NHO2018000007","PAID","","193030"),
("IATT190001034","193094","191001","192013","5000","1","5000","0","5000","1","1","1","IAT0107191004","NHO2018000007","PAID","level 1","193094"),
("IATT190001034","193067","191001","192003","7000","1","7000","0","7000","1","1","1","IAT0107191004","NHO2018000007","PAID","","193067"),
("IATT190001034","193049","191002","192010","10000","1","10000","0","10000","1","1","1","IAT0107191004","NHO2018000007","PAID","","193049"),
("IATT190001034","193049","191002","192010","10000","1","10000","0","10000","2","1","1","IAT0107191004","NHO2018000007","PAID","","193049"),
("IATT190001034","193049","191002","192010","10000","1","10000","0","10000","3","1","1","IAT0107191004","NHO2018000007","PAID","","193049"),
("IATT190001034","193048","191002","192010","8000","1","8000","0","8000","1","1","1","IAT0107191004","NHO2018000007","PAID","","193048"),
("IATT190001034","193048","191002","192010","8000","1","8000","0","8000","2","1","1","IAT0107191004","NHO2018000007","PAID","","193048"),
("IATT190001034","193048","191002","192010","8000","1","8000","0","8000","3","1","1","IAT0107191004","NHO2018000007","PAID","","193048"),
("IATT190001035","193028","191001","192003","43000","1","43000","0","43000","1","1","1","IAT0107191004","NHO2018000007","PAID","","193028"),
("IATT190001037","193055","191002","192010","17000","1","17000","0","17000","1","1","1","IAT0107191004","NHO2018000007","PAID","","193055"),
("IATT190001037","193094","191001","192013","5000","1","5000","0","5000","1","1","1","IAT0107191004","NHO2018000007","PAID","lv 1","193094"),
("IATT190001037","193071","191001","192012","18000","1","18000","0","18000","1","1","1","IAT0107191004","NHO2018000007","PAID","","193071"),
("IATT190001038","193092","191001","192013","5000","1","5000","0","5000","1","1","1","IAT0107191004","NHO2018000007","PAID","1 lv 1\n1 ori","193092"),
("IATT190001038","193092","191001","192013","5000","1","5000","0","5000","2","1","1","IAT0107191004","NHO2018000007","PAID","","193092"),
("IATT190001038","193046","191002","192010","8000","1","8000","0","8000","1","1","1","IAT0107191004","NHO2018000007","PAID","","193046"),
("IATT190001038","193041","191001","192008","20000","1","20000","0","20000","1","1","1","IAT0107191004","NHO2018000007","PAID","","193041"),
("IATT190001038","193051","191002","192010","20000","1","20000","0","20000","1","1","2","IAT0107191004","NHO2018000007","PAID","","193051"),
("IATT190001039","193094","191001","192013","5000","1","5000","0","5000","1","1","1","IAT0107191004","NHO2018000007","PAID","level 2","193094"),
("IATT190001040","193095","191001","192013","5000","1","5000","0","5000","1","1","1","IAT0107191004","NHO2018000007","PAID","","193095"),
("IATT190001040","193094","191001","192013","5000","1","5000","0","5000","1","1","1","IAT0107191004","NHO2018000007","PAID","sambel pisah","193094"),
("IATT190001040","193047","191002","192010","8000","1","8000","0","8000","1","1","1","IAT0107191004","NHO2018000007","PAID","","193047"),
("IATT190001040","193049","191002","192010","10000","1","10000","0","10000","1","1","1","IAT0107191004","NHO2018000007","PAID","","193049"),
("IATT190001042","193037","191001","192006","36000","1","36000","0","36000","1","1","1","IAT0107191004","NHO2018000007","PAID","","ORIGINAL"),
("IATT190001042","193069","191001","192012","13000","1","13000","0","13000","1","1","1","IAT0107191004","NHO2018000007","PAID","","193069"),
("IATT190001042","193047","191002","192010","8000","1","8000","0","8000","1","1","1","IAT0107191004","NHO2018000007","PAID","","193047"),
("IATT190001042","193047","191002","192010","8000","1","8000","0","8000","2","1","1","IAT0107191004","NHO2018000007","PAID","","193047"),
("IATT190001042","193021","191001","192002","40000","1","40000","0","40000","1","1","1","IAT0107191004","NHO2018000007","PAID","","PEDAS"),
("IATT190001042","193092","191001","192013","5000","1","5000","0","5000","1","1","2","IAT0107191004","NHO2018000007","PAID","","193092"),
("IATT190001043","193090","191001","192013","5000","1","5000","0","5000","1","1","1","IAT0107191004","NHO2018000007","PAID","level 2,level 3","193090"),
("IATT190001043","193090","191001","192013","5000","1","5000","0","5000","2","1","1","IAT0107191004","NHO2018000007","PAID","","193090"),
("IATT190001043","193047","191002","192010","8000","1","8000","0","8000","1","1","1","IAT0107191004","NHO2018000007","PAID","","193047"),
("IATT190001043","193047","191002","192010","8000","1","8000","0","8000","2","1","1","IAT0107191004","NHO2018000007","PAID","","193047"),
("IATT190001044","193094","191001","192013","5000","1","5000","0","5000","1","1","1","IAT0107191004","NHO2018000007","PAID","level 3","193094"),
("IATT190001044","193027","191001","192003","43000","1","43000","0","43000","1","1","1","IAT0107191004","NHO2018000007","PAID","","193027"),
("IATT190001044","193047","191002","192010","8000","1","8000","0","8000","1","1","1","IAT0107191004","NHO2018000007","PAID","","193047"),
("IATT190001044","193047","191002","192010","8000","1","8000","0","8000","2","1","1","IAT0107191004","NHO2018000007","PAID","","193047"),
("IATT190001045","193032","191001","192004","30000","1","30000","0","30000","1","1","1","IAT0107191004","NHO2018000007","PAID","","193032"),
("IATT190001045","193030","191001","192004","27000","1","27000","0","27000","1","1","1","IAT0107191004","NHO2018000007","PAID","","193030"),
("IATT190001045","193049","191002","192010","10000","1","10000","0","10000","1","1","1","IAT0107191004","NHO2018000007","PAID","","193049"),
("IATT190001045","193049","191002","192010","10000","1","10000","0","10000","2","1","1","IAT0107191004","NHO2018000007","PAID","","193049"),
("IATT190001045","193049","191002","192010","10000","1","10000","0","10000","3","1","1","IAT0107191004","NHO2018000007","PAID","","193049"),
("IATT190001045","193049","191002","192010","10000","1","10000","0","10000","4","1","1","IAT0107191004","NHO2018000007","PAID","","193049"),
("IATT190001045","193049","191002","192010","10000","1","10000","0","10000","5","1","2","IAT0107191004","NHO2018000007","PAID","","193049"),
("IATT190001045","193033","191001","192005","42000","1","42000","0","42000","1","1","3","IAT0107191004","NHO2018000007","PAID","","193033"),
("IATT190001045","193032","191001","192004","30000","1","30000","0","30000","2","1","3","IAT0107191004","NHO2018000007","PAID","","193032"),
("IATT190001045","193032","191001","192004","30000","1","30000","0","30000","3","1","3","IAT0107191004","NHO2018000007","PAID","","193032"),
("IATT190001046","193094","191001","192013","5000","1","5000","0","5000","1","1","1","IAT0107191004","NHO2018000007","PAID","lvl 3","193094"),
("IATT190001046","193010","191001","192001","40000","1","40000","0","40000","1","1","1","IAT0107191004","NHO2018000007","PAID","","193010"),
("IATT190001046","193055","191002","192010","17000","1","17000","0","17000","1","1","1","IAT0107191004","NHO2018000007","PAID","","193055"),
("IATT190001046","193056","191002","192010","17000","1","17000","0","17000","1","1","1","IAT0107191004","NHO2018000007","PAID","","193056"),
("IATT190001046","193056","191002","192010","17000","1","17000","0","17000","2","1","1","IAT0107191004","NHO2018000007","PAID","","193056"),
("IATT190001046","193071","191001","192012","18000","1","18000","0","18000","1","1","1","IAT0107191004","NHO2018000007","PAID","","193071"),
("IATT190001047","193092","191001","192013","5000","1","5000","0","5000","1","1","1","IAT0107191004","NHO2018000007","PAID","","193092"),
("IATT190001047","193046","191002","192010","8000","1","8000","0","8000","1","1","1","IAT0107191004","NHO2018000007","PAID","","193046"),
("IATT190001048","193092","191001","192013","5000","1","5000","0","5000","1","1","1","IAT0107191004","NHO2018000007","PAID","takeaway","193092"),
("IATT190001044","193047","191002","192010","8000","1","8000","0","8000","3","1","2","IAT0107191004","NHO2018000007","PAID","","193047");



INSERT INTO pos_salestemp VALUES("IATT190001023","","2","48000","0","4800","0","52800","52800","01/07/2019","11:24","2019-07-01","12:02:50","ISU000011","tbl0010","CLOSED","1","","IATR190000992","","","","","IAT0107191004","NHO2018000007"),
("IATT190001024","","1","25000","0","2500","0","27500","30000","01/07/2019","12:11","2019-07-01","12:29:24","ISU000011","tbl0012","CLOSED","1","","IATR190000993","","","","","IAT0107191004","NHO2018000007"),
("IATT190001025","","1","223000","0","22300","0","245300","245300","01/07/2019","12:45","2019-07-01","13:57:14","ISU000011","tbl0013","CLOSED","1","","IATR190000997","","","","","IAT0107191004","NHO2018000007"),
("IATT190001026","","1","48000","0","4800","0","52800","55000","01/07/2019","12:47","2019-07-01","13:14:27","ISU000011","tbl0010","CLOSED","1","","IATR190000994","","","","","IAT0107191004","NHO2018000007"),
("IATT190001027","","3","80000","0","8000","0","88000","88000","01/07/2019","13:08","2019-07-01","13:42:24","ISU000011","tbl0011","CLOSED","1","","IATR190000996","","","","","IAT0107191004","NHO2018000007"),
("IATT190001028","","1","5000","0","500","0","5500","100000","01/07/2019","13:19","2019-07-01","13:20:59","ISU000011","tbl0006","CLOSED","1","","IATR190000995","","","","","IAT0107191004","NHO2018000007"),
("IATT190001029","","2","57000","20000","3700","0","40700","40700","01/07/2019","13:58","2019-07-01","14:32:56","ISU000011","tbl0012","CLOSED","1","","IATR190000998","","","","","IAT0107191004","NHO2018000007"),
("IATT190001030","","2","30000","0","3000","0","33000","100000","01/07/2019","14:07","2019-07-01","14:44:40","ISU000011","tbl0004","CLOSED","1","","IATR190000999","","","","","IAT0107191004","NHO2018000007"),
("IATT190001031","","2","20000","0","2000","0","22000","22000","01/07/2019","14:34","2019-07-01","15:41:43","ISU000011","tbl0010","CLOSED","1","","IATR190001001","","","","","IAT0107191004","NHO2018000007"),
("IATT190001032","","3","128000","0","12800","0","140800","142000","01/07/2019","14:49","2019-07-01","15:37:50","ISU000011","tbl0012","CLOSED","1","","IATR190001000","","","","","IAT0107191004","NHO2018000007"),
("IATT190001033","","2","44000","0","4400","0","48400","48400","01/07/2019","15:03","2019-07-01","16:12:17","ISU000011","tbl0019","CLOSED","1","","IATR190001004","","","","","IAT0107191004","NHO2018000007"),
("IATT190001034","","5","166000","0","16600","0","182600","182600","01/07/2019","15:17","2019-07-01","16:01:52","ISU000011","tbl0011","CLOSED","1","","IATR190001002","","","","","IAT0107191004","NHO2018000007"),
("IATT190001035","","1","43000","0","4300","0","47300","50300","01/07/2019","15:48","2019-07-01","16:09:07","ISU000011","tbl0012","CLOSED","1","","IATR190001003","","","","","IAT0107191004","NHO2018000007"),
("IATT190001036","","1","60000","0","0","0","0","0","01/07/2019","16:40","01/07/2019","20:52:55","ISU000011","tbl0007","CANCELED","1","PERMINTAAN CUSTOMER","","","","","","IAT0107191004","NHO2018000007"),
("IATT190001037","","1","40000","0","4000","0","44000","50000","01/07/2019","17:24","2019-07-01","17:48:35","ISU000011","tbl0011","CLOSED","1","","IATR190001005","","","","","IAT0107191004","NHO2018000007"),
("IATT190001038","","1","58000","0","5800","0","63800","63800","01/07/2019","17:36","2019-07-01","18:18:03","ISU000011","tbl0012","CLOSED","1","","IATR190001007","","","","","IAT0107191004","NHO2018000007"),
("IATT190001039","","1","5000","0","500","0","5500","55000","01/07/2019","17:58","2019-07-01","18:16:36","ISU000011","tbl0011","CLOSED","1","","IATR190001006","","","","","IAT0107191004","NHO2018000007"),
("IATT190001040","","2","28000","0","2800","0","30800","100000","01/07/2019","18:21","2019-07-01","19:13:27","ISU000011","tbl0009","CLOSED","1","","IATR190001008","","","","","IAT0107191004","NHO2018000007"),
("IATT190001041","","0","5000","0","0","0","0","0","01/07/2019","18:27","01/07/2019","19:30:50","ISU000011","tbl0021","CANCELED","1","PERMINTAAN CUSTOMER","","","","","","IAT0107191004","NHO2018000007"),
("IATT190001042","","2","110000","0","11000","0","121000","150000","01/07/2019","18:34","2019-07-01","20:12:51","ISU000011","tbl0011","CLOSED","1","","IATR190001010","","","","","IAT0107191004","NHO2018000007"),
("IATT190001043","","2","26000","0","2600","0","28600","30800","01/07/2019","19:09","2019-07-01","19:16:59","ISU000011","tbl0008","CLOSED","1","","IATR190001009","","","","","IAT0107191004","NHO2018000007"),
("IATT190001044","","2","72000","0","7200","0","79200","100200","01/07/2019","19:23","2019-07-01","20:45:17","ISU000011","tbl0010","CLOSED","1","","IATR190001015","","","","","IAT0107191004","NHO2018000007"),
("IATT190001045","","2","209000","0","20900","0","229900","250000","01/07/2019","19:38","2019-07-01","20:17:15","ISU000011","tbl0013","CLOSED","1","","IATR190001012","","","","","IAT0107191004","NHO2018000007"),
("IATT190001046","","2","114000","0","11400","0","125400","130500","01/07/2019","19:55","2019-07-01","20:24:24","ISU000011","tbl0012","CLOSED","1","","IATR190001014","","","","","IAT0107191004","NHO2018000007"),
("IATT190001047","","1","13000","0","1300","0","14300","50000","01/07/2019","20:03","2019-07-01","20:19:02","ISU000011","tbl0016","CLOSED","1","","IATR190001013","","","","","IAT0107191004","NHO2018000007"),
("IATT190001048","","1","5000","0","500","0","5500","5500","01/07/2019","20:06","2019-07-01","20:15:19","ISU000011","tbl0015","CLOSED","1","","IATR190001011","","","","","IAT0107191004","NHO2018000007"),
("IATT190001049","","1","5000","0","0","0","0","0","01/07/2019","20:53","01/07/2019","21:00:04","ISU000011","tbl0003","CANCELED","1","PERMINTAAN CUSTOMER","","","","","","IAT0107191004","NHO2018000007");



INSERT INTO item_void VALUES("IATT190001045","IAT0107191004","NHO2018000007","193071","193071","1","18000","Before Send","Komplen Customer");



INSERT INTO pos_promotion_h VALUES("IATT190001029","NPRM18000012","DISC ITEM","1","20000","eatigo 50%","IAT0107191004","PAID","NHO2018000007");



INSERT INTO pos_promotion_d VALUES("IATT190001029","NPRM18000012","DISC ITEM","1","1","193011","1","20000","IAT0107191004","PAID","NHO2018000007");



INSERT INTO pos_paymenttemp VALUES("IATT190001023","CARD","MASTER","52800","52800","ISU000011","2019-07-01","","1","","CLOSED","IAT0107191004","NHO2018000007"),
("IATT190001024","CASH","CASH","27500","30000","ISU000011","2019-07-01","","1","","CLOSED","IAT0107191004","NHO2018000007"),
("IATT190001026","CASH","CASH","52800","55000","ISU000011","2019-07-01","","1","","CLOSED","IAT0107191004","NHO2018000007"),
("IATT190001028","CASH","CASH","5500","100000","ISU000011","2019-07-01","","1","","CLOSED","IAT0107191004","NHO2018000007"),
("IATT190001027","CARD","VISA","88000","88000","ISU000011","2019-07-01","","1","","CLOSED","IAT0107191004","NHO2018000007"),
("IATT190001025","CARD","MASTER","245300","245300","ISU000011","2019-07-01","","1","","CLOSED","IAT0107191004","NHO2018000007"),
("IATT190001029","CASH","CASH","40700","40700","ISU000011","2019-07-01","","1","","CLOSED","IAT0107191004","NHO2018000007"),
("IATT190001030","CASH","CASH","33000","100000","ISU000011","2019-07-01","","1","","CLOSED","IAT0107191004","NHO2018000007"),
("IATT190001032","CASH","CASH","140800","142000","ISU000011","2019-07-01","","1","","CLOSED","IAT0107191004","NHO2018000007"),
("IATT190001031","CASH","CASH","22000","22000","ISU000011","2019-07-01","","1","","CLOSED","IAT0107191004","NHO2018000007"),
("IATT190001034","CARD","MASTER","182600","182600","ISU000011","2019-07-01","","1","","CLOSED","IAT0107191004","NHO2018000007"),
("IATT190001035","CASH","CASH","47300","50300","ISU000011","2019-07-01","","1","","CLOSED","IAT0107191004","NHO2018000007"),
("IATT190001033","CARD","MASTER","48400","48400","ISU000011","2019-07-01","","1","","CLOSED","IAT0107191004","NHO2018000007"),
("IATT190001037","CASH","CASH","44000","50000","ISU000011","2019-07-01","","1","","CLOSED","IAT0107191004","NHO2018000007"),
("IATT190001039","CASH","CASH","5500","55000","ISU000011","2019-07-01","","1","","CLOSED","IAT0107191004","NHO2018000007"),
("IATT190001038","CARD","DEBIT BCA","63800","63800","ISU000011","2019-07-01","","1","","CLOSED","IAT0107191004","NHO2018000007"),
("IATT190001040","CASH","CASH","30800","100000","ISU000011","2019-07-01","","1","","CLOSED","IAT0107191004","NHO2018000007"),
("IATT190001043","CASH","CASH","28600","30800","ISU000011","2019-07-01","","1","","CLOSED","IAT0107191004","NHO2018000007"),
("IATT190001042","CASH","CASH","121000","150000","ISU000011","2019-07-01","","1","","CLOSED","IAT0107191004","NHO2018000007"),
("IATT190001048","CASH","CASH","5500","5500","ISU000011","2019-07-01","","1","","CLOSED","IAT0107191004","NHO2018000007"),
("IATT190001045","VOUCHER","ISOIDE VOUCHER 25K","25000","25000","ISU000011","2019-07-01","","1","","CLOSED","IAT0107191004","NHO2018000007"),
("IATT190001045","VOUCHER","ISOIDE VOUCHER 25K","25000","25000","ISU000011","2019-07-01","","1","","CLOSED","IAT0107191004","NHO2018000007"),
("IATT190001045","CASH","CASH","179900","200000","ISU000011","2019-07-01","","1","","CLOSED","IAT0107191004","NHO2018000007"),
("IATT190001047","CASH","CASH","14300","50000","ISU000011","2019-07-01","","1","","CLOSED","IAT0107191004","NHO2018000007"),
("IATT190001046","CASH","CASH","125400","130500","ISU000011","2019-07-01","","1","","CLOSED","IAT0107191004","NHO2018000007"),
("IATT190001044","CASH","CASH","79200","100200","ISU000011","2019-07-01","","1","","CLOSED","IAT0107191004","NHO2018000007");



