INSERT INTO pos_itemtemp VALUES("IATT190001146","193028","191001","192003","43000","1","43000","0","43000","1","1","1","IAT0507190842","NHO2018000007","PAID","","193028"),
("IATT190001146","193028","191001","192003","43000","1","43000","0","43000","2","1","1","IAT0507190842","NHO2018000007","PAID","","193028"),
("IATT190001146","193052","191002","192010","20000","1","20000","0","20000","1","1","1","IAT0507190842","NHO2018000007","PAID","","193052"),
("IATT190001146","193052","191002","192010","20000","1","20000","0","20000","2","1","1","IAT0507190842","NHO2018000007","PAID","","193052"),
("IATT190001147","193093","191001","192013","5000","1","5000","0","5000","1","1","1","IAT0507190842","NHO2018000007","PAID","","193093"),
("IATT190001147","193051","191002","192010","20000","1","20000","0","20000","1","1","1","IAT0507190842","NHO2018000007","PAID","","193051"),
("IATT190001148","193028","191001","192003","43000","1","43000","0","43000","1","1","1","IAT0507190842","NHO2018000007","PAID","","193028"),
("IATT190001148","193015","191001","192002","33000","1","33000","0","33000","1","1","1","IAT0507190842","NHO2018000007","PAID","lvl 1","PEDAS"),
("IATT190001148","193069","191001","192012","13000","1","13000","0","13000","1","1","1","IAT0507190842","NHO2018000007","PAID","","193069"),
("IATT190001148","193047","191002","192010","8000","1","8000","0","8000","1","1","1","IAT0507190842","NHO2018000007","PAID","","193047"),
("IATT190001148","193047","191002","192010","8000","1","8000","0","8000","2","1","1","IAT0507190842","NHO2018000007","PAID","","193047"),
("IATT190001149","193092","191001","192013","5000","1","5000","0","5000","1","1","1","IAT0507190842","NHO2018000007","PAID","no sayur2an ya","193092"),
("IATT190001149","193022","191001","192003","30000","1","30000","0","30000","1","1","1","IAT0507190842","NHO2018000007","PAID","","193022"),
("IATT190001149","193051","191002","192010","20000","1","20000","0","20000","1","1","1","IAT0507190842","NHO2018000007","PAID","","193051"),
("IATT190001148","193051","191002","192010","20000","1","20000","0","20000","1","1","2","IAT0507190842","NHO2018000007","PAID","","193051"),
("IATT190001150","193015","191001","192002","33000","1","33000","0","33000","1","1","1","IAT0507190842","NHO2018000007","PAID","","ORIGINAL"),
("IATT190001150","193018","191001","192002","37000","1","37000","0","37000","1","1","1","IAT0507190842","NHO2018000007","PAID","","ORIGINAL"),
("IATT190001150","193055","191002","192010","17000","1","17000","0","17000","1","1","1","IAT0507190842","NHO2018000007","PAID","","193055"),
("IATT190001150","193050","191002","192010","20000","1","20000","0","20000","1","1","1","IAT0507190842","NHO2018000007","PAID","","193050"),
("IATT190001151","193022","191001","192003","30000","1","30000","0","30000","1","1","1","IAT0507190842","NHO2018000007","PAID","","193022"),
("IATT190001151","193030","191001","192004","27000","1","27000","0","27000","1","1","1","IAT0507190842","NHO2018000007","PAID","","193030"),
("IATT190001151","193027","191001","192003","43000","1","43000","0","43000","1","1","1","IAT0507190842","NHO2018000007","PAID","","193027"),
("IATT190001151","193027","191001","192003","43000","1","43000","0","43000","2","1","1","IAT0507190842","NHO2018000007","PAID","","193027"),
("IATT190001151","193084","191001","192001","30000","1","30000","0","30000","1","1","1","IAT0507190842","NHO2018000007","PAID","sambel pisah","ORIGINAL"),
("IATT190001151","193056","191002","192010","17000","1","17000","0","17000","1","1","1","IAT0507190842","NHO2018000007","PAID","","193056"),
("IATT190001151","193055","191002","192010","17000","1","17000","0","17000","1","1","1","IAT0507190842","NHO2018000007","PAID","","193055"),
("IATT190001151","193055","191002","192010","17000","1","17000","0","17000","2","1","1","IAT0507190842","NHO2018000007","PAID","","193055"),
("IATT190001151","193053","191002","192010","20000","1","20000","0","20000","1","1","1","IAT0507190842","NHO2018000007","PAID","","193053"),
("IATT190001151","193046","191002","192010","8000","1","8000","0","8000","1","1","1","IAT0507190842","NHO2018000007","PAID","","193046"),
("IATT190001152","193084","191001","192001","30000","1","30000","0","30000","1","1","1","IAT0507190842","NHO2018000007","PAID","","ORIGINAL"),
("IATT190001152","193019","191001","192002","40000","1","40000","0","40000","1","1","1","IAT0507190842","NHO2018000007","PAID","","ORIGINAL"),
("IATT190001152","193019","191001","192002","40000","1","40000","0","40000","2","1","1","IAT0507190842","NHO2018000007","PAID","","ORIGINAL"),
("IATT190001152","193056","191002","192010","17000","1","17000","0","17000","1","1","1","IAT0507190842","NHO2018000007","PAID","","193056"),
("IATT190001152","193056","191002","192010","17000","1","17000","0","17000","2","1","1","IAT0507190842","NHO2018000007","PAID","","193056"),
("IATT190001152","193056","191002","192010","17000","1","17000","0","17000","3","1","1","IAT0507190842","NHO2018000007","PAID","","193056"),
("IATT190001153","193084","191001","192001","30000","1","30000","0","30000","1","1","1","IAT0507190842","NHO2018000007","PAID","lvl 3","ORIGINAL"),
("IATT190001153","193034","191001","192005","37000","1","37000","0","37000","1","1","1","IAT0507190842","NHO2018000007","PAID","","193034"),
("IATT190001153","193021","191001","192002","40000","1","40000","0","40000","1","1","1","IAT0507190842","NHO2018000007","PAID","pedes sedeng","ORIGINAL"),
("IATT190001153","193076","191001","192001","30000","1","30000","0","30000","1","1","1","IAT0507190842","NHO2018000007","PAID","","193076"),
("IATT190001153","193069","191001","192012","13000","1","13000","0","13000","1","1","1","IAT0507190842","NHO2018000007","PAID","","193069"),
("IATT190001153","193046","191002","192010","8000","1","8000","0","8000","1","1","1","IAT0507190842","NHO2018000007","PAID","hangat","193046"),
("IATT190001153","193046","191002","192010","8000","1","8000","0","8000","2","1","1","IAT0507190842","NHO2018000007","PAID","","193046"),
("IATT190001153","193046","191002","192010","8000","1","8000","0","8000","3","1","1","IAT0507190842","NHO2018000007","PAID","","193046"),
("IATT190001154","193027","191001","192003","43000","1","43000","0","43000","1","1","1","IAT0507190842","NHO2018000007","PAID","","193027"),
("IATT190001154","193009","191001","192001","40000","1","40000","0","40000","1","1","1","IAT0507190842","NHO2018000007","PAID","","193009"),
("IATT190001154","193092","191001","192013","5000","1","5000","0","5000","1","1","1","IAT0507190842","NHO2018000007","PAID","","193092"),
("IATT190001154","193053","191002","192010","20000","1","20000","0","20000","1","1","1","IAT0507190842","NHO2018000007","PAID","","193053"),
("IATT190001154","193053","191002","192010","20000","1","20000","0","20000","2","1","1","IAT0507190842","NHO2018000007","PAID","","193053"),
("IATT190001154","193053","191002","192010","20000","1","20000","0","20000","3","1","1","IAT0507190842","NHO2018000007","PAID","","193053"),
("IATT190001155","193092","191001","192013","5000","1","5000","0","5000","1","1","1","IAT0507190842","NHO2018000007","PAID","","193092"),
("IATT190001155","193034","191001","192005","37000","1","37000","0","37000","1","1","1","IAT0507190842","NHO2018000007","PAID","","193034"),
("IATT190001156","193034","191001","192005","37000","1","37000","0","37000","1","1","1","IAT0507190842","NHO2018000007","PAID","","193034"),
("IATT190001156","193084","191001","192001","30000","1","30000","0","30000","1","1","1","IAT0507190842","NHO2018000007","PAID","pedes pa maaf\nlevel 3","ORIGINAL"),
("IATT190001156","193048","191002","192010","8000","1","8000","0","8000","1","1","1","IAT0507190842","NHO2018000007","PAID","","193048"),
("IATT190001156","193048","191002","192010","8000","1","8000","0","8000","2","1","1","IAT0507190842","NHO2018000007","PAID","","193048"),
("IATT190001156","193056","191002","192010","17000","1","17000","0","17000","1","1","1","IAT0507190842","NHO2018000007","PAID","","193056"),
("IATT190001156","193050","191002","192010","20000","1","20000","0","20000","1","1","1","IAT0507190842","NHO2018000007","PAID","","193050"),
("IATT190001156","193024","191001","192003","30000","1","30000","0","30000","1","1","1","IAT0507190842","NHO2018000007","PAID","","193024"),
("IATT190001157","193094","191001","192013","5000","1","5000","0","5000","1","1","1","IAT0507190842","NHO2018000007","PAID","","193094"),
("IATT190001157","193055","191002","192010","17000","1","17000","0","17000","1","1","1","IAT0507190842","NHO2018000007","PAID","","193055"),
("IATT190001158","193007","191001","192001","37000","1","37000","0","37000","1","1","1","IAT0507190842","NHO2018000007","PAID","","PEDAS"),
("IATT190001158","193007","191001","192001","37000","1","37000","0","37000","2","1","1","IAT0507190842","NHO2018000007","PAID","","PEDAS"),
("IATT190001158","193047","191002","192010","8000","1","8000","0","8000","1","1","1","IAT0507190842","NHO2018000007","PAID","","193047"),
("IATT190001158","193047","191002","192010","8000","1","8000","0","8000","2","1","1","IAT0507190842","NHO2018000007","PAID","","193047"),
("IATT190001159","193024","191001","192003","30000","1","30000","0","30000","1","1","1","IAT0507190842","NHO2018000007","PAID","","193024"),
("IATT190001159","193024","191001","192003","30000","1","30000","0","30000","2","1","1","IAT0507190842","NHO2018000007","PAID","","193024"),
("IATT190001159","193029","191001","192004","27000","1","27000","0","27000","1","1","1","IAT0507190842","NHO2018000007","PAID","","193029"),
("IATT190001159","193056","191002","192010","17000","1","17000","0","17000","1","1","1","IAT0507190842","NHO2018000007","PAID","","193056"),
("IATT190001159","193056","191002","192010","17000","1","17000","0","17000","2","1","1","IAT0507190842","NHO2018000007","PAID","","193056"),
("IATT190001159","193056","191002","192010","17000","1","17000","0","17000","3","1","1","IAT0507190842","NHO2018000007","PAID","","193056"),
("IATT190001151","193086","191001","192002","33000","1","33000","0","33000","1","1","2","IAT0507190842","NHO2018000007","PAID","lvl 3\ntake away ya","PEDAS"),
("IATT190001160","193022","191001","192003","30000","1","30000","0","30000","1","1","1","IAT0507190842","NHO2018000007","PAID","","193022"),
("IATT190001160","193027","191001","192003","43000","1","43000","0","43000","1","1","1","IAT0507190842","NHO2018000007","PAID","","193027"),
("IATT190001160","193047","191002","192010","8000","1","8000","0","8000","1","1","1","IAT0507190842","NHO2018000007","PAID","","193047"),
("IATT190001160","193047","191002","192010","8000","1","8000","0","8000","2","1","1","IAT0507190842","NHO2018000007","PAID","","193047"),
("IATT190001156","193055","191002","192010","17000","1","17000","0","17000","1","1","2","IAT0507190842","NHO2018000007","PAID","","193055"),
("IATT190001161","193022","191001","192003","30000","1","30000","0","30000","1","1","1","IAT0507190842","NHO2018000007","PAID","","193022"),
("IATT190001161","193022","191001","192003","30000","1","30000","0","30000","2","1","1","IAT0507190842","NHO2018000007","PAID","","193022"),
("IATT190001161","193023","191001","192003","30000","1","30000","0","30000","1","1","1","IAT0507190842","NHO2018000007","PAID","","193023"),
("IATT190001161","193047","191002","192010","8000","1","8000","0","8000","1","1","1","IAT0507190842","NHO2018000007","PAID","","193047"),
("IATT190001161","193046","191002","192010","8000","1","8000","0","8000","1","1","1","IAT0507190842","NHO2018000007","PAID","","193046"),
("IATT190001161","193048","191002","192010","8000","1","8000","0","8000","1","1","1","IAT0507190842","NHO2018000007","PAID","","193048"),
("IATT190001162","193048","191002","192010","8000","1","8000","0","8000","1","1","1","IAT0507190842","NHO2018000007","PAID","","193048"),
("IATT190001163","193094","191001","192013","5000","1","5000","0","5000","1","1","1","IAT0507190842","NHO2018000007","PAID","lvl 3 no daun bawang","193094"),
("IATT190001163","193049","191002","192010","10000","1","10000","0","10000","1","1","1","IAT0507190842","NHO2018000007","PAID","","193049"),
("IATT190001164","193094","191001","192013","5000","1","5000","0","5000","1","1","1","IAT0507190842","NHO2018000007","PAID","lvl 3 no daun bawang","193094"),
("IATT190001164","193049","191002","192010","10000","1","10000","0","10000","1","1","1","IAT0507190842","NHO2018000007","PAID","","193049"),
("IATT190001165","193094","191001","192013","5000","1","5000","0","5000","1","1","1","IAT0507190842","NHO2018000007","PAID","lvl 1","193094"),
("IATT190001165","193049","191002","192010","10000","1","10000","0","10000","1","1","1","IAT0507190842","NHO2018000007","PAID","","193049"),
("IATT190001166","193087","191001","192002","33000","1","33000","0","33000","1","1","1","IAT0507190842","NHO2018000007","PAID","lvl 1","193087"),
("IATT190001166","193024","191001","192003","30000","1","30000","0","30000","1","1","1","IAT0507190842","NHO2018000007","PAID","","193024"),
("IATT190001166","193055","191002","192010","17000","1","17000","0","17000","1","1","1","IAT0507190842","NHO2018000007","PAID","","193055"),
("IATT190001166","193055","191002","192010","17000","1","17000","0","17000","2","1","1","IAT0507190842","NHO2018000007","PAID","","193055"),
("IATT190001162","193092","191001","192013","5000","1","5000","0","5000","1","1","2","IAT0507190842","NHO2018000007","PAID","ga usah dibikin udah keluar","193092"),
("IATT190001167","193012","191001","192001","40000","1","40000","0","40000","1","1","1","IAT0507190842","NHO2018000007","PAID","","193012"),
("IATT190001167","193032","191001","192004","30000","1","30000","0","30000","1","1","1","IAT0507190842","NHO2018000007","PAID","","193032"),
("IATT190001167","193054","191002","192010","20000","1","20000","0","20000","1","1","1","IAT0507190842","NHO2018000007","PAID","","193054"),
("IATT190001169","193094","191001","192013","5000","1","5000","0","5000","1","1","1","IAT0507190842","NHO2018000007","PAID","","193094"),
("IATT190001169","193050","191002","192010","20000","1","20000","0","20000","1","1","1","IAT0507190842","NHO2018000007","PAID","","193050"),
("IATT190001170","193041","191001","192008","20000","1","20000","0","20000","1","1","1","IAT0507190842","NHO2018000007","PAID","","193041"),
("IATT190001170","193022","191001","192003","30000","1","30000","0","30000","1","1","1","IAT0507190842","NHO2018000007","PAID","","193022"),
("IATT190001170","193089","191001","192013","5000","1","5000","0","5000","1","1","1","IAT0507190842","NHO2018000007","PAID","","193089"),
("IATT190001170","193094","191001","192013","5000","1","5000","0","5000","1","1","1","IAT0507190842","NHO2018000007","PAID","","193094"),
("IATT190001170","193048","191002","192010","8000","1","8000","0","8000","1","1","1","IAT0507190842","NHO2018000007","PAID","","193048"),
("IATT190001170","193056","191002","192010","17000","1","17000","0","17000","1","1","1","IAT0507190842","NHO2018000007","PAID","","193056"),
("IATT190001171","193010","191001","192001","40000","1","40000","20000","20000","1","1","1","IAT0507190842","NHO2018000007","PAID","","193010"),
("IATT190001171","193085","191001","192001","30000","1","30000","15000","15000","1","1","1","IAT0507190842","NHO2018000007","PAID","","193085"),
("IATT190001170","193051","191002","192010","20000","1","20000","0","20000","1","1","2","IAT0507190842","NHO2018000007","PAID","","193051"),
("IATT190001172","193015","191001","192002","33000","1","33000","0","33000","1","1","1","IAT0507190842","NHO2018000007","PAID","","ORIGINAL"),
("IATT190001172","193034","191001","192005","37000","1","37000","0","37000","1","1","1","IAT0507190842","NHO2018000007","PAID","","193034"),
("IATT190001173","193025","191001","192003","30000","1","30000","0","30000","1","1","1","IAT0507190842","NHO2018000007","PAID","","193025"),
("IATT190001173","193027","191001","192003","43000","1","43000","0","43000","1","1","1","IAT0507190842","NHO2018000007","PAID","","193027"),
("IATT190001173","193027","191001","192003","43000","1","43000","0","43000","2","1","1","IAT0507190842","NHO2018000007","PAID","","193027"),
("IATT190001173","193046","191002","192010","8000","1","8000","0","8000","1","1","1","IAT0507190842","NHO2018000007","PAID","","193046"),
("IATT190001173","193055","191002","192010","17000","1","17000","0","17000","1","1","1","IAT0507190842","NHO2018000007","PAID","","193055"),
("IATT190001173","193048","191002","192010","8000","1","8000","0","8000","1","1","1","IAT0507190842","NHO2018000007","PAID","","193048"),
("IATT190001174","193011","191001","192001","40000","1","40000","0","40000","1","1","1","IAT0507190842","NHO2018000007","PAID","","PEDAS"),
("IATT190001174","193048","191002","192010","8000","1","8000","0","8000","1","1","1","IAT0507190842","NHO2018000007","PAID","","193048"),
("IATT190001175","193007","191001","192001","37000","1","37000","0","37000","1","1","1","IAT0507190842","NHO2018000007","PAID","","PEDAS"),
("IATT190001175","193007","191001","192001","37000","1","37000","0","37000","2","1","1","IAT0507190842","NHO2018000007","PAID","","PEDAS"),
("IATT190001175","193047","191002","192010","8000","1","8000","0","8000","1","1","1","IAT0507190842","NHO2018000007","PAID","","193047"),
("IATT190001175","193047","191002","192010","8000","1","8000","0","8000","2","1","1","IAT0507190842","NHO2018000007","PAID","","193047"),
("IATT190001176","193094","191001","192013","5000","1","5000","0","5000","1","1","1","IAT0507190842","NHO2018000007","PAID","","193094"),
("IATT190001176","193086","191001","192002","33000","1","33000","0","33000","1","1","1","IAT0507190842","NHO2018000007","PAID","","ORIGINAL"),
("IATT190001176","193047","191002","192010","8000","1","8000","0","8000","1","1","1","IAT0507190842","NHO2018000007","PAID","","193047"),
("IATT190001176","193055","191002","192010","17000","1","17000","0","17000","1","1","1","IAT0507190842","NHO2018000007","PAID","","193055"),
("IATT190001176","193025","191001","192003","30000","1","30000","0","30000","1","1","2","IAT0507190842","NHO2018000007","PAID","","193025"),
("IATT190001176","193025","191001","192003","30000","1","30000","0","30000","2","1","3","IAT0507190842","NHO2018000007","PAID","","193025"),
("IATT190001178","193090","191001","192013","5000","1","5000","0","5000","1","1","1","IAT0507190842","NHO2018000007","PAID","lvl 1 and lvl 3","193090"),
("IATT190001178","193090","191001","192013","5000","1","5000","0","5000","2","1","1","IAT0507190842","NHO2018000007","PAID","","193090"),
("IATT190001178","193092","191001","192013","5000","1","5000","0","5000","1","1","1","IAT0507190842","NHO2018000007","PAID","","193092"),
("IATT190001178","193092","191001","192013","5000","1","5000","0","5000","2","1","1","IAT0507190842","NHO2018000007","PAID","","193092"),
("IATT190001178","193092","191001","192013","5000","1","5000","0","5000","3","1","1","IAT0507190842","NHO2018000007","PAID","","193092"),
("IATT190001178","193056","191002","192010","17000","1","17000","0","17000","1","1","1","IAT0507190842","NHO2018000007","PAID","","193056"),
("IATT190001178","193049","191002","192010","10000","1","10000","0","10000","1","1","1","IAT0507190842","NHO2018000007","PAID","","193049"),
("IATT190001178","193049","191002","192010","10000","1","10000","0","10000","2","1","1","IAT0507190842","NHO2018000007","PAID","","193049"),
("IATT190001178","193049","191002","192010","10000","1","10000","0","10000","3","1","1","IAT0507190842","NHO2018000007","PAID","","193049"),
("IATT190001178","193049","191002","192010","10000","1","10000","0","10000","4","1","1","IAT0507190842","NHO2018000007","PAID","","193049"),
("IATT190001179","193090","191001","192013","5000","1","5000","0","5000","1","1","1","IAT0507190842","NHO2018000007","PAID","lvl 3","193090"),
("IATT190001179","193094","191001","192013","5000","1","5000","0","5000","1","1","1","IAT0507190842","NHO2018000007","PAID","lvl 3 and lvl 1","193094"),
("IATT190001179","193094","191001","192013","5000","1","5000","0","5000","2","1","1","IAT0507190842","NHO2018000007","PAID","","193094"),
("IATT190001179","193092","191001","192013","5000","1","5000","0","5000","1","1","1","IAT0507190842","NHO2018000007","PAID","","193092"),
("IATT190001179","193092","191001","192013","5000","1","5000","0","5000","2","1","1","IAT0507190842","NHO2018000007","PAID","","193092"),
("IATT190001179","193089","191001","192013","5000","1","5000","0","5000","1","1","1","IAT0507190842","NHO2018000007","PAID","","193089"),
("IATT190001179","193047","191002","192010","8000","1","8000","0","8000","1","1","1","IAT0507190842","NHO2018000007","PAID","","193047"),
("IATT190001179","193047","191002","192010","8000","1","8000","0","8000","2","1","1","IAT0507190842","NHO2018000007","PAID","","193047"),
("IATT190001179","193046","191002","192010","8000","1","8000","0","8000","1","1","1","IAT0507190842","NHO2018000007","PAID","","193046"),
("IATT190001179","193056","191002","192010","17000","1","17000","0","17000","1","1","1","IAT0507190842","NHO2018000007","PAID","","193056"),
("IATT190001179","193051","191002","192010","20000","1","20000","0","20000","1","1","2","IAT0507190842","NHO2018000007","PAID","","193051"),
("IATT190001179","193051","191002","192010","20000","1","20000","0","20000","2","1","2","IAT0507190842","NHO2018000007","PAID","","193051"),
("IATT190001180","193095","191001","192013","5000","1","5000","0","5000","1","1","1","IAT0507190842","NHO2018000007","PAID","","193095"),
("IATT190001180","193093","191001","192013","5000","1","5000","0","5000","1","1","1","IAT0507190842","NHO2018000007","PAID","","193093"),
("IATT190001180","193055","191002","192010","17000","1","17000","0","17000","1","1","1","IAT0507190842","NHO2018000007","PAID","","193055"),
("IATT190001180","193056","191002","192010","17000","1","17000","0","17000","1","1","1","IAT0507190842","NHO2018000007","PAID","","193056"),
("IATT190001181","193055","191002","192010","17000","1","17000","0","17000","1","1","1","IAT0507190842","NHO2018000007","PAID","","193055"),
("IATT190001181","193056","191002","192010","17000","1","17000","0","17000","1","1","1","IAT0507190842","NHO2018000007","PAID","","193056"),
("IATT190001181","193095","191001","192013","5000","1","5000","0","5000","1","1","1","IAT0507190842","NHO2018000007","PAID","","193095"),
("IATT190001181","193030","191001","192004","27000","1","27000","0","27000","1","1","1","IAT0507190842","NHO2018000007","PAID","","193030"),
("IATT190001182","193093","191001","192013","5000","1","5000","0","5000","1","1","1","IAT0507190842","NHO2018000007","PAID","","193093"),
("IATT190001182","193094","191001","192013","5000","1","5000","0","5000","1","1","1","IAT0507190842","NHO2018000007","PAID","","193094"),
("IATT190001182","193055","191002","192010","17000","1","17000","0","17000","1","1","1","IAT0507190842","NHO2018000007","PAID","","193055"),
("IATT190001182","193048","191002","192010","8000","1","8000","0","8000","1","1","1","IAT0507190842","NHO2018000007","PAID","","193048"),
("IATT190001182","193035","191001","192006","32000","1","32000","0","32000","1","1","1","IAT0507190842","NHO2018000007","PAID","","PEDAS"),
("IATT190001183","193095","191001","192013","5000","1","5000","0","5000","1","1","1","IAT0507190842","NHO2018000007","PAID","","193095"),
("IATT190001183","193091","191001","192013","5000","1","5000","0","5000","1","1","1","IAT0507190842","NHO2018000007","PAID","","193091"),
("IATT190001184","193094","191001","192013","5000","1","5000","0","5000","1","1","1","IAT0507190842","NHO2018000007","PAID","","193094"),
("IATT190001184","193094","191001","192013","5000","1","5000","0","5000","2","1","1","IAT0507190842","NHO2018000007","PAID","","193094"),
("IATT190001184","193050","191002","192010","20000","1","20000","0","20000","1","1","1","IAT0507190842","NHO2018000007","PAID","","193050"),
("IATT190001184","193050","191002","192010","20000","1","20000","0","20000","2","1","1","IAT0507190842","NHO2018000007","PAID","","193050"),
("IATT190001185","193095","191001","192013","5000","1","5000","0","5000","1","1","1","IAT0507190842","NHO2018000007","PAID","","193095"),
("IATT190001183","193046","191002","192010","8000","1","8000","0","8000","1","1","2","IAT0507190842","NHO2018000007","PAID","","193046"),
("IATT190001183","193046","191002","192010","8000","1","8000","0","8000","2","1","2","IAT0507190842","NHO2018000007","PAID","","193046"),
("IATT190001183","193046","191002","192010","8000","1","8000","0","8000","3","1","2","IAT0507190842","NHO2018000007","PAID","","193046"),
("IATT190001186","193055","191002","192010","17000","1","17000","0","17000","1","1","1","IAT0507190842","NHO2018000007","PAID","","193055"),
("IATT190001186","193048","191002","192010","8000","1","8000","0","8000","1","1","1","IAT0507190842","NHO2018000007","PAID","","193048"),
("IATT190001186","193095","191001","192013","5000","1","5000","0","5000","1","1","1","IAT0507190842","NHO2018000007","PAID","","193095"),
("IATT190001186","193094","191001","192013","5000","1","5000","0","5000","1","1","1","IAT0507190842","NHO2018000007","PAID","","193094"),
("IATT190001187","193084","191001","192001","30000","1","30000","0","30000","1","1","1","IAT0507190842","NHO2018000007","PAID","","PEDAS"),
("IATT190001187","193078","191001","192001","30000","1","30000","0","30000","1","1","1","IAT0507190842","NHO2018000007","PAID","","PEDAS"),
("IATT190001187","193076","191001","192001","30000","1","30000","0","30000","1","1","1","IAT0507190842","NHO2018000007","PAID","","193076"),
("IATT190001187","193050","191002","192010","20000","1","20000","0","20000","1","1","1","IAT0507190842","NHO2018000007","PAID","","193050"),
("IATT190001188","193022","191001","192003","30000","1","30000","0","30000","1","1","1","IAT0507190842","NHO2018000007","PAID","","193022"),
("IATT190001188","193095","191001","192013","5000","1","5000","0","5000","1","1","1","IAT0507190842","NHO2018000007","PAID","","193095"),
("IATT190001188","193055","191002","192010","17000","1","17000","0","17000","1","1","1","IAT0507190842","NHO2018000007","PAID","yg satu less ice","193055"),
("IATT190001188","193055","191002","192010","17000","1","17000","0","17000","2","1","1","IAT0507190842","NHO2018000007","PAID","","193055"),
("IATT190001183","193095","191001","192013","5000","1","5000","0","5000","2","1","3","IAT0507190842","NHO2018000007","PAID","","193095"),
("IATT190001190","193092","191001","192013","5000","1","5000","0","5000","1","1","1","IAT0507190842","NHO2018000007","PAID","","193092"),
("IATT190001190","193094","191001","192013","5000","1","5000","0","5000","1","1","1","IAT0507190842","NHO2018000007","PAID","","193094"),
("IATT190001190","193047","191002","192010","8000","1","8000","0","8000","1","1","1","IAT0507190842","NHO2018000007","PAID","","193047"),
("IATT190001190","193047","191002","192010","8000","1","8000","0","8000","2","1","1","IAT0507190842","NHO2018000007","PAID","","193047"),
("IATT190001183","193055","191002","192010","17000","1","17000","0","17000","1","1","4","IAT0507190842","NHO2018000007","PAID","","193055"),
("IATT190001191","193094","191001","192013","5000","1","5000","0","5000","1","1","1","IAT0507190842","NHO2018000007","PAID","lvl2","193094"),
("IATT190001191","193088","191001","192013","5000","1","5000","0","5000","1","1","1","IAT0507190842","NHO2018000007","PAID","lv1","193088"),
("IATT190001191","193071","191001","192012","18000","1","18000","0","18000","1","1","1","IAT0507190842","NHO2018000007","PAID","","193071"),
("IATT190001191","193071","191001","192012","18000","1","18000","0","18000","2","1","1","IAT0507190842","NHO2018000007","PAID","","193071"),
("IATT190001191","193071","191001","192012","18000","1","18000","0","18000","3","1","1","IAT0507190842","NHO2018000007","PAID","","193071"),
("IATT190001191","193094","191001","192013","5000","1","5000","0","5000","2","1","1","IAT0507190842","NHO2018000007","PAID","","193094"),
("IATT190001191","193047","191002","192010","8000","1","8000","0","8000","1","1","1","IAT0507190842","NHO2018000007","PAID","","193047"),
("IATT190001191","193047","191002","192010","8000","1","8000","0","8000","2","1","1","IAT0507190842","NHO2018000007","PAID","","193047"),
("IATT190001191","193047","191002","192010","8000","1","8000","0","8000","3","1","1","IAT0507190842","NHO2018000007","PAID","","193047"),
("IATT190001191","193047","191002","192010","8000","1","8000","0","8000","4","1","1","IAT0507190842","NHO2018000007","PAID","","193047"),
("IATT190001191","193046","191002","192010","8000","1","8000","0","8000","1","1","1","IAT0507190842","NHO2018000007","PAID","","193046"),
("IATT190001192","193092","191001","192013","5000","1","5000","0","5000","1","1","1","IAT0507190842","NHO2018000007","PAID","","193092"),
("IATT190001192","193009","191001","192001","40000","1","40000","0","40000","1","1","1","IAT0507190842","NHO2018000007","PAID","","193009"),
("IATT190001192","193048","191002","192010","8000","1","8000","0","8000","1","1","1","IAT0507190842","NHO2018000007","PAID","","193048"),
("IATT190001192","193055","191002","192010","17000","1","17000","0","17000","1","1","1","IAT0507190842","NHO2018000007","PAID","","193055"),
("IATT190001191","193047","191002","192010","8000","1","8000","0","8000","5","1","2","IAT0507190842","NHO2018000007","PAID","","193047"),
("IATT190001193","193076","191001","192001","30000","1","30000","0","30000","1","1","1","IAT0507190842","NHO2018000007","PAID","","193076"),
("IATT190001193","193083","191001","192001","30000","1","30000","0","30000","1","1","1","IAT0507190842","NHO2018000007","PAID","","193083"),
("IATT190001193","193085","191001","192001","30000","1","30000","0","30000","1","1","1","IAT0507190842","NHO2018000007","PAID","","193085"),
("IATT190001193","193055","191002","192010","17000","1","17000","0","17000","1","1","1","IAT0507190842","NHO2018000007","PAID","","193055"),
("IATT190001194","193094","191001","192013","5000","1","5000","0","5000","1","1","1","IAT0507190842","NHO2018000007","PAID","","193094"),
("IATT190001194","193094","191001","192013","5000","1","5000","0","5000","2","1","1","IAT0507190842","NHO2018000007","PAID","","193094");



INSERT INTO pos_salestemp VALUES("IATT190001146","","2","126000","0","12600","0","138600","140000","05/07/2019","10:08","2019-07-05","10:47:36","ISU000012","tbl0012","CLOSED","1","","IATR190001109","","","","","IAT0507190842","NHO2018000007"),
("IATT190001147","","1","25000","0","2500","0","27500","50000","05/07/2019","11:10","2019-07-05","11:28:56","ISU000012","tbl0005","CLOSED","1","","IATR190001110","","","","","IAT0507190842","NHO2018000007"),
("IATT190001148","","2","125000","0","12500","0","137500","150000","05/07/2019","12:02","2019-07-05","13:05:19","ISU000012","tbl0012","CLOSED","1","","IATR190001113","","","","","IAT0507190842","NHO2018000007"),
("IATT190001149","","2","55000","0","5500","0","60500","100500","05/07/2019","12:07","2019-07-05","12:46:21","ISU000012","tbl0011","CLOSED","1","","IATR190001111","","","","","IAT0507190842","NHO2018000007"),
("IATT190001150","","2","107000","0","10700","0","117700","200000","05/07/2019","12:16","2019-07-05","12:49:29","ISU000012","tbl0021","CLOSED","1","","IATR190001112","","","","","IAT0507190842","NHO2018000007"),
("IATT190001151","","6","285000","0","28500","0","313500","313500","05/07/2019","12:20","2019-07-05","13:12:22","ISU000012","tbl0013","CLOSED","1","","IATR190001116","","","","","IAT0507190842","NHO2018000007"),
("IATT190001152","","3","161000","0","16100","0","177100","177100","05/07/2019","12:24","2019-07-05","13:06:44","ISU000012","tbl0010","CLOSED","1","","IATR190001114","","","","","IAT0507190842","NHO2018000007"),
("IATT190001153","","3","174000","0","17400","0","191400","200000","05/07/2019","12:29","2019-07-05","13:46:56","ISU000012","tbl0015","CLOSED","1","","IATR190001123","","","","","IAT0507190842","NHO2018000007"),
("IATT190001154","","3","148000","0","14800","0","162800","200000","05/07/2019","12:34","2019-07-05","13:18:19","ISU000012","tbl0024","CLOSED","1","","IATR190001117","","","","","IAT0507190842","NHO2018000007"),
("IATT190001155","","2","42000","0","4200","0","46200","50000","05/07/2019","12:36","2019-07-05","13:49:23","ISU000012","tbl0022","CLOSED","1","","IATR190001124","","","","","IAT0507190842","NHO2018000007"),
("IATT190001156","","3","167000","0","16700","0","183700","185000","05/07/2019","12:43","2019-07-05","13:33:56","ISU000012","tbl0018","CLOSED","1","","IATR190001118","","","","","IAT0507190842","NHO2018000007"),
("IATT190001157","","1","22000","0","2200","0","24200","50000","05/07/2019","12:45","2019-07-05","13:09:29","ISU000012","tbl0006","CLOSED","1","","IATR190001115","","","","","IAT0507190842","NHO2018000007"),
("IATT190001158","","2","90000","0","9000","0","99000","100000","05/07/2019","12:52","2019-07-05","13:40:00","ISU000012","tbl0007","CLOSED","1","","IATR190001120","","","","","IAT0507190842","NHO2018000007"),
("IATT190001159","","3","138000","0","13800","0","151800","155000","05/07/2019","12:54","2019-07-05","13:35:02","ISU000012","tbl0009","CLOSED","1","","IATR190001119","","","","","IAT0507190842","NHO2018000007"),
("IATT190001160","","2","89000","0","8900","0","97900","100000","05/07/2019","13:07","2019-07-05","13:45:09","ISU000012","tbl0021","CLOSED","1","","IATR190001122","","","","","IAT0507190842","NHO2018000007"),
("IATT190001161","","3","114000","0","11400","0","125400","150000","05/07/2019","13:10","2019-07-05","14:03:49","ISU000012","tbl0011","CLOSED","1","","IATR190001125","","","","","IAT0507190842","NHO2018000007"),
("IATT190001162","","1","13000","0","1300","0","14300","50000","05/07/2019","13:16","2019-07-05","13:43:40","ISU000012","tbl0005","CLOSED","1","","IATR190001121","","","","","IAT0507190842","NHO2018000007"),
("IATT190001163","","3","15000","0","1500","0","16500","20000","05/07/2019","13:35","2019-07-05","14:07:25","ISU000012","tbl0010","CLOSED","1","","IATR190001127","","","","","IAT0507190842","NHO2018000007"),
("IATT190001164","","1","15000","0","1500","0","16500","20500","05/07/2019","13:36","2019-07-05","14:13:10","ISU000012","tbl0041","CLOSED","1","","IATR190001128","","","","","IAT0507190842","NHO2018000007"),
("IATT190001165","","1","15000","0","1500","0","16500","20500","05/07/2019","13:37","2019-07-05","14:13:35","ISU000012","tbl0042","CLOSED","1","","IATR190001129","","","","","IAT0507190842","NHO2018000007"),
("IATT190001166","","2","97000","0","9700","0","106700","125000","05/07/2019","13:37","2019-07-05","14:04:49","ISU000012","tbl0004","CLOSED","1","","IATR190001126","","","","","IAT0507190842","NHO2018000007"),
("IATT190001167","","2","90000","0","9000","0","99000","99000","05/07/2019","13:50","2019-07-05","14:33:04","ISU000012","tbl0013","CLOSED","1","","IATR190001130","","","","","IAT0507190842","NHO2018000007"),
("IATT190001168","","1","0","0","0","0","0","0","05/07/2019","14:15","05/07/2019","14:16:15","ISU000012","tbl0008","CANCELED","1","PERMINTAAN CUSTOMER","","","","","","IAT0507190842","NHO2018000007"),
("IATT190001169","","1","25000","0","2500","0","27500","27500","05/07/2019","14:16","2019-07-05","14:39:54","ISU000012","tbl0009","CLOSED","1","","IATR190001132","","","","","IAT0507190842","NHO2018000007"),
("IATT190001170","","2","105000","0","10500","0","115500","115500","05/07/2019","14:19","2019-07-05","15:07:03","ISU000012","tbl0012","CLOSED","1","","IATR190001134","","","","","IAT0507190842","NHO2018000007"),
("IATT190001171","","2","70000","35000","3500","0","38500","50000","05/07/2019","14:30","2019-07-05","14:33:36","ISU000012","tbl0011","CLOSED","1","","IATR190001131","","","","","IAT0507190842","NHO2018000007"),
("IATT190001172","","2","70000","0","7000","0","77000","100000","05/07/2019","14:40","2019-07-05","14:59:02","ISU000012","tbl0011","CLOSED","1","","IATR190001133","","","","","IAT0507190842","NHO2018000007"),
("IATT190001173","","3","149000","0","14900","0","163900","163900","05/07/2019","14:44","2019-07-05","16:09:54","ISU000012","tbl0010","CLOSED","1","","IATR190001135","","","","","IAT0507190842","NHO2018000007"),
("IATT190001174","","1","48000","0","4800","0","52800","100000","05/07/2019","15:28","2019-07-05","16:38:34","ISU000012","tbl0012","CLOSED","1","","IATR190001138","","","","","IAT0507190842","NHO2018000007"),
("IATT190001175","","2","90000","0","9000","0","99000","100000","05/07/2019","15:33","2019-07-05","16:15:41","ISU000012","tbl0011","CLOSED","1","","IATR190001136","","","","","IAT0507190842","NHO2018000007"),
("IATT190001176","","2","123000","0","12300","0","135300","150000","05/07/2019","15:38","2019-07-05","16:37:34","ISU000012","tbl0021","CLOSED","1","","IATR190001137","","","","","IAT0507190842","NHO2018000007"),
("IATT190001177","","3","0","0","0","0","0","0","05/07/2019","16:24","05/07/2019","16:25:08","ISU000012","tbl0010","CANCELED","1","PERMINTAAN CUSTOMER","","","","","","IAT0507190842","NHO2018000007"),
("IATT190001178","","5","82000","0","8200","0","90200","100000","05/07/2019","16:25","2019-07-05","16:57:46","ISU000012","tbl0010","CLOSED","1","","IATR190001139","","","","","IAT0507190842","NHO2018000007"),
("IATT190001179","","6","111000","0","11100","0","122100","125000","05/07/2019","16:40","2019-07-05","17:36:03","ISU000012","tbl0013","CLOSED","1","","IATR190001140","","","","","IAT0507190842","NHO2018000007"),
("IATT190001180","","2","44000","0","4400","0","48400","50000","05/07/2019","18:36","2019-07-05","19:30:58","ISU000012","tbl0010","CLOSED","1","","IATR190001141","","","","","IAT0507190842","NHO2018000007"),
("IATT190001181","","2","66000","0","6600","0","72600","74000","05/07/2019","18:44","2019-07-05","20:30:07","ISU000012","tbl0011","CLOSED","1","","IATR190001148","","","","","IAT0507190842","NHO2018000007"),
("IATT190001182","","2","67000","0","6700","0","73700","73700","05/07/2019","19:06","2019-07-05","20:00:14","ISU000012","tbl0012","CLOSED","1","","IATR190001144","","","","","IAT0507190842","NHO2018000007"),
("IATT190001183","","2","56000","0","5600","0","61600","95000","05/07/2019","19:10","2019-07-05","20:48:59","ISU000012","tbl0021","CLOSED","1","","IATR190001150","","","","","IAT0507190842","NHO2018000007"),
("IATT190001184","","2","50000","0","5000","0","55000","105000","05/07/2019","19:11","2019-07-05","19:47:14","ISU000012","tbl0014","CLOSED","1","","IATR190001142","","","","","IAT0507190842","NHO2018000007"),
("IATT190001185","","1","5000","0","500","0","5500","100500","05/07/2019","19:15","2019-07-05","20:48:29","ISU000012","tbl0020","CLOSED","1","","IATR190001149","","","","","IAT0507190842","NHO2018000007"),
("IATT190001186","","2","35000","0","3500","0","38500","50000","05/07/2019","19:26","2019-07-05","19:57:40","ISU000012","tbl0022","CLOSED","1","","IATR190001143","","","","","IAT0507190842","NHO2018000007"),
("IATT190001187","","3","110000","0","11000","0","121000","122000","05/07/2019","19:28","2019-07-05","20:06:52","ISU000012","tbl0010","CLOSED","1","","IATR190001145","","","","","IAT0507190842","NHO2018000007"),
("IATT190001188","","2","69000","0","6900","0","75900","75900","05/07/2019","19:38","2019-07-05","20:24:58","ISU000012","tbl0018","CLOSED","1","","IATR190001146","","","","","IAT0507190842","NHO2018000007"),
("IATT190001189","","1","0","0","0","0","0","0","05/07/2019","19:50","05/07/2019","19:51:24","ISU000012","tbl0008","CANCELED","1","PERMINTAAN CUSTOMER","","","","","","IAT0507190842","NHO2018000007"),
("IATT190001190","","2","26000","0","2600","0","28600","100000","05/07/2019","19:51","2019-07-05","20:27:09","ISU000012","tbl0008","CLOSED","1","","IATR190001147","","","","","IAT0507190842","NHO2018000007"),
("IATT190001191","","4","117000","0","11700","0","128700","128700","05/07/2019","20:00","2019-07-05","20:59:30","ISU000012","tbl0024","CLOSED","1","","IATR190001151","","","","","IAT0507190842","NHO2018000007"),
("IATT190001192","","2","70000","0","7000","0","77000","77000","05/07/2019","20:29","2019-07-05","21:20:06","ISU000012","tbl0012","CLOSED","1","","IATR190001152","","","","","IAT0507190842","NHO2018000007"),
("IATT190001193","","3","107000","0","10700","0","117700","125000","05/07/2019","21:08","2019-07-05","21:41:16","ISU000012","tbl0011","CLOSED","1","","IATR190001153","","","","","IAT0507190842","NHO2018000007"),
("IATT190001194","","2","10000","0","1000","0","11000","12000","05/07/2019","21:33","2019-07-05","21:44:45","ISU000012","tbl0015","CLOSED","1","","IATR190001154","","","","","IAT0507190842","NHO2018000007");



INSERT INTO item_void VALUES("IATT190001154","IAT0507190842","NHO2018000007","193024","193024","1","30000","Before Send","Komplen Customer"),
("IATT190001162","IAT0507190842","NHO2018000007","193082","193082","1","30000","Before Send","Komplen Customer"),
("IATT190001171","IAT0507190842","NHO2018000007","193010","193010","1","40000","Before Send","Komplen Customer");



INSERT INTO pos_promotion_h VALUES("IATT190001171","NPRM18000012","DISC ITEM","1","35000","eatigo 50%","IAT0507190842","PAID","NHO2018000007");



INSERT INTO pos_promotion_d VALUES("IATT190001171","NPRM18000012","DISC ITEM","1","1","193010","1","20000","IAT0507190842","PAID","NHO2018000007"),
("IATT190001171","NPRM18000012","DISC ITEM","1","1","193085","1","15000","IAT0507190842","PAID","NHO2018000007");



INSERT INTO pos_paymenttemp VALUES("IATT190001146","VOUCHER","ISOIDE VOUCHER 25K","25000","25000","ISU000012","2019-07-05","","1","","CLOSED","IAT0507190842","NHO2018000007"),
("IATT190001146","CASH","CASH","113600","115000","ISU000012","2019-07-05","","1","","CLOSED","IAT0507190842","NHO2018000007"),
("IATT190001147","CASH","CASH","27500","50000","ISU000012","2019-07-05","","1","","CLOSED","IAT0507190842","NHO2018000007"),
("IATT190001149","CASH","CASH","60500","100500","ISU000012","2019-07-05","","1","","CLOSED","IAT0507190842","NHO2018000007"),
("IATT190001150","CASH","CASH","117700","200000","ISU000012","2019-07-05","","1","","CLOSED","IAT0507190842","NHO2018000007"),
("IATT190001148","CASH","CASH","137500","150000","ISU000012","2019-07-05","","1","","CLOSED","IAT0507190842","NHO2018000007"),
("IATT190001152","VOUCHER","ISOIDE VOUCHER 25K","25000","25000","ISU000012","2019-07-05","","1","","CLOSED","IAT0507190842","NHO2018000007"),
("IATT190001152","CASH","CASH","152100","152100","ISU000012","2019-07-05","","1","","CLOSED","IAT0507190842","NHO2018000007"),
("IATT190001157","CASH","CASH","24200","50000","ISU000012","2019-07-05","","1","","CLOSED","IAT0507190842","NHO2018000007"),
("IATT190001151","CARD","DEBIT BCA","313500","313500","ISU000012","2019-07-05","","1","","CLOSED","IAT0507190842","NHO2018000007"),
("IATT190001154","CASH","CASH","162800","200000","ISU000012","2019-07-05","","1","","CLOSED","IAT0507190842","NHO2018000007"),
("IATT190001156","VOUCHER","ISOIDE VOUCHER 25K","25000","25000","ISU000012","2019-07-05","","1","","CLOSED","IAT0507190842","NHO2018000007"),
("IATT190001156","CASH","CASH","158700","160000","ISU000012","2019-07-05","","1","","CLOSED","IAT0507190842","NHO2018000007"),
("IATT190001159","VOUCHER","ISOIDE VOUCHER 25K","25000","25000","ISU000012","2019-07-05","","1","","CLOSED","IAT0507190842","NHO2018000007"),
("IATT190001159","CASH","CASH","126800","130000","ISU000012","2019-07-05","","1","","CLOSED","IAT0507190842","NHO2018000007"),
("IATT190001158","CASH","CASH","99000","100000","ISU000012","2019-07-05","","1","","CLOSED","IAT0507190842","NHO2018000007"),
("IATT190001162","CASH","CASH","14300","50000","ISU000012","2019-07-05","","1","","CLOSED","IAT0507190842","NHO2018000007"),
("IATT190001160","CASH","CASH","97900","100000","ISU000012","2019-07-05","","1","","CLOSED","IAT0507190842","NHO2018000007"),
("IATT190001153","VOUCHER","TRAVELOKA EATS 100K","100000","100000","ISU000012","2019-07-05","","1","","CLOSED","IAT0507190842","NHO2018000007"),
("IATT190001153","VOUCHER","TRAVELOKA EATS 100K","100000","100000","ISU000012","2019-07-05","","1","","CLOSED","IAT0507190842","NHO2018000007"),
("IATT190001155","CASH","CASH","46200","50000","ISU000012","2019-07-05","","1","","CLOSED","IAT0507190842","NHO2018000007"),
("IATT190001161","CASH","CASH","125400","150000","ISU000012","2019-07-05","","1","","CLOSED","IAT0507190842","NHO2018000007"),
("IATT190001166","VOUCHER","ISOIDE VOUCHER 25K","25000","25000","ISU000012","2019-07-05","","1","","CLOSED","IAT0507190842","NHO2018000007"),
("IATT190001166","CASH","CASH","81700","100000","ISU000012","2019-07-05","","1","","CLOSED","IAT0507190842","NHO2018000007"),
("IATT190001163","CASH","CASH","16500","20000","ISU000012","2019-07-05","","1","","CLOSED","IAT0507190842","NHO2018000007"),
("IATT190001164","CASH","CASH","16500","20500","ISU000012","2019-07-05","","1","","CLOSED","IAT0507190842","NHO2018000007"),
("IATT190001165","CASH","CASH","16500","20500","ISU000012","2019-07-05","","1","","CLOSED","IAT0507190842","NHO2018000007"),
("IATT190001167","CARD","MASTER","99000","99000","ISU000012","2019-07-05","","1","","CLOSED","IAT0507190842","NHO2018000007"),
("IATT190001171","CASH","CASH","38500","50000","ISU000012","2019-07-05","","1","","CLOSED","IAT0507190842","NHO2018000007"),
("IATT190001169","CARD","MASTER","27500","27500","ISU000012","2019-07-05","","1","","CLOSED","IAT0507190842","NHO2018000007"),
("IATT190001172","VOUCHER","KUPON PROMO EATIGO 100K","100000","100000","ISU000012","2019-07-05","","1","","CLOSED","IAT0507190842","NHO2018000007"),
("IATT190001170","CARD","MASTER","100000","100000","ISU000012","2019-07-05","","1","","CLOSED","IAT0507190842","NHO2018000007"),
("IATT190001170","CASH","CASH","15500","15500","ISU000012","2019-07-05","","1","","CLOSED","IAT0507190842","NHO2018000007"),
("IATT190001173","VOUCHER","ISOIDE VOUCHER 25K","25000","25000","ISU000012","2019-07-05","","1","","CLOSED","IAT0507190842","NHO2018000007"),
("IATT190001173","CARD","VISA","138900","138900","ISU000012","2019-07-05","","1","","CLOSED","IAT0507190842","NHO2018000007"),
("IATT190001175","CASH","CASH","99000","100000","ISU000012","2019-07-05","","1","","CLOSED","IAT0507190842","NHO2018000007"),
("IATT190001176","CASH","CASH","135300","150000","ISU000012","2019-07-05","","1","","CLOSED","IAT0507190842","NHO2018000007"),
("IATT190001174","CASH","CASH","52800","100000","ISU000012","2019-07-05","","1","","CLOSED","IAT0507190842","NHO2018000007"),
("IATT190001178","CASH","CASH","90200","100000","ISU000012","2019-07-05","","1","","CLOSED","IAT0507190842","NHO2018000007"),
("IATT190001179","CASH","CASH","122100","125000","ISU000012","2019-07-05","","1","","CLOSED","IAT0507190842","NHO2018000007"),
("IATT190001180","CASH","CASH","48400","50000","ISU000012","2019-07-05","","1","","CLOSED","IAT0507190842","NHO2018000007"),
("IATT190001184","CASH","CASH","55000","105000","ISU000012","2019-07-05","","1","","CLOSED","IAT0507190842","NHO2018000007"),
("IATT190001186","CASH","CASH","38500","50000","ISU000012","2019-07-05","","1","","CLOSED","IAT0507190842","NHO2018000007"),
("IATT190001182","CARD","MASTER","73700","73700","ISU000012","2019-07-05","","1","","CLOSED","IAT0507190842","NHO2018000007"),
("IATT190001187","VOUCHER","KUPON PROMO EATIGO 100K","100000","100000","ISU000012","2019-07-05","","1","","CLOSED","IAT0507190842","NHO2018000007"),
("IATT190001187","CASH","CASH","21000","22000","ISU000012","2019-07-05","","1","","CLOSED","IAT0507190842","NHO2018000007"),
("IATT190001188","CARD","MASTER","75900","75900","ISU000012","2019-07-05","","1","","CLOSED","IAT0507190842","NHO2018000007"),
("IATT190001190","CASH","CASH","28600","100000","ISU000012","2019-07-05","","1","","CLOSED","IAT0507190842","NHO2018000007"),
("IATT190001181","CASH","CASH","72600","74000","ISU000012","2019-07-05","","1","","CLOSED","IAT0507190842","NHO2018000007"),
("IATT190001185","CASH","CASH","5500","100500","ISU000012","2019-07-05","","1","","CLOSED","IAT0507190842","NHO2018000007"),
("IATT190001183","CASH","CASH","61600","95000","ISU000012","2019-07-05","","1","","CLOSED","IAT0507190842","NHO2018000007"),
("IATT190001191","CARD","MASTER","128700","128700","ISU000012","2019-07-05","","1","","CLOSED","IAT0507190842","NHO2018000007"),
("IATT190001192","CARD","DEBIT BCA","77000","77000","ISU000012","2019-07-05","","1","","CLOSED","IAT0507190842","NHO2018000007"),
("IATT190001193","VOUCHER","ISOIDE VOUCHER 25K","25000","25000","ISU000012","2019-07-05","","1","","CLOSED","IAT0507190842","NHO2018000007"),
("IATT190001193","CASH","CASH","92700","100000","ISU000012","2019-07-05","","1","","CLOSED","IAT0507190842","NHO2018000007"),
("IATT190001194","CASH","CASH","11000","12000","ISU000012","2019-07-05","","1","","CLOSED","IAT0507190842","NHO2018000007");



