INSERT INTO pos_itemtemp VALUES("IATT190003861","193007","191001","192001","37000","1","37000","0","37000","1","1","1","IAT1711191002","NHO2018000007","PAID","","PEDAS"),
("IATT190003861","193007","191001","192001","37000","1","37000","0","37000","2","1","1","IAT1711191002","NHO2018000007","PAID","","PEDAS"),
("IATT190003861","193047","191002","192010","10000","1","10000","0","10000","1","1","1","IAT1711191002","NHO2018000007","PAID","","193047"),
("IATT190003861","193046","191002","192010","10000","1","10000","0","10000","1","1","1","IAT1711191002","NHO2018000007","PAID","","193046"),
("IATT190003861","193047","191002","192010","10000","1","10000","0","10000","2","1","2","IAT1711191002","NHO2018000007","PAID","","193047"),
("IATT190003861","193048","191002","192010","8000","1","8000","0","8000","1","1","3","IAT1711191002","NHO2018000007","PAID","","193048"),
("IATT190003861","193055","191002","192010","17000","1","17000","0","17000","1","1","3","IAT1711191002","NHO2018000007","PAID","","193055"),
("IATT190003861","193084","191001","192001","30000","1","30000","0","30000","1","1","3","IAT1711191002","NHO2018000007","PAID","","PEDAS"),
("IATT190003861","193022","191001","192003","30000","1","30000","0","30000","1","1","3","IAT1711191002","NHO2018000007","PAID","","193022"),
("IATT190003862","193192","191001","192005","40000","1","40000","17600","22400","1","1","1","IAT1711191002","NHO2018000007","PAID","","193192"),
("IATT190003862","193011","191001","192001","40000","1","40000","17600","22400","1","1","1","IAT1711191002","NHO2018000007","PAID","","PEDAS"),
("IATT190003862","193022","191001","192003","30000","1","30000","0","30000","1","1","1","IAT1711191002","NHO2018000007","PAID","","193022"),
("IATT190003863","193032","191001","192004","30000","1","30000","13200","16800","1","1","1","IAT1711191002","NHO2018000007","PAID","","193032"),
("IATT190003863","193032","191001","192004","30000","1","30000","13200","16800","2","1","1","IAT1711191002","NHO2018000007","PAID","","193032"),
("IATT190003863","193032","191001","192004","30000","1","30000","13200","16800","3","1","1","IAT1711191002","NHO2018000007","PAID","","193032"),
("IATT190003863","193032","191001","192004","30000","1","30000","13200","16800","4","1","1","IAT1711191002","NHO2018000007","PAID","","193032"),
("IATT190003863","193083","191001","192001","30000","1","30000","13200","16800","1","1","1","IAT1711191002","NHO2018000007","PAID","","193083"),
("IATT190003863","193084","191001","192001","30000","1","30000","13200","16800","1","1","1","IAT1711191002","NHO2018000007","PAID","","PEDAS"),
("IATT190003863","193012","191001","192001","40000","1","40000","17600","22400","1","1","1","IAT1711191002","NHO2018000007","PAID","","193012"),
("IATT190003863","193024","191001","192003","30000","1","30000","0","30000","1","1","1","IAT1711191002","NHO2018000007","PAID","","193024"),
("IATT190003863","193033","191001","192005","42000","1","42000","18480","23520","1","1","1","IAT1711191002","NHO2018000007","PAID","","193033"),
("IATT190003863","193054","191002","192010","20000","1","20000","0","20000","1","1","1","IAT1711191002","NHO2018000007","PAID","","193054"),
("IATT190003863","193054","191002","192010","20000","1","20000","0","20000","2","1","1","IAT1711191002","NHO2018000007","PAID","","193054"),
("IATT190003863","193054","191002","192010","20000","1","20000","0","20000","3","1","1","IAT1711191002","NHO2018000007","PAID","","193054"),
("IATT190003863","193054","191002","192010","20000","1","20000","0","20000","4","1","1","IAT1711191002","NHO2018000007","PAID","","193054"),
("IATT190003863","193055","191002","192010","17000","1","17000","0","17000","1","1","1","IAT1711191002","NHO2018000007","PAID","","193055"),
("IATT190003863","193055","191002","192010","17000","1","17000","0","17000","2","1","1","IAT1711191002","NHO2018000007","PAID","","193055"),
("IATT190003863","193047","191002","192010","10000","1","10000","0","10000","1","1","1","IAT1711191002","NHO2018000007","PAID","","193047"),
("IATT190003863","193047","191002","192010","10000","1","10000","0","10000","2","1","1","IAT1711191002","NHO2018000007","PAID","","193047"),
("IATT190003863","193047","191002","192010","10000","1","10000","0","10000","3","1","1","IAT1711191002","NHO2018000007","PAID","","193047"),
("IATT190003863","193047","191002","192010","10000","1","10000","0","10000","4","1","1","IAT1711191002","NHO2018000007","PAID","","193047"),
("IATT190003864","193029","191001","192004","27000","1","27000","11880","15120","1","1","1","IAT1711191002","NHO2018000007","PAID","","193029"),
("IATT190003864","193085","191001","192001","30000","1","30000","13200","16800","1","1","1","IAT1711191002","NHO2018000007","PAID","","193085"),
("IATT190003864","193018","191001","192002","37000","1","37000","16280","20720","1","1","1","IAT1711191002","NHO2018000007","PAID","","ORIGINAL"),
("IATT190003864","193054","191002","192010","20000","1","20000","0","20000","1","1","1","IAT1711191002","NHO2018000007","PAID","","193054"),
("IATT190003865","193019","191001","192002","40000","1","40000","0","40000","1","1","1","IAT1711191002","NHO2018000007","PAID","","PEDAS"),
("IATT190003865","193113","191001","192003","55000","1","55000","0","55000","1","1","1","IAT1711191002","NHO2018000007","PAID","","193113"),
("IATT190003865","193055","191002","192010","17000","1","17000","0","17000","1","1","1","IAT1711191002","NHO2018000007","PAID","","193055"),
("IATT190003865","193055","191002","192010","17000","1","17000","0","17000","2","1","1","IAT1711191002","NHO2018000007","PAID","","193055"),
("IATT190003866","193048","191002","192010","8000","1","8000","0","8000","1","1","1","IAT1711191002","NHO2018000007","PAID","","193048"),
("IATT190003866","193048","191002","192010","8000","1","8000","0","8000","2","1","1","IAT1711191002","NHO2018000007","PAID","","193048"),
("IATT190003866","193046","191002","192010","10000","1","10000","0","10000","1","1","1","IAT1711191002","NHO2018000007","PAID","","193046"),
("IATT190003866","193011","191001","192001","40000","1","40000","0","40000","1","1","1","IAT1711191002","NHO2018000007","PAID","","ORIGINAL"),
("IATT190003866","193118","191001","192012","20000","1","20000","0","20000","1","1","1","IAT1711191002","NHO2018000007","PAID","","193118"),
("IATT190003866","193071","191001","192012","18000","1","18000","0","18000","1","1","1","IAT1711191002","NHO2018000007","PAID","","193071"),
("IATT190003866","193019","191001","192002","40000","1","40000","0","40000","1","1","1","IAT1711191002","NHO2018000007","PAID","","ORIGINAL"),
("IATT190003867","193022","191001","192003","30000","1","30000","0","30000","1","1","1","IAT1711191002","NHO2018000007","PAID","","193022"),
("IATT190003867","193025","191001","192003","30000","1","30000","0","30000","1","1","1","IAT1711191002","NHO2018000007","PAID","","193025"),
("IATT190003867","193040","191001","192008","20000","1","20000","0","20000","1","1","1","IAT1711191002","NHO2018000007","PAID","","193040"),
("IATT190003867","193055","191002","192010","17000","1","17000","0","17000","1","1","1","IAT1711191002","NHO2018000007","PAID","","193055"),
("IATT190003867","193056","191002","192010","17000","1","17000","0","17000","1","1","1","IAT1711191002","NHO2018000007","PAID","","193056"),
("IATT190003867","193056","191002","192010","17000","1","17000","0","17000","2","1","1","IAT1711191002","NHO2018000007","PAID","","193056"),
("IATT190003868","193019","191001","192002","40000","1","40000","17600","22400","1","1","1","IAT1711191002","NHO2018000007","PAID","","PEDAS"),
("IATT190003868","193086","191001","192002","33000","1","33000","14520","18480","1","1","1","IAT1711191002","NHO2018000007","PAID","","PEDAS"),
("IATT190003868","193055","191002","192010","17000","1","17000","0","17000","1","1","1","IAT1711191002","NHO2018000007","PAID","","193055"),
("IATT190003868","193055","191002","192010","17000","1","17000","0","17000","2","1","1","IAT1711191002","NHO2018000007","PAID","","193055"),
("IATT190003869","193084","191001","192001","30000","1","30000","13200","16800","1","1","1","IAT1711191002","NHO2018000007","PAID","","ORIGINAL"),
("IATT190003869","193118","191001","192012","20000","1","20000","0","20000","1","1","1","IAT1711191002","NHO2018000007","PAID","","193118"),
("IATT190003869","193056","191002","192010","17000","1","17000","0","17000","1","1","1","IAT1711191002","NHO2018000007","PAID","","193056"),
("IATT190003869","193048","191002","192010","8000","1","8000","0","8000","1","1","1","IAT1711191002","NHO2018000007","PAID","","193048"),
("IATT190003870","193084","191001","192001","30000","1","30000","13200","16800","1","1","1","IAT1711191002","NHO2018000007","PAID","","PEDAS"),
("IATT190003870","193047","191002","192010","10000","1","10000","0","10000","1","1","1","IAT1711191002","NHO2018000007","PAID","","193047"),
("IATT190003871","193033","191001","192005","42000","1","42000","18480","23520","1","1","1","IAT1711191002","NHO2018000007","PAID","","193033"),
("IATT190003871","193034","191001","192005","37000","1","37000","16280","20720","1","1","1","IAT1711191002","NHO2018000007","PAID","","193034"),
("IATT190003872","193047","191002","192010","10000","1","10000","0","10000","1","1","1","IAT1711191002","NHO2018000007","PAID","","193047"),
("IATT190003872","193047","191002","192010","10000","1","10000","0","10000","2","1","1","IAT1711191002","NHO2018000007","PAID","","193047"),
("IATT190003873","193032","191001","192004","30000","1","30000","13200","16800","1","1","1","IAT1711191002","NHO2018000007","PAID","","193032"),
("IATT190003873","193078","191001","192001","30000","1","30000","13200","16800","1","1","1","IAT1711191002","NHO2018000007","PAID","","ORIGINAL"),
("IATT190003873","193084","191001","192001","30000","1","30000","13200","16800","1","1","1","IAT1711191002","NHO2018000007","PAID","","ORIGINAL"),
("IATT190003873","193076","191001","192001","30000","1","30000","13200","16800","1","1","1","IAT1711191002","NHO2018000007","PAID","","193076"),
("IATT190003873","193047","191002","192010","10000","1","10000","0","10000","1","1","1","IAT1711191002","NHO2018000007","PAID","","193047"),
("IATT190003873","193047","191002","192010","10000","1","10000","0","10000","2","1","1","IAT1711191002","NHO2018000007","PAID","","193047"),
("IATT190003873","193056","191002","192010","17000","1","17000","0","17000","1","1","1","IAT1711191002","NHO2018000007","PAID","","193056"),
("IATT190003874","193039","191001","192006","36000","1","36000","15840","20160","1","1","1","IAT1711191002","NHO2018000007","PAID","","PEDAS"),
("IATT190003874","193011","191001","192001","40000","1","40000","17600","22400","1","1","1","IAT1711191002","NHO2018000007","PAID","","PEDAS"),
("IATT190003874","193033","191001","192005","42000","1","42000","18480","23520","1","1","1","IAT1711191002","NHO2018000007","PAID","PEDES","193033"),
("IATT190003874","193036","191001","192006","36000","1","36000","15840","20160","1","1","1","IAT1711191002","NHO2018000007","PAID","","ORIGINAL"),
("IATT190003874","193113","191001","192003","55000","1","55000","0","55000","1","1","1","IAT1711191002","NHO2018000007","PAID","","193113"),
("IATT190003874","193029","191001","192004","27000","1","27000","11880","15120","1","1","1","IAT1711191002","NHO2018000007","PAID","","193029"),
("IATT190003874","193070","191001","192012","13000","1","13000","5720","7280","1","1","1","IAT1711191002","NHO2018000007","PAID","","193070"),
("IATT190003874","193022","191001","192003","30000","1","30000","0","30000","1","1","1","IAT1711191002","NHO2018000007","PAID","","193022"),
("IATT190003874","193055","191002","192010","17000","1","17000","0","17000","1","1","1","IAT1711191002","NHO2018000007","PAID","","193055"),
("IATT190003874","193055","191002","192010","17000","1","17000","0","17000","2","1","1","IAT1711191002","NHO2018000007","PAID","","193055"),
("IATT190003874","193055","191002","192010","17000","1","17000","0","17000","3","1","1","IAT1711191002","NHO2018000007","PAID","","193055"),
("IATT190003874","193055","191002","192010","17000","1","17000","0","17000","4","1","1","IAT1711191002","NHO2018000007","PAID","","193055"),
("IATT190003874","193052","191002","192010","20000","1","20000","0","20000","1","1","1","IAT1711191002","NHO2018000007","PAID","","193052"),
("IATT190003874","193052","191002","192010","20000","1","20000","0","20000","2","1","1","IAT1711191002","NHO2018000007","PAID","","193052"),
("IATT190003874","193051","191002","192010","20000","1","20000","0","20000","1","1","1","IAT1711191002","NHO2018000007","PAID","","193051"),
("IATT190003874","193049","191002","192010","10000","1","10000","0","10000","1","1","1","IAT1711191002","NHO2018000007","PAID","","193049"),
("IATT190003875","193056","191002","192010","17000","1","17000","0","17000","1","1","1","IAT1711191002","NHO2018000007","PAID","","193056"),
("IATT190003875","193048","191002","192010","8000","1","8000","0","8000","1","1","1","IAT1711191002","NHO2018000007","PAID","","193048"),
("IATT190003875","193023","191001","192003","30000","1","30000","0","30000","1","1","1","IAT1711191002","NHO2018000007","PAID","","193023"),
("IATT190003875","193037","191001","192006","36000","1","36000","15840","20160","1","1","1","IAT1711191002","NHO2018000007","PAID","","ORIGINAL"),
("IATT190003876","193011","191001","192001","40000","1","40000","17600","22400","1","1","1","IAT1711191002","NHO2018000007","PAID","","PEDAS"),
("IATT190003877","193021","191001","192002","40000","1","40000","17600","22400","1","1","1","IAT1711191002","NHO2018000007","PAID","","ORIGINAL"),
("IATT190003877","193019","191001","192002","40000","1","40000","17600","22400","1","1","1","IAT1711191002","NHO2018000007","PAID","","ORIGINAL"),
("IATT190003877","193030","191001","192004","27000","1","27000","11880","15120","1","1","1","IAT1711191002","NHO2018000007","PAID","","193030"),
("IATT190003877","193056","191002","192010","17000","1","17000","0","17000","1","1","1","IAT1711191002","NHO2018000007","PAID","","193056"),
("IATT190003877","193055","191002","192010","17000","1","17000","0","17000","1","1","1","IAT1711191002","NHO2018000007","PAID","","193055"),
("IATT190003877","193055","191002","192010","17000","1","17000","0","17000","2","1","1","IAT1711191002","NHO2018000007","PAID","","193055"),
("IATT190003878","193009","191001","192001","40000","1","40000","0","40000","1","1","1","IAT1711191002","NHO2018000007","PAID","","193009"),
("IATT190003878","193011","191001","192001","40000","1","40000","0","40000","1","1","1","IAT1711191002","NHO2018000007","PAID","","ORIGINAL"),
("IATT190003878","193113","191001","192003","55000","1","55000","0","55000","1","1","1","IAT1711191002","NHO2018000007","PAID","","193113"),
("IATT190003878","193055","191002","192010","17000","1","17000","0","17000","1","1","1","IAT1711191002","NHO2018000007","PAID","","193055"),
("IATT190003878","193055","191002","192010","17000","1","17000","0","17000","2","1","1","IAT1711191002","NHO2018000007","PAID","","193055"),
("IATT190003878","193048","191002","192010","8000","1","8000","0","8000","1","1","1","IAT1711191002","NHO2018000007","PAID","","193048"),
("IATT190003878","193028","191001","192003","43000","1","43000","0","43000","1","1","1","IAT1711191002","NHO2018000007","PAID","TAKE AWAY !!!!!!!!","193028"),
("IATT190003878","193028","191001","192003","43000","1","43000","0","43000","2","1","1","IAT1711191002","NHO2018000007","PAID","","193028"),
("IATT190003877","193052","191002","192010","20000","1","20000","0","20000","1","1","2","IAT1711191002","NHO2018000007","PAID","","193052"),
("IATT190003879","193078","191001","192001","30000","1","30000","0","30000","1","1","1","IAT1711191002","NHO2018000007","PAID","","PEDAS"),
("IATT190003879","193047","191002","192010","10000","1","10000","0","10000","1","1","1","IAT1711191002","NHO2018000007","PAID","","193047"),
("IATT190003879","193047","191002","192010","10000","1","10000","0","10000","2","1","1","IAT1711191002","NHO2018000007","PAID","","193047"),
("IATT190003880","193036","191001","192006","36000","1","36000","15840","20160","1","1","1","IAT1711191002","NHO2018000007","PAID","","PEDAS"),
("IATT190003881","193084","191001","192001","30000","1","30000","13200","16800","1","1","1","IAT1711191002","NHO2018000007","PAID","","PEDAS"),
("IATT190003881","193078","191001","192001","30000","1","30000","13200","16800","1","1","1","IAT1711191002","NHO2018000007","PAID","","PEDAS"),
("IATT190003881","193011","191001","192001","40000","1","40000","17600","22400","1","1","1","IAT1711191002","NHO2018000007","PAID","","PEDAS"),
("IATT190003881","193056","191002","192010","17000","1","17000","0","17000","1","1","1","IAT1711191002","NHO2018000007","PAID","","193056"),
("IATT190003881","193056","191002","192010","17000","1","17000","0","17000","2","1","1","IAT1711191002","NHO2018000007","PAID","","193056"),
("IATT190003881","193056","191002","192010","17000","1","17000","0","17000","3","1","1","IAT1711191002","NHO2018000007","PAID","","193056"),
("IATT190003881","193048","191002","192010","8000","1","8000","0","8000","1","1","1","IAT1711191002","NHO2018000007","PAID","","193048"),
("IATT190003881","193067","191001","192003","7000","1","7000","0","7000","1","1","1","IAT1711191002","NHO2018000007","PAID","","193067"),
("IATT190003881","193067","191001","192003","7000","1","7000","0","7000","2","1","1","IAT1711191002","NHO2018000007","PAID","","193067");



INSERT INTO pos_salestemp VALUES("IATT190003861","","2","189000","0","18900","0","207900","210000","17/11/2019","11:23","2019-11-17","13:10:28","ISU000006","tbl0012","CLOSED","1","","IATR190003754","","","","","IAT1711191002","NHO2018000007"),
("IATT190003862","","3","110000","35200","7480","0","82280","100000","17/11/2019","12:09","2019-11-17","12:45:40","ISU000006","tbl0023","CLOSED","1","","IATR190003753","","","","","IAT1711191002","NHO2018000007"),
("IATT190003863","NHM2019003420 M abdul azis","8","446000","115280","33072","0","363792","400000","17/11/2019","13:48","2019-11-17","14:39:55","ISU000006","tbl0022","CLOSED","1","","IATR190003756","","","","","IAT1711191002","NHO2018000007"),
("IATT190003864","NHM2019003676 Puteri Tiara Dwiana","2","114000","41360","7264","0","79904","79904","17/11/2019","13:50","2019-11-17","14:38:41","ISU000006","tbl0010","CLOSED","1","","IATR190003755","","","","","IAT1711191002","NHO2018000007"),
("IATT190003865","","2","129000","0","12900","0","141900","141900","17/11/2019","14:12","2019-11-17","15:11:43","ISU000004","tbl0011","CLOSED","1","","IATR190003763","","","","","IAT1711191002","NHO2018000007"),
("IATT190003866","","2","144000","0","14400","0","158400","158400","17/11/2019","14:14","2019-11-17","14:41:39","ISU000004","tbl0012","CLOSED","1","","IATR190003757","","","","","IAT1711191002","NHO2018000007"),
("IATT190003867","","3","131000","0","13100","0","144100","144100","17/11/2019","14:19","2019-11-17","14:58:01","ISU000004","tbl0014","CLOSED","1","","IATR190003758","","","","","IAT1711191002","NHO2018000007"),
("IATT190003868","","2","107000","32120","7488","0","82368","100000","17/11/2019","14:27","2019-11-17","15:03:27","ISU000004","tbl0023","CLOSED","1","","IATR190003760","","","","","IAT1711191002","NHO2018000007"),
("IATT190003869","","1","75000","13200","6180","0","67980","100000","17/11/2019","14:36","2019-11-17","15:02:07","ISU000004","tbl0009","CLOSED","1","","IATR190003759","","","","","IAT1711191002","NHO2018000007"),
("IATT190003870","","1","40000","13200","2680","0","29480","50000","17/11/2019","14:41","2019-11-17","15:30:46","ISU000004","tbl0005","CLOSED","1","","IATR190003764","","","","","IAT1711191002","NHO2018000007"),
("IATT190003871","","1","79000","34760","4424","0","48664","50000","17/11/2019","14:42","2019-11-17","15:09:59","ISU000004","tbl0019","CLOSED","1","","IATR190003762","","","","","IAT1711191002","NHO2018000007"),
("IATT190003872","","1","20000","0","2000","0","22000","22000","17/11/2019","14:42","2019-11-17","15:09:29","ISU000004","tbl0020","CLOSED","1","","IATR190003761","","","","","IAT1711191002","NHO2018000007"),
("IATT190003873","","3","157000","52800","10420","0","114620","114620","17/11/2019","15:06","2019-11-17","15:40:12","ISU000004","tbl0012","CLOSED","1","","IATR190003765","","","","","IAT1711191002","NHO2018000007"),
("IATT190003874","","5","417000","85360","33164","0","364804","364804","17/11/2019","15:27","2019-11-17","16:12:05","ISU000004","tbl0021","CLOSED","1","","IATR190003766","","","","","IAT1711191002","NHO2018000007"),
("IATT190003875","","2","91000","15840","7516","0","82676","100000","17/11/2019","15:47","2019-11-17","16:18:30","ISU000004","tbl0014","CLOSED","1","","IATR190003767","","","","","IAT1711191002","NHO2018000007"),
("IATT190003876","","1","40000","17600","2240","0","24640","25000","17/11/2019","16:21","2019-11-17","17:57:20","ISU000004","tbl0018","CLOSED","1","","IATR190003768","","","","","IAT1711191002","NHO2018000007"),
("IATT190003877","","3","178000","47080","13092","0","144012","200000","17/11/2019","19:32","2019-11-17","20:33:23","ISU000004","tbl0010","CLOSED","1","","IATR190003770","","","","","IAT1711191002","NHO2018000007"),
("IATT190003878","","2","263000","0","26300","0","289300","289300","17/11/2019","19:34","2019-11-17","20:23:42","ISU000004","tbl0012","CLOSED","1","","IATR190003769","","","","","IAT1711191002","NHO2018000007"),
("IATT190003879","","1","50000","0","5000","0","55000","55000","17/11/2019","20:18","2019-11-17","20:55:58","ISU000004","tbl0011","CLOSED","1","","IATR190003771","","","","","IAT1711191002","NHO2018000007"),
("IATT190003880","","1","36000","15840","2016","0","22176","22200","17/11/2019","21:00","2019-11-17","21:13:24","ISU000004","tbl0009","CLOSED","1","","IATR190003772","","","","","IAT1711191002","NHO2018000007"),
("IATT190003881","","3","173000","44000","12900","0","141900","200000","17/11/2019","21:18","2019-11-17","21:50:45","ISU000004","tbl0012","CLOSED","1","","IATR190003773","","","","","IAT1711191002","NHO2018000007");






INSERT INTO pos_promotion_h VALUES("IATT190003862","NPRM18000020","DISC ITEM","1","35200","PROMO LAGI VIRAL 30%+20%","IAT1711191002","PAID","NHO2018000007"),
("IATT190003864","NPRM18000020","DISC ITEM","1","41360","PROMO LAGI VIRAL 30%+20%","IAT1711191002","PAID","NHO2018000007"),
("IATT190003863","NPRM18000020","DISC ITEM","1","115280","PROMO LAGI VIRAL 30%+20%","IAT1711191002","PAID","NHO2018000007"),
("IATT190003869","NPRM18000020","DISC ITEM","1","13200","PROMO LAGI VIRAL 30%+20%","IAT1711191002","PAID","NHO2018000007"),
("IATT190003868","NPRM18000020","DISC ITEM","1","32120","PROMO LAGI VIRAL 30%+20%","IAT1711191002","PAID","NHO2018000007"),
("IATT190003871","NPRM18000020","DISC ITEM","1","34760","PROMO LAGI VIRAL 30%+20%","IAT1711191002","PAID","NHO2018000007"),
("IATT190003870","NPRM18000020","DISC ITEM","1","13200","PROMO LAGI VIRAL 30%+20%","IAT1711191002","PAID","NHO2018000007"),
("IATT190003873","NPRM18000020","DISC ITEM","1","52800","PROMO LAGI VIRAL 30%+20%","IAT1711191002","PAID","NHO2018000007"),
("IATT190003874","NPRM18000020","DISC ITEM","1","85360","PROMO LAGI VIRAL 30%+20%","IAT1711191002","PAID","NHO2018000007"),
("IATT190003875","NPRM18000020","DISC ITEM","1","15840","PROMO LAGI VIRAL 30%+20%","IAT1711191002","PAID","NHO2018000007"),
("IATT190003876","NPRM18000020","DISC ITEM","1","17600","PROMO LAGI VIRAL 30%+20%","IAT1711191002","PAID","NHO2018000007"),
("IATT190003877","NPRM18000020","DISC ITEM","1","47080","PROMO LAGI VIRAL 30%+20%","IAT1711191002","PAID","NHO2018000007"),
("IATT190003880","NPRM18000020","DISC ITEM","1","15840","PROMO LAGI VIRAL 30%+20%","IAT1711191002","PAID","NHO2018000007"),
("IATT190003881","NPRM18000020","DISC ITEM","1","44000","PROMO LAGI VIRAL 30%+20%","IAT1711191002","PAID","NHO2018000007");



INSERT INTO pos_promotion_d VALUES("IATT190003862","NPRM18000020","DISC ITEM","1","1","193192","1","17600","IAT1711191002","PAID","NHO2018000007"),
("IATT190003862","NPRM18000020","DISC ITEM","1","1","193011","1","17600","IAT1711191002","PAID","NHO2018000007"),
("IATT190003864","NPRM18000020","DISC ITEM","1","1","193029","1","11880","IAT1711191002","PAID","NHO2018000007"),
("IATT190003864","NPRM18000020","DISC ITEM","1","1","193085","1","13200","IAT1711191002","PAID","NHO2018000007"),
("IATT190003864","NPRM18000020","DISC ITEM","1","1","193018","1","16280","IAT1711191002","PAID","NHO2018000007"),
("IATT190003863","NPRM18000020","DISC ITEM","1","1","193032","1","13200","IAT1711191002","PAID","NHO2018000007"),
("IATT190003863","NPRM18000020","DISC ITEM","1","1","193032","2","13200","IAT1711191002","PAID","NHO2018000007"),
("IATT190003863","NPRM18000020","DISC ITEM","1","1","193032","3","13200","IAT1711191002","PAID","NHO2018000007"),
("IATT190003863","NPRM18000020","DISC ITEM","1","1","193032","4","13200","IAT1711191002","PAID","NHO2018000007"),
("IATT190003863","NPRM18000020","DISC ITEM","1","1","193083","1","13200","IAT1711191002","PAID","NHO2018000007"),
("IATT190003863","NPRM18000020","DISC ITEM","1","1","193084","1","13200","IAT1711191002","PAID","NHO2018000007"),
("IATT190003863","NPRM18000020","DISC ITEM","1","1","193012","1","17600","IAT1711191002","PAID","NHO2018000007"),
("IATT190003863","NPRM18000020","DISC ITEM","1","1","193033","1","18480","IAT1711191002","PAID","NHO2018000007"),
("IATT190003869","NPRM18000020","DISC ITEM","1","1","193084","1","13200","IAT1711191002","PAID","NHO2018000007"),
("IATT190003868","NPRM18000020","DISC ITEM","1","1","193019","1","17600","IAT1711191002","PAID","NHO2018000007"),
("IATT190003868","NPRM18000020","DISC ITEM","1","1","193086","1","14520","IAT1711191002","PAID","NHO2018000007"),
("IATT190003871","NPRM18000020","DISC ITEM","1","1","193033","1","18480","IAT1711191002","PAID","NHO2018000007"),
("IATT190003871","NPRM18000020","DISC ITEM","1","1","193034","1","16280","IAT1711191002","PAID","NHO2018000007"),
("IATT190003870","NPRM18000020","DISC ITEM","1","1","193084","1","13200","IAT1711191002","PAID","NHO2018000007"),
("IATT190003873","NPRM18000020","DISC ITEM","1","1","193032","1","13200","IAT1711191002","PAID","NHO2018000007"),
("IATT190003873","NPRM18000020","DISC ITEM","1","1","193078","1","13200","IAT1711191002","PAID","NHO2018000007"),
("IATT190003873","NPRM18000020","DISC ITEM","1","1","193084","1","13200","IAT1711191002","PAID","NHO2018000007"),
("IATT190003873","NPRM18000020","DISC ITEM","1","1","193076","1","13200","IAT1711191002","PAID","NHO2018000007"),
("IATT190003874","NPRM18000020","DISC ITEM","1","1","193039","1","15840","IAT1711191002","PAID","NHO2018000007"),
("IATT190003874","NPRM18000020","DISC ITEM","1","1","193011","1","17600","IAT1711191002","PAID","NHO2018000007"),
("IATT190003874","NPRM18000020","DISC ITEM","1","1","193033","1","18480","IAT1711191002","PAID","NHO2018000007"),
("IATT190003874","NPRM18000020","DISC ITEM","1","1","193036","1","15840","IAT1711191002","PAID","NHO2018000007"),
("IATT190003874","NPRM18000020","DISC ITEM","1","1","193029","1","11880","IAT1711191002","PAID","NHO2018000007"),
("IATT190003874","NPRM18000020","DISC ITEM","1","1","193070","1","5720","IAT1711191002","PAID","NHO2018000007"),
("IATT190003875","NPRM18000020","DISC ITEM","1","1","193037","1","15840","IAT1711191002","PAID","NHO2018000007"),
("IATT190003876","NPRM18000020","DISC ITEM","1","1","193011","1","17600","IAT1711191002","PAID","NHO2018000007"),
("IATT190003877","NPRM18000020","DISC ITEM","1","1","193021","1","17600","IAT1711191002","PAID","NHO2018000007"),
("IATT190003877","NPRM18000020","DISC ITEM","1","1","193019","1","17600","IAT1711191002","PAID","NHO2018000007"),
("IATT190003877","NPRM18000020","DISC ITEM","1","1","193030","1","11880","IAT1711191002","PAID","NHO2018000007"),
("IATT190003880","NPRM18000020","DISC ITEM","1","1","193036","1","15840","IAT1711191002","PAID","NHO2018000007"),
("IATT190003881","NPRM18000020","DISC ITEM","1","1","193084","1","13200","IAT1711191002","PAID","NHO2018000007"),
("IATT190003881","NPRM18000020","DISC ITEM","1","1","193078","1","13200","IAT1711191002","PAID","NHO2018000007"),
("IATT190003881","NPRM18000020","DISC ITEM","1","1","193011","1","17600","IAT1711191002","PAID","NHO2018000007");



INSERT INTO pos_paymenttemp VALUES("IATT190003862","CASH","CASH","82280","100000","ISU000006","2019-11-17","","1","","CLOSED","IAT1711191002","NHO2018000007"),
("IATT190003861","CASH","CASH","207900","210000","ISU000006","2019-11-17","","1","","CLOSED","IAT1711191002","NHO2018000007"),
("IATT190003864","CARD","DEBIT BCA","79904","79904","ISU000006","2019-11-17","","1","","CLOSED","IAT1711191002","NHO2018000007"),
("IATT190003863","CASH","CASH","363792","400000","ISU000006","2019-11-17","","1","","CLOSED","IAT1711191002","NHO2018000007"),
("IATT190003866","CARD","DEBIT BCA","158400","158400","ISU000004","2019-11-17","","1","","CLOSED","IAT1711191002","NHO2018000007"),
("IATT190003867","CARD","DEBIT BCA","144100","144100","ISU000004","2019-11-17","","1","","CLOSED","IAT1711191002","NHO2018000007"),
("IATT190003869","CASH","CASH","67980","100000","ISU000004","2019-11-17","","1","","CLOSED","IAT1711191002","NHO2018000007"),
("IATT190003868","CASH","CASH","82368","100000","ISU000004","2019-11-17","","1","","CLOSED","IAT1711191002","NHO2018000007"),
("IATT190003872","CASH","OVO","22000","22000","ISU000004","2019-11-17","","1","","CLOSED","IAT1711191002","NHO2018000007"),
("IATT190003871","CASH","CASH","48664","50000","ISU000004","2019-11-17","","1","","CLOSED","IAT1711191002","NHO2018000007"),
("IATT190003865","CARD","DEBIT BCA","141900","141900","ISU000004","2019-11-17","","1","","CLOSED","IAT1711191002","NHO2018000007"),
("IATT190003870","CASH","CASH","29480","50000","ISU000004","2019-11-17","","1","","CLOSED","IAT1711191002","NHO2018000007"),
("IATT190003873","CARD","DEBIT BCA","114620","114620","ISU000004","2019-11-17","","1","","CLOSED","IAT1711191002","NHO2018000007"),
("IATT190003874","CARD","VISA","364804","364804","ISU000004","2019-11-17","","1","","CLOSED","IAT1711191002","NHO2018000007"),
("IATT190003875","CASH","CASH","82676","100000","ISU000004","2019-11-17","","1","","CLOSED","IAT1711191002","NHO2018000007"),
("IATT190003876","CASH","CASH","24640","25000","ISU000004","2019-11-17","","1","","CLOSED","IAT1711191002","NHO2018000007"),
("IATT190003878","CARD","DEBIT BCA","289300","289300","ISU000004","2019-11-17","","1","","CLOSED","IAT1711191002","NHO2018000007"),
("IATT190003877","CASH","CASH","144012","200000","ISU000004","2019-11-17","","1","","CLOSED","IAT1711191002","NHO2018000007"),
("IATT190003879","CASH","OVO","55000","55000","ISU000004","2019-11-17","","1","","CLOSED","IAT1711191002","NHO2018000007"),
("IATT190003880","CASH","CASH","22176","22200","ISU000004","2019-11-17","","1","","CLOSED","IAT1711191002","NHO2018000007"),
("IATT190003881","CASH","CASH","141900","200000","ISU000004","2019-11-17","","1","","CLOSED","IAT1711191002","NHO2018000007");



