INSERT INTO pos_itemtemp VALUES("IATT190004249","193087","191001","192002","33000","1","33000","16500","16500","1","1","1","IAT1012190854","NHO2018000007","PAID","","193087"),
("IATT190004249","193009","191001","192001","40000","1","40000","20000","20000","1","1","1","IAT1012190854","NHO2018000007","PAID","","193009"),
("IATT190004249","193018","191001","192002","37000","1","37000","18500","18500","1","1","1","IAT1012190854","NHO2018000007","PAID","","PEDAS"),
("IATT190004249","193047","191002","192010","10000","1","10000","0","10000","1","1","1","IAT1012190854","NHO2018000007","PAID","","193047"),
("IATT190004249","193055","191002","192010","17000","1","17000","0","17000","1","1","1","IAT1012190854","NHO2018000007","PAID","","193055"),
("IATT190004250","193085","191001","192001","30000","1","30000","0","30000","1","1","1","IAT1012190854","NHO2018000007","PAID","","193085"),
("IATT190004250","193054","191002","192010","20000","1","20000","0","20000","1","1","1","IAT1012190854","NHO2018000007","PAID","","193054"),
("IATT190004251","193010","191001","192001","40000","1","40000","20000","20000","1","1","1","IAT1012190854","NHO2018000007","PAID","","193010"),
("IATT190004251","193039","191001","192006","36000","1","36000","18000","18000","1","1","1","IAT1012190854","NHO2018000007","PAID","","PEDAS"),
("IATT190004251","193033","191001","192005","42000","1","42000","21000","21000","1","1","1","IAT1012190854","NHO2018000007","PAID","","193033"),
("IATT190004252","193055","191002","192010","17000","1","17000","0","17000","1","1","1","IAT1012190854","NHO2018000007","PAID","","193055"),
("IATT190004252","193055","191002","192010","17000","1","17000","0","17000","2","1","1","IAT1012190854","NHO2018000007","PAID","","193055"),
("IATT190004252","193055","191002","192010","17000","1","17000","0","17000","3","1","1","IAT1012190854","NHO2018000007","PAID","","193055"),
("IATT190004252","193011","191001","192001","40000","1","40000","0","40000","1","1","1","IAT1012190854","NHO2018000007","PAID","lvl 3","PEDAS"),
("IATT190004252","193011","191001","192001","40000","1","40000","0","40000","2","1","1","IAT1012190854","NHO2018000007","PAID","","PEDAS"),
("IATT190004252","193011","191001","192001","40000","1","40000","0","40000","3","1","1","IAT1012190854","NHO2018000007","PAID","lvl 2","ORIGINAL"),
("IATT190004252","193072","191001","192012","25000","1","25000","0","25000","1","1","2","IAT1012190854","NHO2018000007","PAID","","193072"),
("IATT190004253","193011","191001","192001","40000","1","40000","0","40000","1","1","1","IAT1012190854","NHO2018000007","PAID","","PEDAS"),
("IATT190004253","193049","191002","192010","10000","1","10000","0","10000","1","1","2","IAT1012190854","NHO2018000007","PAID","","193049"),
("IATT190004254","193009","191001","192001","40000","1","40000","0","40000","1","1","1","IAT1012190854","NHO2018000007","PAID","","193009"),
("IATT190004254","193011","191001","192001","40000","1","40000","0","40000","1","1","1","IAT1012190854","NHO2018000007","PAID","","PEDAS"),
("IATT190004254","193052","191002","192010","20000","1","20000","0","20000","1","1","1","IAT1012190854","NHO2018000007","PAID","","193052"),
("IATT190004254","193052","191002","192010","20000","1","20000","0","20000","2","1","1","IAT1012190854","NHO2018000007","PAID","","193052"),
("IATT190004255","193011","191001","192001","40000","1","40000","0","40000","1","1","1","IAT1012190854","NHO2018000007","PAID","","PEDAS"),
("IATT190004255","193056","191002","192010","17000","1","17000","0","17000","1","1","1","IAT1012190854","NHO2018000007","PAID","","193056"),
("IATT190004256","193019","191001","192002","40000","1","40000","20000","20000","1","1","1","IAT1012190854","NHO2018000007","PAID","","PEDAS"),
("IATT190004256","193035","191001","192006","32000","1","32000","16000","16000","1","1","1","IAT1012190854","NHO2018000007","PAID","","PEDAS"),
("IATT190004256","193069","191001","192012","13000","1","13000","6500","6500","1","1","1","IAT1012190854","NHO2018000007","PAID","","193069"),
("IATT190004256","193047","191002","192010","10000","1","10000","0","10000","1","1","1","IAT1012190854","NHO2018000007","PAID","","193047"),
("IATT190004256","193047","191002","192010","10000","1","10000","0","10000","2","1","1","IAT1012190854","NHO2018000007","PAID","","193047"),
("IATT190004257","193078","191001","192001","30000","1","30000","15000","15000","1","1","1","IAT1012190854","NHO2018000007","PAID","","PEDAS"),
("IATT190004257","193082","191001","192001","30000","1","30000","15000","15000","1","1","1","IAT1012190854","NHO2018000007","PAID","","193082"),
("IATT190004257","193020","191001","192002","40000","1","40000","20000","20000","1","1","1","IAT1012190854","NHO2018000007","PAID","","193020"),
("IATT190004257","193080","191001","192002","33000","1","33000","16500","16500","1","1","1","IAT1012190854","NHO2018000007","PAID","","PEDAS"),
("IATT190004257","193047","191002","192010","10000","1","10000","0","10000","1","1","1","IAT1012190854","NHO2018000007","PAID","","193047"),
("IATT190004257","193047","191002","192010","10000","1","10000","0","10000","2","1","1","IAT1012190854","NHO2018000007","PAID","","193047"),
("IATT190004257","193047","191002","192010","10000","1","10000","0","10000","3","1","1","IAT1012190854","NHO2018000007","PAID","","193047"),
("IATT190004257","193055","191002","192010","17000","1","17000","0","17000","1","1","1","IAT1012190854","NHO2018000007","PAID","","193055"),
("IATT190004258","193011","191001","192001","40000","1","40000","20000","20000","1","1","1","IAT1012190854","NHO2018000007","PAID","lvl3","PEDAS"),
("IATT190004258","193011","191001","192001","40000","1","40000","20000","20000","2","1","1","IAT1012190854","NHO2018000007","PAID","","PEDAS"),
("IATT190004258","193011","191001","192001","40000","1","40000","20000","20000","3","1","1","IAT1012190854","NHO2018000007","PAID","","PEDAS"),
("IATT190004258","193033","191001","192005","42000","1","42000","21000","21000","1","1","1","IAT1012190854","NHO2018000007","PAID","","193033"),
("IATT190004258","193118","191001","192012","20000","1","20000","0","20000","1","1","1","IAT1012190854","NHO2018000007","PAID","","193118"),
("IATT190004258","193048","191002","192010","8000","1","8000","0","8000","1","1","1","IAT1012190854","NHO2018000007","PAID","","193048"),
("IATT190004258","193048","191002","192010","8000","1","8000","0","8000","2","1","1","IAT1012190854","NHO2018000007","PAID","","193048"),
("IATT190004258","193055","191002","192010","17000","1","17000","0","17000","1","1","1","IAT1012190854","NHO2018000007","PAID","","193055"),
("IATT190004258","193056","191002","192010","17000","1","17000","0","17000","1","1","1","IAT1012190854","NHO2018000007","PAID","","193056"),
("IATT190004259","193082","191001","192001","30000","1","30000","15000","15000","1","1","1","IAT1012190854","NHO2018000007","PAID","","193082"),
("IATT190004259","193012","191001","192001","40000","1","40000","20000","20000","1","1","1","IAT1012190854","NHO2018000007","PAID","","193012"),
("IATT190004259","193069","191001","192012","13000","1","13000","6500","6500","1","1","1","IAT1012190854","NHO2018000007","PAID","","193069"),
("IATT190004259","193055","191002","192010","17000","1","17000","0","17000","1","1","1","IAT1012190854","NHO2018000007","PAID","","193055"),
("IATT190004259","193050","191002","192010","20000","1","20000","0","20000","1","1","1","IAT1012190854","NHO2018000007","PAID","","193050"),
("IATT190004260","193046","191002","192010","10000","1","10000","0","10000","1","1","1","IAT1012190854","NHO2018000007","PAID","","193046"),
("IATT190004260","193046","191002","192010","10000","1","10000","0","10000","2","1","1","IAT1012190854","NHO2018000007","PAID","","193046"),
("IATT190004260","193046","191002","192010","10000","1","10000","0","10000","3","1","1","IAT1012190854","NHO2018000007","PAID","","193046"),
("IATT190004260","193046","191002","192010","10000","1","10000","0","10000","4","1","1","IAT1012190854","NHO2018000007","PAID","","193046"),
("IATT190004260","193047","191002","192010","10000","1","10000","0","10000","1","1","1","IAT1012190854","NHO2018000007","PAID","","193047"),
("IATT190004260","193047","191002","192010","10000","1","10000","0","10000","2","1","1","IAT1012190854","NHO2018000007","PAID","","193047"),
("IATT190004260","193015","191001","192002","33000","1","33000","16500","16500","1","1","1","IAT1012190854","NHO2018000007","PAID","","PEDAS"),
("IATT190004260","193015","191001","192002","33000","1","33000","16500","16500","2","1","1","IAT1012190854","NHO2018000007","PAID","","PEDAS"),
("IATT190004260","193084","191001","192001","30000","1","30000","15000","15000","1","1","1","IAT1012190854","NHO2018000007","PAID","","PEDAS"),
("IATT190004260","193084","191001","192001","30000","1","30000","15000","15000","2","1","1","IAT1012190854","NHO2018000007","PAID","","PEDAS"),
("IATT190004260","193082","191001","192001","30000","1","30000","15000","15000","1","1","1","IAT1012190854","NHO2018000007","PAID","","193082"),
("IATT190004260","193113","191001","192003","55000","1","55000","0","55000","1","1","1","IAT1012190854","NHO2018000007","PAID","tofu diganti sayuran","193113"),
("IATT190004261","193071","191001","192012","18000","1","18000","9000","9000","1","1","1","IAT1012190854","NHO2018000007","PAID","","193071"),
("IATT190004261","193071","191001","192012","18000","1","18000","9000","9000","2","1","1","IAT1012190854","NHO2018000007","PAID","","193071"),
("IATT190004261","193067","191001","192003","7000","1","7000","0","7000","1","1","1","IAT1012190854","NHO2018000007","PAID","","193067"),
("IATT190004261","193071","191001","192012","18000","1","18000","9000","9000","3","1","2","IAT1012190854","NHO2018000007","PAID","","193071");



INSERT INTO pos_salestemp VALUES("IATT190004249","","2","137000","55000","8200","0","90200","100000","10/12/2019","12:16","2019-12-10","13:10:13","ISU000015","tbl0011","CLOSED","1","","IATR190004126","","","","","IAT1012190854","NHO2018000007"),
("IATT190004250","","1","50000","0","5000","0","55000","105000","10/12/2019","12:43","2019-12-10","13:22:35","ISU000015","tbl0012","CLOSED","1","","IATR190004127","","","","","IAT1012190854","NHO2018000007"),
("IATT190004251","","1","118000","59000","5900","0","64900","64900","10/12/2019","16:17","2019-12-10","16:31:51","ISU000015","tbl0050","CLOSED","1","","IATR190004128","","","","","IAT1012190854","NHO2018000007"),
("IATT190004252","","3","196000","0","19600","0","215600","220000","10/12/2019","17:39","2019-12-10","19:02:17","ISU000006","tbl0010","CLOSED","1","","IATR190004131","","","","","IAT1012190854","NHO2018000007"),
("IATT190004253","","2","50000","0","5000","0","55000","100000","10/12/2019","17:54","2019-12-10","18:23:42","ISU000006","tbl0011","CLOSED","1","","IATR190004129","","","","","IAT1012190854","NHO2018000007"),
("IATT190004254","","2","120000","0","12000","0","132000","200000","10/12/2019","18:16","2019-12-10","19:19:47","ISU000006","tbl0012","CLOSED","1","","IATR190004132","","","","","IAT1012190854","NHO2018000007"),
("IATT190004255","","1","57000","0","5700","0","62700","100000","10/12/2019","18:19","2019-12-10","18:44:31","ISU000006","tbl0005","CLOSED","1","","IATR190004130","","","","","IAT1012190854","NHO2018000007"),
("IATT190004256","","2","105000","42500","6250","0","68750","69000","10/12/2019","18:21","2019-12-10","19:31:42","ISU000006","tbl0011","CLOSED","1","","IATR190004135","","","","","IAT1012190854","NHO2018000007"),
("IATT190004257","","4","180000","66500","11350","0","124850","200000","10/12/2019","18:42","2019-12-10","19:52:13","ISU000006","tbl0023","CLOSED","1","","IATR190004138","","","","","IAT1012190854","NHO2018000007"),
("IATT190004258","","4","232000","81000","15100","0","166100","166100","10/12/2019","18:49","2019-12-10","19:48:26","ISU000006","tbl0014","CLOSED","1","","IATR190004137","","","","","IAT1012190854","NHO2018000007"),
("IATT190004259","","1","120000","41500","7850","0","86350","86350","10/12/2019","19:02","2019-12-10","19:30:37","ISU000006","tbl0021","CLOSED","1","","IATR190004134","","","","","IAT1012190854","NHO2018000007"),
("IATT190004260","","6","271000","78000","19300","0","212300","212300","10/12/2019","19:10","2019-12-10","19:46:58","ISU000006","tbl0018","CLOSED","1","","IATR190004136","","","","","IAT1012190854","NHO2018000007"),
("IATT190004261","","1","61000","27000","3400","0","37400","37400","10/12/2019","19:24","2019-12-10","19:27:03","ISU000006","tbl0050","CLOSED","1","","IATR190004133","","","","","IAT1012190854","NHO2018000007");



INSERT INTO item_void VALUES("IATT190004261","IAT1012190854","NHO2018000007","193067","193067","1","7000","Before Send","Komplen Customer");



INSERT INTO pos_promotion_h VALUES("IATT190004249","NPRM18000021","DISC ITEM","1","55000","MENANG BANYAK","IAT1012190854","PAID","NHO2018000007"),
("IATT190004251","NPRM18000021","DISC ITEM","1","59000","MENANG BANYAK","IAT1012190854","PAID","NHO2018000007"),
("IATT190004256","NPRM18000021","DISC ITEM","1","42500","MENANG BANYAK","IAT1012190854","PAID","NHO2018000007"),
("IATT190004260","NPRM18000021","DISC ITEM","1","78000","MENANG BANYAK","IAT1012190854","PAID","NHO2018000007"),
("IATT190004261","NPRM18000021","DISC ITEM","1","27000","MENANG BANYAK","IAT1012190854","PAID","NHO2018000007"),
("IATT190004259","NPRM18000021","DISC ITEM","1","41500","MENANG BANYAK","IAT1012190854","PAID","NHO2018000007"),
("IATT190004258","NPRM18000021","DISC ITEM","1","81000","MENANG BANYAK","IAT1012190854","PAID","NHO2018000007"),
("IATT190004257","NPRM18000021","DISC ITEM","1","66500","MENANG BANYAK","IAT1012190854","PAID","NHO2018000007");



INSERT INTO pos_promotion_d VALUES("IATT190004249","NPRM18000021","DISC ITEM","1","1","193087","1","16500","IAT1012190854","PAID","NHO2018000007"),
("IATT190004249","NPRM18000021","DISC ITEM","1","1","193009","1","20000","IAT1012190854","PAID","NHO2018000007"),
("IATT190004249","NPRM18000021","DISC ITEM","1","1","193018","1","18500","IAT1012190854","PAID","NHO2018000007"),
("IATT190004251","NPRM18000021","DISC ITEM","1","1","193010","1","20000","IAT1012190854","PAID","NHO2018000007"),
("IATT190004251","NPRM18000021","DISC ITEM","1","1","193039","1","18000","IAT1012190854","PAID","NHO2018000007"),
("IATT190004251","NPRM18000021","DISC ITEM","1","1","193033","1","21000","IAT1012190854","PAID","NHO2018000007"),
("IATT190004256","NPRM18000021","DISC ITEM","1","1","193019","1","20000","IAT1012190854","PAID","NHO2018000007"),
("IATT190004256","NPRM18000021","DISC ITEM","1","1","193035","1","16000","IAT1012190854","PAID","NHO2018000007"),
("IATT190004256","NPRM18000021","DISC ITEM","1","1","193069","1","6500","IAT1012190854","PAID","NHO2018000007"),
("IATT190004260","NPRM18000021","DISC ITEM","1","1","193015","1","16500","IAT1012190854","PAID","NHO2018000007"),
("IATT190004260","NPRM18000021","DISC ITEM","1","1","193015","2","16500","IAT1012190854","PAID","NHO2018000007"),
("IATT190004260","NPRM18000021","DISC ITEM","1","1","193084","1","15000","IAT1012190854","PAID","NHO2018000007"),
("IATT190004260","NPRM18000021","DISC ITEM","1","1","193084","2","15000","IAT1012190854","PAID","NHO2018000007"),
("IATT190004260","NPRM18000021","DISC ITEM","1","1","193082","1","15000","IAT1012190854","PAID","NHO2018000007"),
("IATT190004261","NPRM18000021","DISC ITEM","1","1","193071","1","9000","IAT1012190854","PAID","NHO2018000007"),
("IATT190004261","NPRM18000021","DISC ITEM","1","1","193071","2","9000","IAT1012190854","PAID","NHO2018000007"),
("IATT190004261","NPRM18000021","DISC ITEM","1","1","193071","3","9000","IAT1012190854","PAID","NHO2018000007"),
("IATT190004259","NPRM18000021","DISC ITEM","1","1","193082","1","15000","IAT1012190854","PAID","NHO2018000007"),
("IATT190004259","NPRM18000021","DISC ITEM","1","1","193012","1","20000","IAT1012190854","PAID","NHO2018000007"),
("IATT190004259","NPRM18000021","DISC ITEM","1","1","193069","1","6500","IAT1012190854","PAID","NHO2018000007"),
("IATT190004258","NPRM18000021","DISC ITEM","1","1","193011","1","20000","IAT1012190854","PAID","NHO2018000007"),
("IATT190004258","NPRM18000021","DISC ITEM","1","1","193011","2","20000","IAT1012190854","PAID","NHO2018000007"),
("IATT190004258","NPRM18000021","DISC ITEM","1","1","193011","3","20000","IAT1012190854","PAID","NHO2018000007"),
("IATT190004258","NPRM18000021","DISC ITEM","1","1","193033","1","21000","IAT1012190854","PAID","NHO2018000007"),
("IATT190004257","NPRM18000021","DISC ITEM","1","1","193078","1","15000","IAT1012190854","PAID","NHO2018000007"),
("IATT190004257","NPRM18000021","DISC ITEM","1","1","193082","1","15000","IAT1012190854","PAID","NHO2018000007"),
("IATT190004257","NPRM18000021","DISC ITEM","1","1","193020","1","20000","IAT1012190854","PAID","NHO2018000007"),
("IATT190004257","NPRM18000021","DISC ITEM","1","1","193080","1","16500","IAT1012190854","PAID","NHO2018000007");



INSERT INTO pos_paymenttemp VALUES("IATT190004249","CASH","CASH","90200","100000","ISU000015","2019-12-10","","1","","CLOSED","IAT1012190854","NHO2018000007"),
("IATT190004250","CASH","CASH","55000","105000","ISU000015","2019-12-10","","1","","CLOSED","IAT1012190854","NHO2018000007"),
("IATT190004251","CARD","VISA","64900","64900","ISU000015","2019-12-10","","1","","CLOSED","IAT1012190854","NHO2018000007"),
("IATT190004253","CASH","CASH","55000","100000","ISU000006","2019-12-10","","1","","CLOSED","IAT1012190854","NHO2018000007"),
("IATT190004255","CASH","CASH","62700","100000","ISU000006","2019-12-10","","1","","CLOSED","IAT1012190854","NHO2018000007"),
("IATT190004252","VOUCHER","TRAVELOKA EATS 100K","100000","100000","ISU000006","2019-12-10","","1","","CLOSED","IAT1012190854","NHO2018000007"),
("IATT190004252","VOUCHER","TRAVELOKA EATS 100K","100000","100000","ISU000006","2019-12-10","","1","","CLOSED","IAT1012190854","NHO2018000007"),
("IATT190004252","CASH","CASH","15600","20000","ISU000006","2019-12-10","","1","","CLOSED","IAT1012190854","NHO2018000007"),
("IATT190004254","CASH","CASH","132000","200000","ISU000006","2019-12-10","","1","","CLOSED","IAT1012190854","NHO2018000007"),
("IATT190004261","CARD","DEBIT BCA","37400","37400","ISU000006","2019-12-10","","1","","CLOSED","IAT1012190854","NHO2018000007"),
("IATT190004259","CARD","DEBIT BCA","86350","86350","ISU000006","2019-12-10","","1","","CLOSED","IAT1012190854","NHO2018000007"),
("IATT190004256","CASH","CASH","68750","69000","ISU000006","2019-12-10","","1","","CLOSED","IAT1012190854","NHO2018000007"),
("IATT190004260","CARD","DEBIT BCA","212300","212300","ISU000006","2019-12-10","","1","","CLOSED","IAT1012190854","NHO2018000007"),
("IATT190004258","CARD","DEBIT BCA","166100","166100","ISU000006","2019-12-10","","1","","CLOSED","IAT1012190854","NHO2018000007"),
("IATT190004257","CASH","CASH","124850","200000","ISU000006","2019-12-10","","1","","CLOSED","IAT1012190854","NHO2018000007");



