INSERT INTO pos_itemtemp VALUES("IATT200005824","193161","191001","192015","42545","1","42545","0","42545","1","1","1","IAT1703200956","NHO2018000007","PAID","","ORIGINAL"),
("IATT200005824","193137","191001","192015","43727","1","43727","0","43727","1","1","1","IAT1703200956","NHO2018000007","PAID","","193137"),
("IATT200005824","193145","191001","192015","43727","1","43727","0","43727","1","1","2","IAT1703200956","NHO2018000007","PAID","","ORIGINAL"),
("IATT200005825","193024","191001","192003","30000","1","30000","0","30000","1","1","1","IAT1703200956","NHO2018000007","PAID","","193024"),
("IATT200005826","193010","191001","192001","40000","1","40000","0","40000","1","1","1","IAT1703200956","NHO2018000007","PAID","","193010"),
("IATT200005826","193011","191001","192001","40000","1","40000","0","40000","1","1","1","IAT1703200956","NHO2018000007","PAID","","PEDAS"),
("IATT200005826","193048","191002","192010","8000","1","8000","0","8000","1","1","1","IAT1703200956","NHO2018000007","PAID","","193048"),
("IATT200005826","193048","191002","192010","8000","1","8000","0","8000","2","1","1","IAT1703200956","NHO2018000007","PAID","","193048"),
("IATT200005826","193055","191002","192010","17000","1","17000","0","17000","1","1","1","IAT1703200956","NHO2018000007","PAID","","193055"),
("IATT200005826","193055","191002","192010","17000","1","17000","0","17000","2","1","1","IAT1703200956","NHO2018000007","PAID","","193055"),
("IATT200005827","193028","191001","192003","43000","1","43000","0","43000","1","1","1","IAT1703200956","NHO2018000007","PAID","ebi katsu di belah 4 txu","193028"),
("IATT200005827","193024","191001","192003","30000","1","30000","0","30000","1","1","1","IAT1703200956","NHO2018000007","PAID","","193024"),
("IATT200005827","193071","191001","192012","18000","1","18000","0","18000","1","1","2","IAT1703200956","NHO2018000007","PAID","","193071"),
("IATT200005828","193113","191001","192003","55000","1","55000","0","55000","1","1","1","IAT1703200956","NHO2018000007","PAID","","193113"),
("IATT200005828","193054","191002","192010","20000","1","20000","0","20000","1","1","1","IAT1703200956","NHO2018000007","PAID","","193054"),
("IATT200005828","193054","191002","192010","20000","1","20000","0","20000","2","1","1","IAT1703200956","NHO2018000007","PAID","","193054"),
("IATT200005828","193009","191001","192001","40000","1","40000","0","40000","1","1","2","IAT1703200956","NHO2018000007","PAID","","193009"),
("IATT200005829","193011","191001","192001","40000","1","40000","0","40000","1","1","1","IAT1703200956","NHO2018000007","PAID","lv3","PEDAS"),
("IATT200005829","193019","191001","192002","40000","1","40000","0","40000","1","1","1","IAT1703200956","NHO2018000007","PAID","lv1","ORIGINAL"),
("IATT200005829","193046","191002","192010","10000","1","10000","0","10000","1","1","1","IAT1703200956","NHO2018000007","PAID","","193046"),
("IATT200005829","193046","191002","192010","10000","1","10000","0","10000","2","1","1","IAT1703200956","NHO2018000007","PAID","","193046"),
("IATT200005829","193055","191002","192010","17000","1","17000","0","17000","1","1","1","IAT1703200956","NHO2018000007","PAID","","193055"),
("IATT200005830","193011","191001","192001","40000","1","40000","0","40000","1","1","1","IAT1703200956","NHO2018000007","PAID","level 2","PEDAS"),
("IATT200005830","193011","191001","192001","40000","1","40000","0","40000","2","1","1","IAT1703200956","NHO2018000007","PAID","","PEDAS"),
("IATT200005830","193049","191002","192010","10000","1","10000","0","10000","1","1","1","IAT1703200956","NHO2018000007","PAID","","193049"),
("IATT200005830","193049","191002","192010","10000","1","10000","0","10000","2","1","1","IAT1703200956","NHO2018000007","PAID","","193049"),
("IATT200005831","193015","191001","192002","33000","1","33000","0","33000","1","1","1","IAT1703200956","NHO2018000007","PAID","","ORIGINAL"),
("IATT200005831","193055","191002","192010","17000","1","17000","0","17000","1","1","1","IAT1703200956","NHO2018000007","PAID","","193055");



INSERT INTO pos_salestemp VALUES("IATT200005824","","1","129999","0","13000","0","142999","142999","17/03/2020","11:39","2020-03-17","11:48:51","ISU000006","tbl0001","CLOSED","1","","IATR200005666","","","","","IAT1703200956","NHO2018000007"),
("IATT200005825","","1","30000","0","3000","0","33000","33000","17/03/2020","12:23","2020-03-17","12:25:31","ISU000006","tbl0012","CLOSED","1","3119157","IATR200005667","","","","","IAT1703200956","NHO2018000007"),
("IATT200005826","","2","130000","0","13000","0","143000","150000","17/03/2020","12:51","2020-03-17","13:10:24","ISU000006","tbl0005","CLOSED","1","3119173","IATR200005668","","","","","IAT1703200956","NHO2018000007"),
("IATT200005827","","1","91000","0","9100","0","100100","100100","17/03/2020","13:46","2020-03-17","14:12:53","ISU000006","takeaway, tbl0012","CLOSED","1","3120006","IATR200005669","","","","","IAT1703200956","NHO2018000007"),
("IATT200005828","","1","135000","0","13500","0","148500","200000","17/03/2020","16:59","2020-03-17","18:11:05","ISU000004","tbl0011","CLOSED","1","3119157","IATR200005670","","","","","IAT1703200956","NHO2018000007"),
("IATT200005829","","2","117000","0","11700","0","128700","128700","17/03/2020","18:48","2020-03-17","19:32:39","ISU000004","tbl0012","CLOSED","1","3120006","IATR200005672","","","","","IAT1703200956","NHO2018000007"),
("IATT200005830","","2","100000","0","10000","0","110000","150000","17/03/2020","18:59","2020-03-17","19:26:59","ISU000004","tbl0010","CLOSED","1","","IATR200005671","","","","","IAT1703200956","NHO2018000007"),
("IATT200005831","","1","50000","0","5000","0","55000","55000","17/03/2020","19:06","2020-03-17","19:34:08","ISU000004","tbl0024","CLOSED","1","3120006","IATR200005673","","","","","IAT1703200956","NHO2018000007");












INSERT INTO pos_paymenttemp VALUES("IATT200005824","CASH","GOPAY","142999","142999","ISU000006","2020-03-17","","1","","CLOSED","IAT1703200956","NHO2018000007"),
("IATT200005825","CASH","SHOPPEEPAY","33000","33000","ISU000006","2020-03-17","","1","","CLOSED","IAT1703200956","NHO2018000007"),
("IATT200005826","CASH","CASH","143000","150000","ISU000006","2020-03-17","","1","","CLOSED","IAT1703200956","NHO2018000007"),
("IATT200005827","VOUCHER","GIFT VOUCHER ISOIDE 100K","100000","100000","ISU000006","2020-03-17","","1","","CLOSED","IAT1703200956","NHO2018000007"),
("IATT200005827","CASH","CASH","100","100","ISU000006","2020-03-17","","1","","CLOSED","IAT1703200956","NHO2018000007"),
("IATT200005828","CASH","CASH","148500","200000","ISU000004","2020-03-17","","1","","CLOSED","IAT1703200956","NHO2018000007"),
("IATT200005830","CASH","CASH","110000","150000","ISU000004","2020-03-17","","1","","CLOSED","IAT1703200956","NHO2018000007"),
("IATT200005829","CARD","DEBIT BCA","128700","128700","ISU000004","2020-03-17","","1","","CLOSED","IAT1703200956","NHO2018000007"),
("IATT200005831","CASH","OVO","55000","55000","ISU000004","2020-03-17","","1","","CLOSED","IAT1703200956","NHO2018000007");



