INSERT INTO pos_itemtemp VALUES("IATT200004726","193082","191001","192001","30000","1","30000","9000","21000","1","1","1","IAT1001200914","NHO2018000007","PAID","","193082"),
("IATT200004726","193005","191001","192001","37000","1","37000","11100","25900","1","1","1","IAT1001200914","NHO2018000007","PAID","","193005"),
("IATT200004726","193114","191001","192006","42000","1","42000","12600","29400","1","1","1","IAT1001200914","NHO2018000007","PAID","","193114"),
("IATT200004726","193046","191002","192010","10000","1","10000","0","10000","1","1","1","IAT1001200914","NHO2018000007","PAID","","193046"),
("IATT200004726","193046","191002","192010","10000","1","10000","0","10000","2","1","1","IAT1001200914","NHO2018000007","PAID","","193046"),
("IATT200004726","193046","191002","192010","10000","1","10000","0","10000","3","1","1","IAT1001200914","NHO2018000007","PAID","","193046"),
("IATT200004727","193113","191001","192003","55000","1","55000","0","55000","1","1","1","IAT1001200914","NHO2018000007","PAID","","193113"),
("IATT200004728","193047","191002","192010","10000","1","10000","0","10000","1","1","1","IAT1001200914","NHO2018000007","PAID","","193047"),
("IATT200004728","193047","191002","192010","10000","1","10000","0","10000","2","1","1","IAT1001200914","NHO2018000007","PAID","","193047"),
("IATT200004728","193047","191002","192010","10000","1","10000","0","10000","3","1","1","IAT1001200914","NHO2018000007","PAID","","193047"),
("IATT200004728","193006","191001","192001","37000","1","37000","0","37000","1","1","1","IAT1001200914","NHO2018000007","PAID","","193006"),
("IATT200004728","193084","191001","192001","30000","1","30000","0","30000","1","1","1","IAT1001200914","NHO2018000007","PAID","","PEDAS"),
("IATT200004728","193084","191001","192001","30000","1","30000","0","30000","2","1","1","IAT1001200914","NHO2018000007","PAID","","PEDAS"),
("IATT200004729","193084","191001","192001","30000","1","30000","15000","15000","1","1","1","IAT1001200914","NHO2018000007","PAID","lvl3","PEDAS"),
("IATT200004729","193030","191001","192004","27000","1","27000","13500","13500","1","1","1","IAT1001200914","NHO2018000007","PAID","","193030"),
("IATT200004729","193011","191001","192001","40000","1","40000","20000","20000","1","1","1","IAT1001200914","NHO2018000007","PAID","lvl2,lvl3","PEDAS"),
("IATT200004729","193011","191001","192001","40000","1","40000","20000","20000","2","1","1","IAT1001200914","NHO2018000007","PAID","","PEDAS"),
("IATT200004729","193017","191001","192002","37000","1","37000","18500","18500","1","1","1","IAT1001200914","NHO2018000007","PAID","","193017"),
("IATT200004729","193016","191001","192002","37000","1","37000","18500","18500","1","1","1","IAT1001200914","NHO2018000007","PAID","","PEDAS"),
("IATT200004729","193047","191002","192010","10000","1","10000","0","10000","1","1","1","IAT1001200914","NHO2018000007","PAID","","193047"),
("IATT200004730","193022","191001","192003","30000","1","30000","0","30000","1","1","1","IAT1001200914","NHO2018000007","PAID","","193022"),
("IATT200004730","193024","191001","192003","30000","1","30000","0","30000","1","1","1","IAT1001200914","NHO2018000007","PAID","","193024"),
("IATT200004730","193070","191001","192012","13000","1","13000","0","13000","1","1","1","IAT1001200914","NHO2018000007","PAID","","193070"),
("IATT200004730","193085","191001","192001","30000","1","30000","0","30000","1","1","1","IAT1001200914","NHO2018000007","PAID","","193085"),
("IATT200004730","193047","191002","192010","10000","1","10000","0","10000","1","1","1","IAT1001200914","NHO2018000007","PAID","","193047"),
("IATT200004730","193047","191002","192010","10000","1","10000","0","10000","2","1","1","IAT1001200914","NHO2018000007","PAID","","193047"),
("IATT200004730","193047","191002","192010","10000","1","10000","0","10000","3","1","1","IAT1001200914","NHO2018000007","PAID","","193047"),
("IATT200004731","193011","191001","192001","40000","1","40000","8000","32000","1","1","1","IAT1001200914","NHO2018000007","PAID","","PEDAS"),
("IATT200004731","193011","191001","192001","40000","1","40000","8000","32000","2","1","1","IAT1001200914","NHO2018000007","PAID","","PEDAS"),
("IATT200004731","193047","191002","192010","10000","1","10000","0","10000","1","1","1","IAT1001200914","NHO2018000007","PAID","","193047"),
("IATT200004731","193055","191002","192010","17000","1","17000","0","17000","1","1","1","IAT1001200914","NHO2018000007","PAID","","193055"),
("IATT200004732","193019","191001","192002","40000","1","40000","4000","36000","1","1","1","IAT1001200914","NHO2018000007","PAID","","PEDAS"),
("IATT200004733","193078","191001","192001","30000","1","30000","15000","15000","1","1","1","IAT1001200914","NHO2018000007","PAID","sedeng\n","PEDAS"),
("IATT200004733","193039","191001","192006","36000","1","36000","18000","18000","1","1","1","IAT1001200914","NHO2018000007","PAID","sedikit aja pedasnya","PEDAS"),
("IATT200004734","193052","191002","192010","20000","1","20000","0","20000","1","1","1","IAT1001200914","NHO2018000007","PAID","","193052"),
("IATT200004734","193085","191001","192001","30000","1","30000","0","30000","1","1","1","IAT1001200914","NHO2018000007","PAID","","193085"),
("IATT200004734","193015","191001","192002","33000","1","33000","0","33000","1","1","1","IAT1001200914","NHO2018000007","PAID","","ORIGINAL"),
("IATT200004733","193078","191001","192001","30000","1","30000","15000","15000","2","1","2","IAT1001200914","NHO2018000007","PAID","","PEDAS"),
("IATT200004733","193078","191001","192001","30000","1","30000","15000","15000","3","1","2","IAT1001200914","NHO2018000007","PAID","","PEDAS"),
("IATT200004733","193078","191001","192001","30000","1","30000","15000","15000","4","1","2","IAT1001200914","NHO2018000007","PAID","","PEDAS"),
("IATT200004733","193078","191001","192001","30000","1","30000","15000","15000","5","1","2","IAT1001200914","NHO2018000007","PAID","","PEDAS"),
("IATT200004735","193084","191001","192001","30000","1","30000","12000","18000","1","1","1","IAT1001200914","NHO2018000007","PAID","","PEDAS"),
("IATT200004735","193084","191001","192001","30000","1","30000","12000","18000","2","1","1","IAT1001200914","NHO2018000007","PAID","","PEDAS"),
("IATT200004735","193084","191001","192001","30000","1","30000","12000","18000","3","1","1","IAT1001200914","NHO2018000007","PAID","","PEDAS"),
("IATT200004735","193011","191001","192001","40000","1","40000","16000","24000","1","1","1","IAT1001200914","NHO2018000007","PAID","","PEDAS"),
("IATT200004735","193052","191002","192010","20000","1","20000","0","20000","1","1","1","IAT1001200914","NHO2018000007","PAID","","193052"),
("IATT200004735","193052","191002","192010","20000","1","20000","0","20000","2","1","1","IAT1001200914","NHO2018000007","PAID","","193052"),
("IATT200004735","193052","191002","192010","20000","1","20000","0","20000","3","1","1","IAT1001200914","NHO2018000007","PAID","","193052"),
("IATT200004735","193050","191002","192010","20000","1","20000","0","20000","1","1","1","IAT1001200914","NHO2018000007","PAID","","193050"),
("IATT200004736","193005","191001","192001","37000","1","37000","11100","25900","1","1","1","IAT1001200914","NHO2018000007","PAID","","193005"),
("IATT200004736","193006","191001","192001","37000","1","37000","11100","25900","1","1","1","IAT1001200914","NHO2018000007","PAID","","193006"),
("IATT200004736","193008","191001","192001","37000","1","37000","11100","25900","1","1","1","IAT1001200914","NHO2018000007","PAID","","193008"),
("IATT200004736","193055","191002","192010","17000","1","17000","0","17000","1","1","1","IAT1001200914","NHO2018000007","PAID","","193055"),
("IATT200004736","193055","191002","192010","17000","1","17000","0","17000","2","1","1","IAT1001200914","NHO2018000007","PAID","","193055"),
("IATT200004736","193054","191002","192010","20000","1","20000","0","20000","1","1","1","IAT1001200914","NHO2018000007","PAID","","193054"),
("IATT200004737","193025","191001","192003","30000","1","30000","0","30000","1","1","1","IAT1001200914","NHO2018000007","PAID","","193025"),
("IATT200004737","193033","191001","192005","42000","1","42000","0","42000","1","1","1","IAT1001200914","NHO2018000007","PAID","","193033"),
("IATT200004737","193056","191002","192010","17000","1","17000","0","17000","1","1","1","IAT1001200914","NHO2018000007","PAID","","193056"),
("IATT200004737","193050","191002","192010","20000","1","20000","0","20000","1","1","1","IAT1001200914","NHO2018000007","PAID","","193050"),
("IATT200004738","193007","191001","192001","37000","1","37000","18500","18500","1","1","1","IAT1001200914","NHO2018000007","PAID","","PEDAS"),
("IATT200004738","193007","191001","192001","37000","1","37000","18500","18500","2","1","1","IAT1001200914","NHO2018000007","PAID","","PEDAS"),
("IATT200004738","193007","191001","192001","37000","1","37000","18500","18500","3","1","1","IAT1001200914","NHO2018000007","PAID","","PEDAS"),
("IATT200004738","193006","191001","192001","37000","1","37000","18500","18500","1","1","1","IAT1001200914","NHO2018000007","PAID","","193006"),
("IATT200004738","193030","191001","192004","27000","1","27000","13500","13500","1","1","2","IAT1001200914","NHO2018000007","PAID","","193030"),
("IATT200004739","193084","191001","192001","30000","1","30000","0","30000","1","1","1","IAT1001200914","NHO2018000007","PAID","","PEDAS"),
("IATT200004739","193007","191001","192001","37000","1","37000","0","37000","1","1","1","IAT1001200914","NHO2018000007","PAID","","PEDAS"),
("IATT200004739","193118","191001","192012","20000","1","20000","0","20000","1","1","1","IAT1001200914","NHO2018000007","PAID","","193118"),
("IATT200004739","193118","191001","192012","20000","1","20000","0","20000","2","1","1","IAT1001200914","NHO2018000007","PAID","","193118"),
("IATT200004739","193048","191002","192010","8000","1","8000","0","8000","1","1","1","IAT1001200914","NHO2018000007","PAID","","193048"),
("IATT200004739","193049","191002","192010","10000","1","10000","0","10000","1","1","1","IAT1001200914","NHO2018000007","PAID","","193049"),
("IATT200004739","193050","191002","192010","20000","1","20000","0","20000","1","1","1","IAT1001200914","NHO2018000007","PAID","","193050"),
("IATT200004740","193041","191001","192008","20000","1","20000","0","20000","1","1","1","IAT1001200914","NHO2018000007","PAID","","193041"),
("IATT200004740","193056","191002","192010","17000","1","17000","0","17000","1","1","1","IAT1001200914","NHO2018000007","PAID","","193056"),
("IATT200004741","193005","191001","192001","37000","1","37000","0","37000","1","1","1","IAT1001200914","NHO2018000007","PAID","","193005"),
("IATT200004741","193046","191002","192010","10000","1","10000","0","10000","1","1","1","IAT1001200914","NHO2018000007","PAID","","193046"),
("IATT200004742","193035","191001","192006","32000","1","32000","0","32000","1","1","1","IAT1001200914","NHO2018000007","PAID","sedang","PEDAS"),
("IATT200004741","193046","191002","192010","10000","1","10000","0","10000","2","1","2","IAT1001200914","NHO2018000007","PAID","","193046"),
("IATT200004741","193011","191001","192001","40000","1","40000","0","40000","1","1","2","IAT1001200914","NHO2018000007","PAID","","PEDAS");



INSERT INTO pos_salestemp VALUES("IATT200004726","","2","139000","32700","10630","0","116930","117000","10/01/2020","12:07","2020-01-10","12:48:31","ISU000015","tbl0011","CLOSED","1","","IATR200004598","","","","","IAT1001200914","NHO2018000007"),
("IATT200004727","","1","55000","0","5500","0","60500","60500","10/01/2020","12:10","2020-01-10","12:38:56","ISU000015","tbl0014","CLOSED","1","","IATR200004597","","","","","IAT1001200914","NHO2018000007"),
("IATT200004728","","3","127000","0","12700","0","139700","150000","10/01/2020","12:19","2020-01-10","13:41:25","ISU000015","tbl0010","CLOSED","1","","IATR200004603","","","","","IAT1001200914","NHO2018000007"),
("IATT200004729","","5","221000","105500","11550","0","127050","150000","10/01/2020","12:23","2020-01-10","13:04:07","ISU000015","tbl0023","CLOSED","1","","IATR200004599","","","","","IAT1001200914","NHO2018000007"),
("IATT200004730","","4","133000","0","13300","0","146300","150000","10/01/2020","12:36","2020-01-10","13:06:47","ISU000015","tbl0015","CLOSED","1","","IATR200004600","","","","","IAT1001200914","NHO2018000007"),
("IATT200004731","","2","107000","16000","9100","0","100100","100100","10/01/2020","12:46","2020-01-10","13:38:16","ISU000015","tbl0022","CLOSED","1","","IATR200004602","","","","","IAT1001200914","NHO2018000007"),
("IATT200004732","","1","40000","4000","3600","0","39600","50000","10/01/2020","13:04","2020-01-10","13:12:12","ISU000015","tbl0011","CLOSED","1","","IATR200004601","","","","","IAT1001200914","NHO2018000007"),
("IATT200004733","","2","186000","93000","9300","0","102300","103000","10/01/2020","15:08","2020-01-10","16:16:21","ISU000006","tbl0012","CLOSED","1","","IATR200004604","","","","","IAT1001200914","NHO2018000007"),
("IATT200004734","","3","83000","0","8300","0","91300","91300","10/01/2020","15:11","2020-01-10","16:43:14","ISU000006","tbl0010","CLOSED","1","","IATR200004605","","","","","IAT1001200914","NHO2018000007"),
("IATT200004735","","4","210000","52000","15800","0","173800","173800","10/01/2020","16:49","2020-01-10","18:46:18","ISU000006","tbl0012","CLOSED","1","","IATR200004606","","","","","IAT1001200914","NHO2018000007"),
("IATT200004736","","3","165000","33300","13170","0","144870","144870","10/01/2020","18:22","2020-01-10","19:31:21","ISU000006","tbl0010","CLOSED","1","","IATR200004609","","","","","IAT1001200914","NHO2018000007"),
("IATT200004737","","2","109000","0","10900","0","119900","119900","10/01/2020","18:42","2020-01-10","19:34:55","ISU000006","tbl0011","CLOSED","1","","IATR200004610","","","","","IAT1001200914","NHO2018000007"),
("IATT200004738","","6","175000","87500","8750","0","96250","96250","10/01/2020","18:43","2020-01-10","19:28:19","ISU000006","tbl0021","CLOSED","1","","IATR200004607","","","","","IAT1001200914","NHO2018000007"),
("IATT200004739","","2","145000","0","14500","0","159500","200000","10/01/2020","18:49","2020-01-10","19:29:35","ISU000006","tbl0018","CLOSED","1","","IATR200004608","","","","","IAT1001200914","NHO2018000007"),
("IATT200004740","","1","37000","0","3700","0","40700","40700","10/01/2020","19:37","2020-01-10","20:04:58","ISU000006","tbl0005","CLOSED","1","","IATR200004611","","","","","IAT1001200914","NHO2018000007"),
("IATT200004741","","1","97000","0","9700","0","106700","106700","10/01/2020","19:38","2020-01-10","20:35:35","ISU000006","tbl0012","CLOSED","1","","IATR200004613","","","","","IAT1001200914","NHO2018000007"),
("IATT200004742","","1","32000","0","3200","0","35200","100200","10/01/2020","19:39","2020-01-10","20:16:09","ISU000006","tbl0014","CLOSED","1","","IATR200004612","","","","","IAT1001200914","NHO2018000007"),
("IATT200004743","","1","0","3600","0","0","0","0","10/01/2020","20:32","10/01/2020","20:36:12","ISU000006","tbl0050","CANCELED","1","PERMINTAAN CUSTOMER","","","","","","IAT1001200914","NHO2018000007");



INSERT INTO item_void VALUES("IATT200004743","IAT1001200914","NHO2018000007","193036","PEDAS","1","36000","Before Send","Komplen Customer");



INSERT INTO pos_promotion_h VALUES("IATT200004729","NPRM18000027","DISC ITEM","1","105500","KANAN KIRI DISKON 50%","IAT1001200914","PAID","NHO2018000007"),
("IATT200004726","NPRM18000025","DISC ITEM","1","32700","KANAN KIRI DISKON 30%","IAT1001200914","PAID","NHO2018000007"),
("IATT200004731","NPRM18000024","DISC ITEM","1","16000","KANAN KIRI DISKON 20%","IAT1001200914","PAID","NHO2018000007"),
("IATT200004732","NPRM18000023","DISC ITEM","1","4000","KANAN KIRI DISKON 10%","IAT1001200914","PAID","NHO2018000007"),
("IATT200004733","NPRM18000027","DISC ITEM","1","93000","KANAN KIRI DISKON 50%","IAT1001200914","PAID","NHO2018000007"),
("IATT200004735","NPRM18000026","DISC ITEM","1","52000","KANAN KIRI DISKON 40%","IAT1001200914","PAID","NHO2018000007"),
("IATT200004736","NPRM18000025","DISC ITEM","1","33300","KANAN KIRI DISKON 30%","IAT1001200914","PAID","NHO2018000007"),
("IATT200004738","NPRM18000027","DISC ITEM","1","87500","KANAN KIRI DISKON 50%","IAT1001200914","PAID","NHO2018000007");



INSERT INTO pos_promotion_d VALUES("IATT200004729","NPRM18000027","DISC ITEM","1","1","193084","1","15000","IAT1001200914","PAID","NHO2018000007"),
("IATT200004729","NPRM18000027","DISC ITEM","1","1","193030","1","13500","IAT1001200914","PAID","NHO2018000007"),
("IATT200004729","NPRM18000027","DISC ITEM","1","1","193011","1","20000","IAT1001200914","PAID","NHO2018000007"),
("IATT200004729","NPRM18000027","DISC ITEM","1","1","193011","2","20000","IAT1001200914","PAID","NHO2018000007"),
("IATT200004729","NPRM18000027","DISC ITEM","1","1","193017","1","18500","IAT1001200914","PAID","NHO2018000007"),
("IATT200004729","NPRM18000027","DISC ITEM","1","1","193016","1","18500","IAT1001200914","PAID","NHO2018000007"),
("IATT200004726","NPRM18000025","DISC ITEM","1","1","193082","1","9000","IAT1001200914","PAID","NHO2018000007"),
("IATT200004726","NPRM18000025","DISC ITEM","1","1","193005","1","11100","IAT1001200914","PAID","NHO2018000007"),
("IATT200004726","NPRM18000025","DISC ITEM","1","1","193114","1","12600","IAT1001200914","PAID","NHO2018000007"),
("IATT200004731","NPRM18000024","DISC ITEM","1","1","193011","1","8000","IAT1001200914","PAID","NHO2018000007"),
("IATT200004731","NPRM18000024","DISC ITEM","1","1","193011","2","8000","IAT1001200914","PAID","NHO2018000007"),
("IATT200004732","NPRM18000023","DISC ITEM","1","1","193019","1","4000","IAT1001200914","PAID","NHO2018000007"),
("IATT200004733","NPRM18000027","DISC ITEM","1","1","193078","1","15000","IAT1001200914","PAID","NHO2018000007"),
("IATT200004733","NPRM18000027","DISC ITEM","1","1","193039","1","18000","IAT1001200914","PAID","NHO2018000007"),
("IATT200004733","NPRM18000027","DISC ITEM","1","1","193078","2","15000","IAT1001200914","PAID","NHO2018000007"),
("IATT200004733","NPRM18000027","DISC ITEM","1","1","193078","3","15000","IAT1001200914","PAID","NHO2018000007"),
("IATT200004733","NPRM18000027","DISC ITEM","1","1","193078","4","15000","IAT1001200914","PAID","NHO2018000007"),
("IATT200004733","NPRM18000027","DISC ITEM","1","1","193078","5","15000","IAT1001200914","PAID","NHO2018000007"),
("IATT200004735","NPRM18000026","DISC ITEM","1","1","193084","1","12000","IAT1001200914","PAID","NHO2018000007"),
("IATT200004735","NPRM18000026","DISC ITEM","1","1","193084","2","12000","IAT1001200914","PAID","NHO2018000007"),
("IATT200004735","NPRM18000026","DISC ITEM","1","1","193084","3","12000","IAT1001200914","PAID","NHO2018000007"),
("IATT200004735","NPRM18000026","DISC ITEM","1","1","193011","1","16000","IAT1001200914","PAID","NHO2018000007"),
("IATT200004736","NPRM18000025","DISC ITEM","1","1","193005","1","11100","IAT1001200914","PAID","NHO2018000007"),
("IATT200004736","NPRM18000025","DISC ITEM","1","1","193006","1","11100","IAT1001200914","PAID","NHO2018000007"),
("IATT200004736","NPRM18000025","DISC ITEM","1","1","193008","1","11100","IAT1001200914","PAID","NHO2018000007"),
("IATT200004738","NPRM18000027","DISC ITEM","1","1","193007","1","18500","IAT1001200914","PAID","NHO2018000007"),
("IATT200004738","NPRM18000027","DISC ITEM","1","1","193007","2","18500","IAT1001200914","PAID","NHO2018000007"),
("IATT200004738","NPRM18000027","DISC ITEM","1","1","193007","3","18500","IAT1001200914","PAID","NHO2018000007"),
("IATT200004738","NPRM18000027","DISC ITEM","1","1","193006","1","18500","IAT1001200914","PAID","NHO2018000007"),
("IATT200004738","NPRM18000027","DISC ITEM","1","1","193030","1","13500","IAT1001200914","PAID","NHO2018000007");



INSERT INTO pos_paymenttemp VALUES("IATT200004727","CASH","OVO","60500","60500","ISU000015","2020-01-10","","1","","CLOSED","IAT1001200914","NHO2018000007"),
("IATT200004726","CASH","CASH","116930","117000","ISU000015","2020-01-10","","1","","CLOSED","IAT1001200914","NHO2018000007"),
("IATT200004729","CASH","CASH","127050","150000","ISU000015","2020-01-10","","1","","CLOSED","IAT1001200914","NHO2018000007"),
("IATT200004730","CASH","CASH","146300","150000","ISU000015","2020-01-10","","1","","CLOSED","IAT1001200914","NHO2018000007"),
("IATT200004732","CASH","CASH","39600","50000","ISU000015","2020-01-10","","1","","CLOSED","IAT1001200914","NHO2018000007"),
("IATT200004731","CARD","MASTER","100100","100100","ISU000015","2020-01-10","","1","","CLOSED","IAT1001200914","NHO2018000007"),
("IATT200004728","VOUCHER","E-Voucher 50K Bloggers X ","50000","50000","ISU000015","2020-01-10","","1","NHV20200109000097","CLOSED","IAT1001200914","NHO2018000007"),
("IATT200004728","VOUCHER","E-Voucher 50K Bloggers X ","50000","50000","ISU000015","2020-01-10","","1","NHV20200109000076","CLOSED","IAT1001200914","NHO2018000007"),
("IATT200004728","VOUCHER","E-Voucher 50K Bloggers X ","50000","50000","ISU000015","2020-01-10","","1","NHV20200109000083","CLOSED","IAT1001200914","NHO2018000007"),
("IATT200004733","CASH","CASH","102300","103000","ISU000006","2020-01-10","","1","","CLOSED","IAT1001200914","NHO2018000007"),
("IATT200004734","CASH","OVO","91300","91300","ISU000006","2020-01-10","","1","","CLOSED","IAT1001200914","NHO2018000007"),
("IATT200004735","CARD","DEBIT BCA","173800","173800","ISU000006","2020-01-10","","1","","CLOSED","IAT1001200914","NHO2018000007"),
("IATT200004738","CARD","DEBIT BCA","96250","96250","ISU000006","2020-01-10","","1","","CLOSED","IAT1001200914","NHO2018000007"),
("IATT200004739","CASH","CASH","159500","200000","ISU000006","2020-01-10","","1","","CLOSED","IAT1001200914","NHO2018000007"),
("IATT200004736","CARD","DEBIT BCA","144870","144870","ISU000006","2020-01-10","","1","","CLOSED","IAT1001200914","NHO2018000007"),
("IATT200004737","CASH","OVO","119900","119900","ISU000006","2020-01-10","","1","","CLOSED","IAT1001200914","NHO2018000007"),
("IATT200004740","CASH","OVO","40700","40700","ISU000006","2020-01-10","","1","","CLOSED","IAT1001200914","NHO2018000007"),
("IATT200004742","CASH","CASH","35200","100200","ISU000006","2020-01-10","","1","","CLOSED","IAT1001200914","NHO2018000007"),
("IATT200004741","CASH","OVO","106700","106700","ISU000006","2020-01-10","","1","","CLOSED","IAT1001200914","NHO2018000007");



