INSERT INTO pos_itemtemp VALUES("IATT190001366","193078","191001","192001","30000","1","30000","0","30000","1","1","1","IAT1307190940","NHO2018000007","PAID","","PEDAS"),
("IATT190001366","193008","191001","192001","37000","1","37000","0","37000","1","1","1","IAT1307190940","NHO2018000007","PAID","","193008"),
("IATT190001366","193046","191002","192010","8000","1","8000","0","8000","1","1","1","IAT1307190940","NHO2018000007","PAID","","193046"),
("IATT190001366","193046","191002","192010","8000","1","8000","0","8000","2","1","1","IAT1307190940","NHO2018000007","PAID","","193046"),
("IATT190001367","193022","191001","192003","30000","1","30000","0","30000","1","1","1","IAT1307190940","NHO2018000007","PAID","","193022"),
("IATT190001367","193083","191001","192001","30000","1","30000","0","30000","1","1","1","IAT1307190940","NHO2018000007","PAID","","193083"),
("IATT190001367","193052","191002","192010","20000","1","20000","0","20000","1","1","1","IAT1307190940","NHO2018000007","PAID","","193052"),
("IATT190001367","193046","191002","192010","8000","1","8000","0","8000","1","1","1","IAT1307190940","NHO2018000007","PAID","","193046"),
("IATT190001368","193084","191001","192001","30000","1","30000","0","30000","1","1","1","IAT1307190940","NHO2018000007","PAID","","PEDAS"),
("IATT190001369","193033","191001","192005","42000","1","42000","0","42000","1","1","1","IAT1307190940","NHO2018000007","PAID","cust di table 12 ya","193033"),
("IATT190001369","193035","191001","192006","32000","1","32000","0","32000","1","1","1","IAT1307190940","NHO2018000007","PAID","","ORIGINAL"),
("IATT190001369","193055","191002","192010","17000","1","17000","0","17000","1","1","1","IAT1307190940","NHO2018000007","PAID","","193055"),
("IATT190001369","193055","191002","192010","17000","1","17000","0","17000","2","1","1","IAT1307190940","NHO2018000007","PAID","","193055"),
("IATT190001367","193049","191002","192010","10000","1","10000","0","10000","1","1","2","IAT1307190940","NHO2018000007","PAID","","193049"),
("IATT190001370","193084","191001","192001","30000","1","30000","0","30000","1","1","1","IAT1307190940","NHO2018000007","PAID","lvl 2","PEDAS"),
("IATT190001370","193025","191001","192003","30000","1","30000","0","30000","1","1","1","IAT1307190940","NHO2018000007","PAID","","193025"),
("IATT190001370","193029","191001","192004","27000","1","27000","0","27000","1","1","1","IAT1307190940","NHO2018000007","PAID","","193029"),
("IATT190001370","193046","191002","192010","8000","1","8000","0","8000","1","1","1","IAT1307190940","NHO2018000007","PAID","","193046"),
("IATT190001370","193052","191002","192010","20000","1","20000","0","20000","1","1","1","IAT1307190940","NHO2018000007","PAID","","193052"),
("IATT190001371","193007","191001","192001","37000","1","37000","0","37000","1","1","1","IAT1307190940","NHO2018000007","PAID","lvl 2","PEDAS"),
("IATT190001371","193056","191002","192010","17000","1","17000","0","17000","1","1","1","IAT1307190940","NHO2018000007","PAID","","193056"),
("IATT190001372","193015","191001","192002","33000","1","33000","0","33000","1","1","1","IAT1307190940","NHO2018000007","PAID","","ORIGINAL"),
("IATT190001372","193077","191001","192001","30000","1","30000","0","30000","1","1","1","IAT1307190940","NHO2018000007","PAID","","193077"),
("IATT190001372","193046","191002","192010","8000","1","8000","0","8000","1","1","1","IAT1307190940","NHO2018000007","PAID","","193046"),
("IATT190001372","193046","191002","192010","8000","1","8000","0","8000","2","1","2","IAT1307190940","NHO2018000007","PAID","","193046"),
("IATT190001372","193046","191002","192010","8000","1","8000","0","8000","3","1","3","IAT1307190940","NHO2018000007","PAID","","193046"),
("IATT190001373","193030","191001","192004","27000","1","27000","0","27000","1","1","1","IAT1307190940","NHO2018000007","PAID","","193030"),
("IATT190001373","193077","191001","192001","30000","1","30000","0","30000","1","1","1","IAT1307190940","NHO2018000007","PAID","","193077"),
("IATT190001373","193022","191001","192003","30000","1","30000","0","30000","1","1","1","IAT1307190940","NHO2018000007","PAID","","193022"),
("IATT190001373","193055","191002","192010","17000","1","17000","0","17000","1","1","1","IAT1307190940","NHO2018000007","PAID","","193055"),
("IATT190001373","193055","191002","192010","17000","1","17000","0","17000","2","1","1","IAT1307190940","NHO2018000007","PAID","","193055"),
("IATT190001373","193055","191002","192010","17000","1","17000","0","17000","3","1","1","IAT1307190940","NHO2018000007","PAID","","193055"),
("IATT190001374","193083","191001","192001","30000","1","30000","0","30000","1","1","1","IAT1307190940","NHO2018000007","PAID","level 1","193083"),
("IATT190001374","193008","191001","192001","37000","1","37000","0","37000","1","1","1","IAT1307190940","NHO2018000007","PAID","level 2","193008"),
("IATT190001374","193072","191001","192012","25000","1","25000","0","25000","1","1","1","IAT1307190940","NHO2018000007","PAID","","193072"),
("IATT190001374","193051","191002","192010","20000","1","20000","0","20000","1","1","1","IAT1307190940","NHO2018000007","PAID","","193051"),
("IATT190001374","193054","191002","192010","20000","1","20000","0","20000","1","1","1","IAT1307190940","NHO2018000007","PAID","","193054"),
("IATT190001374","193035","191001","192006","32000","1","32000","0","32000","1","1","2","IAT1307190940","NHO2018000007","PAID","","PEDAS"),
("IATT190001374","193044","191001","192008","25000","1","25000","0","25000","1","1","2","IAT1307190940","NHO2018000007","PAID","","193044"),
("IATT190001374","193055","191002","192010","17000","1","17000","0","17000","1","1","2","IAT1307190940","NHO2018000007","PAID","","193055"),
("IATT190001374","193052","191002","192010","20000","1","20000","0","20000","1","1","2","IAT1307190940","NHO2018000007","PAID","no ice","193052"),
("IATT190001374","193047","191002","192010","8000","1","8000","0","8000","1","1","3","IAT1307190940","NHO2018000007","PAID","","193047"),
("IATT190001374","193047","191002","192010","8000","1","8000","0","8000","2","1","3","IAT1307190940","NHO2018000007","PAID","","193047"),
("IATT190001374","193037","191001","192006","36000","1","36000","0","36000","1","1","3","IAT1307190940","NHO2018000007","PAID","","ORIGINAL"),
("IATT190001374","193047","191002","192010","8000","1","8000","0","8000","3","1","4","IAT1307190940","NHO2018000007","PAID","","193047"),
("IATT190001374","193047","191002","192010","8000","1","8000","0","8000","4","1","4","IAT1307190940","NHO2018000007","PAID","","193047"),
("IATT190001375","193056","191002","192010","17000","1","17000","0","17000","1","1","1","IAT1307190940","NHO2018000007","PAID","","193056"),
("IATT190001375","193082","191001","192001","30000","1","30000","0","30000","1","1","1","IAT1307190940","NHO2018000007","PAID","","193082"),
("IATT190001376","193084","191001","192001","30000","1","30000","0","30000","1","1","1","IAT1307190940","NHO2018000007","PAID","level 1","PEDAS"),
("IATT190001376","193022","191001","192003","30000","1","30000","0","30000","1","1","1","IAT1307190940","NHO2018000007","PAID","","193022"),
("IATT190001376","193024","191001","192003","30000","1","30000","0","30000","1","1","1","IAT1307190940","NHO2018000007","PAID","","193024"),
("IATT190001376","193024","191001","192003","30000","1","30000","0","30000","2","1","1","IAT1307190940","NHO2018000007","PAID","","193024"),
("IATT190001376","193047","191002","192010","8000","1","8000","0","8000","1","1","1","IAT1307190940","NHO2018000007","PAID","","193047"),
("IATT190001376","193047","191002","192010","8000","1","8000","0","8000","2","1","1","IAT1307190940","NHO2018000007","PAID","","193047"),
("IATT190001376","193047","191002","192010","8000","1","8000","0","8000","3","1","1","IAT1307190940","NHO2018000007","PAID","","193047"),
("IATT190001376","193047","191002","192010","8000","1","8000","0","8000","4","1","1","IAT1307190940","NHO2018000007","PAID","","193047"),
("IATT190001377","193084","191001","192001","30000","1","30000","0","30000","1","1","1","IAT1307190940","NHO2018000007","PAID","level 2","PEDAS"),
("IATT190001377","193084","191001","192001","30000","1","30000","0","30000","2","1","1","IAT1307190940","NHO2018000007","PAID","","PEDAS"),
("IATT190001377","193051","191002","192010","20000","1","20000","0","20000","1","1","1","IAT1307190940","NHO2018000007","PAID","","193051"),
("IATT190001377","193051","191002","192010","20000","1","20000","0","20000","2","1","1","IAT1307190940","NHO2018000007","PAID","","193051"),
("IATT190001378","193022","191001","192003","30000","1","30000","0","30000","1","1","1","IAT1307190940","NHO2018000007","PAID","","193022"),
("IATT190001378","193086","191001","192002","33000","1","33000","0","33000","1","1","1","IAT1307190940","NHO2018000007","PAID","level 2","PEDAS"),
("IATT190001378","193054","191002","192010","20000","1","20000","0","20000","1","1","1","IAT1307190940","NHO2018000007","PAID","","193054"),
("IATT190001376","193070","191001","192012","13000","1","13000","0","13000","1","1","2","IAT1307190940","NHO2018000007","PAID","","193070"),
("IATT190001379","193022","191001","192003","30000","1","30000","0","30000","1","1","1","IAT1307190940","NHO2018000007","PAID","","193022"),
("IATT190001379","193054","191002","192010","20000","1","20000","0","20000","1","1","1","IAT1307190940","NHO2018000007","PAID","","193054"),
("IATT190001379","193054","191002","192010","20000","1","20000","0","20000","2","1","1","IAT1307190940","NHO2018000007","PAID","","193054"),
("IATT190001379","193084","191001","192001","30000","1","30000","0","30000","1","1","1","IAT1307190940","NHO2018000007","PAID","level 2","PEDAS"),
("IATT190001380","193009","191001","192001","40000","1","40000","0","40000","1","1","1","IAT1307190940","NHO2018000007","PAID","level 2","193009"),
("IATT190001380","193082","191001","192001","30000","1","30000","0","30000","1","1","1","IAT1307190940","NHO2018000007","PAID","level 3","193082"),
("IATT190001380","193055","191002","192010","17000","1","17000","0","17000","1","1","1","IAT1307190940","NHO2018000007","PAID","","193055"),
("IATT190001380","193070","191001","192012","13000","1","13000","0","13000","1","1","1","IAT1307190940","NHO2018000007","PAID","","193070"),
("IATT190001381","193007","191001","192001","37000","1","37000","0","37000","1","1","1","IAT1307190940","NHO2018000007","PAID","lvl 1","PEDAS"),
("IATT190001381","193035","191001","192006","32000","1","32000","0","32000","1","1","1","IAT1307190940","NHO2018000007","PAID","","PEDAS"),
("IATT190001381","193056","191002","192010","17000","1","17000","0","17000","1","1","1","IAT1307190940","NHO2018000007","PAID","","193056"),
("IATT190001381","193047","191002","192010","8000","1","8000","0","8000","1","1","1","IAT1307190940","NHO2018000007","PAID","","193047"),
("IATT190001382","193030","191001","192004","27000","1","27000","0","27000","1","1","1","IAT1307190940","NHO2018000007","PAID","","193030"),
("IATT190001382","193024","191001","192003","30000","1","30000","0","30000","1","1","1","IAT1307190940","NHO2018000007","PAID","","193024"),
("IATT190001382","193047","191002","192010","8000","1","8000","0","8000","1","1","1","IAT1307190940","NHO2018000007","PAID","","193047"),
("IATT190001382","193047","191002","192010","8000","1","8000","0","8000","2","1","1","IAT1307190940","NHO2018000007","PAID","","193047"),
("IATT190001383","193084","191001","192001","30000","1","30000","0","30000","1","1","1","IAT1307190940","NHO2018000007","PAID","lvl 2","PEDAS"),
("IATT190001383","193025","191001","192003","30000","1","30000","0","30000","1","1","1","IAT1307190940","NHO2018000007","PAID","","193025"),
("IATT190001383","193069","191001","192012","13000","1","13000","0","13000","1","1","1","IAT1307190940","NHO2018000007","PAID","","193069"),
("IATT190001383","193056","191002","192010","17000","1","17000","0","17000","1","1","1","IAT1307190940","NHO2018000007","PAID","","193056"),
("IATT190001383","193047","191002","192010","8000","1","8000","0","8000","1","1","1","IAT1307190940","NHO2018000007","PAID","","193047"),
("IATT190001383","193056","191002","192010","17000","1","17000","0","17000","2","1","2","IAT1307190940","NHO2018000007","PAID","","193056"),
("IATT190001384","193021","191001","192002","40000","1","40000","12000","28000","1","1","1","IAT1307190940","NHO2018000007","PAID","","ORIGINAL"),
("IATT190001384","193011","191001","192001","40000","1","40000","12000","28000","1","1","1","IAT1307190940","NHO2018000007","PAID","","ORIGINAL"),
("IATT190001384","193048","191002","192010","8000","1","8000","0","8000","1","1","1","IAT1307190940","NHO2018000007","PAID","","193048"),
("IATT190001384","193048","191002","192010","8000","1","8000","0","8000","2","1","1","IAT1307190940","NHO2018000007","PAID","","193048"),
("IATT190001384","193071","191001","192012","18000","1","18000","5400","12600","1","1","1","IAT1307190940","NHO2018000007","PAID","","193071"),
("IATT190001385","193012","191001","192001","40000","1","40000","12000","28000","1","1","1","IAT1307190940","NHO2018000007","PAID","custumer ada ditable 10 ya\ncuma minta pisah bill\nthanks","193012"),
("IATT190001385","193011","191001","192001","40000","1","40000","12000","28000","1","1","1","IAT1307190940","NHO2018000007","PAID","","ORIGINAL"),
("IATT190001385","193048","191002","192010","8000","1","8000","0","8000","1","1","1","IAT1307190940","NHO2018000007","PAID","","193048"),
("IATT190001385","193048","191002","192010","8000","1","8000","0","8000","2","1","1","IAT1307190940","NHO2018000007","PAID","","193048"),
("IATT190001385","193071","191001","192012","18000","1","18000","5400","12600","1","1","1","IAT1307190940","NHO2018000007","PAID","","193071"),
("IATT190001386","193024","191001","192003","30000","1","30000","0","30000","1","1","1","IAT1307190940","NHO2018000007","PAID","","193024"),
("IATT190001388","193022","191001","192003","30000","1","30000","0","30000","1","1","1","IAT1307190940","NHO2018000007","PAID","","193022"),
("IATT190001388","193055","191002","192010","17000","1","17000","0","17000","1","1","1","IAT1307190940","NHO2018000007","PAID","","193055"),
("IATT190001387","193015","191001","192002","33000","1","33000","0","33000","1","1","1","IAT1307190940","NHO2018000007","PAID","cabe pisah ","ORIGINAL"),
("IATT190001387","193040","191001","192008","20000","1","20000","0","20000","1","1","1","IAT1307190940","NHO2018000007","PAID","","193040"),
("IATT190001387","193049","191002","192010","10000","1","10000","0","10000","1","1","1","IAT1307190940","NHO2018000007","PAID","","193049"),
("IATT190001389","193024","191001","192003","30000","1","30000","0","30000","1","1","1","IAT1307190940","NHO2018000007","PAID","","193024"),
("IATT190001389","193024","191001","192003","30000","1","30000","0","30000","2","1","1","IAT1307190940","NHO2018000007","PAID","","193024"),
("IATT190001389","193082","191001","192001","30000","1","30000","0","30000","1","1","1","IAT1307190940","NHO2018000007","PAID","","193082"),
("IATT190001389","193052","191002","192010","20000","1","20000","0","20000","1","1","1","IAT1307190940","NHO2018000007","PAID","","193052"),
("IATT190001390","193028","191001","192003","43000","1","43000","0","43000","1","1","1","IAT1307190940","NHO2018000007","PAID","","193028"),
("IATT190001390","193030","191001","192004","27000","1","27000","0","27000","1","1","1","IAT1307190940","NHO2018000007","PAID","","193030"),
("IATT190001390","193022","191001","192003","30000","1","30000","0","30000","1","1","1","IAT1307190940","NHO2018000007","PAID","","193022"),
("IATT190001390","193052","191002","192010","20000","1","20000","0","20000","1","1","1","IAT1307190940","NHO2018000007","PAID","","193052"),
("IATT190001390","193056","191002","192010","17000","1","17000","0","17000","1","1","1","IAT1307190940","NHO2018000007","PAID","","193056"),
("IATT190001390","193055","191002","192010","17000","1","17000","0","17000","1","1","1","IAT1307190940","NHO2018000007","PAID","","193055"),
("IATT190001391","193024","191001","192003","30000","1","30000","0","30000","1","1","1","IAT1307190940","NHO2018000007","PAID","","193024"),
("IATT190001391","193084","191001","192001","30000","1","30000","0","30000","1","1","1","IAT1307190940","NHO2018000007","PAID","level 3","PEDAS"),
("IATT190001391","193071","191001","192012","18000","1","18000","0","18000","1","1","1","IAT1307190940","NHO2018000007","PAID","","193071"),
("IATT190001391","193070","191001","192012","13000","1","13000","0","13000","1","1","1","IAT1307190940","NHO2018000007","PAID","","193070"),
("IATT190001391","193047","191002","192010","8000","1","8000","0","8000","1","1","1","IAT1307190940","NHO2018000007","PAID","","193047"),
("IATT190001391","193052","191002","192010","20000","1","20000","0","20000","1","1","1","IAT1307190940","NHO2018000007","PAID","","193052"),
("IATT190001391","193047","191002","192010","8000","1","8000","0","8000","2","1","2","IAT1307190940","NHO2018000007","PAID","","193047"),
("IATT190001392","193028","191001","192003","43000","1","43000","0","43000","1","1","1","IAT1307190940","NHO2018000007","PAID","","193028"),
("IATT190001392","193056","191002","192010","17000","1","17000","0","17000","1","1","1","IAT1307190940","NHO2018000007","PAID","","193056"),
("IATT190001392","193024","191001","192003","30000","1","30000","0","30000","1","1","1","IAT1307190940","NHO2018000007","PAID","","193024"),
("IATT190001392","193048","191002","192010","8000","1","8000","0","8000","1","1","1","IAT1307190940","NHO2018000007","PAID","","193048"),
("IATT190001393","193084","191001","192001","30000","1","30000","0","30000","1","1","1","IAT1307190940","NHO2018000007","PAID","level 2","PEDAS"),
("IATT190001393","193079","191001","192001","30000","1","30000","0","30000","1","1","1","IAT1307190940","NHO2018000007","PAID","","193079"),
("IATT190001393","193052","191002","192010","20000","1","20000","0","20000","1","1","1","IAT1307190940","NHO2018000007","PAID","","193052"),
("IATT190001393","193052","191002","192010","20000","1","20000","0","20000","2","1","1","IAT1307190940","NHO2018000007","PAID","","193052"),
("IATT190001394","193022","191001","192003","30000","1","30000","0","30000","1","1","1","IAT1307190940","NHO2018000007","PAID","","193022"),
("IATT190001394","193016","191001","192002","37000","1","37000","0","37000","1","1","1","IAT1307190940","NHO2018000007","PAID","","ORIGINAL"),
("IATT190001394","193025","191001","192003","30000","1","30000","0","30000","1","1","1","IAT1307190940","NHO2018000007","PAID","","193025"),
("IATT190001394","193049","191002","192010","10000","1","10000","0","10000","1","1","1","IAT1307190940","NHO2018000007","PAID","","193049"),
("IATT190001394","193049","191002","192010","10000","1","10000","0","10000","2","1","1","IAT1307190940","NHO2018000007","PAID","","193049"),
("IATT190001395","193024","191001","192003","30000","1","30000","0","30000","1","1","1","IAT1307190940","NHO2018000007","PAID","","193024"),
("IATT190001395","193030","191001","192004","27000","1","27000","0","27000","1","1","1","IAT1307190940","NHO2018000007","PAID","","193030"),
("IATT190001396","193045","191001","192008","27000","1","27000","0","27000","1","1","1","IAT1307190940","NHO2018000007","PAID","","193045"),
("IATT190001396","193027","191001","192003","43000","1","43000","0","43000","1","1","1","IAT1307190940","NHO2018000007","PAID","","193027"),
("IATT190001396","193078","191001","192001","30000","1","30000","0","30000","1","1","1","IAT1307190940","NHO2018000007","PAID","","PEDAS"),
("IATT190001396","193069","191001","192012","13000","1","13000","0","13000","1","1","1","IAT1307190940","NHO2018000007","PAID","","193069"),
("IATT190001396","193051","191002","192010","20000","1","20000","0","20000","1","1","1","IAT1307190940","NHO2018000007","PAID","","193051"),
("IATT190001396","193048","191002","192010","8000","1","8000","0","8000","1","1","1","IAT1307190940","NHO2018000007","PAID","","193048"),
("IATT190001395","193054","191002","192010","20000","1","20000","0","20000","1","1","2","IAT1307190940","NHO2018000007","PAID","","193054"),
("IATT190001396","193028","191001","192003","43000","1","43000","0","43000","1","1","2","IAT1307190940","NHO2018000007","PAID","","193028"),
("IATT190001395","193078","191001","192001","30000","1","30000","0","30000","1","1","3","IAT1307190940","NHO2018000007","PAID","","PEDAS"),
("IATT190001396","193052","191002","192010","20000","1","20000","0","20000","1","1","3","IAT1307190940","NHO2018000007","PAID","","193052"),
("IATT190001395","193049","191002","192010","10000","1","10000","0","10000","1","1","4","IAT1307190940","NHO2018000007","PAID","","193049"),
("IATT190001397","193082","191001","192001","30000","1","30000","0","30000","1","1","1","IAT1307190940","NHO2018000007","PAID","","193082"),
("IATT190001397","193044","191001","192008","25000","1","25000","0","25000","1","1","1","IAT1307190940","NHO2018000007","PAID","","193044"),
("IATT190001397","193085","191001","192001","30000","1","30000","0","30000","1","1","1","IAT1307190940","NHO2018000007","PAID","","193085"),
("IATT190001397","193048","191002","192010","8000","1","8000","0","8000","1","1","1","IAT1307190940","NHO2018000007","PAID","","193048"),
("IATT190001397","193055","191002","192010","17000","1","17000","0","17000","1","1","1","IAT1307190940","NHO2018000007","PAID","","193055"),
("IATT190001397","193053","191002","192010","20000","1","20000","0","20000","1","1","1","IAT1307190940","NHO2018000007","PAID","","193053"),
("IATT190001398","193022","191001","192003","30000","1","30000","0","30000","1","1","1","IAT1307190940","NHO2018000007","PAID","","193022"),
("IATT190001398","193033","191001","192005","42000","1","42000","0","42000","1","1","1","IAT1307190940","NHO2018000007","PAID","","193033"),
("IATT190001398","193047","191002","192010","8000","1","8000","0","8000","1","1","1","IAT1307190940","NHO2018000007","PAID","","193047"),
("IATT190001398","193054","191002","192010","20000","1","20000","0","20000","1","1","1","IAT1307190940","NHO2018000007","PAID","","193054"),
("IATT190001399","193009","191001","192001","40000","1","40000","0","40000","1","1","1","IAT1307190940","NHO2018000007","PAID","","193009"),
("IATT190001399","193084","191001","192001","30000","1","30000","0","30000","1","1","1","IAT1307190940","NHO2018000007","PAID","level 2","PEDAS"),
("IATT190001399","193070","191001","192012","13000","1","13000","0","13000","1","1","1","IAT1307190940","NHO2018000007","PAID","","193070"),
("IATT190001399","193054","191002","192010","20000","1","20000","0","20000","1","1","1","IAT1307190940","NHO2018000007","PAID","","193054"),
("IATT190001399","193046","191002","192010","8000","1","8000","0","8000","1","1","1","IAT1307190940","NHO2018000007","PAID","","193046"),
("IATT190001399","193056","191002","192010","17000","1","17000","0","17000","1","1","1","IAT1307190940","NHO2018000007","PAID","","193056");



INSERT INTO pos_salestemp VALUES("IATT190001366","","2","83000","0","8300","0","91300","91300","13/07/2019","10:57","2019-07-13","11:41:06","ISU000012","tbl0012","CLOSED","1","","IATR190001325","","","","","IAT1307190940","NHO2018000007"),
("IATT190001367","","2","98000","0","9800","0","107800","125000","13/07/2019","12:07","2019-07-13","12:35:54","ISU000012","tbl0010","CLOSED","1","","IATR190001326","","","","","IAT1307190940","NHO2018000007"),
("IATT190001368","","1","30000","0","3000","0","33000","34000","13/07/2019","12:24","2019-07-13","12:49:30","ISU000012","tbl0005, tbl0012","CLOSED","1","","IATR190001327","","","","","IAT1307190940","NHO2018000007"),
("IATT190001369","","2","108000","0","10800","0","118800","125000","13/07/2019","12:27","2019-07-13","13:01:58","ISU000012","tbl0012","CLOSED","1","","IATR190001328","","","","","IAT1307190940","NHO2018000007"),
("IATT190001370","","2","115000","0","11500","0","126500","127000","13/07/2019","12:52","2019-07-13","13:30:35","ISU000012","tbl0010","CLOSED","1","","IATR190001330","","","","","IAT1307190940","NHO2018000007"),
("IATT190001371","","2","54000","0","5400","0","59400","59400","13/07/2019","13:02","2019-07-13","13:26:56","ISU000012","tbl0011","CLOSED","1","","IATR190001329","","","","","IAT1307190940","NHO2018000007"),
("IATT190001372","","2","87000","0","8700","0","95700","100000","13/07/2019","13:37","2019-07-13","14:09:59","ISU000012","tbl0012","CLOSED","1","","IATR190001331","","","","","IAT1307190940","NHO2018000007"),
("IATT190001373","","2","138000","0","13800","0","151800","151800","13/07/2019","14:02","2019-07-13","14:45:34","ISU000012","tbl0011","CLOSED","1","","IATR190001332","","","","","IAT1307190940","NHO2018000007"),
("IATT190001374","","2","294000","0","29400","0","323400","324000","13/07/2019","14:32","2019-07-13","15:49:24","ISU000012","tbl0010","CLOSED","1","","IATR190001334","","","","","IAT1307190940","NHO2018000007"),
("IATT190001375","","1","47000","0","4700","0","51700","102000","13/07/2019","15:09","2019-07-13","15:39:44","ISU000012","tbl0012","CLOSED","1","","IATR190001333","","","","","IAT1307190940","NHO2018000007"),
("IATT190001376","","4","165000","0","16500","0","181500","181500","13/07/2019","15:21","2019-07-13","16:17:06","ISU000012","tbl0011","CLOSED","1","","IATR190001335","","","","","IAT1307190940","NHO2018000007"),
("IATT190001377","","2","100000","0","10000","0","110000","130000","13/07/2019","15:30","2019-07-13","16:39:02","ISU000012","tbl0019","CLOSED","1","","IATR190001338","","","","","IAT1307190940","NHO2018000007"),
("IATT190001378","","2","83000","0","8300","0","91300","91300","13/07/2019","15:32","2019-07-13","16:30:34","ISU000012","tbl0013","CLOSED","1","","IATR190001336","","","","","IAT1307190940","NHO2018000007"),
("IATT190001379","","2","100000","0","10000","0","110000","125000","13/07/2019","15:57","2019-07-13","17:10:28","ISU000012","tbl0010","CLOSED","1","","IATR190001340","","","","","IAT1307190940","NHO2018000007"),
("IATT190001380","","3","100000","0","10000","0","110000","125000","13/07/2019","15:58","2019-07-13","16:31:21","ISU000012","tbl0012","CLOSED","1","","IATR190001337","","","","","IAT1307190940","NHO2018000007"),
("IATT190001381","","2","94000","0","9400","0","103400","125400","13/07/2019","16:34","2019-07-13","17:05:25","ISU000012","tbl0011","CLOSED","1","","IATR190001339","","","","","IAT1307190940","NHO2018000007"),
("IATT190001382","","2","73000","0","7300","0","80300","100000","13/07/2019","16:46","2019-07-13","17:22:28","ISU000012","tbl0012","CLOSED","1","","IATR190001341","","","","","IAT1307190940","NHO2018000007"),
("IATT190001383","","2","115000","0","11500","0","126500","126500","13/07/2019","17:02","2019-07-13","18:10:24","ISU000012","tbl0011","CLOSED","1","","IATR190001342","","","","","IAT1307190940","NHO2018000007"),
("IATT190001384","","2","114000","29400","8460","0","93060","100000","13/07/2019","17:33","2019-07-13","18:18:50","ISU000012","tbl0010","CLOSED","1","","IATR190001343","","","","","IAT1307190940","NHO2018000007"),
("IATT190001385","","2","114000","29400","8460","0","93060","100000","13/07/2019","17:34","2019-07-13","18:20:42","ISU000012","tbl0040","CLOSED","1","","IATR190001344","","","","","IAT1307190940","NHO2018000007"),
("IATT190001386","","1","30000","0","3000","0","33000","50000","13/07/2019","18:07","2019-07-13","18:33:42","ISU000012","tbl0012","CLOSED","1","","IATR190001345","","","","","IAT1307190940","NHO2018000007"),
("IATT190001387","","2","63000","0","6300","0","69300","69300","13/07/2019","18:57","2019-07-13","19:34:13","ISU000012","tbl0012","CLOSED","1","","IATR190001346","","","","","IAT1307190940","NHO2018000007"),
("IATT190001388","","1","47000","0","4700","0","51700","60000","13/07/2019","18:58","2019-07-13","19:37:49","ISU000012","tbl0009","CLOSED","1","","IATR190001347","","","","","IAT1307190940","NHO2018000007"),
("IATT190001389","","2","110000","0","11000","0","121000","125000","13/07/2019","19:02","2019-07-13","19:40:45","ISU000012","tbl0011","CLOSED","1","","IATR190001349","","","","","IAT1307190940","NHO2018000007"),
("IATT190001390","","3","154000","0","15400","0","169400","200000","13/07/2019","19:07","2019-07-13","19:39:04","ISU000012","tbl0021","CLOSED","1","","IATR190001348","","","","","IAT1307190940","NHO2018000007"),
("IATT190001391","","2","127000","0","12700","0","139700","140000","13/07/2019","19:12","2019-07-13","19:53:58","ISU000012","tbl0010","CLOSED","1","","IATR190001351","","","","","IAT1307190940","NHO2018000007"),
("IATT190001392","","2","98000","0","9800","0","107800","125000","13/07/2019","19:19","2019-07-13","19:52:17","ISU000012","tbl0005","CLOSED","1","","IATR190001350","","","","","IAT1307190940","NHO2018000007"),
("IATT190001393","","2","100000","0","10000","0","110000","110000","13/07/2019","19:27","2019-07-13","20:32:27","ISU000012","tbl0019","CLOSED","1","","IATR190001355","","","","","IAT1307190940","NHO2018000007"),
("IATT190001394","","4","117000","0","11700","0","128700","128700","13/07/2019","19:29","2019-07-13","20:25:54","ISU000012","tbl0013","CLOSED","1","","IATR190001352","","","","","IAT1307190940","NHO2018000007"),
("IATT190001395","","2","117000","0","11700","0","128700","128700","13/07/2019","19:34","2019-07-13","20:30:36","ISU000012","tbl0022","CLOSED","1","","IATR190001354","","","","","IAT1307190940","NHO2018000007"),
("IATT190001396","","3","204000","0","20400","0","224400","224400","13/07/2019","19:45","2019-07-13","20:28:55","ISU000012","tbl0012","CLOSED","1","","IATR190001353","","","","","IAT1307190940","NHO2018000007"),
("IATT190001397","","2","130000","0","13000","0","143000","143000","13/07/2019","20:23","2019-07-13","21:09:48","ISU000012","tbl0011","CLOSED","1","","IATR190001356","","","","","IAT1307190940","NHO2018000007"),
("IATT190001398","","2","100000","0","10000","0","110000","110000","13/07/2019","20:40","2019-07-13","21:26:36","ISU000012","tbl0015","CLOSED","1","","IATR190001357","","","","","IAT1307190940","NHO2018000007"),
("IATT190001399","","2","128000","0","12800","0","140800","141000","13/07/2019","20:53","2019-07-13","21:31:51","ISU000012","tbl0010","CLOSED","1","","IATR190001358","","","","","IAT1307190940","NHO2018000007");






INSERT INTO pos_promotion_h VALUES("IATT190001384","NPRM18000008","DISC ITEM","1","29400","eatigo 30%","IAT1307190940","PAID","NHO2018000007"),
("IATT190001385","NPRM18000008","DISC ITEM","1","29400","eatigo 30%","IAT1307190940","PAID","NHO2018000007");



INSERT INTO pos_promotion_d VALUES("IATT190001384","NPRM18000008","DISC ITEM","1","1","193021","1","12000","IAT1307190940","PAID","NHO2018000007"),
("IATT190001384","NPRM18000008","DISC ITEM","1","1","193011","1","12000","IAT1307190940","PAID","NHO2018000007"),
("IATT190001384","NPRM18000008","DISC ITEM","1","1","193071","1","5400","IAT1307190940","PAID","NHO2018000007"),
("IATT190001385","NPRM18000008","DISC ITEM","1","1","193012","1","12000","IAT1307190940","PAID","NHO2018000007"),
("IATT190001385","NPRM18000008","DISC ITEM","1","1","193011","1","12000","IAT1307190940","PAID","NHO2018000007"),
("IATT190001385","NPRM18000008","DISC ITEM","1","1","193071","1","5400","IAT1307190940","PAID","NHO2018000007");



INSERT INTO pos_paymenttemp VALUES("IATT190001366","CARD","VISA","91300","91300","ISU000012","2019-07-13","","1","","CLOSED","IAT1307190940","NHO2018000007"),
("IATT190001367","VOUCHER","ISOIDE VOUCHER 25K","25000","25000","ISU000012","2019-07-13","","1","","CLOSED","IAT1307190940","NHO2018000007"),
("IATT190001367","CASH","CASH","82800","100000","ISU000012","2019-07-13","","1","","CLOSED","IAT1307190940","NHO2018000007"),
("IATT190001368","CASH","CASH","33000","34000","ISU000012","2019-07-13","","1","","CLOSED","IAT1307190940","NHO2018000007"),
("IATT190001369","VOUCHER","ISOIDE VOUCHER 25K","25000","25000","ISU000012","2019-07-13","","1","","CLOSED","IAT1307190940","NHO2018000007"),
("IATT190001369","CASH","CASH","93800","100000","ISU000012","2019-07-13","","1","","CLOSED","IAT1307190940","NHO2018000007"),
("IATT190001371","CASH","CASH","59400","59400","ISU000012","2019-07-13","","1","","CLOSED","IAT1307190940","NHO2018000007"),
("IATT190001370","VOUCHER","ISOIDE VOUCHER 25K","25000","25000","ISU000012","2019-07-13","","1","","CLOSED","IAT1307190940","NHO2018000007"),
("IATT190001370","CASH","CASH","101500","102000","ISU000012","2019-07-13","","1","","CLOSED","IAT1307190940","NHO2018000007"),
("IATT190001372","CASH","CASH","95700","100000","ISU000012","2019-07-13","","1","","CLOSED","IAT1307190940","NHO2018000007"),
("IATT190001373","VOUCHER","ISOIDE VOUCHER 25K","25000","25000","ISU000012","2019-07-13","","1","","CLOSED","IAT1307190940","NHO2018000007"),
("IATT190001373","CARD","DEBIT BCA","126800","126800","ISU000012","2019-07-13","","1","","CLOSED","IAT1307190940","NHO2018000007"),
("IATT190001375","CASH","CASH","51700","102000","ISU000012","2019-07-13","","1","","CLOSED","IAT1307190940","NHO2018000007"),
("IATT190001374","VOUCHER","TRAVELOKA EATS 100K","100000","100000","ISU000012","2019-07-13","","1","","CLOSED","IAT1307190940","NHO2018000007"),
("IATT190001374","VOUCHER","TRAVELOKA EATS 100K","100000","100000","ISU000012","2019-07-13","","1","","CLOSED","IAT1307190940","NHO2018000007"),
("IATT190001374","VOUCHER","TRAVELOKA EATS 100K","100000","100000","ISU000012","2019-07-13","","1","","CLOSED","IAT1307190940","NHO2018000007"),
("IATT190001374","CASH","CASH","23400","24000","ISU000012","2019-07-13","","1","","CLOSED","IAT1307190940","NHO2018000007"),
("IATT190001376","VOUCHER","ISOIDE VOUCHER 25K","25000","25000","ISU000012","2019-07-13","","1","","CLOSED","IAT1307190940","NHO2018000007"),
("IATT190001376","CARD","MASTER","156500","156500","ISU000012","2019-07-13","","1","","CLOSED","IAT1307190940","NHO2018000007"),
("IATT190001378","CARD","DEBIT BCA","91300","91300","ISU000012","2019-07-13","","1","","CLOSED","IAT1307190940","NHO2018000007"),
("IATT190001380","VOUCHER","ISOIDE VOUCHER 25K","25000","25000","ISU000012","2019-07-13","","1","","CLOSED","IAT1307190940","NHO2018000007"),
("IATT190001380","CASH","CASH","85000","100000","ISU000012","2019-07-13","","1","","CLOSED","IAT1307190940","NHO2018000007"),
("IATT190001377","VOUCHER","ISOIDE VOUCHER 25K","25000","25000","ISU000012","2019-07-13","","1","","CLOSED","IAT1307190940","NHO2018000007"),
("IATT190001377","CASH","CASH","85000","105000","ISU000012","2019-07-13","","1","","CLOSED","IAT1307190940","NHO2018000007"),
("IATT190001381","VOUCHER","ISOIDE VOUCHER 25K","25000","25000","ISU000012","2019-07-13","","1","","CLOSED","IAT1307190940","NHO2018000007"),
("IATT190001381","CASH","CASH","78400","100400","ISU000012","2019-07-13","","1","","CLOSED","IAT1307190940","NHO2018000007"),
("IATT190001379","VOUCHER","ISOIDE VOUCHER 25K","25000","25000","ISU000012","2019-07-13","","1","","CLOSED","IAT1307190940","NHO2018000007"),
("IATT190001379","CASH","CASH","85000","100000","ISU000012","2019-07-13","","1","","CLOSED","IAT1307190940","NHO2018000007"),
("IATT190001382","CASH","CASH","80300","100000","ISU000012","2019-07-13","","1","","CLOSED","IAT1307190940","NHO2018000007"),
("IATT190001383","VOUCHER","ISOIDE VOUCHER 25K","25000","25000","ISU000012","2019-07-13","","1","","CLOSED","IAT1307190940","NHO2018000007"),
("IATT190001383","CARD","MASTER","101500","101500","ISU000012","2019-07-13","","1","","CLOSED","IAT1307190940","NHO2018000007"),
("IATT190001384","VOUCHER","VOUCHER EATIGO 100K","100000","100000","ISU000012","2019-07-13","","1","","CLOSED","IAT1307190940","NHO2018000007"),
("IATT190001385","VOUCHER","VOUCHER EATIGO 100K","100000","100000","ISU000012","2019-07-13","","1","","CLOSED","IAT1307190940","NHO2018000007"),
("IATT190001386","CASH","CASH","33000","50000","ISU000012","2019-07-13","","1","","CLOSED","IAT1307190940","NHO2018000007"),
("IATT190001387","CARD","DEBIT BCA","69300","69300","ISU000012","2019-07-13","","1","","CLOSED","IAT1307190940","NHO2018000007"),
("IATT190001388","CASH","CASH","51700","60000","ISU000012","2019-07-13","","1","","CLOSED","IAT1307190940","NHO2018000007"),
("IATT190001390","CASH","CASH","169400","200000","ISU000012","2019-07-13","","1","","CLOSED","IAT1307190940","NHO2018000007"),
("IATT190001389","VOUCHER","ISOIDE VOUCHER 25K","25000","25000","ISU000012","2019-07-13","","1","","CLOSED","IAT1307190940","NHO2018000007"),
("IATT190001389","CASH","CASH","96000","100000","ISU000012","2019-07-13","","1","","CLOSED","IAT1307190940","NHO2018000007"),
("IATT190001392","VOUCHER","ISOIDE VOUCHER 25K","25000","25000","ISU000012","2019-07-13","","1","","CLOSED","IAT1307190940","NHO2018000007"),
("IATT190001392","CASH","CASH","82800","100000","ISU000012","2019-07-13","","1","","CLOSED","IAT1307190940","NHO2018000007"),
("IATT190001391","VOUCHER","ISOIDE VOUCHER 25K","25000","25000","ISU000012","2019-07-13","","1","","CLOSED","IAT1307190940","NHO2018000007"),
("IATT190001391","CASH","CASH","114700","115000","ISU000012","2019-07-13","","1","","CLOSED","IAT1307190940","NHO2018000007"),
("IATT190001394","VOUCHER","ISOIDE VOUCHER 25K","25000","25000","ISU000012","2019-07-13","","1","","CLOSED","IAT1307190940","NHO2018000007"),
("IATT190001394","CARD","DEBIT BCA","103700","103700","ISU000012","2019-07-13","","1","","CLOSED","IAT1307190940","NHO2018000007"),
("IATT190001396","VOUCHER","ISOIDE VOUCHER 25K","25000","25000","ISU000012","2019-07-13","","1","","CLOSED","IAT1307190940","NHO2018000007"),
("IATT190001396","CARD","MASTER","199400","199400","ISU000012","2019-07-13","","1","","CLOSED","IAT1307190940","NHO2018000007"),
("IATT190001395","VOUCHER","ISOIDE VOUCHER 25K","25000","25000","ISU000012","2019-07-13","","1","","CLOSED","IAT1307190940","NHO2018000007"),
("IATT190001395","CARD","DEBIT BCA","103700","103700","ISU000012","2019-07-13","","1","","CLOSED","IAT1307190940","NHO2018000007"),
("IATT190001393","VOUCHER","ISOIDE VOUCHER 25K","25000","25000","ISU000012","2019-07-13","","1","","CLOSED","IAT1307190940","NHO2018000007"),
("IATT190001393","CARD","VISA","85000","85000","ISU000012","2019-07-13","","1","","CLOSED","IAT1307190940","NHO2018000007"),
("IATT190001397","VOUCHER","ISOIDE VOUCHER 25K","25000","25000","ISU000012","2019-07-13","","1","","CLOSED","IAT1307190940","NHO2018000007"),
("IATT190001397","CARD","VISA","118000","118000","ISU000012","2019-07-13","","1","","CLOSED","IAT1307190940","NHO2018000007"),
("IATT190001398","CARD","DEBIT BCA","110000","110000","ISU000012","2019-07-13","","1","","CLOSED","IAT1307190940","NHO2018000007"),
("IATT190001399","VOUCHER","ISOIDE VOUCHER 25K","25000","25000","ISU000012","2019-07-13","","1","","CLOSED","IAT1307190940","NHO2018000007"),
("IATT190001399","CASH","CASH","115800","116000","ISU000012","2019-07-13","","1","","CLOSED","IAT1307190940","NHO2018000007");



