INSERT INTO pos_itemtemp VALUES("IATT200004841","193035","191001","192006","32000","1","32000","0","32000","1","1","1","IAT1801201000","NHO2018000007","PAID","","ORIGINAL"),
("IATT200004841","193046","191002","192010","10000","1","10000","0","10000","1","1","1","IAT1801201000","NHO2018000007","PAID","","193046"),
("IATT200004841","193030","191001","192004","27000","1","27000","0","27000","1","1","2","IAT1801201000","NHO2018000007","PAID","","193030"),
("IATT200004841","193027","191001","192003","43000","1","43000","0","43000","1","1","2","IAT1801201000","NHO2018000007","PAID","","193027"),
("IATT200004841","193048","191002","192010","8000","1","8000","0","8000","1","1","2","IAT1801201000","NHO2018000007","PAID","","193048"),
("IATT200004841","193048","191002","192010","8000","1","8000","0","8000","2","1","2","IAT1801201000","NHO2018000007","PAID","","193048"),
("IATT200004841","193096","191001","192008","50000","1","50000","0","50000","1","1","3","IAT1801201000","NHO2018000007","PAID","","193096"),
("IATT200004841","193046","191002","192010","10000","1","10000","0","10000","2","1","3","IAT1801201000","NHO2018000007","PAID","","193046"),
("IATT200004841","193096","191001","192008","50000","1","50000","0","50000","2","1","4","IAT1801201000","NHO2018000007","PAID","","193096"),
("IATT200004841","193027","191001","192003","43000","1","43000","0","43000","2","1","4","IAT1801201000","NHO2018000007","PAID","","193027"),
("IATT200004841","193046","191002","192010","10000","1","10000","0","10000","3","1","4","IAT1801201000","NHO2018000007","PAID","","193046"),
("IATT200004841","193046","191002","192010","10000","1","10000","0","10000","4","1","4","IAT1801201000","NHO2018000007","PAID","","193046"),
("IATT200004841","193046","191002","192010","10000","1","10000","0","10000","5","1","5","IAT1801201000","NHO2018000007","PAID","","193046"),
("IATT200004841","193046","191002","192010","10000","1","10000","0","10000","6","1","5","IAT1801201000","NHO2018000007","PAID","","193046"),
("IATT200004843","193084","191001","192001","30000","1","30000","0","30000","1","1","1","IAT1801201000","NHO2018000007","PAID"," SAMBAL PISAH","PEDAS"),
("IATT200004843","193086","191001","192002","33000","1","33000","0","33000","1","1","1","IAT1801201000","NHO2018000007","PAID","PEDES SEDENG","ORIGINAL"),
("IATT200004843","193113","191001","192003","55000","1","55000","0","55000","1","1","1","IAT1801201000","NHO2018000007","PAID","","193113"),
("IATT200004843","193052","191002","192010","20000","1","20000","0","20000","1","1","1","IAT1801201000","NHO2018000007","PAID","","193052"),
("IATT200004843","193054","191002","192010","20000","1","20000","0","20000","1","1","1","IAT1801201000","NHO2018000007","PAID","","193054"),
("IATT200004843","193055","191002","192010","17000","1","17000","0","17000","1","1","1","IAT1801201000","NHO2018000007","PAID","","193055"),
("IATT200004844","193085","191001","192001","30000","1","30000","0","30000","1","1","1","IAT1801201000","NHO2018000007","PAID","","193085"),
("IATT200004844","193032","191001","192004","30000","1","30000","0","30000","1","1","1","IAT1801201000","NHO2018000007","PAID","","193032"),
("IATT200004844","193055","191002","192010","17000","1","17000","0","17000","1","1","1","IAT1801201000","NHO2018000007","PAID","","193055"),
("IATT200004844","193055","191002","192010","17000","1","17000","0","17000","2","1","1","IAT1801201000","NHO2018000007","PAID","","193055"),
("IATT200004844","193049","191002","192010","10000","1","10000","0","10000","1","1","1","IAT1801201000","NHO2018000007","PAID","","193049"),
("IATT200004844","193024","191001","192003","30000","1","30000","0","30000","1","1","2","IAT1801201000","NHO2018000007","PAID","","193024"),
("IATT200004845","193096","191001","192008","50000","1","50000","0","50000","1","1","1","IAT1801201000","NHO2018000007","PAID","PDS","193096"),
("IATT200004845","193024","191001","192003","30000","1","30000","0","30000","1","1","1","IAT1801201000","NHO2018000007","PAID","","193024"),
("IATT200004845","193009","191001","192001","40000","1","40000","0","40000","1","1","1","IAT1801201000","NHO2018000007","PAID","","193009"),
("IATT200004845","193022","191001","192003","30000","1","30000","0","30000","1","1","2","IAT1801201000","NHO2018000007","PAID","","193022"),
("IATT200004846","193085","191001","192001","30000","1","30000","0","30000","1","1","1","IAT1801201000","NHO2018000007","PAID","","193085"),
("IATT200004846","193033","191001","192005","42000","1","42000","0","42000","1","1","1","IAT1801201000","NHO2018000007","PAID","","193033"),
("IATT200004846","193082","191001","192001","30000","1","30000","0","30000","1","1","1","IAT1801201000","NHO2018000007","PAID","","193082"),
("IATT200004846","193047","191002","192010","10000","1","10000","0","10000","1","1","1","IAT1801201000","NHO2018000007","PAID","","193047"),
("IATT200004846","193046","191002","192010","10000","1","10000","0","10000","1","1","1","IAT1801201000","NHO2018000007","PAID","","193046"),
("IATT200004847","193028","191001","192003","43000","1","43000","0","43000","1","1","1","IAT1801201000","NHO2018000007","PAID","","193028"),
("IATT200004847","193011","191001","192001","40000","1","40000","0","40000","1","1","1","IAT1801201000","NHO2018000007","PAID","LEVEL3 ","PEDAS"),
("IATT200004847","193048","191002","192010","8000","1","8000","0","8000","1","1","1","IAT1801201000","NHO2018000007","PAID","","193048"),
("IATT200004847","193048","191002","192010","8000","1","8000","0","8000","2","1","1","IAT1801201000","NHO2018000007","PAID","","193048"),
("IATT200004848","193011","191001","192001","40000","1","40000","0","40000","2","1","1","IAT1801201000","NHO2018000007","PAID","LEVEL 3","PEDAS"),
("IATT200004848","193007","191001","192001","37000","1","37000","0","37000","1","1","1","IAT1801201000","NHO2018000007","PAID","","PEDAS"),
("IATT200004848","193056","191002","192010","17000","1","17000","0","17000","1","1","1","IAT1801201000","NHO2018000007","PAID","","193056"),
("IATT200004848","193056","191002","192010","17000","1","17000","0","17000","2","1","1","IAT1801201000","NHO2018000007","PAID","","193056"),
("IATT200004849","193084","191001","192001","30000","1","30000","3000","27000","1","1","1","IAT1801201000","NHO2018000007","PAID","","PEDAS"),
("IATT200004849","193055","191002","192010","17000","1","17000","1700","15300","1","1","1","IAT1801201000","NHO2018000007","PAID","","193055"),
("IATT200004850","193022","191001","192003","30000","1","30000","0","30000","1","1","1","IAT1801201000","NHO2018000007","PAID","","193022"),
("IATT200004850","193113","191001","192003","55000","1","55000","0","55000","1","1","1","IAT1801201000","NHO2018000007","PAID","","193113"),
("IATT200004850","193049","191002","192010","10000","1","10000","0","10000","1","1","1","IAT1801201000","NHO2018000007","PAID","","193049"),
("IATT200004850","193046","191002","192010","10000","1","10000","0","10000","1","1","1","IAT1801201000","NHO2018000007","PAID","","193046"),
("IATT200004851","193096","191001","192008","50000","1","50000","0","50000","1","1","1","IAT1801201000","NHO2018000007","PAID","PEDES","193096"),
("IATT200004852","193036","191001","192006","36000","1","36000","0","36000","1","1","1","IAT1801201000","NHO2018000007","PAID","PEDES SEDENG","PEDAS"),
("IATT200004853","193027","191001","192003","43000","1","43000","0","43000","1","1","1","IAT1801201000","NHO2018000007","PAID","","193027"),
("IATT200004853","193020","191001","192002","40000","1","40000","0","40000","1","1","1","IAT1801201000","NHO2018000007","PAID","","193020"),
("IATT200004853","193052","191002","192010","20000","1","20000","0","20000","1","1","1","IAT1801201000","NHO2018000007","PAID","","193052"),
("IATT200004853","193046","191002","192010","10000","1","10000","0","10000","1","1","1","IAT1801201000","NHO2018000007","PAID","","193046"),
("IATT200004853","193048","191002","192010","8000","1","8000","0","8000","1","1","1","IAT1801201000","NHO2018000007","PAID","","193048"),
("IATT200004853","193048","191002","192010","8000","1","8000","0","8000","2","1","1","IAT1801201000","NHO2018000007","PAID","","193048"),
("IATT200004854","193032","191001","192004","30000","1","30000","0","30000","1","1","1","IAT1801201000","NHO2018000007","PAID","","193032"),
("IATT200004854","193048","191002","192010","8000","1","8000","0","8000","1","1","1","IAT1801201000","NHO2018000007","PAID","","193048"),
("IATT200004855","193036","191001","192006","36000","1","36000","0","36000","1","1","1","IAT1801201000","NHO2018000007","PAID","SEDENG","PEDAS"),
("IATT200004855","193085","191001","192001","30000","1","30000","0","30000","1","1","1","IAT1801201000","NHO2018000007","PAID","","193085"),
("IATT200004855","193048","191002","192010","8000","1","8000","0","8000","1","1","1","IAT1801201000","NHO2018000007","PAID","","193048"),
("IATT200004855","193048","191002","192010","8000","1","8000","0","8000","2","1","1","IAT1801201000","NHO2018000007","PAID","","193048"),
("IATT200004855","193052","191002","192010","20000","1","20000","0","20000","1","1","1","IAT1801201000","NHO2018000007","PAID","","193052"),
("IATT200004855","193055","191002","192010","17000","1","17000","0","17000","1","1","1","IAT1801201000","NHO2018000007","PAID","","193055"),
("IATT200004856","193142","191001","192015","40000","1","40000","0","40000","1","1","1","IAT1801201000","NHO2018000007","PAID","","ORIGINAL"),
("IATT200004857","193036","191001","192006","36000","1","36000","0","36000","1","1","1","IAT1801201000","NHO2018000007","PAID","","ORIGINAL");



INSERT INTO pos_salestemp VALUES("IATT200004841","","1","321000","0","32100","0","353100","354000","18/01/2020","10:04","2020-01-18","12:13:59","ISU000004","tbl0012","CLOSED","1","","IATR200004709","","","","","IAT1801201000","NHO2018000007"),
("IATT200004842","","2","0","0","0","0","0","0","18/01/2020","13:10","18/01/2020","13:10:48","ISU000004","tbl0012","CANCELED","1","PERMINTAAN CUSTOMER","","","","","","IAT1801201000","NHO2018000007"),
("IATT200004843","","4","175000","0","17500","0","192500","200000","18/01/2020","13:10","2020-01-18","14:06:40","ISU000006","tbl0012","CLOSED","1","","IATR200004710","","","","","IAT1801201000","NHO2018000007"),
("IATT200004844","","3","134000","0","13400","0","147400","150000","18/01/2020","13:42","2020-01-18","14:52:19","ISU000006","tbl0010","CLOSED","1","","IATR200004711","","","","","IAT1801201000","NHO2018000007"),
("IATT200004845","","3","150000","0","15000","0","165000","170000","18/01/2020","14:00","2020-01-18","15:37:27","ISU000006","tbl0050","CLOSED","1","","IATR200004715","","","","","IAT1801201000","NHO2018000007"),
("IATT200004846","","3","122000","0","12200","0","134200","150000","18/01/2020","14:18","2020-01-18","14:58:52","ISU000006","tbl0011","CLOSED","1","","IATR200004712","","","","","IAT1801201000","NHO2018000007"),
("IATT200004847","","2","99000","0","9900","0","108900","108900","18/01/2020","14:30","2020-01-18","15:04:44","ISU000006","tbl0012","CLOSED","1","","IATR200004713","","","","","IAT1801201000","NHO2018000007"),
("IATT200004848","","2","111000","0","11100","0","122100","200000","18/01/2020","14:46","2020-01-18","15:33:34","ISU000006","tbl0022","CLOSED","1","","IATR200004714","","","","","IAT1801201000","NHO2018000007"),
("IATT200004849","","1","47000","4700","4230","0","46530","50000","18/01/2020","16:53","2020-01-18","17:08:59","ISU000006","tbl0011","CLOSED","1","","IATR200004717","","","","","IAT1801201000","NHO2018000007"),
("IATT200004850","","2","105000","0","10500","0","115500","115500","18/01/2020","16:54","2020-01-18","17:32:56","ISU000006","tbl0010","CLOSED","1","","IATR200004719","","","","","IAT1801201000","NHO2018000007"),
("IATT200004851","","1","50000","0","5000","0","55000","55000","18/01/2020","17:05","2020-01-18","17:06:23","ISU000006","tbl0001","CLOSED","1","","IATR200004716","","","","","IAT1801201000","NHO2018000007"),
("IATT200004852","","1","36000","0","3600","0","39600","40000","18/01/2020","17:10","2020-01-18","17:13:35","ISU000006","tbl0050","CLOSED","1","","IATR200004718","","","","","IAT1801201000","NHO2018000007"),
("IATT200004853","","2","129000","0","12900","0","141900","150000","18/01/2020","17:25","2020-01-18","17:52:00","ISU000006","tbl0012","CLOSED","1","","IATR200004720","","","","","IAT1801201000","NHO2018000007"),
("IATT200004854","","1","38000","0","3800","0","41800","100000","18/01/2020","17:29","2020-01-18","18:06:49","ISU000006","tbl0011","CLOSED","1","","IATR200004721","","","","","IAT1801201000","NHO2018000007"),
("IATT200004855","","2","119000","0","11900","0","130900","130900","18/01/2020","19:04","2020-01-18","19:36:21","ISU000006","tbl0012","CLOSED","1","","IATR200004722","","","","","IAT1801201000","NHO2018000007"),
("IATT200004856","","1","40000","0","4000","0","44000","44000","18/01/2020","19:38","2020-01-18","19:40:49","ISU000006","tbl0005","CLOSED","1","","IATR200004723","","","","","IAT1801201000","NHO2018000007"),
("IATT200004857","","1","36000","0","3600","0","39600","50000","18/01/2020","20:10","2020-01-18","20:11:37","ISU000006","tbl0007","CLOSED","1","","IATR200004724","","","","","IAT1801201000","NHO2018000007"),
("IATT200004858","","1","93000","0","0","0","0","0","18/01/2020","20:12","18/01/2020","20:13:36","ISU000006","tbl0018","CANCELED","1","PERMINTAAN CUSTOMER","","","","","","IAT1801201000","NHO2018000007");



INSERT INTO item_void VALUES("IATT200004844","IAT1801201000","NHO2018000007","193022","193022","1","30000","Before Send","Komplen Customer");



INSERT INTO pos_promotion_h VALUES("IATT200004849","NPRM18000019","DISC ALL","1","4700","CRM DISC 10%","IAT1801201000","PAID","NHO2018000007");



INSERT INTO pos_promotion_d VALUES("IATT200004849","NPRM18000019","DISC ALL","1","1","193084","1","3000","IAT1801201000","PAID","NHO2018000007"),
("IATT200004849","NPRM18000019","DISC ALL","1","1","193055","1","1700","IAT1801201000","PAID","NHO2018000007");



INSERT INTO pos_paymenttemp VALUES("IATT200004841","CASH","CASH","353100","354000","ISU000004","2020-01-18","","1","","CLOSED","IAT1801201000","NHO2018000007"),
("IATT200004843","CASH","CASH","192500","200000","ISU000006","2020-01-18","","1","","CLOSED","IAT1801201000","NHO2018000007"),
("IATT200004844","CASH","CASH","147400","150000","ISU000006","2020-01-18","","1","","CLOSED","IAT1801201000","NHO2018000007"),
("IATT200004846","CASH","CASH","134200","150000","ISU000006","2020-01-18","","1","","CLOSED","IAT1801201000","NHO2018000007"),
("IATT200004847","CASH","OVO","108900","108900","ISU000006","2020-01-18","","1","","CLOSED","IAT1801201000","NHO2018000007"),
("IATT200004848","CASH","CASH","122100","200000","ISU000006","2020-01-18","","1","","CLOSED","IAT1801201000","NHO2018000007"),
("IATT200004845","VOUCHER","ISOIDE VOUCHER 50K","50000","50000","ISU000006","2020-01-18","","1","","CLOSED","IAT1801201000","NHO2018000007"),
("IATT200004845","VOUCHER","ISOIDE VOUCHER 50K","50000","50000","ISU000006","2020-01-18","","1","","CLOSED","IAT1801201000","NHO2018000007"),
("IATT200004845","VOUCHER","ISOIDE VOUCHER 50K","50000","50000","ISU000006","2020-01-18","","1","","CLOSED","IAT1801201000","NHO2018000007"),
("IATT200004845","CASH","CASH","15000","20000","ISU000006","2020-01-18","","1","","CLOSED","IAT1801201000","NHO2018000007"),
("IATT200004851","VOUCHER","ISOIDE VOUCHER 50K","50000","50000","ISU000006","2020-01-18","","1","","CLOSED","IAT1801201000","NHO2018000007"),
("IATT200004851","CASH","CASH","5000","5000","ISU000006","2020-01-18","","1","","CLOSED","IAT1801201000","NHO2018000007"),
("IATT200004849","CASH","CASH","46530","50000","ISU000006","2020-01-18","","1","","CLOSED","IAT1801201000","NHO2018000007"),
("IATT200004852","CASH","CASH","39600","40000","ISU000006","2020-01-18","","1","","CLOSED","IAT1801201000","NHO2018000007"),
("IATT200004850","CARD","VISA","115500","115500","ISU000006","2020-01-18","","1","","CLOSED","IAT1801201000","NHO2018000007"),
("IATT200004853","CASH","CASH","141900","150000","ISU000006","2020-01-18","","1","","CLOSED","IAT1801201000","NHO2018000007"),
("IATT200004854","CASH","CASH","41800","100000","ISU000006","2020-01-18","","1","","CLOSED","IAT1801201000","NHO2018000007"),
("IATT200004855","CARD","DEBIT BCA","130900","130900","ISU000006","2020-01-18","","1","","CLOSED","IAT1801201000","NHO2018000007"),
("IATT200004856","CASH","GOPAY","44000","44000","ISU000006","2020-01-18","","1","","CLOSED","IAT1801201000","NHO2018000007"),
("IATT200004857","VOUCHER","ISOIDE VOUCHER 50K","50000","50000","ISU000006","2020-01-18","","1","","CLOSED","IAT1801201000","NHO2018000007");



