INSERT INTO pos_itemtemp VALUES("IATT190001906","193084","191001","192001","30000","1","30000","7500","22500","1","1","1","IAT1108191007","NHO2018000007","PAID","","PEDAS"),
("IATT190001906","193084","191001","192001","30000","1","30000","7500","22500","2","1","1","IAT1108191007","NHO2018000007","PAID","","PEDAS"),
("IATT190001906","193084","191001","192001","30000","1","30000","7500","22500","3","1","1","IAT1108191007","NHO2018000007","PAID","","PEDAS"),
("IATT190001906","193056","191002","192010","17000","1","17000","0","17000","1","1","1","IAT1108191007","NHO2018000007","PAID","","193056"),
("IATT190001906","193055","191002","192010","17000","1","17000","0","17000","1","1","1","IAT1108191007","NHO2018000007","PAID","","193055"),
("IATT190001907","193011","191001","192001","40000","1","40000","10000","30000","1","1","1","IAT1108191007","NHO2018000007","PAID","lvl 2","PEDAS"),
("IATT190001907","193084","191001","192001","30000","1","30000","7500","22500","1","1","1","IAT1108191007","NHO2018000007","PAID","lvl 2\nlvl 3","PEDAS"),
("IATT190001907","193084","191001","192001","30000","1","30000","7500","22500","2","1","1","IAT1108191007","NHO2018000007","PAID","","PEDAS"),
("IATT190001907","193056","191002","192010","17000","1","17000","0","17000","1","1","1","IAT1108191007","NHO2018000007","PAID","","193056"),
("IATT190001907","193046","191002","192010","10000","1","10000","0","10000","1","1","1","IAT1108191007","NHO2018000007","PAID","","193046"),
("IATT190001907","193055","191002","192010","17000","1","17000","0","17000","1","1","1","IAT1108191007","NHO2018000007","PAID","","193055"),
("IATT190001909","193082","191001","192001","30000","1","30000","7500","22500","1","1","1","IAT1108191007","NHO2018000007","PAID","","193082"),
("IATT190001909","193021","191001","192002","40000","1","40000","10000","30000","1","1","1","IAT1108191007","NHO2018000007","PAID","","ORIGINAL"),
("IATT190001909","193024","191001","192003","30000","1","30000","7500","22500","1","1","1","IAT1108191007","NHO2018000007","PAID","","193024"),
("IATT190001909","193055","191002","192010","17000","1","17000","0","17000","1","1","1","IAT1108191007","NHO2018000007","PAID","","193055"),
("IATT190001909","193056","191002","192010","17000","1","17000","0","17000","1","1","1","IAT1108191007","NHO2018000007","PAID","","193056"),
("IATT190001909","193053","191002","192010","20000","1","20000","0","20000","1","1","1","IAT1108191007","NHO2018000007","PAID","","193053"),
("IATT190001909","193017","191001","192002","37000","1","37000","9250","27750","1","1","2","IAT1108191007","NHO2018000007","PAID","sekalian minjem mangkok kecil ya 2pcs\nthanks","193017"),
("IATT190001909","193046","191002","192010","10000","1","10000","0","10000","1","1","2","IAT1108191007","NHO2018000007","PAID","","193046"),
("IATT190001909","193046","191002","192010","10000","1","10000","0","10000","2","1","2","IAT1108191007","NHO2018000007","PAID","","193046"),
("IATT190001909","193084","191001","192001","30000","1","30000","7500","22500","1","1","2","IAT1108191007","NHO2018000007","PAID","sedang","PEDAS"),
("IATT190001908","193017","191001","192002","37000","1","37000","0","37000","1","1","1","IAT1108191007","NHO2018000007","PAID","ga usah dibikin ya\nganti item","193017"),
("IATT190001908","193084","191001","192001","30000","1","30000","0","30000","1","1","1","IAT1108191007","NHO2018000007","PAID","","ORIGINAL"),
("IATT190001908","193046","191002","192010","10000","1","10000","0","10000","1","1","1","IAT1108191007","NHO2018000007","PAID","","193046"),
("IATT190001908","193046","191002","192010","10000","1","10000","0","10000","2","1","1","IAT1108191007","NHO2018000007","PAID","","193046"),
("IATT190001911","193009","191001","192001","40000","1","40000","10000","30000","1","1","1","IAT1108191007","NHO2018000007","PAID","lvl 2","193009"),
("IATT190001911","193084","191001","192001","30000","1","30000","7500","22500","1","1","1","IAT1108191007","NHO2018000007","PAID","lvl 2","PEDAS"),
("IATT190001911","193084","191001","192001","30000","1","30000","7500","22500","2","1","1","IAT1108191007","NHO2018000007","PAID","","PEDAS"),
("IATT190001911","193084","191001","192001","30000","1","30000","7500","22500","3","1","1","IAT1108191007","NHO2018000007","PAID","","PEDAS"),
("IATT190001911","193084","191001","192001","30000","1","30000","7500","22500","4","1","1","IAT1108191007","NHO2018000007","PAID","","PEDAS"),
("IATT190001911","193027","191001","192003","43000","1","43000","10750","32250","1","1","1","IAT1108191007","NHO2018000007","PAID","","193027"),
("IATT190001911","193070","191001","192012","13000","1","13000","0","13000","1","1","1","IAT1108191007","NHO2018000007","PAID","","193070"),
("IATT190001911","193054","191002","192010","20000","1","20000","0","20000","1","1","1","IAT1108191007","NHO2018000007","PAID","","193054"),
("IATT190001911","193054","191002","192010","20000","1","20000","0","20000","2","1","1","IAT1108191007","NHO2018000007","PAID","","193054"),
("IATT190001911","193054","191002","192010","20000","1","20000","0","20000","3","1","1","IAT1108191007","NHO2018000007","PAID","","193054"),
("IATT190001911","193055","191002","192010","17000","1","17000","0","17000","1","1","1","IAT1108191007","NHO2018000007","PAID","","193055"),
("IATT190001911","193050","191002","192010","20000","1","20000","0","20000","1","1","1","IAT1108191007","NHO2018000007","PAID","","193050"),
("IATT190001912","193085","191001","192001","30000","1","30000","7500","22500","1","1","1","IAT1108191007","NHO2018000007","PAID","","193085"),
("IATT190001912","193069","191001","192012","13000","1","13000","0","13000","1","1","1","IAT1108191007","NHO2018000007","PAID","","193069"),
("IATT190001912","193047","191002","192010","10000","1","10000","0","10000","1","1","1","IAT1108191007","NHO2018000007","PAID","","193047"),
("IATT190001913","193030","191001","192004","27000","1","27000","6750","20250","1","1","1","IAT1108191007","NHO2018000007","PAID","","193030"),
("IATT190001913","193083","191001","192001","30000","1","30000","7500","22500","1","1","1","IAT1108191007","NHO2018000007","PAID","","193083"),
("IATT190001913","193006","191001","192001","37000","1","37000","9250","27750","1","1","1","IAT1108191007","NHO2018000007","PAID","","193006"),
("IATT190001913","193005","191001","192001","37000","1","37000","9250","27750","1","1","1","IAT1108191007","NHO2018000007","PAID","PEDAS","193005"),
("IATT190001913","193007","191001","192001","37000","1","37000","9250","27750","1","1","1","IAT1108191007","NHO2018000007","PAID","","PEDAS"),
("IATT190001913","193052","191002","192010","20000","1","20000","0","20000","1","1","1","IAT1108191007","NHO2018000007","PAID","","193052"),
("IATT190001913","193055","191002","192010","17000","1","17000","0","17000","1","1","1","IAT1108191007","NHO2018000007","PAID","","193055"),
("IATT190001913","193054","191002","192010","20000","1","20000","0","20000","1","1","1","IAT1108191007","NHO2018000007","PAID","LESS ICE SEMUA YA","193054"),
("IATT190001914","193030","191001","192004","27000","1","27000","6750","20250","1","1","1","IAT1108191007","NHO2018000007","PAID","","193030"),
("IATT190001914","193035","191001","192006","32000","1","32000","8000","24000","1","1","1","IAT1108191007","NHO2018000007","PAID","","ORIGINAL"),
("IATT190001914","193056","191002","192010","17000","1","17000","0","17000","1","1","1","IAT1108191007","NHO2018000007","PAID","","193056"),
("IATT190001914","193054","191002","192010","20000","1","20000","0","20000","1","1","2","IAT1108191007","NHO2018000007","PAID","","193054"),
("IATT190001915","193084","191001","192001","30000","1","30000","7500","22500","1","1","1","IAT1108191007","NHO2018000007","PAID","LVL 2","PEDAS"),
("IATT190001915","193024","191001","192003","30000","1","30000","7500","22500","1","1","1","IAT1108191007","NHO2018000007","PAID","","193024"),
("IATT190001915","193056","191002","192010","17000","1","17000","0","17000","1","1","1","IAT1108191007","NHO2018000007","PAID","","193056"),
("IATT190001915","193047","191002","192010","10000","1","10000","0","10000","1","1","1","IAT1108191007","NHO2018000007","PAID","","193047"),
("IATT190001916","193018","191001","192002","37000","1","37000","9250","27750","1","1","1","IAT1108191007","NHO2018000007","PAID","","ORIGINAL"),
("IATT190001916","193035","191001","192006","32000","1","32000","8000","24000","1","1","1","IAT1108191007","NHO2018000007","PAID","","ORIGINAL"),
("IATT190001916","193084","191001","192001","30000","1","30000","7500","22500","1","1","1","IAT1108191007","NHO2018000007","PAID","LVL 2","PEDAS"),
("IATT190001916","193080","191001","192002","33000","1","33000","8250","24750","1","1","1","IAT1108191007","NHO2018000007","PAID","LVL 3","PEDAS"),
("IATT190001916","193069","191001","192012","13000","1","13000","0","13000","1","1","1","IAT1108191007","NHO2018000007","PAID","","193069"),
("IATT190001916","193069","191001","192012","13000","1","13000","0","13000","2","1","1","IAT1108191007","NHO2018000007","PAID","","193069"),
("IATT190001916","193070","191001","192012","13000","1","13000","0","13000","1","1","1","IAT1108191007","NHO2018000007","PAID","","193070"),
("IATT190001916","193056","191002","192010","17000","1","17000","0","17000","1","1","1","IAT1108191007","NHO2018000007","PAID","","193056"),
("IATT190001916","193056","191002","192010","17000","1","17000","0","17000","2","1","1","IAT1108191007","NHO2018000007","PAID","","193056"),
("IATT190001916","193047","191002","192010","10000","1","10000","0","10000","1","1","1","IAT1108191007","NHO2018000007","PAID","","193047"),
("IATT190001916","193054","191002","192010","20000","1","20000","0","20000","1","1","1","IAT1108191007","NHO2018000007","PAID","","193054"),
("IATT190001917","193006","191001","192001","37000","1","37000","9250","27750","1","1","1","IAT1108191007","NHO2018000007","PAID","ORIGINAL","193006"),
("IATT190001917","193055","191002","192010","17000","1","17000","0","17000","1","1","1","IAT1108191007","NHO2018000007","PAID","","193055"),
("IATT190001918","193006","191001","192001","37000","1","37000","18500","18500","1","1","1","IAT1108191007","NHO2018000007","PAID","","193006"),
("IATT190001918","193084","191001","192001","30000","1","30000","15000","15000","1","1","1","IAT1108191007","NHO2018000007","PAID","","PEDAS"),
("IATT190001918","193017","191001","192002","37000","1","37000","18500","18500","1","1","1","IAT1108191007","NHO2018000007","PAID","","193017"),
("IATT190001918","193027","191001","192003","43000","1","43000","0","43000","1","1","1","IAT1108191007","NHO2018000007","PAID","","193027"),
("IATT190001918","193054","191002","192010","20000","1","20000","0","20000","1","1","1","IAT1108191007","NHO2018000007","PAID","","193054"),
("IATT190001919","193070","191001","192012","13000","1","13000","0","13000","1","1","1","IAT1108191007","NHO2018000007","PAID","","193070"),
("IATT190001919","193071","191001","192012","18000","1","18000","0","18000","1","1","1","IAT1108191007","NHO2018000007","PAID","","193071"),
("IATT190001919","193071","191001","192012","18000","1","18000","0","18000","2","1","1","IAT1108191007","NHO2018000007","PAID","","193071"),
("IATT190001919","193072","191001","192012","25000","1","25000","0","25000","1","1","1","IAT1108191007","NHO2018000007","PAID","","193072"),
("IATT190001919","193069","191001","192012","13000","1","13000","0","13000","1","1","1","IAT1108191007","NHO2018000007","PAID","","193069"),
("IATT190001919","193054","191002","192010","20000","1","20000","0","20000","1","1","1","IAT1108191007","NHO2018000007","PAID","","193054"),
("IATT190001919","193051","191002","192010","20000","1","20000","0","20000","1","1","1","IAT1108191007","NHO2018000007","PAID","","193051"),
("IATT190001919","193056","191002","192010","17000","1","17000","0","17000","1","1","1","IAT1108191007","NHO2018000007","PAID","","193056"),
("IATT190001919","193053","191002","192010","20000","1","20000","0","20000","1","1","1","IAT1108191007","NHO2018000007","PAID","","193053"),
("IATT190001920","193027","191001","192003","43000","1","43000","10750","32250","1","1","1","IAT1108191007","NHO2018000007","PAID","","193027"),
("IATT190001920","193027","191001","192003","43000","1","43000","10750","32250","2","1","1","IAT1108191007","NHO2018000007","PAID","","193027"),
("IATT190001920","193028","191001","192003","43000","1","43000","10750","32250","1","1","1","IAT1108191007","NHO2018000007","PAID","","193028"),
("IATT190001920","193083","191001","192001","30000","1","30000","7500","22500","1","1","1","IAT1108191007","NHO2018000007","PAID","","193083"),
("IATT190001920","193036","191001","192006","36000","1","36000","9000","27000","1","1","1","IAT1108191007","NHO2018000007","PAID","","ORIGINAL"),
("IATT190001920","193056","191002","192010","17000","1","17000","0","17000","1","1","1","IAT1108191007","NHO2018000007","PAID","","193056"),
("IATT190001920","193056","191002","192010","17000","1","17000","0","17000","2","1","1","IAT1108191007","NHO2018000007","PAID","","193056"),
("IATT190001920","193056","191002","192010","17000","1","17000","0","17000","3","1","1","IAT1108191007","NHO2018000007","PAID","","193056"),
("IATT190001920","193051","191002","192010","20000","1","20000","0","20000","1","1","1","IAT1108191007","NHO2018000007","PAID","","193051"),
("IATT190001921","193022","191001","192003","30000","1","30000","0","30000","1","1","1","IAT1108191007","NHO2018000007","PAID","","193022"),
("IATT190001921","193025","191001","192003","30000","1","30000","0","30000","1","1","1","IAT1108191007","NHO2018000007","PAID","","193025"),
("IATT190001921","193047","191002","192010","10000","1","10000","0","10000","1","1","1","IAT1108191007","NHO2018000007","PAID","","193047"),
("IATT190001921","193047","191002","192010","10000","1","10000","0","10000","2","1","1","IAT1108191007","NHO2018000007","PAID","","193047"),
("IATT190001922","193085","191001","192001","30000","1","30000","7500","22500","1","1","1","IAT1108191007","NHO2018000007","PAID","REQUEST TELOR SETENGAH MATENG","193085"),
("IATT190001922","193033","191001","192005","42000","1","42000","10500","31500","1","1","1","IAT1108191007","NHO2018000007","PAID","","193033"),
("IATT190001922","193055","191002","192010","17000","1","17000","0","17000","1","1","1","IAT1108191007","NHO2018000007","PAID","","193055"),
("IATT190001922","193055","191002","192010","17000","1","17000","0","17000","2","1","1","IAT1108191007","NHO2018000007","PAID","","193055"),
("IATT190001923","193022","191001","192003","30000","1","30000","7500","22500","1","1","1","IAT1108191007","NHO2018000007","PAID","","193022"),
("IATT190001923","193028","191001","192003","43000","1","43000","10750","32250","1","1","1","IAT1108191007","NHO2018000007","PAID","","193028"),
("IATT190001923","193023","191001","192003","30000","1","30000","7500","22500","1","1","1","IAT1108191007","NHO2018000007","PAID","TAKE AWAY","193023"),
("IATT190001923","193076","191001","192001","30000","1","30000","7500","22500","1","1","1","IAT1108191007","NHO2018000007","PAID","","193076"),
("IATT190001923","193048","191002","192010","8000","1","8000","0","8000","1","1","1","IAT1108191007","NHO2018000007","PAID","","193048"),
("IATT190001923","193048","191002","192010","8000","1","8000","0","8000","2","1","1","IAT1108191007","NHO2018000007","PAID","","193048"),
("IATT190001923","193048","191002","192010","8000","1","8000","0","8000","3","1","1","IAT1108191007","NHO2018000007","PAID","","193048"),
("IATT190001924","193030","191001","192004","27000","1","27000","6750","20250","1","1","1","IAT1108191007","NHO2018000007","PAID","","193030"),
("IATT190001924","193084","191001","192001","30000","1","30000","7500","22500","1","1","1","IAT1108191007","NHO2018000007","PAID","","PEDAS"),
("IATT190001924","193047","191002","192010","10000","1","10000","0","10000","1","1","1","IAT1108191007","NHO2018000007","PAID","","193047"),
("IATT190001925","193086","191001","192002","33000","1","33000","8250","24750","1","1","1","IAT1108191007","NHO2018000007","PAID","","PEDAS"),
("IATT190001925","193056","191002","192010","17000","1","17000","0","17000","1","1","1","IAT1108191007","NHO2018000007","PAID","","193056"),
("IATT190001926","193082","191001","192001","30000","1","30000","7500","22500","1","1","1","IAT1108191007","NHO2018000007","PAID","","193082"),
("IATT190001926","193082","191001","192001","30000","1","30000","7500","22500","2","1","1","IAT1108191007","NHO2018000007","PAID","","193082"),
("IATT190001926","193084","191001","192001","30000","1","30000","7500","22500","1","1","1","IAT1108191007","NHO2018000007","PAID","LV 1","PEDAS"),
("IATT190001926","193027","191001","192003","43000","1","43000","10750","32250","1","1","1","IAT1108191007","NHO2018000007","PAID","","193027"),
("IATT190001926","193024","191001","192003","30000","1","30000","7500","22500","1","1","1","IAT1108191007","NHO2018000007","PAID","","193024"),
("IATT190001926","193007","191001","192001","37000","1","37000","9250","27750","1","1","1","IAT1108191007","NHO2018000007","PAID","LV 1","PEDAS"),
("IATT190001926","193047","191002","192010","10000","1","10000","0","10000","1","1","1","IAT1108191007","NHO2018000007","PAID","","193047"),
("IATT190001926","193047","191002","192010","10000","1","10000","0","10000","2","1","1","IAT1108191007","NHO2018000007","PAID","","193047"),
("IATT190001926","193047","191002","192010","10000","1","10000","0","10000","3","1","1","IAT1108191007","NHO2018000007","PAID","","193047"),
("IATT190001926","193084","191001","192001","30000","1","30000","7500","22500","2","1","2","IAT1108191007","NHO2018000007","PAID","","PEDAS"),
("IATT190001927","193005","191001","192001","37000","1","37000","9250","27750","1","1","1","IAT1108191007","NHO2018000007","PAID","","193005"),
("IATT190001927","193080","191001","192002","33000","1","33000","8250","24750","1","1","1","IAT1108191007","NHO2018000007","PAID","Lv 1","PEDAS"),
("IATT190001928","193033","191001","192005","42000","1","42000","0","42000","1","1","1","IAT1108191007","NHO2018000007","PAID","","193033"),
("IATT190001928","193071","191001","192012","18000","1","18000","0","18000","1","1","1","IAT1108191007","NHO2018000007","PAID","","193071"),
("IATT190001929","193011","191001","192001","40000","1","40000","10000","30000","1","1","1","IAT1108191007","NHO2018000007","PAID","","PEDAS"),
("IATT190001929","193033","191001","192005","42000","1","42000","10500","31500","1","1","1","IAT1108191007","NHO2018000007","PAID","","193033"),
("IATT190001929","193046","191002","192010","10000","1","10000","0","10000","1","1","1","IAT1108191007","NHO2018000007","PAID","","193046"),
("IATT190001929","193046","191002","192010","10000","1","10000","0","10000","2","1","1","IAT1108191007","NHO2018000007","PAID","","193046"),
("IATT190001930","193011","191001","192001","40000","1","40000","12000","28000","1","1","1","IAT1108191007","NHO2018000007","PAID","","PEDAS"),
("IATT190001930","193032","191001","192004","30000","1","30000","9000","21000","1","1","1","IAT1108191007","NHO2018000007","PAID","","193032"),
("IATT190001930","193086","191001","192002","33000","1","33000","9900","23100","1","1","1","IAT1108191007","NHO2018000007","PAID","lv 3","PEDAS"),
("IATT190001930","193048","191002","192010","8000","1","8000","0","8000","1","1","1","IAT1108191007","NHO2018000007","PAID","","193048"),
("IATT190001930","193048","191002","192010","8000","1","8000","0","8000","2","1","1","IAT1108191007","NHO2018000007","PAID","","193048"),
("IATT190001931","193083","191001","192001","30000","1","30000","9000","21000","1","1","1","IAT1108191007","NHO2018000007","PAID","lv 3","193083"),
("IATT190001931","193020","191001","192002","40000","1","40000","12000","28000","1","1","1","IAT1108191007","NHO2018000007","PAID","original","193020"),
("IATT190001931","193036","191001","192006","36000","1","36000","10800","25200","1","1","1","IAT1108191007","NHO2018000007","PAID","","ORIGINAL"),
("IATT190001931","193048","191002","192010","8000","1","8000","0","8000","1","1","1","IAT1108191007","NHO2018000007","PAID","","193048"),
("IATT190001931","193048","191002","192010","8000","1","8000","0","8000","2","1","1","IAT1108191007","NHO2018000007","PAID","","193048"),
("IATT190001932","193021","191001","192002","40000","1","40000","12000","28000","1","1","1","IAT1108191007","NHO2018000007","PAID","","ORIGINAL"),
("IATT190001932","193055","191002","192010","17000","1","17000","0","17000","1","1","1","IAT1108191007","NHO2018000007","PAID","","193055"),
("IATT190001932","193055","191002","192010","17000","1","17000","0","17000","2","1","1","IAT1108191007","NHO2018000007","PAID","","193055"),
("IATT190001932","193054","191002","192010","20000","1","20000","0","20000","1","1","1","IAT1108191007","NHO2018000007","PAID","","193054"),
("IATT190001932","193016","191001","192002","37000","1","37000","11100","25900","1","1","1","IAT1108191007","NHO2018000007","PAID","lv 1","PEDAS"),
("IATT190001932","193048","191002","192010","8000","1","8000","0","8000","1","1","1","IAT1108191007","NHO2018000007","PAID","","193048"),
("IATT190001933","193030","191001","192004","27000","1","27000","8100","18900","1","1","1","IAT1108191007","NHO2018000007","PAID","","193030"),
("IATT190001933","193032","191001","192004","30000","1","30000","9000","21000","1","1","1","IAT1108191007","NHO2018000007","PAID","","193032"),
("IATT190001933","193084","191001","192001","30000","1","30000","9000","21000","1","1","1","IAT1108191007","NHO2018000007","PAID","lv 3","PEDAS"),
("IATT190001933","193054","191002","192010","20000","1","20000","0","20000","1","1","1","IAT1108191007","NHO2018000007","PAID","","193054"),
("IATT190001933","193050","191002","192010","20000","1","20000","0","20000","1","1","1","IAT1108191007","NHO2018000007","PAID","","193050"),
("IATT190001934","193084","191001","192001","30000","1","30000","9000","21000","1","1","1","IAT1108191007","NHO2018000007","PAID","","PEDAS"),
("IATT190001934","193071","191001","192012","18000","1","18000","5400","12600","1","1","1","IAT1108191007","NHO2018000007","PAID","","193071"),
("IATT190001934","193072","191001","192012","25000","1","25000","7500","17500","1","1","1","IAT1108191007","NHO2018000007","PAID","","193072"),
("IATT190001934","193048","191002","192010","8000","1","8000","0","8000","1","1","1","IAT1108191007","NHO2018000007","PAID","","193048"),
("IATT190001934","193054","191002","192010","20000","1","20000","0","20000","1","1","1","IAT1108191007","NHO2018000007","PAID","","193054"),
("IATT190001934","193055","191002","192010","17000","1","17000","0","17000","1","1","1","IAT1108191007","NHO2018000007","PAID","","193055"),
("IATT190001934","193072","191001","192012","25000","1","25000","7500","17500","2","1","2","IAT1108191007","NHO2018000007","PAID","","193072"),
("IATT190001934","193071","191001","192012","18000","1","18000","5400","12600","2","1","2","IAT1108191007","NHO2018000007","PAID","","193071"),
("IATT190001935","193033","191001","192005","42000","1","42000","21000","21000","1","1","1","IAT1108191007","NHO2018000007","PAID","","193033"),
("IATT190001935","193008","191001","192001","37000","1","37000","18500","18500","1","1","1","IAT1108191007","NHO2018000007","PAID","","193008");



INSERT INTO pos_salestemp VALUES("IATT190001906","","3","124000","22500","10150","0","111650","150000","11/08/2019","10:17","2019-08-11","11:14:05","ISU000012","tbl0011","CLOSED","1","","IATR190001856","","","","","IAT1108191007","NHO2018000007"),
("IATT190001907","","3","144000","25000","11900","0","130900","200000","11/08/2019","10:54","2019-08-11","11:37:39","ISU000012","tbl0012","CLOSED","1","","IATR190001857","","","","","IAT1108191007","NHO2018000007"),
("IATT190001908","","3","87000","0","8700","0","95700","95700","11/08/2019","10:59","2019-08-11","11:54:30","ISU000012","tbl0010","CLOSED","1","","IATR190001859","","","","","IAT1108191007","NHO2018000007"),
("IATT190001909","","3","241000","41750","19925","0","219175","219175","11/08/2019","11:00","2019-08-11","11:51:06","ISU000012","tbl0040","CLOSED","1","","IATR190001858","","","","","IAT1108191007","NHO2018000007"),
("IATT190001910","","2","0","0","0","0","0","0","11/08/2019","11:25","11/08/2019","11:58:13","ISU000012","tbl0011","CANCELED","1","PERMINTAAN CUSTOMER","","","","","","IAT1108191007","NHO2018000007"),
("IATT190001911","","5","313000","50750","26225","0","288475","300000","11/08/2019","12:10","2019-08-11","12:53:40","ISU000012","tbl0013","CLOSED","1","","IATR190001860","","","","","IAT1108191007","NHO2018000007"),
("IATT190001912","","1","53000","7500","4550","0","50050","50100","11/08/2019","12:16","2019-08-11","12:55:47","ISU000012","tbl0011","CLOSED","1","","IATR190001861","","","","","IAT1108191007","NHO2018000007"),
("IATT190001913","","5","225000","42000","18300","0","201300","202000","11/08/2019","12:37","2019-08-11","13:37:06","ISU000012","tbl0012","CLOSED","1","","IATR190001862","","","","","IAT1108191007","NHO2018000007"),
("IATT190001914","","2","96000","14750","8125","0","89375","100000","11/08/2019","13:11","2019-08-11","13:53:51","ISU000012","tbl0011","CLOSED","1","","IATR190001863","","","","","IAT1108191007","NHO2018000007"),
("IATT190001915","","2","87000","15000","7200","0","79200","79200","11/08/2019","13:20","2019-08-11","14:01:01","ISU000012","tbl0010","CLOSED","1","","IATR190001864","","","","","IAT1108191007","NHO2018000007"),
("IATT190001916","","4","235000","33000","20200","0","222200","230500","11/08/2019","14:10","2019-08-11","15:11:50","ISU000012","tbl0012","CLOSED","1","","IATR190001866","","","","","IAT1108191007","NHO2018000007"),
("IATT190001917","","1","54000","9250","4475","0","49225","50000","11/08/2019","14:28","2019-08-11","15:07:10","ISU000012","tbl0009","CLOSED","1","","IATR190001865","","","","","IAT1108191007","NHO2018000007"),
("IATT190001918","","3","167000","52000","11500","0","126500","150000","11/08/2019","14:48","2019-08-11","15:35:16","ISU000012","tbl0011","CLOSED","1","","IATR190001867","","","","","IAT1108191007","NHO2018000007"),
("IATT190001919","","4","164000","0","16400","0","180400","180400","11/08/2019","15:09","2019-08-11","16:07:49","ISU000012","tbl0010","CLOSED","1","","IATR190001868","","","","","IAT1108191007","NHO2018000007"),
("IATT190001920","","4","266000","48750","21725","0","238975","238975","11/08/2019","15:14","2019-08-11","16:48:32","ISU000012","tbl0013","CLOSED","1","","IATR190001869","","","","","IAT1108191007","NHO2018000007"),
("IATT190001921","","2","80000","0","8000","0","88000","100000","11/08/2019","15:26","2019-08-11","17:07:33","ISU000012","tbl0012","CLOSED","1","","IATR190001870","","","","","IAT1108191007","NHO2018000007"),
("IATT190001922","","2","106000","18000","8800","0","96800","100000","11/08/2019","16:40","2019-08-11","18:32:35","ISU000012","tbl0011","CLOSED","1","","IATR190001874","","","","","IAT1108191007","NHO2018000007"),
("IATT190001923","","3","157000","33250","12375","0","136125","150000","11/08/2019","16:43","2019-08-11","17:23:35","ISU000012","tbl0010","CLOSED","1","","IATR190001871","","","","","IAT1108191007","NHO2018000007"),
("IATT190001924","","2","67000","14250","5275","0","58025","70000","11/08/2019","17:29","2019-08-11","17:46:02","ISU000012","tbl0012","CLOSED","1","","IATR190001872","","","","","IAT1108191007","NHO2018000007"),
("IATT190001925","","1","50000","8250","4175","0","45925","100000","11/08/2019","17:47","2019-08-11","18:29:19","ISU000012","tbl0010","CLOSED","1","","IATR190001873","","","","","IAT1108191007","NHO2018000007"),
("IATT190001926","","4","260000","57500","20250","0","222750","222750","11/08/2019","18:30","2019-08-11","19:05:25","ISU000012","tbl0020","CLOSED","1","","IATR190001875","","","","","IAT1108191007","NHO2018000007"),
("IATT190001927","","2","70000","17500","5250","0","57750","100000","11/08/2019","18:56","2019-08-11","19:53:34","ISU000012","tbl0010","CLOSED","1","","IATR190001877","","","","","IAT1108191007","NHO2018000007"),
("IATT190001928","","2","60000","0","6000","0","66000","66000","11/08/2019","19:02","2019-08-11","20:02:59","ISU000012","tbl0012","CLOSED","1","","IATR190001878","","","","","IAT1108191007","NHO2018000007"),
("IATT190001929","","1","102000","20500","8150","0","89650","100000","11/08/2019","19:16","2019-08-11","19:47:00","ISU000012","tbl0011","CLOSED","1","","IATR190001876","","","","","IAT1108191007","NHO2018000007"),
("IATT190001930","","2","119000","30900","8810","0","96910","100000","11/08/2019","20:29","2019-08-11","21:10:11","ISU000012","tbl0031","CLOSED","1","","IATR190001879","","","","","IAT1108191007","NHO2018000007"),
("IATT190001931","","2","122000","31800","9020","0","99220","100000","11/08/2019","20:31","2019-08-11","21:10:49","ISU000012","tbl0032","CLOSED","1","","IATR190001880","","","","","IAT1108191007","NHO2018000007"),
("IATT190001932","","2","139000","23100","11590","0","127490","200000","11/08/2019","20:36","2019-08-11","21:12:21","ISU000012","tbl0033","CLOSED","1","","IATR190001881","","","","","IAT1108191007","NHO2018000007"),
("IATT190001933","","2","127000","26100","10090","0","110990","150000","11/08/2019","20:37","2019-08-11","21:13:23","ISU000012","tbl0034","CLOSED","1","","IATR190001882","","","","","IAT1108191007","NHO2018000007"),
("IATT190001934","","2","161000","34800","12620","0","138820","139000","11/08/2019","20:38","2019-08-11","21:14:46","ISU000012","tbl0035","CLOSED","1","","IATR190001883","","","","","IAT1108191007","NHO2018000007"),
("IATT190001935","","1","79000","39500","3950","0","43450","43450","11/08/2019","21:19","2019-08-11","21:50:24","ISU000012","tbl0010","CLOSED","1","","IATR190001884","","","","","IAT1108191007","NHO2018000007");



INSERT INTO item_void VALUES("IATT190001908","IAT1108191007","NHO2018000007","193030","193030","1","27000","Before Send","Komplen Customer"),
("IATT190001908","IAT1108191007","NHO2018000007","193053","193053","1","20000","Before Send","Komplen Customer"),
("IATT190001908","IAT1108191007","NHO2018000007","193055","193055","1","17000","Before Send","Komplen Customer"),
("IATT190001908","IAT1108191007","NHO2018000007","193082","193082","1","30000","Before Send","Komplen Customer"),
("IATT190001908","IAT1108191007","NHO2018000007","193086","PEDAS","1","33000","Before Send","Komplen Customer"),
("IATT190001914","IAT1108191007","NHO2018000007","193052","193052","1","20000","Before Send","Komplen Customer");



INSERT INTO pos_promotion_h VALUES("IATT190001906","NPRM18000015","DISC ITEM","1","22500","Diskon 25% Agustus","IAT1108191007","PAID","NHO2018000007"),
("IATT190001907","NPRM18000015","DISC ITEM","1","25000","Diskon 25% Agustus","IAT1108191007","PAID","NHO2018000007"),
("IATT190001909","NPRM18000015","DISC ITEM","1","41750","Diskon 25% Agustus","IAT1108191007","PAID","NHO2018000007"),
("IATT190001911","NPRM18000015","DISC ITEM","1","50750","Diskon 25% Agustus","IAT1108191007","PAID","NHO2018000007"),
("IATT190001912","NPRM18000015","DISC ITEM","1","7500","Diskon 25% Agustus","IAT1108191007","PAID","NHO2018000007"),
("IATT190001913","NPRM18000015","DISC ITEM","1","42000","Diskon 25% Agustus","IAT1108191007","PAID","NHO2018000007"),
("IATT190001914","NPRM18000015","DISC ITEM","1","14750","Diskon 25% Agustus","IAT1108191007","PAID","NHO2018000007"),
("IATT190001915","NPRM18000015","DISC ITEM","1","15000","Diskon 25% Agustus","IAT1108191007","PAID","NHO2018000007"),
("IATT190001916","NPRM18000015","DISC ITEM","1","33000","Diskon 25% Agustus","IAT1108191007","PAID","NHO2018000007"),
("IATT190001917","NPRM18000015","DISC ITEM","1","9250","Diskon 25% Agustus","IAT1108191007","PAID","NHO2018000007"),
("IATT190001918","NPRM18000012","DISC ITEM","1","52000","eatigo 50%","IAT1108191007","PAID","NHO2018000007"),
("IATT190001920","NPRM18000015","DISC ITEM","1","48750","Diskon 25% Agustus","IAT1108191007","PAID","NHO2018000007"),
("IATT190001923","NPRM18000015","DISC ITEM","1","33250","Diskon 25% Agustus","IAT1108191007","PAID","NHO2018000007"),
("IATT190001924","NPRM18000015","DISC ITEM","1","14250","Diskon 25% Agustus","IAT1108191007","PAID","NHO2018000007"),
("IATT190001925","NPRM18000015","DISC ITEM","1","8250","Diskon 25% Agustus","IAT1108191007","PAID","NHO2018000007"),
("IATT190001922","NPRM18000015","DISC ITEM","1","18000","Diskon 25% Agustus","IAT1108191007","PAID","NHO2018000007"),
("IATT190001926","NPRM18000015","DISC ITEM","1","57500","Diskon 25% Agustus","IAT1108191007","PAID","NHO2018000007"),
("IATT190001929","NPRM18000015","DISC ITEM","1","20500","Diskon 25% Agustus","IAT1108191007","PAID","NHO2018000007"),
("IATT190001927","NPRM18000015","DISC ITEM","1","17500","Diskon 25% Agustus","IAT1108191007","PAID","NHO2018000007"),
("IATT190001930","NPRM18000008","DISC ITEM","1","30900","eatigo 30%","IAT1108191007","PAID","NHO2018000007"),
("IATT190001931","NPRM18000008","DISC ITEM","1","31800","eatigo 30%","IAT1108191007","PAID","NHO2018000007"),
("IATT190001932","NPRM18000008","DISC ITEM","1","23100","eatigo 30%","IAT1108191007","PAID","NHO2018000007"),
("IATT190001933","NPRM18000008","DISC ITEM","1","26100","eatigo 30%","IAT1108191007","PAID","NHO2018000007"),
("IATT190001934","NPRM18000008","DISC ITEM","1","34800","eatigo 30%","IAT1108191007","PAID","NHO2018000007"),
("IATT190001935","NPRM18000012","DISC ITEM","1","39500","eatigo 50%","IAT1108191007","PAID","NHO2018000007");



INSERT INTO pos_promotion_d VALUES("IATT190001906","NPRM18000015","DISC ITEM","1","1","193084","1","7500","IAT1108191007","PAID","NHO2018000007"),
("IATT190001906","NPRM18000015","DISC ITEM","1","1","193084","2","7500","IAT1108191007","PAID","NHO2018000007"),
("IATT190001906","NPRM18000015","DISC ITEM","1","1","193084","3","7500","IAT1108191007","PAID","NHO2018000007"),
("IATT190001907","NPRM18000015","DISC ITEM","1","1","193011","1","10000","IAT1108191007","PAID","NHO2018000007"),
("IATT190001907","NPRM18000015","DISC ITEM","1","1","193084","1","7500","IAT1108191007","PAID","NHO2018000007"),
("IATT190001907","NPRM18000015","DISC ITEM","1","1","193084","2","7500","IAT1108191007","PAID","NHO2018000007"),
("IATT190001909","NPRM18000015","DISC ITEM","1","1","193082","1","7500","IAT1108191007","PAID","NHO2018000007"),
("IATT190001909","NPRM18000015","DISC ITEM","1","1","193021","1","10000","IAT1108191007","PAID","NHO2018000007"),
("IATT190001909","NPRM18000015","DISC ITEM","1","1","193024","1","7500","IAT1108191007","PAID","NHO2018000007"),
("IATT190001909","NPRM18000015","DISC ITEM","1","1","193017","1","9250","IAT1108191007","PAID","NHO2018000007"),
("IATT190001909","NPRM18000015","DISC ITEM","1","1","193084","1","7500","IAT1108191007","PAID","NHO2018000007"),
("IATT190001911","NPRM18000015","DISC ITEM","1","1","193009","1","10000","IAT1108191007","PAID","NHO2018000007"),
("IATT190001911","NPRM18000015","DISC ITEM","1","1","193084","1","7500","IAT1108191007","PAID","NHO2018000007"),
("IATT190001911","NPRM18000015","DISC ITEM","1","1","193084","2","7500","IAT1108191007","PAID","NHO2018000007"),
("IATT190001911","NPRM18000015","DISC ITEM","1","1","193084","3","7500","IAT1108191007","PAID","NHO2018000007"),
("IATT190001911","NPRM18000015","DISC ITEM","1","1","193084","4","7500","IAT1108191007","PAID","NHO2018000007"),
("IATT190001911","NPRM18000015","DISC ITEM","1","1","193027","1","10750","IAT1108191007","PAID","NHO2018000007"),
("IATT190001912","NPRM18000015","DISC ITEM","1","1","193085","1","7500","IAT1108191007","PAID","NHO2018000007"),
("IATT190001913","NPRM18000015","DISC ITEM","1","1","193030","1","6750","IAT1108191007","PAID","NHO2018000007"),
("IATT190001913","NPRM18000015","DISC ITEM","1","1","193083","1","7500","IAT1108191007","PAID","NHO2018000007"),
("IATT190001913","NPRM18000015","DISC ITEM","1","1","193006","1","9250","IAT1108191007","PAID","NHO2018000007"),
("IATT190001913","NPRM18000015","DISC ITEM","1","1","193005","1","9250","IAT1108191007","PAID","NHO2018000007"),
("IATT190001913","NPRM18000015","DISC ITEM","1","1","193007","1","9250","IAT1108191007","PAID","NHO2018000007"),
("IATT190001914","NPRM18000015","DISC ITEM","1","1","193030","1","6750","IAT1108191007","PAID","NHO2018000007"),
("IATT190001914","NPRM18000015","DISC ITEM","1","1","193035","1","8000","IAT1108191007","PAID","NHO2018000007"),
("IATT190001915","NPRM18000015","DISC ITEM","1","1","193084","1","7500","IAT1108191007","PAID","NHO2018000007"),
("IATT190001915","NPRM18000015","DISC ITEM","1","1","193024","1","7500","IAT1108191007","PAID","NHO2018000007"),
("IATT190001916","NPRM18000015","DISC ITEM","1","1","193018","1","9250","IAT1108191007","PAID","NHO2018000007"),
("IATT190001916","NPRM18000015","DISC ITEM","1","1","193035","1","8000","IAT1108191007","PAID","NHO2018000007"),
("IATT190001916","NPRM18000015","DISC ITEM","1","1","193084","1","7500","IAT1108191007","PAID","NHO2018000007"),
("IATT190001916","NPRM18000015","DISC ITEM","1","1","193080","1","8250","IAT1108191007","PAID","NHO2018000007"),
("IATT190001917","NPRM18000015","DISC ITEM","1","1","193006","1","9250","IAT1108191007","PAID","NHO2018000007"),
("IATT190001918","NPRM18000012","DISC ITEM","1","1","193006","1","18500","IAT1108191007","PAID","NHO2018000007"),
("IATT190001918","NPRM18000012","DISC ITEM","1","1","193084","1","15000","IAT1108191007","PAID","NHO2018000007"),
("IATT190001918","NPRM18000012","DISC ITEM","1","1","193017","1","18500","IAT1108191007","PAID","NHO2018000007"),
("IATT190001920","NPRM18000015","DISC ITEM","1","1","193027","1","10750","IAT1108191007","PAID","NHO2018000007"),
("IATT190001920","NPRM18000015","DISC ITEM","1","1","193027","2","10750","IAT1108191007","PAID","NHO2018000007"),
("IATT190001920","NPRM18000015","DISC ITEM","1","1","193028","1","10750","IAT1108191007","PAID","NHO2018000007"),
("IATT190001920","NPRM18000015","DISC ITEM","1","1","193083","1","7500","IAT1108191007","PAID","NHO2018000007"),
("IATT190001920","NPRM18000015","DISC ITEM","1","1","193036","1","9000","IAT1108191007","PAID","NHO2018000007"),
("IATT190001923","NPRM18000015","DISC ITEM","1","1","193022","1","7500","IAT1108191007","PAID","NHO2018000007"),
("IATT190001923","NPRM18000015","DISC ITEM","1","1","193028","1","10750","IAT1108191007","PAID","NHO2018000007"),
("IATT190001923","NPRM18000015","DISC ITEM","1","1","193023","1","7500","IAT1108191007","PAID","NHO2018000007"),
("IATT190001923","NPRM18000015","DISC ITEM","1","1","193076","1","7500","IAT1108191007","PAID","NHO2018000007"),
("IATT190001924","NPRM18000015","DISC ITEM","1","1","193030","1","6750","IAT1108191007","PAID","NHO2018000007"),
("IATT190001924","NPRM18000015","DISC ITEM","1","1","193084","1","7500","IAT1108191007","PAID","NHO2018000007"),
("IATT190001925","NPRM18000015","DISC ITEM","1","1","193086","1","8250","IAT1108191007","PAID","NHO2018000007"),
("IATT190001922","NPRM18000015","DISC ITEM","1","1","193085","1","7500","IAT1108191007","PAID","NHO2018000007"),
("IATT190001922","NPRM18000015","DISC ITEM","1","1","193033","1","10500","IAT1108191007","PAID","NHO2018000007"),
("IATT190001926","NPRM18000015","DISC ITEM","1","1","193082","1","7500","IAT1108191007","PAID","NHO2018000007"),
("IATT190001926","NPRM18000015","DISC ITEM","1","1","193082","2","7500","IAT1108191007","PAID","NHO2018000007"),
("IATT190001926","NPRM18000015","DISC ITEM","1","1","193084","1","7500","IAT1108191007","PAID","NHO2018000007"),
("IATT190001926","NPRM18000015","DISC ITEM","1","1","193027","1","10750","IAT1108191007","PAID","NHO2018000007"),
("IATT190001926","NPRM18000015","DISC ITEM","1","1","193024","1","7500","IAT1108191007","PAID","NHO2018000007"),
("IATT190001926","NPRM18000015","DISC ITEM","1","1","193007","1","9250","IAT1108191007","PAID","NHO2018000007"),
("IATT190001926","NPRM18000015","DISC ITEM","1","1","193084","2","7500","IAT1108191007","PAID","NHO2018000007"),
("IATT190001929","NPRM18000015","DISC ITEM","1","1","193011","1","10000","IAT1108191007","PAID","NHO2018000007"),
("IATT190001929","NPRM18000015","DISC ITEM","1","1","193033","1","10500","IAT1108191007","PAID","NHO2018000007"),
("IATT190001927","NPRM18000015","DISC ITEM","1","1","193005","1","9250","IAT1108191007","PAID","NHO2018000007"),
("IATT190001927","NPRM18000015","DISC ITEM","1","1","193080","1","8250","IAT1108191007","PAID","NHO2018000007"),
("IATT190001930","NPRM18000008","DISC ITEM","1","1","193011","1","12000","IAT1108191007","PAID","NHO2018000007"),
("IATT190001930","NPRM18000008","DISC ITEM","1","1","193032","1","9000","IAT1108191007","PAID","NHO2018000007"),
("IATT190001930","NPRM18000008","DISC ITEM","1","1","193086","1","9900","IAT1108191007","PAID","NHO2018000007"),
("IATT190001931","NPRM18000008","DISC ITEM","1","1","193083","1","9000","IAT1108191007","PAID","NHO2018000007"),
("IATT190001931","NPRM18000008","DISC ITEM","1","1","193020","1","12000","IAT1108191007","PAID","NHO2018000007"),
("IATT190001931","NPRM18000008","DISC ITEM","1","1","193036","1","10800","IAT1108191007","PAID","NHO2018000007"),
("IATT190001932","NPRM18000008","DISC ITEM","1","1","193021","1","12000","IAT1108191007","PAID","NHO2018000007"),
("IATT190001932","NPRM18000008","DISC ITEM","1","1","193016","1","11100","IAT1108191007","PAID","NHO2018000007"),
("IATT190001933","NPRM18000008","DISC ITEM","1","1","193030","1","8100","IAT1108191007","PAID","NHO2018000007"),
("IATT190001933","NPRM18000008","DISC ITEM","1","1","193032","1","9000","IAT1108191007","PAID","NHO2018000007"),
("IATT190001933","NPRM18000008","DISC ITEM","1","1","193084","1","9000","IAT1108191007","PAID","NHO2018000007"),
("IATT190001934","NPRM18000008","DISC ITEM","1","1","193084","1","9000","IAT1108191007","PAID","NHO2018000007"),
("IATT190001934","NPRM18000008","DISC ITEM","1","1","193071","1","5400","IAT1108191007","PAID","NHO2018000007"),
("IATT190001934","NPRM18000008","DISC ITEM","1","1","193072","1","7500","IAT1108191007","PAID","NHO2018000007"),
("IATT190001934","NPRM18000008","DISC ITEM","1","1","193072","2","7500","IAT1108191007","PAID","NHO2018000007"),
("IATT190001934","NPRM18000008","DISC ITEM","1","1","193071","2","5400","IAT1108191007","PAID","NHO2018000007"),
("IATT190001935","NPRM18000012","DISC ITEM","1","1","193033","1","21000","IAT1108191007","PAID","NHO2018000007"),
("IATT190001935","NPRM18000012","DISC ITEM","1","1","193008","1","18500","IAT1108191007","PAID","NHO2018000007");



INSERT INTO pos_paymenttemp VALUES("IATT190001906","CASH","CASH","111650","150000","ISU000012","2019-08-11","","1","","CLOSED","IAT1108191007","NHO2018000007"),
("IATT190001907","CASH","CASH","130900","200000","ISU000012","2019-08-11","","1","","CLOSED","IAT1108191007","NHO2018000007"),
("IATT190001909","CARD","MASTER","219175","219175","ISU000012","2019-08-11","","1","","CLOSED","IAT1108191007","NHO2018000007"),
("IATT190001908","CASH","OVO","95700","95700","ISU000012","2019-08-11","","1","","CLOSED","IAT1108191007","NHO2018000007"),
("IATT190001911","CASH","CASH","288475","300000","ISU000012","2019-08-11","","1","","CLOSED","IAT1108191007","NHO2018000007"),
("IATT190001912","CASH","CASH","50050","50100","ISU000012","2019-08-11","","1","","CLOSED","IAT1108191007","NHO2018000007"),
("IATT190001913","CASH","CASH","201300","202000","ISU000012","2019-08-11","","1","","CLOSED","IAT1108191007","NHO2018000007"),
("IATT190001914","CASH","CASH","89375","100000","ISU000012","2019-08-11","","1","","CLOSED","IAT1108191007","NHO2018000007"),
("IATT190001915","CARD","MASTER","79200","79200","ISU000012","2019-08-11","","1","","CLOSED","IAT1108191007","NHO2018000007"),
("IATT190001917","CASH","CASH","49225","50000","ISU000012","2019-08-11","","1","","CLOSED","IAT1108191007","NHO2018000007"),
("IATT190001916","CASH","CASH","222200","230500","ISU000012","2019-08-11","","1","","CLOSED","IAT1108191007","NHO2018000007"),
("IATT190001918","VOUCHER","VOUCHER EATIGO 100K","100000","100000","ISU000012","2019-08-11","","1","","CLOSED","IAT1108191007","NHO2018000007"),
("IATT190001918","CASH","CASH","26500","50000","ISU000012","2019-08-11","","1","","CLOSED","IAT1108191007","NHO2018000007"),
("IATT190001919","CARD","MASTER","180400","180400","ISU000012","2019-08-11","","1","","CLOSED","IAT1108191007","NHO2018000007"),
("IATT190001920","CARD","VISA","238975","238975","ISU000012","2019-08-11","","1","","CLOSED","IAT1108191007","NHO2018000007"),
("IATT190001921","CASH","CASH","88000","100000","ISU000012","2019-08-11","","1","","CLOSED","IAT1108191007","NHO2018000007"),
("IATT190001923","CASH","CASH","136125","150000","ISU000012","2019-08-11","","1","","CLOSED","IAT1108191007","NHO2018000007"),
("IATT190001924","CASH","CASH","58025","70000","ISU000012","2019-08-11","","1","","CLOSED","IAT1108191007","NHO2018000007"),
("IATT190001925","CASH","CASH","45925","100000","ISU000012","2019-08-11","","1","","CLOSED","IAT1108191007","NHO2018000007"),
("IATT190001922","CASH","CASH","96800","100000","ISU000012","2019-08-11","","1","","CLOSED","IAT1108191007","NHO2018000007"),
("IATT190001926","CARD","VISA","222750","222750","ISU000012","2019-08-11","","1","","CLOSED","IAT1108191007","NHO2018000007"),
("IATT190001929","CASH","CASH","89650","100000","ISU000012","2019-08-11","","1","","CLOSED","IAT1108191007","NHO2018000007"),
("IATT190001927","CASH","CASH","57750","100000","ISU000012","2019-08-11","","1","","CLOSED","IAT1108191007","NHO2018000007"),
("IATT190001928","CASH","OVO","66000","66000","ISU000012","2019-08-11","","1","","CLOSED","IAT1108191007","NHO2018000007"),
("IATT190001930","VOUCHER","VOUCHER EATIGO 100K","100000","100000","ISU000012","2019-08-11","","1","","CLOSED","IAT1108191007","NHO2018000007"),
("IATT190001931","VOUCHER","VOUCHER EATIGO 100K","100000","100000","ISU000012","2019-08-11","","1","","CLOSED","IAT1108191007","NHO2018000007"),
("IATT190001932","VOUCHER","VOUCHER EATIGO 100K","100000","100000","ISU000012","2019-08-11","","1","","CLOSED","IAT1108191007","NHO2018000007"),
("IATT190001932","CASH","CASH","27490","100000","ISU000012","2019-08-11","","1","","CLOSED","IAT1108191007","NHO2018000007"),
("IATT190001933","VOUCHER","VOUCHER EATIGO 100K","100000","100000","ISU000012","2019-08-11","","1","","CLOSED","IAT1108191007","NHO2018000007"),
("IATT190001933","CASH","CASH","10990","50000","ISU000012","2019-08-11","","1","","CLOSED","IAT1108191007","NHO2018000007"),
("IATT190001934","VOUCHER","VOUCHER EATIGO 100K","100000","100000","ISU000012","2019-08-11","","1","","CLOSED","IAT1108191007","NHO2018000007"),
("IATT190001934","CASH","CASH","38820","39000","ISU000012","2019-08-11","","1","","CLOSED","IAT1108191007","NHO2018000007"),
("IATT190001935","CARD","VISA","43450","43450","ISU000012","2019-08-11","","1","","CLOSED","IAT1108191007","NHO2018000007");



