INSERT INTO pos_itemtemp VALUES("IATT190002649","193082","191001","192001","30000","1","30000","15000","15000","1","1","1","IAT1709190910","NHO2018000007","PAID","sambal pisah","193082"),
("IATT190002649","193076","191001","192001","30000","1","30000","15000","15000","1","1","1","IAT1709190910","NHO2018000007","PAID","level 1","193076"),
("IATT190002649","193077","191001","192001","30000","1","30000","15000","15000","1","1","1","IAT1709190910","NHO2018000007","PAID","level 1 dan original","193077"),
("IATT190002649","193006","191001","192001","37000","1","37000","18500","18500","1","1","1","IAT1709190910","NHO2018000007","PAID","","193006"),
("IATT190002649","193006","191001","192001","37000","1","37000","18500","18500","2","1","1","IAT1709190910","NHO2018000007","PAID","","193006"),
("IATT190002649","193077","191001","192001","30000","1","30000","15000","15000","2","1","1","IAT1709190910","NHO2018000007","PAID","","193077"),
("IATT190002649","193046","191002","192010","10000","1","10000","0","10000","1","1","1","IAT1709190910","NHO2018000007","PAID","","193046"),
("IATT190002649","193046","191002","192010","10000","1","10000","0","10000","2","1","1","IAT1709190910","NHO2018000007","PAID","","193046"),
("IATT190002649","193046","191002","192010","10000","1","10000","0","10000","3","1","1","IAT1709190910","NHO2018000007","PAID","","193046"),
("IATT190002649","193047","191002","192010","10000","1","10000","0","10000","1","1","1","IAT1709190910","NHO2018000007","PAID","","193047"),
("IATT190002649","193048","191002","192010","8000","1","8000","0","8000","1","1","1","IAT1709190910","NHO2018000007","PAID","","193048"),
("IATT190002650","193084","191001","192001","30000","1","30000","15000","15000","1","1","1","IAT1709190910","NHO2018000007","PAID","level 2","PEDAS"),
("IATT190002650","193033","191001","192005","42000","1","42000","21000","21000","1","1","1","IAT1709190910","NHO2018000007","PAID","pake daun bawang","193033"),
("IATT190002650","193079","191001","192001","30000","1","30000","15000","15000","1","1","1","IAT1709190910","NHO2018000007","PAID","","193079"),
("IATT190002650","193054","191002","192010","20000","1","20000","0","20000","1","1","1","IAT1709190910","NHO2018000007","PAID","","193054"),
("IATT190002650","193054","191002","192010","20000","1","20000","0","20000","2","1","1","IAT1709190910","NHO2018000007","PAID","","193054"),
("IATT190002650","193046","191002","192010","10000","1","10000","0","10000","1","1","1","IAT1709190910","NHO2018000007","PAID","","193046"),
("IATT190002651","193007","191001","192001","37000","1","37000","18500","18500","1","1","1","IAT1709190910","NHO2018000007","PAID","level 1","PEDAS"),
("IATT190002651","193006","191001","192001","37000","1","37000","18500","18500","1","1","1","IAT1709190910","NHO2018000007","PAID","sambel pisah","193006"),
("IATT190002651","193012","191001","192001","40000","1","40000","20000","20000","1","1","1","IAT1709190910","NHO2018000007","PAID","","193012"),
("IATT190002651","193011","191001","192001","40000","1","40000","20000","20000","1","1","1","IAT1709190910","NHO2018000007","PAID","level 2","PEDAS"),
("IATT190002651","193046","191002","192010","10000","1","10000","0","10000","1","1","1","IAT1709190910","NHO2018000007","PAID","","193046"),
("IATT190002651","193047","191002","192010","10000","1","10000","0","10000","1","1","1","IAT1709190910","NHO2018000007","PAID","","193047"),
("IATT190002652","193009","191001","192001","40000","1","40000","20000","20000","1","1","1","IAT1709190910","NHO2018000007","PAID","","193009"),
("IATT190002652","193011","191001","192001","40000","1","40000","20000","20000","1","1","1","IAT1709190910","NHO2018000007","PAID","level 1 22nya","PEDAS"),
("IATT190002652","193011","191001","192001","40000","1","40000","20000","20000","2","1","1","IAT1709190910","NHO2018000007","PAID","","PEDAS"),
("IATT190002652","193006","191001","192001","37000","1","37000","18500","18500","1","1","1","IAT1709190910","NHO2018000007","PAID","","193006"),
("IATT190002652","193029","191001","192004","27000","1","27000","13500","13500","1","1","1","IAT1709190910","NHO2018000007","PAID","","193029"),
("IATT190002652","193047","191002","192010","10000","1","10000","0","10000","1","1","1","IAT1709190910","NHO2018000007","PAID","","193047"),
("IATT190002652","193047","191002","192010","10000","1","10000","0","10000","2","1","1","IAT1709190910","NHO2018000007","PAID","","193047"),
("IATT190002652","193047","191002","192010","10000","1","10000","0","10000","3","1","1","IAT1709190910","NHO2018000007","PAID","","193047"),
("IATT190002652","193047","191002","192010","10000","1","10000","0","10000","4","1","1","IAT1709190910","NHO2018000007","PAID","","193047"),
("IATT190002652","193047","191002","192010","10000","1","10000","0","10000","5","1","1","IAT1709190910","NHO2018000007","PAID","","193047"),
("IATT190002653","193084","191001","192001","30000","1","30000","15000","15000","1","1","1","IAT1709190910","NHO2018000007","PAID","level 1","PEDAS"),
("IATT190002653","193085","191001","192001","30000","1","30000","15000","15000","1","1","1","IAT1709190910","NHO2018000007","PAID","","193085"),
("IATT190002653","193056","191002","192010","17000","1","17000","0","17000","1","1","1","IAT1709190910","NHO2018000007","PAID","","193056"),
("IATT190002653","193056","191002","192010","17000","1","17000","0","17000","2","1","1","IAT1709190910","NHO2018000007","PAID","","193056"),
("IATT190002653","193069","191001","192012","13000","1","13000","6500","6500","1","1","1","IAT1709190910","NHO2018000007","PAID","","193069"),
("IATT190002654","193084","191001","192001","30000","1","30000","15000","15000","1","1","1","IAT1709190910","NHO2018000007","PAID","level 1","PEDAS"),
("IATT190002654","193007","191001","192001","37000","1","37000","18500","18500","1","1","1","IAT1709190910","NHO2018000007","PAID","level 1","PEDAS"),
("IATT190002654","193046","191002","192010","10000","1","10000","0","10000","1","1","1","IAT1709190910","NHO2018000007","PAID","","193046"),
("IATT190002654","193046","191002","192010","10000","1","10000","0","10000","2","1","1","IAT1709190910","NHO2018000007","PAID","","193046"),
("IATT190002654","193046","191002","192010","10000","1","10000","0","10000","3","1","1","IAT1709190910","NHO2018000007","PAID","","193046"),
("IATT190002651","193047","191002","192010","10000","1","10000","0","10000","2","1","2","IAT1709190910","NHO2018000007","PAID","","193047"),
("IATT190002655","193084","191001","192001","30000","1","30000","0","30000","1","1","1","IAT1709190910","NHO2018000007","PAID","level 1","PEDAS"),
("IATT190002655","193047","191002","192010","10000","1","10000","0","10000","1","1","1","IAT1709190910","NHO2018000007","PAID","","193047"),
("IATT190002656","193009","191001","192001","40000","1","40000","0","40000","1","1","1","IAT1709190910","NHO2018000007","PAID","original semuanya yaaa","193009"),
("IATT190002656","193009","191001","192001","40000","1","40000","0","40000","2","1","1","IAT1709190910","NHO2018000007","PAID","","193009"),
("IATT190002656","193009","191001","192001","40000","1","40000","0","40000","3","1","1","IAT1709190910","NHO2018000007","PAID","","193009"),
("IATT190002656","193009","191001","192001","40000","1","40000","0","40000","4","1","1","IAT1709190910","NHO2018000007","PAID","","193009"),
("IATT190002656","193009","191001","192001","40000","1","40000","0","40000","5","1","1","IAT1709190910","NHO2018000007","PAID","","193009"),
("IATT190002656","193052","191002","192010","20000","1","20000","0","20000","1","1","1","IAT1709190910","NHO2018000007","PAID","","193052"),
("IATT190002656","193052","191002","192010","20000","1","20000","0","20000","2","1","1","IAT1709190910","NHO2018000007","PAID","","193052"),
("IATT190002656","193052","191002","192010","20000","1","20000","0","20000","3","1","1","IAT1709190910","NHO2018000007","PAID","","193052"),
("IATT190002656","193056","191002","192010","17000","1","17000","0","17000","1","1","1","IAT1709190910","NHO2018000007","PAID","","193056"),
("IATT190002656","193055","191002","192010","17000","1","17000","0","17000","1","1","1","IAT1709190910","NHO2018000007","PAID","","193055"),
("IATT190002655","193118","191001","192012","20000","1","20000","0","20000","1","1","2","IAT1709190910","NHO2018000007","PAID","","193118"),
("IATT190002657","193082","191001","192001","30000","1","30000","0","30000","1","1","1","IAT1709190910","NHO2018000007","PAID","","193082"),
("IATT190002657","193034","191001","192005","37000","1","37000","0","37000","1","1","1","IAT1709190910","NHO2018000007","PAID","","193034"),
("IATT190002657","193010","191001","192001","40000","1","40000","0","40000","1","1","1","IAT1709190910","NHO2018000007","PAID","","193010"),
("IATT190002657","193054","191002","192010","20000","1","20000","0","20000","1","1","1","IAT1709190910","NHO2018000007","PAID","yg 1 lass ice dan lass sugar\nyg 1 biasa","193054"),
("IATT190002657","193054","191002","192010","20000","1","20000","0","20000","2","1","1","IAT1709190910","NHO2018000007","PAID","","193054"),
("IATT190002657","193049","191002","192010","10000","1","10000","0","10000","1","1","1","IAT1709190910","NHO2018000007","PAID","","193049"),
("IATT190002658","193083","191001","192001","30000","1","30000","15000","15000","1","1","1","IAT1709190910","NHO2018000007","PAID","","193083"),
("IATT190002658","193084","191001","192001","30000","1","30000","15000","15000","1","1","1","IAT1709190910","NHO2018000007","PAID","level 3","PEDAS"),
("IATT190002658","193049","191002","192010","10000","1","10000","0","10000","1","1","1","IAT1709190910","NHO2018000007","PAID","","193049"),
("IATT190002658","193049","191002","192010","10000","1","10000","0","10000","2","1","1","IAT1709190910","NHO2018000007","PAID","","193049"),
("IATT190002659","193006","191001","192001","37000","1","37000","18500","18500","1","1","1","IAT1709190910","NHO2018000007","PAID","","193006"),
("IATT190002659","193084","191001","192001","30000","1","30000","15000","15000","1","1","1","IAT1709190910","NHO2018000007","PAID","lv 2","PEDAS"),
("IATT190002659","193047","191002","192010","10000","1","10000","0","10000","1","1","1","IAT1709190910","NHO2018000007","PAID","","193047"),
("IATT190002659","193046","191002","192010","10000","1","10000","0","10000","1","1","1","IAT1709190910","NHO2018000007","PAID","","193046"),
("IATT190002659","193048","191002","192010","8000","1","8000","0","8000","1","1","1","IAT1709190910","NHO2018000007","PAID","","193048"),
("IATT190002660","193033","191001","192005","42000","1","42000","21000","21000","1","1","1","IAT1709190910","NHO2018000007","PAID","","193033"),
("IATT190002660","193056","191002","192010","17000","1","17000","0","17000","1","1","1","IAT1709190910","NHO2018000007","PAID","","193056"),
("IATT190002660","193055","191002","192010","17000","1","17000","0","17000","1","1","1","IAT1709190910","NHO2018000007","PAID","","193055"),
("IATT190002660","193038","191001","192006","36000","1","36000","18000","18000","1","1","1","IAT1709190910","NHO2018000007","PAID","","ORIGINAL"),
("IATT190002660","193118","191001","192012","20000","1","20000","10000","10000","1","1","1","IAT1709190910","NHO2018000007","PAID","","193118"),
("IATT190002661","193028","191001","192003","43000","1","43000","0","43000","1","1","1","IAT1709190910","NHO2018000007","PAID","","193028"),
("IATT190002661","193028","191001","192003","43000","1","43000","0","43000","2","1","1","IAT1709190910","NHO2018000007","PAID","","193028"),
("IATT190002661","193036","191001","192006","36000","1","36000","0","36000","1","1","1","IAT1709190910","NHO2018000007","PAID","","ORIGINAL"),
("IATT190002661","193036","191001","192006","36000","1","36000","0","36000","2","1","1","IAT1709190910","NHO2018000007","PAID","","ORIGINAL"),
("IATT190002661","193036","191001","192006","36000","1","36000","0","36000","3","1","1","IAT1709190910","NHO2018000007","PAID","","ORIGINAL"),
("IATT190002661","193036","191001","192006","36000","1","36000","0","36000","4","1","1","IAT1709190910","NHO2018000007","PAID","","ORIGINAL"),
("IATT190002661","193036","191001","192006","36000","1","36000","0","36000","5","1","1","IAT1709190910","NHO2018000007","PAID","","ORIGINAL"),
("IATT190002661","193032","191001","192004","30000","1","30000","0","30000","1","1","1","IAT1709190910","NHO2018000007","PAID","","193032"),
("IATT190002661","193036","191001","192006","36000","1","36000","0","36000","6","1","1","IAT1709190910","NHO2018000007","PAID","","ORIGINAL"),
("IATT190002661","193036","191001","192006","36000","1","36000","0","36000","7","1","1","IAT1709190910","NHO2018000007","PAID","","ORIGINAL"),
("IATT190002661","193036","191001","192006","36000","1","36000","0","36000","8","1","1","IAT1709190910","NHO2018000007","PAID","","ORIGINAL"),
("IATT190002658","193082","191001","192001","30000","1","30000","15000","15000","1","1","2","IAT1709190910","NHO2018000007","PAID","","193082"),
("IATT190002658","193049","191002","192010","10000","1","10000","0","10000","3","1","2","IAT1709190910","NHO2018000007","PAID","","193049"),
("IATT190002662","193086","191001","192002","33000","1","33000","16500","16500","1","1","1","IAT1709190910","NHO2018000007","PAID","level 2","PEDAS"),
("IATT190002662","193021","191001","192002","40000","1","40000","20000","20000","1","1","1","IAT1709190910","NHO2018000007","PAID","","PEDAS"),
("IATT190002662","193056","191002","192010","17000","1","17000","0","17000","1","1","1","IAT1709190910","NHO2018000007","PAID","","193056"),
("IATT190002662","193049","191002","192010","10000","1","10000","0","10000","1","1","1","IAT1709190910","NHO2018000007","PAID","","193049"),
("IATT190002663","193030","191001","192004","27000","1","27000","0","27000","1","1","1","IAT1709190910","NHO2018000007","PAID","","193030"),
("IATT190002663","193035","191001","192006","32000","1","32000","0","32000","1","1","1","IAT1709190910","NHO2018000007","PAID","","ORIGINAL"),
("IATT190002663","193046","191002","192010","10000","1","10000","0","10000","1","1","1","IAT1709190910","NHO2018000007","PAID","","193046"),
("IATT190002663","193047","191002","192010","10000","1","10000","0","10000","1","1","1","IAT1709190910","NHO2018000007","PAID","","193047"),
("IATT190002664","193086","191001","192002","33000","1","33000","16500","16500","1","1","1","IAT1709190910","NHO2018000007","PAID","level 2","PEDAS"),
("IATT190002664","193048","191002","192010","8000","1","8000","0","8000","1","1","1","IAT1709190910","NHO2018000007","PAID","","193048"),
("IATT190002665","193030","191001","192004","27000","1","27000","13500","13500","1","1","1","IAT1709190910","NHO2018000007","PAID","","193030"),
("IATT190002665","193082","191001","192001","30000","1","30000","15000","15000","1","1","1","IAT1709190910","NHO2018000007","PAID","","193082"),
("IATT190002665","193047","191002","192010","10000","1","10000","0","10000","1","1","1","IAT1709190910","NHO2018000007","PAID","","193047"),
("IATT190002665","193115","191001","192013","25000","1","25000","0","25000","1","1","1","IAT1709190910","NHO2018000007","PAID","","193115"),
("IATT190002666","193030","191001","192004","27000","1","27000","13500","13500","1","1","1","IAT1709190910","NHO2018000007","PAID","","193030"),
("IATT190002666","193086","191001","192002","33000","1","33000","16500","16500","1","1","1","IAT1709190910","NHO2018000007","PAID","level 1","PEDAS"),
("IATT190002666","193034","191001","192005","37000","1","37000","18500","18500","1","1","1","IAT1709190910","NHO2018000007","PAID","","193034"),
("IATT190002666","193047","191002","192010","10000","1","10000","0","10000","1","1","1","IAT1709190910","NHO2018000007","PAID","","193047"),
("IATT190002666","193056","191002","192010","17000","1","17000","0","17000","1","1","1","IAT1709190910","NHO2018000007","PAID","","193056"),
("IATT190002667","193005","191001","192001","37000","1","37000","0","37000","1","1","1","IAT1709190910","NHO2018000007","PAID","","193005"),
("IATT190002667","193055","191002","192010","17000","1","17000","0","17000","1","1","1","IAT1709190910","NHO2018000007","PAID","","193055"),
("IATT190002666","193047","191002","192010","10000","1","10000","0","10000","2","1","2","IAT1709190910","NHO2018000007","PAID","","193047"),
("IATT190002668","193084","191001","192001","30000","1","30000","15000","15000","1","1","1","IAT1709190910","NHO2018000007","PAID","level 3","PEDAS"),
("IATT190002668","193007","191001","192001","37000","1","37000","18500","18500","1","1","1","IAT1709190910","NHO2018000007","PAID","level 2","PEDAS"),
("IATT190002668","193054","191002","192010","20000","1","20000","0","20000","1","1","1","IAT1709190910","NHO2018000007","PAID","","193054"),
("IATT190002668","193056","191002","192010","17000","1","17000","0","17000","1","1","1","IAT1709190910","NHO2018000007","PAID","","193056"),
("IATT190002668","193071","191001","192012","18000","1","18000","9000","9000","1","1","1","IAT1709190910","NHO2018000007","PAID","","193071");



INSERT INTO pos_salestemp VALUES("IATT190002649","","4","242000","97000","14500","0","159500","160000","17/09/2019","11:39","2019-09-17","12:32:49","ISU000012","tbl0012","CLOSED","1","","IATR190002572","","","","","IAT1709190910","NHO2018000007"),
("IATT190002650","","0","152000","51000","10100","0","111100","150000","17/09/2019","12:00","2019-09-17","12:26:44","ISU000012","tbl0010","CLOSED","1","","IATR190002571","","","","","IAT1709190910","NHO2018000007"),
("IATT190002651","","4","184000","77000","10700","0","117700","117700","17/09/2019","12:10","2019-09-17","13:03:56","ISU000012","tbl0022","CLOSED","1","","IATR190002573","","","","","IAT1709190910","NHO2018000007"),
("IATT190002652","","5","234000","92000","14200","0","156200","156200","17/09/2019","12:15","2019-09-17","13:09:23","ISU000012","tbl0024","CLOSED","1","","IATR190002576","","","","","IAT1709190910","NHO2018000007"),
("IATT190002653","","2","107000","36500","7050","0","77550","100000","17/09/2019","12:36","2019-09-17","13:13:09","ISU000012","tbl0012","CLOSED","1","","IATR190002577","","","","","IAT1709190910","NHO2018000007"),
("IATT190002654","","2","97000","33500","6350","0","69850","70000","17/09/2019","12:37","2019-09-17","13:07:49","ISU000012","tbl0011","CLOSED","1","","IATR190002575","","","","","IAT1709190910","NHO2018000007"),
("IATT190002655","","1","60000","0","6000","0","66000","100000","17/09/2019","12:50","2019-09-17","13:04:53","ISU000012","tbl0010","CLOSED","1","","IATR190002574","","","","","IAT1709190910","NHO2018000007"),
("IATT190002656","","5","294000","0","29400","0","323400","350000","17/09/2019","12:51","2019-09-17","13:33:07","ISU000012","tbl0014","CLOSED","1","","IATR190002578","","","","","IAT1709190910","NHO2018000007"),
("IATT190002657","","3","157000","0","15700","0","172700","172700","17/09/2019","13:13","2019-09-17","13:43:10","ISU000012","tbl0018","CLOSED","1","","IATR190002579","","","","","IAT1709190910","NHO2018000007"),
("IATT190002658","","2","120000","45000","7500","0","82500","100000","17/09/2019","14:39","2019-09-17","15:29:20","ISU000012","tbl0011","CLOSED","1","","IATR190002581","","","","","IAT1709190910","NHO2018000007"),
("IATT190002659","","2","95000","33500","6150","0","67650","70000","17/09/2019","14:43","2019-09-17","15:17:20","ISU000012","tbl0012","CLOSED","1","","IATR190002580","","","","","IAT1709190910","NHO2018000007"),
("IATT190002660","","2","132000","49000","8300","0","91300","100000","17/09/2019","15:00","2019-09-17","16:01:14","ISU000012","tbl0010","CLOSED","1","","IATR190002582","","","","","IAT1709190910","NHO2018000007"),
("IATT190002661","","0","404000","0","40400","0","444400","444400","17/09/2019","15:01","2019-09-17","18:12:29","ISU000012","takeaway","CLOSED","1","","IATR190002585","","","","","IAT1709190910","NHO2018000007"),
("IATT190002662","","2","100000","36500","6350","0","69850","69850","17/09/2019","16:07","2019-09-17","17:38:36","ISU000012","tbl0012","CLOSED","1","","IATR190002584","","","","","IAT1709190910","NHO2018000007"),
("IATT190002663","","2","79000","0","7900","0","86900","86900","17/09/2019","17:05","2019-09-17","17:09:18","ISU000012","tbl0010","CLOSED","1","","IATR190002583","","","","","IAT1709190910","NHO2018000007"),
("IATT190002664","","0","41000","16500","2450","0","26950","40000","17/09/2019","17:38","2019-09-17","18:38:59","ISU000012","tbl0012","CLOSED","1","","IATR190002586","","","","","IAT1709190910","NHO2018000007"),
("IATT190002665","","2","92000","28500","6350","0","69850","100000","17/09/2019","18:24","2019-09-17","18:58:58","ISU000012","tbl0011","CLOSED","1","","IATR190002587","","","","","IAT1709190910","NHO2018000007"),
("IATT190002666","","2","134000","48500","8550","0","94050","94050","17/09/2019","19:30","2019-09-17","20:29:49","ISU000012","tbl0011","CLOSED","1","","IATR190002589","","","","","IAT1709190910","NHO2018000007"),
("IATT190002667","","1","54000","0","5400","0","59400","100000","17/09/2019","19:32","2019-09-17","20:13:25","ISU000012","tbl0023","CLOSED","1","","IATR190002588","","","","","IAT1709190910","NHO2018000007"),
("IATT190002668","","2","122000","42500","7950","0","87450","100000","17/09/2019","20:40","2019-09-17","21:20:20","ISU000012","tbl0011","CLOSED","1","","IATR190002590","","","","","IAT1709190910","NHO2018000007");






INSERT INTO pos_promotion_h VALUES("IATT190002650","NPRM18000017","DISC ITEM","1","51000","TUNJUKKAN JEMPOLMU","IAT1709190910","PAID","NHO2018000007"),
("IATT190002649","NPRM18000017","DISC ITEM","1","97000","TUNJUKKAN JEMPOLMU","IAT1709190910","PAID","NHO2018000007"),
("IATT190002651","NPRM18000017","DISC ITEM","1","77000","TUNJUKKAN JEMPOLMU","IAT1709190910","PAID","NHO2018000007"),
("IATT190002652","NPRM18000017","DISC ITEM","1","92000","TUNJUKKAN JEMPOLMU","IAT1709190910","PAID","NHO2018000007"),
("IATT190002654","NPRM18000017","DISC ITEM","1","33500","TUNJUKKAN JEMPOLMU","IAT1709190910","PAID","NHO2018000007"),
("IATT190002653","NPRM18000017","DISC ITEM","1","36500","TUNJUKKAN JEMPOLMU","IAT1709190910","PAID","NHO2018000007"),
("IATT190002659","NPRM18000017","DISC ITEM","1","33500","TUNJUKKAN JEMPOLMU","IAT1709190910","PAID","NHO2018000007"),
("IATT190002658","NPRM18000017","DISC ITEM","1","45000","TUNJUKKAN JEMPOLMU","IAT1709190910","PAID","NHO2018000007"),
("IATT190002660","NPRM18000017","DISC ITEM","1","49000","TUNJUKKAN JEMPOLMU","IAT1709190910","PAID","NHO2018000007"),
("IATT190002662","NPRM18000017","DISC ITEM","1","36500","TUNJUKKAN JEMPOLMU","IAT1709190910","PAID","NHO2018000007"),
("IATT190002664","NPRM18000017","DISC ITEM","1","16500","TUNJUKKAN JEMPOLMU","IAT1709190910","PAID","NHO2018000007"),
("IATT190002665","NPRM18000017","DISC ITEM","1","28500","TUNJUKKAN JEMPOLMU","IAT1709190910","PAID","NHO2018000007"),
("IATT190002666","NPRM18000017","DISC ITEM","1","48500","TUNJUKKAN JEMPOLMU","IAT1709190910","PAID","NHO2018000007"),
("IATT190002668","NPRM18000017","DISC ITEM","1","42500","TUNJUKKAN JEMPOLMU","IAT1709190910","PAID","NHO2018000007");



INSERT INTO pos_promotion_d VALUES("IATT190002650","NPRM18000017","DISC ITEM","1","1","193084","1","15000","IAT1709190910","PAID","NHO2018000007"),
("IATT190002650","NPRM18000017","DISC ITEM","1","1","193033","1","21000","IAT1709190910","PAID","NHO2018000007"),
("IATT190002650","NPRM18000017","DISC ITEM","1","1","193079","1","15000","IAT1709190910","PAID","NHO2018000007"),
("IATT190002649","NPRM18000017","DISC ITEM","1","1","193082","1","15000","IAT1709190910","PAID","NHO2018000007"),
("IATT190002649","NPRM18000017","DISC ITEM","1","1","193076","1","15000","IAT1709190910","PAID","NHO2018000007"),
("IATT190002649","NPRM18000017","DISC ITEM","1","1","193077","1","15000","IAT1709190910","PAID","NHO2018000007"),
("IATT190002649","NPRM18000017","DISC ITEM","1","1","193006","1","18500","IAT1709190910","PAID","NHO2018000007"),
("IATT190002649","NPRM18000017","DISC ITEM","1","1","193006","2","18500","IAT1709190910","PAID","NHO2018000007"),
("IATT190002649","NPRM18000017","DISC ITEM","1","1","193077","2","15000","IAT1709190910","PAID","NHO2018000007"),
("IATT190002651","NPRM18000017","DISC ITEM","1","1","193007","1","18500","IAT1709190910","PAID","NHO2018000007"),
("IATT190002651","NPRM18000017","DISC ITEM","1","1","193006","1","18500","IAT1709190910","PAID","NHO2018000007"),
("IATT190002651","NPRM18000017","DISC ITEM","1","1","193012","1","20000","IAT1709190910","PAID","NHO2018000007"),
("IATT190002651","NPRM18000017","DISC ITEM","1","1","193011","1","20000","IAT1709190910","PAID","NHO2018000007"),
("IATT190002652","NPRM18000017","DISC ITEM","1","1","193009","1","20000","IAT1709190910","PAID","NHO2018000007"),
("IATT190002652","NPRM18000017","DISC ITEM","1","1","193011","1","20000","IAT1709190910","PAID","NHO2018000007"),
("IATT190002652","NPRM18000017","DISC ITEM","1","1","193011","2","20000","IAT1709190910","PAID","NHO2018000007"),
("IATT190002652","NPRM18000017","DISC ITEM","1","1","193006","1","18500","IAT1709190910","PAID","NHO2018000007"),
("IATT190002652","NPRM18000017","DISC ITEM","1","1","193029","1","13500","IAT1709190910","PAID","NHO2018000007"),
("IATT190002654","NPRM18000017","DISC ITEM","1","1","193084","1","15000","IAT1709190910","PAID","NHO2018000007"),
("IATT190002654","NPRM18000017","DISC ITEM","1","1","193007","1","18500","IAT1709190910","PAID","NHO2018000007"),
("IATT190002653","NPRM18000017","DISC ITEM","1","1","193084","1","15000","IAT1709190910","PAID","NHO2018000007"),
("IATT190002653","NPRM18000017","DISC ITEM","1","1","193085","1","15000","IAT1709190910","PAID","NHO2018000007"),
("IATT190002653","NPRM18000017","DISC ITEM","1","1","193069","1","6500","IAT1709190910","PAID","NHO2018000007"),
("IATT190002659","NPRM18000017","DISC ITEM","1","1","193006","1","18500","IAT1709190910","PAID","NHO2018000007"),
("IATT190002659","NPRM18000017","DISC ITEM","1","1","193084","1","15000","IAT1709190910","PAID","NHO2018000007"),
("IATT190002658","NPRM18000017","DISC ITEM","1","1","193083","1","15000","IAT1709190910","PAID","NHO2018000007"),
("IATT190002658","NPRM18000017","DISC ITEM","1","1","193084","1","15000","IAT1709190910","PAID","NHO2018000007"),
("IATT190002658","NPRM18000017","DISC ITEM","1","1","193082","1","15000","IAT1709190910","PAID","NHO2018000007"),
("IATT190002660","NPRM18000017","DISC ITEM","1","1","193033","1","21000","IAT1709190910","PAID","NHO2018000007"),
("IATT190002660","NPRM18000017","DISC ITEM","1","1","193038","1","18000","IAT1709190910","PAID","NHO2018000007"),
("IATT190002660","NPRM18000017","DISC ITEM","1","1","193118","1","10000","IAT1709190910","PAID","NHO2018000007"),
("IATT190002662","NPRM18000017","DISC ITEM","1","1","193086","1","16500","IAT1709190910","PAID","NHO2018000007"),
("IATT190002662","NPRM18000017","DISC ITEM","1","1","193021","1","20000","IAT1709190910","PAID","NHO2018000007"),
("IATT190002664","NPRM18000017","DISC ITEM","1","1","193086","1","16500","IAT1709190910","PAID","NHO2018000007"),
("IATT190002665","NPRM18000017","DISC ITEM","1","1","193030","1","13500","IAT1709190910","PAID","NHO2018000007"),
("IATT190002665","NPRM18000017","DISC ITEM","1","1","193082","1","15000","IAT1709190910","PAID","NHO2018000007"),
("IATT190002666","NPRM18000017","DISC ITEM","1","1","193030","1","13500","IAT1709190910","PAID","NHO2018000007"),
("IATT190002666","NPRM18000017","DISC ITEM","1","1","193086","1","16500","IAT1709190910","PAID","NHO2018000007"),
("IATT190002666","NPRM18000017","DISC ITEM","1","1","193034","1","18500","IAT1709190910","PAID","NHO2018000007"),
("IATT190002668","NPRM18000017","DISC ITEM","1","1","193084","1","15000","IAT1709190910","PAID","NHO2018000007"),
("IATT190002668","NPRM18000017","DISC ITEM","1","1","193007","1","18500","IAT1709190910","PAID","NHO2018000007"),
("IATT190002668","NPRM18000017","DISC ITEM","1","1","193071","1","9000","IAT1709190910","PAID","NHO2018000007");



INSERT INTO pos_paymenttemp VALUES("IATT190002650","CASH","CASH","111100","150000","ISU000012","2019-09-17","","1","","CLOSED","IAT1709190910","NHO2018000007"),
("IATT190002649","CASH","CASH","159500","160000","ISU000012","2019-09-17","","1","","CLOSED","IAT1709190910","NHO2018000007"),
("IATT190002651","CASH","CASH","117700","117700","ISU000012","2019-09-17","","1","","CLOSED","IAT1709190910","NHO2018000007"),
("IATT190002655","CASH","CASH","66000","100000","ISU000012","2019-09-17","","1","","CLOSED","IAT1709190910","NHO2018000007"),
("IATT190002654","CASH","CASH","69850","70000","ISU000012","2019-09-17","","1","","CLOSED","IAT1709190910","NHO2018000007"),
("IATT190002652","CASH","CASH","156200","156200","ISU000012","2019-09-17","","1","","CLOSED","IAT1709190910","NHO2018000007"),
("IATT190002653","CASH","CASH","77550","100000","ISU000012","2019-09-17","","1","","CLOSED","IAT1709190910","NHO2018000007"),
("IATT190002656","CASH","CASH","323400","350000","ISU000012","2019-09-17","","1","","CLOSED","IAT1709190910","NHO2018000007"),
("IATT190002657","CARD","DEBIT BCA","172700","172700","ISU000012","2019-09-17","","1","","CLOSED","IAT1709190910","NHO2018000007"),
("IATT190002659","CASH","CASH","67650","70000","ISU000012","2019-09-17","","1","","CLOSED","IAT1709190910","NHO2018000007"),
("IATT190002658","CASH","CASH","82500","100000","ISU000012","2019-09-17","","1","","CLOSED","IAT1709190910","NHO2018000007"),
("IATT190002660","CASH","CASH","91300","100000","ISU000012","2019-09-17","","1","","CLOSED","IAT1709190910","NHO2018000007"),
("IATT190002663","CARD","MASTER","86900","86900","ISU000012","2019-09-17","","1","","CLOSED","IAT1709190910","NHO2018000007"),
("IATT190002662","CARD","MASTER","69850","69850","ISU000012","2019-09-17","","1","","CLOSED","IAT1709190910","NHO2018000007"),
("IATT190002661","CASH","CASH","444400","444400","ISU000012","2019-09-17","","1","","CLOSED","IAT1709190910","NHO2018000007"),
("IATT190002664","CASH","CASH","26950","40000","ISU000012","2019-09-17","","1","","CLOSED","IAT1709190910","NHO2018000007"),
("IATT190002665","CASH","CASH","69850","100000","ISU000012","2019-09-17","","1","","CLOSED","IAT1709190910","NHO2018000007"),
("IATT190002667","CASH","CASH","59400","100000","ISU000012","2019-09-17","","1","","CLOSED","IAT1709190910","NHO2018000007"),
("IATT190002666","CARD","MASTER","94050","94050","ISU000012","2019-09-17","","1","","CLOSED","IAT1709190910","NHO2018000007"),
("IATT190002668","CASH","CASH","87450","100000","ISU000012","2019-09-17","","1","","CLOSED","IAT1709190910","NHO2018000007");



