INSERT INTO pos_itemtemp VALUES("IATT190002625","193083","191001","192001","30000","1","30000","0","30000","1","1","1","IAT1509190937","NHO2018000007","PAID","pedes level 1","193083"),
("IATT190002625","193054","191002","192010","20000","1","20000","0","20000","1","1","1","IAT1509190937","NHO2018000007","PAID","less ice","193054"),
("IATT190002625","193056","191002","192010","17000","1","17000","0","17000","1","1","1","IAT1509190937","NHO2018000007","PAID","","193056"),
("IATT190002626","193036","191001","192006","36000","1","36000","14400","21600","1","1","1","IAT1509190937","NHO2018000007","PAID","","ORIGINAL"),
("IATT190002626","193036","191001","192006","36000","1","36000","14400","21600","2","1","1","IAT1509190937","NHO2018000007","PAID","","ORIGINAL"),
("IATT190002626","193005","191001","192001","37000","1","37000","14800","22200","1","1","1","IAT1509190937","NHO2018000007","PAID","","193005"),
("IATT190002626","193011","191001","192001","40000","1","40000","16000","24000","1","1","1","IAT1509190937","NHO2018000007","PAID","","PEDAS"),
("IATT190002626","193046","191002","192010","10000","1","10000","0","10000","1","1","1","IAT1509190937","NHO2018000007","PAID","","193046"),
("IATT190002626","193047","191002","192010","10000","1","10000","0","10000","1","1","1","IAT1509190937","NHO2018000007","PAID","","193047"),
("IATT190002626","193032","191001","192004","30000","1","30000","12000","18000","1","1","2","IAT1509190937","NHO2018000007","PAID","","193032"),
("IATT190002627","193034","191001","192005","37000","1","37000","18500","18500","1","1","1","IAT1509190937","NHO2018000007","PAID","","193034"),
("IATT190002627","193076","191001","192001","30000","1","30000","15000","15000","1","1","1","IAT1509190937","NHO2018000007","PAID","","193076"),
("IATT190002627","193055","191002","192010","17000","1","17000","0","17000","1","1","1","IAT1509190937","NHO2018000007","PAID","","193055"),
("IATT190002627","193056","191002","192010","17000","1","17000","0","17000","1","1","1","IAT1509190937","NHO2018000007","PAID","","193056"),
("IATT190002627","193034","191001","192005","37000","1","37000","18500","18500","2","1","2","IAT1509190937","NHO2018000007","PAID","","193034"),
("IATT190002628","193028","191001","192003","43000","1","43000","0","43000","1","1","1","IAT1509190937","NHO2018000007","PAID","","193028"),
("IATT190002628","193086","191001","192002","33000","1","33000","0","33000","1","1","1","IAT1509190937","NHO2018000007","PAID","","PEDAS"),
("IATT190002628","193056","191002","192010","17000","1","17000","0","17000","1","1","1","IAT1509190937","NHO2018000007","PAID","","193056"),
("IATT190002628","193084","191001","192001","30000","1","30000","0","30000","1","1","1","IAT1509190937","NHO2018000007","PAID","","PEDAS"),
("IATT190002628","193022","191001","192003","30000","1","30000","0","30000","1","1","1","IAT1509190937","NHO2018000007","PAID","","193022"),
("IATT190002628","193046","191002","192010","10000","1","10000","0","10000","1","1","1","IAT1509190937","NHO2018000007","PAID","","193046"),
("IATT190002628","193007","191001","192001","37000","1","37000","0","37000","1","1","1","IAT1509190937","NHO2018000007","PAID","","PEDAS"),
("IATT190002628","193052","191002","192010","20000","1","20000","0","20000","1","1","1","IAT1509190937","NHO2018000007","PAID","","193052"),
("IATT190002628","193052","191002","192010","20000","1","20000","0","20000","2","1","1","IAT1509190937","NHO2018000007","PAID","","193052"),
("IATT190002629","193010","191001","192001","40000","1","40000","20000","20000","1","1","1","IAT1509190937","NHO2018000007","PAID","chiken ktsu pisah","193010"),
("IATT190002629","193036","191001","192006","36000","1","36000","18000","18000","1","1","1","IAT1509190937","NHO2018000007","PAID","lv 2","PEDAS"),
("IATT190002629","193054","191002","192010","20000","1","20000","0","20000","1","1","1","IAT1509190937","NHO2018000007","PAID","","193054"),
("IATT190002630","193010","191001","192001","40000","1","40000","20000","20000","1","1","1","IAT1509190937","NHO2018000007","PAID","pedes,","193010"),
("IATT190002631","193020","191001","192002","40000","1","40000","0","40000","1","1","1","IAT1509190937","NHO2018000007","PAID","original","193020"),
("IATT190002631","193027","191001","192003","43000","1","43000","0","43000","1","1","1","IAT1509190937","NHO2018000007","PAID","","193027"),
("IATT190002631","193027","191001","192003","43000","1","43000","0","43000","2","1","1","IAT1509190937","NHO2018000007","PAID","","193027"),
("IATT190002631","193027","191001","192003","43000","1","43000","0","43000","3","1","1","IAT1509190937","NHO2018000007","PAID","","193027"),
("IATT190002632","193024","191001","192003","30000","1","30000","0","30000","1","1","1","IAT1509190937","NHO2018000007","PAID","","193024"),
("IATT190002632","193045","191001","192008","27000","1","27000","0","27000","1","1","1","IAT1509190937","NHO2018000007","PAID","","193045"),
("IATT190002632","193045","191001","192008","27000","1","27000","0","27000","2","1","1","IAT1509190937","NHO2018000007","PAID","","193045"),
("IATT190002632","193007","191001","192001","37000","1","37000","18500","18500","1","1","1","IAT1509190937","NHO2018000007","PAID","lv 1\nlv 2","PEDAS"),
("IATT190002632","193007","191001","192001","37000","1","37000","18500","18500","2","1","1","IAT1509190937","NHO2018000007","PAID","","PEDAS"),
("IATT190002632","193077","191001","192001","30000","1","30000","15000","15000","1","1","1","IAT1509190937","NHO2018000007","PAID","original","193077"),
("IATT190002632","193049","191002","192010","10000","1","10000","0","10000","1","1","1","IAT1509190937","NHO2018000007","PAID","","193049"),
("IATT190002632","193049","191002","192010","10000","1","10000","0","10000","2","1","1","IAT1509190937","NHO2018000007","PAID","","193049"),
("IATT190002632","193049","191002","192010","10000","1","10000","0","10000","3","1","1","IAT1509190937","NHO2018000007","PAID","","193049"),
("IATT190002632","193049","191002","192010","10000","1","10000","0","10000","4","1","1","IAT1509190937","NHO2018000007","PAID","","193049"),
("IATT190002632","193006","191001","192001","37000","1","37000","18500","18500","1","1","2","IAT1509190937","NHO2018000007","PAID","topping pake beef","193006"),
("IATT190002631","193049","191002","192010","10000","1","10000","0","10000","1","1","2","IAT1509190937","NHO2018000007","PAID","","193049"),
("IATT190002631","193049","191002","192010","10000","1","10000","0","10000","2","1","2","IAT1509190937","NHO2018000007","PAID","","193049"),
("IATT190002632","193023","191001","192003","30000","1","30000","0","30000","1","1","3","IAT1509190937","NHO2018000007","PAID","take away \nno. vegetable\nno salad","193023"),
("IATT190002632","193023","191001","192003","30000","1","30000","0","30000","2","1","3","IAT1509190937","NHO2018000007","PAID","","193023"),
("IATT190002632","193022","191001","192003","30000","1","30000","0","30000","1","1","3","IAT1509190937","NHO2018000007","PAID","take way \nno.salad","193022"),
("IATT190002633","193033","191001","192005","42000","1","42000","21000","21000","1","1","1","IAT1509190937","NHO2018000007","PAID","","193033"),
("IATT190002633","193035","191001","192006","32000","1","32000","16000","16000","1","1","1","IAT1509190937","NHO2018000007","PAID","level 2","PEDAS"),
("IATT190002633","193054","191002","192010","20000","1","20000","0","20000","1","1","2","IAT1509190937","NHO2018000007","PAID","","193054"),
("IATT190002633","193055","191002","192010","17000","1","17000","0","17000","1","1","2","IAT1509190937","NHO2018000007","PAID","","193055"),
("IATT190002634","193011","191001","192001","40000","1","40000","20000","20000","1","1","1","IAT1509190937","NHO2018000007","PAID","","PEDAS"),
("IATT190002634","193009","191001","192001","40000","1","40000","20000","20000","1","1","1","IAT1509190937","NHO2018000007","PAID","","193009"),
("IATT190002634","193055","191002","192010","17000","1","17000","0","17000","1","1","1","IAT1509190937","NHO2018000007","PAID","","193055"),
("IATT190002634","193051","191002","192010","20000","1","20000","0","20000","1","1","1","IAT1509190937","NHO2018000007","PAID","","193051"),
("IATT190002635","193082","191001","192001","30000","1","30000","15000","15000","1","1","1","IAT1509190937","NHO2018000007","PAID","","193082"),
("IATT190002635","193067","191001","192003","7000","1","7000","0","7000","1","1","1","IAT1509190937","NHO2018000007","PAID","","193067"),
("IATT190002635","193048","191002","192010","8000","1","8000","0","8000","1","1","1","IAT1509190937","NHO2018000007","PAID","","193048"),
("IATT190002635","193048","191002","192010","8000","1","8000","0","8000","2","1","1","IAT1509190937","NHO2018000007","PAID","","193048"),
("IATT190002635","193083","191001","192001","30000","1","30000","15000","15000","1","1","1","IAT1509190937","NHO2018000007","PAID","","193083"),
("IATT190002635","193072","191001","192012","25000","1","25000","12500","12500","1","1","1","IAT1509190937","NHO2018000007","PAID","","193072"),
("IATT190002636","193115","191001","192013","25000","1","25000","0","25000","1","1","1","IAT1509190937","NHO2018000007","PAID","","193115"),
("IATT190002636","193116","191001","192013","25000","1","25000","0","25000","1","1","1","IAT1509190937","NHO2018000007","PAID","","193116"),
("IATT190002636","193117","191001","192013","25000","1","25000","0","25000","1","1","1","IAT1509190937","NHO2018000007","PAID","","193117"),
("IATT190002637","193025","191001","192003","30000","1","30000","0","30000","1","1","1","IAT1509190937","NHO2018000007","PAID","","193025"),
("IATT190002637","193027","191001","192003","43000","1","43000","0","43000","1","1","1","IAT1509190937","NHO2018000007","PAID","","193027"),
("IATT190002637","193046","191002","192010","10000","1","10000","0","10000","1","1","1","IAT1509190937","NHO2018000007","PAID","","193046"),
("IATT190002637","193053","191002","192010","20000","1","20000","0","20000","1","1","1","IAT1509190937","NHO2018000007","PAID","","193053"),
("IATT190002637","193051","191002","192010","20000","1","20000","0","20000","1","1","1","IAT1509190937","NHO2018000007","PAID","","193051"),
("IATT190002637","193048","191002","192010","8000","1","8000","0","8000","1","1","1","IAT1509190937","NHO2018000007","PAID","","193048");



INSERT INTO pos_salestemp VALUES("IATT190002625","","2","67000","0","6700","0","73700","74000","15/09/2019","12:42","2019-09-15","13:27:22","ISU000012","tbl0012","CLOSED","1","","IATR190002549","","","","","IAT1509190937","NHO2018000007"),
("IATT190002626","","4","199000","71600","12740","0","140140","150200","15/09/2019","12:54","2019-09-15","13:23:23","ISU000012","tbl0011","CLOSED","1","","IATR190002548","","","","","IAT1509190937","NHO2018000007"),
("IATT190002627","","2","138000","52000","8600","0","94600","100000","15/09/2019","14:07","2019-09-15","14:48:44","ISU000012","tbl0011","CLOSED","1","","IATR190002550","","","","","IAT1509190937","NHO2018000007"),
("IATT190002628","","5","240000","0","24000","0","264000","300000","15/09/2019","14:13","2019-09-15","14:50:58","ISU000012","tbl0020","CLOSED","1","","IATR190002551","","","","","IAT1509190937","NHO2018000007"),
("IATT190002629","","2","96000","38000","5800","0","63800","64000","15/09/2019","14:31","2019-09-15","15:03:11","ISU000012","tbl0010","CLOSED","1","","IATR190002552","","","","","IAT1509190937","NHO2018000007"),
("IATT190002630","","1","40000","20000","2000","0","22000","22000","15/09/2019","14:45","2019-09-15","16:16:41","ISU000012","tbl0027","CLOSED","1","","IATR190002554","","","","","IAT1509190937","NHO2018000007"),
("IATT190002631","","4","189000","0","18900","0","207900","250000","15/09/2019","15:21","2019-09-15","16:01:39","ISU000012","tbl0011","CLOSED","1","","IATR190002553","","","","","IAT1509190937","NHO2018000007"),
("IATT190002632","","5","355000","70500","28450","0","312950","400000","15/09/2019","15:31","2019-09-15","16:39:38","ISU000012","tbl0014","CLOSED","1","","IATR190002555","","","","","IAT1509190937","NHO2018000007"),
("IATT190002633","","2","111000","37000","7400","0","81400","100000","15/09/2019","16:49","2019-09-15","17:32:12","ISU000012","tbl0012","CLOSED","1","","IATR190002556","","","","","IAT1509190937","NHO2018000007"),
("IATT190002634","","1","117000","40000","7700","0","84700","84700","15/09/2019","17:33","2019-09-15","18:17:38","ISU000012","tbl0010","CLOSED","1","","IATR190002557","","","","","IAT1509190937","NHO2018000007"),
("IATT190002635","","2","108000","42500","6550","0","72050","72050","15/09/2019","18:21","2019-09-15","19:06:29","ISU000012","tbl0012","CLOSED","1","","IATR190002558","","","","","IAT1509190937","NHO2018000007"),
("IATT190002636","","2","75000","0","7500","0","82500","100000","15/09/2019","19:32","2019-09-15","19:55:00","ISU000012","tbl0012","CLOSED","1","","IATR190002559","","","","","IAT1509190937","NHO2018000007"),
("IATT190002637","","2","131000","0","13100","0","144100","144100","15/09/2019","21:00","2019-09-15","21:02:23","ISU000012","tbl0011","CLOSED","1","","IATR190002560","","","","","IAT1509190937","NHO2018000007");






INSERT INTO pos_promotion_h VALUES("IATT190002626","NPRM18000010","DISC ITEM","1","71600","eatigo 40%","IAT1509190937","PAID","NHO2018000007"),
("IATT190002627","NPRM18000017","DISC ITEM","1","52000","TUNJUKKAN JEMPOLMU","IAT1509190937","PAID","NHO2018000007"),
("IATT190002629","NPRM18000017","DISC ITEM","1","38000","TUNJUKKAN JEMPOLMU","IAT1509190937","PAID","NHO2018000007"),
("IATT190002630","NPRM18000017","DISC ITEM","1","20000","TUNJUKKAN JEMPOLMU","IAT1509190937","PAID","NHO2018000007"),
("IATT190002632","NPRM18000017","DISC ITEM","1","70500","TUNJUKKAN JEMPOLMU","IAT1509190937","PAID","NHO2018000007"),
("IATT190002633","NPRM18000017","DISC ITEM","1","37000","TUNJUKKAN JEMPOLMU","IAT1509190937","PAID","NHO2018000007"),
("IATT190002634","NPRM18000017","DISC ITEM","1","40000","TUNJUKKAN JEMPOLMU","IAT1509190937","PAID","NHO2018000007"),
("IATT190002635","NPRM18000017","DISC ITEM","1","42500","TUNJUKKAN JEMPOLMU","IAT1509190937","PAID","NHO2018000007");



INSERT INTO pos_promotion_d VALUES("IATT190002626","NPRM18000010","DISC ITEM","1","1","193036","1","14400","IAT1509190937","PAID","NHO2018000007"),
("IATT190002626","NPRM18000010","DISC ITEM","1","1","193036","2","14400","IAT1509190937","PAID","NHO2018000007"),
("IATT190002626","NPRM18000010","DISC ITEM","1","1","193005","1","14800","IAT1509190937","PAID","NHO2018000007"),
("IATT190002626","NPRM18000010","DISC ITEM","1","1","193011","1","16000","IAT1509190937","PAID","NHO2018000007"),
("IATT190002626","NPRM18000010","DISC ITEM","1","1","193032","1","12000","IAT1509190937","PAID","NHO2018000007"),
("IATT190002627","NPRM18000017","DISC ITEM","1","1","193034","1","18500","IAT1509190937","PAID","NHO2018000007"),
("IATT190002627","NPRM18000017","DISC ITEM","1","1","193076","1","15000","IAT1509190937","PAID","NHO2018000007"),
("IATT190002627","NPRM18000017","DISC ITEM","1","1","193034","2","18500","IAT1509190937","PAID","NHO2018000007"),
("IATT190002629","NPRM18000017","DISC ITEM","1","1","193010","1","20000","IAT1509190937","PAID","NHO2018000007"),
("IATT190002629","NPRM18000017","DISC ITEM","1","1","193036","1","18000","IAT1509190937","PAID","NHO2018000007"),
("IATT190002630","NPRM18000017","DISC ITEM","1","1","193010","1","20000","IAT1509190937","PAID","NHO2018000007"),
("IATT190002632","NPRM18000017","DISC ITEM","1","1","193007","1","18500","IAT1509190937","PAID","NHO2018000007"),
("IATT190002632","NPRM18000017","DISC ITEM","1","1","193007","2","18500","IAT1509190937","PAID","NHO2018000007"),
("IATT190002632","NPRM18000017","DISC ITEM","1","1","193077","1","15000","IAT1509190937","PAID","NHO2018000007"),
("IATT190002632","NPRM18000017","DISC ITEM","1","1","193006","1","18500","IAT1509190937","PAID","NHO2018000007"),
("IATT190002633","NPRM18000017","DISC ITEM","1","1","193033","1","21000","IAT1509190937","PAID","NHO2018000007"),
("IATT190002633","NPRM18000017","DISC ITEM","1","1","193035","1","16000","IAT1509190937","PAID","NHO2018000007"),
("IATT190002634","NPRM18000017","DISC ITEM","1","1","193011","1","20000","IAT1509190937","PAID","NHO2018000007"),
("IATT190002634","NPRM18000017","DISC ITEM","1","1","193009","1","20000","IAT1509190937","PAID","NHO2018000007"),
("IATT190002635","NPRM18000017","DISC ITEM","1","1","193082","1","15000","IAT1509190937","PAID","NHO2018000007"),
("IATT190002635","NPRM18000017","DISC ITEM","1","1","193083","1","15000","IAT1509190937","PAID","NHO2018000007"),
("IATT190002635","NPRM18000017","DISC ITEM","1","1","193072","1","12500","IAT1509190937","PAID","NHO2018000007");



INSERT INTO pos_paymenttemp VALUES("IATT190002626","CASH","CASH","140140","150200","ISU000012","2019-09-15","","1","","CLOSED","IAT1509190937","NHO2018000007"),
("IATT190002625","CASH","CASH","73700","74000","ISU000012","2019-09-15","","1","","CLOSED","IAT1509190937","NHO2018000007"),
("IATT190002627","CASH","CASH","94600","100000","ISU000012","2019-09-15","","1","","CLOSED","IAT1509190937","NHO2018000007"),
("IATT190002628","CASH","CASH","264000","300000","ISU000012","2019-09-15","","1","","CLOSED","IAT1509190937","NHO2018000007"),
("IATT190002629","CASH","CASH","63800","64000","ISU000012","2019-09-15","","1","","CLOSED","IAT1509190937","NHO2018000007"),
("IATT190002631","CASH","CASH","207900","250000","ISU000012","2019-09-15","","1","","CLOSED","IAT1509190937","NHO2018000007"),
("IATT190002630","CARD","MASTER","22000","22000","ISU000012","2019-09-15","","1","","CLOSED","IAT1509190937","NHO2018000007"),
("IATT190002632","CASH","CASH","312950","400000","ISU000012","2019-09-15","","1","","CLOSED","IAT1509190937","NHO2018000007"),
("IATT190002633","CASH","CASH","81400","100000","ISU000012","2019-09-15","","1","","CLOSED","IAT1509190937","NHO2018000007"),
("IATT190002634","CARD","MASTER","84700","84700","ISU000012","2019-09-15","","1","","CLOSED","IAT1509190937","NHO2018000007"),
("IATT190002635","CARD","MASTER","72050","72050","ISU000012","2019-09-15","","1","","CLOSED","IAT1509190937","NHO2018000007"),
("IATT190002636","CASH","CASH","82500","100000","ISU000012","2019-09-15","","1","","CLOSED","IAT1509190937","NHO2018000007"),
("IATT190002637","CARD","MASTER","144100","144100","ISU000012","2019-09-15","","1","","CLOSED","IAT1509190937","NHO2018000007");



