INSERT INTO pos_itemtemp VALUES("IATT200005837","193022","191001","192003","30000","1","30000","0","30000","1","1","1","IAT1903200811","NHO2018000007","PAID","","193022"),
("IATT200005837","193072","191001","192012","25000","1","25000","0","25000","1","1","1","IAT1903200811","NHO2018000007","PAID","","193072"),
("IATT200005837","193096","191001","192008","50000","1","50000","0","50000","1","1","1","IAT1903200811","NHO2018000007","PAID","","193096"),
("IATT200005838","193022","191001","192003","30000","1","30000","0","30000","1","1","1","IAT1903200811","NHO2018000007","PAID","","193022"),
("IATT200005838","193032","191001","192004","30000","1","30000","0","30000","1","1","1","IAT1903200811","NHO2018000007","PAID","","193032"),
("IATT200005838","193028","191001","192003","43000","1","43000","0","43000","1","1","1","IAT1903200811","NHO2018000007","PAID","take away","193028"),
("IATT200005838","193048","191002","192010","8000","1","8000","0","8000","1","1","1","IAT1903200811","NHO2018000007","PAID","","193048"),
("IATT200005839","193022","191001","192003","30000","1","30000","0","30000","1","1","1","IAT1903200811","NHO2018000007","PAID","","193022"),
("IATT200005839","193034","191001","192005","37000","1","37000","0","37000","1","1","1","IAT1903200811","NHO2018000007","PAID","","193034"),
("IATT200005839","193072","191001","192012","25000","1","25000","0","25000","1","1","1","IAT1903200811","NHO2018000007","PAID","","193072"),
("IATT200005839","193047","191002","192010","10000","1","10000","0","10000","1","1","1","IAT1903200811","NHO2018000007","PAID","","193047"),
("IATT200005840","193080","191001","192002","33000","1","33000","0","33000","1","1","1","IAT1903200811","NHO2018000007","PAID","","PEDAS");



INSERT INTO pos_salestemp VALUES("IATT200005837","","2","105000","0","10500","0","115500","115500","19/03/2020","14:38","2020-03-19","14:40:21","ISU000006","takeaway","CLOSED","1","","IATR200005679","","","","","IAT1903200811","NHO2018000007"),
("IATT200005838","","2","111000","0","11100","0","122100","150000","19/03/2020","14:56","2020-03-19","15:36:08","ISU000006","tbl0010","CLOSED","1","","IATR200005680","","","","","IAT1903200811","NHO2018000007"),
("IATT200005839","","2","102000","0","10200","0","112200","120000","19/03/2020","16:21","2020-03-19","16:56:42","ISU000006","tbl0011","CLOSED","1","3120006","IATR200005681","","","","","IAT1903200811","NHO2018000007"),
("IATT200005840","","1","33000","0","3300","0","36300","36300","19/03/2020","18:16","2020-03-19","18:37:48","ISU000006","tbl0004","CLOSED","1","","IATR200005682","","","","","IAT1903200811","NHO2018000007");












INSERT INTO pos_paymenttemp VALUES("IATT200005837","VOUCHER","GIFT VOUCHER ISOIDE 100K","100000","100000","ISU000006","2020-03-19","","1","","CLOSED","IAT1903200811","NHO2018000007"),
("IATT200005837","CASH","CASH","15500","15500","ISU000006","2020-03-19","","1","","CLOSED","IAT1903200811","NHO2018000007"),
("IATT200005838","VOUCHER","GIFT VOUCHER ISOIDE 100K","100000","100000","ISU000006","2020-03-19","","1","","CLOSED","IAT1903200811","NHO2018000007"),
("IATT200005838","CASH","CASH","22100","50000","ISU000006","2020-03-19","","1","","CLOSED","IAT1903200811","NHO2018000007"),
("IATT200005839","VOUCHER","GIFT VOUCHER ISOIDE 100K","100000","100000","ISU000006","2020-03-19","","1","","CLOSED","IAT1903200811","NHO2018000007"),
("IATT200005839","CASH","CASH","12200","20000","ISU000006","2020-03-19","","1","","CLOSED","IAT1903200811","NHO2018000007"),
("IATT200005840","CASH","SHOPPEEPAY","36300","36300","ISU000006","2020-03-19","","1","","CLOSED","IAT1903200811","NHO2018000007");



