INSERT INTO pos_itemtemp VALUES("IATT200005294","193046","191002","192010","10000","1","10000","0","10000","1","1","1","IAT1202200850","NHO2018000007","PAID","","193046"),
("IATT200005294","193011","191001","192001","40000","1","40000","0","40000","1","1","1","IAT1202200850","NHO2018000007","PAID","","PEDAS"),
("IATT200005295","193007","191001","192001","37000","1","37000","0","37000","1","1","1","IAT1202200850","NHO2018000007","PAID","lv 2","PEDAS"),
("IATT200005295","193008","191001","192001","37000","1","37000","0","37000","1","1","1","IAT1202200850","NHO2018000007","PAID","","193008"),
("IATT200005295","193008","191001","192001","37000","1","37000","0","37000","2","1","1","IAT1202200850","NHO2018000007","PAID","","193008"),
("IATT200005295","193056","191002","192010","17000","1","17000","0","17000","1","1","1","IAT1202200850","NHO2018000007","PAID","","193056"),
("IATT200005295","193055","191002","192010","17000","1","17000","0","17000","1","1","1","IAT1202200850","NHO2018000007","PAID","","193055"),
("IATT200005295","193055","191002","192010","17000","1","17000","0","17000","2","1","1","IAT1202200850","NHO2018000007","PAID","","193055"),
("IATT200005296","193082","191001","192001","30000","1","30000","0","30000","1","1","1","IAT1202200850","NHO2018000007","PAID","","193082"),
("IATT200005296","193022","191001","192003","30000","1","30000","0","30000","1","1","1","IAT1202200850","NHO2018000007","PAID","","193022"),
("IATT200005296","193067","191001","192003","7000","1","7000","0","7000","1","1","1","IAT1202200850","NHO2018000007","PAID","","193067"),
("IATT200005296","193111","191001","192008","25000","1","25000","0","25000","1","1","1","IAT1202200850","NHO2018000007","PAID","","193111"),
("IATT200005296","193046","191002","192010","10000","1","10000","0","10000","1","1","1","IAT1202200850","NHO2018000007","PAID","","193046"),
("IATT200005296","193046","191002","192010","10000","1","10000","0","10000","2","1","1","IAT1202200850","NHO2018000007","PAID","","193046"),
("IATT200005296","193046","191002","192010","10000","1","10000","0","10000","3","1","1","IAT1202200850","NHO2018000007","PAID","","193046"),
("IATT200005297","193082","191001","192001","30000","1","30000","0","30000","1","1","1","IAT1202200850","NHO2018000007","PAID","","193082"),
("IATT200005297","193234","191001","192011","0","1","0","0","0","1","1","1","IAT1202200850","NHO2018000007","PAID","","193234"),
("IATT200005297","193056","191002","192010","17000","1","17000","0","17000","1","1","1","IAT1202200850","NHO2018000007","PAID","","193056"),
("IATT200005298","193018","191001","192002","37000","1","37000","0","37000","1","1","1","IAT1202200850","NHO2018000007","PAID","","ORIGINAL"),
("IATT200005298","193046","191002","192010","10000","1","10000","0","10000","1","1","1","IAT1202200850","NHO2018000007","PAID","","193046"),
("IATT200005299","193078","191001","192001","30000","1","30000","0","30000","1","1","1","IAT1202200850","NHO2018000007","PAID","","PEDAS"),
("IATT200005299","193233","191001","192011","0","1","0","0","0","1","1","1","IAT1202200850","NHO2018000007","PAID","pedas","193233"),
("IATT200005300","193076","191001","192001","30000","1","30000","0","30000","1","1","1","IAT1202200850","NHO2018000007","PAID","PEDES","193076"),
("IATT200005301","193084","191001","192001","30000","1","30000","0","30000","1","1","1","IAT1202200850","NHO2018000007","PAID","","PEDAS"),
("IATT200005301","193232","191001","192011","0","1","0","0","0","1","1","1","IAT1202200850","NHO2018000007","PAID","","193232"),
("IATT200005301","193055","191002","192010","17000","1","17000","0","17000","1","1","1","IAT1202200850","NHO2018000007","PAID","","193055"),
("IATT200005301","193055","191002","192010","17000","1","17000","0","17000","2","1","1","IAT1202200850","NHO2018000007","PAID","","193055"),
("IATT200005302","193082","191001","192001","30000","1","30000","0","30000","1","1","1","IAT1202200850","NHO2018000007","PAID","","193082"),
("IATT200005302","193230","191001","192011","0","1","0","0","0","1","1","1","IAT1202200850","NHO2018000007","PAID","","193230"),
("IATT200005302","193047","191002","192010","10000","1","10000","0","10000","1","1","1","IAT1202200850","NHO2018000007","PAID","","193047"),
("IATT200005303","193011","191001","192001","40000","1","40000","0","40000","1","1","1","IAT1202200850","NHO2018000007","PAID","SEDANG","PEDAS"),
("IATT200005303","193118","191001","192012","20000","1","20000","0","20000","1","1","1","IAT1202200850","NHO2018000007","PAID","","193118"),
("IATT200005303","193046","191002","192010","10000","1","10000","0","10000","1","1","1","IAT1202200850","NHO2018000007","PAID","","193046"),
("IATT200005300","193234","191001","192011","0","1","0","0","0","1","1","2","IAT1202200850","NHO2018000007","PAID","PEDESS","193234"),
("IATT200005304","193084","191001","192001","30000","1","30000","0","30000","1","1","1","IAT1202200850","NHO2018000007","PAID","","PEDAS"),
("IATT200005304","193232","191001","192011","0","1","0","0","0","1","1","1","IAT1202200850","NHO2018000007","PAID","","193232"),
("IATT200005304","193047","191002","192010","10000","1","10000","0","10000","1","1","1","IAT1202200850","NHO2018000007","PAID","","193047"),
("IATT200005304","193046","191002","192010","10000","1","10000","0","10000","1","1","1","IAT1202200850","NHO2018000007","PAID","","193046"),
("IATT200005305","193022","191001","192003","30000","1","30000","0","30000","1","1","1","IAT1202200850","NHO2018000007","PAID","","193022"),
("IATT200005305","193056","191002","192010","17000","1","17000","0","17000","1","1","1","IAT1202200850","NHO2018000007","PAID","","193056"),
("IATT200005306","193084","191001","192001","30000","1","30000","0","30000","1","1","1","IAT1202200850","NHO2018000007","PAID","","PEDAS"),
("IATT200005306","193232","191001","192011","0","1","0","0","0","1","1","1","IAT1202200850","NHO2018000007","PAID","","193232"),
("IATT200005306","193052","191002","192010","20000","1","20000","0","20000","1","1","1","IAT1202200850","NHO2018000007","PAID","","193052"),
("IATT200005306","193055","191002","192010","17000","1","17000","0","17000","1","1","1","IAT1202200850","NHO2018000007","PAID","","193055"),
("IATT200005306","193069","191001","192012","13000","1","13000","0","13000","1","1","1","IAT1202200850","NHO2018000007","PAID","","193069"),
("IATT200005307","193084","191001","192001","30000","1","30000","0","30000","1","1","1","IAT1202200850","NHO2018000007","PAID","","PEDAS"),
("IATT200005307","193236","191001","192011","0","1","0","0","0","1","1","1","IAT1202200850","NHO2018000007","PAID","","193236"),
("IATT200005308","193078","191001","192001","30000","1","30000","0","30000","1","1","1","IAT1202200850","NHO2018000007","PAID","","PEDAS"),
("IATT200005308","193235","191001","192011","0","1","0","0","0","1","1","1","IAT1202200850","NHO2018000007","PAID","","193235"),
("IATT200005308","193056","191002","192010","17000","1","17000","0","17000","1","1","1","IAT1202200850","NHO2018000007","PAID","","193056"),
("IATT200005308","193055","191002","192010","17000","1","17000","0","17000","1","1","1","IAT1202200850","NHO2018000007","PAID","","193055");



INSERT INTO pos_salestemp VALUES("IATT200005294","","1","50000","0","5000","0","55000","100000","12/02/2020","11:22","2020-02-12","12:23:27","ISU000006","tbl0005","CLOSED","1","","IATR200005150","","","","","IAT1202200850","NHO2018000007"),
("IATT200005295","","3","162000","0","16200","0","178200","200000","12/02/2020","12:36","2020-02-12","13:08:48","ISU000006","tbl0012","CLOSED","1","","IATR200005151","","","","","IAT1202200850","NHO2018000007"),
("IATT200005296","","3","122000","0","12200","0","134200","150000","12/02/2020","12:40","2020-02-12","13:18:46","ISU000006","tbl0010","CLOSED","1","","IATR200005152","","","","","IAT1202200850","NHO2018000007"),
("IATT200005297","","1","47000","0","4700","0","51700","52000","12/02/2020","13:08","2020-02-12","14:08:31","ISU000006","tbl0011","CLOSED","1","","IATR200005154","","","","","IAT1202200850","NHO2018000007"),
("IATT200005298","","1","47000","0","4700","0","51700","52000","12/02/2020","13:16","2020-02-12","13:40:25","ISU000006","tbl0005","CLOSED","1","","IATR200005153","","","","","IAT1202200850","NHO2018000007"),
("IATT200005299","","1","30000","0","3000","0","33000","40000","12/02/2020","16:00","2020-02-12","18:19:13","ISU000015","tbl0018","CLOSED","1","","IATR200005158","","","","","IAT1202200850","NHO2018000007"),
("IATT200005300","","1","30000","0","3000","0","33000","100000","12/02/2020","16:02","2020-02-12","18:19:56","ISU000015","tbl0050","CLOSED","1","","IATR200005159","","","","","IAT1202200850","NHO2018000007"),
("IATT200005301","","2","64000","0","6400","0","70400","100000","12/02/2020","16:12","2020-02-12","16:37:11","ISU000006","tbl0010","CLOSED","1","","IATR200005155","","","","","IAT1202200850","NHO2018000007"),
("IATT200005302","","2","40000","0","4000","0","44000","50000","12/02/2020","16:16","2020-02-12","17:01:17","ISU000006","tbl0012","CLOSED","1","","IATR200005157","","","","","IAT1202200850","NHO2018000007"),
("IATT200005303","","1","70000","0","7000","0","77000","100000","12/02/2020","16:18","2020-02-12","16:59:06","ISU000006","tbl0013","CLOSED","1","","IATR200005156","","","","","IAT1202200850","NHO2018000007"),
("IATT200005304","","2","50000","0","5000","0","55000","55000","12/02/2020","18:12","2020-02-12","19:03:15","ISU000015","tbl0012","CLOSED","1","","IATR200005161","","","","","IAT1202200850","NHO2018000007"),
("IATT200005305","","1","47000","0","4700","0","51700","52000","12/02/2020","18:13","2020-02-12","18:54:52","ISU000015","tbl0010","CLOSED","1","","IATR200005160","","","","","IAT1202200850","NHO2018000007"),
("IATT200005306","","2","80000","0","8000","0","88000","100000","12/02/2020","18:57","2020-02-12","19:32:14","ISU000015","tbl0011","CLOSED","1","","IATR200005162","","","","","IAT1202200850","NHO2018000007"),
("IATT200005307","","2","30000","0","3000","0","33000","100000","12/02/2020","19:31","2020-02-12","20:18:32","ISU000015","tbl0010","CLOSED","1","","IATR200005163","","","","","IAT1202200850","NHO2018000007"),
("IATT200005308","","2","64000","0","6400","0","70400","70400","12/02/2020","19:58","2020-02-12","20:30:14","ISU000015","tbl0012","CLOSED","1","","IATR200005164","","","","","IAT1202200850","NHO2018000007");












INSERT INTO pos_paymenttemp VALUES("IATT200005294","CASH","CASH","55000","100000","ISU000006","2020-02-12","","1","","CLOSED","IAT1202200850","NHO2018000007"),
("IATT200005295","CASH","CASH","178200","200000","ISU000006","2020-02-12","","1","","CLOSED","IAT1202200850","NHO2018000007"),
("IATT200005296","CASH","CASH","134200","150000","ISU000006","2020-02-12","","1","","CLOSED","IAT1202200850","NHO2018000007"),
("IATT200005298","CASH","CASH","51700","52000","ISU000006","2020-02-12","","1","","CLOSED","IAT1202200850","NHO2018000007"),
("IATT200005297","CASH","CASH","51700","52000","ISU000006","2020-02-12","","1","","CLOSED","IAT1202200850","NHO2018000007"),
("IATT200005301","CASH","CASH","70400","100000","ISU000006","2020-02-12","","1","","CLOSED","IAT1202200850","NHO2018000007"),
("IATT200005303","CASH","CASH","77000","100000","ISU000006","2020-02-12","","1","","CLOSED","IAT1202200850","NHO2018000007"),
("IATT200005302","CASH","CASH","44000","50000","ISU000006","2020-02-12","","1","","CLOSED","IAT1202200850","NHO2018000007"),
("IATT200005299","CASH","CASH","33000","40000","ISU000015","2020-02-12","","1","","CLOSED","IAT1202200850","NHO2018000007"),
("IATT200005300","CASH","CASH","33000","100000","ISU000015","2020-02-12","","1","","CLOSED","IAT1202200850","NHO2018000007"),
("IATT200005305","CASH","CASH","51700","52000","ISU000015","2020-02-12","","1","","CLOSED","IAT1202200850","NHO2018000007"),
("IATT200005304","CASH","CASH","55000","55000","ISU000015","2020-02-12","","1","","CLOSED","IAT1202200850","NHO2018000007"),
("IATT200005306","CASH","CASH","88000","100000","ISU000015","2020-02-12","","1","","CLOSED","IAT1202200850","NHO2018000007"),
("IATT200005307","CASH","CASH","33000","100000","ISU000015","2020-02-12","","1","","CLOSED","IAT1202200850","NHO2018000007"),
("IATT200005308","CARD","MASTER","70400","70400","ISU000015","2020-02-12","","1","","CLOSED","IAT1202200850","NHO2018000007");



