INSERT INTO pos_itemtemp VALUES("IATT200005357","193050","191002","192010","20000","1","20000","0","20000","1","1","1","IAT1502200956","NHO2018000007","PAID","","193050"),
("IATT200005357","193054","191002","192010","20000","1","20000","0","20000","1","1","1","IAT1502200956","NHO2018000007","PAID","","193054"),
("IATT200005357","193009","191001","192001","40000","1","40000","0","40000","1","1","1","IAT1502200956","NHO2018000007","PAID","","193009"),
("IATT200005357","193033","191001","192005","42000","1","42000","0","42000","1","1","1","IAT1502200956","NHO2018000007","PAID","","193033"),
("IATT200005359","193084","191001","192001","30000","1","30000","0","30000","1","1","1","IAT1502200956","NHO2018000007","PAID"," take away","PEDAS"),
("IATT200005359","193078","191001","192001","30000","1","30000","0","30000","1","1","1","IAT1502200956","NHO2018000007","PAID","  take away","PEDAS"),
("IATT200005360","193113","191001","192003","55000","1","55000","0","55000","1","1","1","IAT1502200956","NHO2018000007","PAID","","193113"),
("IATT200005360","193046","191002","192010","10000","1","10000","0","10000","1","1","1","IAT1502200956","NHO2018000007","PAID","","193046"),
("IATT200005361","193085","191001","192001","30000","1","30000","0","30000","1","1","1","IAT1502200956","NHO2018000007","PAID","","193085"),
("IATT200005361","193079","191001","192001","30000","1","30000","0","30000","1","1","1","IAT1502200956","NHO2018000007","PAID","","193079"),
("IATT200005362","193044","191001","192008","25000","1","25000","0","25000","1","1","1","IAT1502200956","NHO2018000007","PAID","","193044"),
("IATT200005362","193055","191002","192010","17000","1","17000","0","17000","1","1","1","IAT1502200956","NHO2018000007","PAID","","193055"),
("IATT200005363","193113","191001","192003","55000","1","55000","0","55000","1","1","1","IAT1502200956","NHO2018000007","PAID","","193113"),
("IATT200005363","193052","191002","192010","20000","1","20000","0","20000","1","1","1","IAT1502200956","NHO2018000007","PAID","","193052"),
("IATT200005364","193052","191002","192010","20000","1","20000","0","20000","1","1","1","IAT1502200956","NHO2018000007","PAID","","193052"),
("IATT200005364","193052","191002","192010","20000","1","20000","0","20000","2","1","1","IAT1502200956","NHO2018000007","PAID","","193052"),
("IATT200005364","193051","191002","192010","20000","1","20000","0","20000","1","1","1","IAT1502200956","NHO2018000007","PAID","","193051"),
("IATT200005364","193048","191002","192010","8000","1","8000","0","8000","1","1","1","IAT1502200956","NHO2018000007","PAID","","193048"),
("IATT200005364","193048","191002","192010","8000","1","8000","0","8000","2","1","1","IAT1502200956","NHO2018000007","PAID","","193048"),
("IATT200005365","193047","191002","192010","10000","1","10000","0","10000","1","1","1","IAT1502200956","NHO2018000007","PAID","","193047"),
("IATT200005365","193047","191002","192010","10000","1","10000","0","10000","2","1","1","IAT1502200956","NHO2018000007","PAID","","193047"),
("IATT200005365","193047","191002","192010","10000","1","10000","0","10000","3","1","1","IAT1502200956","NHO2018000007","PAID","","193047"),
("IATT200005365","193008","191001","192001","37000","1","37000","0","37000","1","1","1","IAT1502200956","NHO2018000007","PAID","","193008"),
("IATT200005365","193007","191001","192001","37000","1","37000","0","37000","1","1","1","IAT1502200956","NHO2018000007","PAID","","PEDAS"),
("IATT200005365","193007","191001","192001","37000","1","37000","0","37000","2","1","2","IAT1502200956","NHO2018000007","PAID","","PEDAS"),
("IATT200005365","193035","191001","192006","32000","1","32000","0","32000","1","1","3","IAT1502200956","NHO2018000007","PAID","","ORIGINAL"),
("IATT200005365","193047","191002","192010","10000","1","10000","0","10000","4","1","4","IAT1502200956","NHO2018000007","PAID","","193047"),
("IATT200005366","193253","191001","192013","25000","1","25000","0","25000","1","1","1","IAT1502200956","NHO2018000007","PAID","","193253"),
("IATT200005366","193239","191001","192013","25000","1","25000","0","25000","1","1","1","IAT1502200956","NHO2018000007","PAID","","193239"),
("IATT200005367","193252","191001","192013","25000","1","25000","0","25000","1","1","1","IAT1502200956","NHO2018000007","PAID","","193252"),
("IATT200005367","193241","191001","192013","25000","1","25000","0","25000","1","1","1","IAT1502200956","NHO2018000007","PAID","","193241"),
("IATT200005368","193028","191001","192003","43000","1","43000","0","43000","1","1","1","IAT1502200956","NHO2018000007","PAID","","193028"),
("IATT200005368","193039","191001","192006","36000","1","36000","0","36000","1","1","1","IAT1502200956","NHO2018000007","PAID","jangan terlalu pedes","PEDAS"),
("IATT200005368","193047","191002","192010","10000","1","10000","0","10000","1","1","1","IAT1502200956","NHO2018000007","PAID","","193047"),
("IATT200005368","193054","191002","192010","20000","1","20000","0","20000","1","1","1","IAT1502200956","NHO2018000007","PAID","","193054"),
("IATT200005369","193007","191001","192001","37000","1","37000","0","37000","1","1","1","IAT1502200956","NHO2018000007","PAID","","PEDAS"),
("IATT200005369","193087","191001","192002","33000","1","33000","0","33000","1","1","1","IAT1502200956","NHO2018000007","PAID","","193087"),
("IATT200005369","193056","191002","192010","17000","1","17000","0","17000","1","1","1","IAT1502200956","NHO2018000007","PAID","","193056"),
("IATT200005369","193055","191002","192010","17000","1","17000","0","17000","1","1","1","IAT1502200956","NHO2018000007","PAID","","193055"),
("IATT200005370","193084","191001","192001","30000","1","30000","0","30000","1","1","1","IAT1502200956","NHO2018000007","PAID","lv 1","PEDAS"),
("IATT200005370","193047","191002","192010","10000","1","10000","0","10000","1","1","1","IAT1502200956","NHO2018000007","PAID","","193047"),
("IATT200005370","193047","191002","192010","10000","1","10000","0","10000","2","1","1","IAT1502200956","NHO2018000007","PAID","","193047"),
("IATT200005370","193036","191001","192006","36000","1","36000","0","36000","1","1","1","IAT1502200956","NHO2018000007","PAID","","ORIGINAL"),
("IATT200005371","193078","191001","192001","30000","1","30000","0","30000","1","1","1","IAT1502200956","NHO2018000007","PAID","","PEDAS"),
("IATT200005371","193035","191001","192006","32000","1","32000","0","32000","1","1","1","IAT1502200956","NHO2018000007","PAID","","PEDAS"),
("IATT200005371","193056","191002","192010","17000","1","17000","0","17000","1","1","1","IAT1502200956","NHO2018000007","PAID","","193056"),
("IATT200005371","193055","191002","192010","17000","1","17000","0","17000","1","1","1","IAT1502200956","NHO2018000007","PAID","","193055"),
("IATT200005372","193054","191002","192010","20000","1","20000","0","20000","1","1","1","IAT1502200956","NHO2018000007","PAID","","193054"),
("IATT200005373","193248","191001","192013","25000","1","25000","0","25000","1","1","1","IAT1502200956","NHO2018000007","PAID","","193248"),
("IATT200005373","193244","191001","192013","25000","1","25000","0","25000","1","1","1","IAT1502200956","NHO2018000007","PAID","","193244"),
("IATT200005373","193112","191001","192003","50000","1","50000","0","50000","1","1","1","IAT1502200956","NHO2018000007","PAID","","193112"),
("IATT200005373","193054","191002","192010","20000","1","20000","0","20000","1","1","1","IAT1502200956","NHO2018000007","PAID","","193054"),
("IATT200005374","193087","191001","192002","33000","1","33000","0","33000","1","1","1","IAT1502200956","NHO2018000007","PAID","","193087"),
("IATT200005374","193081","191001","192002","33000","1","33000","0","33000","1","1","1","IAT1502200956","NHO2018000007","PAID","","193081"),
("IATT200005374","193038","191001","192006","36000","1","36000","0","36000","1","1","1","IAT1502200956","NHO2018000007","PAID","SEDANG","PEDAS"),
("IATT200005374","193052","191002","192010","20000","1","20000","0","20000","1","1","1","IAT1502200956","NHO2018000007","PAID","","193052"),
("IATT200005374","193050","191002","192010","20000","1","20000","0","20000","1","1","1","IAT1502200956","NHO2018000007","PAID","","193050"),
("IATT200005374","193051","191002","192010","20000","1","20000","0","20000","1","1","1","IAT1502200956","NHO2018000007","PAID","","193051"),
("IATT200005375","193255","191001","192013","25000","1","25000","0","25000","1","1","1","IAT1502200956","NHO2018000007","PAID","PEDES","193255"),
("IATT200005375","193243","191001","192013","25000","1","25000","0","25000","1","1","1","IAT1502200956","NHO2018000007","PAID","","193243"),
("IATT200005375","193046","191002","192010","10000","1","10000","0","10000","1","1","1","IAT1502200956","NHO2018000007","PAID","","193046"),
("IATT200005375","193054","191002","192010","20000","1","20000","0","20000","1","1","1","IAT1502200956","NHO2018000007","PAID","","193054"),
("IATT200005376","193005","191001","192001","37000","1","37000","0","37000","1","1","1","IAT1502200956","NHO2018000007","PAID","","193005"),
("IATT200005376","193078","191001","192001","30000","1","30000","0","30000","1","1","1","IAT1502200956","NHO2018000007","PAID","","PEDAS"),
("IATT200005376","193118","191001","192012","20000","1","20000","0","20000","1","1","1","IAT1502200956","NHO2018000007","PAID","","193118"),
("IATT200005376","193047","191002","192010","10000","1","10000","0","10000","1","1","1","IAT1502200956","NHO2018000007","PAID","","193047"),
("IATT200005376","193047","191002","192010","10000","1","10000","0","10000","2","1","1","IAT1502200956","NHO2018000007","PAID","","193047"),
("IATT200005377","193085","191001","192001","30000","1","30000","0","30000","1","1","1","IAT1502200956","NHO2018000007","PAID","","193085"),
("IATT200005377","193070","191001","192012","13000","1","13000","0","13000","1","1","1","IAT1502200956","NHO2018000007","PAID","","193070"),
("IATT200005377","193118","191001","192012","20000","1","20000","0","20000","1","1","1","IAT1502200956","NHO2018000007","PAID","","193118"),
("IATT200005375","193048","191002","192010","8000","1","8000","0","8000","1","1","2","IAT1502200956","NHO2018000007","PAID","","193048"),
("IATT200005378","193084","191001","192001","30000","1","30000","0","30000","1","1","1","IAT1502200956","NHO2018000007","PAID","","ORIGINAL"),
("IATT200005378","193053","191002","192010","20000","1","20000","0","20000","1","1","1","IAT1502200956","NHO2018000007","PAID","","193053"),
("IATT200005378","193048","191002","192010","8000","1","8000","0","8000","1","1","1","IAT1502200956","NHO2018000007","PAID","","193048"),
("IATT200005379","193255","191001","192013","25000","1","25000","0","25000","1","1","1","IAT1502200956","NHO2018000007","PAID","sedang","193255"),
("IATT200005379","193242","191001","192013","25000","1","25000","0","25000","1","1","1","IAT1502200956","NHO2018000007","PAID","","193242"),
("IATT200005379","193049","191002","192010","10000","1","10000","0","10000","1","1","1","IAT1502200956","NHO2018000007","PAID","","193049"),
("IATT200005379","193049","191002","192010","10000","1","10000","0","10000","2","1","1","IAT1502200956","NHO2018000007","PAID","","193049"),
("IATT200005380","193011","191001","192001","40000","1","40000","0","40000","1","1","1","IAT1502200956","NHO2018000007","PAID","","PEDAS"),
("IATT200005380","193080","191001","192002","33000","1","33000","0","33000","1","1","1","IAT1502200956","NHO2018000007","PAID","","PEDAS"),
("IATT200005380","193055","191002","192010","17000","1","17000","0","17000","1","1","1","IAT1502200956","NHO2018000007","PAID","","193055"),
("IATT200005380","193047","191002","192010","10000","1","10000","0","10000","1","1","1","IAT1502200956","NHO2018000007","PAID","","193047"),
("IATT200005381","193084","191001","192001","30000","1","30000","0","30000","1","1","1","IAT1502200956","NHO2018000007","PAID","","PEDAS"),
("IATT200005381","193078","191001","192001","30000","1","30000","0","30000","1","1","1","IAT1502200956","NHO2018000007","PAID","","PEDAS"),
("IATT200005381","193047","191002","192010","10000","1","10000","0","10000","1","1","1","IAT1502200956","NHO2018000007","PAID","","193047"),
("IATT200005381","193047","191002","192010","10000","1","10000","0","10000","2","1","1","IAT1502200956","NHO2018000007","PAID","","193047");



INSERT INTO pos_salestemp VALUES("IATT200005357","","2","122000","0","12200","0","134200","150000","15/02/2020","10:18","2020-02-15","10:51:02","ISU000004","tbl0012","CLOSED","1","","IATR200005213","","","","","IAT1502200956","NHO2018000007"),
("IATT200005358","","1","0","0","0","0","0","0","15/02/2020","10:49","15/02/2020","10:49:53","ISU000004","tbl0004","CANCELED","1","PERMINTAAN CUSTOMER","","","","","","IAT1502200956","NHO2018000007"),
("IATT200005359","","1","60000","0","6000","0","66000","100000","15/02/2020","10:49","2020-02-15","10:50:31","ISU000004","takeaway","CLOSED","1","","IATR200005212","","","","","IAT1502200956","NHO2018000007"),
("IATT200005360","","1","65000","0","6500","0","71500","75000","15/02/2020","12:00","2020-02-15","12:26:12","ISU000004","tbl0012","CLOSED","1","","IATR200005214","","","","","IAT1502200956","NHO2018000007"),
("IATT200005361","","2","60000","0","6000","0","66000","100000","15/02/2020","12:11","2020-02-15","12:53:04","ISU000004","tbl0010","CLOSED","1","","IATR200005215","","","","","IAT1502200956","NHO2018000007"),
("IATT200005362","","1","42000","0","4200","0","46200","46200","15/02/2020","13:50","2020-02-15","14:22:29","ISU000004","tbl0012","CLOSED","1","","IATR200005217","","","","","IAT1502200956","NHO2018000007"),
("IATT200005363","","1","75000","0","7500","0","82500","100000","15/02/2020","14:04","2020-02-15","14:27:57","ISU000006","tbl0010","CLOSED","1","","IATR200005218","","","","","IAT1502200956","NHO2018000007"),
("IATT200005364","","3","76000","0","7600","0","83600","100000","15/02/2020","14:11","2020-02-15","14:14:27","ISU000004","tbl0014","CLOSED","1","","IATR200005216","","","","","IAT1502200956","NHO2018000007"),
("IATT200005365","","2","183000","0","18300","0","201300","201300","15/02/2020","14:19","2020-02-15","15:09:09","ISU000006","tbl0011","CLOSED","1","","IATR200005219","","","","","IAT1502200956","NHO2018000007"),
("IATT200005366","","1","50000","0","5000","0","55000","55000","15/02/2020","15:43","2020-02-15","16:26:07","ISU000004","tbl0012","CLOSED","1","","IATR200005221","","","","","IAT1502200956","NHO2018000007"),
("IATT200005367","","1","50000","0","5000","0","55000","100000","15/02/2020","15:44","2020-02-15","16:25:32","ISU000004","tbl0009","CLOSED","1","","IATR200005220","","","","","IAT1502200956","NHO2018000007"),
("IATT200005368","","2","109000","0","10900","0","119900","150000","15/02/2020","16:10","2020-02-15","16:48:54","ISU000004","tbl0010","CLOSED","1","","IATR200005222","","","","","IAT1502200956","NHO2018000007"),
("IATT200005369","","2","104000","0","10400","0","114400","114400","15/02/2020","16:29","2020-02-15","17:18:38","ISU000006","tbl0013","CLOSED","1","","IATR200005225","","","","","IAT1502200956","NHO2018000007"),
("IATT200005370","","2","86000","0","8600","0","94600","94600","15/02/2020","16:32","2020-02-15","16:53:23","ISU000004","tbl0012","CLOSED","1","","IATR200005223","","","","","IAT1502200956","NHO2018000007"),
("IATT200005371","","2","96000","0","9600","0","105600","105600","15/02/2020","16:50","2020-02-15","17:46:57","ISU000006","tbl0004","CLOSED","1","","IATR200005227","","","","","IAT1502200956","NHO2018000007"),
("IATT200005372","","1","20000","0","2000","0","22000","22000","15/02/2020","16:58","2020-02-15","16:59:38","ISU000004","tbl0012","CLOSED","1","","IATR200005224","","","","","IAT1502200956","NHO2018000007"),
("IATT200005373","","2","120000","0","12000","0","132000","132000","15/02/2020","17:04","2020-02-15","17:26:28","ISU000006","tbl0011","CLOSED","1","","IATR200005226","","","","","IAT1502200956","NHO2018000007"),
("IATT200005374","","2","162000","0","16200","0","178200","200000","15/02/2020","17:36","2020-02-15","18:08:46","ISU000006","tbl0010","CLOSED","1","","IATR200005228","","","","","IAT1502200956","NHO2018000007"),
("IATT200005375","","2","88000","0","8800","0","96800","100000","15/02/2020","18:18","2020-02-15","18:55:02","ISU000006","tbl0012","CLOSED","1","","IATR200005229","","","","","IAT1502200956","NHO2018000007"),
("IATT200005376","","2","107000","0","10700","0","117700","120000","15/02/2020","18:26","2020-02-15","19:04:26","ISU000006","tbl0011","CLOSED","1","","IATR200005230","","","","","IAT1502200956","NHO2018000007"),
("IATT200005377","","1","63000","0","6300","0","69300","69300","15/02/2020","18:28","2020-02-15","19:06:28","ISU000006","tbl0010","CLOSED","1","","IATR200005231","","","","","IAT1502200956","NHO2018000007"),
("IATT200005378","","1","58000","0","5800","0","63800","63800","15/02/2020","19:11","2020-02-15","21:00:39","ISU000006","tbl0012","CLOSED","1","","IATR200005234","","","","","IAT1502200956","NHO2018000007"),
("IATT200005379","","2","70000","0","7000","0","77000","77000","15/02/2020","19:21","2020-02-15","19:45:47","ISU000006","tbl0010","CLOSED","1","","IATR200005232","","","","","IAT1502200956","NHO2018000007"),
("IATT200005380","","2","100000","0","10000","0","110000","110000","15/02/2020","20:10","2020-02-15","20:47:56","ISU000006","tbl0010","CLOSED","1","","IATR200005233","","","","","IAT1502200956","NHO2018000007"),
("IATT200005381","","2","80000","0","8000","0","88000","100000","15/02/2020","21:05","2020-02-15","21:33:59","ISU000006","tbl0012","CLOSED","1","","IATR200005235","","","","","IAT1502200956","NHO2018000007");



INSERT INTO item_void VALUES("IATT200005365","IAT1502200956","NHO2018000007","193046","193046","1","10000","Before Send","Komplen Customer");









INSERT INTO pos_paymenttemp VALUES("IATT200005359","CASH","CASH","66000","100000","ISU000004","2020-02-15","","1","","CLOSED","IAT1502200956","NHO2018000007"),
("IATT200005357","CASH","CASH","134200","150000","ISU000004","2020-02-15","","1","","CLOSED","IAT1502200956","NHO2018000007"),
("IATT200005360","CASH","CASH","71500","75000","ISU000004","2020-02-15","","1","","CLOSED","IAT1502200956","NHO2018000007"),
("IATT200005361","CASH","CASH","66000","100000","ISU000004","2020-02-15","","1","","CLOSED","IAT1502200956","NHO2018000007"),
("IATT200005364","CASH","CASH","83600","100000","ISU000004","2020-02-15","","1","","CLOSED","IAT1502200956","NHO2018000007"),
("IATT200005362","CASH","OVO","46200","46200","ISU000004","2020-02-15","","1","","CLOSED","IAT1502200956","NHO2018000007"),
("IATT200005363","CASH","CASH","82500","100000","ISU000006","2020-02-15","","1","","CLOSED","IAT1502200956","NHO2018000007"),
("IATT200005365","CARD","DEBIT BCA","201300","201300","ISU000006","2020-02-15","","1","","CLOSED","IAT1502200956","NHO2018000007"),
("IATT200005367","CASH","CASH","55000","100000","ISU000004","2020-02-15","","1","","CLOSED","IAT1502200956","NHO2018000007"),
("IATT200005366","CASH","CASH","55000","55000","ISU000004","2020-02-15","","1","","CLOSED","IAT1502200956","NHO2018000007"),
("IATT200005368","CASH","CASH","119900","150000","ISU000004","2020-02-15","","1","","CLOSED","IAT1502200956","NHO2018000007"),
("IATT200005370","CASH","OVO","94600","94600","ISU000004","2020-02-15","","1","","CLOSED","IAT1502200956","NHO2018000007"),
("IATT200005372","CARD","MASTER","22000","22000","ISU000004","2020-02-15","","1","","CLOSED","IAT1502200956","NHO2018000007"),
("IATT200005373","CARD","MASTER","132000","132000","ISU000004","2020-02-15","","1","","CLOSED","IAT1502200956","NHO2018000007"),
("IATT200005369","CASH","OVO","114400","114400","ISU000006","2020-02-15","","1","","CLOSED","IAT1502200956","NHO2018000007"),
("IATT200005371","CARD","DEBIT BCA","105600","105600","ISU000006","2020-02-15","","1","","CLOSED","IAT1502200956","NHO2018000007"),
("IATT200005374","CASH","CASH","178200","200000","ISU000006","2020-02-15","","1","","CLOSED","IAT1502200956","NHO2018000007"),
("IATT200005375","CASH","CASH","96800","100000","ISU000006","2020-02-15","","1","","CLOSED","IAT1502200956","NHO2018000007"),
("IATT200005376","CASH","CASH","117700","120000","ISU000006","2020-02-15","","1","","CLOSED","IAT1502200956","NHO2018000007"),
("IATT200005377","CASH","OVO","69300","69300","ISU000006","2020-02-15","","1","","CLOSED","IAT1502200956","NHO2018000007"),
("IATT200005379","CARD","VISA","77000","77000","ISU000006","2020-02-15","","1","","CLOSED","IAT1502200956","NHO2018000007"),
("IATT200005380","CASH","CASH","110000","110000","ISU000006","2020-02-15","","1","","CLOSED","IAT1502200956","NHO2018000007"),
("IATT200005378","CASH","OVO","63800","63800","ISU000006","2020-02-15","","1","","CLOSED","IAT1502200956","NHO2018000007"),
("IATT200005381","CASH","CASH","88000","100000","ISU000006","2020-02-15","","1","","CLOSED","IAT1502200956","NHO2018000007");



