INSERT INTO pos_itemtemp VALUES("IATT200005740","193034","191001","192005","37000","1","37000","0","37000","1","1","1","IAT1003201015","NHO2018000007","PAID","","193034"),
("IATT200005740","193041","191001","192008","20000","1","20000","0","20000","1","1","1","IAT1003201015","NHO2018000007","PAID","","193041"),
("IATT200005740","193048","191002","192010","8000","1","8000","0","8000","1","1","1","IAT1003201015","NHO2018000007","PAID","","193048"),
("IATT200005740","193052","191002","192010","20000","1","20000","0","20000","1","1","1","IAT1003201015","NHO2018000007","PAID","","193052"),
("IATT200005740","193054","191002","192010","20000","1","20000","0","20000","1","1","1","IAT1003201015","NHO2018000007","PAID","","193054"),
("IATT200005740","193039","191001","192006","36000","1","36000","0","36000","1","1","1","IAT1003201015","NHO2018000007","PAID","","PEDAS"),
("IATT200005741","193096","191001","192008","50000","1","50000","0","50000","1","1","1","IAT1003201015","NHO2018000007","PAID","","193096"),
("IATT200005741","193024","191001","192003","30000","1","30000","0","30000","1","1","1","IAT1003201015","NHO2018000007","PAID","","193024"),
("IATT200005741","193118","191001","192012","20000","1","20000","0","20000","1","1","1","IAT1003201015","NHO2018000007","PAID","","193118"),
("IATT200005741","193046","191002","192010","10000","1","10000","0","10000","1","1","1","IAT1003201015","NHO2018000007","PAID","","193046"),
("IATT200005741","193055","191002","192010","17000","1","17000","0","17000","1","1","1","IAT1003201015","NHO2018000007","PAID","","193055"),
("IATT200005742","193030","191001","192004","27000","1","27000","0","27000","1","1","1","IAT1003201015","NHO2018000007","PAID","","193030"),
("IATT200005744","193036","191001","192006","36000","1","36000","7200","28800","1","1","1","IAT1003201015","NHO2018000007","PAID","","ORIGINAL"),
("IATT200005744","193034","191001","192005","37000","1","37000","7400","29600","1","1","1","IAT1003201015","NHO2018000007","PAID","nasi setengah","193034"),
("IATT200005744","193054","191002","192010","20000","1","20000","0","20000","1","1","1","IAT1003201015","NHO2018000007","PAID","","193054"),
("IATT200005744","193052","191002","192010","20000","1","20000","0","20000","1","1","1","IAT1003201015","NHO2018000007","PAID","","193052"),
("IATT200005745","193012","191001","192001","40000","1","40000","0","40000","1","1","1","IAT1003201015","NHO2018000007","PAID","","193012"),
("IATT200005745","193011","191001","192001","40000","1","40000","0","40000","1","1","1","IAT1003201015","NHO2018000007","PAID","lv 1","PEDAS"),
("IATT200005745","193048","191002","192010","8000","1","8000","0","8000","1","1","1","IAT1003201015","NHO2018000007","PAID","","193048"),
("IATT200005745","193054","191002","192010","20000","1","20000","0","20000","1","1","1","IAT1003201015","NHO2018000007","PAID","","193054"),
("IATT200005746","193009","191001","192001","40000","1","40000","0","40000","1","1","1","IAT1003201015","NHO2018000007","PAID","ga pakai mix vegetable","193009"),
("IATT200005746","193015","191001","192002","33000","1","33000","0","33000","1","1","1","IAT1003201015","NHO2018000007","PAID","","ORIGINAL"),
("IATT200005746","193046","191002","192010","10000","1","10000","0","10000","1","1","1","IAT1003201015","NHO2018000007","PAID","","193046"),
("IATT200005746","193055","191002","192010","17000","1","17000","0","17000","1","1","1","IAT1003201015","NHO2018000007","PAID","","193055"),
("IATT200005747","193009","191001","192001","40000","1","40000","0","40000","1","1","1","IAT1003201015","NHO2018000007","PAID","","193009"),
("IATT200005747","193084","191001","192001","30000","1","30000","0","30000","1","1","1","IAT1003201015","NHO2018000007","PAID","lv 1","PEDAS"),
("IATT200005747","193054","191002","192010","20000","1","20000","0","20000","1","1","1","IAT1003201015","NHO2018000007","PAID","","193054"),
("IATT200005747","193046","191002","192010","10000","1","10000","0","10000","1","1","2","IAT1003201015","NHO2018000007","PAID","","193046"),
("IATT200005748","193113","191001","192003","55000","1","55000","0","55000","1","1","1","IAT1003201015","NHO2018000007","PAID","","193113"),
("IATT200005748","193048","191002","192010","8000","1","8000","0","8000","1","1","1","IAT1003201015","NHO2018000007","PAID","","193048"),
("IATT200005749","193086","191001","192002","33000","1","33000","16500","16500","1","1","1","IAT1003201015","NHO2018000007","PAID","lv 1 , lv 2, lv 3","PEDAS"),
("IATT200005749","193086","191001","192002","33000","1","33000","16500","16500","2","1","1","IAT1003201015","NHO2018000007","PAID","","PEDAS"),
("IATT200005749","193086","191001","192002","33000","1","33000","16500","16500","3","1","1","IAT1003201015","NHO2018000007","PAID","","PEDAS"),
("IATT200005749","193036","191001","192006","36000","1","36000","18000","18000","1","1","1","IAT1003201015","NHO2018000007","PAID","","ORIGINAL"),
("IATT200005749","193087","191001","192002","33000","1","33000","16500","16500","1","1","1","IAT1003201015","NHO2018000007","PAID","","193087"),
("IATT200005749","193047","191002","192010","10000","1","10000","0","10000","1","1","1","IAT1003201015","NHO2018000007","PAID","","193047"),
("IATT200005749","193047","191002","192010","10000","1","10000","0","10000","2","1","1","IAT1003201015","NHO2018000007","PAID","","193047"),
("IATT200005749","193047","191002","192010","10000","1","10000","0","10000","3","1","1","IAT1003201015","NHO2018000007","PAID","","193047"),
("IATT200005749","193047","191002","192010","10000","1","10000","0","10000","4","1","1","IAT1003201015","NHO2018000007","PAID","","193047"),
("IATT200005750","193007","191001","192001","37000","1","37000","0","37000","1","1","1","IAT1003201015","NHO2018000007","PAID","lvl3","PEDAS"),
("IATT200005750","193011","191001","192001","40000","1","40000","0","40000","1","1","1","IAT1003201015","NHO2018000007","PAID","","PEDAS"),
("IATT200005750","193047","191002","192010","10000","1","10000","0","10000","1","1","1","IAT1003201015","NHO2018000007","PAID","","193047"),
("IATT200005750","193005","191001","192001","37000","1","37000","0","37000","1","1","1","IAT1003201015","NHO2018000007","PAID","","193005"),
("IATT200005750","193048","191002","192010","8000","1","8000","0","8000","1","1","1","IAT1003201015","NHO2018000007","PAID","","193048"),
("IATT200005750","193048","191002","192010","8000","1","8000","0","8000","2","1","1","IAT1003201015","NHO2018000007","PAID","","193048"),
("IATT200005751","193007","191001","192001","37000","1","37000","0","37000","1","1","1","IAT1003201015","NHO2018000007","PAID","lv 1","PEDAS"),
("IATT200005751","193007","191001","192001","37000","1","37000","0","37000","2","1","1","IAT1003201015","NHO2018000007","PAID","","PEDAS"),
("IATT200005751","193055","191002","192010","17000","1","17000","0","17000","1","1","1","IAT1003201015","NHO2018000007","PAID","","193055"),
("IATT200005751","193048","191002","192010","8000","1","8000","0","8000","1","1","1","IAT1003201015","NHO2018000007","PAID","","193048"),
("IATT200005752","193084","191001","192001","30000","1","30000","0","30000","1","1","1","IAT1003201015","NHO2018000007","PAID","","PEDAS"),
("IATT200005752","193053","191002","192010","20000","1","20000","0","20000","1","1","1","IAT1003201015","NHO2018000007","PAID","","193053"),
("IATT200005753","193010","191001","192001","40000","1","40000","0","40000","1","1","1","IAT1003201015","NHO2018000007","PAID","","193010"),
("IATT200005753","193046","191002","192010","10000","1","10000","0","10000","1","1","1","IAT1003201015","NHO2018000007","PAID","","193046"),
("IATT200005754","193009","191001","192001","40000","1","40000","0","40000","1","1","1","IAT1003201015","NHO2018000007","PAID","","193009"),
("IATT200005754","193046","191002","192010","10000","1","10000","0","10000","1","1","1","IAT1003201015","NHO2018000007","PAID","","193046"),
("IATT200005755","193052","191002","192010","20000","1","20000","0","20000","1","1","1","IAT1003201015","NHO2018000007","PAID","","193052"),
("IATT200005755","193052","191002","192010","20000","1","20000","0","20000","2","1","1","IAT1003201015","NHO2018000007","PAID","","193052"),
("IATT200005755","193052","191002","192010","20000","1","20000","0","20000","3","1","1","IAT1003201015","NHO2018000007","PAID","","193052"),
("IATT200005755","193052","191002","192010","20000","1","20000","0","20000","4","1","1","IAT1003201015","NHO2018000007","PAID","","193052"),
("IATT200005755","193052","191002","192010","20000","1","20000","0","20000","5","1","1","IAT1003201015","NHO2018000007","PAID","","193052"),
("IATT200005755","193052","191002","192010","20000","1","20000","0","20000","6","1","1","IAT1003201015","NHO2018000007","PAID","","193052"),
("IATT200005755","193052","191002","192010","20000","1","20000","0","20000","7","1","1","IAT1003201015","NHO2018000007","PAID","","193052"),
("IATT200005755","193052","191002","192010","20000","1","20000","0","20000","8","1","1","IAT1003201015","NHO2018000007","PAID","","193052"),
("IATT200005755","193052","191002","192010","20000","1","20000","0","20000","9","1","1","IAT1003201015","NHO2018000007","PAID","","193052"),
("IATT200005755","193052","191002","192010","20000","1","20000","0","20000","10","1","1","IAT1003201015","NHO2018000007","PAID","","193052"),
("IATT200005757","193077","191001","192001","30000","1","30000","0","30000","1","1","1","IAT1003201015","NHO2018000007","PAID","","193077"),
("IATT200005757","193077","191001","192001","30000","1","30000","0","30000","2","1","1","IAT1003201015","NHO2018000007","PAID","","193077"),
("IATT200005757","193080","191001","192002","33000","1","33000","0","33000","1","1","1","IAT1003201015","NHO2018000007","PAID","","PEDAS"),
("IATT200005757","193048","191002","192010","8000","1","8000","0","8000","1","1","1","IAT1003201015","NHO2018000007","PAID","","193048"),
("IATT200005757","193048","191002","192010","8000","1","8000","0","8000","2","1","1","IAT1003201015","NHO2018000007","PAID","","193048"),
("IATT200005758","193054","191002","192010","20000","1","20000","0","20000","1","1","1","IAT1003201015","NHO2018000007","PAID","","193054"),
("IATT200005758","193083","191001","192001","30000","1","30000","0","30000","1","1","1","IAT1003201015","NHO2018000007","PAID","","193083"),
("IATT200005759","193011","191001","192001","40000","1","40000","0","40000","1","1","1","IAT1003201015","NHO2018000007","PAID","","PEDAS"),
("IATT200005759","193011","191001","192001","40000","1","40000","0","40000","2","1","1","IAT1003201015","NHO2018000007","PAID","","PEDAS"),
("IATT200005759","193046","191002","192010","10000","1","10000","0","10000","1","1","1","IAT1003201015","NHO2018000007","PAID","","193046"),
("IATT200005759","193046","191002","192010","10000","1","10000","0","10000","2","1","1","IAT1003201015","NHO2018000007","PAID","","193046"),
("IATT200005759","193046","191002","192010","10000","1","10000","0","10000","3","1","2","IAT1003201015","NHO2018000007","PAID","","193046"),
("IATT200005759","193046","191002","192010","10000","1","10000","0","10000","4","1","3","IAT1003201015","NHO2018000007","PAID","","193046"),
("IATT200005760","193022","191001","192003","30000","1","30000","0","30000","1","1","1","IAT1003201015","NHO2018000007","PAID","","193022"),
("IATT200005760","193029","191001","192004","27000","1","27000","0","27000","1","1","1","IAT1003201015","NHO2018000007","PAID","","193029"),
("IATT200005760","193048","191002","192010","8000","1","8000","0","8000","1","1","1","IAT1003201015","NHO2018000007","PAID","","193048"),
("IATT200005760","193048","191002","192010","8000","1","8000","0","8000","2","1","1","IAT1003201015","NHO2018000007","PAID","","193048"),
("IATT200005760","193048","191002","192010","8000","1","8000","0","8000","3","1","1","IAT1003201015","NHO2018000007","PAID","","193048"),
("IATT200005760","193044","191001","192008","25000","1","25000","0","25000","1","1","1","IAT1003201015","NHO2018000007","PAID","","193044");



INSERT INTO pos_salestemp VALUES("IATT200005740","","2","141000","0","14100","0","155100","155100","10/03/2020","11:19","2020-03-10","12:41:53","ISU000004","tbl0010","CLOSED","1","","IATR200005589","","","","","IAT1003201015","NHO2018000007"),
("IATT200005741","","2","127000","0","12700","0","139700","139700","10/03/2020","12:11","2020-03-10","12:46:18","ISU000004","tbl0012","CLOSED","1","","IATR200005590","","","","","IAT1003201015","NHO2018000007"),
("IATT200005742","","1","27000","0","2700","0","29700","29700","10/03/2020","12:19","2020-03-10","12:40:01","ISU000004","tbl0011","CLOSED","1","","IATR200005588","","","","","IAT1003201015","NHO2018000007"),
("IATT200005743","","1","200000","0","0","0","0","0","10/03/2020","12:26","10/03/2020","12:35:43","ISU000004","tbl0050","CANCELED","1","PERMINTAAN CUSTOMER","","","","","","IAT1003201015","NHO2018000007"),
("IATT200005744","","2","113000","14600","9840","0","108240","108240","10/03/2020","12:40","2020-03-10","13:06:15","ISU000004","tbl0014","CLOSED","1","","IATR200005591","","","","","IAT1003201015","NHO2018000007"),
("IATT200005745","","2","108000","0","10800","0","118800","200000","10/03/2020","12:47","2020-03-10","13:21:52","ISU000004","tbl0021","CLOSED","1","","IATR200005592","","","","","IAT1003201015","NHO2018000007"),
("IATT200005746","","2","100000","0","10000","0","110000","110000","10/03/2020","12:50","2020-03-10","13:42:42","ISU000006","tbl0011","CLOSED","1","","IATR200005593","","","","","IAT1003201015","NHO2018000007"),
("IATT200005747","","2","100000","0","10000","0","110000","110000","10/03/2020","12:54","2020-03-10","14:01:50","ISU000004","tbl0004","CLOSED","1","","IATR200005596","","","","","IAT1003201015","NHO2018000007"),
("IATT200005748","","1","63000","0","6300","0","69300","70000","10/03/2020","13:11","2020-03-10","13:44:11","ISU000006","tbl0010","CLOSED","1","","IATR200005594","","","","","IAT1003201015","NHO2018000007"),
("IATT200005749","NHM2020000212 Juliyexander pakpahan","4","208000","84000","12400","0","136400","136400","10/03/2020","13:14","2020-03-10","13:49:31","ISU000006","tbl0012","CLOSED","1","","IATR200005595","","","","","IAT1003201015","NHO2018000007"),
("IATT200005750","","3","140000","0","14000","0","154000","154000","10/03/2020","13:24","2020-03-10","14:18:28","ISU000004","tbl0014","CLOSED","1","","IATR200005602","","","","","IAT1003201015","NHO2018000007"),
("IATT200005751","","2","99000","0","9900","0","108900","108900","10/03/2020","13:36","2020-03-10","14:17:15","ISU000004","tbl0024","CLOSED","1","","IATR200005601","","","","","IAT1003201015","NHO2018000007"),
("IATT200005752","","1","50000","0","5000","0","55000","100000","10/03/2020","13:38","2020-03-10","14:10:13","ISU000004","tbl0018","CLOSED","1","","IATR200005600","","","","","IAT1003201015","NHO2018000007"),
("IATT200005753","","1","50000","0","5000","0","55000","55000","10/03/2020","13:44","2020-03-10","14:08:12","ISU000004","tbl0022","CLOSED","1","","IATR200005598","","","","","IAT1003201015","NHO2018000007"),
("IATT200005754","","1","50000","0","5000","0","55000","55000","10/03/2020","13:45","2020-03-10","14:08:30","ISU000004","tbl0015","CLOSED","1","","IATR200005599","","","","","IAT1003201015","NHO2018000007"),
("IATT200005755","","1","200000","0","20000","0","220000","220000","10/03/2020","14:04","2020-03-10","14:05:36","ISU000004","tbl0011","CLOSED","1","","IATR200005597","","","","","IAT1003201015","NHO2018000007"),
("IATT200005756","","1","8000","0","0","0","0","0","10/03/2020","15:36","10/03/2020","15:38:57","ISU000004","tbl0001","CANCELED","1","PERMINTAAN CUSTOMER","","","","","","IAT1003201015","NHO2018000007"),
("IATT200005757","","3","109000","0","10900","0","119900","120000","10/03/2020","17:00","2020-03-10","17:29:55","ISU000004","tbl0012","CLOSED","1","","IATR200005603","","","","","IAT1003201015","NHO2018000007"),
("IATT200005758","","1","50000","0","5000","0","55000","100000","10/03/2020","18:24","2020-03-10","18:55:46","ISU000004","tbl0012","CLOSED","1","","IATR200005604","","","","","IAT1003201015","NHO2018000007"),
("IATT200005759","","3","120000","0","12000","0","132000","132000","10/03/2020","18:25","2020-03-10","19:09:38","ISU000004","tbl0014","CLOSED","1","","IATR200005605","","","","","IAT1003201015","NHO2018000007"),
("IATT200005760","","3","106000","0","10600","0","116600","117000","10/03/2020","20:25","2020-03-10","20:46:12","ISU000004","tbl0011","CLOSED","1","","IATR200005606","","","","","IAT1003201015","NHO2018000007");






INSERT INTO pos_promotion_h VALUES("IATT200005744","NPRM18000029","DISC ITEM","1","14600","BANYAK MAKAN BANYAK UNTUNG 20%","IAT1003201015","PAID","NHO2018000007"),
("IATT200005749","NPRM18000032","DISC ITEM","1","84000","BANYAK MAKAN BANYAK UNTUNG 50%","IAT1003201015","PAID","NHO2018000007");



INSERT INTO pos_promotion_d VALUES("IATT200005744","NPRM18000029","DISC ITEM","1","1","193036","1","7200","IAT1003201015","PAID","NHO2018000007"),
("IATT200005744","NPRM18000029","DISC ITEM","1","1","193034","1","7400","IAT1003201015","PAID","NHO2018000007"),
("IATT200005749","NPRM18000032","DISC ITEM","1","1","193086","1","16500","IAT1003201015","PAID","NHO2018000007"),
("IATT200005749","NPRM18000032","DISC ITEM","1","1","193086","2","16500","IAT1003201015","PAID","NHO2018000007"),
("IATT200005749","NPRM18000032","DISC ITEM","1","1","193086","3","16500","IAT1003201015","PAID","NHO2018000007"),
("IATT200005749","NPRM18000032","DISC ITEM","1","1","193036","1","18000","IAT1003201015","PAID","NHO2018000007"),
("IATT200005749","NPRM18000032","DISC ITEM","1","1","193087","1","16500","IAT1003201015","PAID","NHO2018000007");



INSERT INTO pos_paymenttemp VALUES("IATT200005742","CASH","OVO","29700","29700","ISU000004","2020-03-10","","1","","CLOSED","IAT1003201015","NHO2018000007"),
("IATT200005740","CARD","DEBIT BCA","155100","155100","ISU000004","2020-03-10","","1","","CLOSED","IAT1003201015","NHO2018000007"),
("IATT200005741","CASH","SHOPPEEPAY","139700","139700","ISU000004","2020-03-10","","1","","CLOSED","IAT1003201015","NHO2018000007"),
("IATT200005744","CARD","DEBIT BCA","108240","108240","ISU000004","2020-03-10","","1","","CLOSED","IAT1003201015","NHO2018000007"),
("IATT200005745","CASH","CASH","118800","200000","ISU000004","2020-03-10","","1","","CLOSED","IAT1003201015","NHO2018000007"),
("IATT200005746","CARD","DEBIT BCA","110000","110000","ISU000006","2020-03-10","","1","","CLOSED","IAT1003201015","NHO2018000007"),
("IATT200005748","CASH","CASH","69300","70000","ISU000006","2020-03-10","","1","","CLOSED","IAT1003201015","NHO2018000007"),
("IATT200005749","CARD","MASTER","136400","136400","ISU000006","2020-03-10","","1","","CLOSED","IAT1003201015","NHO2018000007"),
("IATT200005747","CASH","SHOPPEEPAY","110000","110000","ISU000004","2020-03-10","","1","","CLOSED","IAT1003201015","NHO2018000007"),
("IATT200005755","CASH","EMONEY_MANDIRI","220000","220000","ISU000004","2020-03-10","","1","","CLOSED","IAT1003201015","NHO2018000007"),
("IATT200005753","CASH","SHOPPEEPAY","55000","55000","ISU000004","2020-03-10","","1","","CLOSED","IAT1003201015","NHO2018000007"),
("IATT200005754","CASH","SHOPPEEPAY","55000","55000","ISU000004","2020-03-10","","1","","CLOSED","IAT1003201015","NHO2018000007"),
("IATT200005752","CASH","CASH","55000","100000","ISU000004","2020-03-10","","1","","CLOSED","IAT1003201015","NHO2018000007"),
("IATT200005751","CASH","OVO","108900","108900","ISU000004","2020-03-10","","1","","CLOSED","IAT1003201015","NHO2018000007"),
("IATT200005750","CASH","OVO","154000","154000","ISU000004","2020-03-10","","1","","CLOSED","IAT1003201015","NHO2018000007"),
("IATT200005757","CASH","CASH","119900","120000","ISU000004","2020-03-10","","1","","CLOSED","IAT1003201015","NHO2018000007"),
("IATT200005758","CASH","CASH","55000","100000","ISU000004","2020-03-10","","1","","CLOSED","IAT1003201015","NHO2018000007"),
("IATT200005759","CARD","DEBIT BCA","132000","132000","ISU000004","2020-03-10","","1","","CLOSED","IAT1003201015","NHO2018000007"),
("IATT200005760","VOUCHER","GIFT VOUCHER ISOIDE 100K","100000","100000","ISU000004","2020-03-10","","1","","CLOSED","IAT1003201015","NHO2018000007"),
("IATT200005760","CASH","CASH","16600","17000","ISU000004","2020-03-10","","1","","CLOSED","IAT1003201015","NHO2018000007");



