INSERT INTO pos_itemtemp VALUES("IATT200005773","193006","191001","192001","37000","1","37000","0","37000","1","1","1","IAT1203200925","NHO2018000007","PAID","","193006"),
("IATT200005773","193051","191002","192010","20000","1","20000","0","20000","1","1","1","IAT1203200925","NHO2018000007","PAID","","193051"),
("IATT200005775","193017","191001","192002","37000","1","37000","0","37000","1","1","1","IAT1203200925","NHO2018000007","PAID","","193017"),
("IATT200005775","193055","191002","192010","17000","1","17000","0","17000","1","1","1","IAT1203200925","NHO2018000007","PAID","","193055"),
("IATT200005776","193084","191001","192001","30000","1","30000","0","30000","1","1","1","IAT1203200925","NHO2018000007","PAID","","PEDAS"),
("IATT200005776","193055","191002","192010","17000","1","17000","0","17000","1","1","1","IAT1203200925","NHO2018000007","PAID","","193055"),
("IATT200005776","193056","191002","192010","17000","1","17000","0","17000","1","1","1","IAT1203200925","NHO2018000007","PAID","","193056"),
("IATT200005777","193084","191001","192001","30000","1","30000","0","30000","1","1","1","IAT1203200925","NHO2018000007","PAID","","PEDAS"),
("IATT200005777","193048","191002","192010","8000","1","8000","0","8000","1","1","1","IAT1203200925","NHO2018000007","PAID","","193048"),
("IATT200005778","193038","191001","192006","36000","1","36000","0","36000","1","1","1","IAT1203200925","NHO2018000007","PAID","","ORIGINAL"),
("IATT200005778","193025","191001","192003","30000","1","30000","0","30000","1","1","1","IAT1203200925","NHO2018000007","PAID","","193025"),
("IATT200005779","193024","191001","192003","30000","1","30000","0","30000","1","1","1","IAT1203200925","NHO2018000007","PAID","","193024"),
("IATT200005780","193082","191001","192001","30000","1","30000","0","30000","1","1","1","IAT1203200925","NHO2018000007","PAID","","193082"),
("IATT200005780","193071","191001","192012","18000","1","18000","0","18000","1","1","1","IAT1203200925","NHO2018000007","PAID","","193071"),
("IATT200005780","193047","191002","192010","10000","1","10000","0","10000","1","1","1","IAT1203200925","NHO2018000007","PAID","","193047"),
("IATT200005778","193030","191001","192004","27000","1","27000","0","27000","1","1","2","IAT1203200925","NHO2018000007","PAID","","193030"),
("IATT200005781","193027","191001","192003","43000","1","43000","0","43000","1","1","1","IAT1203200925","NHO2018000007","PAID","","193027"),
("IATT200005781","193028","191001","192003","43000","1","43000","0","43000","1","1","1","IAT1203200925","NHO2018000007","PAID","","193028"),
("IATT200005781","193118","191001","192012","20000","1","20000","0","20000","1","1","1","IAT1203200925","NHO2018000007","PAID","","193118"),
("IATT200005781","193052","191002","192010","20000","1","20000","0","20000","1","1","1","IAT1203200925","NHO2018000007","PAID","","193052"),
("IATT200005781","193056","191002","192010","17000","1","17000","0","17000","1","1","1","IAT1203200925","NHO2018000007","PAID","","193056"),
("IATT200005782","193022","191001","192003","30000","1","30000","0","30000","1","1","1","IAT1203200925","NHO2018000007","PAID","","193022"),
("IATT200005782","193022","191001","192003","30000","1","30000","0","30000","2","1","1","IAT1203200925","NHO2018000007","PAID","","193022"),
("IATT200005782","193048","191002","192010","8000","1","8000","0","8000","1","1","1","IAT1203200925","NHO2018000007","PAID","","193048"),
("IATT200005782","193049","191002","192010","10000","1","10000","0","10000","1","1","1","IAT1203200925","NHO2018000007","PAID","","193049"),
("IATT200005783","193036","191001","192006","36000","1","36000","0","36000","1","1","1","IAT1203200925","NHO2018000007","PAID","","PEDAS"),
("IATT200005783","193024","191001","192003","30000","1","30000","0","30000","1","1","1","IAT1203200925","NHO2018000007","PAID","","193024"),
("IATT200005783","193047","191002","192010","10000","1","10000","0","10000","1","1","1","IAT1203200925","NHO2018000007","PAID","","193047"),
("IATT200005783","193047","191002","192010","10000","1","10000","0","10000","2","1","1","IAT1203200925","NHO2018000007","PAID","","193047"),
("IATT200005784","193008","191001","192001","37000","1","37000","0","37000","1","1","1","IAT1203200925","NHO2018000007","PAID","","193008"),
("IATT200005785","193023","191001","192003","30000","1","30000","0","30000","1","1","1","IAT1203200925","NHO2018000007","PAID","PEDAS","193023"),
("IATT200005785","193023","191001","192003","30000","1","30000","0","30000","2","1","1","IAT1203200925","NHO2018000007","PAID","","193023"),
("IATT200005785","193010","191001","192001","40000","1","40000","0","40000","1","1","1","IAT1203200925","NHO2018000007","PAID","","193010"),
("IATT200005785","193049","191002","192010","10000","1","10000","0","10000","1","1","1","IAT1203200925","NHO2018000007","PAID","","193049"),
("IATT200005785","193049","191002","192010","10000","1","10000","0","10000","2","1","1","IAT1203200925","NHO2018000007","PAID","","193049"),
("IATT200005785","193047","191002","192010","10000","1","10000","0","10000","1","1","1","IAT1203200925","NHO2018000007","PAID","","193047"),
("IATT200005786","193033","191001","192005","42000","1","42000","4200","37800","1","1","1","IAT1203200925","NHO2018000007","PAID","","193033"),
("IATT200005786","193048","191002","192010","8000","1","8000","0","8000","1","1","1","IAT1203200925","NHO2018000007","PAID","","193048"),
("IATT200005785","193118","191001","192012","20000","1","20000","0","20000","1","1","2","IAT1203200925","NHO2018000007","PAID","","193118"),
("IATT200005787","193009","191001","192001","40000","1","40000","0","40000","1","1","1","IAT1203200925","NHO2018000007","PAID","","193009"),
("IATT200005787","193020","191001","192002","40000","1","40000","0","40000","1","1","1","IAT1203200925","NHO2018000007","PAID","","193020"),
("IATT200005787","193119","191001","192012","20000","1","20000","0","20000","1","1","1","IAT1203200925","NHO2018000007","PAID","","193119"),
("IATT200005787","193046","191002","192010","10000","1","10000","0","10000","1","1","1","IAT1203200925","NHO2018000007","PAID","","193046"),
("IATT200005787","193056","191002","192010","17000","1","17000","0","17000","1","1","1","IAT1203200925","NHO2018000007","PAID","","193056"),
("IATT200005788","193028","191001","192003","43000","1","43000","0","43000","1","1","1","IAT1203200925","NHO2018000007","PAID","","193028"),
("IATT200005789","193024","191001","192003","30000","1","30000","0","30000","1","1","1","IAT1203200925","NHO2018000007","PAID","","193024");



INSERT INTO pos_salestemp VALUES("IATT200005773","","1","57000","0","5700","0","62700","100000","12/03/2020","11:58","2020-03-12","13:08:29","ISU000015","tbl0012","CLOSED","1","","IATR200005620","","","","","IAT1203200925","NHO2018000007"),
("IATT200005774","","1","57000","0","0","0","0","0","12/03/2020","11:58","12/03/2020","12:02:09","ISU000015","tbl0011","CANCELED","1","PERMINTAAN CUSTOMER","","","","","","IAT1203200925","NHO2018000007"),
("IATT200005775","","1","54000","0","5400","0","59400","59400","12/03/2020","12:02","2020-03-12","13:04:57","ISU000015","tbl0002","CLOSED","1","","IATR200005619","","","","","IAT1203200925","NHO2018000007"),
("IATT200005776","","1","64000","0","6400","0","70400","100000","12/03/2020","13:43","2020-03-12","14:22:50","ISU000004","tbl0011","CLOSED","1","","IATR200005621","","","","","IAT1203200925","NHO2018000007"),
("IATT200005777","","1","38000","0","3800","0","41800","50000","12/03/2020","13:57","2020-03-12","14:31:15","ISU000004","tbl0012","CLOSED","1","","IATR200005622","","","","","IAT1203200925","NHO2018000007"),
("IATT200005778","","2","93000","0","9300","0","102300","102300","12/03/2020","14:52","2020-03-12","16:41:07","ISU000004","tbl0010","CLOSED","1","","IATR200005624","","","","","IAT1203200925","NHO2018000007"),
("IATT200005779","","1","30000","0","3000","0","33000","33000","12/03/2020","15:46","2020-03-12","15:47:30","ISU000004","tbl0018","CLOSED","1","","IATR200005623","","","","","IAT1203200925","NHO2018000007"),
("IATT200005780","","1","58000","0","5800","0","63800","63800","12/03/2020","16:28","2020-03-12","17:18:50","ISU000004","tbl0012","CLOSED","1","","IATR200005625","","","","","IAT1203200925","NHO2018000007"),
("IATT200005781","","1","143000","0","14300","0","157300","160000","12/03/2020","16:48","2020-03-12","17:19:41","ISU000004","tbl0022","CLOSED","1","","IATR200005626","","","","","IAT1203200925","NHO2018000007"),
("IATT200005782","","2","78000","0","7800","0","85800","85800","12/03/2020","17:50","2020-03-12","18:36:12","ISU000004","tbl0012","CLOSED","1","","IATR200005628","","","","","IAT1203200925","NHO2018000007"),
("IATT200005783","","2","86000","0","8600","0","94600","94600","12/03/2020","17:51","2020-03-12","18:41:37","ISU000004","tbl0010","CLOSED","1","","IATR200005629","","","","","IAT1203200925","NHO2018000007"),
("IATT200005784","","1","37000","0","3700","0","40700","40700","12/03/2020","17:56","2020-03-12","18:26:33","ISU000004","tbl0011","CLOSED","1","2169","IATR200005627","","","","","IAT1203200925","NHO2018000007"),
("IATT200005785","","3","150000","0","15000","0","165000","166000","12/03/2020","18:24","2020-03-12","20:16:08","ISU000004","tbl0014","CLOSED","1","","IATR200005631","","","","","IAT1203200925","NHO2018000007"),
("IATT200005786","","1","50000","4200","4580","0","50380","50500","12/03/2020","18:32","2020-03-12","19:17:52","ISU000004","tbl0011","CLOSED","1","","IATR200005630","","","","","IAT1203200925","NHO2018000007"),
("IATT200005787","","2","127000","0","12700","0","139700","139700","12/03/2020","18:57","2020-03-12","20:54:17","ISU000004","tbl0010","CLOSED","1","","IATR200005633","","","","","IAT1203200925","NHO2018000007"),
("IATT200005788","","1","43000","0","4300","0","47300","47300","12/03/2020","19:41","2020-03-12","20:36:27","ISU000004","tbl0012","CLOSED","1","","IATR200005632","","","","","IAT1203200925","NHO2018000007"),
("IATT200005789","","1","30000","0","3000","0","33000","33000","12/03/2020","20:21","2020-03-12","21:08:12","ISU000004","tbl0011","CLOSED","1","","IATR200005634","","","","","IAT1203200925","NHO2018000007");






INSERT INTO pos_promotion_h VALUES("IATT200005786","NPRM18000028","DISC ITEM","1","4200","BANYAK MAKAN BANYAK UNTUNG 10%","IAT1203200925","PAID","NHO2018000007");



INSERT INTO pos_promotion_d VALUES("IATT200005786","NPRM18000028","DISC ITEM","1","1","193033","1","4200","IAT1203200925","PAID","NHO2018000007");



INSERT INTO pos_paymenttemp VALUES("IATT200005775","CASH","SHOPPEEPAY","59400","59400","ISU000015","2020-03-12","","1","","CLOSED","IAT1203200925","NHO2018000007"),
("IATT200005773","CASH","CASH","62700","100000","ISU000015","2020-03-12","","1","","CLOSED","IAT1203200925","NHO2018000007"),
("IATT200005776","CASH","CASH","70400","100000","ISU000004","2020-03-12","","1","","CLOSED","IAT1203200925","NHO2018000007"),
("IATT200005777","CASH","CASH","41800","50000","ISU000004","2020-03-12","","1","","CLOSED","IAT1203200925","NHO2018000007"),
("IATT200005779","CASH","SHOPPEEPAY","33000","33000","ISU000004","2020-03-12","","1","","CLOSED","IAT1203200925","NHO2018000007"),
("IATT200005778","VOUCHER","GIFT VOUCHER ISOIDE 100K","100000","100000","ISU000004","2020-03-12","","1","","CLOSED","IAT1203200925","NHO2018000007"),
("IATT200005778","CASH","CASH","2300","2300","ISU000004","2020-03-12","","1","","CLOSED","IAT1203200925","NHO2018000007"),
("IATT200005780","CARD","DEBIT BCA","63800","63800","ISU000004","2020-03-12","","1","","CLOSED","IAT1203200925","NHO2018000007"),
("IATT200005781","CASH","CASH","157300","160000","ISU000004","2020-03-12","","1","","CLOSED","IAT1203200925","NHO2018000007"),
("IATT200005784","CASH","SHOPPEEPAY","40700","40700","ISU000004","2020-03-12","","1","","CLOSED","IAT1203200925","NHO2018000007"),
("IATT200005782","CARD","DEBIT BCA","85800","85800","ISU000004","2020-03-12","","1","","CLOSED","IAT1203200925","NHO2018000007"),
("IATT200005783","CARD","MASTER","94600","94600","ISU000004","2020-03-12","","1","","CLOSED","IAT1203200925","NHO2018000007"),
("IATT200005786","CASH","CASH","50380","50500","ISU000004","2020-03-12","","1","","CLOSED","IAT1203200925","NHO2018000007"),
("IATT200005785","CASH","CASH","165000","166000","ISU000004","2020-03-12","","1","","CLOSED","IAT1203200925","NHO2018000007"),
("IATT200005788","CASH","OVO","47300","47300","ISU000004","2020-03-12","","1","","CLOSED","IAT1203200925","NHO2018000007"),
("IATT200005787","CASH","OVO","139700","139700","ISU000004","2020-03-12","","1","","CLOSED","IAT1203200925","NHO2018000007"),
("IATT200005789","CASH","SHOPPEEPAY","33000","33000","ISU000004","2020-03-12","","1","","CLOSED","IAT1203200925","NHO2018000007");



