INSERT INTO pos_itemtemp VALUES("IATT200005815","193023","191001","192003","30000","1","30000","0","30000","1","1","1","IAT1503200926","NHO2018000007","PAID","","193023"),
("IATT200005815","193048","191002","192010","8000","1","8000","0","8000","1","1","1","IAT1503200926","NHO2018000007","PAID","","193048"),
("IATT200005816","193028","191001","192003","43000","1","43000","0","43000","1","1","1","IAT1503200926","NHO2018000007","PAID","","193028"),
("IATT200005816","193113","191001","192003","55000","1","55000","0","55000","1","1","1","IAT1503200926","NHO2018000007","PAID","","193113"),
("IATT200005816","193052","191002","192010","20000","1","20000","0","20000","1","1","1","IAT1503200926","NHO2018000007","PAID","","193052"),
("IATT200005816","193055","191002","192010","17000","1","17000","0","17000","1","1","1","IAT1503200926","NHO2018000007","PAID","","193055"),
("IATT200005816","193227","191001","192011","0","1","0","0","0","1","1","2","IAT1503200926","NHO2018000007","PAID","","193227"),
("IATT200005817","193113","191001","192003","55000","1","55000","0","55000","1","1","1","IAT1503200926","NHO2018000007","PAID","","193113"),
("IATT200005817","193052","191002","192010","20000","1","20000","0","20000","1","1","1","IAT1503200926","NHO2018000007","PAID","","193052"),
("IATT200005818","193011","191001","192001","40000","1","40000","0","40000","1","1","1","IAT1503200926","NHO2018000007","PAID","sedang","PEDAS"),
("IATT200005818","193085","191001","192001","30000","1","30000","0","30000","1","1","1","IAT1503200926","NHO2018000007","PAID","","193085"),
("IATT200005818","193055","191002","192010","17000","1","17000","0","17000","1","1","1","IAT1503200926","NHO2018000007","PAID","","193055"),
("IATT200005818","193055","191002","192010","17000","1","17000","0","17000","2","1","1","IAT1503200926","NHO2018000007","PAID","","193055");



INSERT INTO pos_salestemp VALUES("IATT200005815","","1","38000","0","3800","0","41800","41800","15/03/2020","11:55","2020-03-15","12:14:49","ISU000006","tbl0012","CLOSED","1","","IATR200005658","","","","","IAT1503200926","NHO2018000007"),
("IATT200005816","","0","135000","0","13500","0","148500","150000","15/03/2020","13:39","2020-03-15","14:22:48","ISU000004","tbl0012","CLOSED","1","3120036","IATR200005659","","","","","IAT1503200926","NHO2018000007"),
("IATT200005817","","1","75000","0","7500","0","82500","82500","15/03/2020","15:28","2020-03-15","15:52:58","ISU000004","tbl0012","CLOSED","1","3120006","IATR200005660","","","","","IAT1503200926","NHO2018000007"),
("IATT200005818","","2","104000","0","10400","0","114400","114400","15/03/2020","17:39","2020-03-15","18:05:23","ISU000004","tbl0011","CLOSED","1","3120006","IATR200005661","","","","","IAT1503200926","NHO2018000007");












INSERT INTO pos_paymenttemp VALUES("IATT200005815","CASH","SHOPPEEPAY","41800","41800","ISU000006","2020-03-15","","1","","CLOSED","IAT1503200926","NHO2018000007"),
("IATT200005816","CASH","CASH","148500","150000","ISU000004","2020-03-15","","1","","CLOSED","IAT1503200926","NHO2018000007"),
("IATT200005817","CASH","OVO","82500","82500","ISU000004","2020-03-15","","1","","CLOSED","IAT1503200926","NHO2018000007"),
("IATT200005818","CASH","OVO","114400","114400","ISU000004","2020-03-15","","1","","CLOSED","IAT1503200926","NHO2018000007");



