INSERT INTO pos_itemtemp VALUES("IATT200005819","193023","191001","192003","30000","1","30000","0","30000","1","1","1","IAT1603200846","NHO2018000007","PAID","","193023"),
("IATT200005819","193024","191001","192003","30000","1","30000","0","30000","1","1","1","IAT1603200846","NHO2018000007","PAID","","193024"),
("IATT200005819","193086","191001","192002","33000","1","33000","0","33000","1","1","1","IAT1603200846","NHO2018000007","PAID","level 1","ORIGINAL"),
("IATT200005819","193046","191002","192010","10000","1","10000","0","10000","1","1","1","IAT1603200846","NHO2018000007","PAID","","193046"),
("IATT200005819","193046","191002","192010","10000","1","10000","0","10000","2","1","1","IAT1603200846","NHO2018000007","PAID","","193046"),
("IATT200005819","193046","191002","192010","10000","1","10000","0","10000","3","1","2","IAT1603200846","NHO2018000007","PAID","","193046"),
("IATT200005821","193023","191001","192003","30000","1","30000","0","30000","1","1","1","IAT1603200846","NHO2018000007","PAID","","193023"),
("IATT200005821","193024","191001","192003","30000","1","30000","0","30000","1","1","1","IAT1603200846","NHO2018000007","PAID","","193024"),
("IATT200005821","193024","191001","192003","30000","1","30000","0","30000","2","1","1","IAT1603200846","NHO2018000007","PAID","","193024"),
("IATT200005821","193048","191002","192010","8000","1","8000","0","8000","1","1","1","IAT1603200846","NHO2018000007","PAID","","193048"),
("IATT200005822","193010","191001","192001","40000","1","40000","0","40000","1","1","1","IAT1603200846","NHO2018000007","PAID","","193010"),
("IATT200005822","193015","191001","192002","33000","1","33000","0","33000","1","1","1","IAT1603200846","NHO2018000007","PAID","","ORIGINAL"),
("IATT200005822","193054","191002","192010","20000","1","20000","0","20000","1","1","1","IAT1603200846","NHO2018000007","PAID","","193054"),
("IATT200005822","193054","191002","192010","20000","1","20000","0","20000","2","1","1","IAT1603200846","NHO2018000007","PAID","","193054"),
("IATT200005823","193022","191001","192003","30000","1","30000","0","30000","1","1","1","IAT1603200846","NHO2018000007","PAID","","193022"),
("IATT200005823","193047","191002","192010","10000","1","10000","0","10000","1","1","1","IAT1603200846","NHO2018000007","PAID","","193047");



INSERT INTO pos_salestemp VALUES("IATT200005819","","0","123000","0","12300","0","135300","135300","16/03/2020","12:13","2020-03-16","13:02:43","ISU000006","tbl0010","CLOSED","1","3120036","IATR200005662","","","","","IAT1603200846","NHO2018000007"),
("IATT200005820","","3","0","0","0","0","0","0","16/03/2020","16:33","16/03/2020","16:34:00","ISU000006","tbl0010","CANCELED","1","PERMINTAAN CUSTOMER","","","","","","IAT1603200846","NHO2018000007"),
("IATT200005821","","5","98000","0","9800","0","107800","110000","16/03/2020","16:34","2020-03-16","17:01:51","ISU000006","tbl0010","CLOSED","1","3120036","IATR200005663","","","","","IAT1603200846","NHO2018000007"),
("IATT200005822","","2","113000","0","11300","0","124300","150000","16/03/2020","18:16","2020-03-16","18:48:41","ISU000004","tbl0010","CLOSED","1","3120006","IATR200005664","","","","","IAT1603200846","NHO2018000007"),
("IATT200005823","","2","40000","0","4000","0","44000","44000","16/03/2020","19:45","2020-03-16","20:10:54","ISU000004","tbl0010","CLOSED","1","3120006","IATR200005665","","","","","IAT1603200846","NHO2018000007");












INSERT INTO pos_paymenttemp VALUES("IATT200005819","CARD","MASTER","135300","135300","ISU000006","2020-03-16","","1","","CLOSED","IAT1603200846","NHO2018000007"),
("IATT200005821","VOUCHER","GIFT VOUCHER ISOIDE 100K","100000","100000","ISU000006","2020-03-16","","1","","CLOSED","IAT1603200846","NHO2018000007"),
("IATT200005821","CASH","CASH","7800","10000","ISU000006","2020-03-16","","1","","CLOSED","IAT1603200846","NHO2018000007"),
("IATT200005822","CASH","CASH","124300","150000","ISU000004","2020-03-16","","1","","CLOSED","IAT1603200846","NHO2018000007"),
("IATT200005823","CASH","SHOPPEEPAY","44000","44000","ISU000004","2020-03-16","","1","","CLOSED","IAT1603200846","NHO2018000007");



