INSERT INTO pos_itemtemp VALUES("IATT190001462","193024","191001","192003","30000","1","30000","0","30000","1","1","1","IAT1807191007","NHO2018000007","PAID","","193024"),
("IATT190001462","193047","191002","192010","8000","1","8000","0","8000","1","1","1","IAT1807191007","NHO2018000007","PAID","","193047"),
("IATT190001462","193047","191002","192010","8000","1","8000","0","8000","2","1","1","IAT1807191007","NHO2018000007","PAID","","193047"),
("IATT190001462","193024","191001","192003","30000","1","30000","0","30000","2","1","1","IAT1807191007","NHO2018000007","PAID","","193024"),
("IATT190001463","193005","191001","192001","37000","1","37000","0","37000","1","1","1","IAT1807191007","NHO2018000007","PAID","ORIGINAL","193005"),
("IATT190001463","193084","191001","192001","30000","1","30000","0","30000","1","1","1","IAT1807191007","NHO2018000007","PAID","LEVEL 3","PEDAS"),
("IATT190001463","193056","191002","192010","17000","1","17000","0","17000","1","1","1","IAT1807191007","NHO2018000007","PAID","","193056"),
("IATT190001464","193021","191001","192002","40000","1","40000","0","40000","1","1","1","IAT1807191007","NHO2018000007","PAID","","ORIGINAL"),
("IATT190001464","193054","191002","192010","20000","1","20000","0","20000","1","1","1","IAT1807191007","NHO2018000007","PAID","NO SUGAR","193054"),
("IATT190001464","193012","191001","192001","40000","1","40000","0","40000","1","1","1","IAT1807191007","NHO2018000007","PAID","Level 3","193012"),
("IATT190001464","193056","191002","192010","17000","1","17000","0","17000","1","1","1","IAT1807191007","NHO2018000007","PAID","","193056"),
("IATT190001465","193027","191001","192003","43000","1","43000","0","43000","1","1","1","IAT1807191007","NHO2018000007","PAID","","193027"),
("IATT190001465","193048","191002","192010","8000","1","8000","0","8000","1","1","1","IAT1807191007","NHO2018000007","PAID","","193048"),
("IATT190001466","193054","191002","192010","20000","1","20000","0","20000","1","1","1","IAT1807191007","NHO2018000007","PAID","","193054"),
("IATT190001466","193082","191001","192001","30000","1","30000","0","30000","1","1","1","IAT1807191007","NHO2018000007","PAID","Level 3","193082"),
("IATT190001466","193022","191001","192003","30000","1","30000","0","30000","1","1","1","IAT1807191007","NHO2018000007","PAID","Take Away yaa","193022"),
("IATT190001466","193022","191001","192003","30000","1","30000","0","30000","2","1","1","IAT1807191007","NHO2018000007","PAID","","193022"),
("IATT190001467","193011","191001","192001","40000","1","40000","0","40000","1","1","1","IAT1807191007","NHO2018000007","PAID","level 2","PEDAS"),
("IATT190001467","193083","191001","192001","30000","1","30000","0","30000","1","1","1","IAT1807191007","NHO2018000007","PAID","ORIGINAL","193083"),
("IATT190001467","193048","191002","192010","8000","1","8000","0","8000","1","1","1","IAT1807191007","NHO2018000007","PAID","","193048"),
("IATT190001467","193048","191002","192010","8000","1","8000","0","8000","2","1","1","IAT1807191007","NHO2018000007","PAID","","193048"),
("IATT190001468","193084","191001","192001","30000","1","30000","0","30000","1","1","1","IAT1807191007","NHO2018000007","PAID","","PEDAS"),
("IATT190001468","193055","191002","192010","17000","1","17000","0","17000","1","1","1","IAT1807191007","NHO2018000007","PAID","","193055"),
("IATT190001468","193011","191001","192001","40000","1","40000","0","40000","1","1","2","IAT1807191007","NHO2018000007","PAID","","PEDAS"),
("IATT190001468","193033","191001","192005","42000","1","42000","0","42000","1","1","2","IAT1807191007","NHO2018000007","PAID","","193033"),
("IATT190001468","193049","191002","192010","10000","1","10000","0","10000","1","1","2","IAT1807191007","NHO2018000007","PAID","","193049"),
("IATT190001468","193047","191002","192010","8000","1","8000","0","8000","1","1","2","IAT1807191007","NHO2018000007","PAID","","193047"),
("IATT190001470","193033","191001","192005","42000","1","42000","0","42000","1","1","1","IAT1807191007","NHO2018000007","PAID","","193033"),
("IATT190001470","193085","191001","192001","30000","1","30000","0","30000","1","1","1","IAT1807191007","NHO2018000007","PAID","Level 1","193085"),
("IATT190001470","193022","191001","192003","30000","1","30000","0","30000","1","1","1","IAT1807191007","NHO2018000007","PAID","","193022"),
("IATT190001470","193028","191001","192003","43000","1","43000","0","43000","1","1","1","IAT1807191007","NHO2018000007","PAID","Take Away yaa","193028"),
("IATT190001470","193056","191002","192010","17000","1","17000","0","17000","1","1","1","IAT1807191007","NHO2018000007","PAID","","193056"),
("IATT190001470","193051","191002","192010","20000","1","20000","0","20000","1","1","1","IAT1807191007","NHO2018000007","PAID","","193051"),
("IATT190001471","193028","191001","192003","43000","1","43000","0","43000","1","1","1","IAT1807191007","NHO2018000007","PAID","","193028"),
("IATT190001471","193028","191001","192003","43000","1","43000","0","43000","2","1","1","IAT1807191007","NHO2018000007","PAID","","193028"),
("IATT190001471","193028","191001","192003","43000","1","43000","0","43000","3","1","1","IAT1807191007","NHO2018000007","PAID","","193028"),
("IATT190001471","193050","191002","192010","20000","1","20000","0","20000","1","1","1","IAT1807191007","NHO2018000007","PAID","","193050"),
("IATT190001471","193054","191002","192010","20000","1","20000","0","20000","1","1","1","IAT1807191007","NHO2018000007","PAID","","193054"),
("IATT190001471","193055","191002","192010","17000","1","17000","0","17000","1","1","1","IAT1807191007","NHO2018000007","PAID","","193055"),
("IATT190001470","193028","191001","192003","43000","1","43000","0","43000","2","1","2","IAT1807191007","NHO2018000007","PAID","Take Away yaa","193028"),
("IATT190001470","193028","191001","192003","43000","1","43000","0","43000","3","1","2","IAT1807191007","NHO2018000007","PAID","","193028"),
("IATT190001470","193056","191002","192010","17000","1","17000","0","17000","2","1","2","IAT1807191007","NHO2018000007","PAID","","193056"),
("IATT190001467","193021","191001","192002","40000","1","40000","0","40000","1","1","2","IAT1807191007","NHO2018000007","PAID","Take Away yaa","ORIGINAL"),
("IATT190001472","193084","191001","192001","30000","1","30000","0","30000","1","1","1","IAT1807191007","NHO2018000007","PAID","","PEDAS"),
("IATT190001472","193054","191002","192010","20000","1","20000","0","20000","1","1","1","IAT1807191007","NHO2018000007","PAID","","193054"),
("IATT190001472","193056","191002","192010","17000","1","17000","0","17000","1","1","1","IAT1807191007","NHO2018000007","PAID","","193056"),
("IATT190001472","193028","191001","192003","43000","1","43000","0","43000","1","1","1","IAT1807191007","NHO2018000007","PAID","","193028"),
("IATT190001472","193038","191001","192006","36000","1","36000","0","36000","1","1","1","IAT1807191007","NHO2018000007","PAID","","ORIGINAL"),
("IATT190001472","193070","191001","192012","13000","1","13000","0","13000","1","1","1","IAT1807191007","NHO2018000007","PAID","","193070"),
("IATT190001472","193056","191002","192010","17000","1","17000","0","17000","2","1","2","IAT1807191007","NHO2018000007","PAID","","193056"),
("IATT190001473","193085","191001","192001","30000","1","30000","0","30000","1","1","1","IAT1807191007","NHO2018000007","PAID","","193085"),
("IATT190001473","193028","191001","192003","43000","1","43000","0","43000","1","1","1","IAT1807191007","NHO2018000007","PAID","","193028"),
("IATT190001473","193056","191002","192010","17000","1","17000","0","17000","1","1","1","IAT1807191007","NHO2018000007","PAID","","193056"),
("IATT190001473","193048","191002","192010","8000","1","8000","0","8000","1","1","1","IAT1807191007","NHO2018000007","PAID","","193048"),
("IATT190001474","193035","191001","192006","32000","1","32000","0","32000","1","1","1","IAT1807191007","NHO2018000007","PAID","","ORIGINAL"),
("IATT190001474","193052","191002","192010","20000","1","20000","0","20000","1","1","1","IAT1807191007","NHO2018000007","PAID","","193052"),
("IATT190001475","193078","191001","192001","30000","1","30000","0","30000","1","1","1","IAT1807191007","NHO2018000007","PAID","level 2","PEDAS"),
("IATT190001475","193085","191001","192001","30000","1","30000","0","30000","1","1","1","IAT1807191007","NHO2018000007","PAID","level 1 ,reques mie dimasak yg mateng ","193085"),
("IATT190001475","193054","191002","192010","20000","1","20000","0","20000","1","1","1","IAT1807191007","NHO2018000007","PAID","","193054"),
("IATT190001475","193046","191002","192010","8000","1","8000","0","8000","1","1","1","IAT1807191007","NHO2018000007","PAID","","193046"),
("IATT190001474","193056","191002","192010","17000","1","17000","0","17000","1","1","2","IAT1807191007","NHO2018000007","PAID","","193056"),
("IATT190001474","193087","191001","192002","33000","1","33000","0","33000","1","1","2","IAT1807191007","NHO2018000007","PAID","no pds","193087"),
("IATT190001476","193050","191002","192010","20000","1","20000","0","20000","1","1","1","IAT1807191007","NHO2018000007","PAID","","193050"),
("IATT190001476","193070","191001","192012","13000","1","13000","0","13000","1","1","2","IAT1807191007","NHO2018000007","PAID","","193070"),
("IATT190001477","193037","191001","192006","36000","1","36000","0","36000","1","1","1","IAT1807191007","NHO2018000007","PAID","sedeng","PEDAS"),
("IATT190001477","193070","191001","192012","13000","1","13000","0","13000","1","1","1","IAT1807191007","NHO2018000007","PAID","","193070"),
("IATT190001477","193047","191002","192010","8000","1","8000","0","8000","1","1","1","IAT1807191007","NHO2018000007","PAID","","193047"),
("IATT190001478","193078","191001","192001","30000","1","30000","0","30000","1","1","1","IAT1807191007","NHO2018000007","PAID","lvl 3","PEDAS"),
("IATT190001478","193024","191001","192003","30000","1","30000","0","30000","1","1","1","IAT1807191007","NHO2018000007","PAID","","193024"),
("IATT190001478","193055","191002","192010","17000","1","17000","0","17000","1","1","1","IAT1807191007","NHO2018000007","PAID","","193055"),
("IATT190001478","193048","191002","192010","8000","1","8000","0","8000","1","1","1","IAT1807191007","NHO2018000007","PAID","","193048"),
("IATT190001479","193022","191001","192003","30000","1","30000","0","30000","1","1","1","IAT1807191007","NHO2018000007","PAID","","193022"),
("IATT190001479","193024","191001","192003","30000","1","30000","0","30000","1","1","1","IAT1807191007","NHO2018000007","PAID","","193024"),
("IATT190001479","193055","191002","192010","17000","1","17000","0","17000","1","1","1","IAT1807191007","NHO2018000007","PAID","","193055"),
("IATT190001479","193055","191002","192010","17000","1","17000","0","17000","2","1","1","IAT1807191007","NHO2018000007","PAID","","193055"),
("IATT190001480","193028","191001","192003","43000","1","43000","0","43000","1","1","1","IAT1807191007","NHO2018000007","PAID","","193028"),
("IATT190001480","193056","191002","192010","17000","1","17000","0","17000","1","1","1","IAT1807191007","NHO2018000007","PAID","","193056"),
("IATT190001481","193028","191001","192003","43000","1","43000","0","43000","1","1","1","IAT1807191007","NHO2018000007","PAID","","193028"),
("IATT190001481","193023","191001","192003","30000","1","30000","0","30000","1","1","1","IAT1807191007","NHO2018000007","PAID","","193023"),
("IATT190001481","193052","191002","192010","20000","1","20000","0","20000","1","1","1","IAT1807191007","NHO2018000007","PAID","","193052"),
("IATT190001481","193054","191002","192010","20000","1","20000","0","20000","1","1","1","IAT1807191007","NHO2018000007","PAID","","193054"),
("IATT190001482","193084","191001","192001","30000","1","30000","0","30000","1","1","1","IAT1807191007","NHO2018000007","PAID","lvl 2","PEDAS"),
("IATT190001482","193030","191001","192004","27000","1","27000","0","27000","1","1","1","IAT1807191007","NHO2018000007","PAID","","193030"),
("IATT190001482","193030","191001","192004","27000","1","27000","0","27000","2","1","1","IAT1807191007","NHO2018000007","PAID","","193030"),
("IATT190001482","193032","191001","192004","30000","1","30000","0","30000","1","1","1","IAT1807191007","NHO2018000007","PAID","","193032"),
("IATT190001482","193048","191002","192010","8000","1","8000","0","8000","1","1","1","IAT1807191007","NHO2018000007","PAID","","193048"),
("IATT190001482","193048","191002","192010","8000","1","8000","0","8000","2","1","1","IAT1807191007","NHO2018000007","PAID","","193048"),
("IATT190001482","193048","191002","192010","8000","1","8000","0","8000","3","1","1","IAT1807191007","NHO2018000007","PAID","","193048"),
("IATT190001482","193048","191002","192010","8000","1","8000","0","8000","4","1","1","IAT1807191007","NHO2018000007","PAID","","193048"),
("IATT190001482","193005","191001","192001","37000","1","37000","0","37000","1","1","2","IAT1807191007","NHO2018000007","PAID","","193005"),
("IATT190001482","193053","191002","192010","20000","1","20000","0","20000","1","1","2","IAT1807191007","NHO2018000007","PAID","","193053"),
("IATT190001482","193048","191002","192010","8000","1","8000","0","8000","5","1","2","IAT1807191007","NHO2018000007","PAID","","193048"),
("IATT190001482","193048","191002","192010","8000","1","8000","0","8000","6","1","2","IAT1807191007","NHO2018000007","PAID","","193048"),
("IATT190001482","193048","191002","192010","8000","1","8000","0","8000","7","1","2","IAT1807191007","NHO2018000007","PAID","","193048"),
("IATT190001482","193084","191001","192001","30000","1","30000","0","30000","2","1","2","IAT1807191007","NHO2018000007","PAID","","PEDAS"),
("IATT190001482","193036","191001","192006","36000","1","36000","0","36000","1","1","2","IAT1807191007","NHO2018000007","PAID","","ORIGINAL");



INSERT INTO pos_salestemp VALUES("IATT190001462","","2","76000","0","7600","0","83600","100000","18/07/2019","12:02","2019-07-18","13:14:18","ISU000012","tbl0012","CLOSED","1","","IATR190001423","","","","","IAT1807191007","NHO2018000007"),
("IATT190001463","","2","84000","0","8400","0","92400","100400","18/07/2019","12:28","2019-07-18","13:15:50","ISU000012","tbl0021","CLOSED","1","","IATR190001424","","","","","IAT1807191007","NHO2018000007"),
("IATT190001464","","2","117000","0","11700","0","128700","150000","18/07/2019","12:30","2019-07-18","13:05:24","ISU000012","tbl0011","CLOSED","1","","IATR190001422","","","","","IAT1807191007","NHO2018000007"),
("IATT190001465","","1","51000","0","5100","0","56100","100100","18/07/2019","12:32","2019-07-18","13:03:54","ISU000012","tbl0010","CLOSED","1","","IATR190001421","","","","","IAT1807191007","NHO2018000007"),
("IATT190001466","","1","110000","0","11000","0","121000","121000","18/07/2019","12:57","2019-07-18","13:21:03","ISU000012","tbl0006","CLOSED","1","","IATR190001425","","","","","IAT1807191007","NHO2018000007"),
("IATT190001467","","2","126000","0","12600","0","138600","138600","18/07/2019","12:59","2019-07-18","14:02:39","ISU000012","tbl0010","CLOSED","1","","IATR190001428","","","","","IAT1807191007","NHO2018000007"),
("IATT190001468","","2","147000","0","14700","0","161700","161700","18/07/2019","13:09","2019-07-18","13:53:38","ISU000012","tbl0024","CLOSED","1","","IATR190001426","","","","","IAT1807191007","NHO2018000007"),
("IATT190001469","","1","0","0","0","0","0","0","18/07/2019","13:25","18/07/2019","13:25:28","ISU000012","tbl0011","CANCELED","1","PERMINTAAN CUSTOMER","","","","","","IAT1807191007","NHO2018000007"),
("IATT190001470","","3","285000","0","28500","0","313500","315000","18/07/2019","13:25","2019-07-18","14:01:01","ISU000012","tbl0011","CLOSED","1","","IATR190001427","","","","","IAT1807191007","NHO2018000007"),
("IATT190001471","","3","186000","0","18600","0","204600","210000","18/07/2019","13:35","2019-07-18","14:13:08","ISU000012","tbl0012","CLOSED","1","","IATR190001429","","","","","IAT1807191007","NHO2018000007"),
("IATT190001472","","2","176000","0","17600","0","193600","195000","18/07/2019","14:03","2019-07-18","14:52:29","ISU000012","tbl0021","CLOSED","1","","IATR190001430","","","","","IAT1807191007","NHO2018000007"),
("IATT190001473","","1","98000","0","9800","0","107800","125000","18/07/2019","15:41","2019-07-18","16:21:40","ISU000012","tbl0011","CLOSED","1","","IATR190001431","","","","","IAT1807191007","NHO2018000007"),
("IATT190001474","","1","102000","0","10200","0","112200","125000","18/07/2019","17:14","2019-07-18","18:22:55","ISU000012","tbl0012","CLOSED","1","","IATR190001433","","","","","IAT1807191007","NHO2018000007"),
("IATT190001475","","2","88000","0","8800","0","96800","100000","18/07/2019","17:34","2019-07-18","18:21:20","ISU000012","tbl0010","CLOSED","1","","IATR190001432","","","","","IAT1807191007","NHO2018000007"),
("IATT190001476","","1","33000","0","3300","0","36300","50000","18/07/2019","18:27","2019-07-18","19:40:51","ISU000012","tbl0010","CLOSED","1","","IATR190001434","","","","","IAT1807191007","NHO2018000007"),
("IATT190001477","","1","57000","0","5700","0","62700","62700","18/07/2019","19:23","2019-07-18","20:31:44","ISU000012","tbl0012","CLOSED","1","","IATR190001436","","","","","IAT1807191007","NHO2018000007"),
("IATT190001478","","2","85000","0","8500","0","93500","100000","18/07/2019","19:44","2019-07-18","20:19:57","ISU000012","tbl0011","CLOSED","1","","IATR190001435","","","","","IAT1807191007","NHO2018000007"),
("IATT190001479","","2","94000","0","9400","0","103400","104000","18/07/2019","20:25","2019-07-18","21:35:52","ISU000012","tbl0011","CLOSED","1","","IATR190001438","","","","","IAT1807191007","NHO2018000007"),
("IATT190001480","","1","60000","0","6000","0","66000","70000","18/07/2019","20:35","2019-07-18","21:44:06","ISU000012","tbl0012","CLOSED","1","","IATR190001439","","","","","IAT1807191007","NHO2018000007"),
("IATT190001481","","2","113000","0","11300","0","124300","124300","18/07/2019","20:52","2019-07-18","21:27:44","ISU000012","tbl0010","CLOSED","1","","IATR190001437","","","","","IAT1807191007","NHO2018000007"),
("IATT190001482","","4","293000","0","29300","0","322300","350000","18/07/2019","21:10","2019-07-18","21:48:11","ISU000012","tbl0015","CLOSED","1","","IATR190001440","","","","","IAT1807191007","NHO2018000007");












INSERT INTO pos_paymenttemp VALUES("IATT190001465","CASH","CASH","56100","100100","ISU000012","2019-07-18","","1","","CLOSED","IAT1807191007","NHO2018000007"),
("IATT190001464","CASH","CASH","128700","150000","ISU000012","2019-07-18","","1","","CLOSED","IAT1807191007","NHO2018000007"),
("IATT190001462","CASH","CASH","83600","100000","ISU000012","2019-07-18","","1","","CLOSED","IAT1807191007","NHO2018000007"),
("IATT190001463","CASH","CASH","92400","100400","ISU000012","2019-07-18","","1","","CLOSED","IAT1807191007","NHO2018000007"),
("IATT190001466","VOUCHER","ISOIDE VOUCHER 25K","25000","25000","ISU000012","2019-07-18","","1","","CLOSED","IAT1807191007","NHO2018000007"),
("IATT190001466","CARD","MASTER","96000","96000","ISU000012","2019-07-18","","1","","CLOSED","IAT1807191007","NHO2018000007"),
("IATT190001468","VOUCHER","ISOIDE VOUCHER 25K","25000","25000","ISU000012","2019-07-18","","1","","CLOSED","IAT1807191007","NHO2018000007"),
("IATT190001468","CARD","VISA","136700","136700","ISU000012","2019-07-18","","1","","CLOSED","IAT1807191007","NHO2018000007"),
("IATT190001470","VOUCHER","ISOIDE VOUCHER 25K","25000","25000","ISU000012","2019-07-18","","1","","CLOSED","IAT1807191007","NHO2018000007"),
("IATT190001470","VOUCHER","ISOIDE VOUCHER 25K","25000","25000","ISU000012","2019-07-18","","1","","CLOSED","IAT1807191007","NHO2018000007"),
("IATT190001470","VOUCHER","ISOIDE VOUCHER 25K","25000","25000","ISU000012","2019-07-18","","1","","CLOSED","IAT1807191007","NHO2018000007"),
("IATT190001470","CASH","CASH","238500","240000","ISU000012","2019-07-18","","1","","CLOSED","IAT1807191007","NHO2018000007"),
("IATT190001467","VOUCHER","ISOIDE VOUCHER 25K","25000","25000","ISU000012","2019-07-18","","1","","CLOSED","IAT1807191007","NHO2018000007"),
("IATT190001467","CARD","VISA","113600","113600","ISU000012","2019-07-18","","1","","CLOSED","IAT1807191007","NHO2018000007"),
("IATT190001471","VOUCHER","ISOIDE VOUCHER 25K","25000","25000","ISU000012","2019-07-18","","1","","CLOSED","IAT1807191007","NHO2018000007"),
("IATT190001471","VOUCHER","ISOIDE VOUCHER 25K","25000","25000","ISU000012","2019-07-18","","1","","CLOSED","IAT1807191007","NHO2018000007"),
("IATT190001471","CASH","CASH","154600","160000","ISU000012","2019-07-18","","1","","CLOSED","IAT1807191007","NHO2018000007"),
("IATT190001472","VOUCHER","ISOIDE VOUCHER 25K","25000","25000","ISU000012","2019-07-18","","1","","CLOSED","IAT1807191007","NHO2018000007"),
("IATT190001472","CASH","CASH","168600","170000","ISU000012","2019-07-18","","1","","CLOSED","IAT1807191007","NHO2018000007"),
("IATT190001473","VOUCHER","ISOIDE VOUCHER 25K","25000","25000","ISU000012","2019-07-18","","1","","CLOSED","IAT1807191007","NHO2018000007"),
("IATT190001473","CASH","CASH","82800","100000","ISU000012","2019-07-18","","1","","CLOSED","IAT1807191007","NHO2018000007"),
("IATT190001475","CASH","CASH","96800","100000","ISU000012","2019-07-18","","1","","CLOSED","IAT1807191007","NHO2018000007"),
("IATT190001474","VOUCHER","ISOIDE VOUCHER 25K","25000","25000","ISU000012","2019-07-18","","1","","CLOSED","IAT1807191007","NHO2018000007"),
("IATT190001474","CASH","CASH","87200","100000","ISU000012","2019-07-18","","1","","CLOSED","IAT1807191007","NHO2018000007"),
("IATT190001476","CASH","CASH","36300","50000","ISU000012","2019-07-18","","1","","CLOSED","IAT1807191007","NHO2018000007"),
("IATT190001478","CASH","CASH","93500","100000","ISU000012","2019-07-18","","1","","CLOSED","IAT1807191007","NHO2018000007"),
("IATT190001477","CASH","OVO","62700","62700","ISU000012","2019-07-18","","1","","CLOSED","IAT1807191007","NHO2018000007"),
("IATT190001481","CARD","MASTER","124300","124300","ISU000012","2019-07-18","","1","","CLOSED","IAT1807191007","NHO2018000007"),
("IATT190001479","CARD","MASTER","100000","100000","ISU000012","2019-07-18","","1","","CLOSED","IAT1807191007","NHO2018000007"),
("IATT190001479","CASH","CASH","3400","4000","ISU000012","2019-07-18","","1","","CLOSED","IAT1807191007","NHO2018000007"),
("IATT190001480","CASH","CASH","66000","70000","ISU000012","2019-07-18","","1","","CLOSED","IAT1807191007","NHO2018000007"),
("IATT190001482","CASH","CASH","322300","350000","ISU000012","2019-07-18","","1","","CLOSED","IAT1807191007","NHO2018000007");



