INSERT INTO pos_itemtemp VALUES("IATT190003298","193056","191002","192010","17000","1","17000","0","17000","1","1","1","IAT1910190905","NHO2018000007","PAID","","193056"),
("IATT190003298","193055","191002","192010","17000","1","17000","0","17000","1","1","1","IAT1910190905","NHO2018000007","PAID","","193055"),
("IATT190003298","193086","191001","192002","33000","1","33000","16500","16500","1","1","1","IAT1910190905","NHO2018000007","PAID","lvl1","ORIGINAL"),
("IATT190003298","193187","191001","192001","40000","1","40000","20000","20000","1","1","1","IAT1910190905","NHO2018000007","PAID","lvl3","193187"),
("IATT190003299","193034","191001","192005","37000","1","37000","18500","18500","1","1","1","IAT1910190905","NHO2018000007","PAID","","193034"),
("IATT190003299","193034","191001","192005","37000","1","37000","18500","18500","2","1","1","IAT1910190905","NHO2018000007","PAID","","193034"),
("IATT190003299","193053","191002","192010","20000","1","20000","0","20000","1","1","1","IAT1910190905","NHO2018000007","PAID","","193053"),
("IATT190003299","193056","191002","192010","17000","1","17000","0","17000","1","1","1","IAT1910190905","NHO2018000007","PAID","","193056"),
("IATT190003300","193084","191001","192001","30000","1","30000","15000","15000","1","1","1","IAT1910190905","NHO2018000007","PAID","","PEDAS"),
("IATT190003300","193034","191001","192005","37000","1","37000","18500","18500","1","1","1","IAT1910190905","NHO2018000007","PAID","","193034"),
("IATT190003300","193096","191001","192008","50000","1","50000","0","50000","1","1","1","IAT1910190905","NHO2018000007","PAID","","193096"),
("IATT190003300","193071","191001","192012","18000","1","18000","9000","9000","1","1","1","IAT1910190905","NHO2018000007","PAID","","193071"),
("IATT190003300","193054","191002","192010","20000","1","20000","0","20000","1","1","1","IAT1910190905","NHO2018000007","PAID","","193054"),
("IATT190003300","193055","191002","192010","17000","1","17000","0","17000","1","1","1","IAT1910190905","NHO2018000007","PAID","","193055"),
("IATT190003300","193047","191002","192010","10000","1","10000","0","10000","1","1","1","IAT1910190905","NHO2018000007","PAID","","193047"),
("IATT190003300","193047","191002","192010","10000","1","10000","0","10000","2","1","1","IAT1910190905","NHO2018000007","PAID","","193047"),
("IATT190003300","193052","191002","192010","20000","1","20000","0","20000","1","1","1","IAT1910190905","NHO2018000007","PAID","","193052"),
("IATT190003301","193084","191001","192001","30000","1","30000","15000","15000","1","1","1","IAT1910190905","NHO2018000007","PAID","level 2","PEDAS"),
("IATT190003301","193011","191001","192001","40000","1","40000","20000","20000","1","1","1","IAT1910190905","NHO2018000007","PAID","level 3","PEDAS"),
("IATT190003301","193055","191002","192010","17000","1","17000","0","17000","1","1","1","IAT1910190905","NHO2018000007","PAID","","193055"),
("IATT190003301","193052","191002","192010","20000","1","20000","0","20000","1","1","1","IAT1910190905","NHO2018000007","PAID","","193052"),
("IATT190003301","193069","191001","192012","13000","1","13000","6500","6500","1","1","1","IAT1910190905","NHO2018000007","PAID","","193069"),
("IATT190003300","193111","191001","192008","25000","1","25000","0","25000","1","1","2","IAT1910190905","NHO2018000007","PAID","","193111"),
("IATT190003302","193081","191001","192002","33000","1","33000","16500","16500","1","1","1","IAT1910190905","NHO2018000007","PAID","1 pedes 1 gak pedes","193081"),
("IATT190003302","193081","191001","192002","33000","1","33000","16500","16500","2","1","1","IAT1910190905","NHO2018000007","PAID","","193081"),
("IATT190003302","193010","191001","192001","40000","1","40000","20000","20000","1","1","1","IAT1910190905","NHO2018000007","PAID","no beef. ","193010"),
("IATT190003302","193010","191001","192001","40000","1","40000","20000","20000","2","1","1","IAT1910190905","NHO2018000007","PAID","","193010"),
("IATT190003302","193053","191002","192010","20000","1","20000","0","20000","1","1","1","IAT1910190905","NHO2018000007","PAID","","193053"),
("IATT190003302","193053","191002","192010","20000","1","20000","0","20000","2","1","1","IAT1910190905","NHO2018000007","PAID","","193053"),
("IATT190003302","193055","191002","192010","17000","1","17000","0","17000","1","1","1","IAT1910190905","NHO2018000007","PAID","","193055"),
("IATT190003302","193054","191002","192010","20000","1","20000","0","20000","1","1","1","IAT1910190905","NHO2018000007","PAID","","193054"),
("IATT190003303","193007","191001","192001","37000","1","37000","18500","18500","1","1","1","IAT1910190905","NHO2018000007","PAID","","PEDAS"),
("IATT190003303","193005","191001","192001","37000","1","37000","18500","18500","1","1","1","IAT1910190905","NHO2018000007","PAID","","193005"),
("IATT190003303","193054","191002","192010","20000","1","20000","0","20000","1","1","1","IAT1910190905","NHO2018000007","PAID","","193054"),
("IATT190003303","193054","191002","192010","20000","1","20000","0","20000","2","1","1","IAT1910190905","NHO2018000007","PAID","","193054"),
("IATT190003304","193071","191001","192012","18000","1","18000","9000","9000","1","1","1","IAT1910190905","NHO2018000007","PAID","","193071"),
("IATT190003305","193076","191001","192001","30000","1","30000","15000","15000","1","1","1","IAT1910190905","NHO2018000007","PAID","gapake pohon","193076"),
("IATT190003305","193047","191002","192010","10000","1","10000","0","10000","1","1","1","IAT1910190905","NHO2018000007","PAID","","193047"),
("IATT190003305","193055","191002","192010","17000","1","17000","0","17000","1","1","1","IAT1910190905","NHO2018000007","PAID","gapake es","193055"),
("IATT190003305","193054","191002","192010","20000","1","20000","0","20000","1","1","1","IAT1910190905","NHO2018000007","PAID","","193054"),
("IATT190003305","193005","191001","192001","37000","1","37000","18500","18500","1","1","1","IAT1910190905","NHO2018000007","PAID","gapake sayuran2","193005"),
("IATT190003305","193054","191002","192010","20000","1","20000","0","20000","2","1","2","IAT1910190905","NHO2018000007","PAID","","193054"),
("IATT190003306","193039","191001","192006","36000","1","36000","18000","18000","1","1","1","IAT1910190905","NHO2018000007","PAID","","ORIGINAL"),
("IATT190003306","193038","191001","192006","36000","1","36000","18000","18000","1","1","1","IAT1910190905","NHO2018000007","PAID","","ORIGINAL"),
("IATT190003306","193119","191001","192012","20000","1","20000","10000","10000","1","1","1","IAT1910190905","NHO2018000007","PAID","","193119"),
("IATT190003306","193048","191002","192010","8000","1","8000","0","8000","1","1","1","IAT1910190905","NHO2018000007","PAID","","193048"),
("IATT190003306","193055","191002","192010","17000","1","17000","0","17000","1","1","1","IAT1910190905","NHO2018000007","PAID","","193055"),
("IATT190003307","193082","191001","192001","30000","1","30000","15000","15000","1","1","1","IAT1910190905","NHO2018000007","PAID","","193082"),
("IATT190003307","193005","191001","192001","37000","1","37000","18500","18500","1","1","1","IAT1910190905","NHO2018000007","PAID","","193005"),
("IATT190003307","193046","191002","192010","10000","1","10000","0","10000","1","1","1","IAT1910190905","NHO2018000007","PAID","","193046"),
("IATT190003308","193012","191001","192001","40000","1","40000","20000","20000","1","1","1","IAT1910190905","NHO2018000007","PAID","","193012"),
("IATT190003308","193086","191001","192002","33000","1","33000","16500","16500","1","1","1","IAT1910190905","NHO2018000007","PAID","dikiit aja pedesnya","PEDAS"),
("IATT190003308","193054","191002","192010","20000","1","20000","0","20000","1","1","1","IAT1910190905","NHO2018000007","PAID","","193054"),
("IATT190003308","193051","191002","192010","20000","1","20000","0","20000","1","1","1","IAT1910190905","NHO2018000007","PAID","","193051"),
("IATT190003308","193033","191001","192005","42000","1","42000","21000","21000","1","1","2","IAT1910190905","NHO2018000007","PAID","","193033"),
("IATT190003309","193055","191002","192010","17000","1","17000","0","17000","1","1","1","IAT1910190905","NHO2018000007","PAID","","193055"),
("IATT190003309","193056","191002","192010","17000","1","17000","0","17000","1","1","1","IAT1910190905","NHO2018000007","PAID","","193056"),
("IATT190003309","193036","191001","192006","36000","1","36000","18000","18000","1","1","1","IAT1910190905","NHO2018000007","PAID","","ORIGINAL"),
("IATT190003309","193076","191001","192001","30000","1","30000","15000","15000","1","1","1","IAT1910190905","NHO2018000007","PAID","","193076"),
("IATT190003304","193082","191001","192001","30000","1","30000","15000","15000","1","1","2","IAT1910190905","NHO2018000007","PAID","","193082"),
("IATT190003310","193050","191002","192010","20000","1","20000","0","20000","1","1","1","IAT1910190905","NHO2018000007","PAID","","193050"),
("IATT190003310","193052","191002","192010","20000","1","20000","0","20000","1","1","1","IAT1910190905","NHO2018000007","PAID","gapake gula\n","193052"),
("IATT190003310","193052","191002","192010","20000","1","20000","0","20000","2","1","1","IAT1910190905","NHO2018000007","PAID","","193052"),
("IATT190003310","193035","191001","192006","32000","1","32000","16000","16000","1","1","2","IAT1910190905","NHO2018000007","PAID","","ORIGINAL"),
("IATT190003310","193076","191001","192001","30000","1","30000","15000","15000","1","1","2","IAT1910190905","NHO2018000007","PAID","","193076"),
("IATT190003310","193009","191001","192001","40000","1","40000","20000","20000","1","1","2","IAT1910190905","NHO2018000007","PAID","","193009"),
("IATT190003311","193005","191001","192001","37000","1","37000","18500","18500","1","1","1","IAT1910190905","NHO2018000007","PAID","","193005"),
("IATT190003311","193048","191002","192010","8000","1","8000","0","8000","1","1","1","IAT1910190905","NHO2018000007","PAID","","193048"),
("IATT190003311","193048","191002","192010","8000","1","8000","0","8000","2","1","1","IAT1910190905","NHO2018000007","PAID","","193048"),
("IATT190003312","193056","191002","192010","17000","1","17000","0","17000","1","1","1","IAT1910190905","NHO2018000007","PAID","","193056"),
("IATT190003312","193085","191001","192001","30000","1","30000","15000","15000","1","1","1","IAT1910190905","NHO2018000007","PAID","","193085"),
("IATT190003313","193027","191001","192003","43000","1","43000","0","43000","1","1","1","IAT1910190905","NHO2018000007","PAID","","193027"),
("IATT190003313","193083","191001","192001","30000","1","30000","15000","15000","1","1","1","IAT1910190905","NHO2018000007","PAID","","193083"),
("IATT190003313","193070","191001","192012","13000","1","13000","6500","6500","1","1","1","IAT1910190905","NHO2018000007","PAID","","193070"),
("IATT190003313","193055","191002","192010","17000","1","17000","0","17000","1","1","1","IAT1910190905","NHO2018000007","PAID","","193055"),
("IATT190003313","193055","191002","192010","17000","1","17000","0","17000","2","1","1","IAT1910190905","NHO2018000007","PAID","","193055"),
("IATT190003314","193030","191001","192004","27000","1","27000","13500","13500","1","1","1","IAT1910190905","NHO2018000007","PAID","","193030"),
("IATT190003314","193029","191001","192004","27000","1","27000","13500","13500","1","1","1","IAT1910190905","NHO2018000007","PAID","","193029"),
("IATT190003314","193055","191002","192010","17000","1","17000","0","17000","1","1","1","IAT1910190905","NHO2018000007","PAID","","193055"),
("IATT190003314","193052","191002","192010","20000","1","20000","0","20000","1","1","1","IAT1910190905","NHO2018000007","PAID","","193052"),
("IATT190003315","193036","191001","192006","36000","1","36000","18000","18000","1","1","1","IAT1910190905","NHO2018000007","PAID","pedes dikit","PEDAS"),
("IATT190003315","193069","191001","192012","13000","1","13000","6500","6500","1","1","1","IAT1910190905","NHO2018000007","PAID","","193069"),
("IATT190003315","193055","191002","192010","17000","1","17000","0","17000","1","1","1","IAT1910190905","NHO2018000007","PAID","","193055"),
("IATT190003316","193033","191001","192005","42000","1","42000","0","42000","1","1","1","IAT1910190905","NHO2018000007","PAID","","193033"),
("IATT190003316","193011","191001","192001","40000","1","40000","0","40000","1","1","1","IAT1910190905","NHO2018000007","PAID","","PEDAS"),
("IATT190003316","193071","191001","192012","18000","1","18000","0","18000","1","1","1","IAT1910190905","NHO2018000007","PAID","","193071"),
("IATT190003316","193070","191001","192012","13000","1","13000","0","13000","1","1","1","IAT1910190905","NHO2018000007","PAID","","193070"),
("IATT190003316","193056","191002","192010","17000","1","17000","0","17000","1","1","1","IAT1910190905","NHO2018000007","PAID","","193056"),
("IATT190003316","193055","191002","192010","17000","1","17000","0","17000","1","1","1","IAT1910190905","NHO2018000007","PAID","","193055"),
("IATT190003317","193033","191001","192005","42000","1","42000","21000","21000","1","1","1","IAT1910190905","NHO2018000007","PAID","","193033"),
("IATT190003317","193011","191001","192001","40000","1","40000","20000","20000","1","1","1","IAT1910190905","NHO2018000007","PAID","","PEDAS"),
("IATT190003317","193118","191001","192012","20000","1","20000","10000","10000","1","1","1","IAT1910190905","NHO2018000007","PAID","","193118"),
("IATT190003317","193056","191002","192010","17000","1","17000","0","17000","1","1","1","IAT1910190905","NHO2018000007","PAID","","193056"),
("IATT190003317","193048","191002","192010","8000","1","8000","0","8000","1","1","1","IAT1910190905","NHO2018000007","PAID","","193048"),
("IATT190003318","193034","191001","192005","37000","1","37000","18500","18500","1","1","1","IAT1910190905","NHO2018000007","PAID","","193034"),
("IATT190003318","193011","191001","192001","40000","1","40000","20000","20000","1","1","1","IAT1910190905","NHO2018000007","PAID","","PEDAS"),
("IATT190003318","193076","191001","192001","30000","1","30000","15000","15000","1","1","1","IAT1910190905","NHO2018000007","PAID","","193076"),
("IATT190003318","193052","191002","192010","20000","1","20000","0","20000","1","1","1","IAT1910190905","NHO2018000007","PAID","","193052"),
("IATT190003318","193053","191002","192010","20000","1","20000","0","20000","1","1","1","IAT1910190905","NHO2018000007","PAID","","193053"),
("IATT190003319","193005","191001","192001","37000","1","37000","18500","18500","1","1","1","IAT1910190905","NHO2018000007","PAID","","193005"),
("IATT190003319","193005","191001","192001","37000","1","37000","18500","18500","2","1","1","IAT1910190905","NHO2018000007","PAID","","193005"),
("IATT190003320","193033","191001","192005","42000","1","42000","21000","21000","1","1","1","IAT1910190905","NHO2018000007","PAID","","193033"),
("IATT190003320","193055","191002","192010","17000","1","17000","0","17000","1","1","1","IAT1910190905","NHO2018000007","PAID","","193055"),
("IATT190003321","193113","191001","192003","55000","1","55000","0","55000","1","1","1","IAT1910190905","NHO2018000007","PAID","","193113"),
("IATT190003321","193055","191002","192010","17000","1","17000","0","17000","1","1","1","IAT1910190905","NHO2018000007","PAID","","193055"),
("IATT190003320","193086","191001","192002","33000","1","33000","16500","16500","1","1","2","IAT1910190905","NHO2018000007","PAID"," JANGAN D BUAT. SUDAH KELUAR","PEDAS"),
("IATT190003322","193053","191002","192010","20000","1","20000","0","20000","1","1","1","IAT1910190905","NHO2018000007","PAID","","193053"),
("IATT190003322","193056","191002","192010","17000","1","17000","0","17000","1","1","1","IAT1910190905","NHO2018000007","PAID","","193056"),
("IATT190003322","193022","191001","192003","30000","1","30000","0","30000","1","1","1","IAT1910190905","NHO2018000007","PAID","","193022"),
("IATT190003322","193071","191001","192012","18000","1","18000","0","18000","1","1","1","IAT1910190905","NHO2018000007","PAID","","193071"),
("IATT190003321","193047","191002","192010","10000","1","10000","0","10000","1","1","2","IAT1910190905","NHO2018000007","PAID","","193047"),
("IATT190003323","193049","191002","192010","10000","1","10000","0","10000","1","1","1","IAT1910190905","NHO2018000007","PAID","","193049");



INSERT INTO pos_salestemp VALUES("IATT190003298","","2","107000","36500","7050","0","77550","100000","19/10/2019","11:34","2019-10-19","12:16:35","ISU000013","tbl0012","CLOSED","1","","IATR190003201","","","","","IAT1910190905","NHO2018000007"),
("IATT190003299","","2","111000","37000","7400","0","81400","90000","19/10/2019","13:10","2019-10-19","13:38:59","ISU000006","tbl0011","CLOSED","1","","IATR190003202","","","","","IAT1910190905","NHO2018000007"),
("IATT190003300","","4","237000","42500","19450","0","213950","213950","19/10/2019","13:17","2019-10-19","14:03:40","ISU000006","tbl0014","CLOSED","1","","IATR190003203","","","","","IAT1910190905","NHO2018000007"),
("IATT190003301","","2","120000","41500","7850","0","86350","86350","19/10/2019","13:39","2019-10-19","14:10:19","ISU000006","tbl0004","CLOSED","1","","IATR190003204","","","","","IAT1910190905","NHO2018000007"),
("IATT190003302","","2","223000","73000","15000","0","165000","165000","19/10/2019","14:11","2019-10-19","14:44:02","ISU000004","tbl0012","CLOSED","1","","IATR190003205","","","","","IAT1910190905","NHO2018000007"),
("IATT190003303","","2","114000","37000","7700","0","84700","100000","19/10/2019","14:29","2019-10-19","15:13:03","ISU000004","tbl0010","CLOSED","1","","IATR190003207","","","","","IAT1910190905","NHO2018000007"),
("IATT190003304","","1","48000","24000","2400","0","26400","27000","19/10/2019","14:39","2019-10-19","19:56:22","ISU000006","tbl0008","CLOSED","1","","IATR190003221","","","","","IAT1910190905","NHO2018000007"),
("IATT190003305","","3","134000","33500","10050","0","110550","110550","19/10/2019","14:48","2019-10-19","15:10:29","ISU000004","tbl0023","CLOSED","1","","IATR190003206","","","","","IAT1910190905","NHO2018000007"),
("IATT190003306","","2","117000","46000","7100","0","78100","100000","19/10/2019","15:04","2019-10-19","15:35:49","ISU000004","tbl0011","CLOSED","1","","IATR190003208","","","","","IAT1910190905","NHO2018000007"),
("IATT190003307","","2","77000","33500","4350","0","47850","47850","19/10/2019","15:32","2019-10-19","16:01:21","ISU000004","tbl0021","CLOSED","1","","IATR190003209","","","","","IAT1910190905","NHO2018000007"),
("IATT190003308","","2","155000","57500","9750","0","107250","150000","19/10/2019","15:49","2019-10-19","16:31:38","ISU000004","tbl0010","CLOSED","1","","IATR190003211","","","","","IAT1910190905","NHO2018000007"),
("IATT190003309","","2","100000","33000","6700","0","73700","100000","19/10/2019","15:52","2019-10-19","16:27:52","ISU000004","tbl0011","CLOSED","1","","IATR190003210","","","","","IAT1910190905","NHO2018000007"),
("IATT190003310","","3","162000","51000","11100","0","122100","152000","19/10/2019","17:03","2019-10-19","18:06:39","ISU000004","tbl0010","CLOSED","1","","IATR190003212","","","","","IAT1910190905","NHO2018000007"),
("IATT190003311","","2","53000","18500","3450","0","37950","50000","19/10/2019","17:32","2019-10-19","19:21:38","ISU000006","tbl0012","CLOSED","1","","IATR190003217","","","","","IAT1910190905","NHO2018000007"),
("IATT190003312","","1","47000","15000","3200","0","35200","50000","19/10/2019","17:44","2019-10-19","18:09:18","ISU000004","tbl0006","CLOSED","1","","IATR190003213","","","","","IAT1910190905","NHO2018000007"),
("IATT190003313","","2","120000","21500","9850","0","108350","108350","19/10/2019","18:07","2019-10-19","18:46:52","ISU000006","tbl0011","CLOSED","1","","IATR190003214","","","","","IAT1910190905","NHO2018000007"),
("IATT190003314","","2","91000","27000","6400","0","70400","70400","19/10/2019","18:09","2019-10-19","18:59:25","ISU000006","tbl0004","CLOSED","1","","IATR190003215","","","","","IAT1910190905","NHO2018000007"),
("IATT190003315","","1","66000","24500","4150","0","45650","46000","19/10/2019","18:18","2019-10-19","19:01:49","ISU000006","tbl0014","CLOSED","1","","IATR190003216","","","","","IAT1910190905","NHO2018000007"),
("IATT190003316","","2","147000","0","14700","0","161700","161700","19/10/2019","18:39","2019-10-19","19:52:14","ISU000006","tbl0010","CLOSED","1","","IATR190003220","","","","","IAT1910190905","NHO2018000007"),
("IATT190003317","","2","127000","51000","7600","0","83600","100000","19/10/2019","18:47","2019-10-19","19:43:41","ISU000006","tbl0021","CLOSED","1","","IATR190003218","","","","","IAT1910190905","NHO2018000007"),
("IATT190003318","","3","147000","53500","9350","0","102850","105000","19/10/2019","19:00","2019-10-19","19:47:27","ISU000006","tbl0011","CLOSED","1","","IATR190003219","","","","","IAT1910190905","NHO2018000007"),
("IATT190003319","","1","74000","37000","3700","0","40700","100000","19/10/2019","20:19","2019-10-19","20:20:18","ISU000004","tbl0011","CLOSED","1","","IATR190003222","","","","","IAT1910190905","NHO2018000007"),
("IATT190003320","","2","92000","37500","5450","0","59950","60000","19/10/2019","20:42","2019-10-19","21:46:45","ISU000004","tbl0011","CLOSED","1","","IATR190003225","","","","","IAT1910190905","NHO2018000007"),
("IATT190003321","","1","82000","0","8200","0","90200","100000","19/10/2019","21:00","2019-10-19","21:21:40","ISU000004","tbl0010","CLOSED","1","","IATR190003223","","","","","IAT1910190905","NHO2018000007"),
("IATT190003322","","2","85000","0","8500","0","93500","100000","19/10/2019","21:16","2019-10-19","21:53:35","ISU000004","tbl0018","CLOSED","1","","IATR190003226","","","","","IAT1910190905","NHO2018000007"),
("IATT190003323","","0","10000","0","1000","0","11000","21000","19/10/2019","21:36","2019-10-19","21:36:28","ISU000004","tbl0012","CLOSED","1","","IATR190003224","","","","","IAT1910190905","NHO2018000007");



INSERT INTO item_void VALUES("IATT190003320","IAT1910190905","NHO2018000007","193011","PEDAS","1","40000","Before Send","Komplen Customer");



INSERT INTO pos_promotion_h VALUES("IATT190003298","NPRM18000017","DISC ITEM","1","36500","TUNJUKKAN JEMPOLMU","IAT1910190905","PAID","NHO2018000007"),
("IATT190003299","NPRM18000017","DISC ITEM","1","37000","TUNJUKKAN JEMPOLMU","IAT1910190905","PAID","NHO2018000007"),
("IATT190003300","NPRM18000017","DISC ITEM","1","42500","TUNJUKKAN JEMPOLMU","IAT1910190905","PAID","NHO2018000007"),
("IATT190003301","NPRM18000017","DISC ITEM","1","41500","TUNJUKKAN JEMPOLMU","IAT1910190905","PAID","NHO2018000007"),
("IATT190003302","NPRM18000017","DISC ITEM","1","73000","TUNJUKKAN JEMPOLMU","IAT1910190905","PAID","NHO2018000007"),
("IATT190003305","NPRM18000017","DISC ITEM","1","33500","TUNJUKKAN JEMPOLMU","IAT1910190905","PAID","NHO2018000007"),
("IATT190003303","NPRM18000017","DISC ITEM","1","37000","TUNJUKKAN JEMPOLMU","IAT1910190905","PAID","NHO2018000007"),
("IATT190003306","NPRM18000017","DISC ITEM","1","46000","TUNJUKKAN JEMPOLMU","IAT1910190905","PAID","NHO2018000007"),
("IATT190003307","NPRM18000017","DISC ITEM","1","33500","TUNJUKKAN JEMPOLMU","IAT1910190905","PAID","NHO2018000007"),
("IATT190003308","NPRM18000017","DISC ITEM","1","57500","TUNJUKKAN JEMPOLMU","IAT1910190905","PAID","NHO2018000007"),
("IATT190003309","NPRM18000017","DISC ITEM","1","33000","TUNJUKKAN JEMPOLMU","IAT1910190905","PAID","NHO2018000007"),
("IATT190003310","NPRM18000017","DISC ITEM","1","51000","TUNJUKKAN JEMPOLMU","IAT1910190905","PAID","NHO2018000007"),
("IATT190003312","NPRM18000017","DISC ITEM","1","15000","TUNJUKKAN JEMPOLMU","IAT1910190905","PAID","NHO2018000007"),
("IATT190003313","NPRM18000017","DISC ITEM","1","21500","TUNJUKKAN JEMPOLMU","IAT1910190905","PAID","NHO2018000007"),
("IATT190003314","NPRM18000017","DISC ITEM","1","27000","TUNJUKKAN JEMPOLMU","IAT1910190905","PAID","NHO2018000007"),
("IATT190003315","NPRM18000017","DISC ITEM","1","24500","TUNJUKKAN JEMPOLMU","IAT1910190905","PAID","NHO2018000007"),
("IATT190003311","NPRM18000017","DISC ITEM","1","18500","TUNJUKKAN JEMPOLMU","IAT1910190905","PAID","NHO2018000007"),
("IATT190003317","NPRM18000017","DISC ITEM","1","51000","TUNJUKKAN JEMPOLMU","IAT1910190905","PAID","NHO2018000007"),
("IATT190003318","NPRM18000017","DISC ITEM","1","53500","TUNJUKKAN JEMPOLMU","IAT1910190905","PAID","NHO2018000007"),
("IATT190003304","NPRM18000017","DISC ITEM","1","24000","TUNJUKKAN JEMPOLMU","IAT1910190905","PAID","NHO2018000007"),
("IATT190003319","NPRM18000017","DISC ITEM","1","37000","TUNJUKKAN JEMPOLMU","IAT1910190905","PAID","NHO2018000007"),
("IATT190003320","NPRM18000017","DISC ITEM","1","37500","TUNJUKKAN JEMPOLMU","IAT1910190905","PAID","NHO2018000007");



INSERT INTO pos_promotion_d VALUES("IATT190003298","NPRM18000017","DISC ITEM","1","1","193086","1","16500","IAT1910190905","PAID","NHO2018000007"),
("IATT190003298","NPRM18000017","DISC ITEM","1","1","193187","1","20000","IAT1910190905","PAID","NHO2018000007"),
("IATT190003299","NPRM18000017","DISC ITEM","1","1","193034","1","18500","IAT1910190905","PAID","NHO2018000007"),
("IATT190003299","NPRM18000017","DISC ITEM","1","1","193034","2","18500","IAT1910190905","PAID","NHO2018000007"),
("IATT190003300","NPRM18000017","DISC ITEM","1","1","193084","1","15000","IAT1910190905","PAID","NHO2018000007"),
("IATT190003300","NPRM18000017","DISC ITEM","1","1","193034","1","18500","IAT1910190905","PAID","NHO2018000007"),
("IATT190003300","NPRM18000017","DISC ITEM","1","1","193071","1","9000","IAT1910190905","PAID","NHO2018000007"),
("IATT190003301","NPRM18000017","DISC ITEM","1","1","193084","1","15000","IAT1910190905","PAID","NHO2018000007"),
("IATT190003301","NPRM18000017","DISC ITEM","1","1","193011","1","20000","IAT1910190905","PAID","NHO2018000007"),
("IATT190003301","NPRM18000017","DISC ITEM","1","1","193069","1","6500","IAT1910190905","PAID","NHO2018000007"),
("IATT190003302","NPRM18000017","DISC ITEM","1","1","193081","1","16500","IAT1910190905","PAID","NHO2018000007"),
("IATT190003302","NPRM18000017","DISC ITEM","1","1","193081","2","16500","IAT1910190905","PAID","NHO2018000007"),
("IATT190003302","NPRM18000017","DISC ITEM","1","1","193010","1","20000","IAT1910190905","PAID","NHO2018000007"),
("IATT190003302","NPRM18000017","DISC ITEM","1","1","193010","2","20000","IAT1910190905","PAID","NHO2018000007"),
("IATT190003305","NPRM18000017","DISC ITEM","1","1","193076","1","15000","IAT1910190905","PAID","NHO2018000007"),
("IATT190003305","NPRM18000017","DISC ITEM","1","1","193005","1","18500","IAT1910190905","PAID","NHO2018000007"),
("IATT190003303","NPRM18000017","DISC ITEM","1","1","193007","1","18500","IAT1910190905","PAID","NHO2018000007"),
("IATT190003303","NPRM18000017","DISC ITEM","1","1","193005","1","18500","IAT1910190905","PAID","NHO2018000007"),
("IATT190003306","NPRM18000017","DISC ITEM","1","1","193039","1","18000","IAT1910190905","PAID","NHO2018000007"),
("IATT190003306","NPRM18000017","DISC ITEM","1","1","193038","1","18000","IAT1910190905","PAID","NHO2018000007"),
("IATT190003306","NPRM18000017","DISC ITEM","1","1","193119","1","10000","IAT1910190905","PAID","NHO2018000007"),
("IATT190003307","NPRM18000017","DISC ITEM","1","1","193082","1","15000","IAT1910190905","PAID","NHO2018000007"),
("IATT190003307","NPRM18000017","DISC ITEM","1","1","193005","1","18500","IAT1910190905","PAID","NHO2018000007"),
("IATT190003308","NPRM18000017","DISC ITEM","1","1","193012","1","20000","IAT1910190905","PAID","NHO2018000007"),
("IATT190003308","NPRM18000017","DISC ITEM","1","1","193086","1","16500","IAT1910190905","PAID","NHO2018000007"),
("IATT190003308","NPRM18000017","DISC ITEM","1","1","193033","1","21000","IAT1910190905","PAID","NHO2018000007"),
("IATT190003309","NPRM18000017","DISC ITEM","1","1","193036","1","18000","IAT1910190905","PAID","NHO2018000007"),
("IATT190003309","NPRM18000017","DISC ITEM","1","1","193076","1","15000","IAT1910190905","PAID","NHO2018000007"),
("IATT190003310","NPRM18000017","DISC ITEM","1","1","193035","1","16000","IAT1910190905","PAID","NHO2018000007"),
("IATT190003310","NPRM18000017","DISC ITEM","1","1","193076","1","15000","IAT1910190905","PAID","NHO2018000007"),
("IATT190003310","NPRM18000017","DISC ITEM","1","1","193009","1","20000","IAT1910190905","PAID","NHO2018000007"),
("IATT190003312","NPRM18000017","DISC ITEM","1","1","193085","1","15000","IAT1910190905","PAID","NHO2018000007"),
("IATT190003313","NPRM18000017","DISC ITEM","1","1","193083","1","15000","IAT1910190905","PAID","NHO2018000007"),
("IATT190003313","NPRM18000017","DISC ITEM","1","1","193070","1","6500","IAT1910190905","PAID","NHO2018000007"),
("IATT190003314","NPRM18000017","DISC ITEM","1","1","193030","1","13500","IAT1910190905","PAID","NHO2018000007"),
("IATT190003314","NPRM18000017","DISC ITEM","1","1","193029","1","13500","IAT1910190905","PAID","NHO2018000007"),
("IATT190003315","NPRM18000017","DISC ITEM","1","1","193036","1","18000","IAT1910190905","PAID","NHO2018000007"),
("IATT190003315","NPRM18000017","DISC ITEM","1","1","193069","1","6500","IAT1910190905","PAID","NHO2018000007"),
("IATT190003311","NPRM18000017","DISC ITEM","1","1","193005","1","18500","IAT1910190905","PAID","NHO2018000007"),
("IATT190003317","NPRM18000017","DISC ITEM","1","1","193033","1","21000","IAT1910190905","PAID","NHO2018000007"),
("IATT190003317","NPRM18000017","DISC ITEM","1","1","193011","1","20000","IAT1910190905","PAID","NHO2018000007"),
("IATT190003317","NPRM18000017","DISC ITEM","1","1","193118","1","10000","IAT1910190905","PAID","NHO2018000007"),
("IATT190003318","NPRM18000017","DISC ITEM","1","1","193034","1","18500","IAT1910190905","PAID","NHO2018000007"),
("IATT190003318","NPRM18000017","DISC ITEM","1","1","193011","1","20000","IAT1910190905","PAID","NHO2018000007"),
("IATT190003318","NPRM18000017","DISC ITEM","1","1","193076","1","15000","IAT1910190905","PAID","NHO2018000007"),
("IATT190003304","NPRM18000017","DISC ITEM","1","1","193071","1","9000","IAT1910190905","PAID","NHO2018000007"),
("IATT190003304","NPRM18000017","DISC ITEM","1","1","193082","1","15000","IAT1910190905","PAID","NHO2018000007"),
("IATT190003319","NPRM18000017","DISC ITEM","1","1","193005","1","18500","IAT1910190905","PAID","NHO2018000007"),
("IATT190003319","NPRM18000017","DISC ITEM","1","1","193005","2","18500","IAT1910190905","PAID","NHO2018000007"),
("IATT190003320","NPRM18000017","DISC ITEM","1","1","193033","1","21000","IAT1910190905","PAID","NHO2018000007"),
("IATT190003320","NPRM18000017","DISC ITEM","1","1","193086","1","16500","IAT1910190905","PAID","NHO2018000007");



INSERT INTO pos_paymenttemp VALUES("IATT190003298","CASH","CASH","77550","100000","ISU000013","2019-10-19","","1","","CLOSED","IAT1910190905","NHO2018000007"),
("IATT190003299","CASH","CASH","81400","90000","ISU000006","2019-10-19","","1","","CLOSED","IAT1910190905","NHO2018000007"),
("IATT190003300","CARD","DEBIT BCA","213950","213950","ISU000006","2019-10-19","","1","","CLOSED","IAT1910190905","NHO2018000007"),
("IATT190003301","CARD","DEBIT BCA","86350","86350","ISU000006","2019-10-19","","1","","CLOSED","IAT1910190905","NHO2018000007"),
("IATT190003302","CASH","CASH","165000","165000","ISU000004","2019-10-19","","1","","CLOSED","IAT1910190905","NHO2018000007"),
("IATT190003305","CARD","DEBIT BCA","110550","110550","ISU000004","2019-10-19","","1","","CLOSED","IAT1910190905","NHO2018000007"),
("IATT190003303","CASH","CASH","84700","100000","ISU000004","2019-10-19","","1","","CLOSED","IAT1910190905","NHO2018000007"),
("IATT190003306","CASH","CASH","78100","100000","ISU000004","2019-10-19","","1","","CLOSED","IAT1910190905","NHO2018000007"),
("IATT190003307","CARD","DEBIT BCA","47850","47850","ISU000004","2019-10-19","","1","","CLOSED","IAT1910190905","NHO2018000007"),
("IATT190003309","CASH","CASH","73700","100000","ISU000004","2019-10-19","","1","","CLOSED","IAT1910190905","NHO2018000007"),
("IATT190003308","CASH","CASH","107250","150000","ISU000004","2019-10-19","","1","","CLOSED","IAT1910190905","NHO2018000007"),
("IATT190003310","CASH","CASH","122100","152000","ISU000004","2019-10-19","","1","","CLOSED","IAT1910190905","NHO2018000007"),
("IATT190003312","CASH","CASH","35200","50000","ISU000004","2019-10-19","","1","","CLOSED","IAT1910190905","NHO2018000007"),
("IATT190003313","CARD","DEBIT BCA","108350","108350","ISU000006","2019-10-19","","1","","CLOSED","IAT1910190905","NHO2018000007"),
("IATT190003314","CASH","CASH","70400","70400","ISU000006","2019-10-19","","1","","CLOSED","IAT1910190905","NHO2018000007"),
("IATT190003315","CASH","CASH","45650","46000","ISU000006","2019-10-19","","1","","CLOSED","IAT1910190905","NHO2018000007"),
("IATT190003311","CASH","CASH","37950","50000","ISU000006","2019-10-19","","1","","CLOSED","IAT1910190905","NHO2018000007"),
("IATT190003317","CASH","CASH","83600","100000","ISU000006","2019-10-19","","1","","CLOSED","IAT1910190905","NHO2018000007"),
("IATT190003318","CASH","CASH","102850","105000","ISU000006","2019-10-19","","1","","CLOSED","IAT1910190905","NHO2018000007"),
("IATT190003316","CASH","OVO","161700","161700","ISU000006","2019-10-19","","1","","CLOSED","IAT1910190905","NHO2018000007"),
("IATT190003304","CASH","CASH","26400","27000","ISU000006","2019-10-19","","1","","CLOSED","IAT1910190905","NHO2018000007"),
("IATT190003319","CASH","CASH","40700","100000","ISU000004","2019-10-19","","1","","CLOSED","IAT1910190905","NHO2018000007"),
("IATT190003321","CASH","CASH","90200","100000","ISU000004","2019-10-19","","1","","CLOSED","IAT1910190905","NHO2018000007"),
("IATT190003323","CASH","CASH","11000","21000","ISU000004","2019-10-19","","1","","CLOSED","IAT1910190905","NHO2018000007"),
("IATT190003320","CASH","CASH","59950","60000","ISU000004","2019-10-19","","1","","CLOSED","IAT1910190905","NHO2018000007"),
("IATT190003322","CASH","CASH","93500","100000","ISU000004","2019-10-19","","1","","CLOSED","IAT1910190905","NHO2018000007");



