INSERT INTO pos_itemtemp VALUES("IATT190001451","193007","191001","192001","37000","1","37000","0","37000","1","1","1","IAT1707191034","NHO2018000007","PAID","beef\nlv2","PEDAS"),
("IATT190001451","193056","191002","192010","17000","1","17000","0","17000","1","1","1","IAT1707191034","NHO2018000007","PAID","","193056"),
("IATT190001452","193012","191001","192001","40000","1","40000","0","40000","1","1","1","IAT1707191034","NHO2018000007","PAID","lv2","193012"),
("IATT190001452","193054","191002","192010","20000","1","20000","0","20000","1","1","1","IAT1707191034","NHO2018000007","PAID","","193054"),
("IATT190001452","193048","191002","192010","8000","1","8000","0","8000","1","1","1","IAT1707191034","NHO2018000007","PAID","","193048"),
("IATT190001453","193084","191001","192001","30000","1","30000","0","30000","1","1","1","IAT1707191034","NHO2018000007","PAID","","PEDAS"),
("IATT190001453","193054","191002","192010","20000","1","20000","0","20000","1","1","1","IAT1707191034","NHO2018000007","PAID","no sugar","193054"),
("IATT190001453","193082","191001","192001","30000","1","30000","0","30000","1","1","1","IAT1707191034","NHO2018000007","PAID","","193082"),
("IATT190001453","193084","191001","192001","30000","1","30000","0","30000","2","1","1","IAT1707191034","NHO2018000007","PAID","","PEDAS"),
("IATT190001453","193052","191002","192010","20000","1","20000","0","20000","1","1","1","IAT1707191034","NHO2018000007","PAID","","193052"),
("IATT190001453","193055","191002","192010","17000","1","17000","0","17000","1","1","1","IAT1707191034","NHO2018000007","PAID","","193055"),
("IATT190001453","193072","191001","192012","25000","1","25000","0","25000","1","1","1","IAT1707191034","NHO2018000007","PAID","","193072"),
("IATT190001454","193038","191001","192006","36000","1","36000","0","36000","1","1","1","IAT1707191034","NHO2018000007","PAID","","ORIGINAL"),
("IATT190001454","193027","191001","192003","43000","1","43000","0","43000","1","1","1","IAT1707191034","NHO2018000007","PAID","","193027"),
("IATT190001454","193069","191001","192012","13000","1","13000","0","13000","1","1","1","IAT1707191034","NHO2018000007","PAID","","193069"),
("IATT190001454","193055","191002","192010","17000","1","17000","0","17000","1","1","1","IAT1707191034","NHO2018000007","PAID","","193055"),
("IATT190001455","193022","191001","192003","30000","1","30000","0","30000","1","1","1","IAT1707191034","NHO2018000007","PAID","","193022"),
("IATT190001455","193022","191001","192003","30000","1","30000","0","30000","2","1","1","IAT1707191034","NHO2018000007","PAID","","193022"),
("IATT190001455","193024","191001","192003","30000","1","30000","0","30000","1","1","1","IAT1707191034","NHO2018000007","PAID","","193024"),
("IATT190001455","193052","191002","192010","20000","1","20000","0","20000","1","1","1","IAT1707191034","NHO2018000007","PAID","","193052"),
("IATT190001455","193055","191002","192010","17000","1","17000","0","17000","1","1","1","IAT1707191034","NHO2018000007","PAID","","193055"),
("IATT190001455","193056","191002","192010","17000","1","17000","0","17000","1","1","1","IAT1707191034","NHO2018000007","PAID","","193056"),
("IATT190001456","193035","191001","192006","32000","1","32000","0","32000","1","1","1","IAT1707191034","NHO2018000007","PAID","","PEDAS"),
("IATT190001456","193041","191001","192008","20000","1","20000","0","20000","1","1","1","IAT1707191034","NHO2018000007","PAID","","193041"),
("IATT190001456","193072","191001","192012","25000","1","25000","0","25000","1","1","1","IAT1707191034","NHO2018000007","PAID","","193072"),
("IATT190001456","193046","191002","192010","8000","1","8000","0","8000","1","1","1","IAT1707191034","NHO2018000007","PAID","","193046"),
("IATT190001456","193046","191002","192010","8000","1","8000","0","8000","2","1","1","IAT1707191034","NHO2018000007","PAID","","193046"),
("IATT190001457","193085","191001","192001","30000","1","30000","0","30000","1","1","1","IAT1707191034","NHO2018000007","PAID","","193085"),
("IATT190001457","193047","191002","192010","8000","1","8000","0","8000","1","1","1","IAT1707191034","NHO2018000007","PAID","","193047"),
("IATT190001458","193021","191001","192002","40000","1","40000","0","40000","1","1","1","IAT1707191034","NHO2018000007","PAID","","PEDAS"),
("IATT190001458","193021","191001","192002","40000","1","40000","0","40000","2","1","1","IAT1707191034","NHO2018000007","PAID","","PEDAS"),
("IATT190001458","193021","191001","192002","40000","1","40000","0","40000","3","1","1","IAT1707191034","NHO2018000007","PAID","","PEDAS"),
("IATT190001458","193052","191002","192010","20000","1","20000","0","20000","1","1","1","IAT1707191034","NHO2018000007","PAID","no milk","193052"),
("IATT190001458","193048","191002","192010","8000","1","8000","0","8000","1","1","1","IAT1707191034","NHO2018000007","PAID","","193048"),
("IATT190001458","193048","191002","192010","8000","1","8000","0","8000","2","1","1","IAT1707191034","NHO2018000007","PAID","","193048"),
("IATT190001458","193048","191002","192010","8000","1","8000","0","8000","3","1","1","IAT1707191034","NHO2018000007","PAID","","193048"),
("IATT190001458","193067","191001","192003","7000","1","7000","0","7000","1","1","1","IAT1707191034","NHO2018000007","PAID","","193067"),
("IATT190001458","193067","191001","192003","7000","1","7000","0","7000","2","1","1","IAT1707191034","NHO2018000007","PAID","","193067"),
("IATT190001458","193067","191001","192003","7000","1","7000","0","7000","3","1","1","IAT1707191034","NHO2018000007","PAID","","193067"),
("IATT190001458","193052","191002","192010","20000","1","20000","0","20000","2","1","2","IAT1707191034","NHO2018000007","PAID","no milk","193052"),
("IATT190001458","193052","191002","192010","20000","1","20000","0","20000","3","1","2","IAT1707191034","NHO2018000007","PAID","","193052"),
("IATT190001459","193022","191001","192003","30000","1","30000","0","30000","1","1","1","IAT1707191034","NHO2018000007","PAID","","193022"),
("IATT190001459","193084","191001","192001","30000","1","30000","0","30000","1","1","1","IAT1707191034","NHO2018000007","PAID","lvl 2","PEDAS"),
("IATT190001459","193047","191002","192010","8000","1","8000","0","8000","1","1","1","IAT1707191034","NHO2018000007","PAID","","193047"),
("IATT190001460","193035","191001","192006","32000","1","32000","0","32000","1","1","1","IAT1707191034","NHO2018000007","PAID","pedes sedeng","PEDAS"),
("IATT190001460","193037","191001","192006","36000","1","36000","0","36000","1","1","1","IAT1707191034","NHO2018000007","PAID","pedes sedeng","PEDAS"),
("IATT190001460","193054","191002","192010","20000","1","20000","0","20000","1","1","1","IAT1707191034","NHO2018000007","PAID","","193054"),
("IATT190001461","193022","191001","192003","30000","1","30000","0","30000","1","1","1","IAT1707191034","NHO2018000007","PAID","","193022"),
("IATT190001461","193005","191001","192001","37000","1","37000","0","37000","1","1","1","IAT1707191034","NHO2018000007","PAID","lvl 2","193005"),
("IATT190001461","193051","191002","192010","20000","1","20000","0","20000","1","1","1","IAT1707191034","NHO2018000007","PAID","","193051"),
("IATT190001461","193054","191002","192010","20000","1","20000","0","20000","1","1","1","IAT1707191034","NHO2018000007","PAID","","193054"),
("IATT190001460","193070","191001","192012","13000","1","13000","0","13000","1","1","2","IAT1707191034","NHO2018000007","PAID","","193070"),
("IATT190001459","193047","191002","192010","8000","1","8000","0","8000","2","1","2","IAT1707191034","NHO2018000007","PAID","","193047");



INSERT INTO pos_salestemp VALUES("IATT190001451","","1","54000","0","5400","0","59400","100000","17/07/2019","12:09","2019-07-17","13:09:56","ISU000011","tbl0012","CLOSED","1","","IATR190001412","","","","","IAT1707191034","NHO2018000007"),
("IATT190001452","","1","68000","0","6800","0","74800","100000","17/07/2019","12:15","2019-07-17","13:03:41","ISU000011","tbl0011","CLOSED","1","","IATR190001411","","","","","IAT1707191034","NHO2018000007"),
("IATT190001453","","3","172000","0","17200","0","189200","189200","17/07/2019","12:26","2019-07-17","13:02:49","ISU000011","tbl0010","CLOSED","1","","IATR190001410","","","","","IAT1707191034","NHO2018000007"),
("IATT190001454","","2","109000","0","10900","0","119900","125000","17/07/2019","13:55","2019-07-17","14:39:12","ISU000011","tbl0012","CLOSED","1","","IATR190001413","","","","","IAT1707191034","NHO2018000007"),
("IATT190001455","","3","144000","0","14400","0","158400","158400","17/07/2019","18:16","2019-07-17","19:06:08","ISU000011","tbl0012","CLOSED","1","","IATR190001415","","","","","IAT1707191034","NHO2018000007"),
("IATT190001456","","2","93000","0","9300","0","102300","125000","17/07/2019","18:23","2019-07-17","18:58:23","ISU000011","tbl0010","CLOSED","1","","IATR190001414","","","","","IAT1707191034","NHO2018000007"),
("IATT190001457","","1","38000","0","3800","0","41800","50000","17/07/2019","18:34","2019-07-17","19:12:53","ISU000011","tbl0011","CLOSED","1","","IATR190001416","","","","","IAT1707191034","NHO2018000007"),
("IATT190001458","","3","225000","0","22500","0","247500","250000","17/07/2019","18:59","2019-07-17","19:43:58","ISU000011","tbl0013","CLOSED","1","","IATR190001417","","","","","IAT1707191034","NHO2018000007"),
("IATT190001459","","2","76000","0","7600","0","83600","100000","17/07/2019","19:01","2019-07-17","20:16:44","ISU000011","tbl0010","CLOSED","1","","IATR190001419","","","","","IAT1707191034","NHO2018000007"),
("IATT190001460","","2","101000","0","10100","0","111100","111100","17/07/2019","19:15","2019-07-17","20:00:06","ISU000011","tbl0012","CLOSED","1","","IATR190001418","","","","","IAT1707191034","NHO2018000007"),
("IATT190001461","","2","107000","0","10700","0","117700","125000","17/07/2019","19:31","2019-07-17","20:34:40","ISU000011","tbl0011","CLOSED","1","","IATR190001420","","","","","IAT1707191034","NHO2018000007");












INSERT INTO pos_paymenttemp VALUES("IATT190001453","VOUCHER","ISOIDE VOUCHER 25K","25000","25000","ISU000011","2019-07-17","","1","","CLOSED","IAT1707191034","NHO2018000007"),
("IATT190001453","CARD","DEBIT BCA","164200","164200","ISU000011","2019-07-17","","1","","CLOSED","IAT1707191034","NHO2018000007"),
("IATT190001452","CASH","CASH","74800","100000","ISU000011","2019-07-17","","1","","CLOSED","IAT1707191034","NHO2018000007"),
("IATT190001451","CASH","CASH","59400","100000","ISU000011","2019-07-17","","1","","CLOSED","IAT1707191034","NHO2018000007"),
("IATT190001454","VOUCHER","ISOIDE VOUCHER 25K","25000","25000","ISU000011","2019-07-17","","1","","CLOSED","IAT1707191034","NHO2018000007"),
("IATT190001454","CASH","CASH","94900","100000","ISU000011","2019-07-17","","1","","CLOSED","IAT1707191034","NHO2018000007"),
("IATT190001456","VOUCHER","ISOIDE VOUCHER 25K","25000","25000","ISU000011","2019-07-17","","1","","CLOSED","IAT1707191034","NHO2018000007"),
("IATT190001456","CASH","CASH","77300","100000","ISU000011","2019-07-17","","1","","CLOSED","IAT1707191034","NHO2018000007"),
("IATT190001455","VOUCHER","ISOIDE VOUCHER 25K","25000","25000","ISU000011","2019-07-17","","1","","CLOSED","IAT1707191034","NHO2018000007"),
("IATT190001455","CARD","VISA","133400","133400","ISU000011","2019-07-17","","1","","CLOSED","IAT1707191034","NHO2018000007"),
("IATT190001457","CASH","CASH","41800","50000","ISU000011","2019-07-17","","1","","CLOSED","IAT1707191034","NHO2018000007"),
("IATT190001458","VOUCHER","ISOIDE VOUCHER 25K","25000","25000","ISU000011","2019-07-17","","1","","CLOSED","IAT1707191034","NHO2018000007"),
("IATT190001458","VOUCHER","ISOIDE VOUCHER 25K","25000","25000","ISU000011","2019-07-17","","1","","CLOSED","IAT1707191034","NHO2018000007"),
("IATT190001458","CASH","CASH","197500","200000","ISU000011","2019-07-17","","1","","CLOSED","IAT1707191034","NHO2018000007"),
("IATT190001460","VOUCHER","ISOIDE VOUCHER 25K","25000","25000","ISU000011","2019-07-17","","1","","CLOSED","IAT1707191034","NHO2018000007"),
("IATT190001460","CASH","OVO","86100","86100","ISU000011","2019-07-17","","1","","CLOSED","IAT1707191034","NHO2018000007"),
("IATT190001459","CASH","CASH","83600","100000","ISU000011","2019-07-17","","1","","CLOSED","IAT1707191034","NHO2018000007"),
("IATT190001461","VOUCHER","ISOIDE VOUCHER 25K","25000","25000","ISU000011","2019-07-17","","1","","CLOSED","IAT1707191034","NHO2018000007"),
("IATT190001461","CASH","CASH","92700","100000","ISU000011","2019-07-17","","1","","CLOSED","IAT1707191034","NHO2018000007");



