INSERT INTO pos_itemtemp VALUES("IATT200004810","193028","191001","192003","43000","1","43000","0","43000","1","1","1","IAT1501200950","NHO2018000007","PAID","","193028"),
("IATT200004810","193017","191001","192002","37000","1","37000","0","37000","1","1","1","IAT1501200950","NHO2018000007","PAID","","193017"),
("IATT200004810","193048","191002","192010","8000","1","8000","0","8000","1","1","1","IAT1501200950","NHO2018000007","PAID","","193048"),
("IATT200004810","193048","191002","192010","8000","1","8000","0","8000","2","1","1","IAT1501200950","NHO2018000007","PAID","","193048"),
("IATT200004811","193033","191001","192005","42000","1","42000","12600","29400","1","1","1","IAT1501200950","NHO2018000007","PAID","chicken katsu pisah","193033"),
("IATT200004811","193085","191001","192001","30000","1","30000","9000","21000","1","1","1","IAT1501200950","NHO2018000007","PAID","kuah sama mie pisah","193085"),
("IATT200004811","193012","191001","192001","40000","1","40000","12000","28000","1","1","1","IAT1501200950","NHO2018000007","PAID","chicken katsu pisah","193012"),
("IATT200004812","193079","191001","192001","30000","1","30000","3000","27000","1","1","1","IAT1501200950","NHO2018000007","PAID","","193079"),
("IATT200004813","193046","191002","192010","10000","1","10000","0","10000","1","1","1","IAT1501200950","NHO2018000007","PAID","","193046"),
("IATT200004813","193113","191001","192003","55000","1","55000","0","55000","1","1","1","IAT1501200950","NHO2018000007","PAID","","193113"),
("IATT200004813","193021","191001","192002","40000","1","40000","0","40000","1","1","1","IAT1501200950","NHO2018000007","PAID","","ORIGINAL"),
("IATT200004814","193022","191001","192003","30000","1","30000","3000","27000","1","1","1","IAT1501200950","NHO2018000007","PAID","","193022"),
("IATT200004814","193024","191001","192003","30000","1","30000","3000","27000","1","1","1","IAT1501200950","NHO2018000007","PAID","","193024"),
("IATT200004814","193049","191002","192010","10000","1","10000","1000","9000","1","1","1","IAT1501200950","NHO2018000007","PAID","","193049"),
("IATT200004814","193049","191002","192010","10000","1","10000","1000","9000","2","1","1","IAT1501200950","NHO2018000007","PAID","","193049"),
("IATT200004815","193027","191001","192003","43000","1","43000","0","43000","1","1","1","IAT1501200950","NHO2018000007","PAID","","193027"),
("IATT200004815","193052","191002","192010","20000","1","20000","0","20000","1","1","1","IAT1501200950","NHO2018000007","PAID","","193052"),
("IATT200004815","193056","191002","192010","17000","1","17000","0","17000","1","1","1","IAT1501200950","NHO2018000007","PAID","","193056"),
("IATT200004815","193027","191001","192003","43000","1","43000","0","43000","2","1","2","IAT1501200950","NHO2018000007","PAID","","193027"),
("IATT200004816","193113","191001","192003","55000","1","55000","5500","49500","1","1","1","IAT1501200950","NHO2018000007","PAID","","193113"),
("IATT200004816","193112","191001","192003","50000","1","50000","5000","45000","1","1","2","IAT1501200950","NHO2018000007","PAID","","193112"),
("IATT200004817","193113","191001","192003","55000","1","55000","0","55000","1","1","1","IAT1501200950","NHO2018000007","PAID","","193113"),
("IATT200004817","193048","191002","192010","8000","1","8000","0","8000","1","1","1","IAT1501200950","NHO2018000007","PAID","","193048"),
("IATT200004818","193096","191001","192008","50000","1","50000","25000","25000","1","1","1","IAT1501200950","NHO2018000007","PAID","","193096"),
("IATT200004818","193070","191001","192012","13000","1","13000","6500","6500","1","1","2","IAT1501200950","NHO2018000007","PAID","","193070"),
("IATT200004818","193070","191001","192012","13000","1","13000","6500","6500","2","1","2","IAT1501200950","NHO2018000007","PAID","","193070"),
("IATT200004818","193070","191001","192012","13000","1","13000","6500","6500","3","1","2","IAT1501200950","NHO2018000007","PAID","","193070"),
("IATT200004818","193070","191001","192012","13000","1","13000","6500","6500","4","1","2","IAT1501200950","NHO2018000007","PAID","","193070"),
("IATT200004818","193070","191001","192012","13000","1","13000","6500","6500","5","1","2","IAT1501200950","NHO2018000007","PAID","","193070"),
("IATT200004819","193009","191001","192001","40000","1","40000","8000","32000","1","1","1","IAT1501200950","NHO2018000007","PAID","","193009"),
("IATT200004819","193082","191001","192001","30000","1","30000","6000","24000","1","1","1","IAT1501200950","NHO2018000007","PAID","","193082"),
("IATT200004819","193054","191002","192010","20000","1","20000","0","20000","1","1","1","IAT1501200950","NHO2018000007","PAID","","193054");



INSERT INTO pos_salestemp VALUES("IATT200004810","","2","96000","0","9600","0","105600","107000","15/01/2020","12:10","2020-01-15","12:42:52","ISU000015","tbl0012","CLOSED","1","","IATR200004680","","","","","IAT1501200950","NHO2018000007"),
("IATT200004811","","2","112000","33600","7840","0","86240","100000","15/01/2020","12:14","2020-01-15","13:05:48","ISU000015","tbl0011","CLOSED","1","","IATR200004682","","","","","IAT1501200950","NHO2018000007"),
("IATT200004812","","1","30000","3000","2700","0","29700","50000","15/01/2020","12:28","2020-01-15","13:01:46","ISU000015","tbl0010","CLOSED","1","","IATR200004681","","","","","IAT1501200950","NHO2018000007"),
("IATT200004813","","1","105000","0","10500","0","115500","120000","15/01/2020","13:22","2020-01-15","14:00:50","ISU000015","tbl0012","CLOSED","1","","IATR200004683","","","","","IAT1501200950","NHO2018000007"),
("IATT200004814","NHM2019003420 M abdul azis","2","80000","8000","7200","0","79200","100000","15/01/2020","13:35","2020-01-15","14:14:03","ISU000004","tbl0010","CLOSED","1","","IATR200004684","","","","","IAT1501200950","NHO2018000007"),
("IATT200004815","","1","123000","0","12300","0","135300","135300","15/01/2020","18:29","2020-01-15","19:36:56","ISU000004","tbl0010","CLOSED","1","","IATR200004686","","","","","IAT1501200950","NHO2018000007"),
("IATT200004816","NHM2019003911 NARDI AS TERKOM","1","105000","10500","9450","0","103950","110000","15/01/2020","18:53","2020-01-15","19:30:05","ISU000004","tbl0011","CLOSED","1","","IATR200004685","","","","","IAT1501200950","NHO2018000007"),
("IATT200004817","","1","63000","0","6300","0","69300","70000","15/01/2020","19:24","2020-01-15","20:04:43","ISU000004","tbl0012","CLOSED","1","","IATR200004687","","","","","IAT1501200950","NHO2018000007"),
("IATT200004818","","1","115000","57500","5750","0","63250","70000","15/01/2020","19:42","2020-01-15","20:33:50","ISU000004","tbl0015","CLOSED","1","","IATR200004688","","","","","IAT1501200950","NHO2018000007"),
("IATT200004819","","2","90000","14000","7600","0","83600","100000","15/01/2020","20:01","2020-01-15","21:10:46","ISU000004","tbl0011","CLOSED","1","","IATR200004689","","","","","IAT1501200950","NHO2018000007");



INSERT INTO item_void VALUES("IATT200004816","IAT1501200950","NHO2018000007","193096","193096","1","50000","Before Send","Komplen Customer"),
("IATT200004819","IAT1501200950","NHO2018000007","193052","193052","1","20000","Before Send","Salah Order");



INSERT INTO pos_promotion_h VALUES("IATT200004811","NPRM18000025","DISC ITEM","1","33600","KANAN KIRI DISKON 30%","IAT1501200950","PAID","NHO2018000007"),
("IATT200004812","NPRM18000023","DISC ITEM","1","3000","KANAN KIRI DISKON 10%","IAT1501200950","PAID","NHO2018000007"),
("IATT200004814","NPRM18000019","DISC ALL","1","8000","CRM DISC 10%","IAT1501200950","PAID","NHO2018000007"),
("IATT200004816","NPRM18000023","DISC ITEM","1","10500","KANAN KIRI DISKON 10%","IAT1501200950","PAID","NHO2018000007"),
("IATT200004818","NPRM18000027","DISC ITEM","1","57500","KANAN KIRI DISKON 50%","IAT1501200950","PAID","NHO2018000007"),
("IATT200004819","NPRM18000024","DISC ITEM","1","14000","KANAN KIRI DISKON 20%","IAT1501200950","PAID","NHO2018000007");



INSERT INTO pos_promotion_d VALUES("IATT200004811","NPRM18000025","DISC ITEM","1","1","193033","1","12600","IAT1501200950","PAID","NHO2018000007"),
("IATT200004811","NPRM18000025","DISC ITEM","1","1","193085","1","9000","IAT1501200950","PAID","NHO2018000007"),
("IATT200004811","NPRM18000025","DISC ITEM","1","1","193012","1","12000","IAT1501200950","PAID","NHO2018000007"),
("IATT200004812","NPRM18000023","DISC ITEM","1","1","193079","1","3000","IAT1501200950","PAID","NHO2018000007"),
("IATT200004814","NPRM18000019","DISC ALL","1","1","193022","1","3000","IAT1501200950","PAID","NHO2018000007"),
("IATT200004814","NPRM18000019","DISC ALL","1","1","193024","1","3000","IAT1501200950","PAID","NHO2018000007"),
("IATT200004814","NPRM18000019","DISC ALL","1","1","193049","1","1000","IAT1501200950","PAID","NHO2018000007"),
("IATT200004814","NPRM18000019","DISC ALL","1","1","193049","2","1000","IAT1501200950","PAID","NHO2018000007"),
("IATT200004816","NPRM18000023","DISC ITEM","1","1","193113","1","5500","IAT1501200950","PAID","NHO2018000007"),
("IATT200004816","NPRM18000023","DISC ITEM","1","1","193112","1","5000","IAT1501200950","PAID","NHO2018000007"),
("IATT200004818","NPRM18000027","DISC ITEM","1","1","193096","1","25000","IAT1501200950","PAID","NHO2018000007"),
("IATT200004818","NPRM18000027","DISC ITEM","1","1","193070","1","6500","IAT1501200950","PAID","NHO2018000007"),
("IATT200004818","NPRM18000027","DISC ITEM","1","1","193070","2","6500","IAT1501200950","PAID","NHO2018000007"),
("IATT200004818","NPRM18000027","DISC ITEM","1","1","193070","3","6500","IAT1501200950","PAID","NHO2018000007"),
("IATT200004818","NPRM18000027","DISC ITEM","1","1","193070","4","6500","IAT1501200950","PAID","NHO2018000007"),
("IATT200004818","NPRM18000027","DISC ITEM","1","1","193070","5","6500","IAT1501200950","PAID","NHO2018000007"),
("IATT200004819","NPRM18000024","DISC ITEM","1","1","193009","1","8000","IAT1501200950","PAID","NHO2018000007"),
("IATT200004819","NPRM18000024","DISC ITEM","1","1","193082","1","6000","IAT1501200950","PAID","NHO2018000007");



INSERT INTO pos_paymenttemp VALUES("IATT200004810","CASH","CASH","105600","107000","ISU000015","2020-01-15","","1","","CLOSED","IAT1501200950","NHO2018000007"),
("IATT200004812","CASH","CASH","29700","50000","ISU000015","2020-01-15","","1","","CLOSED","IAT1501200950","NHO2018000007"),
("IATT200004811","CASH","CASH","86240","100000","ISU000015","2020-01-15","","1","","CLOSED","IAT1501200950","NHO2018000007"),
("IATT200004813","CASH","CASH","115500","120000","ISU000015","2020-01-15","","1","","CLOSED","IAT1501200950","NHO2018000007"),
("IATT200004814","CASH","CASH","79200","100000","ISU000004","2020-01-15","","1","","CLOSED","IAT1501200950","NHO2018000007"),
("IATT200004816","CASH","CASH","103950","110000","ISU000004","2020-01-15","","1","","CLOSED","IAT1501200950","NHO2018000007"),
("IATT200004815","CARD","MASTER","135300","135300","ISU000004","2020-01-15","","1","","CLOSED","IAT1501200950","NHO2018000007"),
("IATT200004817","CASH","CASH","69300","70000","ISU000004","2020-01-15","","1","","CLOSED","IAT1501200950","NHO2018000007"),
("IATT200004818","CASH","CASH","63250","70000","ISU000004","2020-01-15","","1","","CLOSED","IAT1501200950","NHO2018000007"),
("IATT200004819","CASH","CASH","83600","100000","ISU000004","2020-01-15","","1","","CLOSED","IAT1501200950","NHO2018000007");



