INSERT INTO pos_itemtemp VALUES("IATT200004859","193084","191001","192001","30000","1","30000","0","30000","1","1","1","IAT1901201035","NHO2018000007","PAID","","PEDAS"),
("IATT200004859","193083","191001","192001","30000","1","30000","0","30000","1","1","1","IAT1901201035","NHO2018000007","PAID","","193083"),
("IATT200004859","193035","191001","192006","32000","1","32000","0","32000","1","1","1","IAT1901201035","NHO2018000007","PAID","","ORIGINAL"),
("IATT200004860","193035","191001","192006","32000","1","32000","0","32000","1","1","1","IAT1901201035","NHO2018000007","PAID","","PEDAS"),
("IATT200004861","193033","191001","192005","42000","1","42000","0","42000","1","1","1","IAT1901201035","NHO2018000007","PAID","","193033"),
("IATT200004861","193079","191001","192001","30000","1","30000","0","30000","1","1","1","IAT1901201035","NHO2018000007","PAID","","193079"),
("IATT200004861","193096","191001","192008","50000","1","50000","0","50000","1","1","1","IAT1901201035","NHO2018000007","PAID","","193096"),
("IATT200004861","193056","191002","192010","17000","1","17000","0","17000","1","1","1","IAT1901201035","NHO2018000007","PAID","","193056"),
("IATT200004862","193076","191001","192001","30000","1","30000","3000","27000","1","1","1","IAT1901201035","NHO2018000007","PAID","","193076"),
("IATT200004862","193005","191001","192001","37000","1","37000","3700","33300","1","1","1","IAT1901201035","NHO2018000007","PAID","","193005"),
("IATT200004862","193028","191001","192003","43000","1","43000","4300","38700","1","1","1","IAT1901201035","NHO2018000007","PAID","","193028"),
("IATT200004862","193056","191002","192010","17000","1","17000","1700","15300","1","1","1","IAT1901201035","NHO2018000007","PAID","","193056"),
("IATT200004862","193055","191002","192010","17000","1","17000","1700","15300","1","1","1","IAT1901201035","NHO2018000007","PAID","","193055"),
("IATT200004862","193055","191002","192010","17000","1","17000","1700","15300","2","1","1","IAT1901201035","NHO2018000007","PAID","","193055"),
("IATT200004863","193010","191001","192001","40000","1","40000","0","40000","1","1","1","IAT1901201035","NHO2018000007","PAID","","193010"),
("IATT200004863","193010","191001","192001","40000","1","40000","0","40000","2","1","1","IAT1901201035","NHO2018000007","PAID","","193010"),
("IATT200004863","193050","191002","192010","20000","1","20000","0","20000","1","1","1","IAT1901201035","NHO2018000007","PAID","","193050"),
("IATT200004863","193051","191002","192010","20000","1","20000","0","20000","1","1","1","IAT1901201035","NHO2018000007","PAID","","193051"),
("IATT200004864","193112","191001","192003","50000","1","50000","0","50000","1","1","1","IAT1901201035","NHO2018000007","PAID","","193112"),
("IATT200004864","193054","191002","192010","20000","1","20000","0","20000","1","1","1","IAT1901201035","NHO2018000007","PAID","","193054"),
("IATT200004865","193022","191001","192003","30000","1","30000","0","30000","1","1","1","IAT1901201035","NHO2018000007","PAID","","193022"),
("IATT200004865","193024","191001","192003","30000","1","30000","0","30000","1","1","1","IAT1901201035","NHO2018000007","PAID","","193024"),
("IATT200004865","193011","191001","192001","40000","1","40000","0","40000","1","1","1","IAT1901201035","NHO2018000007","PAID","","PEDAS"),
("IATT200004865","193027","191001","192003","43000","1","43000","0","43000","1","1","1","IAT1901201035","NHO2018000007","PAID","","193027"),
("IATT200004866","193022","191001","192003","30000","1","30000","0","30000","1","1","1","IAT1901201035","NHO2018000007","PAID","","193022"),
("IATT200004866","193035","191001","192006","32000","1","32000","0","32000","1","1","1","IAT1901201035","NHO2018000007","PAID","","PEDAS"),
("IATT200004865","193055","191002","192010","17000","1","17000","0","17000","1","1","2","IAT1901201035","NHO2018000007","PAID","","193055"),
("IATT200004865","193055","191002","192010","17000","1","17000","0","17000","2","1","2","IAT1901201035","NHO2018000007","PAID","","193055"),
("IATT200004867","193035","191001","192006","32000","1","32000","0","32000","1","1","1","IAT1901201035","NHO2018000007","PAID","","PEDAS"),
("IATT200004867","193027","191001","192003","43000","1","43000","0","43000","1","1","1","IAT1901201035","NHO2018000007","PAID","","193027"),
("IATT200004867","193052","191002","192010","20000","1","20000","0","20000","1","1","1","IAT1901201035","NHO2018000007","PAID","","193052"),
("IATT200004867","193052","191002","192010","20000","1","20000","0","20000","2","1","1","IAT1901201035","NHO2018000007","PAID","","193052"),
("IATT200004867","193052","191002","192010","20000","1","20000","0","20000","3","1","1","IAT1901201035","NHO2018000007","PAID","","193052"),
("IATT200004868","193034","191001","192005","37000","1","37000","0","37000","1","1","1","IAT1901201035","NHO2018000007","PAID","","193034"),
("IATT200004868","193039","191001","192006","36000","1","36000","0","36000","1","1","1","IAT1901201035","NHO2018000007","PAID","sedeng","PEDAS"),
("IATT200004868","193084","191001","192001","30000","1","30000","0","30000","1","1","1","IAT1901201035","NHO2018000007","PAID","","PEDAS"),
("IATT200004868","193053","191002","192010","20000","1","20000","0","20000","1","1","1","IAT1901201035","NHO2018000007","PAID","","193053"),
("IATT200004868","193055","191002","192010","17000","1","17000","0","17000","1","1","1","IAT1901201035","NHO2018000007","PAID","","193055"),
("IATT200004868","193055","191002","192010","17000","1","17000","0","17000","2","1","1","IAT1901201035","NHO2018000007","PAID","","193055"),
("IATT200004867","193055","191002","192010","17000","1","17000","0","17000","1","1","2","IAT1901201035","NHO2018000007","PAID","","193055"),
("IATT200004869","193135","191001","192015","43727","1","43727","0","43727","1","1","1","IAT1901201035","NHO2018000007","PAID","  pedes pedes banget, bungkus\n","PEDAS"),
("IATT200004870","193085","191001","192001","30000","1","30000","0","30000","1","1","1","IAT1901201035","NHO2018000007","PAID","","193085"),
("IATT200004870","193027","191001","192003","43000","1","43000","0","43000","1","1","1","IAT1901201035","NHO2018000007","PAID","","193027"),
("IATT200004870","193055","191002","192010","17000","1","17000","0","17000","1","1","1","IAT1901201035","NHO2018000007","PAID","","193055"),
("IATT200004870","193055","191002","192010","17000","1","17000","0","17000","2","1","1","IAT1901201035","NHO2018000007","PAID","","193055"),
("IATT200004867","193048","191002","192010","8000","1","8000","0","8000","1","1","3","IAT1901201035","NHO2018000007","PAID","","193048"),
("IATT200004867","193048","191002","192010","8000","1","8000","0","8000","2","1","3","IAT1901201035","NHO2018000007","PAID","","193048"),
("IATT200004867","193048","191002","192010","8000","1","8000","0","8000","3","1","3","IAT1901201035","NHO2018000007","PAID","","193048");



INSERT INTO pos_salestemp VALUES("IATT200004859","","2","92000","0","9200","0","101200","150000","19/01/2020","12:06","2020-01-19","12:53:30","ISU000004","tbl0012","CLOSED","1","","IATR200004725","","","","","IAT1901201035","NHO2018000007"),
("IATT200004860","","1","32000","0","3200","0","35200","40000","19/01/2020","12:25","2020-01-19","12:53:46","ISU000004","tbl0009","CLOSED","1","","IATR200004726","","","","","IAT1901201035","NHO2018000007"),
("IATT200004861","","3","139000","0","13900","0","152900","154000","19/01/2020","15:00","2020-01-19","16:07:58","ISU000006","tbl0012","CLOSED","1","","IATR200004727","","","","","IAT1901201035","NHO2018000007"),
("IATT200004862","","3","161000","16100","14490","0","159390","159390","19/01/2020","15:42","2020-01-19","16:19:53","ISU000006","tbl0010","CLOSED","1","","IATR200004728","","","","","IAT1901201035","NHO2018000007"),
("IATT200004863","","2","120000","0","12000","0","132000","132000","19/01/2020","15:54","2020-01-19","16:21:20","ISU000006","tbl0013","CLOSED","1","","IATR200004729","","","","","IAT1901201035","NHO2018000007"),
("IATT200004864","","0","70000","0","7000","0","77000","77000","19/01/2020","17:50","2020-01-19","18:38:09","ISU000006","tbl0004","CLOSED","1","","IATR200004731","","","","","IAT1901201035","NHO2018000007"),
("IATT200004865","","2","177000","0","17700","0","194700","194700","19/01/2020","17:53","2020-01-19","18:41:41","ISU000006","tbl0012","CLOSED","1","","IATR200004732","","","","","IAT1901201035","NHO2018000007"),
("IATT200004866","","1","62000","0","6200","0","68200","100000","19/01/2020","18:11","2020-01-19","18:13:26","ISU000006","tbl0008","CLOSED","1","","IATR200004730","","","","","IAT1901201035","NHO2018000007"),
("IATT200004867","","3","176000","0","17600","0","193600","200000","19/01/2020","18:38","2020-01-19","21:06:40","ISU000006","tbl0010","CLOSED","1","","IATR200004735","","","","","IAT1901201035","NHO2018000007"),
("IATT200004868","","3","157000","0","15700","0","172700","200000","19/01/2020","18:55","2020-01-19","19:44:15","ISU000006","tbl0012","CLOSED","1","","IATR200004733","","","","","IAT1901201035","NHO2018000007"),
("IATT200004869","","1","43727","0","4373","0","48100","48100","19/01/2020","20:17","2020-01-19","20:20:22","ISU000006","tbl0001","CLOSED","1","","IATR200004734","","","","","IAT1901201035","NHO2018000007"),
("IATT200004870","","2","107000","0","10700","0","117700","117700","19/01/2020","20:36","2020-01-19","21:11:10","ISU000006","tbl0012","CLOSED","1","","IATR200004736","","","","","IAT1901201035","NHO2018000007");






INSERT INTO pos_promotion_h VALUES("IATT200004862","NPRM18000019","DISC ALL","1","16100","CRM DISC 10%","IAT1901201035","PAID","NHO2018000007");



INSERT INTO pos_promotion_d VALUES("IATT200004862","NPRM18000019","DISC ALL","1","1","193076","1","3000","IAT1901201035","PAID","NHO2018000007"),
("IATT200004862","NPRM18000019","DISC ALL","1","1","193005","1","3700","IAT1901201035","PAID","NHO2018000007"),
("IATT200004862","NPRM18000019","DISC ALL","1","1","193028","1","4300","IAT1901201035","PAID","NHO2018000007"),
("IATT200004862","NPRM18000019","DISC ALL","1","1","193056","1","1700","IAT1901201035","PAID","NHO2018000007"),
("IATT200004862","NPRM18000019","DISC ALL","1","1","193055","1","1700","IAT1901201035","PAID","NHO2018000007"),
("IATT200004862","NPRM18000019","DISC ALL","1","1","193055","2","1700","IAT1901201035","PAID","NHO2018000007");



INSERT INTO pos_paymenttemp VALUES("IATT200004859","CASH","CASH","101200","150000","ISU000004","2020-01-19","","1","","CLOSED","IAT1901201035","NHO2018000007"),
("IATT200004860","CASH","CASH","35200","40000","ISU000004","2020-01-19","","1","","CLOSED","IAT1901201035","NHO2018000007"),
("IATT200004861","CASH","CASH","152900","154000","ISU000006","2020-01-19","","1","","CLOSED","IAT1901201035","NHO2018000007"),
("IATT200004862","CARD","VISA","159390","159390","ISU000006","2020-01-19","","1","","CLOSED","IAT1901201035","NHO2018000007"),
("IATT200004863","CARD","DEBIT BCA","132000","132000","ISU000006","2020-01-19","","1","","CLOSED","IAT1901201035","NHO2018000007"),
("IATT200004866","VOUCHER","ISOIDE VOUCHER 50K","50000","50000","ISU000006","2020-01-19","","1","","CLOSED","IAT1901201035","NHO2018000007"),
("IATT200004866","CASH","CASH","18200","50000","ISU000006","2020-01-19","","1","","CLOSED","IAT1901201035","NHO2018000007"),
("IATT200004864","CARD","DEBIT BCA","77000","77000","ISU000006","2020-01-19","","1","","CLOSED","IAT1901201035","NHO2018000007"),
("IATT200004865","CASH","OVO","194700","194700","ISU000006","2020-01-19","","1","","CLOSED","IAT1901201035","NHO2018000007"),
("IATT200004868","CASH","CASH","172700","200000","ISU000006","2020-01-19","","1","","CLOSED","IAT1901201035","NHO2018000007"),
("IATT200004869","CASH","GOPAY","48100","48100","ISU000006","2020-01-19","","1","","CLOSED","IAT1901201035","NHO2018000007"),
("IATT200004867","CASH","CASH","193600","200000","ISU000006","2020-01-19","","1","","CLOSED","IAT1901201035","NHO2018000007"),
("IATT200004870","CARD","VISA","117700","117700","ISU000006","2020-01-19","","1","","CLOSED","IAT1901201035","NHO2018000007");



