INSERT INTO pos_itemtemp VALUES("IATT190004347","193086","191001","192002","33000","1","33000","0","33000","1","1","1","IAT1612190808","NHO2018000007","PAID","lvl3\n","PEDAS"),
("IATT190004347","193007","191001","192001","37000","1","37000","0","37000","1","1","1","IAT1612190808","NHO2018000007","PAID","lvl3\nlvl1","PEDAS"),
("IATT190004347","193007","191001","192001","37000","1","37000","0","37000","2","1","1","IAT1612190808","NHO2018000007","PAID","","PEDAS"),
("IATT190004347","193084","191001","192001","30000","1","30000","0","30000","1","1","1","IAT1612190808","NHO2018000007","PAID","lvl3","PEDAS"),
("IATT190004347","193084","191001","192001","30000","1","30000","0","30000","2","1","1","IAT1612190808","NHO2018000007","PAID","","PEDAS"),
("IATT190004347","193056","191002","192010","17000","1","17000","0","17000","1","1","1","IAT1612190808","NHO2018000007","PAID","","193056"),
("IATT190004347","193056","191002","192010","17000","1","17000","0","17000","2","1","1","IAT1612190808","NHO2018000007","PAID","","193056"),
("IATT190004347","193046","191002","192010","10000","1","10000","0","10000","1","1","1","IAT1612190808","NHO2018000007","PAID","","193046"),
("IATT190004347","193051","191002","192010","20000","1","20000","0","20000","1","1","1","IAT1612190808","NHO2018000007","PAID","","193051"),
("IATT190004347","193054","191002","192010","20000","1","20000","0","20000","1","1","1","IAT1612190808","NHO2018000007","PAID","","193054"),
("IATT190004348","193077","191001","192001","30000","1","30000","0","30000","1","1","1","IAT1612190808","NHO2018000007","PAID","","193077"),
("IATT190004348","193039","191001","192006","36000","1","36000","0","36000","1","1","1","IAT1612190808","NHO2018000007","PAID","","ORIGINAL"),
("IATT190004349","193005","191001","192001","37000","1","37000","18500","18500","1","1","1","IAT1612190808","NHO2018000007","PAID","","193005"),
("IATT190004349","193084","191001","192001","30000","1","30000","15000","15000","1","1","1","IAT1612190808","NHO2018000007","PAID","","PEDAS"),
("IATT190004349","193086","191001","192002","33000","1","33000","16500","16500","1","1","1","IAT1612190808","NHO2018000007","PAID","","PEDAS"),
("IATT190004349","193047","191002","192010","10000","1","10000","0","10000","1","1","1","IAT1612190808","NHO2018000007","PAID","","193047"),
("IATT190004349","193047","191002","192010","10000","1","10000","0","10000","2","1","1","IAT1612190808","NHO2018000007","PAID","","193047"),
("IATT190004350","193083","191001","192001","30000","1","30000","15000","15000","1","1","1","IAT1612190808","NHO2018000007","PAID","","193083"),
("IATT190004350","193071","191001","192012","18000","1","18000","9000","9000","1","1","1","IAT1612190808","NHO2018000007","PAID","","193071"),
("IATT190004350","193047","191002","192010","10000","1","10000","0","10000","1","1","1","IAT1612190808","NHO2018000007","PAID","","193047"),
("IATT190004350","193047","191002","192010","10000","1","10000","0","10000","2","1","1","IAT1612190808","NHO2018000007","PAID","","193047"),
("IATT190004350","193052","191002","192010","20000","1","20000","0","20000","1","1","1","IAT1612190808","NHO2018000007","PAID","","193052"),
("IATT190004350","193054","191002","192010","20000","1","20000","0","20000","1","1","1","IAT1612190808","NHO2018000007","PAID","","193054"),
("IATT190004350","193080","191001","192002","33000","1","33000","16500","16500","1","1","2","IAT1612190808","NHO2018000007","PAID","","PEDAS"),
("IATT190004350","193069","191001","192012","13000","1","13000","6500","6500","1","1","2","IAT1612190808","NHO2018000007","PAID","","193069"),
("IATT190004349","193047","191002","192010","10000","1","10000","0","10000","3","1","2","IAT1612190808","NHO2018000007","PAID","","193047"),
("IATT190004351","193032","191001","192004","30000","1","30000","0","30000","1","1","1","IAT1612190808","NHO2018000007","PAID","","193032"),
("IATT190004351","193022","191001","192003","30000","1","30000","0","30000","1","1","1","IAT1612190808","NHO2018000007","PAID","","193022"),
("IATT190004351","193052","191002","192010","20000","1","20000","0","20000","1","1","1","IAT1612190808","NHO2018000007","PAID","","193052"),
("IATT190004351","193052","191002","192010","20000","1","20000","0","20000","2","1","1","IAT1612190808","NHO2018000007","PAID","","193052"),
("IATT190004352","193016","191001","192002","37000","1","37000","0","37000","1","1","1","IAT1612190808","NHO2018000007","PAID","","PEDAS"),
("IATT190004352","193016","191001","192002","37000","1","37000","0","37000","2","1","1","IAT1612190808","NHO2018000007","PAID","","PEDAS"),
("IATT190004352","193048","191002","192010","8000","1","8000","0","8000","1","1","1","IAT1612190808","NHO2018000007","PAID","","193048"),
("IATT190004352","193049","191002","192010","10000","1","10000","0","10000","1","1","1","IAT1612190808","NHO2018000007","PAID","","193049"),
("IATT190004353","193077","191001","192001","30000","1","30000","0","30000","1","1","1","IAT1612190808","NHO2018000007","PAID","","193077"),
("IATT190004353","193047","191002","192010","10000","1","10000","0","10000","1","1","1","IAT1612190808","NHO2018000007","PAID","","193047"),
("IATT190004354","193006","191001","192001","37000","1","37000","0","37000","1","1","1","IAT1612190808","NHO2018000007","PAID","PEDAS","193006"),
("IATT190004354","193082","191001","192001","30000","1","30000","0","30000","1","1","1","IAT1612190808","NHO2018000007","PAID","","193082"),
("IATT190004354","193118","191001","192012","20000","1","20000","0","20000","1","1","1","IAT1612190808","NHO2018000007","PAID","","193118"),
("IATT190004354","193046","191002","192010","10000","1","10000","0","10000","1","1","1","IAT1612190808","NHO2018000007","PAID","","193046"),
("IATT190004354","193052","191002","192010","20000","1","20000","0","20000","1","1","1","IAT1612190808","NHO2018000007","PAID","","193052"),
("IATT190004354","193048","191002","192010","8000","1","8000","0","8000","1","1","1","IAT1612190808","NHO2018000007","PAID","","193048"),
("IATT190004355","193054","191002","192010","20000","1","20000","0","20000","1","1","1","IAT1612190808","NHO2018000007","PAID","","193054"),
("IATT190004355","193056","191002","192010","17000","1","17000","0","17000","1","1","1","IAT1612190808","NHO2018000007","PAID","","193056"),
("IATT190004355","193035","191001","192006","32000","1","32000","0","32000","1","1","1","IAT1612190808","NHO2018000007","PAID","","PEDAS"),
("IATT190004355","193040","191001","192008","20000","1","20000","0","20000","1","1","1","IAT1612190808","NHO2018000007","PAID","","193040"),
("IATT190004356","193033","191001","192005","42000","1","42000","0","42000","1","1","1","IAT1612190808","NHO2018000007","PAID","","193033"),
("IATT190004357","193082","191001","192001","30000","1","30000","0","30000","1","1","1","IAT1612190808","NHO2018000007","PAID","","193082"),
("IATT190004357","193047","191002","192010","10000","1","10000","0","10000","1","1","1","IAT1612190808","NHO2018000007","PAID","","193047"),
("IATT190004358","193011","191001","192001","40000","1","40000","20000","20000","1","1","1","IAT1612190808","NHO2018000007","PAID","","PEDAS"),
("IATT190004358","193021","191001","192002","40000","1","40000","20000","20000","1","1","1","IAT1612190808","NHO2018000007","PAID","","ORIGINAL"),
("IATT190004358","193038","191001","192006","36000","1","36000","18000","18000","1","1","1","IAT1612190808","NHO2018000007","PAID","","ORIGINAL"),
("IATT190004358","193047","191002","192010","10000","1","10000","0","10000","1","1","1","IAT1612190808","NHO2018000007","PAID","","193047"),
("IATT190004358","193049","191002","192010","10000","1","10000","0","10000","1","1","1","IAT1612190808","NHO2018000007","PAID","","193049"),
("IATT190004359","193084","191001","192001","30000","1","30000","0","30000","1","1","1","IAT1612190808","NHO2018000007","PAID","","PEDAS"),
("IATT190004359","193084","191001","192001","30000","1","30000","0","30000","2","1","1","IAT1612190808","NHO2018000007","PAID","","PEDAS"),
("IATT190004359","193118","191001","192012","20000","1","20000","0","20000","1","1","1","IAT1612190808","NHO2018000007","PAID","","193118"),
("IATT190004359","193048","191002","192010","8000","1","8000","0","8000","1","1","1","IAT1612190808","NHO2018000007","PAID","","193048"),
("IATT190004359","193048","191002","192010","8000","1","8000","0","8000","2","1","1","IAT1612190808","NHO2018000007","PAID","","193048"),
("IATT190004360","193035","191001","192006","32000","1","32000","16000","16000","1","1","1","IAT1612190808","NHO2018000007","PAID","PEDAS SEDANG","ORIGINAL"),
("IATT190004360","193114","191001","192006","42000","1","42000","21000","21000","1","1","1","IAT1612190808","NHO2018000007","PAID","","193114"),
("IATT190004360","193069","191001","192012","13000","1","13000","6500","6500","1","1","1","IAT1612190808","NHO2018000007","PAID","","193069"),
("IATT190004360","193048","191002","192010","8000","1","8000","0","8000","1","1","1","IAT1612190808","NHO2018000007","PAID","","193048"),
("IATT190004360","193048","191002","192010","8000","1","8000","0","8000","2","1","1","IAT1612190808","NHO2018000007","PAID","","193048"),
("IATT190004361","193096","191001","192008","50000","1","50000","0","50000","1","1","1","IAT1612190808","NHO2018000007","PAID","","193096"),
("IATT190004361","193034","191001","192005","37000","1","37000","0","37000","1","1","1","IAT1612190808","NHO2018000007","PAID","","193034"),
("IATT190004361","193051","191002","192010","20000","1","20000","0","20000","1","1","1","IAT1612190808","NHO2018000007","PAID","","193051"),
("IATT190004361","193056","191002","192010","17000","1","17000","0","17000","1","1","1","IAT1612190808","NHO2018000007","PAID","","193056");



INSERT INTO pos_salestemp VALUES("IATT190004347","","5","251000","0","25100","0","276100","276100","16/12/2019","11:03","2019-12-16","11:36:41","ISU000015","tbl0010","CLOSED","1","","IATR190004224","","","","","IAT1612190808","NHO2018000007"),
("IATT190004348","","2","66000","0","6600","0","72600","72600","16/12/2019","13:01","2019-12-16","13:48:19","ISU000015","tbl0012","CLOSED","1","","IATR190004225","","","","","IAT1612190808","NHO2018000007"),
("IATT190004349","","2","130000","50000","8000","0","88000","100000","16/12/2019","16:00","2019-12-16","16:55:13","ISU000004","tbl0010","CLOSED","1","","IATR190004227","","","","","IAT1612190808","NHO2018000007"),
("IATT190004350","","5","154000","47000","10700","0","117700","117700","16/12/2019","16:12","2019-12-16","16:45:40","ISU000004","tbl0023","CLOSED","1","","IATR190004226","","","","","IAT1612190808","NHO2018000007"),
("IATT190004351","","2","100000","0","10000","0","110000","150000","16/12/2019","17:01","2019-12-16","17:29:16","ISU000006","tbl0012","CLOSED","1","","IATR190004228","","","","","IAT1612190808","NHO2018000007"),
("IATT190004352","","2","92000","0","9200","0","101200","105000","16/12/2019","17:39","2019-12-16","21:21:17","ISU000004","tbl0010","CLOSED","1","","IATR190004237","","","","","IAT1612190808","NHO2018000007"),
("IATT190004353","","1","40000","0","4000","0","44000","100000","16/12/2019","17:57","2019-12-16","18:20:21","ISU000004","tbl0012","CLOSED","1","","IATR190004229","","","","","IAT1612190808","NHO2018000007"),
("IATT190004354","","2","125000","0","12500","0","137500","200000","16/12/2019","18:44","2019-12-16","20:48:45","ISU000004","tbl0011","CLOSED","1","","IATR190004232","","","","","IAT1612190808","NHO2018000007"),
("IATT190004355","","2","89000","0","8900","0","97900","100000","16/12/2019","18:51","2019-12-16","21:01:25","ISU000004","tbl0012","CLOSED","1","","IATR190004233","","","","","IAT1612190808","NHO2018000007"),
("IATT190004356","","1","42000","0","4200","0","46200","46200","16/12/2019","19:28","2019-12-16","19:53:30","ISU000004","tbl0020","CLOSED","1","","IATR190004231","","","","","IAT1612190808","NHO2018000007"),
("IATT190004357","","1","40000","0","4000","0","44000","44000","16/12/2019","19:31","2019-12-16","19:49:57","ISU000004","tbl0009","CLOSED","1","","IATR190004230","","","","","IAT1612190808","NHO2018000007"),
("IATT190004358","","2","136000","58000","7800","0","85800","100000","16/12/2019","20:12","2019-12-16","21:11:48","ISU000004","tbl0016","CLOSED","1","","IATR190004234","","","","","IAT1612190808","NHO2018000007"),
("IATT190004359","","2","96000","0","9600","0","105600","105600","16/12/2019","20:44","2019-12-16","21:13:16","ISU000004","tbl0014","CLOSED","1","","IATR190004235","","","","","IAT1612190808","NHO2018000007"),
("IATT190004360","","2","103000","43500","5950","0","65450","100000","16/12/2019","20:51","2019-12-16","21:19:21","ISU000004","tbl0017","CLOSED","1","","IATR190004236","","","","","IAT1612190808","NHO2018000007"),
("IATT190004361","","2","124000","0","12400","0","136400","200000","16/12/2019","21:14","2019-12-16","21:38:58","ISU000004","tbl0012","CLOSED","1","","IATR190004238","","","","","IAT1612190808","NHO2018000007");



INSERT INTO item_void VALUES("IATT190004350","IAT1612190808","NHO2018000007","193119","193119","1","20000","Before Send","Komplen Customer");



INSERT INTO pos_promotion_h VALUES("IATT190004349","NPRM18000021","DISC ITEM","1","50000","MENANG BANYAK","IAT1612190808","PAID","NHO2018000007"),
("IATT190004350","NPRM18000021","DISC ITEM","1","47000","MENANG BANYAK","IAT1612190808","PAID","NHO2018000007"),
("IATT190004358","NPRM18000021","DISC ITEM","1","58000","MENANG BANYAK","IAT1612190808","PAID","NHO2018000007"),
("IATT190004360","NPRM18000021","DISC ITEM","1","43500","MENANG BANYAK","IAT1612190808","PAID","NHO2018000007");



INSERT INTO pos_promotion_d VALUES("IATT190004349","NPRM18000021","DISC ITEM","1","1","193005","1","18500","IAT1612190808","PAID","NHO2018000007"),
("IATT190004349","NPRM18000021","DISC ITEM","1","1","193084","1","15000","IAT1612190808","PAID","NHO2018000007"),
("IATT190004349","NPRM18000021","DISC ITEM","1","1","193086","1","16500","IAT1612190808","PAID","NHO2018000007"),
("IATT190004350","NPRM18000021","DISC ITEM","1","1","193083","1","15000","IAT1612190808","PAID","NHO2018000007"),
("IATT190004350","NPRM18000021","DISC ITEM","1","1","193071","1","9000","IAT1612190808","PAID","NHO2018000007"),
("IATT190004350","NPRM18000021","DISC ITEM","1","1","193080","1","16500","IAT1612190808","PAID","NHO2018000007"),
("IATT190004350","NPRM18000021","DISC ITEM","1","1","193069","1","6500","IAT1612190808","PAID","NHO2018000007"),
("IATT190004358","NPRM18000021","DISC ITEM","1","1","193011","1","20000","IAT1612190808","PAID","NHO2018000007"),
("IATT190004358","NPRM18000021","DISC ITEM","1","1","193021","1","20000","IAT1612190808","PAID","NHO2018000007"),
("IATT190004358","NPRM18000021","DISC ITEM","1","1","193038","1","18000","IAT1612190808","PAID","NHO2018000007"),
("IATT190004360","NPRM18000021","DISC ITEM","1","1","193035","1","16000","IAT1612190808","PAID","NHO2018000007"),
("IATT190004360","NPRM18000021","DISC ITEM","1","1","193114","1","21000","IAT1612190808","PAID","NHO2018000007"),
("IATT190004360","NPRM18000021","DISC ITEM","1","1","193069","1","6500","IAT1612190808","PAID","NHO2018000007");



INSERT INTO pos_paymenttemp VALUES("IATT190004347","CARD","MASTER","276100","276100","ISU000015","2019-12-16","","1","","CLOSED","IAT1612190808","NHO2018000007"),
("IATT190004348","CASH","OVO","72600","72600","ISU000015","2019-12-16","","1","","CLOSED","IAT1612190808","NHO2018000007"),
("IATT190004350","CARD","VISA","117700","117700","ISU000004","2019-12-16","","1","","CLOSED","IAT1612190808","NHO2018000007"),
("IATT190004349","CASH","CASH","88000","100000","ISU000004","2019-12-16","","1","","CLOSED","IAT1612190808","NHO2018000007"),
("IATT190004351","CASH","CASH","110000","150000","ISU000006","2019-12-16","","1","","CLOSED","IAT1612190808","NHO2018000007"),
("IATT190004353","CASH","CASH","44000","100000","ISU000004","2019-12-16","","1","","CLOSED","IAT1612190808","NHO2018000007"),
("IATT190004357","CASH","OVO","44000","44000","ISU000004","2019-12-16","","1","","CLOSED","IAT1612190808","NHO2018000007"),
("IATT190004356","CASH","OVO","46200","46200","ISU000004","2019-12-16","","1","","CLOSED","IAT1612190808","NHO2018000007"),
("IATT190004354","CASH","CASH","137500","200000","ISU000004","2019-12-16","","1","","CLOSED","IAT1612190808","NHO2018000007"),
("IATT190004355","CASH","CASH","97900","100000","ISU000004","2019-12-16","","1","","CLOSED","IAT1612190808","NHO2018000007"),
("IATT190004358","CASH","CASH","85800","100000","ISU000004","2019-12-16","","1","","CLOSED","IAT1612190808","NHO2018000007"),
("IATT190004359","CARD","DEBIT BCA","105600","105600","ISU000004","2019-12-16","","1","","CLOSED","IAT1612190808","NHO2018000007"),
("IATT190004360","CASH","CASH","65450","100000","ISU000004","2019-12-16","","1","","CLOSED","IAT1612190808","NHO2018000007"),
("IATT190004352","CASH","CASH","101200","105000","ISU000004","2019-12-16","","1","","CLOSED","IAT1612190808","NHO2018000007"),
("IATT190004361","CASH","CASH","136400","200000","ISU000004","2019-12-16","","1","","CLOSED","IAT1612190808","NHO2018000007");



