INSERT INTO pos_itemtemp VALUES("IATT190002560","193006","191001","192001","37000","1","37000","18500","18500","1","1","1","IAT1209191058","NHO2018000007","PAID","lv 1","193006"),
("IATT190002560","193011","191001","192001","40000","1","40000","20000","20000","1","1","1","IAT1209191058","NHO2018000007","PAID","lv 1 (kuah bannyakin)","PEDAS"),
("IATT190002561","193007","191001","192001","37000","1","37000","18500","18500","1","1","1","IAT1209191058","NHO2018000007","PAID","","PEDAS"),
("IATT190002561","193007","191001","192001","37000","1","37000","18500","18500","2","1","1","IAT1209191058","NHO2018000007","PAID","","PEDAS"),
("IATT190002561","193049","191002","192010","10000","1","10000","0","10000","1","1","1","IAT1209191058","NHO2018000007","PAID","","193049"),
("IATT190002561","193048","191002","192010","8000","1","8000","0","8000","1","1","1","IAT1209191058","NHO2018000007","PAID","","193048"),
("IATT190002562","193036","191001","192006","36000","1","36000","0","36000","1","1","1","IAT1209191058","NHO2018000007","PAID","","ORIGINAL"),
("IATT190002563","193028","191001","192003","43000","1","43000","0","43000","1","1","1","IAT1209191058","NHO2018000007","PAID","","193028"),
("IATT190002563","193087","191001","192002","33000","1","33000","0","33000","1","1","1","IAT1209191058","NHO2018000007","PAID","","193087"),
("IATT190002563","193048","191002","192010","8000","1","8000","0","8000","1","1","1","IAT1209191058","NHO2018000007","PAID","","193048"),
("IATT190002563","193047","191002","192010","10000","1","10000","0","10000","1","1","1","IAT1209191058","NHO2018000007","PAID","","193047"),
("IATT190002564","193036","191001","192006","36000","1","36000","18000","18000","1","1","1","IAT1209191058","NHO2018000007","PAID","","ORIGINAL"),
("IATT190002565","193030","191001","192004","27000","1","27000","13500","13500","1","1","1","IAT1209191058","NHO2018000007","PAID","","193030"),
("IATT190002565","193030","191001","192004","27000","1","27000","13500","13500","2","1","1","IAT1209191058","NHO2018000007","PAID","","193030"),
("IATT190002565","193032","191001","192004","30000","1","30000","15000","15000","1","1","1","IAT1209191058","NHO2018000007","PAID","","193032"),
("IATT190002566","193117","191001","192013","25000","1","25000","0","25000","1","1","1","IAT1209191058","NHO2018000007","PAID","","193117"),
("IATT190002566","193115","191001","192013","25000","1","25000","0","25000","1","1","1","IAT1209191058","NHO2018000007","PAID","","193115"),
("IATT190002567","193032","191001","192004","30000","1","30000","0","30000","1","1","1","IAT1209191058","NHO2018000007","PAID","","193032"),
("IATT190002567","193032","191001","192004","30000","1","30000","0","30000","2","1","1","IAT1209191058","NHO2018000007","PAID","","193032"),
("IATT190002567","193027","191001","192003","43000","1","43000","0","43000","1","1","1","IAT1209191058","NHO2018000007","PAID","","193027"),
("IATT190002567","193027","191001","192003","43000","1","43000","0","43000","2","1","1","IAT1209191058","NHO2018000007","PAID","","193027"),
("IATT190002567","193054","191002","192010","20000","1","20000","0","20000","1","1","1","IAT1209191058","NHO2018000007","PAID","","193054"),
("IATT190002568","193083","191001","192001","30000","1","30000","15000","15000","1","1","1","IAT1209191058","NHO2018000007","PAID","","193083"),
("IATT190002568","193009","191001","192001","40000","1","40000","20000","20000","1","1","1","IAT1209191058","NHO2018000007","PAID","","193009"),
("IATT190002568","193047","191002","192010","10000","1","10000","0","10000","1","1","1","IAT1209191058","NHO2018000007","PAID","","193047"),
("IATT190002568","193047","191002","192010","10000","1","10000","0","10000","2","1","1","IAT1209191058","NHO2018000007","PAID","","193047"),
("IATT190002569","193087","191001","192002","33000","1","33000","16500","16500","1","1","1","IAT1209191058","NHO2018000007","PAID","tanpa daun bawang\npedes level 1","193087"),
("IATT190002569","193038","191001","192006","36000","1","36000","18000","18000","1","1","1","IAT1209191058","NHO2018000007","PAID","","PEDAS"),
("IATT190002569","193047","191002","192010","10000","1","10000","0","10000","1","1","1","IAT1209191058","NHO2018000007","PAID","","193047"),
("IATT190002569","193047","191002","192010","10000","1","10000","0","10000","2","1","1","IAT1209191058","NHO2018000007","PAID","","193047"),
("IATT190002570","193022","191001","192003","30000","1","30000","0","30000","1","1","1","IAT1209191058","NHO2018000007","PAID","","193022"),
("IATT190002570","193022","191001","192003","30000","1","30000","0","30000","2","1","1","IAT1209191058","NHO2018000007","PAID","","193022"),
("IATT190002570","193055","191002","192010","17000","1","17000","0","17000","1","1","1","IAT1209191058","NHO2018000007","PAID","","193055"),
("IATT190002570","193055","191002","192010","17000","1","17000","0","17000","2","1","1","IAT1209191058","NHO2018000007","PAID","","193055"),
("IATT190002571","193086","191001","192002","33000","1","33000","16500","16500","1","1","1","IAT1209191058","NHO2018000007","PAID","","PEDAS"),
("IATT190002571","193012","191001","192001","40000","1","40000","20000","20000","1","1","1","IAT1209191058","NHO2018000007","PAID","","193012"),
("IATT190002571","193054","191002","192010","20000","1","20000","0","20000","1","1","1","IAT1209191058","NHO2018000007","PAID","","193054"),
("IATT190002571","193054","191002","192010","20000","1","20000","0","20000","2","1","1","IAT1209191058","NHO2018000007","PAID","","193054"),
("IATT190002571","193051","191002","192010","20000","1","20000","0","20000","1","1","1","IAT1209191058","NHO2018000007","PAID","","193051"),
("IATT190002572","193030","191001","192004","27000","1","27000","0","27000","1","1","1","IAT1209191058","NHO2018000007","PAID","","193030"),
("IATT190002572","193032","191001","192004","30000","1","30000","0","30000","1","1","1","IAT1209191058","NHO2018000007","PAID","","193032"),
("IATT190002572","193046","191002","192010","10000","1","10000","0","10000","1","1","1","IAT1209191058","NHO2018000007","PAID","","193046"),
("IATT190002572","193047","191002","192010","10000","1","10000","0","10000","1","1","1","IAT1209191058","NHO2018000007","PAID","","193047"),
("IATT190002573","193084","191001","192001","30000","1","30000","0","30000","1","1","1","IAT1209191058","NHO2018000007","PAID","","PEDAS"),
("IATT190002573","193084","191001","192001","30000","1","30000","0","30000","2","1","1","IAT1209191058","NHO2018000007","PAID","","PEDAS"),
("IATT190002573","193056","191002","192010","17000","1","17000","0","17000","1","1","1","IAT1209191058","NHO2018000007","PAID","","193056"),
("IATT190002573","193055","191002","192010","17000","1","17000","0","17000","1","1","1","IAT1209191058","NHO2018000007","PAID","","193055"),
("IATT190002574","193056","191002","192010","17000","1","17000","0","17000","1","1","1","IAT1209191058","NHO2018000007","PAID","","193056"),
("IATT190002574","193056","191002","192010","17000","1","17000","0","17000","2","1","1","IAT1209191058","NHO2018000007","PAID","","193056"),
("IATT190002574","193028","191001","192003","43000","1","43000","0","43000","1","1","1","IAT1209191058","NHO2018000007","PAID","","193028"),
("IATT190002574","193007","191001","192001","37000","1","37000","18500","18500","1","1","1","IAT1209191058","NHO2018000007","PAID","level 2","PEDAS"),
("IATT190002575","193118","191001","192012","20000","1","20000","10000","10000","1","1","1","IAT1209191058","NHO2018000007","PAID","","193118"),
("IATT190002575","193009","191001","192001","40000","1","40000","20000","20000","1","1","1","IAT1209191058","NHO2018000007","PAID","tanpa daun bawang\nsambel pisah","193009"),
("IATT190002575","193086","191001","192002","33000","1","33000","16500","16500","1","1","1","IAT1209191058","NHO2018000007","PAID","","PEDAS"),
("IATT190002575","193054","191002","192010","20000","1","20000","0","20000","1","1","1","IAT1209191058","NHO2018000007","PAID","","193054"),
("IATT190002575","193046","191002","192010","10000","1","10000","0","10000","1","1","1","IAT1209191058","NHO2018000007","PAID","","193046"),
("IATT190002571","193034","191001","192005","37000","1","37000","18500","18500","1","1","2","IAT1209191058","NHO2018000007","PAID","","193034"),
("IATT190002576","193021","191001","192002","40000","1","40000","0","40000","1","1","1","IAT1209191058","NHO2018000007","PAID","","PEDAS"),
("IATT190002577","193020","191001","192002","40000","1","40000","20000","20000","1","1","1","IAT1209191058","NHO2018000007","PAID","","193020"),
("IATT190002577","193018","191001","192002","37000","1","37000","18500","18500","1","1","1","IAT1209191058","NHO2018000007","PAID","level 1","ORIGINAL"),
("IATT190002577","193030","191001","192004","27000","1","27000","13500","13500","1","1","1","IAT1209191058","NHO2018000007","PAID","","193030"),
("IATT190002577","193036","191001","192006","36000","1","36000","18000","18000","1","1","1","IAT1209191058","NHO2018000007","PAID","","ORIGINAL");



INSERT INTO pos_salestemp VALUES("IATT190002560","","2","77000","38500","3850","0","42350","42350","12/09/2019","12:02","2019-09-12","12:55:36","ISU000012","tbl0012","CLOSED","1","","IATR190002488","","","","","IAT1209191058","NHO2018000007"),
("IATT190002561","","2","92000","37000","5500","0","60500","70000","12/09/2019","12:24","2019-09-12","13:00:07","ISU000012","tbl0010","CLOSED","1","","IATR190002489","","","","","IAT1209191058","NHO2018000007"),
("IATT190002562","","1","36000","0","3600","0","39600","50000","12/09/2019","12:27","2019-09-12","13:05:04","ISU000012","tbl0017","CLOSED","1","","IATR190002491","","","","","IAT1209191058","NHO2018000007"),
("IATT190002563","","2","94000","0","9400","0","103400","105000","12/09/2019","12:51","2019-09-12","14:03:19","ISU000012","tbl0022","CLOSED","1","","IATR190002493","","","","","IAT1209191058","NHO2018000007"),
("IATT190002564","","1","36000","18000","1800","0","19800","19800","12/09/2019","13:02","2019-09-12","13:03:11","ISU000012","tbl0044","CLOSED","1","","IATR190002490","","","","","IAT1209191058","NHO2018000007"),
("IATT190002565","","2","84000","42000","4200","0","46200","50000","12/09/2019","13:05","2019-09-12","13:07:24","ISU000012","tbl0001","CLOSED","1","","IATR190002492","","","","","IAT1209191058","NHO2018000007"),
("IATT190002566","","2","50000","0","5000","0","55000","100000","12/09/2019","16:35","2019-09-12","18:28:09","ISU000012","tbl0010","CLOSED","1","","IATR190002496","","","","","IAT1209191058","NHO2018000007"),
("IATT190002567","","4","166000","0","16600","0","182600","200000","12/09/2019","17:09","2019-09-12","17:33:40","ISU000012","tbl0013","CLOSED","1","","IATR190002494","","","","","IAT1209191058","NHO2018000007"),
("IATT190002568","","2","90000","35000","5500","0","60500","60500","12/09/2019","17:22","2019-09-12","17:59:47","ISU000012","tbl0012","CLOSED","1","","IATR190002495","","","","","IAT1209191058","NHO2018000007"),
("IATT190002569","","2","89000","34500","5450","0","59950","60000","12/09/2019","18:20","2019-09-12","19:55:18","ISU000012","tbl0012","CLOSED","1","","IATR190002501","","","","","IAT1209191058","NHO2018000007"),
("IATT190002570","","2","94000","0","9400","0","103400","105500","12/09/2019","18:45","2019-09-12","19:24:14","ISU000012","tbl0010","CLOSED","1","","IATR190002498","","","","","IAT1209191058","NHO2018000007"),
("IATT190002571","","3","170000","55000","11500","0","126500","150000","12/09/2019","18:51","2019-09-12","19:57:36","ISU000012","tbl0011","CLOSED","1","","IATR190002503","","","","","IAT1209191058","NHO2018000007"),
("IATT190002572","","2","77000","0","7700","0","84700","84700","12/09/2019","19:01","2019-09-12","19:21:42","ISU000012","tbl0013","CLOSED","1","","IATR190002497","","","","","IAT1209191058","NHO2018000007"),
("IATT190002573","","2","94000","0","9400","0","103400","105500","12/09/2019","19:04","2019-09-12","19:44:55","ISU000012","tbl0019","CLOSED","1","","IATR190002499","","","","","IAT1209191058","NHO2018000007"),
("IATT190002574","","2","114000","18500","9550","0","105050","105500","12/09/2019","19:07","2019-09-12","19:49:39","ISU000012","tbl0021","CLOSED","1","","IATR190002500","","","","","IAT1209191058","NHO2018000007"),
("IATT190002575","","2","123000","46500","7650","0","84150","100000","12/09/2019","19:13","2019-09-12","19:55:57","ISU000012","tbl0006","CLOSED","1","","IATR190002502","","","","","IAT1209191058","NHO2018000007"),
("IATT190002576","","1","40000","0","4000","0","44000","44000","12/09/2019","21:20","2019-09-12","21:44:32","ISU000012","tbl0012","CLOSED","1","","IATR190002504","","","","","IAT1209191058","NHO2018000007"),
("IATT190002577","","1","140000","70000","7000","0","77000","100000","12/09/2019","21:36","2019-09-12","21:47:07","ISU000012","tbl0011","CLOSED","1","","IATR190002505","","","","","IAT1209191058","NHO2018000007");






INSERT INTO pos_promotion_h VALUES("IATT190002560","NPRM18000017","DISC ITEM","1","38500","TUNJUKKAN JEMPOLMU","IAT1209191058","PAID","NHO2018000007"),
("IATT190002561","NPRM18000017","DISC ITEM","1","37000","TUNJUKKAN JEMPOLMU","IAT1209191058","PAID","NHO2018000007"),
("IATT190002564","NPRM18000017","DISC ITEM","1","18000","TUNJUKKAN JEMPOLMU","IAT1209191058","PAID","NHO2018000007"),
("IATT190002565","NPRM18000017","DISC ITEM","1","42000","TUNJUKKAN JEMPOLMU","IAT1209191058","PAID","NHO2018000007"),
("IATT190002568","NPRM18000017","DISC ITEM","1","35000","TUNJUKKAN JEMPOLMU","IAT1209191058","PAID","NHO2018000007"),
("IATT190002574","NPRM18000017","DISC ITEM","1","18500","TUNJUKKAN JEMPOLMU","IAT1209191058","PAID","NHO2018000007"),
("IATT190002571","NPRM18000017","DISC ITEM","1","55000","TUNJUKKAN JEMPOLMU","IAT1209191058","PAID","NHO2018000007"),
("IATT190002569","NPRM18000017","DISC ITEM","1","34500","TUNJUKKAN JEMPOLMU","IAT1209191058","PAID","NHO2018000007"),
("IATT190002575","NPRM18000017","DISC ITEM","1","46500","TUNJUKKAN JEMPOLMU","IAT1209191058","PAID","NHO2018000007"),
("IATT190002577","NPRM18000017","DISC ITEM","1","70000","TUNJUKKAN JEMPOLMU","IAT1209191058","PAID","NHO2018000007");



INSERT INTO pos_promotion_d VALUES("IATT190002560","NPRM18000017","DISC ITEM","1","1","193006","1","18500","IAT1209191058","PAID","NHO2018000007"),
("IATT190002560","NPRM18000017","DISC ITEM","1","1","193011","1","20000","IAT1209191058","PAID","NHO2018000007"),
("IATT190002561","NPRM18000017","DISC ITEM","1","1","193007","1","18500","IAT1209191058","PAID","NHO2018000007"),
("IATT190002561","NPRM18000017","DISC ITEM","1","1","193007","2","18500","IAT1209191058","PAID","NHO2018000007"),
("IATT190002564","NPRM18000017","DISC ITEM","1","1","193036","1","18000","IAT1209191058","PAID","NHO2018000007"),
("IATT190002565","NPRM18000017","DISC ITEM","1","1","193030","1","13500","IAT1209191058","PAID","NHO2018000007"),
("IATT190002565","NPRM18000017","DISC ITEM","1","1","193030","2","13500","IAT1209191058","PAID","NHO2018000007"),
("IATT190002565","NPRM18000017","DISC ITEM","1","1","193032","1","15000","IAT1209191058","PAID","NHO2018000007"),
("IATT190002568","NPRM18000017","DISC ITEM","1","1","193083","1","15000","IAT1209191058","PAID","NHO2018000007"),
("IATT190002568","NPRM18000017","DISC ITEM","1","1","193009","1","20000","IAT1209191058","PAID","NHO2018000007"),
("IATT190002574","NPRM18000017","DISC ITEM","1","1","193007","1","18500","IAT1209191058","PAID","NHO2018000007"),
("IATT190002571","NPRM18000017","DISC ITEM","1","1","193086","1","16500","IAT1209191058","PAID","NHO2018000007"),
("IATT190002571","NPRM18000017","DISC ITEM","1","1","193012","1","20000","IAT1209191058","PAID","NHO2018000007"),
("IATT190002571","NPRM18000017","DISC ITEM","1","1","193034","1","18500","IAT1209191058","PAID","NHO2018000007"),
("IATT190002569","NPRM18000017","DISC ITEM","1","1","193087","1","16500","IAT1209191058","PAID","NHO2018000007"),
("IATT190002569","NPRM18000017","DISC ITEM","1","1","193038","1","18000","IAT1209191058","PAID","NHO2018000007"),
("IATT190002575","NPRM18000017","DISC ITEM","1","1","193118","1","10000","IAT1209191058","PAID","NHO2018000007"),
("IATT190002575","NPRM18000017","DISC ITEM","1","1","193009","1","20000","IAT1209191058","PAID","NHO2018000007"),
("IATT190002575","NPRM18000017","DISC ITEM","1","1","193086","1","16500","IAT1209191058","PAID","NHO2018000007"),
("IATT190002577","NPRM18000017","DISC ITEM","1","1","193020","1","20000","IAT1209191058","PAID","NHO2018000007"),
("IATT190002577","NPRM18000017","DISC ITEM","1","1","193018","1","18500","IAT1209191058","PAID","NHO2018000007"),
("IATT190002577","NPRM18000017","DISC ITEM","1","1","193030","1","13500","IAT1209191058","PAID","NHO2018000007"),
("IATT190002577","NPRM18000017","DISC ITEM","1","1","193036","1","18000","IAT1209191058","PAID","NHO2018000007");



INSERT INTO pos_paymenttemp VALUES("IATT190002560","CASH","CASH","42350","42350","ISU000012","2019-09-12","","1","","CLOSED","IAT1209191058","NHO2018000007"),
("IATT190002561","CASH","CASH","60500","70000","ISU000012","2019-09-12","","1","","CLOSED","IAT1209191058","NHO2018000007"),
("IATT190002564","CASH","CASH","19800","19800","ISU000012","2019-09-12","","1","","CLOSED","IAT1209191058","NHO2018000007"),
("IATT190002562","CASH","CASH","39600","50000","ISU000012","2019-09-12","","1","","CLOSED","IAT1209191058","NHO2018000007"),
("IATT190002565","CASH","CASH","46200","50000","ISU000012","2019-09-12","","1","","CLOSED","IAT1209191058","NHO2018000007"),
("IATT190002563","CASH","CASH","103400","105000","ISU000012","2019-09-12","","1","","CLOSED","IAT1209191058","NHO2018000007"),
("IATT190002567","CASH","CASH","182600","200000","ISU000012","2019-09-12","","1","","CLOSED","IAT1209191058","NHO2018000007"),
("IATT190002568","CARD","VISA","60500","60500","ISU000012","2019-09-12","","1","","CLOSED","IAT1209191058","NHO2018000007"),
("IATT190002566","CASH","CASH","55000","100000","ISU000012","2019-09-12","","1","","CLOSED","IAT1209191058","NHO2018000007"),
("IATT190002572","CARD","DEBIT BCA","84700","84700","ISU000012","2019-09-12","","1","","CLOSED","IAT1209191058","NHO2018000007"),
("IATT190002570","CASH","CASH","103400","105500","ISU000012","2019-09-12","","1","","CLOSED","IAT1209191058","NHO2018000007"),
("IATT190002573","CASH","CASH","103400","105500","ISU000012","2019-09-12","","1","","CLOSED","IAT1209191058","NHO2018000007"),
("IATT190002574","CASH","CASH","105050","105500","ISU000012","2019-09-12","","1","","CLOSED","IAT1209191058","NHO2018000007"),
("IATT190002569","CASH","CASH","59950","60000","ISU000012","2019-09-12","","1","","CLOSED","IAT1209191058","NHO2018000007"),
("IATT190002575","CASH","CASH","84150","100000","ISU000012","2019-09-12","","1","","CLOSED","IAT1209191058","NHO2018000007"),
("IATT190002571","CASH","CASH","126500","150000","ISU000012","2019-09-12","","1","","CLOSED","IAT1209191058","NHO2018000007"),
("IATT190002576","CASH","OVO","44000","44000","ISU000012","2019-09-12","","1","","CLOSED","IAT1209191058","NHO2018000007"),
("IATT190002577","CASH","CASH","77000","100000","ISU000012","2019-09-12","","1","","CLOSED","IAT1209191058","NHO2018000007");



