INSERT INTO pos_itemtemp VALUES("IATT200005413","193067","191001","192003","7000","1","7000","0","7000","1","1","1","IAT1802200935","NHO2018000007","PAID","","193067"),
("IATT200005414","193052","191002","192010","20000","1","20000","0","20000","1","1","1","IAT1802200935","NHO2018000007","PAID","","193052"),
("IATT200005414","193083","191001","192001","30000","1","30000","0","30000","1","1","1","IAT1802200935","NHO2018000007","PAID","","193083"),
("IATT200005414","193235","191001","192011","0","1","0","0","0","1","1","1","IAT1802200935","NHO2018000007","PAID","","193235"),
("IATT200005415","193150","191001","192015","50818","1","50818","0","50818","1","1","1","IAT1802200935","NHO2018000007","PAID","","193150"),
("IATT200005415","193156","191001","192015","31909","1","31909","0","31909","1","1","1","IAT1802200935","NHO2018000007","PAID","","193156"),
("IATT200005415","193146","191001","192015","43727","1","43727","0","43727","1","1","1","IAT1802200935","NHO2018000007","PAID","","193146"),
("IATT200005416","193085","191001","192001","30000","1","30000","0","30000","1","1","1","IAT1802200935","NHO2018000007","PAID","PEDAS","193085"),
("IATT200005416","193235","191001","192011","0","1","0","0","0","1","1","1","IAT1802200935","NHO2018000007","PAID","","193235"),
("IATT200005416","193024","191001","192003","30000","1","30000","0","30000","1","1","1","IAT1802200935","NHO2018000007","PAID","","193024"),
("IATT200005416","193047","191002","192010","10000","1","10000","0","10000","1","1","1","IAT1802200935","NHO2018000007","PAID","","193047"),
("IATT200005416","193046","191002","192010","10000","1","10000","0","10000","1","1","1","IAT1802200935","NHO2018000007","PAID","","193046"),
("IATT200005416","193046","191002","192010","10000","1","10000","0","10000","2","1","1","IAT1802200935","NHO2018000007","PAID","","193046"),
("IATT200005417","193052","191002","192010","20000","1","20000","0","20000","1","1","1","IAT1802200935","NHO2018000007","PAID","","193052"),
("IATT200005418","193084","191001","192001","30000","1","30000","0","30000","1","1","1","IAT1802200935","NHO2018000007","PAID","","PEDAS"),
("IATT200005418","193235","191001","192011","0","1","0","0","0","1","1","1","IAT1802200935","NHO2018000007","PAID","","193235"),
("IATT200005418","193047","191002","192010","10000","1","10000","0","10000","1","1","1","IAT1802200935","NHO2018000007","PAID","","193047"),
("IATT200005418","193056","191002","192010","17000","1","17000","0","17000","1","1","1","IAT1802200935","NHO2018000007","PAID","","193056"),
("IATT200005419","193009","191001","192001","40000","1","40000","0","40000","1","1","1","IAT1802200935","NHO2018000007","PAID","","193009"),
("IATT200005419","193009","191001","192001","40000","1","40000","0","40000","2","1","1","IAT1802200935","NHO2018000007","PAID","","193009"),
("IATT200005419","193016","191001","192002","37000","1","37000","0","37000","1","1","1","IAT1802200935","NHO2018000007","PAID","","PEDAS"),
("IATT200005419","193048","191002","192010","8000","1","8000","0","8000","1","1","1","IAT1802200935","NHO2018000007","PAID","","193048"),
("IATT200005419","193048","191002","192010","8000","1","8000","0","8000","2","1","1","IAT1802200935","NHO2018000007","PAID","","193048"),
("IATT200005419","193054","191002","192010","20000","1","20000","0","20000","1","1","1","IAT1802200935","NHO2018000007","PAID","","193054"),
("IATT200005419","193049","191002","192010","10000","1","10000","0","10000","1","1","2","IAT1802200935","NHO2018000007","PAID","","193049"),
("IATT200005420","193011","191001","192001","40000","1","40000","0","40000","1","1","1","IAT1802200935","NHO2018000007","PAID","LV 1","PEDAS"),
("IATT200005420","193011","191001","192001","40000","1","40000","0","40000","2","1","1","IAT1802200935","NHO2018000007","PAID","","PEDAS"),
("IATT200005420","193118","191001","192012","20000","1","20000","0","20000","1","1","2","IAT1802200935","NHO2018000007","PAID","","193118"),
("IATT200005420","193046","191002","192010","10000","1","10000","0","10000","1","1","2","IAT1802200935","NHO2018000007","PAID","","193046"),
("IATT200005420","193047","191002","192010","10000","1","10000","0","10000","1","1","2","IAT1802200935","NHO2018000007","PAID","","193047"),
("IATT200005421","193022","191001","192003","30000","1","30000","0","30000","1","1","1","IAT1802200935","NHO2018000007","PAID","","193022"),
("IATT200005421","193016","191001","192002","37000","1","37000","0","37000","1","1","1","IAT1802200935","NHO2018000007","PAID","","PEDAS"),
("IATT200005421","193048","191002","192010","8000","1","8000","0","8000","1","1","1","IAT1802200935","NHO2018000007","PAID","","193048"),
("IATT200005421","193048","191002","192010","8000","1","8000","0","8000","2","1","1","IAT1802200935","NHO2018000007","PAID","","193048"),
("IATT200005422","193012","191001","192001","40000","1","40000","0","40000","1","1","1","IAT1802200935","NHO2018000007","PAID","","193012"),
("IATT200005422","193033","191001","192005","42000","1","42000","0","42000","1","1","1","IAT1802200935","NHO2018000007","PAID","","193033"),
("IATT200005422","193046","191002","192010","10000","1","10000","0","10000","1","1","1","IAT1802200935","NHO2018000007","PAID","","193046"),
("IATT200005422","193046","191002","192010","10000","1","10000","0","10000","2","1","1","IAT1802200935","NHO2018000007","PAID","","193046"),
("IATT200005422","193048","191002","192010","8000","1","8000","0","8000","1","1","1","IAT1802200935","NHO2018000007","PAID","","193048"),
("IATT200005423","193084","191001","192001","30000","1","30000","0","30000","1","1","1","IAT1802200935","NHO2018000007","PAID","","PEDAS"),
("IATT200005423","193055","191002","192010","17000","1","17000","0","17000","1","1","1","IAT1802200935","NHO2018000007","PAID","","193055"),
("IATT200005424","193113","191001","192003","55000","1","55000","0","55000","1","1","1","IAT1802200935","NHO2018000007","PAID","","193113"),
("IATT200005424","193079","191001","192001","30000","1","30000","0","30000","1","1","1","IAT1802200935","NHO2018000007","PAID","","193079"),
("IATT200005424","193054","191002","192010","20000","1","20000","0","20000","1","1","1","IAT1802200935","NHO2018000007","PAID","","193054"),
("IATT200005424","193046","191002","192010","10000","1","10000","0","10000","1","1","1","IAT1802200935","NHO2018000007","PAID","","193046"),
("IATT200005425","193077","191001","192001","30000","1","30000","0","30000","1","1","1","IAT1802200935","NHO2018000007","PAID","","193077"),
("IATT200005425","193236","191001","192011","0","1","0","0","0","1","1","1","IAT1802200935","NHO2018000007","PAID","PALING PEDAS","193236"),
("IATT200005425","193022","191001","192003","30000","1","30000","0","30000","1","1","1","IAT1802200935","NHO2018000007","PAID","","193022"),
("IATT200005425","193051","191002","192010","20000","1","20000","0","20000","1","1","1","IAT1802200935","NHO2018000007","PAID","","193051"),
("IATT200005425","193055","191002","192010","17000","1","17000","0","17000","1","1","1","IAT1802200935","NHO2018000007","PAID","","193055"),
("IATT200005425","193049","191002","192010","10000","1","10000","0","10000","1","1","1","IAT1802200935","NHO2018000007","PAID","","193049"),
("IATT200005426","193087","191001","192002","33000","1","33000","0","33000","1","1","1","IAT1802200935","NHO2018000007","PAID","","193087"),
("IATT200005426","193069","191001","192012","13000","1","13000","0","13000","1","1","1","IAT1802200935","NHO2018000007","PAID","","193069"),
("IATT200005426","193046","191002","192010","10000","1","10000","0","10000","1","1","1","IAT1802200935","NHO2018000007","PAID","","193046");



INSERT INTO pos_salestemp VALUES("IATT200005413","","1","7000","0","700","0","7700","7700","18/02/2020","10:45","2020-02-18","10:46:58","ISU000004","tbl0002","CLOSED","1","","IATR200005267","","","","","IAT1802200935","NHO2018000007"),
("IATT200005414","","1","50000","0","5000","0","55000","55000","18/02/2020","12:05","2020-02-18","12:14:39","ISU000004","tbl0006","CLOSED","1","","IATR200005269","","","","","IAT1802200935","NHO2018000007"),
("IATT200005415","","1","126454","0","12646","0","139100","139100","18/02/2020","12:10","2020-02-18","12:13:21","ISU000004","takeaway","CLOSED","1","","IATR200005268","","","","","IAT1802200935","NHO2018000007"),
("IATT200005416","","3","90000","0","9000","0","99000","99000","18/02/2020","12:58","2020-02-18","13:35:22","ISU000004","tbl0011","CLOSED","1","","IATR200005270","","","","","IAT1802200935","NHO2018000007"),
("IATT200005417","","1","20000","0","2000","0","22000","50000","18/02/2020","15:34","2020-02-18","15:35:26","ISU000004","tbl0018","CLOSED","1","","IATR200005271","","","","","IAT1802200935","NHO2018000007"),
("IATT200005418","","2","57000","0","5700","0","62700","100000","18/02/2020","16:17","2020-02-18","17:16:07","ISU000004","tbl0011","CLOSED","1","","IATR200005272","","","","","IAT1802200935","NHO2018000007"),
("IATT200005419","","3","163000","0","16300","0","179300","200000","18/02/2020","17:56","2020-02-18","18:33:00","ISU000006","tbl0012","CLOSED","1","","IATR200005273","","","","","IAT1802200935","NHO2018000007"),
("IATT200005420","","2","120000","0","12000","0","132000","150000","18/02/2020","19:19","2020-02-18","19:53:56","ISU000006","tbl0010","CLOSED","1","","IATR200005274","","","","","IAT1802200935","NHO2018000007"),
("IATT200005421","","2","83000","0","8300","0","91300","91300","18/02/2020","19:25","2020-02-18","20:39:04","ISU000006","tbl0023","CLOSED","1","","IATR200005277","","","","","IAT1802200935","NHO2018000007"),
("IATT200005422","","2","110000","0","11000","0","121000","150000","18/02/2020","19:34","2020-02-18","20:12:24","ISU000006","tbl0011","CLOSED","1","","IATR200005275","","","","","IAT1802200935","NHO2018000007"),
("IATT200005423","","1","47000","0","4700","0","51700","52000","18/02/2020","20:03","2020-02-18","20:40:52","ISU000006","tbl0004","CLOSED","1","","IATR200005278","","","","","IAT1802200935","NHO2018000007"),
("IATT200005424","","1","115000","0","11500","0","126500","127000","18/02/2020","20:07","2020-02-18","20:34:04","ISU000006","tbl0014","CLOSED","1","","IATR200005276","","","","","IAT1802200935","NHO2018000007"),
("IATT200005425","","3","107000","0","10700","0","117700","117700","18/02/2020","20:21","2020-02-18","21:09:10","ISU000006","tbl0012","CLOSED","1","","IATR200005279","","","","","IAT1802200935","NHO2018000007"),
("IATT200005426","","1","56000","0","5600","0","61600","62000","18/02/2020","20:52","2020-02-18","21:14:16","ISU000006","tbl0009","CLOSED","1","","IATR200005280","","","","","IAT1802200935","NHO2018000007");












INSERT INTO pos_paymenttemp VALUES("IATT200005413","CASH","DANA","7700","7700","ISU000004","2020-02-18","","1","","CLOSED","IAT1802200935","NHO2018000007"),
("IATT200005415","CASH","GOPAY","139100","139100","ISU000004","2020-02-18","","1","","CLOSED","IAT1802200935","NHO2018000007"),
("IATT200005414","CARD","DEBIT BCA","55000","55000","ISU000004","2020-02-18","","1","","CLOSED","IAT1802200935","NHO2018000007"),
("IATT200005416","CARD","VISA","99000","99000","ISU000004","2020-02-18","","1","","CLOSED","IAT1802200935","NHO2018000007"),
("IATT200005417","CASH","CASH","22000","50000","ISU000004","2020-02-18","","1","","CLOSED","IAT1802200935","NHO2018000007"),
("IATT200005418","CASH","CASH","62700","100000","ISU000004","2020-02-18","","1","","CLOSED","IAT1802200935","NHO2018000007"),
("IATT200005419","CASH","CASH","179300","200000","ISU000006","2020-02-18","","1","","CLOSED","IAT1802200935","NHO2018000007"),
("IATT200005420","CASH","CASH","132000","150000","ISU000006","2020-02-18","","1","","CLOSED","IAT1802200935","NHO2018000007"),
("IATT200005422","CASH","CASH","121000","150000","ISU000006","2020-02-18","","1","","CLOSED","IAT1802200935","NHO2018000007"),
("IATT200005424","CASH","CASH","126500","127000","ISU000006","2020-02-18","","1","","CLOSED","IAT1802200935","NHO2018000007"),
("IATT200005421","CARD","DEBIT BCA","91300","91300","ISU000006","2020-02-18","","1","","CLOSED","IAT1802200935","NHO2018000007"),
("IATT200005423","CASH","CASH","51700","52000","ISU000006","2020-02-18","","1","","CLOSED","IAT1802200935","NHO2018000007"),
("IATT200005425","CASH","OVO","117700","117700","ISU000006","2020-02-18","","1","","CLOSED","IAT1802200935","NHO2018000007"),
("IATT200005426","CASH","CASH","61600","62000","ISU000006","2020-02-18","","1","","CLOSED","IAT1802200935","NHO2018000007");



