INSERT INTO pos_itemtemp VALUES("IATT190002090","193009","191001","192001","40000","1","40000","0","40000","1","1","1","IAT1908190935","NHO2018000007","PAID","LV 2","193009"),
("IATT190002090","193054","191002","192010","20000","1","20000","0","20000","1","1","1","IAT1908190935","NHO2018000007","PAID","","193054"),
("IATT190002090","193048","191002","192010","8000","1","8000","0","8000","1","1","2","IAT1908190935","NHO2018000007","PAID","","193048"),
("IATT190002091","193024","191001","192003","30000","1","30000","0","30000","1","1","1","IAT1908190935","NHO2018000007","PAID","","193024"),
("IATT190002091","193024","191001","192003","30000","1","30000","0","30000","2","1","1","IAT1908190935","NHO2018000007","PAID","","193024"),
("IATT190002091","193048","191002","192010","8000","1","8000","0","8000","1","1","1","IAT1908190935","NHO2018000007","PAID","","193048"),
("IATT190002091","193048","191002","192010","8000","1","8000","0","8000","2","1","1","IAT1908190935","NHO2018000007","PAID","","193048"),
("IATT190002092","193085","191001","192001","30000","1","30000","10800","19200","1","1","1","IAT1908190935","NHO2018000007","PAID","","193085"),
("IATT190002092","193046","191002","192010","10000","1","10000","0","10000","1","1","1","IAT1908190935","NHO2018000007","PAID","","193046"),
("IATT190002093","193018","191001","192002","37000","1","37000","13320","23680","1","1","1","IAT1908190935","NHO2018000007","PAID","LV 1","PEDAS"),
("IATT190002093","193010","191001","192001","40000","1","40000","14400","25600","1","1","1","IAT1908190935","NHO2018000007","PAID","","193010"),
("IATT190002093","193056","191002","192010","17000","1","17000","0","17000","1","1","1","IAT1908190935","NHO2018000007","PAID","","193056"),
("IATT190002093","193056","191002","192010","17000","1","17000","0","17000","2","1","1","IAT1908190935","NHO2018000007","PAID","","193056"),
("IATT190002094","193022","191001","192003","30000","1","30000","10800","19200","1","1","1","IAT1908190935","NHO2018000007","PAID","","193022"),
("IATT190002094","193007","191001","192001","37000","1","37000","13320","23680","1","1","1","IAT1908190935","NHO2018000007","PAID","LV2","PEDAS"),
("IATT190002094","193047","191002","192010","10000","1","10000","0","10000","1","1","1","IAT1908190935","NHO2018000007","PAID","","193047"),
("IATT190002094","193047","191002","192010","10000","1","10000","0","10000","2","1","1","IAT1908190935","NHO2018000007","PAID","","193047"),
("IATT190002095","193030","191001","192004","27000","1","27000","8100","18900","1","1","1","IAT1908190935","NHO2018000007","PAID","","193030"),
("IATT190002095","193029","191001","192004","27000","1","27000","8100","18900","1","1","1","IAT1908190935","NHO2018000007","PAID","","193029"),
("IATT190002095","193056","191002","192010","17000","1","17000","0","17000","1","1","1","IAT1908190935","NHO2018000007","PAID","","193056"),
("IATT190002095","193055","191002","192010","17000","1","17000","0","17000","1","1","1","IAT1908190935","NHO2018000007","PAID","","193055"),
("IATT190002096","193011","191001","192001","40000","1","40000","14400","25600","1","1","1","IAT1908190935","NHO2018000007","PAID","","PEDAS"),
("IATT190002096","193076","191001","192001","30000","1","30000","10800","19200","1","1","1","IAT1908190935","NHO2018000007","PAID","","193076"),
("IATT190002096","193056","191002","192010","17000","1","17000","0","17000","1","1","1","IAT1908190935","NHO2018000007","PAID","","193056"),
("IATT190002096","193078","191001","192001","30000","1","30000","10800","19200","1","1","1","IAT1908190935","NHO2018000007","PAID","","PEDAS"),
("IATT190002096","193077","191001","192001","30000","1","30000","10800","19200","1","1","1","IAT1908190935","NHO2018000007","PAID","","193077"),
("IATT190002097","193082","191001","192001","30000","1","30000","10800","19200","1","1","1","IAT1908190935","NHO2018000007","PAID","","193082"),
("IATT190002097","193005","191001","192001","37000","1","37000","13320","23680","1","1","1","IAT1908190935","NHO2018000007","PAID","SMBL PISAH","193005"),
("IATT190002097","193056","191002","192010","17000","1","17000","0","17000","1","1","1","IAT1908190935","NHO2018000007","PAID","","193056"),
("IATT190002097","193056","191002","192010","17000","1","17000","0","17000","2","1","1","IAT1908190935","NHO2018000007","PAID","","193056"),
("IATT190002095","193051","191002","192010","20000","1","20000","0","20000","1","1","2","IAT1908190935","NHO2018000007","PAID","","193051"),
("IATT190002098","193084","191001","192001","30000","1","30000","10800","19200","1","1","1","IAT1908190935","NHO2018000007","PAID","","PEDAS"),
("IATT190002098","193082","191001","192001","30000","1","30000","10800","19200","1","1","1","IAT1908190935","NHO2018000007","PAID","","193082"),
("IATT190002098","193056","191002","192010","17000","1","17000","0","17000","1","1","1","IAT1908190935","NHO2018000007","PAID","","193056"),
("IATT190002098","193051","191002","192010","20000","1","20000","0","20000","1","1","1","IAT1908190935","NHO2018000007","PAID","","193051"),
("IATT190002099","193084","191001","192001","30000","1","30000","10800","19200","1","1","1","IAT1908190935","NHO2018000007","PAID","LV3","PEDAS"),
("IATT190002099","193082","191001","192001","30000","1","30000","10800","19200","1","1","1","IAT1908190935","NHO2018000007","PAID","","193082"),
("IATT190002099","193047","191002","192010","10000","1","10000","0","10000","1","1","1","IAT1908190935","NHO2018000007","PAID","","193047"),
("IATT190002099","193055","191002","192010","17000","1","17000","0","17000","1","1","1","IAT1908190935","NHO2018000007","PAID","","193055"),
("IATT190002100","193082","191001","192001","30000","1","30000","10800","19200","1","1","1","IAT1908190935","NHO2018000007","PAID","","193082"),
("IATT190002100","193082","191001","192001","30000","1","30000","10800","19200","2","1","1","IAT1908190935","NHO2018000007","PAID","","193082"),
("IATT190002100","193076","191001","192001","30000","1","30000","10800","19200","1","1","1","IAT1908190935","NHO2018000007","PAID","","193076"),
("IATT190002100","193076","191001","192001","30000","1","30000","10800","19200","2","1","1","IAT1908190935","NHO2018000007","PAID","","193076"),
("IATT190002100","193022","191001","192003","30000","1","30000","10800","19200","1","1","1","IAT1908190935","NHO2018000007","PAID","","193022"),
("IATT190002100","193022","191001","192003","30000","1","30000","10800","19200","2","1","1","IAT1908190935","NHO2018000007","PAID","","193022"),
("IATT190002100","193023","191001","192003","30000","1","30000","10800","19200","1","1","1","IAT1908190935","NHO2018000007","PAID","","193023"),
("IATT190002100","193023","191001","192003","30000","1","30000","10800","19200","2","1","1","IAT1908190935","NHO2018000007","PAID","","193023"),
("IATT190002100","193047","191002","192010","10000","1","10000","0","10000","1","1","1","IAT1908190935","NHO2018000007","PAID","","193047"),
("IATT190002100","193047","191002","192010","10000","1","10000","0","10000","2","1","1","IAT1908190935","NHO2018000007","PAID","","193047"),
("IATT190002100","193047","191002","192010","10000","1","10000","0","10000","3","1","1","IAT1908190935","NHO2018000007","PAID","","193047"),
("IATT190002100","193047","191002","192010","10000","1","10000","0","10000","4","1","1","IAT1908190935","NHO2018000007","PAID","","193047"),
("IATT190002100","193047","191002","192010","10000","1","10000","0","10000","5","1","1","IAT1908190935","NHO2018000007","PAID","","193047"),
("IATT190002100","193047","191002","192010","10000","1","10000","0","10000","6","1","1","IAT1908190935","NHO2018000007","PAID","","193047"),
("IATT190002100","193047","191002","192010","10000","1","10000","0","10000","7","1","1","IAT1908190935","NHO2018000007","PAID","","193047"),
("IATT190002100","193047","191002","192010","10000","1","10000","0","10000","8","1","1","IAT1908190935","NHO2018000007","PAID","","193047"),
("IATT190002101","193047","191002","192010","10000","1","10000","0","10000","1","1","1","IAT1908190935","NHO2018000007","PAID","","193047"),
("IATT190002102","193077","191001","192001","30000","1","30000","15000","15000","1","1","1","IAT1908190935","NHO2018000007","PAID","","193077"),
("IATT190002102","193055","191002","192010","17000","1","17000","0","17000","1","1","1","IAT1908190935","NHO2018000007","PAID","","193055"),
("IATT190002103","193033","191001","192005","42000","1","42000","21000","21000","1","1","1","IAT1908190935","NHO2018000007","PAID","","193033"),
("IATT190002103","193033","191001","192005","42000","1","42000","21000","21000","2","1","1","IAT1908190935","NHO2018000007","PAID","","193033"),
("IATT190002103","193009","191001","192001","40000","1","40000","20000","20000","1","1","1","IAT1908190935","NHO2018000007","PAID","","193009"),
("IATT190002103","193009","191001","192001","40000","1","40000","20000","20000","2","1","1","IAT1908190935","NHO2018000007","PAID","","193009"),
("IATT190002103","193049","191002","192010","10000","1","10000","0","10000","1","1","1","IAT1908190935","NHO2018000007","PAID","","193049"),
("IATT190002104","193012","191001","192001","40000","1","40000","20000","20000","1","1","1","IAT1908190935","NHO2018000007","PAID","","193012"),
("IATT190002104","193036","191001","192006","36000","1","36000","18000","18000","1","1","1","IAT1908190935","NHO2018000007","PAID","","ORIGINAL"),
("IATT190002104","193033","191001","192005","42000","1","42000","21000","21000","1","1","1","IAT1908190935","NHO2018000007","PAID","","193033"),
("IATT190002104","193055","191002","192010","17000","1","17000","0","17000","1","1","1","IAT1908190935","NHO2018000007","PAID","","193055"),
("IATT190002104","193055","191002","192010","17000","1","17000","0","17000","2","1","1","IAT1908190935","NHO2018000007","PAID","","193055"),
("IATT190002105","193035","191001","192006","32000","1","32000","16000","16000","1","1","1","IAT1908190935","NHO2018000007","PAID","","ORIGINAL"),
("IATT190002105","193036","191001","192006","36000","1","36000","18000","18000","1","1","1","IAT1908190935","NHO2018000007","PAID","","ORIGINAL"),
("IATT190002105","193012","191001","192001","40000","1","40000","20000","20000","1","1","1","IAT1908190935","NHO2018000007","PAID","","193012"),
("IATT190002105","193010","191001","192001","40000","1","40000","20000","20000","1","1","1","IAT1908190935","NHO2018000007","PAID","","193010"),
("IATT190002105","193069","191001","192012","13000","1","13000","6500","6500","1","1","1","IAT1908190935","NHO2018000007","PAID","","193069"),
("IATT190002105","193055","191002","192010","17000","1","17000","0","17000","1","1","1","IAT1908190935","NHO2018000007","PAID","","193055"),
("IATT190002105","193055","191002","192010","17000","1","17000","0","17000","2","1","1","IAT1908190935","NHO2018000007","PAID","","193055"),
("IATT190002103","193056","191002","192010","17000","1","17000","0","17000","1","1","2","IAT1908190935","NHO2018000007","PAID","","193056");



INSERT INTO pos_salestemp VALUES("IATT190002088","","1","0","0","0","0","0","0","19/08/2019","10:11","19/08/2019","10:15:40","ISU000012","tbl0010","CANCELED","1","PERMINTAAN CUSTOMER","","","","","","IAT1908190935","NHO2018000007"),
("IATT190002089","","0","10000","0","0","0","0","0","19/08/2019","11:02","19/08/2019","11:05:01","ISU000012","tbl0009","CANCELED","1","PERMINTAAN CUSTOMER","","","","","","IAT1908190935","NHO2018000007"),
("IATT190002090","","1","68000","0","6800","0","74800","75000","19/08/2019","16:05","2019-08-19","16:36:05","ISU000012","tbl0012","CLOSED","1","","IATR190002032","","","","","IAT1908190935","NHO2018000007"),
("IATT190002091","","2","76000","0","7600","0","83600","100000","19/08/2019","16:24","2019-08-19","17:07:57","ISU000012","tbl0010","CLOSED","1","","IATR190002033","","","","","IAT1908190935","NHO2018000007"),
("IATT190002092","","1","40000","10800","2920","0","32120","50120","19/08/2019","17:04","2019-08-19","17:38:13","ISU000012","tbl0011","CLOSED","1","","IATR190002034","","","","","IAT1908190935","NHO2018000007"),
("IATT190002093","","2","111000","27720","8328","0","91608","91608","19/08/2019","17:05","2019-08-19","17:46:47","ISU000012","tbl0012","CLOSED","1","","IATR190002035","","","","","IAT1908190935","NHO2018000007"),
("IATT190002094","","2","87000","24120","6288","0","69168","69168","19/08/2019","17:17","2019-08-19","17:48:49","ISU000012","tbl0010","CLOSED","1","","IATR190002036","","","","","IAT1908190935","NHO2018000007"),
("IATT190002095","","2","108000","16200","9180","0","100980","101000","19/08/2019","17:49","2019-08-19","20:54:29","ISU000012","tbl0024","CLOSED","1","","IATR190002042","","","","","IAT1908190935","NHO2018000007"),
("IATT190002096","","4","147000","46800","10020","0","110220","200000","19/08/2019","17:56","2019-08-19","18:43:14","ISU000012","tbl0011","CLOSED","1","","IATR190002037","","","","","IAT1908190935","NHO2018000007"),
("IATT190002097","","2","101000","24120","7688","0","84568","100000","19/08/2019","18:14","2019-08-19","19:04:44","ISU000012","tbl0010","CLOSED","1","","IATR190002038","","","","","IAT1908190935","NHO2018000007"),
("IATT190002098","","2","97000","21600","7540","0","82940","82940","19/08/2019","19:20","2019-08-19","20:47:07","ISU000012","tbl0012","CLOSED","1","","IATR190002041","","","","","IAT1908190935","NHO2018000007"),
("IATT190002099","","2","87000","21600","6540","0","71940","71940","19/08/2019","19:25","2019-08-19","19:58:21","ISU000012","tbl0010","CLOSED","1","","IATR190002040","","","","","IAT1908190935","NHO2018000007"),
("IATT190002100","","6","320000","86400","23360","0","256960","256960","19/08/2019","19:35","2019-08-19","19:38:31","ISU000012","tbl0013","CLOSED","1","","IATR190002039","","","","","IAT1908190935","NHO2018000007"),
("IATT190002101","","1","10000","0","1000","0","11000","20000","19/08/2019","20:27","2019-08-19","21:06:44","ISU000012","tbl0010","CLOSED","1","","IATR190002043","","","","","IAT1908190935","NHO2018000007"),
("IATT190002102","","2","47000","15000","3200","0","35200","40000","19/08/2019","20:55","2019-08-19","21:27:20","ISU000012","tbl0024","CLOSED","1","","IATR190002044","","","","","IAT1908190935","NHO2018000007"),
("IATT190002103","","2","191000","82000","10900","0","119900","120000","19/08/2019","21:04","2019-08-19","21:33:03","ISU000012","tbl0013","CLOSED","1","","IATR190002045","","","","","IAT1908190935","NHO2018000007"),
("IATT190002104","","2","152000","59000","9300","0","102300","103000","19/08/2019","21:05","2019-08-19","21:33:23","ISU000012","tbl0014","CLOSED","1","","IATR190002046","","","","","IAT1908190935","NHO2018000007"),
("IATT190002105","","2","195000","80500","11450","0","125950","127000","19/08/2019","21:05","2019-08-19","21:33:45","ISU000012","tbl0015","CLOSED","1","","IATR190002047","","","","","IAT1908190935","NHO2018000007");



INSERT INTO item_void VALUES("IATT190002088","IAT1908190935","NHO2018000007","193048","193048","1","8000","Before Send","Komplen Customer"),
("IATT190002103","IAT1908190935","NHO2018000007","193055","193055","1","17000","Before Send","Komplen Customer");



INSERT INTO pos_promotion_h VALUES("IATT190002092","NPRM18000016","DISC ITEM","1","10800","Diskon 20% + 20% Agustus","IAT1908190935","PAID","NHO2018000007"),
("IATT190002093","NPRM18000016","DISC ITEM","1","27720","Diskon 20% + 20% Agustus","IAT1908190935","PAID","NHO2018000007"),
("IATT190002094","NPRM18000016","DISC ITEM","1","24120","Diskon 20% + 20% Agustus","IAT1908190935","PAID","NHO2018000007"),
("IATT190002096","NPRM18000016","DISC ITEM","1","46800","Diskon 20% + 20% Agustus","IAT1908190935","PAID","NHO2018000007"),
("IATT190002097","NPRM18000016","DISC ITEM","1","24120","Diskon 20% + 20% Agustus","IAT1908190935","PAID","NHO2018000007"),
("IATT190002100","NPRM18000016","DISC ITEM","1","86400","Diskon 20% + 20% Agustus","IAT1908190935","PAID","NHO2018000007"),
("IATT190002099","NPRM18000016","DISC ITEM","1","21600","Diskon 20% + 20% Agustus","IAT1908190935","PAID","NHO2018000007"),
("IATT190002098","NPRM18000016","DISC ITEM","1","21600","Diskon 20% + 20% Agustus","IAT1908190935","PAID","NHO2018000007"),
("IATT190002095","NPRM18000008","DISC ITEM","1","16200","eatigo 30%","IAT1908190935","PAID","NHO2018000007"),
("IATT190002103","NPRM18000012","DISC ITEM","1","82000","eatigo 50%","IAT1908190935","PAID","NHO2018000007"),
("IATT190002104","NPRM18000012","DISC ITEM","1","59000","eatigo 50%","IAT1908190935","PAID","NHO2018000007"),
("IATT190002105","NPRM18000012","DISC ITEM","1","80500","eatigo 50%","IAT1908190935","PAID","NHO2018000007"),
("IATT190002102","NPRM18000012","DISC ITEM","1","15000","eatigo 50%","IAT1908190935","PAID","NHO2018000007");



INSERT INTO pos_promotion_d VALUES("IATT190002092","NPRM18000016","DISC ITEM","1","1","193085","1","10800","IAT1908190935","PAID","NHO2018000007"),
("IATT190002093","NPRM18000016","DISC ITEM","1","1","193018","1","13320","IAT1908190935","PAID","NHO2018000007"),
("IATT190002093","NPRM18000016","DISC ITEM","1","1","193010","1","14400","IAT1908190935","PAID","NHO2018000007"),
("IATT190002094","NPRM18000016","DISC ITEM","1","1","193022","1","10800","IAT1908190935","PAID","NHO2018000007"),
("IATT190002094","NPRM18000016","DISC ITEM","1","1","193007","1","13320","IAT1908190935","PAID","NHO2018000007"),
("IATT190002096","NPRM18000016","DISC ITEM","1","1","193011","1","14400","IAT1908190935","PAID","NHO2018000007"),
("IATT190002096","NPRM18000016","DISC ITEM","1","1","193076","1","10800","IAT1908190935","PAID","NHO2018000007"),
("IATT190002096","NPRM18000016","DISC ITEM","1","1","193078","1","10800","IAT1908190935","PAID","NHO2018000007"),
("IATT190002096","NPRM18000016","DISC ITEM","1","1","193077","1","10800","IAT1908190935","PAID","NHO2018000007"),
("IATT190002097","NPRM18000016","DISC ITEM","1","1","193082","1","10800","IAT1908190935","PAID","NHO2018000007"),
("IATT190002097","NPRM18000016","DISC ITEM","1","1","193005","1","13320","IAT1908190935","PAID","NHO2018000007"),
("IATT190002100","NPRM18000016","DISC ITEM","1","1","193082","1","10800","IAT1908190935","PAID","NHO2018000007"),
("IATT190002100","NPRM18000016","DISC ITEM","1","1","193082","2","10800","IAT1908190935","PAID","NHO2018000007"),
("IATT190002100","NPRM18000016","DISC ITEM","1","1","193076","1","10800","IAT1908190935","PAID","NHO2018000007"),
("IATT190002100","NPRM18000016","DISC ITEM","1","1","193076","2","10800","IAT1908190935","PAID","NHO2018000007"),
("IATT190002100","NPRM18000016","DISC ITEM","1","1","193022","1","10800","IAT1908190935","PAID","NHO2018000007"),
("IATT190002100","NPRM18000016","DISC ITEM","1","1","193022","2","10800","IAT1908190935","PAID","NHO2018000007"),
("IATT190002100","NPRM18000016","DISC ITEM","1","1","193023","1","10800","IAT1908190935","PAID","NHO2018000007"),
("IATT190002100","NPRM18000016","DISC ITEM","1","1","193023","2","10800","IAT1908190935","PAID","NHO2018000007"),
("IATT190002099","NPRM18000016","DISC ITEM","1","1","193084","1","10800","IAT1908190935","PAID","NHO2018000007"),
("IATT190002099","NPRM18000016","DISC ITEM","1","1","193082","1","10800","IAT1908190935","PAID","NHO2018000007"),
("IATT190002098","NPRM18000016","DISC ITEM","1","1","193084","1","10800","IAT1908190935","PAID","NHO2018000007"),
("IATT190002098","NPRM18000016","DISC ITEM","1","1","193082","1","10800","IAT1908190935","PAID","NHO2018000007"),
("IATT190002095","NPRM18000008","DISC ITEM","1","1","193030","1","8100","IAT1908190935","PAID","NHO2018000007"),
("IATT190002095","NPRM18000008","DISC ITEM","1","1","193029","1","8100","IAT1908190935","PAID","NHO2018000007"),
("IATT190002103","NPRM18000012","DISC ITEM","1","1","193033","1","21000","IAT1908190935","PAID","NHO2018000007"),
("IATT190002103","NPRM18000012","DISC ITEM","1","1","193033","2","21000","IAT1908190935","PAID","NHO2018000007"),
("IATT190002103","NPRM18000012","DISC ITEM","1","1","193009","1","20000","IAT1908190935","PAID","NHO2018000007"),
("IATT190002103","NPRM18000012","DISC ITEM","1","1","193009","2","20000","IAT1908190935","PAID","NHO2018000007"),
("IATT190002104","NPRM18000012","DISC ITEM","1","1","193012","1","20000","IAT1908190935","PAID","NHO2018000007"),
("IATT190002104","NPRM18000012","DISC ITEM","1","1","193036","1","18000","IAT1908190935","PAID","NHO2018000007"),
("IATT190002104","NPRM18000012","DISC ITEM","1","1","193033","1","21000","IAT1908190935","PAID","NHO2018000007"),
("IATT190002105","NPRM18000012","DISC ITEM","1","1","193035","1","16000","IAT1908190935","PAID","NHO2018000007"),
("IATT190002105","NPRM18000012","DISC ITEM","1","1","193036","1","18000","IAT1908190935","PAID","NHO2018000007"),
("IATT190002105","NPRM18000012","DISC ITEM","1","1","193012","1","20000","IAT1908190935","PAID","NHO2018000007"),
("IATT190002105","NPRM18000012","DISC ITEM","1","1","193010","1","20000","IAT1908190935","PAID","NHO2018000007"),
("IATT190002105","NPRM18000012","DISC ITEM","1","1","193069","1","6500","IAT1908190935","PAID","NHO2018000007"),
("IATT190002102","NPRM18000012","DISC ITEM","1","1","193077","1","15000","IAT1908190935","PAID","NHO2018000007");



INSERT INTO pos_paymenttemp VALUES("IATT190002090","CASH","CASH","74800","75000","ISU000012","2019-08-19","","1","","CLOSED","IAT1908190935","NHO2018000007"),
("IATT190002091","CASH","CASH","83600","100000","ISU000012","2019-08-19","","1","","CLOSED","IAT1908190935","NHO2018000007"),
("IATT190002092","CASH","CASH","32120","50120","ISU000012","2019-08-19","","1","","CLOSED","IAT1908190935","NHO2018000007"),
("IATT190002093","CARD","DEBIT BCA","91608","91608","ISU000012","2019-08-19","","1","","CLOSED","IAT1908190935","NHO2018000007"),
("IATT190002094","CARD","DEBIT BCA","69168","69168","ISU000012","2019-08-19","","1","","CLOSED","IAT1908190935","NHO2018000007"),
("IATT190002096","CASH","CASH","110220","200000","ISU000012","2019-08-19","","1","","CLOSED","IAT1908190935","NHO2018000007"),
("IATT190002097","CASH","CASH","84568","100000","ISU000012","2019-08-19","","1","","CLOSED","IAT1908190935","NHO2018000007"),
("IATT190002100","CARD","MASTER","256960","256960","ISU000012","2019-08-19","","1","","CLOSED","IAT1908190935","NHO2018000007"),
("IATT190002099","CARD","VISA","71940","71940","ISU000012","2019-08-19","","1","","CLOSED","IAT1908190935","NHO2018000007"),
("IATT190002098","CARD","MASTER","82940","82940","ISU000012","2019-08-19","","1","","CLOSED","IAT1908190935","NHO2018000007"),
("IATT190002095","VOUCHER","KUPON PROMO EATIGO 100K","100000","100000","ISU000012","2019-08-19","","1","","CLOSED","IAT1908190935","NHO2018000007"),
("IATT190002095","CASH","CASH","980","1000","ISU000012","2019-08-19","","1","","CLOSED","IAT1908190935","NHO2018000007"),
("IATT190002101","CASH","CASH","11000","20000","ISU000012","2019-08-19","","1","","CLOSED","IAT1908190935","NHO2018000007"),
("IATT190002104","VOUCHER","KUPON PROMO EATIGO 100K","100000","100000","ISU000012","2019-08-19","","1","","CLOSED","IAT1908190935","NHO2018000007"),
("IATT190002105","VOUCHER","KUPON PROMO EATIGO 100K","100000","100000","ISU000012","2019-08-19","","1","","CLOSED","IAT1908190935","NHO2018000007"),
("IATT190002102","VOUCHER","KUPON PROMO EATIGO 30K","30000","30000","ISU000012","2019-08-19","","1","","CLOSED","IAT1908190935","NHO2018000007"),
("IATT190002102","CASH","CASH","5200","10000","ISU000012","2019-08-19","","1","","CLOSED","IAT1908190935","NHO2018000007"),
("IATT190002103","VOUCHER","KUPON PROMO EATIGO 100K","100000","100000","ISU000012","2019-08-19","","1","","CLOSED","IAT1908190935","NHO2018000007"),
("IATT190002103","CASH","CASH","19900","20000","ISU000012","2019-08-19","","1","","CLOSED","IAT1908190935","NHO2018000007"),
("IATT190002104","CASH","CASH","2300","3000","ISU000012","2019-08-19","","1","","CLOSED","IAT1908190935","NHO2018000007"),
("IATT190002105","CASH","CASH","25950","27000","ISU000012","2019-08-19","","1","","CLOSED","IAT1908190935","NHO2018000007");



