INSERT INTO pos_itemtemp VALUES("IATT190001432","193050","191002","192010","20000","1","20000","0","20000","1","1","1","IAT1507190855","NHO2018000007","PAID","","193050"),
("IATT190001432","193027","191001","192003","43000","1","43000","0","43000","1","1","2","IAT1507190855","NHO2018000007","PAID","","193027"),
("IATT190001433","193040","191001","192008","20000","1","20000","4000","16000","1","1","1","IAT1507190855","NHO2018000007","PAID","","193040"),
("IATT190001433","193040","191001","192008","20000","1","20000","4000","16000","2","1","1","IAT1507190855","NHO2018000007","PAID","","193040"),
("IATT190001433","193040","191001","192008","20000","1","20000","4000","16000","3","1","1","IAT1507190855","NHO2018000007","PAID","","193040"),
("IATT190001433","193040","191001","192008","20000","1","20000","4000","16000","4","1","1","IAT1507190855","NHO2018000007","PAID","","193040"),
("IATT190001433","193040","191001","192008","20000","1","20000","4000","16000","5","1","1","IAT1507190855","NHO2018000007","PAID","","193040"),
("IATT190001433","193040","191001","192008","20000","1","20000","4000","16000","6","1","1","IAT1507190855","NHO2018000007","PAID","","193040"),
("IATT190001433","193040","191001","192008","20000","1","20000","4000","16000","7","1","1","IAT1507190855","NHO2018000007","PAID","","193040"),
("IATT190001433","193040","191001","192008","20000","1","20000","4000","16000","8","1","1","IAT1507190855","NHO2018000007","PAID","","193040"),
("IATT190001433","193040","191001","192008","20000","1","20000","4000","16000","9","1","1","IAT1507190855","NHO2018000007","PAID","","193040"),
("IATT190001433","193040","191001","192008","20000","1","20000","4000","16000","10","1","1","IAT1507190855","NHO2018000007","PAID","","193040"),
("IATT190001433","193040","191001","192008","20000","1","20000","4000","16000","10","1","1","IAT1507190855","NHO2018000007","PAID","","193040"),
("IATT190001433","193040","191001","192008","20000","1","20000","4000","16000","10","1","1","IAT1507190855","NHO2018000007","PAID","","193040"),
("IATT190001433","193040","191001","192008","20000","1","20000","4000","16000","10","1","1","IAT1507190855","NHO2018000007","PAID","","193040"),
("IATT190001433","193040","191001","192008","20000","1","20000","4000","16000","10","1","1","IAT1507190855","NHO2018000007","PAID","","193040"),
("IATT190001433","193040","191001","192008","20000","1","20000","4000","16000","10","1","1","IAT1507190855","NHO2018000007","PAID","","193040"),
("IATT190001433","193040","191001","192008","20000","1","20000","4000","16000","10","1","1","IAT1507190855","NHO2018000007","PAID","","193040"),
("IATT190001433","193040","191001","192008","20000","1","20000","4000","16000","10","1","1","IAT1507190855","NHO2018000007","PAID","","193040"),
("IATT190001433","193040","191001","192008","20000","1","20000","4000","16000","10","1","1","IAT1507190855","NHO2018000007","PAID","","193040"),
("IATT190001433","193040","191001","192008","20000","1","20000","4000","16000","10","1","1","IAT1507190855","NHO2018000007","PAID","","193040"),
("IATT190001433","193040","191001","192008","20000","1","20000","4000","16000","10","1","1","IAT1507190855","NHO2018000007","PAID","","193040"),
("IATT190001433","193040","191001","192008","20000","1","20000","4000","16000","10","1","1","IAT1507190855","NHO2018000007","PAID","","193040"),
("IATT190001433","193040","191001","192008","20000","1","20000","4000","16000","10","1","1","IAT1507190855","NHO2018000007","PAID","","193040"),
("IATT190001434","193022","191001","192003","30000","1","30000","0","30000","1","1","1","IAT1507190855","NHO2018000007","PAID","","193022"),
("IATT190001434","193033","191001","192005","42000","1","42000","0","42000","1","1","1","IAT1507190855","NHO2018000007","PAID","","193033"),
("IATT190001434","193055","191002","192010","17000","1","17000","0","17000","1","1","1","IAT1507190855","NHO2018000007","PAID","","193055"),
("IATT190001434","193056","191002","192010","17000","1","17000","0","17000","1","1","1","IAT1507190855","NHO2018000007","PAID","","193056"),
("IATT190001435","193082","191001","192001","30000","1","30000","0","30000","1","1","1","IAT1507190855","NHO2018000007","PAID","lv 2","193082"),
("IATT190001435","193084","191001","192001","30000","1","30000","0","30000","1","1","1","IAT1507190855","NHO2018000007","PAID","lv2","PEDAS"),
("IATT190001435","193056","191002","192010","17000","1","17000","0","17000","1","1","1","IAT1507190855","NHO2018000007","PAID","","193056"),
("IATT190001435","193055","191002","192010","17000","1","17000","0","17000","1","1","1","IAT1507190855","NHO2018000007","PAID","","193055"),
("IATT190001435","193072","191001","192012","25000","1","25000","0","25000","1","1","1","IAT1507190855","NHO2018000007","PAID","","193072"),
("IATT190001435","193070","191001","192012","13000","1","13000","0","13000","1","1","1","IAT1507190855","NHO2018000007","PAID","","193070"),
("IATT190001436","193087","191001","192002","33000","1","33000","0","33000","1","1","1","IAT1507190855","NHO2018000007","PAID","","193087"),
("IATT190001436","193070","191001","192012","13000","1","13000","0","13000","1","1","1","IAT1507190855","NHO2018000007","PAID","","193070"),
("IATT190001436","193053","191002","192010","20000","1","20000","0","20000","1","1","1","IAT1507190855","NHO2018000007","PAID","","193053"),
("IATT190001437","193022","191001","192003","30000","1","30000","0","30000","1","1","1","IAT1507190855","NHO2018000007","PAID","","193022"),
("IATT190001437","193022","191001","192003","30000","1","30000","0","30000","2","1","1","IAT1507190855","NHO2018000007","PAID","","193022"),
("IATT190001437","193024","191001","192003","30000","1","30000","0","30000","1","1","1","IAT1507190855","NHO2018000007","PAID","","193024"),
("IATT190001437","193024","191001","192003","30000","1","30000","0","30000","2","1","1","IAT1507190855","NHO2018000007","PAID","","193024"),
("IATT190001437","193040","191001","192008","20000","1","20000","0","20000","1","1","1","IAT1507190855","NHO2018000007","PAID","","193040"),
("IATT190001437","193050","191002","192010","20000","1","20000","0","20000","1","1","1","IAT1507190855","NHO2018000007","PAID","","193050"),
("IATT190001437","193050","191002","192010","20000","1","20000","0","20000","2","1","1","IAT1507190855","NHO2018000007","PAID","","193050"),
("IATT190001437","193030","191001","192004","27000","1","27000","0","27000","1","1","1","IAT1507190855","NHO2018000007","PAID","","193030"),
("IATT190001437","193029","191001","192004","27000","1","27000","0","27000","1","1","1","IAT1507190855","NHO2018000007","PAID","","193029"),
("IATT190001437","193048","191002","192010","8000","1","8000","0","8000","1","1","1","IAT1507190855","NHO2018000007","PAID","","193048"),
("IATT190001437","193048","191002","192010","8000","1","8000","0","8000","2","1","1","IAT1507190855","NHO2018000007","PAID","","193048"),
("IATT190001437","193048","191002","192010","8000","1","8000","0","8000","3","1","1","IAT1507190855","NHO2018000007","PAID","","193048"),
("IATT190001437","193048","191002","192010","8000","1","8000","0","8000","4","1","1","IAT1507190855","NHO2018000007","PAID","","193048"),
("IATT190001437","193053","191002","192010","20000","1","20000","0","20000","1","1","2","IAT1507190855","NHO2018000007","PAID","","193053"),
("IATT190001437","193053","191002","192010","20000","1","20000","0","20000","2","1","2","IAT1507190855","NHO2018000007","PAID","","193053"),
("IATT190001437","193079","191001","192001","30000","1","30000","0","30000","1","1","3","IAT1507190855","NHO2018000007","PAID","","193079"),
("IATT190001438","193015","191001","192002","33000","1","33000","0","33000","1","1","1","IAT1507190855","NHO2018000007","PAID","NO TELUR SAYUR TMBAHIN","ORIGINAL"),
("IATT190001439","193011","191001","192001","40000","1","40000","0","40000","1","1","1","IAT1507190855","NHO2018000007","PAID","","PEDAS"),
("IATT190001439","193011","191001","192001","40000","1","40000","0","40000","2","1","1","IAT1507190855","NHO2018000007","PAID","","PEDAS"),
("IATT190001439","193047","191002","192010","8000","1","8000","0","8000","1","1","1","IAT1507190855","NHO2018000007","PAID","","193047"),
("IATT190001439","193047","191002","192010","8000","1","8000","0","8000","2","1","1","IAT1507190855","NHO2018000007","PAID","","193047");



INSERT INTO pos_salestemp VALUES("IATT190001432","","1","63000","0","6300","0","69300","100000","15/07/2019","10:45","2019-07-15","15:05:35","ISU000012","tbl0012","CLOSED","1","","IATR190001391","","","","","IAT1507190855","NHO2018000007"),
("IATT190001433","","22","440000","88000","35200","0","387200","387200","15/07/2019","12:33","2019-07-15","15:46:02","ISU000012","tbl0024","CLOSED","1","","IATR190001392","","","","","IAT1507190855","NHO2018000007"),
("IATT190001434","","2","106000","0","10600","0","116600","116600","15/07/2019","15:39","2019-07-15","16:11:05","ISU000012","tbl0012","CLOSED","1","","IATR190001393","","","","","IAT1507190855","NHO2018000007"),
("IATT190001435","","2","132000","0","13200","0","145200","175000","15/07/2019","15:50","2019-07-15","16:46:29","ISU000012","tbl0010","CLOSED","1","","IATR190001394","","","","","IAT1507190855","NHO2018000007"),
("IATT190001436","","0","66000","0","6600","0","72600","75000","15/07/2019","18:09","2019-07-15","18:40:13","ISU000012","tbl0008","CLOSED","1","","IATR190001395","","","","","IAT1507190855","NHO2018000007"),
("IATT190001437","","4","336000","0","33600","0","369600","375000","15/07/2019","18:28","2019-07-15","19:48:42","ISU000012","tbl0021","CLOSED","1","","IATR190001396","","","","","IAT1507190855","NHO2018000007"),
("IATT190001438","","1","33000","0","3300","0","36300","36300","15/07/2019","20:16","2019-07-15","20:41:30","ISU000012","tbl0012","CLOSED","1","","IATR190001397","","","","","IAT1507190855","NHO2018000007"),
("IATT190001439","","1","96000","0","9600","0","105600","125000","15/07/2019","20:42","2019-07-15","21:35:02","ISU000012","tbl0011","CLOSED","1","","IATR190001398","","","","","IAT1507190855","NHO2018000007");



INSERT INTO item_void VALUES("IATT190001437","IAT1507190855","NHO2018000007","193033","193033","1","42000","Before Send","Salah Order");



INSERT INTO pos_promotion_h VALUES("IATT190001433","NPRM18000013","DISC ITEM","1","88000","PROMO ALGA 20%","IAT1507190855","PAID","NHO2018000007");



INSERT INTO pos_promotion_d VALUES("IATT190001433","NPRM18000013","DISC ITEM","1","1","193040","1","4000","IAT1507190855","PAID","NHO2018000007"),
("IATT190001433","NPRM18000013","DISC ITEM","1","1","193040","2","4000","IAT1507190855","PAID","NHO2018000007"),
("IATT190001433","NPRM18000013","DISC ITEM","1","1","193040","3","4000","IAT1507190855","PAID","NHO2018000007"),
("IATT190001433","NPRM18000013","DISC ITEM","1","1","193040","4","4000","IAT1507190855","PAID","NHO2018000007"),
("IATT190001433","NPRM18000013","DISC ITEM","1","1","193040","5","4000","IAT1507190855","PAID","NHO2018000007"),
("IATT190001433","NPRM18000013","DISC ITEM","1","1","193040","6","4000","IAT1507190855","PAID","NHO2018000007"),
("IATT190001433","NPRM18000013","DISC ITEM","1","1","193040","7","4000","IAT1507190855","PAID","NHO2018000007"),
("IATT190001433","NPRM18000013","DISC ITEM","1","1","193040","8","4000","IAT1507190855","PAID","NHO2018000007"),
("IATT190001433","NPRM18000013","DISC ITEM","1","1","193040","9","4000","IAT1507190855","PAID","NHO2018000007"),
("IATT190001433","NPRM18000013","DISC ITEM","1","1","193040","10","4000","IAT1507190855","PAID","NHO2018000007"),
("IATT190001433","NPRM18000013","DISC ITEM","1","1","193040","10","4000","IAT1507190855","PAID","NHO2018000007"),
("IATT190001433","NPRM18000013","DISC ITEM","1","1","193040","10","4000","IAT1507190855","PAID","NHO2018000007"),
("IATT190001433","NPRM18000013","DISC ITEM","1","1","193040","10","4000","IAT1507190855","PAID","NHO2018000007"),
("IATT190001433","NPRM18000013","DISC ITEM","1","1","193040","10","4000","IAT1507190855","PAID","NHO2018000007"),
("IATT190001433","NPRM18000013","DISC ITEM","1","1","193040","10","4000","IAT1507190855","PAID","NHO2018000007"),
("IATT190001433","NPRM18000013","DISC ITEM","1","1","193040","10","4000","IAT1507190855","PAID","NHO2018000007"),
("IATT190001433","NPRM18000013","DISC ITEM","1","1","193040","10","4000","IAT1507190855","PAID","NHO2018000007"),
("IATT190001433","NPRM18000013","DISC ITEM","1","1","193040","10","4000","IAT1507190855","PAID","NHO2018000007"),
("IATT190001433","NPRM18000013","DISC ITEM","1","1","193040","10","4000","IAT1507190855","PAID","NHO2018000007"),
("IATT190001433","NPRM18000013","DISC ITEM","1","1","193040","10","4000","IAT1507190855","PAID","NHO2018000007"),
("IATT190001433","NPRM18000013","DISC ITEM","1","1","193040","10","4000","IAT1507190855","PAID","NHO2018000007"),
("IATT190001433","NPRM18000013","DISC ITEM","1","1","193040","10","4000","IAT1507190855","PAID","NHO2018000007");



INSERT INTO pos_paymenttemp VALUES("IATT190001432","CASH","CASH","69300","100000","ISU000012","2019-07-15","","1","","CLOSED","IAT1507190855","NHO2018000007"),
("IATT190001433","CASH","CASH","387200","387200","ISU000012","2019-07-15","","1","","CLOSED","IAT1507190855","NHO2018000007"),
("IATT190001434","VOUCHER","ISOIDE VOUCHER 25K","25000","25000","ISU000012","2019-07-15","","1","","CLOSED","IAT1507190855","NHO2018000007"),
("IATT190001434","CARD","MASTER","91600","91600","ISU000012","2019-07-15","","1","","CLOSED","IAT1507190855","NHO2018000007"),
("IATT190001435","VOUCHER","ISOIDE VOUCHER 25K","25000","25000","ISU000012","2019-07-15","","1","","CLOSED","IAT1507190855","NHO2018000007"),
("IATT190001435","CASH","CASH","120200","150000","ISU000012","2019-07-15","","1","","CLOSED","IAT1507190855","NHO2018000007"),
("IATT190001436","CASH","CASH","72600","75000","ISU000012","2019-07-15","","1","","CLOSED","IAT1507190855","NHO2018000007"),
("IATT190001437","VOUCHER","ISOIDE VOUCHER 25K","25000","25000","ISU000012","2019-07-15","","1","","CLOSED","IAT1507190855","NHO2018000007"),
("IATT190001437","VOUCHER","ISOIDE VOUCHER 25K","25000","25000","ISU000012","2019-07-15","","1","","CLOSED","IAT1507190855","NHO2018000007"),
("IATT190001437","VOUCHER","ISOIDE VOUCHER 25K","25000","25000","ISU000012","2019-07-15","","1","","CLOSED","IAT1507190855","NHO2018000007"),
("IATT190001437","CASH","CASH","294600","300000","ISU000012","2019-07-15","","1","","CLOSED","IAT1507190855","NHO2018000007"),
("IATT190001438","CARD","DEBIT BCA","36300","36300","ISU000012","2019-07-15","","1","","CLOSED","IAT1507190855","NHO2018000007"),
("IATT190001439","VOUCHER","ISOIDE VOUCHER 25K","25000","25000","ISU000012","2019-07-15","","1","","CLOSED","IAT1507190855","NHO2018000007"),
("IATT190001439","CASH","CASH","80600","100000","ISU000012","2019-07-15","","1","","CLOSED","IAT1507190855","NHO2018000007");



