INSERT INTO pos_itemtemp VALUES("IATT200004829","193133","191001","192015","47272","1","47272","0","47272","1","1","1","IAT1701200848","NHO2018000007","PAID","","193133"),
("IATT200004829","193181","191001","192015","29545","1","29545","0","29545","1","1","1","IAT1701200848","NHO2018000007","PAID","","193181"),
("IATT200004830","193035","191001","192006","32000","1","32000","0","32000","1","1","1","IAT1701200848","NHO2018000007","PAID","udah","PEDAS"),
("IATT200004831","193035","191001","192006","32000","1","32000","0","32000","1","1","1","IAT1701200848","NHO2018000007","PAID","buat jam. 02 siang nanti\n","PEDAS"),
("IATT200004831","193035","191001","192006","32000","1","32000","0","32000","2","1","1","IAT1701200848","NHO2018000007","PAID","","PEDAS"),
("IATT200004832","193087","191001","192002","33000","1","33000","0","33000","1","1","1","IAT1701200848","NHO2018000007","PAID","","193087"),
("IATT200004832","193047","191002","192010","10000","1","10000","0","10000","1","1","1","IAT1701200848","NHO2018000007","PAID","","193047"),
("IATT200004833","193078","191001","192001","30000","1","30000","0","30000","1","1","1","IAT1701200848","NHO2018000007","PAID","GAPAKE SAYURAN","PEDAS"),
("IATT200004833","193047","191002","192010","10000","1","10000","0","10000","1","1","1","IAT1701200848","NHO2018000007","PAID","","193047"),
("IATT200004834","193048","191002","192010","8000","1","8000","0","8000","1","1","1","IAT1701200848","NHO2018000007","PAID","","193048"),
("IATT200004833","193047","191002","192010","10000","1","10000","0","10000","2","1","2","IAT1701200848","NHO2018000007","PAID","","193047"),
("IATT200004835","193029","191001","192004","27000","1","27000","0","27000","1","1","1","IAT1701200848","NHO2018000007","PAID","","193029"),
("IATT200004835","193056","191002","192010","17000","1","17000","0","17000","1","1","1","IAT1701200848","NHO2018000007","PAID","","193056"),
("IATT200004836","193024","191001","192003","30000","1","30000","0","30000","1","1","1","IAT1701200848","NHO2018000007","PAID","","193024"),
("IATT200004836","193041","191001","192008","20000","1","20000","0","20000","1","1","1","IAT1701200848","NHO2018000007","PAID","","193041"),
("IATT200004836","193039","191001","192006","36000","1","36000","0","36000","1","1","1","IAT1701200848","NHO2018000007","PAID","","PEDAS"),
("IATT200004836","193048","191002","192010","8000","1","8000","0","8000","1","1","1","IAT1701200848","NHO2018000007","PAID","","193048"),
("IATT200004836","193048","191002","192010","8000","1","8000","0","8000","2","1","1","IAT1701200848","NHO2018000007","PAID","","193048"),
("IATT200004836","193048","191002","192010","8000","1","8000","0","8000","3","1","1","IAT1701200848","NHO2018000007","PAID","","193048"),
("IATT200004836","193055","191002","192010","17000","1","17000","0","17000","1","1","2","IAT1701200848","NHO2018000007","PAID","","193055"),
("IATT200004837","193084","191001","192001","30000","1","30000","3000","27000","1","1","1","IAT1701200848","NHO2018000007","PAID","","PEDAS"),
("IATT200004837","193054","191002","192010","20000","1","20000","2000","18000","1","1","1","IAT1701200848","NHO2018000007","PAID","","193054"),
("IATT200004838","193055","191002","192010","17000","1","17000","0","17000","1","1","1","IAT1701200848","NHO2018000007","PAID","","193055"),
("IATT200004838","193056","191002","192010","17000","1","17000","0","17000","1","1","1","IAT1701200848","NHO2018000007","PAID","","193056"),
("IATT200004838","193028","191001","192003","43000","1","43000","0","43000","1","1","1","IAT1701200848","NHO2018000007","PAID","","193028"),
("IATT200004838","193084","191001","192001","30000","1","30000","0","30000","1","1","1","IAT1701200848","NHO2018000007","PAID","","PEDAS"),
("IATT200004839","193082","191001","192001","30000","1","30000","0","30000","1","1","1","IAT1701200848","NHO2018000007","PAID","TANPA SAYURAN ","193082"),
("IATT200004839","193078","191001","192001","30000","1","30000","0","30000","1","1","1","IAT1701200848","NHO2018000007","PAID","","PEDAS"),
("IATT200004839","193052","191002","192010","20000","1","20000","0","20000","1","1","1","IAT1701200848","NHO2018000007","PAID","","193052"),
("IATT200004839","193047","191002","192010","10000","1","10000","0","10000","1","1","1","IAT1701200848","NHO2018000007","PAID","","193047"),
("IATT200004840","193029","191001","192004","27000","1","27000","0","27000","1","1","1","IAT1701200848","NHO2018000007","PAID","","193029"),
("IATT200004840","193024","191001","192003","30000","1","30000","0","30000","1","1","1","IAT1701200848","NHO2018000007","PAID","","193024"),
("IATT200004840","193034","191001","192005","37000","1","37000","0","37000","1","1","1","IAT1701200848","NHO2018000007","PAID","","193034"),
("IATT200004840","193046","191002","192010","10000","1","10000","0","10000","1","1","1","IAT1701200848","NHO2018000007","PAID","","193046"),
("IATT200004840","193046","191002","192010","10000","1","10000","0","10000","2","1","1","IAT1701200848","NHO2018000007","PAID","","193046");



INSERT INTO pos_salestemp VALUES("IATT200004829","","1","76817","0","7682","0","84499","84499","17/01/2020","10:42","2020-01-17","10:49:07","ISU000015","tbl0001","CLOSED","1","","IATR200004697","","","","","IAT1701200848","NHO2018000007"),
("IATT200004830","","1","32000","0","3200","0","35200","50000","17/01/2020","11:53","2020-01-17","11:54:18","ISU000015","tbl0007","CLOSED","1","","IATR200004698","","","","","IAT1701200848","NHO2018000007"),
("IATT200004831","","2","64000","0","6400","0","70400","100000","17/01/2020","13:26","2020-01-17","13:33:53","ISU000015","tbl0018","CLOSED","1","","IATR200004699","","","","","IAT1701200848","NHO2018000007"),
("IATT200004832","","0","43000","0","4300","0","47300","50000","17/01/2020","13:48","2020-01-17","14:05:12","ISU000015","tbl0012","CLOSED","1","","IATR200004700","","","","","IAT1701200848","NHO2018000007"),
("IATT200004833","","1","50000","0","5000","0","55000","100000","17/01/2020","14:07","2020-01-17","14:48:03","ISU000006","tbl0014","CLOSED","1","","IATR200004702","","","","","IAT1701200848","NHO2018000007"),
("IATT200004834","","1","8000","0","800","0","8800","10000","17/01/2020","14:20","2020-01-17","14:21:23","ISU000006","tbl0031","CLOSED","1","","IATR200004701","","","","","IAT1701200848","NHO2018000007"),
("IATT200004835","","1","44000","0","4400","0","48400","48400","17/01/2020","17:43","2020-01-17","18:31:43","ISU000006","tbl0012","CLOSED","1","","IATR200004703","","","","","IAT1701200848","NHO2018000007"),
("IATT200004836","","2","127000","0","12700","0","139700","150000","17/01/2020","18:34","2020-01-17","19:10:42","ISU000006","tbl0011","CLOSED","1","","IATR200004704","","","","","IAT1701200848","NHO2018000007"),
("IATT200004837","","1","50000","5000","4500","0","49500","50000","17/01/2020","19:19","2020-01-17","20:57:02","ISU000006","tbl0014","CLOSED","1","","IATR200004708","","","","","IAT1701200848","NHO2018000007"),
("IATT200004838","","2","107000","0","10700","0","117700","150000","17/01/2020","19:24","2020-01-17","20:45:06","ISU000006","tbl0012","CLOSED","1","","IATR200004707","","","","","IAT1701200848","NHO2018000007"),
("IATT200004839","","2","90000","0","9000","0","99000","100000","17/01/2020","19:40","2020-01-17","20:22:27","ISU000006","tbl0010","CLOSED","1","","IATR200004705","","","","","IAT1701200848","NHO2018000007"),
("IATT200004840","","3","114000","0","11400","0","125400","200000","17/01/2020","20:01","2020-01-17","20:37:36","ISU000006","tbl0011","CLOSED","1","","IATR200004706","","","","","IAT1701200848","NHO2018000007");



INSERT INTO item_void VALUES("IATT200004838","IAT1701200848","NHO2018000007","193028","193028","1","43000","Before Send","Komplen Customer");



INSERT INTO pos_promotion_h VALUES("IATT200004837","NPRM18000019","DISC ALL","1","5000","CRM DISC 10%","IAT1701200848","PAID","NHO2018000007");



INSERT INTO pos_promotion_d VALUES("IATT200004837","NPRM18000019","DISC ALL","1","1","193084","1","3000","IAT1701200848","PAID","NHO2018000007"),
("IATT200004837","NPRM18000019","DISC ALL","1","1","193054","1","2000","IAT1701200848","PAID","NHO2018000007");



INSERT INTO pos_paymenttemp VALUES("IATT200004829","CASH","GOPAY","84499","84499","ISU000015","2020-01-17","","1","","CLOSED","IAT1701200848","NHO2018000007"),
("IATT200004830","CASH","CASH","35200","50000","ISU000015","2020-01-17","","1","","CLOSED","IAT1701200848","NHO2018000007"),
("IATT200004831","CASH","CASH","70400","100000","ISU000015","2020-01-17","","1","","CLOSED","IAT1701200848","NHO2018000007"),
("IATT200004832","CASH","CASH","47300","50000","ISU000015","2020-01-17","","1","","CLOSED","IAT1701200848","NHO2018000007"),
("IATT200004834","CASH","CASH","8800","10000","ISU000006","2020-01-17","","1","","CLOSED","IAT1701200848","NHO2018000007"),
("IATT200004833","CASH","CASH","55000","100000","ISU000006","2020-01-17","","1","","CLOSED","IAT1701200848","NHO2018000007"),
("IATT200004835","CASH","OVO","48400","48400","ISU000006","2020-01-17","","1","","CLOSED","IAT1701200848","NHO2018000007"),
("IATT200004836","CASH","CASH","139700","150000","ISU000006","2020-01-17","","1","","CLOSED","IAT1701200848","NHO2018000007"),
("IATT200004839","CASH","CASH","99000","100000","ISU000006","2020-01-17","","1","","CLOSED","IAT1701200848","NHO2018000007"),
("IATT200004840","CASH","CASH","125400","200000","ISU000006","2020-01-17","","1","","CLOSED","IAT1701200848","NHO2018000007"),
("IATT200004838","CASH","CASH","117700","150000","ISU000006","2020-01-17","","1","","CLOSED","IAT1701200848","NHO2018000007"),
("IATT200004837","CASH","CASH","49500","50000","ISU000006","2020-01-17","","1","","CLOSED","IAT1701200848","NHO2018000007");



