INSERT INTO pos_itemtemp VALUES("IATT190004390","193007","191001","192001","37000","1","37000","0","37000","1","1","1","IAT1912190853","NHO2018000007","PAID","","PEDAS"),
("IATT190004390","193024","191001","192003","30000","1","30000","0","30000","1","1","1","IAT1912190853","NHO2018000007","PAID","","193024"),
("IATT190004390","193054","191002","192010","20000","1","20000","0","20000","1","1","1","IAT1912190853","NHO2018000007","PAID","","193054"),
("IATT190004390","193052","191002","192010","20000","1","20000","0","20000","1","1","1","IAT1912190853","NHO2018000007","PAID","","193052"),
("IATT190004391","193011","191001","192001","40000","1","40000","0","40000","1","1","1","IAT1912190853","NHO2018000007","PAID","","PEDAS"),
("IATT190004391","193055","191002","192010","17000","1","17000","0","17000","1","1","1","IAT1912190853","NHO2018000007","PAID","","193055"),
("IATT190004392","193009","191001","192001","40000","1","40000","20000","20000","1","1","1","IAT1912190853","NHO2018000007","PAID","","193009"),
("IATT190004392","193010","191001","192001","40000","1","40000","20000","20000","1","1","1","IAT1912190853","NHO2018000007","PAID","","193010"),
("IATT190004392","193084","191001","192001","30000","1","30000","15000","15000","1","1","1","IAT1912190853","NHO2018000007","PAID","pedas lv 1\n","PEDAS"),
("IATT190004392","193069","191001","192012","13000","1","13000","6500","6500","1","1","1","IAT1912190853","NHO2018000007","PAID","","193069"),
("IATT190004392","193055","191002","192010","17000","1","17000","0","17000","1","1","1","IAT1912190853","NHO2018000007","PAID","","193055"),
("IATT190004392","193056","191002","192010","17000","1","17000","0","17000","1","1","1","IAT1912190853","NHO2018000007","PAID","","193056"),
("IATT190004392","193056","191002","192010","17000","1","17000","0","17000","2","1","1","IAT1912190853","NHO2018000007","PAID","","193056"),
("IATT190004392","193071","191001","192012","18000","1","18000","9000","9000","1","1","2","IAT1912190853","NHO2018000007","PAID","","193071"),
("IATT190004392","193009","191001","192001","40000","1","40000","0","40000","2","1","3","IAT1912190853","NHO2018000007","PAID","","193009"),
("IATT190004393","193027","191001","192003","43000","1","43000","0","43000","1","1","1","IAT1912190853","NHO2018000007","PAID","","193027"),
("IATT190004393","193027","191001","192003","43000","1","43000","0","43000","2","1","1","IAT1912190853","NHO2018000007","PAID","","193027"),
("IATT190004393","193039","191001","192006","36000","1","36000","0","36000","1","1","1","IAT1912190853","NHO2018000007","PAID","","ORIGINAL"),
("IATT190004393","193048","191002","192010","8000","1","8000","0","8000","1","1","1","IAT1912190853","NHO2018000007","PAID","","193048"),
("IATT190004393","193052","191002","192010","20000","1","20000","0","20000","1","1","1","IAT1912190853","NHO2018000007","PAID","","193052"),
("IATT190004394","193011","191001","192001","40000","1","40000","20000","20000","1","1","1","IAT1912190853","NHO2018000007","PAID","","PEDAS"),
("IATT190004394","193011","191001","192001","40000","1","40000","20000","20000","2","1","1","IAT1912190853","NHO2018000007","PAID","","PEDAS"),
("IATT190004394","193011","191001","192001","40000","1","40000","20000","20000","3","1","1","IAT1912190853","NHO2018000007","PAID","","PEDAS"),
("IATT190004394","193048","191002","192010","8000","1","8000","0","8000","1","1","1","IAT1912190853","NHO2018000007","PAID","","193048"),
("IATT190004394","193048","191002","192010","8000","1","8000","0","8000","2","1","1","IAT1912190853","NHO2018000007","PAID","","193048"),
("IATT190004394","193051","191002","192010","20000","1","20000","0","20000","1","1","1","IAT1912190853","NHO2018000007","PAID","","193051"),
("IATT190004393","193048","191002","192010","8000","1","8000","0","8000","2","1","2","IAT1912190853","NHO2018000007","PAID","","193048"),
("IATT190004395","193084","191001","192001","30000","1","30000","0","30000","1","1","1","IAT1912190853","NHO2018000007","PAID","","PEDAS"),
("IATT190004395","193056","191002","192010","17000","1","17000","0","17000","1","1","1","IAT1912190853","NHO2018000007","PAID","","193056"),
("IATT190004396","193076","191001","192001","30000","1","30000","0","30000","1","1","1","IAT1912190853","NHO2018000007","PAID","JANGAN PAKE TELOR","193076"),
("IATT190004396","193055","191002","192010","17000","1","17000","0","17000","1","1","1","IAT1912190853","NHO2018000007","PAID","","193055"),
("IATT190004397","193030","191001","192004","27000","1","27000","13500","13500","1","1","1","IAT1912190853","NHO2018000007","PAID","","193030"),
("IATT190004397","193005","191001","192001","37000","1","37000","18500","18500","1","1","1","IAT1912190853","NHO2018000007","PAID","GAK PAKAI DAUN BAWANG DAN SAYURAN","193005"),
("IATT190004397","193069","191001","192012","13000","1","13000","6500","6500","1","1","1","IAT1912190853","NHO2018000007","PAID","","193069"),
("IATT190004397","193047","191002","192010","10000","1","10000","0","10000","1","1","1","IAT1912190853","NHO2018000007","PAID","","193047"),
("IATT190004397","193047","191002","192010","10000","1","10000","0","10000","2","1","1","IAT1912190853","NHO2018000007","PAID","","193047"),
("IATT190004398","193011","191001","192001","40000","1","40000","20000","20000","1","1","1","IAT1912190853","NHO2018000007","PAID","LEVEL 1 DAN LEVEL 2","PEDAS"),
("IATT190004398","193010","191001","192001","40000","1","40000","20000","20000","1","1","1","IAT1912190853","NHO2018000007","PAID","","193010"),
("IATT190004398","193051","191002","192010","20000","1","20000","0","20000","1","1","1","IAT1912190853","NHO2018000007","PAID","","193051"),
("IATT190004398","193056","191002","192010","17000","1","17000","0","17000","1","1","1","IAT1912190853","NHO2018000007","PAID","","193056"),
("IATT190004398","193048","191002","192010","8000","1","8000","0","8000","1","1","1","IAT1912190853","NHO2018000007","PAID","","193048"),
("IATT190004398","193011","191001","192001","40000","1","40000","20000","20000","2","1","1","IAT1912190853","NHO2018000007","PAID","","PEDAS"),
("IATT190004399","193022","191001","192003","30000","1","30000","0","30000","1","1","1","IAT1912190853","NHO2018000007","PAID","","193022"),
("IATT190004399","193005","191001","192001","37000","1","37000","0","37000","1","1","1","IAT1912190853","NHO2018000007","PAID","","193005"),
("IATT190004399","193052","191002","192010","20000","1","20000","0","20000","1","1","1","IAT1912190853","NHO2018000007","PAID","","193052"),
("IATT190004399","193047","191002","192010","10000","1","10000","0","10000","1","1","1","IAT1912190853","NHO2018000007","PAID","","193047"),
("IATT190004399","193084","191001","192001","30000","1","30000","0","30000","1","1","2","IAT1912190853","NHO2018000007","PAID","","PEDAS"),
("IATT190004400","193084","191001","192001","30000","1","30000","0","30000","1","1","1","IAT1912190853","NHO2018000007","PAID","","PEDAS"),
("IATT190004400","193040","191001","192008","20000","1","20000","0","20000","1","1","1","IAT1912190853","NHO2018000007","PAID","","193040"),
("IATT190004400","193048","191002","192010","8000","1","8000","0","8000","1","1","1","IAT1912190853","NHO2018000007","PAID","","193048"),
("IATT190004400","193054","191002","192010","20000","1","20000","0","20000","1","1","1","IAT1912190853","NHO2018000007","PAID","","193054"),
("IATT190004400","193054","191002","192010","20000","1","20000","0","20000","2","1","1","IAT1912190853","NHO2018000007","PAID","","193054"),
("IATT190004400","193078","191001","192001","30000","1","30000","0","30000","1","1","2","IAT1912190853","NHO2018000007","PAID","","PEDAS"),
("IATT190004399","193047","191002","192010","10000","1","10000","0","10000","2","1","3","IAT1912190853","NHO2018000007","PAID","","193047"),
("IATT190004401","193084","191001","192001","30000","1","30000","15000","15000","1","1","1","IAT1912190853","NHO2018000007","PAID","LEVEL 2","PEDAS"),
("IATT190004401","193019","191001","192002","40000","1","40000","20000","20000","1","1","1","IAT1912190853","NHO2018000007","PAID","LEVEL 1","PEDAS"),
("IATT190004401","193069","191001","192012","13000","1","13000","6500","6500","1","1","1","IAT1912190853","NHO2018000007","PAID","","193069"),
("IATT190004401","193071","191001","192012","18000","1","18000","9000","9000","1","1","1","IAT1912190853","NHO2018000007","PAID","","193071"),
("IATT190004401","193051","191002","192010","20000","1","20000","0","20000","1","1","1","IAT1912190853","NHO2018000007","PAID","","193051"),
("IATT190004401","193054","191002","192010","20000","1","20000","0","20000","1","1","1","IAT1912190853","NHO2018000007","PAID","","193054"),
("IATT190004402","193011","191001","192001","40000","1","40000","20000","20000","1","1","1","IAT1912190853","NHO2018000007","PAID","","PEDAS"),
("IATT190004402","193035","191001","192006","32000","1","32000","16000","16000","1","1","1","IAT1912190853","NHO2018000007","PAID","","PEDAS"),
("IATT190004402","193030","191001","192004","27000","1","27000","13500","13500","1","1","1","IAT1912190853","NHO2018000007","PAID","","193030"),
("IATT190004402","193032","191001","192004","30000","1","30000","15000","15000","1","1","1","IAT1912190853","NHO2018000007","PAID","","193032"),
("IATT190004402","193049","191002","192010","10000","1","10000","0","10000","1","1","1","IAT1912190853","NHO2018000007","PAID","","193049"),
("IATT190004402","193049","191002","192010","10000","1","10000","0","10000","2","1","1","IAT1912190853","NHO2018000007","PAID","","193049"),
("IATT190004402","193048","191002","192010","8000","1","8000","0","8000","1","1","1","IAT1912190853","NHO2018000007","PAID","","193048"),
("IATT190004403","193084","191001","192001","30000","1","30000","0","30000","1","1","1","IAT1912190853","NHO2018000007","PAID","","PEDAS"),
("IATT190004403","193020","191001","192002","40000","1","40000","0","40000","1","1","1","IAT1912190853","NHO2018000007","PAID","","193020"),
("IATT190004403","193052","191002","192010","20000","1","20000","0","20000","1","1","1","IAT1912190853","NHO2018000007","PAID","","193052"),
("IATT190004403","193048","191002","192010","8000","1","8000","0","8000","1","1","1","IAT1912190853","NHO2018000007","PAID","","193048"),
("IATT190004404","193022","191001","192003","30000","1","30000","0","30000","1","1","1","IAT1912190853","NHO2018000007","PAID","","193022"),
("IATT190004404","193056","191002","192010","17000","1","17000","0","17000","1","1","1","IAT1912190853","NHO2018000007","PAID","","193056"),
("IATT190004404","193046","191002","192010","10000","1","10000","0","10000","1","1","2","IAT1912190853","NHO2018000007","PAID","","193046"),
("IATT190004404","193052","191002","192010","20000","1","20000","0","20000","1","1","2","IAT1912190853","NHO2018000007","PAID","","193052");



INSERT INTO pos_salestemp VALUES("IATT190004390","","2","107000","0","10700","0","117700","150000","19/12/2019","12:01","2019-12-19","12:59:41","ISU000015","tbl0011","CLOSED","1","","IATR190004266","","","","","IAT1912190853","NHO2018000007"),
("IATT190004391","","1","57000","0","5700","0","62700","100000","19/12/2019","13:54","2019-12-19","14:14:28","ISU000015","tbl0004","CLOSED","1","","IATR190004267","","","","","IAT1912190853","NHO2018000007"),
("IATT190004392","","3","232000","70500","16150","0","177650","177650","19/12/2019","15:33","2019-12-19","16:17:08","ISU000006","tbl0010","CLOSED","1","","IATR190004268","","","","","IAT1912190853","NHO2018000007"),
("IATT190004393","","2","158000","0","15800","0","173800","200000","19/12/2019","15:55","2019-12-19","16:32:02","ISU000006","tbl0012","CLOSED","1","","IATR190004269","","","","","IAT1912190853","NHO2018000007"),
("IATT190004394","","3","156000","60000","9600","0","105600","120000","19/12/2019","15:57","2019-12-19","16:33:28","ISU000006","tbl0011","CLOSED","1","","IATR190004270","","","","","IAT1912190853","NHO2018000007"),
("IATT190004395","","1","47000","0","4700","0","51700","51700","19/12/2019","17:04","2019-12-19","18:14:32","ISU000006","tbl0012","CLOSED","1","","IATR190004272","","","","","IAT1912190853","NHO2018000007"),
("IATT190004396","","1","47000","0","4700","0","51700","100000","19/12/2019","17:29","2019-12-19","18:12:23","ISU000006","tbl0011","CLOSED","1","","IATR190004271","","","","","IAT1912190853","NHO2018000007"),
("IATT190004397","","2","97000","38500","5850","0","64350","64350","19/12/2019","17:55","2019-12-19","19:02:16","ISU000006","tbl0010","CLOSED","1","","IATR190004275","","","","","IAT1912190853","NHO2018000007"),
("IATT190004398","","3","165000","60000","10500","0","115500","120000","19/12/2019","18:00","2019-12-19","18:48:04","ISU000006","tbl0014","CLOSED","1","","IATR190004274","","","","","IAT1912190853","NHO2018000007"),
("IATT190004399","","2","137000","0","13700","0","150700","152000","19/12/2019","18:08","2019-12-19","18:46:27","ISU000006","tbl0021","CLOSED","1","","IATR190004273","","","","","IAT1912190853","NHO2018000007"),
("IATT190004400","","2","128000","0","12800","0","140800","140800","19/12/2019","18:28","2019-12-19","19:14:31","ISU000006","tbl0012","CLOSED","1","","IATR190004276","","","","","IAT1912190853","NHO2018000007"),
("IATT190004401","","2","141000","50500","9050","0","99550","100000","19/12/2019","19:34","2019-12-19","20:11:14","ISU000006","tbl0010","CLOSED","1","","IATR190004277","","","","","IAT1912190853","NHO2018000007"),
("IATT190004402","","4","157000","64500","9250","0","101750","102000","19/12/2019","20:18","2019-12-19","20:55:07","ISU000006","tbl0011","CLOSED","1","","IATR190004278","","","","","IAT1912190853","NHO2018000007"),
("IATT190004403","","2","98000","0","9800","0","107800","107800","19/12/2019","20:58","2019-12-19","21:33:37","ISU000006","tbl0012","CLOSED","1","","IATR190004279","","","","","IAT1912190853","NHO2018000007"),
("IATT190004404","","1","77000","0","7700","0","84700","84700","19/12/2019","21:20","2019-12-19","21:44:19","ISU000006","tbl0011","CLOSED","1","","IATR190004280","","","","","IAT1912190853","NHO2018000007");



INSERT INTO item_void VALUES("IATT190004392","IAT1912190853","NHO2018000007","193070","193070","1","13000","Before Send","Komplen Customer"),
("IATT190004400","IAT1912190853","NHO2018000007","193077","193077","1","30000","Before Send","Komplen Customer");



INSERT INTO pos_promotion_h VALUES("IATT190004392","NPRM18000021","DISC ITEM","1","70500","MENANG BANYAK","IAT1912190853","PAID","NHO2018000007"),
("IATT190004394","NPRM18000021","DISC ITEM","1","60000","MENANG BANYAK","IAT1912190853","PAID","NHO2018000007"),
("IATT190004398","NPRM18000021","DISC ITEM","1","60000","MENANG BANYAK","IAT1912190853","PAID","NHO2018000007"),
("IATT190004397","NPRM18000021","DISC ITEM","1","38500","MENANG BANYAK","IAT1912190853","PAID","NHO2018000007"),
("IATT190004401","NPRM18000021","DISC ITEM","1","50500","MENANG BANYAK","IAT1912190853","PAID","NHO2018000007"),
("IATT190004402","NPRM18000021","DISC ITEM","1","64500","MENANG BANYAK","IAT1912190853","PAID","NHO2018000007");



INSERT INTO pos_promotion_d VALUES("IATT190004392","NPRM18000021","DISC ITEM","1","1","193009","1","20000","IAT1912190853","PAID","NHO2018000007"),
("IATT190004392","NPRM18000021","DISC ITEM","1","1","193010","1","20000","IAT1912190853","PAID","NHO2018000007"),
("IATT190004392","NPRM18000021","DISC ITEM","1","1","193084","1","15000","IAT1912190853","PAID","NHO2018000007"),
("IATT190004392","NPRM18000021","DISC ITEM","1","1","193069","1","6500","IAT1912190853","PAID","NHO2018000007"),
("IATT190004392","NPRM18000021","DISC ITEM","1","1","193071","1","9000","IAT1912190853","PAID","NHO2018000007"),
("IATT190004394","NPRM18000021","DISC ITEM","1","1","193011","1","20000","IAT1912190853","PAID","NHO2018000007"),
("IATT190004394","NPRM18000021","DISC ITEM","1","1","193011","2","20000","IAT1912190853","PAID","NHO2018000007"),
("IATT190004394","NPRM18000021","DISC ITEM","1","1","193011","3","20000","IAT1912190853","PAID","NHO2018000007"),
("IATT190004398","NPRM18000021","DISC ITEM","1","1","193011","1","20000","IAT1912190853","PAID","NHO2018000007"),
("IATT190004398","NPRM18000021","DISC ITEM","1","1","193010","1","20000","IAT1912190853","PAID","NHO2018000007"),
("IATT190004398","NPRM18000021","DISC ITEM","1","1","193011","2","20000","IAT1912190853","PAID","NHO2018000007"),
("IATT190004397","NPRM18000021","DISC ITEM","1","1","193030","1","13500","IAT1912190853","PAID","NHO2018000007"),
("IATT190004397","NPRM18000021","DISC ITEM","1","1","193005","1","18500","IAT1912190853","PAID","NHO2018000007"),
("IATT190004397","NPRM18000021","DISC ITEM","1","1","193069","1","6500","IAT1912190853","PAID","NHO2018000007"),
("IATT190004401","NPRM18000021","DISC ITEM","1","1","193084","1","15000","IAT1912190853","PAID","NHO2018000007"),
("IATT190004401","NPRM18000021","DISC ITEM","1","1","193019","1","20000","IAT1912190853","PAID","NHO2018000007"),
("IATT190004401","NPRM18000021","DISC ITEM","1","1","193069","1","6500","IAT1912190853","PAID","NHO2018000007"),
("IATT190004401","NPRM18000021","DISC ITEM","1","1","193071","1","9000","IAT1912190853","PAID","NHO2018000007"),
("IATT190004402","NPRM18000021","DISC ITEM","1","1","193011","1","20000","IAT1912190853","PAID","NHO2018000007"),
("IATT190004402","NPRM18000021","DISC ITEM","1","1","193035","1","16000","IAT1912190853","PAID","NHO2018000007"),
("IATT190004402","NPRM18000021","DISC ITEM","1","1","193030","1","13500","IAT1912190853","PAID","NHO2018000007"),
("IATT190004402","NPRM18000021","DISC ITEM","1","1","193032","1","15000","IAT1912190853","PAID","NHO2018000007");



INSERT INTO pos_paymenttemp VALUES("IATT190004390","CASH","CASH","117700","150000","ISU000015","2019-12-19","","1","","CLOSED","IAT1912190853","NHO2018000007"),
("IATT190004391","CASH","CASH","62700","100000","ISU000015","2019-12-19","","1","","CLOSED","IAT1912190853","NHO2018000007"),
("IATT190004392","CARD","VISA","177650","177650","ISU000006","2019-12-19","","1","","CLOSED","IAT1912190853","NHO2018000007"),
("IATT190004393","CASH","CASH","173800","200000","ISU000006","2019-12-19","","1","","CLOSED","IAT1912190853","NHO2018000007"),
("IATT190004394","CASH","CASH","105600","120000","ISU000006","2019-12-19","","1","","CLOSED","IAT1912190853","NHO2018000007"),
("IATT190004396","CASH","CASH","51700","100000","ISU000006","2019-12-19","","1","","CLOSED","IAT1912190853","NHO2018000007"),
("IATT190004395","CASH","OVO","51700","51700","ISU000006","2019-12-19","","1","","CLOSED","IAT1912190853","NHO2018000007"),
("IATT190004399","CASH","CASH","150700","152000","ISU000006","2019-12-19","","1","","CLOSED","IAT1912190853","NHO2018000007"),
("IATT190004398","CASH","CASH","115500","120000","ISU000006","2019-12-19","","1","","CLOSED","IAT1912190853","NHO2018000007"),
("IATT190004397","CARD","DEBIT BCA","64350","64350","ISU000006","2019-12-19","","1","","CLOSED","IAT1912190853","NHO2018000007"),
("IATT190004400","CARD","DEBIT BCA","140800","140800","ISU000006","2019-12-19","","1","","CLOSED","IAT1912190853","NHO2018000007"),
("IATT190004401","CASH","CASH","99550","100000","ISU000006","2019-12-19","","1","","CLOSED","IAT1912190853","NHO2018000007"),
("IATT190004402","CASH","CASH","101750","102000","ISU000006","2019-12-19","","1","","CLOSED","IAT1912190853","NHO2018000007"),
("IATT190004403","CARD","DEBIT BCA","107800","107800","ISU000006","2019-12-19","","1","","CLOSED","IAT1912190853","NHO2018000007"),
("IATT190004404","CASH","OVO","84700","84700","ISU000006","2019-12-19","","1","","CLOSED","IAT1912190853","NHO2018000007");



