INSERT INTO pos_itemtemp VALUES("IATT190003147","193072","191001","192012","25000","1","25000","0","25000","1","1","1","IAT1110190836","NHO2018000007","PAID","","193072"),
("IATT190003147","193069","191001","192012","13000","1","13000","0","13000","1","1","1","IAT1110190836","NHO2018000007","PAID","","193069"),
("IATT190003147","193198","191001","192013","5000","1","5000","0","5000","1","1","1","IAT1110190836","NHO2018000007","PAID","","PEDAS"),
("IATT190003147","193202","191001","192013","5000","1","5000","0","5000","1","1","1","IAT1110190836","NHO2018000007","PAID","pedes nya sedeng smua","PEDAS"),
("IATT190003147","193048","191002","192010","8000","1","8000","0","8000","1","1","1","IAT1110190836","NHO2018000007","PAID","","193048"),
("IATT190003147","193048","191002","192010","8000","1","8000","0","8000","2","1","1","IAT1110190836","NHO2018000007","PAID","","193048"),
("IATT190003148","193072","191001","192012","25000","1","25000","0","25000","1","1","1","IAT1110190836","NHO2018000007","PAID","","193072"),
("IATT190003148","193204","191001","192013","5000","1","5000","0","5000","1","1","1","IAT1110190836","NHO2018000007","PAID","","193204"),
("IATT190003148","193054","191002","192010","20000","1","20000","0","20000","1","1","1","IAT1110190836","NHO2018000007","PAID","","193054"),
("IATT190003149","193119","191001","192012","20000","1","20000","0","20000","1","1","1","IAT1110190836","NHO2018000007","PAID","","193119"),
("IATT190003149","193203","191001","192013","5000","1","5000","0","5000","1","1","1","IAT1110190836","NHO2018000007","PAID","","193203"),
("IATT190003149","193046","191002","192010","10000","1","10000","0","10000","1","1","1","IAT1110190836","NHO2018000007","PAID","","193046"),
("IATT190003150","193038","191001","192006","36000","1","36000","18000","18000","1","1","1","IAT1110190836","NHO2018000007","PAID","","ORIGINAL"),
("IATT190003150","193052","191002","192010","20000","1","20000","0","20000","1","1","1","IAT1110190836","NHO2018000007","PAID","","193052"),
("IATT190003150","193052","191002","192010","20000","1","20000","0","20000","2","1","2","IAT1110190836","NHO2018000007","PAID","","193052"),
("IATT190003150","193054","191002","192010","20000","1","20000","0","20000","1","1","3","IAT1110190836","NHO2018000007","PAID","","193054"),
("IATT190003151","193198","191001","192013","5000","1","5000","0","5000","1","1","1","IAT1110190836","NHO2018000007","PAID","pedes sedeng","PEDAS"),
("IATT190003151","193054","191002","192010","20000","1","20000","0","20000","1","1","1","IAT1110190836","NHO2018000007","PAID","","193054"),
("IATT190003151","193069","191001","192012","13000","1","13000","0","13000","1","1","1","IAT1110190836","NHO2018000007","PAID","","193069"),
("IATT190003152","193069","191001","192012","13000","1","13000","0","13000","1","1","1","IAT1110190836","NHO2018000007","PAID","","193069"),
("IATT190003152","193118","191001","192012","20000","1","20000","0","20000","1","1","1","IAT1110190836","NHO2018000007","PAID","","193118"),
("IATT190003152","193198","191001","192013","5000","1","5000","0","5000","1","1","1","IAT1110190836","NHO2018000007","PAID","","PEDAS"),
("IATT190003152","193055","191002","192010","17000","1","17000","0","17000","1","1","1","IAT1110190836","NHO2018000007","PAID","","193055"),
("IATT190003152","193198","191001","192013","5000","1","5000","0","5000","2","1","1","IAT1110190836","NHO2018000007","PAID","","PEDAS"),
("IATT190003152","193055","191002","192010","17000","1","17000","0","17000","2","1","2","IAT1110190836","NHO2018000007","PAID","","193055"),
("IATT190003153","193053","191002","192010","20000","1","20000","0","20000","1","1","1","IAT1110190836","NHO2018000007","PAID","","193053"),
("IATT190003153","193052","191002","192010","20000","1","20000","0","20000","1","1","1","IAT1110190836","NHO2018000007","PAID","","193052"),
("IATT190003153","193052","191002","192010","20000","1","20000","0","20000","2","1","1","IAT1110190836","NHO2018000007","PAID","","193052"),
("IATT190003153","193056","191002","192010","17000","1","17000","0","17000","1","1","1","IAT1110190836","NHO2018000007","PAID","","193056"),
("IATT190003153","193056","191002","192010","17000","1","17000","0","17000","2","1","1","IAT1110190836","NHO2018000007","PAID","","193056"),
("IATT190003153","193021","191001","192002","40000","1","40000","20000","20000","1","1","1","IAT1110190836","NHO2018000007","PAID","","ORIGINAL"),
("IATT190003154","193069","191001","192012","13000","1","13000","0","13000","1","1","1","IAT1110190836","NHO2018000007","PAID","","193069"),
("IATT190003154","193200","191001","192013","5000","1","5000","0","5000","1","1","1","IAT1110190836","NHO2018000007","PAID","","193200"),
("IATT190003155","193082","191001","192001","30000","1","30000","15000","15000","1","1","1","IAT1110190836","NHO2018000007","PAID","","193082"),
("IATT190003155","193047","191002","192010","10000","1","10000","0","10000","1","1","1","IAT1110190836","NHO2018000007","PAID","","193047"),
("IATT190003156","193022","191001","192003","30000","1","30000","0","30000","1","1","1","IAT1110190836","NHO2018000007","PAID","","193022"),
("IATT190003156","193022","191001","192003","30000","1","30000","0","30000","2","1","1","IAT1110190836","NHO2018000007","PAID","","193022"),
("IATT190003156","193050","191002","192010","20000","1","20000","0","20000","1","1","1","IAT1110190836","NHO2018000007","PAID","","193050"),
("IATT190003156","193048","191002","192010","8000","1","8000","0","8000","1","1","1","IAT1110190836","NHO2018000007","PAID","","193048"),
("IATT190003156","193084","191001","192001","30000","1","30000","15000","15000","1","1","2","IAT1110190836","NHO2018000007","PAID","","ORIGINAL"),
("IATT190003156","193052","191002","192010","20000","1","20000","0","20000","1","1","2","IAT1110190836","NHO2018000007","PAID","","193052"),
("IATT190003157","193196","191001","192013","5000","1","5000","0","5000","1","1","1","IAT1110190836","NHO2018000007","PAID","","193196"),
("IATT190003157","193196","191001","192013","5000","1","5000","0","5000","2","1","1","IAT1110190836","NHO2018000007","PAID","","193196"),
("IATT190003157","193070","191001","192012","13000","1","13000","0","13000","1","1","1","IAT1110190836","NHO2018000007","PAID","","193070"),
("IATT190003158","193070","191001","192012","13000","1","13000","0","13000","1","1","1","IAT1110190836","NHO2018000007","PAID","","193070"),
("IATT190003158","193194","191001","192013","5000","1","5000","0","5000","1","1","1","IAT1110190836","NHO2018000007","PAID","","193194"),
("IATT190003158","193194","191001","192013","5000","1","5000","0","5000","2","1","1","IAT1110190836","NHO2018000007","PAID","","193194"),
("IATT190003158","193194","191001","192013","5000","1","5000","0","5000","3","1","1","IAT1110190836","NHO2018000007","PAID","","193194"),
("IATT190003158","193194","191001","192013","5000","1","5000","0","5000","4","1","2","IAT1110190836","NHO2018000007","PAID","","193194"),
("IATT190003157","193194","191001","192013","5000","1","5000","0","5000","1","1","2","IAT1110190836","NHO2018000007","PAID","","193194"),
("IATT190003159","193069","191001","192012","13000","1","13000","0","13000","1","1","1","IAT1110190836","NHO2018000007","PAID","","193069"),
("IATT190003159","193200","191001","192013","5000","1","5000","0","5000","1","1","1","IAT1110190836","NHO2018000007","PAID","","193200"),
("IATT190003160","193082","191001","192001","30000","1","30000","15000","15000","1","1","1","IAT1110190836","NHO2018000007","PAID","","193082"),
("IATT190003160","193006","191001","192001","37000","1","37000","18500","18500","1","1","1","IAT1110190836","NHO2018000007","PAID","","193006"),
("IATT190003160","193119","191001","192012","20000","1","20000","10000","10000","1","1","1","IAT1110190836","NHO2018000007","PAID","","193119"),
("IATT190003160","193054","191002","192010","20000","1","20000","0","20000","1","1","1","IAT1110190836","NHO2018000007","PAID","","193054"),
("IATT190003160","193052","191002","192010","20000","1","20000","0","20000","1","1","1","IAT1110190836","NHO2018000007","PAID","","193052"),
("IATT190003161","193043","191001","192008","25000","1","25000","0","25000","1","1","1","IAT1110190836","NHO2018000007","PAID","","193043"),
("IATT190003161","193202","191001","192013","5000","1","5000","0","5000","1","1","1","IAT1110190836","NHO2018000007","PAID","lvl 2","PEDAS"),
("IATT190003161","193198","191001","192013","5000","1","5000","0","5000","1","1","1","IAT1110190836","NHO2018000007","PAID","","ORIGINAL"),
("IATT190003161","193052","191002","192010","20000","1","20000","0","20000","1","1","1","IAT1110190836","NHO2018000007","PAID","","193052"),
("IATT190003161","193051","191002","192010","20000","1","20000","0","20000","1","1","1","IAT1110190836","NHO2018000007","PAID","","193051"),
("IATT190003157","193194","191001","192013","5000","1","5000","0","5000","2","1","3","IAT1110190836","NHO2018000007","PAID","","193194"),
("IATT190003157","193194","191001","192013","5000","1","5000","0","5000","3","1","3","IAT1110190836","NHO2018000007","PAID","","193194"),
("IATT190003157","193070","191001","192012","13000","1","13000","0","13000","2","1","3","IAT1110190836","NHO2018000007","PAID","","193070"),
("IATT190003162","193198","191001","192013","5000","1","5000","0","5000","1","1","1","IAT1110190836","NHO2018000007","PAID","","PEDAS"),
("IATT190003162","193202","191001","192013","5000","1","5000","0","5000","1","1","1","IAT1110190836","NHO2018000007","PAID","","ORIGINAL"),
("IATT190003162","193048","191002","192010","8000","1","8000","0","8000","1","1","1","IAT1110190836","NHO2018000007","PAID","","193048"),
("IATT190003162","193056","191002","192010","17000","1","17000","0","17000","1","1","1","IAT1110190836","NHO2018000007","PAID","","193056"),
("IATT190003162","193069","191001","192012","13000","1","13000","0","13000","1","1","1","IAT1110190836","NHO2018000007","PAID","","193069"),
("IATT190003163","193157","191001","192015","31909","1","31909","0","31909","1","1","1","IAT1110190836","NHO2018000007","PAID","","193157"),
("IATT190003164","193007","191001","192001","37000","1","37000","18500","18500","1","1","1","IAT1110190836","NHO2018000007","PAID","","ORIGINAL"),
("IATT190003164","193008","191001","192001","37000","1","37000","18500","18500","1","1","1","IAT1110190836","NHO2018000007","PAID","","193008"),
("IATT190003164","193018","191001","192002","37000","1","37000","18500","18500","1","1","1","IAT1110190836","NHO2018000007","PAID","","ORIGINAL"),
("IATT190003164","193055","191002","192010","17000","1","17000","0","17000","1","1","1","IAT1110190836","NHO2018000007","PAID","","193055"),
("IATT190003164","193056","191002","192010","17000","1","17000","0","17000","1","1","1","IAT1110190836","NHO2018000007","PAID","","193056"),
("IATT190003164","193051","191002","192010","20000","1","20000","0","20000","1","1","1","IAT1110190836","NHO2018000007","PAID","","193051"),
("IATT190003165","193034","191001","192005","37000","1","37000","18500","18500","1","1","1","IAT1110190836","NHO2018000007","PAID","","193034"),
("IATT190003165","193119","191001","192012","20000","1","20000","10000","10000","1","1","1","IAT1110190836","NHO2018000007","PAID","","193119"),
("IATT190003165","193055","191002","192010","17000","1","17000","0","17000","1","1","1","IAT1110190836","NHO2018000007","PAID","","193055"),
("IATT190003166","193069","191001","192012","13000","1","13000","0","13000","2","1","1","IAT1110190836","NHO2018000007","PAID","","193069"),
("IATT190003166","193070","191001","192012","13000","1","13000","0","13000","1","1","1","IAT1110190836","NHO2018000007","PAID","","193070"),
("IATT190003166","193118","191001","192012","20000","1","20000","0","20000","1","1","1","IAT1110190836","NHO2018000007","PAID","","193118"),
("IATT190003166","193119","191001","192012","20000","1","20000","0","20000","1","1","1","IAT1110190836","NHO2018000007","PAID","","193119"),
("IATT190003166","193199","191001","192013","5000","1","5000","0","5000","1","1","1","IAT1110190836","NHO2018000007","PAID","","193199"),
("IATT190003166","193199","191001","192013","5000","1","5000","0","5000","2","1","1","IAT1110190836","NHO2018000007","PAID","","193199"),
("IATT190003166","193200","191001","192013","5000","1","5000","0","5000","1","1","1","IAT1110190836","NHO2018000007","PAID","","193200"),
("IATT190003166","193200","191001","192013","5000","1","5000","0","5000","2","1","1","IAT1110190836","NHO2018000007","PAID","","193200"),
("IATT190003167","193030","191001","192004","27000","1","27000","13500","13500","1","1","1","IAT1110190836","NHO2018000007","PAID","","193030"),
("IATT190003167","193052","191002","192010","20000","1","20000","0","20000","1","1","1","IAT1110190836","NHO2018000007","PAID","","193052"),
("IATT190003168","193084","191001","192001","30000","1","30000","15000","15000","1","1","1","IAT1110190836","NHO2018000007","PAID","","ORIGINAL"),
("IATT190003168","193084","191001","192001","30000","1","30000","15000","15000","2","1","1","IAT1110190836","NHO2018000007","PAID","","ORIGINAL"),
("IATT190003168","193035","191001","192006","32000","1","32000","16000","16000","1","1","1","IAT1110190836","NHO2018000007","PAID","","ORIGINAL"),
("IATT190003168","193015","191001","192002","33000","1","33000","16500","16500","1","1","1","IAT1110190836","NHO2018000007","PAID","","ORIGINAL"),
("IATT190003168","193022","191001","192003","30000","1","30000","0","30000","1","1","1","IAT1110190836","NHO2018000007","PAID","","193022"),
("IATT190003168","193024","191001","192003","30000","1","30000","0","30000","1","1","1","IAT1110190836","NHO2018000007","PAID","","193024"),
("IATT190003168","193052","191002","192010","20000","1","20000","0","20000","1","1","1","IAT1110190836","NHO2018000007","PAID","","193052"),
("IATT190003168","193052","191002","192010","20000","1","20000","0","20000","2","1","1","IAT1110190836","NHO2018000007","PAID","","193052"),
("IATT190003168","193055","191002","192010","17000","1","17000","0","17000","1","1","1","IAT1110190836","NHO2018000007","PAID","less ice","193055"),
("IATT190003168","193050","191002","192010","20000","1","20000","0","20000","1","1","1","IAT1110190836","NHO2018000007","PAID","less ice","193050"),
("IATT190003169","193202","191001","192013","5000","1","5000","0","5000","1","1","1","IAT1110190836","NHO2018000007","PAID","1 lvl 1 / yang 1 lagi level 3","PEDAS"),
("IATT190003169","193202","191001","192013","5000","1","5000","0","5000","2","1","1","IAT1110190836","NHO2018000007","PAID","","PEDAS"),
("IATT190003169","193118","191001","192012","20000","1","20000","0","20000","1","1","1","IAT1110190836","NHO2018000007","PAID","","193118"),
("IATT190003169","193055","191002","192010","17000","1","17000","0","17000","1","1","1","IAT1110190836","NHO2018000007","PAID","","193055"),
("IATT190003169","193089","191001","192013","5000","1","5000","0","5000","1","1","1","IAT1110190836","NHO2018000007","PAID","","193089"),
("IATT190003169","193198","191001","192013","5000","1","5000","0","5000","1","1","1","IAT1110190836","NHO2018000007","PAID","lvl 1","PEDAS"),
("IATT190003169","193072","191001","192012","25000","1","25000","0","25000","1","1","1","IAT1110190836","NHO2018000007","PAID","","193072"),
("IATT190003169","193052","191002","192010","20000","1","20000","0","20000","1","1","1","IAT1110190836","NHO2018000007","PAID","","193052"),
("IATT190003169","193054","191002","192010","20000","1","20000","0","20000","1","1","1","IAT1110190836","NHO2018000007","PAID","","193054"),
("IATT190003170","193080","191001","192002","33000","1","33000","16500","16500","1","1","1","IAT1110190836","NHO2018000007","PAID","lvl2","ORIGINAL"),
("IATT190003170","193027","191001","192003","43000","1","43000","0","43000","1","1","1","IAT1110190836","NHO2018000007","PAID","","193027"),
("IATT190003170","193114","191001","192006","42000","1","42000","21000","21000","1","1","1","IAT1110190836","NHO2018000007","PAID","","193114"),
("IATT190003170","193048","191002","192010","8000","1","8000","0","8000","1","1","1","IAT1110190836","NHO2018000007","PAID","","193048"),
("IATT190003170","193056","191002","192010","17000","1","17000","0","17000","1","1","1","IAT1110190836","NHO2018000007","PAID","","193056"),
("IATT190003170","193052","191002","192010","20000","1","20000","0","20000","1","1","1","IAT1110190836","NHO2018000007","PAID","","193052"),
("IATT190003168","193118","191001","192012","20000","1","20000","10000","10000","1","1","2","IAT1110190836","NHO2018000007","PAID","","193118"),
("IATT190003168","193119","191001","192012","20000","1","20000","10000","10000","1","1","2","IAT1110190836","NHO2018000007","PAID","","193119"),
("IATT190003171","193118","191001","192012","20000","1","20000","0","20000","1","1","1","IAT1110190836","NHO2018000007","PAID","","193118"),
("IATT190003171","193198","191001","192013","5000","1","5000","0","5000","1","1","1","IAT1110190836","NHO2018000007","PAID","","ORIGINAL"),
("IATT190003171","193198","191001","192013","5000","1","5000","0","5000","2","1","1","IAT1110190836","NHO2018000007","PAID","","ORIGINAL"),
("IATT190003171","193054","191002","192010","20000","1","20000","0","20000","1","1","1","IAT1110190836","NHO2018000007","PAID","","193054"),
("IATT190003171","193048","191002","192010","8000","1","8000","0","8000","1","1","1","IAT1110190836","NHO2018000007","PAID","","193048"),
("IATT190003166","193048","191002","192010","8000","1","8000","0","8000","1","1","2","IAT1110190836","NHO2018000007","PAID","","193048"),
("IATT190003161","193195","191001","192013","5000","1","5000","0","5000","1","1","2","IAT1110190836","NHO2018000007","PAID","","193195"),
("IATT190003172","193035","191001","192006","32000","1","32000","16800","15200","1","1","1","IAT1110190836","NHO2018000007","PAID","1.no pedes\n1. exstra pedesssssssss","ORIGINAL"),
("IATT190003172","193035","191001","192006","32000","1","32000","16800","15200","2","1","1","IAT1110190836","NHO2018000007","PAID","","ORIGINAL"),
("IATT190003172","193051","191002","192010","20000","1","20000","1000","19000","1","1","1","IAT1110190836","NHO2018000007","PAID","","193051"),
("IATT190003172","193056","191002","192010","17000","1","17000","850","16150","1","1","1","IAT1110190836","NHO2018000007","PAID","","193056"),
("IATT190003171","193094","191001","192013","5000","1","5000","0","5000","1","1","2","IAT1110190836","NHO2018000007","PAID","","193094"),
("IATT190003171","193094","191001","192013","5000","1","5000","0","5000","2","1","2","IAT1110190836","NHO2018000007","PAID","","193094"),
("IATT190003171","193069","191001","192012","13000","1","13000","0","13000","1","1","2","IAT1110190836","NHO2018000007","PAID","","193069");



INSERT INTO pos_salestemp VALUES("IATT190003147","","2","64000","0","6400","0","70400","100000","11/10/2019","09:47","2019-10-11","10:15:13","ISU000006","tbl0012","CLOSED","1","","IATR190003051","","","","","IAT1110190836","NHO2018000007"),
("IATT190003148","","1","50000","0","5000","0","55000","100000","11/10/2019","10:00","2019-10-11","10:15:54","ISU000006","tbl0014","CLOSED","1","","IATR190003052","","","","","IAT1110190836","NHO2018000007"),
("IATT190003149","","1","35000","0","3500","0","38500","50000","11/10/2019","10:54","2019-10-11","11:18:50","ISU000006","tbl0004","CLOSED","1","","IATR190003053","","","","","IAT1110190836","NHO2018000007"),
("IATT190003150","","1","96000","18000","7800","0","85800","100000","11/10/2019","10:59","2019-10-11","12:40:13","ISU000006","tbl0010","CLOSED","1","","IATR190003054","","","","","IAT1110190836","NHO2018000007"),
("IATT190003151","","1","38000","0","3800","0","41800","50000","11/10/2019","12:20","2019-10-11","12:41:35","ISU000006","tbl0012","CLOSED","1","","IATR190003055","","","","","IAT1110190836","NHO2018000007"),
("IATT190003152","","2","77000","0","7700","0","84700","100000","11/10/2019","13:02","2019-10-11","13:34:44","ISU000006","tbl0010","CLOSED","1","","IATR190003056","","","","","IAT1110190836","NHO2018000007"),
("IATT190003153","","4","134000","20000","11400","0","125400","150000","11/10/2019","13:17","2019-10-11","14:00:06","ISU000006","tbl0013","CLOSED","1","","IATR190003057","","","","","IAT1110190836","NHO2018000007"),
("IATT190003154","","1","18000","0","1800","0","19800","100000","11/10/2019","13:45","2019-10-11","14:02:01","ISU000006","tbl0011","CLOSED","1","","IATR190003058","","","","","IAT1110190836","NHO2018000007"),
("IATT190003155","","1","40000","15000","2500","0","27500","50000","11/10/2019","13:48","2019-10-11","14:15:20","ISU000006","tbl0010","CLOSED","1","","IATR190003059","","","","","IAT1110190836","NHO2018000007"),
("IATT190003156","","2","138000","15000","12300","0","135300","135500","11/10/2019","14:18","2019-10-11","14:51:30","ISU000006","tbl0012","CLOSED","1","","IATR190003060","","","","","IAT1110190836","NHO2018000007"),
("IATT190003157","","2","51000","0","5100","0","56100","56100","11/10/2019","14:36","2019-10-11","20:18:16","ISU000004","tbl0002","CLOSED","1","","IATR190003067","","","","","IAT1110190836","NHO2018000007"),
("IATT190003158","","2","33000","0","3300","0","36300","40000","11/10/2019","15:42","2019-10-11","16:48:08","ISU000006","tbl0018","CLOSED","1","","IATR190003061","","","","","IAT1110190836","NHO2018000007"),
("IATT190003159","","1","18000","0","1800","0","19800","19800","11/10/2019","16:37","2019-10-11","17:07:08","ISU000006","tbl0009","CLOSED","1","","IATR190003062","","","","","IAT1110190836","NHO2018000007"),
("IATT190003160","","2","127000","43500","8350","0","91850","100000","11/10/2019","16:44","2019-10-11","17:13:09","ISU000006","tbl0011","CLOSED","1","","IATR190003063","","","","","IAT1110190836","NHO2018000007"),
("IATT190003161","","2","80000","0","8000","0","88000","88000","11/10/2019","18:16","2019-10-11","20:28:50","ISU000004","tbl0006","CLOSED","1","","IATR190003070","","","","","IAT1110190836","NHO2018000007"),
("IATT190003162","","2","48000","0","4800","0","52800","100000","11/10/2019","18:34","2019-10-11","20:42:22","ISU000004","tbl0012","CLOSED","1","","IATR190003074","","","","","IAT1110190836","NHO2018000007"),
("IATT190003163","","1","31909","0","3191","0","35100","35100","11/10/2019","18:38","2019-10-11","18:48:41","ISU000013","takeaway","CLOSED","1","go food / go bizz","IATR190003064","","","","","IAT1110190836","NHO2018000007"),
("IATT190003164","","3","165000","55500","10950","0","120450","120450","11/10/2019","19:10","2019-10-11","20:08:32","ISU000004","tbl0011","CLOSED","1","","IATR190003065","","","","","IAT1110190836","NHO2018000007"),
("IATT190003165","","1","74000","28500","4550","0","50050","50100","11/10/2019","19:14","2019-10-11","20:09:37","ISU000004","tbl0009","CLOSED","1","","IATR190003066","","","","","IAT1110190836","NHO2018000007"),
("IATT190003166","","5","94000","0","9400","0","103400","103400","11/10/2019","19:21","2019-10-11","20:35:09","ISU000004","tbl0014","CLOSED","1","","IATR190003071","","","","","IAT1110190836","NHO2018000007"),
("IATT190003167","","1","47000","13500","3350","0","36850","50000","11/10/2019","19:23","2019-10-11","20:35:42","ISU000004","tbl0013","CLOSED","1","","IATR190003072","","","","","IAT1110190836","NHO2018000007"),
("IATT190003168","","5","302000","82500","21950","0","241450","241450","11/10/2019","19:24","2019-10-11","20:21:14","ISU000004","tbl0022","CLOSED","1","","IATR190003068","","","","","IAT1110190836","NHO2018000007"),
("IATT190003169","","3","122000","0","12200","0","134200","134200","11/10/2019","19:36","2019-10-11","20:28:02","ISU000004","tbl0023","CLOSED","1","","IATR190003069","","","","","IAT1110190836","NHO2018000007"),
("IATT190003170","","4","163000","37500","12550","0","138050","200000","11/10/2019","19:48","2019-10-11","20:40:44","ISU000004","tbl0010","CLOSED","1","","IATR190003073","","","","","IAT1110190836","NHO2018000007"),
("IATT190003171","","2","81000","0","8100","0","89100","89100","11/10/2019","20:03","2019-10-11","21:02:20","ISU000004","tbl0007","CLOSED","1","","IATR190003075","","","","","IAT1110190836","NHO2018000007"),
("IATT190003172","NHM2019002853 Tjandra Saputra","2","101000","35450","6555","0","72105","100000","11/10/2019","20:42","2019-10-11","21:16:24","ISU000004","tbl0011","CLOSED","1","","IATR190003076","","","","","IAT1110190836","NHO2018000007");



INSERT INTO item_void VALUES("IATT190003163","IAT1110190836","NHO2018000007","193029","193029","1","27000","Before Send","Salah Order");



INSERT INTO pos_promotion_h VALUES("IATT190003150","NPRM18000017","DISC ITEM","1","18000","TUNJUKKAN JEMPOLMU","IAT1110190836","PAID","NHO2018000007"),
("IATT190003153","NPRM18000017","DISC ITEM","1","20000","TUNJUKKAN JEMPOLMU","IAT1110190836","PAID","NHO2018000007"),
("IATT190003155","NPRM18000017","DISC ITEM","1","15000","TUNJUKKAN JEMPOLMU","IAT1110190836","PAID","NHO2018000007"),
("IATT190003156","NPRM18000017","DISC ITEM","1","15000","TUNJUKKAN JEMPOLMU","IAT1110190836","PAID","NHO2018000007"),
("IATT190003160","NPRM18000017","DISC ITEM","1","43500","TUNJUKKAN JEMPOLMU","IAT1110190836","PAID","NHO2018000007"),
("IATT190003164","NPRM18000017","DISC ITEM","1","55500","TUNJUKKAN JEMPOLMU","IAT1110190836","PAID","NHO2018000007"),
("IATT190003165","NPRM18000017","DISC ITEM","1","28500","TUNJUKKAN JEMPOLMU","IAT1110190836","PAID","NHO2018000007"),
("IATT190003168","NPRM18000017","DISC ITEM","1","82500","TUNJUKKAN JEMPOLMU","IAT1110190836","PAID","NHO2018000007"),
("IATT190003167","NPRM18000017","DISC ITEM","1","13500","TUNJUKKAN JEMPOLMU","IAT1110190836","PAID","NHO2018000007"),
("IATT190003170","NPRM18000017","DISC ITEM","1","37500","TUNJUKKAN JEMPOLMU","IAT1110190836","PAID","NHO2018000007"),
("IATT190003172","NPRM18000017","DISC ITEM","1","32000","TUNJUKKAN JEMPOLMU","IAT1110190836","PAID","NHO2018000007"),
("IATT190003172","NPRM18000018","DISC ALL","1","3450","CRM DISC 5%","IAT1110190836","PAID","NHO2018000007");



INSERT INTO pos_promotion_d VALUES("IATT190003150","NPRM18000017","DISC ITEM","1","1","193038","1","18000","IAT1110190836","PAID","NHO2018000007"),
("IATT190003153","NPRM18000017","DISC ITEM","1","1","193021","1","20000","IAT1110190836","PAID","NHO2018000007"),
("IATT190003155","NPRM18000017","DISC ITEM","1","1","193082","1","15000","IAT1110190836","PAID","NHO2018000007"),
("IATT190003156","NPRM18000017","DISC ITEM","1","1","193084","1","15000","IAT1110190836","PAID","NHO2018000007"),
("IATT190003160","NPRM18000017","DISC ITEM","1","1","193082","1","15000","IAT1110190836","PAID","NHO2018000007"),
("IATT190003160","NPRM18000017","DISC ITEM","1","1","193006","1","18500","IAT1110190836","PAID","NHO2018000007"),
("IATT190003160","NPRM18000017","DISC ITEM","1","1","193119","1","10000","IAT1110190836","PAID","NHO2018000007"),
("IATT190003164","NPRM18000017","DISC ITEM","1","1","193007","1","18500","IAT1110190836","PAID","NHO2018000007"),
("IATT190003164","NPRM18000017","DISC ITEM","1","1","193008","1","18500","IAT1110190836","PAID","NHO2018000007"),
("IATT190003164","NPRM18000017","DISC ITEM","1","1","193018","1","18500","IAT1110190836","PAID","NHO2018000007"),
("IATT190003165","NPRM18000017","DISC ITEM","1","1","193034","1","18500","IAT1110190836","PAID","NHO2018000007"),
("IATT190003165","NPRM18000017","DISC ITEM","1","1","193119","1","10000","IAT1110190836","PAID","NHO2018000007"),
("IATT190003168","NPRM18000017","DISC ITEM","1","1","193084","1","15000","IAT1110190836","PAID","NHO2018000007"),
("IATT190003168","NPRM18000017","DISC ITEM","1","1","193084","2","15000","IAT1110190836","PAID","NHO2018000007"),
("IATT190003168","NPRM18000017","DISC ITEM","1","1","193035","1","16000","IAT1110190836","PAID","NHO2018000007"),
("IATT190003168","NPRM18000017","DISC ITEM","1","1","193015","1","16500","IAT1110190836","PAID","NHO2018000007"),
("IATT190003168","NPRM18000017","DISC ITEM","1","1","193118","1","10000","IAT1110190836","PAID","NHO2018000007"),
("IATT190003168","NPRM18000017","DISC ITEM","1","1","193119","1","10000","IAT1110190836","PAID","NHO2018000007"),
("IATT190003167","NPRM18000017","DISC ITEM","1","1","193030","1","13500","IAT1110190836","PAID","NHO2018000007"),
("IATT190003170","NPRM18000017","DISC ITEM","1","1","193080","1","16500","IAT1110190836","PAID","NHO2018000007"),
("IATT190003170","NPRM18000017","DISC ITEM","1","1","193114","1","21000","IAT1110190836","PAID","NHO2018000007"),
("IATT190003172","NPRM18000017","DISC ITEM","1","1","193035","1","16000","IAT1110190836","PAID","NHO2018000007"),
("IATT190003172","NPRM18000017","DISC ITEM","1","1","193035","2","16000","IAT1110190836","PAID","NHO2018000007"),
("IATT190003172","NPRM18000018","DISC ALL","1","1","193035","1","800","IAT1110190836","PAID","NHO2018000007"),
("IATT190003172","NPRM18000018","DISC ALL","1","1","193035","2","800","IAT1110190836","PAID","NHO2018000007"),
("IATT190003172","NPRM18000018","DISC ALL","1","1","193051","1","1000","IAT1110190836","PAID","NHO2018000007"),
("IATT190003172","NPRM18000018","DISC ALL","1","1","193056","1","850","IAT1110190836","PAID","NHO2018000007");



INSERT INTO pos_paymenttemp VALUES("IATT190003147","CASH","CASH","70400","100000","ISU000006","2019-10-11","","1","","CLOSED","IAT1110190836","NHO2018000007"),
("IATT190003148","CASH","CASH","55000","100000","ISU000006","2019-10-11","","1","","CLOSED","IAT1110190836","NHO2018000007"),
("IATT190003149","CASH","CASH","38500","50000","ISU000006","2019-10-11","","1","","CLOSED","IAT1110190836","NHO2018000007"),
("IATT190003150","CASH","CASH","85800","100000","ISU000006","2019-10-11","","1","","CLOSED","IAT1110190836","NHO2018000007"),
("IATT190003151","CASH","CASH","41800","50000","ISU000006","2019-10-11","","1","","CLOSED","IAT1110190836","NHO2018000007"),
("IATT190003152","CASH","CASH","84700","100000","ISU000006","2019-10-11","","1","","CLOSED","IAT1110190836","NHO2018000007"),
("IATT190003153","CASH","CASH","125400","150000","ISU000006","2019-10-11","","1","","CLOSED","IAT1110190836","NHO2018000007"),
("IATT190003154","CASH","CASH","19800","100000","ISU000006","2019-10-11","","1","","CLOSED","IAT1110190836","NHO2018000007"),
("IATT190003155","CASH","CASH","27500","50000","ISU000006","2019-10-11","","1","","CLOSED","IAT1110190836","NHO2018000007"),
("IATT190003156","CASH","CASH","135300","135500","ISU000006","2019-10-11","","1","","CLOSED","IAT1110190836","NHO2018000007"),
("IATT190003158","CASH","CASH","36300","40000","ISU000006","2019-10-11","","1","","CLOSED","IAT1110190836","NHO2018000007"),
("IATT190003159","CARD","DEBIT BCA","19800","19800","ISU000006","2019-10-11","","1","","CLOSED","IAT1110190836","NHO2018000007"),
("IATT190003160","CASH","CASH","91850","100000","ISU000006","2019-10-11","","1","","CLOSED","IAT1110190836","NHO2018000007"),
("IATT190003163","CASH","GOPAY","35100","35100","ISU000013","2019-10-11","","1","","CLOSED","IAT1110190836","NHO2018000007"),
("IATT190003164","CARD","DEBIT BCA","120450","120450","ISU000004","2019-10-11","","1","","CLOSED","IAT1110190836","NHO2018000007"),
("IATT190003165","CASH","CASH","50050","50100","ISU000004","2019-10-11","","1","","CLOSED","IAT1110190836","NHO2018000007"),
("IATT190003157","CASH","CASH","56100","56100","ISU000004","2019-10-11","","1","","CLOSED","IAT1110190836","NHO2018000007"),
("IATT190003168","CARD","DEBIT BCA","241450","241450","ISU000004","2019-10-11","","1","","CLOSED","IAT1110190836","NHO2018000007"),
("IATT190003169","CARD","DEBIT BCA","134200","134200","ISU000004","2019-10-11","","1","","CLOSED","IAT1110190836","NHO2018000007"),
("IATT190003161","CASH","CASH","88000","88000","ISU000004","2019-10-11","","1","","CLOSED","IAT1110190836","NHO2018000007"),
("IATT190003166","CARD","VISA","103400","103400","ISU000004","2019-10-11","","1","","CLOSED","IAT1110190836","NHO2018000007"),
("IATT190003167","CASH","CASH","36850","50000","ISU000004","2019-10-11","","1","","CLOSED","IAT1110190836","NHO2018000007"),
("IATT190003170","CASH","CASH","138050","200000","ISU000004","2019-10-11","","1","","CLOSED","IAT1110190836","NHO2018000007"),
("IATT190003162","CASH","CASH","52800","100000","ISU000004","2019-10-11","","1","","CLOSED","IAT1110190836","NHO2018000007"),
("IATT190003171","CARD","DEBIT BCA","89100","89100","ISU000004","2019-10-11","","1","","CLOSED","IAT1110190836","NHO2018000007"),
("IATT190003172","CASH","CASH","72105","100000","ISU000004","2019-10-11","","1","","CLOSED","IAT1110190836","NHO2018000007");



