INSERT INTO pos_itemtemp VALUES("IATT190003128","193035","191001","192006","32000","1","32000","16000","16000","1","1","1","IAT1010190917","NHO2018000007","PAID","","PEDAS"),
("IATT190003129","193118","191001","192012","20000","1","20000","0","20000","1","1","1","IAT1010190917","NHO2018000007","PAID","","193118"),
("IATT190003129","193092","191001","192013","5000","1","5000","0","5000","1","1","1","IAT1010190917","NHO2018000007","PAID","","193092"),
("IATT190003130","193084","191001","192001","30000","1","30000","15000","15000","1","1","1","IAT1010190917","NHO2018000007","PAID","pedes dikit","ORIGINAL"),
("IATT190003130","193039","191001","192006","36000","1","36000","18000","18000","1","1","1","IAT1010190917","NHO2018000007","PAID","","ORIGINAL"),
("IATT190003130","193039","191001","192006","36000","1","36000","18000","18000","2","1","1","IAT1010190917","NHO2018000007","PAID","","ORIGINAL"),
("IATT190003130","193055","191002","192010","17000","1","17000","0","17000","1","1","1","IAT1010190917","NHO2018000007","PAID","","193055"),
("IATT190003131","193055","191002","192010","17000","1","17000","0","17000","1","1","1","IAT1010190917","NHO2018000007","PAID","","193055"),
("IATT190003131","193027","191001","192003","43000","1","43000","0","43000","1","1","2","IAT1010190917","NHO2018000007","PAID","","193027"),
("IATT190003131","193044","191001","192008","25000","1","25000","0","25000","1","1","2","IAT1010190917","NHO2018000007","PAID","","193044"),
("IATT190003131","193047","191002","192010","10000","1","10000","0","10000","1","1","2","IAT1010190917","NHO2018000007","PAID","","193047"),
("IATT190003131","193084","191001","192001","30000","1","30000","0","30000","1","1","3","IAT1010190917","NHO2018000007","PAID","","PEDAS"),
("IATT190003131","193055","191002","192010","17000","1","17000","0","17000","2","1","3","IAT1010190917","NHO2018000007","PAID","","193055"),
("IATT190003132","193027","191001","192003","43000","1","43000","0","43000","1","1","1","IAT1010190917","NHO2018000007","PAID","","193027"),
("IATT190003132","193028","191001","192003","43000","1","43000","0","43000","1","1","1","IAT1010190917","NHO2018000007","PAID","","193028"),
("IATT190003132","193030","191001","192004","27000","1","27000","13500","13500","1","1","1","IAT1010190917","NHO2018000007","PAID","","193030"),
("IATT190003132","193118","191001","192012","20000","1","20000","10000","10000","1","1","1","IAT1010190917","NHO2018000007","PAID","","193118"),
("IATT190003132","193118","191001","192012","20000","1","20000","10000","10000","2","1","1","IAT1010190917","NHO2018000007","PAID","","193118"),
("IATT190003132","193033","191001","192005","42000","1","42000","21000","21000","1","1","1","IAT1010190917","NHO2018000007","PAID","","193033"),
("IATT190003132","193047","191002","192010","10000","1","10000","0","10000","1","1","1","IAT1010190917","NHO2018000007","PAID","","193047"),
("IATT190003132","193047","191002","192010","10000","1","10000","0","10000","2","1","1","IAT1010190917","NHO2018000007","PAID","","193047"),
("IATT190003132","193056","191002","192010","17000","1","17000","0","17000","1","1","1","IAT1010190917","NHO2018000007","PAID","","193056"),
("IATT190003132","193055","191002","192010","17000","1","17000","0","17000","1","1","1","IAT1010190917","NHO2018000007","PAID","","193055"),
("IATT190003133","193007","191001","192001","37000","1","37000","18500","18500","1","1","1","IAT1010190917","NHO2018000007","PAID","","ORIGINAL"),
("IATT190003133","193046","191002","192010","10000","1","10000","0","10000","1","1","1","IAT1010190917","NHO2018000007","PAID","","193046"),
("IATT190003133","193118","191001","192012","20000","1","20000","10000","10000","1","1","1","IAT1010190917","NHO2018000007","PAID","","193118"),
("IATT190003134","193033","191001","192005","42000","1","42000","21000","21000","1","1","1","IAT1010190917","NHO2018000007","PAID","","193033"),
("IATT190003134","193082","191001","192001","30000","1","30000","15000","15000","1","1","1","IAT1010190917","NHO2018000007","PAID","","193082"),
("IATT190003134","193049","191002","192010","10000","1","10000","0","10000","1","1","1","IAT1010190917","NHO2018000007","PAID","","193049"),
("IATT190003134","193047","191002","192010","10000","1","10000","0","10000","1","1","1","IAT1010190917","NHO2018000007","PAID","","193047"),
("IATT190003135","193033","191001","192005","42000","1","42000","21000","21000","1","1","1","IAT1010190917","NHO2018000007","PAID","","193033"),
("IATT190003135","193030","191001","192004","27000","1","27000","13500","13500","1","1","1","IAT1010190917","NHO2018000007","PAID","","193030"),
("IATT190003135","193029","191001","192004","27000","1","27000","13500","13500","1","1","1","IAT1010190917","NHO2018000007","PAID","","193029"),
("IATT190003135","193046","191002","192010","10000","1","10000","0","10000","1","1","1","IAT1010190917","NHO2018000007","PAID","","193046"),
("IATT190003135","193190","191001","192002","40000","1","40000","20000","20000","1","1","2","IAT1010190917","NHO2018000007","PAID","","193190"),
("IATT190003135","193055","191002","192010","17000","1","17000","0","17000","1","1","2","IAT1010190917","NHO2018000007","PAID","","193055"),
("IATT190003136","193189","191001","192002","40000","1","40000","20000","20000","1","1","1","IAT1010190917","NHO2018000007","PAID","","193189"),
("IATT190003137","193047","191002","192010","10000","1","10000","0","10000","1","1","1","IAT1010190917","NHO2018000007","PAID","","193047"),
("IATT190003137","193046","191002","192010","10000","1","10000","0","10000","1","1","1","IAT1010190917","NHO2018000007","PAID","","193046"),
("IATT190003137","193069","191001","192012","13000","1","13000","0","13000","1","1","1","IAT1010190917","NHO2018000007","PAID","","193069"),
("IATT190003137","193202","191001","192013","5000","1","5000","0","5000","1","1","1","IAT1010190917","NHO2018000007","PAID","","ORIGINAL"),
("IATT190003137","193202","191001","192013","5000","1","5000","0","5000","2","1","1","IAT1010190917","NHO2018000007","PAID","","ORIGINAL"),
("IATT190003137","193047","191002","192010","10000","1","10000","0","10000","2","1","2","IAT1010190917","NHO2018000007","PAID","","193047"),
("IATT190003137","193199","191001","192013","5000","1","5000","0","5000","1","1","3","IAT1010190917","NHO2018000007","PAID","","193199"),
("IATT190003137","193046","191002","192010","10000","1","10000","0","10000","2","1","3","IAT1010190917","NHO2018000007","PAID","","193046"),
("IATT190003138","193198","191001","192013","5000","1","5000","0","5000","1","1","1","IAT1010190917","NHO2018000007","PAID","","PEDAS"),
("IATT190003138","193198","191001","192013","5000","1","5000","0","5000","2","1","1","IAT1010190917","NHO2018000007","PAID","","PEDAS"),
("IATT190003138","193198","191001","192013","5000","1","5000","0","5000","3","1","1","IAT1010190917","NHO2018000007","PAID","","PEDAS"),
("IATT190003138","193119","191001","192012","20000","1","20000","0","20000","1","1","1","IAT1010190917","NHO2018000007","PAID","","193119"),
("IATT190003138","193069","191001","192012","13000","1","13000","0","13000","1","1","1","IAT1010190917","NHO2018000007","PAID","","193069"),
("IATT190003138","193070","191001","192012","13000","1","13000","0","13000","1","1","1","IAT1010190917","NHO2018000007","PAID","","193070"),
("IATT190003138","193047","191002","192010","10000","1","10000","0","10000","1","1","1","IAT1010190917","NHO2018000007","PAID","","193047"),
("IATT190003138","193056","191002","192010","17000","1","17000","0","17000","1","1","1","IAT1010190917","NHO2018000007","PAID","","193056"),
("IATT190003138","193055","191002","192010","17000","1","17000","0","17000","1","1","1","IAT1010190917","NHO2018000007","PAID","","193055"),
("IATT190003139","193069","191001","192012","13000","1","13000","0","13000","1","1","1","IAT1010190917","NHO2018000007","PAID","","193069"),
("IATT190003139","193069","191001","192012","13000","1","13000","0","13000","2","1","1","IAT1010190917","NHO2018000007","PAID","","193069"),
("IATT190003139","193070","191001","192012","13000","1","13000","0","13000","1","1","1","IAT1010190917","NHO2018000007","PAID","","193070"),
("IATT190003139","193119","191001","192012","20000","1","20000","0","20000","1","1","1","IAT1010190917","NHO2018000007","PAID","","193119"),
("IATT190003139","193119","191001","192012","20000","1","20000","0","20000","2","1","1","IAT1010190917","NHO2018000007","PAID","","193119"),
("IATT190003139","193204","191001","192013","5000","1","5000","0","5000","1","1","1","IAT1010190917","NHO2018000007","PAID","","193204"),
("IATT190003139","193204","191001","192013","5000","1","5000","0","5000","2","1","1","IAT1010190917","NHO2018000007","PAID","","193204"),
("IATT190003139","193200","191001","192013","5000","1","5000","0","5000","1","1","1","IAT1010190917","NHO2018000007","PAID","","193200"),
("IATT190003139","193200","191001","192013","5000","1","5000","0","5000","2","1","1","IAT1010190917","NHO2018000007","PAID","","193200"),
("IATT190003139","193200","191001","192013","5000","1","5000","0","5000","3","1","1","IAT1010190917","NHO2018000007","PAID","","193200"),
("IATT190003140","193054","191002","192010","20000","1","20000","0","20000","1","1","1","IAT1010190917","NHO2018000007","PAID","","193054"),
("IATT190003140","193051","191002","192010","20000","1","20000","0","20000","1","1","1","IAT1010190917","NHO2018000007","PAID","","193051"),
("IATT190003140","193021","191001","192002","40000","1","40000","0","40000","1","1","1","IAT1010190917","NHO2018000007","PAID","","ORIGINAL"),
("IATT190003140","193112","191001","192003","50000","1","50000","0","50000","1","1","1","IAT1010190917","NHO2018000007","PAID","","193112"),
("IATT190003139","193055","191002","192010","17000","1","17000","0","17000","1","1","2","IAT1010190917","NHO2018000007","PAID","","193055"),
("IATT190003141","193084","191001","192001","30000","1","30000","15000","15000","1","1","1","IAT1010190917","NHO2018000007","PAID","","PEDAS"),
("IATT190003141","193027","191001","192003","43000","1","43000","0","43000","1","1","1","IAT1010190917","NHO2018000007","PAID","","193027"),
("IATT190003141","193046","191002","192010","10000","1","10000","0","10000","1","1","1","IAT1010190917","NHO2018000007","PAID","","193046"),
("IATT190003141","193046","191002","192010","10000","1","10000","0","10000","2","1","1","IAT1010190917","NHO2018000007","PAID","","193046"),
("IATT190003142","193079","191001","192001","30000","1","30000","15000","15000","1","1","1","IAT1010190917","NHO2018000007","PAID","","193079"),
("IATT190003142","193079","191001","192001","30000","1","30000","15000","15000","2","1","1","IAT1010190917","NHO2018000007","PAID","","193079"),
("IATT190003142","193048","191002","192010","8000","1","8000","0","8000","1","1","1","IAT1010190917","NHO2018000007","PAID","","193048"),
("IATT190003142","193048","191002","192010","8000","1","8000","0","8000","2","1","1","IAT1010190917","NHO2018000007","PAID","","193048"),
("IATT190003143","193048","191002","192010","8000","1","8000","0","8000","1","1","1","IAT1010190917","NHO2018000007","PAID","","193048"),
("IATT190003143","193055","191002","192010","17000","1","17000","0","17000","1","1","1","IAT1010190917","NHO2018000007","PAID","","193055"),
("IATT190003143","193094","191001","192013","5000","1","5000","0","5000","1","1","1","IAT1010190917","NHO2018000007","PAID","","193094"),
("IATT190003143","193093","191001","192013","5000","1","5000","0","5000","1","1","1","IAT1010190917","NHO2018000007","PAID","","193093"),
("IATT190003144","193072","191001","192012","25000","1","25000","0","25000","1","1","1","IAT1010190917","NHO2018000007","PAID","","193072"),
("IATT190003144","193094","191001","192013","5000","1","5000","0","5000","1","1","1","IAT1010190917","NHO2018000007","PAID","","193094"),
("IATT190003145","193070","191001","192012","13000","1","13000","0","13000","1","1","1","IAT1010190917","NHO2018000007","PAID","","193070"),
("IATT190003145","193195","191001","192013","5000","1","5000","0","5000","1","1","1","IAT1010190917","NHO2018000007","PAID","","193195"),
("IATT190003145","193196","191001","192013","5000","1","5000","0","5000","1","1","1","IAT1010190917","NHO2018000007","PAID","","193196"),
("IATT190003145","193198","191001","192013","5000","1","5000","0","5000","1","1","1","IAT1010190917","NHO2018000007","PAID","","PEDAS"),
("IATT190003146","193194","191001","192013","5000","1","5000","0","5000","1","1","1","IAT1010190917","NHO2018000007","PAID","","193194"),
("IATT190003146","193195","191001","192013","5000","1","5000","0","5000","1","1","1","IAT1010190917","NHO2018000007","PAID","","193195");



INSERT INTO pos_salestemp VALUES("IATT190003128","","1","32000","16000","1600","0","17600","20000","10/10/2019","11:46","2019-10-10","11:53:49","ISU000006","tbl0001","CLOSED","1","","IATR190003032","","","","","IAT1010190917","NHO2018000007"),
("IATT190003129","","1","25000","0","2500","0","27500","50000","10/10/2019","11:51","2019-10-10","12:22:20","ISU000006","tbl0012","CLOSED","1","","IATR190003033","","","","","IAT1010190917","NHO2018000007"),
("IATT190003130","","2","119000","51000","6800","0","74800","74800","10/10/2019","12:30","2019-10-10","13:10:26","ISU000006","tbl0011","CLOSED","1","","IATR190003034","","","","","IAT1010190917","NHO2018000007"),
("IATT190003131","","1","142000","0","14200","0","156200","200000","10/10/2019","12:41","2019-10-10","13:30:14","ISU000006","tbl0012","CLOSED","1","","IATR190003035","","","","","IAT1010190917","NHO2018000007"),
("IATT190003132","","4","249000","54500","19450","0","213950","250000","10/10/2019","13:10","2019-10-10","13:40:29","ISU000006","tbl0013","CLOSED","1","","IATR190003036","","","","","IAT1010190917","NHO2018000007"),
("IATT190003133","","1","67000","28500","3850","0","42350","100000","10/10/2019","13:20","2019-10-10","13:42:47","ISU000006","tbl0010","CLOSED","1","","IATR190003037","","","","","IAT1010190917","NHO2018000007"),
("IATT190003134","","2","92000","36000","5600","0","61600","61600","10/10/2019","13:22","2019-10-10","14:01:01","ISU000006","tbl0011","CLOSED","1","","IATR190003038","","","","","IAT1010190917","NHO2018000007"),
("IATT190003135","","2","163000","68000","9500","0","104500","105000","10/10/2019","13:55","2019-10-10","14:35:40","ISU000006","tbl0012","CLOSED","1","","IATR190003039","","","","","IAT1010190917","NHO2018000007"),
("IATT190003136","","1","40000","20000","2000","0","22000","22000","10/10/2019","14:41","2019-10-10","14:42:34","ISU000006","tbl0001","CLOSED","1","","IATR190003040","","","","","IAT1010190917","NHO2018000007"),
("IATT190003137","","2","68000","0","6800","0","74800","100000","10/10/2019","16:44","2019-10-10","18:44:55","ISU000006","tbl0012","CLOSED","1","","IATR190003041","","","","","IAT1010190917","NHO2018000007"),
("IATT190003138","","3","105000","0","10500","0","115500","115500","10/10/2019","18:05","2019-10-10","19:55:07","ISU000006","tbl0011","CLOSED","1","","IATR190003045","","","","","IAT1010190917","NHO2018000007"),
("IATT190003139","","5","121000","0","12100","0","133100","150000","10/10/2019","18:07","2019-10-10","19:06:20","ISU000006","tbl0010","CLOSED","1","","IATR190003043","","","","","IAT1010190917","NHO2018000007"),
("IATT190003140","","2","130000","0","13000","0","143000","200000","10/10/2019","18:25","2019-10-10","18:54:21","ISU000006","tbl0014","CLOSED","1","","IATR190003042","","","","","IAT1010190917","NHO2018000007"),
("IATT190003141","","2","93000","15000","7800","0","85800","100000","10/10/2019","18:55","2019-10-10","19:27:15","ISU000006","tbl0012","CLOSED","1","","IATR190003044","","","","","IAT1010190917","NHO2018000007"),
("IATT190003142","","2","76000","30000","4600","0","50600","100000","10/10/2019","19:15","2019-10-10","20:05:10","ISU000006","tbl0023","CLOSED","1","","IATR190003046","","","","","IAT1010190917","NHO2018000007"),
("IATT190003143","","2","35000","0","3500","0","38500","40000","10/10/2019","19:32","2019-10-10","20:23:22","ISU000006","tbl0014","CLOSED","1","","IATR190003047","","","","","IAT1010190917","NHO2018000007"),
("IATT190003144","","2","30000","0","3000","0","33000","100000","10/10/2019","20:10","2019-10-10","21:38:21","ISU000006","tbl0012","CLOSED","1","","IATR190003050","","","","","IAT1010190917","NHO2018000007"),
("IATT190003145","","2","28000","0","2800","0","30800","40000","10/10/2019","20:48","2019-10-10","21:37:44","ISU000006","tbl0011","CLOSED","1","","IATR190003049","","","","","IAT1010190917","NHO2018000007"),
("IATT190003146","","1","10000","0","1000","0","11000","101000","10/10/2019","21:16","2019-10-10","21:21:44","ISU000006","tbl0001","CLOSED","1","","IATR190003048","","","","","IAT1010190917","NHO2018000007");






INSERT INTO pos_promotion_h VALUES("IATT190003128","NPRM18000017","DISC ITEM","1","16000","TUNJUKKAN JEMPOLMU","IAT1010190917","PAID","NHO2018000007"),
("IATT190003130","NPRM18000017","DISC ITEM","1","51000","TUNJUKKAN JEMPOLMU","IAT1010190917","PAID","NHO2018000007"),
("IATT190003132","NPRM18000017","DISC ITEM","1","54500","TUNJUKKAN JEMPOLMU","IAT1010190917","PAID","NHO2018000007"),
("IATT190003133","NPRM18000017","DISC ITEM","1","28500","TUNJUKKAN JEMPOLMU","IAT1010190917","PAID","NHO2018000007"),
("IATT190003134","NPRM18000017","DISC ITEM","1","36000","TUNJUKKAN JEMPOLMU","IAT1010190917","PAID","NHO2018000007"),
("IATT190003135","NPRM18000017","DISC ITEM","1","68000","TUNJUKKAN JEMPOLMU","IAT1010190917","PAID","NHO2018000007"),
("IATT190003136","NPRM18000017","DISC ITEM","1","20000","TUNJUKKAN JEMPOLMU","IAT1010190917","PAID","NHO2018000007"),
("IATT190003141","NPRM18000017","DISC ITEM","1","15000","TUNJUKKAN JEMPOLMU","IAT1010190917","PAID","NHO2018000007"),
("IATT190003142","NPRM18000017","DISC ITEM","1","30000","TUNJUKKAN JEMPOLMU","IAT1010190917","PAID","NHO2018000007");



INSERT INTO pos_promotion_d VALUES("IATT190003128","NPRM18000017","DISC ITEM","1","1","193035","1","16000","IAT1010190917","PAID","NHO2018000007"),
("IATT190003130","NPRM18000017","DISC ITEM","1","1","193084","1","15000","IAT1010190917","PAID","NHO2018000007"),
("IATT190003130","NPRM18000017","DISC ITEM","1","1","193039","1","18000","IAT1010190917","PAID","NHO2018000007"),
("IATT190003130","NPRM18000017","DISC ITEM","1","1","193039","2","18000","IAT1010190917","PAID","NHO2018000007"),
("IATT190003132","NPRM18000017","DISC ITEM","1","1","193030","1","13500","IAT1010190917","PAID","NHO2018000007"),
("IATT190003132","NPRM18000017","DISC ITEM","1","1","193118","1","10000","IAT1010190917","PAID","NHO2018000007"),
("IATT190003132","NPRM18000017","DISC ITEM","1","1","193118","2","10000","IAT1010190917","PAID","NHO2018000007"),
("IATT190003132","NPRM18000017","DISC ITEM","1","1","193033","1","21000","IAT1010190917","PAID","NHO2018000007"),
("IATT190003133","NPRM18000017","DISC ITEM","1","1","193007","1","18500","IAT1010190917","PAID","NHO2018000007"),
("IATT190003133","NPRM18000017","DISC ITEM","1","1","193118","1","10000","IAT1010190917","PAID","NHO2018000007"),
("IATT190003134","NPRM18000017","DISC ITEM","1","1","193033","1","21000","IAT1010190917","PAID","NHO2018000007"),
("IATT190003134","NPRM18000017","DISC ITEM","1","1","193082","1","15000","IAT1010190917","PAID","NHO2018000007"),
("IATT190003135","NPRM18000017","DISC ITEM","1","1","193033","1","21000","IAT1010190917","PAID","NHO2018000007"),
("IATT190003135","NPRM18000017","DISC ITEM","1","1","193030","1","13500","IAT1010190917","PAID","NHO2018000007"),
("IATT190003135","NPRM18000017","DISC ITEM","1","1","193029","1","13500","IAT1010190917","PAID","NHO2018000007"),
("IATT190003135","NPRM18000017","DISC ITEM","1","1","193190","1","20000","IAT1010190917","PAID","NHO2018000007"),
("IATT190003136","NPRM18000017","DISC ITEM","1","1","193189","1","20000","IAT1010190917","PAID","NHO2018000007"),
("IATT190003141","NPRM18000017","DISC ITEM","1","1","193084","1","15000","IAT1010190917","PAID","NHO2018000007"),
("IATT190003142","NPRM18000017","DISC ITEM","1","1","193079","1","15000","IAT1010190917","PAID","NHO2018000007"),
("IATT190003142","NPRM18000017","DISC ITEM","1","1","193079","2","15000","IAT1010190917","PAID","NHO2018000007");



INSERT INTO pos_paymenttemp VALUES("IATT190003128","CASH","CASH","17600","20000","ISU000006","2019-10-10","","1","","CLOSED","IAT1010190917","NHO2018000007"),
("IATT190003129","CASH","CASH","27500","50000","ISU000006","2019-10-10","","1","","CLOSED","IAT1010190917","NHO2018000007"),
("IATT190003130","CARD","DEBIT BCA","74800","74800","ISU000006","2019-10-10","","1","","CLOSED","IAT1010190917","NHO2018000007"),
("IATT190003131","CASH","CASH","156200","200000","ISU000006","2019-10-10","","1","","CLOSED","IAT1010190917","NHO2018000007"),
("IATT190003132","CASH","CASH","213950","250000","ISU000006","2019-10-10","","1","","CLOSED","IAT1010190917","NHO2018000007"),
("IATT190003133","CASH","CASH","42350","100000","ISU000006","2019-10-10","","1","","CLOSED","IAT1010190917","NHO2018000007"),
("IATT190003134","CARD","DEBIT BCA","61600","61600","ISU000006","2019-10-10","","1","","CLOSED","IAT1010190917","NHO2018000007"),
("IATT190003135","CASH","CASH","104500","105000","ISU000006","2019-10-10","","1","","CLOSED","IAT1010190917","NHO2018000007"),
("IATT190003136","CASH","CASH","22000","22000","ISU000006","2019-10-10","","1","","CLOSED","IAT1010190917","NHO2018000007"),
("IATT190003137","CASH","CASH","74800","100000","ISU000006","2019-10-10","","1","","CLOSED","IAT1010190917","NHO2018000007"),
("IATT190003140","CASH","CASH","143000","200000","ISU000006","2019-10-10","","1","","CLOSED","IAT1010190917","NHO2018000007"),
("IATT190003139","CASH","CASH","133100","150000","ISU000006","2019-10-10","","1","","CLOSED","IAT1010190917","NHO2018000007"),
("IATT190003141","CASH","CASH","85800","100000","ISU000006","2019-10-10","","1","","CLOSED","IAT1010190917","NHO2018000007"),
("IATT190003138","CARD","DEBIT BCA","115500","115500","ISU000006","2019-10-10","","1","","CLOSED","IAT1010190917","NHO2018000007"),
("IATT190003142","CASH","CASH","50600","100000","ISU000006","2019-10-10","","1","","CLOSED","IAT1010190917","NHO2018000007"),
("IATT190003143","CASH","CASH","38500","40000","ISU000006","2019-10-10","","1","","CLOSED","IAT1010190917","NHO2018000007"),
("IATT190003146","CASH","CASH","11000","101000","ISU000006","2019-10-10","","1","","CLOSED","IAT1010190917","NHO2018000007"),
("IATT190003145","CASH","CASH","30800","40000","ISU000006","2019-10-10","","1","","CLOSED","IAT1010190917","NHO2018000007"),
("IATT190003144","CASH","CASH","33000","100000","ISU000006","2019-10-10","","1","","CLOSED","IAT1010190917","NHO2018000007");



