INSERT INTO pos_itemtemp VALUES("IATT190003282","193076","191001","192001","30000","1","30000","15000","15000","1","1","1","IAT1810190941","NHO2018000007","PAID","","193076"),
("IATT190003282","193033","191001","192005","42000","1","42000","21000","21000","1","1","1","IAT1810190941","NHO2018000007","PAID","","193033"),
("IATT190003282","193033","191001","192005","42000","1","42000","21000","21000","2","1","1","IAT1810190941","NHO2018000007","PAID","","193033"),
("IATT190003282","193055","191002","192010","17000","1","17000","0","17000","1","1","2","IAT1810190941","NHO2018000007","PAID","","193055"),
("IATT190003283","193192","191001","192005","40000","1","40000","20000","20000","1","1","1","IAT1810190941","NHO2018000007","PAID","","193192"),
("IATT190003283","193007","191001","192001","37000","1","37000","18500","18500","1","1","1","IAT1810190941","NHO2018000007","PAID","","PEDAS"),
("IATT190003283","193006","191001","192001","37000","1","37000","18500","18500","1","1","1","IAT1810190941","NHO2018000007","PAID","","193006"),
("IATT190003283","193118","191001","192012","20000","1","20000","10000","10000","1","1","1","IAT1810190941","NHO2018000007","PAID","","193118"),
("IATT190003283","193118","191001","192012","20000","1","20000","10000","10000","2","1","1","IAT1810190941","NHO2018000007","PAID","","193118"),
("IATT190003283","193118","191001","192012","20000","1","20000","10000","10000","3","1","1","IAT1810190941","NHO2018000007","PAID","","193118"),
("IATT190003283","193072","191001","192012","25000","1","25000","12500","12500","1","1","1","IAT1810190941","NHO2018000007","PAID","","193072"),
("IATT190003283","193047","191002","192010","10000","1","10000","0","10000","1","1","1","IAT1810190941","NHO2018000007","PAID","","193047"),
("IATT190003283","193047","191002","192010","10000","1","10000","0","10000","2","1","1","IAT1810190941","NHO2018000007","PAID","","193047"),
("IATT190003283","193047","191002","192010","10000","1","10000","0","10000","3","1","1","IAT1810190941","NHO2018000007","PAID","","193047"),
("IATT190003283","193047","191002","192010","10000","1","10000","0","10000","4","1","1","IAT1810190941","NHO2018000007","PAID","","193047"),
("IATT190003283","193047","191002","192010","10000","1","10000","0","10000","5","1","2","IAT1810190941","NHO2018000007","PAID","","193047"),
("IATT190003284","193039","191001","192006","36000","1","36000","18000","18000","1","1","1","IAT1810190941","NHO2018000007","PAID","","ORIGINAL"),
("IATT190003284","193070","191001","192012","13000","1","13000","6500","6500","1","1","1","IAT1810190941","NHO2018000007","PAID","","193070"),
("IATT190003285","193085","191001","192001","30000","1","30000","15000","15000","1","1","1","IAT1810190941","NHO2018000007","PAID","","193085"),
("IATT190003285","193034","191001","192005","37000","1","37000","18500","18500","1","1","1","IAT1810190941","NHO2018000007","PAID","","193034"),
("IATT190003285","193052","191002","192010","20000","1","20000","0","20000","1","1","1","IAT1810190941","NHO2018000007","PAID","","193052"),
("IATT190003285","193055","191002","192010","17000","1","17000","0","17000","1","1","1","IAT1810190941","NHO2018000007","PAID","","193055"),
("IATT190003286","193077","191001","192001","30000","1","30000","15000","15000","1","1","1","IAT1810190941","NHO2018000007","PAID","","193077"),
("IATT190003286","193054","191002","192010","20000","1","20000","0","20000","1","1","1","IAT1810190941","NHO2018000007","PAID","","193054"),
("IATT190003286","193048","191002","192010","8000","1","8000","0","8000","1","1","1","IAT1810190941","NHO2018000007","PAID","","193048"),
("IATT190003287","193034","191001","192005","37000","1","37000","18500","18500","1","1","1","IAT1810190941","NHO2018000007","PAID","","193034"),
("IATT190003287","193192","191001","192005","40000","1","40000","20000","20000","1","1","1","IAT1810190941","NHO2018000007","PAID","","193192"),
("IATT190003289","193082","191001","192001","30000","1","30000","15000","15000","1","1","1","IAT1810190941","NHO2018000007","PAID","","193082"),
("IATT190003289","193046","191002","192010","10000","1","10000","0","10000","1","1","1","IAT1810190941","NHO2018000007","PAID","","193046"),
("IATT190003288","193035","191001","192006","32000","1","32000","16000","16000","1","1","1","IAT1810190941","NHO2018000007","PAID","","PEDAS"),
("IATT190003290","193039","191001","192006","36000","1","36000","18000","18000","1","1","1","IAT1810190941","NHO2018000007","PAID","","ORIGINAL"),
("IATT190003291","193022","191001","192003","30000","1","30000","0","30000","1","1","1","IAT1810190941","NHO2018000007","PAID","","193022"),
("IATT190003291","193118","191001","192012","20000","1","20000","0","20000","1","1","1","IAT1810190941","NHO2018000007","PAID","","193118"),
("IATT190003292","193029","191001","192004","27000","1","27000","13500","13500","1","1","1","IAT1810190941","NHO2018000007","PAID","","193029"),
("IATT190003293","193084","191001","192001","30000","1","30000","15000","15000","1","1","1","IAT1810190941","NHO2018000007","PAID","","PEDAS"),
("IATT190003293","193186","191001","192001","40000","1","40000","20000","20000","1","1","1","IAT1810190941","NHO2018000007","PAID","","193186"),
("IATT190003293","193047","191002","192010","10000","1","10000","0","10000","1","1","1","IAT1810190941","NHO2018000007","PAID","","193047"),
("IATT190003293","193054","191002","192010","20000","1","20000","0","20000","1","1","1","IAT1810190941","NHO2018000007","PAID","","193054"),
("IATT190003292","193048","191002","192010","8000","1","8000","0","8000","1","1","2","IAT1810190941","NHO2018000007","PAID","","193048"),
("IATT190003294","193187","191001","192001","40000","1","40000","20000","20000","1","1","1","IAT1810190941","NHO2018000007","PAID","","193187"),
("IATT190003294","193084","191001","192001","30000","1","30000","15000","15000","1","1","1","IAT1810190941","NHO2018000007","PAID","","PEDAS"),
("IATT190003294","193054","191002","192010","20000","1","20000","0","20000","1","1","1","IAT1810190941","NHO2018000007","PAID","","193054"),
("IATT190003294","193054","191002","192010","20000","1","20000","0","20000","2","1","1","IAT1810190941","NHO2018000007","PAID","","193054"),
("IATT190003295","193029","191001","192004","27000","1","27000","13500","13500","1","1","1","IAT1810190941","NHO2018000007","PAID","","193029"),
("IATT190003296","193052","191002","192010","20000","1","20000","0","20000","1","1","1","IAT1810190941","NHO2018000007","PAID","","193052"),
("IATT190003297","193187","191001","192001","40000","1","40000","0","40000","1","1","1","IAT1810190941","NHO2018000007","PAID","","193187"),
("IATT190003297","193189","191001","192002","40000","1","40000","0","40000","1","1","1","IAT1810190941","NHO2018000007","PAID","","193189"),
("IATT190003297","193037","191001","192006","36000","1","36000","18000","18000","1","1","1","IAT1810190941","NHO2018000007","PAID","","ORIGINAL"),
("IATT190003297","193048","191002","192010","8000","1","8000","0","8000","1","1","1","IAT1810190941","NHO2018000007","PAID","","193048"),
("IATT190003297","193048","191002","192010","8000","1","8000","0","8000","2","1","1","IAT1810190941","NHO2018000007","PAID","","193048"),
("IATT190003297","193056","191002","192010","17000","1","17000","0","17000","1","1","1","IAT1810190941","NHO2018000007","PAID","","193056");



INSERT INTO pos_salestemp VALUES("IATT190003282","","1","131000","57000","7400","0","81400","100000","18/10/2019","11:20","2019-10-18","11:20:55","ISU000006","tbl0001","CLOSED","1","","IATR190003185","","","","","IAT1810190941","NHO2018000007"),
("IATT190003283","","4","249000","99500","14950","0","164450","200000","18/10/2019","12:04","2019-10-18","13:19:10","ISU000006","tbl0010","CLOSED","1","","IATR190003188","","","","","IAT1810190941","NHO2018000007"),
("IATT190003284","","1","49000","24500","2450","0","26950","27000","18/10/2019","12:44","2019-10-18","13:05:47","ISU000006","tbl0013","CLOSED","1","","IATR190003186","","","","","IAT1810190941","NHO2018000007"),
("IATT190003285","","2","104000","33500","7050","0","77550","100000","18/10/2019","12:50","2019-10-18","13:15:23","ISU000006","tbl0016","CLOSED","1","","IATR190003187","","","","","IAT1810190941","NHO2018000007"),
("IATT190003286","","1","58000","15000","4300","0","47300","100000","18/10/2019","13:19","2019-10-18","14:47:12","ISU000006","tbl0011","CLOSED","1","","IATR190003189","","","","","IAT1810190941","NHO2018000007"),
("IATT190003287","","2","77000","38500","3850","0","42350","50000","18/10/2019","14:22","2019-10-18","15:01:45","ISU000006","tbl0012","CLOSED","1","","IATR190003190","","","","","IAT1810190941","NHO2018000007"),
("IATT190003288","","1","32000","16000","1600","0","17600","20000","18/10/2019","15:02","2019-10-18","17:38:32","ISU000006","tbl0001","CLOSED","1","","IATR190003193","","","","","IAT1810190941","NHO2018000007"),
("IATT190003289","","1","40000","15000","2500","0","27500","30000","18/10/2019","15:45","2019-10-18","16:04:15","ISU000006","tbl0012","CLOSED","1","","IATR190003191","","","","","IAT1810190941","NHO2018000007"),
("IATT190003290","","2","36000","18000","1800","0","19800","20000","18/10/2019","16:50","2019-10-18","17:59:39","ISU000006","tbl0018","CLOSED","1","","IATR190003194","","","","","IAT1810190941","NHO2018000007"),
("IATT190003291","","1","50000","0","5000","0","55000","105000","18/10/2019","16:56","2019-10-18","17:37:22","ISU000006","tbl0012","CLOSED","1","","IATR190003192","","","","","IAT1810190941","NHO2018000007"),
("IATT190003292","","1","35000","13500","2150","0","23650","100000","18/10/2019","17:53","2019-10-18","18:27:27","ISU000006","tbl0011","CLOSED","1","","IATR190003195","","","","","IAT1810190941","NHO2018000007"),
("IATT190003293","","2","100000","35000","6500","0","71500","100000","18/10/2019","18:01","2019-10-18","18:44:42","ISU000006","tbl0012","CLOSED","1","","IATR190003196","","","","","IAT1810190941","NHO2018000007"),
("IATT190003294","","2","110000","35000","7500","0","82500","100000","18/10/2019","18:46","2019-10-18","19:27:45","ISU000006","tbl0021","CLOSED","1","","IATR190003199","","","","","IAT1810190941","NHO2018000007"),
("IATT190003295","","1","27000","13500","1350","0","14850","15000","18/10/2019","18:57","2019-10-18","18:59:39","ISU000006","tbl0011","CLOSED","1","","IATR190003197","","","","","IAT1810190941","NHO2018000007"),
("IATT190003296","","1","20000","0","2000","0","22000","22000","18/10/2019","18:58","2019-10-18","19:01:37","ISU000006","tbl0050","CLOSED","1","","IATR190003198","","","","","IAT1810190941","NHO2018000007"),
("IATT190003297","","3","149000","18000","13100","0","144100","144100","18/10/2019","20:44","2019-10-18","21:24:33","ISU000006","tbl0012","CLOSED","1","","IATR190003200","","","","","IAT1810190941","NHO2018000007");



INSERT INTO item_void VALUES("IATT190003288","IAT1810190941","NHO2018000007","193076","193076","1","30000","Before Send","Komplen Customer");



INSERT INTO pos_promotion_h VALUES("IATT190003282","NPRM18000017","DISC ITEM","1","57000","TUNJUKKAN JEMPOLMU","IAT1810190941","PAID","NHO2018000007"),
("IATT190003284","NPRM18000017","DISC ITEM","1","24500","TUNJUKKAN JEMPOLMU","IAT1810190941","PAID","NHO2018000007"),
("IATT190003285","NPRM18000017","DISC ITEM","1","33500","TUNJUKKAN JEMPOLMU","IAT1810190941","PAID","NHO2018000007"),
("IATT190003283","NPRM18000017","DISC ITEM","1","99500","TUNJUKKAN JEMPOLMU","IAT1810190941","PAID","NHO2018000007"),
("IATT190003287","NPRM18000017","DISC ITEM","1","38500","TUNJUKKAN JEMPOLMU","IAT1810190941","PAID","NHO2018000007"),
("IATT190003286","NPRM18000017","DISC ITEM","1","15000","TUNJUKKAN JEMPOLMU","IAT1810190941","PAID","NHO2018000007"),
("IATT190003289","NPRM18000017","DISC ITEM","1","15000","TUNJUKKAN JEMPOLMU","IAT1810190941","PAID","NHO2018000007"),
("IATT190003288","NPRM18000017","DISC ITEM","1","16000","TUNJUKKAN JEMPOLMU","IAT1810190941","PAID","NHO2018000007"),
("IATT190003290","NPRM18000017","DISC ITEM","1","18000","TUNJUKKAN JEMPOLMU","IAT1810190941","PAID","NHO2018000007"),
("IATT190003292","NPRM18000017","DISC ITEM","1","13500","TUNJUKKAN JEMPOLMU","IAT1810190941","PAID","NHO2018000007"),
("IATT190003293","NPRM18000017","DISC ITEM","1","35000","TUNJUKKAN JEMPOLMU","IAT1810190941","PAID","NHO2018000007"),
("IATT190003295","NPRM18000017","DISC ITEM","1","13500","TUNJUKKAN JEMPOLMU","IAT1810190941","PAID","NHO2018000007"),
("IATT190003294","NPRM18000017","DISC ITEM","1","35000","TUNJUKKAN JEMPOLMU","IAT1810190941","PAID","NHO2018000007"),
("IATT190003297","NPRM18000012","DISC ITEM","1","18000","eatigo 50%","IAT1810190941","PAID","NHO2018000007");



INSERT INTO pos_promotion_d VALUES("IATT190003282","NPRM18000017","DISC ITEM","1","1","193076","1","15000","IAT1810190941","PAID","NHO2018000007"),
("IATT190003282","NPRM18000017","DISC ITEM","1","1","193033","1","21000","IAT1810190941","PAID","NHO2018000007"),
("IATT190003282","NPRM18000017","DISC ITEM","1","1","193033","2","21000","IAT1810190941","PAID","NHO2018000007"),
("IATT190003284","NPRM18000017","DISC ITEM","1","1","193039","1","18000","IAT1810190941","PAID","NHO2018000007"),
("IATT190003284","NPRM18000017","DISC ITEM","1","1","193070","1","6500","IAT1810190941","PAID","NHO2018000007"),
("IATT190003285","NPRM18000017","DISC ITEM","1","1","193085","1","15000","IAT1810190941","PAID","NHO2018000007"),
("IATT190003285","NPRM18000017","DISC ITEM","1","1","193034","1","18500","IAT1810190941","PAID","NHO2018000007"),
("IATT190003283","NPRM18000017","DISC ITEM","1","1","193192","1","20000","IAT1810190941","PAID","NHO2018000007"),
("IATT190003283","NPRM18000017","DISC ITEM","1","1","193007","1","18500","IAT1810190941","PAID","NHO2018000007"),
("IATT190003283","NPRM18000017","DISC ITEM","1","1","193006","1","18500","IAT1810190941","PAID","NHO2018000007"),
("IATT190003283","NPRM18000017","DISC ITEM","1","1","193118","1","10000","IAT1810190941","PAID","NHO2018000007"),
("IATT190003283","NPRM18000017","DISC ITEM","1","1","193118","2","10000","IAT1810190941","PAID","NHO2018000007"),
("IATT190003283","NPRM18000017","DISC ITEM","1","1","193118","3","10000","IAT1810190941","PAID","NHO2018000007"),
("IATT190003283","NPRM18000017","DISC ITEM","1","1","193072","1","12500","IAT1810190941","PAID","NHO2018000007"),
("IATT190003287","NPRM18000017","DISC ITEM","1","1","193034","1","18500","IAT1810190941","PAID","NHO2018000007"),
("IATT190003287","NPRM18000017","DISC ITEM","1","1","193192","1","20000","IAT1810190941","PAID","NHO2018000007"),
("IATT190003286","NPRM18000017","DISC ITEM","1","1","193077","1","15000","IAT1810190941","PAID","NHO2018000007"),
("IATT190003289","NPRM18000017","DISC ITEM","1","1","193082","1","15000","IAT1810190941","PAID","NHO2018000007"),
("IATT190003288","NPRM18000017","DISC ITEM","1","1","193035","1","16000","IAT1810190941","PAID","NHO2018000007"),
("IATT190003290","NPRM18000017","DISC ITEM","1","1","193039","1","18000","IAT1810190941","PAID","NHO2018000007"),
("IATT190003292","NPRM18000017","DISC ITEM","1","1","193029","1","13500","IAT1810190941","PAID","NHO2018000007"),
("IATT190003293","NPRM18000017","DISC ITEM","1","1","193084","1","15000","IAT1810190941","PAID","NHO2018000007"),
("IATT190003293","NPRM18000017","DISC ITEM","1","1","193186","1","20000","IAT1810190941","PAID","NHO2018000007"),
("IATT190003295","NPRM18000017","DISC ITEM","1","1","193029","1","13500","IAT1810190941","PAID","NHO2018000007"),
("IATT190003294","NPRM18000017","DISC ITEM","1","1","193187","1","20000","IAT1810190941","PAID","NHO2018000007"),
("IATT190003294","NPRM18000017","DISC ITEM","1","1","193084","1","15000","IAT1810190941","PAID","NHO2018000007"),
("IATT190003297","NPRM18000012","DISC ITEM","1","1","193037","1","18000","IAT1810190941","PAID","NHO2018000007");



INSERT INTO pos_paymenttemp VALUES("IATT190003282","CASH","CASH","81400","100000","ISU000006","2019-10-18","","1","","CLOSED","IAT1810190941","NHO2018000007"),
("IATT190003284","CASH","CASH","26950","27000","ISU000006","2019-10-18","","1","","CLOSED","IAT1810190941","NHO2018000007"),
("IATT190003285","CASH","CASH","77550","100000","ISU000006","2019-10-18","","1","","CLOSED","IAT1810190941","NHO2018000007"),
("IATT190003283","CASH","CASH","164450","200000","ISU000006","2019-10-18","","1","","CLOSED","IAT1810190941","NHO2018000007"),
("IATT190003286","CASH","CASH","47300","100000","ISU000006","2019-10-18","","1","","CLOSED","IAT1810190941","NHO2018000007"),
("IATT190003287","CASH","CASH","42350","50000","ISU000006","2019-10-18","","1","","CLOSED","IAT1810190941","NHO2018000007"),
("IATT190003289","CASH","CASH","27500","30000","ISU000006","2019-10-18","","1","","CLOSED","IAT1810190941","NHO2018000007"),
("IATT190003291","CASH","CASH","55000","105000","ISU000006","2019-10-18","","1","","CLOSED","IAT1810190941","NHO2018000007"),
("IATT190003288","CASH","CASH","17600","20000","ISU000006","2019-10-18","","1","","CLOSED","IAT1810190941","NHO2018000007"),
("IATT190003290","CASH","CASH","19800","20000","ISU000006","2019-10-18","","1","","CLOSED","IAT1810190941","NHO2018000007"),
("IATT190003292","CASH","CASH","23650","100000","ISU000006","2019-10-18","","1","","CLOSED","IAT1810190941","NHO2018000007"),
("IATT190003293","CASH","CASH","71500","100000","ISU000006","2019-10-18","","1","","CLOSED","IAT1810190941","NHO2018000007"),
("IATT190003295","CASH","CASH","14850","15000","ISU000006","2019-10-18","","1","","CLOSED","IAT1810190941","NHO2018000007"),
("IATT190003296","CASH","OVO","22000","22000","ISU000006","2019-10-18","","1","","CLOSED","IAT1810190941","NHO2018000007"),
("IATT190003294","CASH","CASH","82500","100000","ISU000006","2019-10-18","","1","","CLOSED","IAT1810190941","NHO2018000007"),
("IATT190003297","CARD","DEBIT BCA","144100","144100","ISU000006","2019-10-18","","1","","CLOSED","IAT1810190941","NHO2018000007");



