INSERT INTO pos_itemtemp VALUES("IATT190001937","193009","191001","192001","40000","1","40000","0","40000","1","1","1","IAT1208191003","NHO2018000007","PAID","","193009"),
("IATT190001937","193034","191001","192005","37000","1","37000","0","37000","1","1","1","IAT1208191003","NHO2018000007","PAID","","193034"),
("IATT190001937","193082","191001","192001","30000","1","30000","0","30000","1","1","1","IAT1208191003","NHO2018000007","PAID","","193082"),
("IATT190001937","193071","191001","192012","18000","1","18000","0","18000","1","1","1","IAT1208191003","NHO2018000007","PAID","","193071"),
("IATT190001937","193047","191002","192010","10000","1","10000","0","10000","1","1","1","IAT1208191003","NHO2018000007","PAID","","193047"),
("IATT190001937","193046","191002","192010","10000","1","10000","0","10000","1","1","1","IAT1208191003","NHO2018000007","PAID","","193046"),
("IATT190001937","193055","191002","192010","17000","1","17000","0","17000","1","1","1","IAT1208191003","NHO2018000007","PAID","","193055"),
("IATT190001938","193006","191001","192001","37000","1","37000","0","37000","1","1","1","IAT1208191003","NHO2018000007","PAID","","193006"),
("IATT190001938","193030","191001","192004","27000","1","27000","0","27000","1","1","1","IAT1208191003","NHO2018000007","PAID","","193030"),
("IATT190001938","193032","191001","192004","30000","1","30000","0","30000","1","1","1","IAT1208191003","NHO2018000007","PAID","","193032"),
("IATT190001938","193047","191002","192010","10000","1","10000","0","10000","1","1","1","IAT1208191003","NHO2018000007","PAID","","193047"),
("IATT190001938","193046","191002","192010","10000","1","10000","0","10000","1","1","2","IAT1208191003","NHO2018000007","PAID","","193046"),
("IATT190001937","193084","191001","192001","30000","1","30000","0","30000","1","1","2","IAT1208191003","NHO2018000007","PAID","lvl 1","PEDAS"),
("IATT190001937","193024","191001","192003","30000","1","30000","0","30000","1","1","2","IAT1208191003","NHO2018000007","PAID","","193024"),
("IATT190001937","193071","191001","192012","18000","1","18000","0","18000","2","1","2","IAT1208191003","NHO2018000007","PAID","","193071"),
("IATT190001937","193047","191002","192010","10000","1","10000","0","10000","2","1","2","IAT1208191003","NHO2018000007","PAID","","193047"),
("IATT190001937","193047","191002","192010","10000","1","10000","0","10000","3","1","2","IAT1208191003","NHO2018000007","PAID","","193047"),
("IATT190001939","193084","191001","192001","30000","1","30000","0","30000","1","1","1","IAT1208191003","NHO2018000007","PAID","lvl 2","PEDAS"),
("IATT190001939","193010","191001","192001","40000","1","40000","0","40000","1","1","1","IAT1208191003","NHO2018000007","PAID","","193010"),
("IATT190001939","193047","191002","192010","10000","1","10000","0","10000","1","1","1","IAT1208191003","NHO2018000007","PAID","","193047"),
("IATT190001940","193033","191001","192005","42000","1","42000","0","42000","1","1","1","IAT1208191003","NHO2018000007","PAID","","193033"),
("IATT190001940","193047","191002","192010","10000","1","10000","0","10000","1","1","1","IAT1208191003","NHO2018000007","PAID","","193047"),
("IATT190001941","193069","191001","192012","13000","1","13000","0","13000","1","1","1","IAT1208191003","NHO2018000007","PAID","","193069"),
("IATT190001941","193054","191002","192010","20000","1","20000","0","20000","1","1","1","IAT1208191003","NHO2018000007","PAID","no sugar","193054"),
("IATT190001942","193083","191001","192001","30000","1","30000","0","30000","1","1","1","IAT1208191003","NHO2018000007","PAID","","193083"),
("IATT190001942","193046","191002","192010","10000","1","10000","0","10000","1","1","1","IAT1208191003","NHO2018000007","PAID","","193046"),
("IATT190001943","193015","191001","192002","33000","1","33000","0","33000","1","1","1","IAT1208191003","NHO2018000007","PAID","no daun bawang","ORIGINAL"),
("IATT190001943","193055","191002","192010","17000","1","17000","0","17000","1","1","1","IAT1208191003","NHO2018000007","PAID","","193055"),
("IATT190001944","193015","191001","192002","33000","1","33000","0","33000","1","1","1","IAT1208191003","NHO2018000007","PAID","","ORIGINAL"),
("IATT190001944","193080","191001","192002","33000","1","33000","0","33000","1","1","1","IAT1208191003","NHO2018000007","PAID","","ORIGINAL"),
("IATT190001944","193055","191002","192010","17000","1","17000","0","17000","1","1","1","IAT1208191003","NHO2018000007","PAID","","193055"),
("IATT190001944","193056","191002","192010","17000","1","17000","0","17000","1","1","1","IAT1208191003","NHO2018000007","PAID","","193056"),
("IATT190001945","193084","191001","192001","30000","1","30000","0","30000","1","1","1","IAT1208191003","NHO2018000007","PAID","","PEDAS"),
("IATT190001945","193077","191001","192001","30000","1","30000","0","30000","1","1","1","IAT1208191003","NHO2018000007","PAID","","193077"),
("IATT190001945","193055","191002","192010","17000","1","17000","0","17000","1","1","1","IAT1208191003","NHO2018000007","PAID","","193055"),
("IATT190001945","193056","191002","192010","17000","1","17000","0","17000","1","1","1","IAT1208191003","NHO2018000007","PAID","","193056"),
("IATT190001946","193038","191001","192006","36000","1","36000","0","36000","1","1","1","IAT1208191003","NHO2018000007","PAID","pedas sedang","PEDAS"),
("IATT190001947","193076","191001","192001","30000","1","30000","0","30000","1","1","1","IAT1208191003","NHO2018000007","PAID","lvl 2","193076"),
("IATT190001947","193055","191002","192010","17000","1","17000","0","17000","1","1","1","IAT1208191003","NHO2018000007","PAID","","193055"),
("IATT190001948","193079","191001","192001","30000","1","30000","9000","21000","1","1","1","IAT1208191003","NHO2018000007","PAID","","193079"),
("IATT190001948","193078","191001","192001","30000","1","30000","9000","21000","1","1","1","IAT1208191003","NHO2018000007","PAID","","PEDAS"),
("IATT190001948","193047","191002","192010","10000","1","10000","0","10000","1","1","1","IAT1208191003","NHO2018000007","PAID","","193047"),
("IATT190001948","193047","191002","192010","10000","1","10000","0","10000","2","1","1","IAT1208191003","NHO2018000007","PAID","","193047"),
("IATT190001948","193050","191002","192010","20000","1","20000","0","20000","1","1","1","IAT1208191003","NHO2018000007","PAID","","193050"),
("IATT190001949","193100","191001","192014","74000","1","74000","0","74000","1","1","1","IAT1208191003","NHO2018000007","PAID","","193100"),
("IATT190001949","193078","191001","192001","30000","1","30000","0","30000","1","1","1","IAT1208191003","NHO2018000007","PAID","","PEDAS"),
("IATT190001949","193011","191001","192001","40000","1","40000","0","40000","1","1","1","IAT1208191003","NHO2018000007","PAID","","PEDAS"),
("IATT190001949","193056","191002","192010","17000","1","17000","0","17000","1","1","1","IAT1208191003","NHO2018000007","PAID","","193056"),
("IATT190001949","193055","191002","192010","17000","1","17000","0","17000","1","1","1","IAT1208191003","NHO2018000007","PAID","","193055"),
("IATT190001949","193055","191002","192010","17000","1","17000","0","17000","2","1","1","IAT1208191003","NHO2018000007","PAID","","193055"),
("IATT190001950","193102","191001","192014","74000","1","74000","0","74000","1","1","1","IAT1208191003","NHO2018000007","PAID","ramen chicken","193102"),
("IATT190001951","193034","191001","192005","37000","1","37000","0","37000","1","1","1","IAT1208191003","NHO2018000007","PAID","","193034"),
("IATT190001951","193011","191001","192001","40000","1","40000","0","40000","1","1","1","IAT1208191003","NHO2018000007","PAID","","PEDAS"),
("IATT190001951","193011","191001","192001","40000","1","40000","0","40000","2","1","1","IAT1208191003","NHO2018000007","PAID","","PEDAS"),
("IATT190001951","193047","191002","192010","10000","1","10000","0","10000","1","1","1","IAT1208191003","NHO2018000007","PAID","","193047"),
("IATT190001951","193047","191002","192010","10000","1","10000","0","10000","2","1","1","IAT1208191003","NHO2018000007","PAID","","193047"),
("IATT190001951","193047","191002","192010","10000","1","10000","0","10000","3","1","1","IAT1208191003","NHO2018000007","PAID","","193047"),
("IATT190001952","193011","191001","192001","40000","1","40000","12000","28000","1","1","1","IAT1208191003","NHO2018000007","PAID","lv 2\n1 no sayur","PEDAS"),
("IATT190001952","193011","191001","192001","40000","1","40000","12000","28000","2","1","1","IAT1208191003","NHO2018000007","PAID","","PEDAS"),
("IATT190001952","193047","191002","192010","10000","1","10000","0","10000","1","1","1","IAT1208191003","NHO2018000007","PAID","","193047"),
("IATT190001952","193047","191002","192010","10000","1","10000","0","10000","2","1","1","IAT1208191003","NHO2018000007","PAID","","193047"),
("IATT190001948","193011","191001","192001","40000","1","40000","12000","28000","1","1","2","IAT1208191003","NHO2018000007","PAID","chicken","PEDAS"),
("IATT190001953","193100","191001","192014","74000","1","74000","0","74000","1","1","1","IAT1208191003","NHO2018000007","PAID","yakimesi eby fry","193100"),
("IATT190001954","193077","191001","192001","30000","1","30000","0","30000","1","1","1","IAT1208191003","NHO2018000007","PAID","","193077"),
("IATT190001954","193046","191002","192010","10000","1","10000","0","10000","1","1","1","IAT1208191003","NHO2018000007","PAID","","193046"),
("IATT190001955","193046","191002","192010","10000","1","10000","0","10000","1","1","1","IAT1208191003","NHO2018000007","PAID","","193046"),
("IATT190001955","193047","191002","192010","10000","1","10000","0","10000","1","1","1","IAT1208191003","NHO2018000007","PAID","","193047"),
("IATT190001955","193076","191001","192001","30000","1","30000","0","30000","1","1","1","IAT1208191003","NHO2018000007","PAID","","193076"),
("IATT190001955","193076","191001","192001","30000","1","30000","0","30000","2","1","1","IAT1208191003","NHO2018000007","PAID","","193076");



INSERT INTO pos_salestemp VALUES("IATT190001936","","1","10000","0","0","0","0","0","12/08/2019","10:24","12/08/2019","10:46:27","ISU000012","tbl0005","CANCELED","1","PERMINTAAN CUSTOMER","","","","","","IAT1208191003","NHO2018000007"),
("IATT190001937","","3","260000","0","26000","0","286000","286000","12/08/2019","12:07","2019-08-12","12:53:32","ISU000012","tbl0013","CLOSED","1","","IATR190001885","","","","","IAT1208191003","NHO2018000007"),
("IATT190001938","","1","114000","0","11400","0","125400","125400","12/08/2019","12:10","2019-08-12","12:59:52","ISU000012","tbl0012","CLOSED","1","","IATR190001886","","","","","IAT1208191003","NHO2018000007"),
("IATT190001939","","2","80000","0","8000","0","88000","100000","12/08/2019","12:36","2019-08-12","13:03:58","ISU000012","tbl0010","CLOSED","1","","IATR190001887","","","","","IAT1208191003","NHO2018000007"),
("IATT190001940","","1","52000","0","5200","0","57200","57200","12/08/2019","12:39","2019-08-12","13:12:37","ISU000012","tbl0011","CLOSED","1","","IATR190001888","","","","","IAT1208191003","NHO2018000007"),
("IATT190001941","","2","33000","0","3300","0","36300","100000","12/08/2019","14:12","2019-08-12","17:30:00","ISU000012","tbl0012","CLOSED","1","","IATR190001893","","","","","IAT1208191003","NHO2018000007"),
("IATT190001942","","1","40000","0","4000","0","44000","50000","12/08/2019","15:20","2019-08-12","15:54:29","ISU000011","tbl0011","CLOSED","1","","IATR190001889","","","","","IAT1208191003","NHO2018000007"),
("IATT190001943","","1","50000","0","5000","0","55000","55000","12/08/2019","15:57","2019-08-12","16:33:54","ISU000011","tbl0006","CLOSED","1","","IATR190001890","","","","","IAT1208191003","NHO2018000007"),
("IATT190001944","","2","100000","0","10000","0","110000","110000","12/08/2019","15:57","2019-08-12","16:40:55","ISU000011","tbl0010","CLOSED","1","","IATR190001891","","","","","IAT1208191003","NHO2018000007"),
("IATT190001945","","2","94000","0","9400","0","103400","104000","12/08/2019","16:04","2019-08-12","17:09:03","ISU000012","tbl0011","CLOSED","1","","IATR190001892","","","","","IAT1208191003","NHO2018000007"),
("IATT190001946","","1","36000","0","3600","0","39600","50000","12/08/2019","16:39","2019-08-12","17:36:08","ISU000012","tbl0019","CLOSED","1","","IATR190001894","","","","","IAT1208191003","NHO2018000007"),
("IATT190001947","","1","47000","0","4700","0","51700","55000","12/08/2019","17:26","2019-08-12","17:50:29","ISU000012","tbl0011","CLOSED","1","","IATR190001895","","","","","IAT1208191003","NHO2018000007"),
("IATT190001948","","2","140000","30000","11000","0","121000","122000","12/08/2019","18:05","2019-08-12","19:27:55","ISU000011","tbl0010","CLOSED","1","","IATR190001899","","","","","IAT1208191003","NHO2018000007"),
("IATT190001949","","2","195000","0","19500","0","214500","250000","12/08/2019","18:11","2019-08-12","19:06:02","ISU000011","tbl0012","CLOSED","1","","IATR190001896","","","","","IAT1208191003","NHO2018000007"),
("IATT190001950","","2","74000","0","7400","0","81400","100000","12/08/2019","18:34","2019-08-12","19:52:29","ISU000011","tbl0013","CLOSED","1","","IATR190001901","","","","","IAT1208191003","NHO2018000007"),
("IATT190001951","","3","147000","0","14700","0","161700","161700","12/08/2019","18:38","2019-08-12","19:16:13","ISU000011","tbl0019","CLOSED","1","","IATR190001897","","","","","IAT1208191003","NHO2018000007"),
("IATT190001952","","2","100000","24000","7600","0","83600","83600","12/08/2019","18:38","2019-08-12","19:21:11","ISU000011","tbl0011","CLOSED","1","","IATR190001898","","","","","IAT1208191003","NHO2018000007"),
("IATT190001953","","2","74000","0","7400","0","81400","100000","12/08/2019","18:53","2019-08-12","19:39:26","ISU000011","tbl0004","CLOSED","1","","IATR190001900","","","","","IAT1208191003","NHO2018000007"),
("IATT190001954","","1","40000","0","4000","0","44000","44000","12/08/2019","20:17","2019-08-12","21:19:05","ISU000011","tbl0010","CLOSED","1","","IATR190001902","","","","","IAT1208191003","NHO2018000007"),
("IATT190001955","","2","80000","0","8000","0","88000","88000","12/08/2019","20:52","2019-08-12","21:26:15","ISU000011","tbl0011","CLOSED","1","","IATR190001903","","","","","IAT1208191003","NHO2018000007");



INSERT INTO item_void VALUES("IATT190001948","IAT1208191003","NHO2018000007","193079","193079","1","30000","Before Send","Salah Order");



INSERT INTO pos_promotion_h VALUES("IATT190001952","NPRM18000008","DISC ITEM","1","24000","eatigo 30%","IAT1208191003","PAID","NHO2018000007"),
("IATT190001948","NPRM18000008","DISC ITEM","1","30000","eatigo 30%","IAT1208191003","PAID","NHO2018000007");



INSERT INTO pos_promotion_d VALUES("IATT190001952","NPRM18000008","DISC ITEM","1","1","193011","1","12000","IAT1208191003","PAID","NHO2018000007"),
("IATT190001952","NPRM18000008","DISC ITEM","1","1","193011","2","12000","IAT1208191003","PAID","NHO2018000007"),
("IATT190001948","NPRM18000008","DISC ITEM","1","1","193079","1","9000","IAT1208191003","PAID","NHO2018000007"),
("IATT190001948","NPRM18000008","DISC ITEM","1","1","193078","1","9000","IAT1208191003","PAID","NHO2018000007"),
("IATT190001948","NPRM18000008","DISC ITEM","1","1","193011","1","12000","IAT1208191003","PAID","NHO2018000007");



INSERT INTO pos_paymenttemp VALUES("IATT190001937","VOUCHER","TRAVELOKA EATS 100K","100000","100000","ISU000012","2019-08-12","","1","","CLOSED","IAT1208191003","NHO2018000007"),
("IATT190001937","VOUCHER","TRAVELOKA EATS 100K","100000","100000","ISU000012","2019-08-12","","1","","CLOSED","IAT1208191003","NHO2018000007"),
("IATT190001937","CARD","DEBIT BCA","86000","86000","ISU000012","2019-08-12","","1","","CLOSED","IAT1208191003","NHO2018000007"),
("IATT190001938","CASH","OVO","125400","125400","ISU000012","2019-08-12","","1","","CLOSED","IAT1208191003","NHO2018000007"),
("IATT190001939","CASH","CASH","88000","100000","ISU000012","2019-08-12","","1","","CLOSED","IAT1208191003","NHO2018000007"),
("IATT190001940","CASH","OVO","57200","57200","ISU000012","2019-08-12","","1","","CLOSED","IAT1208191003","NHO2018000007"),
("IATT190001942","CASH","CASH","44000","50000","ISU000011","2019-08-12","","1","","CLOSED","IAT1208191003","NHO2018000007"),
("IATT190001943","CARD","MASTER","55000","55000","ISU000011","2019-08-12","","1","","CLOSED","IAT1208191003","NHO2018000007"),
("IATT190001944","CASH","CASH","110000","110000","ISU000011","2019-08-12","","1","","CLOSED","IAT1208191003","NHO2018000007"),
("IATT190001945","CASH","CASH","103400","104000","ISU000012","2019-08-12","","1","","CLOSED","IAT1208191003","NHO2018000007"),
("IATT190001941","CASH","CASH","36300","100000","ISU000012","2019-08-12","","1","","CLOSED","IAT1208191003","NHO2018000007"),
("IATT190001946","CASH","CASH","39600","50000","ISU000012","2019-08-12","","1","","CLOSED","IAT1208191003","NHO2018000007"),
("IATT190001947","CASH","CASH","51700","55000","ISU000012","2019-08-12","","1","","CLOSED","IAT1208191003","NHO2018000007"),
("IATT190001949","CASH","CASH","214500","250000","ISU000011","2019-08-12","","1","","CLOSED","IAT1208191003","NHO2018000007"),
("IATT190001951","CARD","VISA","161700","161700","ISU000011","2019-08-12","","1","","CLOSED","IAT1208191003","NHO2018000007"),
("IATT190001952","CARD","MASTER","83600","83600","ISU000011","2019-08-12","","1","","CLOSED","IAT1208191003","NHO2018000007"),
("IATT190001948","VOUCHER","VOUCHER EATIGO 100K","100000","100000","ISU000011","2019-08-12","","1","","CLOSED","IAT1208191003","NHO2018000007"),
("IATT190001948","CASH","CASH","21000","22000","ISU000011","2019-08-12","","1","","CLOSED","IAT1208191003","NHO2018000007"),
("IATT190001953","CASH","CASH","81400","100000","ISU000011","2019-08-12","","1","","CLOSED","IAT1208191003","NHO2018000007"),
("IATT190001950","CASH","CASH","81400","100000","ISU000011","2019-08-12","","1","","CLOSED","IAT1208191003","NHO2018000007"),
("IATT190001954","CASH","OVO","44000","44000","ISU000011","2019-08-12","","1","","CLOSED","IAT1208191003","NHO2018000007"),
("IATT190001955","CARD","VISA","88000","88000","ISU000011","2019-08-12","","1","","CLOSED","IAT1208191003","NHO2018000007");



