INSERT INTO pos_itemtemp VALUES("IATT200005262","193028","191001","192003","43000","1","43000","0","43000","1","1","1","IAT1002200940","NHO2018000007","PAID","","193028"),
("IATT200005262","193007","191001","192001","37000","1","37000","0","37000","1","1","1","IAT1002200940","NHO2018000007","PAID","","ORIGINAL"),
("IATT200005262","193069","191001","192012","13000","1","13000","0","13000","1","1","1","IAT1002200940","NHO2018000007","PAID","","193069"),
("IATT200005262","193054","191002","192010","20000","1","20000","0","20000","1","1","1","IAT1002200940","NHO2018000007","PAID","","193054"),
("IATT200005262","193055","191002","192010","17000","1","17000","0","17000","1","1","1","IAT1002200940","NHO2018000007","PAID","","193055"),
("IATT200005262","193049","191002","192010","10000","1","10000","0","10000","1","1","1","IAT1002200940","NHO2018000007","PAID","","193049"),
("IATT200005263","193084","191001","192001","30000","1","30000","0","30000","1","1","1","IAT1002200940","NHO2018000007","PAID","lvl1","PEDAS"),
("IATT200005263","193113","191001","192003","55000","1","55000","0","55000","1","1","1","IAT1002200940","NHO2018000007","PAID","","193113"),
("IATT200005263","193112","191001","192003","50000","1","50000","0","50000","1","1","1","IAT1002200940","NHO2018000007","PAID","","193112"),
("IATT200005263","193118","191001","192012","20000","1","20000","0","20000","1","1","1","IAT1002200940","NHO2018000007","PAID","","193118"),
("IATT200005263","193119","191001","192012","20000","1","20000","0","20000","1","1","1","IAT1002200940","NHO2018000007","PAID","","193119"),
("IATT200005263","193052","191002","192010","20000","1","20000","0","20000","1","1","1","IAT1002200940","NHO2018000007","PAID","","193052"),
("IATT200005263","193054","191002","192010","20000","1","20000","0","20000","1","1","1","IAT1002200940","NHO2018000007","PAID","","193054"),
("IATT200005263","193055","191002","192010","17000","1","17000","0","17000","1","1","1","IAT1002200940","NHO2018000007","PAID","","193055"),
("IATT200005263","193046","191002","192010","10000","1","10000","0","10000","1","1","1","IAT1002200940","NHO2018000007","PAID","","193046"),
("IATT200005263","193009","191001","192001","40000","1","40000","0","40000","1","1","2","IAT1002200940","NHO2018000007","PAID","","193009"),
("IATT200005263","193055","191002","192010","17000","1","17000","0","17000","2","1","2","IAT1002200940","NHO2018000007","PAID","","193055"),
("IATT200005263","193048","191002","192010","8000","1","8000","0","8000","1","1","3","IAT1002200940","NHO2018000007","PAID","","193048"),
("IATT200005264","193078","191001","192001","30000","1","30000","0","30000","1","1","1","IAT1002200940","NHO2018000007","PAID","","PEDAS"),
("IATT200005264","193232","191001","192011","0","1","0","0","0","1","1","1","IAT1002200940","NHO2018000007","PAID","","193232"),
("IATT200005264","193039","191001","192006","36000","1","36000","0","36000","1","1","1","IAT1002200940","NHO2018000007","PAID","","ORIGINAL"),
("IATT200005265","193078","191001","192001","30000","1","30000","0","30000","1","1","1","IAT1002200940","NHO2018000007","PAID","","PEDAS"),
("IATT200005265","193232","191001","192011","0","1","0","0","0","1","1","1","IAT1002200940","NHO2018000007","PAID","","193232"),
("IATT200005266","193112","191001","192003","50000","1","50000","0","50000","1","1","1","IAT1002200940","NHO2018000007","PAID","","193112"),
("IATT200005266","193114","191001","192006","42000","1","42000","0","42000","1","1","1","IAT1002200940","NHO2018000007","PAID","","193114"),
("IATT200005266","193071","191001","192012","18000","1","18000","0","18000","1","1","1","IAT1002200940","NHO2018000007","PAID","","193071"),
("IATT200005266","193070","191001","192012","13000","1","13000","0","13000","1","1","1","IAT1002200940","NHO2018000007","PAID","","193070"),
("IATT200005266","193054","191002","192010","20000","1","20000","0","20000","1","1","1","IAT1002200940","NHO2018000007","PAID","","193054"),
("IATT200005266","193046","191002","192010","10000","1","10000","0","10000","1","1","1","IAT1002200940","NHO2018000007","PAID","","193046"),
("IATT200005266","193048","191002","192010","8000","1","8000","0","8000","1","1","1","IAT1002200940","NHO2018000007","PAID","","193048"),
("IATT200005267","193083","191001","192001","30000","1","30000","0","30000","1","1","1","IAT1002200940","NHO2018000007","PAID","","193083"),
("IATT200005267","193231","191001","192011","0","1","0","0","0","1","1","1","IAT1002200940","NHO2018000007","PAID","","193231"),
("IATT200005267","193051","191002","192010","20000","1","20000","0","20000","1","1","1","IAT1002200940","NHO2018000007","PAID","","193051"),
("IATT200005266","193054","191002","192010","20000","1","20000","0","20000","2","1","2","IAT1002200940","NHO2018000007","PAID","","193054"),
("IATT200005268","193084","191001","192001","30000","1","30000","0","30000","1","1","1","IAT1002200940","NHO2018000007","PAID","","PEDAS"),
("IATT200005268","193118","191001","192012","20000","1","20000","0","20000","1","1","1","IAT1002200940","NHO2018000007","PAID","","193118"),
("IATT200005268","193069","191001","192012","13000","1","13000","0","13000","1","1","1","IAT1002200940","NHO2018000007","PAID","","193069"),
("IATT200005268","193029","191001","192004","27000","1","27000","0","27000","1","1","1","IAT1002200940","NHO2018000007","PAID","","193029"),
("IATT200005268","193030","191001","192004","27000","1","27000","0","27000","1","1","1","IAT1002200940","NHO2018000007","PAID","","193030"),
("IATT200005268","193056","191002","192010","17000","1","17000","0","17000","1","1","1","IAT1002200940","NHO2018000007","PAID","","193056"),
("IATT200005268","193047","191002","192010","10000","1","10000","0","10000","1","1","1","IAT1002200940","NHO2018000007","PAID","","193047"),
("IATT200005268","193046","191002","192010","10000","1","10000","0","10000","1","1","1","IAT1002200940","NHO2018000007","PAID","","193046"),
("IATT200005268","193069","191001","192012","13000","1","13000","0","13000","2","1","2","IAT1002200940","NHO2018000007","PAID","","193069"),
("IATT200005268","193024","191001","192003","30000","1","30000","0","30000","1","1","3","IAT1002200940","NHO2018000007","PAID","","193024"),
("IATT200005269","193084","191001","192001","30000","1","30000","0","30000","1","1","1","IAT1002200940","NHO2018000007","PAID","","PEDAS"),
("IATT200005269","193235","191001","192011","0","1","0","0","0","1","1","1","IAT1002200940","NHO2018000007","PAID","","193235"),
("IATT200005269","193055","191002","192010","17000","1","17000","0","17000","1","1","1","IAT1002200940","NHO2018000007","PAID","","193055"),
("IATT200005269","193055","191002","192010","17000","1","17000","0","17000","2","1","1","IAT1002200940","NHO2018000007","PAID","","193055"),
("IATT200005269","193069","191001","192012","13000","1","13000","0","13000","1","1","1","IAT1002200940","NHO2018000007","PAID","","193069"),
("IATT200005271","193082","191001","192001","30000","1","30000","0","30000","1","1","1","IAT1002200940","NHO2018000007","PAID","","193082"),
("IATT200005271","193237","191001","192011","0","1","0","0","0","1","1","1","IAT1002200940","NHO2018000007","PAID","","193237"),
("IATT200005271","193118","191001","192012","20000","1","20000","0","20000","1","1","1","IAT1002200940","NHO2018000007","PAID","","193118"),
("IATT200005271","193046","191002","192010","10000","1","10000","0","10000","1","1","1","IAT1002200940","NHO2018000007","PAID","","193046"),
("IATT200005271","193046","191002","192010","10000","1","10000","0","10000","2","1","1","IAT1002200940","NHO2018000007","PAID","","193046"),
("IATT200005272","193084","191001","192001","30000","1","30000","0","30000","1","1","1","IAT1002200940","NHO2018000007","PAID","","PEDAS"),
("IATT200005272","193232","191001","192011","0","1","0","0","0","1","1","1","IAT1002200940","NHO2018000007","PAID","","193232"),
("IATT200005272","193048","191002","192010","8000","1","8000","0","8000","1","1","1","IAT1002200940","NHO2018000007","PAID","","193048"),
("IATT200005272","193055","191002","192010","17000","1","17000","0","17000","1","1","1","IAT1002200940","NHO2018000007","PAID","","193055"),
("IATT200005273","193028","191001","192003","43000","1","43000","0","43000","1","1","1","IAT1002200940","NHO2018000007","PAID","pedes","193028"),
("IATT200005273","193048","191002","192010","8000","1","8000","0","8000","1","1","1","IAT1002200940","NHO2018000007","PAID","","193048"),
("IATT200005274","193027","191001","192003","43000","1","43000","0","43000","1","1","1","IAT1002200940","NHO2018000007","PAID","","193027"),
("IATT200005274","193019","191001","192002","40000","1","40000","0","40000","1","1","1","IAT1002200940","NHO2018000007","PAID","","PEDAS"),
("IATT200005274","193048","191002","192010","8000","1","8000","0","8000","1","1","1","IAT1002200940","NHO2018000007","PAID","","193048"),
("IATT200005274","193048","191002","192010","8000","1","8000","0","8000","2","1","1","IAT1002200940","NHO2018000007","PAID","","193048");



INSERT INTO pos_salestemp VALUES("IATT200005262","","2","140000","0","14000","0","154000","154000","10/02/2020","12:48","2020-02-10","13:43:07","ISU000006","tbl0011","CLOSED","1","","IATR200005120","","","","","IAT1002200940","NHO2018000007"),
("IATT200005263","","4","307000","0","30700","0","337700","337700","10/02/2020","13:39","2020-02-10","14:32:01","ISU000006","tbl0010","CLOSED","1","","IATR200005121","","","","","IAT1002200940","NHO2018000007"),
("IATT200005264","","2","66000","0","6600","0","72600","100000","10/02/2020","14:37","2020-02-10","15:35:19","ISU000006","tbl0012","CLOSED","1","","IATR200005123","","","","","IAT1002200940","NHO2018000007"),
("IATT200005265","","2","30000","0","3000","0","33000","50000","10/02/2020","15:26","2020-02-10","15:32:38","ISU000006","tbl0007","CLOSED","1","","IATR200005122","","","","","IAT1002200940","NHO2018000007"),
("IATT200005266","","2","181000","0","18100","0","199100","199100","10/02/2020","16:43","2020-02-10","17:27:42","ISU000004","tbl0011","CLOSED","1","","IATR200005124","","","","","IAT1002200940","NHO2018000007"),
("IATT200005267","","1","50000","0","5000","0","55000","100000","10/02/2020","17:05","2020-02-10","17:58:00","ISU000004","tbl0009","CLOSED","1","","IATR200005125","","","","","IAT1002200940","NHO2018000007"),
("IATT200005268","","4","197000","0","19700","0","216700","216700","10/02/2020","18:15","2020-02-10","18:51:39","ISU000004","tbl0012","CLOSED","1","","IATR200005126","","","","","IAT1002200940","NHO2018000007"),
("IATT200005269","","2","77000","0","7700","0","84700","84700","10/02/2020","18:40","2020-02-10","19:39:37","ISU000004","tbl0011","CLOSED","1","","IATR200005127","","","","","IAT1002200940","NHO2018000007"),
("IATT200005270","","1","0","0","0","0","0","0","10/02/2020","19:34","10/02/2020","19:34:13","ISU000004","tbl0010","CANCELED","1","PERMINTAAN CUSTOMER","","","","","","IAT1002200940","NHO2018000007"),
("IATT200005271","","2","70000","0","7000","0","77000","77000","10/02/2020","19:34","2020-02-10","20:13:31","ISU000004","tbl0010","CLOSED","1","","IATR200005128","","","","","IAT1002200940","NHO2018000007"),
("IATT200005272","","2","55000","0","5500","0","60500","100500","10/02/2020","20:09","2020-02-10","20:42:37","ISU000004","tbl0012","CLOSED","1","","IATR200005129","","","","","IAT1002200940","NHO2018000007"),
("IATT200005273","","1","51000","0","5100","0","56100","100000","10/02/2020","20:18","2020-02-10","20:50:55","ISU000004","tbl0005","CLOSED","1","","IATR200005130","","","","","IAT1002200940","NHO2018000007"),
("IATT200005274","","2","99000","0","9900","0","108900","110000","10/02/2020","20:39","2020-02-10","21:19:46","ISU000004","tbl0011","CLOSED","1","","IATR200005131","","","","","IAT1002200940","NHO2018000007");












INSERT INTO pos_paymenttemp VALUES("IATT200005262","CARD","DEBIT BCA","154000","154000","ISU000006","2020-02-10","","1","","CLOSED","IAT1002200940","NHO2018000007"),
("IATT200005263","CARD","MASTER","337700","337700","ISU000006","2020-02-10","","1","","CLOSED","IAT1002200940","NHO2018000007"),
("IATT200005265","CASH","CASH","33000","50000","ISU000006","2020-02-10","","1","","CLOSED","IAT1002200940","NHO2018000007"),
("IATT200005264","CASH","CASH","72600","100000","ISU000006","2020-02-10","","1","","CLOSED","IAT1002200940","NHO2018000007"),
("IATT200005266","CARD","MASTER","199100","199100","ISU000004","2020-02-10","","1","","CLOSED","IAT1002200940","NHO2018000007"),
("IATT200005267","CASH","CASH","55000","100000","ISU000004","2020-02-10","","1","","CLOSED","IAT1002200940","NHO2018000007"),
("IATT200005268","CARD","MASTER","216700","216700","ISU000004","2020-02-10","","1","","CLOSED","IAT1002200940","NHO2018000007"),
("IATT200005269","CARD","MASTER","84700","84700","ISU000004","2020-02-10","","1","","CLOSED","IAT1002200940","NHO2018000007"),
("IATT200005271","CARD","DEBIT BCA","77000","77000","ISU000004","2020-02-10","","1","","CLOSED","IAT1002200940","NHO2018000007"),
("IATT200005272","CASH","CASH","60500","100500","ISU000004","2020-02-10","","1","","CLOSED","IAT1002200940","NHO2018000007"),
("IATT200005273","CASH","CASH","56100","100000","ISU000004","2020-02-10","","1","","CLOSED","IAT1002200940","NHO2018000007"),
("IATT200005274","CASH","CASH","108900","110000","ISU000004","2020-02-10","","1","","CLOSED","IAT1002200940","NHO2018000007");



