INSERT INTO pos_itemtemp VALUES("IATT190002669","193084","191001","192001","30000","1","30000","15000","15000","1","1","1","IAT1809190926","NHO2018000007","PAID","","PEDAS"),
("IATT190002669","193078","191001","192001","30000","1","30000","15000","15000","1","1","1","IAT1809190926","NHO2018000007","PAID","","PEDAS"),
("IATT190002669","193047","191002","192010","10000","1","10000","0","10000","1","1","1","IAT1809190926","NHO2018000007","PAID","","193047"),
("IATT190002669","193035","191001","192006","32000","1","32000","16000","16000","1","1","2","IAT1809190926","NHO2018000007","PAID","","ORIGINAL"),
("IATT190002669","193054","191002","192010","20000","1","20000","0","20000","1","1","3","IAT1809190926","NHO2018000007","PAID","","193054"),
("IATT190002670","193038","191001","192006","36000","1","36000","18000","18000","1","1","1","IAT1809190926","NHO2018000007","PAID","","ORIGINAL"),
("IATT190002670","193056","191002","192010","17000","1","17000","0","17000","1","1","1","IAT1809190926","NHO2018000007","PAID","","193056"),
("IATT190002671","193012","191001","192001","40000","1","40000","20000","20000","1","1","1","IAT1809190926","NHO2018000007","PAID","","193012"),
("IATT190002671","193049","191002","192010","10000","1","10000","0","10000","1","1","2","IAT1809190926","NHO2018000007","PAID","","193049"),
("IATT190002672","193047","191002","192010","10000","1","10000","0","10000","1","1","1","IAT1809190926","NHO2018000007","PAID","","193047"),
("IATT190002672","193056","191002","192010","17000","1","17000","0","17000","1","1","1","IAT1809190926","NHO2018000007","PAID","","193056"),
("IATT190002672","193053","191002","192010","20000","1","20000","0","20000","1","1","1","IAT1809190926","NHO2018000007","PAID","","193053"),
("IATT190002672","193084","191001","192001","30000","1","30000","15000","15000","1","1","1","IAT1809190926","NHO2018000007","PAID","level 2","PEDAS"),
("IATT190002673","193076","191001","192001","30000","1","30000","0","30000","1","1","1","IAT1809190926","NHO2018000007","PAID","","193076"),
("IATT190002673","193027","191001","192003","43000","1","43000","0","43000","1","1","1","IAT1809190926","NHO2018000007","PAID","","193027"),
("IATT190002673","193047","191002","192010","10000","1","10000","0","10000","1","1","1","IAT1809190926","NHO2018000007","PAID","","193047"),
("IATT190002673","193046","191002","192010","10000","1","10000","0","10000","1","1","1","IAT1809190926","NHO2018000007","PAID","","193046"),
("IATT190002673","193047","191002","192010","10000","1","10000","0","10000","2","1","2","IAT1809190926","NHO2018000007","PAID","","193047"),
("IATT190002674","193015","191001","192002","33000","1","33000","0","33000","1","1","1","IAT1809190926","NHO2018000007","PAID","","ORIGINAL"),
("IATT190002674","193046","191002","192010","10000","1","10000","0","10000","1","1","1","IAT1809190926","NHO2018000007","PAID","","193046"),
("IATT190002675","193022","191001","192003","30000","1","30000","0","30000","1","1","1","IAT1809190926","NHO2018000007","PAID","","193022"),
("IATT190002675","193078","191001","192001","30000","1","30000","15000","15000","1","1","1","IAT1809190926","NHO2018000007","PAID","","PEDAS"),
("IATT190002676","193024","191001","192003","30000","1","30000","0","30000","1","1","1","IAT1809190926","NHO2018000007","PAID","","193024"),
("IATT190002676","193046","191002","192010","10000","1","10000","0","10000","1","1","1","IAT1809190926","NHO2018000007","PAID","","193046"),
("IATT190002677","193035","191001","192006","32000","1","32000","16000","16000","1","1","1","IAT1809190926","NHO2018000007","PAID","","PEDAS"),
("IATT190002677","193055","191002","192010","17000","1","17000","0","17000","1","1","1","IAT1809190926","NHO2018000007","PAID","","193055"),
("IATT190002677","193055","191002","192010","17000","1","17000","0","17000","2","1","1","IAT1809190926","NHO2018000007","PAID","","193055"),
("IATT190002677","193019","191001","192002","40000","1","40000","20000","20000","1","1","1","IAT1809190926","NHO2018000007","PAID","","PEDAS"),
("IATT190002678","193084","191001","192001","30000","1","30000","15000","15000","1","1","1","IAT1809190926","NHO2018000007","PAID","level 3","PEDAS"),
("IATT190002678","193009","191001","192001","40000","1","40000","20000","20000","1","1","1","IAT1809190926","NHO2018000007","PAID","level 1","193009"),
("IATT190002678","193035","191001","192006","32000","1","32000","16000","16000","1","1","1","IAT1809190926","NHO2018000007","PAID","","PEDAS"),
("IATT190002678","193055","191002","192010","17000","1","17000","0","17000","1","1","1","IAT1809190926","NHO2018000007","PAID","","193055"),
("IATT190002678","193047","191002","192010","10000","1","10000","0","10000","1","1","1","IAT1809190926","NHO2018000007","PAID","","193047"),
("IATT190002678","193056","191002","192010","17000","1","17000","0","17000","1","1","1","IAT1809190926","NHO2018000007","PAID","","193056"),
("IATT190002678","193056","191002","192010","17000","1","17000","0","17000","2","1","1","IAT1809190926","NHO2018000007","PAID","","193056"),
("IATT190002678","193048","191002","192010","8000","1","8000","0","8000","1","1","1","IAT1809190926","NHO2018000007","PAID","","193048"),
("IATT190002678","193053","191002","192010","20000","1","20000","0","20000","1","1","2","IAT1809190926","NHO2018000007","PAID","","193053"),
("IATT190002678","193048","191002","192010","8000","1","8000","0","8000","2","1","3","IAT1809190926","NHO2018000007","PAID","","193048"),
("IATT190002679","193018","191001","192002","37000","1","37000","18500","18500","1","1","1","IAT1809190926","NHO2018000007","PAID","","PEDAS"),
("IATT190002679","193005","191001","192001","37000","1","37000","18500","18500","1","1","1","IAT1809190926","NHO2018000007","PAID","cabe pisah","193005"),
("IATT190002679","193054","191002","192010","20000","1","20000","0","20000","1","1","1","IAT1809190926","NHO2018000007","PAID","","193054"),
("IATT190002679","193055","191002","192010","17000","1","17000","0","17000","1","1","1","IAT1809190926","NHO2018000007","PAID","","193055");



INSERT INTO pos_salestemp VALUES("IATT190002669","","3","122000","46000","7600","0","83600","100600","18/09/2019","13:13","2019-09-18","14:00:14","ISU000012","tbl0012","CLOSED","1","","IATR190002591","","","","","IAT1809190926","NHO2018000007"),
("IATT190002670","","1","53000","18000","3500","0","38500","50000","18/09/2019","15:40","2019-09-18","16:15:38","ISU000012","tbl0013","CLOSED","1","","IATR190002592","","","","","IAT1809190926","NHO2018000007"),
("IATT190002671","","1","50000","20000","3000","0","33000","33000","18/09/2019","17:01","2019-09-18","17:43:50","ISU000012","tbl0001","CLOSED","1","","IATR190002593","","","","","IAT1809190926","NHO2018000007"),
("IATT190002672","","2","77000","15000","6200","0","68200","100000","18/09/2019","17:47","2019-09-18","18:13:33","ISU000012","tbl0012","CLOSED","1","","IATR190002594","","","","","IAT1809190926","NHO2018000007"),
("IATT190002673","","2","103000","0","10300","0","113300","150000","18/09/2019","17:58","2019-09-18","18:37:18","ISU000012","tbl0011","CLOSED","1","","IATR190002595","","","","","IAT1809190926","NHO2018000007"),
("IATT190002674","","1","43000","0","4300","0","47300","50000","18/09/2019","18:39","2019-09-18","19:15:12","ISU000012","tbl0012","CLOSED","1","","IATR190002597","","","","","IAT1809190926","NHO2018000007"),
("IATT190002675","","2","60000","15000","4500","0","49500","100000","18/09/2019","18:41","2019-09-18","19:12:24","ISU000012","tbl0010","CLOSED","1","","IATR190002596","","","","","IAT1809190926","NHO2018000007"),
("IATT190002676","","1","40000","0","4000","0","44000","50000","18/09/2019","18:56","2019-09-18","19:29:23","ISU000012","tbl0004","CLOSED","1","","IATR190002598","","","","","IAT1809190926","NHO2018000007"),
("IATT190002677","","2","106000","36000","7000","0","77000","77000","18/09/2019","19:28","2019-09-18","20:42:46","ISU000012","tbl0011","CLOSED","1","","IATR190002599","","","","","IAT1809190926","NHO2018000007"),
("IATT190002678","","3","199000","51000","14800","0","162800","200000","18/09/2019","19:36","2019-09-18","21:17:20","ISU000012","tbl0012","CLOSED","1","","IATR190002601","","","","","IAT1809190926","NHO2018000007"),
("IATT190002679","","2","111000","37000","7400","0","81400","100000","18/09/2019","20:14","2019-09-18","21:08:11","ISU000012","tbl0010","CLOSED","1","","IATR190002600","","","","","IAT1809190926","NHO2018000007");



INSERT INTO item_void VALUES("IATT190002669","IAT1809190926","NHO2018000007","193052","193052","1","20000","Before Send","Komplen Customer");



INSERT INTO pos_promotion_h VALUES("IATT190002669","NPRM18000017","DISC ITEM","1","46000","TUNJUKKAN JEMPOLMU","IAT1809190926","PAID","NHO2018000007"),
("IATT190002670","NPRM18000017","DISC ITEM","1","18000","TUNJUKKAN JEMPOLMU","IAT1809190926","PAID","NHO2018000007"),
("IATT190002671","NPRM18000017","DISC ITEM","1","20000","TUNJUKKAN JEMPOLMU","IAT1809190926","PAID","NHO2018000007"),
("IATT190002672","NPRM18000017","DISC ITEM","1","15000","TUNJUKKAN JEMPOLMU","IAT1809190926","PAID","NHO2018000007"),
("IATT190002675","NPRM18000017","DISC ITEM","1","15000","TUNJUKKAN JEMPOLMU","IAT1809190926","PAID","NHO2018000007"),
("IATT190002677","NPRM18000017","DISC ITEM","1","36000","TUNJUKKAN JEMPOLMU","IAT1809190926","PAID","NHO2018000007"),
("IATT190002679","NPRM18000017","DISC ITEM","1","37000","TUNJUKKAN JEMPOLMU","IAT1809190926","PAID","NHO2018000007"),
("IATT190002678","NPRM18000017","DISC ITEM","1","51000","TUNJUKKAN JEMPOLMU","IAT1809190926","PAID","NHO2018000007");



INSERT INTO pos_promotion_d VALUES("IATT190002669","NPRM18000017","DISC ITEM","1","1","193084","1","15000","IAT1809190926","PAID","NHO2018000007"),
("IATT190002669","NPRM18000017","DISC ITEM","1","1","193078","1","15000","IAT1809190926","PAID","NHO2018000007"),
("IATT190002669","NPRM18000017","DISC ITEM","1","1","193035","1","16000","IAT1809190926","PAID","NHO2018000007"),
("IATT190002670","NPRM18000017","DISC ITEM","1","1","193038","1","18000","IAT1809190926","PAID","NHO2018000007"),
("IATT190002671","NPRM18000017","DISC ITEM","1","1","193012","1","20000","IAT1809190926","PAID","NHO2018000007"),
("IATT190002672","NPRM18000017","DISC ITEM","1","1","193084","1","15000","IAT1809190926","PAID","NHO2018000007"),
("IATT190002675","NPRM18000017","DISC ITEM","1","1","193078","1","15000","IAT1809190926","PAID","NHO2018000007"),
("IATT190002677","NPRM18000017","DISC ITEM","1","1","193035","1","16000","IAT1809190926","PAID","NHO2018000007"),
("IATT190002677","NPRM18000017","DISC ITEM","1","1","193019","1","20000","IAT1809190926","PAID","NHO2018000007"),
("IATT190002679","NPRM18000017","DISC ITEM","1","1","193018","1","18500","IAT1809190926","PAID","NHO2018000007"),
("IATT190002679","NPRM18000017","DISC ITEM","1","1","193005","1","18500","IAT1809190926","PAID","NHO2018000007"),
("IATT190002678","NPRM18000017","DISC ITEM","1","1","193084","1","15000","IAT1809190926","PAID","NHO2018000007"),
("IATT190002678","NPRM18000017","DISC ITEM","1","1","193009","1","20000","IAT1809190926","PAID","NHO2018000007"),
("IATT190002678","NPRM18000017","DISC ITEM","1","1","193035","1","16000","IAT1809190926","PAID","NHO2018000007");



INSERT INTO pos_paymenttemp VALUES("IATT190002669","CASH","CASH","83600","100600","ISU000012","2019-09-18","","1","","CLOSED","IAT1809190926","NHO2018000007"),
("IATT190002670","CASH","CASH","38500","50000","ISU000012","2019-09-18","","1","","CLOSED","IAT1809190926","NHO2018000007"),
("IATT190002671","CARD","MASTER","33000","33000","ISU000012","2019-09-18","","1","","CLOSED","IAT1809190926","NHO2018000007"),
("IATT190002672","CASH","CASH","68200","100000","ISU000012","2019-09-18","","1","","CLOSED","IAT1809190926","NHO2018000007"),
("IATT190002673","CASH","CASH","113300","150000","ISU000012","2019-09-18","","1","","CLOSED","IAT1809190926","NHO2018000007"),
("IATT190002675","CASH","CASH","49500","100000","ISU000012","2019-09-18","","1","","CLOSED","IAT1809190926","NHO2018000007"),
("IATT190002674","CASH","CASH","47300","50000","ISU000012","2019-09-18","","1","","CLOSED","IAT1809190926","NHO2018000007"),
("IATT190002676","CASH","CASH","44000","50000","ISU000012","2019-09-18","","1","","CLOSED","IAT1809190926","NHO2018000007"),
("IATT190002677","CARD","DEBIT BCA","77000","77000","ISU000012","2019-09-18","","1","","CLOSED","IAT1809190926","NHO2018000007"),
("IATT190002679","CASH","CASH","81400","100000","ISU000012","2019-09-18","","1","","CLOSED","IAT1809190926","NHO2018000007"),
("IATT190002678","CASH","CASH","162800","200000","ISU000012","2019-09-18","","1","","CLOSED","IAT1809190926","NHO2018000007");



