INSERT INTO pos_itemtemp VALUES("IATT190000725","193049","191002","192010","10000","1","10000","0","10000","1","1","1","IAT1306191030","NHO2018000007","PAID","","193049"),
("IATT190000725","193002","191001","192001","30000","1","30000","0","30000","1","1","1","IAT1306191030","NHO2018000007","PAID","beef","193002"),
("IATT190000726","193001","191001","192001","30000","1","30000","0","30000","1","1","1","IAT1306191030","NHO2018000007","PAID","chiken","193001"),
("IATT190000726","193002","191001","192001","30000","1","30000","0","30000","1","1","1","IAT1306191030","NHO2018000007","PAID","beef","193002"),
("IATT190000726","193024","191001","192003","30000","1","30000","0","30000","1","1","1","IAT1306191030","NHO2018000007","PAID","","193024"),
("IATT190000726","193003","191001","192001","30000","1","30000","0","30000","1","1","1","IAT1306191030","NHO2018000007","PAID","beef,level 1","PEDAS"),
("IATT190000726","193048","191002","192010","8000","1","8000","0","8000","1","1","1","IAT1306191030","NHO2018000007","PAID","","193048"),
("IATT190000726","193047","191002","192010","8000","1","8000","0","8000","1","1","1","IAT1306191030","NHO2018000007","PAID","","193047"),
("IATT190000726","193047","191002","192010","8000","1","8000","0","8000","2","1","1","IAT1306191030","NHO2018000007","PAID","","193047"),
("IATT190000726","193047","191002","192010","8000","1","8000","0","8000","3","1","1","IAT1306191030","NHO2018000007","PAID","","193047"),
("IATT190000727","193011","191001","192001","40000","1","40000","0","40000","1","1","1","IAT1306191030","NHO2018000007","PAID","","PEDAS"),
("IATT190000727","193009","191001","192001","40000","1","40000","0","40000","1","1","1","IAT1306191030","NHO2018000007","PAID","","193009"),
("IATT190000727","193047","191002","192010","8000","1","8000","0","8000","1","1","1","IAT1306191030","NHO2018000007","PAID","","193047"),
("IATT190000727","193048","191002","192010","8000","1","8000","0","8000","1","1","1","IAT1306191030","NHO2018000007","PAID","","193048"),
("IATT190000728","193003","191001","192001","30000","1","30000","0","30000","1","1","1","IAT1306191030","NHO2018000007","PAID","chiken,jangan terlalu pedes","PEDAS"),
("IATT190000728","193047","191002","192010","8000","1","8000","0","8000","1","1","1","IAT1306191030","NHO2018000007","PAID","","193047"),
("IATT190000728","193029","191001","192004","27000","1","27000","0","27000","1","1","2","IAT1306191030","NHO2018000007","PAID","","193029"),
("IATT190000729","193015","191001","192002","33000","1","33000","0","33000","1","1","1","IAT1306191030","NHO2018000007","PAID","","ORIGINAL"),
("IATT190000729","193047","191002","192010","8000","1","8000","0","8000","1","1","1","IAT1306191030","NHO2018000007","PAID","","193047"),
("IATT190000729","193024","191001","192003","30000","1","30000","0","30000","1","1","1","IAT1306191030","NHO2018000007","PAID","","193024"),
("IATT190000729","193053","191002","192010","20000","1","20000","0","20000","1","1","1","IAT1306191030","NHO2018000007","PAID","","193053"),
("IATT190000730","193027","191001","192003","43000","1","43000","0","43000","1","1","1","IAT1306191030","NHO2018000007","PAID","","193027"),
("IATT190000730","193048","191002","192010","8000","1","8000","0","8000","1","1","1","IAT1306191030","NHO2018000007","PAID","","193048"),
("IATT190000731","193055","191002","192010","17000","1","17000","0","17000","1","1","1","IAT1306191030","NHO2018000007","PAID","","193055"),
("IATT190000731","193001","191001","192001","30000","1","30000","0","30000","1","1","1","IAT1306191030","NHO2018000007","PAID","beef","193001"),
("IATT190000731","193001","191001","192001","30000","1","30000","0","30000","2","1","1","IAT1306191030","NHO2018000007","PAID","","193001"),
("IATT190000731","193056","191002","192010","17000","1","17000","0","17000","1","1","1","IAT1306191030","NHO2018000007","PAID","","193056"),
("IATT190000732","193001","191001","192001","30000","1","30000","0","30000","1","1","1","IAT1306191030","NHO2018000007","PAID","beef","193001"),
("IATT190000732","193046","191002","192010","8000","1","8000","0","8000","1","1","1","IAT1306191030","NHO2018000007","PAID","","193046"),
("IATT190000733","193002","191001","192001","30000","1","30000","0","30000","1","1","1","IAT1306191030","NHO2018000007","PAID","beef","193002"),
("IATT190000733","193052","191002","192010","20000","1","20000","0","20000","1","1","1","IAT1306191030","NHO2018000007","PAID","","193052"),
("IATT190000734","193024","191001","192003","30000","1","30000","0","30000","1","1","1","IAT1306191030","NHO2018000007","PAID","","193024"),
("IATT190000734","193049","191002","192010","10000","1","10000","0","10000","1","1","1","IAT1306191030","NHO2018000007","PAID","","193049");



INSERT INTO pos_salestemp VALUES("IATT190000725","","1","40000","0","4000","0","44000","50000","13/06/2019","11:03","2019-06-13","11:38:11","ISU000012","tbl0012","CLOSED","1","","IATR190000698","","","","","IAT1306191030","NHO2018000007"),
("IATT190000726","","3","152000","0","15200","0","167200","167200","13/06/2019","11:47","2019-06-13","12:14:04","ISU000012","tbl0012","CLOSED","1","","IATR190000699","","","","","IAT1306191030","NHO2018000007"),
("IATT190000727","","2","96000","0","9600","0","105600","105600","13/06/2019","12:16","2019-06-13","12:54:04","ISU000012","tbl0010","CLOSED","1","","IATR190000700","","","","","IAT1306191030","NHO2018000007"),
("IATT190000728","","1","65000","0","6500","0","71500","72000","13/06/2019","12:17","2019-06-13","12:55:26","ISU000012","tbl0021","CLOSED","1","","IATR190000701","","","","","IAT1306191030","NHO2018000007"),
("IATT190000729","","2","91000","0","9100","0","100100","100200","13/06/2019","13:35","2019-06-13","14:21:02","ISU000012","tbl0011","CLOSED","1","","IATR190000702","","","","","IAT1306191030","NHO2018000007"),
("IATT190000730","","1","51000","0","5100","0","56100","100000","13/06/2019","16:23","2019-06-13","16:47:24","ISU000012","tbl0012","CLOSED","1","","IATR190000703","","","","","IAT1306191030","NHO2018000007"),
("IATT190000731","","2","94000","0","9400","0","103400","105000","13/06/2019","17:07","2019-06-13","17:38:31","ISU000012","tbl0012","CLOSED","1","","IATR190000704","","","","","IAT1306191030","NHO2018000007"),
("IATT190000732","","1","38000","0","3800","0","41800","50000","13/06/2019","17:51","2019-06-13","18:22:38","ISU000012","tbl0011","CLOSED","1","","IATR190000705","","","","","IAT1306191030","NHO2018000007"),
("IATT190000733","","0","50000","0","5000","0","55000","100000","13/06/2019","18:05","2019-06-13","18:33:58","ISU000012","tbl0007","CLOSED","1","","IATR190000706","","","","","IAT1306191030","NHO2018000007"),
("IATT190000734","","1","40000","0","4000","0","44000","100000","13/06/2019","19:52","2019-06-13","20:12:02","ISU000012","tbl0010","CLOSED","1","","IATR190000707","","","","","IAT1306191030","NHO2018000007");












INSERT INTO pos_paymenttemp VALUES("IATT190000725","CASH","CASH","44000","50000","ISU000012","2019-06-13","","1","","CLOSED","IAT1306191030","NHO2018000007"),
("IATT190000726","CARD","VISA","167200","167200","ISU000012","2019-06-13","","1","","CLOSED","IAT1306191030","NHO2018000007"),
("IATT190000727","CARD","VISA","105600","105600","ISU000012","2019-06-13","","1","","CLOSED","IAT1306191030","NHO2018000007"),
("IATT190000728","CASH","CASH","71500","72000","ISU000012","2019-06-13","","1","","CLOSED","IAT1306191030","NHO2018000007"),
("IATT190000729","CASH","CASH","100100","100200","ISU000012","2019-06-13","","1","","CLOSED","IAT1306191030","NHO2018000007"),
("IATT190000730","CASH","CASH","56100","100000","ISU000012","2019-06-13","","1","","CLOSED","IAT1306191030","NHO2018000007"),
("IATT190000731","CASH","CASH","103400","105000","ISU000012","2019-06-13","","1","","CLOSED","IAT1306191030","NHO2018000007"),
("IATT190000732","CASH","CASH","41800","50000","ISU000012","2019-06-13","","1","","CLOSED","IAT1306191030","NHO2018000007"),
("IATT190000733","CASH","CASH","55000","100000","ISU000012","2019-06-13","","1","","CLOSED","IAT1306191030","NHO2018000007"),
("IATT190000734","CASH","CASH","44000","100000","ISU000012","2019-06-13","","1","","CLOSED","IAT1306191030","NHO2018000007");



