INSERT INTO pos_itemtemp VALUES("IATT190001878","193007","191001","192001","37000","1","37000","9250","27750","1","1","1","IAT1008191025","NHO2018000007","PAID","lv 2,lv 1","PEDAS"),
("IATT190001878","193074","191003","192011","0","1","0","0","0","1","1","1","IAT1008191025","NHO2018000007","PAID","","193074"),
("IATT190001878","193073","191003","192011","0","1","0","0","0","1","1","1","IAT1008191025","NHO2018000007","PAID","","193073"),
("IATT190001878","193055","191002","192010","17000","1","17000","0","17000","1","1","1","IAT1008191025","NHO2018000007","PAID","","193055"),
("IATT190001878","193055","191002","192010","17000","1","17000","0","17000","2","1","1","IAT1008191025","NHO2018000007","PAID","","193055"),
("IATT190001878","193007","191001","192001","37000","1","37000","9250","27750","2","1","2","IAT1008191025","NHO2018000007","PAID","jangan di buat","PEDAS"),
("IATT190001878","193048","191002","192010","8000","1","8000","0","8000","1","1","2","IAT1008191025","NHO2018000007","PAID","","193048"),
("IATT190001879","193006","191001","192001","37000","1","37000","9250","27750","1","1","1","IAT1008191025","NHO2018000007","PAID","","193006"),
("IATT190001879","193006","191001","192001","37000","1","37000","9250","27750","2","1","1","IAT1008191025","NHO2018000007","PAID","","193006"),
("IATT190001879","193070","191001","192012","13000","1","13000","0","13000","1","1","1","IAT1008191025","NHO2018000007","PAID","","193070"),
("IATT190001879","193052","191002","192010","20000","1","20000","0","20000","1","1","1","IAT1008191025","NHO2018000007","PAID","","193052"),
("IATT190001879","193049","191002","192010","10000","1","10000","0","10000","1","1","1","IAT1008191025","NHO2018000007","PAID","ice ","193049"),
("IATT190001879","193067","191001","192003","7000","1","7000","0","7000","1","1","1","IAT1008191025","NHO2018000007","PAID","","193067"),
("IATT190001880","193054","191002","192010","20000","1","20000","0","20000","1","1","1","IAT1008191025","NHO2018000007","PAID","","193054"),
("IATT190001880","193082","191001","192001","30000","1","30000","7500","22500","1","1","1","IAT1008191025","NHO2018000007","PAID","sambal pisahh","193082"),
("IATT190001881","193018","191001","192002","37000","1","37000","9250","27750","1","1","1","IAT1008191025","NHO2018000007","PAID","","ORIGINAL"),
("IATT190001881","193028","191001","192003","43000","1","43000","10750","32250","1","1","1","IAT1008191025","NHO2018000007","PAID","","193028"),
("IATT190001881","193046","191002","192010","10000","1","10000","0","10000","1","1","1","IAT1008191025","NHO2018000007","PAID","","193046"),
("IATT190001881","193047","191002","192010","10000","1","10000","0","10000","1","1","1","IAT1008191025","NHO2018000007","PAID","","193047"),
("IATT190001882","193010","191001","192001","40000","1","40000","20000","20000","1","1","1","IAT1008191025","NHO2018000007","PAID","cabe pisah","193010"),
("IATT190001882","193007","191001","192001","37000","1","37000","18500","18500","1","1","1","IAT1008191025","NHO2018000007","PAID","cabe pish","PEDAS"),
("IATT190001882","193046","191002","192010","10000","1","10000","0","10000","1","1","1","IAT1008191025","NHO2018000007","PAID","","193046"),
("IATT190001882","193047","191002","192010","10000","1","10000","0","10000","1","1","1","IAT1008191025","NHO2018000007","PAID","","193047"),
("IATT190001883","193084","191001","192001","30000","1","30000","0","30000","1","1","1","IAT1008191025","NHO2018000007","PAID","","PEDAS"),
("IATT190001883","193010","191001","192001","40000","1","40000","0","40000","1","1","1","IAT1008191025","NHO2018000007","PAID","","193010"),
("IATT190001883","193083","191001","192001","30000","1","30000","0","30000","1","1","1","IAT1008191025","NHO2018000007","PAID","","193083"),
("IATT190001883","193069","191001","192012","13000","1","13000","0","13000","1","1","1","IAT1008191025","NHO2018000007","PAID","","193069"),
("IATT190001883","193054","191002","192010","20000","1","20000","0","20000","1","1","1","IAT1008191025","NHO2018000007","PAID","","193054"),
("IATT190001883","193050","191002","192010","20000","1","20000","0","20000","1","1","1","IAT1008191025","NHO2018000007","PAID","","193050"),
("IATT190001885","193007","191001","192001","37000","1","37000","9250","27750","1","1","1","IAT1008191025","NHO2018000007","PAID","","PEDAS"),
("IATT190001885","193047","191002","192010","10000","1","10000","0","10000","1","1","1","IAT1008191025","NHO2018000007","PAID","","193047"),
("IATT190001885","193047","191002","192010","10000","1","10000","0","10000","2","1","1","IAT1008191025","NHO2018000007","PAID","","193047"),
("IATT190001885","193008","191001","192001","37000","1","37000","9250","27750","1","1","1","IAT1008191025","NHO2018000007","PAID","","193008"),
("IATT190001884","193033","191001","192005","42000","1","42000","21000","21000","1","1","1","IAT1008191025","NHO2018000007","PAID","","193033"),
("IATT190001884","193033","191001","192005","42000","1","42000","21000","21000","2","1","1","IAT1008191025","NHO2018000007","PAID","","193033"),
("IATT190001884","193072","191001","192012","25000","1","25000","12500","12500","1","1","1","IAT1008191025","NHO2018000007","PAID","","193072"),
("IATT190001884","193069","191001","192012","13000","1","13000","6500","6500","1","1","1","IAT1008191025","NHO2018000007","PAID","","193069"),
("IATT190001884","193070","191001","192012","13000","1","13000","6500","6500","1","1","1","IAT1008191025","NHO2018000007","PAID","","193070"),
("IATT190001886","193030","191001","192004","27000","1","27000","13500","13500","1","1","1","IAT1008191025","NHO2018000007","PAID","cust di table 11 ya\nthanks","193030"),
("IATT190001886","193071","191001","192012","18000","1","18000","9000","9000","1","1","1","IAT1008191025","NHO2018000007","PAID","","193071"),
("IATT190001886","193072","191001","192012","25000","1","25000","12500","12500","1","1","1","IAT1008191025","NHO2018000007","PAID","","193072"),
("IATT190001886","193069","191001","192012","13000","1","13000","6500","6500","1","1","1","IAT1008191025","NHO2018000007","PAID","","193069"),
("IATT190001886","193069","191001","192012","13000","1","13000","6500","6500","2","1","1","IAT1008191025","NHO2018000007","PAID","","193069"),
("IATT190001886","193070","191001","192012","13000","1","13000","6500","6500","1","1","1","IAT1008191025","NHO2018000007","PAID","","193070"),
("IATT190001886","193047","191002","192010","10000","1","10000","0","10000","1","1","1","IAT1008191025","NHO2018000007","PAID","","193047"),
("IATT190001887","193028","191001","192003","43000","1","43000","0","43000","1","1","1","IAT1008191025","NHO2018000007","PAID","","193028"),
("IATT190001887","193051","191002","192010","20000","1","20000","0","20000","1","1","1","IAT1008191025","NHO2018000007","PAID","","193051"),
("IATT190001888","193030","191001","192004","27000","1","27000","6750","20250","1","1","1","IAT1008191025","NHO2018000007","PAID","","193030"),
("IATT190001888","193086","191001","192002","33000","1","33000","8250","24750","1","1","1","IAT1008191025","NHO2018000007","PAID","no vegetable yaa\n","PEDAS"),
("IATT190001888","193085","191001","192001","30000","1","30000","7500","22500","1","1","1","IAT1008191025","NHO2018000007","PAID","","193085"),
("IATT190001887","193047","191002","192010","10000","1","10000","0","10000","1","1","2","IAT1008191025","NHO2018000007","PAID","","193047"),
("IATT190001888","193069","191001","192012","13000","1","13000","0","13000","1","1","2","IAT1008191025","NHO2018000007","PAID","","193069"),
("IATT190001889","193027","191001","192003","43000","1","43000","10750","32250","1","1","1","IAT1008191025","NHO2018000007","REFUND","","193027"),
("IATT190001889","193022","191001","192003","30000","1","30000","7500","22500","1","1","1","IAT1008191025","NHO2018000007","REFUND","","193022"),
("IATT190001889","193022","191001","192003","30000","1","30000","7500","22500","2","1","1","IAT1008191025","NHO2018000007","REFUND","","193022"),
("IATT190001889","193022","191001","192003","30000","1","30000","7500","22500","3","1","1","IAT1008191025","NHO2018000007","REFUND","","193022"),
("IATT190001889","193022","191001","192003","30000","1","30000","7500","22500","4","1","1","IAT1008191025","NHO2018000007","REFUND","","193022"),
("IATT190001889","193025","191001","192003","30000","1","30000","7500","22500","1","1","1","IAT1008191025","NHO2018000007","REFUND","","193025"),
("IATT190001889","193052","191002","192010","20000","1","20000","0","20000","1","1","1","IAT1008191025","NHO2018000007","REFUND","","193052"),
("IATT190001889","193049","191002","192010","10000","1","10000","0","10000","1","1","1","IAT1008191025","NHO2018000007","REFUND","","193049"),
("IATT190001889","193049","191002","192010","10000","1","10000","0","10000","2","1","1","IAT1008191025","NHO2018000007","REFUND","","193049"),
("IATT190001889","193049","191002","192010","10000","1","10000","0","10000","3","1","1","IAT1008191025","NHO2018000007","REFUND","","193049"),
("IATT190001889","193048","191002","192010","8000","1","8000","0","8000","1","1","1","IAT1008191025","NHO2018000007","REFUND","","193048"),
("IATT190001889","193048","191002","192010","8000","1","8000","0","8000","2","1","2","IAT1008191025","NHO2018000007","REFUND","","193048"),
("IATT190001889","193048","191002","192010","8000","1","8000","0","8000","3","1","2","IAT1008191025","NHO2018000007","REFUND","","193048"),
("IATT190001889","193022","191001","192003","30000","1","30000","7500","22500","5","1","3","IAT1008191025","NHO2018000007","REFUND","","193022"),
("IATT190001890","193084","191001","192001","30000","1","30000","7500","22500","1","1","1","IAT1008191025","NHO2018000007","PAID","lvl 1","PEDAS"),
("IATT190001890","193078","191001","192001","30000","1","30000","7500","22500","1","1","1","IAT1008191025","NHO2018000007","PAID","lvl 2","PEDAS"),
("IATT190001890","193076","191001","192001","30000","1","30000","7500","22500","1","1","1","IAT1008191025","NHO2018000007","PAID","","193076"),
("IATT190001890","193047","191002","192010","10000","1","10000","0","10000","1","1","1","IAT1008191025","NHO2018000007","PAID","","193047"),
("IATT190001890","193046","191002","192010","10000","1","10000","0","10000","1","1","1","IAT1008191025","NHO2018000007","PAID","","193046"),
("IATT190001891","193022","191001","192003","30000","1","30000","0","30000","1","1","1","IAT1008191025","NHO2018000007","PAID","","193022"),
("IATT190001891","193024","191001","192003","30000","1","30000","0","30000","1","1","1","IAT1008191025","NHO2018000007","PAID","","193024"),
("IATT190001891","193055","191002","192010","17000","1","17000","0","17000","1","1","1","IAT1008191025","NHO2018000007","PAID","","193055"),
("IATT190001892","193022","191001","192003","30000","1","30000","0","30000","1","1","1","IAT1008191025","NHO2018000007","PAID","","193022"),
("IATT190001892","193022","191001","192003","30000","1","30000","0","30000","2","1","1","IAT1008191025","NHO2018000007","PAID","","193022"),
("IATT190001892","193022","191001","192003","30000","1","30000","0","30000","3","1","1","IAT1008191025","NHO2018000007","PAID","","193022"),
("IATT190001892","193022","191001","192003","30000","1","30000","0","30000","4","1","1","IAT1008191025","NHO2018000007","PAID","","193022"),
("IATT190001892","193022","191001","192003","30000","1","30000","0","30000","5","1","1","IAT1008191025","NHO2018000007","PAID","","193022"),
("IATT190001892","193025","191001","192003","30000","1","30000","0","30000","1","1","1","IAT1008191025","NHO2018000007","PAID","","193025"),
("IATT190001892","193027","191001","192003","43000","1","43000","0","43000","1","1","1","IAT1008191025","NHO2018000007","PAID","","193027"),
("IATT190001892","193048","191002","192010","8000","1","8000","0","8000","1","1","1","IAT1008191025","NHO2018000007","PAID","","193048"),
("IATT190001892","193048","191002","192010","8000","1","8000","0","8000","2","1","1","IAT1008191025","NHO2018000007","PAID","","193048"),
("IATT190001892","193048","191002","192010","8000","1","8000","0","8000","3","1","1","IAT1008191025","NHO2018000007","PAID","","193048"),
("IATT190001892","193049","191002","192010","10000","1","10000","0","10000","1","1","1","IAT1008191025","NHO2018000007","PAID","","193049"),
("IATT190001892","193049","191002","192010","10000","1","10000","0","10000","2","1","1","IAT1008191025","NHO2018000007","PAID","","193049"),
("IATT190001892","193049","191002","192010","10000","1","10000","0","10000","3","1","1","IAT1008191025","NHO2018000007","PAID","","193049"),
("IATT190001892","193052","191002","192010","20000","1","20000","0","20000","1","1","1","IAT1008191025","NHO2018000007","PAID","","193052"),
("IATT190001893","193011","191001","192001","40000","1","40000","10000","30000","1","1","1","IAT1008191025","NHO2018000007","PAID","lvl 1","PEDAS"),
("IATT190001893","193007","191001","192001","37000","1","37000","9250","27750","1","1","1","IAT1008191025","NHO2018000007","PAID","","PEDAS"),
("IATT190001893","193054","191002","192010","20000","1","20000","0","20000","1","1","1","IAT1008191025","NHO2018000007","PAID","","193054"),
("IATT190001893","193047","191002","192010","10000","1","10000","0","10000","1","1","1","IAT1008191025","NHO2018000007","PAID","","193047"),
("IATT190001894","193011","191001","192001","40000","1","40000","10000","30000","1","1","1","IAT1008191025","NHO2018000007","PAID","","PEDAS"),
("IATT190001894","193055","191002","192010","17000","1","17000","0","17000","1","1","1","IAT1008191025","NHO2018000007","PAID","","193055"),
("IATT190001894","193054","191002","192010","20000","1","20000","0","20000","1","1","1","IAT1008191025","NHO2018000007","PAID","","193054"),
("IATT190001895","193082","191001","192001","30000","1","30000","7500","22500","1","1","1","IAT1008191025","NHO2018000007","PAID","lvl1,lvl 3","193082"),
("IATT190001895","193082","191001","192001","30000","1","30000","7500","22500","2","1","1","IAT1008191025","NHO2018000007","PAID","","193082"),
("IATT190001895","193009","191001","192001","40000","1","40000","10000","30000","1","1","1","IAT1008191025","NHO2018000007","PAID","lvl 3,no DAUN BAWANG","193009"),
("IATT190001895","193069","191001","192012","13000","1","13000","0","13000","1","1","1","IAT1008191025","NHO2018000007","PAID","","193069"),
("IATT190001895","193070","191001","192012","13000","1","13000","0","13000","1","1","1","IAT1008191025","NHO2018000007","PAID","","193070"),
("IATT190001895","193056","191002","192010","17000","1","17000","0","17000","1","1","1","IAT1008191025","NHO2018000007","PAID","","193056"),
("IATT190001895","193056","191002","192010","17000","1","17000","0","17000","2","1","1","IAT1008191025","NHO2018000007","PAID","","193056"),
("IATT190001895","193054","191002","192010","20000","1","20000","0","20000","1","1","1","IAT1008191025","NHO2018000007","PAID","No Sugar","193054"),
("IATT190001896","193021","191001","192002","40000","1","40000","10000","30000","1","1","1","IAT1008191025","NHO2018000007","PAID","","ORIGINAL"),
("IATT190001896","193056","191002","192010","17000","1","17000","0","17000","1","1","1","IAT1008191025","NHO2018000007","PAID","","193056"),
("IATT190001896","193017","191001","192002","37000","1","37000","9250","27750","1","1","1","IAT1008191025","NHO2018000007","PAID","","193017"),
("IATT190001896","193047","191002","192010","10000","1","10000","0","10000","1","1","1","IAT1008191025","NHO2018000007","PAID","","193047"),
("IATT190001896","193086","191001","192002","33000","1","33000","8250","24750","1","1","2","IAT1008191025","NHO2018000007","PAID","ga usah dibikin ya\nthanks","PEDAS"),
("IATT190001896","193048","191002","192010","8000","1","8000","0","8000","1","1","3","IAT1008191025","NHO2018000007","PAID","","193048"),
("IATT190001897","193082","191001","192001","30000","1","30000","7500","22500","1","1","1","IAT1008191025","NHO2018000007","PAID","","193082"),
("IATT190001897","193056","191002","192010","17000","1","17000","0","17000","1","1","1","IAT1008191025","NHO2018000007","PAID","","193056"),
("IATT190001898","193007","191001","192001","37000","1","37000","9250","27750","1","1","1","IAT1008191025","NHO2018000007","PAID","sambel pisah","PEDAS"),
("IATT190001898","193078","191001","192001","30000","1","30000","7500","22500","1","1","1","IAT1008191025","NHO2018000007","PAID","sambel pisah","PEDAS"),
("IATT190001898","193079","191001","192001","30000","1","30000","7500","22500","1","1","1","IAT1008191025","NHO2018000007","PAID","sambel pisah","193079"),
("IATT190001898","193070","191001","192012","13000","1","13000","0","13000","1","1","1","IAT1008191025","NHO2018000007","PAID","","193070"),
("IATT190001898","193070","191001","192012","13000","1","13000","0","13000","2","1","1","IAT1008191025","NHO2018000007","PAID","","193070"),
("IATT190001898","193028","191001","192003","43000","1","43000","10750","32250","1","1","1","IAT1008191025","NHO2018000007","PAID","","193028"),
("IATT190001898","193028","191001","192003","43000","1","43000","10750","32250","2","1","1","IAT1008191025","NHO2018000007","PAID","","193028"),
("IATT190001898","193047","191002","192010","10000","1","10000","0","10000","1","1","1","IAT1008191025","NHO2018000007","PAID","","193047"),
("IATT190001898","193047","191002","192010","10000","1","10000","0","10000","2","1","1","IAT1008191025","NHO2018000007","PAID","","193047"),
("IATT190001898","193047","191002","192010","10000","1","10000","0","10000","3","1","1","IAT1008191025","NHO2018000007","PAID","","193047"),
("IATT190001898","193047","191002","192010","10000","1","10000","0","10000","4","1","1","IAT1008191025","NHO2018000007","PAID","","193047"),
("IATT190001898","193056","191002","192010","17000","1","17000","0","17000","1","1","1","IAT1008191025","NHO2018000007","PAID","","193056"),
("IATT190001898","193027","191001","192003","43000","1","43000","10750","32250","1","1","1","IAT1008191025","NHO2018000007","PAID","","193027"),
("IATT190001898","193027","191001","192003","43000","1","43000","10750","32250","2","1","1","IAT1008191025","NHO2018000007","PAID","","193027"),
("IATT190001898","193084","191001","192001","30000","1","30000","7500","22500","1","1","1","IAT1008191025","NHO2018000007","PAID","sambel pisah","PEDAS"),
("IATT190001898","193016","191001","192002","37000","1","37000","9250","27750","1","1","1","IAT1008191025","NHO2018000007","PAID","","PEDAS"),
("IATT190001898","193048","191002","192010","8000","1","8000","0","8000","1","1","2","IAT1008191025","NHO2018000007","PAID","","193048"),
("IATT190001898","193048","191002","192010","8000","1","8000","0","8000","2","1","2","IAT1008191025","NHO2018000007","PAID","","193048"),
("IATT190001898","193048","191002","192010","8000","1","8000","0","8000","3","1","2","IAT1008191025","NHO2018000007","PAID","","193048"),
("IATT190001898","193048","191002","192010","8000","1","8000","0","8000","4","1","2","IAT1008191025","NHO2018000007","PAID","","193048"),
("IATT190001898","193048","191002","192010","8000","1","8000","0","8000","5","1","2","IAT1008191025","NHO2018000007","PAID","","193048"),
("IATT190001899","193079","191001","192001","30000","1","30000","7500","22500","1","1","1","IAT1008191025","NHO2018000007","PAID","","193079"),
("IATT190001899","193084","191001","192001","30000","1","30000","7500","22500","1","1","1","IAT1008191025","NHO2018000007","PAID","lvl 2","PEDAS"),
("IATT190001899","193054","191002","192010","20000","1","20000","0","20000","1","1","1","IAT1008191025","NHO2018000007","PAID","","193054"),
("IATT190001899","193056","191002","192010","17000","1","17000","0","17000","1","1","1","IAT1008191025","NHO2018000007","PAID","","193056"),
("IATT190001900","193007","191001","192001","37000","1","37000","9250","27750","1","1","1","IAT1008191025","NHO2018000007","PAID","","PEDAS"),
("IATT190001900","193035","191001","192006","32000","1","32000","8000","24000","1","1","1","IAT1008191025","NHO2018000007","PAID","","ORIGINAL"),
("IATT190001900","193032","191001","192004","30000","1","30000","7500","22500","1","1","1","IAT1008191025","NHO2018000007","PAID","","193032"),
("IATT190001900","193056","191002","192010","17000","1","17000","0","17000","1","1","1","IAT1008191025","NHO2018000007","PAID","","193056"),
("IATT190001900","193051","191002","192010","20000","1","20000","0","20000","1","1","1","IAT1008191025","NHO2018000007","PAID","","193051"),
("IATT190001900","193052","191002","192010","20000","1","20000","0","20000","1","1","1","IAT1008191025","NHO2018000007","PAID","","193052"),
("IATT190001900","193048","191002","192010","8000","1","8000","0","8000","1","1","1","IAT1008191025","NHO2018000007","PAID","","193048"),
("IATT190001900","193048","191002","192010","8000","1","8000","0","8000","2","1","1","IAT1008191025","NHO2018000007","PAID","","193048"),
("IATT190001900","193048","191002","192010","8000","1","8000","0","8000","3","1","1","IAT1008191025","NHO2018000007","PAID","","193048"),
("IATT190001898","193070","191001","192012","13000","1","13000","0","13000","3","1","3","IAT1008191025","NHO2018000007","PAID","","193070"),
("IATT190001899","193077","191001","192001","30000","1","30000","7500","22500","1","1","2","IAT1008191025","NHO2018000007","PAID","","193077"),
("IATT190001901","193011","191001","192001","40000","1","40000","10000","30000","1","1","1","IAT1008191025","NHO2018000007","PAID","katsu pisah","PEDAS"),
("IATT190001901","193055","191002","192010","17000","1","17000","0","17000","1","1","1","IAT1008191025","NHO2018000007","PAID","","193055"),
("IATT190001902","193084","191001","192001","30000","1","30000","7500","22500","1","1","1","IAT1008191025","NHO2018000007","PAID","","PEDAS"),
("IATT190001903","193030","191001","192004","27000","1","27000","6750","20250","1","1","1","IAT1008191025","NHO2018000007","PAID","","193030"),
("IATT190001903","193070","191001","192012","13000","1","13000","0","13000","1","1","2","IAT1008191025","NHO2018000007","PAID","","193070"),
("IATT190001904","193084","191001","192001","30000","1","30000","15000","15000","1","1","1","IAT1008191025","NHO2018000007","PAID","","PEDAS"),
("IATT190001904","193036","191001","192006","36000","1","36000","18000","18000","1","1","1","IAT1008191025","NHO2018000007","PAID","","ORIGINAL"),
("IATT190001904","193036","191001","192006","36000","1","36000","18000","18000","2","1","1","IAT1008191025","NHO2018000007","PAID","","ORIGINAL"),
("IATT190001904","193047","191002","192010","10000","1","10000","0","10000","1","1","1","IAT1008191025","NHO2018000007","PAID","","193047"),
("IATT190001905","193022","191001","192003","30000","1","30000","7500","22500","1","1","1","IAT1008191025","NHO2018000007","PAID","","193022"),
("IATT190001905","193055","191002","192010","17000","1","17000","0","17000","1","1","1","IAT1008191025","NHO2018000007","PAID","","193055"),
("IATT190001905","193036","191001","192006","36000","1","36000","9000","27000","1","1","1","IAT1008191025","NHO2018000007","PAID","","ORIGINAL"),
("IATT190001905","193024","191001","192003","30000","1","30000","7500","22500","1","1","1","IAT1008191025","NHO2018000007","PAID","","193024"),
("IATT190001905","193047","191002","192010","10000","1","10000","0","10000","1","1","1","IAT1008191025","NHO2018000007","PAID","","193047");



INSERT INTO pos_salestemp VALUES("IATT190001878","","2","116000","18500","9750","0","107250","110000","10/08/2019","10:27","2019-08-10","10:53:37","ISU000012","tbl0012","CLOSED","1","","IATR190001827","","","","","IAT1008191025","NHO2018000007"),
("IATT190001879","","3","124000","18500","10550","0","116050","116050","10/08/2019","12:06","2019-08-10","12:37:25","ISU000012","tbl0012","CLOSED","1","","IATR190001828","","","","","IAT1008191025","NHO2018000007"),
("IATT190001880","","1","50000","7500","4250","0","46750","50000","10/08/2019","12:07","2019-08-10","12:55:40","ISU000012","tbl0004","CLOSED","1","","IATR190001829","","","","","IAT1008191025","NHO2018000007"),
("IATT190001881","","2","100000","20000","8000","0","88000","100000","10/08/2019","13:47","2019-08-10","14:14:00","ISU000012","tbl0011","CLOSED","1","","IATR190001830","","","","","IAT1008191025","NHO2018000007"),
("IATT190001882","","2","97000","38500","5850","0","64350","80000","10/08/2019","14:14","2019-08-10","15:16:15","ISU000012","tbl0010","CLOSED","1","","IATR190001835","","","","","IAT1008191025","NHO2018000007"),
("IATT190001883","","3","153000","0","15300","0","168300","200000","10/08/2019","14:20","2019-08-10","14:43:20","ISU000012","tbl0012","CLOSED","1","","IATR190001831","","","","","IAT1008191025","NHO2018000007"),
("IATT190001884","","2","135000","67500","6750","0","74250","100000","10/08/2019","14:32","2019-08-10","15:14:20","ISU000012","tbl0011","CLOSED","1","","IATR190001834","","","","","IAT1008191025","NHO2018000007"),
("IATT190001885","","2","94000","18500","7550","0","83050","100000","10/08/2019","14:33","2019-08-10","15:25:40","ISU000012","tbl0013","CLOSED","1","","IATR190001836","","","","","IAT1008191025","NHO2018000007"),
("IATT190001886","","1","119000","54500","6450","0","70950","100000","10/08/2019","14:35","2019-08-10","15:12:43","ISU000012","tbl0040","CLOSED","1","","IATR190001833","","","","","IAT1008191025","NHO2018000007"),
("IATT190001887","","1","73000","0","7300","0","80300","100000","10/08/2019","14:36","2019-08-10","15:06:51","ISU000012","tbl0006","CLOSED","1","","IATR190001832","","","","","IAT1008191025","NHO2018000007"),
("IATT190001888","","3","103000","22500","8050","0","88550","100000","10/08/2019","14:53","2019-08-10","15:52:58","ISU000012","tbl0012","CLOSED","1","","IATR190001837","","","","","IAT1008191025","NHO2018000007"),
("IATT190001889","","6","297000","55750","24125","0","265375","270000","10/08/2019","16:07","2019-08-10","16:41:59","ISU000012","tbl0015","REFUND","1","","IATR190001838","10/08/2019","17:34:24","090592","IATR190001841","IAT1008191025","NHO2018000007"),
("IATT190001890","","2","110000","22500","8750","0","96250","96250","10/08/2019","16:31","2019-08-10","17:09:39","ISU000012","tbl0012","CLOSED","1","","IATR190001839","","","","","IAT1008191025","NHO2018000007"),
("IATT190001891","","2","77000","0","7700","0","84700","84700","10/08/2019","16:37","2019-08-10","17:18:11","ISU000012","tbl0010","CLOSED","1","","IATR190001840","","","","","IAT1008191025","NHO2018000007"),
("IATT190001892","","6","297000","0","29700","0","326700","400000","10/08/2019","17:35","2019-08-10","17:37:49","ISU000012","tbl0015","CLOSED","1","","IATR190001842","","","","","IAT1008191025","NHO2018000007"),
("IATT190001893","","2","107000","19250","8775","0","96525","97000","10/08/2019","17:41","2019-08-10","18:18:16","ISU000012","tbl0010","CLOSED","1","","IATR190001844","","","","","IAT1008191025","NHO2018000007"),
("IATT190001894","","2","77000","10000","6700","0","73700","100000","10/08/2019","17:46","2019-08-10","18:17:25","ISU000012","tbl0012","CLOSED","1","","IATR190001843","","","","","IAT1008191025","NHO2018000007"),
("IATT190001895","","3","180000","25000","15500","0","170500","170500","10/08/2019","17:48","2019-08-10","20:19:41","ISU000012","tbl0011","CLOSED","1","","IATR190001848","","","","","IAT1008191025","NHO2018000007"),
("IATT190001896","","3","145000","27500","11750","0","129250","129250","10/08/2019","18:10","2019-08-10","18:55:36","ISU000012","tbl0013","CLOSED","1","","IATR190001845","","","","","IAT1008191025","NHO2018000007"),
("IATT190001897","","1","47000","7500","3950","0","43450","43450","10/08/2019","18:45","2019-08-10","19:41:07","ISU000012","tbl0012","CLOSED","1","","IATR190001846","","","","","IAT1008191025","NHO2018000007"),
("IATT190001898","","10","472000","84000","38800","0","426800","426800","10/08/2019","19:07","2019-08-10","19:53:58","ISU000012","tbl0015","CLOSED","1","","IATR190001847","","","","","IAT1008191025","NHO2018000007"),
("IATT190001899","","2","127000","22500","10450","0","114950","114950","10/08/2019","19:23","2019-08-10","21:34:04","ISU000012","tbl0010","CLOSED","1","","IATR190001853","","","","","IAT1008191025","NHO2018000007"),
("IATT190001900","","3","180000","24750","15525","0","170775","170775","10/08/2019","19:30","2019-08-10","21:03:23","ISU000012","tbl0013","CLOSED","1","","IATR190001851","","","","","IAT1008191025","NHO2018000007"),
("IATT190001901","","1","57000","10000","4700","0","51700","100000","10/08/2019","19:47","2019-08-10","21:04:37","ISU000012","tbl0007","CLOSED","1","","IATR190001852","","","","","IAT1008191025","NHO2018000007"),
("IATT190001902","","1","30000","7500","2250","0","24750","24750","10/08/2019","19:49","2019-08-10","20:22:45","ISU000012","tbl0012","CLOSED","1","","IATR190001849","","","","","IAT1008191025","NHO2018000007"),
("IATT190001903","","1","40000","6750","3325","0","36575","37000","10/08/2019","20:06","2019-08-10","20:27:26","ISU000012","tbl0023","CLOSED","1","","IATR190001850","","","","","IAT1008191025","NHO2018000007"),
("IATT190001904","","2","112000","51000","6100","0","67100","70000","10/08/2019","21:09","2019-08-10","21:48:11","ISU000012","tbl0012","CLOSED","1","","IATR190001855","","","","","IAT1008191025","NHO2018000007"),
("IATT190001905","","3","123000","24000","9900","0","108900","120000","10/08/2019","21:17","2019-08-10","21:44:20","ISU000012","tbl0015","CLOSED","1","","IATR190001854","","","","","IAT1008191025","NHO2018000007");



INSERT INTO item_void VALUES("IATT190001896","IAT1008191025","NHO2018000007","193087","193087","1","33000","Before Send","Komplen Customer");



INSERT INTO pos_promotion_h VALUES("IATT190001878","NPRM18000015","DISC ITEM","1","18500","Diskon 25% Agustus","IAT1008191025","PAID","NHO2018000007"),
("IATT190001879","NPRM18000015","DISC ITEM","1","18500","Diskon 25% Agustus","IAT1008191025","PAID","NHO2018000007"),
("IATT190001880","NPRM18000015","DISC ITEM","1","7500","Diskon 25% Agustus","IAT1008191025","PAID","NHO2018000007"),
("IATT190001881","NPRM18000015","DISC ITEM","1","20000","Diskon 25% Agustus","IAT1008191025","PAID","NHO2018000007"),
("IATT190001886","NPRM18000012","DISC ITEM","1","54500","eatigo 50%","IAT1008191025","PAID","NHO2018000007"),
("IATT190001884","NPRM18000012","DISC ITEM","1","67500","eatigo 50%","IAT1008191025","PAID","NHO2018000007"),
("IATT190001882","NPRM18000012","DISC ITEM","1","38500","eatigo 50%","IAT1008191025","PAID","NHO2018000007"),
("IATT190001885","NPRM18000015","DISC ITEM","1","18500","Diskon 25% Agustus","IAT1008191025","PAID","NHO2018000007"),
("IATT190001888","NPRM18000015","DISC ITEM","1","22500","Diskon 25% Agustus","IAT1008191025","PAID","NHO2018000007"),
("IATT190001889","NPRM18000015","DISC ITEM","1","55750","Diskon 25% Agustus","IAT1008191025","REFUND","NHO2018000007"),
("IATT190001890","NPRM18000015","DISC ITEM","1","22500","Diskon 25% Agustus","IAT1008191025","PAID","NHO2018000007"),
("IATT190001893","NPRM18000015","DISC ITEM","1","19250","Diskon 25% Agustus","IAT1008191025","PAID","NHO2018000007"),
("IATT190001894","NPRM18000015","DISC ITEM","1","10000","Diskon 25% Agustus","IAT1008191025","PAID","NHO2018000007"),
("IATT190001896","NPRM18000015","DISC ITEM","1","27500","Diskon 25% Agustus","IAT1008191025","PAID","NHO2018000007"),
("IATT190001897","NPRM18000015","DISC ITEM","1","7500","Diskon 25% Agustus","IAT1008191025","PAID","NHO2018000007"),
("IATT190001898","NPRM18000015","DISC ITEM","1","84000","Diskon 25% Agustus","IAT1008191025","PAID","NHO2018000007"),
("IATT190001895","NPRM18000015","DISC ITEM","1","25000","Diskon 25% Agustus","IAT1008191025","PAID","NHO2018000007"),
("IATT190001902","NPRM18000015","DISC ITEM","1","7500","Diskon 25% Agustus","IAT1008191025","PAID","NHO2018000007"),
("IATT190001903","NPRM18000015","DISC ITEM","1","6750","Diskon 25% Agustus","IAT1008191025","PAID","NHO2018000007"),
("IATT190001900","NPRM18000015","DISC ITEM","1","24750","Diskon 25% Agustus","IAT1008191025","PAID","NHO2018000007"),
("IATT190001901","NPRM18000015","DISC ITEM","1","10000","Diskon 25% Agustus","IAT1008191025","PAID","NHO2018000007"),
("IATT190001899","NPRM18000015","DISC ITEM","1","22500","Diskon 25% Agustus","IAT1008191025","PAID","NHO2018000007"),
("IATT190001905","NPRM18000015","DISC ITEM","1","24000","Diskon 25% Agustus","IAT1008191025","PAID","NHO2018000007"),
("IATT190001904","NPRM18000012","DISC ITEM","1","51000","eatigo 50%","IAT1008191025","PAID","NHO2018000007");



INSERT INTO pos_promotion_d VALUES("IATT190001878","NPRM18000015","DISC ITEM","1","1","193007","1","9250","IAT1008191025","PAID","NHO2018000007"),
("IATT190001878","NPRM18000015","DISC ITEM","1","1","193007","2","9250","IAT1008191025","PAID","NHO2018000007"),
("IATT190001879","NPRM18000015","DISC ITEM","1","1","193006","1","9250","IAT1008191025","PAID","NHO2018000007"),
("IATT190001879","NPRM18000015","DISC ITEM","1","1","193006","2","9250","IAT1008191025","PAID","NHO2018000007"),
("IATT190001880","NPRM18000015","DISC ITEM","1","1","193082","1","7500","IAT1008191025","PAID","NHO2018000007"),
("IATT190001881","NPRM18000015","DISC ITEM","1","1","193018","1","9250","IAT1008191025","PAID","NHO2018000007"),
("IATT190001881","NPRM18000015","DISC ITEM","1","1","193028","1","10750","IAT1008191025","PAID","NHO2018000007"),
("IATT190001886","NPRM18000012","DISC ITEM","1","1","193030","1","13500","IAT1008191025","PAID","NHO2018000007"),
("IATT190001886","NPRM18000012","DISC ITEM","1","1","193071","1","9000","IAT1008191025","PAID","NHO2018000007"),
("IATT190001886","NPRM18000012","DISC ITEM","1","1","193072","1","12500","IAT1008191025","PAID","NHO2018000007"),
("IATT190001886","NPRM18000012","DISC ITEM","1","1","193069","1","6500","IAT1008191025","PAID","NHO2018000007"),
("IATT190001886","NPRM18000012","DISC ITEM","1","1","193069","2","6500","IAT1008191025","PAID","NHO2018000007"),
("IATT190001886","NPRM18000012","DISC ITEM","1","1","193070","1","6500","IAT1008191025","PAID","NHO2018000007"),
("IATT190001884","NPRM18000012","DISC ITEM","1","1","193033","1","21000","IAT1008191025","PAID","NHO2018000007"),
("IATT190001884","NPRM18000012","DISC ITEM","1","1","193033","2","21000","IAT1008191025","PAID","NHO2018000007"),
("IATT190001884","NPRM18000012","DISC ITEM","1","1","193072","1","12500","IAT1008191025","PAID","NHO2018000007"),
("IATT190001884","NPRM18000012","DISC ITEM","1","1","193069","1","6500","IAT1008191025","PAID","NHO2018000007"),
("IATT190001884","NPRM18000012","DISC ITEM","1","1","193070","1","6500","IAT1008191025","PAID","NHO2018000007"),
("IATT190001882","NPRM18000012","DISC ITEM","1","1","193010","1","20000","IAT1008191025","PAID","NHO2018000007"),
("IATT190001882","NPRM18000012","DISC ITEM","1","1","193007","1","18500","IAT1008191025","PAID","NHO2018000007"),
("IATT190001885","NPRM18000015","DISC ITEM","1","1","193007","1","9250","IAT1008191025","PAID","NHO2018000007"),
("IATT190001885","NPRM18000015","DISC ITEM","1","1","193008","1","9250","IAT1008191025","PAID","NHO2018000007"),
("IATT190001888","NPRM18000015","DISC ITEM","1","1","193030","1","6750","IAT1008191025","PAID","NHO2018000007"),
("IATT190001888","NPRM18000015","DISC ITEM","1","1","193086","1","8250","IAT1008191025","PAID","NHO2018000007"),
("IATT190001888","NPRM18000015","DISC ITEM","1","1","193085","1","7500","IAT1008191025","PAID","NHO2018000007"),
("IATT190001889","NPRM18000015","DISC ITEM","1","1","193027","1","10750","IAT1008191025","REFUND","NHO2018000007"),
("IATT190001889","NPRM18000015","DISC ITEM","1","1","193022","1","7500","IAT1008191025","REFUND","NHO2018000007"),
("IATT190001889","NPRM18000015","DISC ITEM","1","1","193022","2","7500","IAT1008191025","REFUND","NHO2018000007"),
("IATT190001889","NPRM18000015","DISC ITEM","1","1","193022","3","7500","IAT1008191025","REFUND","NHO2018000007"),
("IATT190001889","NPRM18000015","DISC ITEM","1","1","193022","4","7500","IAT1008191025","REFUND","NHO2018000007"),
("IATT190001889","NPRM18000015","DISC ITEM","1","1","193025","1","7500","IAT1008191025","REFUND","NHO2018000007"),
("IATT190001889","NPRM18000015","DISC ITEM","1","1","193022","5","7500","IAT1008191025","REFUND","NHO2018000007"),
("IATT190001890","NPRM18000015","DISC ITEM","1","1","193084","1","7500","IAT1008191025","PAID","NHO2018000007"),
("IATT190001890","NPRM18000015","DISC ITEM","1","1","193078","1","7500","IAT1008191025","PAID","NHO2018000007"),
("IATT190001890","NPRM18000015","DISC ITEM","1","1","193076","1","7500","IAT1008191025","PAID","NHO2018000007"),
("IATT190001893","NPRM18000015","DISC ITEM","1","1","193011","1","10000","IAT1008191025","PAID","NHO2018000007"),
("IATT190001893","NPRM18000015","DISC ITEM","1","1","193007","1","9250","IAT1008191025","PAID","NHO2018000007"),
("IATT190001894","NPRM18000015","DISC ITEM","1","1","193011","1","10000","IAT1008191025","PAID","NHO2018000007"),
("IATT190001896","NPRM18000015","DISC ITEM","1","1","193021","1","10000","IAT1008191025","PAID","NHO2018000007"),
("IATT190001896","NPRM18000015","DISC ITEM","1","1","193017","1","9250","IAT1008191025","PAID","NHO2018000007"),
("IATT190001896","NPRM18000015","DISC ITEM","1","1","193086","1","8250","IAT1008191025","PAID","NHO2018000007"),
("IATT190001897","NPRM18000015","DISC ITEM","1","1","193082","1","7500","IAT1008191025","PAID","NHO2018000007"),
("IATT190001898","NPRM18000015","DISC ITEM","1","1","193007","1","9250","IAT1008191025","PAID","NHO2018000007"),
("IATT190001898","NPRM18000015","DISC ITEM","1","1","193078","1","7500","IAT1008191025","PAID","NHO2018000007"),
("IATT190001898","NPRM18000015","DISC ITEM","1","1","193079","1","7500","IAT1008191025","PAID","NHO2018000007"),
("IATT190001898","NPRM18000015","DISC ITEM","1","1","193028","1","10750","IAT1008191025","PAID","NHO2018000007"),
("IATT190001898","NPRM18000015","DISC ITEM","1","1","193028","2","10750","IAT1008191025","PAID","NHO2018000007"),
("IATT190001898","NPRM18000015","DISC ITEM","1","1","193027","1","10750","IAT1008191025","PAID","NHO2018000007"),
("IATT190001898","NPRM18000015","DISC ITEM","1","1","193027","2","10750","IAT1008191025","PAID","NHO2018000007"),
("IATT190001898","NPRM18000015","DISC ITEM","1","1","193084","1","7500","IAT1008191025","PAID","NHO2018000007"),
("IATT190001898","NPRM18000015","DISC ITEM","1","1","193016","1","9250","IAT1008191025","PAID","NHO2018000007"),
("IATT190001895","NPRM18000015","DISC ITEM","1","1","193082","1","7500","IAT1008191025","PAID","NHO2018000007"),
("IATT190001895","NPRM18000015","DISC ITEM","1","1","193082","2","7500","IAT1008191025","PAID","NHO2018000007"),
("IATT190001895","NPRM18000015","DISC ITEM","1","1","193009","1","10000","IAT1008191025","PAID","NHO2018000007"),
("IATT190001902","NPRM18000015","DISC ITEM","1","1","193084","1","7500","IAT1008191025","PAID","NHO2018000007"),
("IATT190001903","NPRM18000015","DISC ITEM","1","1","193030","1","6750","IAT1008191025","PAID","NHO2018000007"),
("IATT190001900","NPRM18000015","DISC ITEM","1","1","193007","1","9250","IAT1008191025","PAID","NHO2018000007"),
("IATT190001900","NPRM18000015","DISC ITEM","1","1","193035","1","8000","IAT1008191025","PAID","NHO2018000007"),
("IATT190001900","NPRM18000015","DISC ITEM","1","1","193032","1","7500","IAT1008191025","PAID","NHO2018000007"),
("IATT190001901","NPRM18000015","DISC ITEM","1","1","193011","1","10000","IAT1008191025","PAID","NHO2018000007"),
("IATT190001899","NPRM18000015","DISC ITEM","1","1","193079","1","7500","IAT1008191025","PAID","NHO2018000007"),
("IATT190001899","NPRM18000015","DISC ITEM","1","1","193084","1","7500","IAT1008191025","PAID","NHO2018000007"),
("IATT190001899","NPRM18000015","DISC ITEM","1","1","193077","1","7500","IAT1008191025","PAID","NHO2018000007"),
("IATT190001905","NPRM18000015","DISC ITEM","1","1","193022","1","7500","IAT1008191025","PAID","NHO2018000007"),
("IATT190001905","NPRM18000015","DISC ITEM","1","1","193036","1","9000","IAT1008191025","PAID","NHO2018000007"),
("IATT190001905","NPRM18000015","DISC ITEM","1","1","193024","1","7500","IAT1008191025","PAID","NHO2018000007"),
("IATT190001904","NPRM18000012","DISC ITEM","1","1","193084","1","15000","IAT1008191025","PAID","NHO2018000007"),
("IATT190001904","NPRM18000012","DISC ITEM","1","1","193036","1","18000","IAT1008191025","PAID","NHO2018000007"),
("IATT190001904","NPRM18000012","DISC ITEM","1","1","193036","2","18000","IAT1008191025","PAID","NHO2018000007");



INSERT INTO pos_paymenttemp VALUES("IATT190001878","CASH","CASH","107250","110000","ISU000012","2019-08-10","","1","","CLOSED","IAT1008191025","NHO2018000007"),
("IATT190001879","CARD","MASTER","116050","116050","ISU000012","2019-08-10","","1","","CLOSED","IAT1008191025","NHO2018000007"),
("IATT190001880","CASH","CASH","46750","50000","ISU000012","2019-08-10","","1","","CLOSED","IAT1008191025","NHO2018000007"),
("IATT190001881","CASH","CASH","88000","100000","ISU000012","2019-08-10","","1","","CLOSED","IAT1008191025","NHO2018000007"),
("IATT190001883","CASH","CASH","168300","200000","ISU000012","2019-08-10","","1","","CLOSED","IAT1008191025","NHO2018000007"),
("IATT190001887","CASH","CASH","80300","100000","ISU000012","2019-08-10","","1","","CLOSED","IAT1008191025","NHO2018000007"),
("IATT190001886","VOUCHER","KUPON PROMO EATIGO 100K","100000","100000","ISU000012","2019-08-10","","1","","CLOSED","IAT1008191025","NHO2018000007"),
("IATT190001884","VOUCHER","KUPON PROMO EATIGO 100K","100000","100000","ISU000012","2019-08-10","","1","","CLOSED","IAT1008191025","NHO2018000007"),
("IATT190001882","VOUCHER","KUPON PROMO EATIGO 30K","30000","30000","ISU000012","2019-08-10","","1","","CLOSED","IAT1008191025","NHO2018000007"),
("IATT190001882","CASH","CASH","34350","50000","ISU000012","2019-08-10","","1","","CLOSED","IAT1008191025","NHO2018000007"),
("IATT190001885","CASH","CASH","83050","100000","ISU000012","2019-08-10","","1","","CLOSED","IAT1008191025","NHO2018000007"),
("IATT190001888","CASH","CASH","88550","100000","ISU000012","2019-08-10","","1","","CLOSED","IAT1008191025","NHO2018000007"),
("IATT190001889","CASH","CASH","265375","270000","ISU000012","2019-08-10","","1","","REFUND","IAT1008191025","NHO2018000007"),
("IATT190001890","CARD","VISA","96250","96250","ISU000012","2019-08-10","","1","","CLOSED","IAT1008191025","NHO2018000007"),
("IATT190001891","CASH","OVO","84700","84700","ISU000012","2019-08-10","","1","","CLOSED","IAT1008191025","NHO2018000007"),
("IATT190001892","CASH","CASH","326700","400000","ISU000012","2019-08-10","","1","","CLOSED","IAT1008191025","NHO2018000007"),
("IATT190001894","CASH","CASH","73700","100000","ISU000012","2019-08-10","","1","","CLOSED","IAT1008191025","NHO2018000007"),
("IATT190001893","CASH","CASH","96525","97000","ISU000012","2019-08-10","","1","","CLOSED","IAT1008191025","NHO2018000007"),
("IATT190001896","CARD","DEBIT BCA","129250","129250","ISU000012","2019-08-10","","1","","CLOSED","IAT1008191025","NHO2018000007"),
("IATT190001897","CARD","DEBIT BCA","43450","43450","ISU000012","2019-08-10","","1","","CLOSED","IAT1008191025","NHO2018000007"),
("IATT190001898","CARD","VISA","426800","426800","ISU000012","2019-08-10","","1","","CLOSED","IAT1008191025","NHO2018000007"),
("IATT190001895","CARD","MASTER","170500","170500","ISU000012","2019-08-10","","1","","CLOSED","IAT1008191025","NHO2018000007"),
("IATT190001902","CARD","DEBIT BCA","24750","24750","ISU000012","2019-08-10","","1","","CLOSED","IAT1008191025","NHO2018000007"),
("IATT190001903","CASH","CASH","36575","37000","ISU000012","2019-08-10","","1","","CLOSED","IAT1008191025","NHO2018000007"),
("IATT190001900","CARD","MASTER","170775","170775","ISU000012","2019-08-10","","1","","CLOSED","IAT1008191025","NHO2018000007"),
("IATT190001901","CASH","CASH","51700","100000","ISU000012","2019-08-10","","1","","CLOSED","IAT1008191025","NHO2018000007"),
("IATT190001899","CARD","DEBIT BCA","114950","114950","ISU000012","2019-08-10","","1","","CLOSED","IAT1008191025","NHO2018000007"),
("IATT190001905","CASH","CASH","108900","120000","ISU000012","2019-08-10","","1","","CLOSED","IAT1008191025","NHO2018000007"),
("IATT190001904","CARD","DEBIT BCA","50000","50000","ISU000012","2019-08-10","","1","","CLOSED","IAT1008191025","NHO2018000007"),
("IATT190001904","CASH","CASH","17100","20000","ISU000012","2019-08-10","","1","","CLOSED","IAT1008191025","NHO2018000007");



