INSERT INTO pos_itemtemp VALUES("IATT190002545","193036","191001","192006","36000","1","36000","18000","18000","1","1","1","IAT1009190830","NHO2018000007","PAID","","PEDAS"),
("IATT190002546","193047","191002","192010","10000","1","10000","0","10000","1","1","1","IAT1009190830","NHO2018000007","PAID","","193047"),
("IATT190002546","193047","191002","192010","10000","1","10000","0","10000","2","1","1","IAT1009190830","NHO2018000007","PAID","","193047"),
("IATT190002546","193046","191002","192010","10000","1","10000","0","10000","1","1","1","IAT1009190830","NHO2018000007","PAID","","193046"),
("IATT190002546","193046","191002","192010","10000","1","10000","0","10000","2","1","1","IAT1009190830","NHO2018000007","PAID","","193046"),
("IATT190002546","193055","191002","192010","17000","1","17000","0","17000","1","1","1","IAT1009190830","NHO2018000007","PAID","","193055"),
("IATT190002546","193010","191001","192001","40000","1","40000","20000","20000","1","1","1","IAT1009190830","NHO2018000007","PAID","","193010"),
("IATT190002546","193019","191001","192002","40000","1","40000","20000","20000","1","1","1","IAT1009190830","NHO2018000007","PAID","level 1","PEDAS"),
("IATT190002546","193084","191001","192001","30000","1","30000","15000","15000","1","1","1","IAT1009190830","NHO2018000007","PAID","yg 1 leve 2\nyg 1 level 1","PEDAS"),
("IATT190002546","193084","191001","192001","30000","1","30000","15000","15000","2","1","1","IAT1009190830","NHO2018000007","PAID","","PEDAS"),
("IATT190002546","193071","191001","192012","18000","1","18000","9000","9000","1","1","1","IAT1009190830","NHO2018000007","PAID","","193071"),
("IATT190002546","193070","191001","192012","13000","1","13000","6500","6500","1","1","1","IAT1009190830","NHO2018000007","PAID","","193070"),
("IATT190002546","193069","191001","192012","13000","1","13000","6500","6500","1","1","1","IAT1009190830","NHO2018000007","PAID","","193069"),
("IATT190002547","193037","191001","192006","36000","1","36000","18000","18000","1","1","1","IAT1009190830","NHO2018000007","PAID","","PEDAS"),
("IATT190002547","193036","191001","192006","36000","1","36000","18000","18000","1","1","1","IAT1009190830","NHO2018000007","PAID","","PEDAS"),
("IATT190002548","193011","191001","192001","40000","1","40000","20000","20000","1","1","1","IAT1009190830","NHO2018000007","PAID","","PEDAS"),
("IATT190002549","193007","191001","192001","37000","1","37000","18500","18500","1","1","1","IAT1009190830","NHO2018000007","PAID","lv 3,No daun bawang,No sayur","PEDAS"),
("IATT190002549","193006","191001","192001","37000","1","37000","18500","18500","1","1","1","IAT1009190830","NHO2018000007","PAID","lV 2","193006"),
("IATT190002549","193018","191001","192002","37000","1","37000","18500","18500","1","1","1","IAT1009190830","NHO2018000007","PAID","LV 3","PEDAS"),
("IATT190002549","193055","191002","192010","17000","1","17000","0","17000","1","1","1","IAT1009190830","NHO2018000007","PAID","","193055"),
("IATT190002549","193055","191002","192010","17000","1","17000","0","17000","2","1","1","IAT1009190830","NHO2018000007","PAID","","193055"),
("IATT190002549","193055","191002","192010","17000","1","17000","0","17000","3","1","1","IAT1009190830","NHO2018000007","PAID","","193055"),
("IATT190002549","193055","191002","192010","17000","1","17000","0","17000","4","1","2","IAT1009190830","NHO2018000007","PAID","","193055"),
("IATT190002549","193071","191001","192012","18000","1","18000","9000","9000","1","1","3","IAT1009190830","NHO2018000007","PAID","","193071"),
("IATT190002550","193005","191001","192001","37000","1","37000","18500","18500","1","1","1","IAT1009190830","NHO2018000007","PAID","","193005"),
("IATT190002550","193018","191001","192002","37000","1","37000","18500","18500","1","1","1","IAT1009190830","NHO2018000007","PAID","","ORIGINAL"),
("IATT190002550","193046","191002","192010","10000","1","10000","0","10000","1","1","1","IAT1009190830","NHO2018000007","PAID","","193046"),
("IATT190002550","193047","191002","192010","10000","1","10000","0","10000","1","1","1","IAT1009190830","NHO2018000007","PAID","","193047"),
("IATT190002551","193083","191001","192001","30000","1","30000","15000","15000","1","1","1","IAT1009190830","NHO2018000007","PAID","","193083"),
("IATT190002551","193030","191001","192004","27000","1","27000","13500","13500","1","1","1","IAT1009190830","NHO2018000007","PAID","","193030"),
("IATT190002551","193052","191002","192010","20000","1","20000","0","20000","1","1","1","IAT1009190830","NHO2018000007","PAID","","193052"),
("IATT190002551","193047","191002","192010","10000","1","10000","0","10000","1","1","1","IAT1009190830","NHO2018000007","PAID","","193047"),
("IATT190002552","193005","191001","192001","37000","1","37000","18500","18500","1","1","1","IAT1009190830","NHO2018000007","PAID","","193005"),
("IATT190002552","193070","191001","192012","13000","1","13000","6500","6500","1","1","1","IAT1009190830","NHO2018000007","PAID","","193070"),
("IATT190002552","193016","191001","192002","37000","1","37000","18500","18500","1","1","1","IAT1009190830","NHO2018000007","PAID","","PEDAS"),
("IATT190002552","193035","191001","192006","32000","1","32000","16000","16000","1","1","1","IAT1009190830","NHO2018000007","PAID","","ORIGINAL"),
("IATT190002552","193033","191001","192005","42000","1","42000","21000","21000","1","1","1","IAT1009190830","NHO2018000007","PAID","","193033"),
("IATT190002552","193049","191002","192010","10000","1","10000","0","10000","1","1","1","IAT1009190830","NHO2018000007","PAID","","193049"),
("IATT190002552","193054","191002","192010","20000","1","20000","0","20000","1","1","1","IAT1009190830","NHO2018000007","PAID","","193054"),
("IATT190002552","193055","191002","192010","17000","1","17000","0","17000","1","1","1","IAT1009190830","NHO2018000007","PAID","","193055"),
("IATT190002552","193048","191002","192010","8000","1","8000","0","8000","1","1","1","IAT1009190830","NHO2018000007","PAID","","193048"),
("IATT190002552","193046","191002","192010","10000","1","10000","0","10000","1","1","1","IAT1009190830","NHO2018000007","PAID","","193046"),
("IATT190002553","193082","191001","192001","30000","1","30000","15000","15000","1","1","1","IAT1009190830","NHO2018000007","PAID","","193082"),
("IATT190002553","193084","191001","192001","30000","1","30000","15000","15000","1","1","1","IAT1009190830","NHO2018000007","PAID","LV 3","PEDAS"),
("IATT190002553","193084","191001","192001","30000","1","30000","15000","15000","2","1","1","IAT1009190830","NHO2018000007","PAID","","PEDAS"),
("IATT190002553","193048","191002","192010","8000","1","8000","0","8000","1","1","1","IAT1009190830","NHO2018000007","PAID","","193048"),
("IATT190002552","193033","191001","192005","42000","1","42000","21000","21000","2","1","2","IAT1009190830","NHO2018000007","PAID","","193033"),
("IATT190002552","193030","191001","192004","27000","1","27000","13500","13500","1","1","2","IAT1009190830","NHO2018000007","PAID","","193030"),
("IATT190002552","193052","191002","192010","20000","1","20000","0","20000","1","1","2","IAT1009190830","NHO2018000007","PAID","","193052"),
("IATT190002552","193054","191002","192010","20000","1","20000","0","20000","2","1","2","IAT1009190830","NHO2018000007","PAID","","193054"),
("IATT190002554","193036","191001","192006","36000","1","36000","18000","18000","1","1","1","IAT1009190830","NHO2018000007","PAID","","PEDAS"),
("IATT190002554","193084","191001","192001","30000","1","30000","15000","15000","1","1","1","IAT1009190830","NHO2018000007","PAID","","PEDAS"),
("IATT190002554","193047","191002","192010","10000","1","10000","0","10000","1","1","1","IAT1009190830","NHO2018000007","PAID","","193047"),
("IATT190002554","193047","191002","192010","10000","1","10000","0","10000","2","1","1","IAT1009190830","NHO2018000007","PAID","","193047"),
("IATT190002554","193069","191001","192012","13000","1","13000","6500","6500","1","1","1","IAT1009190830","NHO2018000007","PAID","","193069"),
("IATT190002555","193024","191001","192003","30000","1","30000","0","30000","1","1","1","IAT1009190830","NHO2018000007","PAID","","193024"),
("IATT190002555","193052","191002","192010","20000","1","20000","0","20000","1","1","1","IAT1009190830","NHO2018000007","PAID","","193052"),
("IATT190002555","193051","191002","192010","20000","1","20000","0","20000","1","1","1","IAT1009190830","NHO2018000007","PAID","","193051"),
("IATT190002555","193024","191001","192003","30000","1","30000","0","30000","2","1","2","IAT1009190830","NHO2018000007","PAID","","193024");



INSERT INTO pos_salestemp VALUES("IATT190002545","","1","36000","18000","1800","0","19800","20000","10/09/2019","09:41","2019-09-10","11:28:56","ISU000012","tbl0018","CLOSED","1","","IATR190002473","","","","","IAT1009190830","NHO2018000007"),
("IATT190002546","","4","241000","92000","14900","0","163900","163900","10/09/2019","12:41","2019-09-10","13:21:25","ISU000012","tbl0013","CLOSED","1","","IATR190002474","","","","","IAT1009190830","NHO2018000007"),
("IATT190002547","","2","72000","36000","3600","0","39600","50000","10/09/2019","14:40","2019-09-10","16:15:19","ISU000012","tbl0001","CLOSED","1","","IATR190002476","","","","","IAT1009190830","NHO2018000007"),
("IATT190002548","","1","40000","20000","2000","0","22000","50000","10/09/2019","14:44","2019-09-10","14:46:48","ISU000012","tbl0002","CLOSED","1","","IATR190002475","","","","","IAT1009190830","NHO2018000007"),
("IATT190002549","","3","197000","64500","13250","0","145750","150000","10/09/2019","18:01","2019-09-10","19:01:16","ISU000012","tbl0010","CLOSED","1","","IATR190002479","","","","","IAT1009190830","NHO2018000007"),
("IATT190002550","","2","94000","37000","5700","0","62700","65000","10/09/2019","18:25","2019-09-10","18:51:57","ISU000012","tbl0012","CLOSED","1","","IATR190002477","","","","","IAT1009190830","NHO2018000007"),
("IATT190002551","","2","87000","28500","5850","0","64350","65000","10/09/2019","18:26","2019-09-10","18:53:58","ISU000012","tbl0011","CLOSED","1","","IATR190002478","","","","","IAT1009190830","NHO2018000007"),
("IATT190002552","","4","335000","115000","22000","0","242000","252000","10/09/2019","19:48","2019-09-10","20:44:54","ISU000012","tbl0010","CLOSED","1","","IATR190002481","","","","","IAT1009190830","NHO2018000007"),
("IATT190002553","","2","98000","45000","5300","0","58300","60000","10/09/2019","19:49","2019-09-10","20:43:02","ISU000012","tbl0012","CLOSED","1","","IATR190002480","","","","","IAT1009190830","NHO2018000007"),
("IATT190002554","","2","99000","39500","5950","0","65450","100000","10/09/2019","21:00","2019-09-10","21:36:17","ISU000012","tbl0011","CLOSED","1","","IATR190002483","","","","","IAT1009190830","NHO2018000007"),
("IATT190002555","","2","100000","0","10000","0","110000","120000","10/09/2019","21:01","2019-09-10","21:34:11","ISU000012","tbl0010","CLOSED","1","","IATR190002482","","","","","IAT1009190830","NHO2018000007");



INSERT INTO item_void VALUES("IATT190002548","IAT1009190830","NHO2018000007","193052","193052","1","20000","Before Send","Komplen Customer");



INSERT INTO pos_promotion_h VALUES("IATT190002545","NPRM18000017","DISC ITEM","1","18000","TUNJUKKAN JEMPOLMU","IAT1009190830","PAID","NHO2018000007"),
("IATT190002546","NPRM18000017","DISC ITEM","1","92000","TUNJUKKAN JEMPOLMU","IAT1009190830","PAID","NHO2018000007"),
("IATT190002548","NPRM18000017","DISC ITEM","1","20000","TUNJUKKAN JEMPOLMU","IAT1009190830","PAID","NHO2018000007"),
("IATT190002547","NPRM18000017","DISC ITEM","1","36000","TUNJUKKAN JEMPOLMU","IAT1009190830","PAID","NHO2018000007"),
("IATT190002550","NPRM18000017","DISC ITEM","1","37000","TUNJUKKAN JEMPOLMU","IAT1009190830","PAID","NHO2018000007"),
("IATT190002551","NPRM18000017","DISC ITEM","1","28500","TUNJUKKAN JEMPOLMU","IAT1009190830","PAID","NHO2018000007"),
("IATT190002549","NPRM18000017","DISC ITEM","1","64500","TUNJUKKAN JEMPOLMU","IAT1009190830","PAID","NHO2018000007"),
("IATT190002552","NPRM18000017","DISC ITEM","1","115000","TUNJUKKAN JEMPOLMU","IAT1009190830","PAID","NHO2018000007"),
("IATT190002553","NPRM18000017","DISC ITEM","1","45000","TUNJUKKAN JEMPOLMU","IAT1009190830","PAID","NHO2018000007"),
("IATT190002554","NPRM18000012","DISC ITEM","1","39500","eatigo 50%","IAT1009190830","PAID","NHO2018000007");



INSERT INTO pos_promotion_d VALUES("IATT190002545","NPRM18000017","DISC ITEM","1","1","193036","1","18000","IAT1009190830","PAID","NHO2018000007"),
("IATT190002546","NPRM18000017","DISC ITEM","1","1","193010","1","20000","IAT1009190830","PAID","NHO2018000007"),
("IATT190002546","NPRM18000017","DISC ITEM","1","1","193019","1","20000","IAT1009190830","PAID","NHO2018000007"),
("IATT190002546","NPRM18000017","DISC ITEM","1","1","193084","1","15000","IAT1009190830","PAID","NHO2018000007"),
("IATT190002546","NPRM18000017","DISC ITEM","1","1","193084","2","15000","IAT1009190830","PAID","NHO2018000007"),
("IATT190002546","NPRM18000017","DISC ITEM","1","1","193071","1","9000","IAT1009190830","PAID","NHO2018000007"),
("IATT190002546","NPRM18000017","DISC ITEM","1","1","193070","1","6500","IAT1009190830","PAID","NHO2018000007"),
("IATT190002546","NPRM18000017","DISC ITEM","1","1","193069","1","6500","IAT1009190830","PAID","NHO2018000007"),
("IATT190002548","NPRM18000017","DISC ITEM","1","1","193011","1","20000","IAT1009190830","PAID","NHO2018000007"),
("IATT190002547","NPRM18000017","DISC ITEM","1","1","193037","1","18000","IAT1009190830","PAID","NHO2018000007"),
("IATT190002547","NPRM18000017","DISC ITEM","1","1","193036","1","18000","IAT1009190830","PAID","NHO2018000007"),
("IATT190002550","NPRM18000017","DISC ITEM","1","1","193005","1","18500","IAT1009190830","PAID","NHO2018000007"),
("IATT190002550","NPRM18000017","DISC ITEM","1","1","193018","1","18500","IAT1009190830","PAID","NHO2018000007"),
("IATT190002551","NPRM18000017","DISC ITEM","1","1","193083","1","15000","IAT1009190830","PAID","NHO2018000007"),
("IATT190002551","NPRM18000017","DISC ITEM","1","1","193030","1","13500","IAT1009190830","PAID","NHO2018000007"),
("IATT190002549","NPRM18000017","DISC ITEM","1","1","193007","1","18500","IAT1009190830","PAID","NHO2018000007"),
("IATT190002549","NPRM18000017","DISC ITEM","1","1","193006","1","18500","IAT1009190830","PAID","NHO2018000007"),
("IATT190002549","NPRM18000017","DISC ITEM","1","1","193018","1","18500","IAT1009190830","PAID","NHO2018000007"),
("IATT190002549","NPRM18000017","DISC ITEM","1","1","193071","1","9000","IAT1009190830","PAID","NHO2018000007"),
("IATT190002552","NPRM18000017","DISC ITEM","1","1","193005","1","18500","IAT1009190830","PAID","NHO2018000007"),
("IATT190002552","NPRM18000017","DISC ITEM","1","1","193070","1","6500","IAT1009190830","PAID","NHO2018000007"),
("IATT190002552","NPRM18000017","DISC ITEM","1","1","193016","1","18500","IAT1009190830","PAID","NHO2018000007"),
("IATT190002552","NPRM18000017","DISC ITEM","1","1","193035","1","16000","IAT1009190830","PAID","NHO2018000007"),
("IATT190002552","NPRM18000017","DISC ITEM","1","1","193033","1","21000","IAT1009190830","PAID","NHO2018000007"),
("IATT190002552","NPRM18000017","DISC ITEM","1","1","193033","2","21000","IAT1009190830","PAID","NHO2018000007"),
("IATT190002552","NPRM18000017","DISC ITEM","1","1","193030","1","13500","IAT1009190830","PAID","NHO2018000007"),
("IATT190002553","NPRM18000017","DISC ITEM","1","1","193082","1","15000","IAT1009190830","PAID","NHO2018000007"),
("IATT190002553","NPRM18000017","DISC ITEM","1","1","193084","1","15000","IAT1009190830","PAID","NHO2018000007"),
("IATT190002553","NPRM18000017","DISC ITEM","1","1","193084","2","15000","IAT1009190830","PAID","NHO2018000007"),
("IATT190002554","NPRM18000012","DISC ITEM","1","1","193036","1","18000","IAT1009190830","PAID","NHO2018000007"),
("IATT190002554","NPRM18000012","DISC ITEM","1","1","193084","1","15000","IAT1009190830","PAID","NHO2018000007"),
("IATT190002554","NPRM18000012","DISC ITEM","1","1","193069","1","6500","IAT1009190830","PAID","NHO2018000007");



INSERT INTO pos_paymenttemp VALUES("IATT190002545","CASH","CASH","19800","20000","ISU000012","2019-09-10","","1","","CLOSED","IAT1009190830","NHO2018000007"),
("IATT190002546","CARD","VISA","163900","163900","ISU000012","2019-09-10","","1","","CLOSED","IAT1009190830","NHO2018000007"),
("IATT190002548","CASH","CASH","22000","50000","ISU000012","2019-09-10","","1","","CLOSED","IAT1009190830","NHO2018000007"),
("IATT190002547","CASH","CASH","39600","50000","ISU000012","2019-09-10","","1","","CLOSED","IAT1009190830","NHO2018000007"),
("IATT190002550","CASH","CASH","62700","65000","ISU000012","2019-09-10","","1","","CLOSED","IAT1009190830","NHO2018000007"),
("IATT190002551","CASH","CASH","64350","65000","ISU000012","2019-09-10","","1","","CLOSED","IAT1009190830","NHO2018000007"),
("IATT190002549","CASH","CASH","145750","150000","ISU000012","2019-09-10","","1","","CLOSED","IAT1009190830","NHO2018000007"),
("IATT190002553","CASH","CASH","58300","60000","ISU000012","2019-09-10","","1","","CLOSED","IAT1009190830","NHO2018000007"),
("IATT190002552","CASH","CASH","242000","252000","ISU000012","2019-09-10","","1","","CLOSED","IAT1009190830","NHO2018000007"),
("IATT190002555","CASH","CASH","110000","120000","ISU000012","2019-09-10","","1","","CLOSED","IAT1009190830","NHO2018000007"),
("IATT190002554","CASH","CASH","65450","100000","ISU000012","2019-09-10","","1","","CLOSED","IAT1009190830","NHO2018000007");



