INSERT INTO pos_itemtemp VALUES("IATT190004299","193011","191001","192001","40000","1","40000","20000","20000","1","1","1","IAT1412190914","NHO2018000007","PAID","","PEDAS"),
("IATT190004299","193020","191001","192002","40000","1","40000","20000","20000","1","1","1","IAT1412190914","NHO2018000007","PAID","","193020"),
("IATT190004299","193033","191001","192005","42000","1","42000","21000","21000","1","1","1","IAT1412190914","NHO2018000007","PAID","","193033"),
("IATT190004299","193049","191002","192010","10000","1","10000","0","10000","1","1","1","IAT1412190914","NHO2018000007","PAID","","193049"),
("IATT190004299","193049","191002","192010","10000","1","10000","0","10000","2","1","1","IAT1412190914","NHO2018000007","PAID","","193049"),
("IATT190004299","193048","191002","192010","8000","1","8000","0","8000","1","1","1","IAT1412190914","NHO2018000007","PAID","","193048"),
("IATT190004300","193037","191001","192006","36000","1","36000","18000","18000","1","1","1","IAT1412190914","NHO2018000007","PAID","","ORIGINAL"),
("IATT190004300","193033","191001","192005","42000","1","42000","21000","21000","1","1","1","IAT1412190914","NHO2018000007","PAID","","193033"),
("IATT190004300","193034","191001","192005","37000","1","37000","18500","18500","1","1","1","IAT1412190914","NHO2018000007","PAID","","193034"),
("IATT190004300","193054","191002","192010","20000","1","20000","0","20000","1","1","1","IAT1412190914","NHO2018000007","PAID","","193054"),
("IATT190004300","193054","191002","192010","20000","1","20000","0","20000","2","1","1","IAT1412190914","NHO2018000007","PAID","","193054"),
("IATT190004300","193054","191002","192010","20000","1","20000","0","20000","3","1","1","IAT1412190914","NHO2018000007","PAID","","193054"),
("IATT190004301","193033","191001","192005","42000","1","42000","21000","21000","1","1","1","IAT1412190914","NHO2018000007","PAID","","193033"),
("IATT190004301","193018","191001","192002","37000","1","37000","18500","18500","1","1","1","IAT1412190914","NHO2018000007","PAID","","ORIGINAL"),
("IATT190004301","193005","191001","192001","37000","1","37000","18500","18500","1","1","1","IAT1412190914","NHO2018000007","PAID","","193005"),
("IATT190004301","193005","191001","192001","37000","1","37000","18500","18500","2","1","1","IAT1412190914","NHO2018000007","PAID","","193005"),
("IATT190004301","193048","191002","192010","8000","1","8000","0","8000","1","1","1","IAT1412190914","NHO2018000007","PAID","","193048"),
("IATT190004302","193033","191001","192005","42000","1","42000","21000","21000","1","1","1","IAT1412190914","NHO2018000007","PAID","","193033"),
("IATT190004302","193019","191001","192002","40000","1","40000","20000","20000","1","1","1","IAT1412190914","NHO2018000007","PAID","","PEDAS"),
("IATT190004302","193012","191001","192001","40000","1","40000","20000","20000","1","1","1","IAT1412190914","NHO2018000007","PAID","","193012"),
("IATT190004302","193027","191001","192003","43000","1","43000","0","43000","1","1","1","IAT1412190914","NHO2018000007","PAID","","193027"),
("IATT190004302","193080","191001","192002","33000","1","33000","16500","16500","1","1","1","IAT1412190914","NHO2018000007","PAID","","PEDAS"),
("IATT190004302","193067","191001","192003","7000","1","7000","0","7000","1","1","1","IAT1412190914","NHO2018000007","PAID","","193067"),
("IATT190004302","193048","191002","192010","8000","1","8000","0","8000","1","1","1","IAT1412190914","NHO2018000007","PAID","","193048"),
("IATT190004302","193048","191002","192010","8000","1","8000","0","8000","2","1","1","IAT1412190914","NHO2018000007","PAID","","193048"),
("IATT190004302","193055","191002","192010","17000","1","17000","0","17000","1","1","1","IAT1412190914","NHO2018000007","PAID","","193055"),
("IATT190004302","193052","191002","192010","20000","1","20000","0","20000","1","1","1","IAT1412190914","NHO2018000007","PAID","","193052"),
("IATT190004302","193052","191002","192010","20000","1","20000","0","20000","2","1","1","IAT1412190914","NHO2018000007","PAID","","193052"),
("IATT190004302","193051","191002","192010","20000","1","20000","0","20000","1","1","1","IAT1412190914","NHO2018000007","PAID","","193051"),
("IATT190004303","193081","191001","192002","33000","1","33000","0","33000","1","1","1","IAT1412190914","NHO2018000007","PAID","","193081"),
("IATT190004303","193027","191001","192003","43000","1","43000","0","43000","1","1","1","IAT1412190914","NHO2018000007","PAID","","193027"),
("IATT190004303","193048","191002","192010","8000","1","8000","0","8000","1","1","1","IAT1412190914","NHO2018000007","PAID","","193048"),
("IATT190004304","193086","191001","192002","33000","1","33000","0","33000","1","1","1","IAT1412190914","NHO2018000007","PAID","","PEDAS"),
("IATT190004304","193055","191002","192010","17000","1","17000","0","17000","1","1","1","IAT1412190914","NHO2018000007","PAID","","193055"),
("IATT190004304","193072","191001","192012","25000","1","25000","0","25000","1","1","1","IAT1412190914","NHO2018000007","PAID","","193072"),
("IATT190004305","193038","191001","192006","36000","1","36000","0","36000","1","1","1","IAT1412190914","NHO2018000007","PAID","","ORIGINAL"),
("IATT190004305","193024","191001","192003","30000","1","30000","0","30000","1","1","1","IAT1412190914","NHO2018000007","PAID","","193024"),
("IATT190004305","193056","191002","192010","17000","1","17000","0","17000","1","1","1","IAT1412190914","NHO2018000007","PAID","","193056"),
("IATT190004305","193052","191002","192010","20000","1","20000","0","20000","1","1","1","IAT1412190914","NHO2018000007","PAID","","193052"),
("IATT190004306","193009","191001","192001","40000","1","40000","20000","20000","1","1","1","IAT1412190914","NHO2018000007","PAID","","193009"),
("IATT190004306","193010","191001","192001","40000","1","40000","20000","20000","1","1","1","IAT1412190914","NHO2018000007","PAID","","193010"),
("IATT190004306","193020","191001","192002","40000","1","40000","20000","20000","1","1","1","IAT1412190914","NHO2018000007","PAID","","193020"),
("IATT190004306","193052","191002","192010","20000","1","20000","0","20000","1","1","1","IAT1412190914","NHO2018000007","PAID","","193052"),
("IATT190004306","193051","191002","192010","20000","1","20000","0","20000","1","1","1","IAT1412190914","NHO2018000007","PAID","","193051"),
("IATT190004307","193033","191001","192005","42000","1","42000","21000","21000","1","1","1","IAT1412190914","NHO2018000007","PAID","","193033"),
("IATT190004307","193011","191001","192001","40000","1","40000","20000","20000","1","1","1","IAT1412190914","NHO2018000007","PAID","pedes","PEDAS"),
("IATT190004307","193054","191002","192010","20000","1","20000","0","20000","1","1","1","IAT1412190914","NHO2018000007","PAID","","193054"),
("IATT190004307","193052","191002","192010","20000","1","20000","0","20000","1","1","1","IAT1412190914","NHO2018000007","PAID","","193052"),
("IATT190004307","193047","191002","192010","10000","1","10000","0","10000","1","1","1","IAT1412190914","NHO2018000007","PAID","","193047"),
("IATT190004307","193039","191001","192006","36000","1","36000","18000","18000","1","1","1","IAT1412190914","NHO2018000007","PAID","pedes","PEDAS"),
("IATT190004308","193076","191001","192001","30000","1","30000","15000","15000","1","1","1","IAT1412190914","NHO2018000007","PAID","","193076"),
("IATT190004308","193084","191001","192001","30000","1","30000","15000","15000","1","1","1","IAT1412190914","NHO2018000007","PAID","","PEDAS"),
("IATT190004308","193032","191001","192004","30000","1","30000","15000","15000","1","1","1","IAT1412190914","NHO2018000007","PAID","","193032"),
("IATT190004308","193046","191002","192010","10000","1","10000","0","10000","1","1","1","IAT1412190914","NHO2018000007","PAID","","193046"),
("IATT190004308","193056","191002","192010","17000","1","17000","0","17000","1","1","1","IAT1412190914","NHO2018000007","PAID","","193056"),
("IATT190004309","193048","191002","192010","8000","1","8000","0","8000","1","1","1","IAT1412190914","NHO2018000007","PAID","","193048"),
("IATT190004309","193048","191002","192010","8000","1","8000","0","8000","2","1","1","IAT1412190914","NHO2018000007","PAID","","193048"),
("IATT190004310","193011","191001","192001","40000","1","40000","0","40000","1","1","1","IAT1412190914","NHO2018000007","PAID","","PEDAS"),
("IATT190004310","193083","191001","192001","30000","1","30000","0","30000","1","1","1","IAT1412190914","NHO2018000007","PAID","","193083"),
("IATT190004310","193054","191002","192010","20000","1","20000","0","20000","1","1","1","IAT1412190914","NHO2018000007","PAID","","193054"),
("IATT190004310","193053","191002","192010","20000","1","20000","0","20000","1","1","1","IAT1412190914","NHO2018000007","PAID","","193053"),
("IATT190004310","193048","191002","192010","8000","1","8000","0","8000","1","1","1","IAT1412190914","NHO2018000007","PAID","","193048"),
("IATT190004311","193096","191001","192008","50000","1","50000","5000","45000","1","1","1","IAT1412190914","NHO2018000007","PAID","","193096"),
("IATT190004311","193027","191001","192003","43000","1","43000","4300","38700","1","1","1","IAT1412190914","NHO2018000007","PAID","","193027"),
("IATT190004311","193048","191002","192010","8000","1","8000","800","7200","1","1","1","IAT1412190914","NHO2018000007","PAID","","193048"),
("IATT190004312","193082","191001","192001","30000","1","30000","3000","27000","1","1","1","IAT1412190914","NHO2018000007","PAID","","193082"),
("IATT190004312","193041","191001","192008","20000","1","20000","2000","18000","1","1","1","IAT1412190914","NHO2018000007","PAID","","193041"),
("IATT190004312","193025","191001","192003","30000","1","30000","3000","27000","1","1","1","IAT1412190914","NHO2018000007","PAID","","193025"),
("IATT190004312","193046","191002","192010","10000","1","10000","1000","9000","1","1","1","IAT1412190914","NHO2018000007","PAID","","193046"),
("IATT190004312","193051","191002","192010","20000","1","20000","2000","18000","1","1","1","IAT1412190914","NHO2018000007","PAID","","193051"),
("IATT190004313","193114","191001","192006","42000","1","42000","21000","21000","1","1","1","IAT1412190914","NHO2018000007","PAID","","193114"),
("IATT190004313","193007","191001","192001","37000","1","37000","18500","18500","1","1","1","IAT1412190914","NHO2018000007","PAID","","PEDAS"),
("IATT190004313","193069","191001","192012","13000","1","13000","6500","6500","1","1","1","IAT1412190914","NHO2018000007","PAID","","193069"),
("IATT190004313","193052","191002","192010","20000","1","20000","0","20000","1","1","1","IAT1412190914","NHO2018000007","PAID","","193052"),
("IATT190004313","193053","191002","192010","20000","1","20000","0","20000","1","1","1","IAT1412190914","NHO2018000007","PAID","","193053"),
("IATT190004314","193025","191001","192003","30000","1","30000","0","30000","1","1","1","IAT1412190914","NHO2018000007","PAID","","193025"),
("IATT190004314","193022","191001","192003","30000","1","30000","0","30000","1","1","1","IAT1412190914","NHO2018000007","PAID","","193022"),
("IATT190004314","193055","191002","192010","17000","1","17000","0","17000","1","1","1","IAT1412190914","NHO2018000007","PAID","","193055"),
("IATT190004314","193055","191002","192010","17000","1","17000","0","17000","2","1","1","IAT1412190914","NHO2018000007","PAID","","193055"),
("IATT190004315","193009","191001","192001","40000","1","40000","20000","20000","1","1","1","IAT1412190914","NHO2018000007","PAID","","193009"),
("IATT190004315","193018","191001","192002","37000","1","37000","18500","18500","1","1","1","IAT1412190914","NHO2018000007","PAID","sedeng aja ","PEDAS"),
("IATT190004315","193113","191001","192003","55000","1","55000","0","55000","1","1","1","IAT1412190914","NHO2018000007","PAID","","193113"),
("IATT190004315","193046","191002","192010","10000","1","10000","0","10000","1","1","1","IAT1412190914","NHO2018000007","PAID","","193046"),
("IATT190004315","193046","191002","192010","10000","1","10000","0","10000","2","1","1","IAT1412190914","NHO2018000007","PAID","","193046"),
("IATT190004315","193047","191002","192010","10000","1","10000","0","10000","1","1","1","IAT1412190914","NHO2018000007","PAID","","193047"),
("IATT190004315","193069","191001","192012","13000","1","13000","6500","6500","1","1","1","IAT1412190914","NHO2018000007","PAID","","193069"),
("IATT190004316","193005","191001","192001","37000","1","37000","18500","18500","1","1","1","IAT1412190914","NHO2018000007","PAID","","193005"),
("IATT190004316","193036","191001","192006","36000","1","36000","18000","18000","1","1","1","IAT1412190914","NHO2018000007","PAID","","ORIGINAL"),
("IATT190004316","193046","191002","192010","10000","1","10000","0","10000","1","1","1","IAT1412190914","NHO2018000007","PAID","","193046"),
("IATT190004316","193049","191002","192010","10000","1","10000","0","10000","1","1","1","IAT1412190914","NHO2018000007","PAID","","193049"),
("IATT190004316","193056","191002","192010","17000","1","17000","0","17000","1","1","1","IAT1412190914","NHO2018000007","PAID","","193056"),
("IATT190004316","193020","191001","192002","40000","1","40000","20000","20000","1","1","1","IAT1412190914","NHO2018000007","PAID","","193020"),
("IATT190004317","193084","191001","192001","30000","1","30000","15000","15000","1","1","1","IAT1412190914","NHO2018000007","PAID","lv 2","PEDAS"),
("IATT190004317","193009","191001","192001","40000","1","40000","20000","20000","1","1","1","IAT1412190914","NHO2018000007","PAID","","193009"),
("IATT190004317","193071","191001","192012","18000","1","18000","9000","9000","1","1","1","IAT1412190914","NHO2018000007","PAID","","193071"),
("IATT190004317","193048","191002","192010","8000","1","8000","0","8000","1","1","1","IAT1412190914","NHO2018000007","PAID","","193048"),
("IATT190004317","193046","191002","192010","10000","1","10000","0","10000","1","1","1","IAT1412190914","NHO2018000007","PAID","","193046"),
("IATT190004318","193022","191001","192003","30000","1","30000","0","30000","1","1","1","IAT1412190914","NHO2018000007","PAID","","193022"),
("IATT190004318","193056","191002","192010","17000","1","17000","0","17000","1","1","1","IAT1412190914","NHO2018000007","PAID","","193056"),
("IATT190004319","193085","191001","192001","30000","1","30000","15000","15000","1","1","1","IAT1412190914","NHO2018000007","PAID","","193085"),
("IATT190004319","193082","191001","192001","30000","1","30000","15000","15000","1","1","1","IAT1412190914","NHO2018000007","PAID","","193082"),
("IATT190004319","193086","191001","192002","33000","1","33000","16500","16500","1","1","1","IAT1412190914","NHO2018000007","PAID","","PEDAS"),
("IATT190004319","193055","191002","192010","17000","1","17000","0","17000","1","1","1","IAT1412190914","NHO2018000007","PAID","","193055"),
("IATT190004320","193034","191001","192005","37000","1","37000","18500","18500","1","1","1","IAT1412190914","NHO2018000007","PAID","","193034"),
("IATT190004320","193036","191001","192006","36000","1","36000","18000","18000","1","1","1","IAT1412190914","NHO2018000007","PAID","","ORIGINAL"),
("IATT190004320","193039","191001","192006","36000","1","36000","18000","18000","1","1","1","IAT1412190914","NHO2018000007","PAID","","ORIGINAL"),
("IATT190004320","193055","191002","192010","17000","1","17000","0","17000","1","1","1","IAT1412190914","NHO2018000007","PAID","","193055"),
("IATT190004320","193046","191002","192010","10000","1","10000","0","10000","1","1","1","IAT1412190914","NHO2018000007","PAID","","193046"),
("IATT190004320","193046","191002","192010","10000","1","10000","0","10000","2","1","1","IAT1412190914","NHO2018000007","PAID","","193046"),
("IATT190004321","193010","191001","192001","40000","1","40000","20000","20000","1","1","1","IAT1412190914","NHO2018000007","PAID","tdk pakai daun bawang","193010"),
("IATT190004321","193087","191001","192002","33000","1","33000","16500","16500","1","1","1","IAT1412190914","NHO2018000007","PAID","tidak pakai daun bawang","193087"),
("IATT190004321","193030","191001","192004","27000","1","27000","13500","13500","1","1","1","IAT1412190914","NHO2018000007","PAID","","193030"),
("IATT190004321","193049","191002","192010","10000","1","10000","0","10000","1","1","1","IAT1412190914","NHO2018000007","PAID","","193049"),
("IATT190004321","193055","191002","192010","17000","1","17000","0","17000","1","1","1","IAT1412190914","NHO2018000007","PAID","","193055"),
("IATT190004321","193048","191002","192010","8000","1","8000","0","8000","1","1","1","IAT1412190914","NHO2018000007","PAID","","193048"),
("IATT190004322","193114","191001","192006","42000","1","42000","21000","21000","1","1","1","IAT1412190914","NHO2018000007","PAID","","193114"),
("IATT190004322","193007","191001","192001","37000","1","37000","18500","18500","1","1","1","IAT1412190914","NHO2018000007","PAID","","PEDAS"),
("IATT190004322","193071","191001","192012","18000","1","18000","9000","9000","1","1","1","IAT1412190914","NHO2018000007","PAID","","193071"),
("IATT190004322","193048","191002","192010","8000","1","8000","0","8000","1","1","1","IAT1412190914","NHO2018000007","PAID","","193048"),
("IATT190004322","193048","191002","192010","8000","1","8000","0","8000","2","1","1","IAT1412190914","NHO2018000007","PAID","","193048"),
("IATT190004320","193048","191002","192010","8000","1","8000","0","8000","1","1","2","IAT1412190914","NHO2018000007","PAID","","193048"),
("IATT190004323","193011","191001","192001","40000","1","40000","20000","20000","1","1","1","IAT1412190914","NHO2018000007","PAID","","PEDAS"),
("IATT190004323","193011","191001","192001","40000","1","40000","20000","20000","2","1","1","IAT1412190914","NHO2018000007","PAID","","PEDAS"),
("IATT190004323","193056","191002","192010","17000","1","17000","0","17000","1","1","1","IAT1412190914","NHO2018000007","PAID","","193056"),
("IATT190004323","193055","191002","192010","17000","1","17000","0","17000","1","1","1","IAT1412190914","NHO2018000007","PAID","","193055"),
("IATT190004323","193070","191001","192012","13000","1","13000","6500","6500","1","1","1","IAT1412190914","NHO2018000007","PAID","","193070"),
("IATT190004324","193035","191001","192006","32000","1","32000","0","32000","1","1","1","IAT1412190914","NHO2018000007","PAID","sedeng ","PEDAS"),
("IATT190004324","193028","191001","192003","43000","1","43000","0","43000","1","1","1","IAT1412190914","NHO2018000007","PAID","","193028"),
("IATT190004324","193046","191002","192010","10000","1","10000","0","10000","1","1","1","IAT1412190914","NHO2018000007","PAID","","193046"),
("IATT190004324","193050","191002","192010","20000","1","20000","0","20000","1","1","1","IAT1412190914","NHO2018000007","PAID","","193050"),
("IATT190004323","193055","191002","192010","17000","1","17000","0","17000","2","1","2","IAT1412190914","NHO2018000007","PAID","","193055");



INSERT INTO pos_salestemp VALUES("IATT190004299","","3","150000","61000","8900","0","97900","100000","14/12/2019","11:56","2019-12-14","12:20:37","ISU000006","tbl0010","CLOSED","1","","IATR190004176","","","","","IAT1412190914","NHO2018000007"),
("IATT190004300","","3","175000","57500","11750","0","129250","150000","14/12/2019","12:12","2019-12-14","13:01:09","ISU000006","tbl0012","CLOSED","1","","IATR190004178","","","","","IAT1412190914","NHO2018000007"),
("IATT190004301","","3","161000","76500","8450","0","92950","100000","14/12/2019","12:17","2019-12-14","12:58:46","ISU000006","tbl0011","CLOSED","1","","IATR190004177","","","","","IAT1412190914","NHO2018000007"),
("IATT190004302","","5","298000","77500","22050","0","242550","242550","14/12/2019","12:44","2019-12-14","13:16:11","ISU000006","tbl0013","CLOSED","1","","IATR190004179","","","","","IAT1412190914","NHO2018000007"),
("IATT190004303","","2","84000","0","8400","0","92400","92400","14/12/2019","12:50","2019-12-14","13:27:22","ISU000006","tbl0020","CLOSED","1","","IATR190004180","","","","","IAT1412190914","NHO2018000007"),
("IATT190004304","","1","75000","0","7500","0","82500","100000","14/12/2019","13:44","2019-12-14","14:24:27","ISU000006","tbl0009","CLOSED","1","","IATR190004181","","","","","IAT1412190914","NHO2018000007"),
("IATT190004305","","2","103000","0","10300","0","113300","113300","14/12/2019","13:53","2019-12-14","14:27:26","ISU000006","tbl0012","CLOSED","1","","IATR190004182","","","","","IAT1412190914","NHO2018000007"),
("IATT190004306","","2","160000","60000","10000","0","110000","200000","14/12/2019","15:23","2019-12-14","16:01:29","ISU000006","tbl0011","CLOSED","1","","IATR190004183","","","","","IAT1412190914","NHO2018000007"),
("IATT190004307","","3","168000","59000","10900","0","119900","119900","14/12/2019","15:46","2019-12-14","16:39:43","ISU000006","tbl0012","CLOSED","1","","IATR190004185","","","","","IAT1412190914","NHO2018000007"),
("IATT190004308","","2","117000","45000","7200","0","79200","100200","14/12/2019","16:22","2019-12-14","17:13:01","ISU000006","tbl0014","CLOSED","1","","IATR190004187","","","","","IAT1412190914","NHO2018000007"),
("IATT190004309","","1","16000","0","1600","0","17600","20000","14/12/2019","16:36","2019-12-14","16:36:50","ISU000006","tbl0006","CLOSED","1","","IATR190004184","","","","","IAT1412190914","NHO2018000007"),
("IATT190004310","","2","118000","0","11800","0","129800","129800","14/12/2019","16:47","2019-12-14","17:10:03","ISU000006","tbl0010","CLOSED","1","","IATR190004186","","","","","IAT1412190914","NHO2018000007"),
("IATT190004311","","2","101000","10100","9090","0","99990","100000","14/12/2019","16:59","2019-12-14","17:32:24","ISU000006","tbl0012","CLOSED","1","","IATR190004188","","","","","IAT1412190914","NHO2018000007"),
("IATT190004312","","1","110000","11000","9900","0","108900","110000","14/12/2019","17:06","2019-12-14","19:10:20","ISU000004","tbl0022","CLOSED","1","","IATR190004192","","","","","IAT1412190914","NHO2018000007"),
("IATT190004313","","2","132000","46000","8600","0","94600","94600","14/12/2019","17:20","2019-12-14","18:11:19","ISU000006","tbl0010","CLOSED","1","","IATR190004189","","","","","IAT1412190914","NHO2018000007"),
("IATT190004314","","2","94000","0","9400","0","103400","103400","14/12/2019","18:20","2019-12-14","18:57:54","ISU000004","tbl0012","CLOSED","1","","IATR190004190","","","","","IAT1412190914","NHO2018000007"),
("IATT190004315","","3","175000","45000","13000","0","143000","150000","14/12/2019","18:34","2019-12-14","19:21:33","ISU000004","tbl0010","CLOSED","1","","IATR190004193","","","","","IAT1412190914","NHO2018000007"),
("IATT190004316","","4","150000","56500","9350","0","102850","105000","14/12/2019","18:36","2019-12-14","19:09:47","ISU000004","tbl0011","CLOSED","1","","IATR190004191","","","","","IAT1412190914","NHO2018000007"),
("IATT190004317","","2","106000","44000","6200","0","68200","100000","14/12/2019","19:02","2019-12-14","19:27:31","ISU000004","tbl0012","CLOSED","1","","IATR190004194","","","","","IAT1412190914","NHO2018000007"),
("IATT190004318","","1","47000","0","4700","0","51700","52000","14/12/2019","20:06","2019-12-14","20:56:19","ISU000004","tbl0021","CLOSED","1","","IATR190004197","","","","","IAT1412190914","NHO2018000007"),
("IATT190004319","","2","110000","46500","6350","0","69850","100000","14/12/2019","20:06","2019-12-14","20:45:21","ISU000004","tbl0012","CLOSED","1","","IATR190004196","","","","","IAT1412190914","NHO2018000007"),
("IATT190004320","","3","154000","54500","9950","0","109450","110000","14/12/2019","20:07","2019-12-14","20:44:12","ISU000004","tbl0010","CLOSED","1","","IATR190004195","","","","","IAT1412190914","NHO2018000007"),
("IATT190004321","","3","135000","50000","8500","0","93500","100000","14/12/2019","20:15","2019-12-14","21:12:50","ISU000004","tbl0018","CLOSED","1","","IATR190004199","","","","","IAT1412190914","NHO2018000007"),
("IATT190004322","","2","113000","48500","6450","0","70950","100000","14/12/2019","20:23","2019-12-14","21:02:19","ISU000004","tbl0011","CLOSED","1","","IATR190004198","","","","","IAT1412190914","NHO2018000007"),
("IATT190004323","","2","144000","46500","9750","0","107250","110000","14/12/2019","21:05","2019-12-14","21:44:02","ISU000004","tbl0010","CLOSED","1","","IATR190004200","","","","","IAT1412190914","NHO2018000007"),
("IATT190004324","","2","105000","0","10500","0","115500","115500","14/12/2019","21:26","2019-12-14","22:00:57","ISU000004","tbl0014","CLOSED","1","","IATR190004201","","","","","IAT1412190914","NHO2018000007");



INSERT INTO item_void VALUES("IATT190004316","IAT1412190914","NHO2018000007","193046","193046","1","10000","Before Send","Salah Order");



INSERT INTO pos_promotion_h VALUES("IATT190004299","NPRM18000021","DISC ITEM","1","61000","MENANG BANYAK","IAT1412190914","PAID","NHO2018000007"),
("IATT190004301","NPRM18000021","DISC ITEM","1","76500","MENANG BANYAK","IAT1412190914","PAID","NHO2018000007"),
("IATT190004300","NPRM18000021","DISC ITEM","1","57500","MENANG BANYAK","IAT1412190914","PAID","NHO2018000007"),
("IATT190004302","NPRM18000021","DISC ITEM","1","77500","MENANG BANYAK","IAT1412190914","PAID","NHO2018000007"),
("IATT190004306","NPRM18000021","DISC ITEM","1","60000","MENANG BANYAK","IAT1412190914","PAID","NHO2018000007"),
("IATT190004307","NPRM18000021","DISC ITEM","1","59000","MENANG BANYAK","IAT1412190914","PAID","NHO2018000007"),
("IATT190004308","NPRM18000021","DISC ITEM","1","45000","MENANG BANYAK","IAT1412190914","PAID","NHO2018000007"),
("IATT190004313","NPRM18000021","DISC ITEM","1","46000","MENANG BANYAK","IAT1412190914","PAID","NHO2018000007"),
("IATT190004311","NPRM18000019","DISC ALL","1","10100","CRM DISC 10%","IAT1412190914","PAID","NHO2018000007"),
("IATT190004315","NPRM18000021","DISC ITEM","1","45000","MENANG BANYAK","IAT1412190914","PAID","NHO2018000007"),
("IATT190004316","NPRM18000021","DISC ITEM","1","56500","MENANG BANYAK","IAT1412190914","PAID","NHO2018000007"),
("IATT190004317","NPRM18000021","DISC ITEM","1","44000","MENANG BANYAK","IAT1412190914","PAID","NHO2018000007"),
("IATT190004312","NPRM18000019","DISC ALL","1","11000","CRM DISC 10%","IAT1412190914","PAID","NHO2018000007"),
("IATT190004320","NPRM18000021","DISC ITEM","1","54500","MENANG BANYAK","IAT1412190914","PAID","NHO2018000007"),
("IATT190004319","NPRM18000021","DISC ITEM","1","46500","MENANG BANYAK","IAT1412190914","PAID","NHO2018000007"),
("IATT190004321","NPRM18000021","DISC ITEM","1","50000","MENANG BANYAK","IAT1412190914","PAID","NHO2018000007"),
("IATT190004322","NPRM18000021","DISC ITEM","1","48500","MENANG BANYAK","IAT1412190914","PAID","NHO2018000007"),
("IATT190004323","NPRM18000021","DISC ITEM","1","46500","MENANG BANYAK","IAT1412190914","PAID","NHO2018000007");



INSERT INTO pos_promotion_d VALUES("IATT190004299","NPRM18000021","DISC ITEM","1","1","193011","1","20000","IAT1412190914","PAID","NHO2018000007"),
("IATT190004299","NPRM18000021","DISC ITEM","1","1","193020","1","20000","IAT1412190914","PAID","NHO2018000007"),
("IATT190004299","NPRM18000021","DISC ITEM","1","1","193033","1","21000","IAT1412190914","PAID","NHO2018000007"),
("IATT190004301","NPRM18000021","DISC ITEM","1","1","193033","1","21000","IAT1412190914","PAID","NHO2018000007"),
("IATT190004301","NPRM18000021","DISC ITEM","1","1","193018","1","18500","IAT1412190914","PAID","NHO2018000007"),
("IATT190004301","NPRM18000021","DISC ITEM","1","1","193005","1","18500","IAT1412190914","PAID","NHO2018000007"),
("IATT190004301","NPRM18000021","DISC ITEM","1","1","193005","2","18500","IAT1412190914","PAID","NHO2018000007"),
("IATT190004300","NPRM18000021","DISC ITEM","1","1","193037","1","18000","IAT1412190914","PAID","NHO2018000007"),
("IATT190004300","NPRM18000021","DISC ITEM","1","1","193033","1","21000","IAT1412190914","PAID","NHO2018000007"),
("IATT190004300","NPRM18000021","DISC ITEM","1","1","193034","1","18500","IAT1412190914","PAID","NHO2018000007"),
("IATT190004302","NPRM18000021","DISC ITEM","1","1","193033","1","21000","IAT1412190914","PAID","NHO2018000007"),
("IATT190004302","NPRM18000021","DISC ITEM","1","1","193019","1","20000","IAT1412190914","PAID","NHO2018000007"),
("IATT190004302","NPRM18000021","DISC ITEM","1","1","193012","1","20000","IAT1412190914","PAID","NHO2018000007"),
("IATT190004302","NPRM18000021","DISC ITEM","1","1","193080","1","16500","IAT1412190914","PAID","NHO2018000007"),
("IATT190004306","NPRM18000021","DISC ITEM","1","1","193009","1","20000","IAT1412190914","PAID","NHO2018000007"),
("IATT190004306","NPRM18000021","DISC ITEM","1","1","193010","1","20000","IAT1412190914","PAID","NHO2018000007"),
("IATT190004306","NPRM18000021","DISC ITEM","1","1","193020","1","20000","IAT1412190914","PAID","NHO2018000007"),
("IATT190004307","NPRM18000021","DISC ITEM","1","1","193033","1","21000","IAT1412190914","PAID","NHO2018000007"),
("IATT190004307","NPRM18000021","DISC ITEM","1","1","193011","1","20000","IAT1412190914","PAID","NHO2018000007"),
("IATT190004307","NPRM18000021","DISC ITEM","1","1","193039","1","18000","IAT1412190914","PAID","NHO2018000007"),
("IATT190004308","NPRM18000021","DISC ITEM","1","1","193076","1","15000","IAT1412190914","PAID","NHO2018000007"),
("IATT190004308","NPRM18000021","DISC ITEM","1","1","193084","1","15000","IAT1412190914","PAID","NHO2018000007"),
("IATT190004308","NPRM18000021","DISC ITEM","1","1","193032","1","15000","IAT1412190914","PAID","NHO2018000007"),
("IATT190004313","NPRM18000021","DISC ITEM","1","1","193114","1","21000","IAT1412190914","PAID","NHO2018000007"),
("IATT190004313","NPRM18000021","DISC ITEM","1","1","193007","1","18500","IAT1412190914","PAID","NHO2018000007"),
("IATT190004313","NPRM18000021","DISC ITEM","1","1","193069","1","6500","IAT1412190914","PAID","NHO2018000007"),
("IATT190004311","NPRM18000019","DISC ALL","1","1","193096","1","5000","IAT1412190914","PAID","NHO2018000007"),
("IATT190004311","NPRM18000019","DISC ALL","1","1","193027","1","4300","IAT1412190914","PAID","NHO2018000007"),
("IATT190004311","NPRM18000019","DISC ALL","1","1","193048","1","800","IAT1412190914","PAID","NHO2018000007"),
("IATT190004315","NPRM18000021","DISC ITEM","1","1","193009","1","20000","IAT1412190914","PAID","NHO2018000007"),
("IATT190004315","NPRM18000021","DISC ITEM","1","1","193018","1","18500","IAT1412190914","PAID","NHO2018000007"),
("IATT190004315","NPRM18000021","DISC ITEM","1","1","193069","1","6500","IAT1412190914","PAID","NHO2018000007"),
("IATT190004316","NPRM18000021","DISC ITEM","1","1","193005","1","18500","IAT1412190914","PAID","NHO2018000007"),
("IATT190004316","NPRM18000021","DISC ITEM","1","1","193036","1","18000","IAT1412190914","PAID","NHO2018000007"),
("IATT190004316","NPRM18000021","DISC ITEM","1","1","193020","1","20000","IAT1412190914","PAID","NHO2018000007"),
("IATT190004317","NPRM18000021","DISC ITEM","1","1","193084","1","15000","IAT1412190914","PAID","NHO2018000007"),
("IATT190004317","NPRM18000021","DISC ITEM","1","1","193009","1","20000","IAT1412190914","PAID","NHO2018000007"),
("IATT190004317","NPRM18000021","DISC ITEM","1","1","193071","1","9000","IAT1412190914","PAID","NHO2018000007"),
("IATT190004312","NPRM18000019","DISC ALL","1","1","193082","1","3000","IAT1412190914","PAID","NHO2018000007"),
("IATT190004312","NPRM18000019","DISC ALL","1","1","193041","1","2000","IAT1412190914","PAID","NHO2018000007"),
("IATT190004312","NPRM18000019","DISC ALL","1","1","193025","1","3000","IAT1412190914","PAID","NHO2018000007"),
("IATT190004312","NPRM18000019","DISC ALL","1","1","193046","1","1000","IAT1412190914","PAID","NHO2018000007"),
("IATT190004312","NPRM18000019","DISC ALL","1","1","193051","1","2000","IAT1412190914","PAID","NHO2018000007"),
("IATT190004320","NPRM18000021","DISC ITEM","1","1","193034","1","18500","IAT1412190914","PAID","NHO2018000007"),
("IATT190004320","NPRM18000021","DISC ITEM","1","1","193036","1","18000","IAT1412190914","PAID","NHO2018000007"),
("IATT190004320","NPRM18000021","DISC ITEM","1","1","193039","1","18000","IAT1412190914","PAID","NHO2018000007"),
("IATT190004319","NPRM18000021","DISC ITEM","1","1","193085","1","15000","IAT1412190914","PAID","NHO2018000007"),
("IATT190004319","NPRM18000021","DISC ITEM","1","1","193082","1","15000","IAT1412190914","PAID","NHO2018000007"),
("IATT190004319","NPRM18000021","DISC ITEM","1","1","193086","1","16500","IAT1412190914","PAID","NHO2018000007"),
("IATT190004321","NPRM18000021","DISC ITEM","1","1","193010","1","20000","IAT1412190914","PAID","NHO2018000007"),
("IATT190004321","NPRM18000021","DISC ITEM","1","1","193087","1","16500","IAT1412190914","PAID","NHO2018000007"),
("IATT190004321","NPRM18000021","DISC ITEM","1","1","193030","1","13500","IAT1412190914","PAID","NHO2018000007"),
("IATT190004322","NPRM18000021","DISC ITEM","1","1","193114","1","21000","IAT1412190914","PAID","NHO2018000007"),
("IATT190004322","NPRM18000021","DISC ITEM","1","1","193007","1","18500","IAT1412190914","PAID","NHO2018000007"),
("IATT190004322","NPRM18000021","DISC ITEM","1","1","193071","1","9000","IAT1412190914","PAID","NHO2018000007"),
("IATT190004323","NPRM18000021","DISC ITEM","1","1","193011","1","20000","IAT1412190914","PAID","NHO2018000007"),
("IATT190004323","NPRM18000021","DISC ITEM","1","1","193011","2","20000","IAT1412190914","PAID","NHO2018000007"),
("IATT190004323","NPRM18000021","DISC ITEM","1","1","193070","1","6500","IAT1412190914","PAID","NHO2018000007");



INSERT INTO pos_paymenttemp VALUES("IATT190004299","CASH","CASH","97900","100000","ISU000006","2019-12-14","","1","","CLOSED","IAT1412190914","NHO2018000007"),
("IATT190004301","CASH","CASH","92950","100000","ISU000006","2019-12-14","","1","","CLOSED","IAT1412190914","NHO2018000007"),
("IATT190004300","CASH","CASH","129250","150000","ISU000006","2019-12-14","","1","","CLOSED","IAT1412190914","NHO2018000007"),
("IATT190004302","CARD","VISA","242550","242550","ISU000006","2019-12-14","","1","","CLOSED","IAT1412190914","NHO2018000007"),
("IATT190004303","CASH","OVO","92400","92400","ISU000006","2019-12-14","","1","","CLOSED","IAT1412190914","NHO2018000007"),
("IATT190004304","CASH","CASH","82500","100000","ISU000006","2019-12-14","","1","","CLOSED","IAT1412190914","NHO2018000007"),
("IATT190004305","CASH","OVO","113300","113300","ISU000006","2019-12-14","","1","","CLOSED","IAT1412190914","NHO2018000007"),
("IATT190004306","CASH","CASH","110000","200000","ISU000006","2019-12-14","","1","","CLOSED","IAT1412190914","NHO2018000007"),
("IATT190004309","CASH","CASH","17600","20000","ISU000006","2019-12-14","","1","","CLOSED","IAT1412190914","NHO2018000007"),
("IATT190004307","CARD","VISA","119900","119900","ISU000006","2019-12-14","","1","","CLOSED","IAT1412190914","NHO2018000007"),
("IATT190004310","CARD","DEBIT BCA","129800","129800","ISU000006","2019-12-14","","1","","CLOSED","IAT1412190914","NHO2018000007"),
("IATT190004308","CASH","CASH","79200","100200","ISU000006","2019-12-14","","1","","CLOSED","IAT1412190914","NHO2018000007"),
("IATT190004311","CASH","CASH","99990","100000","ISU000006","2019-12-14","","1","","CLOSED","IAT1412190914","NHO2018000007"),
("IATT190004313","CARD","DEBIT BCA","94600","94600","ISU000006","2019-12-14","","1","","CLOSED","IAT1412190914","NHO2018000007"),
("IATT190004314","CASH","OVO","103400","103400","ISU000004","2019-12-14","","1","","CLOSED","IAT1412190914","NHO2018000007"),
("IATT190004316","CASH","CASH","102850","105000","ISU000004","2019-12-14","","1","","CLOSED","IAT1412190914","NHO2018000007"),
("IATT190004312","CASH","CASH","108900","110000","ISU000004","2019-12-14","","1","","CLOSED","IAT1412190914","NHO2018000007"),
("IATT190004315","CASH","CASH","143000","150000","ISU000004","2019-12-14","","1","","CLOSED","IAT1412190914","NHO2018000007"),
("IATT190004317","CASH","CASH","68200","100000","ISU000004","2019-12-14","","1","","CLOSED","IAT1412190914","NHO2018000007"),
("IATT190004320","CASH","CASH","109450","110000","ISU000004","2019-12-14","","1","","CLOSED","IAT1412190914","NHO2018000007"),
("IATT190004319","CASH","CASH","69850","100000","ISU000004","2019-12-14","","1","","CLOSED","IAT1412190914","NHO2018000007"),
("IATT190004318","CASH","CASH","51700","52000","ISU000004","2019-12-14","","1","","CLOSED","IAT1412190914","NHO2018000007"),
("IATT190004322","CASH","CASH","70950","100000","ISU000004","2019-12-14","","1","","CLOSED","IAT1412190914","NHO2018000007"),
("IATT190004321","CASH","CASH","93500","100000","ISU000004","2019-12-14","","1","","CLOSED","IAT1412190914","NHO2018000007"),
("IATT190004323","CASH","CASH","107250","110000","ISU000004","2019-12-14","","1","","CLOSED","IAT1412190914","NHO2018000007"),
("IATT190004324","CARD","VISA","115500","115500","ISU000004","2019-12-14","","1","","CLOSED","IAT1412190914","NHO2018000007");



