INSERT INTO pos_itemtemp VALUES("IATT190003809","193082","191001","192001","30000","1","30000","13200","16800","1","1","1","IAT1511190959","NHO2018000007","PAID","","193082"),
("IATT190003809","193021","191001","192002","40000","1","40000","17600","22400","1","1","1","IAT1511190959","NHO2018000007","PAID","","ORIGINAL"),
("IATT190003809","193118","191001","192012","20000","1","20000","0","20000","1","1","1","IAT1511190959","NHO2018000007","PAID","","193118"),
("IATT190003809","193048","191002","192010","8000","1","8000","0","8000","1","1","1","IAT1511190959","NHO2018000007","PAID","","193048"),
("IATT190003809","193047","191002","192010","10000","1","10000","0","10000","1","1","1","IAT1511190959","NHO2018000007","PAID","","193047"),
("IATT190003810","193084","191001","192001","30000","1","30000","13200","16800","1","1","1","IAT1511190959","NHO2018000007","PAID","","PEDAS"),
("IATT190003810","193034","191001","192005","37000","1","37000","16280","20720","1","1","1","IAT1511190959","NHO2018000007","PAID","","193034"),
("IATT190003810","193055","191002","192010","17000","1","17000","0","17000","1","1","1","IAT1511190959","NHO2018000007","PAID","","193055"),
("IATT190003811","193086","191001","192002","33000","1","33000","0","33000","1","1","1","IAT1511190959","NHO2018000007","PAID","","PEDAS"),
("IATT190003811","193047","191002","192010","10000","1","10000","0","10000","1","1","1","IAT1511190959","NHO2018000007","PAID","","193047"),
("IATT190003812","193084","191001","192001","30000","1","30000","0","30000","1","1","1","IAT1511190959","NHO2018000007","PAID","","PEDAS"),
("IATT190003812","193083","191001","192001","30000","1","30000","0","30000","1","1","1","IAT1511190959","NHO2018000007","PAID","","193083"),
("IATT190003812","193056","191002","192010","17000","1","17000","0","17000","1","1","1","IAT1511190959","NHO2018000007","PAID","","193056"),
("IATT190003812","193054","191002","192010","20000","1","20000","0","20000","1","1","1","IAT1511190959","NHO2018000007","PAID","","193054"),
("IATT190003813","193036","191001","192006","36000","1","36000","15840","20160","1","1","1","IAT1511190959","NHO2018000007","PAID","","ORIGINAL"),
("IATT190003813","193049","191002","192010","10000","1","10000","0","10000","1","1","1","IAT1511190959","NHO2018000007","PAID","","193049"),
("IATT190003814","193080","191001","192002","33000","1","33000","0","33000","1","1","1","IAT1511190959","NHO2018000007","PAID","","ORIGINAL"),
("IATT190003814","193047","191002","192010","10000","1","10000","0","10000","1","1","1","IAT1511190959","NHO2018000007","PAID","","193047"),
("IATT190003815","193082","191001","192001","30000","1","30000","13200","16800","1","1","1","IAT1511190959","NHO2018000007","PAID","","193082"),
("IATT190003815","193047","191002","192010","10000","1","10000","0","10000","1","1","1","IAT1511190959","NHO2018000007","PAID","","193047"),
("IATT190003815","193047","191002","192010","10000","1","10000","0","10000","2","1","1","IAT1511190959","NHO2018000007","PAID","","193047"),
("IATT190003815","193024","191001","192003","30000","1","30000","0","30000","1","1","1","IAT1511190959","NHO2018000007","PAID","","193024"),
("IATT190003816","193019","191001","192002","40000","1","40000","17600","22400","1","1","1","IAT1511190959","NHO2018000007","PAID","","PEDAS"),
("IATT190003816","193015","191001","192002","33000","1","33000","14520","18480","1","1","1","IAT1511190959","NHO2018000007","PAID","","ORIGINAL"),
("IATT190003816","193084","191001","192001","30000","1","30000","13200","16800","1","1","1","IAT1511190959","NHO2018000007","PAID","","PEDAS"),
("IATT190003816","193020","191001","192002","40000","1","40000","17600","22400","1","1","1","IAT1511190959","NHO2018000007","PAID","","193020"),
("IATT190003816","193037","191001","192006","36000","1","36000","15840","20160","1","1","1","IAT1511190959","NHO2018000007","PAID","","ORIGINAL"),
("IATT190003816","193036","191001","192006","36000","1","36000","15840","20160","1","1","1","IAT1511190959","NHO2018000007","PAID","","PEDAS"),
("IATT190003816","193036","191001","192006","36000","1","36000","15840","20160","2","1","1","IAT1511190959","NHO2018000007","PAID","","ORIGINAL"),
("IATT190003816","193047","191002","192010","10000","1","10000","0","10000","1","1","1","IAT1511190959","NHO2018000007","PAID","","193047"),
("IATT190003816","193047","191002","192010","10000","1","10000","0","10000","2","1","1","IAT1511190959","NHO2018000007","PAID","","193047"),
("IATT190003816","193047","191002","192010","10000","1","10000","0","10000","3","1","1","IAT1511190959","NHO2018000007","PAID","","193047"),
("IATT190003816","193047","191002","192010","10000","1","10000","0","10000","4","1","1","IAT1511190959","NHO2018000007","PAID","","193047"),
("IATT190003816","193047","191002","192010","10000","1","10000","0","10000","5","1","1","IAT1511190959","NHO2018000007","PAID","","193047"),
("IATT190003816","193047","191002","192010","10000","1","10000","0","10000","6","1","1","IAT1511190959","NHO2018000007","PAID","","193047"),
("IATT190003816","193046","191002","192010","10000","1","10000","0","10000","1","1","1","IAT1511190959","NHO2018000007","PAID","","193046"),
("IATT190003817","193006","191001","192001","37000","1","37000","0","37000","1","1","1","IAT1511190959","NHO2018000007","PAID","","193006"),
("IATT190003817","193056","191002","192010","17000","1","17000","0","17000","1","1","1","IAT1511190959","NHO2018000007","PAID","","193056"),
("IATT190003817","193055","191002","192010","17000","1","17000","0","17000","1","1","1","IAT1511190959","NHO2018000007","PAID","","193055"),
("IATT190003817","193085","191001","192001","30000","1","30000","0","30000","1","1","1","IAT1511190959","NHO2018000007","PAID","","193085"),
("IATT190003818","193035","191001","192006","32000","1","32000","0","32000","1","1","1","IAT1511190959","NHO2018000007","PAID","","PEDAS"),
("IATT190003818","193047","191002","192010","10000","1","10000","0","10000","1","1","1","IAT1511190959","NHO2018000007","PAID","","193047"),
("IATT190003818","193047","191002","192010","10000","1","10000","0","10000","2","1","1","IAT1511190959","NHO2018000007","PAID","","193047"),
("IATT190003818","193011","191001","192001","40000","1","40000","0","40000","1","1","1","IAT1511190959","NHO2018000007","PAID","","PEDAS"),
("IATT190003816","193019","191001","192002","40000","1","40000","17600","22400","2","1","2","IAT1511190959","NHO2018000007","PAID","","PEDAS"),
("IATT190003816","193019","191001","192002","40000","1","40000","17600","22400","3","1","2","IAT1511190959","NHO2018000007","PAID","","PEDAS"),
("IATT190003816","193036","191001","192006","36000","1","36000","15840","20160","3","1","2","IAT1511190959","NHO2018000007","PAID","","PEDAS"),
("IATT190003816","193036","191001","192006","36000","1","36000","15840","20160","4","1","2","IAT1511190959","NHO2018000007","PAID","","PEDAS"),
("IATT190003816","193047","191002","192010","10000","1","10000","0","10000","7","1","2","IAT1511190959","NHO2018000007","PAID","","193047"),
("IATT190003816","193047","191002","192010","10000","1","10000","0","10000","8","1","2","IAT1511190959","NHO2018000007","PAID","","193047"),
("IATT190003816","193047","191002","192010","10000","1","10000","0","10000","9","1","2","IAT1511190959","NHO2018000007","PAID","","193047"),
("IATT190003816","193028","191001","192003","43000","1","43000","0","43000","1","1","2","IAT1511190959","NHO2018000007","PAID","","193028"),
("IATT190003816","193054","191002","192010","20000","1","20000","0","20000","1","1","2","IAT1511190959","NHO2018000007","PAID","","193054"),
("IATT190003816","193046","191002","192010","10000","1","10000","0","10000","2","1","2","IAT1511190959","NHO2018000007","PAID","","193046"),
("IATT190003816","193011","191001","192001","40000","1","40000","17600","22400","1","1","2","IAT1511190959","NHO2018000007","PAID","","PEDAS"),
("IATT190003816","193046","191002","192010","10000","1","10000","0","10000","3","1","3","IAT1511190959","NHO2018000007","PAID","","193046"),
("IATT190003816","193046","191002","192010","10000","1","10000","0","10000","4","1","3","IAT1511190959","NHO2018000007","PAID","","193046"),
("IATT190003816","193036","191001","192006","36000","1","36000","15840","20160","5","1","4","IAT1511190959","NHO2018000007","PAID","SEDENG","PEDAS"),
("IATT190003816","193047","191002","192010","10000","1","10000","0","10000","10","1","5","IAT1511190959","NHO2018000007","PAID","","193047"),
("IATT190003816","193049","191002","192010","10000","1","10000","0","10000","1","1","5","IAT1511190959","NHO2018000007","PAID","","193049"),
("IATT190003816","193036","191001","192006","36000","1","36000","15840","20160","6","1","6","IAT1511190959","NHO2018000007","PAID","TAKE WAY","ORIGINAL"),
("IATT190003816","193036","191001","192006","36000","1","36000","15840","20160","7","1","6","IAT1511190959","NHO2018000007","PAID","","ORIGINAL"),
("IATT190003816","193054","191002","192010","20000","1","20000","0","20000","2","1","7","IAT1511190959","NHO2018000007","PAID","","193054"),
("IATT190003819","193035","191001","192006","32000","1","32000","0","32000","1","1","1","IAT1511190959","NHO2018000007","PAID","","ORIGINAL"),
("IATT190003819","193052","191002","192010","20000","1","20000","0","20000","1","1","1","IAT1511190959","NHO2018000007","PAID","","193052"),
("IATT190003819","193048","191002","192010","8000","1","8000","0","8000","1","1","1","IAT1511190959","NHO2018000007","PAID","","193048"),
("IATT190003820","193052","191002","192010","20000","1","20000","0","20000","1","1","1","IAT1511190959","NHO2018000007","PAID","","193052"),
("IATT190003820","193046","191002","192010","10000","1","10000","0","10000","1","1","2","IAT1511190959","NHO2018000007","PAID","","193046"),
("IATT190003821","193174","191001","192015","23636","1","23636","0","23636","1","1","1","IAT1511190959","NHO2018000007","PAID","","193174"),
("IATT190003822","193187","191001","192001","40000","1","40000","17600","22400","1","1","1","IAT1511190959","NHO2018000007","PAID","HOT","193187"),
("IATT190003824","193028","191001","192003","43000","1","43000","0","43000","1","1","1","IAT1511190959","NHO2018000007","PAID","","193028"),
("IATT190003824","193113","191001","192003","55000","1","55000","0","55000","1","1","1","IAT1511190959","NHO2018000007","PAID","","193113"),
("IATT190003824","193046","191002","192010","10000","1","10000","0","10000","1","1","1","IAT1511190959","NHO2018000007","PAID","","193046"),
("IATT190003824","193055","191002","192010","17000","1","17000","0","17000","1","1","1","IAT1511190959","NHO2018000007","PAID","","193055"),
("IATT190003824","193051","191002","192010","20000","1","20000","0","20000","1","1","1","IAT1511190959","NHO2018000007","PAID","","193051"),
("IATT190003824","193011","191001","192001","40000","1","40000","17600","22400","1","1","2","IAT1511190959","NHO2018000007","PAID","","PEDAS"),
("IATT190003825","193019","191001","192002","40000","1","40000","17600","22400","1","1","1","IAT1511190959","NHO2018000007","PAID","","ORIGINAL"),
("IATT190003825","193084","191001","192001","30000","1","30000","13200","16800","1","1","1","IAT1511190959","NHO2018000007","PAID","","ORIGINAL"),
("IATT190003825","193049","191002","192010","10000","1","10000","0","10000","1","1","1","IAT1511190959","NHO2018000007","PAID","","193049"),
("IATT190003825","193049","191002","192010","10000","1","10000","0","10000","2","1","1","IAT1511190959","NHO2018000007","PAID","","193049"),
("IATT190003826","193054","191002","192010","20000","1","20000","0","20000","1","1","1","IAT1511190959","NHO2018000007","PAID","","193054"),
("IATT190003826","193036","191001","192006","36000","1","36000","15840","20160","1","1","1","IAT1511190959","NHO2018000007","PAID","","PEDAS"),
("IATT190003826","193070","191001","192012","13000","1","13000","5720","7280","1","1","1","IAT1511190959","NHO2018000007","PAID","","193070"),
("IATT190003827","193041","191001","192008","20000","1","20000","0","20000","1","1","1","IAT1511190959","NHO2018000007","PAID","","193041"),
("IATT190003827","193029","191001","192004","27000","1","27000","11880","15120","1","1","1","IAT1511190959","NHO2018000007","PAID","","193029"),
("IATT190003827","193052","191002","192010","20000","1","20000","0","20000","1","1","1","IAT1511190959","NHO2018000007","PAID","","193052"),
("IATT190003827","193051","191002","192010","20000","1","20000","0","20000","1","1","1","IAT1511190959","NHO2018000007","PAID","","193051"),
("IATT190003827","193036","191001","192006","36000","1","36000","15840","20160","1","1","1","IAT1511190959","NHO2018000007","PAID","SEDENG PEDESNYA","PEDAS"),
("IATT190003828","193083","191001","192001","30000","1","30000","13200","16800","1","1","1","IAT1511190959","NHO2018000007","PAID","","193083"),
("IATT190003829","193011","191001","192001","40000","1","40000","17600","22400","1","1","1","IAT1511190959","NHO2018000007","PAID","","ORIGINAL"),
("IATT190003829","193039","191001","192006","36000","1","36000","15840","20160","1","1","1","IAT1511190959","NHO2018000007","PAID","","ORIGINAL"),
("IATT190003829","193055","191002","192010","17000","1","17000","0","17000","1","1","1","IAT1511190959","NHO2018000007","PAID","","193055"),
("IATT190003830","193078","191001","192001","30000","1","30000","13200","16800","1","1","1","IAT1511190959","NHO2018000007","PAID","","ORIGINAL"),
("IATT190003830","193028","191001","192003","43000","1","43000","0","43000","1","1","1","IAT1511190959","NHO2018000007","PAID","","193028"),
("IATT190003830","193119","191001","192012","20000","1","20000","0","20000","1","1","1","IAT1511190959","NHO2018000007","PAID","","193119"),
("IATT190003830","193054","191002","192010","20000","1","20000","0","20000","1","1","1","IAT1511190959","NHO2018000007","PAID","","193054"),
("IATT190003830","193052","191002","192010","20000","1","20000","0","20000","1","1","1","IAT1511190959","NHO2018000007","PAID","","193052"),
("IATT190003830","193049","191002","192010","10000","1","10000","0","10000","1","1","1","IAT1511190959","NHO2018000007","PAID","","193049"),
("IATT190003831","193018","191001","192002","37000","1","37000","16280","20720","1","1","1","IAT1511190959","NHO2018000007","PAID","","ORIGINAL"),
("IATT190003831","193084","191001","192001","30000","1","30000","13200","16800","1","1","1","IAT1511190959","NHO2018000007","PAID","","PEDAS"),
("IATT190003831","193054","191002","192010","20000","1","20000","0","20000","1","1","1","IAT1511190959","NHO2018000007","PAID","","193054"),
("IATT190003831","193047","191002","192010","10000","1","10000","0","10000","1","1","1","IAT1511190959","NHO2018000007","PAID","","193047"),
("IATT190003832","193010","191001","192001","40000","1","40000","0","40000","1","1","1","IAT1511190959","NHO2018000007","PAID","TIDAK PAKAI BAWANG","193010"),
("IATT190003832","193082","191001","192001","30000","1","30000","0","30000","1","1","1","IAT1511190959","NHO2018000007","PAID","","193082"),
("IATT190003832","193112","191001","192003","50000","1","50000","0","50000","1","1","1","IAT1511190959","NHO2018000007","PAID","","193112"),
("IATT190003832","193118","191001","192012","20000","1","20000","0","20000","1","1","1","IAT1511190959","NHO2018000007","PAID","","193118"),
("IATT190003832","193047","191002","192010","10000","1","10000","0","10000","1","1","1","IAT1511190959","NHO2018000007","PAID","","193047"),
("IATT190003832","193047","191002","192010","10000","1","10000","0","10000","2","1","1","IAT1511190959","NHO2018000007","PAID","","193047"),
("IATT190003833","193034","191001","192005","37000","1","37000","16280","20720","1","1","1","IAT1511190959","NHO2018000007","PAID","","193034"),
("IATT190003833","193082","191001","192001","30000","1","30000","13200","16800","1","1","1","IAT1511190959","NHO2018000007","PAID","","193082"),
("IATT190003833","193047","191002","192010","10000","1","10000","0","10000","1","1","1","IAT1511190959","NHO2018000007","PAID","","193047"),
("IATT190003833","193055","191002","192010","17000","1","17000","0","17000","1","1","1","IAT1511190959","NHO2018000007","PAID","","193055"),
("IATT190003834","193021","191001","192002","40000","1","40000","17600","22400","1","1","1","IAT1511190959","NHO2018000007","PAID","","ORIGINAL"),
("IATT190003834","193096","191001","192008","50000","1","50000","0","50000","1","1","1","IAT1511190959","NHO2018000007","PAID","","193096"),
("IATT190003834","193047","191002","192010","10000","1","10000","0","10000","1","1","1","IAT1511190959","NHO2018000007","PAID","","193047"),
("IATT190003834","193047","191002","192010","10000","1","10000","0","10000","2","1","1","IAT1511190959","NHO2018000007","PAID","","193047"),
("IATT190003835","193080","191001","192002","33000","1","33000","14520","18480","1","1","1","IAT1511190959","NHO2018000007","PAID","","ORIGINAL"),
("IATT190003835","193086","191001","192002","33000","1","33000","14520","18480","1","1","1","IAT1511190959","NHO2018000007","PAID","","ORIGINAL"),
("IATT190003835","193055","191002","192010","17000","1","17000","0","17000","1","1","1","IAT1511190959","NHO2018000007","PAID","","193055"),
("IATT190003835","193056","191002","192010","17000","1","17000","0","17000","1","1","1","IAT1511190959","NHO2018000007","PAID","LESS SUGAR","193056"),
("IATT190003836","193082","191001","192001","30000","1","30000","13200","16800","1","1","1","IAT1511190959","NHO2018000007","PAID","","193082"),
("IATT190003836","193009","191001","192001","40000","1","40000","17600","22400","1","1","1","IAT1511190959","NHO2018000007","PAID","","193009"),
("IATT190003836","193033","191001","192005","42000","1","42000","18480","23520","1","1","1","IAT1511190959","NHO2018000007","PAID","","193033"),
("IATT190003836","193067","191001","192003","7000","1","7000","0","7000","1","1","1","IAT1511190959","NHO2018000007","PAID","","193067"),
("IATT190003836","193047","191002","192010","10000","1","10000","0","10000","1","1","1","IAT1511190959","NHO2018000007","PAID","","193047"),
("IATT190003836","193055","191002","192010","17000","1","17000","0","17000","1","1","1","IAT1511190959","NHO2018000007","PAID","","193055"),
("IATT190003836","193049","191002","192010","10000","1","10000","0","10000","1","1","1","IAT1511190959","NHO2018000007","PAID","","193049"),
("IATT190003837","193009","191001","192001","40000","1","40000","17600","22400","1","1","1","IAT1511190959","NHO2018000007","PAID","","193009"),
("IATT190003837","193076","191001","192001","30000","1","30000","13200","16800","1","1","1","IAT1511190959","NHO2018000007","PAID","","193076"),
("IATT190003837","193055","191002","192010","17000","1","17000","0","17000","1","1","1","IAT1511190959","NHO2018000007","PAID","","193055"),
("IATT190003837","193052","191002","192010","20000","1","20000","0","20000","1","1","1","IAT1511190959","NHO2018000007","PAID","","193052"),
("IATT190003838","193071","191001","192012","18000","1","18000","7920","10080","1","1","1","IAT1511190959","NHO2018000007","PAID","","193071");



INSERT INTO pos_salestemp VALUES("IATT190003809","","2","108000","30800","7720","0","84920","84920","15/11/2019","11:14","2019-11-15","11:55:39","ISU000006","tbl0012","CLOSED","1","","IATR190003702","","","","","IAT1511190959","NHO2018000007"),
("IATT190003810","","2","84000","29480","5452","0","59972","59972","15/11/2019","12:07","2019-11-15","12:34:47","ISU000006","tbl0012","CLOSED","1","","IATR190003703","","","","","IAT1511190959","NHO2018000007"),
("IATT190003811","","1","43000","0","4300","0","47300","47300","15/11/2019","12:13","2019-11-15","12:39:35","ISU000006","tbl0009","CLOSED","1","","IATR190003704","","","","","IAT1511190959","NHO2018000007"),
("IATT190003812","","2","97000","0","9700","0","106700","106700","15/11/2019","12:15","2019-11-15","12:51:28","ISU000006","tbl0011","CLOSED","1","","IATR190003706","","","","","IAT1511190959","NHO2018000007"),
("IATT190003813","","1","46000","15840","3016","0","33176","50000","15/11/2019","12:20","2019-11-15","12:47:32","ISU000006","tbl0023","CLOSED","1","","IATR190003705","","","","","IAT1511190959","NHO2018000007"),
("IATT190003814","","1","43000","0","4300","0","47300","100000","15/11/2019","12:26","2019-11-15","13:18:13","ISU000006","tbl0014","CLOSED","1","","IATR190003709","","","","","IAT1511190959","NHO2018000007"),
("IATT190003815","","2","80000","13200","6680","0","73480","73480","15/11/2019","12:27","2019-11-15","13:07:23","ISU000006","tbl0010","CLOSED","1","","IATR190003708","","","","","IAT1511190959","NHO2018000007"),
("IATT190003816","","5","784000","242440","54156","0","595716","595716","15/11/2019","12:29","2019-11-15","13:46:25","ISU000006","tbl0021","CLOSED","1","","IATR190003711","","","","","IAT1511190959","NHO2018000007"),
("IATT190003817","","2","101000","0","10100","0","111100","120000","15/11/2019","12:32","2019-11-15","13:04:59","ISU000006","tbl0005","CLOSED","1","","IATR190003707","","","","","IAT1511190959","NHO2018000007"),
("IATT190003818","","2","92000","0","9200","0","101200","102000","15/11/2019","12:35","2019-11-15","13:21:52","ISU000006","tbl0018","CLOSED","1","","IATR190003710","","","","","IAT1511190959","NHO2018000007"),
("IATT190003819","","1","60000","0","6000","0","66000","100000","15/11/2019","14:11","2019-11-15","14:42:01","ISU000006","tbl0005","CLOSED","1","","IATR190003712","","","","","IAT1511190959","NHO2018000007"),
("IATT190003820","","1","30000","0","3000","0","33000","50000","15/11/2019","14:18","2019-11-15","15:31:15","ISU000006","tbl0009","CLOSED","1","","IATR190003714","","","","","IAT1511190959","NHO2018000007"),
("IATT190003821","","1","23636","0","2364","0","26000","26000","15/11/2019","15:23","2019-11-15","15:30:27","ISU000006","takeaway","CLOSED","1","","IATR190003713","","","","","IAT1511190959","NHO2018000007"),
("IATT190003822","","1","40000","17600","2240","0","24640","50000","15/11/2019","15:38","2019-11-15","16:06:46","ISU000006","tbl0001","CLOSED","1","","IATR190003715","","","","","IAT1511190959","NHO2018000007"),
("IATT190003823","","2","126000","0","0","0","0","0","15/11/2019","16:57","15/11/2019","17:27:21","ISU000004","tbl0050","CANCELED","1","PERMINTAAN CUSTOMER","","","","","","IAT1511190959","NHO2018000007"),
("IATT190003824","","3","185000","17600","16740","0","184140","184140","15/11/2019","17:18","2019-11-15","18:13:11","ISU000004","tbl0012","CLOSED","1","","IATR190003718","","","","","IAT1511190959","NHO2018000007"),
("IATT190003825","","2","90000","30800","5920","0","65120","65200","15/11/2019","17:25","2019-11-15","17:28:30","ISU000004","tbl0011","CLOSED","1","","IATR190003716","","","","","IAT1511190959","NHO2018000007"),
("IATT190003826","","1","69000","21560","4744","0","52184","100000","15/11/2019","17:26","2019-11-15","17:48:11","ISU000004","tbl0005","CLOSED","1","","IATR190003717","","","","","IAT1511190959","NHO2018000007"),
("IATT190003827","","2","123000","27720","9528","0","104808","150000","15/11/2019","18:07","2019-11-15","18:51:22","ISU000004","tbl0010","CLOSED","1","","IATR190003719","","","","","IAT1511190959","NHO2018000007"),
("IATT190003828","","1","30000","13200","1680","0","18480","20000","15/11/2019","18:19","2019-11-15","18:52:53","ISU000004","tbl0009","CLOSED","1","","IATR190003720","","","","","IAT1511190959","NHO2018000007"),
("IATT190003829","","2","93000","33440","5956","0","65516","100000","15/11/2019","18:25","2019-11-15","19:11:15","ISU000004","tbl0011","CLOSED","1","","IATR190003721","","","","","IAT1511190959","NHO2018000007"),
("IATT190003830","","2","143000","13200","12980","0","142780","200000","15/11/2019","18:44","2019-11-15","19:32:56","ISU000004","tbl0012","CLOSED","1","","IATR190003723","","","","","IAT1511190959","NHO2018000007"),
("IATT190003831","","2","97000","29480","6752","0","74272","74272","15/11/2019","18:53","2019-11-15","19:30:59","ISU000004","tbl0014","CLOSED","1","","IATR190003722","","","","","IAT1511190959","NHO2018000007"),
("IATT190003832","","2","160000","0","16000","0","176000","200000","15/11/2019","19:12","2019-11-15","19:45:54","ISU000004","tbl0021","CLOSED","1","","IATR190003724","","","","","IAT1511190959","NHO2018000007"),
("IATT190003833","","2","94000","29480","6452","0","70972","100000","15/11/2019","19:21","2019-11-15","19:54:59","ISU000004","tbl0011","CLOSED","1","","IATR190003725","","","","","IAT1511190959","NHO2018000007"),
("IATT190003834","","2","110000","17600","9240","0","101640","102000","15/11/2019","19:25","2019-11-15","20:15:16","ISU000004","tbl0010","CLOSED","1","","IATR190003726","","","","","IAT1511190959","NHO2018000007"),
("IATT190003835","","2","100000","29040","7096","0","78056","100000","15/11/2019","19:51","2019-11-15","20:19:47","ISU000004","tbl0012","CLOSED","1","","IATR190003727","","","","","IAT1511190959","NHO2018000007"),
("IATT190003836","","3","156000","49280","10672","0","117392","117392","15/11/2019","19:52","2019-11-15","20:42:06","ISU000004","tbl0018","CLOSED","1","","IATR190003729","","","","","IAT1511190959","NHO2018000007"),
("IATT190003837","NHM2019003636 DODI","2","107000","30800","7620","0","83820","100000","15/11/2019","20:03","2019-11-15","21:07:59","ISU000004","tbl0011","CLOSED","1","","IATR190003730","","","","","IAT1511190959","NHO2018000007"),
("IATT190003838","","0","18000","7920","1008","0","11088","12000","15/11/2019","20:33","2019-11-15","20:40:18","ISU000004","tbl0005","CLOSED","1","","IATR190003728","","","","","IAT1511190959","NHO2018000007");



INSERT INTO item_void VALUES("IATT190003823","IAT1511190959","NHO2018000007","193054","193054","1","20000","Before Send","Komplen Customer"),
("IATT190003823","IAT1511190959","NHO2018000007","193070","193070","1","13000","Before Send","Komplen Customer");



INSERT INTO pos_promotion_h VALUES("IATT190003809","NPRM18000020","DISC ITEM","1","30800","PROMO LAGI VIRAL 30%+20%","IAT1511190959","PAID","NHO2018000007"),
("IATT190003810","NPRM18000020","DISC ITEM","1","29480","PROMO LAGI VIRAL 30%+20%","IAT1511190959","PAID","NHO2018000007"),
("IATT190003813","NPRM18000020","DISC ITEM","1","15840","PROMO LAGI VIRAL 30%+20%","IAT1511190959","PAID","NHO2018000007"),
("IATT190003815","NPRM18000020","DISC ITEM","1","13200","PROMO LAGI VIRAL 30%+20%","IAT1511190959","PAID","NHO2018000007"),
("IATT190003816","NPRM18000020","DISC ITEM","1","242440","PROMO LAGI VIRAL 30%+20%","IAT1511190959","PAID","NHO2018000007"),
("IATT190003822","NPRM18000020","DISC ITEM","1","17600","PROMO LAGI VIRAL 30%+20%","IAT1511190959","PAID","NHO2018000007"),
("IATT190003825","NPRM18000020","DISC ITEM","1","30800","PROMO LAGI VIRAL 30%+20%","IAT1511190959","PAID","NHO2018000007"),
("IATT190003826","NPRM18000020","DISC ITEM","1","21560","PROMO LAGI VIRAL 30%+20%","IAT1511190959","PAID","NHO2018000007"),
("IATT190003824","NPRM18000020","DISC ITEM","1","17600","PROMO LAGI VIRAL 30%+20%","IAT1511190959","PAID","NHO2018000007"),
("IATT190003827","NPRM18000020","DISC ITEM","1","27720","PROMO LAGI VIRAL 30%+20%","IAT1511190959","PAID","NHO2018000007"),
("IATT190003828","NPRM18000020","DISC ITEM","1","13200","PROMO LAGI VIRAL 30%+20%","IAT1511190959","PAID","NHO2018000007"),
("IATT190003829","NPRM18000020","DISC ITEM","1","33440","PROMO LAGI VIRAL 30%+20%","IAT1511190959","PAID","NHO2018000007"),
("IATT190003831","NPRM18000020","DISC ITEM","1","29480","PROMO LAGI VIRAL 30%+20%","IAT1511190959","PAID","NHO2018000007"),
("IATT190003830","NPRM18000020","DISC ITEM","1","13200","PROMO LAGI VIRAL 30%+20%","IAT1511190959","PAID","NHO2018000007"),
("IATT190003833","NPRM18000020","DISC ITEM","1","29480","PROMO LAGI VIRAL 30%+20%","IAT1511190959","PAID","NHO2018000007"),
("IATT190003834","NPRM18000020","DISC ITEM","1","17600","PROMO LAGI VIRAL 30%+20%","IAT1511190959","PAID","NHO2018000007"),
("IATT190003835","NPRM18000020","DISC ITEM","1","29040","PROMO LAGI VIRAL 30%+20%","IAT1511190959","PAID","NHO2018000007"),
("IATT190003838","NPRM18000020","DISC ITEM","1","7920","PROMO LAGI VIRAL 30%+20%","IAT1511190959","PAID","NHO2018000007"),
("IATT190003836","NPRM18000020","DISC ITEM","1","49280","PROMO LAGI VIRAL 30%+20%","IAT1511190959","PAID","NHO2018000007"),
("IATT190003837","NPRM18000020","DISC ITEM","1","30800","PROMO LAGI VIRAL 30%+20%","IAT1511190959","PAID","NHO2018000007");



INSERT INTO pos_promotion_d VALUES("IATT190003809","NPRM18000020","DISC ITEM","1","1","193082","1","13200","IAT1511190959","PAID","NHO2018000007"),
("IATT190003809","NPRM18000020","DISC ITEM","1","1","193021","1","17600","IAT1511190959","PAID","NHO2018000007"),
("IATT190003810","NPRM18000020","DISC ITEM","1","1","193084","1","13200","IAT1511190959","PAID","NHO2018000007"),
("IATT190003810","NPRM18000020","DISC ITEM","1","1","193034","1","16280","IAT1511190959","PAID","NHO2018000007"),
("IATT190003813","NPRM18000020","DISC ITEM","1","1","193036","1","15840","IAT1511190959","PAID","NHO2018000007"),
("IATT190003815","NPRM18000020","DISC ITEM","1","1","193082","1","13200","IAT1511190959","PAID","NHO2018000007"),
("IATT190003816","NPRM18000020","DISC ITEM","1","1","193019","1","17600","IAT1511190959","PAID","NHO2018000007"),
("IATT190003816","NPRM18000020","DISC ITEM","1","1","193015","1","14520","IAT1511190959","PAID","NHO2018000007"),
("IATT190003816","NPRM18000020","DISC ITEM","1","1","193084","1","13200","IAT1511190959","PAID","NHO2018000007"),
("IATT190003816","NPRM18000020","DISC ITEM","1","1","193020","1","17600","IAT1511190959","PAID","NHO2018000007"),
("IATT190003816","NPRM18000020","DISC ITEM","1","1","193037","1","15840","IAT1511190959","PAID","NHO2018000007"),
("IATT190003816","NPRM18000020","DISC ITEM","1","1","193036","1","15840","IAT1511190959","PAID","NHO2018000007"),
("IATT190003816","NPRM18000020","DISC ITEM","1","1","193036","2","15840","IAT1511190959","PAID","NHO2018000007"),
("IATT190003816","NPRM18000020","DISC ITEM","1","1","193019","2","17600","IAT1511190959","PAID","NHO2018000007"),
("IATT190003816","NPRM18000020","DISC ITEM","1","1","193019","3","17600","IAT1511190959","PAID","NHO2018000007"),
("IATT190003816","NPRM18000020","DISC ITEM","1","1","193036","3","15840","IAT1511190959","PAID","NHO2018000007"),
("IATT190003816","NPRM18000020","DISC ITEM","1","1","193036","4","15840","IAT1511190959","PAID","NHO2018000007"),
("IATT190003816","NPRM18000020","DISC ITEM","1","1","193011","1","17600","IAT1511190959","PAID","NHO2018000007"),
("IATT190003816","NPRM18000020","DISC ITEM","1","1","193036","5","15840","IAT1511190959","PAID","NHO2018000007"),
("IATT190003816","NPRM18000020","DISC ITEM","1","1","193036","6","15840","IAT1511190959","PAID","NHO2018000007"),
("IATT190003816","NPRM18000020","DISC ITEM","1","1","193036","7","15840","IAT1511190959","PAID","NHO2018000007"),
("IATT190003822","NPRM18000020","DISC ITEM","1","1","193187","1","17600","IAT1511190959","PAID","NHO2018000007"),
("IATT190003825","NPRM18000020","DISC ITEM","1","1","193019","1","17600","IAT1511190959","PAID","NHO2018000007"),
("IATT190003825","NPRM18000020","DISC ITEM","1","1","193084","1","13200","IAT1511190959","PAID","NHO2018000007"),
("IATT190003826","NPRM18000020","DISC ITEM","1","1","193036","1","15840","IAT1511190959","PAID","NHO2018000007"),
("IATT190003826","NPRM18000020","DISC ITEM","1","1","193070","1","5720","IAT1511190959","PAID","NHO2018000007"),
("IATT190003824","NPRM18000020","DISC ITEM","1","1","193011","1","17600","IAT1511190959","PAID","NHO2018000007"),
("IATT190003827","NPRM18000020","DISC ITEM","1","1","193029","1","11880","IAT1511190959","PAID","NHO2018000007"),
("IATT190003827","NPRM18000020","DISC ITEM","1","1","193036","1","15840","IAT1511190959","PAID","NHO2018000007"),
("IATT190003828","NPRM18000020","DISC ITEM","1","1","193083","1","13200","IAT1511190959","PAID","NHO2018000007"),
("IATT190003829","NPRM18000020","DISC ITEM","1","1","193011","1","17600","IAT1511190959","PAID","NHO2018000007"),
("IATT190003829","NPRM18000020","DISC ITEM","1","1","193039","1","15840","IAT1511190959","PAID","NHO2018000007"),
("IATT190003831","NPRM18000020","DISC ITEM","1","1","193018","1","16280","IAT1511190959","PAID","NHO2018000007"),
("IATT190003831","NPRM18000020","DISC ITEM","1","1","193084","1","13200","IAT1511190959","PAID","NHO2018000007"),
("IATT190003830","NPRM18000020","DISC ITEM","1","1","193078","1","13200","IAT1511190959","PAID","NHO2018000007"),
("IATT190003833","NPRM18000020","DISC ITEM","1","1","193034","1","16280","IAT1511190959","PAID","NHO2018000007"),
("IATT190003833","NPRM18000020","DISC ITEM","1","1","193082","1","13200","IAT1511190959","PAID","NHO2018000007"),
("IATT190003834","NPRM18000020","DISC ITEM","1","1","193021","1","17600","IAT1511190959","PAID","NHO2018000007"),
("IATT190003835","NPRM18000020","DISC ITEM","1","1","193080","1","14520","IAT1511190959","PAID","NHO2018000007"),
("IATT190003835","NPRM18000020","DISC ITEM","1","1","193086","1","14520","IAT1511190959","PAID","NHO2018000007"),
("IATT190003838","NPRM18000020","DISC ITEM","1","1","193071","1","7920","IAT1511190959","PAID","NHO2018000007"),
("IATT190003836","NPRM18000020","DISC ITEM","1","1","193082","1","13200","IAT1511190959","PAID","NHO2018000007"),
("IATT190003836","NPRM18000020","DISC ITEM","1","1","193009","1","17600","IAT1511190959","PAID","NHO2018000007"),
("IATT190003836","NPRM18000020","DISC ITEM","1","1","193033","1","18480","IAT1511190959","PAID","NHO2018000007"),
("IATT190003837","NPRM18000020","DISC ITEM","1","1","193009","1","17600","IAT1511190959","PAID","NHO2018000007"),
("IATT190003837","NPRM18000020","DISC ITEM","1","1","193076","1","13200","IAT1511190959","PAID","NHO2018000007");



INSERT INTO pos_paymenttemp VALUES("IATT190003809","CARD","DEBIT BCA","84920","84920","ISU000006","2019-11-15","","1","","CLOSED","IAT1511190959","NHO2018000007"),
("IATT190003810","CARD","DEBIT BCA","59972","59972","ISU000006","2019-11-15","","1","","CLOSED","IAT1511190959","NHO2018000007"),
("IATT190003811","CASH","OVO","47300","47300","ISU000006","2019-11-15","","1","","CLOSED","IAT1511190959","NHO2018000007"),
("IATT190003813","CASH","CASH","33176","50000","ISU000006","2019-11-15","","1","","CLOSED","IAT1511190959","NHO2018000007"),
("IATT190003812","CARD","DEBIT BCA","106700","106700","ISU000006","2019-11-15","","1","","CLOSED","IAT1511190959","NHO2018000007"),
("IATT190003817","CASH","CASH","111100","120000","ISU000006","2019-11-15","","1","","CLOSED","IAT1511190959","NHO2018000007"),
("IATT190003815","CARD","DEBIT BCA","73480","73480","ISU000006","2019-11-15","","1","","CLOSED","IAT1511190959","NHO2018000007"),
("IATT190003814","CASH","CASH","47300","100000","ISU000006","2019-11-15","","1","","CLOSED","IAT1511190959","NHO2018000007"),
("IATT190003818","CASH","CASH","101200","102000","ISU000006","2019-11-15","","1","","CLOSED","IAT1511190959","NHO2018000007"),
("IATT190003816","CARD","DEBIT BCA","595716","595716","ISU000006","2019-11-15","","1","","CLOSED","IAT1511190959","NHO2018000007"),
("IATT190003819","CASH","CASH","66000","100000","ISU000006","2019-11-15","","1","","CLOSED","IAT1511190959","NHO2018000007"),
("IATT190003821","CASH","GOPAY","26000","26000","ISU000006","2019-11-15","","1","","CLOSED","IAT1511190959","NHO2018000007"),
("IATT190003820","CASH","CASH","33000","50000","ISU000006","2019-11-15","","1","","CLOSED","IAT1511190959","NHO2018000007"),
("IATT190003822","CASH","CASH","24640","50000","ISU000006","2019-11-15","","1","","CLOSED","IAT1511190959","NHO2018000007"),
("IATT190003825","CASH","CASH","65120","65200","ISU000004","2019-11-15","","1","","CLOSED","IAT1511190959","NHO2018000007"),
("IATT190003826","CASH","CASH","52184","100000","ISU000004","2019-11-15","","1","","CLOSED","IAT1511190959","NHO2018000007"),
("IATT190003824","CARD","DEBIT BCA","184140","184140","ISU000004","2019-11-15","","1","","CLOSED","IAT1511190959","NHO2018000007"),
("IATT190003827","CASH","CASH","104808","150000","ISU000004","2019-11-15","","1","","CLOSED","IAT1511190959","NHO2018000007"),
("IATT190003828","CASH","CASH","18480","20000","ISU000004","2019-11-15","","1","","CLOSED","IAT1511190959","NHO2018000007"),
("IATT190003829","CASH","CASH","65516","100000","ISU000004","2019-11-15","","1","","CLOSED","IAT1511190959","NHO2018000007"),
("IATT190003831","CARD","VISA","74272","74272","ISU000004","2019-11-15","","1","","CLOSED","IAT1511190959","NHO2018000007"),
("IATT190003830","CASH","CASH","142780","200000","ISU000004","2019-11-15","","1","","CLOSED","IAT1511190959","NHO2018000007"),
("IATT190003832","CASH","CASH","176000","200000","ISU000004","2019-11-15","","1","","CLOSED","IAT1511190959","NHO2018000007"),
("IATT190003833","CASH","CASH","70972","100000","ISU000004","2019-11-15","","1","","CLOSED","IAT1511190959","NHO2018000007"),
("IATT190003834","CASH","CASH","101640","102000","ISU000004","2019-11-15","","1","","CLOSED","IAT1511190959","NHO2018000007"),
("IATT190003835","CASH","CASH","78056","100000","ISU000004","2019-11-15","","1","","CLOSED","IAT1511190959","NHO2018000007"),
("IATT190003838","CASH","CASH","11088","12000","ISU000004","2019-11-15","","1","","CLOSED","IAT1511190959","NHO2018000007"),
("IATT190003836","CARD","DEBIT BCA","117392","117392","ISU000004","2019-11-15","","1","","CLOSED","IAT1511190959","NHO2018000007"),
("IATT190003837","CASH","CASH","83820","100000","ISU000004","2019-11-15","","1","","CLOSED","IAT1511190959","NHO2018000007");



