INSERT INTO pos_itemtemp VALUES("IATT190003894","193035","191001","192006","32000","1","32000","0","32000","1","1","1","IAT1911191055","NHO2018000007","PAID","","ORIGINAL"),
("IATT190003896","193113","191001","192003","55000","1","55000","0","55000","1","1","1","IAT1911191055","NHO2018000007","PAID","","193113"),
("IATT190003896","193084","191001","192001","30000","1","30000","13200","16800","1","1","1","IAT1911191055","NHO2018000007","PAID","","PEDAS"),
("IATT190003896","193030","191001","192004","27000","1","27000","11880","15120","1","1","1","IAT1911191055","NHO2018000007","PAID","","193030"),
("IATT190003896","193053","191002","192010","20000","1","20000","0","20000","1","1","1","IAT1911191055","NHO2018000007","PAID","","193053"),
("IATT190003896","193055","191002","192010","17000","1","17000","0","17000","1","1","1","IAT1911191055","NHO2018000007","PAID","","193055"),
("IATT190003897","193084","191001","192001","30000","1","30000","13200","16800","1","1","1","IAT1911191055","NHO2018000007","PAID","","ORIGINAL"),
("IATT190003897","193071","191001","192012","18000","1","18000","7920","10080","1","1","1","IAT1911191055","NHO2018000007","PAID","","193071"),
("IATT190003897","193050","191002","192010","20000","1","20000","0","20000","1","1","1","IAT1911191055","NHO2018000007","PAID","","193050"),
("IATT190003897","193054","191002","192010","20000","1","20000","0","20000","1","1","1","IAT1911191055","NHO2018000007","PAID","","193054"),
("IATT190003898","193084","191001","192001","30000","1","30000","13200","16800","1","1","1","IAT1911191055","NHO2018000007","PAID","pedes sangat","PEDAS"),
("IATT190003898","193054","191002","192010","20000","1","20000","0","20000","1","1","1","IAT1911191055","NHO2018000007","PAID","","193054"),
("IATT190003899","193010","191001","192001","40000","1","40000","0","40000","1","1","1","IAT1911191055","NHO2018000007","PAID","","193010"),
("IATT190003899","193118","191001","192012","20000","1","20000","0","20000","1","1","1","IAT1911191055","NHO2018000007","PAID","","193118"),
("IATT190003899","193052","191002","192010","20000","1","20000","0","20000","1","1","1","IAT1911191055","NHO2018000007","PAID","","193052"),
("IATT190003899","193048","191002","192010","8000","1","8000","0","8000","1","1","1","IAT1911191055","NHO2018000007","PAID","","193048"),
("IATT190003900","193173","191001","192015","23636","1","23636","0","23636","1","1","1","IAT1911191055","NHO2018000007","PAID","tanpa gula","193173"),
("IATT190003901","193077","191001","192001","30000","1","30000","13200","16800","1","1","1","IAT1911191055","NHO2018000007","PAID","","193077"),
("IATT190003901","193069","191001","192012","13000","1","13000","5720","7280","1","1","1","IAT1911191055","NHO2018000007","PAID","","193069"),
("IATT190003901","193047","191002","192010","10000","1","10000","0","10000","1","1","1","IAT1911191055","NHO2018000007","PAID","","193047"),
("IATT190003902","193082","191001","192001","30000","1","30000","13200","16800","1","1","1","IAT1911191055","NHO2018000007","PAID","","193082"),
("IATT190003902","193019","191001","192002","40000","1","40000","17600","22400","1","1","1","IAT1911191055","NHO2018000007","PAID","LEVEL 2","PEDAS"),
("IATT190003902","193055","191002","192010","17000","1","17000","0","17000","1","1","1","IAT1911191055","NHO2018000007","PAID","","193055"),
("IATT190003902","193054","191002","192010","20000","1","20000","0","20000","1","1","1","IAT1911191055","NHO2018000007","PAID","","193054"),
("IATT190003903","193035","191001","192006","32000","1","32000","14080","17920","1","1","1","IAT1911191055","NHO2018000007","PAID","","ORIGINAL"),
("IATT190003903","193027","191001","192003","43000","1","43000","0","43000","1","1","1","IAT1911191055","NHO2018000007","PAID","","193027"),
("IATT190003903","193081","191001","192002","33000","1","33000","14520","18480","1","1","1","IAT1911191055","NHO2018000007","PAID","","193081"),
("IATT190003903","193055","191002","192010","17000","1","17000","0","17000","1","1","1","IAT1911191055","NHO2018000007","PAID","","193055"),
("IATT190003903","193055","191002","192010","17000","1","17000","0","17000","2","1","1","IAT1911191055","NHO2018000007","PAID","","193055"),
("IATT190003903","193055","191002","192010","17000","1","17000","0","17000","3","1","1","IAT1911191055","NHO2018000007","PAID","","193055"),
("IATT190003903","193046","191002","192010","10000","1","10000","0","10000","1","1","1","IAT1911191055","NHO2018000007","PAID","","193046"),
("IATT190003903","193119","191001","192012","20000","1","20000","0","20000","1","1","1","IAT1911191055","NHO2018000007","PAID","","193119"),
("IATT190003903","193019","191001","192002","40000","1","40000","17600","22400","1","1","1","IAT1911191055","NHO2018000007","PAID","","PEDAS"),
("IATT190003904","193011","191001","192001","40000","1","40000","17600","22400","1","1","1","IAT1911191055","NHO2018000007","PAID","","PEDAS"),
("IATT190003904","193006","191001","192001","37000","1","37000","16280","20720","1","1","1","IAT1911191055","NHO2018000007","PAID","","193006"),
("IATT190003904","193048","191002","192010","8000","1","8000","0","8000","1","1","1","IAT1911191055","NHO2018000007","PAID","","193048"),
("IATT190003904","193054","191002","192010","20000","1","20000","0","20000","1","1","1","IAT1911191055","NHO2018000007","PAID","","193054");



INSERT INTO pos_salestemp VALUES("IATT190003894","","1","32000","0","3200","0","35200","35200","19/11/2019","10:56","2019-11-19","10:57:50","ISU000006","tbl0001","CLOSED","1","","IATR190003786","","","","","IAT1911191055","NHO2018000007"),
("IATT190003895","","1","37818","0","0","0","0","0","19/11/2019","11:24","19/11/2019","11:26:22","ISU000006","tbl0001","CANCELED","1","PERMINTAAN CUSTOMER","","","","","","IAT1911191055","NHO2018000007"),
("IATT190003896","","3","149000","25080","12392","0","136312","150000","19/11/2019","12:10","2019-11-19","12:39:39","ISU000006","tbl0011","CLOSED","1","","IATR190003787","","","","","IAT1911191055","NHO2018000007"),
("IATT190003897","","2","88000","21120","6688","0","73568","100000","19/11/2019","13:53","2019-11-19","14:48:20","ISU000006","tbl0012","CLOSED","1","","IATR190003788","","","","","IAT1911191055","NHO2018000007"),
("IATT190003898","NHM2019003117 Ira sylviana","2","50000","13200","3680","0","40480","50500","19/11/2019","14:10","2019-11-19","14:55:21","ISU000006","tbl0010","CLOSED","1","","IATR190003789","","","","","IAT1911191055","NHO2018000007"),
("IATT190003899","","1","88000","0","8800","0","96800","100000","19/11/2019","15:21","2019-11-19","15:58:08","ISU000006","tbl0010","CLOSED","1","","IATR190003790","","","","","IAT1911191055","NHO2018000007"),
("IATT190003900","","1","23636","0","2364","0","26000","26000","19/11/2019","16:02","2019-11-19","16:06:09","ISU000006","tbl0002","CLOSED","1","","IATR190003791","","","","","IAT1911191055","NHO2018000007"),
("IATT190003901","","1","53000","18920","3408","0","37488","50000","19/11/2019","17:21","2019-11-19","17:48:49","ISU000006","tbl0012","CLOSED","1","","IATR190003792","","","","","IAT1911191055","NHO2018000007"),
("IATT190003902","","2","107000","30800","7620","0","83820","100000","19/11/2019","17:22","2019-11-19","17:55:10","ISU000006","tbl0011","CLOSED","1","","IATR190003793","","","","","IAT1911191055","NHO2018000007"),
("IATT190003903","","4","229000","46200","18280","0","201080","250000","19/11/2019","20:33","2019-11-19","21:22:53","ISU000004","tbl0012","CLOSED","1","","IATR190003794","","","","","IAT1911191055","NHO2018000007"),
("IATT190003904","","2","105000","33880","7112","0","78232","100000","19/11/2019","21:16","2019-11-19","21:45:13","ISU000004","tbl0010","CLOSED","1","","IATR190003795","","","","","IAT1911191055","NHO2018000007");






INSERT INTO pos_promotion_h VALUES("IATT190003896","NPRM18000020","DISC ITEM","1","25080","PROMO LAGI VIRAL 30%+20%","IAT1911191055","PAID","NHO2018000007"),
("IATT190003897","NPRM18000020","DISC ITEM","1","21120","PROMO LAGI VIRAL 30%+20%","IAT1911191055","PAID","NHO2018000007"),
("IATT190003898","NPRM18000020","DISC ITEM","1","13200","PROMO LAGI VIRAL 30%+20%","IAT1911191055","PAID","NHO2018000007"),
("IATT190003901","NPRM18000020","DISC ITEM","1","18920","PROMO LAGI VIRAL 30%+20%","IAT1911191055","PAID","NHO2018000007"),
("IATT190003902","NPRM18000020","DISC ITEM","1","30800","PROMO LAGI VIRAL 30%+20%","IAT1911191055","PAID","NHO2018000007"),
("IATT190003903","NPRM18000020","DISC ITEM","1","46200","PROMO LAGI VIRAL 30%+20%","IAT1911191055","PAID","NHO2018000007"),
("IATT190003904","NPRM18000020","DISC ITEM","1","33880","PROMO LAGI VIRAL 30%+20%","IAT1911191055","PAID","NHO2018000007");



INSERT INTO pos_promotion_d VALUES("IATT190003896","NPRM18000020","DISC ITEM","1","1","193084","1","13200","IAT1911191055","PAID","NHO2018000007"),
("IATT190003896","NPRM18000020","DISC ITEM","1","1","193030","1","11880","IAT1911191055","PAID","NHO2018000007"),
("IATT190003897","NPRM18000020","DISC ITEM","1","1","193084","1","13200","IAT1911191055","PAID","NHO2018000007"),
("IATT190003897","NPRM18000020","DISC ITEM","1","1","193071","1","7920","IAT1911191055","PAID","NHO2018000007"),
("IATT190003898","NPRM18000020","DISC ITEM","1","1","193084","1","13200","IAT1911191055","PAID","NHO2018000007"),
("IATT190003901","NPRM18000020","DISC ITEM","1","1","193077","1","13200","IAT1911191055","PAID","NHO2018000007"),
("IATT190003901","NPRM18000020","DISC ITEM","1","1","193069","1","5720","IAT1911191055","PAID","NHO2018000007"),
("IATT190003902","NPRM18000020","DISC ITEM","1","1","193082","1","13200","IAT1911191055","PAID","NHO2018000007"),
("IATT190003902","NPRM18000020","DISC ITEM","1","1","193019","1","17600","IAT1911191055","PAID","NHO2018000007"),
("IATT190003903","NPRM18000020","DISC ITEM","1","1","193035","1","14080","IAT1911191055","PAID","NHO2018000007"),
("IATT190003903","NPRM18000020","DISC ITEM","1","1","193081","1","14520","IAT1911191055","PAID","NHO2018000007"),
("IATT190003903","NPRM18000020","DISC ITEM","1","1","193019","1","17600","IAT1911191055","PAID","NHO2018000007"),
("IATT190003904","NPRM18000020","DISC ITEM","1","1","193011","1","17600","IAT1911191055","PAID","NHO2018000007"),
("IATT190003904","NPRM18000020","DISC ITEM","1","1","193006","1","16280","IAT1911191055","PAID","NHO2018000007");



INSERT INTO pos_paymenttemp VALUES("IATT190003894","CASH","GOPAY","35200","35200","ISU000006","2019-11-19","","1","","CLOSED","IAT1911191055","NHO2018000007"),
("IATT190003896","CASH","CASH","136312","150000","ISU000006","2019-11-19","","1","","CLOSED","IAT1911191055","NHO2018000007"),
("IATT190003897","CASH","CASH","73568","100000","ISU000006","2019-11-19","","1","","CLOSED","IAT1911191055","NHO2018000007"),
("IATT190003898","CASH","CASH","40480","50500","ISU000006","2019-11-19","","1","","CLOSED","IAT1911191055","NHO2018000007"),
("IATT190003899","CASH","CASH","96800","100000","ISU000006","2019-11-19","","1","","CLOSED","IAT1911191055","NHO2018000007"),
("IATT190003900","CASH","GOPAY","26000","26000","ISU000006","2019-11-19","","1","","CLOSED","IAT1911191055","NHO2018000007"),
("IATT190003901","CASH","CASH","37488","50000","ISU000006","2019-11-19","","1","","CLOSED","IAT1911191055","NHO2018000007"),
("IATT190003902","CASH","CASH","83820","100000","ISU000006","2019-11-19","","1","","CLOSED","IAT1911191055","NHO2018000007"),
("IATT190003903","CASH","CASH","201080","250000","ISU000004","2019-11-19","","1","","CLOSED","IAT1911191055","NHO2018000007"),
("IATT190003904","CASH","CASH","78232","100000","ISU000004","2019-11-19","","1","","CLOSED","IAT1911191055","NHO2018000007");



