INSERT INTO pos_itemtemp VALUES("IATT200005326","193184","191001","192015","15363","1","15363","0","15363","1","1","1","IAT1402200948","NHO2018000007","PAID","","193184"),
("IATT200005326","193183","191001","192015","15363","1","15363","0","15363","1","1","1","IAT1402200948","NHO2018000007","PAID","","193183"),
("IATT200005326","193138","191001","192015","39000","1","39000","0","39000","1","1","1","IAT1402200948","NHO2018000007","PAID","","193138"),
("IATT200005327","193046","191002","192010","10000","1","10000","0","10000","1","1","1","IAT1402200948","NHO2018000007","PAID","","193046"),
("IATT200005327","193084","191001","192001","30000","1","30000","0","30000","1","1","1","IAT1402200948","NHO2018000007","PAID","","PEDAS"),
("IATT200005328","193084","191001","192001","30000","1","30000","0","30000","1","1","1","IAT1402200948","NHO2018000007","PAID","lv 3","PEDAS"),
("IATT200005328","193237","191001","192011","0","1","0","0","0","1","1","1","IAT1402200948","NHO2018000007","PAID","","193237"),
("IATT200005328","193047","191002","192010","10000","1","10000","0","10000","1","1","1","IAT1402200948","NHO2018000007","PAID","","193047"),
("IATT200005329","193084","191001","192001","30000","1","30000","0","30000","1","1","1","IAT1402200948","NHO2018000007","PAID","lv2","PEDAS"),
("IATT200005329","193236","191001","192011","0","1","0","0","0","1","1","1","IAT1402200948","NHO2018000007","PAID","","193236"),
("IATT200005329","193047","191002","192010","10000","1","10000","0","10000","1","1","1","IAT1402200948","NHO2018000007","PAID","","193047"),
("IATT200005329","193047","191002","192010","10000","1","10000","0","10000","2","1","1","IAT1402200948","NHO2018000007","PAID","","193047"),
("IATT200005327","193234","191001","192011","0","1","0","0","0","1","1","2","IAT1402200948","NHO2018000007","PAID","","193234"),
("IATT200005330","193082","191001","192001","30000","1","30000","0","30000","1","1","1","IAT1402200948","NHO2018000007","PAID","","193082"),
("IATT200005330","193234","191001","192011","0","1","0","0","0","1","1","1","IAT1402200948","NHO2018000007","PAID","","193234"),
("IATT200005330","193076","191001","192001","30000","1","30000","0","30000","1","1","1","IAT1402200948","NHO2018000007","PAID","","193076"),
("IATT200005330","193056","191002","192010","17000","1","17000","0","17000","1","1","1","IAT1402200948","NHO2018000007","PAID","","193056"),
("IATT200005330","193056","191002","192010","17000","1","17000","0","17000","2","1","1","IAT1402200948","NHO2018000007","PAID","","193056"),
("IATT200005330","193055","191002","192010","17000","1","17000","0","17000","1","1","1","IAT1402200948","NHO2018000007","PAID","","193055"),
("IATT200005330","193071","191001","192012","18000","1","18000","0","18000","1","1","1","IAT1402200948","NHO2018000007","PAID","","193071"),
("IATT200005331","193084","191001","192001","30000","1","30000","0","30000","1","1","1","IAT1402200948","NHO2018000007","PAID","","PEDAS"),
("IATT200005331","193230","191001","192011","0","1","0","0","0","1","1","1","IAT1402200948","NHO2018000007","PAID","","193230"),
("IATT200005331","193055","191002","192010","17000","1","17000","0","17000","1","1","1","IAT1402200948","NHO2018000007","PAID","","193055"),
("IATT200005332","193008","191001","192001","37000","1","37000","0","37000","1","1","1","IAT1402200948","NHO2018000007","PAID","","193008"),
("IATT200005332","193077","191001","192001","30000","1","30000","0","30000","1","1","1","IAT1402200948","NHO2018000007","PAID","","193077"),
("IATT200005332","193078","191001","192001","30000","1","30000","0","30000","1","1","1","IAT1402200948","NHO2018000007","PAID","","PEDAS"),
("IATT200005332","193046","191002","192010","10000","1","10000","0","10000","1","1","1","IAT1402200948","NHO2018000007","PAID","","193046"),
("IATT200005332","193046","191002","192010","10000","1","10000","0","10000","2","1","1","IAT1402200948","NHO2018000007","PAID","","193046"),
("IATT200005332","193046","191002","192010","10000","1","10000","0","10000","3","1","1","IAT1402200948","NHO2018000007","PAID","","193046"),
("IATT200005333","193085","191001","192001","30000","1","30000","0","30000","1","1","1","IAT1402200948","NHO2018000007","PAID","","193085"),
("IATT200005333","193236","191001","192011","0","1","0","0","0","1","1","1","IAT1402200948","NHO2018000007","PAID","","193236"),
("IATT200005333","193022","191001","192003","30000","1","30000","0","30000","1","1","1","IAT1402200948","NHO2018000007","PAID","","193022"),
("IATT200005333","193052","191002","192010","20000","1","20000","0","20000","1","1","1","IAT1402200948","NHO2018000007","PAID","","193052"),
("IATT200005334","193118","191001","192012","20000","1","20000","0","20000","1","1","1","IAT1402200948","NHO2018000007","PAID","","193118"),
("IATT200005335","193084","191001","192001","30000","1","30000","0","30000","1","1","1","IAT1402200948","NHO2018000007","PAID","","PEDAS"),
("IATT200005335","193236","191001","192011","0","1","0","0","0","1","1","1","IAT1402200948","NHO2018000007","PAID","","193236"),
("IATT200005335","193047","191002","192010","10000","1","10000","0","10000","1","1","1","IAT1402200948","NHO2018000007","PAID","","193047"),
("IATT200005336","193079","191001","192001","30000","1","30000","0","30000","1","1","1","IAT1402200948","NHO2018000007","PAID","","193079"),
("IATT200005336","193234","191001","192011","0","1","0","0","0","1","1","1","IAT1402200948","NHO2018000007","PAID","","193234"),
("IATT200005336","193048","191002","192010","8000","1","8000","0","8000","1","1","1","IAT1402200948","NHO2018000007","PAID","","193048"),
("IATT200005336","193048","191002","192010","8000","1","8000","0","8000","2","1","1","IAT1402200948","NHO2018000007","PAID","","193048"),
("IATT200005336","193048","191002","192010","8000","1","8000","0","8000","3","1","1","IAT1402200948","NHO2018000007","PAID","","193048"),
("IATT200005333","193055","191002","192010","17000","1","17000","0","17000","1","1","2","IAT1402200948","NHO2018000007","PAID","","193055"),
("IATT200005337","193046","191002","192010","10000","1","10000","0","10000","1","1","1","IAT1402200948","NHO2018000007","PAID","","193046"),
("IATT200005337","193046","191002","192010","10000","1","10000","0","10000","2","1","1","IAT1402200948","NHO2018000007","PAID","","193046"),
("IATT200005337","193024","191001","192003","30000","1","30000","0","30000","1","1","1","IAT1402200948","NHO2018000007","PAID","","193024"),
("IATT200005337","193118","191001","192012","20000","1","20000","0","20000","1","1","1","IAT1402200948","NHO2018000007","PAID","","193118"),
("IATT200005338","193084","191001","192001","30000","1","30000","0","30000","1","1","1","IAT1402200948","NHO2018000007","PAID","swdangpedas","PEDAS"),
("IATT200005338","193237","191001","192011","0","1","0","0","0","1","1","1","IAT1402200948","NHO2018000007","PAID","","193237"),
("IATT200005338","193118","191001","192012","20000","1","20000","0","20000","1","1","1","IAT1402200948","NHO2018000007","PAID","","193118"),
("IATT200005338","193047","191002","192010","10000","1","10000","0","10000","1","1","1","IAT1402200948","NHO2018000007","PAID","","193047"),
("IATT200005339","193052","191002","192010","20000","1","20000","0","20000","1","1","1","IAT1402200948","NHO2018000007","PAID","","193052"),
("IATT200005339","193078","191001","192001","30000","1","30000","0","30000","1","1","1","IAT1402200948","NHO2018000007","PAID","","ORIGINAL"),
("IATT200005339","193232","191001","192011","0","1","0","0","0","1","1","1","IAT1402200948","NHO2018000007","PAID","","193232"),
("IATT200005340","193056","191002","192010","17000","1","17000","0","17000","1","1","1","IAT1402200948","NHO2018000007","PAID","","193056"),
("IATT200005340","193078","191001","192001","30000","1","30000","0","30000","1","1","1","IAT1402200948","NHO2018000007","PAID","","PEDAS"),
("IATT200005340","193232","191001","192011","0","1","0","0","0","1","1","1","IAT1402200948","NHO2018000007","PAID","","193232"),
("IATT200005341","193079","191001","192001","30000","1","30000","0","30000","1","1","1","IAT1402200948","NHO2018000007","PAID","","193079"),
("IATT200005341","193046","191002","192010","10000","1","10000","0","10000","1","1","1","IAT1402200948","NHO2018000007","PAID","","193046"),
("IATT200005342","193096","191001","192008","50000","1","50000","0","50000","1","1","1","IAT1402200948","NHO2018000007","PAID","","193096"),
("IATT200005342","193054","191002","192010","20000","1","20000","0","20000","1","1","1","IAT1402200948","NHO2018000007","PAID","","193054"),
("IATT200005343","193084","191001","192001","30000","1","30000","0","30000","1","1","1","IAT1402200948","NHO2018000007","PAID","","PEDAS"),
("IATT200005343","193232","191001","192011","0","1","0","0","0","1","1","1","IAT1402200948","NHO2018000007","PAID","","193232"),
("IATT200005343","193054","191002","192010","20000","1","20000","0","20000","1","1","1","IAT1402200948","NHO2018000007","PAID","","193054"),
("IATT200005344","193078","191001","192001","30000","1","30000","0","30000","1","1","1","IAT1402200948","NHO2018000007","PAID","","PEDAS"),
("IATT200005344","193232","191001","192011","0","1","0","0","0","1","1","1","IAT1402200948","NHO2018000007","PAID","","193232"),
("IATT200005345","193011","191001","192001","40000","1","40000","0","40000","1","1","1","IAT1402200948","NHO2018000007","PAID","","PEDAS"),
("IATT200005345","193084","191001","192001","30000","1","30000","0","30000","1","1","1","IAT1402200948","NHO2018000007","PAID","","PEDAS"),
("IATT200005345","193017","191001","192002","37000","1","37000","0","37000","1","1","1","IAT1402200948","NHO2018000007","PAID","","193017"),
("IATT200005345","193048","191002","192010","8000","1","8000","0","8000","1","1","1","IAT1402200948","NHO2018000007","PAID","","193048"),
("IATT200005345","193048","191002","192010","8000","1","8000","0","8000","2","1","1","IAT1402200948","NHO2018000007","PAID","","193048"),
("IATT200005345","193055","191002","192010","17000","1","17000","0","17000","1","1","1","IAT1402200948","NHO2018000007","PAID","","193055"),
("IATT200005346","193084","191001","192001","30000","1","30000","0","30000","1","1","1","IAT1402200948","NHO2018000007","PAID","","PEDAS"),
("IATT200005346","193237","191001","192011","0","1","0","0","0","1","1","1","IAT1402200948","NHO2018000007","PAID","","193237"),
("IATT200005346","193042","191001","192008","25000","1","25000","0","25000","1","1","1","IAT1402200948","NHO2018000007","PAID","","193042"),
("IATT200005346","193047","191002","192010","10000","1","10000","0","10000","1","1","1","IAT1402200948","NHO2018000007","PAID","","193047"),
("IATT200005346","193046","191002","192010","10000","1","10000","0","10000","1","1","1","IAT1402200948","NHO2018000007","PAID","","193046"),
("IATT200005346","193048","191002","192010","8000","1","8000","0","8000","1","1","1","IAT1402200948","NHO2018000007","PAID","","193048"),
("IATT200005346","193048","191002","192010","8000","1","8000","0","8000","2","1","2","IAT1402200948","NHO2018000007","PAID","","193048"),
("IATT200005347","193232","191001","192011","0","1","0","0","0","1","1","1","IAT1402200948","NHO2018000007","PAID","","193232"),
("IATT200005347","193078","191001","192001","30000","1","30000","0","30000","1","1","1","IAT1402200948","NHO2018000007","PAID","","PEDAS"),
("IATT200005348","193084","191001","192001","30000","1","30000","0","30000","1","1","1","IAT1402200948","NHO2018000007","PAID","","PEDAS"),
("IATT200005348","193232","191001","192011","0","1","0","0","0","1","1","1","IAT1402200948","NHO2018000007","PAID","","193232"),
("IATT200005348","193056","191002","192010","17000","1","17000","0","17000","1","1","1","IAT1402200948","NHO2018000007","PAID","","193056"),
("IATT200005349","193084","191001","192001","30000","1","30000","0","30000","1","1","1","IAT1402200948","NHO2018000007","PAID","","PEDAS"),
("IATT200005349","193236","191001","192011","0","1","0","0","0","1","1","1","IAT1402200948","NHO2018000007","PAID","","193236"),
("IATT200005349","193055","191002","192010","17000","1","17000","0","17000","1","1","1","IAT1402200948","NHO2018000007","PAID","","193055"),
("IATT200005349","193056","191002","192010","17000","1","17000","0","17000","1","1","1","IAT1402200948","NHO2018000007","PAID","","193056"),
("IATT200005350","193077","191001","192001","30000","1","30000","0","30000","1","1","1","IAT1402200948","NHO2018000007","PAID","","193077"),
("IATT200005350","193235","191001","192011","0","1","0","0","0","1","1","1","IAT1402200948","NHO2018000007","PAID","","193235"),
("IATT200005351","193024","191001","192003","30000","1","30000","0","30000","1","1","1","IAT1402200948","NHO2018000007","PAID","","193024"),
("IATT200005351","193048","191002","192010","8000","1","8000","0","8000","1","1","1","IAT1402200948","NHO2018000007","PAID","","193048"),
("IATT200005352","193056","191002","192010","17000","1","17000","0","17000","1","1","1","IAT1402200948","NHO2018000007","PAID","","193056"),
("IATT200005352","193056","191002","192010","17000","1","17000","0","17000","2","1","1","IAT1402200948","NHO2018000007","PAID","","193056"),
("IATT200005352","193085","191001","192001","30000","1","30000","0","30000","1","1","1","IAT1402200948","NHO2018000007","PAID","","193085"),
("IATT200005352","193234","191001","192011","0","1","0","0","0","1","1","1","IAT1402200948","NHO2018000007","PAID","","193234"),
("IATT200005353","193084","191001","192001","30000","1","30000","0","30000","1","1","1","IAT1402200948","NHO2018000007","PAID","","PEDAS"),
("IATT200005353","193018","191001","192002","37000","1","37000","0","37000","1","1","1","IAT1402200948","NHO2018000007","PAID","","ORIGINAL"),
("IATT200005353","193011","191001","192001","40000","1","40000","0","40000","1","1","1","IAT1402200948","NHO2018000007","PAID","","PEDAS"),
("IATT200005353","193012","191001","192001","40000","1","40000","0","40000","1","1","1","IAT1402200948","NHO2018000007","PAID","","193012"),
("IATT200005353","193047","191002","192010","10000","1","10000","0","10000","1","1","1","IAT1402200948","NHO2018000007","PAID","","193047"),
("IATT200005353","193047","191002","192010","10000","1","10000","0","10000","2","1","1","IAT1402200948","NHO2018000007","PAID","","193047"),
("IATT200005353","193056","191002","192010","17000","1","17000","0","17000","1","1","1","IAT1402200948","NHO2018000007","PAID","","193056"),
("IATT200005353","193051","191002","192010","20000","1","20000","0","20000","1","1","1","IAT1402200948","NHO2018000007","PAID","","193051"),
("IATT200005354","193034","191001","192005","37000","1","37000","0","37000","1","1","1","IAT1402200948","NHO2018000007","PAID","","193034"),
("IATT200005354","193015","191001","192002","33000","1","33000","0","33000","1","1","1","IAT1402200948","NHO2018000007","PAID","jangan terlalu pedas","PEDAS"),
("IATT200005354","193056","191002","192010","17000","1","17000","0","17000","1","1","1","IAT1402200948","NHO2018000007","PAID","","193056"),
("IATT200005354","193056","191002","192010","17000","1","17000","0","17000","2","1","1","IAT1402200948","NHO2018000007","PAID","","193056"),
("IATT200005355","193009","191001","192001","40000","1","40000","0","40000","1","1","1","IAT1402200948","NHO2018000007","PAID","","193009"),
("IATT200005355","193055","191002","192010","17000","1","17000","0","17000","1","1","1","IAT1402200948","NHO2018000007","PAID","","193055"),
("IATT200005356","193082","191001","192001","30000","1","30000","0","30000","1","1","1","IAT1402200948","NHO2018000007","PAID","PEDES DIKIT","193082"),
("IATT200005356","193054","191002","192010","20000","1","20000","0","20000","1","1","1","IAT1402200948","NHO2018000007","PAID","","193054"),
("IATT200005356","193236","191001","192011","0","1","0","0","0","1","1","2","IAT1402200948","NHO2018000007","PAID","","193236");



INSERT INTO pos_salestemp VALUES("IATT200005326","","1","69726","0","6973","0","76699","76699","14/02/2020","11:54","2020-02-14","11:56:44","ISU000006","tbl0015","CLOSED","1","","IATR200005181","","","","","IAT1402200948","NHO2018000007"),
("IATT200005327","","2","40000","0","4000","0","44000","45000","14/02/2020","11:57","2020-02-14","12:43:40","ISU000006","tbl0011","CLOSED","1","","IATR200005182","","","","","IAT1402200948","NHO2018000007"),
("IATT200005328","","2","40000","0","4000","0","44000","50000","14/02/2020","12:02","2020-02-14","12:58:20","ISU000006","tbl0010","CLOSED","1","","IATR200005184","","","","","IAT1402200948","NHO2018000007"),
("IATT200005329","","2","50000","0","5000","0","55000","55000","14/02/2020","12:03","2020-02-14","12:58:01","ISU000006","tbl0009","CLOSED","1","","IATR200005183","","","","","IAT1402200948","NHO2018000007"),
("IATT200005330","","3","129000","0","12900","0","141900","150000","14/02/2020","12:21","2020-02-14","13:08:42","ISU000006","tbl0012","CLOSED","1","","IATR200005187","","","","","IAT1402200948","NHO2018000007"),
("IATT200005331","","1","47000","0","4700","0","51700","52000","14/02/2020","12:34","2020-02-14","13:03:53","ISU000006","tbl0020","CLOSED","1","","IATR200005185","","","","","IAT1402200948","NHO2018000007"),
("IATT200005332","","3","127000","0","12700","0","139700","139700","14/02/2020","12:35","2020-02-14","13:24:48","ISU000006","tbl0014","CLOSED","1","","IATR200005188","","","","","IAT1402200948","NHO2018000007"),
("IATT200005333","","3","97000","0","9700","0","106700","106700","14/02/2020","12:48","2020-02-14","13:29:42","ISU000006","tbl0011","CLOSED","1","","IATR200005189","","","","","IAT1402200948","NHO2018000007"),
("IATT200005334","","1","20000","0","2000","0","22000","22000","14/02/2020","13:01","2020-02-14","13:05:08","ISU000006","tbl0021","CLOSED","1","","IATR200005186","","","","","IAT1402200948","NHO2018000007"),
("IATT200005335","","2","40000","0","4000","0","44000","50000","14/02/2020","13:06","2020-02-14","13:56:53","ISU000006","tbl0009","CLOSED","1","","IATR200005191","","","","","IAT1402200948","NHO2018000007"),
("IATT200005336","","2","54000","0","5400","0","59400","100000","14/02/2020","13:06","2020-02-14","13:56:04","ISU000006","tbl0010","CLOSED","1","","IATR200005190","","","","","IAT1402200948","NHO2018000007"),
("IATT200005337","","2","70000","0","7000","0","77000","77000","14/02/2020","14:13","2020-02-14","15:18:22","ISU000006","tbl0012","CLOSED","1","","IATR200005193","","","","","IAT1402200948","NHO2018000007"),
("IATT200005338","","2","60000","0","6000","0","66000","106000","14/02/2020","14:43","2020-02-14","15:04:14","ISU000006","tbl0011","CLOSED","1","","IATR200005192","","","","","IAT1402200948","NHO2018000007"),
("IATT200005339","","2","50000","0","5000","0","55000","100000","14/02/2020","15:30","2020-02-14","16:26:30","ISU000006","tbl0010","CLOSED","1","","IATR200005194","","","","","IAT1402200948","NHO2018000007"),
("IATT200005340","","1","47000","0","4700","0","51700","52000","14/02/2020","15:30","2020-02-14","16:27:03","ISU000006","tbl0009","CLOSED","1","","IATR200005195","","","","","IAT1402200948","NHO2018000007"),
("IATT200005341","","1","40000","0","4000","0","44000","50000","14/02/2020","17:02","2020-02-14","17:28:10","ISU000004","tbl0005","CLOSED","1","","IATR200005196","","","","","IAT1402200948","NHO2018000007"),
("IATT200005342","","1","70000","0","7000","0","77000","100000","14/02/2020","17:28","2020-02-14","18:00:43","ISU000004","tbl0012","CLOSED","1","","IATR200005197","","","","","IAT1402200948","NHO2018000007"),
("IATT200005343","","2","50000","0","5000","0","55000","55000","14/02/2020","17:49","2020-02-14","19:10:36","ISU000004","tbl0014","CLOSED","1","","IATR200005201","","","","","IAT1402200948","NHO2018000007"),
("IATT200005344","","2","30000","0","3000","0","33000","33000","14/02/2020","17:50","2020-02-14","19:13:33","ISU000004","tbl0013","CLOSED","1","","IATR200005202","","","","","IAT1402200948","NHO2018000007"),
("IATT200005345","","3","140000","0","14000","0","154000","154000","14/02/2020","17:50","2020-02-14","18:36:54","ISU000004","tbl0011","CLOSED","1","","IATR200005198","","","","","IAT1402200948","NHO2018000007"),
("IATT200005346","","3","91000","0","9100","0","100100","100100","14/02/2020","17:58","2020-02-14","18:44:35","ISU000004","tbl0010","CLOSED","1","","IATR200005199","","","","","IAT1402200948","NHO2018000007"),
("IATT200005347","","2","30000","0","3000","0","33000","33000","14/02/2020","18:46","2020-02-14","18:47:31","ISU000004","tbl0012","CLOSED","1","","IATR200005200","","","","","IAT1402200948","NHO2018000007"),
("IATT200005348","","2","47000","0","4700","0","51700","100000","14/02/2020","18:51","2020-02-14","20:56:54","ISU000004","tbl0010","CLOSED","1","","IATR200005206","","","","","IAT1402200948","NHO2018000007"),
("IATT200005349","","2","64000","0","6400","0","70400","70400","14/02/2020","18:56","2020-02-14","20:15:40","ISU000004","tbl0011","CLOSED","1","","IATR200005204","","","","","IAT1402200948","NHO2018000007"),
("IATT200005350","","1","30000","0","3000","0","33000","34000","14/02/2020","19:11","2020-02-14","20:05:21","ISU000004","tbl0001","CLOSED","1","","IATR200005203","","","","","IAT1402200948","NHO2018000007"),
("IATT200005351","","1","38000","0","3800","0","41800","100000","14/02/2020","19:39","2020-02-14","21:01:58","ISU000004","tbl0012","CLOSED","1","","IATR200005208","","","","","IAT1402200948","NHO2018000007"),
("IATT200005352","","2","64000","0","6400","0","70400","100000","14/02/2020","20:20","2020-02-14","20:52:19","ISU000004","tbl0011","CLOSED","1","","IATR200005205","","","","","IAT1402200948","NHO2018000007"),
("IATT200005353","","4","204000","0","20400","0","224400","224400","14/02/2020","20:25","2020-02-14","20:59:33","ISU000004","tbl0014","CLOSED","1","","IATR200005207","","","","","IAT1402200948","NHO2018000007"),
("IATT200005354","","2","104000","0","10400","0","114400","114400","14/02/2020","20:40","2020-02-14","21:03:55","ISU000004","tbl0020","CLOSED","1","","IATR200005209","","","","","IAT1402200948","NHO2018000007"),
("IATT200005355","","1","57000","0","5700","0","62700","100000","14/02/2020","20:54","2020-02-14","21:15:04","ISU000004","tbl0023","CLOSED","1","","IATR200005210","","","","","IAT1402200948","NHO2018000007"),
("IATT200005356","","1","50000","0","5000","0","55000","100000","14/02/2020","21:07","2020-02-14","21:22:58","ISU000004","tbl0007","CLOSED","1","","IATR200005211","","","","","IAT1402200948","NHO2018000007");



INSERT INTO item_void VALUES("IATT200005327","IAT1402200948","NHO2018000007","193082","193082","1","30000","Before Send","Komplen Customer"),
("IATT200005331","IAT1402200948","NHO2018000007","193118","193118","1","20000","After Send","Komplen Customer");









INSERT INTO pos_paymenttemp VALUES("IATT200005326","CASH","GOPAY","76699","76699","ISU000006","2020-02-14","","1","","CLOSED","IAT1402200948","NHO2018000007"),
("IATT200005327","CASH","CASH","44000","45000","ISU000006","2020-02-14","","1","","CLOSED","IAT1402200948","NHO2018000007"),
("IATT200005329","CARD","VISA","55000","55000","ISU000006","2020-02-14","","1","","CLOSED","IAT1402200948","NHO2018000007"),
("IATT200005328","CASH","CASH","44000","50000","ISU000006","2020-02-14","","1","","CLOSED","IAT1402200948","NHO2018000007"),
("IATT200005331","CASH","CASH","51700","52000","ISU000006","2020-02-14","","1","","CLOSED","IAT1402200948","NHO2018000007"),
("IATT200005334","CASH","OVO","22000","22000","ISU000006","2020-02-14","","1","","CLOSED","IAT1402200948","NHO2018000007"),
("IATT200005330","CASH","CASH","141900","150000","ISU000006","2020-02-14","","1","","CLOSED","IAT1402200948","NHO2018000007"),
("IATT200005332","CASH","OVO","139700","139700","ISU000006","2020-02-14","","1","","CLOSED","IAT1402200948","NHO2018000007"),
("IATT200005333","CARD","DEBIT BCA","106700","106700","ISU000006","2020-02-14","","1","","CLOSED","IAT1402200948","NHO2018000007"),
("IATT200005336","CASH","CASH","59400","100000","ISU000006","2020-02-14","","1","","CLOSED","IAT1402200948","NHO2018000007"),
("IATT200005335","CASH","CASH","44000","50000","ISU000006","2020-02-14","","1","","CLOSED","IAT1402200948","NHO2018000007"),
("IATT200005338","CASH","CASH","66000","106000","ISU000006","2020-02-14","","1","","CLOSED","IAT1402200948","NHO2018000007"),
("IATT200005337","CASH","OVO","77000","77000","ISU000006","2020-02-14","","1","","CLOSED","IAT1402200948","NHO2018000007"),
("IATT200005339","CASH","CASH","55000","100000","ISU000006","2020-02-14","","1","","CLOSED","IAT1402200948","NHO2018000007"),
("IATT200005340","CASH","CASH","51700","52000","ISU000006","2020-02-14","","1","","CLOSED","IAT1402200948","NHO2018000007"),
("IATT200005341","CASH","CASH","44000","50000","ISU000004","2020-02-14","","1","","CLOSED","IAT1402200948","NHO2018000007"),
("IATT200005342","CASH","CASH","77000","100000","ISU000004","2020-02-14","","1","","CLOSED","IAT1402200948","NHO2018000007"),
("IATT200005345","CASH","OVO","154000","154000","ISU000004","2020-02-14","","1","","CLOSED","IAT1402200948","NHO2018000007"),
("IATT200005346","CASH","CASH","100100","100100","ISU000004","2020-02-14","","1","","CLOSED","IAT1402200948","NHO2018000007"),
("IATT200005347","CARD","DEBIT BCA","33000","33000","ISU000004","2020-02-14","","1","","CLOSED","IAT1402200948","NHO2018000007"),
("IATT200005343","CASH","CASH","55000","55000","ISU000004","2020-02-14","","1","","CLOSED","IAT1402200948","NHO2018000007"),
("IATT200005344","CARD","DEBIT BCA","33000","33000","ISU000004","2020-02-14","","1","","CLOSED","IAT1402200948","NHO2018000007"),
("IATT200005350","CASH","CASH","33000","34000","ISU000004","2020-02-14","","1","","CLOSED","IAT1402200948","NHO2018000007"),
("IATT200005349","CARD","DEBIT BCA","70400","70400","ISU000004","2020-02-14","","1","","CLOSED","IAT1402200948","NHO2018000007"),
("IATT200005352","CASH","CASH","70400","100000","ISU000004","2020-02-14","","1","","CLOSED","IAT1402200948","NHO2018000007"),
("IATT200005348","CASH","CASH","51700","100000","ISU000004","2020-02-14","","1","","CLOSED","IAT1402200948","NHO2018000007"),
("IATT200005353","CARD","VISA","224400","224400","ISU000004","2020-02-14","","1","","CLOSED","IAT1402200948","NHO2018000007"),
("IATT200005351","CASH","CASH","41800","100000","ISU000004","2020-02-14","","1","","CLOSED","IAT1402200948","NHO2018000007"),
("IATT200005354","CASH","OVO","114400","114400","ISU000004","2020-02-14","","1","","CLOSED","IAT1402200948","NHO2018000007"),
("IATT200005355","CASH","CASH","62700","100000","ISU000004","2020-02-14","","1","","CLOSED","IAT1402200948","NHO2018000007"),
("IATT200005356","CASH","CASH","55000","100000","ISU000004","2020-02-14","","1","","CLOSED","IAT1402200948","NHO2018000007");



