INSERT INTO pos_itemtemp VALUES("IATT190004362","193084","191001","192001","30000","1","30000","0","30000","1","1","1","IAT1712190829","NHO2018000007","PAID","","PEDAS"),
("IATT190004362","193084","191001","192001","30000","1","30000","0","30000","2","1","1","IAT1712190829","NHO2018000007","PAID","","PEDAS"),
("IATT190004362","193084","191001","192001","30000","1","30000","0","30000","3","1","1","IAT1712190829","NHO2018000007","PAID","","PEDAS"),
("IATT190004362","193055","191002","192010","17000","1","17000","0","17000","1","1","1","IAT1712190829","NHO2018000007","PAID","","193055"),
("IATT190004362","193055","191002","192010","17000","1","17000","0","17000","2","1","1","IAT1712190829","NHO2018000007","PAID","","193055"),
("IATT190004362","193055","191002","192010","17000","1","17000","0","17000","3","1","1","IAT1712190829","NHO2018000007","PAID","","193055"),
("IATT190004363","193048","191002","192010","8000","1","8000","0","8000","1","1","1","IAT1712190829","NHO2018000007","PAID","","193048"),
("IATT190004363","193052","191002","192010","20000","1","20000","0","20000","1","1","1","IAT1712190829","NHO2018000007","PAID","","193052"),
("IATT190004363","193028","191001","192003","43000","1","43000","0","43000","3","1","1","IAT1712190829","NHO2018000007","PAID","","193028"),
("IATT190004363","193027","191001","192003","43000","1","43000","0","43000","1","1","1","IAT1712190829","NHO2018000007","PAID","","193027"),
("IATT190004364","193086","191001","192002","33000","1","33000","0","33000","1","1","1","IAT1712190829","NHO2018000007","PAID","","ORIGINAL"),
("IATT190004364","193083","191001","192001","30000","1","30000","0","30000","1","1","1","IAT1712190829","NHO2018000007","PAID","","193083"),
("IATT190004364","193077","191001","192001","30000","1","30000","0","30000","1","1","1","IAT1712190829","NHO2018000007","PAID","","193077"),
("IATT190004364","193022","191001","192003","30000","1","30000","0","30000","1","1","1","IAT1712190829","NHO2018000007","PAID","","193022"),
("IATT190004364","193048","191002","192010","8000","1","8000","0","8000","1","1","1","IAT1712190829","NHO2018000007","PAID","","193048"),
("IATT190004364","193048","191002","192010","8000","1","8000","0","8000","2","1","1","IAT1712190829","NHO2018000007","PAID","","193048"),
("IATT190004362","193072","191001","192012","25000","1","25000","0","25000","1","1","2","IAT1712190829","NHO2018000007","PAID","","193072"),
("IATT190004365","193034","191001","192005","37000","1","37000","0","37000","1","1","1","IAT1712190829","NHO2018000007","PAID","","193034"),
("IATT190004365","193082","191001","192001","30000","1","30000","0","30000","1","1","1","IAT1712190829","NHO2018000007","PAID","","193082"),
("IATT190004365","193046","191002","192010","10000","1","10000","0","10000","1","1","1","IAT1712190829","NHO2018000007","PAID","","193046"),
("IATT190004365","193046","191002","192010","10000","1","10000","0","10000","2","1","1","IAT1712190829","NHO2018000007","PAID","","193046"),
("IATT190004366","193082","191001","192001","30000","1","30000","15000","15000","1","1","1","IAT1712190829","NHO2018000007","PAID","","193082"),
("IATT190004366","193084","191001","192001","30000","1","30000","15000","15000","1","1","1","IAT1712190829","NHO2018000007","PAID","pedas sangat","PEDAS"),
("IATT190004366","193055","191002","192010","17000","1","17000","0","17000","1","1","1","IAT1712190829","NHO2018000007","PAID","","193055"),
("IATT190004366","193055","191002","192010","17000","1","17000","0","17000","2","1","1","IAT1712190829","NHO2018000007","PAID","","193055"),
("IATT190004366","193069","191001","192012","13000","1","13000","6500","6500","1","1","2","IAT1712190829","NHO2018000007","PAID","","193069"),
("IATT190004367","193187","191001","192001","40000","1","40000","0","40000","1","1","1","IAT1712190829","NHO2018000007","PAID","pedes ","193187"),
("IATT190004367","193187","191001","192001","40000","1","40000","0","40000","2","1","1","IAT1712190829","NHO2018000007","PAID","","193187"),
("IATT190004367","193056","191002","192010","17000","1","17000","0","17000","1","1","1","IAT1712190829","NHO2018000007","PAID","","193056"),
("IATT190004367","193055","191002","192010","17000","1","17000","0","17000","1","1","1","IAT1712190829","NHO2018000007","PAID","","193055"),
("IATT190004369","193084","191001","192001","30000","1","30000","0","30000","1","1","1","IAT1712190829","NHO2018000007","PAID"," jangan terlalu pedes","PEDAS"),
("IATT190004369","193048","191002","192010","8000","1","8000","0","8000","1","1","1","IAT1712190829","NHO2018000007","PAID","","193048"),
("IATT190004369","193047","191002","192010","10000","1","10000","0","10000","1","1","1","IAT1712190829","NHO2018000007","PAID","","193047"),
("IATT190004369","193113","191001","192003","55000","1","55000","0","55000","1","1","1","IAT1712190829","NHO2018000007","PAID","","193113"),
("IATT190004370","193084","191001","192001","30000","1","30000","0","30000","1","1","1","IAT1712190829","NHO2018000007","PAID","","PEDAS"),
("IATT190004370","193054","191002","192010","20000","1","20000","0","20000","1","1","1","IAT1712190829","NHO2018000007","PAID","LEVEL 1","193054"),
("IATT190004371","193039","191001","192006","36000","1","36000","0","36000","1","1","1","IAT1712190829","NHO2018000007","PAID","","PEDAS"),
("IATT190004371","193032","191001","192004","30000","1","30000","0","30000","1","1","1","IAT1712190829","NHO2018000007","PAID","","193032"),
("IATT190004371","193048","191002","192010","8000","1","8000","0","8000","1","1","1","IAT1712190829","NHO2018000007","PAID","","193048"),
("IATT190004371","193048","191002","192010","8000","1","8000","0","8000","2","1","1","IAT1712190829","NHO2018000007","PAID","","193048"),
("IATT190004371","193048","191002","192010","8000","1","8000","0","8000","3","1","1","IAT1712190829","NHO2018000007","PAID","","193048"),
("IATT190004372","193028","191001","192003","43000","1","43000","0","43000","1","1","1","IAT1712190829","NHO2018000007","PAID","","193028"),
("IATT190004372","193028","191001","192003","43000","1","43000","0","43000","2","1","1","IAT1712190829","NHO2018000007","PAID","","193028"),
("IATT190004372","193078","191001","192001","30000","1","30000","15000","15000","1","1","1","IAT1712190829","NHO2018000007","PAID","","PEDAS"),
("IATT190004372","193078","191001","192001","30000","1","30000","15000","15000","2","1","1","IAT1712190829","NHO2018000007","PAID","","PEDAS"),
("IATT190004372","193043","191001","192008","25000","1","25000","0","25000","1","1","1","IAT1712190829","NHO2018000007","PAID","","193043"),
("IATT190004372","193186","191001","192001","40000","1","40000","20000","20000","1","1","1","IAT1712190829","NHO2018000007","PAID","","193186"),
("IATT190004372","193052","191002","192010","20000","1","20000","0","20000","1","1","1","IAT1712190829","NHO2018000007","PAID","","193052"),
("IATT190004372","193054","191002","192010","20000","1","20000","0","20000","1","1","1","IAT1712190829","NHO2018000007","PAID","","193054"),
("IATT190004372","193054","191002","192010","20000","1","20000","0","20000","2","1","1","IAT1712190829","NHO2018000007","PAID","","193054"),
("IATT190004372","193054","191002","192010","20000","1","20000","0","20000","3","1","1","IAT1712190829","NHO2018000007","PAID","","193054"),
("IATT190004372","193051","191002","192010","20000","1","20000","0","20000","1","1","1","IAT1712190829","NHO2018000007","PAID","","193051"),
("IATT190004372","193051","191002","192010","20000","1","20000","0","20000","2","1","1","IAT1712190829","NHO2018000007","PAID","","193051");



INSERT INTO pos_salestemp VALUES("IATT190004362","","3","166000","0","16600","0","182600","200000","17/12/2019","12:16","2019-12-17","13:10:49","ISU000015","tbl0012","CLOSED","1","","IATR190004239","","","","","IAT1712190829","NHO2018000007"),
("IATT190004363","","4","114000","0","11400","0","125400","130000","17/12/2019","12:35","2019-12-17","13:14:31","ISU000015","tbl0010","CLOSED","1","","IATR190004240","","","","","IAT1712190829","NHO2018000007"),
("IATT190004364","","4","139000","0","13900","0","152900","154000","17/12/2019","12:44","2019-12-17","13:17:32","ISU000015","tbl0022","CLOSED","1","","IATR190004241","","","","","IAT1712190829","NHO2018000007"),
("IATT190004365","","2","87000","0","8700","0","95700","95700","17/12/2019","13:26","2019-12-17","13:52:33","ISU000004","tbl0022","CLOSED","1","","IATR190004242","","","","","IAT1712190829","NHO2018000007"),
("IATT190004366","","2","107000","36500","7050","0","77550","107000","17/12/2019","14:00","2019-12-17","15:47:14","ISU000004","tbl0010","CLOSED","1","","IATR190004244","","","","","IAT1712190829","NHO2018000007"),
("IATT190004367","","2","114000","0","11400","0","125400","150000","17/12/2019","14:39","2019-12-17","15:35:41","ISU000004","tbl0012","CLOSED","1","","IATR190004243","","","","","IAT1712190829","NHO2018000007"),
("IATT190004368","","1","0","0","0","0","0","0","17/12/2019","19:49","17/12/2019","19:49:21","ISU000004","tbl0012","CANCELED","1","PERMINTAAN CUSTOMER","","","","","","IAT1712190829","NHO2018000007"),
("IATT190004369","","2","103000","0","10300","0","113300","200300","17/12/2019","19:49","2019-12-17","20:14:13","ISU000004","tbl0012","CLOSED","1","","IATR190004246","","","","","IAT1712190829","NHO2018000007"),
("IATT190004370","","1","50000","0","5000","0","55000","100000","17/12/2019","20:04","2019-12-17","20:40:24","ISU000004","tbl0010","CLOSED","1","","IATR190004247","","","","","IAT1712190829","NHO2018000007"),
("IATT190004371","","2","90000","0","9000","0","99000","100000","17/12/2019","20:06","2019-12-17","20:07:41","ISU000004","tbl0011","CLOSED","1","","IATR190004245","","","","","IAT1712190829","NHO2018000007"),
("IATT190004372","","6","331000","50000","28100","0","309100","400000","17/12/2019","21:10","2019-12-17","21:54:15","ISU000004","tbl0022","CLOSED","1","","IATR190004248","","","","","IAT1712190829","NHO2018000007");






INSERT INTO pos_promotion_h VALUES("IATT190004366","NPRM18000021","DISC ITEM","1","36500","MENANG BANYAK","IAT1712190829","PAID","NHO2018000007"),
("IATT190004372","NPRM18000021","DISC ITEM","1","50000","MENANG BANYAK","IAT1712190829","PAID","NHO2018000007");



INSERT INTO pos_promotion_d VALUES("IATT190004366","NPRM18000021","DISC ITEM","1","1","193082","1","15000","IAT1712190829","PAID","NHO2018000007"),
("IATT190004366","NPRM18000021","DISC ITEM","1","1","193084","1","15000","IAT1712190829","PAID","NHO2018000007"),
("IATT190004366","NPRM18000021","DISC ITEM","1","1","193069","1","6500","IAT1712190829","PAID","NHO2018000007"),
("IATT190004372","NPRM18000021","DISC ITEM","1","1","193078","1","15000","IAT1712190829","PAID","NHO2018000007"),
("IATT190004372","NPRM18000021","DISC ITEM","1","1","193078","2","15000","IAT1712190829","PAID","NHO2018000007"),
("IATT190004372","NPRM18000021","DISC ITEM","1","1","193186","1","20000","IAT1712190829","PAID","NHO2018000007");



INSERT INTO pos_paymenttemp VALUES("IATT190004362","VOUCHER","TRAVELOKA EATS 100K","100000","100000","ISU000015","2019-12-17","","1","","CLOSED","IAT1712190829","NHO2018000007"),
("IATT190004362","VOUCHER","TRAVELOKA EATS 100K","100000","100000","ISU000015","2019-12-17","","1","","CLOSED","IAT1712190829","NHO2018000007"),
("IATT190004363","CASH","CASH","125400","130000","ISU000015","2019-12-17","","1","","CLOSED","IAT1712190829","NHO2018000007"),
("IATT190004364","CASH","CASH","152900","154000","ISU000015","2019-12-17","","1","","CLOSED","IAT1712190829","NHO2018000007"),
("IATT190004365","CARD","VISA","95700","95700","ISU000004","2019-12-17","","1","","CLOSED","IAT1712190829","NHO2018000007"),
("IATT190004367","CASH","CASH","125400","150000","ISU000004","2019-12-17","","1","","CLOSED","IAT1712190829","NHO2018000007"),
("IATT190004366","CASH","CASH","77550","107000","ISU000004","2019-12-17","","1","","CLOSED","IAT1712190829","NHO2018000007"),
("IATT190004371","VOUCHER","TRAVELOKA EATS 100K","100000","100000","ISU000004","2019-12-17","","1","","CLOSED","IAT1712190829","NHO2018000007"),
("IATT190004369","VOUCHER","TRAVELOKA EATS 100K","100000","100000","ISU000004","2019-12-17","","1","","CLOSED","IAT1712190829","NHO2018000007"),
("IATT190004369","CASH","CASH","13300","100300","ISU000004","2019-12-17","","1","","CLOSED","IAT1712190829","NHO2018000007"),
("IATT190004370","CASH","CASH","55000","100000","ISU000004","2019-12-17","","1","","CLOSED","IAT1712190829","NHO2018000007"),
("IATT190004372","CASH","CASH","309100","400000","ISU000004","2019-12-17","","1","","CLOSED","IAT1712190829","NHO2018000007");



