INSERT INTO pos_itemtemp VALUES("IATT190003198","193188","191001","192001","40000","1","40000","20000","20000","1","1","1","IAT1310190843","NHO2018000007","PAID","","193188"),
("IATT190003198","193024","191001","192003","30000","1","30000","0","30000","1","1","1","IAT1310190843","NHO2018000007","PAID","","193024"),
("IATT190003198","193035","191001","192006","32000","1","32000","16000","16000","1","1","1","IAT1310190843","NHO2018000007","PAID","sedeng","PEDAS"),
("IATT190003198","193185","191001","192001","40000","1","40000","20000","20000","1","1","1","IAT1310190843","NHO2018000007","PAID","","193185"),
("IATT190003198","193054","191002","192010","20000","1","20000","0","20000","1","1","1","IAT1310190843","NHO2018000007","PAID","","193054"),
("IATT190003198","193052","191002","192010","20000","1","20000","0","20000","1","1","1","IAT1310190843","NHO2018000007","PAID","","193052"),
("IATT190003198","193055","191002","192010","17000","1","17000","0","17000","1","1","1","IAT1310190843","NHO2018000007","PAID","","193055"),
("IATT190003199","193037","191001","192006","36000","1","36000","18000","18000","1","1","1","IAT1310190843","NHO2018000007","PAID","","ORIGINAL"),
("IATT190003199","193034","191001","192005","37000","1","37000","18500","18500","1","1","1","IAT1310190843","NHO2018000007","PAID","","193034"),
("IATT190003199","193187","191001","192001","40000","1","40000","20000","20000","1","1","1","IAT1310190843","NHO2018000007","PAID","","193187"),
("IATT190003199","193054","191002","192010","20000","1","20000","0","20000","1","1","1","IAT1310190843","NHO2018000007","PAID","","193054"),
("IATT190003199","193052","191002","192010","20000","1","20000","0","20000","1","1","1","IAT1310190843","NHO2018000007","PAID","","193052"),
("IATT190003199","193047","191002","192010","10000","1","10000","0","10000","1","1","2","IAT1310190843","NHO2018000007","PAID","","193047"),
("IATT190003199","193054","191002","192010","20000","1","20000","0","20000","2","1","2","IAT1310190843","NHO2018000007","PAID","","193054"),
("IATT190003199","193046","191002","192010","10000","1","10000","0","10000","1","1","2","IAT1310190843","NHO2018000007","PAID","","193046"),
("IATT190003199","193032","191001","192004","30000","1","30000","15000","15000","1","1","2","IAT1310190843","NHO2018000007","PAID","","193032"),
("IATT190003199","193086","191001","192002","33000","1","33000","16500","16500","1","1","2","IAT1310190843","NHO2018000007","PAID","","PEDAS"),
("IATT190003199","193112","191001","192003","50000","1","50000","0","50000","1","1","2","IAT1310190843","NHO2018000007","PAID","","193112"),
("IATT190003199","193048","191002","192010","8000","1","8000","0","8000","1","1","3","IAT1310190843","NHO2018000007","PAID","","193048"),
("IATT190003199","193043","191001","192008","25000","1","25000","0","25000","1","1","3","IAT1310190843","NHO2018000007","PAID","","193043"),
("IATT190003199","193054","191002","192010","20000","1","20000","0","20000","3","1","4","IAT1310190843","NHO2018000007","PAID","","193054"),
("IATT190003200","193034","191001","192005","37000","1","37000","19425","17575","1","1","1","IAT1310190843","NHO2018000007","PAID","","193034"),
("IATT190003200","193185","191001","192001","40000","1","40000","21000","19000","1","1","1","IAT1310190843","NHO2018000007","PAID","","193185"),
("IATT190003201","193029","191001","192004","27000","1","27000","13500","13500","1","1","1","IAT1310190843","NHO2018000007","PAID","","193029"),
("IATT190003198","193032","191001","192004","30000","1","30000","15000","15000","1","1","2","IAT1310190843","NHO2018000007","PAID","","193032"),
("IATT190003199","193048","191002","192010","8000","1","8000","0","8000","2","1","5","IAT1310190843","NHO2018000007","PAID","","193048"),
("IATT190003202","193030","191001","192004","27000","1","27000","13500","13500","1","1","1","IAT1310190843","NHO2018000007","PAID","","193030"),
("IATT190003202","193030","191001","192004","27000","1","27000","13500","13500","2","1","1","IAT1310190843","NHO2018000007","PAID","","193030"),
("IATT190003202","193029","191001","192004","27000","1","27000","13500","13500","1","1","1","IAT1310190843","NHO2018000007","PAID","","193029"),
("IATT190003202","193069","191001","192012","13000","1","13000","6500","6500","1","1","1","IAT1310190843","NHO2018000007","PAID","","193069"),
("IATT190003202","193118","191001","192012","20000","1","20000","10000","10000","1","1","1","IAT1310190843","NHO2018000007","PAID","","193118"),
("IATT190003202","193185","191001","192001","40000","1","40000","20000","20000","1","1","1","IAT1310190843","NHO2018000007","PAID","","193185"),
("IATT190003202","193055","191002","192010","17000","1","17000","0","17000","1","1","1","IAT1310190843","NHO2018000007","PAID","","193055"),
("IATT190003202","193055","191002","192010","17000","1","17000","0","17000","2","1","1","IAT1310190843","NHO2018000007","PAID","","193055"),
("IATT190003202","193055","191002","192010","17000","1","17000","0","17000","3","1","1","IAT1310190843","NHO2018000007","PAID","","193055"),
("IATT190003203","193015","191001","192002","33000","1","33000","0","33000","1","1","1","IAT1310190843","NHO2018000007","PAID","","ORIGINAL"),
("IATT190003203","193084","191001","192001","30000","1","30000","0","30000","1","1","1","IAT1310190843","NHO2018000007","PAID","","PEDAS"),
("IATT190003203","193070","191001","192012","13000","1","13000","0","13000","1","1","1","IAT1310190843","NHO2018000007","PAID","","193070"),
("IATT190003203","193118","191001","192012","20000","1","20000","0","20000","1","1","1","IAT1310190843","NHO2018000007","PAID","","193118"),
("IATT190003203","193055","191002","192010","17000","1","17000","0","17000","1","1","1","IAT1310190843","NHO2018000007","PAID","","193055"),
("IATT190003203","193054","191002","192010","20000","1","20000","0","20000","1","1","1","IAT1310190843","NHO2018000007","PAID","","193054"),
("IATT190003204","193005","191001","192001","37000","1","37000","18500","18500","1","1","1","IAT1310190843","NHO2018000007","PAID","","193005"),
("IATT190003204","193078","191001","192001","30000","1","30000","15000","15000","1","1","1","IAT1310190843","NHO2018000007","PAID","","PEDAS"),
("IATT190003204","193079","191001","192001","30000","1","30000","15000","15000","1","1","1","IAT1310190843","NHO2018000007","PAID","","193079"),
("IATT190003204","193052","191002","192010","20000","1","20000","0","20000","1","1","1","IAT1310190843","NHO2018000007","PAID","","193052"),
("IATT190003204","193052","191002","192010","20000","1","20000","0","20000","2","1","1","IAT1310190843","NHO2018000007","PAID","","193052"),
("IATT190003204","193052","191002","192010","20000","1","20000","0","20000","3","1","1","IAT1310190843","NHO2018000007","PAID","","193052"),
("IATT190003204","193048","191002","192010","8000","1","8000","0","8000","1","1","1","IAT1310190843","NHO2018000007","PAID","","193048"),
("IATT190003205","193034","191001","192005","37000","1","37000","18500","18500","1","1","1","IAT1310190843","NHO2018000007","PAID","","193034"),
("IATT190003205","193086","191001","192002","33000","1","33000","16500","16500","1","1","1","IAT1310190843","NHO2018000007","PAID","","PEDAS"),
("IATT190003205","193054","191002","192010","20000","1","20000","0","20000","1","1","1","IAT1310190843","NHO2018000007","PAID","","193054"),
("IATT190003205","193053","191002","192010","20000","1","20000","0","20000","1","1","1","IAT1310190843","NHO2018000007","PAID","","193053"),
("IATT190003206","193007","191001","192001","37000","1","37000","0","37000","1","1","1","IAT1310190843","NHO2018000007","PAID","","PEDAS"),
("IATT190003206","193005","191001","192001","37000","1","37000","0","37000","1","1","1","IAT1310190843","NHO2018000007","PAID","","193005"),
("IATT190003206","193051","191002","192010","20000","1","20000","0","20000","1","1","1","IAT1310190843","NHO2018000007","PAID","","193051"),
("IATT190003206","193056","191002","192010","17000","1","17000","0","17000","1","1","1","IAT1310190843","NHO2018000007","PAID","","193056"),
("IATT190003206","193055","191002","192010","17000","1","17000","0","17000","1","1","1","IAT1310190843","NHO2018000007","PAID","","193055"),
("IATT190003207","193033","191001","192005","42000","1","42000","21000","21000","1","1","1","IAT1310190843","NHO2018000007","PAID","","193033"),
("IATT190003207","193006","191001","192001","37000","1","37000","18500","18500","1","1","1","IAT1310190843","NHO2018000007","PAID","","193006"),
("IATT190003207","193053","191002","192010","20000","1","20000","0","20000","1","1","1","IAT1310190843","NHO2018000007","PAID","","193053"),
("IATT190003207","193046","191002","192010","10000","1","10000","0","10000","1","1","1","IAT1310190843","NHO2018000007","PAID","","193046"),
("IATT190003208","193052","191002","192010","20000","1","20000","0","20000","1","1","1","IAT1310190843","NHO2018000007","PAID","","193052"),
("IATT190003208","193079","191001","192001","30000","1","30000","15000","15000","1","1","1","IAT1310190843","NHO2018000007","PAID","","193079"),
("IATT190003206","193084","191001","192001","30000","1","30000","0","30000","1","1","2","IAT1310190843","NHO2018000007","PAID","","PEDAS"),
("IATT190003209","193186","191001","192001","40000","1","40000","20000","20000","1","1","1","IAT1310190843","NHO2018000007","PAID","","193186"),
("IATT190003209","193190","191001","192002","40000","1","40000","20000","20000","1","1","1","IAT1310190843","NHO2018000007","PAID","","193190"),
("IATT190003209","193050","191002","192010","20000","1","20000","0","20000","1","1","1","IAT1310190843","NHO2018000007","PAID","","193050"),
("IATT190003209","193056","191002","192010","17000","1","17000","0","17000","1","1","1","IAT1310190843","NHO2018000007","PAID","","193056"),
("IATT190003206","193056","191002","192010","17000","1","17000","0","17000","2","1","3","IAT1310190843","NHO2018000007","PAID","","193056"),
("IATT190003210","193187","191001","192001","40000","1","40000","20000","20000","1","1","1","IAT1310190843","NHO2018000007","PAID","lvl1","193187"),
("IATT190003210","193039","191001","192006","36000","1","36000","18000","18000","1","1","1","IAT1310190843","NHO2018000007","PAID","lvl1","ORIGINAL"),
("IATT190003210","193054","191002","192010","20000","1","20000","0","20000","1","1","1","IAT1310190843","NHO2018000007","PAID","","193054"),
("IATT190003211","193030","191001","192004","27000","1","27000","14175","12825","1","1","1","IAT1310190843","NHO2018000007","PAID","","193030"),
("IATT190003210","193035","191001","192006","32000","1","32000","16000","16000","1","1","2","IAT1310190843","NHO2018000007","PAID","","PEDAS"),
("IATT190003211","193086","191001","192002","33000","1","33000","17325","15675","1","1","2","IAT1310190843","NHO2018000007","PAID","","PEDAS"),
("IATT190003212","193027","191001","192003","43000","1","43000","0","43000","1","1","1","IAT1310190843","NHO2018000007","PAID","","193027"),
("IATT190003212","193028","191001","192003","43000","1","43000","0","43000","1","1","1","IAT1310190843","NHO2018000007","PAID","","193028"),
("IATT190003212","193048","191002","192010","8000","1","8000","0","8000","1","1","1","IAT1310190843","NHO2018000007","PAID","","193048"),
("IATT190003212","193048","191002","192010","8000","1","8000","0","8000","2","1","1","IAT1310190843","NHO2018000007","PAID","","193048"),
("IATT190003212","193048","191002","192010","8000","1","8000","0","8000","3","1","2","IAT1310190843","NHO2018000007","PAID","","193048"),
("IATT190003213","193187","191001","192001","40000","1","40000","20000","20000","1","1","1","IAT1310190843","NHO2018000007","PAID","","193187"),
("IATT190003213","193186","191001","192001","40000","1","40000","20000","20000","1","1","1","IAT1310190843","NHO2018000007","PAID","","193186"),
("IATT190003213","193053","191002","192010","20000","1","20000","0","20000","1","1","1","IAT1310190843","NHO2018000007","PAID","kuah bnyak","193053"),
("IATT190003214","193028","191001","192003","43000","1","43000","0","43000","1","1","1","IAT1310190843","NHO2018000007","PAID","","193028"),
("IATT190003214","193028","191001","192003","43000","1","43000","0","43000","2","1","1","IAT1310190843","NHO2018000007","PAID","","193028"),
("IATT190003214","193051","191002","192010","20000","1","20000","0","20000","1","1","1","IAT1310190843","NHO2018000007","PAID","","193051"),
("IATT190003214","193052","191002","192010","20000","1","20000","0","20000","1","1","1","IAT1310190843","NHO2018000007","PAID","","193052"),
("IATT190003214","193055","191002","192010","17000","1","17000","0","17000","1","1","2","IAT1310190843","NHO2018000007","PAID","","193055"),
("IATT190003215","193077","191001","192001","30000","1","30000","15000","15000","1","1","1","IAT1310190843","NHO2018000007","PAID","","193077"),
("IATT190003216","193035","191001","192006","32000","1","32000","16000","16000","1","1","1","IAT1310190843","NHO2018000007","PAID","","ORIGINAL"),
("IATT190003216","193052","191002","192010","20000","1","20000","0","20000","1","1","1","IAT1310190843","NHO2018000007","PAID","","193052"),
("IATT190003217","193005","191001","192001","37000","1","37000","18500","18500","1","1","1","IAT1310190843","NHO2018000007","PAID","","193005"),
("IATT190003217","193016","191001","192002","37000","1","37000","18500","18500","1","1","1","IAT1310190843","NHO2018000007","PAID","","ORIGINAL"),
("IATT190003217","193068","191003","192011","0","1","0","0","0","1","1","1","IAT1310190843","NHO2018000007","PAID","","193068"),
("IATT190003218","193025","191001","192003","30000","1","30000","0","30000","1","1","1","IAT1310190843","NHO2018000007","PAID","","193025"),
("IATT190003218","193055","191002","192010","17000","1","17000","0","17000","1","1","1","IAT1310190843","NHO2018000007","PAID","","193055"),
("IATT190003217","193191","191001","192002","40000","1","40000","20000","20000","1","1","2","IAT1310190843","NHO2018000007","PAID","","193191"),
("IATT190003219","193084","191001","192001","30000","1","30000","15000","15000","1","1","1","IAT1310190843","NHO2018000007","PAID","lvl3\n","PEDAS"),
("IATT190003219","193032","191001","192004","30000","1","30000","15000","15000","1","1","1","IAT1310190843","NHO2018000007","PAID","","193032"),
("IATT190003219","193048","191002","192010","8000","1","8000","0","8000","1","1","1","IAT1310190843","NHO2018000007","PAID","","193048"),
("IATT190003219","193048","191002","192010","8000","1","8000","0","8000","2","1","1","IAT1310190843","NHO2018000007","PAID","","193048"),
("IATT190003220","193154","191001","192015","35454","1","35454","0","35454","1","1","1","IAT1310190843","NHO2018000007","PAID","","193154"),
("IATT190003220","193173","191001","192015","23636","1","23636","0","23636","1","1","1","IAT1310190843","NHO2018000007","PAID","","193173"),
("IATT190003221","193022","191001","192003","30000","1","30000","0","30000","1","1","1","IAT1310190843","NHO2018000007","PAID","","193022"),
("IATT190003221","193052","191002","192010","20000","1","20000","0","20000","1","1","1","IAT1310190843","NHO2018000007","PAID","","193052"),
("IATT190003222","193032","191001","192004","30000","1","30000","15000","15000","1","1","1","IAT1310190843","NHO2018000007","PAID","","193032"),
("IATT190003222","193030","191001","192004","27000","1","27000","13500","13500","1","1","1","IAT1310190843","NHO2018000007","PAID","","193030"),
("IATT190003222","193056","191002","192010","17000","1","17000","0","17000","1","1","1","IAT1310190843","NHO2018000007","PAID","","193056"),
("IATT190003222","193055","191002","192010","17000","1","17000","0","17000","1","1","1","IAT1310190843","NHO2018000007","PAID","","193055"),
("IATT190003223","193084","191001","192001","30000","1","30000","0","30000","1","1","1","IAT1310190843","NHO2018000007","PAID","","PEDAS"),
("IATT190003223","193047","191002","192010","10000","1","10000","0","10000","1","1","1","IAT1310190843","NHO2018000007","PAID","jangan terlalu pedas","193047"),
("IATT190003224","193016","191001","192002","37000","1","37000","18500","18500","1","1","1","IAT1310190843","NHO2018000007","PAID","","PEDAS"),
("IATT190003224","193039","191001","192006","36000","1","36000","18000","18000","1","1","1","IAT1310190843","NHO2018000007","PAID","","PEDAS"),
("IATT190003224","193048","191002","192010","8000","1","8000","0","8000","1","1","1","IAT1310190843","NHO2018000007","PAID","","193048"),
("IATT190003224","193048","191002","192010","8000","1","8000","0","8000","2","1","1","IAT1310190843","NHO2018000007","PAID","","193048"),
("IATT190003223","193118","191001","192012","20000","1","20000","0","20000","1","1","2","IAT1310190843","NHO2018000007","PAID","","193118"),
("IATT190003225","193084","191001","192001","30000","1","30000","15000","15000","1","1","1","IAT1310190843","NHO2018000007","PAID","pedes sedeng","ORIGINAL"),
("IATT190003225","193035","191001","192006","32000","1","32000","16000","16000","1","1","1","IAT1310190843","NHO2018000007","PAID"," pedes sedeng","PEDAS"),
("IATT190003225","193022","191001","192003","30000","1","30000","0","30000","1","1","1","IAT1310190843","NHO2018000007","PAID","","193022"),
("IATT190003225","193049","191002","192010","10000","1","10000","0","10000","1","1","2","IAT1310190843","NHO2018000007","PAID","","193049"),
("IATT190003225","193049","191002","192010","10000","1","10000","0","10000","2","1","2","IAT1310190843","NHO2018000007","PAID","","193049"),
("IATT190003225","193046","191002","192010","10000","1","10000","0","10000","1","1","2","IAT1310190843","NHO2018000007","PAID","","193046"),
("IATT190003225","193055","191002","192010","17000","1","17000","0","17000","1","1","2","IAT1310190843","NHO2018000007","PAID","","193055"),
("IATT190003226","193076","191001","192001","30000","1","30000","15000","15000","1","1","1","IAT1310190843","NHO2018000007","PAID","","193076"),
("IATT190003226","193082","191001","192001","30000","1","30000","15000","15000","1","1","1","IAT1310190843","NHO2018000007","PAID","","193082"),
("IATT190003226","193082","191001","192001","30000","1","30000","15000","15000","2","1","1","IAT1310190843","NHO2018000007","PAID","","193082"),
("IATT190003226","193055","191002","192010","17000","1","17000","0","17000","1","1","1","IAT1310190843","NHO2018000007","PAID","","193055"),
("IATT190003226","193055","191002","192010","17000","1","17000","0","17000","2","1","1","IAT1310190843","NHO2018000007","PAID","","193055"),
("IATT190003226","193056","191002","192010","17000","1","17000","0","17000","1","1","1","IAT1310190843","NHO2018000007","PAID","","193056");



INSERT INTO pos_salestemp VALUES("IATT190003198","","6","229000","71000","15800","0","173800","173800","13/10/2019","12:01","2019-10-13","12:44:38","ISU000006","tbl0013","CLOSED","1","","IATR190003102","","","","","IAT1310190843","NHO2018000007"),
("IATT190003199","","3","367000","88000","27900","0","306900","306900","13/10/2019","12:02","2019-10-13","12:52:10","ISU000006","tbl0022","CLOSED","1","","IATR190003104","","","","","IAT1310190843","NHO2018000007"),
("IATT190003200","NHM2018000186 Nursiti . H","1","77000","40425","3658","0","40233","50000","13/10/2019","12:23","2019-10-13","15:57:16","ISU000006","tbl0009","CLOSED","1","","IATR190003114","","","","","IAT1310190843","NHO2018000007"),
("IATT190003201","","1","27000","13500","1350","0","14850","20000","13/10/2019","12:25","2019-10-13","12:45:25","ISU000006","tbl0017","CLOSED","1","","IATR190003103","","","","","IAT1310190843","NHO2018000007"),
("IATT190003202","","3","205000","77000","12800","0","140800","200000","13/10/2019","13:11","2019-10-13","14:17:36","ISU000006","tbl0012","CLOSED","1","","IATR190003106","","","","","IAT1310190843","NHO2018000007"),
("IATT190003203","","2","133000","0","13300","0","146300","146300","13/10/2019","13:31","2019-10-13","14:50:12","ISU000006","tbl0011","CLOSED","1","","IATR190003111","","","","","IAT1310190843","NHO2018000007"),
("IATT190003204","","3","165000","48500","11650","0","128150","150000","13/10/2019","13:37","2019-10-13","14:13:09","ISU000006","tbl0014","CLOSED","1","","IATR190003105","","","","","IAT1310190843","NHO2018000007"),
("IATT190003205","","2","110000","35000","7500","0","82500","100000","13/10/2019","13:43","2019-10-13","14:32:24","ISU000006","tbl0018","CLOSED","1","","IATR190003108","","","","","IAT1310190843","NHO2018000007"),
("IATT190003206","","2","175000","0","17500","0","192500","192500","13/10/2019","13:51","2019-10-13","14:31:25","ISU000006","tbl0010","CLOSED","1","","IATR190003107","","","","","IAT1310190843","NHO2018000007"),
("IATT190003207","","2","109000","39500","6950","0","76450","100000","13/10/2019","13:52","2019-10-13","14:48:38","ISU000006","tbl0021","CLOSED","1","","IATR190003110","","","","","IAT1310190843","NHO2018000007"),
("IATT190003208","","2","50000","15000","3500","0","38500","50000","13/10/2019","13:53","2019-10-13","14:35:34","ISU000006","tbl0024","CLOSED","1","","IATR190003109","","","","","IAT1310190843","NHO2018000007"),
("IATT190003209","","2","117000","40000","7700","0","84700","100000","13/10/2019","14:14","2019-10-13","15:04:35","ISU000006","tbl0012","CLOSED","1","","IATR190003112","","","","","IAT1310190843","NHO2018000007"),
("IATT190003210","","2","128000","54000","7400","0","81400","100000","13/10/2019","14:32","2019-10-13","15:10:32","ISU000006","tbl0014","CLOSED","1","","IATR190003113","","","","","IAT1310190843","NHO2018000007"),
("IATT190003211","","2","60000","31500","2850","0","31350","50000","13/10/2019","14:45","2019-10-13","16:04:09","ISU000006","tbl0050","CLOSED","1","","IATR190003115","","","","","IAT1310190843","NHO2018000007"),
("IATT190003212","","2","110000","0","11000","0","121000","121000","13/10/2019","15:21","2019-10-13","16:15:25","ISU000006","tbl0012","CLOSED","1","","IATR190003118","","","","","IAT1310190843","NHO2018000007"),
("IATT190003213","","2","100000","40000","6000","0","66000","66000","13/10/2019","15:40","2019-10-13","16:09:28","ISU000006","tbl0010","CLOSED","1","","IATR190003116","","","","","IAT1310190843","NHO2018000007"),
("IATT190003214","","2","143000","0","14300","0","157300","157300","13/10/2019","15:42","2019-10-13","16:14:08","ISU000006","tbl0011","CLOSED","1","","IATR190003117","","","","","IAT1310190843","NHO2018000007"),
("IATT190003215","","1","30000","15000","1500","0","16500","20000","13/10/2019","16:37","2019-10-13","16:53:18","ISU000006","tbl0005","CLOSED","1","","IATR190003119","","","","","IAT1310190843","NHO2018000007"),
("IATT190003216","","1","52000","16000","3600","0","39600","50000","13/10/2019","17:11","2019-10-13","17:33:31","ISU000006","tbl0011","CLOSED","1","","IATR190003120","","","","","IAT1310190843","NHO2018000007"),
("IATT190003217","","1","114000","57000","5700","0","62700","100000","13/10/2019","18:10","2019-10-13","19:05:29","ISU000013","tbl0012","CLOSED","1","","IATR190003124","","","","","IAT1310190843","NHO2018000007"),
("IATT190003218","","2","47000","0","4700","0","51700","51700","13/10/2019","18:12","2019-10-13","18:55:36","ISU000013","tbl0010","CLOSED","1","","IATR190003122","","","","","IAT1310190843","NHO2018000007"),
("IATT190003219","","2","76000","30000","4600","0","50600","60000","13/10/2019","18:22","2019-10-13","18:59:51","ISU000013","tbl0011","CLOSED","1","","IATR190003123","","","","","IAT1310190843","NHO2018000007"),
("IATT190003220","","1","59090","0","5909","0","64999","65000","13/10/2019","18:47","2019-10-13","19:15:50","ISU000013","takeaway","CLOSED","1","go food / go bizz","IATR190003125","","","","","IAT1310190843","NHO2018000007"),
("IATT190003221","","1","50000","0","5000","0","55000","55000","13/10/2019","18:50","2019-10-13","18:53:43","ISU000013","tbl0004","CLOSED","1","","IATR190003121","","","","","IAT1310190843","NHO2018000007"),
("IATT190003222","","2","91000","28500","6250","0","68750","100000","13/10/2019","19:02","2019-10-13","19:48:10","ISU000004","tbl0022","CLOSED","1","","IATR190003126","","","","","IAT1310190843","NHO2018000007"),
("IATT190003223","","1","60000","0","6000","0","66000","66000","13/10/2019","19:02","2019-10-13","19:51:46","ISU000004","tbl0010","CLOSED","1","","IATR190003127","","","","","IAT1310190843","NHO2018000007"),
("IATT190003224","","2","89000","36500","5250","0","57750","70000","13/10/2019","19:12","2019-10-13","19:52:40","ISU000004","tbl0011","CLOSED","1","","IATR190003128","","","","","IAT1310190843","NHO2018000007"),
("IATT190003225","","2","139000","31000","10800","0","118800","120000","13/10/2019","20:50","2019-10-13","21:34:25","ISU000004","tbl0010","CLOSED","1","","IATR190003129","","","","","IAT1310190843","NHO2018000007"),
("IATT190003226","","2","141000","45000","9600","0","105600","105600","13/10/2019","21:18","2019-10-13","21:46:43","ISU000004","tbl0012","CLOSED","1","","IATR190003130","","","","","IAT1310190843","NHO2018000007");



INSERT INTO item_void VALUES("IATT190003206","IAT1310190843","NHO2018000007","193083","193083","1","30000","Before Send","Komplen Customer"),
("IATT190003220","IAT1310190843","NHO2018000007","193022","193022","1","30000","Before Send","Salah Order"),
("IATT190003220","IAT1310190843","NHO2018000007","193053","193053","1","20000","Before Send","Salah Order");



INSERT INTO pos_promotion_h VALUES("IATT190003200","NPRM18000017","DISC ITEM","1","38500","TUNJUKKAN JEMPOLMU","IAT1310190843","PAID","NHO2018000007"),
("IATT190003200","NPRM18000018","DISC ALL","1","1925","CRM DISC 5%","IAT1310190843","PAID","NHO2018000007"),
("IATT190003198","NPRM18000017","DISC ITEM","1","71000","TUNJUKKAN JEMPOLMU","IAT1310190843","PAID","NHO2018000007"),
("IATT190003199","NPRM18000017","DISC ITEM","1","88000","TUNJUKKAN JEMPOLMU","IAT1310190843","PAID","NHO2018000007"),
("IATT190003201","NPRM18000017","DISC ITEM","1","13500","TUNJUKKAN JEMPOLMU","IAT1310190843","PAID","NHO2018000007"),
("IATT190003204","NPRM18000017","DISC ITEM","1","48500","TUNJUKKAN JEMPOLMU","IAT1310190843","PAID","NHO2018000007"),
("IATT190003202","NPRM18000017","DISC ITEM","1","77000","TUNJUKKAN JEMPOLMU","IAT1310190843","PAID","NHO2018000007"),
("IATT190003205","NPRM18000017","DISC ITEM","1","35000","TUNJUKKAN JEMPOLMU","IAT1310190843","PAID","NHO2018000007"),
("IATT190003208","NPRM18000017","DISC ITEM","1","15000","TUNJUKKAN JEMPOLMU","IAT1310190843","PAID","NHO2018000007"),
("IATT190003207","NPRM18000017","DISC ITEM","1","39500","TUNJUKKAN JEMPOLMU","IAT1310190843","PAID","NHO2018000007"),
("IATT190003209","NPRM18000017","DISC ITEM","1","40000","TUNJUKKAN JEMPOLMU","IAT1310190843","PAID","NHO2018000007"),
("IATT190003210","NPRM18000017","DISC ITEM","1","54000","TUNJUKKAN JEMPOLMU","IAT1310190843","PAID","NHO2018000007"),
("IATT190003211","NPRM18000017","DISC ITEM","1","30000","TUNJUKKAN JEMPOLMU","IAT1310190843","PAID","NHO2018000007"),
("IATT190003211","NPRM18000018","DISC ALL","1","1500","CRM DISC 5%","IAT1310190843","PAID","NHO2018000007"),
("IATT190003213","NPRM18000017","DISC ITEM","1","40000","TUNJUKKAN JEMPOLMU","IAT1310190843","PAID","NHO2018000007"),
("IATT190003215","NPRM18000017","DISC ITEM","1","15000","TUNJUKKAN JEMPOLMU","IAT1310190843","PAID","NHO2018000007"),
("IATT190003216","NPRM18000017","DISC ITEM","1","16000","TUNJUKKAN JEMPOLMU","IAT1310190843","PAID","NHO2018000007"),
("IATT190003219","NPRM18000017","DISC ITEM","1","30000","TUNJUKKAN JEMPOLMU","IAT1310190843","PAID","NHO2018000007"),
("IATT190003217","NPRM18000017","DISC ITEM","1","57000","TUNJUKKAN JEMPOLMU","IAT1310190843","PAID","NHO2018000007"),
("IATT190003222","NPRM18000017","DISC ITEM","1","28500","TUNJUKKAN JEMPOLMU","IAT1310190843","PAID","NHO2018000007"),
("IATT190003224","NPRM18000017","DISC ITEM","1","36500","TUNJUKKAN JEMPOLMU","IAT1310190843","PAID","NHO2018000007"),
("IATT190003225","NPRM18000017","DISC ITEM","1","31000","TUNJUKKAN JEMPOLMU","IAT1310190843","PAID","NHO2018000007"),
("IATT190003226","NPRM18000017","DISC ITEM","1","45000","TUNJUKKAN JEMPOLMU","IAT1310190843","PAID","NHO2018000007");



INSERT INTO pos_promotion_d VALUES("IATT190003200","NPRM18000017","DISC ITEM","1","1","193034","1","18500","IAT1310190843","PAID","NHO2018000007"),
("IATT190003200","NPRM18000017","DISC ITEM","1","1","193185","1","20000","IAT1310190843","PAID","NHO2018000007"),
("IATT190003200","NPRM18000018","DISC ALL","1","1","193034","1","925","IAT1310190843","PAID","NHO2018000007"),
("IATT190003200","NPRM18000018","DISC ALL","1","1","193185","1","1000","IAT1310190843","PAID","NHO2018000007"),
("IATT190003198","NPRM18000017","DISC ITEM","1","1","193188","1","20000","IAT1310190843","PAID","NHO2018000007"),
("IATT190003198","NPRM18000017","DISC ITEM","1","1","193035","1","16000","IAT1310190843","PAID","NHO2018000007"),
("IATT190003198","NPRM18000017","DISC ITEM","1","1","193185","1","20000","IAT1310190843","PAID","NHO2018000007"),
("IATT190003198","NPRM18000017","DISC ITEM","1","1","193032","1","15000","IAT1310190843","PAID","NHO2018000007"),
("IATT190003199","NPRM18000017","DISC ITEM","1","1","193037","1","18000","IAT1310190843","PAID","NHO2018000007"),
("IATT190003199","NPRM18000017","DISC ITEM","1","1","193034","1","18500","IAT1310190843","PAID","NHO2018000007"),
("IATT190003199","NPRM18000017","DISC ITEM","1","1","193187","1","20000","IAT1310190843","PAID","NHO2018000007"),
("IATT190003199","NPRM18000017","DISC ITEM","1","1","193032","1","15000","IAT1310190843","PAID","NHO2018000007"),
("IATT190003199","NPRM18000017","DISC ITEM","1","1","193086","1","16500","IAT1310190843","PAID","NHO2018000007"),
("IATT190003201","NPRM18000017","DISC ITEM","1","1","193029","1","13500","IAT1310190843","PAID","NHO2018000007"),
("IATT190003204","NPRM18000017","DISC ITEM","1","1","193005","1","18500","IAT1310190843","PAID","NHO2018000007"),
("IATT190003204","NPRM18000017","DISC ITEM","1","1","193078","1","15000","IAT1310190843","PAID","NHO2018000007"),
("IATT190003204","NPRM18000017","DISC ITEM","1","1","193079","1","15000","IAT1310190843","PAID","NHO2018000007"),
("IATT190003202","NPRM18000017","DISC ITEM","1","1","193030","1","13500","IAT1310190843","PAID","NHO2018000007"),
("IATT190003202","NPRM18000017","DISC ITEM","1","1","193030","2","13500","IAT1310190843","PAID","NHO2018000007"),
("IATT190003202","NPRM18000017","DISC ITEM","1","1","193029","1","13500","IAT1310190843","PAID","NHO2018000007"),
("IATT190003202","NPRM18000017","DISC ITEM","1","1","193069","1","6500","IAT1310190843","PAID","NHO2018000007"),
("IATT190003202","NPRM18000017","DISC ITEM","1","1","193118","1","10000","IAT1310190843","PAID","NHO2018000007"),
("IATT190003202","NPRM18000017","DISC ITEM","1","1","193185","1","20000","IAT1310190843","PAID","NHO2018000007"),
("IATT190003205","NPRM18000017","DISC ITEM","1","1","193034","1","18500","IAT1310190843","PAID","NHO2018000007"),
("IATT190003205","NPRM18000017","DISC ITEM","1","1","193086","1","16500","IAT1310190843","PAID","NHO2018000007"),
("IATT190003208","NPRM18000017","DISC ITEM","1","1","193079","1","15000","IAT1310190843","PAID","NHO2018000007"),
("IATT190003207","NPRM18000017","DISC ITEM","1","1","193033","1","21000","IAT1310190843","PAID","NHO2018000007"),
("IATT190003207","NPRM18000017","DISC ITEM","1","1","193006","1","18500","IAT1310190843","PAID","NHO2018000007"),
("IATT190003209","NPRM18000017","DISC ITEM","1","1","193186","1","20000","IAT1310190843","PAID","NHO2018000007"),
("IATT190003209","NPRM18000017","DISC ITEM","1","1","193190","1","20000","IAT1310190843","PAID","NHO2018000007"),
("IATT190003210","NPRM18000017","DISC ITEM","1","1","193187","1","20000","IAT1310190843","PAID","NHO2018000007"),
("IATT190003210","NPRM18000017","DISC ITEM","1","1","193039","1","18000","IAT1310190843","PAID","NHO2018000007"),
("IATT190003210","NPRM18000017","DISC ITEM","1","1","193035","1","16000","IAT1310190843","PAID","NHO2018000007"),
("IATT190003211","NPRM18000017","DISC ITEM","1","1","193030","1","13500","IAT1310190843","PAID","NHO2018000007"),
("IATT190003211","NPRM18000017","DISC ITEM","1","1","193086","1","16500","IAT1310190843","PAID","NHO2018000007"),
("IATT190003211","NPRM18000018","DISC ALL","1","1","193030","1","675","IAT1310190843","PAID","NHO2018000007"),
("IATT190003211","NPRM18000018","DISC ALL","1","1","193086","1","825","IAT1310190843","PAID","NHO2018000007"),
("IATT190003213","NPRM18000017","DISC ITEM","1","1","193187","1","20000","IAT1310190843","PAID","NHO2018000007"),
("IATT190003213","NPRM18000017","DISC ITEM","1","1","193186","1","20000","IAT1310190843","PAID","NHO2018000007"),
("IATT190003215","NPRM18000017","DISC ITEM","1","1","193077","1","15000","IAT1310190843","PAID","NHO2018000007"),
("IATT190003216","NPRM18000017","DISC ITEM","1","1","193035","1","16000","IAT1310190843","PAID","NHO2018000007"),
("IATT190003219","NPRM18000017","DISC ITEM","1","1","193084","1","15000","IAT1310190843","PAID","NHO2018000007"),
("IATT190003219","NPRM18000017","DISC ITEM","1","1","193032","1","15000","IAT1310190843","PAID","NHO2018000007"),
("IATT190003217","NPRM18000017","DISC ITEM","1","1","193005","1","18500","IAT1310190843","PAID","NHO2018000007"),
("IATT190003217","NPRM18000017","DISC ITEM","1","1","193016","1","18500","IAT1310190843","PAID","NHO2018000007"),
("IATT190003217","NPRM18000017","DISC ITEM","1","1","193191","1","20000","IAT1310190843","PAID","NHO2018000007"),
("IATT190003222","NPRM18000017","DISC ITEM","1","1","193032","1","15000","IAT1310190843","PAID","NHO2018000007"),
("IATT190003222","NPRM18000017","DISC ITEM","1","1","193030","1","13500","IAT1310190843","PAID","NHO2018000007"),
("IATT190003224","NPRM18000017","DISC ITEM","1","1","193016","1","18500","IAT1310190843","PAID","NHO2018000007"),
("IATT190003224","NPRM18000017","DISC ITEM","1","1","193039","1","18000","IAT1310190843","PAID","NHO2018000007"),
("IATT190003225","NPRM18000017","DISC ITEM","1","1","193084","1","15000","IAT1310190843","PAID","NHO2018000007"),
("IATT190003225","NPRM18000017","DISC ITEM","1","1","193035","1","16000","IAT1310190843","PAID","NHO2018000007"),
("IATT190003226","NPRM18000017","DISC ITEM","1","1","193076","1","15000","IAT1310190843","PAID","NHO2018000007"),
("IATT190003226","NPRM18000017","DISC ITEM","1","1","193082","1","15000","IAT1310190843","PAID","NHO2018000007"),
("IATT190003226","NPRM18000017","DISC ITEM","1","1","193082","2","15000","IAT1310190843","PAID","NHO2018000007");



INSERT INTO pos_paymenttemp VALUES("IATT190003198","CASH","OVO","173800","173800","ISU000006","2019-10-13","","1","","CLOSED","IAT1310190843","NHO2018000007"),
("IATT190003201","CASH","CASH","14850","20000","ISU000006","2019-10-13","","1","","CLOSED","IAT1310190843","NHO2018000007"),
("IATT190003199","CARD","DEBIT BCA","306900","306900","ISU000006","2019-10-13","","1","","CLOSED","IAT1310190843","NHO2018000007"),
("IATT190003204","CASH","CASH","128150","150000","ISU000006","2019-10-13","","1","","CLOSED","IAT1310190843","NHO2018000007"),
("IATT190003202","CASH","CASH","140800","200000","ISU000006","2019-10-13","","1","","CLOSED","IAT1310190843","NHO2018000007"),
("IATT190003206","CARD","DEBIT BCA","192500","192500","ISU000006","2019-10-13","","1","","CLOSED","IAT1310190843","NHO2018000007"),
("IATT190003205","CASH","CASH","82500","100000","ISU000006","2019-10-13","","1","","CLOSED","IAT1310190843","NHO2018000007"),
("IATT190003208","CASH","CASH","38500","50000","ISU000006","2019-10-13","","1","","CLOSED","IAT1310190843","NHO2018000007"),
("IATT190003207","CASH","CASH","76450","100000","ISU000006","2019-10-13","","1","","CLOSED","IAT1310190843","NHO2018000007"),
("IATT190003203","CASH","OVO","146300","146300","ISU000006","2019-10-13","","1","","CLOSED","IAT1310190843","NHO2018000007"),
("IATT190003209","CASH","CASH","84700","100000","ISU000006","2019-10-13","","1","","CLOSED","IAT1310190843","NHO2018000007"),
("IATT190003210","CASH","CASH","81400","100000","ISU000006","2019-10-13","","1","","CLOSED","IAT1310190843","NHO2018000007"),
("IATT190003200","CASH","CASH","40233","50000","ISU000006","2019-10-13","","1","","CLOSED","IAT1310190843","NHO2018000007"),
("IATT190003211","CASH","CASH","31350","50000","ISU000006","2019-10-13","","1","","CLOSED","IAT1310190843","NHO2018000007"),
("IATT190003213","CARD","DEBIT BCA","66000","66000","ISU000006","2019-10-13","","1","","CLOSED","IAT1310190843","NHO2018000007"),
("IATT190003214","CARD","DEBIT BCA","157300","157300","ISU000006","2019-10-13","","1","","CLOSED","IAT1310190843","NHO2018000007"),
("IATT190003212","CARD","DEBIT BCA","121000","121000","ISU000006","2019-10-13","","1","","CLOSED","IAT1310190843","NHO2018000007"),
("IATT190003215","CASH","CASH","16500","20000","ISU000006","2019-10-13","","1","","CLOSED","IAT1310190843","NHO2018000007"),
("IATT190003216","CASH","CASH","39600","50000","ISU000006","2019-10-13","","1","","CLOSED","IAT1310190843","NHO2018000007"),
("IATT190003221","CASH","OVO","55000","55000","ISU000013","2019-10-13","","1","","CLOSED","IAT1310190843","NHO2018000007"),
("IATT190003218","CASH","OVO","51700","51700","ISU000013","2019-10-13","","1","","CLOSED","IAT1310190843","NHO2018000007"),
("IATT190003219","CASH","CASH","50600","60000","ISU000013","2019-10-13","","1","","CLOSED","IAT1310190843","NHO2018000007"),
("IATT190003217","CASH","CASH","62700","100000","ISU000013","2019-10-13","","1","","CLOSED","IAT1310190843","NHO2018000007"),
("IATT190003220","CASH","GOPAY","64999","65000","ISU000013","2019-10-13","","1","","CLOSED","IAT1310190843","NHO2018000007"),
("IATT190003222","CASH","CASH","68750","100000","ISU000004","2019-10-13","","1","","CLOSED","IAT1310190843","NHO2018000007"),
("IATT190003223","CASH","OVO","66000","66000","ISU000004","2019-10-13","","1","","CLOSED","IAT1310190843","NHO2018000007"),
("IATT190003224","CASH","CASH","57750","70000","ISU000004","2019-10-13","","1","","CLOSED","IAT1310190843","NHO2018000007"),
("IATT190003225","CASH","CASH","118800","120000","ISU000004","2019-10-13","","1","","CLOSED","IAT1310190843","NHO2018000007"),
("IATT190003226","CARD","MASTER","105600","105600","ISU000004","2019-10-13","","1","","CLOSED","IAT1310190843","NHO2018000007");



