INSERT INTO pos_itemtemp VALUES("IATT190000798","193024","191001","192003","30000","1","30000","0","30000","1","1","1","IAT1906190917","NHO2018000007","PAID","","193024"),
("IATT190000798","193024","191001","192003","30000","1","30000","0","30000","2","1","1","IAT1906190917","NHO2018000007","PAID","","193024"),
("IATT190000798","193047","191002","192010","8000","1","8000","0","8000","1","1","1","IAT1906190917","NHO2018000007","PAID","","193047"),
("IATT190000798","193048","191002","192010","8000","1","8000","0","8000","1","1","1","IAT1906190917","NHO2018000007","PAID","","193048"),
("IATT190000799","193082","191001","192001","30000","1","30000","0","30000","1","1","1","IAT1906190917","NHO2018000007","PAID","","193082"),
("IATT190000799","193048","191002","192010","8000","1","8000","0","8000","1","1","1","IAT1906190917","NHO2018000007","PAID","","193048"),
("IATT190000800","193077","191001","192001","30000","1","30000","0","30000","1","1","1","IAT1906190917","NHO2018000007","PAID","","193077"),
("IATT190000800","193010","191001","192001","40000","1","40000","0","40000","1","1","1","IAT1906190917","NHO2018000007","PAID","","193010"),
("IATT190000800","193055","191002","192010","17000","1","17000","0","17000","1","1","1","IAT1906190917","NHO2018000007","PAID","","193055"),
("IATT190000800","193052","191002","192010","20000","1","20000","0","20000","1","1","1","IAT1906190917","NHO2018000007","PAID","","193052"),
("IATT190000801","193007","191001","192001","37000","1","37000","0","37000","1","1","1","IAT1906190917","NHO2018000007","PAID","","PEDAS"),
("IATT190000801","193050","191002","192010","20000","1","20000","0","20000","1","1","1","IAT1906190917","NHO2018000007","PAID","","193050"),
("IATT190000801","193038","191001","192006","36000","1","36000","0","36000","1","1","1","IAT1906190917","NHO2018000007","PAID","","PEDAS"),
("IATT190000801","193046","191002","192010","8000","1","8000","0","8000","1","1","1","IAT1906190917","NHO2018000007","PAID","","193046"),
("IATT190000802","193076","191001","192001","30000","1","30000","0","30000","1","1","1","IAT1906190917","NHO2018000007","PAID","","193076"),
("IATT190000802","193053","191002","192010","20000","1","20000","0","20000","1","1","1","IAT1906190917","NHO2018000007","PAID","","193053"),
("IATT190000803","193080","191001","192002","33000","1","33000","0","33000","1","1","1","IAT1906190917","NHO2018000007","PAID","","PEDAS"),
("IATT190000803","193024","191001","192003","30000","1","30000","0","30000","1","1","1","IAT1906190917","NHO2018000007","PAID","","193024"),
("IATT190000803","193011","191001","192001","40000","1","40000","0","40000","1","1","1","IAT1906190917","NHO2018000007","PAID","level 2 semua,minta chiken katsunya dipisah","PEDAS"),
("IATT190000803","193011","191001","192001","40000","1","40000","0","40000","2","1","1","IAT1906190917","NHO2018000007","PAID","","PEDAS"),
("IATT190000803","193047","191002","192010","8000","1","8000","0","8000","1","1","1","IAT1906190917","NHO2018000007","PAID","","193047"),
("IATT190000803","193056","191002","192010","17000","1","17000","0","17000","1","1","1","IAT1906190917","NHO2018000007","PAID","","193056"),
("IATT190000804","193030","191001","192004","27000","1","27000","0","27000","1","1","1","IAT1906190917","NHO2018000007","PAID","","193030"),
("IATT190000804","193080","191001","192002","33000","1","33000","0","33000","1","1","1","IAT1906190917","NHO2018000007","PAID","level 3","PEDAS"),
("IATT190000804","193080","191001","192002","33000","1","33000","0","33000","2","1","1","IAT1906190917","NHO2018000007","PAID","","PEDAS"),
("IATT190000804","193085","191001","192001","30000","1","30000","0","30000","1","1","1","IAT1906190917","NHO2018000007","PAID","","193085"),
("IATT190000804","193046","191002","192010","8000","1","8000","0","8000","1","1","1","IAT1906190917","NHO2018000007","PAID","","193046"),
("IATT190000804","193047","191002","192010","8000","1","8000","0","8000","1","1","1","IAT1906190917","NHO2018000007","PAID","","193047"),
("IATT190000804","193047","191002","192010","8000","1","8000","0","8000","2","1","1","IAT1906190917","NHO2018000007","PAID","","193047"),
("IATT190000803","193047","191002","192010","8000","1","8000","0","8000","2","1","2","IAT1906190917","NHO2018000007","PAID","","193047"),
("IATT190000803","193056","191002","192010","17000","1","17000","0","17000","2","1","2","IAT1906190917","NHO2018000007","PAID","","193056"),
("IATT190000803","193067","191001","192003","7000","1","7000","0","7000","1","1","3","IAT1906190917","NHO2018000007","PAID","","193067"),
("IATT190000803","193067","191001","192003","7000","1","7000","0","7000","2","1","3","IAT1906190917","NHO2018000007","PAID","","193067"),
("IATT190000804","193053","191002","192010","20000","1","20000","0","20000","1","1","2","IAT1906190917","NHO2018000007","PAID","","193053"),
("IATT190000803","193053","191002","192010","20000","1","20000","0","20000","1","1","4","IAT1906190917","NHO2018000007","PAID","","193053");



INSERT INTO pos_salestemp VALUES("IATT190000798","","2","76000","0","7600","0","83600","100000","19/06/2019","15:20","2019-06-19","16:08:00","ISU000012","tbl0010","CLOSED","1","","IATR190000770","","","","","IAT1906190917","NHO2018000007"),
("IATT190000799","","1","38000","0","3800","0","41800","50000","19/06/2019","17:16","2019-06-19","18:03:22","ISU000012","tbl0012","CLOSED","1","","IATR190000771","","","","","IAT1906190917","NHO2018000007"),
("IATT190000800","","2","107000","0","10700","0","117700","120000","19/06/2019","17:44","2019-06-19","18:28:12","ISU000012","tbl0011","CLOSED","1","","IATR190000773","","","","","IAT1906190917","NHO2018000007"),
("IATT190000801","","2","101000","0","10100","0","111100","111100","19/06/2019","17:56","2019-06-19","18:26:54","ISU000012","tbl0010","CLOSED","1","","IATR190000772","","","","","IAT1906190917","NHO2018000007"),
("IATT190000802","","1","50000","0","5000","0","55000","55000","19/06/2019","19:07","2019-06-19","19:25:51","ISU000012","tbl0009","CLOSED","1","","IATR190000774","","","","","IAT1906190917","NHO2018000007"),
("IATT190000803","","2","227000","0","22700","0","249700","249700","19/06/2019","19:54","2019-06-19","20:32:12","ISU000012","tbl0014","CLOSED","1","","IATR190000775","","","","","IAT1906190917","NHO2018000007"),
("IATT190000804","","3","167000","0","16700","0","183700","200000","19/06/2019","20:07","2019-06-19","20:52:58","ISU000012","tbl0012","CLOSED","1","","IATR190000776","","","","","IAT1906190917","NHO2018000007");



INSERT INTO item_void VALUES("IATT190000804","IAT1906190917","NHO2018000007","193047","193047","1","8000","Before Send","Komplen Customer");









INSERT INTO pos_paymenttemp VALUES("IATT190000798","CASH","CASH","83600","100000","ISU000012","2019-06-19","","1","","CLOSED","IAT1906190917","NHO2018000007"),
("IATT190000799","CASH","CASH","41800","50000","ISU000012","2019-06-19","","1","","CLOSED","IAT1906190917","NHO2018000007"),
("IATT190000801","CASH","CASH","111100","111100","ISU000012","2019-06-19","","1","","CLOSED","IAT1906190917","NHO2018000007"),
("IATT190000800","CASH","CASH","117700","120000","ISU000012","2019-06-19","","1","","CLOSED","IAT1906190917","NHO2018000007"),
("IATT190000802","CARD","MASTER","55000","55000","ISU000012","2019-06-19","","1","","CLOSED","IAT1906190917","NHO2018000007"),
("IATT190000803","CARD","MASTER","249700","249700","ISU000012","2019-06-19","","1","","CLOSED","IAT1906190917","NHO2018000007"),
("IATT190000804","CASH","CASH","183700","200000","ISU000012","2019-06-19","","1","","CLOSED","IAT1906190917","NHO2018000007");



