INSERT INTO pos_itemtemp VALUES("IATT200005832","193076","191001","192001","30000","1","30000","0","30000","1","1","1","IAT1803200812","NHO2018000007","PAID","","193076"),
("IATT200005833","193039","191001","192006","36000","1","36000","7200","28800","1","1","1","IAT1803200812","NHO2018000007","PAID","","PEDAS"),
("IATT200005833","193039","191001","192006","36000","1","36000","7200","28800","2","1","1","IAT1803200812","NHO2018000007","PAID","","PEDAS"),
("IATT200005833","193012","191001","192001","40000","1","40000","0","40000","1","1","1","IAT1803200812","NHO2018000007","PAID","lv 1","193012"),
("IATT200005833","193054","191002","192010","20000","1","20000","0","20000","1","1","1","IAT1803200812","NHO2018000007","PAID","","193054"),
("IATT200005833","193048","191002","192010","8000","1","8000","0","8000","1","1","1","IAT1803200812","NHO2018000007","PAID","","193048"),
("IATT200005833","193050","191002","192010","20000","1","20000","0","20000","1","1","1","IAT1803200812","NHO2018000007","PAID","","193050"),
("IATT200005834","193007","191001","192001","37000","1","37000","0","37000","1","1","1","IAT1803200812","NHO2018000007","PAID","GAPAKE DAUN BAWANG DAN MIX VEGETABLE","PEDAS"),
("IATT200005834","193069","191001","192012","13000","1","13000","0","13000","1","1","1","IAT1803200812","NHO2018000007","PAID","","193069"),
("IATT200005834","193054","191002","192010","20000","1","20000","0","20000","1","1","1","IAT1803200812","NHO2018000007","PAID","","193054"),
("IATT200005834","193046","191002","192010","10000","1","10000","0","10000","1","1","1","IAT1803200812","NHO2018000007","PAID","","193046"),
("IATT200005835","193084","191001","192001","30000","1","30000","0","30000","1","1","1","IAT1803200812","NHO2018000007","PAID","","PEDAS"),
("IATT200005835","193038","191001","192006","36000","1","36000","0","36000","1","1","1","IAT1803200812","NHO2018000007","PAID","SEDANG","PEDAS"),
("IATT200005835","193038","191001","192006","36000","1","36000","0","36000","2","1","1","IAT1803200812","NHO2018000007","PAID","","PEDAS"),
("IATT200005835","193119","191001","192012","20000","1","20000","0","20000","1","1","1","IAT1803200812","NHO2018000007","PAID","","193119"),
("IATT200005835","193072","191001","192012","25000","1","25000","0","25000","1","1","1","IAT1803200812","NHO2018000007","PAID","","193072"),
("IATT200005835","193052","191002","192010","20000","1","20000","0","20000","1","1","1","IAT1803200812","NHO2018000007","PAID","","193052"),
("IATT200005835","193052","191002","192010","20000","1","20000","0","20000","2","1","1","IAT1803200812","NHO2018000007","PAID","","193052"),
("IATT200005835","193055","191002","192010","17000","1","17000","0","17000","1","1","1","IAT1803200812","NHO2018000007","PAID","","193055"),
("IATT200005836","193037","191001","192006","36000","1","36000","0","36000","1","1","1","IAT1803200812","NHO2018000007","PAID","","PEDAS"),
("IATT200005835","193119","191001","192012","20000","1","20000","0","20000","2","1","2","IAT1803200812","NHO2018000007","PAID","","193119"),
("IATT200005835","193072","191001","192012","25000","1","25000","0","25000","2","1","3","IAT1803200812","NHO2018000007","PAID","","193072"),
("IATT200005835","193048","191002","192010","8000","1","8000","0","8000","1","1","4","IAT1803200812","NHO2018000007","PAID","","193048");



INSERT INTO pos_salestemp VALUES("IATT200005832","","1","30000","0","3000","0","33000","33000","18/03/2020","12:27","2020-03-18","12:59:25","ISU000015","tbl0011","CLOSED","1","","IATR200005674","","","","","IAT1803200812","NHO2018000007"),
("IATT200005833","","3","160000","14400","14560","0","160160","160160","18/03/2020","13:15","2020-03-18","13:47:40","ISU000015","tbl0014","CLOSED","1","","IATR200005675","","","","","IAT1803200812","NHO2018000007"),
("IATT200005834","","2","80000","0","8000","0","88000","88000","18/03/2020","14:11","2020-03-18","15:02:58","ISU000004","tbl0012","CLOSED","1","3119157","IATR200005677","","","","","IAT1803200812","NHO2018000007"),
("IATT200005835","","3","257000","0","25700","0","282700","282700","18/03/2020","14:48","2020-03-18","15:38:40","ISU000004","tbl0011","CLOSED","1","3119157","IATR200005678","","","","","IAT1803200812","NHO2018000007"),
("IATT200005836","","1","36000","0","3600","0","39600","39600","18/03/2020","14:57","2020-03-18","15:01:38","ISU000004","tbl0018","CLOSED","1","","IATR200005676","","","","","IAT1803200812","NHO2018000007");






INSERT INTO pos_promotion_h VALUES("IATT200005833","NPRM18000029","DISC ITEM","1","14400","BANYAK MAKAN BANYAK UNTUNG 20%","IAT1803200812","PAID","NHO2018000007");



INSERT INTO pos_promotion_d VALUES("IATT200005833","NPRM18000029","DISC ITEM","1","1","193039","1","7200","IAT1803200812","PAID","NHO2018000007"),
("IATT200005833","NPRM18000029","DISC ITEM","1","1","193039","2","7200","IAT1803200812","PAID","NHO2018000007");



INSERT INTO pos_paymenttemp VALUES("IATT200005832","CASH","OVO","33000","33000","ISU000015","2020-03-18","","1","","CLOSED","IAT1803200812","NHO2018000007"),
("IATT200005833","CARD","MASTER","160160","160160","ISU000015","2020-03-18","","1","","CLOSED","IAT1803200812","NHO2018000007"),
("IATT200005836","CARD","VISA","39600","39600","ISU000004","2020-03-18","","1","","CLOSED","IAT1803200812","NHO2018000007"),
("IATT200005834","CARD","DEBIT BCA","88000","88000","ISU000004","2020-03-18","","1","","CLOSED","IAT1803200812","NHO2018000007"),
("IATT200005835","CASH","OVO","282700","282700","ISU000004","2020-03-18","","1","","CLOSED","IAT1803200812","NHO2018000007");



