INSERT INTO pos_itemtemp VALUES("IATT190002015","193076","191001","192001","30000","1","30000","12000","18000","1","1","1","IAT1708190911","NHO2018000007","PAID","smbl pish","193076"),
("IATT190002015","193033","191001","192005","42000","1","42000","16800","25200","1","1","1","IAT1708190911","NHO2018000007","PAID","","193033"),
("IATT190002015","193071","191001","192012","18000","1","18000","7200","10800","1","1","1","IAT1708190911","NHO2018000007","PAID","","193071"),
("IATT190002015","193069","191001","192012","13000","1","13000","5200","7800","1","1","1","IAT1708190911","NHO2018000007","PAID","","193069"),
("IATT190002015","193054","191002","192010","20000","1","20000","0","20000","1","1","1","IAT1708190911","NHO2018000007","PAID","","193054"),
("IATT190002016","193021","191001","192002","40000","1","40000","16000","24000","1","1","1","IAT1708190911","NHO2018000007","PAID","","ORIGINAL"),
("IATT190002016","193086","191001","192002","33000","1","33000","13200","19800","1","1","1","IAT1708190911","NHO2018000007","PAID","lv 1","PEDAS"),
("IATT190002016","193082","191001","192001","30000","1","30000","12000","18000","1","1","1","IAT1708190911","NHO2018000007","PAID","","193082"),
("IATT190002016","193072","191001","192012","25000","1","25000","10000","15000","1","1","1","IAT1708190911","NHO2018000007","PAID","","193072"),
("IATT190002016","193069","191001","192012","13000","1","13000","5200","7800","1","1","1","IAT1708190911","NHO2018000007","PAID","","193069"),
("IATT190002016","193049","191002","192010","10000","1","10000","0","10000","1","1","1","IAT1708190911","NHO2018000007","PAID","","193049"),
("IATT190002016","193054","191002","192010","20000","1","20000","0","20000","1","1","1","IAT1708190911","NHO2018000007","PAID","","193054"),
("IATT190002016","193050","191002","192010","20000","1","20000","0","20000","1","1","1","IAT1708190911","NHO2018000007","PAID","","193050"),
("IATT190002014","193015","191001","192002","33000","1","33000","9900","23100","1","1","1","IAT1708190911","NHO2018000007","PAID","","ORIGINAL"),
("IATT190002014","193015","191001","192002","33000","1","33000","9900","23100","2","1","1","IAT1708190911","NHO2018000007","PAID","","ORIGINAL"),
("IATT190002014","193047","191002","192010","10000","1","10000","0","10000","1","1","1","IAT1708190911","NHO2018000007","PAID","","193047"),
("IATT190002014","193047","191002","192010","10000","1","10000","0","10000","2","1","1","IAT1708190911","NHO2018000007","PAID","","193047"),
("IATT190002017","193083","191001","192001","30000","1","30000","9000","21000","1","1","1","IAT1708190911","NHO2018000007","PAID","","193083"),
("IATT190002017","193083","191001","192001","30000","1","30000","9000","21000","2","1","1","IAT1708190911","NHO2018000007","PAID","","193083"),
("IATT190002017","193083","191001","192001","30000","1","30000","9000","21000","3","1","1","IAT1708190911","NHO2018000007","PAID","","193083"),
("IATT190002017","193047","191002","192010","10000","1","10000","0","10000","1","1","1","IAT1708190911","NHO2018000007","PAID","","193047"),
("IATT190002017","193047","191002","192010","10000","1","10000","0","10000","2","1","1","IAT1708190911","NHO2018000007","PAID","","193047"),
("IATT190002017","193047","191002","192010","10000","1","10000","0","10000","3","1","1","IAT1708190911","NHO2018000007","PAID","","193047"),
("IATT190002018","193054","191002","192010","20000","1","20000","0","20000","1","1","1","IAT1708190911","NHO2018000007","PAID","","193054"),
("IATT190002018","193083","191001","192001","30000","1","30000","0","30000","1","1","1","IAT1708190911","NHO2018000007","PAID","minta garam","193083"),
("IATT190002018","193048","191002","192010","8000","1","8000","0","8000","1","1","1","IAT1708190911","NHO2018000007","PAID","","193048"),
("IATT190002018","193048","191002","192010","8000","1","8000","0","8000","2","1","1","IAT1708190911","NHO2018000007","PAID","","193048"),
("IATT190002018","193048","191002","192010","8000","1","8000","0","8000","3","1","1","IAT1708190911","NHO2018000007","PAID","","193048"),
("IATT190002018","193030","191001","192004","27000","1","27000","0","27000","1","1","1","IAT1708190911","NHO2018000007","PAID","","193030"),
("IATT190002018","193056","191002","192010","17000","1","17000","0","17000","1","1","2","IAT1708190911","NHO2018000007","PAID","","193056"),
("IATT190002018","193010","191001","192001","40000","1","40000","0","40000","1","1","3","IAT1708190911","NHO2018000007","PAID","","193010"),
("IATT190002018","193009","191001","192001","40000","1","40000","0","40000","1","1","3","IAT1708190911","NHO2018000007","PAID","","193009"),
("IATT190002019","193028","191001","192003","43000","1","43000","0","43000","1","1","1","IAT1708190911","NHO2018000007","PAID","","193028"),
("IATT190002019","193086","191001","192002","33000","1","33000","0","33000","1","1","1","IAT1708190911","NHO2018000007","PAID","sambah pisah","PEDAS"),
("IATT190002019","193046","191002","192010","10000","1","10000","0","10000","1","1","1","IAT1708190911","NHO2018000007","PAID","","193046"),
("IATT190002019","193050","191002","192010","20000","1","20000","0","20000","1","1","1","IAT1708190911","NHO2018000007","PAID","","193050"),
("IATT190002019","193052","191002","192010","20000","1","20000","0","20000","1","1","1","IAT1708190911","NHO2018000007","PAID","","193052"),
("IATT190002020","193030","191001","192004","27000","1","27000","0","27000","1","1","1","IAT1708190911","NHO2018000007","PAID","","193030"),
("IATT190002020","193022","191001","192003","30000","1","30000","0","30000","1","1","1","IAT1708190911","NHO2018000007","PAID","","193022"),
("IATT190002020","193047","191002","192010","10000","1","10000","0","10000","1","1","1","IAT1708190911","NHO2018000007","PAID","","193047"),
("IATT190002015","193054","191002","192010","20000","1","20000","0","20000","2","1","2","IAT1708190911","NHO2018000007","PAID","","193054"),
("IATT190002015","193054","191002","192010","20000","1","20000","0","20000","3","1","2","IAT1708190911","NHO2018000007","PAID","","193054"),
("IATT190002015","193050","191002","192010","20000","1","20000","0","20000","1","1","2","IAT1708190911","NHO2018000007","PAID","","193050"),
("IATT190002021","193101","191001","192014","74000","1","74000","0","74000","1","1","1","IAT1708190911","NHO2018000007","PAID","bento set 2 = 1\ngreen curry ramen chiken = 1","193101"),
("IATT190002022","193083","191001","192001","30000","1","30000","0","30000","1","1","1","IAT1708190911","NHO2018000007","PAID","","193083"),
("IATT190002022","193096","191001","192008","50000","1","50000","0","50000","1","1","1","IAT1708190911","NHO2018000007","PAID","","193096"),
("IATT190002022","193055","191002","192010","17000","1","17000","0","17000","1","1","1","IAT1708190911","NHO2018000007","PAID","","193055"),
("IATT190002022","193052","191002","192010","20000","1","20000","0","20000","1","1","1","IAT1708190911","NHO2018000007","PAID","less ice","193052"),
("IATT190002023","193069","191001","192012","13000","1","13000","5200","7800","1","1","1","IAT1708190911","NHO2018000007","PAID","","193069"),
("IATT190002023","193070","191001","192012","13000","1","13000","5200","7800","1","1","1","IAT1708190911","NHO2018000007","PAID","","193070"),
("IATT190002023","193054","191002","192010","20000","1","20000","0","20000","1","1","1","IAT1708190911","NHO2018000007","PAID","","193054"),
("IATT190002023","193054","191002","192010","20000","1","20000","0","20000","2","1","1","IAT1708190911","NHO2018000007","PAID","","193054"),
("IATT190002023","193054","191002","192010","20000","1","20000","0","20000","3","1","1","IAT1708190911","NHO2018000007","PAID","","193054"),
("IATT190002023","193055","191002","192010","17000","1","17000","0","17000","1","1","1","IAT1708190911","NHO2018000007","PAID","","193055"),
("IATT190002023","193050","191002","192010","20000","1","20000","0","20000","1","1","1","IAT1708190911","NHO2018000007","PAID","","193050"),
("IATT190002024","193108","191001","192013","70000","1","70000","0","70000","1","1","1","IAT1708190911","NHO2018000007","PAID","","193108"),
("IATT190002024","193055","191002","192010","17000","1","17000","0","17000","1","1","1","IAT1708190911","NHO2018000007","PAID","","193055"),
("IATT190002025","193084","191001","192001","30000","1","30000","0","30000","1","1","1","IAT1708190911","NHO2018000007","PAID","","PEDAS"),
("IATT190002025","193069","191001","192012","13000","1","13000","0","13000","1","1","1","IAT1708190911","NHO2018000007","PAID","","193069"),
("IATT190002025","193070","191001","192012","13000","1","13000","0","13000","1","1","1","IAT1708190911","NHO2018000007","PAID","","193070"),
("IATT190002025","193048","191002","192010","8000","1","8000","0","8000","1","1","1","IAT1708190911","NHO2018000007","PAID","","193048"),
("IATT190002025","193048","191002","192010","8000","1","8000","0","8000","2","1","1","IAT1708190911","NHO2018000007","PAID","","193048"),
("IATT190002025","193084","191001","192001","30000","1","30000","0","30000","2","1","2","IAT1708190911","NHO2018000007","PAID","","PEDAS"),
("IATT190002024","193055","191002","192010","17000","1","17000","0","17000","2","1","2","IAT1708190911","NHO2018000007","PAID","","193055"),
("IATT190002026","193022","191001","192003","30000","1","30000","0","30000","1","1","1","IAT1708190911","NHO2018000007","PAID","","193022"),
("IATT190002026","193027","191001","192003","43000","1","43000","0","43000","1","1","1","IAT1708190911","NHO2018000007","PAID","","193027"),
("IATT190002026","193055","191002","192010","17000","1","17000","0","17000","1","1","1","IAT1708190911","NHO2018000007","PAID","","193055"),
("IATT190002026","193056","191002","192010","17000","1","17000","0","17000","1","1","1","IAT1708190911","NHO2018000007","PAID","","193056"),
("IATT190002028","193034","191001","192005","37000","1","37000","18500","18500","1","1","1","IAT1708190911","NHO2018000007","PAID","","193034"),
("IATT190002028","193083","191001","192001","30000","1","30000","15000","15000","1","1","1","IAT1708190911","NHO2018000007","PAID","","193083"),
("IATT190002028","193055","191002","192010","17000","1","17000","0","17000","1","1","1","IAT1708190911","NHO2018000007","PAID","","193055"),
("IATT190002027","193101","191001","192014","74000","1","74000","0","74000","1","1","1","IAT1708190911","NHO2018000007","PAID","bento 2","193101"),
("IATT190002027","193047","191002","192010","10000","1","10000","0","10000","1","1","1","IAT1708190911","NHO2018000007","PAID","","193047"),
("IATT190002027","193047","191002","192010","10000","1","10000","0","10000","2","1","1","IAT1708190911","NHO2018000007","PAID","","193047"),
("IATT190002027","193047","191002","192010","10000","1","10000","0","10000","3","1","1","IAT1708190911","NHO2018000007","PAID","","193047"),
("IATT190002027","193024","191001","192003","30000","1","30000","0","30000","1","1","1","IAT1708190911","NHO2018000007","PAID","","193024"),
("IATT190002029","193084","191001","192001","30000","1","30000","0","30000","1","1","1","IAT1708190911","NHO2018000007","PAID","lv3","PEDAS"),
("IATT190002029","193005","191001","192001","37000","1","37000","0","37000","1","1","1","IAT1708190911","NHO2018000007","PAID","","193005"),
("IATT190002029","193086","191001","192002","33000","1","33000","0","33000","1","1","1","IAT1708190911","NHO2018000007","PAID","","PEDAS"),
("IATT190002029","193047","191002","192010","10000","1","10000","0","10000","1","1","1","IAT1708190911","NHO2018000007","PAID","","193047"),
("IATT190002029","193046","191002","192010","10000","1","10000","0","10000","1","1","1","IAT1708190911","NHO2018000007","PAID","","193046"),
("IATT190002029","193047","191002","192010","10000","1","10000","0","10000","2","1","2","IAT1708190911","NHO2018000007","PAID","","193047"),
("IATT190002030","193022","191001","192003","30000","1","30000","0","30000","1","1","1","IAT1708190911","NHO2018000007","PAID","no sayur","193022"),
("IATT190002030","193084","191001","192001","30000","1","30000","0","30000","1","1","1","IAT1708190911","NHO2018000007","PAID","lv2","PEDAS"),
("IATT190002030","193047","191002","192010","10000","1","10000","0","10000","1","1","1","IAT1708190911","NHO2018000007","PAID","","193047"),
("IATT190002031","193102","191001","192014","74000","1","74000","0","74000","1","1","1","IAT1708190911","NHO2018000007","PAID","beef yakiniku\nspicy ramen ori","193102"),
("IATT190002031","193077","191001","192001","30000","1","30000","0","30000","1","1","1","IAT1708190911","NHO2018000007","PAID","","193077"),
("IATT190002031","193047","191002","192010","10000","1","10000","0","10000","1","1","1","IAT1708190911","NHO2018000007","PAID","","193047"),
("IATT190002031","193047","191002","192010","10000","1","10000","0","10000","2","1","1","IAT1708190911","NHO2018000007","PAID","","193047"),
("IATT190002031","193052","191002","192010","20000","1","20000","0","20000","1","1","1","IAT1708190911","NHO2018000007","PAID","","193052"),
("IATT190002031","193046","191002","192010","10000","1","10000","0","10000","1","1","1","IAT1708190911","NHO2018000007","PAID","","193046"),
("IATT190002031","193046","191002","192010","10000","1","10000","0","10000","2","1","2","IAT1708190911","NHO2018000007","PAID","","193046"),
("IATT190002032","193056","191002","192010","17000","1","17000","0","17000","1","1","1","IAT1708190911","NHO2018000007","PAID","","193056"),
("IATT190002032","193055","191002","192010","17000","1","17000","0","17000","1","1","1","IAT1708190911","NHO2018000007","PAID","","193055"),
("IATT190002032","193053","191002","192010","20000","1","20000","0","20000","1","1","1","IAT1708190911","NHO2018000007","PAID","","193053"),
("IATT190002032","193069","191001","192012","13000","1","13000","6500","6500","1","1","1","IAT1708190911","NHO2018000007","PAID","","193069"),
("IATT190002032","193069","191001","192012","13000","1","13000","6500","6500","2","1","1","IAT1708190911","NHO2018000007","PAID","","193069"),
("IATT190002032","193070","191001","192012","13000","1","13000","6500","6500","1","1","1","IAT1708190911","NHO2018000007","PAID","","193070"),
("IATT190002033","193022","191001","192003","30000","1","30000","0","30000","1","1","1","IAT1708190911","NHO2018000007","PAID","","193022"),
("IATT190002033","193022","191001","192003","30000","1","30000","0","30000","2","1","1","IAT1708190911","NHO2018000007","PAID","","193022"),
("IATT190002034","193084","191001","192001","30000","1","30000","0","30000","1","1","1","IAT1708190911","NHO2018000007","PAID","","PEDAS"),
("IATT190002034","193024","191001","192003","30000","1","30000","0","30000","1","1","1","IAT1708190911","NHO2018000007","PAID","","193024"),
("IATT190002034","193047","191002","192010","10000","1","10000","0","10000","1","1","1","IAT1708190911","NHO2018000007","PAID","","193047"),
("IATT190002034","193047","191002","192010","10000","1","10000","0","10000","2","1","1","IAT1708190911","NHO2018000007","PAID","","193047"),
("IATT190002031","193054","191002","192010","20000","1","20000","0","20000","1","1","3","IAT1708190911","NHO2018000007","PAID","","193054"),
("IATT190002035","193032","191001","192004","30000","1","30000","15000","15000","1","1","1","IAT1708190911","NHO2018000007","PAID","","193032"),
("IATT190002035","193030","191001","192004","27000","1","27000","13500","13500","1","1","1","IAT1708190911","NHO2018000007","PAID","","193030"),
("IATT190002035","193084","191001","192001","30000","1","30000","15000","15000","1","1","1","IAT1708190911","NHO2018000007","PAID","lv3","PEDAS"),
("IATT190002035","193052","191002","192010","20000","1","20000","0","20000","1","1","1","IAT1708190911","NHO2018000007","PAID","","193052"),
("IATT190002036","193035","191001","192006","32000","1","32000","16000","16000","1","1","1","IAT1708190911","NHO2018000007","PAID","","ORIGINAL"),
("IATT190002036","193032","191001","192004","30000","1","30000","15000","15000","1","1","1","IAT1708190911","NHO2018000007","PAID","","193032"),
("IATT190002036","193049","191002","192010","10000","1","10000","0","10000","1","1","1","IAT1708190911","NHO2018000007","PAID","es","193049"),
("IATT190002037","193024","191001","192003","30000","1","30000","0","30000","1","1","1","IAT1708190911","NHO2018000007","PAID","","193024"),
("IATT190002037","193032","191001","192004","30000","1","30000","0","30000","1","1","1","IAT1708190911","NHO2018000007","PAID","","193032"),
("IATT190002037","193046","191002","192010","10000","1","10000","0","10000","1","1","1","IAT1708190911","NHO2018000007","PAID","","193046"),
("IATT190002037","193047","191002","192010","10000","1","10000","0","10000","1","1","1","IAT1708190911","NHO2018000007","PAID","","193047"),
("IATT190002037","193047","191002","192010","10000","1","10000","0","10000","2","1","1","IAT1708190911","NHO2018000007","PAID","","193047"),
("IATT190002038","193101","191001","192014","74000","1","74000","0","74000","1","1","1","IAT1708190911","NHO2018000007","PAID","green curry ramen chicken, bento set 2","193101"),
("IATT190002040","193080","191001","192002","33000","1","33000","0","33000","1","1","1","IAT1708190911","NHO2018000007","PAID","","PEDAS"),
("IATT190002040","193055","191002","192010","17000","1","17000","0","17000","1","1","1","IAT1708190911","NHO2018000007","PAID","","193055"),
("IATT190002040","193070","191001","192012","13000","1","13000","0","13000","1","1","1","IAT1708190911","NHO2018000007","PAID","","193070"),
("IATT190002041","193024","191001","192003","30000","1","30000","0","30000","1","1","1","IAT1708190911","NHO2018000007","PAID","","193024"),
("IATT190002041","193084","191001","192001","30000","1","30000","0","30000","1","1","1","IAT1708190911","NHO2018000007","PAID","","PEDAS"),
("IATT190002041","193055","191002","192010","17000","1","17000","0","17000","1","1","1","IAT1708190911","NHO2018000007","PAID","","193055"),
("IATT190002041","193054","191002","192010","20000","1","20000","0","20000","1","1","1","IAT1708190911","NHO2018000007","PAID","","193054"),
("IATT190002042","193109","191001","192013","70000","1","70000","0","70000","1","1","1","IAT1708190911","NHO2018000007","PAID","lvl 1","193109"),
("IATT190002042","193049","191002","192010","10000","1","10000","0","10000","1","1","1","IAT1708190911","NHO2018000007","PAID","","193049"),
("IATT190002042","193049","191002","192010","10000","1","10000","0","10000","2","1","1","IAT1708190911","NHO2018000007","PAID","","193049"),
("IATT190002042","193049","191002","192010","10000","1","10000","0","10000","3","1","1","IAT1708190911","NHO2018000007","PAID","","193049"),
("IATT190002042","193049","191002","192010","10000","1","10000","0","10000","4","1","1","IAT1708190911","NHO2018000007","PAID","","193049"),
("IATT190002043","193102","191001","192014","74000","1","74000","0","74000","1","1","1","IAT1708190911","NHO2018000007","PAID","beef yakiniku jpns bowl = 1\nspcy ramen beef =1","193102"),
("IATT190002043","193050","191002","192010","20000","1","20000","0","20000","1","1","1","IAT1708190911","NHO2018000007","PAID","","193050"),
("IATT190002044","193107","191001","192013","70000","1","70000","0","70000","1","1","1","IAT1708190911","NHO2018000007","PAID","","193107"),
("IATT190002043","193049","191002","192010","10000","1","10000","0","10000","1","1","2","IAT1708190911","NHO2018000007","PAID","","193049"),
("IATT190002045","193056","191002","192010","17000","1","17000","0","17000","1","1","1","IAT1708190911","NHO2018000007","PAID","","193056"),
("IATT190002045","193056","191002","192010","17000","1","17000","0","17000","2","1","1","IAT1708190911","NHO2018000007","PAID","","193056"),
("IATT190002045","193055","191002","192010","17000","1","17000","0","17000","1","1","1","IAT1708190911","NHO2018000007","PAID","","193055"),
("IATT190002045","193108","191001","192013","70000","1","70000","0","70000","1","1","1","IAT1708190911","NHO2018000007","PAID","","193108"),
("IATT190002045","193022","191001","192003","30000","1","30000","0","30000","1","1","1","IAT1708190911","NHO2018000007","PAID","","193022"),
("IATT190002046","193101","191001","192014","74000","1","74000","0","74000","1","1","1","IAT1708190911","NHO2018000007","PAID","bento set 2 = 1\ngreen cury ramen beef =1","193101"),
("IATT190002047","193084","191001","192001","30000","1","30000","0","30000","1","1","1","IAT1708190911","NHO2018000007","PAID","no vegetable all","PEDAS"),
("IATT190002047","193082","191001","192001","30000","1","30000","0","30000","1","1","1","IAT1708190911","NHO2018000007","PAID","no vegetable all","193082"),
("IATT190002047","193070","191001","192012","13000","1","13000","0","13000","1","1","1","IAT1708190911","NHO2018000007","PAID","","193070"),
("IATT190002047","193048","191002","192010","8000","1","8000","0","8000","1","1","1","IAT1708190911","NHO2018000007","PAID","","193048"),
("IATT190002047","193054","191002","192010","20000","1","20000","0","20000","1","1","1","IAT1708190911","NHO2018000007","PAID","","193054"),
("IATT190002048","193084","191001","192001","30000","1","30000","0","30000","1","1","1","IAT1708190911","NHO2018000007","PAID","","PEDAS"),
("IATT190002048","193006","191001","192001","37000","1","37000","0","37000","1","1","1","IAT1708190911","NHO2018000007","PAID","","193006"),
("IATT190002048","193071","191001","192012","18000","1","18000","0","18000","1","1","1","IAT1708190911","NHO2018000007","PAID","","193071"),
("IATT190002048","193049","191002","192010","10000","1","10000","0","10000","1","1","1","IAT1708190911","NHO2018000007","PAID","","193049"),
("IATT190002048","193049","191002","192010","10000","1","10000","0","10000","2","1","1","IAT1708190911","NHO2018000007","PAID","","193049"),
("IATT190002049","193027","191001","192003","43000","1","43000","0","43000","1","1","1","IAT1708190911","NHO2018000007","PAID","","193027"),
("IATT190002049","193047","191002","192010","10000","1","10000","0","10000","1","1","1","IAT1708190911","NHO2018000007","PAID","","193047"),
("IATT190002050","193007","191001","192001","37000","1","37000","18500","18500","1","1","1","IAT1708190911","NHO2018000007","PAID","","PEDAS"),
("IATT190002050","193035","191001","192006","32000","1","32000","16000","16000","1","1","1","IAT1708190911","NHO2018000007","PAID","","ORIGINAL"),
("IATT190002050","193072","191001","192012","25000","1","25000","12500","12500","1","1","1","IAT1708190911","NHO2018000007","PAID","","193072"),
("IATT190002050","193072","191001","192012","25000","1","25000","12500","12500","2","1","1","IAT1708190911","NHO2018000007","PAID","","193072"),
("IATT190002050","193052","191002","192010","20000","1","20000","0","20000","1","1","1","IAT1708190911","NHO2018000007","PAID","","193052"),
("IATT190002050","193049","191002","192010","10000","1","10000","0","10000","1","1","1","IAT1708190911","NHO2018000007","PAID","","193049"),
("IATT190002050","193049","191002","192010","10000","1","10000","0","10000","2","1","1","IAT1708190911","NHO2018000007","PAID","","193049"),
("IATT190002051","193036","191001","192006","36000","1","36000","18000","18000","1","1","1","IAT1708190911","NHO2018000007","PAID","","ORIGINAL"),
("IATT190002051","193035","191001","192006","32000","1","32000","16000","16000","1","1","1","IAT1708190911","NHO2018000007","PAID","","ORIGINAL"),
("IATT190002051","193037","191001","192006","36000","1","36000","18000","18000","1","1","1","IAT1708190911","NHO2018000007","PAID","","ORIGINAL"),
("IATT190002051","193056","191002","192010","17000","1","17000","0","17000","1","1","1","IAT1708190911","NHO2018000007","PAID","","193056"),
("IATT190002051","193054","191002","192010","20000","1","20000","0","20000","1","1","1","IAT1708190911","NHO2018000007","PAID","","193054");



INSERT INTO pos_salestemp VALUES("IATT190002014","","1","86000","19800","6620","0","72820","75000","17/08/2019","09:11","2019-08-17","12:07:49","ISU000012","tbl0009","CLOSED","1","","IATR190001965","","","","","IAT1708190911","NHO2018000007"),
("IATT190002015","","4","183000","41200","14180","0","155980","200000","17/08/2019","10:22","2019-08-17","11:29:45","ISU000012","tbl0012","CLOSED","1","","IATR190001959","","","","","IAT1708190911","NHO2018000007"),
("IATT190002016","","3","191000","56400","13460","0","148060","148060","17/08/2019","10:34","2019-08-17","11:33:07","ISU000012","tbl0011","CLOSED","1","","IATR190001960","","","","","IAT1708190911","NHO2018000007"),
("IATT190002017","","3","120000","27000","9300","0","102300","105000","17/08/2019","10:48","2019-08-17","12:06:56","ISU000012","tbl0010","CLOSED","1","","IATR190001964","","","","","IAT1708190911","NHO2018000007"),
("IATT190002018","","5","198000","0","19800","0","217800","217800","17/08/2019","10:55","2019-08-17","11:47:01","ISU000012","tbl0013","CLOSED","1","","IATR190001961","","","","","IAT1708190911","NHO2018000007"),
("IATT190002019","","3","126000","0","12600","0","138600","150000","17/08/2019","11:13","2019-08-17","11:55:28","ISU000012","tbl0020","CLOSED","1","","IATR190001963","","","","","IAT1708190911","NHO2018000007"),
("IATT190002020","","2","67000","0","6700","0","73700","73700","17/08/2019","11:22","2019-08-17","11:53:40","ISU000012","tbl0004","CLOSED","1","","IATR190001962","","","","","IAT1708190911","NHO2018000007"),
("IATT190002021","","2","74000","0","7400","0","81400","100000","17/08/2019","12:52","2019-08-17","13:44:49","ISU000012","tbl0019","CLOSED","1","","IATR190001967","","","","","IAT1708190911","NHO2018000007"),
("IATT190002022","","2","117000","0","11700","0","128700","150000","17/08/2019","13:03","2019-08-17","13:40:49","ISU000012","tbl0010","CLOSED","1","","IATR190001966","","","","","IAT1708190911","NHO2018000007"),
("IATT190002023","","3","123000","10400","11260","0","123860","150000","17/08/2019","13:10","2019-08-17","13:49:16","ISU000012","tbl0012","CLOSED","1","","IATR190001968","","","","","IAT1708190911","NHO2018000007"),
("IATT190002024","","2","104000","0","10400","0","114400","114400","17/08/2019","13:43","2019-08-17","14:16:04","ISU000012","tbl0011","CLOSED","1","","IATR190001969","","","","","IAT1708190911","NHO2018000007"),
("IATT190002025","","2","102000","0","10200","0","112200","112200","17/08/2019","13:50","2019-08-17","14:42:34","ISU000012","tbl0024","CLOSED","1","","IATR190001970","","","","","IAT1708190911","NHO2018000007"),
("IATT190002026","","2","107000","0","10700","0","117700","117700","17/08/2019","14:03","2019-08-17","14:53:33","ISU000012","tbl0010","CLOSED","1","","IATR190001972","","","","","IAT1708190911","NHO2018000007"),
("IATT190002027","","2","134000","0","13400","0","147400","147400","17/08/2019","14:06","2019-08-17","14:44:02","ISU000012","tbl0021","CLOSED","1","","IATR190001971","","","","","IAT1708190911","NHO2018000007"),
("IATT190002028","","2","84000","33500","5050","0","55550","55550","17/08/2019","14:08","2019-08-17","15:00:37","ISU000012","tbl0012","CLOSED","1","","IATR190001974","","","","","IAT1708190911","NHO2018000007"),
("IATT190002029","","2","130000","0","13000","0","143000","143000","17/08/2019","14:25","2019-08-17","14:55:12","ISU000012","tbl0011","CLOSED","1","","IATR190001973","","","","","IAT1708190911","NHO2018000007"),
("IATT190002030","","2","70000","0","7000","0","77000","77000","17/08/2019","14:30","2019-08-17","15:34:43","ISU000012","tbl0004","CLOSED","1","","IATR190001978","","","","","IAT1708190911","NHO2018000007"),
("IATT190002031","","3","184000","0","18400","0","202400","202400","17/08/2019","14:31","2019-08-17","15:12:02","ISU000012","tbl0020","CLOSED","1","","IATR190001976","","","","","IAT1708190911","NHO2018000007"),
("IATT190002032","","3","93000","19500","7350","0","80850","131000","17/08/2019","14:37","2019-08-17","15:32:48","ISU000012","tbl0001","CLOSED","1","","IATR190001977","","","","","IAT1708190911","NHO2018000007"),
("IATT190002033","","1","60000","0","6000","0","66000","100000","17/08/2019","14:40","2019-08-17","15:53:03","ISU000012","tbl0022","CLOSED","1","","IATR190001981","","","","","IAT1708190911","NHO2018000007"),
("IATT190002034","","2","80000","0","8000","0","88000","88000","17/08/2019","14:41","2019-08-17","15:10:06","ISU000012","tbl0019","CLOSED","1","","IATR190001975","","","","","IAT1708190911","NHO2018000007"),
("IATT190002035","","3","107000","43500","6350","0","69850","69850","17/08/2019","14:45","2019-08-17","15:41:09","ISU000012","tbl0014","CLOSED","1","","IATR190001980","","","","","IAT1708190911","NHO2018000007"),
("IATT190002036","","2","72000","31000","4100","0","45100","65000","17/08/2019","14:46","2019-08-17","15:39:37","ISU000012","tbl0013","CLOSED","1","","IATR190001979","","","","","IAT1708190911","NHO2018000007"),
("IATT190002037","","2","90000","0","9000","0","99000","100000","17/08/2019","15:17","2019-08-17","16:00:09","ISU000012","tbl0010","CLOSED","1","","IATR190001982","","","","","IAT1708190911","NHO2018000007"),
("IATT190002038","","2","74000","0","7400","0","81400","101400","17/08/2019","15:46","2019-08-17","16:52:14","ISU000012","tbl0012","CLOSED","1","","IATR190001984","","","","","IAT1708190911","NHO2018000007"),
("IATT190002039","","0","0","0","0","0","0","0","17/08/2019","15:47","17/08/2019","15:47:17","ISU000012","tbl0019","CANCELED","1","PERMINTAAN CUSTOMER","","","","","","IAT1708190911","NHO2018000007"),
("IATT190002040","","1","63000","0","6300","0","69300","70000","17/08/2019","15:47","2019-08-17","16:30:51","ISU000012","tbl0019","CLOSED","1","","IATR190001983","","","","","IAT1708190911","NHO2018000007"),
("IATT190002041","","2","97000","0","9700","0","106700","110000","17/08/2019","16:19","2019-08-17","17:14:56","ISU000012","tbl0011","CLOSED","1","","IATR190001985","","","","","IAT1708190911","NHO2018000007"),
("IATT190002042","","4","110000","0","11000","0","121000","200000","17/08/2019","16:41","2019-08-17","17:35:35","ISU000012","tbl0010","CLOSED","1","","IATR190001986","","","","","IAT1708190911","NHO2018000007"),
("IATT190002043","","2","104000","0","10400","0","114400","115000","17/08/2019","17:13","2019-08-17","17:42:12","ISU000012","tbl0012","CLOSED","1","","IATR190001988","","","","","IAT1708190911","NHO2018000007"),
("IATT190002044","","1","70000","0","7000","0","77000","77000","17/08/2019","17:36","2019-08-17","17:36:40","ISU000012","tbl0011","CLOSED","1","","IATR190001987","","","","","IAT1708190911","NHO2018000007"),
("IATT190002045","","3","151000","0","15100","0","166100","166100","17/08/2019","17:53","2019-08-17","18:46:23","ISU000012","tbl0012","CLOSED","1","","IATR190001990","","","","","IAT1708190911","NHO2018000007"),
("IATT190002046","","3","74000","0","7400","0","81400","100000","17/08/2019","18:01","2019-08-17","18:38:00","ISU000012","tbl0010","CLOSED","1","","IATR190001989","","","","","IAT1708190911","NHO2018000007"),
("IATT190002047","","2","101000","0","10100","0","111100","111100","17/08/2019","19:23","2019-08-17","19:51:37","ISU000012","tbl0012","CLOSED","1","","IATR190001991","","","","","IAT1708190911","NHO2018000007"),
("IATT190002048","","2","105000","0","10500","0","115500","120000","17/08/2019","19:46","2019-08-17","20:29:00","ISU000012","tbl0010","CLOSED","1","","IATR190001992","","","","","IAT1708190911","NHO2018000007"),
("IATT190002049","","1","53000","0","5300","0","58300","58300","17/08/2019","20:06","2019-08-17","20:46:44","ISU000012","tbl0012","CLOSED","1","","IATR190001993","","","","","IAT1708190911","NHO2018000007"),
("IATT190002050","","2","159000","59500","9950","0","109450","150000","17/08/2019","20:59","2019-08-17","21:34:37","ISU000011","tbl0011","CLOSED","1","","IATR190001994","","","","","IAT1708190911","NHO2018000007"),
("IATT190002051","","3","141000","52000","8900","0","97900","100000","17/08/2019","21:17","2019-08-17","21:37:05","ISU000011","tbl0012","CLOSED","1","","IATR190001995","","","","","IAT1708190911","NHO2018000007");



INSERT INTO item_void VALUES("IATT190002018","IAT1708190911","NHO2018000007","193077","193077","1","30000","Before Send","Komplen Customer"),
("IATT190002018","IAT1708190911","NHO2018000007","193076","193076","1","30000","Before Send","Komplen Customer"),
("IATT190002030","IAT1708190911","NHO2018000007","193047","193047","1","10000","Before Send","Komplen Customer"),
("IATT190002042","IAT1708190911","NHO2018000007","193103","193103","1","70000","Before Send","Komplen Customer");



INSERT INTO pos_promotion_h VALUES("IATT190002015","NPRM18000010","DISC ITEM","1","41200","eatigo 40%","IAT1708190911","PAID","NHO2018000007"),
("IATT190002016","NPRM18000010","DISC ITEM","1","56400","eatigo 40%","IAT1708190911","PAID","NHO2018000007"),
("IATT190002017","NPRM18000008","DISC ITEM","1","27000","eatigo 30%","IAT1708190911","PAID","NHO2018000007"),
("IATT190002014","NPRM18000008","DISC ITEM","1","19800","eatigo 30%","IAT1708190911","PAID","NHO2018000007"),
("IATT190002023","NPRM18000010","DISC ITEM","1","10400","eatigo 40%","IAT1708190911","PAID","NHO2018000007"),
("IATT190002028","NPRM18000012","DISC ITEM","1","33500","eatigo 50%","IAT1708190911","PAID","NHO2018000007"),
("IATT190002032","NPRM18000012","DISC ITEM","1","19500","eatigo 50%","IAT1708190911","PAID","NHO2018000007"),
("IATT190002036","NPRM18000012","DISC ITEM","1","31000","eatigo 50%","IAT1708190911","PAID","NHO2018000007"),
("IATT190002035","NPRM18000012","DISC ITEM","1","43500","eatigo 50%","IAT1708190911","PAID","NHO2018000007"),
("IATT190002050","NPRM18000012","DISC ITEM","1","59500","eatigo 50%","IAT1708190911","PAID","NHO2018000007"),
("IATT190002051","NPRM18000012","DISC ITEM","1","52000","eatigo 50%","IAT1708190911","PAID","NHO2018000007");



INSERT INTO pos_promotion_d VALUES("IATT190002015","NPRM18000010","DISC ITEM","1","1","193076","1","12000","IAT1708190911","PAID","NHO2018000007"),
("IATT190002015","NPRM18000010","DISC ITEM","1","1","193033","1","16800","IAT1708190911","PAID","NHO2018000007"),
("IATT190002015","NPRM18000010","DISC ITEM","1","1","193071","1","7200","IAT1708190911","PAID","NHO2018000007"),
("IATT190002015","NPRM18000010","DISC ITEM","1","1","193069","1","5200","IAT1708190911","PAID","NHO2018000007"),
("IATT190002016","NPRM18000010","DISC ITEM","1","1","193021","1","16000","IAT1708190911","PAID","NHO2018000007"),
("IATT190002016","NPRM18000010","DISC ITEM","1","1","193086","1","13200","IAT1708190911","PAID","NHO2018000007"),
("IATT190002016","NPRM18000010","DISC ITEM","1","1","193082","1","12000","IAT1708190911","PAID","NHO2018000007"),
("IATT190002016","NPRM18000010","DISC ITEM","1","1","193072","1","10000","IAT1708190911","PAID","NHO2018000007"),
("IATT190002016","NPRM18000010","DISC ITEM","1","1","193069","1","5200","IAT1708190911","PAID","NHO2018000007"),
("IATT190002017","NPRM18000008","DISC ITEM","1","1","193083","1","9000","IAT1708190911","PAID","NHO2018000007"),
("IATT190002017","NPRM18000008","DISC ITEM","1","1","193083","2","9000","IAT1708190911","PAID","NHO2018000007"),
("IATT190002017","NPRM18000008","DISC ITEM","1","1","193083","3","9000","IAT1708190911","PAID","NHO2018000007"),
("IATT190002014","NPRM18000008","DISC ITEM","1","1","193015","1","9900","IAT1708190911","PAID","NHO2018000007"),
("IATT190002014","NPRM18000008","DISC ITEM","1","1","193015","2","9900","IAT1708190911","PAID","NHO2018000007"),
("IATT190002023","NPRM18000010","DISC ITEM","1","1","193069","1","5200","IAT1708190911","PAID","NHO2018000007"),
("IATT190002023","NPRM18000010","DISC ITEM","1","1","193070","1","5200","IAT1708190911","PAID","NHO2018000007"),
("IATT190002028","NPRM18000012","DISC ITEM","1","1","193034","1","18500","IAT1708190911","PAID","NHO2018000007"),
("IATT190002028","NPRM18000012","DISC ITEM","1","1","193083","1","15000","IAT1708190911","PAID","NHO2018000007"),
("IATT190002032","NPRM18000012","DISC ITEM","1","1","193069","1","6500","IAT1708190911","PAID","NHO2018000007"),
("IATT190002032","NPRM18000012","DISC ITEM","1","1","193069","2","6500","IAT1708190911","PAID","NHO2018000007"),
("IATT190002032","NPRM18000012","DISC ITEM","1","1","193070","1","6500","IAT1708190911","PAID","NHO2018000007"),
("IATT190002036","NPRM18000012","DISC ITEM","1","1","193035","1","16000","IAT1708190911","PAID","NHO2018000007"),
("IATT190002036","NPRM18000012","DISC ITEM","1","1","193032","1","15000","IAT1708190911","PAID","NHO2018000007"),
("IATT190002035","NPRM18000012","DISC ITEM","1","1","193032","1","15000","IAT1708190911","PAID","NHO2018000007"),
("IATT190002035","NPRM18000012","DISC ITEM","1","1","193030","1","13500","IAT1708190911","PAID","NHO2018000007"),
("IATT190002035","NPRM18000012","DISC ITEM","1","1","193084","1","15000","IAT1708190911","PAID","NHO2018000007"),
("IATT190002050","NPRM18000012","DISC ITEM","1","1","193007","1","18500","IAT1708190911","PAID","NHO2018000007"),
("IATT190002050","NPRM18000012","DISC ITEM","1","1","193035","1","16000","IAT1708190911","PAID","NHO2018000007"),
("IATT190002050","NPRM18000012","DISC ITEM","1","1","193072","1","12500","IAT1708190911","PAID","NHO2018000007"),
("IATT190002050","NPRM18000012","DISC ITEM","1","1","193072","2","12500","IAT1708190911","PAID","NHO2018000007"),
("IATT190002051","NPRM18000012","DISC ITEM","1","1","193036","1","18000","IAT1708190911","PAID","NHO2018000007"),
("IATT190002051","NPRM18000012","DISC ITEM","1","1","193035","1","16000","IAT1708190911","PAID","NHO2018000007"),
("IATT190002051","NPRM18000012","DISC ITEM","1","1","193037","1","18000","IAT1708190911","PAID","NHO2018000007");



INSERT INTO pos_paymenttemp VALUES("IATT190002015","VOUCHER","VOUCHER EATIGO 100K","100000","100000","ISU000012","2019-08-17","","1","","CLOSED","IAT1708190911","NHO2018000007"),
("IATT190002015","CASH","CASH","55980","100000","ISU000012","2019-08-17","","1","","CLOSED","IAT1708190911","NHO2018000007"),
("IATT190002016","VOUCHER","VOUCHER EATIGO 100K","100000","100000","ISU000012","2019-08-17","","1","","CLOSED","IAT1708190911","NHO2018000007"),
("IATT190002016","CARD","DEBIT BCA","48060","48060","ISU000012","2019-08-17","","1","","CLOSED","IAT1708190911","NHO2018000007"),
("IATT190002018","CARD","DEBIT BCA","217800","217800","ISU000012","2019-08-17","","1","","CLOSED","IAT1708190911","NHO2018000007"),
("IATT190002020","CARD","MASTER","73700","73700","ISU000012","2019-08-17","","1","","CLOSED","IAT1708190911","NHO2018000007"),
("IATT190002019","CASH","CASH","138600","150000","ISU000012","2019-08-17","","1","","CLOSED","IAT1708190911","NHO2018000007"),
("IATT190002017","CASH","CASH","102300","105000","ISU000012","2019-08-17","","1","","CLOSED","IAT1708190911","NHO2018000007"),
("IATT190002014","CASH","CASH","72820","75000","ISU000012","2019-08-17","","1","","CLOSED","IAT1708190911","NHO2018000007"),
("IATT190002022","CASH","CASH","128700","150000","ISU000012","2019-08-17","","1","","CLOSED","IAT1708190911","NHO2018000007"),
("IATT190002021","CASH","CASH","81400","100000","ISU000012","2019-08-17","","1","","CLOSED","IAT1708190911","NHO2018000007"),
("IATT190002023","VOUCHER","VOUCHER EATIGO 100K","100000","100000","ISU000012","2019-08-17","","1","","CLOSED","IAT1708190911","NHO2018000007"),
("IATT190002023","CASH","CASH","23860","50000","ISU000012","2019-08-17","","1","","CLOSED","IAT1708190911","NHO2018000007"),
("IATT190002024","CARD","DEBIT BCA","114400","114400","ISU000012","2019-08-17","","1","","CLOSED","IAT1708190911","NHO2018000007"),
("IATT190002025","CARD","VISA","112200","112200","ISU000012","2019-08-17","","1","","CLOSED","IAT1708190911","NHO2018000007"),
("IATT190002027","CARD","DEBIT BCA","147400","147400","ISU000012","2019-08-17","","1","","CLOSED","IAT1708190911","NHO2018000007"),
("IATT190002026","CARD","DEBIT BCA","117700","117700","ISU000012","2019-08-17","","1","","CLOSED","IAT1708190911","NHO2018000007"),
("IATT190002029","CARD","DEBIT BCA","143000","143000","ISU000012","2019-08-17","","1","","CLOSED","IAT1708190911","NHO2018000007"),
("IATT190002028","CARD","DEBIT BCA","55550","55550","ISU000012","2019-08-17","","1","","CLOSED","IAT1708190911","NHO2018000007"),
("IATT190002034","CARD","MASTER","88000","88000","ISU000012","2019-08-17","","1","","CLOSED","IAT1708190911","NHO2018000007"),
("IATT190002031","CARD","VISA","202400","202400","ISU000012","2019-08-17","","1","","CLOSED","IAT1708190911","NHO2018000007"),
("IATT190002032","VOUCHER","KUPON PROMO EATIGO 30K","30000","30000","ISU000012","2019-08-17","","1","","CLOSED","IAT1708190911","NHO2018000007"),
("IATT190002032","CASH","CASH","50850","101000","ISU000012","2019-08-17","","1","","CLOSED","IAT1708190911","NHO2018000007"),
("IATT190002030","CASH","OVO","77000","77000","ISU000012","2019-08-17","","1","","CLOSED","IAT1708190911","NHO2018000007"),
("IATT190002036","VOUCHER","VOUCHER EATIGO 15K","15000","15000","ISU000012","2019-08-17","","1","","CLOSED","IAT1708190911","NHO2018000007"),
("IATT190002036","CASH","CASH","30100","50000","ISU000012","2019-08-17","","1","","CLOSED","IAT1708190911","NHO2018000007"),
("IATT190002035","VOUCHER","VOUCHER EATIGO 15K","15000","15000","ISU000012","2019-08-17","","1","","CLOSED","IAT1708190911","NHO2018000007"),
("IATT190002035","CARD","DEBIT BCA","54850","54850","ISU000012","2019-08-17","","1","","CLOSED","IAT1708190911","NHO2018000007"),
("IATT190002033","CASH","CASH","66000","100000","ISU000012","2019-08-17","","1","","CLOSED","IAT1708190911","NHO2018000007"),
("IATT190002037","CASH","CASH","99000","100000","ISU000012","2019-08-17","","1","","CLOSED","IAT1708190911","NHO2018000007"),
("IATT190002040","CASH","CASH","69300","70000","ISU000012","2019-08-17","","1","","CLOSED","IAT1708190911","NHO2018000007"),
("IATT190002038","CASH","CASH","81400","101400","ISU000012","2019-08-17","","1","","CLOSED","IAT1708190911","NHO2018000007"),
("IATT190002041","CASH","CASH","106700","110000","ISU000012","2019-08-17","","1","","CLOSED","IAT1708190911","NHO2018000007"),
("IATT190002042","CASH","CASH","121000","200000","ISU000012","2019-08-17","","1","","CLOSED","IAT1708190911","NHO2018000007"),
("IATT190002044","CASH","CASH","77000","77000","ISU000012","2019-08-17","","1","","CLOSED","IAT1708190911","NHO2018000007"),
("IATT190002043","CASH","CASH","114400","115000","ISU000012","2019-08-17","","1","","CLOSED","IAT1708190911","NHO2018000007"),
("IATT190002046","CASH","CASH","81400","100000","ISU000012","2019-08-17","","1","","CLOSED","IAT1708190911","NHO2018000007"),
("IATT190002045","CARD","DEBIT BCA","166100","166100","ISU000012","2019-08-17","","1","","CLOSED","IAT1708190911","NHO2018000007"),
("IATT190002047","CARD","MASTER","111100","111100","ISU000012","2019-08-17","","1","","CLOSED","IAT1708190911","NHO2018000007"),
("IATT190002048","CASH","CASH","115500","120000","ISU000012","2019-08-17","","1","","CLOSED","IAT1708190911","NHO2018000007"),
("IATT190002049","CASH","OVO","58300","58300","ISU000012","2019-08-17","","1","","CLOSED","IAT1708190911","NHO2018000007"),
("IATT190002050","VOUCHER","KUPON PROMO EATIGO 100K","100000","100000","ISU000011","2019-08-17","","1","","CLOSED","IAT1708190911","NHO2018000007"),
("IATT190002050","CASH","CASH","9450","50000","ISU000011","2019-08-17","","1","","CLOSED","IAT1708190911","NHO2018000007"),
("IATT190002051","VOUCHER","KUPON PROMO EATIGO 100K","100000","100000","ISU000011","2019-08-17","","1","","CLOSED","IAT1708190911","NHO2018000007");



