INSERT INTO pos_itemtemp VALUES("IATT190000785","193043","191001","192008","25000","1","25000","0","25000","1","1","1","IAT1806191145","NHO2018000007","PAID","","193043"),
("IATT190000785","193046","191002","192010","8000","1","8000","0","8000","1","1","1","IAT1806191145","NHO2018000007","PAID","","193046"),
("IATT190000785","193046","191002","192010","8000","1","8000","0","8000","2","1","1","IAT1806191145","NHO2018000007","PAID","","193046"),
("IATT190000785","193038","191001","192006","36000","1","36000","0","36000","1","1","2","IAT1806191145","NHO2018000007","PAID","","ORIGINAL"),
("IATT190000786","193021","191001","192002","40000","1","40000","0","40000","1","1","1","IAT1806191145","NHO2018000007","PAID","level 3","PEDAS"),
("IATT190000786","193032","191001","192004","30000","1","30000","0","30000","1","1","1","IAT1806191145","NHO2018000007","PAID","","193032"),
("IATT190000786","193087","191001","192002","33000","1","33000","0","33000","1","1","1","IAT1806191145","NHO2018000007","PAID","level1","193087"),
("IATT190000786","193033","191001","192005","42000","1","42000","0","42000","1","1","1","IAT1806191145","NHO2018000007","PAID","","193033"),
("IATT190000786","193024","191001","192003","30000","1","30000","0","30000","1","1","1","IAT1806191145","NHO2018000007","PAID","","193024"),
("IATT190000786","193050","191002","192010","20000","1","20000","0","20000","1","1","1","IAT1806191145","NHO2018000007","PAID","","193050"),
("IATT190000786","193048","191002","192010","8000","1","8000","0","8000","1","1","1","IAT1806191145","NHO2018000007","PAID","","193048"),
("IATT190000786","193051","191002","192010","20000","1","20000","0","20000","1","1","1","IAT1806191145","NHO2018000007","PAID","","193051"),
("IATT190000787","193022","191001","192003","30000","1","30000","0","30000","1","1","1","IAT1806191145","NHO2018000007","PAID","","193022"),
("IATT190000787","193051","191002","192010","20000","1","20000","0","20000","1","1","1","IAT1806191145","NHO2018000007","PAID","","193051"),
("IATT190000787","193054","191002","192010","20000","1","20000","0","20000","1","1","1","IAT1806191145","NHO2018000007","PAID","","193054"),
("IATT190000787","193028","191001","192003","43000","1","43000","0","43000","1","1","1","IAT1806191145","NHO2018000007","PAID","","193028"),
("IATT190000788","193084","191001","192001","30000","1","30000","0","30000","1","1","1","IAT1806191145","NHO2018000007","PAID","level 1","PEDAS"),
("IATT190000788","193084","191001","192001","30000","1","30000","0","30000","2","1","1","IAT1806191145","NHO2018000007","PAID","","PEDAS"),
("IATT190000788","193084","191001","192001","30000","1","30000","0","30000","3","1","1","IAT1806191145","NHO2018000007","PAID","","PEDAS"),
("IATT190000788","193028","191001","192003","43000","1","43000","0","43000","1","1","1","IAT1806191145","NHO2018000007","PAID","","193028"),
("IATT190000788","193019","191001","192002","40000","1","40000","0","40000","1","1","1","IAT1806191145","NHO2018000007","PAID","level 1","PEDAS"),
("IATT190000788","193050","191002","192010","20000","1","20000","0","20000","1","1","1","IAT1806191145","NHO2018000007","PAID","","193050"),
("IATT190000788","193050","191002","192010","20000","1","20000","0","20000","2","1","1","IAT1806191145","NHO2018000007","PAID","","193050"),
("IATT190000788","193050","191002","192010","20000","1","20000","0","20000","3","1","1","IAT1806191145","NHO2018000007","PAID","","193050"),
("IATT190000788","193050","191002","192010","20000","1","20000","0","20000","4","1","1","IAT1806191145","NHO2018000007","PAID","","193050"),
("IATT190000788","193054","191002","192010","20000","1","20000","0","20000","1","1","1","IAT1806191145","NHO2018000007","PAID","","193054"),
("IATT190000789","193009","191001","192001","40000","1","40000","0","40000","1","1","1","IAT1806191145","NHO2018000007","PAID","","193009"),
("IATT190000789","193028","191001","192003","43000","1","43000","0","43000","1","1","1","IAT1806191145","NHO2018000007","PAID","","193028"),
("IATT190000789","193047","191002","192010","8000","1","8000","0","8000","1","1","1","IAT1806191145","NHO2018000007","PAID","","193047"),
("IATT190000789","193049","191002","192010","10000","1","10000","0","10000","1","1","1","IAT1806191145","NHO2018000007","PAID","","193049"),
("IATT190000786","193056","191002","192010","17000","1","17000","0","17000","1","1","2","IAT1806191145","NHO2018000007","PAID","","193056"),
("IATT190000786","193056","191002","192010","17000","1","17000","0","17000","2","1","2","IAT1806191145","NHO2018000007","PAID","","193056"),
("IATT190000786","193054","191002","192010","20000","1","20000","0","20000","1","1","2","IAT1806191145","NHO2018000007","PAID","","193054"),
("IATT190000791","193009","191001","192001","40000","1","40000","0","40000","1","1","1","IAT1806191145","NHO2018000007","PAID","","193009"),
("IATT190000791","193027","191001","192003","43000","1","43000","0","43000","1","1","1","IAT1806191145","NHO2018000007","PAID","","193027"),
("IATT190000791","193033","191001","192005","42000","1","42000","0","42000","1","1","1","IAT1806191145","NHO2018000007","PAID","","193033"),
("IATT190000791","193056","191002","192010","17000","1","17000","0","17000","1","1","1","IAT1806191145","NHO2018000007","PAID","","193056"),
("IATT190000791","193056","191002","192010","17000","1","17000","0","17000","2","1","1","IAT1806191145","NHO2018000007","PAID","","193056"),
("IATT190000791","193047","191002","192010","8000","1","8000","0","8000","1","1","1","IAT1806191145","NHO2018000007","PAID","","193047"),
("IATT190000790","193083","191001","192001","30000","1","30000","0","30000","1","1","1","IAT1806191145","NHO2018000007","PAID","pedas","193083"),
("IATT190000790","193023","191001","192003","30000","1","30000","0","30000","1","1","1","IAT1806191145","NHO2018000007","PAID","","193023"),
("IATT190000790","193047","191002","192010","8000","1","8000","0","8000","1","1","1","IAT1806191145","NHO2018000007","PAID","","193047"),
("IATT190000790","193047","191002","192010","8000","1","8000","0","8000","2","1","1","IAT1806191145","NHO2018000007","PAID","","193047"),
("IATT190000791","193054","191002","192010","20000","1","20000","0","20000","1","1","2","IAT1806191145","NHO2018000007","PAID","","193054"),
("IATT190000792","193023","191001","192003","30000","1","30000","0","30000","1","1","1","IAT1806191145","NHO2018000007","PAID","","193023"),
("IATT190000792","193047","191002","192010","8000","1","8000","0","8000","1","1","1","IAT1806191145","NHO2018000007","PAID","","193047"),
("IATT190000792","193047","191002","192010","8000","1","8000","0","8000","2","1","1","IAT1806191145","NHO2018000007","PAID","","193047"),
("IATT190000792","193083","191001","192001","30000","1","30000","0","30000","1","1","1","IAT1806191145","NHO2018000007","PAID","","193083"),
("IATT190000793","193084","191001","192001","30000","1","30000","0","30000","1","1","1","IAT1806191145","NHO2018000007","PAID","lvl 2","PEDAS"),
("IATT190000793","193055","191002","192010","17000","1","17000","0","17000","1","1","1","IAT1806191145","NHO2018000007","PAID","","193055"),
("IATT190000793","193047","191002","192010","8000","1","8000","0","8000","1","1","1","IAT1806191145","NHO2018000007","PAID","","193047"),
("IATT190000794","193078","191001","192001","30000","1","30000","0","30000","1","1","1","IAT1806191145","NHO2018000007","PAID","","PEDAS"),
("IATT190000794","193008","191001","192001","37000","1","37000","0","37000","1","1","1","IAT1806191145","NHO2018000007","PAID","","193008"),
("IATT190000794","193056","191002","192010","17000","1","17000","0","17000","1","1","1","IAT1806191145","NHO2018000007","PAID","","193056"),
("IATT190000795","193082","191001","192001","30000","1","30000","0","30000","1","1","1","IAT1806191145","NHO2018000007","PAID","","193082"),
("IATT190000795","193076","191001","192001","30000","1","30000","0","30000","1","1","1","IAT1806191145","NHO2018000007","PAID","","193076"),
("IATT190000795","193071","191001","192012","18000","1","18000","0","18000","1","1","1","IAT1806191145","NHO2018000007","PAID","","193071"),
("IATT190000795","193056","191002","192010","17000","1","17000","0","17000","1","1","1","IAT1806191145","NHO2018000007","PAID","","193056"),
("IATT190000795","193049","191002","192010","10000","1","10000","0","10000","1","1","1","IAT1806191145","NHO2018000007","PAID","","193049"),
("IATT190000796","193022","191001","192003","30000","1","30000","0","30000","1","1","1","IAT1806191145","NHO2018000007","PAID","","193022"),
("IATT190000796","193023","191001","192003","30000","1","30000","0","30000","1","1","1","IAT1806191145","NHO2018000007","PAID","","193023"),
("IATT190000796","193046","191002","192010","8000","1","8000","0","8000","1","1","1","IAT1806191145","NHO2018000007","PAID","","193046"),
("IATT190000796","193046","191002","192010","8000","1","8000","0","8000","2","1","1","IAT1806191145","NHO2018000007","PAID","","193046"),
("IATT190000797","193052","191002","192010","20000","1","20000","0","20000","1","1","1","IAT1806191145","NHO2018000007","PAID","","193052"),
("IATT190000797","193052","191002","192010","20000","1","20000","0","20000","2","1","1","IAT1806191145","NHO2018000007","PAID","","193052"),
("IATT190000797","193078","191001","192001","30000","1","30000","0","30000","1","1","1","IAT1806191145","NHO2018000007","PAID","lvl 2","PEDAS"),
("IATT190000797","193084","191001","192001","30000","1","30000","0","30000","1","1","1","IAT1806191145","NHO2018000007","PAID","lvl 2","PEDAS"),
("IATT190000797","193040","191001","192008","20000","1","20000","0","20000","1","1","1","IAT1806191145","NHO2018000007","PAID","","193040");



INSERT INTO pos_salestemp VALUES("IATT190000785","","2","77000","0","7700","0","84700","100000","18/06/2019","12:04","2019-06-18","14:14:56","ISU000012","tbl0010","CLOSED","1","","IATR190000763","","","","","IAT1806191145","NHO2018000007"),
("IATT190000786","","5","277000","0","27700","0","304700","304700","18/06/2019","12:15","2019-06-18","13:38:54","ISU000012","tbl0014","CLOSED","1","","IATR190000758","","","","","IAT1806191145","NHO2018000007"),
("IATT190000787","","2","113000","0","11300","0","124300","124300","18/06/2019","12:22","2019-06-18","13:40:04","ISU000012","tbl0021","CLOSED","1","","IATR190000759","","","","","IAT1806191145","NHO2018000007"),
("IATT190000788","","5","273000","0","27300","0","300300","300300","18/06/2019","12:24","2019-06-18","13:40:58","ISU000012","tbl0012","CLOSED","1","","IATR190000760","","","","","IAT1806191145","NHO2018000007"),
("IATT190000789","","2","101000","0","10100","0","111100","150000","18/06/2019","12:28","2019-06-18","13:04:22","ISU000012","tbl0011","CLOSED","1","","IATR190000757","","","","","IAT1806191145","NHO2018000007"),
("IATT190000790","","2","76000","0","7600","0","83600","83600","18/06/2019","13:07","2019-06-18","13:41:53","ISU000012","tbl0018","CLOSED","1","","IATR190000761","","","","","IAT1806191145","NHO2018000007"),
("IATT190000791","","3","187000","0","18700","0","205700","205700","18/06/2019","13:08","2019-06-18","13:42:45","ISU000012","tbl0020","CLOSED","1","","IATR190000762","","","","","IAT1806191145","NHO2018000007"),
("IATT190000792","","2","76000","0","7600","0","83600","100000","18/06/2019","13:49","2019-06-18","14:21:46","ISU000012","tbl0018","CLOSED","1","","IATR190000764","","","","","IAT1806191145","NHO2018000007"),
("IATT190000793","","2","55000","0","5500","0","60500","60500","18/06/2019","15:16","2019-06-18","15:39:33","ISU000012","tbl0012","CLOSED","1","","IATR190000765","","","","","IAT1806191145","NHO2018000007"),
("IATT190000794","","2","84000","0","8400","0","92400","100000","18/06/2019","15:53","2019-06-18","16:32:02","ISU000012","tbl0010","CLOSED","1","","IATR190000766","","","","","IAT1806191145","NHO2018000007"),
("IATT190000795","","2","105000","0","10500","0","115500","117000","18/06/2019","16:50","2019-06-18","17:21:22","ISU000012","tbl0012","CLOSED","1","","IATR190000767","","","","","IAT1806191145","NHO2018000007"),
("IATT190000796","","2","76000","0","7600","0","83600","83600","18/06/2019","19:10","2019-06-18","19:43:15","ISU000012","tbl0012","CLOSED","1","","IATR190000768","","","","","IAT1806191145","NHO2018000007"),
("IATT190000797","","2","120000","0","12000","0","132000","200000","18/06/2019","19:13","2019-06-18","20:29:31","ISU000012","tbl0014","CLOSED","1","","IATR190000769","","","","","IAT1806191145","NHO2018000007");



INSERT INTO item_void VALUES("IATT190000785","IAT1806191145","NHO2018000007","193035","ORIGINAL","1","32000","Before Send","Komplen Customer"),
("IATT190000786","IAT1806191145","NHO2018000007","193052","193052","1","20000","Before Send","Komplen Customer"),
("IATT190000786","IAT1806191145","NHO2018000007","193052","193052","1","20000","Before Send","Komplen Customer"),
("IATT190000786","IAT1806191145","NHO2018000007","193052","193052","1","20000","Before Send","Komplen Customer");









INSERT INTO pos_paymenttemp VALUES("IATT190000789","CASH","CASH","111100","150000","ISU000012","2019-06-18","","1","","CLOSED","IAT1806191145","NHO2018000007"),
("IATT190000786","CARD","DEBIT BCA","304700","304700","ISU000012","2019-06-18","","1","","CLOSED","IAT1806191145","NHO2018000007"),
("IATT190000787","CARD","DEBIT BCA","124300","124300","ISU000012","2019-06-18","","1","","CLOSED","IAT1806191145","NHO2018000007"),
("IATT190000788","CARD","DEBIT BCA","300300","300300","ISU000012","2019-06-18","","1","","CLOSED","IAT1806191145","NHO2018000007"),
("IATT190000790","CARD","DEBIT BCA","83600","83600","ISU000012","2019-06-18","","1","","CLOSED","IAT1806191145","NHO2018000007"),
("IATT190000791","CARD","DEBIT BCA","205700","205700","ISU000012","2019-06-18","","1","","CLOSED","IAT1806191145","NHO2018000007"),
("IATT190000785","CASH","CASH","84700","100000","ISU000012","2019-06-18","","1","","CLOSED","IAT1806191145","NHO2018000007"),
("IATT190000792","CASH","CASH","83600","100000","ISU000012","2019-06-18","","1","","CLOSED","IAT1806191145","NHO2018000007"),
("IATT190000793","CARD","MASTER","60500","60500","ISU000012","2019-06-18","","1","","CLOSED","IAT1806191145","NHO2018000007"),
("IATT190000794","CASH","CASH","92400","100000","ISU000012","2019-06-18","","1","","CLOSED","IAT1806191145","NHO2018000007"),
("IATT190000795","CASH","CASH","115500","117000","ISU000012","2019-06-18","","1","","CLOSED","IAT1806191145","NHO2018000007"),
("IATT190000796","CARD","MASTER","83600","83600","ISU000012","2019-06-18","","1","","CLOSED","IAT1806191145","NHO2018000007"),
("IATT190000797","CASH","CASH","132000","200000","ISU000012","2019-06-18","","1","","CLOSED","IAT1806191145","NHO2018000007");



