INSERT INTO pos_itemtemp VALUES("IATT200004822","193027","191001","192003","43000","1","43000","0","43000","1","1","1","IAT1601200855","NHO2018000007","PAID","","193027"),
("IATT200004822","193078","191001","192001","30000","1","30000","0","30000","1","1","1","IAT1601200855","NHO2018000007","PAID","","PEDAS"),
("IATT200004822","193055","191002","192010","17000","1","17000","0","17000","1","1","1","IAT1601200855","NHO2018000007","PAID","","193055"),
("IATT200004823","193039","191001","192006","36000","1","36000","0","36000","1","1","1","IAT1601200855","NHO2018000007","PAID","","ORIGINAL"),
("IATT200004823","193035","191001","192006","32000","1","32000","0","32000","1","1","1","IAT1601200855","NHO2018000007","PAID","","PEDAS"),
("IATT200004824","193033","191001","192005","42000","1","42000","0","42000","1","1","1","IAT1601200855","NHO2018000007","PAID","","193033"),
("IATT200004824","193052","191002","192010","20000","1","20000","0","20000","1","1","1","IAT1601200855","NHO2018000007","PAID","","193052"),
("IATT200004824","193052","191002","192010","20000","1","20000","0","20000","2","1","1","IAT1601200855","NHO2018000007","PAID","","193052"),
("IATT200004824","193048","191002","192010","8000","1","8000","0","8000","1","1","1","IAT1601200855","NHO2018000007","PAID","","193048"),
("IATT200004825","193032","191001","192004","30000","1","30000","0","30000","1","1","1","IAT1601200855","NHO2018000007","PAID","","193032"),
("IATT200004825","193036","191001","192006","36000","1","36000","0","36000","1","1","1","IAT1601200855","NHO2018000007","PAID","","PEDAS"),
("IATT200004825","193049","191002","192010","10000","1","10000","0","10000","1","1","1","IAT1601200855","NHO2018000007","PAID","","193049"),
("IATT200004825","193054","191002","192010","20000","1","20000","0","20000","1","1","1","IAT1601200855","NHO2018000007","PAID","","193054"),
("IATT200004826","193022","191001","192003","30000","1","30000","3000","27000","1","1","1","IAT1601200855","NHO2018000007","PAID","","193022"),
("IATT200004826","193052","191002","192010","20000","1","20000","2000","18000","1","1","1","IAT1601200855","NHO2018000007","PAID","","193052"),
("IATT200004826","193056","191002","192010","17000","1","17000","1700","15300","1","1","1","IAT1601200855","NHO2018000007","PAID","","193056"),
("IATT200004827","193113","191001","192003","55000","1","55000","0","55000","1","1","1","IAT1601200855","NHO2018000007","PAID","","193113"),
("IATT200004827","193113","191001","192003","55000","1","55000","0","55000","2","1","2","IAT1601200855","NHO2018000007","PAID","","193113"),
("IATT200004828","193007","191001","192001","37000","1","37000","0","37000","1","1","1","IAT1601200855","NHO2018000007","PAID","","PEDAS"),
("IATT200004828","193011","191001","192001","40000","1","40000","0","40000","1","1","1","IAT1601200855","NHO2018000007","PAID","","PEDAS"),
("IATT200004828","193052","191002","192010","20000","1","20000","0","20000","1","1","1","IAT1601200855","NHO2018000007","PAID","","193052"),
("IATT200004828","193046","191002","192010","10000","1","10000","0","10000","1","1","1","IAT1601200855","NHO2018000007","PAID","","193046");



INSERT INTO pos_salestemp VALUES("IATT200004820","","1","18000","0","0","0","0","0","16/01/2020","08:55","16/01/2020","09:28:00","ISU000006","tbl0008","CANCELED","1","PERMINTAAN CUSTOMER","","","","","","IAT1601200855","NHO2018000007"),
("IATT200004821","","1","0","0","0","0","0","0","16/01/2020","09:28","16/01/2020","11:28:05","ISU000006","tbl0015","CANCELED","1","PERMINTAAN CUSTOMER","","","","","","IAT1601200855","NHO2018000007"),
("IATT200004822","","1","90000","0","9000","0","99000","100000","16/01/2020","14:36","2020-01-16","15:40:05","ISU000006","tbl0005","CLOSED","1","","IATR200004690","","","","","IAT1601200855","NHO2018000007"),
("IATT200004823","","2","68000","0","6800","0","74800","100000","16/01/2020","14:57","2020-01-16","16:10:21","ISU000006","tbl0012","CLOSED","1","","IATR200004691","","","","","IAT1601200855","NHO2018000007"),
("IATT200004824","","1","90000","0","9000","0","99000","100000","16/01/2020","19:57","2020-01-16","20:36:16","ISU000004","tbl0011","CLOSED","1","","IATR200004692","","","","","IAT1601200855","NHO2018000007"),
("IATT200004825","","2","96000","0","9600","0","105600","105600","16/01/2020","20:02","2020-01-16","21:06:48","ISU000004","tbl0012","CLOSED","1","","IATR200004694","","","","","IAT1601200855","NHO2018000007"),
("IATT200004826","","2","67000","6700","6030","0","66330","100000","16/01/2020","20:10","2020-01-16","20:38:10","ISU000004","tbl0010","CLOSED","1","","IATR200004693","","","","","IAT1601200855","NHO2018000007"),
("IATT200004827","","1","110000","0","11000","0","121000","130000","16/01/2020","20:16","2020-01-16","21:08:44","ISU000004","tbl0021","CLOSED","1","","IATR200004695","","","","","IAT1601200855","NHO2018000007"),
("IATT200004828","","2","107000","0","10700","0","117700","150000","16/01/2020","20:36","2020-01-16","21:11:31","ISU000004","tbl0005","CLOSED","1","","IATR200004696","","","","","IAT1601200855","NHO2018000007");






INSERT INTO pos_promotion_h VALUES("IATT200004826","NPRM18000019","DISC ALL","1","6700","CRM DISC 10%","IAT1601200855","PAID","NHO2018000007");



INSERT INTO pos_promotion_d VALUES("IATT200004826","NPRM18000019","DISC ALL","1","1","193022","1","3000","IAT1601200855","PAID","NHO2018000007"),
("IATT200004826","NPRM18000019","DISC ALL","1","1","193052","1","2000","IAT1601200855","PAID","NHO2018000007"),
("IATT200004826","NPRM18000019","DISC ALL","1","1","193056","1","1700","IAT1601200855","PAID","NHO2018000007");



INSERT INTO pos_paymenttemp VALUES("IATT200004822","VOUCHER","E-Voucher 50K Bloggers X ","50000","50000","ISU000006","2020-01-16","","1","NHV20200109000093","CLOSED","IAT1601200855","NHO2018000007"),
("IATT200004822","VOUCHER","E-Voucher 50K Bloggers X ","50000","50000","ISU000006","2020-01-16","","1","NHV20200109000100","CLOSED","IAT1601200855","NHO2018000007"),
("IATT200004823","CASH","CASH","74800","100000","ISU000006","2020-01-16","","1","","CLOSED","IAT1601200855","NHO2018000007"),
("IATT200004824","CASH","CASH","99000","100000","ISU000004","2020-01-16","","1","","CLOSED","IAT1601200855","NHO2018000007"),
("IATT200004826","CASH","CASH","66330","100000","ISU000004","2020-01-16","","1","","CLOSED","IAT1601200855","NHO2018000007"),
("IATT200004825","CARD","DEBIT BCA","105600","105600","ISU000004","2020-01-16","","1","","CLOSED","IAT1601200855","NHO2018000007"),
("IATT200004827","CASH","CASH","121000","130000","ISU000004","2020-01-16","","1","","CLOSED","IAT1601200855","NHO2018000007"),
("IATT200004828","CASH","CASH","117700","150000","ISU000004","2020-01-16","","1","","CLOSED","IAT1601200855","NHO2018000007");



