INSERT INTO pos_itemtemp VALUES("IATT190001964","193101","191001","192014","74000","1","74000","0","74000","1","1","1","IAT1408190921","NHO2018000007","PAID","bento set 2 = 1\ngreen curry ramen beef =1","193101"),
("IATT190001964","193015","191001","192002","33000","1","33000","0","33000","1","1","1","IAT1408190921","NHO2018000007","PAID","","PEDAS"),
("IATT190001964","193028","191001","192003","43000","1","43000","0","43000","1","1","1","IAT1408190921","NHO2018000007","PAID","","193028"),
("IATT190001964","193069","191001","192012","13000","1","13000","0","13000","1","1","1","IAT1408190921","NHO2018000007","PAID","","193069"),
("IATT190001964","193047","191002","192010","10000","1","10000","0","10000","1","1","1","IAT1408190921","NHO2018000007","PAID","","193047"),
("IATT190001964","193050","191002","192010","20000","1","20000","0","20000","1","1","1","IAT1408190921","NHO2018000007","PAID","","193050"),
("IATT190001965","193027","191001","192003","43000","1","43000","0","43000","1","1","1","IAT1408190921","NHO2018000007","PAID","","193027"),
("IATT190001965","193027","191001","192003","43000","1","43000","0","43000","2","1","1","IAT1408190921","NHO2018000007","PAID","","193027"),
("IATT190001965","193056","191002","192010","17000","1","17000","0","17000","1","1","1","IAT1408190921","NHO2018000007","PAID","","193056"),
("IATT190001965","193054","191002","192010","20000","1","20000","0","20000","1","1","1","IAT1408190921","NHO2018000007","PAID","","193054"),
("IATT190001967","193011","191001","192001","40000","1","40000","0","40000","1","1","1","IAT1408190921","NHO2018000007","PAID","lvl 1","PEDAS"),
("IATT190001967","193012","191001","192001","40000","1","40000","0","40000","1","1","1","IAT1408190921","NHO2018000007","PAID","lvl 1","193012"),
("IATT190001967","193027","191001","192003","43000","1","43000","0","43000","1","1","1","IAT1408190921","NHO2018000007","PAID","","193027"),
("IATT190001967","193022","191001","192003","30000","1","30000","0","30000","1","1","1","IAT1408190921","NHO2018000007","PAID","","193022"),
("IATT190001967","193024","191001","192003","30000","1","30000","0","30000","1","1","1","IAT1408190921","NHO2018000007","PAID","","193024"),
("IATT190001967","193024","191001","192003","30000","1","30000","0","30000","2","1","1","IAT1408190921","NHO2018000007","PAID","","193024"),
("IATT190001967","193033","191001","192005","42000","1","42000","0","42000","1","1","1","IAT1408190921","NHO2018000007","PAID","","193033"),
("IATT190001967","193047","191002","192010","10000","1","10000","0","10000","1","1","1","IAT1408190921","NHO2018000007","PAID","","193047"),
("IATT190001967","193048","191002","192010","8000","1","8000","0","8000","1","1","1","IAT1408190921","NHO2018000007","PAID","","193048"),
("IATT190001967","193048","191002","192010","8000","1","8000","0","8000","2","1","1","IAT1408190921","NHO2018000007","PAID","","193048"),
("IATT190001966","193101","191001","192014","74000","1","74000","0","74000","1","1","1","IAT1408190921","NHO2018000007","PAID","bento set 2 , green curry ramen beef","193101"),
("IATT190001966","193055","191002","192010","17000","1","17000","0","17000","1","1","1","IAT1408190921","NHO2018000007","PAID","","193055"),
("IATT190001966","193024","191001","192003","30000","1","30000","0","30000","1","1","1","IAT1408190921","NHO2018000007","PAID","","193024"),
("IATT190001967","193047","191002","192010","10000","1","10000","0","10000","2","1","2","IAT1408190921","NHO2018000007","PAID","","193047"),
("IATT190001967","193047","191002","192010","10000","1","10000","0","10000","3","1","2","IAT1408190921","NHO2018000007","PAID","","193047"),
("IATT190001968","193083","191001","192001","30000","1","30000","0","30000","1","1","1","IAT1408190921","NHO2018000007","PAID","pedas level 1","193083"),
("IATT190001969","193084","191001","192001","30000","1","30000","15000","15000","1","1","1","IAT1408190921","NHO2018000007","PAID","","PEDAS"),
("IATT190001969","193084","191001","192001","30000","1","30000","15000","15000","2","1","1","IAT1408190921","NHO2018000007","PAID","","PEDAS"),
("IATT190001969","193036","191001","192006","36000","1","36000","18000","18000","1","1","1","IAT1408190921","NHO2018000007","PAID","","ORIGINAL"),
("IATT190001969","193036","191001","192006","36000","1","36000","18000","18000","2","1","1","IAT1408190921","NHO2018000007","PAID","","ORIGINAL"),
("IATT190001970","193046","191002","192010","10000","1","10000","0","10000","1","1","1","IAT1408190921","NHO2018000007","PAID","","193046"),
("IATT190001970","193046","191002","192010","10000","1","10000","0","10000","2","1","1","IAT1408190921","NHO2018000007","PAID","","193046"),
("IATT190001970","193046","191002","192010","10000","1","10000","0","10000","3","1","1","IAT1408190921","NHO2018000007","PAID","","193046"),
("IATT190001970","193052","191002","192010","20000","1","20000","0","20000","1","1","1","IAT1408190921","NHO2018000007","PAID","no ice","193052"),
("IATT190001970","193056","191002","192010","17000","1","17000","0","17000","1","1","1","IAT1408190921","NHO2018000007","PAID","","193056"),
("IATT190001970","193027","191001","192003","43000","1","43000","0","43000","1","1","1","IAT1408190921","NHO2018000007","PAID","","193027"),
("IATT190001970","193005","191001","192001","37000","1","37000","0","37000","1","1","1","IAT1408190921","NHO2018000007","PAID","lvl 1","193005"),
("IATT190001970","193067","191001","192003","7000","1","7000","0","7000","1","1","1","IAT1408190921","NHO2018000007","PAID","","193067"),
("IATT190001970","193067","191001","192003","7000","1","7000","0","7000","2","1","1","IAT1408190921","NHO2018000007","PAID","","193067"),
("IATT190001970","193021","191001","192002","40000","1","40000","0","40000","1","1","1","IAT1408190921","NHO2018000007","PAID","","ORIGINAL"),
("IATT190001970","193011","191001","192001","40000","1","40000","0","40000","1","1","1","IAT1408190921","NHO2018000007","PAID","lvl 2","PEDAS"),
("IATT190001971","193102","191001","192014","74000","1","74000","0","74000","1","1","1","IAT1408190921","NHO2018000007","PAID","beef yakiniku japnese bowl = 1\nSpicy ramen beef level 2 = 1","193102"),
("IATT190001972","193036","191001","192006","36000","1","36000","0","36000","1","1","1","IAT1408190921","NHO2018000007","PAID","NO TIMUN,NO TOMAT","PEDAS"),
("IATT190001972","193071","191001","192012","18000","1","18000","0","18000","1","1","1","IAT1408190921","NHO2018000007","PAID","NO SALAD","193071"),
("IATT190001972","193033","191001","192005","42000","1","42000","0","42000","1","1","1","IAT1408190921","NHO2018000007","PAID","","193033"),
("IATT190001972","193052","191002","192010","20000","1","20000","0","20000","1","1","1","IAT1408190921","NHO2018000007","PAID","","193052"),
("IATT190001972","193056","191002","192010","17000","1","17000","0","17000","1","1","1","IAT1408190921","NHO2018000007","PAID","","193056"),
("IATT190001973","193046","191002","192010","10000","1","10000","0","10000","1","1","1","IAT1408190921","NHO2018000007","PAID","","193046"),
("IATT190001973","193018","191001","192002","37000","1","37000","0","37000","1","1","1","IAT1408190921","NHO2018000007","PAID","LEVEL 1","PEDAS"),
("IATT190001974","193027","191001","192003","43000","1","43000","0","43000","1","1","1","IAT1408190921","NHO2018000007","PAID","","193027"),
("IATT190001974","193082","191001","192001","30000","1","30000","9000","21000","1","1","1","IAT1408190921","NHO2018000007","PAID","","193082"),
("IATT190001974","193052","191002","192010","20000","1","20000","0","20000","1","1","1","IAT1408190921","NHO2018000007","PAID","","193052"),
("IATT190001974","193052","191002","192010","20000","1","20000","0","20000","2","1","1","IAT1408190921","NHO2018000007","PAID","","193052"),
("IATT190001974","193048","191002","192010","8000","1","8000","0","8000","1","1","1","IAT1408190921","NHO2018000007","PAID","","193048"),
("IATT190001975","193043","191001","192008","25000","1","25000","0","25000","1","1","1","IAT1408190921","NHO2018000007","PAID","","193043"),
("IATT190001975","193056","191002","192010","17000","1","17000","0","17000","1","1","1","IAT1408190921","NHO2018000007","PAID","","193056"),
("IATT190001975","193056","191002","192010","17000","1","17000","0","17000","2","1","1","IAT1408190921","NHO2018000007","PAID","","193056"),
("IATT190001975","193084","191001","192001","30000","1","30000","0","30000","1","1","1","IAT1408190921","NHO2018000007","PAID","LV 1","PEDAS"),
("IATT190001976","193023","191001","192003","30000","1","30000","0","30000","1","1","1","IAT1408190921","NHO2018000007","PAID","","193023"),
("IATT190001976","193048","191002","192010","8000","1","8000","0","8000","1","1","1","IAT1408190921","NHO2018000007","PAID","","193048"),
("IATT190001974","193052","191002","192010","20000","1","20000","0","20000","3","1","2","IAT1408190921","NHO2018000007","PAID","","193052"),
("IATT190001974","193048","191002","192010","8000","1","8000","0","8000","2","1","2","IAT1408190921","NHO2018000007","PAID","","193048"),
("IATT190001977","193083","191001","192001","30000","1","30000","0","30000","1","1","1","IAT1408190921","NHO2018000007","PAID","LV 3","193083"),
("IATT190001977","193047","191002","192010","10000","1","10000","0","10000","1","1","1","IAT1408190921","NHO2018000007","PAID","","193047");



INSERT INTO pos_salestemp VALUES("IATT190001964","","4","193000","0","19300","0","212300","215000","14/08/2019","11:43","2019-08-14","12:14:43","ISU000012","tbl0012","CLOSED","1","","IATR190001912","","","","","IAT1408190921","NHO2018000007"),
("IATT190001965","","2","123000","0","12300","0","135300","200000","14/08/2019","12:07","2019-08-14","13:48:21","ISU000012","tbl0010","CLOSED","1","","IATR190001915","","","","","IAT1408190921","NHO2018000007"),
("IATT190001966","","3","121000","0","12100","0","133100","143100","14/08/2019","12:19","2019-08-14","13:07:36","ISU000012","tbl0011","CLOSED","1","","IATR190001914","","","","","IAT1408190921","NHO2018000007"),
("IATT190001967","","6","301000","0","30100","0","331100","331100","14/08/2019","12:21","2019-08-14","13:05:33","ISU000012","tbl0013","CLOSED","1","","IATR190001913","","","","","IAT1408190921","NHO2018000007"),
("IATT190001968","","1","30000","0","3000","0","33000","50000","14/08/2019","13:43","2019-08-14","14:07:14","ISU000012","tbl0012","CLOSED","1","","IATR190001916","","","","","IAT1408190921","NHO2018000007"),
("IATT190001969","","2","132000","66000","6600","0","72600","80000","14/08/2019","14:36","2019-08-14","15:20:11","ISU000012","tbl0012","CLOSED","1","","IATR190001917","","","","","IAT1408190921","NHO2018000007"),
("IATT190001970","","5","241000","0","24100","0","265100","300100","14/08/2019","18:09","2019-08-14","18:47:37","ISU000012","tbl0021","CLOSED","1","","IATR190001918","","","","","IAT1408190921","NHO2018000007"),
("IATT190001971","","2","74000","0","7400","0","81400","81400","14/08/2019","18:30","2019-08-14","19:42:57","ISU000012","tbl0010","CLOSED","1","","IATR190001919","","","","","IAT1408190921","NHO2018000007"),
("IATT190001972","","2","133000","0","13300","0","146300","150000","14/08/2019","19:15","2019-08-14","19:53:47","ISU000012","tbl0012","CLOSED","1","","IATR190001920","","","","","IAT1408190921","NHO2018000007"),
("IATT190001973","","1","47000","0","4700","0","51700","52000","14/08/2019","19:20","2019-08-14","19:55:08","ISU000012","tbl0011","CLOSED","1","","IATR190001921","","","","","IAT1408190921","NHO2018000007"),
("IATT190001974","","2","149000","9000","14000","0","154000","154000","14/08/2019","19:56","2019-08-14","20:35:47","ISU000012","tbl0010","CLOSED","1","","IATR190001923","","","","","IAT1408190921","NHO2018000007"),
("IATT190001975","","2","89000","0","8900","0","97900","100000","14/08/2019","19:59","2019-08-14","20:27:56","ISU000012","tbl0004","CLOSED","1","","IATR190001922","","","","","IAT1408190921","NHO2018000007"),
("IATT190001976","","1","38000","0","3800","0","41800","50000","14/08/2019","20:04","2019-08-14","20:39:43","ISU000012","tbl0012","CLOSED","1","","IATR190001924","","","","","IAT1408190921","NHO2018000007"),
("IATT190001977","","1","40000","0","4000","0","44000","50000","14/08/2019","20:36","2019-08-14","21:01:14","ISU000012","tbl0010","CLOSED","1","","IATR190001925","","","","","IAT1408190921","NHO2018000007");



INSERT INTO item_void VALUES("IATT190001968","IAT1408190921","NHO2018000007","193096","193096","1","50000","Before Send","Komplen Customer");



INSERT INTO pos_promotion_h VALUES("IATT190001969","NPRM18000012","DISC ITEM","1","66000","eatigo 50%","IAT1408190921","PAID","NHO2018000007"),
("IATT190001974","NPRM18000008","DISC ITEM","1","9000","eatigo 30%","IAT1408190921","PAID","NHO2018000007");



INSERT INTO pos_promotion_d VALUES("IATT190001969","NPRM18000012","DISC ITEM","1","1","193084","1","15000","IAT1408190921","PAID","NHO2018000007"),
("IATT190001969","NPRM18000012","DISC ITEM","1","1","193084","2","15000","IAT1408190921","PAID","NHO2018000007"),
("IATT190001969","NPRM18000012","DISC ITEM","1","1","193036","1","18000","IAT1408190921","PAID","NHO2018000007"),
("IATT190001969","NPRM18000012","DISC ITEM","1","1","193036","2","18000","IAT1408190921","PAID","NHO2018000007"),
("IATT190001974","NPRM18000008","DISC ITEM","1","1","193082","1","9000","IAT1408190921","PAID","NHO2018000007");



INSERT INTO pos_paymenttemp VALUES("IATT190001964","CASH","CASH","212300","215000","ISU000012","2019-08-14","","1","","CLOSED","IAT1408190921","NHO2018000007"),
("IATT190001967","CARD","MASTER","331100","331100","ISU000012","2019-08-14","","1","","CLOSED","IAT1408190921","NHO2018000007"),
("IATT190001966","CASH","CASH","133100","143100","ISU000012","2019-08-14","","1","","CLOSED","IAT1408190921","NHO2018000007"),
("IATT190001965","CASH","CASH","135300","200000","ISU000012","2019-08-14","","1","","CLOSED","IAT1408190921","NHO2018000007"),
("IATT190001968","CASH","CASH","33000","50000","ISU000012","2019-08-14","","1","","CLOSED","IAT1408190921","NHO2018000007"),
("IATT190001969","VOUCHER","KUPON PROMO EATIGO 30K","30000","30000","ISU000012","2019-08-14","","1","","CLOSED","IAT1408190921","NHO2018000007"),
("IATT190001969","CASH","CASH","42600","50000","ISU000012","2019-08-14","","1","","CLOSED","IAT1408190921","NHO2018000007"),
("IATT190001970","CASH","CASH","265100","300100","ISU000012","2019-08-14","","1","","CLOSED","IAT1408190921","NHO2018000007"),
("IATT190001971","CARD","VISA","81400","81400","ISU000012","2019-08-14","","1","","CLOSED","IAT1408190921","NHO2018000007"),
("IATT190001972","CASH","CASH","146300","150000","ISU000012","2019-08-14","","1","","CLOSED","IAT1408190921","NHO2018000007"),
("IATT190001973","CASH","CASH","51700","52000","ISU000012","2019-08-14","","1","","CLOSED","IAT1408190921","NHO2018000007"),
("IATT190001975","CASH","CASH","97900","100000","ISU000012","2019-08-14","","1","","CLOSED","IAT1408190921","NHO2018000007"),
("IATT190001974","VOUCHER","VOUCHER EATIGO 100K","100000","100000","ISU000012","2019-08-14","","1","","CLOSED","IAT1408190921","NHO2018000007"),
("IATT190001974","CARD","VISA","54000","54000","ISU000012","2019-08-14","","1","","CLOSED","IAT1408190921","NHO2018000007"),
("IATT190001976","CASH","CASH","41800","50000","ISU000012","2019-08-14","","1","","CLOSED","IAT1408190921","NHO2018000007"),
("IATT190001977","CASH","CASH","44000","50000","ISU000012","2019-08-14","","1","","CLOSED","IAT1408190921","NHO2018000007");



