INSERT INTO pos_itemtemp VALUES("IATT190000774","193035","191001","192006","32000","1","32000","0","32000","1","1","1","IAT1706191013","NHO2018000007","PAID","","ORIGINAL"),
("IATT190000774","193011","191001","192001","40000","1","40000","0","40000","1","1","1","IAT1706191013","NHO2018000007","PAID","lvl 1","PEDAS"),
("IATT190000774","193019","191001","192002","40000","1","40000","0","40000","1","1","1","IAT1706191013","NHO2018000007","PAID","lvl 2","PEDAS"),
("IATT190000774","193037","191001","192006","36000","1","36000","0","36000","1","1","1","IAT1706191013","NHO2018000007","PAID","","ORIGINAL"),
("IATT190000774","193047","191002","192010","8000","1","8000","0","8000","1","1","1","IAT1706191013","NHO2018000007","PAID","","193047"),
("IATT190000774","193047","191002","192010","8000","1","8000","0","8000","2","1","1","IAT1706191013","NHO2018000007","PAID","","193047"),
("IATT190000774","193047","191002","192010","8000","1","8000","0","8000","3","1","1","IAT1706191013","NHO2018000007","PAID","","193047"),
("IATT190000774","193048","191002","192010","8000","1","8000","0","8000","1","1","1","IAT1706191013","NHO2018000007","PAID","","193048"),
("IATT190000774","193036","191001","192006","36000","1","36000","0","36000","1","1","2","IAT1706191013","NHO2018000007","PAID","","ORIGINAL"),
("IATT190000774","193054","191002","192010","20000","1","20000","0","20000","1","1","2","IAT1706191013","NHO2018000007","PAID","","193054"),
("IATT190000774","193027","191001","192003","43000","1","43000","0","43000","1","1","3","IAT1706191013","NHO2018000007","PAID","","193027"),
("IATT190000774","193027","191001","192003","43000","1","43000","0","43000","2","1","3","IAT1706191013","NHO2018000007","PAID","","193027"),
("IATT190000774","193028","191001","192003","43000","1","43000","0","43000","1","1","3","IAT1706191013","NHO2018000007","PAID","","193028"),
("IATT190000774","193028","191001","192003","43000","1","43000","0","43000","2","1","3","IAT1706191013","NHO2018000007","PAID","","193028"),
("IATT190000774","193022","191001","192003","30000","1","30000","0","30000","1","1","4","IAT1706191013","NHO2018000007","PAID","","193022"),
("IATT190000774","193046","191002","192010","8000","1","8000","0","8000","1","1","4","IAT1706191013","NHO2018000007","PAID","","193046"),
("IATT190000774","193047","191002","192010","8000","1","8000","0","8000","4","1","4","IAT1706191013","NHO2018000007","PAID","","193047"),
("IATT190000774","193047","191002","192010","8000","1","8000","0","8000","5","1","4","IAT1706191013","NHO2018000007","PAID","","193047"),
("IATT190000774","193054","191002","192010","20000","1","20000","0","20000","2","1","4","IAT1706191013","NHO2018000007","PAID","","193054"),
("IATT190000775","193046","191002","192010","8000","1","8000","0","8000","1","1","1","IAT1706191013","NHO2018000007","PAID","","193046"),
("IATT190000775","193046","191002","192010","8000","1","8000","0","8000","2","1","1","IAT1706191013","NHO2018000007","PAID","","193046"),
("IATT190000775","193046","191002","192010","8000","1","8000","0","8000","3","1","1","IAT1706191013","NHO2018000007","PAID","","193046"),
("IATT190000775","193046","191002","192010","8000","1","8000","0","8000","4","1","1","IAT1706191013","NHO2018000007","PAID","","193046"),
("IATT190000775","193077","191001","192001","30000","1","30000","0","30000","1","1","1","IAT1706191013","NHO2018000007","PAID","","193077"),
("IATT190000775","193012","191001","192001","40000","1","40000","0","40000","1","1","1","IAT1706191013","NHO2018000007","PAID","","193012"),
("IATT190000775","193033","191001","192005","42000","1","42000","0","42000","1","1","1","IAT1706191013","NHO2018000007","PAID","","193033"),
("IATT190000774","193048","191002","192010","8000","1","8000","0","8000","2","1","5","IAT1706191013","NHO2018000007","PAID","","193048"),
("IATT190000774","193050","191002","192010","20000","1","20000","0","20000","1","1","5","IAT1706191013","NHO2018000007","PAID","","193050"),
("IATT190000774","193054","191002","192010","20000","1","20000","0","20000","3","1","5","IAT1706191013","NHO2018000007","PAID","","193054"),
("IATT190000774","193054","191002","192010","20000","1","20000","0","20000","4","1","5","IAT1706191013","NHO2018000007","PAID","","193054"),
("IATT190000774","193054","191002","192010","20000","1","20000","0","20000","5","1","5","IAT1706191013","NHO2018000007","PAID","","193054"),
("IATT190000774","193018","191001","192002","37000","1","37000","0","37000","1","1","5","IAT1706191013","NHO2018000007","PAID","lvl2","PEDAS"),
("IATT190000774","193084","191001","192001","30000","1","30000","0","30000","1","1","5","IAT1706191013","NHO2018000007","PAID","lvl2","PEDAS"),
("IATT190000776","193012","191001","192001","40000","1","40000","0","40000","1","1","1","IAT1706191013","NHO2018000007","PAID","","193012"),
("IATT190000776","193037","191001","192006","36000","1","36000","0","36000","1","1","1","IAT1706191013","NHO2018000007","PAID","","ORIGINAL"),
("IATT190000776","193049","191002","192010","10000","1","10000","0","10000","1","1","1","IAT1706191013","NHO2018000007","PAID","","193049"),
("IATT190000776","193049","191002","192010","10000","1","10000","0","10000","2","1","1","IAT1706191013","NHO2018000007","PAID","","193049"),
("IATT190000777","193033","191001","192005","42000","1","42000","0","42000","1","1","1","IAT1706191013","NHO2018000007","PAID","","193033"),
("IATT190000777","193049","191002","192010","10000","1","10000","0","10000","1","1","1","IAT1706191013","NHO2018000007","PAID","","193049"),
("IATT190000778","193027","191001","192003","43000","1","43000","0","43000","1","1","1","IAT1706191013","NHO2018000007","PAID","","193027"),
("IATT190000778","193028","191001","192003","43000","1","43000","0","43000","1","1","1","IAT1706191013","NHO2018000007","PAID","","193028"),
("IATT190000778","193051","191002","192010","20000","1","20000","0","20000","1","1","1","IAT1706191013","NHO2018000007","PAID","","193051"),
("IATT190000778","193047","191002","192010","8000","1","8000","0","8000","1","1","1","IAT1706191013","NHO2018000007","PAID","","193047"),
("IATT190000778","193082","191001","192001","30000","1","30000","0","30000","1","1","1","IAT1706191013","NHO2018000007","PAID","CHIKEN","193082"),
("IATT190000779","193084","191001","192001","30000","1","30000","0","30000","1","1","1","IAT1706191013","NHO2018000007","PAID","","ORIGINAL"),
("IATT190000779","193055","191002","192010","17000","1","17000","0","17000","1","1","1","IAT1706191013","NHO2018000007","PAID","","193055"),
("IATT190000779","193047","191002","192010","8000","1","8000","0","8000","1","1","1","IAT1706191013","NHO2018000007","PAID","","193047"),
("IATT190000774","193048","191002","192010","8000","1","8000","0","8000","3","1","6","IAT1706191013","NHO2018000007","PAID","","193048"),
("IATT190000774","193048","191002","192010","8000","1","8000","0","8000","4","1","6","IAT1706191013","NHO2018000007","PAID","","193048"),
("IATT190000774","193050","191002","192010","20000","1","20000","0","20000","2","1","6","IAT1706191013","NHO2018000007","PAID","","193050"),
("IATT190000777","193033","191001","192005","42000","1","42000","0","42000","2","1","2","IAT1706191013","NHO2018000007","PAID","","193033"),
("IATT190000780","193028","191001","192003","43000","1","43000","0","43000","1","1","1","IAT1706191013","NHO2018000007","PAID","","193028"),
("IATT190000780","193018","191001","192002","37000","1","37000","0","37000","1","1","1","IAT1706191013","NHO2018000007","PAID","level 2","PEDAS"),
("IATT190000779","193084","191001","192001","30000","1","30000","0","30000","2","1","2","IAT1706191013","NHO2018000007","PAID","","ORIGINAL"),
("IATT190000779","193055","191002","192010","17000","1","17000","0","17000","2","1","2","IAT1706191013","NHO2018000007","PAID","","193055"),
("IATT190000781","193036","191001","192006","36000","1","36000","0","36000","1","1","1","IAT1706191013","NHO2018000007","PAID","","ORIGINAL"),
("IATT190000781","193086","191001","192002","33000","1","33000","0","33000","1","1","1","IAT1706191013","NHO2018000007","PAID","spacy beef","PEDAS"),
("IATT190000781","193055","191002","192010","17000","1","17000","0","17000","1","1","1","IAT1706191013","NHO2018000007","PAID","","193055"),
("IATT190000781","193056","191002","192010","17000","1","17000","0","17000","1","1","1","IAT1706191013","NHO2018000007","PAID","","193056"),
("IATT190000780","193071","191001","192012","18000","1","18000","0","18000","1","1","2","IAT1706191013","NHO2018000007","PAID","","193071"),
("IATT190000780","193048","191002","192010","8000","1","8000","0","8000","1","1","3","IAT1706191013","NHO2018000007","PAID","","193048"),
("IATT190000780","193084","191001","192001","30000","1","30000","0","30000","1","1","3","IAT1706191013","NHO2018000007","PAID","","ORIGINAL"),
("IATT190000780","193036","191001","192006","36000","1","36000","0","36000","1","1","4","IAT1706191013","NHO2018000007","PAID","","ORIGINAL"),
("IATT190000780","193055","191002","192010","17000","1","17000","0","17000","1","1","4","IAT1706191013","NHO2018000007","PAID","","193055"),
("IATT190000780","193051","191002","192010","20000","1","20000","0","20000","1","1","4","IAT1706191013","NHO2018000007","PAID","","193051"),
("IATT190000774","193010","191001","192001","40000","1","40000","0","40000","1","1","7","IAT1706191013","NHO2018000007","PAID","","193010"),
("IATT190000782","193011","191001","192001","40000","1","40000","0","40000","1","1","1","IAT1706191013","NHO2018000007","PAID","yang 1 level 1,satunya level 2","PEDAS"),
("IATT190000782","193011","191001","192001","40000","1","40000","0","40000","2","1","1","IAT1706191013","NHO2018000007","PAID","","PEDAS"),
("IATT190000782","193046","191002","192010","8000","1","8000","0","8000","1","1","2","IAT1706191013","NHO2018000007","PAID","","193046"),
("IATT190000782","193046","191002","192010","8000","1","8000","0","8000","2","1","2","IAT1706191013","NHO2018000007","PAID","","193046"),
("IATT190000783","193056","191002","192010","17000","1","17000","0","17000","1","1","1","IAT1706191013","NHO2018000007","PAID","","193056"),
("IATT190000784","193018","191001","192002","37000","1","37000","0","37000","1","1","1","IAT1706191013","NHO2018000007","PAID","","ORIGINAL"),
("IATT190000784","193046","191002","192010","8000","1","8000","0","8000","1","1","1","IAT1706191013","NHO2018000007","PAID","","193046");



INSERT INTO pos_salestemp VALUES("IATT190000774","","4","713000","0","71300","0","784300","1223200","17/06/2019","12:02","2019-06-17","16:08:41","ISU000011","tbl0013","CLOSED","1","","IATR190000750","","","","","IAT1706191013","NHO2018000007"),
("IATT190000775","","3","144000","0","14400","0","158400","158400","17/06/2019","12:24","2019-06-17","13:14:48","ISU000011","tbl0010","CLOSED","1","","IATR190000746","","","","","IAT1706191013","NHO2018000007"),
("IATT190000776","","2","96000","0","9600","0","105600","438900","17/06/2019","12:39","2019-06-17","16:09:24","ISU000011","tbl0001","CLOSED","1","","IATR190000751","","","","","IAT1706191013","NHO2018000007"),
("IATT190000777","","1","94000","0","9400","0","103400","333300","17/06/2019","12:49","2019-06-17","16:09:49","ISU000011","tbl0024","CLOSED","1","","IATR190000752","","","","","IAT1706191013","NHO2018000007"),
("IATT190000778","","2","144000","0","14400","0","158400","200000","17/06/2019","12:53","2019-06-17","13:36:37","ISU000011","tbl0004","CLOSED","1","","IATR190000747","","","","","IAT1706191013","NHO2018000007"),
("IATT190000779","","1","102000","0","10200","0","112200","112200","17/06/2019","12:59","2019-06-17","14:05:03","ISU000011","tbl0012","CLOSED","1","","IATR190000748","","","","","IAT1706191013","NHO2018000007"),
("IATT190000780","","4","209000","0","20900","0","229900","229900","17/06/2019","13:22","2019-06-17","16:10:12","ISU000011","tbl0011","CLOSED","1","","IATR190000753","","","","","IAT1706191013","NHO2018000007"),
("IATT190000781","","2","103000","0","10300","0","113300","113300","17/06/2019","13:30","2019-06-17","14:35:36","ISU000011","tbl0010","CLOSED","1","","IATR190000749","","","","","IAT1706191013","NHO2018000007"),
("IATT190000782","","2","96000","0","9600","0","105600","105600","17/06/2019","18:21","2019-06-17","19:09:35","ISU000011","tbl0002","CLOSED","1","","IATR190000755","","","","","IAT1706191013","NHO2018000007"),
("IATT190000783","","1","17000","0","1700","0","18700","20000","17/06/2019","18:27","2019-06-17","18:28:04","ISU000011","tbl0006","CLOSED","1","","IATR190000754","","","","","IAT1706191013","NHO2018000007"),
("IATT190000784","","1","45000","0","4500","0","49500","49500","17/06/2019","20:21","2019-06-17","21:00:00","ISU000011","tbl0006","CLOSED","1","","IATR190000756","","","","","IAT1706191013","NHO2018000007");



INSERT INTO item_void VALUES("IATT190000774","IAT1706191013","NHO2018000007","193052","193052","1","20000","Before Send","Komplen Customer"),
("IATT190000774","IAT1706191013","NHO2018000007","193052","193052","1","20000","Before Send","Komplen Customer");









INSERT INTO pos_paymenttemp VALUES("IATT190000775","CARD","VISA","158400","158400","ISU000011","2019-06-17","","1","","CLOSED","IAT1706191013","NHO2018000007"),
("IATT190000778","CASH","CASH","158400","200000","ISU000011","2019-06-17","","1","","CLOSED","IAT1706191013","NHO2018000007"),
("IATT190000779","CARD","VISA","112200","112200","ISU000011","2019-06-17","","1","","CLOSED","IAT1706191013","NHO2018000007"),
("IATT190000781","CARD","MASTER","113300","113300","ISU000011","2019-06-17","","1","","CLOSED","IAT1706191013","NHO2018000007"),
("IATT190000774","CASH","CASH","784300","1223200","ISU000011","2019-06-17","","1","","CLOSED","IAT1706191013","NHO2018000007"),
("IATT190000776","CASH","CASH","105600","438900","ISU000011","2019-06-17","","1","","CLOSED","IAT1706191013","NHO2018000007"),
("IATT190000777","CASH","CASH","103400","333300","ISU000011","2019-06-17","","1","","CLOSED","IAT1706191013","NHO2018000007"),
("IATT190000780","CASH","CASH","229900","229900","ISU000011","2019-06-17","","1","","CLOSED","IAT1706191013","NHO2018000007"),
("IATT190000783","CASH","CASH","18700","20000","ISU000011","2019-06-17","","1","","CLOSED","IAT1706191013","NHO2018000007"),
("IATT190000782","CARD","DEBIT BCA","105600","105600","ISU000011","2019-06-17","","1","","CLOSED","IAT1706191013","NHO2018000007"),
("IATT190000784","CARD","MASTER","49500","49500","ISU000011","2019-06-17","","1","","CLOSED","IAT1706191013","NHO2018000007");



