INSERT INTO pos_itemtemp VALUES("IATT190004325","193029","191001","192004","27000","1","27000","0","27000","1","1","1","IAT1512191025","NHO2018000007","PAID","","193029"),
("IATT190004325","193085","191001","192001","30000","1","30000","0","30000","1","1","1","IAT1512191025","NHO2018000007","PAID","","193085"),
("IATT190004325","193052","191002","192010","20000","1","20000","0","20000","1","1","1","IAT1512191025","NHO2018000007","PAID","","193052"),
("IATT190004325","193056","191002","192010","17000","1","17000","0","17000","1","1","1","IAT1512191025","NHO2018000007","PAID","","193056"),
("IATT190004325","193056","191002","192010","17000","1","17000","0","17000","2","1","1","IAT1512191025","NHO2018000007","PAID","","193056"),
("IATT190004326","193006","191001","192001","37000","1","37000","0","37000","1","1","1","IAT1512191025","NHO2018000007","PAID","","193006"),
("IATT190004326","193036","191001","192006","36000","1","36000","0","36000","1","1","1","IAT1512191025","NHO2018000007","PAID","","ORIGINAL"),
("IATT190004326","193024","191001","192003","30000","1","30000","0","30000","1","1","1","IAT1512191025","NHO2018000007","PAID","","193024"),
("IATT190004326","193111","191001","192008","25000","1","25000","0","25000","1","1","1","IAT1512191025","NHO2018000007","PAID","","193111"),
("IATT190004326","193055","191002","192010","17000","1","17000","0","17000","1","1","1","IAT1512191025","NHO2018000007","PAID","","193055"),
("IATT190004326","193055","191002","192010","17000","1","17000","0","17000","2","1","1","IAT1512191025","NHO2018000007","PAID","","193055"),
("IATT190004326","193056","191002","192010","17000","1","17000","0","17000","1","1","1","IAT1512191025","NHO2018000007","PAID","","193056"),
("IATT190004327","193007","191001","192001","37000","1","37000","0","37000","1","1","1","IAT1512191025","NHO2018000007","PAID","","PEDAS"),
("IATT190004327","193007","191001","192001","37000","1","37000","0","37000","2","1","1","IAT1512191025","NHO2018000007","PAID","","PEDAS"),
("IATT190004327","193118","191001","192012","20000","1","20000","0","20000","1","1","1","IAT1512191025","NHO2018000007","PAID","","193118"),
("IATT190004327","193055","191002","192010","17000","1","17000","0","17000","1","1","1","IAT1512191025","NHO2018000007","PAID","","193055"),
("IATT190004327","193055","191002","192010","17000","1","17000","0","17000","2","1","1","IAT1512191025","NHO2018000007","PAID","","193055"),
("IATT190004326","193056","191002","192010","17000","1","17000","0","17000","2","1","2","IAT1512191025","NHO2018000007","PAID","","193056"),
("IATT190004328","193174","191001","192015","23636","1","23636","0","23636","1","1","1","IAT1512191025","NHO2018000007","PAID","","193174"),
("IATT190004329","193015","191001","192002","33000","1","33000","16500","16500","1","1","1","IAT1512191025","NHO2018000007","PAID","","PEDAS"),
("IATT190004329","193082","191001","192001","30000","1","30000","15000","15000","1","1","1","IAT1512191025","NHO2018000007","PAID","","193082"),
("IATT190004329","193085","191001","192001","30000","1","30000","15000","15000","1","1","1","IAT1512191025","NHO2018000007","PAID","","193085"),
("IATT190004329","193054","191002","192010","20000","1","20000","0","20000","1","1","1","IAT1512191025","NHO2018000007","PAID","","193054"),
("IATT190004329","193054","191002","192010","20000","1","20000","0","20000","2","1","1","IAT1512191025","NHO2018000007","PAID","","193054"),
("IATT190004329","193051","191002","192010","20000","1","20000","0","20000","1","1","1","IAT1512191025","NHO2018000007","PAID","","193051"),
("IATT190004329","193118","191001","192012","20000","1","20000","0","20000","1","1","1","IAT1512191025","NHO2018000007","PAID","","193118"),
("IATT190004330","193084","191001","192001","30000","1","30000","15000","15000","1","1","1","IAT1512191025","NHO2018000007","PAID","ivi2","PEDAS"),
("IATT190004330","193082","191001","192001","30000","1","30000","15000","15000","1","1","1","IAT1512191025","NHO2018000007","PAID","","193082"),
("IATT190004330","193118","191001","192012","20000","1","20000","0","20000","1","1","1","IAT1512191025","NHO2018000007","PAID","","193118"),
("IATT190004330","193071","191001","192012","18000","1","18000","9000","9000","1","1","1","IAT1512191025","NHO2018000007","PAID","","193071"),
("IATT190004330","193119","191001","192012","20000","1","20000","0","20000","1","1","1","IAT1512191025","NHO2018000007","PAID","","193119"),
("IATT190004330","193047","191002","192010","10000","1","10000","0","10000","1","1","1","IAT1512191025","NHO2018000007","PAID","","193047"),
("IATT190004330","193047","191002","192010","10000","1","10000","0","10000","2","1","1","IAT1512191025","NHO2018000007","PAID","","193047"),
("IATT190004331","193011","191001","192001","40000","1","40000","20000","20000","1","1","1","IAT1512191025","NHO2018000007","PAID","","PEDAS"),
("IATT190004331","193081","191001","192002","33000","1","33000","16500","16500","1","1","1","IAT1512191025","NHO2018000007","PAID","","193081"),
("IATT190004331","193039","191001","192006","36000","1","36000","18000","18000","1","1","1","IAT1512191025","NHO2018000007","PAID","","PEDAS"),
("IATT190004331","193049","191002","192010","10000","1","10000","0","10000","1","1","1","IAT1512191025","NHO2018000007","PAID","","193049"),
("IATT190004331","193055","191002","192010","17000","1","17000","0","17000","1","1","1","IAT1512191025","NHO2018000007","PAID","","193055"),
("IATT190004331","193053","191002","192010","20000","1","20000","0","20000","1","1","1","IAT1512191025","NHO2018000007","PAID","","193053"),
("IATT190004331","193049","191002","192010","10000","1","10000","0","10000","2","1","2","IAT1512191025","NHO2018000007","PAID","","193049"),
("IATT190004331","193011","191001","192001","40000","1","40000","20000","20000","2","1","2","IAT1512191025","NHO2018000007","PAID","","PEDAS"),
("IATT190004332","193036","191001","192006","36000","1","36000","18000","18000","1","1","1","IAT1512191025","NHO2018000007","PAID","","PEDAS"),
("IATT190004332","193036","191001","192006","36000","1","36000","18000","18000","2","1","1","IAT1512191025","NHO2018000007","PAID","pedes sedeng","ORIGINAL"),
("IATT190004332","193035","191001","192006","32000","1","32000","16000","16000","1","1","1","IAT1512191025","NHO2018000007","PAID","pedes sedeng ","PEDAS"),
("IATT190004330","193047","191002","192010","10000","1","10000","0","10000","3","1","2","IAT1512191025","NHO2018000007","PAID","","193047"),
("IATT190004333","193009","191001","192001","40000","1","40000","0","40000","1","1","1","IAT1512191025","NHO2018000007","PAID","","193009"),
("IATT190004333","193069","191001","192012","13000","1","13000","0","13000","1","1","1","IAT1512191025","NHO2018000007","PAID","","193069"),
("IATT190004333","193055","191002","192010","17000","1","17000","0","17000","1","1","1","IAT1512191025","NHO2018000007","PAID","","193055"),
("IATT190004334","193007","191001","192001","37000","1","37000","18500","18500","1","1","1","IAT1512191025","NHO2018000007","PAID","","PEDAS"),
("IATT190004334","193027","191001","192003","43000","1","43000","0","43000","1","1","1","IAT1512191025","NHO2018000007","PAID","","193027"),
("IATT190004334","193033","191001","192005","42000","1","42000","21000","21000","1","1","1","IAT1512191025","NHO2018000007","PAID","","193033"),
("IATT190004334","193020","191001","192002","40000","1","40000","20000","20000","1","1","1","IAT1512191025","NHO2018000007","PAID","","193020"),
("IATT190004334","193048","191002","192010","8000","1","8000","0","8000","1","1","1","IAT1512191025","NHO2018000007","PAID","","193048"),
("IATT190004334","193048","191002","192010","8000","1","8000","0","8000","2","1","1","IAT1512191025","NHO2018000007","PAID","","193048"),
("IATT190004334","193048","191002","192010","8000","1","8000","0","8000","3","1","1","IAT1512191025","NHO2018000007","PAID","","193048"),
("IATT190004335","193054","191002","192010","20000","1","20000","0","20000","1","1","1","IAT1512191025","NHO2018000007","PAID","","193054"),
("IATT190004335","193054","191002","192010","20000","1","20000","0","20000","2","1","1","IAT1512191025","NHO2018000007","PAID","","193054"),
("IATT190004335","193076","191001","192001","30000","1","30000","15000","15000","1","1","1","IAT1512191025","NHO2018000007","PAID","","193076"),
("IATT190004335","193033","191001","192005","42000","1","42000","21000","21000","1","1","1","IAT1512191025","NHO2018000007","PAID","","193033"),
("IATT190004335","193070","191001","192012","13000","1","13000","6500","6500","1","1","1","IAT1512191025","NHO2018000007","PAID","","193070"),
("IATT190004336","193084","191001","192001","30000","1","30000","15000","15000","1","1","1","IAT1512191025","NHO2018000007","PAID","","PEDAS"),
("IATT190004336","193029","191001","192004","27000","1","27000","13500","13500","1","1","1","IAT1512191025","NHO2018000007","PAID","","193029"),
("IATT190004336","193051","191002","192010","20000","1","20000","0","20000","1","1","1","IAT1512191025","NHO2018000007","PAID","","193051"),
("IATT190004336","193048","191002","192010","8000","1","8000","0","8000","1","1","1","IAT1512191025","NHO2018000007","PAID","","193048"),
("IATT190004336","193054","191002","192010","20000","1","20000","0","20000","1","1","1","IAT1512191025","NHO2018000007","PAID","","193054"),
("IATT190004336","193069","191001","192012","13000","1","13000","6500","6500","1","1","1","IAT1512191025","NHO2018000007","PAID","","193069"),
("IATT190004337","193113","191001","192003","55000","1","55000","0","55000","1","1","1","IAT1512191025","NHO2018000007","PAID","","193113"),
("IATT190004337","193056","191002","192010","17000","1","17000","0","17000","1","1","1","IAT1512191025","NHO2018000007","PAID","","193056"),
("IATT190004338","193082","191001","192001","30000","1","30000","0","30000","1","1","1","IAT1512191025","NHO2018000007","PAID","","193082"),
("IATT190004338","193037","191001","192006","36000","1","36000","0","36000","1","1","1","IAT1512191025","NHO2018000007","PAID","","ORIGINAL"),
("IATT190004338","193047","191002","192010","10000","1","10000","0","10000","1","1","1","IAT1512191025","NHO2018000007","PAID","","193047"),
("IATT190004338","193047","191002","192010","10000","1","10000","0","10000","2","1","1","IAT1512191025","NHO2018000007","PAID","","193047"),
("IATT190004339","193028","191001","192003","43000","1","43000","0","43000","1","1","1","IAT1512191025","NHO2018000007","PAID","","193028"),
("IATT190004339","193034","191001","192005","37000","1","37000","18500","18500","1","1","1","IAT1512191025","NHO2018000007","PAID","","193034"),
("IATT190004339","193082","191001","192001","30000","1","30000","15000","15000","1","1","1","IAT1512191025","NHO2018000007","PAID","","193082"),
("IATT190004339","193085","191001","192001","30000","1","30000","15000","15000","1","1","1","IAT1512191025","NHO2018000007","PAID","","193085"),
("IATT190004339","193047","191002","192010","10000","1","10000","0","10000","1","1","1","IAT1512191025","NHO2018000007","PAID","","193047"),
("IATT190004339","193047","191002","192010","10000","1","10000","0","10000","2","1","1","IAT1512191025","NHO2018000007","PAID","","193047"),
("IATT190004339","193047","191002","192010","10000","1","10000","0","10000","3","1","1","IAT1512191025","NHO2018000007","PAID","","193047"),
("IATT190004339","193055","191002","192010","17000","1","17000","0","17000","1","1","1","IAT1512191025","NHO2018000007","PAID","","193055"),
("IATT190004339","193047","191002","192010","10000","1","10000","0","10000","4","1","2","IAT1512191025","NHO2018000007","PAID","","193047"),
("IATT190004340","193054","191002","192010","20000","1","20000","0","20000","1","1","1","IAT1512191025","NHO2018000007","PAID","","193054"),
("IATT190004340","193052","191002","192010","20000","1","20000","0","20000","1","1","1","IAT1512191025","NHO2018000007","PAID","","193052"),
("IATT190004340","193051","191002","192010","20000","1","20000","0","20000","1","1","1","IAT1512191025","NHO2018000007","PAID","","193051"),
("IATT190004341","193085","191001","192001","30000","1","30000","15000","15000","1","1","1","IAT1512191025","NHO2018000007","PAID","","193085"),
("IATT190004341","193083","191001","192001","30000","1","30000","15000","15000","1","1","1","IAT1512191025","NHO2018000007","PAID","","193083"),
("IATT190004341","193071","191001","192012","18000","1","18000","9000","9000","1","1","1","IAT1512191025","NHO2018000007","PAID","","193071"),
("IATT190004341","193069","191001","192012","13000","1","13000","6500","6500","1","1","1","IAT1512191025","NHO2018000007","PAID","","193069"),
("IATT190004341","193052","191002","192010","20000","1","20000","0","20000","1","1","1","IAT1512191025","NHO2018000007","PAID","","193052"),
("IATT190004341","193054","191002","192010","20000","1","20000","0","20000","1","1","1","IAT1512191025","NHO2018000007","PAID","","193054"),
("IATT190004341","193054","191002","192010","20000","1","20000","0","20000","2","1","1","IAT1512191025","NHO2018000007","PAID","","193054"),
("IATT190004341","193047","191002","192010","10000","1","10000","0","10000","1","1","1","IAT1512191025","NHO2018000007","PAID","","193047"),
("IATT190004342","193078","191001","192001","30000","1","30000","15000","15000","1","1","1","IAT1512191025","NHO2018000007","PAID","","PEDAS"),
("IATT190004342","193035","191001","192006","32000","1","32000","16000","16000","1","1","1","IAT1512191025","NHO2018000007","PAID","","PEDAS"),
("IATT190004342","193069","191001","192012","13000","1","13000","6500","6500","1","1","1","IAT1512191025","NHO2018000007","PAID","","193069"),
("IATT190004342","193069","191001","192012","13000","1","13000","6500","6500","2","1","1","IAT1512191025","NHO2018000007","PAID","","193069"),
("IATT190004342","193048","191002","192010","8000","1","8000","0","8000","1","1","1","IAT1512191025","NHO2018000007","PAID","","193048"),
("IATT190004342","193056","191002","192010","17000","1","17000","0","17000","1","1","1","IAT1512191025","NHO2018000007","PAID","","193056"),
("IATT190004343","193035","191001","192006","32000","1","32000","16000","16000","1","1","1","IAT1512191025","NHO2018000007","PAID","","PEDAS"),
("IATT190004343","193078","191001","192001","30000","1","30000","15000","15000","1","1","1","IAT1512191025","NHO2018000007","PAID","","PEDAS"),
("IATT190004343","193071","191001","192012","18000","1","18000","9000","9000","1","1","1","IAT1512191025","NHO2018000007","PAID","","193071"),
("IATT190004344","193082","191001","192001","30000","1","30000","15000","15000","1","1","1","IAT1512191025","NHO2018000007","PAID","","193082"),
("IATT190004344","193084","191001","192001","30000","1","30000","15000","15000","1","1","1","IAT1512191025","NHO2018000007","PAID","","PEDAS"),
("IATT190004344","193069","191001","192012","13000","1","13000","6500","6500","1","1","1","IAT1512191025","NHO2018000007","PAID","","193069"),
("IATT190004344","193050","191002","192010","20000","1","20000","0","20000","1","1","1","IAT1512191025","NHO2018000007","PAID","","193050"),
("IATT190004344","193054","191002","192010","20000","1","20000","0","20000","1","1","1","IAT1512191025","NHO2018000007","PAID","","193054"),
("IATT190004345","193011","191001","192001","40000","1","40000","20000","20000","1","1","1","IAT1512191025","NHO2018000007","PAID","","PEDAS"),
("IATT190004345","193021","191001","192002","40000","1","40000","20000","20000","1","1","1","IAT1512191025","NHO2018000007","PAID","","ORIGINAL"),
("IATT190004345","193034","191001","192005","37000","1","37000","18500","18500","1","1","1","IAT1512191025","NHO2018000007","PAID","","193034"),
("IATT190004345","193054","191002","192010","20000","1","20000","0","20000","1","1","1","IAT1512191025","NHO2018000007","PAID","","193054"),
("IATT190004345","193048","191002","192010","8000","1","8000","0","8000","1","1","1","IAT1512191025","NHO2018000007","PAID","","193048"),
("IATT190004345","193048","191002","192010","8000","1","8000","0","8000","2","1","1","IAT1512191025","NHO2018000007","PAID","","193048"),
("IATT190004346","193036","191001","192006","36000","1","36000","18000","18000","1","1","1","IAT1512191025","NHO2018000007","PAID","","ORIGINAL"),
("IATT190004346","193011","191001","192001","40000","1","40000","20000","20000","1","1","1","IAT1512191025","NHO2018000007","PAID","","PEDAS"),
("IATT190004346","193082","191001","192001","30000","1","30000","15000","15000","1","1","1","IAT1512191025","NHO2018000007","PAID","","193082"),
("IATT190004346","193048","191002","192010","8000","1","8000","0","8000","1","1","1","IAT1512191025","NHO2018000007","PAID","","193048"),
("IATT190004346","193047","191002","192010","10000","1","10000","0","10000","1","1","1","IAT1512191025","NHO2018000007","PAID","","193047"),
("IATT190004346","193047","191002","192010","10000","1","10000","0","10000","2","1","1","IAT1512191025","NHO2018000007","PAID","","193047"),
("IATT190004346","193069","191001","192012","13000","1","13000","6500","6500","1","1","1","IAT1512191025","NHO2018000007","PAID","","193069"),
("IATT190004346","193071","191001","192012","18000","1","18000","9000","9000","1","1","1","IAT1512191025","NHO2018000007","PAID","","193071"),
("IATT190004343","193036","191001","192006","36000","1","36000","18000","18000","1","1","2","IAT1512191025","NHO2018000007","PAID","jangan pedes pedes","PEDAS");



INSERT INTO pos_salestemp VALUES("IATT190004325","","2","111000","0","11100","0","122100","125000","15/12/2019","10:49","2019-12-15","11:16:23","ISU000006","tbl0011","CLOSED","1","","IATR190004202","","","","","IAT1512191025","NHO2018000007"),
("IATT190004326","","3","196000","0","19600","0","215600","215600","15/12/2019","12:00","2019-12-15","13:12:35","ISU000006","tbl0010","CLOSED","1","","IATR190004204","","","","","IAT1512191025","NHO2018000007"),
("IATT190004327","","2","128000","0","12800","0","140800","140800","15/12/2019","12:37","2019-12-15","13:14:11","ISU000006","tbl0012","CLOSED","1","","IATR190004205","","","","","IAT1512191025","NHO2018000007"),
("IATT190004328","","1","23636","0","2364","0","26000","26000","15/12/2019","13:02","2019-12-15","13:03:17","ISU000006","tbl0050","CLOSED","1","","IATR190004203","","","","","IAT1512191025","NHO2018000007"),
("IATT190004329","","3","173000","46500","12650","0","139150","139150","15/12/2019","13:20","2019-12-15","13:43:17","ISU000006","tbl0011","CLOSED","1","","IATR190004206","","","","","IAT1512191025","NHO2018000007"),
("IATT190004330","","2","148000","39000","10900","0","119900","119900","15/12/2019","14:01","2019-12-15","14:35:08","ISU000006","tbl0012","CLOSED","1","","IATR190004207","","","","","IAT1512191025","NHO2018000007"),
("IATT190004331","","3","206000","74500","13150","0","144650","150000","15/12/2019","14:04","2019-12-15","14:51:59","ISU000006","tbl0010","CLOSED","1","","IATR190004208","","","","","IAT1512191025","NHO2018000007"),
("IATT190004332","","2","104000","52000","5200","0","57200","60000","15/12/2019","14:13","2019-12-15","15:05:16","ISU000004","tbl0011","CLOSED","1","","IATR190004209","","","","","IAT1512191025","NHO2018000007"),
("IATT190004333","","1","70000","0","7000","0","77000","77000","15/12/2019","15:11","2019-12-15","15:38:42","ISU000004","tbl0014","CLOSED","1","","IATR190004210","","","","","IAT1512191025","NHO2018000007"),
("IATT190004334","","3","186000","59500","12650","0","139150","139150","15/12/2019","15:12","2019-12-15","15:56:51","ISU000004","tbl0012","CLOSED","1","","IATR190004211","","","","","IAT1512191025","NHO2018000007"),
("IATT190004335","","2","125000","42500","8250","0","90750","90750","15/12/2019","15:40","2019-12-15","16:46:51","ISU000006","tbl0010","CLOSED","1","","IATR190004214","","","","","IAT1512191025","NHO2018000007"),
("IATT190004336","","2","118000","35000","8300","0","91300","100000","15/12/2019","15:45","2019-12-15","16:40:15","ISU000006","tbl0011","CLOSED","1","","IATR190004213","","","","","IAT1512191025","NHO2018000007"),
("IATT190004337","","1","72000","0","7200","0","79200","100000","15/12/2019","15:46","2019-12-15","16:29:45","ISU000006","tbl0014","CLOSED","1","","IATR190004212","","","","","IAT1512191025","NHO2018000007"),
("IATT190004338","","2","86000","0","8600","0","94600","94600","15/12/2019","15:49","2019-12-15","17:02:03","ISU000006","tbl0023","CLOSED","1","","IATR190004216","","","","","IAT1512191025","NHO2018000007"),
("IATT190004339","","4","197000","48500","14850","0","163350","163350","15/12/2019","16:05","2019-12-15","16:50:11","ISU000006","tbl0012","CLOSED","1","","IATR190004215","","","","","IAT1512191025","NHO2018000007"),
("IATT190004340","","3","60000","0","6000","0","66000","66000","15/12/2019","16:53","2019-12-15","17:33:12","ISU000006","tbl0012","CLOSED","1","","IATR190004217","","","","","IAT1512191025","NHO2018000007"),
("IATT190004341","NHM2019004065 Ajeng indriantini","4","161000","45500","11550","0","127050","150000","15/12/2019","17:20","2019-12-15","18:29:32","ISU000006","tbl0010","CLOSED","1","","IATR190004219","","","","","IAT1512191025","NHO2018000007"),
("IATT190004342","","2","113000","44000","6900","0","75900","75900","15/12/2019","17:40","2019-12-15","18:23:06","ISU000006","tbl0011","CLOSED","1","","IATR190004218","","","","","IAT1512191025","NHO2018000007"),
("IATT190004343","","2","116000","58000","5800","0","63800","65000","15/12/2019","18:02","2019-12-15","21:15:39","ISU000004","tbl0006","CLOSED","1","","IATR190004223","","","","","IAT1512191025","NHO2018000007"),
("IATT190004344","","2","113000","36500","7650","0","84150","100000","15/12/2019","18:43","2019-12-15","19:15:09","ISU000006","tbl0012","CLOSED","1","","IATR190004220","","","","","IAT1512191025","NHO2018000007"),
("IATT190004345","","2","153000","58500","9450","0","103950","103950","15/12/2019","18:50","2019-12-15","19:23:44","ISU000004","tbl0011","CLOSED","1","","IATR190004221","","","","","IAT1512191025","NHO2018000007"),
("IATT190004346","","2","165000","68500","9650","0","106150","110000","15/12/2019","19:06","2019-12-15","19:55:46","ISU000004","tbl0010","CLOSED","1","","IATR190004222","","","","","IAT1512191025","NHO2018000007");






INSERT INTO pos_promotion_h VALUES("IATT190004329","NPRM18000021","DISC ITEM","1","46500","MENANG BANYAK","IAT1512191025","PAID","NHO2018000007"),
("IATT190004330","NPRM18000021","DISC ITEM","1","39000","MENANG BANYAK","IAT1512191025","PAID","NHO2018000007"),
("IATT190004331","NPRM18000021","DISC ITEM","1","74500","MENANG BANYAK","IAT1512191025","PAID","NHO2018000007"),
("IATT190004332","NPRM18000021","DISC ITEM","1","52000","MENANG BANYAK","IAT1512191025","PAID","NHO2018000007"),
("IATT190004334","NPRM18000021","DISC ITEM","1","59500","MENANG BANYAK","IAT1512191025","PAID","NHO2018000007"),
("IATT190004335","NPRM18000021","DISC ITEM","1","42500","MENANG BANYAK","IAT1512191025","PAID","NHO2018000007"),
("IATT190004336","NPRM18000021","DISC ITEM","1","35000","MENANG BANYAK","IAT1512191025","PAID","NHO2018000007"),
("IATT190004339","NPRM18000021","DISC ITEM","1","48500","MENANG BANYAK","IAT1512191025","PAID","NHO2018000007"),
("IATT190004341","NPRM18000021","DISC ITEM","1","45500","MENANG BANYAK","IAT1512191025","PAID","NHO2018000007"),
("IATT190004342","NPRM18000021","DISC ITEM","1","44000","MENANG BANYAK","IAT1512191025","PAID","NHO2018000007"),
("IATT190004345","NPRM18000021","DISC ITEM","1","58500","MENANG BANYAK","IAT1512191025","PAID","NHO2018000007"),
("IATT190004344","NPRM18000021","DISC ITEM","1","36500","MENANG BANYAK","IAT1512191025","PAID","NHO2018000007"),
("IATT190004346","NPRM18000021","DISC ITEM","1","68500","MENANG BANYAK","IAT1512191025","PAID","NHO2018000007"),
("IATT190004343","NPRM18000021","DISC ITEM","1","58000","MENANG BANYAK","IAT1512191025","PAID","NHO2018000007");



INSERT INTO pos_promotion_d VALUES("IATT190004329","NPRM18000021","DISC ITEM","1","1","193015","1","16500","IAT1512191025","PAID","NHO2018000007"),
("IATT190004329","NPRM18000021","DISC ITEM","1","1","193082","1","15000","IAT1512191025","PAID","NHO2018000007"),
("IATT190004329","NPRM18000021","DISC ITEM","1","1","193085","1","15000","IAT1512191025","PAID","NHO2018000007"),
("IATT190004330","NPRM18000021","DISC ITEM","1","1","193084","1","15000","IAT1512191025","PAID","NHO2018000007"),
("IATT190004330","NPRM18000021","DISC ITEM","1","1","193082","1","15000","IAT1512191025","PAID","NHO2018000007"),
("IATT190004330","NPRM18000021","DISC ITEM","1","1","193071","1","9000","IAT1512191025","PAID","NHO2018000007"),
("IATT190004331","NPRM18000021","DISC ITEM","1","1","193011","1","20000","IAT1512191025","PAID","NHO2018000007"),
("IATT190004331","NPRM18000021","DISC ITEM","1","1","193081","1","16500","IAT1512191025","PAID","NHO2018000007"),
("IATT190004331","NPRM18000021","DISC ITEM","1","1","193039","1","18000","IAT1512191025","PAID","NHO2018000007"),
("IATT190004331","NPRM18000021","DISC ITEM","1","1","193011","2","20000","IAT1512191025","PAID","NHO2018000007"),
("IATT190004332","NPRM18000021","DISC ITEM","1","1","193036","1","18000","IAT1512191025","PAID","NHO2018000007"),
("IATT190004332","NPRM18000021","DISC ITEM","1","1","193036","2","18000","IAT1512191025","PAID","NHO2018000007"),
("IATT190004332","NPRM18000021","DISC ITEM","1","1","193035","1","16000","IAT1512191025","PAID","NHO2018000007"),
("IATT190004334","NPRM18000021","DISC ITEM","1","1","193007","1","18500","IAT1512191025","PAID","NHO2018000007"),
("IATT190004334","NPRM18000021","DISC ITEM","1","1","193033","1","21000","IAT1512191025","PAID","NHO2018000007"),
("IATT190004334","NPRM18000021","DISC ITEM","1","1","193020","1","20000","IAT1512191025","PAID","NHO2018000007"),
("IATT190004335","NPRM18000021","DISC ITEM","1","1","193076","1","15000","IAT1512191025","PAID","NHO2018000007"),
("IATT190004335","NPRM18000021","DISC ITEM","1","1","193033","1","21000","IAT1512191025","PAID","NHO2018000007"),
("IATT190004335","NPRM18000021","DISC ITEM","1","1","193070","1","6500","IAT1512191025","PAID","NHO2018000007"),
("IATT190004336","NPRM18000021","DISC ITEM","1","1","193084","1","15000","IAT1512191025","PAID","NHO2018000007"),
("IATT190004336","NPRM18000021","DISC ITEM","1","1","193029","1","13500","IAT1512191025","PAID","NHO2018000007"),
("IATT190004336","NPRM18000021","DISC ITEM","1","1","193069","1","6500","IAT1512191025","PAID","NHO2018000007"),
("IATT190004339","NPRM18000021","DISC ITEM","1","1","193034","1","18500","IAT1512191025","PAID","NHO2018000007"),
("IATT190004339","NPRM18000021","DISC ITEM","1","1","193082","1","15000","IAT1512191025","PAID","NHO2018000007"),
("IATT190004339","NPRM18000021","DISC ITEM","1","1","193085","1","15000","IAT1512191025","PAID","NHO2018000007"),
("IATT190004341","NPRM18000021","DISC ITEM","1","1","193085","1","15000","IAT1512191025","PAID","NHO2018000007"),
("IATT190004341","NPRM18000021","DISC ITEM","1","1","193083","1","15000","IAT1512191025","PAID","NHO2018000007"),
("IATT190004341","NPRM18000021","DISC ITEM","1","1","193071","1","9000","IAT1512191025","PAID","NHO2018000007"),
("IATT190004341","NPRM18000021","DISC ITEM","1","1","193069","1","6500","IAT1512191025","PAID","NHO2018000007"),
("IATT190004342","NPRM18000021","DISC ITEM","1","1","193078","1","15000","IAT1512191025","PAID","NHO2018000007"),
("IATT190004342","NPRM18000021","DISC ITEM","1","1","193035","1","16000","IAT1512191025","PAID","NHO2018000007"),
("IATT190004342","NPRM18000021","DISC ITEM","1","1","193069","1","6500","IAT1512191025","PAID","NHO2018000007"),
("IATT190004342","NPRM18000021","DISC ITEM","1","1","193069","2","6500","IAT1512191025","PAID","NHO2018000007"),
("IATT190004345","NPRM18000021","DISC ITEM","1","1","193011","1","20000","IAT1512191025","PAID","NHO2018000007"),
("IATT190004345","NPRM18000021","DISC ITEM","1","1","193021","1","20000","IAT1512191025","PAID","NHO2018000007"),
("IATT190004345","NPRM18000021","DISC ITEM","1","1","193034","1","18500","IAT1512191025","PAID","NHO2018000007"),
("IATT190004344","NPRM18000021","DISC ITEM","1","1","193082","1","15000","IAT1512191025","PAID","NHO2018000007"),
("IATT190004344","NPRM18000021","DISC ITEM","1","1","193084","1","15000","IAT1512191025","PAID","NHO2018000007"),
("IATT190004344","NPRM18000021","DISC ITEM","1","1","193069","1","6500","IAT1512191025","PAID","NHO2018000007"),
("IATT190004346","NPRM18000021","DISC ITEM","1","1","193036","1","18000","IAT1512191025","PAID","NHO2018000007"),
("IATT190004346","NPRM18000021","DISC ITEM","1","1","193011","1","20000","IAT1512191025","PAID","NHO2018000007"),
("IATT190004346","NPRM18000021","DISC ITEM","1","1","193082","1","15000","IAT1512191025","PAID","NHO2018000007"),
("IATT190004346","NPRM18000021","DISC ITEM","1","1","193069","1","6500","IAT1512191025","PAID","NHO2018000007"),
("IATT190004346","NPRM18000021","DISC ITEM","1","1","193071","1","9000","IAT1512191025","PAID","NHO2018000007"),
("IATT190004343","NPRM18000021","DISC ITEM","1","1","193035","1","16000","IAT1512191025","PAID","NHO2018000007"),
("IATT190004343","NPRM18000021","DISC ITEM","1","1","193078","1","15000","IAT1512191025","PAID","NHO2018000007"),
("IATT190004343","NPRM18000021","DISC ITEM","1","1","193071","1","9000","IAT1512191025","PAID","NHO2018000007"),
("IATT190004343","NPRM18000021","DISC ITEM","1","1","193036","1","18000","IAT1512191025","PAID","NHO2018000007");



INSERT INTO pos_paymenttemp VALUES("IATT190004325","CASH","CASH","122100","125000","ISU000006","2019-12-15","","1","","CLOSED","IAT1512191025","NHO2018000007"),
("IATT190004328","CASH","GOPAY","26000","26000","ISU000006","2019-12-15","","1","","CLOSED","IAT1512191025","NHO2018000007"),
("IATT190004326","CARD","DEBIT BCA","215600","215600","ISU000006","2019-12-15","","1","","CLOSED","IAT1512191025","NHO2018000007"),
("IATT190004327","CASH","OVO","140800","140800","ISU000006","2019-12-15","","1","","CLOSED","IAT1512191025","NHO2018000007"),
("IATT190004329","CARD","VISA","139150","139150","ISU000006","2019-12-15","","1","","CLOSED","IAT1512191025","NHO2018000007"),
("IATT190004330","CARD","DEBIT BCA","119900","119900","ISU000006","2019-12-15","","1","","CLOSED","IAT1512191025","NHO2018000007"),
("IATT190004331","CASH","CASH","144650","150000","ISU000006","2019-12-15","","1","","CLOSED","IAT1512191025","NHO2018000007"),
("IATT190004332","CASH","CASH","57200","60000","ISU000004","2019-12-15","","1","","CLOSED","IAT1512191025","NHO2018000007"),
("IATT190004333","CASH","OVO","77000","77000","ISU000004","2019-12-15","","1","","CLOSED","IAT1512191025","NHO2018000007"),
("IATT190004334","CARD","DEBIT BCA","139150","139150","ISU000004","2019-12-15","","1","","CLOSED","IAT1512191025","NHO2018000007"),
("IATT190004337","CASH","CASH","79200","100000","ISU000006","2019-12-15","","1","","CLOSED","IAT1512191025","NHO2018000007"),
("IATT190004336","CASH","CASH","91300","100000","ISU000006","2019-12-15","","1","","CLOSED","IAT1512191025","NHO2018000007"),
("IATT190004335","CARD","VISA","90750","90750","ISU000006","2019-12-15","","1","","CLOSED","IAT1512191025","NHO2018000007"),
("IATT190004339","CARD","DEBIT BCA","163350","163350","ISU000006","2019-12-15","","1","","CLOSED","IAT1512191025","NHO2018000007"),
("IATT190004338","CARD","VISA","94600","94600","ISU000006","2019-12-15","","1","","CLOSED","IAT1512191025","NHO2018000007"),
("IATT190004340","CARD","VISA","66000","66000","ISU000006","2019-12-15","","1","","CLOSED","IAT1512191025","NHO2018000007"),
("IATT190004342","CARD","DEBIT BCA","75900","75900","ISU000006","2019-12-15","","1","","CLOSED","IAT1512191025","NHO2018000007"),
("IATT190004341","CASH","CASH","127050","150000","ISU000006","2019-12-15","","1","","CLOSED","IAT1512191025","NHO2018000007"),
("IATT190004344","CASH","CASH","84150","100000","ISU000006","2019-12-15","","1","","CLOSED","IAT1512191025","NHO2018000007"),
("IATT190004345","CARD","DEBIT BCA","103950","103950","ISU000004","2019-12-15","","1","","CLOSED","IAT1512191025","NHO2018000007"),
("IATT190004346","CASH","CASH","106150","110000","ISU000004","2019-12-15","","1","","CLOSED","IAT1512191025","NHO2018000007"),
("IATT190004343","CASH","CASH","63800","65000","ISU000004","2019-12-15","","1","","CLOSED","IAT1512191025","NHO2018000007");



