INSERT INTO pos_itemtemp VALUES("IATT190003882","193012","191001","192001","40000","1","40000","17600","22400","1","1","1","IAT1811191005","NHO2018000007","PAID","","193012"),
("IATT190003882","193029","191001","192004","27000","1","27000","11880","15120","1","1","1","IAT1811191005","NHO2018000007","PAID","","193029"),
("IATT190003882","193055","191002","192010","17000","1","17000","0","17000","1","1","1","IAT1811191005","NHO2018000007","PAID","","193055"),
("IATT190003883","193028","191001","192003","43000","1","43000","0","43000","1","1","1","IAT1811191005","NHO2018000007","PAID","","193028"),
("IATT190003883","193046","191002","192010","10000","1","10000","0","10000","1","1","1","IAT1811191005","NHO2018000007","PAID","","193046"),
("IATT190003884","193008","191001","192001","37000","1","37000","16280","20720","1","1","1","IAT1811191005","NHO2018000007","PAID","","193008"),
("IATT190003884","193006","191001","192001","37000","1","37000","16280","20720","1","1","1","IAT1811191005","NHO2018000007","PAID","","193006"),
("IATT190003885","193011","191001","192001","40000","1","40000","17600","22400","1","1","1","IAT1811191005","NHO2018000007","PAID","chiken katsunya pisah","PEDAS"),
("IATT190003885","193007","191001","192001","37000","1","37000","16280","20720","1","1","1","IAT1811191005","NHO2018000007","PAID","","PEDAS"),
("IATT190003885","193055","191002","192010","17000","1","17000","0","17000","1","1","1","IAT1811191005","NHO2018000007","PAID","","193055"),
("IATT190003885","193055","191002","192010","17000","1","17000","0","17000","2","1","1","IAT1811191005","NHO2018000007","PAID","","193055"),
("IATT190003886","193047","191002","192010","10000","1","10000","0","10000","1","1","1","IAT1811191005","NHO2018000007","PAID","","193047"),
("IATT190003886","193047","191002","192010","10000","1","10000","0","10000","2","1","1","IAT1811191005","NHO2018000007","PAID","","193047"),
("IATT190003887","193084","191001","192001","30000","1","30000","0","30000","1","1","1","IAT1811191005","NHO2018000007","PAID","pedes pake bgtt","PEDAS"),
("IATT190003887","193084","191001","192001","30000","1","30000","0","30000","2","1","1","IAT1811191005","NHO2018000007","PAID","","PEDAS"),
("IATT190003887","193055","191002","192010","17000","1","17000","0","17000","1","1","1","IAT1811191005","NHO2018000007","PAID","","193055"),
("IATT190003887","193048","191002","192010","8000","1","8000","0","8000","1","1","1","IAT1811191005","NHO2018000007","PAID","","193048"),
("IATT190003888","193011","191001","192001","40000","1","40000","0","40000","1","1","1","IAT1811191005","NHO2018000007","PAID","","PEDAS"),
("IATT190003888","193009","191001","192001","40000","1","40000","0","40000","1","1","1","IAT1811191005","NHO2018000007","PAID","","193009"),
("IATT190003888","193055","191002","192010","17000","1","17000","0","17000","1","1","1","IAT1811191005","NHO2018000007","PAID","","193055"),
("IATT190003888","193052","191002","192010","20000","1","20000","0","20000","1","1","1","IAT1811191005","NHO2018000007","PAID","","193052"),
("IATT190003889","193034","191001","192005","37000","1","37000","16280","20720","1","1","1","IAT1811191005","NHO2018000007","PAID","","193034"),
("IATT190003889","193055","191002","192010","17000","1","17000","0","17000","1","1","1","IAT1811191005","NHO2018000007","PAID","","193055"),
("IATT190003890","193078","191001","192001","30000","1","30000","13200","16800","1","1","1","IAT1811191005","NHO2018000007","PAID","","ORIGINAL"),
("IATT190003890","193023","191001","192003","30000","1","30000","0","30000","1","1","1","IAT1811191005","NHO2018000007","PAID","salad kol nya sedikit","193023"),
("IATT190003891","193011","191001","192001","40000","1","40000","17600","22400","1","1","1","IAT1811191005","NHO2018000007","PAID","lvl2","PEDAS"),
("IATT190003891","193030","191001","192004","27000","1","27000","11880","15120","1","1","1","IAT1811191005","NHO2018000007","PAID","","193030"),
("IATT190003891","193047","191002","192010","10000","1","10000","0","10000","1","1","1","IAT1811191005","NHO2018000007","PAID","","193047"),
("IATT190003891","193047","191002","192010","10000","1","10000","0","10000","2","1","1","IAT1811191005","NHO2018000007","PAID","","193047"),
("IATT190003892","193082","191001","192001","30000","1","30000","13200","16800","1","1","1","IAT1811191005","NHO2018000007","PAID","","193082"),
("IATT190003892","193085","191001","192001","30000","1","30000","13200","16800","1","1","1","IAT1811191005","NHO2018000007","PAID","","193085"),
("IATT190003892","193083","191001","192001","30000","1","30000","13200","16800","1","1","1","IAT1811191005","NHO2018000007","PAID","","193083"),
("IATT190003892","193113","191001","192003","55000","1","55000","0","55000","1","1","1","IAT1811191005","NHO2018000007","PAID","","193113"),
("IATT190003892","193011","191001","192001","40000","1","40000","17600","22400","1","1","1","IAT1811191005","NHO2018000007","PAID","lvl1\n","PEDAS"),
("IATT190003892","193118","191001","192012","20000","1","20000","0","20000","1","1","1","IAT1811191005","NHO2018000007","PAID","","193118"),
("IATT190003892","193052","191002","192010","20000","1","20000","0","20000","1","1","1","IAT1811191005","NHO2018000007","PAID","","193052"),
("IATT190003892","193055","191002","192010","17000","1","17000","0","17000","1","1","1","IAT1811191005","NHO2018000007","PAID","","193055"),
("IATT190003892","193055","191002","192010","17000","1","17000","0","17000","2","1","1","IAT1811191005","NHO2018000007","PAID","","193055"),
("IATT190003892","193055","191002","192010","17000","1","17000","0","17000","3","1","1","IAT1811191005","NHO2018000007","PAID","","193055"),
("IATT190003892","193048","191002","192010","8000","1","8000","0","8000","1","1","1","IAT1811191005","NHO2018000007","PAID","","193048"),
("IATT190003892","193048","191002","192010","8000","1","8000","0","8000","2","1","1","IAT1811191005","NHO2018000007","PAID","","193048"),
("IATT190003892","193048","191002","192010","8000","1","8000","0","8000","3","1","1","IAT1811191005","NHO2018000007","PAID","","193048"),
("IATT190003893","193085","191001","192001","30000","1","30000","13200","16800","1","1","1","IAT1811191005","NHO2018000007","PAID","","193085"),
("IATT190003893","193009","191001","192001","40000","1","40000","17600","22400","1","1","1","IAT1811191005","NHO2018000007","PAID","","193009"),
("IATT190003893","193049","191002","192010","10000","1","10000","0","10000","1","1","1","IAT1811191005","NHO2018000007","PAID","","193049"),
("IATT190003893","193049","191002","192010","10000","1","10000","0","10000","2","1","1","IAT1811191005","NHO2018000007","PAID","","193049");



INSERT INTO pos_salestemp VALUES("IATT190003882","","2","84000","29480","5452","0","59972","100000","18/11/2019","12:10","2019-11-18","12:37:28","ISU000006","tbl0010","CLOSED","1","","IATR190003774","","","","","IAT1811191005","NHO2018000007"),
("IATT190003883","","1","53000","0","5300","0","58300","60000","18/11/2019","12:57","2019-11-18","13:46:07","ISU000006","tbl0010","CLOSED","1","","IATR190003775","","","","","IAT1811191005","NHO2018000007"),
("IATT190003884","","2","74000","32560","4144","0","45584","100000","18/11/2019","14:42","2019-11-18","15:26:33","ISU000004","tbl0012","CLOSED","1","","IATR190003776","","","","","IAT1811191005","NHO2018000007"),
("IATT190003885","","2","111000","33880","7712","0","84832","100000","18/11/2019","14:51","2019-11-18","15:50:00","ISU000004","tbl0011","CLOSED","1","","IATR190003778","","","","","IAT1811191005","NHO2018000007"),
("IATT190003886","","1","20000","0","2000","0","22000","22000","18/11/2019","15:25","2019-11-18","15:27:18","ISU000004","tbl0006","CLOSED","1","","IATR190003777","","","","","IAT1811191005","NHO2018000007"),
("IATT190003887","","2","85000","0","8500","0","93500","100000","18/11/2019","16:11","2019-11-18","16:51:32","ISU000004","tbl0012","CLOSED","1","","IATR190003779","","","","","IAT1811191005","NHO2018000007"),
("IATT190003888","","2","117000","0","11700","0","128700","128700","18/11/2019","18:51","2019-11-18","19:36:45","ISU000004","tbl0011","CLOSED","1","","IATR190003780","","","","","IAT1811191005","NHO2018000007"),
("IATT190003889","","1","54000","16280","3772","0","41492","41492","18/11/2019","20:00","2019-11-18","20:28:53","ISU000004","tbl0004","CLOSED","1","","IATR190003781","","","","","IAT1811191005","NHO2018000007"),
("IATT190003890","","1","60000","13200","4680","0","51480","60000","18/11/2019","20:01","2019-11-18","20:36:36","ISU000004","tbl0010","CLOSED","1","","IATR190003783","","","","","IAT1811191005","NHO2018000007"),
("IATT190003891","","2","87000","29480","5752","0","63272","100000","18/11/2019","20:02","2019-11-18","20:32:23","ISU000004","tbl0011","CLOSED","1","","IATR190003782","","","","","IAT1811191005","NHO2018000007"),
("IATT190003892","","5","300000","57200","24280","0","267080","270000","18/11/2019","20:11","2019-11-18","21:18:41","ISU000004","tbl0023","CLOSED","1","","IATR190003784","","","","","IAT1811191005","NHO2018000007"),
("IATT190003893","","2","90000","30800","5920","0","65120","100000","18/11/2019","21:04","2019-11-18","21:34:24","ISU000004","tbl0012","CLOSED","1","","IATR190003785","","","","","IAT1811191005","NHO2018000007");



INSERT INTO item_void VALUES("IATT190003884","IAT1811191005","NHO2018000007","193054","193054","1","20000","Before Send","Komplen Customer"),
("IATT190003884","IAT1811191005","NHO2018000007","193047","193047","1","10000","Before Send","Komplen Customer"),
("IATT190003884","IAT1811191005","NHO2018000007","193047","193047","1","10000","Before Send","Komplen Customer"),
("IATT190003892","IAT1811191005","NHO2018000007","193046","193046","1","10000","Before Send","Komplen Customer");



INSERT INTO pos_promotion_h VALUES("IATT190003882","NPRM18000020","DISC ITEM","1","29480","PROMO LAGI VIRAL 30%+20%","IAT1811191005","PAID","NHO2018000007"),
("IATT190003884","NPRM18000020","DISC ITEM","1","32560","PROMO LAGI VIRAL 30%+20%","IAT1811191005","PAID","NHO2018000007"),
("IATT190003885","NPRM18000020","DISC ITEM","1","33880","PROMO LAGI VIRAL 30%+20%","IAT1811191005","PAID","NHO2018000007"),
("IATT190003889","NPRM18000020","DISC ITEM","1","16280","PROMO LAGI VIRAL 30%+20%","IAT1811191005","PAID","NHO2018000007"),
("IATT190003891","NPRM18000020","DISC ITEM","1","29480","PROMO LAGI VIRAL 30%+20%","IAT1811191005","PAID","NHO2018000007"),
("IATT190003890","NPRM18000020","DISC ITEM","1","13200","PROMO LAGI VIRAL 30%+20%","IAT1811191005","PAID","NHO2018000007"),
("IATT190003892","NPRM18000020","DISC ITEM","1","57200","PROMO LAGI VIRAL 30%+20%","IAT1811191005","PAID","NHO2018000007"),
("IATT190003893","NPRM18000020","DISC ITEM","1","30800","PROMO LAGI VIRAL 30%+20%","IAT1811191005","PAID","NHO2018000007");



INSERT INTO pos_promotion_d VALUES("IATT190003882","NPRM18000020","DISC ITEM","1","1","193012","1","17600","IAT1811191005","PAID","NHO2018000007"),
("IATT190003882","NPRM18000020","DISC ITEM","1","1","193029","1","11880","IAT1811191005","PAID","NHO2018000007"),
("IATT190003884","NPRM18000020","DISC ITEM","1","1","193008","1","16280","IAT1811191005","PAID","NHO2018000007"),
("IATT190003884","NPRM18000020","DISC ITEM","1","1","193006","1","16280","IAT1811191005","PAID","NHO2018000007"),
("IATT190003885","NPRM18000020","DISC ITEM","1","1","193011","1","17600","IAT1811191005","PAID","NHO2018000007"),
("IATT190003885","NPRM18000020","DISC ITEM","1","1","193007","1","16280","IAT1811191005","PAID","NHO2018000007"),
("IATT190003889","NPRM18000020","DISC ITEM","1","1","193034","1","16280","IAT1811191005","PAID","NHO2018000007"),
("IATT190003891","NPRM18000020","DISC ITEM","1","1","193011","1","17600","IAT1811191005","PAID","NHO2018000007"),
("IATT190003891","NPRM18000020","DISC ITEM","1","1","193030","1","11880","IAT1811191005","PAID","NHO2018000007"),
("IATT190003890","NPRM18000020","DISC ITEM","1","1","193078","1","13200","IAT1811191005","PAID","NHO2018000007"),
("IATT190003892","NPRM18000020","DISC ITEM","1","1","193082","1","13200","IAT1811191005","PAID","NHO2018000007"),
("IATT190003892","NPRM18000020","DISC ITEM","1","1","193085","1","13200","IAT1811191005","PAID","NHO2018000007"),
("IATT190003892","NPRM18000020","DISC ITEM","1","1","193083","1","13200","IAT1811191005","PAID","NHO2018000007"),
("IATT190003892","NPRM18000020","DISC ITEM","1","1","193011","1","17600","IAT1811191005","PAID","NHO2018000007"),
("IATT190003893","NPRM18000020","DISC ITEM","1","1","193085","1","13200","IAT1811191005","PAID","NHO2018000007"),
("IATT190003893","NPRM18000020","DISC ITEM","1","1","193009","1","17600","IAT1811191005","PAID","NHO2018000007");



INSERT INTO pos_paymenttemp VALUES("IATT190003882","CASH","CASH","59972","100000","ISU000006","2019-11-18","","1","","CLOSED","IAT1811191005","NHO2018000007"),
("IATT190003883","CASH","CASH","58300","60000","ISU000006","2019-11-18","","1","","CLOSED","IAT1811191005","NHO2018000007"),
("IATT190003884","CASH","CASH","45584","100000","ISU000004","2019-11-18","","1","","CLOSED","IAT1811191005","NHO2018000007"),
("IATT190003886","CASH","OVO","22000","22000","ISU000004","2019-11-18","","1","","CLOSED","IAT1811191005","NHO2018000007"),
("IATT190003885","CASH","CASH","84832","100000","ISU000004","2019-11-18","","1","","CLOSED","IAT1811191005","NHO2018000007"),
("IATT190003887","CASH","CASH","93500","100000","ISU000004","2019-11-18","","1","","CLOSED","IAT1811191005","NHO2018000007"),
("IATT190003888","CASH","OVO","128700","128700","ISU000004","2019-11-18","","1","","CLOSED","IAT1811191005","NHO2018000007"),
("IATT190003889","CARD","DEBIT BCA","41492","41492","ISU000004","2019-11-18","","1","","CLOSED","IAT1811191005","NHO2018000007"),
("IATT190003891","CASH","CASH","63272","100000","ISU000004","2019-11-18","","1","","CLOSED","IAT1811191005","NHO2018000007"),
("IATT190003890","CASH","CASH","51480","60000","ISU000004","2019-11-18","","1","","CLOSED","IAT1811191005","NHO2018000007"),
("IATT190003892","CASH","CASH","267080","270000","ISU000004","2019-11-18","","1","","CLOSED","IAT1811191005","NHO2018000007"),
("IATT190003893","CASH","CASH","65120","100000","ISU000004","2019-11-18","","1","","CLOSED","IAT1811191005","NHO2018000007");



