INSERT INTO pos_itemtemp VALUES("IATT190003227","193047","191002","192010","10000","1","10000","0","10000","1","1","1","IAT1410190948","NHO2018000007","PAID","","193047"),
("IATT190003227","193047","191002","192010","10000","1","10000","0","10000","2","1","1","IAT1410190948","NHO2018000007","PAID","","193047"),
("IATT190003227","193187","191001","192001","40000","1","40000","20000","20000","1","1","1","IAT1410190948","NHO2018000007","PAID"," pedes 1 . sedeng 1","193187"),
("IATT190003227","193187","191001","192001","40000","1","40000","20000","20000","2","1","1","IAT1410190948","NHO2018000007","PAID","","193187"),
("IATT190003228","193027","191001","192003","43000","1","43000","0","43000","1","1","1","IAT1410190948","NHO2018000007","PAID","","193027"),
("IATT190003228","193055","191002","192010","17000","1","17000","0","17000","1","1","1","IAT1410190948","NHO2018000007","PAID","","193055"),
("IATT190003229","193030","191001","192004","27000","1","27000","13500","13500","1","1","1","IAT1410190948","NHO2018000007","PAID","","193030"),
("IATT190003229","193047","191002","192010","10000","1","10000","0","10000","1","1","1","IAT1410190948","NHO2018000007","PAID","","193047"),
("IATT190003230","193016","191001","192002","37000","1","37000","18500","18500","1","1","1","IAT1410190948","NHO2018000007","PAID","","PEDAS"),
("IATT190003230","193007","191001","192001","37000","1","37000","18500","18500","1","1","1","IAT1410190948","NHO2018000007","PAID","","PEDAS"),
("IATT190003230","193034","191001","192005","37000","1","37000","18500","18500","1","1","1","IAT1410190948","NHO2018000007","PAID","","193034"),
("IATT190003230","193046","191002","192010","10000","1","10000","0","10000","1","1","1","IAT1410190948","NHO2018000007","PAID","","193046"),
("IATT190003230","193046","191002","192010","10000","1","10000","0","10000","2","1","1","IAT1410190948","NHO2018000007","PAID","","193046"),
("IATT190003230","193046","191002","192010","10000","1","10000","0","10000","3","1","1","IAT1410190948","NHO2018000007","PAID","","193046"),
("IATT190003231","193054","191002","192010","20000","1","20000","0","20000","1","1","1","IAT1410190948","NHO2018000007","PAID","","193054"),
("IATT190003231","193052","191002","192010","20000","1","20000","0","20000","1","1","1","IAT1410190948","NHO2018000007","PAID","","193052"),
("IATT190003231","193084","191001","192001","30000","1","30000","15000","15000","1","1","1","IAT1410190948","NHO2018000007","PAID","","ORIGINAL"),
("IATT190003232","193084","191001","192001","30000","1","30000","15750","14250","1","1","1","IAT1410190948","NHO2018000007","PAID","","ORIGINAL"),
("IATT190003232","193030","191001","192004","27000","1","27000","14175","12825","1","1","1","IAT1410190948","NHO2018000007","PAID","","193030"),
("IATT190003232","193192","191001","192005","40000","1","40000","21000","19000","1","1","1","IAT1410190948","NHO2018000007","PAID","","193192"),
("IATT190003232","193035","191001","192006","32000","1","32000","16800","15200","1","1","1","IAT1410190948","NHO2018000007","PAID","","PEDAS"),
("IATT190003233","193077","191001","192001","30000","1","30000","15000","15000","1","1","1","IAT1410190948","NHO2018000007","PAID","","193077"),
("IATT190003233","193056","191002","192010","17000","1","17000","0","17000","1","1","1","IAT1410190948","NHO2018000007","PAID","","193056"),
("IATT190003234","193054","191002","192010","20000","1","20000","0","20000","1","1","1","IAT1410190948","NHO2018000007","PAID","","193054"),
("IATT190003234","193056","191002","192010","17000","1","17000","0","17000","1","1","1","IAT1410190948","NHO2018000007","PAID","","193056"),
("IATT190003234","193035","191001","192006","32000","1","32000","16000","16000","1","1","1","IAT1410190948","NHO2018000007","PAID","","PEDAS"),
("IATT190003234","193035","191001","192006","32000","1","32000","16000","16000","2","1","1","IAT1410190948","NHO2018000007","PAID","","PEDAS"),
("IATT190003235","193024","191001","192003","30000","1","30000","0","30000","1","1","1","IAT1410190948","NHO2018000007","PAID","","193024"),
("IATT190003235","193048","191002","192010","8000","1","8000","0","8000","1","1","1","IAT1410190948","NHO2018000007","PAID","","193048"),
("IATT190003236","193035","191001","192006","32000","1","32000","16000","16000","1","1","1","IAT1410190948","NHO2018000007","PAID","","ORIGINAL"),
("IATT190003236","193087","191001","192002","33000","1","33000","16500","16500","1","1","1","IAT1410190948","NHO2018000007","PAID","","193087"),
("IATT190003236","193069","191001","192012","13000","1","13000","6500","6500","1","1","1","IAT1410190948","NHO2018000007","PAID","","193069"),
("IATT190003236","193054","191002","192010","20000","1","20000","0","20000","1","1","1","IAT1410190948","NHO2018000007","PAID","","193054"),
("IATT190003236","193054","191002","192010","20000","1","20000","0","20000","2","1","1","IAT1410190948","NHO2018000007","PAID","","193054");



INSERT INTO pos_salestemp VALUES("IATT190003227","","2","100000","40000","6000","0","66000","70000","14/10/2019","11:52","2019-10-14","12:36:37","ISU000004","tbl0012","CLOSED","1","","IATR190003131","","","","","IAT1410190948","NHO2018000007"),
("IATT190003228","","1","60000","0","6000","0","66000","100000","14/10/2019","12:07","2019-10-14","13:02:38","ISU000004","tbl0005","CLOSED","1","","IATR190003132","","","","","IAT1410190948","NHO2018000007"),
("IATT190003229","","1","37000","13500","2350","0","25850","100000","14/10/2019","12:21","2019-10-14","13:08:33","ISU000004","tbl0011","CLOSED","1","","IATR190003133","","","","","IAT1410190948","NHO2018000007"),
("IATT190003230","","3","141000","55500","8550","0","94050","100000","14/10/2019","13:11","2019-10-14","13:44:01","ISU000004","tbl0012","CLOSED","1","","IATR190003134","","","","","IAT1410190948","NHO2018000007"),
("IATT190003231","","1","70000","15000","5500","0","60500","100000","14/10/2019","13:17","2019-10-14","14:51:19","ISU000004","tbl0010","CLOSED","1","","IATR190003135","","","","","IAT1410190948","NHO2018000007"),
("IATT190003232","","2","129000","67725","6128","0","67403","70000","14/10/2019","14:18","2019-10-14","15:35:11","ISU000004","tbl0012","CLOSED","1","","IATR190003136","","","","","IAT1410190948","NHO2018000007"),
("IATT190003233","","1","47000","15000","3200","0","35200","35200","14/10/2019","15:41","2019-10-14","16:13:07","ISU000004","tbl0005","CLOSED","1","","IATR190003137","","","","","IAT1410190948","NHO2018000007"),
("IATT190003234","","2","101000","32000","6900","0","75900","100000","14/10/2019","17:27","2019-10-14","18:41:39","ISU000004","tbl0010","CLOSED","1","","IATR190003139","","","","","IAT1410190948","NHO2018000007"),
("IATT190003235","","1","38000","0","3800","0","41800","50000","14/10/2019","17:30","2019-10-14","17:57:50","ISU000004","tbl0005","CLOSED","1","","IATR190003138","","","","","IAT1410190948","NHO2018000007"),
("IATT190003236","","2","118000","39000","7900","0","86900","100000","14/10/2019","19:03","2019-10-14","20:29:04","ISU000004","tbl0010","CLOSED","1","","IATR190003140","","","","","IAT1410190948","NHO2018000007");






INSERT INTO pos_promotion_h VALUES("IATT190003227","NPRM18000017","DISC ITEM","1","40000","TUNJUKKAN JEMPOLMU","IAT1410190948","PAID","NHO2018000007"),
("IATT190003229","NPRM18000017","DISC ITEM","1","13500","TUNJUKKAN JEMPOLMU","IAT1410190948","PAID","NHO2018000007"),
("IATT190003230","NPRM18000017","DISC ITEM","1","55500","TUNJUKKAN JEMPOLMU","IAT1410190948","PAID","NHO2018000007"),
("IATT190003232","NPRM18000017","DISC ITEM","1","64500","TUNJUKKAN JEMPOLMU","IAT1410190948","PAID","NHO2018000007"),
("IATT190003231","NPRM18000017","DISC ITEM","1","15000","TUNJUKKAN JEMPOLMU","IAT1410190948","PAID","NHO2018000007"),
("IATT190003232","NPRM18000018","DISC ALL","1","3225","CRM DISC 5%","IAT1410190948","PAID","NHO2018000007"),
("IATT190003233","NPRM18000017","DISC ITEM","1","15000","TUNJUKKAN JEMPOLMU","IAT1410190948","PAID","NHO2018000007"),
("IATT190003234","NPRM18000017","DISC ITEM","1","32000","TUNJUKKAN JEMPOLMU","IAT1410190948","PAID","NHO2018000007"),
("IATT190003236","NPRM18000017","DISC ITEM","1","39000","TUNJUKKAN JEMPOLMU","IAT1410190948","PAID","NHO2018000007");



INSERT INTO pos_promotion_d VALUES("IATT190003227","NPRM18000017","DISC ITEM","1","1","193187","1","20000","IAT1410190948","PAID","NHO2018000007"),
("IATT190003227","NPRM18000017","DISC ITEM","1","1","193187","2","20000","IAT1410190948","PAID","NHO2018000007"),
("IATT190003229","NPRM18000017","DISC ITEM","1","1","193030","1","13500","IAT1410190948","PAID","NHO2018000007"),
("IATT190003230","NPRM18000017","DISC ITEM","1","1","193016","1","18500","IAT1410190948","PAID","NHO2018000007"),
("IATT190003230","NPRM18000017","DISC ITEM","1","1","193007","1","18500","IAT1410190948","PAID","NHO2018000007"),
("IATT190003230","NPRM18000017","DISC ITEM","1","1","193034","1","18500","IAT1410190948","PAID","NHO2018000007"),
("IATT190003232","NPRM18000017","DISC ITEM","1","1","193084","1","15000","IAT1410190948","PAID","NHO2018000007"),
("IATT190003232","NPRM18000017","DISC ITEM","1","1","193030","1","13500","IAT1410190948","PAID","NHO2018000007"),
("IATT190003232","NPRM18000017","DISC ITEM","1","1","193192","1","20000","IAT1410190948","PAID","NHO2018000007"),
("IATT190003232","NPRM18000017","DISC ITEM","1","1","193035","1","16000","IAT1410190948","PAID","NHO2018000007"),
("IATT190003231","NPRM18000017","DISC ITEM","1","1","193084","1","15000","IAT1410190948","PAID","NHO2018000007"),
("IATT190003232","NPRM18000018","DISC ALL","1","1","193084","1","750","IAT1410190948","PAID","NHO2018000007"),
("IATT190003232","NPRM18000018","DISC ALL","1","1","193030","1","675","IAT1410190948","PAID","NHO2018000007"),
("IATT190003232","NPRM18000018","DISC ALL","1","1","193192","1","1000","IAT1410190948","PAID","NHO2018000007"),
("IATT190003232","NPRM18000018","DISC ALL","1","1","193035","1","800","IAT1410190948","PAID","NHO2018000007"),
("IATT190003233","NPRM18000017","DISC ITEM","1","1","193077","1","15000","IAT1410190948","PAID","NHO2018000007"),
("IATT190003234","NPRM18000017","DISC ITEM","1","1","193035","1","16000","IAT1410190948","PAID","NHO2018000007"),
("IATT190003234","NPRM18000017","DISC ITEM","1","1","193035","2","16000","IAT1410190948","PAID","NHO2018000007"),
("IATT190003236","NPRM18000017","DISC ITEM","1","1","193035","1","16000","IAT1410190948","PAID","NHO2018000007"),
("IATT190003236","NPRM18000017","DISC ITEM","1","1","193087","1","16500","IAT1410190948","PAID","NHO2018000007"),
("IATT190003236","NPRM18000017","DISC ITEM","1","1","193069","1","6500","IAT1410190948","PAID","NHO2018000007");



INSERT INTO pos_paymenttemp VALUES("IATT190003227","CASH","CASH","66000","70000","ISU000004","2019-10-14","","1","","CLOSED","IAT1410190948","NHO2018000007"),
("IATT190003228","CASH","CASH","66000","100000","ISU000004","2019-10-14","","1","","CLOSED","IAT1410190948","NHO2018000007"),
("IATT190003229","CASH","CASH","25850","100000","ISU000004","2019-10-14","","1","","CLOSED","IAT1410190948","NHO2018000007"),
("IATT190003230","CASH","CASH","94050","100000","ISU000004","2019-10-14","","1","","CLOSED","IAT1410190948","NHO2018000007"),
("IATT190003231","CASH","CASH","60500","100000","ISU000004","2019-10-14","","1","","CLOSED","IAT1410190948","NHO2018000007"),
("IATT190003232","CASH","CASH","67403","70000","ISU000004","2019-10-14","","1","","CLOSED","IAT1410190948","NHO2018000007"),
("IATT190003233","CARD","DEBIT BCA","35200","35200","ISU000004","2019-10-14","","1","","CLOSED","IAT1410190948","NHO2018000007"),
("IATT190003235","CASH","CASH","41800","50000","ISU000004","2019-10-14","","1","","CLOSED","IAT1410190948","NHO2018000007"),
("IATT190003234","CASH","CASH","75900","100000","ISU000004","2019-10-14","","1","","CLOSED","IAT1410190948","NHO2018000007"),
("IATT190003236","CASH","CASH","86900","100000","ISU000004","2019-10-14","","1","","CLOSED","IAT1410190948","NHO2018000007");



