INSERT INTO pos_itemtemp VALUES("IATT190004262","193033","191001","192005","42000","1","42000","21000","21000","1","1","1","IAT1112190859","NHO2018000007","PAID","","193033"),
("IATT190004262","193054","191002","192010","20000","1","20000","0","20000","1","1","1","IAT1112190859","NHO2018000007","PAID","","193054"),
("IATT190004262","193036","191001","192006","36000","1","36000","18000","18000","1","1","1","IAT1112190859","NHO2018000007","PAID","","PEDAS"),
("IATT190004262","193049","191002","192010","10000","1","10000","0","10000","1","1","1","IAT1112190859","NHO2018000007","PAID","","193049"),
("IATT190004262","193019","191001","192002","40000","1","40000","20000","20000","1","1","1","IAT1112190859","NHO2018000007","PAID","lvl2","PEDAS"),
("IATT190004262","193048","191002","192010","8000","1","8000","0","8000","1","1","1","IAT1112190859","NHO2018000007","PAID","","193048"),
("IATT190004263","193011","191001","192001","40000","1","40000","20000","20000","1","1","1","IAT1112190859","NHO2018000007","PAID","","PEDAS"),
("IATT190004263","193011","191001","192001","40000","1","40000","20000","20000","2","1","1","IAT1112190859","NHO2018000007","PAID","","PEDAS"),
("IATT190004263","193011","191001","192001","40000","1","40000","20000","20000","3","1","1","IAT1112190859","NHO2018000007","PAID","","PEDAS"),
("IATT190004263","193118","191001","192012","20000","1","20000","0","20000","1","1","1","IAT1112190859","NHO2018000007","PAID","","193118"),
("IATT190004263","193055","191002","192010","17000","1","17000","0","17000","1","1","1","IAT1112190859","NHO2018000007","PAID","","193055"),
("IATT190004263","193055","191002","192010","17000","1","17000","0","17000","2","1","1","IAT1112190859","NHO2018000007","PAID","","193055"),
("IATT190004263","193055","191002","192010","17000","1","17000","0","17000","3","1","1","IAT1112190859","NHO2018000007","PAID","","193055"),
("IATT190004264","193012","191001","192001","40000","1","40000","20000","20000","1","1","1","IAT1112190859","NHO2018000007","PAID","","193012"),
("IATT190004264","193021","191001","192002","40000","1","40000","20000","20000","1","1","2","IAT1112190859","NHO2018000007","PAID","","ORIGINAL"),
("IATT190004264","193037","191001","192006","36000","1","36000","18000","18000","1","1","2","IAT1112190859","NHO2018000007","PAID","","ORIGINAL"),
("IATT190004265","193048","191002","192010","8000","1","8000","0","8000","1","1","1","IAT1112190859","NHO2018000007","PAID","","193048"),
("IATT190004266","193082","191001","192001","30000","1","30000","3000","27000","1","1","1","IAT1112190859","NHO2018000007","PAID","","193082"),
("IATT190004266","193113","191001","192003","55000","1","55000","5500","49500","1","1","1","IAT1112190859","NHO2018000007","PAID","","193113"),
("IATT190004266","193055","191002","192010","17000","1","17000","1700","15300","1","1","1","IAT1112190859","NHO2018000007","PAID","","193055"),
("IATT190004266","193051","191002","192010","20000","1","20000","2000","18000","1","1","1","IAT1112190859","NHO2018000007","PAID","","193051"),
("IATT190004266","193048","191002","192010","8000","1","8000","800","7200","1","1","2","IAT1112190859","NHO2018000007","PAID","","193048"),
("IATT190004267","193033","191001","192005","42000","1","42000","21000","21000","1","1","1","IAT1112190859","NHO2018000007","PAID","","193033"),
("IATT190004267","193033","191001","192005","42000","1","42000","21000","21000","2","1","1","IAT1112190859","NHO2018000007","PAID","","193033"),
("IATT190004267","193033","191001","192005","42000","1","42000","21000","21000","3","1","1","IAT1112190859","NHO2018000007","PAID","","193033"),
("IATT190004267","193033","191001","192005","42000","1","42000","21000","21000","4","1","1","IAT1112190859","NHO2018000007","PAID","","193033"),
("IATT190004267","193069","191001","192012","13000","1","13000","6500","6500","1","1","1","IAT1112190859","NHO2018000007","PAID","","193069"),
("IATT190004268","193011","191001","192001","40000","1","40000","20000","20000","1","1","1","IAT1112190859","NHO2018000007","PAID","","PEDAS"),
("IATT190004268","193085","191001","192001","30000","1","30000","15000","15000","1","1","1","IAT1112190859","NHO2018000007","PAID","","193085"),
("IATT190004268","193033","191001","192005","42000","1","42000","21000","21000","1","1","1","IAT1112190859","NHO2018000007","PAID","","193033"),
("IATT190004268","193055","191002","192010","17000","1","17000","0","17000","1","1","1","IAT1112190859","NHO2018000007","PAID","","193055"),
("IATT190004268","193055","191002","192010","17000","1","17000","0","17000","2","1","1","IAT1112190859","NHO2018000007","PAID","","193055"),
("IATT190004268","193055","191002","192010","17000","1","17000","0","17000","3","1","1","IAT1112190859","NHO2018000007","PAID","","193055"),
("IATT190004269","193011","191001","192001","40000","1","40000","20000","20000","1","1","1","IAT1112190859","NHO2018000007","PAID","","PEDAS"),
("IATT190004269","193039","191001","192006","36000","1","36000","18000","18000","1","1","1","IAT1112190859","NHO2018000007","PAID","","ORIGINAL"),
("IATT190004269","193035","191001","192006","32000","1","32000","16000","16000","1","1","1","IAT1112190859","NHO2018000007","PAID","","PEDAS"),
("IATT190004269","193046","191002","192010","10000","1","10000","0","10000","1","1","1","IAT1112190859","NHO2018000007","PAID","","193046"),
("IATT190004270","193084","191001","192001","30000","1","30000","0","30000","1","1","1","IAT1112190859","NHO2018000007","PAID","","PEDAS"),
("IATT190004270","193085","191001","192001","30000","1","30000","0","30000","1","1","1","IAT1112190859","NHO2018000007","PAID","","193085"),
("IATT190004270","193051","191002","192010","20000","1","20000","0","20000","1","1","1","IAT1112190859","NHO2018000007","PAID","","193051"),
("IATT190004270","193048","191002","192010","8000","1","8000","0","8000","1","1","1","IAT1112190859","NHO2018000007","PAID","","193048");



INSERT INTO pos_salestemp VALUES("IATT190004262","","3","156000","59000","9700","0","106700","106700","11/12/2019","12:37","2019-12-11","13:29:29","ISU000015","tbl0014","CLOSED","1","","IATR190004140","","","","","IAT1112190859","NHO2018000007"),
("IATT190004263","","3","191000","60000","13100","0","144100","144100","11/12/2019","12:41","2019-12-11","13:35:06","ISU000015","tbl0011","CLOSED","1","","IATR190004141","","","","","IAT1112190859","NHO2018000007"),
("IATT190004264","","1","116000","58000","5800","0","63800","100000","11/12/2019","12:42","2019-12-11","13:21:56","ISU000015","tbl0012","CLOSED","1","","IATR190004139","","","","","IAT1112190859","NHO2018000007"),
("IATT190004265","","0","8000","0","800","0","8800","10000","11/12/2019","15:59","2019-12-11","16:00:42","ISU000015","tbl0018","CLOSED","1","","IATR190004142","","","","","IAT1112190859","NHO2018000007"),
("IATT190004266","","2","130000","13000","11700","0","128700","150000","11/12/2019","17:07","2019-12-11","17:58:41","ISU000004","tbl0012","CLOSED","1","","IATR190004143","","","","","IAT1112190859","NHO2018000007"),
("IATT190004267","","2","181000","90500","9050","0","99550","100000","11/12/2019","18:39","2019-12-11","18:41:24","ISU000004","tbl0012","CLOSED","1","","IATR190004144","","","","","IAT1112190859","NHO2018000007"),
("IATT190004268","","3","163000","56000","10700","0","117700","120000","11/12/2019","19:07","2019-12-11","20:02:45","ISU000004","tbl0010","CLOSED","1","","IATR190004146","","","","","IAT1112190859","NHO2018000007"),
("IATT190004269","","2","118000","54000","6400","0","70400","120500","11/12/2019","19:14","2019-12-11","20:02:18","ISU000004","tbl0012","CLOSED","1","","IATR190004145","","","","","IAT1112190859","NHO2018000007"),
("IATT190004270","","2","88000","0","8800","0","96800","100000","11/12/2019","20:28","2019-12-11","20:57:24","ISU000004","tbl0010","CLOSED","1","","IATR190004147","","","","","IAT1112190859","NHO2018000007");



INSERT INTO item_void VALUES("IATT190004266","IAT1112190859","NHO2018000007","193055","193055","1","17000","Before Send","Salah Order");



INSERT INTO pos_promotion_h VALUES("IATT190004264","NPRM18000021","DISC ITEM","1","58000","MENANG BANYAK","IAT1112190859","PAID","NHO2018000007"),
("IATT190004262","NPRM18000021","DISC ITEM","1","59000","MENANG BANYAK","IAT1112190859","PAID","NHO2018000007"),
("IATT190004263","NPRM18000021","DISC ITEM","1","60000","MENANG BANYAK","IAT1112190859","PAID","NHO2018000007"),
("IATT190004266","NPRM18000019","DISC ALL","1","13000","CRM DISC 10%","IAT1112190859","PAID","NHO2018000007"),
("IATT190004267","NPRM18000021","DISC ITEM","1","90500","MENANG BANYAK","IAT1112190859","PAID","NHO2018000007"),
("IATT190004268","NPRM18000021","DISC ITEM","1","56000","MENANG BANYAK","IAT1112190859","PAID","NHO2018000007"),
("IATT190004269","NPRM18000021","DISC ITEM","1","54000","MENANG BANYAK","IAT1112190859","PAID","NHO2018000007");



INSERT INTO pos_promotion_d VALUES("IATT190004264","NPRM18000021","DISC ITEM","1","1","193012","1","20000","IAT1112190859","PAID","NHO2018000007"),
("IATT190004264","NPRM18000021","DISC ITEM","1","1","193021","1","20000","IAT1112190859","PAID","NHO2018000007"),
("IATT190004264","NPRM18000021","DISC ITEM","1","1","193037","1","18000","IAT1112190859","PAID","NHO2018000007"),
("IATT190004262","NPRM18000021","DISC ITEM","1","1","193033","1","21000","IAT1112190859","PAID","NHO2018000007"),
("IATT190004262","NPRM18000021","DISC ITEM","1","1","193036","1","18000","IAT1112190859","PAID","NHO2018000007"),
("IATT190004262","NPRM18000021","DISC ITEM","1","1","193019","1","20000","IAT1112190859","PAID","NHO2018000007"),
("IATT190004263","NPRM18000021","DISC ITEM","1","1","193011","1","20000","IAT1112190859","PAID","NHO2018000007"),
("IATT190004263","NPRM18000021","DISC ITEM","1","1","193011","2","20000","IAT1112190859","PAID","NHO2018000007"),
("IATT190004263","NPRM18000021","DISC ITEM","1","1","193011","3","20000","IAT1112190859","PAID","NHO2018000007"),
("IATT190004266","NPRM18000019","DISC ALL","1","1","193082","1","3000","IAT1112190859","PAID","NHO2018000007"),
("IATT190004266","NPRM18000019","DISC ALL","1","1","193113","1","5500","IAT1112190859","PAID","NHO2018000007"),
("IATT190004266","NPRM18000019","DISC ALL","1","1","193055","1","1700","IAT1112190859","PAID","NHO2018000007"),
("IATT190004266","NPRM18000019","DISC ALL","1","1","193051","1","2000","IAT1112190859","PAID","NHO2018000007"),
("IATT190004266","NPRM18000019","DISC ALL","1","1","193048","1","800","IAT1112190859","PAID","NHO2018000007"),
("IATT190004267","NPRM18000021","DISC ITEM","1","1","193033","1","21000","IAT1112190859","PAID","NHO2018000007"),
("IATT190004267","NPRM18000021","DISC ITEM","1","1","193033","2","21000","IAT1112190859","PAID","NHO2018000007"),
("IATT190004267","NPRM18000021","DISC ITEM","1","1","193033","3","21000","IAT1112190859","PAID","NHO2018000007"),
("IATT190004267","NPRM18000021","DISC ITEM","1","1","193033","4","21000","IAT1112190859","PAID","NHO2018000007"),
("IATT190004267","NPRM18000021","DISC ITEM","1","1","193069","1","6500","IAT1112190859","PAID","NHO2018000007"),
("IATT190004268","NPRM18000021","DISC ITEM","1","1","193011","1","20000","IAT1112190859","PAID","NHO2018000007"),
("IATT190004268","NPRM18000021","DISC ITEM","1","1","193085","1","15000","IAT1112190859","PAID","NHO2018000007"),
("IATT190004268","NPRM18000021","DISC ITEM","1","1","193033","1","21000","IAT1112190859","PAID","NHO2018000007"),
("IATT190004269","NPRM18000021","DISC ITEM","1","1","193011","1","20000","IAT1112190859","PAID","NHO2018000007"),
("IATT190004269","NPRM18000021","DISC ITEM","1","1","193039","1","18000","IAT1112190859","PAID","NHO2018000007"),
("IATT190004269","NPRM18000021","DISC ITEM","1","1","193035","1","16000","IAT1112190859","PAID","NHO2018000007");



INSERT INTO pos_paymenttemp VALUES("IATT190004264","CASH","CASH","63800","100000","ISU000015","2019-12-11","","1","","CLOSED","IAT1112190859","NHO2018000007"),
("IATT190004262","CARD","DEBIT BCA","106700","106700","ISU000015","2019-12-11","","1","","CLOSED","IAT1112190859","NHO2018000007"),
("IATT190004263","CARD","MASTER","144100","144100","ISU000015","2019-12-11","","1","","CLOSED","IAT1112190859","NHO2018000007"),
("IATT190004265","CASH","CASH","8800","10000","ISU000015","2019-12-11","","1","","CLOSED","IAT1112190859","NHO2018000007"),
("IATT190004266","CASH","CASH","143000","150000","ISU000004","2019-12-11","","1","","CLOSED","IAT1112190859","NHO2018000007"),
("IATT190004267","CASH","CASH","99550","100000","ISU000004","2019-12-11","","1","","CLOSED","IAT1112190859","NHO2018000007"),
("IATT190004269","CASH","CASH","70400","120500","ISU000004","2019-12-11","","1","","CLOSED","IAT1112190859","NHO2018000007"),
("IATT190004268","CASH","CASH","117700","120000","ISU000004","2019-12-11","","1","","CLOSED","IAT1112190859","NHO2018000007"),
("IATT190004270","CASH","CASH","96800","100000","ISU000004","2019-12-11","","1","","CLOSED","IAT1112190859","NHO2018000007");



