INSERT INTO pos_itemtemp VALUES("IATT200005809","193021","191001","192002","40000","1","40000","0","40000","1","1","1","IAT1403200836","NHO2018000007","PAID","","PEDAS"),
("IATT200005810","193012","191001","192001","40000","1","40000","0","40000","1","1","1","IAT1403200836","NHO2018000007","PAID","","193012"),
("IATT200005810","193054","191002","192010","20000","1","20000","0","20000","1","1","1","IAT1403200836","NHO2018000007","PAID","","193054"),
("IATT200005810","193048","191002","192010","8000","1","8000","0","8000","1","1","2","IAT1403200836","NHO2018000007","PAID","","193048"),
("IATT200005811","193082","191001","192001","30000","1","30000","0","30000","1","1","1","IAT1403200836","NHO2018000007","PAID","","193082"),
("IATT200005811","193022","191001","192003","30000","1","30000","0","30000","1","1","1","IAT1403200836","NHO2018000007","PAID","","193022"),
("IATT200005811","193052","191002","192010","20000","1","20000","0","20000","1","1","1","IAT1403200836","NHO2018000007","PAID","","193052"),
("IATT200005811","193051","191002","192010","20000","1","20000","0","20000","1","1","1","IAT1403200836","NHO2018000007","PAID","","193051"),
("IATT200005812","193009","191001","192001","40000","1","40000","0","40000","1","1","1","IAT1403200836","NHO2018000007","PAID","","193009"),
("IATT200005812","193113","191001","192003","55000","1","55000","0","55000","1","1","1","IAT1403200836","NHO2018000007","PAID","","193113"),
("IATT200005812","193052","191002","192010","20000","1","20000","0","20000","1","1","1","IAT1403200836","NHO2018000007","PAID","","193052"),
("IATT200005812","193052","191002","192010","20000","1","20000","0","20000","2","1","1","IAT1403200836","NHO2018000007","PAID","","193052"),
("IATT200005813","193079","191001","192001","30000","1","30000","0","30000","1","1","1","IAT1403200836","NHO2018000007","PAID","","193079"),
("IATT200005813","193048","191002","192010","8000","1","8000","0","8000","1","1","1","IAT1403200836","NHO2018000007","PAID","","193048"),
("IATT200005813","193048","191002","192010","8000","1","8000","0","8000","2","1","1","IAT1403200836","NHO2018000007","PAID","","193048"),
("IATT200005813","193027","191001","192003","43000","1","43000","0","43000","1","1","1","IAT1403200836","NHO2018000007","PAID","","193027"),
("IATT200005814","193022","191001","192003","30000","1","30000","0","30000","1","1","1","IAT1403200836","NHO2018000007","PAID","","193022");



INSERT INTO pos_salestemp VALUES("IATT200005809","","1","40000","0","4000","0","44000","44000","14/03/2020","13:28","2020-03-14","13:43:22","ISU000006","tbl0012","CLOSED","1","","IATR200005652","","","","","IAT1403200836","NHO2018000007"),
("IATT200005810","","2","68000","0","6800","0","74800","74800","14/03/2020","14:50","2020-03-14","15:17:48","ISU000004","tbl0011","CLOSED","1","3120006","IATR200005653","","","","","IAT1403200836","NHO2018000007"),
("IATT200005811","","2","100000","0","10000","0","110000","110000","14/03/2020","15:46","2020-03-14","16:31:10","ISU000006","tbl0011","CLOSED","1","","IATR200005654","","","","","IAT1403200836","NHO2018000007"),
("IATT200005812","","2","135000","0","13500","0","148500","148500","14/03/2020","19:34","2020-03-14","20:38:02","ISU000004","tbl0012","CLOSED","1","3120006","IATR200005657","","","","","IAT1403200836","NHO2018000007"),
("IATT200005813","","2","89000","0","8900","0","97900","100000","14/03/2020","19:37","2020-03-14","19:45:58","ISU000004","tbl0010","CLOSED","1","3119173","IATR200005655","","","","","IAT1403200836","NHO2018000007"),
("IATT200005814","","1","30000","0","3000","0","33000","33000","14/03/2020","19:46","2020-03-14","19:47:43","ISU000004","tbl0011","CLOSED","1","3119157","IATR200005656","","","","","IAT1403200836","NHO2018000007");












INSERT INTO pos_paymenttemp VALUES("IATT200005809","CARD","DEBIT BCA","44000","44000","ISU000006","2020-03-14","","1","","CLOSED","IAT1403200836","NHO2018000007"),
("IATT200005810","CASH","OVO","74800","74800","ISU000004","2020-03-14","","1","","CLOSED","IAT1403200836","NHO2018000007"),
("IATT200005811","CASH","SHOPPEEPAY","110000","110000","ISU000006","2020-03-14","","1","","CLOSED","IAT1403200836","NHO2018000007"),
("IATT200005813","VOUCHER","GIFT VOUCHER ISOIDE 100K","100000","100000","ISU000004","2020-03-14","","1","","CLOSED","IAT1403200836","NHO2018000007"),
("IATT200005814","CASH","SHOPPEEPAY","33000","33000","ISU000004","2020-03-14","","1","","CLOSED","IAT1403200836","NHO2018000007"),
("IATT200005812","VOUCHER","GIFT VOUCHER ISOIDE 100K","100000","100000","ISU000004","2020-03-14","","1","","CLOSED","IAT1403200836","NHO2018000007"),
("IATT200005812","CARD","MASTER","48500","48500","ISU000004","2020-03-14","","1","","CLOSED","IAT1403200836","NHO2018000007");



