INSERT INTO pos_itemtemp VALUES("IATT200005427","193036","191001","192006","36000","1","36000","0","36000","1","1","1","IAT1902200836","NHO2018000007","PAID","","PEDAS"),
("IATT200005427","193024","191001","192003","30000","1","30000","0","30000","1","1","1","IAT1902200836","NHO2018000007","PAID","","193024"),
("IATT200005427","193024","191001","192003","30000","1","30000","0","30000","2","1","1","IAT1902200836","NHO2018000007","PAID","","193024"),
("IATT200005427","193047","191002","192010","10000","1","10000","0","10000","1","1","1","IAT1902200836","NHO2018000007","PAID","","193047"),
("IATT200005427","193047","191002","192010","10000","1","10000","0","10000","2","1","1","IAT1902200836","NHO2018000007","PAID","","193047"),
("IATT200005427","193048","191002","192010","8000","1","8000","0","8000","1","1","1","IAT1902200836","NHO2018000007","PAID","","193048"),
("IATT200005427","193024","191001","192003","30000","1","30000","0","30000","3","1","2","IAT1902200836","NHO2018000007","PAID","","193024"),
("IATT200005427","193047","191002","192010","10000","1","10000","0","10000","3","1","2","IAT1902200836","NHO2018000007","PAID","","193047"),
("IATT200005428","193113","191001","192003","55000","1","55000","0","55000","1","1","1","IAT1902200836","NHO2018000007","PAID","","193113"),
("IATT200005428","193046","191002","192010","10000","1","10000","0","10000","1","1","1","IAT1902200836","NHO2018000007","PAID","","193046"),
("IATT200005429","193011","191001","192001","40000","1","40000","0","40000","1","1","1","IAT1902200836","NHO2018000007","PAID","","PEDAS"),
("IATT200005429","193047","191002","192010","10000","1","10000","0","10000","1","1","1","IAT1902200836","NHO2018000007","PAID","","193047"),
("IATT200005430","193028","191001","192003","43000","1","43000","0","43000","1","1","1","IAT1902200836","NHO2018000007","PAID","","193028"),
("IATT200005430","193046","191002","192010","10000","1","10000","0","10000","1","1","1","IAT1902200836","NHO2018000007","PAID","","193046"),
("IATT200005431","193011","191001","192001","40000","1","40000","0","40000","1","1","1","IAT1902200836","NHO2018000007","PAID","lv 3","PEDAS"),
("IATT200005431","193054","191002","192010","20000","1","20000","0","20000","1","1","1","IAT1902200836","NHO2018000007","PAID","","193054"),
("IATT200005432","193054","191002","192010","20000","1","20000","0","20000","1","1","1","IAT1902200836","NHO2018000007","PAID","","193054"),
("IATT200005432","193049","191002","192010","10000","1","10000","0","10000","1","1","1","IAT1902200836","NHO2018000007","PAID","","193049"),
("IATT200005432","193049","191002","192010","10000","1","10000","0","10000","2","1","1","IAT1902200836","NHO2018000007","PAID","","193049"),
("IATT200005432","193022","191001","192003","30000","1","30000","0","30000","1","1","2","IAT1902200836","NHO2018000007","PAID","","193022"),
("IATT200005432","193022","191001","192003","30000","1","30000","0","30000","2","1","2","IAT1902200836","NHO2018000007","PAID","","193022"),
("IATT200005432","193022","191001","192003","30000","1","30000","0","30000","3","1","2","IAT1902200836","NHO2018000007","PAID","","193022"),
("IATT200005433","193010","191001","192001","40000","1","40000","0","40000","1","1","1","IAT1902200836","NHO2018000007","PAID","","193010"),
("IATT200005433","193020","191001","192002","40000","1","40000","0","40000","1","1","1","IAT1902200836","NHO2018000007","PAID","","193020"),
("IATT200005433","193019","191001","192002","40000","1","40000","0","40000","1","1","1","IAT1902200836","NHO2018000007","PAID","","PEDAS"),
("IATT200005433","193019","191001","192002","40000","1","40000","0","40000","2","1","1","IAT1902200836","NHO2018000007","PAID","","PEDAS"),
("IATT200005433","193019","191001","192002","40000","1","40000","0","40000","3","1","1","IAT1902200836","NHO2018000007","PAID","","PEDAS"),
("IATT200005433","193019","191001","192002","40000","1","40000","0","40000","4","1","1","IAT1902200836","NHO2018000007","PAID","","PEDAS"),
("IATT200005433","193019","191001","192002","40000","1","40000","0","40000","5","1","1","IAT1902200836","NHO2018000007","PAID","","PEDAS"),
("IATT200005433","193019","191001","192002","40000","1","40000","0","40000","6","1","1","IAT1902200836","NHO2018000007","PAID","","PEDAS"),
("IATT200005433","193021","191001","192002","40000","1","40000","0","40000","1","1","1","IAT1902200836","NHO2018000007","PAID","","ORIGINAL"),
("IATT200005433","193021","191001","192002","40000","1","40000","0","40000","2","1","1","IAT1902200836","NHO2018000007","PAID","","ORIGINAL"),
("IATT200005433","193019","191001","192002","40000","1","40000","0","40000","7","1","1","IAT1902200836","NHO2018000007","PAID","","ORIGINAL"),
("IATT200005433","193054","191002","192010","20000","1","20000","0","20000","1","1","1","IAT1902200836","NHO2018000007","PAID","","193054"),
("IATT200005433","193054","191002","192010","20000","1","20000","0","20000","2","1","1","IAT1902200836","NHO2018000007","PAID","","193054"),
("IATT200005433","193054","191002","192010","20000","1","20000","0","20000","3","1","1","IAT1902200836","NHO2018000007","PAID","","193054"),
("IATT200005433","193054","191002","192010","20000","1","20000","0","20000","4","1","1","IAT1902200836","NHO2018000007","PAID","","193054"),
("IATT200005433","193054","191002","192010","20000","1","20000","0","20000","5","1","1","IAT1902200836","NHO2018000007","PAID","","193054"),
("IATT200005433","193046","191002","192010","10000","1","10000","0","10000","1","1","1","IAT1902200836","NHO2018000007","PAID","","193046"),
("IATT200005433","193046","191002","192010","10000","1","10000","0","10000","2","1","1","IAT1902200836","NHO2018000007","PAID","","193046"),
("IATT200005433","193048","191002","192010","8000","1","8000","0","8000","1","1","1","IAT1902200836","NHO2018000007","PAID","","193048"),
("IATT200005433","193048","191002","192010","8000","1","8000","0","8000","2","1","1","IAT1902200836","NHO2018000007","PAID","","193048"),
("IATT200005433","193056","191002","192010","17000","1","17000","0","17000","1","1","1","IAT1902200836","NHO2018000007","PAID","","193056"),
("IATT200005433","193056","191002","192010","17000","1","17000","0","17000","2","1","1","IAT1902200836","NHO2018000007","PAID","","193056"),
("IATT200005432","193022","191001","192003","30000","1","30000","0","30000","4","1","3","IAT1902200836","NHO2018000007","PAID","","193022"),
("IATT200005432","193024","191001","192003","30000","1","30000","0","30000","1","1","3","IAT1902200836","NHO2018000007","PAID","","193024"),
("IATT200005432","193024","191001","192003","30000","1","30000","0","30000","2","1","3","IAT1902200836","NHO2018000007","PAID","","193024"),
("IATT200005432","193049","191002","192010","10000","1","10000","0","10000","3","1","3","IAT1902200836","NHO2018000007","PAID","","193049"),
("IATT200005432","193049","191002","192010","10000","1","10000","0","10000","4","1","3","IAT1902200836","NHO2018000007","PAID","","193049"),
("IATT200005432","193049","191002","192010","10000","1","10000","0","10000","5","1","3","IAT1902200836","NHO2018000007","PAID","","193049"),
("IATT200005432","193054","191002","192010","20000","1","20000","0","20000","2","1","4","IAT1902200836","NHO2018000007","PAID","","193054"),
("IATT200005434","193084","191001","192001","30000","1","30000","0","30000","1","1","1","IAT1902200836","NHO2018000007","PAID","lv 2","PEDAS"),
("IATT200005434","193056","191002","192010","17000","1","17000","0","17000","1","1","1","IAT1902200836","NHO2018000007","PAID","","193056"),
("IATT200005434","193056","191002","192010","17000","1","17000","0","17000","2","1","1","IAT1902200836","NHO2018000007","PAID","","193056"),
("IATT200005434","193119","191001","192012","20000","1","20000","0","20000","1","1","1","IAT1902200836","NHO2018000007","PAID","fish egg rooll","193119"),
("IATT200005434","193048","191002","192010","8000","1","8000","0","8000","1","1","1","IAT1902200836","NHO2018000007","PAID","","193048"),
("IATT200005434","193234","191001","192011","0","1","0","0","0","1","1","1","IAT1902200836","NHO2018000007","PAID","","193234"),
("IATT200005435","193084","191001","192001","30000","1","30000","0","30000","1","1","1","IAT1902200836","NHO2018000007","PAID","","PEDAS"),
("IATT200005435","193033","191001","192005","42000","1","42000","0","42000","1","1","1","IAT1902200836","NHO2018000007","PAID","","193033"),
("IATT200005435","193048","191002","192010","8000","1","8000","0","8000","1","1","1","IAT1902200836","NHO2018000007","PAID","","193048"),
("IATT200005435","193048","191002","192010","8000","1","8000","0","8000","2","1","1","IAT1902200836","NHO2018000007","PAID","","193048"),
("IATT200005435","193236","191001","192011","0","1","0","0","0","1","1","2","IAT1902200836","NHO2018000007","PAID","","193236"),
("IATT200005436","193085","191001","192001","30000","1","30000","0","30000","1","1","1","IAT1902200836","NHO2018000007","PAID","","193085"),
("IATT200005436","193033","191001","192005","42000","1","42000","0","42000","1","1","1","IAT1902200836","NHO2018000007","PAID","","193033"),
("IATT200005437","193113","191001","192003","55000","1","55000","0","55000","1","1","1","IAT1902200836","NHO2018000007","PAID","","193113"),
("IATT200005437","193052","191002","192010","20000","1","20000","0","20000","1","1","1","IAT1902200836","NHO2018000007","PAID","","193052");



INSERT INTO pos_salestemp VALUES("IATT200005427","","3","164000","0","16400","0","180400","180400","19/02/2020","11:55","2020-02-19","12:37:28","ISU000015","tbl0012","CLOSED","1","","IATR200005281","","","","","IAT1902200836","NHO2018000007"),
("IATT200005428","","1","65000","0","6500","0","71500","71500","19/02/2020","12:13","2020-02-19","12:51:00","ISU000015","tbl0011","CLOSED","1","","IATR200005283","","","","","IAT1902200836","NHO2018000007"),
("IATT200005429","","1","50000","0","5000","0","55000","55000","19/02/2020","12:13","2020-02-19","12:50:04","ISU000015","tbl0001","CLOSED","1","","IATR200005282","","","","","IAT1902200836","NHO2018000007"),
("IATT200005430","","1","53000","0","5300","0","58300","100000","19/02/2020","12:27","2020-02-19","12:57:22","ISU000015","tbl0005","CLOSED","1","","IATR200005284","","","","","IAT1902200836","NHO2018000007"),
("IATT200005431","","1","60000","0","6000","0","66000","100000","19/02/2020","12:45","2020-02-19","13:14:29","ISU000015","tbl0011","CLOSED","1","","IATR200005285","","","","","IAT1902200836","NHO2018000007"),
("IATT200005432","","13","270000","0","27000","0","297000","297000","19/02/2020","13:13","2020-02-19","14:03:08","ISU000015","tbl0014","CLOSED","1","","IATR200005286","","","","","IAT1902200836","NHO2018000007"),
("IATT200005433","","11","610000","0","61000","0","671000","671000","19/02/2020","13:17","2020-02-19","14:04:06","ISU000015","tbl0022","CLOSED","1","","IATR200005287","","","","","IAT1902200836","NHO2018000007"),
("IATT200005434","","2","92000","0","9200","0","101200","150000","19/02/2020","13:47","2020-02-19","14:19:58","ISU000015","tbl0011","CLOSED","1","","IATR200005288","","","","","IAT1902200836","NHO2018000007"),
("IATT200005435","","2","88000","0","8800","0","96800","100000","19/02/2020","15:53","2020-02-19","16:19:43","ISU000004","tbl0012","CLOSED","1","","IATR200005289","","","","","IAT1902200836","NHO2018000007"),
("IATT200005436","","2","72000","0","7200","0","79200","79200","19/02/2020","17:46","2020-02-19","18:20:15","ISU000004","tbl0012","CLOSED","1","","IATR200005290","","","","","IAT1902200836","NHO2018000007"),
("IATT200005437","","1","75000","0","7500","0","82500","100000","19/02/2020","19:51","2020-02-19","20:08:53","ISU000004","tbl0012","CLOSED","1","","IATR200005291","","","","","IAT1902200836","NHO2018000007");



INSERT INTO item_void VALUES("IATT200005428","IAT1902200836","NHO2018000007","193070","193070","1","13000","Before Send","Komplen Customer");









INSERT INTO pos_paymenttemp VALUES("IATT200005427","CARD","DEBIT BCA","180400","180400","ISU000015","2020-02-19","","1","","CLOSED","IAT1902200836","NHO2018000007"),
("IATT200005428","CASH","OVO","71500","71500","ISU000015","2020-02-19","","1","","CLOSED","IAT1902200836","NHO2018000007"),
("IATT200005429","CASH","OVO","55000","55000","ISU000015","2020-02-19","","1","","CLOSED","IAT1902200836","NHO2018000007"),
("IATT200005430","CASH","CASH","58300","100000","ISU000015","2020-02-19","","1","","CLOSED","IAT1902200836","NHO2018000007"),
("IATT200005431","CASH","CASH","66000","100000","ISU000015","2020-02-19","","1","","CLOSED","IAT1902200836","NHO2018000007"),
("IATT200005432","CARD","MASTER","297000","297000","ISU000015","2020-02-19","","1","","CLOSED","IAT1902200836","NHO2018000007"),
("IATT200005433","CARD","MASTER","671000","671000","ISU000015","2020-02-19","","1","","CLOSED","IAT1902200836","NHO2018000007"),
("IATT200005434","CASH","CASH","101200","150000","ISU000015","2020-02-19","","1","","CLOSED","IAT1902200836","NHO2018000007"),
("IATT200005435","CASH","CASH","96800","100000","ISU000004","2020-02-19","","1","","CLOSED","IAT1902200836","NHO2018000007"),
("IATT200005436","CASH","OVO","79200","79200","ISU000004","2020-02-19","","1","","CLOSED","IAT1902200836","NHO2018000007"),
("IATT200005437","CASH","CASH","82500","100000","ISU000004","2020-02-19","","1","","CLOSED","IAT1902200836","NHO2018000007");



