INSERT INTO pos_itemtemp VALUES("IATT190001303","193082","191001","192001","30000","1","30000","0","30000","1","1","1","IAT1007190920","NHO2018000007","PAID","","193082"),
("IATT190001303","193084","191001","192001","30000","1","30000","0","30000","1","1","1","IAT1007190920","NHO2018000007","PAID","","ORIGINAL"),
("IATT190001303","193034","191001","192005","37000","1","37000","0","37000","1","1","1","IAT1007190920","NHO2018000007","PAID","","193034"),
("IATT190001303","193056","191002","192010","17000","1","17000","0","17000","1","1","1","IAT1007190920","NHO2018000007","PAID","","193056"),
("IATT190001303","193038","191001","192006","36000","1","36000","0","36000","1","1","1","IAT1007190920","NHO2018000007","PAID","","ORIGINAL"),
("IATT190001304","193083","191001","192001","30000","1","30000","0","30000","1","1","1","IAT1007190920","NHO2018000007","PAID","","193083"),
("IATT190001304","193047","191002","192010","8000","1","8000","0","8000","1","1","1","IAT1007190920","NHO2018000007","PAID","","193047"),
("IATT190001305","193032","191001","192004","30000","1","30000","0","30000","1","1","1","IAT1007190920","NHO2018000007","PAID","","193032"),
("IATT190001305","193028","191001","192003","43000","1","43000","0","43000","1","1","1","IAT1007190920","NHO2018000007","PAID","","193028"),
("IATT190001305","193028","191001","192003","43000","1","43000","0","43000","2","1","1","IAT1007190920","NHO2018000007","PAID","","193028"),
("IATT190001305","193048","191002","192010","8000","1","8000","0","8000","1","1","1","IAT1007190920","NHO2018000007","PAID","","193048"),
("IATT190001305","193048","191002","192010","8000","1","8000","0","8000","2","1","1","IAT1007190920","NHO2018000007","PAID","","193048"),
("IATT190001305","193047","191002","192010","8000","1","8000","0","8000","1","1","1","IAT1007190920","NHO2018000007","PAID","","193047"),
("IATT190001303","193046","191002","192010","8000","1","8000","0","8000","1","1","2","IAT1007190920","NHO2018000007","PAID","","193046"),
("IATT190001303","193046","191002","192010","8000","1","8000","0","8000","2","1","2","IAT1007190920","NHO2018000007","PAID","","193046"),
("IATT190001303","193046","191002","192010","8000","1","8000","0","8000","3","1","2","IAT1007190920","NHO2018000007","PAID","","193046"),
("IATT190001306","193084","191001","192001","30000","1","30000","0","30000","1","1","1","IAT1007190920","NHO2018000007","PAID","LVL 1","PEDAS"),
("IATT190001306","193084","191001","192001","30000","1","30000","0","30000","2","1","1","IAT1007190920","NHO2018000007","PAID","","PEDAS"),
("IATT190001306","193069","191001","192012","13000","1","13000","0","13000","1","1","1","IAT1007190920","NHO2018000007","PAID","","193069"),
("IATT190001306","193069","191001","192012","13000","1","13000","0","13000","2","1","1","IAT1007190920","NHO2018000007","PAID","","193069"),
("IATT190001306","193054","191002","192010","20000","1","20000","0","20000","1","1","1","IAT1007190920","NHO2018000007","PAID","","193054"),
("IATT190001306","193056","191002","192010","17000","1","17000","0","17000","1","1","1","IAT1007190920","NHO2018000007","PAID","","193056"),
("IATT190001305","193028","191001","192003","43000","1","43000","0","43000","3","1","2","IAT1007190920","NHO2018000007","PAID","","193028"),
("IATT190001305","193047","191002","192010","8000","1","8000","0","8000","2","1","2","IAT1007190920","NHO2018000007","PAID","","193047"),
("IATT190001307","193084","191001","192001","30000","1","30000","0","30000","1","1","1","IAT1007190920","NHO2018000007","PAID","","PEDAS"),
("IATT190001307","193046","191002","192010","8000","1","8000","0","8000","1","1","1","IAT1007190920","NHO2018000007","PAID","","193046"),
("IATT190001308","193082","191001","192001","30000","1","30000","0","30000","1","1","1","IAT1007190920","NHO2018000007","PAID","","193082"),
("IATT190001308","193084","191001","192001","30000","1","30000","0","30000","1","1","1","IAT1007190920","NHO2018000007","PAID","LVL 2","PEDAS"),
("IATT190001308","193055","191002","192010","17000","1","17000","0","17000","1","1","1","IAT1007190920","NHO2018000007","PAID","","193055"),
("IATT190001308","193054","191002","192010","20000","1","20000","0","20000","1","1","1","IAT1007190920","NHO2018000007","PAID","","193054"),
("IATT190001308","193052","191002","192010","20000","1","20000","0","20000","1","1","2","IAT1007190920","NHO2018000007","PAID","TAKE AWAY","193052"),
("IATT190001309","193083","191001","192001","30000","1","30000","15000","15000","1","1","1","IAT1007190920","NHO2018000007","PAID","","193083"),
("IATT190001309","193080","191001","192002","33000","1","33000","16500","16500","1","1","1","IAT1007190920","NHO2018000007","PAID","","PEDAS"),
("IATT190001310","193015","191001","192002","33000","1","33000","0","33000","1","1","1","IAT1007190920","NHO2018000007","PAID","Level 2","PEDAS"),
("IATT190001310","193070","191001","192012","13000","1","13000","0","13000","1","1","1","IAT1007190920","NHO2018000007","PAID","","193070"),
("IATT190001310","193055","191002","192010","17000","1","17000","0","17000","1","1","1","IAT1007190920","NHO2018000007","PAID","","193055"),
("IATT190001310","193048","191002","192010","8000","1","8000","0","8000","1","1","2","IAT1007190920","NHO2018000007","PAID","","193048"),
("IATT190001311","193085","191001","192001","30000","1","30000","0","30000","1","1","1","IAT1007190920","NHO2018000007","PAID","minta kuah extra ya\nand sedikit pedas\nthanks","193085"),
("IATT190001311","193028","191001","192003","43000","1","43000","0","43000","1","1","1","IAT1007190920","NHO2018000007","PAID","","193028"),
("IATT190001311","193069","191001","192012","13000","1","13000","0","13000","1","1","1","IAT1007190920","NHO2018000007","PAID","","193069"),
("IATT190001311","193070","191001","192012","13000","1","13000","0","13000","1","1","1","IAT1007190920","NHO2018000007","PAID","","193070"),
("IATT190001311","193052","191002","192010","20000","1","20000","0","20000","1","1","1","IAT1007190920","NHO2018000007","PAID","","193052"),
("IATT190001311","193056","191002","192010","17000","1","17000","0","17000","1","1","1","IAT1007190920","NHO2018000007","PAID","","193056"),
("IATT190001312","193022","191001","192003","30000","1","30000","0","30000","1","1","1","IAT1007190920","NHO2018000007","PAID","","193022"),
("IATT190001312","193022","191001","192003","30000","1","30000","0","30000","2","1","1","IAT1007190920","NHO2018000007","PAID","","193022"),
("IATT190001312","193086","191001","192002","33000","1","33000","0","33000","1","1","1","IAT1007190920","NHO2018000007","PAID","lvl 1","PEDAS"),
("IATT190001312","193048","191002","192010","8000","1","8000","0","8000","1","1","1","IAT1007190920","NHO2018000007","PAID","","193048"),
("IATT190001312","193046","191002","192010","8000","1","8000","0","8000","1","1","1","IAT1007190920","NHO2018000007","PAID","","193046"),
("IATT190001312","193051","191002","192010","20000","1","20000","0","20000","1","1","1","IAT1007190920","NHO2018000007","PAID","","193051"),
("IATT190001313","193082","191001","192001","30000","1","30000","0","30000","1","1","1","IAT1007190920","NHO2018000007","PAID","","193082"),
("IATT190001313","193007","191001","192001","37000","1","37000","0","37000","1","1","1","IAT1007190920","NHO2018000007","PAID","","PEDAS"),
("IATT190001313","193018","191001","192002","37000","1","37000","0","37000","1","1","1","IAT1007190920","NHO2018000007","PAID","","ORIGINAL"),
("IATT190001313","193046","191002","192010","8000","1","8000","0","8000","1","1","1","IAT1007190920","NHO2018000007","PAID","","193046"),
("IATT190001313","193046","191002","192010","8000","1","8000","0","8000","2","1","1","IAT1007190920","NHO2018000007","PAID","","193046"),
("IATT190001314","193006","191001","192001","37000","1","37000","0","37000","1","1","1","IAT1007190920","NHO2018000007","PAID","","193006"),
("IATT190001314","193056","191002","192010","17000","1","17000","0","17000","1","1","1","IAT1007190920","NHO2018000007","PAID","","193056"),
("IATT190001315","193005","191001","192001","37000","1","37000","0","37000","1","1","1","IAT1007190920","NHO2018000007","PAID","","193005"),
("IATT190001315","193007","191001","192001","37000","1","37000","0","37000","1","1","1","IAT1007190920","NHO2018000007","PAID","","PEDAS"),
("IATT190001315","193049","191002","192010","10000","1","10000","0","10000","1","1","1","IAT1007190920","NHO2018000007","PAID","","193049"),
("IATT190001315","193049","191002","192010","10000","1","10000","0","10000","2","1","1","IAT1007190920","NHO2018000007","PAID","","193049"),
("IATT190001316","193076","191001","192001","30000","1","30000","0","30000","1","1","1","IAT1007190920","NHO2018000007","PAID","","193076"),
("IATT190001316","193082","191001","192001","30000","1","30000","0","30000","1","1","1","IAT1007190920","NHO2018000007","PAID","","193082"),
("IATT190001316","193028","191001","192003","43000","1","43000","0","43000","1","1","1","IAT1007190920","NHO2018000007","PAID","","193028"),
("IATT190001316","193028","191001","192003","43000","1","43000","0","43000","2","1","1","IAT1007190920","NHO2018000007","PAID","","193028"),
("IATT190001316","193028","191001","192003","43000","1","43000","0","43000","3","1","1","IAT1007190920","NHO2018000007","PAID","","193028"),
("IATT190001316","193080","191001","192002","33000","1","33000","0","33000","1","1","1","IAT1007190920","NHO2018000007","PAID","lvl 2","PEDAS"),
("IATT190001316","193025","191001","192003","30000","1","30000","0","30000","1","1","1","IAT1007190920","NHO2018000007","PAID","","193025"),
("IATT190001316","193054","191002","192010","20000","1","20000","0","20000","1","1","1","IAT1007190920","NHO2018000007","PAID","","193054"),
("IATT190001316","193051","191002","192010","20000","1","20000","0","20000","1","1","1","IAT1007190920","NHO2018000007","PAID","","193051"),
("IATT190001316","193056","191002","192010","17000","1","17000","0","17000","1","1","1","IAT1007190920","NHO2018000007","PAID","","193056"),
("IATT190001316","193048","191002","192010","8000","1","8000","0","8000","1","1","1","IAT1007190920","NHO2018000007","PAID","","193048"),
("IATT190001316","193048","191002","192010","8000","1","8000","0","8000","2","1","1","IAT1007190920","NHO2018000007","PAID","","193048"),
("IATT190001317","193048","191002","192010","8000","1","8000","0","8000","1","1","1","IAT1007190920","NHO2018000007","PAID","","193048"),
("IATT190001318","193030","191001","192004","27000","1","27000","0","27000","1","1","1","IAT1007190920","NHO2018000007","PAID","","193030"),
("IATT190001318","193055","191002","192010","17000","1","17000","0","17000","1","1","1","IAT1007190920","NHO2018000007","PAID","","193055"),
("IATT190001319","193006","191001","192001","37000","1","37000","0","37000","1","1","1","IAT1007190920","NHO2018000007","PAID","","193006"),
("IATT190001319","193018","191001","192002","37000","1","37000","0","37000","1","1","1","IAT1007190920","NHO2018000007","PAID","","ORIGINAL"),
("IATT190001319","193072","191001","192012","25000","1","25000","0","25000","1","1","1","IAT1007190920","NHO2018000007","PAID","","193072"),
("IATT190001319","193047","191002","192010","8000","1","8000","0","8000","1","1","1","IAT1007190920","NHO2018000007","PAID","","193047"),
("IATT190001319","193054","191002","192010","20000","1","20000","0","20000","1","1","1","IAT1007190920","NHO2018000007","PAID","","193054");



INSERT INTO pos_salestemp VALUES("IATT190001303","","4","174000","0","17400","0","191400","191400","10/07/2019","12:21","2019-07-10","12:56:13","ISU000012","tbl0013","CLOSED","1","","IATR190001262","","","","","IAT1007190920","NHO2018000007"),
("IATT190001304","","1","38000","0","3800","0","41800","102000","10/07/2019","12:31","2019-07-10","13:47:36","ISU000012","tbl0012","CLOSED","1","","IATR190001265","","","","","IAT1007190920","NHO2018000007"),
("IATT190001305","","5","191000","0","19100","0","210100","210100","10/07/2019","12:35","2019-07-10","13:49:18","ISU000012","tbl0024","CLOSED","1","","IATR190001266","","","","","IAT1007190920","NHO2018000007"),
("IATT190001306","","2","123000","0","12300","0","135300","137000","10/07/2019","12:38","2019-07-10","13:44:27","ISU000012","tbl0011","CLOSED","1","","IATR190001264","","","","","IAT1007190920","NHO2018000007"),
("IATT190001307","","1","38000","0","3800","0","41800","50000","10/07/2019","13:12","2019-07-10","13:43:03","ISU000012","tbl0018","CLOSED","1","","IATR190001263","","","","","IAT1007190920","NHO2018000007"),
("IATT190001308","","2","117000","0","11700","0","128700","225000","10/07/2019","13:15","2019-07-10","14:57:50","ISU000012","tbl0010","CLOSED","1","","IATR190001267","","","","","IAT1007190920","NHO2018000007"),
("IATT190001309","","2","63000","31500","3150","0","34650","40000","10/07/2019","14:08","2019-07-10","15:24:20","ISU000012","tbl0012","CLOSED","1","","IATR190001268","","","","","IAT1007190920","NHO2018000007"),
("IATT190001310","","1","71000","0","7100","0","78100","78100","10/07/2019","15:37","2019-07-10","16:35:30","ISU000012","tbl0012","CLOSED","1","","IATR190001269","","","","","IAT1007190920","NHO2018000007"),
("IATT190001311","","2","136000","0","13600","0","149600","225000","10/07/2019","17:09","2019-07-10","19:00:21","ISU000012","tbl0010","CLOSED","1","","IATR190001271","","","","","IAT1007190920","NHO2018000007"),
("IATT190001312","","2","129000","0","12900","0","141900","175000","10/07/2019","17:58","2019-07-10","18:40:25","ISU000012","tbl0012","CLOSED","1","","IATR190001270","","","","","IAT1007190920","NHO2018000007"),
("IATT190001313","","3","120000","0","12000","0","132000","135000","10/07/2019","18:44","2019-07-10","19:46:30","ISU000012","tbl0011","CLOSED","1","","IATR190001273","","","","","IAT1007190920","NHO2018000007"),
("IATT190001314","","2","54000","0","5400","0","59400","100000","10/07/2019","18:45","2019-07-10","19:26:10","ISU000012","tbl0012","CLOSED","1","","IATR190001272","","","","","IAT1007190920","NHO2018000007"),
("IATT190001315","","2","94000","0","9400","0","103400","103400","10/07/2019","18:51","2019-07-10","19:58:30","ISU000012","tbl0005","CLOSED","1","","IATR190001275","","","","","IAT1007190920","NHO2018000007"),
("IATT190001316","","6","325000","0","32500","0","357500","357500","10/07/2019","19:03","2019-07-10","20:13:08","ISU000012","tbl0024","CLOSED","1","","IATR190001276","","","","","IAT1007190920","NHO2018000007"),
("IATT190001317","","1","8000","0","800","0","8800","10000","10/07/2019","19:48","2019-07-10","19:49:13","ISU000012","tbl0020","CLOSED","1","","IATR190001274","","","","","IAT1007190920","NHO2018000007"),
("IATT190001318","","1","44000","0","4400","0","48400","50000","10/07/2019","20:01","2019-07-10","20:27:33","ISU000012","tbl0007","CLOSED","1","","IATR190001277","","","","","IAT1007190920","NHO2018000007"),
("IATT190001319","","2","127000","0","12700","0","139700","140000","10/07/2019","20:11","2019-07-10","20:54:34","ISU000012","tbl0012","CLOSED","1","","IATR190001278","","","","","IAT1007190920","NHO2018000007");



INSERT INTO item_void VALUES("IATT190001303","IAT1007190920","NHO2018000007","193049","193049","1","10000","Before Send","Komplen Customer"),
("IATT190001303","IAT1007190920","NHO2018000007","193049","193049","1","10000","Before Send","Komplen Customer"),
("IATT190001303","IAT1007190920","NHO2018000007","193049","193049","1","10000","Before Send","Komplen Customer");



INSERT INTO pos_promotion_h VALUES("IATT190001309","NPRM18000012","DISC ITEM","1","31500","eatigo 50%","IAT1007190920","PAID","NHO2018000007");



INSERT INTO pos_promotion_d VALUES("IATT190001309","NPRM18000012","DISC ITEM","1","1","193083","1","15000","IAT1007190920","PAID","NHO2018000007"),
("IATT190001309","NPRM18000012","DISC ITEM","1","1","193080","1","16500","IAT1007190920","PAID","NHO2018000007");



INSERT INTO pos_paymenttemp VALUES("IATT190001303","VOUCHER","ISOIDE VOUCHER 25K","25000","25000","ISU000012","2019-07-10","","1","","CLOSED","IAT1007190920","NHO2018000007"),
("IATT190001303","CARD","DEBIT BCA","166400","166400","ISU000012","2019-07-10","","1","","CLOSED","IAT1007190920","NHO2018000007"),
("IATT190001307","CASH","CASH","41800","50000","ISU000012","2019-07-10","","1","","CLOSED","IAT1007190920","NHO2018000007"),
("IATT190001306","VOUCHER","ISOIDE VOUCHER 25K","25000","25000","ISU000012","2019-07-10","","1","","CLOSED","IAT1007190920","NHO2018000007"),
("IATT190001306","CASH","CASH","110300","112000","ISU000012","2019-07-10","","1","","CLOSED","IAT1007190920","NHO2018000007"),
("IATT190001304","CASH","CASH","41800","102000","ISU000012","2019-07-10","","1","","CLOSED","IAT1007190920","NHO2018000007"),
("IATT190001305","VOUCHER","ISOIDE VOUCHER 25K","25000","25000","ISU000012","2019-07-10","","1","","CLOSED","IAT1007190920","NHO2018000007"),
("IATT190001305","VOUCHER","ISOIDE VOUCHER 25K","25000","25000","ISU000012","2019-07-10","","1","","CLOSED","IAT1007190920","NHO2018000007"),
("IATT190001305","CARD","MASTER","160100","160100","ISU000012","2019-07-10","","1","","CLOSED","IAT1007190920","NHO2018000007"),
("IATT190001308","VOUCHER","ISOIDE VOUCHER 25K","25000","25000","ISU000012","2019-07-10","","1","","CLOSED","IAT1007190920","NHO2018000007"),
("IATT190001308","CASH","CASH","103700","200000","ISU000012","2019-07-10","","1","","CLOSED","IAT1007190920","NHO2018000007"),
("IATT190001309","VOUCHER","KUPON PROMO EATIGO 30K","30000","30000","ISU000012","2019-07-10","","1","","CLOSED","IAT1007190920","NHO2018000007"),
("IATT190001309","CASH","CASH","4650","10000","ISU000012","2019-07-10","","1","","CLOSED","IAT1007190920","NHO2018000007"),
("IATT190001310","CARD","VISA","78100","78100","ISU000012","2019-07-10","","1","","CLOSED","IAT1007190920","NHO2018000007"),
("IATT190001312","VOUCHER","ISOIDE VOUCHER 25K","25000","25000","ISU000012","2019-07-10","","1","","CLOSED","IAT1007190920","NHO2018000007"),
("IATT190001312","CASH","CASH","116900","150000","ISU000012","2019-07-10","","1","","CLOSED","IAT1007190920","NHO2018000007"),
("IATT190001311","VOUCHER","ISOIDE VOUCHER 25K","25000","25000","ISU000012","2019-07-10","","1","","CLOSED","IAT1007190920","NHO2018000007"),
("IATT190001311","CASH","CASH","124600","200000","ISU000012","2019-07-10","","1","","CLOSED","IAT1007190920","NHO2018000007"),
("IATT190001314","CASH","CASH","59400","100000","ISU000012","2019-07-10","","1","","CLOSED","IAT1007190920","NHO2018000007"),
("IATT190001313","VOUCHER","ISOIDE VOUCHER 25K","25000","25000","ISU000012","2019-07-10","","1","","CLOSED","IAT1007190920","NHO2018000007"),
("IATT190001313","CASH","CASH","107000","110000","ISU000012","2019-07-10","","1","","CLOSED","IAT1007190920","NHO2018000007"),
("IATT190001317","CASH","CASH","8800","10000","ISU000012","2019-07-10","","1","","CLOSED","IAT1007190920","NHO2018000007"),
("IATT190001315","VOUCHER","ISOIDE VOUCHER 25K","25000","25000","ISU000012","2019-07-10","","1","","CLOSED","IAT1007190920","NHO2018000007"),
("IATT190001315","CARD","VISA","78400","78400","ISU000012","2019-07-10","","1","","CLOSED","IAT1007190920","NHO2018000007"),
("IATT190001316","VOUCHER","ISOIDE VOUCHER 25K","25000","25000","ISU000012","2019-07-10","","1","","CLOSED","IAT1007190920","NHO2018000007"),
("IATT190001316","VOUCHER","ISOIDE VOUCHER 25K","25000","25000","ISU000012","2019-07-10","","1","","CLOSED","IAT1007190920","NHO2018000007"),
("IATT190001316","VOUCHER","ISOIDE VOUCHER 25K","25000","25000","ISU000012","2019-07-10","","1","","CLOSED","IAT1007190920","NHO2018000007"),
("IATT190001316","CARD","MASTER","282500","282500","ISU000012","2019-07-10","","1","","CLOSED","IAT1007190920","NHO2018000007"),
("IATT190001318","CASH","CASH","48400","50000","ISU000012","2019-07-10","","1","","CLOSED","IAT1007190920","NHO2018000007"),
("IATT190001319","VOUCHER","ISOIDE VOUCHER 25K","25000","25000","ISU000012","2019-07-10","","1","","CLOSED","IAT1007190920","NHO2018000007"),
("IATT190001319","CASH","CASH","114700","115000","ISU000012","2019-07-10","","1","","CLOSED","IAT1007190920","NHO2018000007");



