INSERT INTO pos_itemtemp VALUES("IATT200004763","193048","191002","192010","8000","1","8000","0","8000","1","1","1","IAT1201200854","NHO2018000007","PAID","","193048"),
("IATT200004763","193048","191002","192010","8000","1","8000","0","8000","2","1","1","IAT1201200854","NHO2018000007","PAID","","193048"),
("IATT200004764","193053","191002","192010","20000","1","20000","0","20000","1","1","1","IAT1201200854","NHO2018000007","PAID","","193053"),
("IATT200004764","193072","191001","192012","25000","1","25000","0","25000","1","1","1","IAT1201200854","NHO2018000007","PAID","","193072"),
("IATT200004764","193009","191001","192001","40000","1","40000","0","40000","1","1","1","IAT1201200854","NHO2018000007","PAID","","193009"),
("IATT200004764","193114","191001","192006","42000","1","42000","0","42000","1","1","1","IAT1201200854","NHO2018000007","PAID","","193114"),
("IATT200004764","193053","191002","192010","20000","1","20000","0","20000","2","1","2","IAT1201200854","NHO2018000007","PAID","","193053"),
("IATT200004765","193084","191001","192001","30000","1","30000","15000","15000","1","1","1","IAT1201200854","NHO2018000007","PAID","","PEDAS"),
("IATT200004765","193084","191001","192001","30000","1","30000","15000","15000","2","1","1","IAT1201200854","NHO2018000007","PAID","","PEDAS"),
("IATT200004765","193084","191001","192001","30000","1","30000","15000","15000","3","1","1","IAT1201200854","NHO2018000007","PAID","","PEDAS"),
("IATT200004765","193084","191001","192001","30000","1","30000","15000","15000","4","1","1","IAT1201200854","NHO2018000007","PAID","","PEDAS"),
("IATT200004765","193084","191001","192001","30000","1","30000","15000","15000","5","1","1","IAT1201200854","NHO2018000007","PAID","","PEDAS"),
("IATT200004765","193007","191001","192001","37000","1","37000","18500","18500","1","1","1","IAT1201200854","NHO2018000007","PAID","","PEDAS"),
("IATT200004765","193054","191002","192010","20000","1","20000","0","20000","1","1","1","IAT1201200854","NHO2018000007","PAID","","193054"),
("IATT200004765","193054","191002","192010","20000","1","20000","0","20000","2","1","1","IAT1201200854","NHO2018000007","PAID","","193054"),
("IATT200004765","193054","191002","192010","20000","1","20000","0","20000","3","1","1","IAT1201200854","NHO2018000007","PAID","","193054"),
("IATT200004765","193054","191002","192010","20000","1","20000","0","20000","4","1","1","IAT1201200854","NHO2018000007","PAID","","193054"),
("IATT200004765","193055","191002","192010","17000","1","17000","0","17000","1","1","1","IAT1201200854","NHO2018000007","PAID","","193055"),
("IATT200004765","193055","191002","192010","17000","1","17000","0","17000","2","1","1","IAT1201200854","NHO2018000007","PAID","","193055"),
("IATT200004765","193055","191002","192010","17000","1","17000","0","17000","3","1","1","IAT1201200854","NHO2018000007","PAID","","193055"),
("IATT200004765","193055","191002","192010","17000","1","17000","0","17000","4","1","1","IAT1201200854","NHO2018000007","PAID","","193055"),
("IATT200004765","193024","191001","192003","30000","1","30000","0","30000","1","1","1","IAT1201200854","NHO2018000007","PAID","","193024"),
("IATT200004765","193041","191001","192008","20000","1","20000","0","20000","1","1","1","IAT1201200854","NHO2018000007","PAID","","193041"),
("IATT200004765","193055","191002","192010","17000","1","17000","0","17000","5","1","2","IAT1201200854","NHO2018000007","PAID","","193055"),
("IATT200004766","193083","191001","192001","30000","1","30000","0","30000","1","1","1","IAT1201200854","NHO2018000007","PAID","","193083"),
("IATT200004766","193018","191001","192002","37000","1","37000","0","37000","1","1","1","IAT1201200854","NHO2018000007","PAID","","ORIGINAL"),
("IATT200004766","193047","191002","192010","10000","1","10000","0","10000","1","1","1","IAT1201200854","NHO2018000007","PAID","","193047"),
("IATT200004766","193052","191002","192010","20000","1","20000","0","20000","1","1","1","IAT1201200854","NHO2018000007","PAID","","193052"),
("IATT200004767","193027","191001","192003","43000","1","43000","0","43000","1","1","1","IAT1201200854","NHO2018000007","PAID","","193027"),
("IATT200004767","193044","191001","192008","25000","1","25000","0","25000","1","1","1","IAT1201200854","NHO2018000007","PAID","","193044"),
("IATT200004767","193076","191001","192001","30000","1","30000","0","30000","1","1","1","IAT1201200854","NHO2018000007","PAID","","193076"),
("IATT200004767","193054","191002","192010","20000","1","20000","0","20000","1","1","1","IAT1201200854","NHO2018000007","PAID","","193054"),
("IATT200004767","193052","191002","192010","20000","1","20000","0","20000","1","1","1","IAT1201200854","NHO2018000007","PAID","","193052"),
("IATT200004768","193084","191001","192001","30000","1","30000","15000","15000","1","1","1","IAT1201200854","NHO2018000007","PAID","","PEDAS"),
("IATT200004768","193086","191001","192002","33000","1","33000","16500","16500","1","1","1","IAT1201200854","NHO2018000007","PAID","","PEDAS"),
("IATT200004768","193021","191001","192002","40000","1","40000","20000","20000","1","1","1","IAT1201200854","NHO2018000007","PAID","","PEDAS"),
("IATT200004768","193033","191001","192005","42000","1","42000","21000","21000","1","1","1","IAT1201200854","NHO2018000007","PAID","","193033"),
("IATT200004768","193082","191001","192001","30000","1","30000","15000","15000","1","1","1","IAT1201200854","NHO2018000007","PAID","","193082"),
("IATT200004768","193046","191002","192010","10000","1","10000","0","10000","1","1","1","IAT1201200854","NHO2018000007","PAID","","193046"),
("IATT200004768","193046","191002","192010","10000","1","10000","0","10000","2","1","1","IAT1201200854","NHO2018000007","PAID","","193046"),
("IATT200004768","193048","191002","192010","8000","1","8000","0","8000","1","1","1","IAT1201200854","NHO2018000007","PAID","","193048"),
("IATT200004769","193011","191001","192001","40000","1","40000","4000","36000","1","1","1","IAT1201200854","NHO2018000007","PAID","","PEDAS"),
("IATT200004769","193025","191001","192003","30000","1","30000","0","30000","1","1","1","IAT1201200854","NHO2018000007","PAID","","193025"),
("IATT200004769","193118","191001","192012","20000","1","20000","2000","18000","1","1","1","IAT1201200854","NHO2018000007","PAID","","193118"),
("IATT200004769","193054","191002","192010","20000","1","20000","0","20000","1","1","1","IAT1201200854","NHO2018000007","PAID","","193054"),
("IATT200004769","193054","191002","192010","20000","1","20000","0","20000","2","1","1","IAT1201200854","NHO2018000007","PAID","","193054"),
("IATT200004770","193022","191001","192003","30000","1","30000","0","30000","1","1","1","IAT1201200854","NHO2018000007","PAID","TAKE AWAy","193022"),
("IATT200004771","193113","191001","192003","55000","1","55000","0","55000","1","1","1","IAT1201200854","NHO2018000007","PAID","","193113"),
("IATT200004771","193011","191001","192001","40000","1","40000","0","40000","1","1","1","IAT1201200854","NHO2018000007","PAID","","PEDAS"),
("IATT200004771","193021","191001","192002","40000","1","40000","0","40000","1","1","1","IAT1201200854","NHO2018000007","PAID","","PEDAS"),
("IATT200004771","193029","191001","192004","27000","1","27000","0","27000","1","1","1","IAT1201200854","NHO2018000007","PAID","","193029"),
("IATT200004771","193056","191002","192010","17000","1","17000","0","17000","1","1","1","IAT1201200854","NHO2018000007","PAID","","193056"),
("IATT200004771","193046","191002","192010","10000","1","10000","0","10000","1","1","1","IAT1201200854","NHO2018000007","PAID","","193046"),
("IATT200004771","193046","191002","192010","10000","1","10000","0","10000","2","1","1","IAT1201200854","NHO2018000007","PAID","","193046"),
("IATT200004772","193054","191002","192010","20000","1","20000","0","20000","1","1","1","IAT1201200854","NHO2018000007","PAID","","193054"),
("IATT200004772","193055","191002","192010","17000","1","17000","0","17000","1","1","1","IAT1201200854","NHO2018000007","PAID","","193055"),
("IATT200004772","193082","191001","192001","30000","1","30000","3000","27000","1","1","1","IAT1201200854","NHO2018000007","PAID","sambel pisah ","193082"),
("IATT200004773","193024","191001","192003","30000","1","30000","0","30000","1","1","1","IAT1201200854","NHO2018000007","PAID","","193024"),
("IATT200004773","193024","191001","192003","30000","1","30000","0","30000","2","1","1","IAT1201200854","NHO2018000007","PAID","","193024"),
("IATT200004773","193054","191002","192010","20000","1","20000","0","20000","1","1","1","IAT1201200854","NHO2018000007","PAID","","193054"),
("IATT200004773","193047","191002","192010","10000","1","10000","0","10000","1","1","1","IAT1201200854","NHO2018000007","PAID","","193047"),
("IATT200004774","193024","191001","192003","30000","1","30000","0","30000","1","1","1","IAT1201200854","NHO2018000007","PAID","","193024"),
("IATT200004774","193024","191001","192003","30000","1","30000","0","30000","2","1","1","IAT1201200854","NHO2018000007","PAID","","193024"),
("IATT200004774","193047","191002","192010","10000","1","10000","0","10000","1","1","1","IAT1201200854","NHO2018000007","PAID","","193047"),
("IATT200004774","193047","191002","192010","10000","1","10000","0","10000","2","1","1","IAT1201200854","NHO2018000007","PAID","","193047"),
("IATT200004774","193118","191001","192012","20000","1","20000","0","20000","1","1","1","IAT1201200854","NHO2018000007","PAID","","193118"),
("IATT200004775","193054","191002","192010","20000","1","20000","0","20000","1","1","1","IAT1201200854","NHO2018000007","PAID","","193054"),
("IATT200004775","193052","191002","192010","20000","1","20000","0","20000","1","1","1","IAT1201200854","NHO2018000007","PAID","","193052"),
("IATT200004775","193035","191001","192006","32000","1","32000","0","32000","1","1","1","IAT1201200854","NHO2018000007","PAID","","ORIGINAL"),
("IATT200004775","193024","191001","192003","30000","1","30000","0","30000","1","1","1","IAT1201200854","NHO2018000007","PAID","","193024"),
("IATT200004771","193047","191002","192010","10000","1","10000","0","10000","1","1","2","IAT1201200854","NHO2018000007","PAID","","193047"),
("IATT200004776","193084","191001","192001","30000","1","30000","0","30000","1","1","1","IAT1201200854","NHO2018000007","PAID","","PEDAS"),
("IATT200004776","193046","191002","192010","10000","1","10000","0","10000","1","1","1","IAT1201200854","NHO2018000007","PAID","","193046"),
("IATT200004777","193114","191001","192006","42000","1","42000","4200","37800","1","1","1","IAT1201200854","NHO2018000007","PAID","pedas sedang aja","193114"),
("IATT200004777","193028","191001","192003","43000","1","43000","0","43000","1","1","1","IAT1201200854","NHO2018000007","PAID","","193028"),
("IATT200004777","193055","191002","192010","17000","1","17000","0","17000","1","1","1","IAT1201200854","NHO2018000007","PAID","","193055"),
("IATT200004777","193054","191002","192010","20000","1","20000","0","20000","1","1","1","IAT1201200854","NHO2018000007","PAID","","193054"),
("IATT200004778","193019","191001","192002","40000","1","40000","0","40000","1","1","1","IAT1201200854","NHO2018000007","PAID","","PEDAS"),
("IATT200004778","193012","191001","192001","40000","1","40000","0","40000","1","1","1","IAT1201200854","NHO2018000007","PAID","","193012"),
("IATT200004778","193048","191002","192010","8000","1","8000","0","8000","1","1","1","IAT1201200854","NHO2018000007","PAID","","193048"),
("IATT200004778","193055","191002","192010","17000","1","17000","0","17000","1","1","1","IAT1201200854","NHO2018000007","PAID","","193055"),
("IATT200004779","193084","191001","192001","30000","1","30000","9000","21000","1","1","1","IAT1201200854","NHO2018000007","PAID","","PEDAS"),
("IATT200004779","193078","191001","192001","30000","1","30000","9000","21000","1","1","1","IAT1201200854","NHO2018000007","PAID","","PEDAS"),
("IATT200004779","193071","191001","192012","18000","1","18000","5400","12600","1","1","1","IAT1201200854","NHO2018000007","PAID","","193071"),
("IATT200004779","193048","191002","192010","8000","1","8000","0","8000","1","1","1","IAT1201200854","NHO2018000007","PAID","","193048"),
("IATT200004779","193048","191002","192010","8000","1","8000","0","8000","2","1","1","IAT1201200854","NHO2018000007","PAID","","193048"),
("IATT200004780","193077","191001","192001","30000","1","30000","6000","24000","1","1","1","IAT1201200854","NHO2018000007","PAID","","193077"),
("IATT200004780","193083","191001","192001","30000","1","30000","6000","24000","1","1","1","IAT1201200854","NHO2018000007","PAID","","193083"),
("IATT200004780","193022","191001","192003","30000","1","30000","0","30000","1","1","1","IAT1201200854","NHO2018000007","PAID","","193022"),
("IATT200004780","193048","191002","192010","8000","1","8000","0","8000","1","1","1","IAT1201200854","NHO2018000007","PAID","","193048"),
("IATT200004780","193048","191002","192010","8000","1","8000","0","8000","2","1","1","IAT1201200854","NHO2018000007","PAID","","193048"),
("IATT200004780","193118","191001","192012","20000","1","20000","4000","16000","1","1","1","IAT1201200854","NHO2018000007","PAID","","193118"),
("IATT200004781","193084","191001","192001","30000","1","30000","6000","24000","1","1","1","IAT1201200854","NHO2018000007","PAID","sedeng\n","PEDAS"),
("IATT200004781","193085","191001","192001","30000","1","30000","6000","24000","1","1","1","IAT1201200854","NHO2018000007","PAID","","193085"),
("IATT200004781","193046","191002","192010","10000","1","10000","0","10000","1","1","1","IAT1201200854","NHO2018000007","PAID","","193046"),
("IATT200004781","193047","191002","192010","10000","1","10000","0","10000","1","1","1","IAT1201200854","NHO2018000007","PAID","","193047"),
("IATT200004782","193082","191001","192001","30000","1","30000","9000","21000","1","1","1","IAT1201200854","NHO2018000007","PAID","","193082"),
("IATT200004782","193019","191001","192002","40000","1","40000","12000","28000","1","1","1","IAT1201200854","NHO2018000007","PAID","","PEDAS"),
("IATT200004782","193087","191001","192002","33000","1","33000","9900","23100","1","1","1","IAT1201200854","NHO2018000007","PAID","","193087"),
("IATT200004782","193022","191001","192003","30000","1","30000","0","30000","1","1","1","IAT1201200854","NHO2018000007","PAID","","193022"),
("IATT200004782","193047","191002","192010","10000","1","10000","0","10000","1","1","1","IAT1201200854","NHO2018000007","PAID","","193047"),
("IATT200004782","193055","191002","192010","17000","1","17000","0","17000","1","1","1","IAT1201200854","NHO2018000007","PAID","","193055"),
("IATT200004782","193055","191002","192010","17000","1","17000","0","17000","2","1","1","IAT1201200854","NHO2018000007","PAID","","193055"),
("IATT200004782","193048","191002","192010","8000","1","8000","0","8000","1","1","1","IAT1201200854","NHO2018000007","PAID","","193048"),
("IATT200004783","193030","191001","192004","27000","1","27000","5400","21600","1","1","1","IAT1201200854","NHO2018000007","PAID","","193030"),
("IATT200004783","193029","191001","192004","27000","1","27000","5400","21600","1","1","1","IAT1201200854","NHO2018000007","PAID","","193029"),
("IATT200004783","193046","191002","192010","10000","1","10000","0","10000","1","1","1","IAT1201200854","NHO2018000007","PAID","","193046"),
("IATT200004783","193046","191002","192010","10000","1","10000","0","10000","2","1","1","IAT1201200854","NHO2018000007","PAID","","193046"),
("IATT200004784","193113","191001","192003","55000","1","55000","0","55000","1","1","1","IAT1201200854","NHO2018000007","PAID","","193113"),
("IATT200004784","193096","191001","192008","50000","1","50000","0","50000","1","1","1","IAT1201200854","NHO2018000007","PAID","PEDAAS","193096"),
("IATT200004784","193046","191002","192010","10000","1","10000","0","10000","1","1","1","IAT1201200854","NHO2018000007","PAID","","193046"),
("IATT200004784","193055","191002","192010","17000","1","17000","0","17000","1","1","1","IAT1201200854","NHO2018000007","PAID","","193055"),
("IATT200004785","193028","191001","192003","43000","1","43000","0","43000","1","1","1","IAT1201200854","NHO2018000007","PAID","","193028"),
("IATT200004785","193022","191001","192003","30000","1","30000","0","30000","1","1","1","IAT1201200854","NHO2018000007","PAID","","193022"),
("IATT200004785","193046","191002","192010","10000","1","10000","0","10000","1","1","1","IAT1201200854","NHO2018000007","PAID","","193046"),
("IATT200004785","193046","191002","192010","10000","1","10000","0","10000","2","1","1","IAT1201200854","NHO2018000007","PAID","","193046"),
("IATT200004786","193084","191001","192001","30000","1","30000","3000","27000","1","1","1","IAT1201200854","NHO2018000007","PAID","","PEDAS"),
("IATT200004786","193055","191002","192010","17000","1","17000","0","17000","1","1","1","IAT1201200854","NHO2018000007","PAID","","193055"),
("IATT200004787","193051","191002","192010","20000","1","20000","0","20000","1","1","1","IAT1201200854","NHO2018000007","PAID","","193051"),
("IATT200004787","193079","191001","192001","30000","1","30000","0","30000","1","1","1","IAT1201200854","NHO2018000007","PAID","","193079"),
("IATT200004788","193025","191001","192003","30000","1","30000","0","30000","1","1","1","IAT1201200854","NHO2018000007","PAID","","193025"),
("IATT200004788","193084","191001","192001","30000","1","30000","0","30000","1","1","1","IAT1201200854","NHO2018000007","PAID","","PEDAS"),
("IATT200004788","193047","191002","192010","10000","1","10000","0","10000","1","1","1","IAT1201200854","NHO2018000007","PAID","","193047"),
("IATT200004788","193047","191002","192010","10000","1","10000","0","10000","2","1","1","IAT1201200854","NHO2018000007","PAID","","193047");



INSERT INTO pos_salestemp VALUES("IATT200004763","","1","16000","0","1600","0","17600","50000","12/01/2020","11:07","2020-01-12","11:07:49","ISU000006","tbl0012","CLOSED","1","","IATR200004633","","","","","IAT1201200854","NHO2018000007"),
("IATT200004764","","2","147000","0","14700","0","161700","200000","12/01/2020","11:10","2020-01-12","11:52:04","ISU000006","tbl0012","CLOSED","1","","IATR200004634","","","","","IAT1201200854","NHO2018000007"),
("IATT200004765","","5","402000","93500","30850","0","339350","339350","12/01/2020","11:58","2020-01-12","12:40:25","ISU000006","tbl0022","CLOSED","1","","IATR200004635","","","","","IAT1201200854","NHO2018000007"),
("IATT200004766","","2","97000","0","9700","0","106700","110000","12/01/2020","12:06","2020-01-12","12:47:33","ISU000006","tbl0010","CLOSED","1","","IATR200004636","","","","","IAT1201200854","NHO2018000007"),
("IATT200004767","","2","138000","0","13800","0","151800","152000","12/01/2020","12:09","2020-01-12","13:37:07","ISU000006","tbl0012","CLOSED","1","","IATR200004637","","","","","IAT1201200854","NHO2018000007"),
("IATT200004768","","4","203000","87500","11550","0","127050","127050","12/01/2020","13:13","2020-01-12","13:57:31","ISU000006","tbl0010","CLOSED","1","","IATR200004638","","","","","IAT1201200854","NHO2018000007"),
("IATT200004769","","2","130000","6000","12400","0","136400","150000","12/01/2020","13:51","2020-01-12","14:37:53","ISU000004","tbl0012","CLOSED","1","","IATR200004639","","","","","IAT1201200854","NHO2018000007"),
("IATT200004770","","1","30000","0","3000","0","33000","33000","12/01/2020","15:44","2020-01-12","15:46:04","ISU000004","tbl0001","CLOSED","1","","IATR200004640","","","","","IAT1201200854","NHO2018000007"),
("IATT200004771","","0","209000","0","20900","0","229900","230000","12/01/2020","16:03","2020-01-12","16:59:18","ISU000004","tbl0012","CLOSED","1","","IATR200004643","","","","","IAT1201200854","NHO2018000007"),
("IATT200004772","","2","67000","3000","6400","0","70400","100000","12/01/2020","16:05","2020-01-12","16:45:15","ISU000004","tbl0010","CLOSED","1","","IATR200004641","","","","","IAT1201200854","NHO2018000007"),
("IATT200004773","","2","90000","0","9000","0","99000","100000","12/01/2020","16:23","2020-01-12","17:04:02","ISU000004","tbl0011","CLOSED","1","","IATR200004644","","","","","IAT1201200854","NHO2018000007"),
("IATT200004774","","2","100000","0","10000","0","110000","200000","12/01/2020","16:23","2020-01-12","17:07:16","ISU000004","tbl0008","CLOSED","1","","IATR200004645","","","","","IAT1201200854","NHO2018000007"),
("IATT200004775","","2","102000","0","10200","0","112200","115000","12/01/2020","16:35","2020-01-12","17:08:29","ISU000004","tbl0014","CLOSED","1","","IATR200004646","","","","","IAT1201200854","NHO2018000007"),
("IATT200004776","","1","40000","0","4000","0","44000","50000","12/01/2020","16:42","2020-01-12","17:09:11","ISU000004","tbl0004","CLOSED","1","","IATR200004647","","","","","IAT1201200854","NHO2018000007"),
("IATT200004777","","2","122000","4200","11780","0","129580","150000","12/01/2020","16:51","2020-01-12","16:54:33","ISU000004","tbl0010","CLOSED","1","","IATR200004642","","","","","IAT1201200854","NHO2018000007"),
("IATT200004778","","2","105000","0","10500","0","115500","115500","12/01/2020","17:01","2020-01-12","18:07:02","ISU000004","tbl0011","CLOSED","1","","IATR200004648","","","","","IAT1201200854","NHO2018000007"),
("IATT200004779","","2","94000","23400","7060","0","77660","80000","12/01/2020","17:20","2020-01-12","18:09:08","ISU000004","tbl0012","CLOSED","1","","IATR200004650","","","","","IAT1201200854","NHO2018000007"),
("IATT200004780","","3","126000","16000","11000","0","121000","121000","12/01/2020","17:43","2020-01-12","18:07:53","ISU000004","tbl0014","CLOSED","1","","IATR200004649","","","","","IAT1201200854","NHO2018000007"),
("IATT200004781","","2","80000","12000","6800","0","74800","100000","12/01/2020","18:19","2020-01-12","18:41:59","ISU000004","tbl0011","CLOSED","1","","IATR200004651","","","","","IAT1201200854","NHO2018000007"),
("IATT200004782","","3","185000","30900","15410","0","169510","169510","12/01/2020","18:58","2020-01-12","19:35:00","ISU000004","tbl0011","CLOSED","1","","IATR200004652","","","","","IAT1201200854","NHO2018000007"),
("IATT200004783","NHM2020000047 Shinta Pangestuningtyas","2","74000","10800","6320","0","69520","70000","12/01/2020","19:12","2020-01-12","19:50:27","ISU000004","tbl0010","CLOSED","1","","IATR200004653","","","","","IAT1201200854","NHO2018000007"),
("IATT200004784","","2","132000","0","13200","0","145200","145200","12/01/2020","20:12","2020-01-12","20:47:13","ISU000004","tbl0010","CLOSED","1","","IATR200004654","","","","","IAT1201200854","NHO2018000007"),
("IATT200004785","","2","93000","0","9300","0","102300","105000","12/01/2020","20:13","2020-01-12","20:57:25","ISU000004","tbl0012","CLOSED","1","","IATR200004656","","","","","IAT1201200854","NHO2018000007"),
("IATT200004786","","2","47000","3000","4400","0","48400","50000","12/01/2020","20:23","2020-01-12","21:05:42","ISU000004","tbl0021","CLOSED","1","","IATR200004657","","","","","IAT1201200854","NHO2018000007"),
("IATT200004787","","0","50000","0","5000","0","55000","55000","12/01/2020","20:28","2020-01-12","21:06:38","ISU000004","tbl0020","CLOSED","1","","IATR200004658","","","","","IAT1201200854","NHO2018000007"),
("IATT200004788","","2","80000","0","8000","0","88000","88000","12/01/2020","20:28","2020-01-12","20:50:39","ISU000004","tbl0011","CLOSED","1","","IATR200004655","","","","","IAT1201200854","NHO2018000007");



INSERT INTO item_void VALUES("IATT200004786","IAT1201200854","NHO2018000007","193051","193051","1","20000","Before Send","Komplen Customer"),
("IATT200004786","IAT1201200854","NHO2018000007","193079","193079","1","30000","Before Send","Komplen Customer");



INSERT INTO pos_promotion_h VALUES("IATT200004765","NPRM18000027","DISC ITEM","1","93500","KANAN KIRI DISKON 50%","IAT1201200854","PAID","NHO2018000007"),
("IATT200004768","NPRM18000027","DISC ITEM","1","87500","KANAN KIRI DISKON 50%","IAT1201200854","PAID","NHO2018000007"),
("IATT200004769","NPRM18000023","DISC ITEM","1","6000","KANAN KIRI DISKON 10%","IAT1201200854","PAID","NHO2018000007"),
("IATT200004772","NPRM18000023","DISC ITEM","1","3000","KANAN KIRI DISKON 10%","IAT1201200854","PAID","NHO2018000007"),
("IATT200004777","NPRM18000023","DISC ITEM","1","4200","KANAN KIRI DISKON 10%","IAT1201200854","PAID","NHO2018000007"),
("IATT200004780","NPRM18000024","DISC ITEM","1","16000","KANAN KIRI DISKON 20%","IAT1201200854","PAID","NHO2018000007"),
("IATT200004779","NPRM18000025","DISC ITEM","1","23400","KANAN KIRI DISKON 30%","IAT1201200854","PAID","NHO2018000007"),
("IATT200004781","NPRM18000024","DISC ITEM","1","12000","KANAN KIRI DISKON 20%","IAT1201200854","PAID","NHO2018000007"),
("IATT200004782","NPRM18000025","DISC ITEM","1","30900","KANAN KIRI DISKON 30%","IAT1201200854","PAID","NHO2018000007"),
("IATT200004783","NPRM18000024","DISC ITEM","1","10800","KANAN KIRI DISKON 20%","IAT1201200854","PAID","NHO2018000007"),
("IATT200004786","NPRM18000023","DISC ITEM","1","3000","KANAN KIRI DISKON 10%","IAT1201200854","PAID","NHO2018000007");



INSERT INTO pos_promotion_d VALUES("IATT200004765","NPRM18000027","DISC ITEM","1","1","193084","1","15000","IAT1201200854","PAID","NHO2018000007"),
("IATT200004765","NPRM18000027","DISC ITEM","1","1","193084","2","15000","IAT1201200854","PAID","NHO2018000007"),
("IATT200004765","NPRM18000027","DISC ITEM","1","1","193084","3","15000","IAT1201200854","PAID","NHO2018000007"),
("IATT200004765","NPRM18000027","DISC ITEM","1","1","193084","4","15000","IAT1201200854","PAID","NHO2018000007"),
("IATT200004765","NPRM18000027","DISC ITEM","1","1","193084","5","15000","IAT1201200854","PAID","NHO2018000007"),
("IATT200004765","NPRM18000027","DISC ITEM","1","1","193007","1","18500","IAT1201200854","PAID","NHO2018000007"),
("IATT200004768","NPRM18000027","DISC ITEM","1","1","193084","1","15000","IAT1201200854","PAID","NHO2018000007"),
("IATT200004768","NPRM18000027","DISC ITEM","1","1","193086","1","16500","IAT1201200854","PAID","NHO2018000007"),
("IATT200004768","NPRM18000027","DISC ITEM","1","1","193021","1","20000","IAT1201200854","PAID","NHO2018000007"),
("IATT200004768","NPRM18000027","DISC ITEM","1","1","193033","1","21000","IAT1201200854","PAID","NHO2018000007"),
("IATT200004768","NPRM18000027","DISC ITEM","1","1","193082","1","15000","IAT1201200854","PAID","NHO2018000007"),
("IATT200004769","NPRM18000023","DISC ITEM","1","1","193011","1","4000","IAT1201200854","PAID","NHO2018000007"),
("IATT200004769","NPRM18000023","DISC ITEM","1","1","193118","1","2000","IAT1201200854","PAID","NHO2018000007"),
("IATT200004772","NPRM18000023","DISC ITEM","1","1","193082","1","3000","IAT1201200854","PAID","NHO2018000007"),
("IATT200004777","NPRM18000023","DISC ITEM","1","1","193114","1","4200","IAT1201200854","PAID","NHO2018000007"),
("IATT200004780","NPRM18000024","DISC ITEM","1","1","193077","1","6000","IAT1201200854","PAID","NHO2018000007"),
("IATT200004780","NPRM18000024","DISC ITEM","1","1","193083","1","6000","IAT1201200854","PAID","NHO2018000007"),
("IATT200004780","NPRM18000024","DISC ITEM","1","1","193118","1","4000","IAT1201200854","PAID","NHO2018000007"),
("IATT200004779","NPRM18000025","DISC ITEM","1","1","193084","1","9000","IAT1201200854","PAID","NHO2018000007"),
("IATT200004779","NPRM18000025","DISC ITEM","1","1","193078","1","9000","IAT1201200854","PAID","NHO2018000007"),
("IATT200004779","NPRM18000025","DISC ITEM","1","1","193071","1","5400","IAT1201200854","PAID","NHO2018000007"),
("IATT200004781","NPRM18000024","DISC ITEM","1","1","193084","1","6000","IAT1201200854","PAID","NHO2018000007"),
("IATT200004781","NPRM18000024","DISC ITEM","1","1","193085","1","6000","IAT1201200854","PAID","NHO2018000007"),
("IATT200004782","NPRM18000025","DISC ITEM","1","1","193082","1","9000","IAT1201200854","PAID","NHO2018000007"),
("IATT200004782","NPRM18000025","DISC ITEM","1","1","193019","1","12000","IAT1201200854","PAID","NHO2018000007"),
("IATT200004782","NPRM18000025","DISC ITEM","1","1","193087","1","9900","IAT1201200854","PAID","NHO2018000007"),
("IATT200004783","NPRM18000024","DISC ITEM","1","1","193030","1","5400","IAT1201200854","PAID","NHO2018000007"),
("IATT200004783","NPRM18000024","DISC ITEM","1","1","193029","1","5400","IAT1201200854","PAID","NHO2018000007"),
("IATT200004786","NPRM18000023","DISC ITEM","1","1","193084","1","3000","IAT1201200854","PAID","NHO2018000007");



INSERT INTO pos_paymenttemp VALUES("IATT200004763","CASH","CASH","17600","50000","ISU000006","2020-01-12","","1","","CLOSED","IAT1201200854","NHO2018000007"),
("IATT200004764","CASH","CASH","161700","200000","ISU000006","2020-01-12","","1","","CLOSED","IAT1201200854","NHO2018000007"),
("IATT200004765","CARD","DEBIT BCA","339350","339350","ISU000006","2020-01-12","","1","","CLOSED","IAT1201200854","NHO2018000007"),
("IATT200004766","CASH","CASH","106700","110000","ISU000006","2020-01-12","","1","","CLOSED","IAT1201200854","NHO2018000007"),
("IATT200004767","CASH","CASH","151800","152000","ISU000006","2020-01-12","","1","","CLOSED","IAT1201200854","NHO2018000007"),
("IATT200004768","CARD","VISA","127050","127050","ISU000006","2020-01-12","","1","","CLOSED","IAT1201200854","NHO2018000007"),
("IATT200004769","CASH","CASH","136400","150000","ISU000004","2020-01-12","","1","","CLOSED","IAT1201200854","NHO2018000007"),
("IATT200004770","CASH","OVO","33000","33000","ISU000004","2020-01-12","","1","","CLOSED","IAT1201200854","NHO2018000007"),
("IATT200004772","CASH","CASH","70400","100000","ISU000004","2020-01-12","","1","","CLOSED","IAT1201200854","NHO2018000007"),
("IATT200004777","CASH","CASH","129580","150000","ISU000004","2020-01-12","","1","","CLOSED","IAT1201200854","NHO2018000007"),
("IATT200004771","CASH","CASH","229900","230000","ISU000004","2020-01-12","","1","","CLOSED","IAT1201200854","NHO2018000007"),
("IATT200004773","VOUCHER","E-Voucher 50K Bloggers X ","50000","50000","ISU000004","2020-01-12","","1","NHV20200109000075","CLOSED","IAT1201200854","NHO2018000007"),
("IATT200004773","VOUCHER","E-Voucher 50K Bloggers X ","50000","50000","ISU000004","2020-01-12","","1","NHV20200109000082","CLOSED","IAT1201200854","NHO2018000007"),
("IATT200004774","VOUCHER","E-Voucher 50K Bloggers X ","50000","50000","ISU000004","2020-01-12","","1","NHV20200109000104","CLOSED","IAT1201200854","NHO2018000007"),
("IATT200004774","VOUCHER","E-Voucher 50K Bloggers X ","50000","50000","ISU000004","2020-01-12","","1","NHV20200109000111","CLOSED","IAT1201200854","NHO2018000007"),
("IATT200004774","CASH","CASH","10000","100000","ISU000004","2020-01-12","","1","","CLOSED","IAT1201200854","NHO2018000007"),
("IATT200004775","CASH","CASH","112200","115000","ISU000004","2020-01-12","","1","","CLOSED","IAT1201200854","NHO2018000007"),
("IATT200004776","CASH","CASH","44000","50000","ISU000004","2020-01-12","","1","","CLOSED","IAT1201200854","NHO2018000007"),
("IATT200004778","CARD","VISA","115500","115500","ISU000004","2020-01-12","","1","","CLOSED","IAT1201200854","NHO2018000007"),
("IATT200004780","CARD","DEBIT BCA","121000","121000","ISU000004","2020-01-12","","1","","CLOSED","IAT1201200854","NHO2018000007"),
("IATT200004779","CASH","CASH","77660","80000","ISU000004","2020-01-12","","1","","CLOSED","IAT1201200854","NHO2018000007"),
("IATT200004781","CASH","CASH","74800","100000","ISU000004","2020-01-12","","1","","CLOSED","IAT1201200854","NHO2018000007"),
("IATT200004782","CARD","DEBIT BCA","169510","169510","ISU000004","2020-01-12","","1","","CLOSED","IAT1201200854","NHO2018000007"),
("IATT200004783","CASH","CASH","69520","70000","ISU000004","2020-01-12","","1","","CLOSED","IAT1201200854","NHO2018000007"),
("IATT200004784","CASH","OVO","145200","145200","ISU000004","2020-01-12","","1","","CLOSED","IAT1201200854","NHO2018000007"),
("IATT200004788","CASH","OVO","88000","88000","ISU000004","2020-01-12","","1","","CLOSED","IAT1201200854","NHO2018000007"),
("IATT200004785","CASH","CASH","102300","105000","ISU000004","2020-01-12","","1","","CLOSED","IAT1201200854","NHO2018000007"),
("IATT200004786","CASH","CASH","48400","50000","ISU000004","2020-01-12","","1","","CLOSED","IAT1201200854","NHO2018000007"),
("IATT200004787","CASH","OVO","55000","55000","ISU000004","2020-01-12","","1","","CLOSED","IAT1201200854","NHO2018000007");



