INSERT INTO pos_itemtemp VALUES("IATT190003752","193011","191001","192001","40000","1","40000","17600","22400","1","1","1","IAT1111191023","NHO2018000007","PAID","","ORIGINAL"),
("IATT190003751","193080","191001","192002","33000","1","33000","14520","18480","1","1","1","IAT1111191023","NHO2018000007","PAID","","PEDAS"),
("IATT190003753","193083","191001","192001","30000","1","30000","0","30000","1","1","1","IAT1111191023","NHO2018000007","PAID","","193083"),
("IATT190003753","193054","191002","192010","20000","1","20000","0","20000","1","1","1","IAT1111191023","NHO2018000007","PAID","","193054"),
("IATT190003754","193084","191001","192001","30000","1","30000","0","30000","1","1","1","IAT1111191023","NHO2018000007","PAID","","ORIGINAL"),
("IATT190003754","193021","191001","192002","40000","1","40000","0","40000","1","1","1","IAT1111191023","NHO2018000007","PAID","","ORIGINAL"),
("IATT190003754","193052","191002","192010","20000","1","20000","0","20000","1","1","1","IAT1111191023","NHO2018000007","PAID","","193052"),
("IATT190003756","193033","191001","192005","42000","1","42000","18480","23520","1","1","1","IAT1111191023","NHO2018000007","PAID","","193033"),
("IATT190003756","193033","191001","192005","42000","1","42000","18480","23520","2","1","1","IAT1111191023","NHO2018000007","PAID","","193033"),
("IATT190003757","193011","191001","192001","40000","1","40000","17600","22400","1","1","1","IAT1111191023","NHO2018000007","PAID","","PEDAS"),
("IATT190003757","193113","191001","192003","55000","1","55000","0","55000","1","1","1","IAT1111191023","NHO2018000007","PAID","","193113"),
("IATT190003757","193083","191001","192001","30000","1","30000","13200","16800","1","1","1","IAT1111191023","NHO2018000007","PAID","","193083"),
("IATT190003757","193047","191002","192010","10000","1","10000","0","10000","1","1","1","IAT1111191023","NHO2018000007","PAID","","193047"),
("IATT190003757","193047","191002","192010","10000","1","10000","0","10000","2","1","1","IAT1111191023","NHO2018000007","PAID","","193047"),
("IATT190003756","193033","191001","192005","42000","1","42000","18480","23520","3","1","2","IAT1111191023","NHO2018000007","PAID","","193033"),
("IATT190003756","193033","191001","192005","42000","1","42000","18480","23520","4","1","2","IAT1111191023","NHO2018000007","PAID","","193033"),
("IATT190003756","193027","191001","192003","43000","1","43000","0","43000","1","1","3","IAT1111191023","NHO2018000007","PAID","","193027"),
("IATT190003756","193027","191001","192003","43000","1","43000","0","43000","2","1","3","IAT1111191023","NHO2018000007","PAID","","193027"),
("IATT190003758","193112","191001","192003","50000","1","50000","0","50000","1","1","1","IAT1111191023","NHO2018000007","PAID","","193112"),
("IATT190003758","193052","191002","192010","20000","1","20000","0","20000","1","1","1","IAT1111191023","NHO2018000007","PAID","","193052"),
("IATT190003759","193039","191001","192006","36000","1","36000","16848","19152","1","1","1","IAT1111191023","NHO2018000007","PAID","","ORIGINAL"),
("IATT190003759","193052","191002","192010","20000","1","20000","1000","19000","1","1","1","IAT1111191023","NHO2018000007","PAID","","193052"),
("IATT190003760","193011","191001","192001","40000","1","40000","18720","21280","1","1","1","IAT1111191023","NHO2018000007","PAID","","PEDAS"),
("IATT190003761","193039","191001","192006","36000","1","36000","16848","19152","1","1","1","IAT1111191023","NHO2018000007","PAID","","ORIGINAL"),
("IATT190003762","193039","191001","192006","36000","1","36000","15840","20160","1","1","1","IAT1111191023","NHO2018000007","PAID","","ORIGINAL"),
("IATT190003762","193011","191001","192001","40000","1","40000","17600","22400","1","1","1","IAT1111191023","NHO2018000007","PAID","","PEDAS"),
("IATT190003762","193055","191002","192010","17000","1","17000","0","17000","1","1","1","IAT1111191023","NHO2018000007","PAID","","193055"),
("IATT190003763","193033","191001","192005","42000","1","42000","18480","23520","1","1","1","IAT1111191023","NHO2018000007","PAID","","193033"),
("IATT190003763","193047","191002","192010","10000","1","10000","0","10000","1","1","1","IAT1111191023","NHO2018000007","PAID","","193047"),
("IATT190003764","193049","191002","192010","10000","1","10000","0","10000","1","1","1","IAT1111191023","NHO2018000007","PAID","","193049"),
("IATT190003764","193071","191001","192012","18000","1","18000","7920","10080","1","1","1","IAT1111191023","NHO2018000007","PAID","","193071"),
("IATT190003763","193048","191002","192010","8000","1","8000","0","8000","1","1","2","IAT1111191023","NHO2018000007","PAID","","193048"),
("IATT190003763","193048","191002","192010","8000","1","8000","0","8000","2","1","2","IAT1111191023","NHO2018000007","PAID","","193048"),
("IATT190003765","193112","191001","192003","50000","1","50000","0","50000","1","1","1","IAT1111191023","NHO2018000007","PAID","","193112"),
("IATT190003765","193021","191001","192002","40000","1","40000","0","40000","1","1","1","IAT1111191023","NHO2018000007","PAID","","ORIGINAL"),
("IATT190003765","193067","191001","192003","7000","1","7000","0","7000","1","1","1","IAT1111191023","NHO2018000007","PAID","","193067"),
("IATT190003765","193076","191001","192001","30000","1","30000","0","30000","1","1","1","IAT1111191023","NHO2018000007","PAID","","193076"),
("IATT190003765","193054","191002","192010","20000","1","20000","0","20000","1","1","1","IAT1111191023","NHO2018000007","PAID","","193054"),
("IATT190003765","193054","191002","192010","20000","1","20000","0","20000","2","1","2","IAT1111191023","NHO2018000007","PAID","","193054"),
("IATT190003766","193024","191001","192003","30000","1","30000","0","30000","1","1","1","IAT1111191023","NHO2018000007","PAID","","193024"),
("IATT190003766","193084","191001","192001","30000","1","30000","0","30000","1","1","1","IAT1111191023","NHO2018000007","PAID","lvl1","PEDAS"),
("IATT190003766","193086","191001","192002","33000","1","33000","0","33000","1","1","1","IAT1111191023","NHO2018000007","PAID","lvl3","PEDAS"),
("IATT190003766","193051","191002","192010","20000","1","20000","0","20000","1","1","1","IAT1111191023","NHO2018000007","PAID","","193051"),
("IATT190003766","193055","191002","192010","17000","1","17000","0","17000","1","1","1","IAT1111191023","NHO2018000007","PAID","","193055"),
("IATT190003766","193048","191002","192010","8000","1","8000","0","8000","1","1","1","IAT1111191023","NHO2018000007","PAID","","193048"),
("IATT190003767","193084","191001","192001","30000","1","30000","0","30000","1","1","1","IAT1111191023","NHO2018000007","PAID","","ORIGINAL"),
("IATT190003767","193085","191001","192001","30000","1","30000","0","30000","1","1","1","IAT1111191023","NHO2018000007","PAID","","193085"),
("IATT190003767","193070","191001","192012","13000","1","13000","0","13000","1","1","1","IAT1111191023","NHO2018000007","PAID","","193070"),
("IATT190003768","193033","191001","192005","42000","1","42000","18480","23520","1","1","1","IAT1111191023","NHO2018000007","PAID","","193033"),
("IATT190003768","193033","191001","192005","42000","1","42000","18480","23520","2","1","1","IAT1111191023","NHO2018000007","PAID","","193033"),
("IATT190003768","193033","191001","192005","42000","1","42000","18480","23520","3","1","1","IAT1111191023","NHO2018000007","PAID","","193033"),
("IATT190003768","193119","191001","192012","20000","1","20000","0","20000","1","1","1","IAT1111191023","NHO2018000007","PAID","","193119"),
("IATT190003768","193048","191002","192010","8000","1","8000","0","8000","1","1","1","IAT1111191023","NHO2018000007","PAID","","193048"),
("IATT190003768","193048","191002","192010","8000","1","8000","0","8000","2","1","1","IAT1111191023","NHO2018000007","PAID","","193048"),
("IATT190003768","193048","191002","192010","8000","1","8000","0","8000","3","1","1","IAT1111191023","NHO2018000007","PAID","","193048"),
("IATT190003769","193010","191001","192001","40000","1","40000","18720","21280","1","1","1","IAT1111191023","NHO2018000007","PAID","","193010"),
("IATT190003769","193084","191001","192001","30000","1","30000","14040","15960","1","1","1","IAT1111191023","NHO2018000007","PAID","","PEDAS"),
("IATT190003769","193055","191002","192010","17000","1","17000","850","16150","1","1","1","IAT1111191023","NHO2018000007","PAID","","193055"),
("IATT190003769","193048","191002","192010","8000","1","8000","400","7600","1","1","1","IAT1111191023","NHO2018000007","PAID","","193048"),
("IATT190003770","193027","191001","192003","43000","1","43000","0","43000","1","1","1","IAT1111191023","NHO2018000007","PAID","","193027"),
("IATT190003770","193035","191001","192006","32000","1","32000","0","32000","1","1","1","IAT1111191023","NHO2018000007","PAID","","ORIGINAL"),
("IATT190003770","193119","191001","192012","20000","1","20000","0","20000","1","1","1","IAT1111191023","NHO2018000007","PAID","","193119"),
("IATT190003770","193048","191002","192010","8000","1","8000","0","8000","1","1","1","IAT1111191023","NHO2018000007","PAID","","193048"),
("IATT190003770","193052","191002","192010","20000","1","20000","0","20000","1","1","1","IAT1111191023","NHO2018000007","PAID","","193052"),
("IATT190003771","193037","191001","192006","36000","1","36000","0","36000","1","1","1","IAT1111191023","NHO2018000007","PAID","","ORIGINAL"),
("IATT190003771","193069","191001","192012","13000","1","13000","0","13000","1","1","1","IAT1111191023","NHO2018000007","PAID","","193069"),
("IATT190003771","193056","191002","192010","17000","1","17000","0","17000","1","1","1","IAT1111191023","NHO2018000007","PAID","","193056"),
("IATT190003771","193052","191002","192010","20000","1","20000","0","20000","1","1","1","IAT1111191023","NHO2018000007","PAID","","193052"),
("IATT190003772","193056","191002","192010","17000","1","17000","0","17000","1","1","1","IAT1111191023","NHO2018000007","PAID","","193056"),
("IATT190003772","193054","191002","192010","20000","1","20000","0","20000","1","1","1","IAT1111191023","NHO2018000007","PAID","","193054"),
("IATT190003772","193086","191001","192002","33000","1","33000","0","33000","1","1","1","IAT1111191023","NHO2018000007","PAID","","PEDAS"),
("IATT190003772","193033","191001","192005","42000","1","42000","0","42000","1","1","1","IAT1111191023","NHO2018000007","PAID","","193033"),
("IATT190003773","193078","191001","192001","30000","1","30000","0","30000","1","1","1","IAT1111191023","NHO2018000007","PAID","","PEDAS"),
("IATT190003773","193009","191001","192001","40000","1","40000","0","40000","1","1","1","IAT1111191023","NHO2018000007","PAID","","193009"),
("IATT190003773","193047","191002","192010","10000","1","10000","0","10000","1","1","1","IAT1111191023","NHO2018000007","PAID","","193047"),
("IATT190003773","193047","191002","192010","10000","1","10000","0","10000","2","1","1","IAT1111191023","NHO2018000007","PAID","","193047");



INSERT INTO pos_salestemp VALUES("IATT190003751","","1","33000","14520","1848","0","20328","20500","11/11/2019","13:06","2019-11-11","13:14:49","ISU000004","tbl0001","CLOSED","1","","IATR190003646","","","","","IAT1111191023","NHO2018000007"),
("IATT190003752","","1","40000","17600","2240","0","24640","25000","11/11/2019","13:09","2019-11-11","13:15:16","ISU000004","tbl0002","CLOSED","1","","IATR190003647","","","","","IAT1111191023","NHO2018000007"),
("IATT190003753","","2","50000","0","5000","0","55000","60000","11/11/2019","13:15","2019-11-11","13:47:39","ISU000004","tbl0012","CLOSED","1","","IATR190003648","","","","","IAT1111191023","NHO2018000007"),
("IATT190003754","","2","90000","0","9000","0","99000","99000","11/11/2019","13:43","2019-11-11","14:24:16","ISU000004","tbl0010","CLOSED","1","","IATR190003649","","","","","IAT1111191023","NHO2018000007"),
("IATT190003755","","2","0","0","0","0","0","0","11/11/2019","13:48","11/11/2019","13:48:22","ISU000004","tbl0001","CANCELED","1","PERMINTAAN CUSTOMER","","","","","","IAT1111191023","NHO2018000007"),
("IATT190003756","","0","254000","73920","18008","0","198088","198088","11/11/2019","13:48","2019-11-11","14:48:24","ISU000006","tbl0001","CLOSED","1","","IATR190003650","","","","","IAT1111191023","NHO2018000007"),
("IATT190003757","","2","145000","30800","11420","0","125620","150000","11/11/2019","14:12","2019-11-11","14:54:31","ISU000006","tbl0011","CLOSED","1","","IATR190003651","","","","","IAT1111191023","NHO2018000007"),
("IATT190003758","","1","70000","0","7000","0","77000","100000","11/11/2019","14:31","2019-11-11","15:09:03","ISU000006","tbl0010","CLOSED","1","","IATR190003652","","","","","IAT1111191023","NHO2018000007"),
("IATT190003759","","1","56000","17848","3816","0","41968","50000","11/11/2019","14:55","2019-11-11","15:49:48","ISU000006","tbl0012","CLOSED","1","","IATR190003654","","","","","IAT1111191023","NHO2018000007"),
("IATT190003760","","1","40000","18720","2128","0","23408","50000","11/11/2019","14:56","2019-11-11","15:47:08","ISU000006","tbl0013","CLOSED","1","","IATR190003653","","","","","IAT1111191023","NHO2018000007"),
("IATT190003761","","1","36000","16848","1916","0","21068","22000","11/11/2019","14:57","2019-11-11","15:50:36","ISU000006","tbl0014","CLOSED","1","","IATR190003655","","","","","IAT1111191023","NHO2018000007"),
("IATT190003762","","1","93000","33440","5956","0","65516","100000","11/11/2019","15:48","2019-11-11","16:45:16","ISU000006","tbl0010","CLOSED","1","","IATR190003658","","","","","IAT1111191023","NHO2018000007"),
("IATT190003763","","1","68000","18480","4952","0","54472","70000","11/11/2019","15:48","2019-11-11","16:44:49","ISU000006","tbl0008","CLOSED","1","","IATR190003657","","","","","IAT1111191023","NHO2018000007"),
("IATT190003764","","1","28000","7920","2008","0","22088","50000","11/11/2019","16:12","2019-11-11","16:20:01","ISU000006","tbl0012","CLOSED","1","","IATR190003656","","","","","IAT1111191023","NHO2018000007"),
("IATT190003765","","2","167000","0","16700","0","183700","200000","11/11/2019","17:28","2019-11-11","18:08:52","ISU000006","tbl0011","CLOSED","1","","IATR190003659","","","","","IAT1111191023","NHO2018000007"),
("IATT190003766","","2","138000","0","13800","0","151800","151800","11/11/2019","17:35","2019-11-11","18:14:50","ISU000006","tbl0010","CLOSED","1","","IATR190003660","","","","","IAT1111191023","NHO2018000007"),
("IATT190003767","","2","73000","0","7300","0","80300","80300","11/11/2019","17:48","2019-11-11","18:44:58","ISU000006","tbl0012","CLOSED","1","","IATR190003661","","","","","IAT1111191023","NHO2018000007"),
("IATT190003768","","3","170000","55440","11456","0","126016","126016","11/11/2019","18:13","2019-11-11","19:17:09","ISU000006","tbl0014","CLOSED","1","","IATR190003662","","","","","IAT1111191023","NHO2018000007"),
("IATT190003769","","2","95000","34010","6099","0","67089","67089","11/11/2019","19:41","2019-11-11","20:31:11","ISU000006","tbl0012","CLOSED","1","","IATR190003663","","","","","IAT1111191023","NHO2018000007"),
("IATT190003770","","2","123000","0","12300","0","135300","135300","11/11/2019","19:49","2019-11-11","20:32:23","ISU000006","tbl0010","CLOSED","1","","IATR190003664","","","","","IAT1111191023","NHO2018000007"),
("IATT190003771","","1","86000","0","8600","0","94600","94600","11/11/2019","20:27","2019-11-11","21:21:28","ISU000006","tbl0011","CLOSED","1","","IATR190003666","","","","","IAT1111191023","NHO2018000007"),
("IATT190003772","","2","112000","0","11200","0","123200","123200","11/11/2019","20:59","2019-11-11","21:02:21","ISU000006","tbl0010","CLOSED","1","","IATR190003665","","","","","IAT1111191023","NHO2018000007"),
("IATT190003773","","2","90000","0","9000","0","99000","99000","11/11/2019","21:14","2019-11-11","21:39:32","ISU000006","tbl0012","CLOSED","1","","IATR190003667","","","","","IAT1111191023","NHO2018000007");



INSERT INTO item_void VALUES("IATT190003751","IAT1111191023","NHO2018000007","193076","193076","1","30000","Before Send","Komplen Customer"),
("IATT190003756","IAT1111191023","NHO2018000007","193033","193033","1","42000","After Send","Komplen Customer"),
("IATT190003756","IAT1111191023","NHO2018000007","193033","193033","1","42000","After Send","Komplen Customer"),
("IATT190003765","IAT1111191023","NHO2018000007","193055","193055","1","17000","Before Send","Komplen Customer");



INSERT INTO pos_promotion_h VALUES("IATT190003751","NPRM18000020","DISC ITEM","1","14520","PROMO LAGI VIRAL 30%+20%","IAT1111191023","PAID","NHO2018000007"),
("IATT190003752","NPRM18000020","DISC ITEM","1","17600","PROMO LAGI VIRAL 30%+20%","IAT1111191023","PAID","NHO2018000007"),
("IATT190003756","NPRM18000020","DISC ITEM","1","73920","PROMO LAGI VIRAL 30%+20%","IAT1111191023","PAID","NHO2018000007"),
("IATT190003757","NPRM18000020","DISC ITEM","1","30800","PROMO LAGI VIRAL 30%+20%","IAT1111191023","PAID","NHO2018000007"),
("IATT190003760","NPRM18000020","DISC ITEM","1","17600","PROMO LAGI VIRAL 30%+20%","IAT1111191023","PAID","NHO2018000007"),
("IATT190003760","NPRM18000018","DISC ALL","1","1120","CRM DISC 5%","IAT1111191023","PAID","NHO2018000007"),
("IATT190003759","NPRM18000020","DISC ITEM","1","15840","PROMO LAGI VIRAL 30%+20%","IAT1111191023","PAID","NHO2018000007"),
("IATT190003759","NPRM18000018","DISC ALL","1","2008","CRM DISC 5%","IAT1111191023","PAID","NHO2018000007"),
("IATT190003761","NPRM18000020","DISC ITEM","1","15840","PROMO LAGI VIRAL 30%+20%","IAT1111191023","PAID","NHO2018000007"),
("IATT190003761","NPRM18000018","DISC ALL","1","1008","CRM DISC 5%","IAT1111191023","PAID","NHO2018000007"),
("IATT190003764","NPRM18000020","DISC ITEM","1","7920","PROMO LAGI VIRAL 30%+20%","IAT1111191023","PAID","NHO2018000007"),
("IATT190003763","NPRM18000020","DISC ITEM","1","18480","PROMO LAGI VIRAL 30%+20%","IAT1111191023","PAID","NHO2018000007"),
("IATT190003762","NPRM18000020","DISC ITEM","1","33440","PROMO LAGI VIRAL 30%+20%","IAT1111191023","PAID","NHO2018000007"),
("IATT190003768","NPRM18000020","DISC ITEM","1","55440","PROMO LAGI VIRAL 30%+20%","IAT1111191023","PAID","NHO2018000007"),
("IATT190003769","NPRM18000020","DISC ITEM","1","30800","PROMO LAGI VIRAL 30%+20%","IAT1111191023","PAID","NHO2018000007"),
("IATT190003769","NPRM18000018","DISC ALL","1","3210","CRM DISC 5%","IAT1111191023","PAID","NHO2018000007");



INSERT INTO pos_promotion_d VALUES("IATT190003751","NPRM18000020","DISC ITEM","1","1","193080","1","14520","IAT1111191023","PAID","NHO2018000007"),
("IATT190003752","NPRM18000020","DISC ITEM","1","1","193011","1","17600","IAT1111191023","PAID","NHO2018000007"),
("IATT190003756","NPRM18000020","DISC ITEM","1","1","193033","1","18480","IAT1111191023","PAID","NHO2018000007"),
("IATT190003756","NPRM18000020","DISC ITEM","1","1","193033","2","18480","IAT1111191023","PAID","NHO2018000007"),
("IATT190003756","NPRM18000020","DISC ITEM","1","1","193033","3","18480","IAT1111191023","PAID","NHO2018000007"),
("IATT190003756","NPRM18000020","DISC ITEM","1","1","193033","4","18480","IAT1111191023","PAID","NHO2018000007"),
("IATT190003757","NPRM18000020","DISC ITEM","1","1","193011","1","17600","IAT1111191023","PAID","NHO2018000007"),
("IATT190003757","NPRM18000020","DISC ITEM","1","1","193083","1","13200","IAT1111191023","PAID","NHO2018000007"),
("IATT190003760","NPRM18000020","DISC ITEM","1","1","193011","1","17600","IAT1111191023","PAID","NHO2018000007"),
("IATT190003760","NPRM18000018","DISC ALL","1","1","193011","1","1120","IAT1111191023","PAID","NHO2018000007"),
("IATT190003759","NPRM18000020","DISC ITEM","1","1","193039","1","15840","IAT1111191023","PAID","NHO2018000007"),
("IATT190003759","NPRM18000018","DISC ALL","1","1","193039","1","1008","IAT1111191023","PAID","NHO2018000007"),
("IATT190003759","NPRM18000018","DISC ALL","1","1","193052","1","1000","IAT1111191023","PAID","NHO2018000007"),
("IATT190003761","NPRM18000020","DISC ITEM","1","1","193039","1","15840","IAT1111191023","PAID","NHO2018000007"),
("IATT190003761","NPRM18000018","DISC ALL","1","1","193039","1","1008","IAT1111191023","PAID","NHO2018000007"),
("IATT190003764","NPRM18000020","DISC ITEM","1","1","193071","1","7920","IAT1111191023","PAID","NHO2018000007"),
("IATT190003763","NPRM18000020","DISC ITEM","1","1","193033","1","18480","IAT1111191023","PAID","NHO2018000007"),
("IATT190003762","NPRM18000020","DISC ITEM","1","1","193039","1","15840","IAT1111191023","PAID","NHO2018000007"),
("IATT190003762","NPRM18000020","DISC ITEM","1","1","193011","1","17600","IAT1111191023","PAID","NHO2018000007"),
("IATT190003768","NPRM18000020","DISC ITEM","1","1","193033","1","18480","IAT1111191023","PAID","NHO2018000007"),
("IATT190003768","NPRM18000020","DISC ITEM","1","1","193033","2","18480","IAT1111191023","PAID","NHO2018000007"),
("IATT190003768","NPRM18000020","DISC ITEM","1","1","193033","3","18480","IAT1111191023","PAID","NHO2018000007"),
("IATT190003769","NPRM18000020","DISC ITEM","1","1","193010","1","17600","IAT1111191023","PAID","NHO2018000007"),
("IATT190003769","NPRM18000020","DISC ITEM","1","1","193084","1","13200","IAT1111191023","PAID","NHO2018000007"),
("IATT190003769","NPRM18000018","DISC ALL","1","1","193010","1","1120","IAT1111191023","PAID","NHO2018000007"),
("IATT190003769","NPRM18000018","DISC ALL","1","1","193084","1","840","IAT1111191023","PAID","NHO2018000007"),
("IATT190003769","NPRM18000018","DISC ALL","1","1","193055","1","850","IAT1111191023","PAID","NHO2018000007"),
("IATT190003769","NPRM18000018","DISC ALL","1","1","193048","1","400","IAT1111191023","PAID","NHO2018000007");



INSERT INTO pos_paymenttemp VALUES("IATT190003751","CASH","CASH","20328","20500","ISU000004","2019-11-11","","1","","CLOSED","IAT1111191023","NHO2018000007"),
("IATT190003752","CASH","CASH","24640","25000","ISU000004","2019-11-11","","1","","CLOSED","IAT1111191023","NHO2018000007"),
("IATT190003753","CASH","CASH","55000","60000","ISU000004","2019-11-11","","1","","CLOSED","IAT1111191023","NHO2018000007"),
("IATT190003754","CASH","OVO","99000","99000","ISU000004","2019-11-11","","1","","CLOSED","IAT1111191023","NHO2018000007"),
("IATT190003756","CARD","DEBIT BCA","198088","198088","ISU000006","2019-11-11","","1","","CLOSED","IAT1111191023","NHO2018000007"),
("IATT190003757","CASH","CASH","125620","150000","ISU000006","2019-11-11","","1","","CLOSED","IAT1111191023","NHO2018000007"),
("IATT190003758","CASH","CASH","77000","100000","ISU000006","2019-11-11","","1","","CLOSED","IAT1111191023","NHO2018000007"),
("IATT190003760","CASH","CASH","23408","50000","ISU000006","2019-11-11","","1","","CLOSED","IAT1111191023","NHO2018000007"),
("IATT190003759","CASH","CASH","41968","50000","ISU000006","2019-11-11","","1","","CLOSED","IAT1111191023","NHO2018000007"),
("IATT190003761","CASH","CASH","21068","22000","ISU000006","2019-11-11","","1","","CLOSED","IAT1111191023","NHO2018000007"),
("IATT190003764","CASH","CASH","22088","50000","ISU000006","2019-11-11","","1","","CLOSED","IAT1111191023","NHO2018000007"),
("IATT190003763","CASH","CASH","54472","70000","ISU000006","2019-11-11","","1","","CLOSED","IAT1111191023","NHO2018000007"),
("IATT190003762","CASH","CASH","65516","100000","ISU000006","2019-11-11","","1","","CLOSED","IAT1111191023","NHO2018000007"),
("IATT190003765","CASH","CASH","183700","200000","ISU000006","2019-11-11","","1","","CLOSED","IAT1111191023","NHO2018000007"),
("IATT190003766","CASH","CASH","151800","151800","ISU000006","2019-11-11","","1","","CLOSED","IAT1111191023","NHO2018000007"),
("IATT190003767","CASH","OVO","80300","80300","ISU000006","2019-11-11","","1","","CLOSED","IAT1111191023","NHO2018000007"),
("IATT190003768","CARD","VISA","126016","126016","ISU000006","2019-11-11","","1","","CLOSED","IAT1111191023","NHO2018000007"),
("IATT190003769","CARD","VISA","67089","67089","ISU000006","2019-11-11","","1","","CLOSED","IAT1111191023","NHO2018000007"),
("IATT190003770","CARD","MASTER","135300","135300","ISU000006","2019-11-11","","1","","CLOSED","IAT1111191023","NHO2018000007"),
("IATT190003772","CARD","DEBIT BCA","123200","123200","ISU000006","2019-11-11","","1","","CLOSED","IAT1111191023","NHO2018000007"),
("IATT190003771","CASH","OVO","94600","94600","ISU000006","2019-11-11","","1","","CLOSED","IAT1111191023","NHO2018000007"),
("IATT190003773","CASH","OVO","99000","99000","ISU000006","2019-11-11","","1","","CLOSED","IAT1111191023","NHO2018000007");



