INSERT INTO pos_itemtemp VALUES("IATT200005275","193157","191001","192015","31909","1","31909","0","31909","1","1","1","IAT1102200916","NHO2018000007","PAID","","193157"),
("IATT200005275","193143","191001","192015","47272","1","47272","0","47272","1","1","1","IAT1102200916","NHO2018000007","PAID","","193143"),
("IATT200005275","193158","191001","192015","43727","1","43727","0","43727","1","1","1","IAT1102200916","NHO2018000007","PAID","","193158"),
("IATT200005276","193084","191001","192001","30000","1","30000","0","30000","1","1","1","IAT1102200916","NHO2018000007","PAID","","PEDAS"),
("IATT200005276","193234","191001","192011","0","1","0","0","0","1","1","1","IAT1102200916","NHO2018000007","PAID","","193234"),
("IATT200005276","193069","191001","192012","13000","1","13000","0","13000","1","1","1","IAT1102200916","NHO2018000007","PAID","","193069"),
("IATT200005276","193070","191001","192012","13000","1","13000","0","13000","1","1","1","IAT1102200916","NHO2018000007","PAID","","193070"),
("IATT200005276","193047","191002","192010","10000","1","10000","0","10000","1","1","1","IAT1102200916","NHO2018000007","PAID","","193047"),
("IATT200005276","193047","191002","192010","10000","1","10000","0","10000","2","1","1","IAT1102200916","NHO2018000007","PAID","","193047"),
("IATT200005278","193084","191001","192001","30000","1","30000","0","30000","1","1","1","IAT1102200916","NHO2018000007","PAID","","PEDAS"),
("IATT200005278","193236","191001","192011","0","1","0","0","0","1","1","1","IAT1102200916","NHO2018000007","PAID","","193236"),
("IATT200005279","193047","191002","192010","10000","1","10000","0","10000","1","1","1","IAT1102200916","NHO2018000007","PAID","","193047"),
("IATT200005279","193047","191002","192010","10000","1","10000","0","10000","2","1","1","IAT1102200916","NHO2018000007","PAID","","193047"),
("IATT200005279","193085","191001","192001","30000","1","30000","0","30000","1","1","1","IAT1102200916","NHO2018000007","PAID","","193085"),
("IATT200005279","193071","191001","192012","18000","1","18000","0","18000","1","1","1","IAT1102200916","NHO2018000007","PAID","","193071"),
("IATT200005279","193071","191001","192012","18000","1","18000","0","18000","2","1","2","IAT1102200916","NHO2018000007","PAID","","193071"),
("IATT200005280","193082","191001","192001","30000","1","30000","0","30000","1","1","1","IAT1102200916","NHO2018000007","PAID","PEDAS","193082"),
("IATT200005280","193234","191001","192011","0","1","0","0","0","1","1","1","IAT1102200916","NHO2018000007","PAID","PEDAS","193234"),
("IATT200005281","193113","191001","192003","55000","1","55000","0","55000","1","1","1","IAT1102200916","NHO2018000007","PAID","","193113"),
("IATT200005281","193050","191002","192010","20000","1","20000","0","20000","1","1","1","IAT1102200916","NHO2018000007","PAID","","193050"),
("IATT200005282","193076","191001","192001","30000","1","30000","0","30000","1","1","1","IAT1102200916","NHO2018000007","PAID","","193076"),
("IATT200005282","193231","191001","192011","0","1","0","0","0","1","1","1","IAT1102200916","NHO2018000007","PAID","","193231"),
("IATT200005282","193084","191001","192001","30000","1","30000","0","30000","1","1","1","IAT1102200916","NHO2018000007","PAID","","ORIGINAL"),
("IATT200005282","193052","191002","192010","20000","1","20000","0","20000","1","1","1","IAT1102200916","NHO2018000007","PAID","","193052"),
("IATT200005282","193052","191002","192010","20000","1","20000","0","20000","2","1","1","IAT1102200916","NHO2018000007","PAID","","193052"),
("IATT200005281","193048","191002","192010","8000","1","8000","0","8000","1","1","2","IAT1102200916","NHO2018000007","PAID","","193048"),
("IATT200005282","193048","191002","192010","8000","1","8000","0","8000","1","1","2","IAT1102200916","NHO2018000007","PAID","","193048"),
("IATT200005279","193236","191001","192011","0","1","0","0","0","1","1","3","IAT1102200916","NHO2018000007","PAID","","193236"),
("IATT200005283","193047","191002","192010","10000","1","10000","0","10000","1","1","1","IAT1102200916","NHO2018000007","PAID","","193047"),
("IATT200005283","193071","191001","192012","18000","1","18000","0","18000","1","1","2","IAT1102200916","NHO2018000007","PAID","","193071"),
("IATT200005283","193054","191002","192010","20000","1","20000","0","20000","1","1","2","IAT1102200916","NHO2018000007","PAID","","193054"),
("IATT200005284","193012","191001","192001","40000","1","40000","0","40000","1","1","1","IAT1102200916","NHO2018000007","PAID","","193012"),
("IATT200005284","193046","191002","192010","10000","1","10000","0","10000","1","1","1","IAT1102200916","NHO2018000007","PAID","","193046"),
("IATT200005285","193005","191001","192001","37000","1","37000","0","37000","1","1","1","IAT1102200916","NHO2018000007","PAID","","193005"),
("IATT200005285","193047","191002","192010","10000","1","10000","0","10000","1","1","1","IAT1102200916","NHO2018000007","PAID","","193047"),
("IATT200005286","193084","191001","192001","30000","1","30000","0","30000","1","1","1","IAT1102200916","NHO2018000007","PAID","","PEDAS"),
("IATT200005286","193234","191001","192011","0","1","0","0","0","1","1","1","IAT1102200916","NHO2018000007","PAID","","193234"),
("IATT200005286","193024","191001","192003","30000","1","30000","0","30000","1","1","1","IAT1102200916","NHO2018000007","PAID","","193024"),
("IATT200005286","193055","191002","192010","17000","1","17000","0","17000","1","1","1","IAT1102200916","NHO2018000007","PAID","","193055"),
("IATT200005286","193048","191002","192010","8000","1","8000","0","8000","1","1","1","IAT1102200916","NHO2018000007","PAID","","193048"),
("IATT200005284","193016","191001","192002","37000","1","37000","0","37000","1","1","2","IAT1102200916","NHO2018000007","PAID","","ORIGINAL"),
("IATT200005284","193051","191002","192010","20000","1","20000","0","20000","1","1","2","IAT1102200916","NHO2018000007","PAID","","193051"),
("IATT200005287","193085","191001","192001","30000","1","30000","0","30000","1","1","1","IAT1102200916","NHO2018000007","PAID","","193085"),
("IATT200005287","193055","191002","192010","17000","1","17000","0","17000","1","1","1","IAT1102200916","NHO2018000007","PAID","","193055"),
("IATT200005288","193085","191001","192001","30000","1","30000","0","30000","1","1","1","IAT1102200916","NHO2018000007","PAID","","193085"),
("IATT200005288","193237","191001","192011","0","1","0","0","0","1","1","1","IAT1102200916","NHO2018000007","PAID","","193237"),
("IATT200005288","193056","191002","192010","17000","1","17000","0","17000","1","1","1","IAT1102200916","NHO2018000007","PAID","","193056"),
("IATT200005288","193056","191002","192010","17000","1","17000","0","17000","2","1","1","IAT1102200916","NHO2018000007","PAID","","193056"),
("IATT200005289","193024","191001","192003","30000","1","30000","0","30000","1","1","1","IAT1102200916","NHO2018000007","PAID","","193024"),
("IATT200005290","193010","191001","192001","40000","1","40000","0","40000","1","1","1","IAT1102200916","NHO2018000007","PAID","","193010"),
("IATT200005290","193113","191001","192003","55000","1","55000","0","55000","1","1","1","IAT1102200916","NHO2018000007","PAID","","193113"),
("IATT200005290","193055","191002","192010","17000","1","17000","0","17000","1","1","1","IAT1102200916","NHO2018000007","PAID","","193055"),
("IATT200005290","193056","191002","192010","17000","1","17000","0","17000","1","1","1","IAT1102200916","NHO2018000007","PAID","","193056"),
("IATT200005291","193083","191001","192001","30000","1","30000","0","30000","1","1","1","IAT1102200916","NHO2018000007","PAID","","193083"),
("IATT200005291","193231","191001","192011","0","1","0","0","0","1","1","1","IAT1102200916","NHO2018000007","PAID","","193231"),
("IATT200005291","193055","191002","192010","17000","1","17000","0","17000","1","1","1","IAT1102200916","NHO2018000007","PAID","","193055"),
("IATT200005291","193054","191002","192010","20000","1","20000","0","20000","1","1","1","IAT1102200916","NHO2018000007","PAID","","193054"),
("IATT200005292","193077","191001","192001","30000","1","30000","0","30000","1","1","1","IAT1102200916","NHO2018000007","PAID","","193077"),
("IATT200005292","193230","191001","192011","0","1","0","0","0","1","1","1","IAT1102200916","NHO2018000007","PAID","","193230"),
("IATT200005293","193082","191001","192001","30000","1","30000","0","30000","1","1","1","IAT1102200916","NHO2018000007","PAID","","193082"),
("IATT200005293","193236","191001","192011","0","1","0","0","0","1","1","1","IAT1102200916","NHO2018000007","PAID","","193236");



INSERT INTO pos_salestemp VALUES("IATT200005275","","1","122908","0","12291","0","135199","135199","11/02/2020","11:20","2020-02-11","11:22:02","ISU000006","tbl0012","CLOSED","1","","IATR200005132","","","","","IAT1102200916","NHO2018000007"),
("IATT200005276","","2","76000","0","7600","0","83600","100000","11/02/2020","12:15","2020-02-11","12:59:52","ISU000006","tbl0012","CLOSED","1","","IATR200005133","","","","","IAT1102200916","NHO2018000007"),
("IATT200005277","","1","0","0","0","0","0","0","11/02/2020","13:40","11/02/2020","13:41:04","ISU000006","tbl0001","CANCELED","1","PERMINTAAN CUSTOMER","","","","","","IAT1102200916","NHO2018000007"),
("IATT200005278","","1","30000","0","3000","0","33000","50000","11/02/2020","14:13","2020-02-11","15:09:36","ISU000006","tbl0010","CLOSED","1","","IATR200005134","","","","","IAT1102200916","NHO2018000007"),
("IATT200005279","","2","86000","0","8600","0","94600","100000","11/02/2020","14:21","2020-02-11","16:00:57","ISU000006","tbl0011","CLOSED","1","","IATR200005136","","","","","IAT1102200916","NHO2018000007"),
("IATT200005280","","2","30000","0","3000","0","33000","35000","11/02/2020","14:59","2020-02-11","15:20:07","ISU000006","tbl0012","CLOSED","1","","IATR200005135","","","","","IAT1102200916","NHO2018000007"),
("IATT200005281","","1","83000","0","8300","0","91300","100000","11/02/2020","15:00","2020-02-11","16:21:14","ISU000006","tbl0005","CLOSED","1","","IATR200005138","","","","","IAT1102200916","NHO2018000007"),
("IATT200005282","","2","108000","0","10800","0","118800","120000","11/02/2020","15:37","2020-02-11","16:19:35","ISU000006","tbl0010","CLOSED","1","","IATR200005137","","","","","IAT1102200916","NHO2018000007"),
("IATT200005283","","2","48000","0","4800","0","52800","100000","11/02/2020","16:20","2020-02-11","18:14:33","ISU000006","tbl0012","CLOSED","1","","IATR200005139","","","","","IAT1102200916","NHO2018000007"),
("IATT200005284","","1","107000","0","10700","0","117700","120000","11/02/2020","18:13","2020-02-11","19:50:00","ISU000006","tbl0010","CLOSED","1","","IATR200005145","","","","","IAT1102200916","NHO2018000007"),
("IATT200005285","","1","47000","0","4700","0","51700","100000","11/02/2020","18:18","2020-02-11","18:42:51","ISU000006","tbl0011","CLOSED","1","","IATR200005140","","","","","IAT1102200916","NHO2018000007"),
("IATT200005286","","2","85000","0","8500","0","93500","93500","11/02/2020","18:39","2020-02-11","19:24:17","ISU000006","tbl0012","CLOSED","1","","IATR200005141","","","","","IAT1102200916","NHO2018000007"),
("IATT200005287","","1","47000","0","4700","0","51700","51700","11/02/2020","18:45","2020-02-11","19:36:03","ISU000006","tbl0004","CLOSED","1","","IATR200005142","","","","","IAT1102200916","NHO2018000007"),
("IATT200005288","","3","64000","0","6400","0","70400","70400","11/02/2020","19:04","2020-02-11","19:44:46","ISU000006","tbl0014","CLOSED","1","","IATR200005143","","","","","IAT1102200916","NHO2018000007"),
("IATT200005289","","1","30000","0","3000","0","33000","100000","11/02/2020","19:43","2020-02-11","19:45:22","ISU000006","tbl0015","CLOSED","1","","IATR200005144","","","","","IAT1102200916","NHO2018000007"),
("IATT200005290","","2","129000","0","12900","0","141900","141900","11/02/2020","19:48","2020-02-11","21:00:56","ISU000006","tbl0012","CLOSED","1","","IATR200005149","","","","","IAT1102200916","NHO2018000007"),
("IATT200005291","","2","67000","0","6700","0","73700","73700","11/02/2020","20:11","2020-02-11","20:33:48","ISU000006","tbl0011","CLOSED","1","","IATR200005146","","","","","IAT1102200916","NHO2018000007"),
("IATT200005292","","1","30000","0","3000","0","33000","50000","11/02/2020","20:16","2020-02-11","21:00:11","ISU000006","tbl0010","CLOSED","1","","IATR200005148","","","","","IAT1102200916","NHO2018000007"),
("IATT200005293","","2","30000","0","3000","0","33000","50000","11/02/2020","20:21","2020-02-11","20:46:56","ISU000006","tbl0024","CLOSED","1","","IATR200005147","","","","","IAT1102200916","NHO2018000007");



INSERT INTO item_void VALUES("IATT200005279","IAT1102200916","NHO2018000007","193084","PEDAS","1","30000","Before Send","Komplen Customer"),
("IATT200005288","IAT1102200916","NHO2018000007","193024","193024","1","30000","Before Send","Komplen Customer");









INSERT INTO pos_paymenttemp VALUES("IATT200005275","CASH","GOPAY","135199","135199","ISU000006","2020-02-11","","1","","CLOSED","IAT1102200916","NHO2018000007"),
("IATT200005276","CASH","CASH","83600","100000","ISU000006","2020-02-11","","1","","CLOSED","IAT1102200916","NHO2018000007"),
("IATT200005278","CASH","CASH","33000","50000","ISU000006","2020-02-11","","1","","CLOSED","IAT1102200916","NHO2018000007"),
("IATT200005280","CASH","CASH","33000","35000","ISU000006","2020-02-11","","1","","CLOSED","IAT1102200916","NHO2018000007"),
("IATT200005279","CASH","CASH","94600","100000","ISU000006","2020-02-11","","1","","CLOSED","IAT1102200916","NHO2018000007"),
("IATT200005282","CASH","CASH","118800","120000","ISU000006","2020-02-11","","1","","CLOSED","IAT1102200916","NHO2018000007"),
("IATT200005281","CASH","CASH","91300","100000","ISU000006","2020-02-11","","1","","CLOSED","IAT1102200916","NHO2018000007"),
("IATT200005283","CASH","CASH","52800","100000","ISU000006","2020-02-11","","1","","CLOSED","IAT1102200916","NHO2018000007"),
("IATT200005285","CASH","CASH","51700","100000","ISU000006","2020-02-11","","1","","CLOSED","IAT1102200916","NHO2018000007"),
("IATT200005286","CARD","DEBIT BCA","93500","93500","ISU000006","2020-02-11","","1","","CLOSED","IAT1102200916","NHO2018000007"),
("IATT200005287","CASH","OVO","51700","51700","ISU000006","2020-02-11","","1","","CLOSED","IAT1102200916","NHO2018000007"),
("IATT200005288","CASH","CASH","70400","70400","ISU000006","2020-02-11","","1","","CLOSED","IAT1102200916","NHO2018000007"),
("IATT200005289","CASH","CASH","33000","100000","ISU000006","2020-02-11","","1","","CLOSED","IAT1102200916","NHO2018000007"),
("IATT200005284","CASH","CASH","117700","120000","ISU000006","2020-02-11","","1","","CLOSED","IAT1102200916","NHO2018000007"),
("IATT200005291","CARD","VISA","73700","73700","ISU000006","2020-02-11","","1","","CLOSED","IAT1102200916","NHO2018000007"),
("IATT200005293","CASH","CASH","33000","50000","ISU000006","2020-02-11","","1","","CLOSED","IAT1102200916","NHO2018000007"),
("IATT200005292","CASH","CASH","33000","50000","ISU000006","2020-02-11","","1","","CLOSED","IAT1102200916","NHO2018000007"),
("IATT200005290","CASH","OVO","141900","141900","ISU000006","2020-02-11","","1","","CLOSED","IAT1102200916","NHO2018000007");



