INSERT INTO pos_itemtemp VALUES("IATT190001320","193045","191001","192008","27000","1","27000","0","27000","1","1","1","IAT1107190900","NHO2018000007","PAID","","193045"),
("IATT190001320","193086","191001","192002","33000","1","33000","0","33000","1","1","1","IAT1107190900","NHO2018000007","PAID","","ORIGINAL"),
("IATT190001320","193069","191001","192012","13000","1","13000","0","13000","1","1","1","IAT1107190900","NHO2018000007","PAID","","193069"),
("IATT190001320","193054","191002","192010","20000","1","20000","0","20000","1","1","1","IAT1107190900","NHO2018000007","PAID","","193054"),
("IATT190001320","193054","191002","192010","20000","1","20000","0","20000","2","1","1","IAT1107190900","NHO2018000007","PAID","","193054"),
("IATT190001320","193030","191001","192004","27000","1","27000","0","27000","1","1","2","IAT1107190900","NHO2018000007","PAID","","193030"),
("IATT190001321","193084","191001","192001","30000","1","30000","0","30000","1","1","1","IAT1107190900","NHO2018000007","PAID","","PEDAS"),
("IATT190001321","193085","191001","192001","30000","1","30000","0","30000","1","1","1","IAT1107190900","NHO2018000007","PAID","pedes sedikit ya bang","193085"),
("IATT190001321","193022","191001","192003","30000","1","30000","0","30000","1","1","1","IAT1107190900","NHO2018000007","PAID","","193022"),
("IATT190001321","193028","191001","192003","43000","1","43000","0","43000","1","1","1","IAT1107190900","NHO2018000007","PAID","","193028"),
("IATT190001321","193055","191002","192010","17000","1","17000","0","17000","1","1","1","IAT1107190900","NHO2018000007","PAID","","193055"),
("IATT190001322","193028","191001","192003","43000","1","43000","0","43000","1","1","1","IAT1107190900","NHO2018000007","PAID","","193028"),
("IATT190001322","193084","191001","192001","30000","1","30000","0","30000","1","1","1","IAT1107190900","NHO2018000007","PAID","yg 1 no daun bawang ya bang\nthanks","PEDAS"),
("IATT190001322","193078","191001","192001","30000","1","30000","0","30000","1","1","1","IAT1107190900","NHO2018000007","PAID","","PEDAS"),
("IATT190001322","193005","191001","192001","37000","1","37000","0","37000","1","1","1","IAT1107190900","NHO2018000007","PAID","","193005"),
("IATT190001322","193084","191001","192001","30000","1","30000","0","30000","2","1","1","IAT1107190900","NHO2018000007","PAID","","PEDAS"),
("IATT190001322","193051","191002","192010","20000","1","20000","0","20000","1","1","1","IAT1107190900","NHO2018000007","PAID","gula dikit","193051"),
("IATT190001322","193047","191002","192010","8000","1","8000","0","8000","1","1","1","IAT1107190900","NHO2018000007","PAID","","193047"),
("IATT190001322","193047","191002","192010","8000","1","8000","0","8000","2","1","1","IAT1107190900","NHO2018000007","PAID","","193047"),
("IATT190001322","193047","191002","192010","8000","1","8000","0","8000","3","1","1","IAT1107190900","NHO2018000007","PAID","","193047"),
("IATT190001322","193046","191002","192010","8000","1","8000","0","8000","1","1","1","IAT1107190900","NHO2018000007","PAID","","193046"),
("IATT190001321","193035","191001","192006","32000","1","32000","0","32000","1","1","2","IAT1107190900","NHO2018000007","PAID","","ORIGINAL"),
("IATT190001323","193035","191001","192006","32000","1","32000","0","32000","1","1","1","IAT1107190900","NHO2018000007","PAID","pedes sedang.. \n telor mata sapi ya..jangan dicampur","PEDAS"),
("IATT190001323","193046","191002","192010","8000","1","8000","0","8000","1","1","1","IAT1107190900","NHO2018000007","PAID","","193046"),
("IATT190001324","193006","191001","192001","37000","1","37000","0","37000","1","1","1","IAT1107190900","NHO2018000007","PAID","","193006"),
("IATT190001324","193028","191001","192003","43000","1","43000","0","43000","1","1","1","IAT1107190900","NHO2018000007","PAID","","193028"),
("IATT190001324","193055","191002","192010","17000","1","17000","0","17000","1","1","1","IAT1107190900","NHO2018000007","PAID","","193055"),
("IATT190001325","193025","191001","192003","30000","1","30000","0","30000","1","1","1","IAT1107190900","NHO2018000007","PAID","","193025"),
("IATT190001325","193053","191002","192010","20000","1","20000","0","20000","1","1","1","IAT1107190900","NHO2018000007","PAID","","193053"),
("IATT190001326","193054","191002","192010","20000","1","20000","0","20000","1","1","1","IAT1107190900","NHO2018000007","PAID","","193054"),
("IATT190001326","193055","191002","192010","17000","1","17000","0","17000","1","1","1","IAT1107190900","NHO2018000007","PAID","","193055"),
("IATT190001326","193055","191002","192010","17000","1","17000","0","17000","2","1","1","IAT1107190900","NHO2018000007","PAID","","193055"),
("IATT190001326","193077","191001","192001","30000","1","30000","0","30000","1","1","1","IAT1107190900","NHO2018000007","PAID","lvl 2","193077"),
("IATT190001326","193007","191001","192001","37000","1","37000","0","37000","1","1","2","IAT1107190900","NHO2018000007","PAID","","ORIGINAL"),
("IATT190001326","193028","191001","192003","43000","1","43000","0","43000","1","1","2","IAT1107190900","NHO2018000007","PAID","","193028"),
("IATT190001327","193076","191001","192001","30000","1","30000","0","30000","1","1","1","IAT1107190900","NHO2018000007","PAID","","193076"),
("IATT190001327","193082","191001","192001","30000","1","30000","0","30000","1","1","1","IAT1107190900","NHO2018000007","PAID","","193082"),
("IATT190001327","193052","191002","192010","20000","1","20000","0","20000","1","1","1","IAT1107190900","NHO2018000007","PAID","","193052"),
("IATT190001327","193055","191002","192010","17000","1","17000","0","17000","1","1","1","IAT1107190900","NHO2018000007","PAID","","193055"),
("IATT190001327","193072","191001","192012","25000","1","25000","0","25000","1","1","1","IAT1107190900","NHO2018000007","PAID","","193072"),
("IATT190001328","193028","191001","192003","43000","1","43000","0","43000","1","1","1","IAT1107190900","NHO2018000007","PAID","","193028"),
("IATT190001328","193028","191001","192003","43000","1","43000","0","43000","2","1","1","IAT1107190900","NHO2018000007","PAID","","193028"),
("IATT190001328","193028","191001","192003","43000","1","43000","0","43000","3","1","1","IAT1107190900","NHO2018000007","PAID","","193028"),
("IATT190001328","193052","191002","192010","20000","1","20000","0","20000","1","1","1","IAT1107190900","NHO2018000007","PAID","","193052"),
("IATT190001328","193052","191002","192010","20000","1","20000","0","20000","2","1","1","IAT1107190900","NHO2018000007","PAID","","193052"),
("IATT190001328","193054","191002","192010","20000","1","20000","0","20000","1","1","1","IAT1107190900","NHO2018000007","PAID","","193054"),
("IATT190001328","193085","191001","192001","30000","1","30000","0","30000","1","1","1","IAT1107190900","NHO2018000007","PAID","","193085"),
("IATT190001328","193023","191001","192003","30000","1","30000","0","30000","1","1","1","IAT1107190900","NHO2018000007","PAID","","193023"),
("IATT190001328","193034","191001","192005","37000","1","37000","0","37000","1","1","1","IAT1107190900","NHO2018000007","PAID","","193034"),
("IATT190001328","193034","191001","192005","37000","1","37000","0","37000","2","1","2","IAT1107190900","NHO2018000007","PAID","","193034"),
("IATT190001329","193080","191001","192002","33000","1","33000","0","33000","1","1","1","IAT1107190900","NHO2018000007","PAID","","PEDAS"),
("IATT190001329","193024","191001","192003","30000","1","30000","0","30000","1","1","1","IAT1107190900","NHO2018000007","PAID","","193024"),
("IATT190001329","193056","191002","192010","17000","1","17000","0","17000","1","1","1","IAT1107190900","NHO2018000007","PAID","","193056"),
("IATT190001329","193048","191002","192010","8000","1","8000","0","8000","1","1","1","IAT1107190900","NHO2018000007","PAID","","193048"),
("IATT190001329","193049","191002","192010","10000","1","10000","0","10000","1","1","1","IAT1107190900","NHO2018000007","PAID","","193049"),
("IATT190001330","193018","191001","192002","37000","1","37000","0","37000","1","1","1","IAT1107190900","NHO2018000007","PAID","","ORIGINAL"),
("IATT190001330","193072","191001","192012","25000","1","25000","0","25000","1","1","1","IAT1107190900","NHO2018000007","PAID","","193072"),
("IATT190001330","193055","191002","192010","17000","1","17000","0","17000","1","1","1","IAT1107190900","NHO2018000007","PAID","","193055"),
("IATT190001330","193055","191002","192010","17000","1","17000","0","17000","2","1","1","IAT1107190900","NHO2018000007","PAID","","193055"),
("IATT190001331","193007","191001","192001","37000","1","37000","0","37000","1","1","1","IAT1107190900","NHO2018000007","PAID","","PEDAS"),
("IATT190001331","193047","191002","192010","8000","1","8000","0","8000","1","1","1","IAT1107190900","NHO2018000007","PAID","","193047"),
("IATT190001331","193047","191002","192010","8000","1","8000","0","8000","2","1","1","IAT1107190900","NHO2018000007","PAID","","193047"),
("IATT190001331","193025","191001","192003","30000","1","30000","0","30000","1","1","1","IAT1107190900","NHO2018000007","PAID","","193025"),
("IATT190001331","193085","191001","192001","30000","1","30000","0","30000","1","1","1","IAT1107190900","NHO2018000007","PAID","pds lvl 1","193085"),
("IATT190001330","193024","191001","192003","30000","1","30000","0","30000","1","1","2","IAT1107190900","NHO2018000007","PAID","","193024"),
("IATT190001332","193046","191002","192010","8000","1","8000","0","8000","1","1","1","IAT1107190900","NHO2018000007","PAID","","193046"),
("IATT190001332","193030","191001","192004","27000","1","27000","0","27000","1","1","1","IAT1107190900","NHO2018000007","PAID","","193030"),
("IATT190001332","193069","191001","192012","13000","1","13000","0","13000","1","1","1","IAT1107190900","NHO2018000007","PAID","","193069"),
("IATT190001333","193037","191001","192006","36000","1","36000","0","36000","1","1","1","IAT1107190900","NHO2018000007","PAID","","ORIGINAL"),
("IATT190001333","193024","191001","192003","30000","1","30000","0","30000","1","1","1","IAT1107190900","NHO2018000007","PAID","","193024"),
("IATT190001333","193034","191001","192005","37000","1","37000","0","37000","1","1","1","IAT1107190900","NHO2018000007","PAID","","193034"),
("IATT190001333","193072","191001","192012","25000","1","25000","0","25000","1","1","1","IAT1107190900","NHO2018000007","PAID","","193072"),
("IATT190001333","193049","191002","192010","10000","1","10000","0","10000","1","1","1","IAT1107190900","NHO2018000007","PAID","","193049"),
("IATT190001334","193030","191001","192004","27000","1","27000","0","27000","1","1","1","IAT1107190900","NHO2018000007","PAID","","193030"),
("IATT190001334","193055","191002","192010","17000","1","17000","0","17000","1","1","1","IAT1107190900","NHO2018000007","PAID","","193055"),
("IATT190001334","193055","191002","192010","17000","1","17000","0","17000","2","1","2","IAT1107190900","NHO2018000007","PAID","","193055"),
("IATT190001335","193069","191001","192012","13000","1","13000","0","13000","1","1","1","IAT1107190900","NHO2018000007","PAID","","193069"),
("IATT190001335","193070","191001","192012","13000","1","13000","0","13000","1","1","1","IAT1107190900","NHO2018000007","PAID","","193070"),
("IATT190001335","193028","191001","192003","43000","1","43000","0","43000","1","1","1","IAT1107190900","NHO2018000007","PAID","","193028"),
("IATT190001335","193082","191001","192001","30000","1","30000","0","30000","1","1","1","IAT1107190900","NHO2018000007","PAID","","193082"),
("IATT190001335","193056","191002","192010","17000","1","17000","0","17000","1","1","1","IAT1107190900","NHO2018000007","PAID","","193056"),
("IATT190001335","193047","191002","192010","8000","1","8000","0","8000","1","1","1","IAT1107190900","NHO2018000007","PAID","","193047"),
("IATT190001336","193015","191001","192002","33000","1","33000","0","33000","1","1","1","IAT1107190900","NHO2018000007","PAID","","ORIGINAL"),
("IATT190001336","193072","191001","192012","25000","1","25000","0","25000","1","1","1","IAT1107190900","NHO2018000007","PAID","","193072"),
("IATT190001336","193085","191001","192001","30000","1","30000","0","30000","1","1","1","IAT1107190900","NHO2018000007","PAID","","193085"),
("IATT190001336","193028","191001","192003","43000","1","43000","0","43000","1","1","1","IAT1107190900","NHO2018000007","PAID","","193028"),
("IATT190001336","193046","191002","192010","8000","1","8000","0","8000","1","1","1","IAT1107190900","NHO2018000007","PAID","","193046"),
("IATT190001336","193052","191002","192010","20000","1","20000","0","20000","1","1","1","IAT1107190900","NHO2018000007","PAID","","193052"),
("IATT190001336","193054","191002","192010","20000","1","20000","0","20000","1","1","1","IAT1107190900","NHO2018000007","PAID","","193054"),
("IATT190001337","193046","191002","192010","8000","1","8000","0","8000","1","1","1","IAT1107190900","NHO2018000007","PAID","","193046"),
("IATT190001338","193084","191001","192001","30000","1","30000","0","30000","1","1","1","IAT1107190900","NHO2018000007","PAID","","PEDAS"),
("IATT190001338","193073","191003","192011","0","1","0","0","0","1","1","1","IAT1107190900","NHO2018000007","PAID","","193073"),
("IATT190001338","193054","191002","192010","20000","1","20000","0","20000","1","1","1","IAT1107190900","NHO2018000007","PAID","","193054"),
("IATT190001339","193082","191001","192001","30000","1","30000","0","30000","1","1","1","IAT1107190900","NHO2018000007","PAID","","193082"),
("IATT190001339","193086","191001","192002","33000","1","33000","0","33000","1","1","1","IAT1107190900","NHO2018000007","PAID","","PEDAS"),
("IATT190001339","193069","191001","192012","13000","1","13000","0","13000","1","1","1","IAT1107190900","NHO2018000007","PAID","","193069"),
("IATT190001339","193047","191002","192010","8000","1","8000","0","8000","1","1","1","IAT1107190900","NHO2018000007","PAID","","193047"),
("IATT190001339","193055","191002","192010","17000","1","17000","0","17000","1","1","1","IAT1107190900","NHO2018000007","PAID","","193055"),
("IATT190001337","193024","191001","192003","30000","1","30000","0","30000","1","1","2","IAT1107190900","NHO2018000007","PAID","","193024"),
("IATT190001335","193047","191002","192010","8000","1","8000","0","8000","2","1","2","IAT1107190900","NHO2018000007","PAID","","193047"),
("IATT190001340","193076","191001","192001","30000","1","30000","0","30000","1","1","1","IAT1107190900","NHO2018000007","PAID","","193076"),
("IATT190001340","193052","191002","192010","20000","1","20000","0","20000","1","1","1","IAT1107190900","NHO2018000007","PAID","","193052"),
("IATT190001340","193051","191002","192010","20000","1","20000","0","20000","1","1","1","IAT1107190900","NHO2018000007","PAID","","193051"),
("IATT190001340","193024","191001","192003","30000","1","30000","0","30000","1","1","1","IAT1107190900","NHO2018000007","PAID","","193024"),
("IATT190001341","193022","191001","192003","30000","1","30000","0","30000","1","1","1","IAT1107190900","NHO2018000007","PAID","","193022"),
("IATT190001341","193078","191001","192001","30000","1","30000","0","30000","1","1","1","IAT1107190900","NHO2018000007","PAID","lv2","PEDAS"),
("IATT190001341","193069","191001","192012","13000","1","13000","0","13000","1","1","1","IAT1107190900","NHO2018000007","PAID","","193069"),
("IATT190001341","193052","191002","192010","20000","1","20000","0","20000","1","1","1","IAT1107190900","NHO2018000007","PAID","no ice","193052"),
("IATT190001341","193055","191002","192010","17000","1","17000","0","17000","1","1","1","IAT1107190900","NHO2018000007","PAID","","193055"),
("IATT190001341","193048","191002","192010","8000","1","8000","0","8000","1","1","1","IAT1107190900","NHO2018000007","PAID","","193048"),
("IATT190001342","193032","191001","192004","30000","1","30000","0","30000","1","1","1","IAT1107190900","NHO2018000007","PAID","","193032"),
("IATT190001342","193067","191001","192003","7000","1","7000","0","7000","1","1","1","IAT1107190900","NHO2018000007","PAID","","193067"),
("IATT190001342","193054","191002","192010","20000","1","20000","0","20000","1","1","1","IAT1107190900","NHO2018000007","PAID","","193054");



INSERT INTO pos_salestemp VALUES("IATT190001320","","3","140000","0","14000","0","154000","175000","11/07/2019","12:05","2019-07-11","12:58:54","ISU000012","tbl0012","CLOSED","1","","IATR190001280","","","","","IAT1107190900","NHO2018000007"),
("IATT190001321","","4","182000","0","18200","0","200200","200200","11/07/2019","12:16","2019-07-11","12:53:47","ISU000012","tbl0010","CLOSED","1","","IATR190001279","","","","","IAT1107190900","NHO2018000007"),
("IATT190001322","","5","222000","0","22200","0","244200","250000","11/07/2019","12:18","2019-07-11","13:01:48","ISU000012","tbl0013","CLOSED","1","","IATR190001281","","","","","IAT1107190900","NHO2018000007"),
("IATT190001323","","1","40000","0","4000","0","44000","50000","11/07/2019","13:39","2019-07-11","14:08:32","ISU000012","tbl0005","CLOSED","1","","IATR190001282","","","","","IAT1107190900","NHO2018000007"),
("IATT190001324","","1","97000","0","9700","0","106700","125000","11/07/2019","13:45","2019-07-11","14:31:17","ISU000012","tbl0014","CLOSED","1","","IATR190001283","","","","","IAT1107190900","NHO2018000007"),
("IATT190001325","","2","50000","0","5000","0","55000","55000","11/07/2019","13:48","2019-07-11","15:13:44","ISU000012","tbl0012","CLOSED","1","","IATR190001285","","","","","IAT1107190900","NHO2018000007"),
("IATT190001326","","2","164000","0","16400","0","180400","180400","11/07/2019","14:13","2019-07-11","15:01:05","ISU000012","tbl0011","CLOSED","1","","IATR190001284","","","","","IAT1107190900","NHO2018000007"),
("IATT190001327","","2","122000","0","12200","0","134200","200000","11/07/2019","14:54","2019-07-11","15:22:17","ISU000012","tbl0012","CLOSED","1","","IATR190001286","","","","","IAT1107190900","NHO2018000007"),
("IATT190001328","","5","323000","0","32300","0","355300","400000","11/07/2019","15:11","2019-07-11","15:49:05","ISU000012","tbl0013","CLOSED","1","","IATR190001287","","","","","IAT1107190900","NHO2018000007"),
("IATT190001329","","1","98000","0","9800","0","107800","125000","11/07/2019","16:27","2019-07-11","17:09:05","ISU000012","tbl0010","CLOSED","1","","IATR190001288","","","","","IAT1107190900","NHO2018000007"),
("IATT190001330","","2","126000","0","12600","0","138600","138600","11/07/2019","18:33","2019-07-11","19:27:50","ISU000012","tbl0012","CLOSED","1","","IATR190001289","","","","","IAT1107190900","NHO2018000007"),
("IATT190001331","","3","113000","0","11300","0","124300","125000","11/07/2019","18:38","2019-07-11","20:23:20","ISU000012","tbl0011","CLOSED","1","","IATR190001298","","","","","IAT1107190900","NHO2018000007"),
("IATT190001332","","1","48000","0","4800","0","52800","103000","11/07/2019","18:57","2019-07-11","19:29:35","ISU000012","tbl0005","CLOSED","1","","IATR190001291","","","","","IAT1107190900","NHO2018000007"),
("IATT190001333","","3","138000","0","13800","0","151800","155000","11/07/2019","19:01","2019-07-11","19:57:20","ISU000012","tbl0010","CLOSED","1","","IATR190001292","","","","","IAT1107190900","NHO2018000007"),
("IATT190001334","","1","61000","0","6100","0","67100","100000","11/07/2019","19:05","2019-07-11","19:28:19","ISU000012","tbl0019","CLOSED","1","","IATR190001290","","","","","IAT1107190900","NHO2018000007"),
("IATT190001335","","2","132000","0","13200","0","145200","145200","11/07/2019","19:29","2019-07-11","20:11:37","ISU000012","tbl0013","CLOSED","1","","IATR190001294","","","","","IAT1107190900","NHO2018000007"),
("IATT190001336","","3","179000","0","17900","0","196900","196900","11/07/2019","19:31","2019-07-11","20:10:23","ISU000012","tbl0015","CLOSED","1","","IATR190001293","","","","","IAT1107190900","NHO2018000007"),
("IATT190001337","","1","38000","0","3800","0","41800","100000","11/07/2019","19:32","2019-07-11","20:21:28","ISU000012","tbl0022","CLOSED","1","","IATR190001297","","","","","IAT1107190900","NHO2018000007"),
("IATT190001338","","1","50000","0","5000","0","55000","55000","11/07/2019","19:33","2019-07-11","20:14:42","ISU000012","tbl0012","CLOSED","1","","IATR190001295","","","","","IAT1107190900","NHO2018000007"),
("IATT190001339","","2","101000","0","10100","0","111100","125000","11/07/2019","19:38","2019-07-11","20:20:56","ISU000012","tbl0019","CLOSED","1","","IATR190001296","","","","","IAT1107190900","NHO2018000007"),
("IATT190001340","","3","100000","0","10000","0","110000","125000","11/07/2019","20:57","2019-07-11","21:25:01","ISU000012","tbl0013","CLOSED","1","","IATR190001299","","","","","IAT1107190900","NHO2018000007"),
("IATT190001341","","1","118000","0","11800","0","129800","135000","11/07/2019","21:02","2019-07-11","21:38:51","ISU000012","tbl0012","CLOSED","1","","IATR190001301","","","","","IAT1107190900","NHO2018000007"),
("IATT190001342","","1","57000","0","5700","0","62700","65000","11/07/2019","21:17","2019-07-11","21:37:54","ISU000012","tbl0011","CLOSED","1","","IATR190001300","","","","","IAT1107190900","NHO2018000007");



INSERT INTO item_void VALUES("IATT190001330","IAT1107190900","NHO2018000007","193025","193025","1","30000","Before Send","Salah Order");









INSERT INTO pos_paymenttemp VALUES("IATT190001321","VOUCHER","TRAVELOKA EATS 100K","100000","100000","ISU000012","2019-07-11","","1","","CLOSED","IAT1107190900","NHO2018000007"),
("IATT190001321","VOUCHER","TRAVELOKA EATS 100K","100000","100000","ISU000012","2019-07-11","","1","","CLOSED","IAT1107190900","NHO2018000007"),
("IATT190001321","CASH","CASH","200","200","ISU000012","2019-07-11","","1","","CLOSED","IAT1107190900","NHO2018000007"),
("IATT190001320","VOUCHER","ISOIDE VOUCHER 25K","25000","25000","ISU000012","2019-07-11","","1","","CLOSED","IAT1107190900","NHO2018000007"),
("IATT190001320","CASH","CASH","129000","150000","ISU000012","2019-07-11","","1","","CLOSED","IAT1107190900","NHO2018000007"),
("IATT190001322","VOUCHER","ISOIDE VOUCHER 25K","25000","25000","ISU000012","2019-07-11","","1","","CLOSED","IAT1107190900","NHO2018000007"),
("IATT190001322","VOUCHER","ISOIDE VOUCHER 25K","25000","25000","ISU000012","2019-07-11","","1","","CLOSED","IAT1107190900","NHO2018000007"),
("IATT190001322","CASH","CASH","194200","200000","ISU000012","2019-07-11","","1","","CLOSED","IAT1107190900","NHO2018000007"),
("IATT190001323","CASH","CASH","44000","50000","ISU000012","2019-07-11","","1","","CLOSED","IAT1107190900","NHO2018000007"),
("IATT190001324","VOUCHER","ISOIDE VOUCHER 25K","25000","25000","ISU000012","2019-07-11","","1","","CLOSED","IAT1107190900","NHO2018000007"),
("IATT190001324","CASH","CASH","81700","100000","ISU000012","2019-07-11","","1","","CLOSED","IAT1107190900","NHO2018000007"),
("IATT190001326","CARD","VISA","180400","180400","ISU000012","2019-07-11","","1","","CLOSED","IAT1107190900","NHO2018000007"),
("IATT190001325","CASH","CASH","55000","55000","ISU000012","2019-07-11","","1","","CLOSED","IAT1107190900","NHO2018000007"),
("IATT190001327","CASH","CASH","134200","200000","ISU000012","2019-07-11","","1","","CLOSED","IAT1107190900","NHO2018000007"),
("IATT190001328","CASH","CASH","355300","400000","ISU000012","2019-07-11","","1","","CLOSED","IAT1107190900","NHO2018000007"),
("IATT190001329","VOUCHER","ISOIDE VOUCHER 25K","25000","25000","ISU000012","2019-07-11","","1","","CLOSED","IAT1107190900","NHO2018000007"),
("IATT190001329","CASH","CASH","82800","100000","ISU000012","2019-07-11","","1","","CLOSED","IAT1107190900","NHO2018000007"),
("IATT190001330","VOUCHER","ISOIDE VOUCHER 25K","25000","25000","ISU000012","2019-07-11","","1","","CLOSED","IAT1107190900","NHO2018000007"),
("IATT190001330","CARD","VISA","113600","113600","ISU000012","2019-07-11","","1","","CLOSED","IAT1107190900","NHO2018000007"),
("IATT190001334","CASH","CASH","67100","100000","ISU000012","2019-07-11","","1","","CLOSED","IAT1107190900","NHO2018000007"),
("IATT190001332","CASH","CASH","52800","103000","ISU000012","2019-07-11","","1","","CLOSED","IAT1107190900","NHO2018000007"),
("IATT190001333","VOUCHER","ISOIDE VOUCHER 25K","25000","25000","ISU000012","2019-07-11","","1","","CLOSED","IAT1107190900","NHO2018000007"),
("IATT190001333","CASH","CASH","126800","130000","ISU000012","2019-07-11","","1","","CLOSED","IAT1107190900","NHO2018000007"),
("IATT190001336","CARD","MASTER","196900","196900","ISU000012","2019-07-11","","1","","CLOSED","IAT1107190900","NHO2018000007"),
("IATT190001335","VOUCHER","ISOIDE VOUCHER 25K","25000","25000","ISU000012","2019-07-11","","1","","CLOSED","IAT1107190900","NHO2018000007"),
("IATT190001335","CARD","MASTER","120200","120200","ISU000012","2019-07-11","","1","","CLOSED","IAT1107190900","NHO2018000007"),
("IATT190001338","CASH","CASH","55000","55000","ISU000012","2019-07-11","","1","","CLOSED","IAT1107190900","NHO2018000007"),
("IATT190001339","VOUCHER","ISOIDE VOUCHER 25K","25000","25000","ISU000012","2019-07-11","","1","","CLOSED","IAT1107190900","NHO2018000007"),
("IATT190001339","CASH","CASH","86100","100000","ISU000012","2019-07-11","","1","","CLOSED","IAT1107190900","NHO2018000007"),
("IATT190001337","CASH","CASH","41800","100000","ISU000012","2019-07-11","","1","","CLOSED","IAT1107190900","NHO2018000007"),
("IATT190001331","VOUCHER","ISOIDE VOUCHER 25K","25000","25000","ISU000012","2019-07-11","","1","","CLOSED","IAT1107190900","NHO2018000007"),
("IATT190001331","CASH","CASH","99300","100000","ISU000012","2019-07-11","","1","","CLOSED","IAT1107190900","NHO2018000007"),
("IATT190001340","VOUCHER","ISOIDE VOUCHER 25K","25000","25000","ISU000012","2019-07-11","","1","","CLOSED","IAT1107190900","NHO2018000007"),
("IATT190001340","CASH","CASH","85000","100000","ISU000012","2019-07-11","","1","","CLOSED","IAT1107190900","NHO2018000007"),
("IATT190001342","CASH","CASH","62700","65000","ISU000012","2019-07-11","","1","","CLOSED","IAT1107190900","NHO2018000007"),
("IATT190001341","VOUCHER","ISOIDE VOUCHER 25K","25000","25000","ISU000012","2019-07-11","","1","","CLOSED","IAT1107190900","NHO2018000007"),
("IATT190001341","CASH","CASH","104800","110000","ISU000012","2019-07-11","","1","","CLOSED","IAT1107190900","NHO2018000007");



