INSERT INTO pos_itemtemp VALUES("IATT190002579","193077","191001","192001","30000","1","30000","15000","15000","1","1","1","IAT1309190943","NHO2018000007","PAID","pedas lvl 2","193077"),
("IATT190002579","193084","191001","192001","30000","1","30000","15000","15000","1","1","1","IAT1309190943","NHO2018000007","PAID"," lvl 2","PEDAS"),
("IATT190002579","193036","191001","192006","36000","1","36000","18000","18000","1","1","1","IAT1309190943","NHO2018000007","PAID","","ORIGINAL"),
("IATT190002579","193033","191001","192005","42000","1","42000","21000","21000","1","1","1","IAT1309190943","NHO2018000007","PAID","","193033"),
("IATT190002579","193047","191002","192010","10000","1","10000","0","10000","1","1","1","IAT1309190943","NHO2018000007","PAID","","193047"),
("IATT190002579","193047","191002","192010","10000","1","10000","0","10000","2","1","1","IAT1309190943","NHO2018000007","PAID","","193047"),
("IATT190002579","193047","191002","192010","10000","1","10000","0","10000","3","1","1","IAT1309190943","NHO2018000007","PAID","","193047"),
("IATT190002579","193047","191002","192010","10000","1","10000","0","10000","4","1","1","IAT1309190943","NHO2018000007","PAID","","193047"),
("IATT190002580","193033","191001","192005","42000","1","42000","21000","21000","1","1","1","IAT1309190943","NHO2018000007","PAID","","193033"),
("IATT190002580","193030","191001","192004","27000","1","27000","13500","13500","1","1","1","IAT1309190943","NHO2018000007","PAID","","193030"),
("IATT190002580","193029","191001","192004","27000","1","27000","13500","13500","1","1","1","IAT1309190943","NHO2018000007","PAID","","193029"),
("IATT190002580","193029","191001","192004","27000","1","27000","13500","13500","2","1","1","IAT1309190943","NHO2018000007","PAID","","193029"),
("IATT190002580","193032","191001","192004","30000","1","30000","15000","15000","1","1","1","IAT1309190943","NHO2018000007","PAID","","193032"),
("IATT190002580","193046","191002","192010","10000","1","10000","0","10000","1","1","1","IAT1309190943","NHO2018000007","PAID","","193046"),
("IATT190002580","193046","191002","192010","10000","1","10000","0","10000","2","1","1","IAT1309190943","NHO2018000007","PAID","","193046"),
("IATT190002580","193047","191002","192010","10000","1","10000","0","10000","1","1","1","IAT1309190943","NHO2018000007","PAID","","193047"),
("IATT190002580","193047","191002","192010","10000","1","10000","0","10000","2","1","1","IAT1309190943","NHO2018000007","PAID","","193047"),
("IATT190002580","193047","191002","192010","10000","1","10000","0","10000","3","1","1","IAT1309190943","NHO2018000007","PAID","","193047"),
("IATT190002581","193028","191001","192003","43000","1","43000","0","43000","1","1","1","IAT1309190943","NHO2018000007","PAID","","193028"),
("IATT190002581","193011","191001","192001","40000","1","40000","0","40000","1","1","1","IAT1309190943","NHO2018000007","PAID","","PEDAS"),
("IATT190002581","193053","191002","192010","20000","1","20000","0","20000","1","1","1","IAT1309190943","NHO2018000007","PAID","","193053"),
("IATT190002581","193054","191002","192010","20000","1","20000","0","20000","1","1","1","IAT1309190943","NHO2018000007","PAID","","193054"),
("IATT190002581","193052","191002","192010","20000","1","20000","0","20000","1","1","1","IAT1309190943","NHO2018000007","PAID","","193052"),
("IATT190002582","193033","191001","192005","42000","1","42000","21000","21000","1","1","1","IAT1309190943","NHO2018000007","PAID","","193033"),
("IATT190002582","193034","191001","192005","37000","1","37000","18500","18500","1","1","1","IAT1309190943","NHO2018000007","PAID","","193034"),
("IATT190002582","193052","191002","192010","20000","1","20000","0","20000","1","1","1","IAT1309190943","NHO2018000007","PAID","","193052"),
("IATT190002582","193053","191002","192010","20000","1","20000","0","20000","1","1","1","IAT1309190943","NHO2018000007","PAID","","193053"),
("IATT190002580","193071","191001","192012","18000","1","18000","9000","9000","1","1","2","IAT1309190943","NHO2018000007","PAID","","193071"),
("IATT190002580","193071","191001","192012","18000","1","18000","9000","9000","2","1","2","IAT1309190943","NHO2018000007","PAID","","193071"),
("IATT190002580","193008","191001","192001","37000","1","37000","18500","18500","1","1","3","IAT1309190943","NHO2018000007","PAID","","193008"),
("IATT190002580","193047","191002","192010","10000","1","10000","0","10000","4","1","3","IAT1309190943","NHO2018000007","PAID","","193047"),
("IATT190002580","193047","191002","192010","10000","1","10000","0","10000","5","1","4","IAT1309190943","NHO2018000007","PAID","","193047"),
("IATT190002584","193082","191001","192001","30000","1","30000","15000","15000","1","1","1","IAT1309190943","NHO2018000007","PAID","original","193082"),
("IATT190002584","193029","191001","192004","27000","1","27000","13500","13500","1","1","1","IAT1309190943","NHO2018000007","PAID","","193029"),
("IATT190002584","193017","191001","192002","37000","1","37000","18500","18500","1","1","1","IAT1309190943","NHO2018000007","PAID","original","193017"),
("IATT190002584","193055","191002","192010","17000","1","17000","0","17000","1","1","1","IAT1309190943","NHO2018000007","PAID","","193055"),
("IATT190002584","193046","191002","192010","10000","1","10000","0","10000","1","1","1","IAT1309190943","NHO2018000007","PAID","","193046"),
("IATT190002585","193033","191001","192005","42000","1","42000","0","42000","1","1","1","IAT1309190943","NHO2018000007","PAID","","193033"),
("IATT190002585","193118","191001","192012","20000","1","20000","0","20000","1","1","1","IAT1309190943","NHO2018000007","PAID","","193118"),
("IATT190002585","193048","191002","192010","8000","1","8000","0","8000","1","1","1","IAT1309190943","NHO2018000007","PAID","","193048"),
("IATT190002589","193017","191001","192002","37000","1","37000","18500","18500","1","1","1","IAT1309190943","NHO2018000007","PAID","","193017"),
("IATT190002589","193037","191001","192006","36000","1","36000","18000","18000","1","1","1","IAT1309190943","NHO2018000007","PAID","","PEDAS"),
("IATT190002589","193054","191002","192010","20000","1","20000","0","20000","1","1","1","IAT1309190943","NHO2018000007","PAID","","193054"),
("IATT190002589","193082","191001","192001","30000","1","30000","15000","15000","1","1","1","IAT1309190943","NHO2018000007","PAID","pedas sedang","193082"),
("IATT190002589","193052","191002","192010","20000","1","20000","0","20000","1","1","1","IAT1309190943","NHO2018000007","PAID","","193052"),
("IATT190002590","193033","191001","192005","42000","1","42000","21000","21000","1","1","1","IAT1309190943","NHO2018000007","PAID","","193033"),
("IATT190002590","193036","191001","192006","36000","1","36000","18000","18000","1","1","1","IAT1309190943","NHO2018000007","PAID","","ORIGINAL"),
("IATT190002590","193046","191002","192010","10000","1","10000","0","10000","1","1","1","IAT1309190943","NHO2018000007","PAID","","193046"),
("IATT190002591","193054","191002","192010","20000","1","20000","0","20000","1","1","1","IAT1309190943","NHO2018000007","PAID","","193054"),
("IATT190002592","193084","191001","192001","30000","1","30000","15000","15000","1","1","1","IAT1309190943","NHO2018000007","PAID","lv 1","PEDAS"),
("IATT190002592","193025","191001","192003","30000","1","30000","0","30000","1","1","1","IAT1309190943","NHO2018000007","PAID","","193025"),
("IATT190002592","193024","191001","192003","30000","1","30000","0","30000","1","1","1","IAT1309190943","NHO2018000007","PAID","","193024"),
("IATT190002592","193048","191002","192010","8000","1","8000","0","8000","1","1","1","IAT1309190943","NHO2018000007","PAID","","193048"),
("IATT190002592","193048","191002","192010","8000","1","8000","0","8000","2","1","1","IAT1309190943","NHO2018000007","PAID","","193048"),
("IATT190002590","193027","191001","192003","43000","1","43000","0","43000","1","1","2","IAT1309190943","NHO2018000007","PAID","","193027"),
("IATT190002590","193077","191001","192001","30000","1","30000","15000","15000","1","1","2","IAT1309190943","NHO2018000007","PAID","nanty minjem mangkok 2 ya\nthanks","193077"),
("IATT190002590","193046","191002","192010","10000","1","10000","0","10000","2","1","2","IAT1309190943","NHO2018000007","PAID","","193046"),
("IATT190002590","193046","191002","192010","10000","1","10000","0","10000","3","1","2","IAT1309190943","NHO2018000007","PAID","","193046"),
("IATT190002590","193047","191002","192010","10000","1","10000","0","10000","1","1","2","IAT1309190943","NHO2018000007","PAID","","193047"),
("IATT190002593","193033","191001","192005","42000","1","42000","21000","21000","1","1","1","IAT1309190943","NHO2018000007","PAID","","193033"),
("IATT190002593","193011","191001","192001","40000","1","40000","20000","20000","1","1","1","IAT1309190943","NHO2018000007","PAID","","PEDAS"),
("IATT190002593","193071","191001","192012","18000","1","18000","9000","9000","1","1","1","IAT1309190943","NHO2018000007","PAID","","193071"),
("IATT190002593","193055","191002","192010","17000","1","17000","0","17000","1","1","1","IAT1309190943","NHO2018000007","PAID","","193055"),
("IATT190002593","193047","191002","192010","10000","1","10000","0","10000","1","1","1","IAT1309190943","NHO2018000007","PAID","","193047"),
("IATT190002593","193047","191002","192010","10000","1","10000","0","10000","2","1","1","IAT1309190943","NHO2018000007","PAID","","193047"),
("IATT190002594","193083","191001","192001","30000","1","30000","15000","15000","1","1","1","IAT1309190943","NHO2018000007","PAID","","193083"),
("IATT190002594","193079","191001","192001","30000","1","30000","15000","15000","1","1","1","IAT1309190943","NHO2018000007","PAID","","193079"),
("IATT190002594","193030","191001","192004","27000","1","27000","13500","13500","1","1","1","IAT1309190943","NHO2018000007","PAID","","193030"),
("IATT190002594","193055","191002","192010","17000","1","17000","0","17000","1","1","1","IAT1309190943","NHO2018000007","PAID","","193055"),
("IATT190002594","193056","191002","192010","17000","1","17000","0","17000","1","1","1","IAT1309190943","NHO2018000007","PAID","","193056"),
("IATT190002593","193011","191001","192001","40000","1","40000","20000","20000","2","1","2","IAT1309190943","NHO2018000007","PAID","minta sambel pisah","PEDAS"),
("IATT190002593","193118","191001","192012","20000","1","20000","10000","10000","1","1","2","IAT1309190943","NHO2018000007","PAID","","193118"),
("IATT190002595","193027","191001","192003","43000","1","43000","0","43000","1","1","1","IAT1309190943","NHO2018000007","PAID","","193027"),
("IATT190002595","193052","191002","192010","20000","1","20000","0","20000","1","1","1","IAT1309190943","NHO2018000007","PAID","","193052"),
("IATT190002596","193084","191001","192001","30000","1","30000","15000","15000","1","1","1","IAT1309190943","NHO2018000007","PAID","lvl 1","PEDAS"),
("IATT190002596","193078","191001","192001","30000","1","30000","15000","15000","1","1","1","IAT1309190943","NHO2018000007","PAID","lvl 2","PEDAS"),
("IATT190002596","193069","191001","192012","13000","1","13000","6500","6500","1","1","1","IAT1309190943","NHO2018000007","PAID","","193069"),
("IATT190002596","193046","191002","192010","10000","1","10000","0","10000","1","1","1","IAT1309190943","NHO2018000007","PAID","","193046"),
("IATT190002596","193053","191002","192010","20000","1","20000","0","20000","1","1","1","IAT1309190943","NHO2018000007","PAID","","193053"),
("IATT190002597","193084","191001","192001","30000","1","30000","15000","15000","1","1","1","IAT1309190943","NHO2018000007","PAID","","PEDAS"),
("IATT190002597","193084","191001","192001","30000","1","30000","15000","15000","2","1","1","IAT1309190943","NHO2018000007","PAID","","PEDAS"),
("IATT190002597","193010","191001","192001","40000","1","40000","20000","20000","1","1","1","IAT1309190943","NHO2018000007","PAID","","193010"),
("IATT190002597","193046","191002","192010","10000","1","10000","0","10000","1","1","1","IAT1309190943","NHO2018000007","PAID","","193046"),
("IATT190002597","193046","191002","192010","10000","1","10000","0","10000","2","1","1","IAT1309190943","NHO2018000007","PAID","","193046"),
("IATT190002597","193046","191002","192010","10000","1","10000","0","10000","3","1","1","IAT1309190943","NHO2018000007","PAID","","193046"),
("IATT190002597","193069","191001","192012","13000","1","13000","6500","6500","1","1","2","IAT1309190943","NHO2018000007","PAID","","193069"),
("IATT190002598","193084","191001","192001","30000","1","30000","0","30000","1","1","1","IAT1309190943","NHO2018000007","PAID","","PEDAS"),
("IATT190002598","193084","191001","192001","30000","1","30000","0","30000","2","1","1","IAT1309190943","NHO2018000007","PAID","","PEDAS"),
("IATT190002598","193047","191002","192010","10000","1","10000","0","10000","1","1","1","IAT1309190943","NHO2018000007","PAID","","193047"),
("IATT190002598","193047","191002","192010","10000","1","10000","0","10000","2","1","1","IAT1309190943","NHO2018000007","PAID","","193047"),
("IATT190002599","193021","191001","192002","40000","1","40000","20000","20000","1","1","1","IAT1309190943","NHO2018000007","PAID","","ORIGINAL"),
("IATT190002599","193084","191001","192001","30000","1","30000","15000","15000","1","1","1","IAT1309190943","NHO2018000007","PAID","lv 3","PEDAS");



INSERT INTO pos_salestemp VALUES("IATT190002578","","1","33000","0","0","0","0","0","13/09/2019","11:46","13/09/2019","11:47:44","ISU000012","tbl0012","CANCELED","1","PERMINTAAN CUSTOMER","","","","","","IAT1309190943","NHO2018000007"),
("IATT190002579","","4","178000","69000","10900","0","119900","119900","13/09/2019","13:08","2019-09-13","15:13:16","ISU000012","tbl0012","CLOSED","1","","IATR190002509","","","","","IAT1309190943","NHO2018000007"),
("IATT190002580","","5","296000","113000","18300","0","201300","202000","13/09/2019","13:26","2019-09-13","14:40:58","ISU000012","tbl0020","CLOSED","1","","IATR190002508","","","","","IAT1309190943","NHO2018000007"),
("IATT190002581","","2","143000","0","14300","0","157300","157300","13/09/2019","13:29","2019-09-13","14:00:32","ISU000012","tbl0011","CLOSED","1","","IATR190002506","","","","","IAT1309190943","NHO2018000007"),
("IATT190002582","","2","119000","39500","7950","0","87450","100000","13/09/2019","13:37","2019-09-13","14:04:22","ISU000012","tbl0010","CLOSED","1","","IATR190002507","","","","","IAT1309190943","NHO2018000007"),
("IATT190002583","","1","43000","0","0","0","0","0","13/09/2019","13:54","13/09/2019","16:25:46","ISU000012","tbl0040","CANCELED","1","PERMINTAAN CUSTOMER","","","","","","IAT1309190943","NHO2018000007"),
("IATT190002584","","2","121000","47000","7400","0","81400","100000","13/09/2019","14:42","2019-09-13","15:19:43","ISU000012","tbl0011","CLOSED","1","","IATR190002510","","","","","IAT1309190943","NHO2018000007"),
("IATT190002585","","1","70000","0","7000","0","77000","100000","13/09/2019","15:27","2019-09-13","15:45:28","ISU000012","tbl0010","CLOSED","1","","IATR190002511","","","","","IAT1309190943","NHO2018000007"),
("IATT190002586","","1","40000","0","0","0","0","0","13/09/2019","16:56","13/09/2019","16:58:11","ISU000012","tbl0012","CANCELED","1","PERMINTAAN CUSTOMER","","","","","","IAT1309190943","NHO2018000007"),
("IATT190002587","","1","0","0","0","0","0","0","13/09/2019","17:39","13/09/2019","17:40:17","ISU000012","tbl0001","CANCELED","1","PERMINTAAN CUSTOMER","","","","","","IAT1309190943","NHO2018000007"),
("IATT190002588","","1","0","0","0","0","0","0","13/09/2019","17:40","13/09/2019","17:41:36","ISU000012","tbl0001","CANCELED","1","PERMINTAAN CUSTOMER","","","","","","IAT1309190943","NHO2018000007"),
("IATT190002589","","2","143000","51500","9150","0","100650","101000","13/09/2019","18:17","2019-09-13","19:03:19","ISU000012","tbl0012","CLOSED","1","","IATR190002512","","","","","IAT1309190943","NHO2018000007"),
("IATT190002590","","2","191000","54000","13700","0","150700","152000","13/09/2019","18:26","2019-09-13","19:29:23","ISU000012","tbl0013","CLOSED","1","","IATR190002513","","","","","IAT1309190943","NHO2018000007"),
("IATT190002591","","1","20000","0","2000","0","22000","25000","13/09/2019","18:35","2019-09-13","20:15:43","ISU000012","tbl0010","CLOSED","1","","IATR190002518","","","","","IAT1309190943","NHO2018000007"),
("IATT190002592","","2","106000","15000","9100","0","100100","101000","13/09/2019","19:01","2019-09-13","19:40:26","ISU000012","tbl0011","CLOSED","1","","IATR190002514","","","","","IAT1309190943","NHO2018000007"),
("IATT190002593","","3","197000","80000","11700","0","128700","128700","13/09/2019","19:09","2019-09-13","20:08:46","ISU000012","tbl0023","CLOSED","1","","IATR190002517","","","","","IAT1309190943","NHO2018000007"),
("IATT190002594","","2","121000","43500","7750","0","85250","85250","13/09/2019","19:27","2019-09-13","19:57:25","ISU000012","tbl0012","CLOSED","1","","IATR190002515","","","","","IAT1309190943","NHO2018000007"),
("IATT190002595","","1","63000","0","6300","0","69300","100000","13/09/2019","19:41","2019-09-13","20:02:59","ISU000012","tbl0021","CLOSED","1","","IATR190002516","","","","","IAT1309190943","NHO2018000007"),
("IATT190002596","","2","103000","36500","6650","0","73150","100000","13/09/2019","19:41","2019-09-13","20:20:08","ISU000012","tbl0020","CLOSED","1","","IATR190002519","","","","","IAT1309190943","NHO2018000007"),
("IATT190002597","","3","143000","56500","8650","0","95150","95150","13/09/2019","19:45","2019-09-13","20:24:19","ISU000012","tbl0018","CLOSED","1","","IATR190002520","","","","","IAT1309190943","NHO2018000007"),
("IATT190002598","","2","80000","0","8000","0","88000","100000","13/09/2019","20:48","2019-09-13","21:12:40","ISU000012","tbl0012","CLOSED","1","","IATR190002521","","","","","IAT1309190943","NHO2018000007"),
("IATT190002599","","2","70000","35000","3500","0","38500","40000","13/09/2019","21:08","2019-09-13","21:47:38","ISU000012","tbl0011","CLOSED","1","","IATR190002522","","","","","IAT1309190943","NHO2018000007");






INSERT INTO pos_promotion_h VALUES("IATT190002582","NPRM18000017","DISC ITEM","1","39500","TUNJUKKAN JEMPOLMU","IAT1309190943","PAID","NHO2018000007"),
("IATT190002580","NPRM18000017","DISC ITEM","1","113000","TUNJUKKAN JEMPOLMU","IAT1309190943","PAID","NHO2018000007"),
("IATT190002579","NPRM18000017","DISC ITEM","1","69000","TUNJUKKAN JEMPOLMU","IAT1309190943","PAID","NHO2018000007"),
("IATT190002584","NPRM18000017","DISC ITEM","1","47000","TUNJUKKAN JEMPOLMU","IAT1309190943","PAID","NHO2018000007"),
("IATT190002589","NPRM18000017","DISC ITEM","1","51500","TUNJUKKAN JEMPOLMU","IAT1309190943","PAID","NHO2018000007"),
("IATT190002590","NPRM18000017","DISC ITEM","1","54000","TUNJUKKAN JEMPOLMU","IAT1309190943","PAID","NHO2018000007"),
("IATT190002592","NPRM18000017","DISC ITEM","1","15000","TUNJUKKAN JEMPOLMU","IAT1309190943","PAID","NHO2018000007"),
("IATT190002594","NPRM18000017","DISC ITEM","1","43500","TUNJUKKAN JEMPOLMU","IAT1309190943","PAID","NHO2018000007"),
("IATT190002593","NPRM18000017","DISC ITEM","1","80000","TUNJUKKAN JEMPOLMU","IAT1309190943","PAID","NHO2018000007"),
("IATT190002596","NPRM18000017","DISC ITEM","1","36500","TUNJUKKAN JEMPOLMU","IAT1309190943","PAID","NHO2018000007"),
("IATT190002597","NPRM18000017","DISC ITEM","1","56500","TUNJUKKAN JEMPOLMU","IAT1309190943","PAID","NHO2018000007"),
("IATT190002599","NPRM18000012","DISC ITEM","1","35000","eatigo 50%","IAT1309190943","PAID","NHO2018000007");



INSERT INTO pos_promotion_d VALUES("IATT190002582","NPRM18000017","DISC ITEM","1","1","193033","1","21000","IAT1309190943","PAID","NHO2018000007"),
("IATT190002582","NPRM18000017","DISC ITEM","1","1","193034","1","18500","IAT1309190943","PAID","NHO2018000007"),
("IATT190002580","NPRM18000017","DISC ITEM","1","1","193033","1","21000","IAT1309190943","PAID","NHO2018000007"),
("IATT190002580","NPRM18000017","DISC ITEM","1","1","193030","1","13500","IAT1309190943","PAID","NHO2018000007"),
("IATT190002580","NPRM18000017","DISC ITEM","1","1","193029","1","13500","IAT1309190943","PAID","NHO2018000007"),
("IATT190002580","NPRM18000017","DISC ITEM","1","1","193029","2","13500","IAT1309190943","PAID","NHO2018000007"),
("IATT190002580","NPRM18000017","DISC ITEM","1","1","193032","1","15000","IAT1309190943","PAID","NHO2018000007"),
("IATT190002580","NPRM18000017","DISC ITEM","1","1","193071","1","9000","IAT1309190943","PAID","NHO2018000007"),
("IATT190002580","NPRM18000017","DISC ITEM","1","1","193071","2","9000","IAT1309190943","PAID","NHO2018000007"),
("IATT190002580","NPRM18000017","DISC ITEM","1","1","193008","1","18500","IAT1309190943","PAID","NHO2018000007"),
("IATT190002579","NPRM18000017","DISC ITEM","1","1","193077","1","15000","IAT1309190943","PAID","NHO2018000007"),
("IATT190002579","NPRM18000017","DISC ITEM","1","1","193084","1","15000","IAT1309190943","PAID","NHO2018000007"),
("IATT190002579","NPRM18000017","DISC ITEM","1","1","193036","1","18000","IAT1309190943","PAID","NHO2018000007"),
("IATT190002579","NPRM18000017","DISC ITEM","1","1","193033","1","21000","IAT1309190943","PAID","NHO2018000007"),
("IATT190002584","NPRM18000017","DISC ITEM","1","1","193082","1","15000","IAT1309190943","PAID","NHO2018000007"),
("IATT190002584","NPRM18000017","DISC ITEM","1","1","193029","1","13500","IAT1309190943","PAID","NHO2018000007"),
("IATT190002584","NPRM18000017","DISC ITEM","1","1","193017","1","18500","IAT1309190943","PAID","NHO2018000007"),
("IATT190002589","NPRM18000017","DISC ITEM","1","1","193017","1","18500","IAT1309190943","PAID","NHO2018000007"),
("IATT190002589","NPRM18000017","DISC ITEM","1","1","193037","1","18000","IAT1309190943","PAID","NHO2018000007"),
("IATT190002589","NPRM18000017","DISC ITEM","1","1","193082","1","15000","IAT1309190943","PAID","NHO2018000007"),
("IATT190002590","NPRM18000017","DISC ITEM","1","1","193033","1","21000","IAT1309190943","PAID","NHO2018000007"),
("IATT190002590","NPRM18000017","DISC ITEM","1","1","193036","1","18000","IAT1309190943","PAID","NHO2018000007"),
("IATT190002590","NPRM18000017","DISC ITEM","1","1","193077","1","15000","IAT1309190943","PAID","NHO2018000007"),
("IATT190002592","NPRM18000017","DISC ITEM","1","1","193084","1","15000","IAT1309190943","PAID","NHO2018000007"),
("IATT190002594","NPRM18000017","DISC ITEM","1","1","193083","1","15000","IAT1309190943","PAID","NHO2018000007"),
("IATT190002594","NPRM18000017","DISC ITEM","1","1","193079","1","15000","IAT1309190943","PAID","NHO2018000007"),
("IATT190002594","NPRM18000017","DISC ITEM","1","1","193030","1","13500","IAT1309190943","PAID","NHO2018000007"),
("IATT190002593","NPRM18000017","DISC ITEM","1","1","193033","1","21000","IAT1309190943","PAID","NHO2018000007"),
("IATT190002593","NPRM18000017","DISC ITEM","1","1","193011","1","20000","IAT1309190943","PAID","NHO2018000007"),
("IATT190002593","NPRM18000017","DISC ITEM","1","1","193071","1","9000","IAT1309190943","PAID","NHO2018000007"),
("IATT190002593","NPRM18000017","DISC ITEM","1","1","193011","2","20000","IAT1309190943","PAID","NHO2018000007"),
("IATT190002593","NPRM18000017","DISC ITEM","1","1","193118","1","10000","IAT1309190943","PAID","NHO2018000007"),
("IATT190002596","NPRM18000017","DISC ITEM","1","1","193084","1","15000","IAT1309190943","PAID","NHO2018000007"),
("IATT190002596","NPRM18000017","DISC ITEM","1","1","193078","1","15000","IAT1309190943","PAID","NHO2018000007"),
("IATT190002596","NPRM18000017","DISC ITEM","1","1","193069","1","6500","IAT1309190943","PAID","NHO2018000007"),
("IATT190002597","NPRM18000017","DISC ITEM","1","1","193084","1","15000","IAT1309190943","PAID","NHO2018000007"),
("IATT190002597","NPRM18000017","DISC ITEM","1","1","193084","2","15000","IAT1309190943","PAID","NHO2018000007"),
("IATT190002597","NPRM18000017","DISC ITEM","1","1","193010","1","20000","IAT1309190943","PAID","NHO2018000007"),
("IATT190002597","NPRM18000017","DISC ITEM","1","1","193069","1","6500","IAT1309190943","PAID","NHO2018000007"),
("IATT190002599","NPRM18000012","DISC ITEM","1","1","193021","1","20000","IAT1309190943","PAID","NHO2018000007"),
("IATT190002599","NPRM18000012","DISC ITEM","1","1","193084","1","15000","IAT1309190943","PAID","NHO2018000007");



INSERT INTO pos_paymenttemp VALUES("IATT190002581","CARD","MASTER","157300","157300","ISU000012","2019-09-13","","1","","CLOSED","IAT1309190943","NHO2018000007"),
("IATT190002582","CASH","CASH","87450","100000","ISU000012","2019-09-13","","1","","CLOSED","IAT1309190943","NHO2018000007"),
("IATT190002580","CASH","CASH","201300","202000","ISU000012","2019-09-13","","1","","CLOSED","IAT1309190943","NHO2018000007"),
("IATT190002579","CARD","MASTER","119900","119900","ISU000012","2019-09-13","","1","","CLOSED","IAT1309190943","NHO2018000007"),
("IATT190002584","CASH","CASH","81400","100000","ISU000012","2019-09-13","","1","","CLOSED","IAT1309190943","NHO2018000007"),
("IATT190002585","CASH","CASH","77000","100000","ISU000012","2019-09-13","","1","","CLOSED","IAT1309190943","NHO2018000007"),
("IATT190002589","CASH","CASH","100650","101000","ISU000012","2019-09-13","","1","","CLOSED","IAT1309190943","NHO2018000007"),
("IATT190002590","CASH","CASH","150700","152000","ISU000012","2019-09-13","","1","","CLOSED","IAT1309190943","NHO2018000007"),
("IATT190002592","CASH","CASH","100100","101000","ISU000012","2019-09-13","","1","","CLOSED","IAT1309190943","NHO2018000007"),
("IATT190002594","CARD","VISA","85250","85250","ISU000012","2019-09-13","","1","","CLOSED","IAT1309190943","NHO2018000007"),
("IATT190002595","CASH","CASH","69300","100000","ISU000012","2019-09-13","","1","","CLOSED","IAT1309190943","NHO2018000007"),
("IATT190002593","CARD","VISA","128700","128700","ISU000012","2019-09-13","","1","","CLOSED","IAT1309190943","NHO2018000007"),
("IATT190002591","CASH","CASH","22000","25000","ISU000012","2019-09-13","","1","","CLOSED","IAT1309190943","NHO2018000007"),
("IATT190002596","CASH","CASH","73150","100000","ISU000012","2019-09-13","","1","","CLOSED","IAT1309190943","NHO2018000007"),
("IATT190002597","CARD","VISA","95150","95150","ISU000012","2019-09-13","","1","","CLOSED","IAT1309190943","NHO2018000007"),
("IATT190002598","CASH","CASH","88000","100000","ISU000012","2019-09-13","","1","","CLOSED","IAT1309190943","NHO2018000007"),
("IATT190002599","CASH","CASH","38500","40000","ISU000012","2019-09-13","","1","","CLOSED","IAT1309190943","NHO2018000007");



