INSERT INTO pos_itemtemp VALUES("IATT190000736","193003","191001","192001","30000","1","30000","0","30000","1","1","1","IAT1406190917","NHO2018000007","PAID","level 2","PEDAS"),
("IATT190000736","193036","191001","192006","36000","1","36000","0","36000","1","1","1","IAT1406190917","NHO2018000007","PAID","","PEDAS"),
("IATT190000736","193016","191001","192002","37000","1","37000","0","37000","1","1","1","IAT1406190917","NHO2018000007","PAID","","PEDAS"),
("IATT190000736","193047","191002","192010","8000","1","8000","0","8000","1","1","1","IAT1406190917","NHO2018000007","PAID","","193047"),
("IATT190000736","193046","191002","192010","8000","1","8000","0","8000","1","1","1","IAT1406190917","NHO2018000007","PAID","","193046"),
("IATT190000736","193055","191002","192010","17000","1","17000","0","17000","1","1","1","IAT1406190917","NHO2018000007","PAID","","193055"),
("IATT190000737","193004","191001","192001","30000","1","30000","0","30000","1","1","1","IAT1406190917","NHO2018000007","PAID","beef,mnta smbal cabe pisah","193004"),
("IATT190000737","193001","191001","192001","30000","1","30000","0","30000","1","1","1","IAT1406190917","NHO2018000007","PAID","beef","193001"),
("IATT190000737","193010","191001","192001","40000","1","40000","0","40000","1","1","1","IAT1406190917","NHO2018000007","PAID","minta sambalcabe pisah","193010"),
("IATT190000737","193048","191002","192010","8000","1","8000","0","8000","1","1","1","IAT1406190917","NHO2018000007","PAID","","193048"),
("IATT190000737","193048","191002","192010","8000","1","8000","0","8000","2","1","1","IAT1406190917","NHO2018000007","PAID","","193048"),
("IATT190000737","193046","191002","192010","8000","1","8000","0","8000","1","1","2","IAT1406190917","NHO2018000007","PAID","","193046"),
("IATT190000738","193024","191001","192003","30000","1","30000","0","30000","1","1","1","IAT1406190917","NHO2018000007","PAID","","193024"),
("IATT190000738","193007","191001","192001","37000","1","37000","0","37000","1","1","1","IAT1406190917","NHO2018000007","PAID","level 2","PEDAS"),
("IATT190000738","193047","191002","192010","8000","1","8000","0","8000","1","1","1","IAT1406190917","NHO2018000007","PAID","","193047"),
("IATT190000739","193028","191001","192003","43000","1","43000","0","43000","1","1","1","IAT1406190917","NHO2018000007","PAID","","193028"),
("IATT190000739","193033","191001","192005","42000","1","42000","0","42000","1","1","1","IAT1406190917","NHO2018000007","PAID","","193033"),
("IATT190000739","193013","191001","192002","33000","1","33000","0","33000","1","1","1","IAT1406190917","NHO2018000007","PAID","beef","PEDAS"),
("IATT190000739","193019","191001","192002","40000","1","40000","0","40000","1","1","1","IAT1406190917","NHO2018000007","PAID","","PEDAS"),
("IATT190000739","193032","191001","192004","30000","1","30000","0","30000","1","1","1","IAT1406190917","NHO2018000007","PAID","","193032"),
("IATT190000739","193052","191002","192010","20000","1","20000","0","20000","1","1","1","IAT1406190917","NHO2018000007","PAID","","193052"),
("IATT190000739","193055","191002","192010","17000","1","17000","0","17000","1","1","1","IAT1406190917","NHO2018000007","PAID","","193055"),
("IATT190000739","193047","191002","192010","8000","1","8000","0","8000","1","1","1","IAT1406190917","NHO2018000007","PAID","","193047"),
("IATT190000739","193047","191002","192010","8000","1","8000","0","8000","2","1","1","IAT1406190917","NHO2018000007","PAID","","193047"),
("IATT190000739","193047","191002","192010","8000","1","8000","0","8000","3","1","1","IAT1406190917","NHO2018000007","PAID","","193047"),
("IATT190000740","193029","191001","192004","27000","1","27000","0","27000","1","1","1","IAT1406190917","NHO2018000007","PAID","","193029"),
("IATT190000740","193030","191001","192004","27000","1","27000","0","27000","1","1","1","IAT1406190917","NHO2018000007","PAID","","193030"),
("IATT190000740","193047","191002","192010","8000","1","8000","0","8000","1","1","1","IAT1406190917","NHO2018000007","PAID","","193047"),
("IATT190000740","193047","191002","192010","8000","1","8000","0","8000","2","1","1","IAT1406190917","NHO2018000007","PAID","","193047"),
("IATT190000741","193047","191002","192010","8000","1","8000","0","8000","1","1","1","IAT1406190917","NHO2018000007","PAID","","193047"),
("IATT190000741","193047","191002","192010","8000","1","8000","0","8000","2","1","1","IAT1406190917","NHO2018000007","PAID","","193047"),
("IATT190000741","193047","191002","192010","8000","1","8000","0","8000","3","1","1","IAT1406190917","NHO2018000007","PAID","","193047"),
("IATT190000741","193046","191002","192010","8000","1","8000","0","8000","1","1","1","IAT1406190917","NHO2018000007","PAID","","193046"),
("IATT190000741","193030","191001","192004","27000","1","27000","0","27000","1","1","1","IAT1406190917","NHO2018000007","PAID","","193030"),
("IATT190000741","193041","191001","192008","20000","1","20000","0","20000","1","1","1","IAT1406190917","NHO2018000007","PAID","","193041"),
("IATT190000741","193008","191001","192001","37000","1","37000","0","37000","1","1","1","IAT1406190917","NHO2018000007","PAID","","193008"),
("IATT190000741","193033","191001","192005","42000","1","42000","0","42000","1","1","1","IAT1406190917","NHO2018000007","PAID","","193033"),
("IATT190000742","193024","191001","192003","30000","1","30000","0","30000","1","1","1","IAT1406190917","NHO2018000007","PAID","","193024"),
("IATT190000742","193022","191001","192003","30000","1","30000","0","30000","1","1","1","IAT1406190917","NHO2018000007","PAID","","193022"),
("IATT190000742","193007","191001","192001","37000","1","37000","0","37000","1","1","1","IAT1406190917","NHO2018000007","PAID","","PEDAS"),
("IATT190000742","193046","191002","192010","8000","1","8000","0","8000","1","1","1","IAT1406190917","NHO2018000007","PAID","","193046"),
("IATT190000742","193049","191002","192010","10000","1","10000","0","10000","1","1","1","IAT1406190917","NHO2018000007","PAID","es batu","193049"),
("IATT190000742","193048","191002","192010","8000","1","8000","0","8000","1","1","1","IAT1406190917","NHO2018000007","PAID","","193048"),
("IATT190000739","193051","191002","192010","20000","1","20000","0","20000","1","1","2","IAT1406190917","NHO2018000007","PAID","","193051"),
("IATT190000739","193022","191001","192003","30000","1","30000","0","30000","1","1","2","IAT1406190917","NHO2018000007","PAID","","193022"),
("IATT190000739","193033","191001","192005","42000","1","42000","0","42000","2","1","2","IAT1406190917","NHO2018000007","PAID","","193033"),
("IATT190000739","193033","191001","192005","42000","1","42000","0","42000","3","1","2","IAT1406190917","NHO2018000007","PAID","","193033"),
("IATT190000739","193055","191002","192010","17000","1","17000","0","17000","2","1","3","IAT1406190917","NHO2018000007","PAID","","193055"),
("IATT190000739","193055","191002","192010","17000","1","17000","0","17000","3","1","3","IAT1406190917","NHO2018000007","PAID","","193055"),
("IATT190000743","193005","191001","192001","37000","1","37000","0","37000","1","1","1","IAT1406190917","NHO2018000007","PAID","","193005"),
("IATT190000743","193047","191002","192010","8000","1","8000","0","8000","1","1","1","IAT1406190917","NHO2018000007","PAID","","193047"),
("IATT190000744","193011","191001","192001","40000","1","40000","0","40000","1","1","1","IAT1406190917","NHO2018000007","PAID","","PEDAS"),
("IATT190000744","193046","191002","192010","8000","1","8000","0","8000","1","1","1","IAT1406190917","NHO2018000007","PAID","","193046"),
("IATT190000744","193055","191002","192010","17000","1","17000","0","17000","1","1","2","IAT1406190917","NHO2018000007","PAID","","193055"),
("IATT190000744","193047","191002","192010","8000","1","8000","0","8000","1","1","2","IAT1406190917","NHO2018000007","PAID","","193047"),
("IATT190000744","193003","191001","192001","30000","1","30000","0","30000","1","1","2","IAT1406190917","NHO2018000007","PAID","beef lvl 1","PEDAS"),
("IATT190000745","193024","191001","192003","30000","1","30000","0","30000","1","1","1","IAT1406190917","NHO2018000007","PAID","","193024"),
("IATT190000745","193008","191001","192001","37000","1","37000","0","37000","1","1","1","IAT1406190917","NHO2018000007","PAID","","193008"),
("IATT190000745","193053","191002","192010","20000","1","20000","0","20000","1","1","1","IAT1406190917","NHO2018000007","PAID","","193053"),
("IATT190000745","193046","191002","192010","8000","1","8000","0","8000","1","1","1","IAT1406190917","NHO2018000007","PAID","","193046"),
("IATT190000746","193001","191001","192001","30000","1","30000","0","30000","1","1","1","IAT1406190917","NHO2018000007","PAID","BEEF","193001"),
("IATT190000746","193046","191002","192010","8000","1","8000","0","8000","1","1","1","IAT1406190917","NHO2018000007","PAID","","193046"),
("IATT190000746","193022","191001","192003","30000","1","30000","0","30000","1","1","1","IAT1406190917","NHO2018000007","PAID","","193022"),
("IATT190000746","193047","191002","192010","8000","1","8000","0","8000","1","1","1","IAT1406190917","NHO2018000007","PAID","","193047"),
("IATT190000747","193003","191001","192001","30000","1","30000","0","30000","1","1","1","IAT1406190917","NHO2018000007","PAID","BEEF LVL 2","PEDAS"),
("IATT190000747","193012","191001","192001","40000","1","40000","0","40000","1","1","1","IAT1406190917","NHO2018000007","PAID","lvl 2","193012"),
("IATT190000747","193049","191002","192010","10000","1","10000","0","10000","1","1","1","IAT1406190917","NHO2018000007","PAID","","193049"),
("IATT190000747","193048","191002","192010","8000","1","8000","0","8000","1","1","1","IAT1406190917","NHO2018000007","PAID","","193048"),
("IATT190000748","193010","191001","192001","40000","1","40000","0","40000","1","1","1","IAT1406190917","NHO2018000007","PAID","","193010"),
("IATT190000748","193002","191001","192001","30000","1","30000","0","30000","1","1","1","IAT1406190917","NHO2018000007","PAID","BEEF LVL 3","193002"),
("IATT190000748","193056","191002","192010","17000","1","17000","0","17000","1","1","1","IAT1406190917","NHO2018000007","PAID","","193056"),
("IATT190000748","193048","191002","192010","8000","1","8000","0","8000","1","1","1","IAT1406190917","NHO2018000007","PAID","","193048"),
("IATT190000748","193047","191002","192010","8000","1","8000","0","8000","1","1","1","IAT1406190917","NHO2018000007","PAID","","193047"),
("IATT190000749","193002","191001","192001","30000","1","30000","0","30000","1","1","1","IAT1406190917","NHO2018000007","PAID","beef no pedas","193002"),
("IATT190000749","193022","191001","192003","30000","1","30000","0","30000","1","1","1","IAT1406190917","NHO2018000007","PAID","","193022"),
("IATT190000749","193042","191001","192008","25000","1","25000","0","25000","1","1","1","IAT1406190917","NHO2018000007","PAID","","193042"),
("IATT190000749","193047","191002","192010","8000","1","8000","0","8000","1","1","1","IAT1406190917","NHO2018000007","PAID","","193047"),
("IATT190000749","193046","191002","192010","8000","1","8000","0","8000","1","1","1","IAT1406190917","NHO2018000007","PAID","","193046"),
("IATT190000747","193046","191002","192010","8000","1","8000","0","8000","1","1","2","IAT1406190917","NHO2018000007","PAID","","193046");



INSERT INTO pos_salestemp VALUES("IATT190000735","","1","0","0","0","0","0","0","14/06/2019","10:40","14/06/2019","10:41:07","ISU000012","tbl0012","CANCELED","1","PERMINTAAN CUSTOMER","","","","","","IAT1406190917","NHO2018000007"),
("IATT190000736","","3","136000","0","13600","0","149600","150000","14/06/2019","11:41","2019-06-14","12:28:47","ISU000012","tbl0012","CLOSED","1","","IATR190000708","","","","","IAT1406190917","NHO2018000007"),
("IATT190000737","","3","124000","0","12400","0","136400","151400","14/06/2019","12:00","2019-06-14","12:40:15","ISU000012","tbl0011","CLOSED","1","","IATR190000709","","","","","IAT1406190917","NHO2018000007"),
("IATT190000738","","3","75000","0","7500","0","82500","82500","14/06/2019","12:10","2019-06-14","12:41:58","ISU000012","tbl0010","CLOSED","1","","IATR190000710","","","","","IAT1406190917","NHO2018000007"),
("IATT190000739","","6","417000","0","41700","0","458700","458700","14/06/2019","12:12","2019-06-14","13:30:27","ISU000012","tbl0020","CLOSED","1","","IATR190000712","","","","","IAT1406190917","NHO2018000007"),
("IATT190000740","","2","70000","0","7000","0","77000","77000","14/06/2019","12:24","2019-06-14","12:50:11","ISU000012","tbl0005","CLOSED","1","","IATR190000711","","","","","IAT1406190917","NHO2018000007"),
("IATT190000741","","4","158000","0","15800","0","173800","173800","14/06/2019","12:44","2019-06-14","13:33:53","ISU000012","tbl0012","CLOSED","1","","IATR190000713","","","","","IAT1406190917","NHO2018000007"),
("IATT190000742","","3","123000","0","12300","0","135300","150000","14/06/2019","12:47","2019-06-14","13:36:08","ISU000012","tbl0014","CLOSED","1","","IATR190000714","","","","","IAT1406190917","NHO2018000007"),
("IATT190000743","","1","45000","0","4500","0","49500","50000","14/06/2019","13:15","2019-06-14","14:28:11","ISU000012","tbl0006","CLOSED","1","","IATR190000715","","","","","IAT1406190917","NHO2018000007"),
("IATT190000744","","1","103000","0","10300","0","113300","150000","14/06/2019","17:40","2019-06-14","19:22:27","ISU000012","tbl0011","CLOSED","1","","IATR190000718","","","","","IAT1406190917","NHO2018000007"),
("IATT190000745","","2","95000","0","9500","0","104500","105000","14/06/2019","18:13","2019-06-14","19:02:54","ISU000012","tbl0010","CLOSED","1","","IATR190000716","","","","","IAT1406190917","NHO2018000007"),
("IATT190000746","","2","76000","0","7600","0","83600","100000","14/06/2019","18:22","2019-06-14","19:15:11","ISU000012","tbl0012","CLOSED","1","","IATR190000717","","","","","IAT1406190917","NHO2018000007"),
("IATT190000747","","2","96000","0","9600","0","105600","105600","14/06/2019","19:19","2019-06-14","20:28:38","ISU000012","tbl0010","CLOSED","1","","IATR190000721","","","","","IAT1406190917","NHO2018000007"),
("IATT190000748","","2","103000","0","10300","0","113300","113300","14/06/2019","19:25","2019-06-14","20:04:04","ISU000012","tbl0012","CLOSED","1","","IATR190000719","","","","","IAT1406190917","NHO2018000007"),
("IATT190000749","","4","101000","0","10100","0","111100","150000","14/06/2019","19:29","2019-06-14","20:11:04","ISU000012","tbl0014","CLOSED","1","","IATR190000720","","","","","IAT1406190917","NHO2018000007");



INSERT INTO item_void VALUES("IATT190000739","IAT1406190917","NHO2018000007","193028","193028","1","43000","Before Send","Komplen Customer");









INSERT INTO pos_paymenttemp VALUES("IATT190000736","CASH","CASH","149600","150000","ISU000012","2019-06-14","","1","","CLOSED","IAT1406190917","NHO2018000007"),
("IATT190000737","CASH","CASH","136400","151400","ISU000012","2019-06-14","","1","","CLOSED","IAT1406190917","NHO2018000007"),
("IATT190000738","CARD","VISA","82500","82500","ISU000012","2019-06-14","","1","","CLOSED","IAT1406190917","NHO2018000007"),
("IATT190000740","CARD","MASTER","77000","77000","ISU000012","2019-06-14","","1","","CLOSED","IAT1406190917","NHO2018000007"),
("IATT190000739","CARD","DEBIT BCA","458700","458700","ISU000012","2019-06-14","","1","","CLOSED","IAT1406190917","NHO2018000007"),
("IATT190000741","CARD","DEBIT BCA","173800","173800","ISU000012","2019-06-14","","1","","CLOSED","IAT1406190917","NHO2018000007"),
("IATT190000742","CASH","CASH","135300","150000","ISU000012","2019-06-14","","1","","CLOSED","IAT1406190917","NHO2018000007"),
("IATT190000743","CASH","CASH","49500","50000","ISU000012","2019-06-14","","1","","CLOSED","IAT1406190917","NHO2018000007"),
("IATT190000745","CASH","CASH","104500","105000","ISU000012","2019-06-14","","1","","CLOSED","IAT1406190917","NHO2018000007"),
("IATT190000746","CASH","CASH","83600","100000","ISU000012","2019-06-14","","1","","CLOSED","IAT1406190917","NHO2018000007"),
("IATT190000744","CASH","CASH","113300","150000","ISU000012","2019-06-14","","1","","CLOSED","IAT1406190917","NHO2018000007"),
("IATT190000748","CARD","DEBIT BCA","113300","113300","ISU000012","2019-06-14","","1","","CLOSED","IAT1406190917","NHO2018000007"),
("IATT190000749","CASH","CASH","111100","150000","ISU000012","2019-06-14","","1","","CLOSED","IAT1406190917","NHO2018000007"),
("IATT190000747","CARD","VISA","105600","105600","ISU000012","2019-06-14","","1","","CLOSED","IAT1406190917","NHO2018000007");



