INSERT INTO pos_itemtemp VALUES("IATT200004994","193082","191001","192001","30000","1","30000","0","30000","1","1","1","IAT2801200955","NHO2018000007","PAID","","193082"),
("IATT200004994","193046","191002","192010","10000","1","10000","0","10000","1","1","1","IAT2801200955","NHO2018000007","PAID","","193046"),
("IATT200004995","193024","191001","192003","30000","1","30000","0","30000","1","1","1","IAT2801200955","NHO2018000007","PAID","","193024"),
("IATT200004995","193046","191002","192010","10000","1","10000","0","10000","1","1","1","IAT2801200955","NHO2018000007","PAID","","193046"),
("IATT200004996","193076","191001","192001","30000","1","30000","0","30000","1","1","1","IAT2801200955","NHO2018000007","PAID","","193076"),
("IATT200004997","193036","191001","192006","36000","1","36000","0","36000","1","1","1","IAT2801200955","NHO2018000007","PAID","yg satu telur di dadar","PEDAS"),
("IATT200004997","193036","191001","192006","36000","1","36000","0","36000","2","1","1","IAT2801200955","NHO2018000007","PAID","","PEDAS"),
("IATT200004997","193027","191001","192003","43000","1","43000","0","43000","1","1","1","IAT2801200955","NHO2018000007","PAID","","193027"),
("IATT200004997","193022","191001","192003","30000","1","30000","0","30000","1","1","1","IAT2801200955","NHO2018000007","PAID","","193022"),
("IATT200004997","193012","191001","192001","40000","1","40000","0","40000","1","1","1","IAT2801200955","NHO2018000007","PAID","","193012"),
("IATT200004997","193039","191001","192006","36000","1","36000","0","36000","1","1","1","IAT2801200955","NHO2018000007","PAID","","PEDAS"),
("IATT200004997","193052","191002","192010","20000","1","20000","0","20000","1","1","1","IAT2801200955","NHO2018000007","PAID","","193052"),
("IATT200004997","193054","191002","192010","20000","1","20000","0","20000","1","1","1","IAT2801200955","NHO2018000007","PAID","","193054"),
("IATT200004997","193048","191002","192010","8000","1","8000","0","8000","1","1","1","IAT2801200955","NHO2018000007","PAID","","193048"),
("IATT200004997","193055","191002","192010","17000","1","17000","0","17000","1","1","1","IAT2801200955","NHO2018000007","PAID","","193055"),
("IATT200004997","193055","191002","192010","17000","1","17000","0","17000","2","1","1","IAT2801200955","NHO2018000007","PAID","","193055"),
("IATT200004997","193055","191002","192010","17000","1","17000","0","17000","3","1","1","IAT2801200955","NHO2018000007","PAID","","193055"),
("IATT200004998","193039","191001","192006","36000","1","36000","0","36000","1","1","1","IAT2801200955","NHO2018000007","PAID","pedessssss","PEDAS"),
("IATT200004998","193039","191001","192006","36000","1","36000","0","36000","2","1","1","IAT2801200955","NHO2018000007","PAID","","PEDAS"),
("IATT200004998","193027","191001","192003","43000","1","43000","0","43000","1","1","1","IAT2801200955","NHO2018000007","PAID","","193027"),
("IATT200004998","193085","191001","192001","30000","1","30000","0","30000","1","1","1","IAT2801200955","NHO2018000007","PAID","","193085"),
("IATT200004998","193046","191002","192010","10000","1","10000","0","10000","1","1","1","IAT2801200955","NHO2018000007","PAID","","193046"),
("IATT200004998","193055","191002","192010","17000","1","17000","0","17000","1","1","1","IAT2801200955","NHO2018000007","PAID","","193055"),
("IATT200004998","193052","191002","192010","20000","1","20000","0","20000","1","1","1","IAT2801200955","NHO2018000007","PAID","","193052"),
("IATT200004998","193054","191002","192010","20000","1","20000","0","20000","1","1","1","IAT2801200955","NHO2018000007","PAID","","193054"),
("IATT200004998","193046","191002","192010","10000","1","10000","0","10000","2","1","2","IAT2801200955","NHO2018000007","PAID","","193046"),
("IATT200004997","193027","191001","192003","43000","1","43000","0","43000","2","1","2","IAT2801200955","NHO2018000007","PAID","take way","193027"),
("IATT200004999","193036","191001","192006","36000","1","36000","0","36000","1","1","1","IAT2801200955","NHO2018000007","PAID","","ORIGINAL"),
("IATT200004999","193011","191001","192001","40000","1","40000","0","40000","1","1","1","IAT2801200955","NHO2018000007","PAID","","PEDAS"),
("IATT200004999","193033","191001","192005","42000","1","42000","0","42000","1","1","1","IAT2801200955","NHO2018000007","PAID","","193033"),
("IATT200005000","193079","191001","192001","30000","1","30000","0","30000","1","1","1","IAT2801200955","NHO2018000007","PAID","","193079"),
("IATT200005000","193056","191002","192010","17000","1","17000","0","17000","1","1","1","IAT2801200955","NHO2018000007","PAID","","193056"),
("IATT200005000","193039","191001","192006","36000","1","36000","0","36000","1","1","2","IAT2801200955","NHO2018000007","PAID","PEDES","PEDAS"),
("IATT200005001","193113","191001","192003","55000","1","55000","0","55000","1","1","1","IAT2801200955","NHO2018000007","PAID","","193113"),
("IATT200005001","193054","191002","192010","20000","1","20000","0","20000","1","1","1","IAT2801200955","NHO2018000007","PAID","","193054"),
("IATT200005001","193052","191002","192010","20000","1","20000","0","20000","1","1","2","IAT2801200955","NHO2018000007","PAID","","193052"),
("IATT200005002","193007","191001","192001","37000","1","37000","0","37000","1","1","1","IAT2801200955","NHO2018000007","PAID","","PEDAS"),
("IATT200005002","193016","191001","192002","37000","1","37000","0","37000","1","1","1","IAT2801200955","NHO2018000007","PAID","","ORIGINAL"),
("IATT200005002","193046","191002","192010","10000","1","10000","0","10000","1","1","1","IAT2801200955","NHO2018000007","PAID","","193046"),
("IATT200005002","193047","191002","192010","10000","1","10000","0","10000","1","1","1","IAT2801200955","NHO2018000007","PAID","","193047"),
("IATT200005003","193082","191001","192001","30000","1","30000","3000","27000","1","1","1","IAT2801200955","NHO2018000007","PAID","","193082"),
("IATT200005003","193082","191001","192001","30000","1","30000","3000","27000","2","1","1","IAT2801200955","NHO2018000007","PAID","","193082"),
("IATT200005003","193024","191001","192003","30000","1","30000","3000","27000","1","1","1","IAT2801200955","NHO2018000007","PAID","","193024"),
("IATT200005003","193118","191001","192012","20000","1","20000","2000","18000","1","1","1","IAT2801200955","NHO2018000007","PAID","","193118"),
("IATT200005003","193046","191002","192010","10000","1","10000","1000","9000","1","1","1","IAT2801200955","NHO2018000007","PAID","","193046"),
("IATT200005003","193046","191002","192010","10000","1","10000","1000","9000","2","1","1","IAT2801200955","NHO2018000007","PAID","","193046"),
("IATT200005003","193047","191002","192010","10000","1","10000","1000","9000","1","1","1","IAT2801200955","NHO2018000007","PAID","","193047"),
("IATT200005004","193024","191001","192003","30000","1","30000","0","30000","1","1","1","IAT2801200955","NHO2018000007","PAID","","193024"),
("IATT200005004","193071","191001","192012","18000","1","18000","0","18000","1","1","1","IAT2801200955","NHO2018000007","PAID","","193071");



INSERT INTO pos_salestemp VALUES("IATT200004994","","1","40000","0","4000","0","44000","50000","28/01/2020","11:02","2020-01-28","11:25:32","ISU000006","tbl0007","CLOSED","1","","IATR200004857","","","","","IAT2801200955","NHO2018000007"),
("IATT200004995","","1","40000","0","4000","0","44000","44000","28/01/2020","12:06","2020-01-28","12:50:35","ISU000006","tbl0008","CLOSED","1","","IATR200004858","","","","","IAT2801200955","NHO2018000007"),
("IATT200004996","","1","30000","0","3000","0","33000","33000","28/01/2020","12:32","2020-01-28","13:07:37","ISU000006","tbl0010","CLOSED","1","","IATR200004859","","","","","IAT2801200955","NHO2018000007"),
("IATT200004997","","6","363000","0","36300","0","399300","399300","28/01/2020","13:00","2020-01-28","13:42:29","ISU000006","tbl0021","CLOSED","1","","IATR200004860","","","","","IAT2801200955","NHO2018000007"),
("IATT200004998","","4","222000","0","22200","0","244200","250000","28/01/2020","13:02","2020-01-28","13:43:45","ISU000006","tbl0012","CLOSED","1","","IATR200004861","","","","","IAT2801200955","NHO2018000007"),
("IATT200004999","","3","118000","0","11800","0","129800","130000","28/01/2020","13:44","2020-01-28","16:04:00","ISU000006","tbl0050","CLOSED","1","","IATR200004863","","","","","IAT2801200955","NHO2018000007"),
("IATT200005000","","2","83000","0","8300","0","91300","100000","28/01/2020","15:08","2020-01-28","15:59:50","ISU000006","tbl0011","CLOSED","1","","IATR200004862","","","","","IAT2801200955","NHO2018000007"),
("IATT200005001","","1","95000","0","9500","0","104500","105000","28/01/2020","15:46","2020-01-28","16:39:40","ISU000006","tbl0021","CLOSED","1","","IATR200004864","","","","","IAT2801200955","NHO2018000007"),
("IATT200005002","","2","94000","0","9400","0","103400","103400","28/01/2020","16:36","2020-01-28","18:27:49","ISU000004","tbl0010","CLOSED","1","","IATR200004865","","","","","IAT2801200955","NHO2018000007"),
("IATT200005003","","3","140000","14000","12600","0","138600","140000","28/01/2020","19:46","2020-01-28","20:53:17","ISU000004","tbl0012","CLOSED","1","","IATR200004866","","","","","IAT2801200955","NHO2018000007"),
("IATT200005004","","1","48000","0","4800","0","52800","55000","28/01/2020","21:15","2020-01-28","21:16:22","ISU000004","tbl0011","CLOSED","1","","IATR200004867","","","","","IAT2801200955","NHO2018000007");



INSERT INTO item_void VALUES("IATT200004994","IAT2801200955","NHO2018000007","193111","193111","1","25000","Before Send","Komplen Customer"),
("IATT200005000","IAT2801200955","NHO2018000007","193114","193114","1","42000","Before Send","Komplen Customer");



INSERT INTO pos_promotion_h VALUES("IATT200005003","NPRM18000019","DISC ALL","1","14000","CRM DISC 10%","IAT2801200955","PAID","NHO2018000007");



INSERT INTO pos_promotion_d VALUES("IATT200005003","NPRM18000019","DISC ALL","1","1","193082","1","3000","IAT2801200955","PAID","NHO2018000007"),
("IATT200005003","NPRM18000019","DISC ALL","1","1","193082","2","3000","IAT2801200955","PAID","NHO2018000007"),
("IATT200005003","NPRM18000019","DISC ALL","1","1","193024","1","3000","IAT2801200955","PAID","NHO2018000007"),
("IATT200005003","NPRM18000019","DISC ALL","1","1","193118","1","2000","IAT2801200955","PAID","NHO2018000007"),
("IATT200005003","NPRM18000019","DISC ALL","1","1","193046","1","1000","IAT2801200955","PAID","NHO2018000007"),
("IATT200005003","NPRM18000019","DISC ALL","1","1","193046","2","1000","IAT2801200955","PAID","NHO2018000007"),
("IATT200005003","NPRM18000019","DISC ALL","1","1","193047","1","1000","IAT2801200955","PAID","NHO2018000007");



INSERT INTO pos_paymenttemp VALUES("IATT200004994","CASH","CASH","44000","50000","ISU000006","2020-01-28","","1","","CLOSED","IAT2801200955","NHO2018000007"),
("IATT200004995","CASH","OVO","44000","44000","ISU000006","2020-01-28","","1","","CLOSED","IAT2801200955","NHO2018000007"),
("IATT200004996","CASH","OVO","33000","33000","ISU000006","2020-01-28","","1","","CLOSED","IAT2801200955","NHO2018000007"),
("IATT200004997","CARD","DEBIT BCA","399300","399300","ISU000006","2020-01-28","","1","","CLOSED","IAT2801200955","NHO2018000007"),
("IATT200004998","CASH","CASH","244200","250000","ISU000006","2020-01-28","","1","","CLOSED","IAT2801200955","NHO2018000007"),
("IATT200004999","VOUCHER","ISOIDE VOUCHER 50K","50000","50000","ISU000006","2020-01-28","","1","","CLOSED","IAT2801200955","NHO2018000007"),
("IATT200004999","VOUCHER","ISOIDE VOUCHER 50K","50000","50000","ISU000006","2020-01-28","","1","","CLOSED","IAT2801200955","NHO2018000007"),
("IATT200005000","VOUCHER","ISOIDE VOUCHER 50K","50000","50000","ISU000006","2020-01-28","","1","","CLOSED","IAT2801200955","NHO2018000007"),
("IATT200005000","CASH","CASH","41300","50000","ISU000006","2020-01-28","","1","","CLOSED","IAT2801200955","NHO2018000007"),
("IATT200004999","CASH","CASH","29800","30000","ISU000006","2020-01-28","","1","","CLOSED","IAT2801200955","NHO2018000007"),
("IATT200005001","VOUCHER","E-Voucher 50K Bloggers X ","50000","50000","ISU000006","2020-01-28","","1","NHV20200109000099","CLOSED","IAT2801200955","NHO2018000007"),
("IATT200005001","VOUCHER","E-Voucher 50K Bloggers X ","50000","50000","ISU000006","2020-01-28","","1","NHV20200109000106","CLOSED","IAT2801200955","NHO2018000007"),
("IATT200005001","CASH","CASH","4500","5000","ISU000006","2020-01-28","","1","","CLOSED","IAT2801200955","NHO2018000007"),
("IATT200005002","CARD","VISA","103400","103400","ISU000004","2020-01-28","","1","","CLOSED","IAT2801200955","NHO2018000007"),
("IATT200005003","CASH","CASH","138600","140000","ISU000004","2020-01-28","","1","","CLOSED","IAT2801200955","NHO2018000007"),
("IATT200005004","VOUCHER","ISOIDE VOUCHER 50K","50000","50000","ISU000004","2020-01-28","","1","","CLOSED","IAT2801200955","NHO2018000007"),
("IATT200005004","CASH","CASH","2800","5000","ISU000004","2020-01-28","","1","","CLOSED","IAT2801200955","NHO2018000007");



