INSERT INTO pos_itemtemp VALUES("IATT200005599","193251","191001","192013","25000","1","25000","0","25000","1","1","1","IAT2902201033","NHO2018000007","PAID","","193251"),
("IATT200005599","193242","191001","192013","25000","1","25000","0","25000","1","1","1","IAT2902201033","NHO2018000007","PAID","","193242"),
("IATT200005599","193056","191002","192010","17000","1","17000","0","17000","1","1","1","IAT2902201033","NHO2018000007","PAID","","193056"),
("IATT200005599","193056","191002","192010","17000","1","17000","0","17000","2","1","1","IAT2902201033","NHO2018000007","PAID","","193056"),
("IATT200005600","193028","191001","192003","43000","1","43000","0","43000","1","1","1","IAT2902201033","NHO2018000007","PAID","","193028"),
("IATT200005600","193253","191001","192013","25000","1","25000","0","25000","1","1","1","IAT2902201033","NHO2018000007","PAID","sedang","193253"),
("IATT200005600","193241","191001","192013","25000","1","25000","0","25000","1","1","1","IAT2902201033","NHO2018000007","PAID","","193241"),
("IATT200005600","193078","191001","192001","30000","1","30000","0","30000","1","1","1","IAT2902201033","NHO2018000007","PAID","","ORIGINAL"),
("IATT200005601","193052","191002","192010","20000","1","20000","0","20000","1","1","1","IAT2902201033","NHO2018000007","PAID","","193052"),
("IATT200005601","193055","191002","192010","17000","1","17000","0","17000","1","1","1","IAT2902201033","NHO2018000007","PAID","","193055"),
("IATT200005601","193084","191001","192001","30000","1","30000","0","30000","1","1","1","IAT2902201033","NHO2018000007","PAID","","PEDAS"),
("IATT200005601","193084","191001","192001","30000","1","30000","0","30000","2","1","1","IAT2902201033","NHO2018000007","PAID","","PEDAS"),
("IATT200005601","193072","191001","192012","25000","1","25000","0","25000","1","1","1","IAT2902201033","NHO2018000007","PAID","","193072"),
("IATT200005602","193027","191001","192003","43000","1","43000","0","43000","1","1","1","IAT2902201033","NHO2018000007","PAID","","193027"),
("IATT200005602","193028","191001","192003","43000","1","43000","0","43000","1","1","1","IAT2902201033","NHO2018000007","PAID","","193028"),
("IATT200005602","193048","191002","192010","8000","1","8000","0","8000","1","1","1","IAT2902201033","NHO2018000007","PAID","","193048"),
("IATT200005602","193048","191002","192010","8000","1","8000","0","8000","2","1","1","IAT2902201033","NHO2018000007","PAID","","193048"),
("IATT200005602","193114","191001","192006","42000","1","42000","0","42000","1","1","2","IAT2902201033","NHO2018000007","PAID","pedes","193114"),
("IATT200005601","193027","191001","192003","43000","1","43000","0","43000","1","1","2","IAT2902201033","NHO2018000007","PAID","","193027"),
("IATT200005603","193083","191001","192001","30000","1","30000","0","30000","1","1","1","IAT2902201033","NHO2018000007","PAID","","193083"),
("IATT200005603","193083","191001","192001","30000","1","30000","0","30000","2","1","1","IAT2902201033","NHO2018000007","PAID","","193083"),
("IATT200005603","193011","191001","192001","40000","1","40000","0","40000","1","1","1","IAT2902201033","NHO2018000007","PAID","","PEDAS"),
("IATT200005603","193076","191001","192001","30000","1","30000","0","30000","1","1","1","IAT2902201033","NHO2018000007","PAID","","193076"),
("IATT200005603","193052","191002","192010","20000","1","20000","0","20000","1","1","1","IAT2902201033","NHO2018000007","PAID","","193052"),
("IATT200005603","193052","191002","192010","20000","1","20000","0","20000","2","1","1","IAT2902201033","NHO2018000007","PAID","","193052"),
("IATT200005603","193056","191002","192010","17000","1","17000","0","17000","1","1","1","IAT2902201033","NHO2018000007","PAID","","193056"),
("IATT200005603","193048","191002","192010","8000","1","8000","0","8000","1","1","1","IAT2902201033","NHO2018000007","PAID","","193048"),
("IATT200005604","193011","191001","192001","40000","1","40000","0","40000","1","1","1","IAT2902201033","NHO2018000007","PAID","","PEDAS"),
("IATT200005604","193011","191001","192001","40000","1","40000","0","40000","2","1","1","IAT2902201033","NHO2018000007","PAID","","PEDAS"),
("IATT200005604","193046","191002","192010","10000","1","10000","0","10000","1","1","1","IAT2902201033","NHO2018000007","PAID","","193046"),
("IATT200005604","193052","191002","192010","20000","1","20000","0","20000","1","1","1","IAT2902201033","NHO2018000007","PAID","","193052"),
("IATT200005605","193033","191001","192005","42000","1","42000","0","42000","1","1","1","IAT2902201033","NHO2018000007","PAID","","193033"),
("IATT200005605","193025","191001","192003","30000","1","30000","0","30000","1","1","1","IAT2902201033","NHO2018000007","PAID","","193025"),
("IATT200005605","193022","191001","192003","30000","1","30000","0","30000","1","1","1","IAT2902201033","NHO2018000007","PAID","","193022"),
("IATT200005605","193047","191002","192010","10000","1","10000","0","10000","1","1","1","IAT2902201033","NHO2018000007","PAID","","193047"),
("IATT200005605","193050","191002","192010","20000","1","20000","0","20000","1","1","1","IAT2902201033","NHO2018000007","PAID","","193050"),
("IATT200005605","193050","191002","192010","20000","1","20000","0","20000","2","1","1","IAT2902201033","NHO2018000007","PAID","","193050"),
("IATT200005606","193077","191001","192001","30000","1","30000","0","30000","1","1","1","IAT2902201033","NHO2018000007","PAID","","193077"),
("IATT200005606","193054","191002","192010","20000","1","20000","0","20000","1","1","1","IAT2902201033","NHO2018000007","PAID","","193054"),
("IATT200005607","193084","191001","192001","30000","1","30000","0","30000","1","1","1","IAT2902201033","NHO2018000007","PAID","","PEDAS"),
("IATT200005607","193056","191002","192010","17000","1","17000","0","17000","1","1","1","IAT2902201033","NHO2018000007","PAID","","193056"),
("IATT200005608","193010","191001","192001","40000","1","40000","0","40000","1","1","1","IAT2902201033","NHO2018000007","PAID","","193010"),
("IATT200005608","193052","191002","192010","20000","1","20000","0","20000","1","1","1","IAT2902201033","NHO2018000007","PAID","","193052"),
("IATT200005609","193251","191001","192013","25000","1","25000","0","25000","1","1","1","IAT2902201033","NHO2018000007","PAID","","193251"),
("IATT200005609","193244","191001","192013","25000","1","25000","0","25000","1","1","1","IAT2902201033","NHO2018000007","PAID","","193244"),
("IATT200005610","193011","191001","192001","40000","1","40000","0","40000","1","1","1","IAT2902201033","NHO2018000007","PAID","","PEDAS"),
("IATT200005610","193084","191001","192001","30000","1","30000","0","30000","1","1","1","IAT2902201033","NHO2018000007","PAID","","PEDAS"),
("IATT200005610","193111","191001","192008","25000","1","25000","0","25000","1","1","1","IAT2902201033","NHO2018000007","PAID","","193111"),
("IATT200005610","193048","191002","192010","8000","1","8000","0","8000","1","1","1","IAT2902201033","NHO2018000007","PAID","","193048"),
("IATT200005610","193048","191002","192010","8000","1","8000","0","8000","2","1","1","IAT2902201033","NHO2018000007","PAID","","193048"),
("IATT200005611","193084","191001","192001","30000","1","30000","0","30000","1","1","1","IAT2902201033","NHO2018000007","PAID","","PEDAS"),
("IATT200005611","193084","191001","192001","30000","1","30000","0","30000","2","1","1","IAT2902201033","NHO2018000007","PAID","","PEDAS"),
("IATT200005611","193087","191001","192002","33000","1","33000","0","33000","1","1","1","IAT2902201033","NHO2018000007","PAID","PEDAS","193087"),
("IATT200005611","193028","191001","192003","43000","1","43000","0","43000","1","1","1","IAT2902201033","NHO2018000007","PAID","","193028"),
("IATT200005611","193055","191002","192010","17000","1","17000","0","17000","1","1","1","IAT2902201033","NHO2018000007","PAID","","193055"),
("IATT200005611","193055","191002","192010","17000","1","17000","0","17000","2","1","1","IAT2902201033","NHO2018000007","PAID","","193055"),
("IATT200005611","193055","191002","192010","17000","1","17000","0","17000","3","1","1","IAT2902201033","NHO2018000007","PAID","","193055"),
("IATT200005611","193056","191002","192010","17000","1","17000","0","17000","1","1","1","IAT2902201033","NHO2018000007","PAID","","193056"),
("IATT200005612","193084","191001","192001","30000","1","30000","0","30000","1","1","1","IAT2902201033","NHO2018000007","PAID","","PEDAS"),
("IATT200005612","193019","191001","192002","40000","1","40000","0","40000","1","1","1","IAT2902201033","NHO2018000007","PAID","","PEDAS"),
("IATT200005612","193051","191002","192010","20000","1","20000","0","20000","1","1","1","IAT2902201033","NHO2018000007","PAID","","193051"),
("IATT200005612","193048","191002","192010","8000","1","8000","0","8000","1","1","1","IAT2902201033","NHO2018000007","PAID","","193048"),
("IATT200005612","193048","191002","192010","8000","1","8000","0","8000","2","1","1","IAT2902201033","NHO2018000007","PAID","","193048"),
("IATT200005613","193034","191001","192005","37000","1","37000","0","37000","1","1","1","IAT2902201033","NHO2018000007","PAID","","193034"),
("IATT200005613","193033","191001","192005","42000","1","42000","0","42000","1","1","1","IAT2902201033","NHO2018000007","PAID","","193033"),
("IATT200005613","193047","191002","192010","10000","1","10000","0","10000","1","1","1","IAT2902201033","NHO2018000007","PAID","","193047"),
("IATT200005613","193055","191002","192010","17000","1","17000","0","17000","1","1","1","IAT2902201033","NHO2018000007","PAID","","193055");



INSERT INTO pos_salestemp VALUES("IATT200005599","","2","84000","0","8400","0","92400","100000","29/02/2020","11:42","2020-02-29","12:02:40","ISU000004","tbl0012","CLOSED","1","","IATR200005451","","","","","IAT2902201033","NHO2018000007"),
("IATT200005600","","4","123000","0","12300","0","135300","150000","29/02/2020","14:06","2020-02-29","14:44:43","ISU000006","tbl0012","CLOSED","1","","IATR200005452","","","","","IAT2902201033","NHO2018000007"),
("IATT200005601","","2","165000","0","16500","0","181500","181500","29/02/2020","14:47","2020-02-29","15:29:32","ISU000006","tbl0010","CLOSED","1","","IATR200005454","","","","","IAT2902201033","NHO2018000007"),
("IATT200005602","","2","144000","0","14400","0","158400","158400","29/02/2020","14:48","2020-02-29","15:22:28","ISU000006","tbl0011","CLOSED","1","","IATR200005453","","","","","IAT2902201033","NHO2018000007"),
("IATT200005603","","2","195000","0","19500","0","214500","214500","29/02/2020","15:29","2020-02-29","16:01:49","ISU000004","tbl0012","CLOSED","1","","IATR200005455","","","","","IAT2902201033","NHO2018000007"),
("IATT200005604","","2","110000","0","11000","0","121000","150000","29/02/2020","15:41","2020-02-29","16:07:09","ISU000004","tbl0010","CLOSED","1","","IATR200005456","","","","","IAT2902201033","NHO2018000007"),
("IATT200005605","","3","152000","0","15200","0","167200","200000","29/02/2020","17:02","2020-02-29","17:36:39","ISU000004","tbl0012","CLOSED","1","","IATR200005457","","","","","IAT2902201033","NHO2018000007"),
("IATT200005606","","1","50000","0","5000","0","55000","100000","29/02/2020","17:15","2020-02-29","17:39:12","ISU000006","tbl0011","CLOSED","1","","IATR200005458","","","","","IAT2902201033","NHO2018000007"),
("IATT200005607","","1","47000","0","4700","0","51700","51700","29/02/2020","19:01","2020-02-29","19:48:21","ISU000006","tbl0011","CLOSED","1","","IATR200005459","","","","","IAT2902201033","NHO2018000007"),
("IATT200005608","","1","60000","0","6000","0","66000","66000","29/02/2020","19:01","2020-02-29","19:48:52","ISU000006","tbl0001","CLOSED","1","","IATR200005460","","","","","IAT2902201033","NHO2018000007"),
("IATT200005609","","2","50000","0","5000","0","55000","105000","29/02/2020","19:23","2020-02-29","20:12:25","ISU000006","tbl0012","CLOSED","1","","IATR200005462","","","","","IAT2902201033","NHO2018000007"),
("IATT200005610","","2","111000","0","11100","0","122100","150000","29/02/2020","19:27","2020-02-29","20:05:10","ISU000006","tbl0010","CLOSED","1","","IATR200005461","","","","","IAT2902201033","NHO2018000007"),
("IATT200005611","","4","204000","0","20400","0","224400","225000","29/02/2020","20:16","2020-02-29","20:55:18","ISU000006","tbl0012","CLOSED","1","","IATR200005463","","","","","IAT2902201033","NHO2018000007"),
("IATT200005612","","2","106000","0","10600","0","116600","120000","29/02/2020","20:21","2020-02-29","20:59:19","ISU000006","tbl0010","CLOSED","1","","IATR200005464","","","","","IAT2902201033","NHO2018000007"),
("IATT200005613","","2","106000","0","10600","0","116600","150000","29/02/2020","20:35","2020-02-29","21:04:03","ISU000006","tbl0011","CLOSED","1","","IATR200005465","","","","","IAT2902201033","NHO2018000007");












INSERT INTO pos_paymenttemp VALUES("IATT200005599","CASH","CASH","92400","100000","ISU000004","2020-02-29","","1","","CLOSED","IAT2902201033","NHO2018000007"),
("IATT200005600","CASH","CASH","135300","150000","ISU000006","2020-02-29","","1","","CLOSED","IAT2902201033","NHO2018000007"),
("IATT200005602","CASH","SHOPPEEPAY","158400","158400","ISU000006","2020-02-29","","1","","CLOSED","IAT2902201033","NHO2018000007"),
("IATT200005601","CARD","DEBIT BCA","181500","181500","ISU000006","2020-02-29","","1","","CLOSED","IAT2902201033","NHO2018000007"),
("IATT200005603","CARD","MASTER","214500","214500","ISU000004","2020-02-29","","1","","CLOSED","IAT2902201033","NHO2018000007"),
("IATT200005604","CASH","CASH","121000","150000","ISU000004","2020-02-29","","1","","CLOSED","IAT2902201033","NHO2018000007"),
("IATT200005605","CASH","CASH","167200","200000","ISU000004","2020-02-29","","1","","CLOSED","IAT2902201033","NHO2018000007"),
("IATT200005606","CASH","CASH","55000","100000","ISU000006","2020-02-29","","1","","CLOSED","IAT2902201033","NHO2018000007"),
("IATT200005607","CASH","SHOPPEEPAY","51700","51700","ISU000006","2020-02-29","","1","","CLOSED","IAT2902201033","NHO2018000007"),
("IATT200005608","CASH","SHOPPEEPAY","66000","66000","ISU000006","2020-02-29","","1","","CLOSED","IAT2902201033","NHO2018000007"),
("IATT200005610","CASH","CASH","122100","150000","ISU000006","2020-02-29","","1","","CLOSED","IAT2902201033","NHO2018000007"),
("IATT200005609","CASH","CASH","55000","105000","ISU000006","2020-02-29","","1","","CLOSED","IAT2902201033","NHO2018000007"),
("IATT200005611","CASH","CASH","224400","225000","ISU000006","2020-02-29","","1","","CLOSED","IAT2902201033","NHO2018000007"),
("IATT200005612","CASH","CASH","116600","120000","ISU000006","2020-02-29","","1","","CLOSED","IAT2902201033","NHO2018000007"),
("IATT200005613","CASH","CASH","116600","150000","ISU000006","2020-02-29","","1","","CLOSED","IAT2902201033","NHO2018000007");



