INSERT INTO pos_itemtemp VALUES("IATT200005517","193084","191001","192001","30000","1","30000","0","30000","1","1","1","IAT2502201020","NHO2018000007","PAID","","PEDAS"),
("IATT200005517","193236","191001","192011","0","1","0","0","0","1","1","1","IAT2502201020","NHO2018000007","PAID","","193236"),
("IATT200005518","193028","191001","192003","43000","1","43000","0","43000","1","1","1","IAT2502201020","NHO2018000007","PAID","","193028"),
("IATT200005518","193112","191001","192003","50000","1","50000","0","50000","1","1","1","IAT2502201020","NHO2018000007","PAID","","193112"),
("IATT200005518","193052","191002","192010","20000","1","20000","0","20000","1","1","1","IAT2502201020","NHO2018000007","PAID","","193052"),
("IATT200005518","193052","191002","192010","20000","1","20000","0","20000","2","1","1","IAT2502201020","NHO2018000007","PAID","","193052"),
("IATT200005519","193028","191001","192003","43000","1","43000","0","43000","1","1","1","IAT2502201020","NHO2018000007","PAID","","193028"),
("IATT200005519","193025","191001","192003","30000","1","30000","0","30000","1","1","1","IAT2502201020","NHO2018000007","PAID","","193025"),
("IATT200005519","193049","191002","192010","10000","1","10000","0","10000","1","1","1","IAT2502201020","NHO2018000007","PAID","","193049"),
("IATT200005519","193046","191002","192010","10000","1","10000","0","10000","1","1","1","IAT2502201020","NHO2018000007","PAID","","193046"),
("IATT200005520","193022","191001","192003","30000","1","30000","0","30000","1","1","1","IAT2502201020","NHO2018000007","PAID","","193022"),
("IATT200005520","193056","191002","192010","17000","1","17000","0","17000","1","1","1","IAT2502201020","NHO2018000007","PAID","","193056"),
("IATT200005521","193007","191001","192001","37000","1","37000","0","37000","1","1","1","IAT2502201020","NHO2018000007","PAID","LVL 3","PEDAS"),
("IATT200005522","193052","191002","192010","20000","1","20000","0","20000","1","1","1","IAT2502201020","NHO2018000007","PAID","","193052"),
("IATT200005523","193076","191001","192001","30000","1","30000","0","30000","1","1","1","IAT2502201020","NHO2018000007","PAID","","193076"),
("IATT200005523","193237","191001","192011","0","1","0","0","0","1","1","1","IAT2502201020","NHO2018000007","PAID","","193237"),
("IATT200005521","193048","191002","192010","8000","1","8000","0","8000","1","1","2","IAT2502201020","NHO2018000007","PAID","","193048"),
("IATT200005524","193078","191001","192001","30000","1","30000","0","30000","1","1","1","IAT2502201020","NHO2018000007","PAID","","PEDAS"),
("IATT200005524","193232","191001","192011","0","1","0","0","0","1","1","1","IAT2502201020","NHO2018000007","PAID","","193232"),
("IATT200005525","193027","191001","192003","43000","1","43000","0","43000","1","1","1","IAT2502201020","NHO2018000007","PAID","","193027"),
("IATT200005525","193055","191002","192010","17000","1","17000","0","17000","1","1","1","IAT2502201020","NHO2018000007","PAID","","193055"),
("IATT200005526","193082","191001","192001","30000","1","30000","0","30000","1","1","1","IAT2502201020","NHO2018000007","PAID","PEEDES","193082"),
("IATT200005526","193230","191001","192011","0","1","0","0","0","1","1","1","IAT2502201020","NHO2018000007","PAID","PEDES","193230"),
("IATT200005527","193084","191001","192001","30000","1","30000","0","30000","1","1","1","IAT2502201020","NHO2018000007","PAID","","PEDAS"),
("IATT200005527","193236","191001","192011","0","1","0","0","0","1","1","1","IAT2502201020","NHO2018000007","PAID","","193236"),
("IATT200005528","193082","191001","192001","30000","1","30000","0","30000","1","1","1","IAT2502201020","NHO2018000007","PAID","","193082"),
("IATT200005528","193232","191001","192011","0","1","0","0","0","1","1","1","IAT2502201020","NHO2018000007","PAID","","193232"),
("IATT200005529","193082","191001","192001","30000","1","30000","0","30000","1","1","1","IAT2502201020","NHO2018000007","PAID","","193082"),
("IATT200005529","193235","191001","192011","0","1","0","0","0","1","1","1","IAT2502201020","NHO2018000007","PAID","","193235"),
("IATT200005529","193046","191002","192010","10000","1","10000","0","10000","1","1","1","IAT2502201020","NHO2018000007","PAID","","193046"),
("IATT200005529","193046","191002","192010","10000","1","10000","0","10000","2","1","1","IAT2502201020","NHO2018000007","PAID","","193046"),
("IATT200005530","193024","191001","192003","30000","1","30000","0","30000","1","1","1","IAT2502201020","NHO2018000007","PAID","","193024"),
("IATT200005530","193084","191001","192001","30000","1","30000","0","30000","1","1","1","IAT2502201020","NHO2018000007","PAID","","PEDAS"),
("IATT200005530","193055","191002","192010","17000","1","17000","0","17000","1","1","1","IAT2502201020","NHO2018000007","PAID","","193055"),
("IATT200005530","193055","191002","192010","17000","1","17000","0","17000","2","1","1","IAT2502201020","NHO2018000007","PAID","","193055"),
("IATT200005531","193027","191001","192003","43000","1","43000","0","43000","1","1","1","IAT2502201020","NHO2018000007","PAID","","193027"),
("IATT200005531","193027","191001","192003","43000","1","43000","0","43000","2","1","1","IAT2502201020","NHO2018000007","PAID","","193027"),
("IATT200005531","193051","191002","192010","20000","1","20000","0","20000","1","1","1","IAT2502201020","NHO2018000007","PAID","","193051"),
("IATT200005531","193054","191002","192010","20000","1","20000","0","20000","1","1","1","IAT2502201020","NHO2018000007","PAID","","193054"),
("IATT200005532","193082","191001","192001","30000","1","30000","0","30000","1","1","1","IAT2502201020","NHO2018000007","PAID","TAKE AWAY","193082"),
("IATT200005533","193022","191001","192003","30000","1","30000","0","30000","1","1","1","IAT2502201020","NHO2018000007","PAID","","193022"),
("IATT200005533","193024","191001","192003","30000","1","30000","0","30000","1","1","1","IAT2502201020","NHO2018000007","PAID","","193024"),
("IATT200005533","193047","191002","192010","10000","1","10000","0","10000","1","1","1","IAT2502201020","NHO2018000007","PAID","","193047"),
("IATT200005533","193047","191002","192010","10000","1","10000","0","10000","2","1","1","IAT2502201020","NHO2018000007","PAID","","193047"),
("IATT200005534","193084","191001","192001","30000","1","30000","0","30000","1","1","1","IAT2502201020","NHO2018000007","PAID","","PEDAS"),
("IATT200005534","193237","191001","192011","0","1","0","0","0","1","1","1","IAT2502201020","NHO2018000007","PAID","","193237"),
("IATT200005534","193052","191002","192010","20000","1","20000","0","20000","1","1","2","IAT2502201020","NHO2018000007","PAID","","193052"),
("IATT200005535","193085","191001","192001","30000","1","30000","0","30000","1","1","1","IAT2502201020","NHO2018000007","PAID","","193085"),
("IATT200005535","193085","191001","192001","30000","1","30000","0","30000","2","1","1","IAT2502201020","NHO2018000007","PAID","","193085"),
("IATT200005535","193085","191001","192001","30000","1","30000","0","30000","3","1","1","IAT2502201020","NHO2018000007","PAID","","193085"),
("IATT200005535","193048","191002","192010","8000","1","8000","0","8000","1","1","1","IAT2502201020","NHO2018000007","PAID","","193048"),
("IATT200005535","193048","191002","192010","8000","1","8000","0","8000","2","1","1","IAT2502201020","NHO2018000007","PAID","","193048"),
("IATT200005535","193048","191002","192010","8000","1","8000","0","8000","3","1","1","IAT2502201020","NHO2018000007","PAID","","193048"),
("IATT200005535","193236","191001","192011","0","1","0","0","0","1","1","2","IAT2502201020","NHO2018000007","PAID","","193236");



INSERT INTO pos_salestemp VALUES("IATT200005517","","1","30000","0","3000","0","33000","50000","25/02/2020","11:11","2020-02-25","11:11:50","ISU000006","tbl0001","CLOSED","1","","IATR200005370","","","","","IAT2502201020","NHO2018000007"),
("IATT200005518","","2","133000","0","13300","0","146300","150000","25/02/2020","12:22","2020-02-25","12:55:07","ISU000006","tbl0012","CLOSED","1","","IATR200005371","","","","","IAT2502201020","NHO2018000007"),
("IATT200005519","","2","93000","0","9300","0","102300","104000","25/02/2020","13:53","2020-02-25","14:46:35","ISU000004","tbl0012","CLOSED","1","","IATR200005374","","","","","IAT2502201020","NHO2018000007"),
("IATT200005520","","1","47000","0","4700","0","51700","100000","25/02/2020","13:58","2020-02-25","14:26:58","ISU000004","tbl0008","CLOSED","1","","IATR200005373","","","","","IAT2502201020","NHO2018000007"),
("IATT200005521","","1","45000","0","4500","0","49500","49500","25/02/2020","14:07","2020-02-25","16:14:15","ISU000004","tbl0010","CLOSED","1","","IATR200005377","","","","","IAT2502201020","NHO2018000007"),
("IATT200005522","","1","20000","0","2000","0","22000","25000","25/02/2020","14:11","2020-02-25","14:11:36","ISU000004","tbl0018","CLOSED","1","","IATR200005372","","","","","IAT2502201020","NHO2018000007"),
("IATT200005523","","1","30000","0","3000","0","33000","35000","25/02/2020","14:16","2020-02-25","15:40:10","ISU000004","tbl0018","CLOSED","1","","IATR200005376","","","","","IAT2502201020","NHO2018000007"),
("IATT200005524","","1","30000","0","3000","0","33000","33000","25/02/2020","14:24","2020-02-25","15:38:02","ISU000004","tbl0050","CLOSED","1","","IATR200005375","","","","","IAT2502201020","NHO2018000007"),
("IATT200005525","","1","60000","0","6000","0","66000","100000","25/02/2020","15:33","2020-02-25","16:59:14","ISU000004","tbl0012","CLOSED","1","","IATR200005378","","","","","IAT2502201020","NHO2018000007"),
("IATT200005526","","1","30000","0","3000","0","33000","33000","25/02/2020","15:38","2020-02-25","19:39:07","ISU000004","tbl0007","CLOSED","1","","IATR200005382","","","","","IAT2502201020","NHO2018000007"),
("IATT200005527","","1","30000","0","3000","0","33000","50000","25/02/2020","17:03","2020-02-25","17:04:33","ISU000004","tbl0050","CLOSED","1","","IATR200005379","","","","","IAT2502201020","NHO2018000007"),
("IATT200005528","","2","30000","0","3000","0","33000","34000","25/02/2020","18:13","2020-02-25","18:42:11","ISU000004","tbl0011","CLOSED","1","","IATR200005380","","","","","IAT2502201020","NHO2018000007"),
("IATT200005529","","2","50000","0","5000","0","55000","100000","25/02/2020","18:35","2020-02-25","19:44:05","ISU000004","tbl0012","CLOSED","1","","IATR200005383","","","","","IAT2502201020","NHO2018000007"),
("IATT200005530","","2","94000","0","9400","0","103400","103400","25/02/2020","18:55","2020-02-25","20:02:15","ISU000004","tbl0010","CLOSED","1","","IATR200005385","","","","","IAT2502201020","NHO2018000007"),
("IATT200005531","","2","126000","0","12600","0","138600","150000","25/02/2020","18:59","2020-02-25","19:59:15","ISU000004","tbl0011","CLOSED","1","","IATR200005384","","","","","IAT2502201020","NHO2018000007"),
("IATT200005532","","1","30000","0","3000","0","33000","33000","25/02/2020","19:27","2020-02-25","19:28:11","ISU000004","tbl0001","CLOSED","1","","IATR200005381","","","","","IAT2502201020","NHO2018000007"),
("IATT200005533","","2","80000","0","8000","0","88000","88000","25/02/2020","19:50","2020-02-25","20:12:46","ISU000004","tbl0022","CLOSED","1","","IATR200005386","","","","","IAT2502201020","NHO2018000007"),
("IATT200005534","","2","50000","0","5000","0","55000","55000","25/02/2020","20:27","2020-02-25","21:47:20","ISU000004","tbl0010","CLOSED","1","","IATR200005387","","","","","IAT2502201020","NHO2018000007"),
("IATT200005535","","3","114000","0","11400","0","125400","130000","25/02/2020","21:07","2020-02-25","21:50:34","ISU000004","tbl0012","CLOSED","1","","IATR200005388","","","","","IAT2502201020","NHO2018000007");












INSERT INTO pos_paymenttemp VALUES("IATT200005517","CASH","CASH","33000","50000","ISU000006","2020-02-25","","1","","CLOSED","IAT2502201020","NHO2018000007"),
("IATT200005518","CASH","CASH","146300","150000","ISU000006","2020-02-25","","1","","CLOSED","IAT2502201020","NHO2018000007"),
("IATT200005522","CASH","CASH","22000","25000","ISU000004","2020-02-25","","1","","CLOSED","IAT2502201020","NHO2018000007"),
("IATT200005520","CASH","CASH","51700","100000","ISU000004","2020-02-25","","1","","CLOSED","IAT2502201020","NHO2018000007"),
("IATT200005519","CASH","CASH","102300","104000","ISU000004","2020-02-25","","1","","CLOSED","IAT2502201020","NHO2018000007"),
("IATT200005524","CARD","DEBIT BCA","33000","33000","ISU000004","2020-02-25","","1","","CLOSED","IAT2502201020","NHO2018000007"),
("IATT200005523","CASH","CASH","33000","35000","ISU000004","2020-02-25","","1","","CLOSED","IAT2502201020","NHO2018000007"),
("IATT200005521","CASH","SHOPPEEPAY","49500","49500","ISU000004","2020-02-25","","1","","CLOSED","IAT2502201020","NHO2018000007"),
("IATT200005525","CASH","CASH","66000","100000","ISU000004","2020-02-25","","1","","CLOSED","IAT2502201020","NHO2018000007"),
("IATT200005527","CASH","CASH","33000","50000","ISU000004","2020-02-25","","1","","CLOSED","IAT2502201020","NHO2018000007"),
("IATT200005528","CASH","CASH","33000","34000","ISU000004","2020-02-25","","1","","CLOSED","IAT2502201020","NHO2018000007"),
("IATT200005532","CASH","SHOPPEEPAY","33000","33000","ISU000004","2020-02-25","","1","","CLOSED","IAT2502201020","NHO2018000007"),
("IATT200005526","CASH","CASH","33000","33000","ISU000004","2020-02-25","","1","","CLOSED","IAT2502201020","NHO2018000007"),
("IATT200005529","CASH","CASH","55000","100000","ISU000004","2020-02-25","","1","","CLOSED","IAT2502201020","NHO2018000007"),
("IATT200005531","CASH","CASH","138600","150000","ISU000004","2020-02-25","","1","","CLOSED","IAT2502201020","NHO2018000007"),
("IATT200005530","CASH","OVO","103400","103400","ISU000004","2020-02-25","","1","","CLOSED","IAT2502201020","NHO2018000007"),
("IATT200005533","CARD","DEBIT BCA","88000","88000","ISU000004","2020-02-25","","1","","CLOSED","IAT2502201020","NHO2018000007"),
("IATT200005534","CASH","CASH","55000","55000","ISU000004","2020-02-25","","1","","CLOSED","IAT2502201020","NHO2018000007"),
("IATT200005535","CASH","CASH","125400","130000","ISU000004","2020-02-25","","1","","CLOSED","IAT2502201020","NHO2018000007");



