INSERT INTO pos_itemtemp VALUES("IATT190004011","193010","191001","192001","40000","1","40000","17600","22400","1","1","1","IAT2611190959","NHO2018000007","PAID","","193010"),
("IATT190004011","193084","191001","192001","30000","1","30000","13200","16800","1","1","1","IAT2611190959","NHO2018000007","PAID","","PEDAS"),
("IATT190004011","193047","191002","192010","10000","1","10000","0","10000","1","1","1","IAT2611190959","NHO2018000007","PAID","","193047"),
("IATT190004011","193047","191002","192010","10000","1","10000","0","10000","2","1","1","IAT2611190959","NHO2018000007","PAID","","193047"),
("IATT190004011","193047","191002","192010","10000","1","10000","0","10000","3","1","2","IAT2611190959","NHO2018000007","PAID","","193047"),
("IATT190004012","193030","191001","192004","27000","1","27000","11880","15120","1","1","1","IAT2611190959","NHO2018000007","PAID","","193030"),
("IATT190004012","193030","191001","192004","27000","1","27000","11880","15120","2","1","1","IAT2611190959","NHO2018000007","PAID","","193030"),
("IATT190004012","193047","191002","192010","10000","1","10000","0","10000","1","1","1","IAT2611190959","NHO2018000007","PAID","","193047"),
("IATT190004012","193051","191002","192010","20000","1","20000","0","20000","1","1","1","IAT2611190959","NHO2018000007","PAID","","193051"),
("IATT190004013","193008","191001","192001","37000","1","37000","16280","20720","1","1","1","IAT2611190959","NHO2018000007","PAID","","193008"),
("IATT190004013","193009","191001","192001","40000","1","40000","17600","22400","1","1","1","IAT2611190959","NHO2018000007","PAID","","193009"),
("IATT190004014","193076","191001","192001","30000","1","30000","13200","16800","1","1","1","IAT2611190959","NHO2018000007","PAID","","193076"),
("IATT190004014","193082","191001","192001","30000","1","30000","13200","16800","1","1","1","IAT2611190959","NHO2018000007","PAID","","193082"),
("IATT190004014","193082","191001","192001","30000","1","30000","13200","16800","2","1","1","IAT2611190959","NHO2018000007","PAID","","193082"),
("IATT190004014","193028","191001","192003","43000","1","43000","0","43000","1","1","1","IAT2611190959","NHO2018000007","PAID","","193028"),
("IATT190004014","193015","191001","192002","33000","1","33000","14520","18480","1","1","1","IAT2611190959","NHO2018000007","PAID","","ORIGINAL"),
("IATT190004014","193052","191002","192010","20000","1","20000","0","20000","1","1","1","IAT2611190959","NHO2018000007","PAID","","193052"),
("IATT190004014","193053","191002","192010","20000","1","20000","0","20000","1","1","1","IAT2611190959","NHO2018000007","PAID","","193053"),
("IATT190004014","193047","191002","192010","10000","1","10000","0","10000","1","1","1","IAT2611190959","NHO2018000007","PAID","","193047"),
("IATT190004014","193046","191002","192010","10000","1","10000","0","10000","1","1","1","IAT2611190959","NHO2018000007","PAID","","193046"),
("IATT190004014","193048","191002","192010","8000","1","8000","0","8000","1","1","1","IAT2611190959","NHO2018000007","PAID","","193048"),
("IATT190004013","193084","191001","192001","30000","1","30000","13200","16800","1","1","2","IAT2611190959","NHO2018000007","PAID","","ORIGINAL"),
("IATT190004015","193007","191001","192001","37000","1","37000","0","37000","1","1","1","IAT2611190959","NHO2018000007","PAID","","ORIGINAL"),
("IATT190004015","193007","191001","192001","37000","1","37000","0","37000","2","1","1","IAT2611190959","NHO2018000007","PAID","","ORIGINAL"),
("IATT190004015","193007","191001","192001","37000","1","37000","0","37000","3","1","1","IAT2611190959","NHO2018000007","PAID","","ORIGINAL"),
("IATT190004015","193010","191001","192001","40000","1","40000","0","40000","1","1","1","IAT2611190959","NHO2018000007","PAID","","193010"),
("IATT190004015","193005","191001","192001","37000","1","37000","0","37000","1","1","1","IAT2611190959","NHO2018000007","PAID","","193005"),
("IATT190004015","193005","191001","192001","37000","1","37000","0","37000","2","1","1","IAT2611190959","NHO2018000007","PAID","","193005"),
("IATT190004015","193035","191001","192006","32000","1","32000","0","32000","1","1","1","IAT2611190959","NHO2018000007","PAID","","ORIGINAL"),
("IATT190004015","193009","191001","192001","40000","1","40000","0","40000","1","1","1","IAT2611190959","NHO2018000007","PAID","","193009"),
("IATT190004015","193054","191002","192010","20000","1","20000","0","20000","1","1","1","IAT2611190959","NHO2018000007","PAID","","193054"),
("IATT190004015","193054","191002","192010","20000","1","20000","0","20000","2","1","1","IAT2611190959","NHO2018000007","PAID","","193054"),
("IATT190004015","193052","191002","192010","20000","1","20000","0","20000","1","1","1","IAT2611190959","NHO2018000007","PAID","","193052"),
("IATT190004015","193052","191002","192010","20000","1","20000","0","20000","2","1","1","IAT2611190959","NHO2018000007","PAID","","193052"),
("IATT190004015","193055","191002","192010","17000","1","17000","0","17000","1","1","1","IAT2611190959","NHO2018000007","PAID","","193055"),
("IATT190004015","193055","191002","192010","17000","1","17000","0","17000","2","1","1","IAT2611190959","NHO2018000007","PAID","","193055"),
("IATT190004015","193056","191002","192010","17000","1","17000","0","17000","1","1","1","IAT2611190959","NHO2018000007","PAID","","193056"),
("IATT190004015","193048","191002","192010","8000","1","8000","0","8000","1","1","1","IAT2611190959","NHO2018000007","PAID","","193048"),
("IATT190004016","193084","191001","192001","30000","1","30000","13200","16800","1","1","1","IAT2611190959","NHO2018000007","PAID","","PEDAS"),
("IATT190004016","193084","191001","192001","30000","1","30000","13200","16800","2","1","1","IAT2611190959","NHO2018000007","PAID","","PEDAS"),
("IATT190004016","193084","191001","192001","30000","1","30000","13200","16800","3","1","1","IAT2611190959","NHO2018000007","PAID","","PEDAS"),
("IATT190004016","193054","191002","192010","20000","1","20000","0","20000","1","1","1","IAT2611190959","NHO2018000007","PAID","","193054"),
("IATT190004016","193054","191002","192010","20000","1","20000","0","20000","2","1","1","IAT2611190959","NHO2018000007","PAID","","193054"),
("IATT190004016","193047","191002","192010","10000","1","10000","0","10000","1","1","1","IAT2611190959","NHO2018000007","PAID","","193047"),
("IATT190004016","193047","191002","192010","10000","1","10000","0","10000","2","1","1","IAT2611190959","NHO2018000007","PAID","","193047"),
("IATT190004016","193055","191002","192010","17000","1","17000","0","17000","1","1","1","IAT2611190959","NHO2018000007","PAID","","193055"),
("IATT190004016","193077","191001","192001","30000","1","30000","13200","16800","1","1","2","IAT2611190959","NHO2018000007","PAID","","193077"),
("IATT190004018","193079","191001","192001","30000","1","30000","13200","16800","1","1","1","IAT2611190959","NHO2018000007","PAID","","193079"),
("IATT190004018","193079","191001","192001","30000","1","30000","13200","16800","2","1","1","IAT2611190959","NHO2018000007","PAID","","193079"),
("IATT190004018","193085","191001","192001","30000","1","30000","13200","16800","1","1","1","IAT2611190959","NHO2018000007","PAID","","193085"),
("IATT190004018","193048","191002","192010","8000","1","8000","0","8000","1","1","1","IAT2611190959","NHO2018000007","PAID","","193048"),
("IATT190004018","193048","191002","192010","8000","1","8000","0","8000","2","1","1","IAT2611190959","NHO2018000007","PAID","","193048"),
("IATT190004019","193007","191001","192001","37000","1","37000","0","37000","1","1","1","IAT2611190959","NHO2018000007","PAID","","PEDAS"),
("IATT190004019","193011","191001","192001","40000","1","40000","0","40000","1","1","1","IAT2611190959","NHO2018000007","PAID","","PEDAS"),
("IATT190004019","193055","191002","192010","17000","1","17000","0","17000","1","1","1","IAT2611190959","NHO2018000007","PAID","","193055"),
("IATT190004019","193055","191002","192010","17000","1","17000","0","17000","2","1","1","IAT2611190959","NHO2018000007","PAID","","193055");



INSERT INTO pos_salestemp VALUES("IATT190004011","NHM2019003857 Devika herfianingtyas","2","100000","30800","6920","0","76120","76120","26/11/2019","09:59","2019-11-26","10:43:10","ISU000004","tbl0011","CLOSED","1","","IATR190003898","","","","","IAT2611190959","NHO2018000007"),
("IATT190004012","NHM2019003858 Rieka","2","84000","23760","6024","0","66264","100000","26/11/2019","11:55","2019-11-26","12:21:42","ISU000004","tbl0012","CLOSED","1","","IATR190003899","","","","","IAT2611190959","NHO2018000007"),
("IATT190004013","NHM2019003170 tamy","2","107000","47080","5992","0","65912","70000","26/11/2019","12:10","2019-11-26","12:50:37","ISU000004","tbl0021","CLOSED","1","","IATR190003900","","","","","IAT2611190959","NHO2018000007"),
("IATT190004014","","5","234000","54120","17988","0","197868","200000","26/11/2019","12:24","2019-11-26","13:02:17","ISU000004","tbl0014","CLOSED","1","","IATR190003901","","","","","IAT2611190959","NHO2018000007"),
("IATT190004015","","6","436000","0","43600","0","479600","500000","26/11/2019","13:00","2019-11-26","13:52:23","ISU000004","tbl0022","CLOSED","1","","IATR190003902","","","","","IAT2611190959","NHO2018000007"),
("IATT190004016","NHM2019003630 Eka sri dimas pratiwi","3","197000","52800","14420","0","158620","200000","26/11/2019","15:20","2019-11-26","15:54:32","ISU000006","tbl0012","CLOSED","1","","IATR190003903","","","","","IAT2611190959","NHO2018000007"),
("IATT190004017","","1","0","0","0","0","0","0","26/11/2019","15:40","26/11/2019","17:44:27","ISU000006","tbl0050","CANCELED","1","PERMINTAAN CUSTOMER","","","","","","IAT2611190959","NHO2018000007"),
("IATT190004018","","3","106000","39600","6640","0","73040","80000","26/11/2019","17:26","2019-11-26","20:36:24","ISU000006","tbl0010","CLOSED","1","","IATR190003905","","","","","IAT2611190959","NHO2018000007"),
("IATT190004019","","2","111000","0","11100","0","122100","122200","26/11/2019","18:50","2019-11-26","19:25:09","ISU000006","tbl0012","CLOSED","1","","IATR190003904","","","","","IAT2611190959","NHO2018000007");



INSERT INTO item_void VALUES("IATT190004017","IAT2611190959","NHO2018000007","193083","193083","1","30000","Before Send","Komplen Customer");



INSERT INTO pos_promotion_h VALUES("IATT190004011","NPRM18000020","DISC ITEM","1","30800","PROMO LAGI VIRAL 30%+20%","IAT2611190959","PAID","NHO2018000007"),
("IATT190004012","NPRM18000020","DISC ITEM","1","23760","PROMO LAGI VIRAL 30%+20%","IAT2611190959","PAID","NHO2018000007"),
("IATT190004013","NPRM18000020","DISC ITEM","1","47080","PROMO LAGI VIRAL 30%+20%","IAT2611190959","PAID","NHO2018000007"),
("IATT190004014","NPRM18000020","DISC ITEM","1","54120","PROMO LAGI VIRAL 30%+20%","IAT2611190959","PAID","NHO2018000007"),
("IATT190004016","NPRM18000020","DISC ITEM","1","52800","PROMO LAGI VIRAL 30%+20%","IAT2611190959","PAID","NHO2018000007"),
("IATT190004018","NPRM18000020","DISC ITEM","1","39600","PROMO LAGI VIRAL 30%+20%","IAT2611190959","PAID","NHO2018000007");



INSERT INTO pos_promotion_d VALUES("IATT190004011","NPRM18000020","DISC ITEM","1","1","193010","1","17600","IAT2611190959","PAID","NHO2018000007"),
("IATT190004011","NPRM18000020","DISC ITEM","1","1","193084","1","13200","IAT2611190959","PAID","NHO2018000007"),
("IATT190004012","NPRM18000020","DISC ITEM","1","1","193030","1","11880","IAT2611190959","PAID","NHO2018000007"),
("IATT190004012","NPRM18000020","DISC ITEM","1","1","193030","2","11880","IAT2611190959","PAID","NHO2018000007"),
("IATT190004013","NPRM18000020","DISC ITEM","1","1","193008","1","16280","IAT2611190959","PAID","NHO2018000007"),
("IATT190004013","NPRM18000020","DISC ITEM","1","1","193009","1","17600","IAT2611190959","PAID","NHO2018000007"),
("IATT190004013","NPRM18000020","DISC ITEM","1","1","193084","1","13200","IAT2611190959","PAID","NHO2018000007"),
("IATT190004014","NPRM18000020","DISC ITEM","1","1","193076","1","13200","IAT2611190959","PAID","NHO2018000007"),
("IATT190004014","NPRM18000020","DISC ITEM","1","1","193082","1","13200","IAT2611190959","PAID","NHO2018000007"),
("IATT190004014","NPRM18000020","DISC ITEM","1","1","193082","2","13200","IAT2611190959","PAID","NHO2018000007"),
("IATT190004014","NPRM18000020","DISC ITEM","1","1","193015","1","14520","IAT2611190959","PAID","NHO2018000007"),
("IATT190004016","NPRM18000020","DISC ITEM","1","1","193084","1","13200","IAT2611190959","PAID","NHO2018000007"),
("IATT190004016","NPRM18000020","DISC ITEM","1","1","193084","2","13200","IAT2611190959","PAID","NHO2018000007"),
("IATT190004016","NPRM18000020","DISC ITEM","1","1","193084","3","13200","IAT2611190959","PAID","NHO2018000007"),
("IATT190004016","NPRM18000020","DISC ITEM","1","1","193077","1","13200","IAT2611190959","PAID","NHO2018000007"),
("IATT190004018","NPRM18000020","DISC ITEM","1","1","193079","1","13200","IAT2611190959","PAID","NHO2018000007"),
("IATT190004018","NPRM18000020","DISC ITEM","1","1","193079","2","13200","IAT2611190959","PAID","NHO2018000007"),
("IATT190004018","NPRM18000020","DISC ITEM","1","1","193085","1","13200","IAT2611190959","PAID","NHO2018000007");



INSERT INTO pos_paymenttemp VALUES("IATT190004011","CARD","VISA","76120","76120","ISU000004","2019-11-26","","1","","CLOSED","IAT2611190959","NHO2018000007"),
("IATT190004012","CASH","CASH","66264","100000","ISU000004","2019-11-26","","1","","CLOSED","IAT2611190959","NHO2018000007"),
("IATT190004013","CASH","CASH","65912","70000","ISU000004","2019-11-26","","1","","CLOSED","IAT2611190959","NHO2018000007"),
("IATT190004014","CASH","CASH","197868","200000","ISU000004","2019-11-26","","1","","CLOSED","IAT2611190959","NHO2018000007"),
("IATT190004015","CASH","CASH","479600","500000","ISU000004","2019-11-26","","1","","CLOSED","IAT2611190959","NHO2018000007"),
("IATT190004016","CASH","CASH","158620","200000","ISU000006","2019-11-26","","1","","CLOSED","IAT2611190959","NHO2018000007"),
("IATT190004019","CASH","CASH","122100","122200","ISU000006","2019-11-26","","1","","CLOSED","IAT2611190959","NHO2018000007"),
("IATT190004018","CASH","CASH","73040","80000","ISU000006","2019-11-26","","1","","CLOSED","IAT2611190959","NHO2018000007");



