INSERT INTO pos_itemtemp VALUES("IATT190003495","193024","191001","192003","30000","1","30000","0","30000","1","1","1","IAT2910190949","NHO2018000007","PAID","","193024"),
("IATT190003495","193046","191002","192010","10000","1","10000","0","10000","1","1","1","IAT2910190949","NHO2018000007","PAID","","193046"),
("IATT190003496","193114","191001","192006","42000","1","42000","21000","21000","1","1","1","IAT2910190949","NHO2018000007","PAID","","193114"),
("IATT190003496","193055","191002","192010","17000","1","17000","0","17000","1","1","1","IAT2910190949","NHO2018000007","PAID","","193055"),
("IATT190003497","193028","191001","192003","43000","1","43000","0","43000","1","1","1","IAT2910190949","NHO2018000007","PAID","","193028"),
("IATT190003497","193047","191002","192010","10000","1","10000","0","10000","1","1","1","IAT2910190949","NHO2018000007","PAID","","193047"),
("IATT190003498","193011","191001","192001","40000","1","40000","20000","20000","1","1","1","IAT2910190949","NHO2018000007","PAID","level 1","PEDAS"),
("IATT190003498","193078","191001","192001","30000","1","30000","15000","15000","1","1","1","IAT2910190949","NHO2018000007","PAID","level 1","PEDAS"),
("IATT190003498","193047","191002","192010","10000","1","10000","0","10000","1","1","1","IAT2910190949","NHO2018000007","PAID","","193047"),
("IATT190003498","193047","191002","192010","10000","1","10000","0","10000","2","1","1","IAT2910190949","NHO2018000007","PAID","","193047"),
("IATT190003499","193055","191002","192010","17000","1","17000","0","17000","1","1","1","IAT2910190949","NHO2018000007","PAID","","193055"),
("IATT190003499","193118","191001","192012","20000","1","20000","10000","10000","1","1","1","IAT2910190949","NHO2018000007","PAID","","193118"),
("IATT190003499","193055","191002","192010","17000","1","17000","0","17000","2","1","2","IAT2910190949","NHO2018000007","PAID","","193055"),
("IATT190003499","193084","191001","192001","30000","1","30000","15000","15000","1","1","3","IAT2910190949","NHO2018000007","PAID","banyakin daun bawang ","PEDAS"),
("IATT190003499","193011","191001","192001","40000","1","40000","20000","20000","1","1","3","IAT2910190949","NHO2018000007","PAID","","PEDAS"),
("IATT190003500","193011","191001","192001","40000","1","40000","20000","20000","1","1","1","IAT2910190949","NHO2018000007","PAID","","PEDAS"),
("IATT190003500","193038","191001","192006","36000","1","36000","18000","18000","1","1","1","IAT2910190949","NHO2018000007","PAID","","ORIGINAL"),
("IATT190003500","193054","191002","192010","20000","1","20000","0","20000","1","1","1","IAT2910190949","NHO2018000007","PAID","","193054"),
("IATT190003499","193051","191002","192010","20000","1","20000","0","20000","1","1","4","IAT2910190949","NHO2018000007","PAID","","193051"),
("IATT190003499","193048","191002","192010","8000","1","8000","0","8000","1","1","4","IAT2910190949","NHO2018000007","PAID","","193048"),
("IATT190003500","193054","191002","192010","20000","1","20000","0","20000","2","1","2","IAT2910190949","NHO2018000007","PAID","","193054"),
("IATT190003501","193019","191001","192002","40000","1","40000","21000","19000","1","1","1","IAT2910190949","NHO2018000007","PAID","","ORIGINAL"),
("IATT190003503","193011","191001","192001","40000","1","40000","20000","20000","1","1","1","IAT2910190949","NHO2018000007","PAID","SEDENG","PEDAS"),
("IATT190003503","193055","191002","192010","17000","1","17000","0","17000","1","1","1","IAT2910190949","NHO2018000007","PAID","","193055"),
("IATT190003501","193071","191001","192012","18000","1","18000","9450","8550","1","1","2","IAT2910190949","NHO2018000007","PAID","","193071"),
("IATT190003504","193084","191001","192001","30000","1","30000","15000","15000","1","1","1","IAT2910190949","NHO2018000007","PAID","","PEDAS"),
("IATT190003504","193084","191001","192001","30000","1","30000","15000","15000","2","1","1","IAT2910190949","NHO2018000007","PAID","","PEDAS"),
("IATT190003504","193011","191001","192001","40000","1","40000","20000","20000","1","1","1","IAT2910190949","NHO2018000007","PAID","","PEDAS"),
("IATT190003504","193046","191002","192010","10000","1","10000","0","10000","1","1","1","IAT2910190949","NHO2018000007","PAID","","193046"),
("IATT190003504","193047","191002","192010","10000","1","10000","0","10000","1","1","1","IAT2910190949","NHO2018000007","PAID","","193047"),
("IATT190003504","193049","191002","192010","10000","1","10000","0","10000","1","1","1","IAT2910190949","NHO2018000007","PAID","","193049"),
("IATT190003505","193084","191001","192001","30000","1","30000","15000","15000","1","1","1","IAT2910190949","NHO2018000007","PAID","","ORIGINAL"),
("IATT190003505","193078","191001","192001","30000","1","30000","15000","15000","1","1","1","IAT2910190949","NHO2018000007","PAID","","ORIGINAL"),
("IATT190003505","193086","191001","192002","33000","1","33000","16500","16500","1","1","1","IAT2910190949","NHO2018000007","PAID","","ORIGINAL"),
("IATT190003505","193050","191002","192010","20000","1","20000","0","20000","1","1","1","IAT2910190949","NHO2018000007","PAID","","193050"),
("IATT190003505","193054","191002","192010","20000","1","20000","0","20000","1","1","1","IAT2910190949","NHO2018000007","PAID","","193054"),
("IATT190003505","193048","191002","192010","8000","1","8000","0","8000","1","1","1","IAT2910190949","NHO2018000007","PAID","","193048"),
("IATT190003506","193113","191001","192003","55000","1","55000","0","55000","1","1","1","IAT2910190949","NHO2018000007","PAID","","193113"),
("IATT190003506","193011","191001","192001","40000","1","40000","20000","20000","1","1","1","IAT2910190949","NHO2018000007","PAID","","ORIGINAL"),
("IATT190003506","193118","191001","192012","20000","1","20000","10000","10000","1","1","1","IAT2910190949","NHO2018000007","PAID","","193118"),
("IATT190003506","193046","191002","192010","10000","1","10000","0","10000","1","1","1","IAT2910190949","NHO2018000007","PAID","","193046"),
("IATT190003506","193046","191002","192010","10000","1","10000","0","10000","2","1","1","IAT2910190949","NHO2018000007","PAID","","193046");



INSERT INTO pos_salestemp VALUES("IATT190003495","","1","40000","0","4000","0","44000","44000","29/10/2019","10:27","2019-10-29","10:51:08","ISU000006","tbl0011","CLOSED","1","","IATR190003394","","","","","IAT2910190949","NHO2018000007"),
("IATT190003496","","1","59000","21000","3800","0","41800","50000","29/10/2019","11:19","2019-10-29","12:23:04","ISU000006","tbl0010","CLOSED","1","","IATR190003396","","","","","IAT2910190949","NHO2018000007"),
("IATT190003497","","1","53000","0","5300","0","58300","100000","29/10/2019","11:46","2019-10-29","12:14:33","ISU000006","tbl0011","CLOSED","1","","IATR190003395","","","","","IAT2910190949","NHO2018000007"),
("IATT190003498","","2","90000","35000","5500","0","60500","100000","29/10/2019","12:57","2019-10-29","13:35:55","ISU000006","tbl0010","CLOSED","1","","IATR190003397","","","","","IAT2910190949","NHO2018000007"),
("IATT190003499","","1","152000","45000","10700","0","117700","150000","29/10/2019","13:04","2019-10-29","14:57:16","ISU000006","tbl0012","CLOSED","1","","IATR190003398","","","","","IAT2910190949","NHO2018000007"),
("IATT190003500","","1","116000","38000","7800","0","85800","100000","29/10/2019","14:04","2019-10-29","15:36:11","ISU000006","tbl0010","CLOSED","1","pbpowgd rasi","IATR190003399","","","","","IAT2910190949","NHO2018000007"),
("IATT190003501","","1","58000","30450","2755","0","30305","30500","29/10/2019","14:13","2019-10-29","20:51:41","ISU000004","tbl0006","CLOSED","1","","IATR190003404","","","","","IAT2910190949","NHO2018000007"),
("IATT190003502","","1","0","0","0","0","0","0","29/10/2019","15:41","29/10/2019","15:41:17","ISU000004","tbl0018","CANCELED","1","PERMINTAAN CUSTOMER","","","","","","IAT2910190949","NHO2018000007"),
("IATT190003503","","1","57000","20000","3700","0","40700","40700","29/10/2019","15:54","2019-10-29","16:29:06","ISU000004","tbl0005","CLOSED","1","","IATR190003400","","","","","IAT2910190949","NHO2018000007"),
("IATT190003504","","3","130000","50000","8000","0","88000","100000","29/10/2019","18:11","2019-10-29","19:36:06","ISU000004","tbl0010","CLOSED","1","","IATR190003401","","","","","IAT2910190949","NHO2018000007"),
("IATT190003505","","3","141000","46500","9450","0","103950","105000","29/10/2019","19:32","2019-10-29","20:03:00","ISU000004","tbl0012","CLOSED","1","","IATR190003402","","","","","IAT2910190949","NHO2018000007"),
("IATT190003506","","2","135000","30000","10500","0","115500","120000","29/10/2019","19:51","2019-10-29","20:22:58","ISU000004","tbl0011","CLOSED","1","","IATR190003403","","","","","IAT2910190949","NHO2018000007");



INSERT INTO item_void VALUES("IATT190003501","IAT2910190949","NHO2018000007","193083","193083","1","30000","Before Send","Komplen Customer");



INSERT INTO pos_promotion_h VALUES("IATT190003496","NPRM18000017","DISC ITEM","1","21000","TUNJUKKAN JEMPOLMU","IAT2910190949","PAID","NHO2018000007"),
("IATT190003498","NPRM18000017","DISC ITEM","1","35000","TUNJUKKAN JEMPOLMU","IAT2910190949","PAID","NHO2018000007"),
("IATT190003499","NPRM18000017","DISC ITEM","1","45000","TUNJUKKAN JEMPOLMU","IAT2910190949","PAID","NHO2018000007"),
("IATT190003500","NPRM18000012","DISC ITEM","1","38000","eatigo 50%","IAT2910190949","PAID","NHO2018000007"),
("IATT190003503","NPRM18000017","DISC ITEM","1","20000","TUNJUKKAN JEMPOLMU","IAT2910190949","PAID","NHO2018000007"),
("IATT190003504","NPRM18000017","DISC ITEM","1","50000","TUNJUKKAN JEMPOLMU","IAT2910190949","PAID","NHO2018000007"),
("IATT190003505","NPRM18000017","DISC ITEM","1","46500","TUNJUKKAN JEMPOLMU","IAT2910190949","PAID","NHO2018000007"),
("IATT190003506","NPRM18000017","DISC ITEM","1","30000","TUNJUKKAN JEMPOLMU","IAT2910190949","PAID","NHO2018000007"),
("IATT190003501","NPRM18000017","DISC ITEM","1","29000","TUNJUKKAN JEMPOLMU","IAT2910190949","PAID","NHO2018000007"),
("IATT190003501","NPRM18000018","DISC ALL","1","1450","CRM DISC 5%","IAT2910190949","PAID","NHO2018000007");



INSERT INTO pos_promotion_d VALUES("IATT190003496","NPRM18000017","DISC ITEM","1","1","193114","1","21000","IAT2910190949","PAID","NHO2018000007"),
("IATT190003498","NPRM18000017","DISC ITEM","1","1","193011","1","20000","IAT2910190949","PAID","NHO2018000007"),
("IATT190003498","NPRM18000017","DISC ITEM","1","1","193078","1","15000","IAT2910190949","PAID","NHO2018000007"),
("IATT190003499","NPRM18000017","DISC ITEM","1","1","193118","1","10000","IAT2910190949","PAID","NHO2018000007"),
("IATT190003499","NPRM18000017","DISC ITEM","1","1","193084","1","15000","IAT2910190949","PAID","NHO2018000007"),
("IATT190003499","NPRM18000017","DISC ITEM","1","1","193011","1","20000","IAT2910190949","PAID","NHO2018000007"),
("IATT190003500","NPRM18000012","DISC ITEM","1","1","193011","1","20000","IAT2910190949","PAID","NHO2018000007"),
("IATT190003500","NPRM18000012","DISC ITEM","1","1","193038","1","18000","IAT2910190949","PAID","NHO2018000007"),
("IATT190003503","NPRM18000017","DISC ITEM","1","1","193011","1","20000","IAT2910190949","PAID","NHO2018000007"),
("IATT190003504","NPRM18000017","DISC ITEM","1","1","193084","1","15000","IAT2910190949","PAID","NHO2018000007"),
("IATT190003504","NPRM18000017","DISC ITEM","1","1","193084","2","15000","IAT2910190949","PAID","NHO2018000007"),
("IATT190003504","NPRM18000017","DISC ITEM","1","1","193011","1","20000","IAT2910190949","PAID","NHO2018000007"),
("IATT190003505","NPRM18000017","DISC ITEM","1","1","193084","1","15000","IAT2910190949","PAID","NHO2018000007"),
("IATT190003505","NPRM18000017","DISC ITEM","1","1","193078","1","15000","IAT2910190949","PAID","NHO2018000007"),
("IATT190003505","NPRM18000017","DISC ITEM","1","1","193086","1","16500","IAT2910190949","PAID","NHO2018000007"),
("IATT190003506","NPRM18000017","DISC ITEM","1","1","193011","1","20000","IAT2910190949","PAID","NHO2018000007"),
("IATT190003506","NPRM18000017","DISC ITEM","1","1","193118","1","10000","IAT2910190949","PAID","NHO2018000007"),
("IATT190003501","NPRM18000017","DISC ITEM","1","1","193019","1","20000","IAT2910190949","PAID","NHO2018000007"),
("IATT190003501","NPRM18000017","DISC ITEM","1","1","193071","1","9000","IAT2910190949","PAID","NHO2018000007"),
("IATT190003501","NPRM18000018","DISC ALL","1","1","193019","1","1000","IAT2910190949","PAID","NHO2018000007"),
("IATT190003501","NPRM18000018","DISC ALL","1","1","193071","1","450","IAT2910190949","PAID","NHO2018000007");



INSERT INTO pos_paymenttemp VALUES("IATT190003495","CARD","DEBIT BCA","44000","44000","ISU000006","2019-10-29","","1","","CLOSED","IAT2910190949","NHO2018000007"),
("IATT190003497","CASH","CASH","58300","100000","ISU000006","2019-10-29","","1","","CLOSED","IAT2910190949","NHO2018000007"),
("IATT190003496","CASH","CASH","41800","50000","ISU000006","2019-10-29","","1","","CLOSED","IAT2910190949","NHO2018000007"),
("IATT190003498","CASH","CASH","60500","100000","ISU000006","2019-10-29","","1","","CLOSED","IAT2910190949","NHO2018000007"),
("IATT190003499","CASH","CASH","117700","150000","ISU000006","2019-10-29","","1","","CLOSED","IAT2910190949","NHO2018000007"),
("IATT190003500","CASH","CASH","85800","100000","ISU000006","2019-10-29","","1","","CLOSED","IAT2910190949","NHO2018000007"),
("IATT190003503","CARD","VISA","40700","40700","ISU000004","2019-10-29","","1","","CLOSED","IAT2910190949","NHO2018000007"),
("IATT190003504","CASH","CASH","88000","100000","ISU000004","2019-10-29","","1","","CLOSED","IAT2910190949","NHO2018000007"),
("IATT190003505","CASH","CASH","103950","105000","ISU000004","2019-10-29","","1","","CLOSED","IAT2910190949","NHO2018000007"),
("IATT190003506","CASH","CASH","115500","120000","ISU000004","2019-10-29","","1","","CLOSED","IAT2910190949","NHO2018000007"),
("IATT190003501","CASH","CASH","30305","30500","ISU000004","2019-10-29","","1","","CLOSED","IAT2910190949","NHO2018000007");



