INSERT INTO pos_itemtemp VALUES("IATT200005547","193079","191001","192001","30000","1","30000","0","30000","1","1","1","IAT2702201007","NHO2018000007","PAID","","193079"),
("IATT200005547","193234","191001","192011","0","1","0","0","0","1","1","1","IAT2702201007","NHO2018000007","PAID","","193234"),
("IATT200005548","193083","191001","192001","30000","1","30000","0","30000","1","1","1","IAT2702201007","NHO2018000007","PAID","","193083"),
("IATT200005548","193005","191001","192001","37000","1","37000","0","37000","1","1","1","IAT2702201007","NHO2018000007","PAID","","193005"),
("IATT200005548","193084","191001","192001","30000","1","30000","0","30000","1","1","1","IAT2702201007","NHO2018000007","PAID","","PEDAS"),
("IATT200005548","193047","191002","192010","10000","1","10000","0","10000","1","1","1","IAT2702201007","NHO2018000007","PAID","","193047"),
("IATT200005548","193047","191002","192010","10000","1","10000","0","10000","2","1","1","IAT2702201007","NHO2018000007","PAID","","193047"),
("IATT200005549","193076","191001","192001","30000","1","30000","0","30000","1","1","1","IAT2702201007","NHO2018000007","PAID","","193076"),
("IATT200005549","193231","191001","192011","0","1","0","0","0","1","1","1","IAT2702201007","NHO2018000007","PAID","","193231"),
("IATT200005550","193084","191001","192001","30000","1","30000","0","30000","1","1","1","IAT2702201007","NHO2018000007","PAID","","PEDAS"),
("IATT200005550","193052","191002","192010","20000","1","20000","0","20000","1","1","1","IAT2702201007","NHO2018000007","PAID","","193052"),
("IATT200005551","193082","191001","192001","30000","1","30000","0","30000","1","1","1","IAT2702201007","NHO2018000007","PAID","","193082"),
("IATT200005551","193234","191001","192011","0","1","0","0","0","1","1","1","IAT2702201007","NHO2018000007","PAID","","193234"),
("IATT200005551","193070","191001","192012","13000","1","13000","0","13000","1","1","1","IAT2702201007","NHO2018000007","PAID","","193070"),
("IATT200005551","193047","191002","192010","10000","1","10000","0","10000","1","1","1","IAT2702201007","NHO2018000007","PAID","","193047"),
("IATT200005551","193047","191002","192010","10000","1","10000","0","10000","2","1","1","IAT2702201007","NHO2018000007","PAID","","193047"),
("IATT200005552","193047","191002","192010","10000","1","10000","0","10000","1","1","1","IAT2702201007","NHO2018000007","PAID","","193047"),
("IATT200005552","193046","191002","192010","10000","1","10000","0","10000","1","1","1","IAT2702201007","NHO2018000007","PAID","","193046"),
("IATT200005552","193005","191001","192001","37000","1","37000","0","37000","1","1","2","IAT2702201007","NHO2018000007","PAID","","193005"),
("IATT200005552","193010","191001","192001","40000","1","40000","0","40000","1","1","2","IAT2702201007","NHO2018000007","PAID","","193010"),
("IATT200005552","193070","191001","192012","13000","1","13000","0","13000","1","1","2","IAT2702201007","NHO2018000007","PAID","","193070"),
("IATT200005552","193048","191002","192010","8000","1","8000","0","8000","1","1","3","IAT2702201007","NHO2018000007","PAID","","193048"),
("IATT200005553","193085","191001","192001","30000","1","30000","0","30000","1","1","1","IAT2702201007","NHO2018000007","PAID","","193085"),
("IATT200005553","193231","191001","192011","0","1","0","0","0","1","1","1","IAT2702201007","NHO2018000007","PAID","","193231"),
("IATT200005553","193052","191002","192010","20000","1","20000","0","20000","1","1","2","IAT2702201007","NHO2018000007","PAID","","193052"),
("IATT200005554","193113","191001","192003","55000","1","55000","0","55000","1","1","1","IAT2702201007","NHO2018000007","PAID","take away","193113"),
("IATT200005554","193113","191001","192003","55000","1","55000","0","55000","2","1","1","IAT2702201007","NHO2018000007","PAID","","193113"),
("IATT200005555","193084","191001","192001","30000","1","30000","0","30000","1","1","1","IAT2702201007","NHO2018000007","PAID","","PEDAS"),
("IATT200005555","193235","191001","192011","0","1","0","0","0","1","1","1","IAT2702201007","NHO2018000007","PAID","","193235"),
("IATT200005556","193022","191001","192003","30000","1","30000","0","30000","1","1","1","IAT2702201007","NHO2018000007","PAID","","193022"),
("IATT200005556","193024","191001","192003","30000","1","30000","0","30000","1","1","1","IAT2702201007","NHO2018000007","PAID","","193024"),
("IATT200005556","193046","191002","192010","10000","1","10000","0","10000","1","1","1","IAT2702201007","NHO2018000007","PAID","","193046"),
("IATT200005556","193049","191002","192010","10000","1","10000","0","10000","1","1","1","IAT2702201007","NHO2018000007","PAID","","193049"),
("IATT200005557","193084","191001","192001","30000","1","30000","0","30000","1","1","1","IAT2702201007","NHO2018000007","PAID","","PEDAS"),
("IATT200005557","193009","191001","192001","40000","1","40000","0","40000","1","1","1","IAT2702201007","NHO2018000007","PAID","","193009"),
("IATT200005557","193040","191001","192008","20000","1","20000","0","20000","1","1","1","IAT2702201007","NHO2018000007","PAID","","193040"),
("IATT200005557","193055","191002","192010","17000","1","17000","0","17000","1","1","1","IAT2702201007","NHO2018000007","PAID","","193055"),
("IATT200005557","193054","191002","192010","20000","1","20000","0","20000","1","1","1","IAT2702201007","NHO2018000007","PAID","","193054"),
("IATT200005557","193048","191002","192010","8000","1","8000","0","8000","1","1","1","IAT2702201007","NHO2018000007","PAID","","193048"),
("IATT200005558","193084","191001","192001","30000","1","30000","0","30000","1","1","1","IAT2702201007","NHO2018000007","PAID","","PEDAS"),
("IATT200005558","193236","191001","192011","0","1","0","0","0","1","1","1","IAT2702201007","NHO2018000007","PAID","","193236"),
("IATT200005558","193009","191001","192001","40000","1","40000","0","40000","1","1","1","IAT2702201007","NHO2018000007","PAID","","193009"),
("IATT200005558","193034","191001","192005","37000","1","37000","0","37000","1","1","1","IAT2702201007","NHO2018000007","PAID","","193034"),
("IATT200005558","193055","191002","192010","17000","1","17000","0","17000","1","1","1","IAT2702201007","NHO2018000007","PAID","","193055"),
("IATT200005558","193048","191002","192010","8000","1","8000","0","8000","1","1","1","IAT2702201007","NHO2018000007","PAID","","193048"),
("IATT200005559","193011","191001","192001","40000","1","40000","0","40000","1","1","1","IAT2702201007","NHO2018000007","PAID","","PEDAS"),
("IATT200005559","193054","191002","192010","20000","1","20000","0","20000","1","1","1","IAT2702201007","NHO2018000007","PAID","","193054"),
("IATT200005560","193033","191001","192005","42000","1","42000","0","42000","1","1","1","IAT2702201007","NHO2018000007","PAID","","193033"),
("IATT200005560","193006","191001","192001","37000","1","37000","0","37000","1","1","1","IAT2702201007","NHO2018000007","PAID","","193006"),
("IATT200005560","193010","191001","192001","40000","1","40000","0","40000","1","1","1","IAT2702201007","NHO2018000007","PAID","","193010"),
("IATT200005560","193047","191002","192010","10000","1","10000","0","10000","1","1","1","IAT2702201007","NHO2018000007","PAID","","193047"),
("IATT200005560","193047","191002","192010","10000","1","10000","0","10000","2","1","1","IAT2702201007","NHO2018000007","PAID","","193047"),
("IATT200005560","193047","191002","192010","10000","1","10000","0","10000","3","1","1","IAT2702201007","NHO2018000007","PAID","","193047"),
("IATT200005561","193084","191001","192001","30000","1","30000","0","30000","1","1","1","IAT2702201007","NHO2018000007","PAID","","PEDAS"),
("IATT200005561","193236","191001","192011","0","1","0","0","0","1","1","1","IAT2702201007","NHO2018000007","PAID","pedas","193236"),
("IATT200005558","193022","191001","192003","30000","1","30000","0","30000","1","1","2","IAT2702201007","NHO2018000007","PAID","","193022"),
("IATT200005562","193021","191001","192002","40000","1","40000","0","40000","7","1","1","IAT2702201007","NHO2018000007","PAID","","ORIGINAL"),
("IATT200005562","193082","191001","192001","30000","1","30000","0","30000","1","1","1","IAT2702201007","NHO2018000007","PAID","","193082"),
("IATT200005562","193235","191001","192011","0","1","0","0","0","1","1","1","IAT2702201007","NHO2018000007","PAID","","193235"),
("IATT200005562","193118","191001","192012","20000","1","20000","0","20000","1","1","1","IAT2702201007","NHO2018000007","PAID","","193118"),
("IATT200005562","193047","191002","192010","10000","1","10000","0","10000","1","1","1","IAT2702201007","NHO2018000007","PAID","","193047"),
("IATT200005562","193047","191002","192010","10000","1","10000","0","10000","2","1","1","IAT2702201007","NHO2018000007","PAID","","193047"),
("IATT200005562","193047","191002","192010","10000","1","10000","0","10000","3","1","1","IAT2702201007","NHO2018000007","PAID","","193047"),
("IATT200005563","193076","191001","192001","30000","1","30000","0","30000","1","1","1","IAT2702201007","NHO2018000007","PAID","","193076"),
("IATT200005563","193231","191001","192011","0","1","0","0","0","1","1","1","IAT2702201007","NHO2018000007","PAID","","193231");



INSERT INTO pos_salestemp VALUES("IATT200005547","","2","30000","0","3000","0","33000","40000","27/02/2020","12:09","2020-02-27","12:32:44","ISU000006","tbl0012","CLOSED","1","","IATR200005400","","","","","IAT2702201007","NHO2018000007"),
("IATT200005548","","2","117000","0","11700","0","128700","128700","27/02/2020","12:29","2020-02-27","13:10:27","ISU000006","tbl0011","CLOSED","1","","IATR200005401","","","","","IAT2702201007","NHO2018000007"),
("IATT200005549","","1","30000","0","3000","0","33000","50000","27/02/2020","12:31","2020-02-27","13:17:29","ISU000006","tbl0010","CLOSED","1","","IATR200005402","","","","","IAT2702201007","NHO2018000007"),
("IATT200005550","","1","50000","0","5000","0","55000","55000","27/02/2020","13:06","2020-02-27","13:32:59","ISU000006","tbl0004","CLOSED","1","","IATR200005403","","","","","IAT2702201007","NHO2018000007"),
("IATT200005551","","2","63000","0","6300","0","69300","69300","27/02/2020","13:18","2020-02-27","13:58:47","ISU000006","tbl0012","CLOSED","1","","IATR200005404","","","","","IAT2702201007","NHO2018000007"),
("IATT200005552","","2","118000","0","11800","0","129800","150000","27/02/2020","15:18","2020-02-27","16:32:07","ISU000006","tbl0010","CLOSED","1","","IATR200005405","","","","","IAT2702201007","NHO2018000007"),
("IATT200005553","","2","50000","0","5000","0","55000","55000","27/02/2020","16:14","2020-02-27","16:51:02","ISU000006","tbl0012","CLOSED","1","","IATR200005406","","","","","IAT2702201007","NHO2018000007"),
("IATT200005554","","1","110000","0","11000","0","121000","122000","27/02/2020","17:00","2020-02-27","17:16:55","ISU000006","takeaway","CLOSED","1","","IATR200005407","","","","","IAT2702201007","NHO2018000007"),
("IATT200005555","","2","30000","0","3000","0","33000","33000","27/02/2020","18:22","2020-02-27","18:45:21","ISU000015","tbl0011","CLOSED","1","","IATR200005408","","","","","IAT2702201007","NHO2018000007"),
("IATT200005556","","2","80000","0","8000","0","88000","100000","27/02/2020","18:23","2020-02-27","19:03:59","ISU000015","tbl0012","CLOSED","1","","IATR200005409","","","","","IAT2702201007","NHO2018000007"),
("IATT200005557","","2","135000","0","13500","0","148500","150000","27/02/2020","18:46","2020-02-27","19:22:58","ISU000015","tbl0014","CLOSED","1","","IATR200005410","","","","","IAT2702201007","NHO2018000007"),
("IATT200005558","","4","162000","0","16200","0","178200","200000","27/02/2020","18:49","2020-02-27","19:33:26","ISU000015","tbl0010","CLOSED","1","","IATR200005412","","","","","IAT2702201007","NHO2018000007"),
("IATT200005559","","1","60000","0","6000","0","66000","70000","27/02/2020","19:00","2020-02-27","19:32:11","ISU000015","tbl0004","CLOSED","1","","IATR200005411","","","","","IAT2702201007","NHO2018000007"),
("IATT200005560","","3","149000","0","14900","0","163900","163900","27/02/2020","19:01","2020-02-27","19:50:54","ISU000015","tbl0011","CLOSED","1","","IATR200005414","","","","","IAT2702201007","NHO2018000007"),
("IATT200005561","","2","30000","0","3000","0","33000","35000","27/02/2020","19:08","2020-02-27","19:46:08","ISU000015","tbl0017","CLOSED","1","","IATR200005413","","","","","IAT2702201007","NHO2018000007"),
("IATT200005562","","1","120000","0","12000","0","132000","132000","27/02/2020","19:38","2020-02-27","20:35:06","ISU000015","tbl0012","CLOSED","1","","IATR200005415","","","","","IAT2702201007","NHO2018000007"),
("IATT200005563","","1","30000","0","3000","0","33000","50000","27/02/2020","21:04","2020-02-27","21:43:59","ISU000015","tbl0010","CLOSED","1","","IATR200005416","","","","","IAT2702201007","NHO2018000007");












INSERT INTO pos_paymenttemp VALUES("IATT200005547","CASH","CASH","33000","40000","ISU000006","2020-02-27","","1","","CLOSED","IAT2702201007","NHO2018000007"),
("IATT200005548","CASH","SHOPPEEPAY","128700","128700","ISU000006","2020-02-27","","1","","CLOSED","IAT2702201007","NHO2018000007"),
("IATT200005549","CASH","CASH","33000","50000","ISU000006","2020-02-27","","1","","CLOSED","IAT2702201007","NHO2018000007"),
("IATT200005550","CASH","CASH","55000","55000","ISU000006","2020-02-27","","1","","CLOSED","IAT2702201007","NHO2018000007"),
("IATT200005551","CARD","DEBIT BCA","69300","69300","ISU000006","2020-02-27","","1","","CLOSED","IAT2702201007","NHO2018000007"),
("IATT200005552","CASH","CASH","129800","150000","ISU000006","2020-02-27","","1","","CLOSED","IAT2702201007","NHO2018000007"),
("IATT200005553","CARD","DEBIT BCA","55000","55000","ISU000006","2020-02-27","","1","","CLOSED","IAT2702201007","NHO2018000007"),
("IATT200005554","CASH","CASH","121000","122000","ISU000006","2020-02-27","","1","","CLOSED","IAT2702201007","NHO2018000007"),
("IATT200005555","CARD","DEBIT BCA","33000","33000","ISU000015","2020-02-27","","1","","CLOSED","IAT2702201007","NHO2018000007"),
("IATT200005556","CASH","CASH","88000","100000","ISU000015","2020-02-27","","1","","CLOSED","IAT2702201007","NHO2018000007"),
("IATT200005557","CASH","CASH","148500","150000","ISU000015","2020-02-27","","1","","CLOSED","IAT2702201007","NHO2018000007"),
("IATT200005559","CASH","CASH","66000","70000","ISU000015","2020-02-27","","1","","CLOSED","IAT2702201007","NHO2018000007"),
("IATT200005558","CASH","CASH","178200","200000","ISU000015","2020-02-27","","1","","CLOSED","IAT2702201007","NHO2018000007"),
("IATT200005561","CASH","CASH","33000","35000","ISU000015","2020-02-27","","1","","CLOSED","IAT2702201007","NHO2018000007"),
("IATT200005560","CARD","MASTER","163900","163900","ISU000015","2020-02-27","","1","","CLOSED","IAT2702201007","NHO2018000007"),
("IATT200005562","CASH","CASH","132000","132000","ISU000015","2020-02-27","","1","","CLOSED","IAT2702201007","NHO2018000007"),
("IATT200005563","CASH","CASH","33000","50000","ISU000015","2020-02-27","","1","","CLOSED","IAT2702201007","NHO2018000007");



