INSERT INTO pos_itemtemp VALUES("IATT190004049","193024","191001","192003","30000","1","30000","0","30000","1","1","1","IAT2911190952","NHO2018000007","PAID","","193024"),
("IATT190004049","193055","191002","192010","17000","1","17000","0","17000","1","1","1","IAT2911190952","NHO2018000007","PAID","","193055"),
("IATT190004049","193048","191002","192010","8000","1","8000","0","8000","1","1","1","IAT2911190952","NHO2018000007","PAID","","193048"),
("IATT190004050","193019","191001","192002","40000","1","40000","0","40000","1","1","1","IAT2911190952","NHO2018000007","PAID","lvl3","PEDAS"),
("IATT190004050","193053","191002","192010","20000","1","20000","0","20000","1","1","1","IAT2911190952","NHO2018000007","PAID","","193053"),
("IATT190004051","193056","191002","192010","17000","1","17000","0","17000","1","1","1","IAT2911190952","NHO2018000007","PAID","","193056"),
("IATT190004051","193046","191002","192010","10000","1","10000","0","10000","1","1","1","IAT2911190952","NHO2018000007","PAID","","193046"),
("IATT190004051","193084","191001","192001","30000","1","30000","13200","16800","1","1","1","IAT2911190952","NHO2018000007","PAID","","ORIGINAL"),
("IATT190004051","193086","191001","192002","33000","1","33000","14520","18480","1","1","1","IAT2911190952","NHO2018000007","PAID","","ORIGINAL"),
("IATT190004051","193084","191001","192001","30000","1","30000","13200","16800","2","1","2","IAT2911190952","NHO2018000007","PAID","","ORIGINAL"),
("IATT190004051","193084","191001","192001","30000","1","30000","13200","16800","3","1","2","IAT2911190952","NHO2018000007","PAID","","ORIGINAL"),
("IATT190004051","193084","191001","192001","30000","1","30000","13200","16800","4","1","2","IAT2911190952","NHO2018000007","PAID","","ORIGINAL"),
("IATT190004053","193009","191001","192001","40000","1","40000","0","40000","1","1","1","IAT2911190952","NHO2018000007","PAID","","193009"),
("IATT190004053","193048","191002","192010","8000","1","8000","0","8000","1","1","1","IAT2911190952","NHO2018000007","PAID","","193048"),
("IATT190004053","193069","191001","192012","13000","1","13000","0","13000","1","1","1","IAT2911190952","NHO2018000007","PAID","","193069"),
("IATT190004054","193084","191001","192001","30000","1","30000","13200","16800","1","1","1","IAT2911190952","NHO2018000007","PAID","","PEDAS"),
("IATT190004054","193033","191001","192005","42000","1","42000","18480","23520","1","1","1","IAT2911190952","NHO2018000007","PAID","","193033"),
("IATT190004054","193055","191002","192010","17000","1","17000","0","17000","1","1","1","IAT2911190952","NHO2018000007","PAID","","193055"),
("IATT190004054","193055","191002","192010","17000","1","17000","0","17000","2","1","1","IAT2911190952","NHO2018000007","PAID","","193055"),
("IATT190004054","193055","191002","192010","17000","1","17000","0","17000","3","1","2","IAT2911190952","NHO2018000007","PAID","","193055"),
("IATT190004055","193082","191001","192001","30000","1","30000","0","30000","1","1","1","IAT2911190952","NHO2018000007","PAID","","193082"),
("IATT190004055","193077","191001","192001","30000","1","30000","0","30000","1","1","1","IAT2911190952","NHO2018000007","PAID","","193077"),
("IATT190004055","193046","191002","192010","10000","1","10000","0","10000","1","1","1","IAT2911190952","NHO2018000007","PAID","","193046"),
("IATT190004055","193054","191002","192010","20000","1","20000","0","20000","1","1","1","IAT2911190952","NHO2018000007","PAID","","193054"),
("IATT190004056","193011","191001","192001","40000","1","40000","17600","22400","1","1","1","IAT2911190952","NHO2018000007","PAID","","ORIGINAL"),
("IATT190004056","193011","191001","192001","40000","1","40000","17600","22400","2","1","1","IAT2911190952","NHO2018000007","PAID","","PEDAS"),
("IATT190004056","193036","191001","192006","36000","1","36000","15840","20160","1","1","1","IAT2911190952","NHO2018000007","PAID","","PEDAS"),
("IATT190004056","193036","191001","192006","36000","1","36000","15840","20160","2","1","2","IAT2911190952","NHO2018000007","PAID","","PEDAS"),
("IATT190004057","193033","191001","192005","42000","1","42000","18480","23520","1","1","1","IAT2911190952","NHO2018000007","PAID","","193033"),
("IATT190004058","193036","191001","192006","36000","1","36000","15840","20160","1","1","1","IAT2911190952","NHO2018000007","PAID","","ORIGINAL"),
("IATT190004058","193055","191002","192010","17000","1","17000","0","17000","1","1","1","IAT2911190952","NHO2018000007","PAID","","193055"),
("IATT190004058","193054","191002","192010","20000","1","20000","0","20000","1","1","1","IAT2911190952","NHO2018000007","PAID","","193054"),
("IATT190004058","193049","191002","192010","10000","1","10000","0","10000","1","1","2","IAT2911190952","NHO2018000007","PAID","","193049"),
("IATT190004059","193083","191001","192001","30000","1","30000","13200","16800","1","1","1","IAT2911190952","NHO2018000007","PAID","","193083"),
("IATT190004060","193082","191001","192001","30000","1","30000","13200","16800","1","1","1","IAT2911190952","NHO2018000007","PAID","","193082"),
("IATT190004060","193085","191001","192001","30000","1","30000","13200","16800","1","1","1","IAT2911190952","NHO2018000007","PAID","","193085"),
("IATT190004060","193046","191002","192010","10000","1","10000","0","10000","1","1","1","IAT2911190952","NHO2018000007","PAID","","193046"),
("IATT190004061","193021","191001","192002","40000","1","40000","17600","22400","1","1","1","IAT2911190952","NHO2018000007","PAID","","ORIGINAL"),
("IATT190004061","193034","191001","192005","37000","1","37000","16280","20720","1","1","1","IAT2911190952","NHO2018000007","PAID","","193034"),
("IATT190004061","193046","191002","192010","10000","1","10000","0","10000","1","1","1","IAT2911190952","NHO2018000007","PAID","","193046"),
("IATT190004061","193049","191002","192010","10000","1","10000","0","10000","1","1","1","IAT2911190952","NHO2018000007","PAID","","193049"),
("IATT190004062","193009","191001","192001","40000","1","40000","17600","22400","1","1","1","IAT2911190952","NHO2018000007","PAID","","193009"),
("IATT190004062","193114","191001","192006","42000","1","42000","18480","23520","1","1","1","IAT2911190952","NHO2018000007","PAID","PEDAS SEDANG","193114"),
("IATT190004062","193034","191001","192005","37000","1","37000","16280","20720","1","1","1","IAT2911190952","NHO2018000007","PAID","","193034"),
("IATT190004062","193052","191002","192010","20000","1","20000","0","20000","1","1","1","IAT2911190952","NHO2018000007","PAID","","193052"),
("IATT190004062","193052","191002","192010","20000","1","20000","0","20000","2","1","1","IAT2911190952","NHO2018000007","PAID","","193052"),
("IATT190004062","193052","191002","192010","20000","1","20000","0","20000","3","1","1","IAT2911190952","NHO2018000007","PAID","","193052"),
("IATT190004063","193024","191001","192003","30000","1","30000","0","30000","1","1","1","IAT2911190952","NHO2018000007","PAID","","193024"),
("IATT190004063","193024","191001","192003","30000","1","30000","0","30000","2","1","1","IAT2911190952","NHO2018000007","PAID","","193024"),
("IATT190004063","193007","191001","192001","37000","1","37000","0","37000","1","1","1","IAT2911190952","NHO2018000007","PAID","","ORIGINAL"),
("IATT190004063","193055","191002","192010","17000","1","17000","0","17000","1","1","1","IAT2911190952","NHO2018000007","PAID","","193055"),
("IATT190004063","193055","191002","192010","17000","1","17000","0","17000","2","1","1","IAT2911190952","NHO2018000007","PAID","","193055"),
("IATT190004063","193055","191002","192010","17000","1","17000","0","17000","3","1","1","IAT2911190952","NHO2018000007","PAID","","193055"),
("IATT190004063","193047","191002","192010","10000","1","10000","0","10000","1","1","1","IAT2911190952","NHO2018000007","PAID","","193047"),
("IATT190004063","193034","191001","192005","37000","1","37000","0","37000","1","1","1","IAT2911190952","NHO2018000007","PAID","","193034"),
("IATT190004064","193011","191001","192001","40000","1","40000","17600","22400","1","1","1","IAT2911190952","NHO2018000007","PAID","","PEDAS"),
("IATT190004064","193011","191001","192001","40000","1","40000","17600","22400","2","1","1","IAT2911190952","NHO2018000007","PAID","","PEDAS"),
("IATT190004064","193033","191001","192005","42000","1","42000","18480","23520","1","1","1","IAT2911190952","NHO2018000007","PAID","","193033"),
("IATT190004064","193009","191001","192001","40000","1","40000","17600","22400","1","1","1","IAT2911190952","NHO2018000007","PAID","","193009"),
("IATT190004064","193055","191002","192010","17000","1","17000","0","17000","1","1","1","IAT2911190952","NHO2018000007","PAID","","193055"),
("IATT190004064","193055","191002","192010","17000","1","17000","0","17000","2","1","1","IAT2911190952","NHO2018000007","PAID","","193055"),
("IATT190004064","193055","191002","192010","17000","1","17000","0","17000","3","1","1","IAT2911190952","NHO2018000007","PAID","","193055"),
("IATT190004064","193055","191002","192010","17000","1","17000","0","17000","4","1","1","IAT2911190952","NHO2018000007","PAID","","193055"),
("IATT190004065","193032","191001","192004","30000","1","30000","13200","16800","1","1","1","IAT2911190952","NHO2018000007","PAID","","193032"),
("IATT190004065","193053","191002","192010","20000","1","20000","0","20000","1","1","1","IAT2911190952","NHO2018000007","PAID","","193053"),
("IATT190004063","193055","191002","192010","17000","1","17000","0","17000","4","1","2","IAT2911190952","NHO2018000007","PAID","","193055"),
("IATT190004066","193077","191001","192001","30000","1","30000","13200","16800","1","1","1","IAT2911190952","NHO2018000007","PAID","","193077"),
("IATT190004067","193039","191001","192006","36000","1","36000","0","36000","1","1","1","IAT2911190952","NHO2018000007","PAID","","PEDAS"),
("IATT190004067","193019","191001","192002","40000","1","40000","0","40000","1","1","1","IAT2911190952","NHO2018000007","PAID","","PEDAS"),
("IATT190004067","193055","191002","192010","17000","1","17000","0","17000","1","1","1","IAT2911190952","NHO2018000007","PAID","","193055"),
("IATT190004067","193055","191002","192010","17000","1","17000","0","17000","2","1","1","IAT2911190952","NHO2018000007","PAID","","193055"),
("IATT190004068","193036","191001","192006","36000","1","36000","15840","20160","1","1","1","IAT2911190952","NHO2018000007","PAID","pedas sedang","PEDAS");



INSERT INTO pos_salestemp VALUES("IATT190004049","","1","55000","0","5500","0","60500","100000","29/11/2019","12:48","2019-11-29","13:15:47","ISU000006","tbl0012","CLOSED","1","","IATR190003934","","","","","IAT2911190952","NHO2018000007"),
("IATT190004050","","1","60000","0","6000","0","66000","100000","29/11/2019","12:56","2019-11-29","13:49:54","ISU000006","tbl0009","CLOSED","1","","IATR190003936","","","","","IAT2911190952","NHO2018000007"),
("IATT190004051","","2","180000","67320","11268","0","123948","123948","29/11/2019","12:59","2019-11-29","13:34:58","ISU000006","tbl0011","CLOSED","1","","IATR190003935","","","","","IAT2911190952","NHO2018000007"),
("IATT190004052","","0","0","0","0","0","0","0","29/11/2019","14:29","29/11/2019","16:26:58","ISU000006","tbl0050","CANCELED","1","PERMINTAAN CUSTOMER","","","","","","IAT2911190952","NHO2018000007"),
("IATT190004053","","1","61000","0","6100","0","67100","67100","29/11/2019","14:48","2019-11-29","15:11:27","ISU000006","tbl0012","CLOSED","1","","IATR190003937","","","","","IAT2911190952","NHO2018000007"),
("IATT190004054","","2","123000","31680","9132","0","100452","100500","29/11/2019","15:30","2019-11-29","16:32:20","ISU000006","tbl0010","CLOSED","1","","IATR190003938","","","","","IAT2911190952","NHO2018000007"),
("IATT190004055","","2","90000","0","9000","0","99000","99000","29/11/2019","16:09","2019-11-29","16:37:42","ISU000006","tbl0011","CLOSED","1","","IATR190003939","","","","","IAT2911190952","NHO2018000007"),
("IATT190004056","","2","152000","66880","8512","0","93632","93632","29/11/2019","17:40","2019-11-29","18:10:26","ISU000004","tbl0012","CLOSED","1","","IATR190003941","","","","","IAT2911190952","NHO2018000007"),
("IATT190004057","","1","42000","18480","2352","0","25872","30000","29/11/2019","17:55","2019-11-29","17:55:56","ISU000004","tbl0002","CLOSED","1","","IATR190003940","","","","","IAT2911190952","NHO2018000007"),
("IATT190004058","","2","83000","15840","6716","0","73876","100000","29/11/2019","18:42","2019-11-29","18:50:12","ISU000004","tbl0012","CLOSED","1","","IATR190003942","","","","","IAT2911190952","NHO2018000007"),
("IATT190004059","","1","30000","13200","1680","0","18480","100000","29/11/2019","18:59","2019-11-29","19:16:35","ISU000004","tbl0021","CLOSED","1","","IATR190003943","","","","","IAT2911190952","NHO2018000007"),
("IATT190004060","NHM2019003915 SEPTINA PUTRI","2","70000","26400","4360","0","47960","47960","29/11/2019","19:32","2019-11-29","20:05:36","ISU000004","tbl0012","CLOSED","1","","IATR190003944","","","","","IAT2911190952","NHO2018000007"),
("IATT190004061","","2","97000","33880","6312","0","69432","70000","29/11/2019","19:35","2019-11-29","20:27:23","ISU000004","tbl0009","CLOSED","1","","IATR190003947","","","","","IAT2911190952","NHO2018000007"),
("IATT190004062","","3","179000","52360","12664","0","139304","139304","29/11/2019","19:40","2019-11-29","20:32:37","ISU000004","tbl0011","CLOSED","1","","IATR190003948","","","","","IAT2911190952","NHO2018000007"),
("IATT190004063","","3","212000","0","21200","0","233200","233200","29/11/2019","19:54","2019-11-29","20:40:59","ISU000004","tbl0021","CLOSED","1","","IATR190003950","","","","","IAT2911190952","NHO2018000007"),
("IATT190004064","","3","230000","71280","15872","0","174592","200000","29/11/2019","19:56","2019-11-29","20:22:12","ISU000004","tbl0010","CLOSED","1","","IATR190003946","","","","","IAT2911190952","NHO2018000007"),
("IATT190004065","","1","50000","13200","3680","0","40480","40480","29/11/2019","20:06","2019-11-29","20:08:03","ISU000004","tbl0005","CLOSED","1","","IATR190003945","","","","","IAT2911190952","NHO2018000007"),
("IATT190004066","","1","30000","13200","1680","0","18480","20000","29/11/2019","20:35","2019-11-29","20:37:16","ISU000004","tbl0003","CLOSED","1","","IATR190003949","","","","","IAT2911190952","NHO2018000007"),
("IATT190004067","","2","110000","0","11000","0","121000","121000","29/11/2019","21:03","2019-11-29","21:34:56","ISU000004","tbl0010","CLOSED","1","","IATR190003951","","","","","IAT2911190952","NHO2018000007"),
("IATT190004068","","1","36000","15840","2016","0","22176","50000","29/11/2019","21:12","2019-11-29","21:40:55","ISU000004","tbl0018","CLOSED","1","","IATR190003952","","","","","IAT2911190952","NHO2018000007");






INSERT INTO pos_promotion_h VALUES("IATT190004051","NPRM18000020","DISC ITEM","1","67320","PROMO LAGI VIRAL 30%+20%","IAT2911190952","PAID","NHO2018000007"),
("IATT190004054","NPRM18000020","DISC ITEM","1","31680","PROMO LAGI VIRAL 30%+20%","IAT2911190952","PAID","NHO2018000007"),
("IATT190004057","NPRM18000020","DISC ITEM","1","18480","PROMO LAGI VIRAL 30%+20%","IAT2911190952","PAID","NHO2018000007"),
("IATT190004056","NPRM18000020","DISC ITEM","1","66880","PROMO LAGI VIRAL 30%+20%","IAT2911190952","PAID","NHO2018000007"),
("IATT190004058","NPRM18000020","DISC ITEM","1","15840","PROMO LAGI VIRAL 30%+20%","IAT2911190952","PAID","NHO2018000007"),
("IATT190004059","NPRM18000020","DISC ITEM","1","13200","PROMO LAGI VIRAL 30%+20%","IAT2911190952","PAID","NHO2018000007"),
("IATT190004060","NPRM18000020","DISC ITEM","1","26400","PROMO LAGI VIRAL 30%+20%","IAT2911190952","PAID","NHO2018000007"),
("IATT190004065","NPRM18000020","DISC ITEM","1","13200","PROMO LAGI VIRAL 30%+20%","IAT2911190952","PAID","NHO2018000007"),
("IATT190004064","NPRM18000020","DISC ITEM","1","71280","PROMO LAGI VIRAL 30%+20%","IAT2911190952","PAID","NHO2018000007"),
("IATT190004061","NPRM18000020","DISC ITEM","1","33880","PROMO LAGI VIRAL 30%+20%","IAT2911190952","PAID","NHO2018000007"),
("IATT190004062","NPRM18000020","DISC ITEM","1","52360","PROMO LAGI VIRAL 30%+20%","IAT2911190952","PAID","NHO2018000007"),
("IATT190004066","NPRM18000020","DISC ITEM","1","13200","PROMO LAGI VIRAL 30%+20%","IAT2911190952","PAID","NHO2018000007"),
("IATT190004068","NPRM18000020","DISC ITEM","1","15840","PROMO LAGI VIRAL 30%+20%","IAT2911190952","PAID","NHO2018000007");



INSERT INTO pos_promotion_d VALUES("IATT190004051","NPRM18000020","DISC ITEM","1","1","193084","1","13200","IAT2911190952","PAID","NHO2018000007"),
("IATT190004051","NPRM18000020","DISC ITEM","1","1","193086","1","14520","IAT2911190952","PAID","NHO2018000007"),
("IATT190004051","NPRM18000020","DISC ITEM","1","1","193084","2","13200","IAT2911190952","PAID","NHO2018000007"),
("IATT190004051","NPRM18000020","DISC ITEM","1","1","193084","3","13200","IAT2911190952","PAID","NHO2018000007"),
("IATT190004051","NPRM18000020","DISC ITEM","1","1","193084","4","13200","IAT2911190952","PAID","NHO2018000007"),
("IATT190004054","NPRM18000020","DISC ITEM","1","1","193084","1","13200","IAT2911190952","PAID","NHO2018000007"),
("IATT190004054","NPRM18000020","DISC ITEM","1","1","193033","1","18480","IAT2911190952","PAID","NHO2018000007"),
("IATT190004057","NPRM18000020","DISC ITEM","1","1","193033","1","18480","IAT2911190952","PAID","NHO2018000007"),
("IATT190004056","NPRM18000020","DISC ITEM","1","1","193011","1","17600","IAT2911190952","PAID","NHO2018000007"),
("IATT190004056","NPRM18000020","DISC ITEM","1","1","193011","2","17600","IAT2911190952","PAID","NHO2018000007"),
("IATT190004056","NPRM18000020","DISC ITEM","1","1","193036","1","15840","IAT2911190952","PAID","NHO2018000007"),
("IATT190004056","NPRM18000020","DISC ITEM","1","1","193036","2","15840","IAT2911190952","PAID","NHO2018000007"),
("IATT190004058","NPRM18000020","DISC ITEM","1","1","193036","1","15840","IAT2911190952","PAID","NHO2018000007"),
("IATT190004059","NPRM18000020","DISC ITEM","1","1","193083","1","13200","IAT2911190952","PAID","NHO2018000007"),
("IATT190004060","NPRM18000020","DISC ITEM","1","1","193082","1","13200","IAT2911190952","PAID","NHO2018000007"),
("IATT190004060","NPRM18000020","DISC ITEM","1","1","193085","1","13200","IAT2911190952","PAID","NHO2018000007"),
("IATT190004065","NPRM18000020","DISC ITEM","1","1","193032","1","13200","IAT2911190952","PAID","NHO2018000007"),
("IATT190004064","NPRM18000020","DISC ITEM","1","1","193011","1","17600","IAT2911190952","PAID","NHO2018000007"),
("IATT190004064","NPRM18000020","DISC ITEM","1","1","193011","2","17600","IAT2911190952","PAID","NHO2018000007"),
("IATT190004064","NPRM18000020","DISC ITEM","1","1","193033","1","18480","IAT2911190952","PAID","NHO2018000007"),
("IATT190004064","NPRM18000020","DISC ITEM","1","1","193009","1","17600","IAT2911190952","PAID","NHO2018000007"),
("IATT190004061","NPRM18000020","DISC ITEM","1","1","193021","1","17600","IAT2911190952","PAID","NHO2018000007"),
("IATT190004061","NPRM18000020","DISC ITEM","1","1","193034","1","16280","IAT2911190952","PAID","NHO2018000007"),
("IATT190004062","NPRM18000020","DISC ITEM","1","1","193009","1","17600","IAT2911190952","PAID","NHO2018000007"),
("IATT190004062","NPRM18000020","DISC ITEM","1","1","193114","1","18480","IAT2911190952","PAID","NHO2018000007"),
("IATT190004062","NPRM18000020","DISC ITEM","1","1","193034","1","16280","IAT2911190952","PAID","NHO2018000007"),
("IATT190004066","NPRM18000020","DISC ITEM","1","1","193077","1","13200","IAT2911190952","PAID","NHO2018000007"),
("IATT190004068","NPRM18000020","DISC ITEM","1","1","193036","1","15840","IAT2911190952","PAID","NHO2018000007");



INSERT INTO pos_paymenttemp VALUES("IATT190004049","CASH","CASH","60500","100000","ISU000006","2019-11-29","","1","","CLOSED","IAT2911190952","NHO2018000007"),
("IATT190004051","CARD","DEBIT BCA","123948","123948","ISU000006","2019-11-29","","1","","CLOSED","IAT2911190952","NHO2018000007"),
("IATT190004050","CASH","CASH","66000","100000","ISU000006","2019-11-29","","1","","CLOSED","IAT2911190952","NHO2018000007"),
("IATT190004053","CASH","OVO","67100","67100","ISU000006","2019-11-29","","1","","CLOSED","IAT2911190952","NHO2018000007"),
("IATT190004054","CASH","CASH","100452","100500","ISU000006","2019-11-29","","1","","CLOSED","IAT2911190952","NHO2018000007"),
("IATT190004055","CARD","DEBIT BCA","99000","99000","ISU000006","2019-11-29","","1","","CLOSED","IAT2911190952","NHO2018000007"),
("IATT190004057","CASH","CASH","25872","30000","ISU000004","2019-11-29","","1","","CLOSED","IAT2911190952","NHO2018000007"),
("IATT190004056","CARD","DEBIT BCA","93632","93632","ISU000004","2019-11-29","","1","","CLOSED","IAT2911190952","NHO2018000007"),
("IATT190004058","CASH","CASH","73876","100000","ISU000004","2019-11-29","","1","","CLOSED","IAT2911190952","NHO2018000007"),
("IATT190004059","CASH","CASH","18480","100000","ISU000004","2019-11-29","","1","","CLOSED","IAT2911190952","NHO2018000007"),
("IATT190004060","CARD","DEBIT BCA","47960","47960","ISU000004","2019-11-29","","1","","CLOSED","IAT2911190952","NHO2018000007"),
("IATT190004065","CARD","DEBIT BCA","40480","40480","ISU000004","2019-11-29","","1","","CLOSED","IAT2911190952","NHO2018000007"),
("IATT190004064","CASH","CASH","174592","200000","ISU000004","2019-11-29","","1","","CLOSED","IAT2911190952","NHO2018000007"),
("IATT190004061","CASH","CASH","69432","70000","ISU000004","2019-11-29","","1","","CLOSED","IAT2911190952","NHO2018000007"),
("IATT190004062","CARD","DEBIT BCA","139304","139304","ISU000004","2019-11-29","","1","","CLOSED","IAT2911190952","NHO2018000007"),
("IATT190004066","CASH","CASH","18480","20000","ISU000004","2019-11-29","","1","","CLOSED","IAT2911190952","NHO2018000007"),
("IATT190004063","CARD","DEBIT BCA","233200","233200","ISU000004","2019-11-29","","1","","CLOSED","IAT2911190952","NHO2018000007"),
("IATT190004067","CASH","CASH","121000","121000","ISU000004","2019-11-29","","1","","CLOSED","IAT2911190952","NHO2018000007"),
("IATT190004068","CASH","CASH","22176","50000","ISU000004","2019-11-29","","1","","CLOSED","IAT2911190952","NHO2018000007");



