INSERT INTO pos_itemtemp VALUES("IATT190002280","193024","191001","192003","30000","1","30000","10800","19200","1","1","1","IAT2908190924","NHO2018000007","PAID","","193024"),
("IATT190002280","193024","191001","192003","30000","1","30000","10800","19200","2","1","1","IAT2908190924","NHO2018000007","PAID","","193024"),
("IATT190002280","193024","191001","192003","30000","1","30000","10800","19200","3","1","1","IAT2908190924","NHO2018000007","PAID","","193024"),
("IATT190002280","193024","191001","192003","30000","1","30000","10800","19200","4","1","1","IAT2908190924","NHO2018000007","PAID","","193024"),
("IATT190002280","193024","191001","192003","30000","1","30000","10800","19200","5","1","1","IAT2908190924","NHO2018000007","PAID","","193024"),
("IATT190002280","193024","191001","192003","30000","1","30000","10800","19200","6","1","1","IAT2908190924","NHO2018000007","PAID","","193024"),
("IATT190002280","193024","191001","192003","30000","1","30000","10800","19200","7","1","1","IAT2908190924","NHO2018000007","PAID","","193024"),
("IATT190002280","193024","191001","192003","30000","1","30000","10800","19200","8","1","1","IAT2908190924","NHO2018000007","PAID","","193024"),
("IATT190002280","193024","191001","192003","30000","1","30000","10800","19200","9","1","1","IAT2908190924","NHO2018000007","PAID","","193024"),
("IATT190002280","193024","191001","192003","30000","1","30000","10800","19200","10","1","1","IAT2908190924","NHO2018000007","PAID","","193024"),
("IATT190002280","193024","191001","192003","30000","1","30000","10800","19200","10","1","1","IAT2908190924","NHO2018000007","PAID","","193024"),
("IATT190002280","193024","191001","192003","30000","1","30000","10800","19200","10","1","1","IAT2908190924","NHO2018000007","PAID","","193024"),
("IATT190002280","193024","191001","192003","30000","1","30000","10800","19200","10","1","1","IAT2908190924","NHO2018000007","PAID","","193024"),
("IATT190002280","193024","191001","192003","30000","1","30000","10800","19200","10","1","1","IAT2908190924","NHO2018000007","PAID","","193024"),
("IATT190002280","193024","191001","192003","30000","1","30000","10800","19200","10","1","1","IAT2908190924","NHO2018000007","PAID","","193024"),
("IATT190002280","193024","191001","192003","30000","1","30000","10800","19200","10","1","1","IAT2908190924","NHO2018000007","PAID","","193024"),
("IATT190002280","193024","191001","192003","30000","1","30000","10800","19200","10","1","1","IAT2908190924","NHO2018000007","PAID","","193024"),
("IATT190002280","193024","191001","192003","30000","1","30000","10800","19200","10","1","1","IAT2908190924","NHO2018000007","PAID","","193024"),
("IATT190002280","193024","191001","192003","30000","1","30000","10800","19200","10","1","1","IAT2908190924","NHO2018000007","PAID","","193024"),
("IATT190002280","193024","191001","192003","30000","1","30000","10800","19200","10","1","1","IAT2908190924","NHO2018000007","PAID","","193024"),
("IATT190002281","193009","191001","192001","40000","1","40000","14400","25600","1","1","1","IAT2908190924","NHO2018000007","PAID","smbl psh","193009"),
("IATT190002281","193056","191002","192010","17000","1","17000","0","17000","1","1","1","IAT2908190924","NHO2018000007","PAID","","193056"),
("IATT190002281","193051","191002","192010","20000","1","20000","0","20000","1","1","1","IAT2908190924","NHO2018000007","PAID","","193051"),
("IATT190002281","193025","191001","192003","30000","1","30000","10800","19200","1","1","2","IAT2908190924","NHO2018000007","PAID","","193025"),
("IATT190002282","193030","191001","192004","27000","1","27000","9720","17280","1","1","1","IAT2908190924","NHO2018000007","PAID","","193030"),
("IATT190002282","193015","191001","192002","33000","1","33000","11880","21120","1","1","1","IAT2908190924","NHO2018000007","PAID","","ORIGINAL"),
("IATT190002282","193052","191002","192010","20000","1","20000","0","20000","1","1","1","IAT2908190924","NHO2018000007","PAID","","193052"),
("IATT190002283","193036","191001","192006","36000","1","36000","12960","23040","1","1","1","IAT2908190924","NHO2018000007","PAID","","ORIGINAL"),
("IATT190002284","193012","191001","192001","40000","1","40000","14400","25600","1","1","1","IAT2908190924","NHO2018000007","PAID","","193012"),
("IATT190002284","193077","191001","192001","30000","1","30000","10800","19200","1","1","1","IAT2908190924","NHO2018000007","PAID","","193077"),
("IATT190002284","193046","191002","192010","10000","1","10000","0","10000","1","1","1","IAT2908190924","NHO2018000007","PAID","","193046"),
("IATT190002283","193046","191002","192010","10000","1","10000","0","10000","1","1","2","IAT2908190924","NHO2018000007","PAID","","193046"),
("IATT190002285","193009","191001","192001","40000","1","40000","14400","25600","1","1","1","IAT2908190924","NHO2018000007","PAID","no sayur smbl psh","193009"),
("IATT190002285","193047","191002","192010","10000","1","10000","0","10000","1","1","1","IAT2908190924","NHO2018000007","PAID","","193047"),
("IATT190002286","193005","191001","192001","37000","1","37000","13320","23680","1","1","1","IAT2908190924","NHO2018000007","PAID","smbl psh","193005"),
("IATT190002287","193021","191001","192002","40000","1","40000","14400","25600","1","1","1","IAT2908190924","NHO2018000007","PAID","","ORIGINAL"),
("IATT190002287","193070","191001","192012","13000","1","13000","0","13000","1","1","1","IAT2908190924","NHO2018000007","PAID","","193070"),
("IATT190002287","193053","191002","192010","20000","1","20000","0","20000","1","1","1","IAT2908190924","NHO2018000007","PAID","","193053"),
("IATT190002287","193053","191002","192010","20000","1","20000","0","20000","2","1","1","IAT2908190924","NHO2018000007","PAID","","193053"),
("IATT190002287","193072","191001","192012","25000","1","25000","0","25000","1","1","2","IAT2908190924","NHO2018000007","PAID","","193072"),
("IATT190002288","193085","191001","192001","30000","1","30000","10800","19200","1","1","1","IAT2908190924","NHO2018000007","PAID","","193085"),
("IATT190002288","193071","191001","192012","18000","1","18000","0","18000","1","1","1","IAT2908190924","NHO2018000007","PAID","","193071"),
("IATT190002288","193048","191002","192010","8000","1","8000","0","8000","1","1","1","IAT2908190924","NHO2018000007","PAID","","193048"),
("IATT190002289","193084","191001","192001","30000","1","30000","10800","19200","1","1","1","IAT2908190924","NHO2018000007","PAID","lvl 2","PEDAS"),
("IATT190002289","193011","191001","192001","40000","1","40000","14400","25600","1","1","1","IAT2908190924","NHO2018000007","PAID","lvl 1","PEDAS"),
("IATT190002289","193046","191002","192010","10000","1","10000","0","10000","1","1","1","IAT2908190924","NHO2018000007","PAID","","193046"),
("IATT190002289","193047","191002","192010","10000","1","10000","0","10000","1","1","1","IAT2908190924","NHO2018000007","PAID","","193047"),
("IATT190002290","193010","191001","192001","40000","1","40000","14400","25600","1","1","1","IAT2908190924","NHO2018000007","PAID","","193010"),
("IATT190002290","193024","191001","192003","30000","1","30000","10800","19200","1","1","1","IAT2908190924","NHO2018000007","PAID","","193024"),
("IATT190002290","193047","191002","192010","10000","1","10000","0","10000","1","1","1","IAT2908190924","NHO2018000007","PAID","","193047"),
("IATT190002290","193046","191002","192010","10000","1","10000","0","10000","1","1","1","IAT2908190924","NHO2018000007","PAID","","193046"),
("IATT190002291","193019","191001","192002","40000","1","40000","0","40000","1","1","1","IAT2908190924","NHO2018000007","PAID","take away","ORIGINAL"),
("IATT190002291","193069","191001","192012","13000","1","13000","0","13000","1","1","1","IAT2908190924","NHO2018000007","PAID","take away","193069"),
("IATT190002292","193027","191001","192003","43000","1","43000","0","43000","1","1","1","IAT2908190924","NHO2018000007","PAID","","193027"),
("IATT190002292","193054","191002","192010","20000","1","20000","0","20000","1","1","1","IAT2908190924","NHO2018000007","PAID","","193054"),
("IATT190002292","193070","191001","192012","13000","1","13000","0","13000","1","1","1","IAT2908190924","NHO2018000007","PAID","","193070"),
("IATT190002293","193077","191001","192001","30000","1","30000","10800","19200","1","1","1","IAT2908190924","NHO2018000007","PAID","","193077"),
("IATT190002293","193084","191001","192001","30000","1","30000","10800","19200","1","1","1","IAT2908190924","NHO2018000007","PAID","","PEDAS"),
("IATT190002293","193070","191001","192012","13000","1","13000","0","13000","1","1","1","IAT2908190924","NHO2018000007","PAID","","193070"),
("IATT190002293","193046","191002","192010","10000","1","10000","0","10000","1","1","1","IAT2908190924","NHO2018000007","PAID","","193046"),
("IATT190002293","193046","191002","192010","10000","1","10000","0","10000","2","1","1","IAT2908190924","NHO2018000007","PAID","","193046");



INSERT INTO pos_salestemp VALUES("IATT190002280","","2","600000","216000","38400","0","422400","422400","29/08/2019","10:36","2019-08-29","13:50:34","ISU000011","tbl0033","CLOSED","1","","IATR190002223","","","","","IAT2908190924","NHO2018000007"),
("IATT190002281","","2","107000","25200","8180","0","89980","100000","29/08/2019","11:02","2019-08-29","11:42:45","ISU000011","tbl0010","CLOSED","1","","IATR190002219","","","","","IAT2908190924","NHO2018000007"),
("IATT190002282","","2","80000","21600","5840","0","64240","100000","29/08/2019","11:30","2019-08-29","12:07:18","ISU000011","tbl0012","CLOSED","1","","IATR190002220","","","","","IAT2908190924","NHO2018000007"),
("IATT190002283","","1","46000","12960","3304","0","36344","100000","29/08/2019","12:18","2019-08-29","12:53:43","ISU000011","tbl0005","CLOSED","1","","IATR190002222","","","","","IAT2908190924","NHO2018000007"),
("IATT190002284","","2","80000","25200","5480","0","60280","100000","29/08/2019","12:20","2019-08-29","12:45:33","ISU000011","tbl0013","CLOSED","1","","IATR190002221","","","","","IAT2908190924","NHO2018000007"),
("IATT190002285","","2","50000","14400","3560","0","39160","50000","29/08/2019","13:59","2019-08-29","14:25:34","ISU000011","tbl0012","CLOSED","1","","IATR190002224","","","","","IAT2908190924","NHO2018000007"),
("IATT190002286","","1","37000","13320","2368","0","26048","30000","29/08/2019","17:07","2019-08-29","17:33:19","ISU000011","tbl0012","CLOSED","1","","IATR190002225","","","","","IAT2908190924","NHO2018000007"),
("IATT190002287","","2","118000","14400","10360","0","113960","113960","29/08/2019","18:43","2019-08-29","19:42:47","ISU000011","tbl0011","CLOSED","1","","IATR190002226","","","","","IAT2908190924","NHO2018000007"),
("IATT190002288","","1","56000","10800","4520","0","49720","50000","29/08/2019","19:10","2019-08-29","19:45:19","ISU000011","tbl0012","CLOSED","1","","IATR190002228","","","","","IAT2908190924","NHO2018000007"),
("IATT190002289","","2","90000","25200","6480","0","71280","100000","29/08/2019","19:19","2019-08-29","20:21:11","ISU000011","tbl0010","CLOSED","1","","IATR190002230","","","","","IAT2908190924","NHO2018000007"),
("IATT190002290","","2","90000","25200","6480","0","71280","100000","29/08/2019","19:26","2019-08-29","20:09:47","ISU000011","tbl0021","CLOSED","1","","IATR190002229","","","","","IAT2908190924","NHO2018000007"),
("IATT190002291","","1","53000","0","5300","0","58300","58300","29/08/2019","19:29","2019-08-29","19:43:58","ISU000011","tbl0001","CLOSED","1","","IATR190002227","","","","","IAT2908190924","NHO2018000007"),
("IATT190002292","","1","76000","0","7600","0","83600","103600","29/08/2019","19:37","2019-08-29","20:30:09","ISU000011","tbl0004","CLOSED","1","","IATR190002231","","","","","IAT2908190924","NHO2018000007"),
("IATT190002293","","2","93000","21600","7140","0","78540","100000","29/08/2019","20:03","2019-08-29","20:44:02","ISU000011","tbl0012","CLOSED","1","","IATR190002232","","","","","IAT2908190924","NHO2018000007");



INSERT INTO item_void VALUES("IATT190002281","IAT2908190924","NHO2018000007","193024","193024","1","30000","Before Send","Komplen Customer"),
("IATT190002283","IAT2908190924","NHO2018000007","193055","193055","1","17000","Before Send","Komplen Customer");



INSERT INTO pos_promotion_h VALUES("IATT190002281","NPRM18000016","DISC ITEM","1","25200","Diskon 20% + 20% Agustus","IAT2908190924","PAID","NHO2018000007"),
("IATT190002280","NPRM18000016","DISC ITEM","1","216000","Diskon 20% + 20% Agustus","IAT2908190924","PAID","NHO2018000007"),
("IATT190002282","NPRM18000016","DISC ITEM","1","21600","Diskon 20% + 20% Agustus","IAT2908190924","PAID","NHO2018000007"),
("IATT190002283","NPRM18000016","DISC ITEM","1","12960","Diskon 20% + 20% Agustus","IAT2908190924","PAID","NHO2018000007"),
("IATT190002284","NPRM18000016","DISC ITEM","1","25200","Diskon 20% + 20% Agustus","IAT2908190924","PAID","NHO2018000007"),
("IATT190002285","NPRM18000016","DISC ITEM","1","14400","Diskon 20% + 20% Agustus","IAT2908190924","PAID","NHO2018000007"),
("IATT190002286","NPRM18000016","DISC ITEM","1","13320","Diskon 20% + 20% Agustus","IAT2908190924","PAID","NHO2018000007"),
("IATT190002287","NPRM18000016","DISC ITEM","1","14400","Diskon 20% + 20% Agustus","IAT2908190924","PAID","NHO2018000007"),
("IATT190002288","NPRM18000016","DISC ITEM","1","10800","Diskon 20% + 20% Agustus","IAT2908190924","PAID","NHO2018000007"),
("IATT190002290","NPRM18000016","DISC ITEM","1","25200","Diskon 20% + 20% Agustus","IAT2908190924","PAID","NHO2018000007"),
("IATT190002289","NPRM18000016","DISC ITEM","1","25200","Diskon 20% + 20% Agustus","IAT2908190924","PAID","NHO2018000007"),
("IATT190002293","NPRM18000016","DISC ITEM","1","21600","Diskon 20% + 20% Agustus","IAT2908190924","PAID","NHO2018000007");



INSERT INTO pos_promotion_d VALUES("IATT190002281","NPRM18000016","DISC ITEM","1","1","193009","1","14400","IAT2908190924","PAID","NHO2018000007"),
("IATT190002281","NPRM18000016","DISC ITEM","1","1","193025","1","10800","IAT2908190924","PAID","NHO2018000007"),
("IATT190002280","NPRM18000016","DISC ITEM","1","1","193024","1","10800","IAT2908190924","PAID","NHO2018000007"),
("IATT190002280","NPRM18000016","DISC ITEM","1","1","193024","2","10800","IAT2908190924","PAID","NHO2018000007"),
("IATT190002280","NPRM18000016","DISC ITEM","1","1","193024","3","10800","IAT2908190924","PAID","NHO2018000007"),
("IATT190002280","NPRM18000016","DISC ITEM","1","1","193024","4","10800","IAT2908190924","PAID","NHO2018000007"),
("IATT190002280","NPRM18000016","DISC ITEM","1","1","193024","5","10800","IAT2908190924","PAID","NHO2018000007"),
("IATT190002280","NPRM18000016","DISC ITEM","1","1","193024","6","10800","IAT2908190924","PAID","NHO2018000007"),
("IATT190002280","NPRM18000016","DISC ITEM","1","1","193024","7","10800","IAT2908190924","PAID","NHO2018000007"),
("IATT190002280","NPRM18000016","DISC ITEM","1","1","193024","8","10800","IAT2908190924","PAID","NHO2018000007"),
("IATT190002280","NPRM18000016","DISC ITEM","1","1","193024","9","10800","IAT2908190924","PAID","NHO2018000007"),
("IATT190002280","NPRM18000016","DISC ITEM","1","1","193024","10","10800","IAT2908190924","PAID","NHO2018000007"),
("IATT190002280","NPRM18000016","DISC ITEM","1","1","193024","10","10800","IAT2908190924","PAID","NHO2018000007"),
("IATT190002280","NPRM18000016","DISC ITEM","1","1","193024","10","10800","IAT2908190924","PAID","NHO2018000007"),
("IATT190002280","NPRM18000016","DISC ITEM","1","1","193024","10","10800","IAT2908190924","PAID","NHO2018000007"),
("IATT190002280","NPRM18000016","DISC ITEM","1","1","193024","10","10800","IAT2908190924","PAID","NHO2018000007"),
("IATT190002280","NPRM18000016","DISC ITEM","1","1","193024","10","10800","IAT2908190924","PAID","NHO2018000007"),
("IATT190002280","NPRM18000016","DISC ITEM","1","1","193024","10","10800","IAT2908190924","PAID","NHO2018000007"),
("IATT190002280","NPRM18000016","DISC ITEM","1","1","193024","10","10800","IAT2908190924","PAID","NHO2018000007"),
("IATT190002280","NPRM18000016","DISC ITEM","1","1","193024","10","10800","IAT2908190924","PAID","NHO2018000007"),
("IATT190002280","NPRM18000016","DISC ITEM","1","1","193024","10","10800","IAT2908190924","PAID","NHO2018000007"),
("IATT190002280","NPRM18000016","DISC ITEM","1","1","193024","10","10800","IAT2908190924","PAID","NHO2018000007"),
("IATT190002282","NPRM18000016","DISC ITEM","1","1","193030","1","9720","IAT2908190924","PAID","NHO2018000007"),
("IATT190002282","NPRM18000016","DISC ITEM","1","1","193015","1","11880","IAT2908190924","PAID","NHO2018000007"),
("IATT190002283","NPRM18000016","DISC ITEM","1","1","193036","1","12960","IAT2908190924","PAID","NHO2018000007"),
("IATT190002284","NPRM18000016","DISC ITEM","1","1","193012","1","14400","IAT2908190924","PAID","NHO2018000007"),
("IATT190002284","NPRM18000016","DISC ITEM","1","1","193077","1","10800","IAT2908190924","PAID","NHO2018000007"),
("IATT190002285","NPRM18000016","DISC ITEM","1","1","193009","1","14400","IAT2908190924","PAID","NHO2018000007"),
("IATT190002286","NPRM18000016","DISC ITEM","1","1","193005","1","13320","IAT2908190924","PAID","NHO2018000007"),
("IATT190002287","NPRM18000016","DISC ITEM","1","1","193021","1","14400","IAT2908190924","PAID","NHO2018000007"),
("IATT190002288","NPRM18000016","DISC ITEM","1","1","193085","1","10800","IAT2908190924","PAID","NHO2018000007"),
("IATT190002290","NPRM18000016","DISC ITEM","1","1","193010","1","14400","IAT2908190924","PAID","NHO2018000007"),
("IATT190002290","NPRM18000016","DISC ITEM","1","1","193024","1","10800","IAT2908190924","PAID","NHO2018000007"),
("IATT190002289","NPRM18000016","DISC ITEM","1","1","193084","1","10800","IAT2908190924","PAID","NHO2018000007"),
("IATT190002289","NPRM18000016","DISC ITEM","1","1","193011","1","14400","IAT2908190924","PAID","NHO2018000007"),
("IATT190002293","NPRM18000016","DISC ITEM","1","1","193077","1","10800","IAT2908190924","PAID","NHO2018000007"),
("IATT190002293","NPRM18000016","DISC ITEM","1","1","193084","1","10800","IAT2908190924","PAID","NHO2018000007");



INSERT INTO pos_paymenttemp VALUES("IATT190002281","CASH","CASH","89980","100000","ISU000011","2019-08-29","","1","","CLOSED","IAT2908190924","NHO2018000007"),
("IATT190002282","CASH","CASH","64240","100000","ISU000011","2019-08-29","","1","","CLOSED","IAT2908190924","NHO2018000007"),
("IATT190002284","CASH","CASH","60280","100000","ISU000011","2019-08-29","","1","","CLOSED","IAT2908190924","NHO2018000007"),
("IATT190002283","CASH","CASH","36344","100000","ISU000011","2019-08-29","","1","","CLOSED","IAT2908190924","NHO2018000007"),
("IATT190002280","CASH","CASH","422400","422400","ISU000011","2019-08-29","","1","","CLOSED","IAT2908190924","NHO2018000007"),
("IATT190002285","CASH","CASH","39160","50000","ISU000011","2019-08-29","","1","","CLOSED","IAT2908190924","NHO2018000007"),
("IATT190002286","CASH","CASH","26048","30000","ISU000011","2019-08-29","","1","","CLOSED","IAT2908190924","NHO2018000007"),
("IATT190002287","CARD","MASTER","113960","113960","ISU000011","2019-08-29","","1","","CLOSED","IAT2908190924","NHO2018000007"),
("IATT190002291","CARD","MASTER","58300","58300","ISU000011","2019-08-29","","1","","CLOSED","IAT2908190924","NHO2018000007"),
("IATT190002288","CASH","CASH","49720","50000","ISU000011","2019-08-29","","1","","CLOSED","IAT2908190924","NHO2018000007"),
("IATT190002290","CASH","CASH","71280","100000","ISU000011","2019-08-29","","1","","CLOSED","IAT2908190924","NHO2018000007"),
("IATT190002289","CASH","CASH","71280","100000","ISU000011","2019-08-29","","1","","CLOSED","IAT2908190924","NHO2018000007"),
("IATT190002292","CASH","CASH","83600","103600","ISU000011","2019-08-29","","1","","CLOSED","IAT2908190924","NHO2018000007"),
("IATT190002293","CASH","CASH","78540","100000","ISU000011","2019-08-29","","1","","CLOSED","IAT2908190924","NHO2018000007");



