INSERT INTO pos_itemtemp VALUES("IATT190002160","193019","191001","192002","40000","1","40000","16000","24000","1","1","1","IAT2308191032","NHO2018000007","PAID","Lv 1","PEDAS"),
("IATT190002160","193032","191001","192004","30000","1","30000","12000","18000","1","1","1","IAT2308191032","NHO2018000007","PAID","","193032"),
("IATT190002160","193035","191001","192006","32000","1","32000","12800","19200","1","1","1","IAT2308191032","NHO2018000007","PAID","jangan pedas buat si kecil","ORIGINAL"),
("IATT190002160","193054","191002","192010","20000","1","20000","0","20000","1","1","1","IAT2308191032","NHO2018000007","PAID","","193054"),
("IATT190002160","193052","191002","192010","20000","1","20000","0","20000","1","1","1","IAT2308191032","NHO2018000007","PAID","","193052"),
("IATT190002161","193047","191002","192010","10000","1","10000","0","10000","1","1","1","IAT2308191032","NHO2018000007","PAID","","193047"),
("IATT190002161","193047","191002","192010","10000","1","10000","0","10000","2","1","1","IAT2308191032","NHO2018000007","PAID","","193047"),
("IATT190002161","193047","191002","192010","10000","1","10000","0","10000","3","1","1","IAT2308191032","NHO2018000007","PAID","","193047"),
("IATT190002161","193033","191001","192005","42000","1","42000","15120","26880","1","1","1","IAT2308191032","NHO2018000007","PAID","","193033"),
("IATT190002161","193078","191001","192001","30000","1","30000","10800","19200","1","1","1","IAT2308191032","NHO2018000007","PAID","lv 2","PEDAS"),
("IATT190002161","193085","191001","192001","30000","1","30000","10800","19200","1","1","1","IAT2308191032","NHO2018000007","PAID","original","193085"),
("IATT190002162","193084","191001","192001","30000","1","30000","10800","19200","1","1","1","IAT2308191032","NHO2018000007","PAID","lv 2 semua","PEDAS"),
("IATT190002162","193084","191001","192001","30000","1","30000","10800","19200","2","1","1","IAT2308191032","NHO2018000007","PAID","","PEDAS"),
("IATT190002162","193083","191001","192001","30000","1","30000","10800","19200","1","1","1","IAT2308191032","NHO2018000007","PAID","lv 2","193083"),
("IATT190002162","193047","191002","192010","10000","1","10000","0","10000","1","1","1","IAT2308191032","NHO2018000007","PAID","","193047"),
("IATT190002162","193047","191002","192010","10000","1","10000","0","10000","2","1","1","IAT2308191032","NHO2018000007","PAID","","193047"),
("IATT190002162","193047","191002","192010","10000","1","10000","0","10000","3","1","1","IAT2308191032","NHO2018000007","PAID","","193047"),
("IATT190002163","193028","191001","192003","43000","1","43000","15480","27520","1","1","1","IAT2308191032","NHO2018000007","PAID","","193028"),
("IATT190002163","193011","191001","192001","40000","1","40000","14400","25600","1","1","1","IAT2308191032","NHO2018000007","PAID","","PEDAS"),
("IATT190002163","193056","191002","192010","17000","1","17000","0","17000","1","1","1","IAT2308191032","NHO2018000007","PAID","","193056"),
("IATT190002163","193054","191002","192010","20000","1","20000","0","20000","1","1","1","IAT2308191032","NHO2018000007","PAID","","193054"),
("IATT190002164","193055","191002","192010","17000","1","17000","0","17000","1","1","1","IAT2308191032","NHO2018000007","PAID","","193055"),
("IATT190002164","193055","191002","192010","17000","1","17000","0","17000","2","1","1","IAT2308191032","NHO2018000007","PAID","","193055"),
("IATT190002164","193011","191001","192001","40000","1","40000","14400","25600","1","1","1","IAT2308191032","NHO2018000007","PAID","","PEDAS"),
("IATT190002164","193011","191001","192001","40000","1","40000","14400","25600","2","1","1","IAT2308191032","NHO2018000007","PAID","","PEDAS"),
("IATT190002165","193078","191001","192001","30000","1","30000","10800","19200","1","1","1","IAT2308191032","NHO2018000007","PAID","lvl3","PEDAS"),
("IATT190002165","193024","191001","192003","30000","1","30000","10800","19200","1","1","1","IAT2308191032","NHO2018000007","PAID","","193024"),
("IATT190002165","193035","191001","192006","32000","1","32000","11520","20480","1","1","1","IAT2308191032","NHO2018000007","PAID","","PEDAS"),
("IATT190002165","193047","191002","192010","10000","1","10000","0","10000","1","1","1","IAT2308191032","NHO2018000007","PAID","","193047"),
("IATT190002165","193048","191002","192010","8000","1","8000","0","8000","1","1","1","IAT2308191032","NHO2018000007","PAID","","193048"),
("IATT190002165","193056","191002","192010","17000","1","17000","0","17000","1","1","1","IAT2308191032","NHO2018000007","PAID","","193056"),
("IATT190002165","193056","191002","192010","17000","1","17000","0","17000","2","1","1","IAT2308191032","NHO2018000007","PAID","","193056"),
("IATT190002166","193080","191001","192002","33000","1","33000","11880","21120","1","1","1","IAT2308191032","NHO2018000007","PAID","lv 1,less garam","PEDAS"),
("IATT190002166","193082","191001","192001","30000","1","30000","10800","19200","1","1","1","IAT2308191032","NHO2018000007","PAID","original","193082"),
("IATT190002166","193030","191001","192004","27000","1","27000","9720","17280","1","1","1","IAT2308191032","NHO2018000007","PAID","","193030"),
("IATT190002166","193007","191001","192001","37000","1","37000","13320","23680","1","1","1","IAT2308191032","NHO2018000007","PAID","lvl1","PEDAS"),
("IATT190002166","193005","191001","192001","37000","1","37000","13320","23680","1","1","1","IAT2308191032","NHO2018000007","PAID","last garam,jangan terlalu asin","193005"),
("IATT190002166","193046","191002","192010","10000","1","10000","0","10000","1","1","1","IAT2308191032","NHO2018000007","PAID","","193046"),
("IATT190002166","193046","191002","192010","10000","1","10000","0","10000","2","1","1","IAT2308191032","NHO2018000007","PAID","","193046"),
("IATT190002166","193046","191002","192010","10000","1","10000","0","10000","3","1","1","IAT2308191032","NHO2018000007","PAID","","193046"),
("IATT190002166","193046","191002","192010","10000","1","10000","0","10000","4","1","1","IAT2308191032","NHO2018000007","PAID","","193046"),
("IATT190002166","193046","191002","192010","10000","1","10000","0","10000","5","1","1","IAT2308191032","NHO2018000007","PAID","","193046"),
("IATT190002165","193009","191001","192001","40000","1","40000","14400","25600","1","1","2","IAT2308191032","NHO2018000007","PAID","","193009"),
("IATT190002167","193024","191001","192003","30000","1","30000","10800","19200","1","1","1","IAT2308191032","NHO2018000007","PAID","","193024"),
("IATT190002167","193052","191002","192010","20000","1","20000","0","20000","1","1","1","IAT2308191032","NHO2018000007","PAID","","193052"),
("IATT190002167","193051","191002","192010","20000","1","20000","0","20000","1","1","1","IAT2308191032","NHO2018000007","PAID","","193051"),
("IATT190002167","193084","191001","192001","30000","1","30000","10800","19200","1","1","1","IAT2308191032","NHO2018000007","PAID","","PEDAS"),
("IATT190002168","193083","191001","192001","30000","1","30000","10800","19200","1","1","1","IAT2308191032","NHO2018000007","PAID","original","193083"),
("IATT190002168","193010","191001","192001","40000","1","40000","14400","25600","1","1","1","IAT2308191032","NHO2018000007","PAID","level 1","193010"),
("IATT190002168","193069","191001","192012","13000","1","13000","0","13000","1","1","1","IAT2308191032","NHO2018000007","PAID","","193069"),
("IATT190002168","193050","191002","192010","20000","1","20000","0","20000","1","1","1","IAT2308191032","NHO2018000007","PAID","","193050"),
("IATT190002168","193055","191002","192010","17000","1","17000","0","17000","1","1","1","IAT2308191032","NHO2018000007","PAID","","193055"),
("IATT190002169","193028","191001","192003","43000","1","43000","15480","27520","1","1","1","IAT2308191032","NHO2018000007","PAID","","193028"),
("IATT190002169","193047","191002","192010","10000","1","10000","0","10000","1","1","1","IAT2308191032","NHO2018000007","PAID","","193047"),
("IATT190002170","193027","191001","192003","43000","1","43000","15480","27520","1","1","1","IAT2308191032","NHO2018000007","PAID","","193027"),
("IATT190002170","193021","191001","192002","40000","1","40000","14400","25600","1","1","1","IAT2308191032","NHO2018000007","PAID","","PEDAS"),
("IATT190002170","193046","191002","192010","10000","1","10000","0","10000","1","1","1","IAT2308191032","NHO2018000007","PAID","","193046"),
("IATT190002170","193046","191002","192010","10000","1","10000","0","10000","2","1","1","IAT2308191032","NHO2018000007","PAID","","193046"),
("IATT190002171","193087","191001","192002","33000","1","33000","11880","21120","1","1","1","IAT2308191032","NHO2018000007","PAID","","193087"),
("IATT190002171","193087","191001","192002","33000","1","33000","11880","21120","2","1","1","IAT2308191032","NHO2018000007","PAID","","193087"),
("IATT190002171","193087","191001","192002","33000","1","33000","11880","21120","3","1","1","IAT2308191032","NHO2018000007","PAID","","193087"),
("IATT190002171","193055","191002","192010","17000","1","17000","0","17000","1","1","1","IAT2308191032","NHO2018000007","PAID","","193055"),
("IATT190002171","193055","191002","192010","17000","1","17000","0","17000","2","1","1","IAT2308191032","NHO2018000007","PAID","","193055"),
("IATT190002171","193055","191002","192010","17000","1","17000","0","17000","3","1","1","IAT2308191032","NHO2018000007","PAID","","193055"),
("IATT190002172","193076","191001","192001","30000","1","30000","10800","19200","1","1","1","IAT2308191032","NHO2018000007","PAID","","193076"),
("IATT190002172","193087","191001","192002","33000","1","33000","11880","21120","1","1","1","IAT2308191032","NHO2018000007","PAID","","193087"),
("IATT190002172","193047","191002","192010","10000","1","10000","0","10000","1","1","1","IAT2308191032","NHO2018000007","PAID","hangat","193047"),
("IATT190002173","193083","191001","192001","30000","1","30000","10800","19200","1","1","1","IAT2308191032","NHO2018000007","PAID","lvl3","193083"),
("IATT190002173","193010","191001","192001","40000","1","40000","14400","25600","1","1","1","IAT2308191032","NHO2018000007","PAID","sambal di pisah","193010"),
("IATT190002173","193084","191001","192001","30000","1","30000","10800","19200","1","1","1","IAT2308191032","NHO2018000007","PAID","1 lvl 1 yg 1 lg lvl 2","PEDAS"),
("IATT190002173","193084","191001","192001","30000","1","30000","10800","19200","2","1","1","IAT2308191032","NHO2018000007","PAID","","PEDAS"),
("IATT190002173","193047","191002","192010","10000","1","10000","0","10000","1","1","1","IAT2308191032","NHO2018000007","PAID","","193047"),
("IATT190002173","193047","191002","192010","10000","1","10000","0","10000","2","1","1","IAT2308191032","NHO2018000007","PAID","","193047"),
("IATT190002173","193048","191002","192010","8000","1","8000","0","8000","1","1","1","IAT2308191032","NHO2018000007","PAID","","193048"),
("IATT190002173","193055","191002","192010","17000","1","17000","0","17000","1","1","1","IAT2308191032","NHO2018000007","PAID","","193055"),
("IATT190002172","193049","191002","192010","10000","1","10000","0","10000","1","1","2","IAT2308191032","NHO2018000007","PAID","","193049"),
("IATT190002174","193055","191002","192010","17000","1","17000","0","17000","1","1","1","IAT2308191032","NHO2018000007","PAID","","193055"),
("IATT190002174","193048","191002","192010","8000","1","8000","0","8000","1","1","1","IAT2308191032","NHO2018000007","PAID","","193048"),
("IATT190002174","193086","191001","192002","33000","1","33000","11880","21120","1","1","1","IAT2308191032","NHO2018000007","PAID","","PEDAS"),
("IATT190002174","193024","191001","192003","30000","1","30000","10800","19200","1","1","1","IAT2308191032","NHO2018000007","PAID","","193024"),
("IATT190002175","193084","191001","192001","30000","1","30000","10800","19200","1","1","1","IAT2308191032","NHO2018000007","PAID","","PEDAS"),
("IATT190002175","193047","191002","192010","10000","1","10000","0","10000","1","1","1","IAT2308191032","NHO2018000007","PAID","","193047"),
("IATT190002176","193079","191001","192001","30000","1","30000","10800","19200","1","1","1","IAT2308191032","NHO2018000007","PAID","","193079"),
("IATT190002176","193054","191002","192010","20000","1","20000","0","20000","1","1","1","IAT2308191032","NHO2018000007","PAID","","193054"),
("IATT190002176","193055","191002","192010","17000","1","17000","0","17000","1","1","1","IAT2308191032","NHO2018000007","PAID","","193055"),
("IATT190002177","193082","191001","192001","30000","1","30000","10800","19200","1","1","1","IAT2308191032","NHO2018000007","PAID","","193082"),
("IATT190002177","193024","191001","192003","30000","1","30000","10800","19200","1","1","1","IAT2308191032","NHO2018000007","PAID","","193024"),
("IATT190002177","193048","191002","192010","8000","1","8000","0","8000","1","1","1","IAT2308191032","NHO2018000007","PAID","","193048"),
("IATT190002177","193055","191002","192010","17000","1","17000","0","17000","1","1","1","IAT2308191032","NHO2018000007","PAID","","193055"),
("IATT190002178","193015","191001","192002","33000","1","33000","11880","21120","1","1","1","IAT2308191032","NHO2018000007","PAID","","ORIGINAL"),
("IATT190002175","193084","191001","192001","30000","1","30000","10800","19200","2","1","2","IAT2308191032","NHO2018000007","PAID","lvl 2","PEDAS"),
("IATT190002175","193047","191002","192010","10000","1","10000","0","10000","2","1","2","IAT2308191032","NHO2018000007","PAID","","193047"),
("IATT190002177","193086","191001","192002","33000","1","33000","11880","21120","1","1","2","IAT2308191032","NHO2018000007","PAID","","PEDAS"),
("IATT190002177","193055","191002","192010","17000","1","17000","0","17000","2","1","2","IAT2308191032","NHO2018000007","PAID","","193055"),
("IATT190002179","193010","191001","192001","40000","1","40000","14400","25600","1","1","1","IAT2308191032","NHO2018000007","PAID","","193010"),
("IATT190002179","193083","191001","192001","30000","1","30000","10800","19200","1","1","1","IAT2308191032","NHO2018000007","PAID","","193083"),
("IATT190002179","193056","191002","192010","17000","1","17000","0","17000","1","1","1","IAT2308191032","NHO2018000007","PAID","","193056");



INSERT INTO pos_salestemp VALUES("IATT190002159","","2","0","0","0","0","0","0","23/08/2019","10:32","23/08/2019","10:32:21","ISU000012","tbl0010","CANCELED","1","PERMINTAAN CUSTOMER","","","","","","IAT2308191032","NHO2018000007"),
("IATT190002160","","3","142000","40800","10120","0","111320","120000","23/08/2019","10:32","2019-08-23","11:12:17","ISU000012","tbl0010","CLOSED","1","","IATR190002101","","","","","IAT2308191032","NHO2018000007"),
("IATT190002161","","3","132000","36720","9528","0","104808","110000","23/08/2019","11:47","2019-08-23","12:50:39","ISU000012","tbl0012","CLOSED","1","","IATR190002103","","","","","IAT2308191032","NHO2018000007"),
("IATT190002162","","3","120000","32400","8760","0","96360","96360","23/08/2019","12:04","2019-08-23","12:35:31","ISU000012","tbl0011","CLOSED","1","","IATR190002102","","","","","IAT2308191032","NHO2018000007"),
("IATT190002163","","2","120000","29880","9012","0","99132","100000","23/08/2019","12:07","2019-08-23","13:00:22","ISU000012","tbl0010","CLOSED","1","","IATR190002105","","","","","IAT2308191032","NHO2018000007"),
("IATT190002164","","2","114000","28800","8520","0","93720","100000","23/08/2019","12:22","2019-08-23","12:51:40","ISU000012","tbl0013","CLOSED","1","","IATR190002104","","","","","IAT2308191032","NHO2018000007"),
("IATT190002165","","4","184000","47520","13648","0","150128","150200","23/08/2019","12:28","2019-08-23","13:17:57","ISU000012","tbl0020","CLOSED","1","","IATR190002106","","","","","IAT2308191032","NHO2018000007"),
("IATT190002166","","6","214000","59040","15496","0","170456","170456","23/08/2019","12:37","2019-08-23","13:26:36","ISU000012","tbl0024","CLOSED","1","","IATR190002107","","","","","IAT2308191032","NHO2018000007"),
("IATT190002167","","2","100000","21600","7840","0","86240","86240","23/08/2019","12:58","2019-08-23","13:46:12","ISU000012","tbl0011","CLOSED","1","","IATR190002108","","","","","IAT2308191032","NHO2018000007"),
("IATT190002168","","0","120000","25200","9480","0","104280","104280","23/08/2019","13:29","2019-08-23","14:19:18","ISU000012","tbl0012","CLOSED","1","","IATR190002109","","","","","IAT2308191032","NHO2018000007"),
("IATT190002169","","1","53000","15480","3752","0","41272","50000","23/08/2019","15:37","2019-08-23","16:03:43","ISU000012","tbl0005","CLOSED","1","","IATR190002110","","","","","IAT2308191032","NHO2018000007"),
("IATT190002170","","2","103000","29880","7312","0","80432","100000","23/08/2019","16:02","2019-08-23","17:22:00","ISU000012","tbl0010","CLOSED","1","","IATR190002111","","","","","IAT2308191032","NHO2018000007"),
("IATT190002171","","3","150000","35640","11436","0","125796","150000","23/08/2019","16:47","2019-08-23","17:31:07","ISU000012","tbl0012","CLOSED","1","","IATR190002112","","","","","IAT2308191032","NHO2018000007"),
("IATT190002172","","2","83000","22680","6032","0","66352","100000","23/08/2019","17:27","2019-08-23","18:02:07","ISU000012","tbl0011","CLOSED","1","","IATR190002113","","","","","IAT2308191032","NHO2018000007"),
("IATT190002173","","4","175000","46800","12820","0","141020","200000","23/08/2019","17:35","2019-08-23","19:05:03","ISU000012","tbl0010","CLOSED","1","","IATR190002119","","","","","IAT2308191032","NHO2018000007"),
("IATT190002174","","2","88000","22680","6532","0","71852","100000","23/08/2019","17:48","2019-08-23","18:36:52","ISU000012","tbl0012","CLOSED","1","","IATR190002115","","","","","IAT2308191032","NHO2018000007"),
("IATT190002175","","1","80000","21600","5840","0","64240","64240","23/08/2019","17:57","2019-08-23","18:59:08","ISU000012","tbl0024","CLOSED","1","","IATR190002117","","","","","IAT2308191032","NHO2018000007"),
("IATT190002176","","2","67000","10800","5620","0","61820","62000","23/08/2019","18:04","2019-08-23","18:56:21","ISU000012","tbl0009","CLOSED","1","","IATR190002116","","","","","IAT2308191032","NHO2018000007"),
("IATT190002177","","2","135000","33480","10152","0","111672","111672","23/08/2019","18:07","2019-08-23","19:00:48","ISU000012","tbl0011","CLOSED","1","","IATR190002118","","","","","IAT2308191032","NHO2018000007"),
("IATT190002178","","1","33000","11880","2112","0","23232","23232","23/08/2019","18:13","2019-08-23","18:35:41","ISU000012","tbl0003","CLOSED","1","","IATR190002114","","","","","IAT2308191032","NHO2018000007"),
("IATT190002179","","2","87000","25200","6180","0","67980","100000","23/08/2019","19:33","2019-08-23","20:09:23","ISU000012","tbl0010","CLOSED","1","","IATR190002120","","","","","IAT2308191032","NHO2018000007");



INSERT INTO item_void VALUES("IATT190002165","IAT2308191032","NHO2018000007","193082","193082","1","30000","Before Send","Komplen Customer"),
("IATT190002168","IAT2308191032","NHO2018000007","193041","193041","1","20000","Before Send","Komplen Customer"),
("IATT190002172","IAT2308191032","NHO2018000007","193052","193052","1","20000","Before Send","Komplen Customer");



INSERT INTO pos_promotion_h VALUES("IATT190002160","NPRM18000010","DISC ITEM","1","40800","eatigo 40%","IAT2308191032","PAID","NHO2018000007"),
("IATT190002162","NPRM18000016","DISC ITEM","1","32400","Diskon 20% + 20% Agustus","IAT2308191032","PAID","NHO2018000007"),
("IATT190002161","NPRM18000016","DISC ITEM","1","36720","Diskon 20% + 20% Agustus","IAT2308191032","PAID","NHO2018000007"),
("IATT190002164","NPRM18000016","DISC ITEM","1","28800","Diskon 20% + 20% Agustus","IAT2308191032","PAID","NHO2018000007"),
("IATT190002163","NPRM18000016","DISC ITEM","1","29880","Diskon 20% + 20% Agustus","IAT2308191032","PAID","NHO2018000007"),
("IATT190002165","NPRM18000016","DISC ITEM","1","47520","Diskon 20% + 20% Agustus","IAT2308191032","PAID","NHO2018000007"),
("IATT190002166","NPRM18000016","DISC ITEM","1","59040","Diskon 20% + 20% Agustus","IAT2308191032","PAID","NHO2018000007"),
("IATT190002167","NPRM18000016","DISC ITEM","1","21600","Diskon 20% + 20% Agustus","IAT2308191032","PAID","NHO2018000007"),
("IATT190002168","NPRM18000016","DISC ITEM","1","25200","Diskon 20% + 20% Agustus","IAT2308191032","PAID","NHO2018000007"),
("IATT190002169","NPRM18000016","DISC ITEM","1","15480","Diskon 20% + 20% Agustus","IAT2308191032","PAID","NHO2018000007"),
("IATT190002170","NPRM18000016","DISC ITEM","1","29880","Diskon 20% + 20% Agustus","IAT2308191032","PAID","NHO2018000007"),
("IATT190002171","NPRM18000016","DISC ITEM","1","35640","Diskon 20% + 20% Agustus","IAT2308191032","PAID","NHO2018000007"),
("IATT190002172","NPRM18000016","DISC ITEM","1","22680","Diskon 20% + 20% Agustus","IAT2308191032","PAID","NHO2018000007"),
("IATT190002174","NPRM18000016","DISC ITEM","1","22680","Diskon 20% + 20% Agustus","IAT2308191032","PAID","NHO2018000007"),
("IATT190002178","NPRM18000016","DISC ITEM","1","11880","Diskon 20% + 20% Agustus","IAT2308191032","PAID","NHO2018000007"),
("IATT190002175","NPRM18000016","DISC ITEM","1","21600","Diskon 20% + 20% Agustus","IAT2308191032","PAID","NHO2018000007"),
("IATT190002176","NPRM18000016","DISC ITEM","1","10800","Diskon 20% + 20% Agustus","IAT2308191032","PAID","NHO2018000007"),
("IATT190002173","NPRM18000016","DISC ITEM","1","46800","Diskon 20% + 20% Agustus","IAT2308191032","PAID","NHO2018000007"),
("IATT190002177","NPRM18000016","DISC ITEM","1","33480","Diskon 20% + 20% Agustus","IAT2308191032","PAID","NHO2018000007"),
("IATT190002179","NPRM18000016","DISC ITEM","1","25200","Diskon 20% + 20% Agustus","IAT2308191032","PAID","NHO2018000007");



INSERT INTO pos_promotion_d VALUES("IATT190002160","NPRM18000010","DISC ITEM","1","1","193019","1","16000","IAT2308191032","PAID","NHO2018000007"),
("IATT190002160","NPRM18000010","DISC ITEM","1","1","193032","1","12000","IAT2308191032","PAID","NHO2018000007"),
("IATT190002160","NPRM18000010","DISC ITEM","1","1","193035","1","12800","IAT2308191032","PAID","NHO2018000007"),
("IATT190002162","NPRM18000016","DISC ITEM","1","1","193084","1","10800","IAT2308191032","PAID","NHO2018000007"),
("IATT190002162","NPRM18000016","DISC ITEM","1","1","193084","2","10800","IAT2308191032","PAID","NHO2018000007"),
("IATT190002162","NPRM18000016","DISC ITEM","1","1","193083","1","10800","IAT2308191032","PAID","NHO2018000007"),
("IATT190002161","NPRM18000016","DISC ITEM","1","1","193033","1","15120","IAT2308191032","PAID","NHO2018000007"),
("IATT190002161","NPRM18000016","DISC ITEM","1","1","193078","1","10800","IAT2308191032","PAID","NHO2018000007"),
("IATT190002161","NPRM18000016","DISC ITEM","1","1","193085","1","10800","IAT2308191032","PAID","NHO2018000007"),
("IATT190002164","NPRM18000016","DISC ITEM","1","1","193011","1","14400","IAT2308191032","PAID","NHO2018000007"),
("IATT190002164","NPRM18000016","DISC ITEM","1","1","193011","2","14400","IAT2308191032","PAID","NHO2018000007"),
("IATT190002163","NPRM18000016","DISC ITEM","1","1","193028","1","15480","IAT2308191032","PAID","NHO2018000007"),
("IATT190002163","NPRM18000016","DISC ITEM","1","1","193011","1","14400","IAT2308191032","PAID","NHO2018000007"),
("IATT190002165","NPRM18000016","DISC ITEM","1","1","193078","1","10800","IAT2308191032","PAID","NHO2018000007"),
("IATT190002165","NPRM18000016","DISC ITEM","1","1","193024","1","10800","IAT2308191032","PAID","NHO2018000007"),
("IATT190002165","NPRM18000016","DISC ITEM","1","1","193035","1","11520","IAT2308191032","PAID","NHO2018000007"),
("IATT190002165","NPRM18000016","DISC ITEM","1","1","193009","1","14400","IAT2308191032","PAID","NHO2018000007"),
("IATT190002166","NPRM18000016","DISC ITEM","1","1","193080","1","11880","IAT2308191032","PAID","NHO2018000007"),
("IATT190002166","NPRM18000016","DISC ITEM","1","1","193082","1","10800","IAT2308191032","PAID","NHO2018000007"),
("IATT190002166","NPRM18000016","DISC ITEM","1","1","193030","1","9720","IAT2308191032","PAID","NHO2018000007"),
("IATT190002166","NPRM18000016","DISC ITEM","1","1","193007","1","13320","IAT2308191032","PAID","NHO2018000007"),
("IATT190002166","NPRM18000016","DISC ITEM","1","1","193005","1","13320","IAT2308191032","PAID","NHO2018000007"),
("IATT190002167","NPRM18000016","DISC ITEM","1","1","193024","1","10800","IAT2308191032","PAID","NHO2018000007"),
("IATT190002167","NPRM18000016","DISC ITEM","1","1","193084","1","10800","IAT2308191032","PAID","NHO2018000007"),
("IATT190002168","NPRM18000016","DISC ITEM","1","1","193083","1","10800","IAT2308191032","PAID","NHO2018000007"),
("IATT190002168","NPRM18000016","DISC ITEM","1","1","193010","1","14400","IAT2308191032","PAID","NHO2018000007"),
("IATT190002169","NPRM18000016","DISC ITEM","1","1","193028","1","15480","IAT2308191032","PAID","NHO2018000007"),
("IATT190002170","NPRM18000016","DISC ITEM","1","1","193027","1","15480","IAT2308191032","PAID","NHO2018000007"),
("IATT190002170","NPRM18000016","DISC ITEM","1","1","193021","1","14400","IAT2308191032","PAID","NHO2018000007"),
("IATT190002171","NPRM18000016","DISC ITEM","1","1","193087","1","11880","IAT2308191032","PAID","NHO2018000007"),
("IATT190002171","NPRM18000016","DISC ITEM","1","1","193087","2","11880","IAT2308191032","PAID","NHO2018000007"),
("IATT190002171","NPRM18000016","DISC ITEM","1","1","193087","3","11880","IAT2308191032","PAID","NHO2018000007"),
("IATT190002172","NPRM18000016","DISC ITEM","1","1","193076","1","10800","IAT2308191032","PAID","NHO2018000007"),
("IATT190002172","NPRM18000016","DISC ITEM","1","1","193087","1","11880","IAT2308191032","PAID","NHO2018000007"),
("IATT190002174","NPRM18000016","DISC ITEM","1","1","193086","1","11880","IAT2308191032","PAID","NHO2018000007"),
("IATT190002174","NPRM18000016","DISC ITEM","1","1","193024","1","10800","IAT2308191032","PAID","NHO2018000007"),
("IATT190002178","NPRM18000016","DISC ITEM","1","1","193015","1","11880","IAT2308191032","PAID","NHO2018000007"),
("IATT190002175","NPRM18000016","DISC ITEM","1","1","193084","1","10800","IAT2308191032","PAID","NHO2018000007"),
("IATT190002175","NPRM18000016","DISC ITEM","1","1","193084","2","10800","IAT2308191032","PAID","NHO2018000007"),
("IATT190002176","NPRM18000016","DISC ITEM","1","1","193079","1","10800","IAT2308191032","PAID","NHO2018000007"),
("IATT190002173","NPRM18000016","DISC ITEM","1","1","193083","1","10800","IAT2308191032","PAID","NHO2018000007"),
("IATT190002173","NPRM18000016","DISC ITEM","1","1","193010","1","14400","IAT2308191032","PAID","NHO2018000007"),
("IATT190002173","NPRM18000016","DISC ITEM","1","1","193084","1","10800","IAT2308191032","PAID","NHO2018000007"),
("IATT190002173","NPRM18000016","DISC ITEM","1","1","193084","2","10800","IAT2308191032","PAID","NHO2018000007"),
("IATT190002177","NPRM18000016","DISC ITEM","1","1","193082","1","10800","IAT2308191032","PAID","NHO2018000007"),
("IATT190002177","NPRM18000016","DISC ITEM","1","1","193024","1","10800","IAT2308191032","PAID","NHO2018000007"),
("IATT190002177","NPRM18000016","DISC ITEM","1","1","193086","1","11880","IAT2308191032","PAID","NHO2018000007"),
("IATT190002179","NPRM18000016","DISC ITEM","1","1","193010","1","14400","IAT2308191032","PAID","NHO2018000007"),
("IATT190002179","NPRM18000016","DISC ITEM","1","1","193083","1","10800","IAT2308191032","PAID","NHO2018000007");



INSERT INTO pos_paymenttemp VALUES("IATT190002160","VOUCHER","VOUCHER EATIGO 100K","100000","100000","ISU000012","2019-08-23","","1","","CLOSED","IAT2308191032","NHO2018000007"),
("IATT190002160","CASH","CASH","11320","20000","ISU000012","2019-08-23","","1","","CLOSED","IAT2308191032","NHO2018000007"),
("IATT190002162","CARD","VISA","96360","96360","ISU000012","2019-08-23","","1","","CLOSED","IAT2308191032","NHO2018000007"),
("IATT190002161","CASH","CASH","104808","110000","ISU000012","2019-08-23","","1","","CLOSED","IAT2308191032","NHO2018000007"),
("IATT190002164","CASH","CASH","93720","100000","ISU000012","2019-08-23","","1","","CLOSED","IAT2308191032","NHO2018000007"),
("IATT190002163","CASH","CASH","99132","100000","ISU000012","2019-08-23","","1","","CLOSED","IAT2308191032","NHO2018000007"),
("IATT190002165","CASH","CASH","150128","150200","ISU000012","2019-08-23","","1","","CLOSED","IAT2308191032","NHO2018000007"),
("IATT190002166","CARD","VISA","170456","170456","ISU000012","2019-08-23","","1","","CLOSED","IAT2308191032","NHO2018000007"),
("IATT190002167","CARD","MASTER","86240","86240","ISU000012","2019-08-23","","1","","CLOSED","IAT2308191032","NHO2018000007"),
("IATT190002168","CARD","VISA","104280","104280","ISU000012","2019-08-23","","1","","CLOSED","IAT2308191032","NHO2018000007"),
("IATT190002169","CASH","CASH","41272","50000","ISU000012","2019-08-23","","1","","CLOSED","IAT2308191032","NHO2018000007"),
("IATT190002170","CASH","CASH","80432","100000","ISU000012","2019-08-23","","1","","CLOSED","IAT2308191032","NHO2018000007"),
("IATT190002171","CASH","CASH","125796","150000","ISU000012","2019-08-23","","1","","CLOSED","IAT2308191032","NHO2018000007"),
("IATT190002172","CASH","CASH","66352","100000","ISU000012","2019-08-23","","1","","CLOSED","IAT2308191032","NHO2018000007"),
("IATT190002178","CASH","CASH","23232","23232","ISU000012","2019-08-23","","1","","CLOSED","IAT2308191032","NHO2018000007"),
("IATT190002174","CASH","CASH","71852","100000","ISU000012","2019-08-23","","1","","CLOSED","IAT2308191032","NHO2018000007"),
("IATT190002176","CASH","CASH","61820","62000","ISU000012","2019-08-23","","1","","CLOSED","IAT2308191032","NHO2018000007"),
("IATT190002175","CARD","DEBIT BCA","64240","64240","ISU000012","2019-08-23","","1","","CLOSED","IAT2308191032","NHO2018000007"),
("IATT190002177","CARD","DEBIT BCA","111672","111672","ISU000012","2019-08-23","","1","","CLOSED","IAT2308191032","NHO2018000007"),
("IATT190002173","CASH","CASH","141020","200000","ISU000012","2019-08-23","","1","","CLOSED","IAT2308191032","NHO2018000007"),
("IATT190002179","CASH","CASH","67980","100000","ISU000012","2019-08-23","","1","","CLOSED","IAT2308191032","NHO2018000007");



