INSERT INTO pos_itemtemp VALUES("IATT190000020","193031","191001","192004","30000","1","30000","0","30000","1","1","1","IAT2205191045","NHO2018000007","PAID","","193031"),
("IATT190000021","193035","191001","192006","32000","1","32000","0","32000","1","1","1","IAT2205191045","NHO2018000007","PAID","","PEDAS"),
("IATT190000020","193034","191001","192005","37000","1","37000","0","37000","1","1","1","IAT2205191045","NHO2018000007","PAID","Gapake daun bawang","193034"),
("IATT190000021","193037","191001","192006","36000","1","36000","0","36000","1","1","1","IAT2205191045","NHO2018000007","PAID","","ORIGINAL"),
("IATT190000020","193017","191001","192002","37000","1","37000","0","37000","1","1","1","IAT2205191045","NHO2018000007","PAID","","193017"),
("IATT190000021","193018","191001","192002","37000","1","37000","0","37000","1","1","1","IAT2205191045","NHO2018000007","PAID","","ORIGINAL"),
("IATT190000021","193034","191001","192005","37000","1","37000","0","37000","1","1","1","IAT2205191045","NHO2018000007","PAID","","193034"),
("IATT190000021","193047","191002","192010","8000","1","8000","0","8000","1","1","1","IAT2205191045","NHO2018000007","PAID","","193047"),
("IATT190000021","193052","191002","192010","20000","1","20000","0","20000","1","1","1","IAT2205191045","NHO2018000007","PAID","","193052"),
("IATT190000021","193053","191002","192010","20000","1","20000","0","20000","1","1","1","IAT2205191045","NHO2018000007","PAID","","193053"),
("IATT190000022","193033","191001","192005","42000","1","42000","0","42000","1","1","1","IAT2205191045","NHO2018000007","PAID","Gak pke daun bwang","193033"),
("IATT190000022","193039","191001","192006","36000","1","36000","0","36000","1","1","1","IAT2205191045","NHO2018000007","PAID","","PEDAS"),
("IATT190000022","193027","191001","192003","43000","1","43000","0","43000","1","1","1","IAT2205191045","NHO2018000007","PAID","","193027"),
("IATT190000022","193029","191001","192004","27000","1","27000","0","27000","1","1","1","IAT2205191045","NHO2018000007","PAID","","193029"),
("IATT190000022","193050","191002","192010","20000","1","20000","0","20000","1","1","1","IAT2205191045","NHO2018000007","PAID","","193050"),
("IATT190000022","193056","191002","192010","17000","1","17000","0","17000","1","1","1","IAT2205191045","NHO2018000007","PAID","","193056"),
("IATT190000022","193049","191002","192010","10000","1","10000","0","10000","1","1","1","IAT2205191045","NHO2018000007","PAID","","193049"),
("IATT190000022","193050","191002","192010","20000","1","20000","0","20000","2","1","1","IAT2205191045","NHO2018000007","PAID","","193050"),
("IATT190000023","193043","191001","192008","25000","1","25000","0","25000","1","1","1","IAT2205191045","NHO2018000007","PAID","","193043"),
("IATT190000023","193030","191001","192004","27000","1","27000","0","27000","1","1","1","IAT2205191045","NHO2018000007","PAID","","193030"),
("IATT190000023","193030","191001","192004","27000","1","27000","0","27000","2","1","1","IAT2205191045","NHO2018000007","PAID","","193030"),
("IATT190000023","193030","191001","192004","27000","1","27000","0","27000","3","1","1","IAT2205191045","NHO2018000007","PAID","","193030"),
("IATT190000023","193039","191001","192006","36000","1","36000","0","36000","1","1","1","IAT2205191045","NHO2018000007","PAID","","PEDAS"),
("IATT190000029","193037","191001","192006","36000","1","36000","0","36000","1","1","1","IAT2205191045","NHO2018000007","PAID","","ORIGINAL"),
("IATT190000029","193037","191001","192006","36000","1","36000","0","36000","2","1","1","IAT2205191045","NHO2018000007","PAID","","ORIGINAL"),
("IATT190000029","193029","191001","192004","27000","1","27000","0","27000","1","1","1","IAT2205191045","NHO2018000007","PAID","","193029"),
("IATT190000029","193033","191001","192005","42000","1","42000","0","42000","1","1","1","IAT2205191045","NHO2018000007","PAID","","193033"),
("IATT190000029","193050","191002","192010","20000","1","20000","0","20000","1","1","1","IAT2205191045","NHO2018000007","PAID","","193050"),
("IATT190000029","193052","191002","192010","20000","1","20000","0","20000","1","1","1","IAT2205191045","NHO2018000007","PAID","","193052"),
("IATT190000029","193046","191002","192010","8000","1","8000","0","8000","1","1","1","IAT2205191045","NHO2018000007","PAID","","193046");



INSERT INTO pos_salestemp VALUES("IATT190000020","","2","104000","0","10400","0","114400","150000","22/05/2019","10:47","22/05/2019","10:53:13","ISU000005","tbl0001, tbl0044","CLOSED","1","","IATR190000014","","","","","IAT2205191045","NHO2018000007"),
("IATT190000021","","2","190000","0","19000","0","209000","250000","22/05/2019","10:48","22/05/2019","10:54:32","ISU000005","tbl0002","CLOSED","1","","IATR190000015","","","","","IAT2205191045","NHO2018000007"),
("IATT190000022","","3","215000","0","21500","0","236500","350000","22/05/2019","10:54","22/05/2019","11:13:42","ISU000005","tbl0010","CLOSED","1","","IATR190000017","","","","","IAT2205191045","NHO2018000007"),
("IATT190000023","","2","142000","0","14200","0","156200","160000","22/05/2019","10:57","22/05/2019","11:12:57","ISU000005","tbl0001","CLOSED","1","","IATR190000016","","","","","IAT2205191045","NHO2018000007"),
("IATT190000024","","2","0","0","0","0","0","0","22/05/2019","11:00","22/05/2019","11:15:39","ISU000005","tbl0002","CANCELED","1","PERMINTAAN CUSTOMER","","","","","","IAT2205191045","NHO2018000007"),
("IATT190000025","","1","0","0","0","0","0","0","22/05/2019","11:02","22/05/2019","11:15:50","ISU000005","tbl0003","CANCELED","1","PERMINTAAN CUSTOMER","","","","","","IAT2205191045","NHO2018000007"),
("IATT190000026","","1","0","0","0","0","0","0","22/05/2019","11:06","22/05/2019","11:16:03","ISU000005","tbl0004","CANCELED","1","PERMINTAAN CUSTOMER","","","","","","IAT2205191045","NHO2018000007"),
("IATT190000027","","2","0","0","0","0","0","0","22/05/2019","11:09","22/05/2019","11:16:11","ISU000005","tbl0005","CANCELED","1","PERMINTAAN CUSTOMER","","","","","","IAT2205191045","NHO2018000007"),
("IATT190000028","","2","0","0","0","0","0","0","22/05/2019","11:10","22/05/2019","11:16:19","ISU000005","tbl0006","CANCELED","1","PERMINTAAN CUSTOMER","","","","","","IAT2205191045","NHO2018000007"),
("IATT190000029","","2","189000","0","18900","0","207900","237000","22/05/2019","11:10","22/05/2019","11:14:49","ISU000005","tbl0016","CLOSED","1","","IATR190000018","","","","","IAT2205191045","NHO2018000007");












INSERT INTO pos_paymenttemp VALUES("IATT190000020","CASH","CASH","114400","150000","ISU000005","2019-05-22","","1","","CLOSED","IAT2205191045","NHO2018000007"),
("IATT190000021","CASH","CASH","209000","250000","ISU000005","2019-05-22","","1","","CLOSED","IAT2205191045","NHO2018000007"),
("IATT190000023","CASH","CASH","156200","160000","ISU000005","2019-05-22","","1","","CLOSED","IAT2205191045","NHO2018000007"),
("IATT190000022","CASH","CASH","100000","100000","ISU000005","2019-05-22","","1","","CLOSED","IAT2205191045","NHO2018000007"),
("IATT190000022","CASH","CASH","136500","250000","ISU000005","2019-05-22","","1","","CLOSED","IAT2205191045","NHO2018000007"),
("IATT190000029","CASH","CASH","27000","27000","ISU000005","2019-05-22","","1","","CLOSED","IAT2205191045","NHO2018000007"),
("IATT190000029","CASH","CASH","180900","210000","ISU000005","2019-05-22","","1","","CLOSED","IAT2205191045","NHO2018000007");



