INSERT INTO pos_itemtemp VALUES("IATT190002733","193009","191001","192001","40000","1","40000","20000","20000","1","1","1","IAT2209191014","NHO2018000007","PAID","level 2 yaaa","193009"),
("IATT190002733","193046","191002","192010","10000","1","10000","0","10000","1","1","1","IAT2209191014","NHO2018000007","PAID","","193046"),
("IATT190002734","193086","191001","192002","33000","1","33000","16500","16500","1","1","1","IAT2209191014","NHO2018000007","PAID","level 3 ","PEDAS"),
("IATT190002734","193035","191001","192006","32000","1","32000","16000","16000","1","1","1","IAT2209191014","NHO2018000007","PAID","level 2","PEDAS"),
("IATT190002734","193048","191002","192010","8000","1","8000","0","8000","1","1","1","IAT2209191014","NHO2018000007","PAID","","193048"),
("IATT190002735","193030","191001","192004","27000","1","27000","13500","13500","1","1","1","IAT2209191014","NHO2018000007","PAID","","193030"),
("IATT190002735","193080","191001","192002","33000","1","33000","16500","16500","1","1","1","IAT2209191014","NHO2018000007","PAID","level 2","PEDAS"),
("IATT190002735","193056","191002","192010","17000","1","17000","0","17000","1","1","1","IAT2209191014","NHO2018000007","PAID","","193056"),
("IATT190002735","193052","191002","192010","20000","1","20000","0","20000","1","1","1","IAT2209191014","NHO2018000007","PAID","","193052"),
("IATT190002736","193022","191001","192003","30000","1","30000","0","30000","1","1","1","IAT2209191014","NHO2018000007","PAID","","193022"),
("IATT190002736","193052","191002","192010","20000","1","20000","0","20000","1","1","1","IAT2209191014","NHO2018000007","PAID","","193052"),
("IATT190002736","193082","191001","192001","30000","1","30000","0","30000","1","1","2","IAT2209191014","NHO2018000007","PAID","","193082"),
("IATT190002737","193005","191001","192001","37000","1","37000","18500","18500","1","1","1","IAT2209191014","NHO2018000007","PAID","","193005"),
("IATT190002737","193083","191001","192001","30000","1","30000","15000","15000","1","1","1","IAT2209191014","NHO2018000007","PAID","","193083"),
("IATT190002737","193046","191002","192010","10000","1","10000","0","10000","1","1","1","IAT2209191014","NHO2018000007","PAID","","193046"),
("IATT190002737","193055","191002","192010","17000","1","17000","0","17000","1","1","1","IAT2209191014","NHO2018000007","PAID","","193055"),
("IATT190002738","193011","191001","192001","40000","1","40000","20000","20000","1","1","1","IAT2209191014","NHO2018000007","PAID","pedasnya biasa aja","PEDAS"),
("IATT190002738","193086","191001","192002","33000","1","33000","16500","16500","1","1","1","IAT2209191014","NHO2018000007","PAID","pedasnya biasa aja","PEDAS"),
("IATT190002738","193054","191002","192010","20000","1","20000","0","20000","1","1","1","IAT2209191014","NHO2018000007","PAID","","193054"),
("IATT190002738","193047","191002","192010","10000","1","10000","0","10000","1","1","1","IAT2209191014","NHO2018000007","PAID","","193047"),
("IATT190002737","193047","191002","192010","10000","1","10000","0","10000","1","1","2","IAT2209191014","NHO2018000007","PAID","","193047"),
("IATT190002739","193021","191001","192002","40000","1","40000","20000","20000","1","1","1","IAT2209191014","NHO2018000007","PAID","","ORIGINAL"),
("IATT190002739","193033","191001","192005","42000","1","42000","21000","21000","1","1","1","IAT2209191014","NHO2018000007","PAID","","193033"),
("IATT190002739","193056","191002","192010","17000","1","17000","0","17000","1","1","1","IAT2209191014","NHO2018000007","PAID","","193056"),
("IATT190002739","193052","191002","192010","20000","1","20000","0","20000","1","1","1","IAT2209191014","NHO2018000007","PAID","","193052"),
("IATT190002740","193036","191001","192006","36000","1","36000","18000","18000","1","1","1","IAT2209191014","NHO2018000007","PAID","pedasnya sedang","PEDAS"),
("IATT190002740","193034","191001","192005","37000","1","37000","18500","18500","1","1","1","IAT2209191014","NHO2018000007","PAID","","193034"),
("IATT190002740","193056","191002","192010","17000","1","17000","0","17000","1","1","1","IAT2209191014","NHO2018000007","PAID","","193056"),
("IATT190002740","193049","191002","192010","10000","1","10000","0","10000","1","1","1","IAT2209191014","NHO2018000007","PAID","","193049"),
("IATT190002741","193011","191001","192001","40000","1","40000","20000","20000","1","1","1","IAT2209191014","NHO2018000007","PAID","lv 1","PEDAS"),
("IATT190002741","193078","191001","192001","30000","1","30000","15000","15000","1","1","1","IAT2209191014","NHO2018000007","PAID","lv 1","PEDAS"),
("IATT190002741","193009","191001","192001","40000","1","40000","20000","20000","1","1","1","IAT2209191014","NHO2018000007","PAID","","193009"),
("IATT190002741","193055","191002","192010","17000","1","17000","0","17000","1","1","1","IAT2209191014","NHO2018000007","PAID","","193055"),
("IATT190002742","193084","191001","192001","30000","1","30000","15000","15000","1","1","1","IAT2209191014","NHO2018000007","PAID","lv3","PEDAS"),
("IATT190002742","193036","191001","192006","36000","1","36000","18000","18000","1","1","1","IAT2209191014","NHO2018000007","PAID","","ORIGINAL"),
("IATT190002742","193024","191001","192003","30000","1","30000","0","30000","1","1","1","IAT2209191014","NHO2018000007","PAID","","193024"),
("IATT190002742","193047","191002","192010","10000","1","10000","0","10000","1","1","1","IAT2209191014","NHO2018000007","PAID","","193047"),
("IATT190002742","193047","191002","192010","10000","1","10000","0","10000","2","1","1","IAT2209191014","NHO2018000007","PAID","","193047"),
("IATT190002742","193047","191002","192010","10000","1","10000","0","10000","3","1","1","IAT2209191014","NHO2018000007","PAID","","193047"),
("IATT190002743","193084","191001","192001","30000","1","30000","0","30000","1","1","1","IAT2209191014","NHO2018000007","PAID","lv 2","PEDAS"),
("IATT190002743","193023","191001","192003","30000","1","30000","0","30000","1","1","1","IAT2209191014","NHO2018000007","PAID","","193023"),
("IATT190002743","193045","191001","192008","27000","1","27000","0","27000","1","1","1","IAT2209191014","NHO2018000007","PAID","","193045"),
("IATT190002743","193055","191002","192010","17000","1","17000","0","17000","1","1","1","IAT2209191014","NHO2018000007","PAID","","193055"),
("IATT190002743","193055","191002","192010","17000","1","17000","0","17000","2","1","1","IAT2209191014","NHO2018000007","PAID","","193055"),
("IATT190002743","193052","191002","192010","20000","1","20000","0","20000","1","1","1","IAT2209191014","NHO2018000007","PAID","","193052"),
("IATT190002744","193033","191001","192005","42000","1","42000","21000","21000","1","1","1","IAT2209191014","NHO2018000007","PAID","","193033"),
("IATT190002744","193010","191001","192001","40000","1","40000","20000","20000","1","1","1","IAT2209191014","NHO2018000007","PAID","toping chiken,chiken katsu pisah\nsambal pisah","193010");



INSERT INTO pos_salestemp VALUES("IATT190002733","","1","50000","20000","3000","0","33000","43000","22/09/2019","12:45","2019-09-22","13:22:02","ISU000012","tbl0012","CLOSED","1","","IATR190002655","","","","","IAT2209191014","NHO2018000007"),
("IATT190002734","","2","73000","32500","4050","0","44550","50000","22/09/2019","12:47","2019-09-22","13:20:17","ISU000012","tbl0008","CLOSED","1","","IATR190002654","","","","","IAT2209191014","NHO2018000007"),
("IATT190002735","","0","97000","30000","6700","0","73700","100000","22/09/2019","12:53","2019-09-22","13:30:23","ISU000012","tbl0010","CLOSED","1","","IATR190002656","","","","","IAT2209191014","NHO2018000007"),
("IATT190002736","","1","80000","0","8000","0","88000","88000","22/09/2019","13:41","2019-09-22","14:35:13","ISU000012","tbl0012","CLOSED","1","","IATR190002657","","","","","IAT2209191014","NHO2018000007"),
("IATT190002737","","2","104000","33500","7050","0","77550","100000","22/09/2019","16:18","2019-09-22","16:43:02","ISU000012","tbl0012","CLOSED","1","","IATR190002658","","","","","IAT2209191014","NHO2018000007"),
("IATT190002738","","2","103000","36500","6650","0","73150","100000","22/09/2019","16:22","2019-09-22","17:03:26","ISU000012","tbl0011","CLOSED","1","","IATR190002659","","","","","IAT2209191014","NHO2018000007"),
("IATT190002739","","2","119000","41000","7800","0","85800","85800","22/09/2019","17:14","2019-09-22","19:35:49","ISU000012","tbl0010","CLOSED","1","","IATR190002662","","","","","IAT2209191014","NHO2018000007"),
("IATT190002740","","2","100000","36500","6350","0","69850","70000","22/09/2019","17:24","2019-09-22","18:18:57","ISU000012","tbl0012","CLOSED","1","","IATR190002660","","","","","IAT2209191014","NHO2018000007"),
("IATT190002741","","2","127000","55000","7200","0","79200","100000","22/09/2019","18:35","2019-09-22","19:26:38","ISU000012","tbl0011","CLOSED","1","","IATR190002661","","","","","IAT2209191014","NHO2018000007"),
("IATT190002742","","2","126000","33000","9300","0","102300","102300","22/09/2019","18:55","2019-09-22","19:46:03","ISU000012","tbl0012","CLOSED","1","","IATR190002663","","","","","IAT2209191014","NHO2018000007"),
("IATT190002743","","3","141000","0","14100","0","155100","155100","22/09/2019","19:15","2019-09-22","19:55:38","ISU000012","tbl0013","CLOSED","1","","IATR190002664","","","","","IAT2209191014","NHO2018000007"),
("IATT190002744","","2","82000","41000","4100","0","45100","50000","22/09/2019","19:41","2019-09-22","20:28:58","ISU000012","tbl0010","CLOSED","1","","IATR190002665","","","","","IAT2209191014","NHO2018000007");






INSERT INTO pos_promotion_h VALUES("IATT190002734","NPRM18000017","DISC ITEM","1","32500","TUNJUKKAN JEMPOLMU","IAT2209191014","PAID","NHO2018000007"),
("IATT190002733","NPRM18000017","DISC ITEM","1","20000","TUNJUKKAN JEMPOLMU","IAT2209191014","PAID","NHO2018000007"),
("IATT190002735","NPRM18000017","DISC ITEM","1","30000","TUNJUKKAN JEMPOLMU","IAT2209191014","PAID","NHO2018000007"),
("IATT190002737","NPRM18000017","DISC ITEM","1","33500","TUNJUKKAN JEMPOLMU","IAT2209191014","PAID","NHO2018000007"),
("IATT190002738","NPRM18000017","DISC ITEM","1","36500","TUNJUKKAN JEMPOLMU","IAT2209191014","PAID","NHO2018000007"),
("IATT190002740","NPRM18000017","DISC ITEM","1","36500","TUNJUKKAN JEMPOLMU","IAT2209191014","PAID","NHO2018000007"),
("IATT190002741","NPRM18000017","DISC ITEM","1","55000","TUNJUKKAN JEMPOLMU","IAT2209191014","PAID","NHO2018000007"),
("IATT190002739","NPRM18000017","DISC ITEM","1","41000","TUNJUKKAN JEMPOLMU","IAT2209191014","PAID","NHO2018000007"),
("IATT190002742","NPRM18000017","DISC ITEM","1","33000","TUNJUKKAN JEMPOLMU","IAT2209191014","PAID","NHO2018000007"),
("IATT190002744","NPRM18000017","DISC ITEM","1","41000","TUNJUKKAN JEMPOLMU","IAT2209191014","PAID","NHO2018000007");



INSERT INTO pos_promotion_d VALUES("IATT190002734","NPRM18000017","DISC ITEM","1","1","193086","1","16500","IAT2209191014","PAID","NHO2018000007"),
("IATT190002734","NPRM18000017","DISC ITEM","1","1","193035","1","16000","IAT2209191014","PAID","NHO2018000007"),
("IATT190002733","NPRM18000017","DISC ITEM","1","1","193009","1","20000","IAT2209191014","PAID","NHO2018000007"),
("IATT190002735","NPRM18000017","DISC ITEM","1","1","193030","1","13500","IAT2209191014","PAID","NHO2018000007"),
("IATT190002735","NPRM18000017","DISC ITEM","1","1","193080","1","16500","IAT2209191014","PAID","NHO2018000007"),
("IATT190002737","NPRM18000017","DISC ITEM","1","1","193005","1","18500","IAT2209191014","PAID","NHO2018000007"),
("IATT190002737","NPRM18000017","DISC ITEM","1","1","193083","1","15000","IAT2209191014","PAID","NHO2018000007"),
("IATT190002738","NPRM18000017","DISC ITEM","1","1","193011","1","20000","IAT2209191014","PAID","NHO2018000007"),
("IATT190002738","NPRM18000017","DISC ITEM","1","1","193086","1","16500","IAT2209191014","PAID","NHO2018000007"),
("IATT190002740","NPRM18000017","DISC ITEM","1","1","193036","1","18000","IAT2209191014","PAID","NHO2018000007"),
("IATT190002740","NPRM18000017","DISC ITEM","1","1","193034","1","18500","IAT2209191014","PAID","NHO2018000007"),
("IATT190002741","NPRM18000017","DISC ITEM","1","1","193011","1","20000","IAT2209191014","PAID","NHO2018000007"),
("IATT190002741","NPRM18000017","DISC ITEM","1","1","193078","1","15000","IAT2209191014","PAID","NHO2018000007"),
("IATT190002741","NPRM18000017","DISC ITEM","1","1","193009","1","20000","IAT2209191014","PAID","NHO2018000007"),
("IATT190002739","NPRM18000017","DISC ITEM","1","1","193021","1","20000","IAT2209191014","PAID","NHO2018000007"),
("IATT190002739","NPRM18000017","DISC ITEM","1","1","193033","1","21000","IAT2209191014","PAID","NHO2018000007"),
("IATT190002742","NPRM18000017","DISC ITEM","1","1","193084","1","15000","IAT2209191014","PAID","NHO2018000007"),
("IATT190002742","NPRM18000017","DISC ITEM","1","1","193036","1","18000","IAT2209191014","PAID","NHO2018000007"),
("IATT190002744","NPRM18000017","DISC ITEM","1","1","193033","1","21000","IAT2209191014","PAID","NHO2018000007"),
("IATT190002744","NPRM18000017","DISC ITEM","1","1","193010","1","20000","IAT2209191014","PAID","NHO2018000007");



INSERT INTO pos_paymenttemp VALUES("IATT190002734","CASH","CASH","44550","50000","ISU000012","2019-09-22","","1","","CLOSED","IAT2209191014","NHO2018000007"),
("IATT190002733","CASH","CASH","33000","43000","ISU000012","2019-09-22","","1","","CLOSED","IAT2209191014","NHO2018000007"),
("IATT190002735","CASH","CASH","73700","100000","ISU000012","2019-09-22","","1","","CLOSED","IAT2209191014","NHO2018000007"),
("IATT190002736","CASH","OVO","88000","88000","ISU000012","2019-09-22","","1","","CLOSED","IAT2209191014","NHO2018000007"),
("IATT190002737","CASH","CASH","77550","100000","ISU000012","2019-09-22","","1","","CLOSED","IAT2209191014","NHO2018000007"),
("IATT190002738","CASH","CASH","73150","100000","ISU000012","2019-09-22","","1","","CLOSED","IAT2209191014","NHO2018000007"),
("IATT190002740","CASH","CASH","69850","70000","ISU000012","2019-09-22","","1","","CLOSED","IAT2209191014","NHO2018000007"),
("IATT190002741","CASH","CASH","79200","100000","ISU000012","2019-09-22","","1","","CLOSED","IAT2209191014","NHO2018000007"),
("IATT190002739","CARD","MASTER","85800","85800","ISU000012","2019-09-22","","1","","CLOSED","IAT2209191014","NHO2018000007"),
("IATT190002742","CARD","DEBIT BCA","102300","102300","ISU000012","2019-09-22","","1","","CLOSED","IAT2209191014","NHO2018000007"),
("IATT190002743","CASH","CASH","155100","155100","ISU000012","2019-09-22","","1","","CLOSED","IAT2209191014","NHO2018000007"),
("IATT190002744","CASH","CASH","45100","50000","ISU000012","2019-09-22","","1","","CLOSED","IAT2209191014","NHO2018000007");



