INSERT INTO pos_itemtemp VALUES("IATT190000897","193082","191001","192001","30000","1","30000","0","30000","1","1","1","IAT2806190912","NHO2018000007","PAID","","193082"),
("IATT190000897","193040","191001","192008","20000","1","20000","0","20000","1","1","1","IAT2806190912","NHO2018000007","PAID","","193040"),
("IATT190000897","193046","191002","192010","8000","1","8000","0","8000","1","1","1","IAT2806190912","NHO2018000007","PAID","","193046"),
("IATT190000898","193084","191001","192001","30000","1","30000","0","30000","1","1","1","IAT2806190912","NHO2018000007","PAID","level 2","PEDAS"),
("IATT190000898","193056","191002","192010","17000","1","17000","0","17000","1","1","1","IAT2806190912","NHO2018000007","PAID","","193056"),
("IATT190000899","193047","191002","192010","8000","1","8000","0","8000","1","1","1","IAT2806190912","NHO2018000007","PAID","","193047"),
("IATT190000899","193047","191002","192010","8000","1","8000","0","8000","2","1","1","IAT2806190912","NHO2018000007","PAID","","193047"),
("IATT190000899","193084","191001","192001","30000","1","30000","0","30000","1","1","1","IAT2806190912","NHO2018000007","PAID","lvl 1","PEDAS"),
("IATT190000899","193086","191001","192002","33000","1","33000","0","33000","1","1","1","IAT2806190912","NHO2018000007","PAID","lvl 2","PEDAS"),
("IATT190000898","193050","191002","192010","20000","1","20000","0","20000","1","1","2","IAT2806190912","NHO2018000007","PAID","","193050"),
("IATT190000900","193010","191001","192001","40000","1","40000","0","40000","1","1","1","IAT2806190912","NHO2018000007","PAID","level 2","193010"),
("IATT190000900","193047","191002","192010","8000","1","8000","0","8000","1","1","1","IAT2806190912","NHO2018000007","PAID","","193047"),
("IATT190000900","193047","191002","192010","8000","1","8000","0","8000","2","1","1","IAT2806190912","NHO2018000007","PAID","","193047"),
("IATT190000900","193071","191001","192012","18000","1","18000","0","18000","1","1","2","IAT2806190912","NHO2018000007","PAID","","193071"),
("IATT190000900","193022","191001","192003","30000","1","30000","0","30000","1","1","3","IAT2806190912","NHO2018000007","PAID","","193022"),
("IATT190000901","193084","191001","192001","30000","1","30000","0","30000","1","1","1","IAT2806190912","NHO2018000007","PAID","lvl 1 dan lvl 2","PEDAS"),
("IATT190000901","193084","191001","192001","30000","1","30000","0","30000","2","1","1","IAT2806190912","NHO2018000007","PAID","","PEDAS"),
("IATT190000901","193071","191001","192012","18000","1","18000","0","18000","1","1","1","IAT2806190912","NHO2018000007","PAID","","193071"),
("IATT190000901","193070","191001","192012","13000","1","13000","0","13000","1","1","1","IAT2806190912","NHO2018000007","PAID","","193070"),
("IATT190000901","193046","191002","192010","8000","1","8000","0","8000","1","1","1","IAT2806190912","NHO2018000007","PAID","","193046"),
("IATT190000902","193009","191001","192001","40000","1","40000","0","40000","1","1","1","IAT2806190912","NHO2018000007","PAID","","193009"),
("IATT190000902","193072","191001","192012","25000","1","25000","0","25000","1","1","1","IAT2806190912","NHO2018000007","PAID","","193072"),
("IATT190000902","193046","191002","192010","8000","1","8000","0","8000","1","1","1","IAT2806190912","NHO2018000007","PAID","","193046"),
("IATT190000903","193024","191001","192003","30000","1","30000","0","30000","1","1","1","IAT2806190912","NHO2018000007","PAID","yg satu salad gak pake mayo","193024"),
("IATT190000903","193024","191001","192003","30000","1","30000","0","30000","2","1","1","IAT2806190912","NHO2018000007","PAID","","193024"),
("IATT190000904","193005","191001","192001","37000","1","37000","0","37000","1","1","1","IAT2806190912","NHO2018000007","PAID","","193005"),
("IATT190000904","193046","191002","192010","8000","1","8000","0","8000","1","1","1","IAT2806190912","NHO2018000007","PAID","","193046"),
("IATT190000899","193084","191001","192001","30000","1","30000","0","30000","2","1","2","IAT2806190912","NHO2018000007","PAID","level 1","PEDAS"),
("IATT190000899","193047","191002","192010","8000","1","8000","0","8000","3","1","2","IAT2806190912","NHO2018000007","PAID","","193047"),
("IATT190000899","193047","191002","192010","8000","1","8000","0","8000","4","1","2","IAT2806190912","NHO2018000007","PAID","","193047"),
("IATT190000905","193025","191001","192003","30000","1","30000","0","30000","1","1","1","IAT2806190912","NHO2018000007","PAID","","193025"),
("IATT190000905","193024","191001","192003","30000","1","30000","0","30000","1","1","1","IAT2806190912","NHO2018000007","PAID","","193024"),
("IATT190000905","193007","191001","192001","37000","1","37000","0","37000","1","1","1","IAT2806190912","NHO2018000007","PAID","","PEDAS"),
("IATT190000905","193034","191001","192005","37000","1","37000","0","37000","1","1","1","IAT2806190912","NHO2018000007","PAID","","193034"),
("IATT190000905","193047","191002","192010","8000","1","8000","0","8000","1","1","1","IAT2806190912","NHO2018000007","PAID","","193047"),
("IATT190000905","193047","191002","192010","8000","1","8000","0","8000","2","1","1","IAT2806190912","NHO2018000007","PAID","","193047"),
("IATT190000905","193046","191002","192010","8000","1","8000","0","8000","1","1","1","IAT2806190912","NHO2018000007","PAID","","193046"),
("IATT190000905","193046","191002","192010","8000","1","8000","0","8000","2","1","1","IAT2806190912","NHO2018000007","PAID","","193046"),
("IATT190000906","193084","191001","192001","30000","1","30000","0","30000","1","1","1","IAT2806190912","NHO2018000007","PAID","lvl 1","PEDAS"),
("IATT190000906","193056","191002","192010","17000","1","17000","0","17000","1","1","1","IAT2806190912","NHO2018000007","PAID","","193056"),
("IATT190000906","193071","191001","192012","18000","1","18000","0","18000","1","1","1","IAT2806190912","NHO2018000007","PAID","","193071"),
("IATT190000901","193087","191001","192002","33000","1","33000","0","33000","1","1","2","IAT2806190912","NHO2018000007","PAID","","193087"),
("IATT190000907","193010","191001","192001","40000","1","40000","0","40000","1","1","1","IAT2806190912","NHO2018000007","PAID","","193010"),
("IATT190000907","193021","191001","192002","40000","1","40000","0","40000","1","1","1","IAT2806190912","NHO2018000007","PAID","","ORIGINAL"),
("IATT190000907","193048","191002","192010","8000","1","8000","0","8000","1","1","1","IAT2806190912","NHO2018000007","PAID","","193048"),
("IATT190000907","193048","191002","192010","8000","1","8000","0","8000","2","1","1","IAT2806190912","NHO2018000007","PAID","","193048"),
("IATT190000903","193048","191002","192010","8000","1","8000","0","8000","1","1","2","IAT2806190912","NHO2018000007","PAID","","193048"),
("IATT190000903","193048","191002","192010","8000","1","8000","0","8000","2","1","2","IAT2806190912","NHO2018000007","PAID","","193048"),
("IATT190000908","193024","191001","192003","30000","1","30000","0","30000","1","1","1","IAT2806190912","NHO2018000007","PAID","","193024"),
("IATT190000908","193050","191002","192010","20000","1","20000","0","20000","1","1","1","IAT2806190912","NHO2018000007","PAID","","193050"),
("IATT190000908","193028","191001","192003","43000","1","43000","0","43000","1","1","1","IAT2806190912","NHO2018000007","PAID","","193028"),
("IATT190000908","193054","191002","192010","20000","1","20000","0","20000","1","1","1","IAT2806190912","NHO2018000007","PAID","","193054"),
("IATT190000909","193007","191001","192001","37000","1","37000","0","37000","1","1","1","IAT2806190912","NHO2018000007","PAID","level 2","PEDAS"),
("IATT190000909","193047","191002","192010","8000","1","8000","0","8000","1","1","1","IAT2806190912","NHO2018000007","PAID","","193047"),
("IATT190000909","193047","191002","192010","8000","1","8000","0","8000","2","1","1","IAT2806190912","NHO2018000007","PAID","","193047"),
("IATT190000910","193028","191001","192003","43000","1","43000","0","43000","1","1","1","IAT2806190912","NHO2018000007","PAID","","193028"),
("IATT190000910","193054","191002","192010","20000","1","20000","0","20000","1","1","1","IAT2806190912","NHO2018000007","PAID","","193054"),
("IATT190000910","193056","191002","192010","17000","1","17000","0","17000","1","1","1","IAT2806190912","NHO2018000007","PAID","","193056"),
("IATT190000910","193069","191001","192012","13000","1","13000","0","13000","1","1","1","IAT2806190912","NHO2018000007","PAID","","193069"),
("IATT190000909","193093","191001","192013","5000","1","5000","0","5000","1","1","2","IAT2806190912","NHO2018000007","PAID","","193093"),
("IATT190000911","193093","191001","192013","5000","1","5000","0","5000","1","1","1","IAT2806190912","NHO2018000007","PAID","lvl 3","193093"),
("IATT190000912","193030","191001","192004","27000","1","27000","0","27000","1","1","1","IAT2806190912","NHO2018000007","PAID","","193030"),
("IATT190000912","193030","191001","192004","27000","1","27000","0","27000","2","1","1","IAT2806190912","NHO2018000007","PAID","","193030"),
("IATT190000911","193093","191001","192013","5000","1","5000","0","5000","2","1","2","IAT2806190912","NHO2018000007","PAID","","193093"),
("IATT190000913","193092","191001","192013","5000","1","5000","0","5000","1","1","1","IAT2806190912","NHO2018000007","PAID","","193092"),
("IATT190000914","193051","191002","192010","20000","1","20000","0","20000","1","1","1","IAT2806190912","NHO2018000007","PAID","","193051"),
("IATT190000914","193053","191002","192010","20000","1","20000","0","20000","1","1","1","IAT2806190912","NHO2018000007","PAID","","193053"),
("IATT190000914","193056","191002","192010","17000","1","17000","0","17000","1","1","1","IAT2806190912","NHO2018000007","PAID","","193056"),
("IATT190000914","193050","191002","192010","20000","1","20000","0","20000","1","1","1","IAT2806190912","NHO2018000007","PAID","","193050"),
("IATT190000914","193094","191001","192013","5000","1","5000","0","5000","1","1","2","IAT2806190912","NHO2018000007","PAID","jgn d buat","193094"),
("IATT190000914","193094","191001","192013","5000","1","5000","0","5000","2","1","2","IAT2806190912","NHO2018000007","PAID","","193094"),
("IATT190000914","193094","191001","192013","5000","1","5000","0","5000","3","1","2","IAT2806190912","NHO2018000007","PAID","","193094"),
("IATT190000914","193094","191001","192013","5000","1","5000","0","5000","4","1","2","IAT2806190912","NHO2018000007","PAID","","193094"),
("IATT190000915","193094","191001","192013","5000","1","5000","0","5000","1","1","1","IAT2806190912","NHO2018000007","PAID","","193094"),
("IATT190000915","193094","191001","192013","5000","1","5000","0","5000","2","1","1","IAT2806190912","NHO2018000007","PAID","","193094"),
("IATT190000915","193089","191001","192013","5000","1","5000","0","5000","1","1","1","IAT2806190912","NHO2018000007","PAID","sambel pisah","193089"),
("IATT190000915","193089","191001","192013","5000","1","5000","0","5000","2","1","1","IAT2806190912","NHO2018000007","PAID","","193089"),
("IATT190000915","193090","191001","192013","5000","1","5000","0","5000","1","1","2","IAT2806190912","NHO2018000007","PAID","","193090"),
("IATT190000916","193091","191001","192013","5000","1","5000","0","5000","1","1","1","IAT2806190912","NHO2018000007","PAID","","193091"),
("IATT190000917","193092","191001","192013","5000","1","5000","0","5000","1","1","1","IAT2806190912","NHO2018000007","PAID","sambel pisah","193092"),
("IATT190000917","193092","191001","192013","5000","1","5000","0","5000","2","1","1","IAT2806190912","NHO2018000007","PAID","","193092"),
("IATT190000917","193092","191001","192013","5000","1","5000","0","5000","3","1","1","IAT2806190912","NHO2018000007","PAID","","193092"),
("IATT190000917","193092","191001","192013","5000","1","5000","0","5000","4","1","1","IAT2806190912","NHO2018000007","PAID","","193092"),
("IATT190000918","193092","191001","192013","5000","1","5000","0","5000","1","1","1","IAT2806190912","NHO2018000007","PAID","sambel pisah","193092"),
("IATT190000919","193094","191001","192013","5000","1","5000","0","5000","1","1","1","IAT2806190912","NHO2018000007","PAID","sambel pisah","193094"),
("IATT190000919","193094","191001","192013","5000","1","5000","0","5000","2","1","1","IAT2806190912","NHO2018000007","PAID","","193094"),
("IATT190000919","193022","191001","192003","30000","1","30000","0","30000","1","1","1","IAT2806190912","NHO2018000007","PAID","","193022"),
("IATT190000919","193055","191002","192010","17000","1","17000","0","17000","1","1","1","IAT2806190912","NHO2018000007","PAID","","193055"),
("IATT190000919","193049","191002","192010","10000","1","10000","0","10000","1","1","1","IAT2806190912","NHO2018000007","PAID","","193049"),
("IATT190000920","193094","191001","192013","5000","1","5000","0","5000","1","1","1","IAT2806190912","NHO2018000007","PAID","","193094"),
("IATT190000920","193056","191002","192010","17000","1","17000","0","17000","1","1","1","IAT2806190912","NHO2018000007","PAID","","193056"),
("IATT190000921","193094","191001","192013","5000","1","5000","0","5000","1","1","1","IAT2806190912","NHO2018000007","PAID","","193094"),
("IATT190000921","193046","191002","192010","8000","1","8000","0","8000","1","1","1","IAT2806190912","NHO2018000007","PAID","","193046"),
("IATT190000922","193035","191001","192006","32000","1","32000","0","32000","1","1","1","IAT2806190912","NHO2018000007","PAID","","ORIGINAL"),
("IATT190000922","193050","191002","192010","20000","1","20000","0","20000","1","1","1","IAT2806190912","NHO2018000007","PAID","","193050"),
("IATT190000922","193009","191001","192001","40000","1","40000","0","40000","1","1","2","IAT2806190912","NHO2018000007","PAID","kuah pisah sambel pisah take away","193009"),
("IATT190000922","193011","191001","192001","40000","1","40000","0","40000","1","1","2","IAT2806190912","NHO2018000007","PAID","kuah pisah sambel pisah take away","ORIGINAL"),
("IATT190000923","193094","191001","192013","5000","1","5000","0","5000","1","1","1","IAT2806190912","NHO2018000007","PAID","lvl 3,mateng","193094"),
("IATT190000923","193091","191001","192013","5000","1","5000","0","5000","1","1","1","IAT2806190912","NHO2018000007","PAID","","193091"),
("IATT190000923","193090","191001","192013","5000","1","5000","0","5000","1","1","1","IAT2806190912","NHO2018000007","PAID","","193090"),
("IATT190000924","193035","191001","192006","32000","1","32000","0","32000","1","1","1","IAT2806190912","NHO2018000007","PAID","","PEDAS"),
("IATT190000924","193090","191001","192013","5000","1","5000","0","5000","1","1","1","IAT2806190912","NHO2018000007","PAID","lvel 3,lvl 2","193090"),
("IATT190000924","193090","191001","192013","5000","1","5000","0","5000","2","1","1","IAT2806190912","NHO2018000007","PAID","","193090"),
("IATT190000924","193055","191002","192010","17000","1","17000","0","17000","1","1","1","IAT2806190912","NHO2018000007","PAID","","193055"),
("IATT190000924","193055","191002","192010","17000","1","17000","0","17000","2","1","1","IAT2806190912","NHO2018000007","PAID","","193055"),
("IATT190000924","193056","191002","192010","17000","1","17000","0","17000","1","1","1","IAT2806190912","NHO2018000007","PAID","","193056"),
("IATT190000925","193029","191001","192004","27000","1","27000","0","27000","1","1","1","IAT2806190912","NHO2018000007","PAID","","193029"),
("IATT190000925","193094","191001","192013","5000","1","5000","0","5000","1","1","1","IAT2806190912","NHO2018000007","PAID","lvl 2","193094"),
("IATT190000925","193047","191002","192010","8000","1","8000","0","8000","1","1","1","IAT2806190912","NHO2018000007","PAID","","193047"),
("IATT190000926","193092","191001","192013","5000","1","5000","0","5000","1","1","1","IAT2806190912","NHO2018000007","PAID","original\n","193092"),
("IATT190000926","193051","191002","192010","20000","1","20000","0","20000","1","1","1","IAT2806190912","NHO2018000007","PAID","","193051"),
("IATT190000927","193094","191001","192013","5000","1","5000","0","5000","1","1","1","IAT2806190912","NHO2018000007","PAID","","193094"),
("IATT190000927","193094","191001","192013","5000","1","5000","0","5000","2","1","1","IAT2806190912","NHO2018000007","PAID","","193094"),
("IATT190000927","193047","191002","192010","8000","1","8000","0","8000","1","1","1","IAT2806190912","NHO2018000007","PAID","","193047"),
("IATT190000927","193053","191002","192010","20000","1","20000","0","20000","1","1","1","IAT2806190912","NHO2018000007","PAID","","193053"),
("IATT190000928","193093","191001","192013","5000","1","5000","0","5000","1","1","1","IAT2806190912","NHO2018000007","PAID","","193093"),
("IATT190000928","193093","191001","192013","5000","1","5000","0","5000","2","1","1","IAT2806190912","NHO2018000007","PAID","","193093"),
("IATT190000928","193024","191001","192003","30000","1","30000","0","30000","1","1","1","IAT2806190912","NHO2018000007","PAID","","193024"),
("IATT190000928","193022","191001","192003","30000","1","30000","0","30000","1","1","1","IAT2806190912","NHO2018000007","PAID","","193022"),
("IATT190000928","193055","191002","192010","17000","1","17000","0","17000","1","1","1","IAT2806190912","NHO2018000007","PAID","","193055"),
("IATT190000928","193048","191002","192010","8000","1","8000","0","8000","1","1","1","IAT2806190912","NHO2018000007","PAID","","193048"),
("IATT190000929","193090","191001","192013","5000","1","5000","0","5000","1","1","1","IAT2806190912","NHO2018000007","PAID","","193090"),
("IATT190000929","193090","191001","192013","5000","1","5000","0","5000","2","1","2","IAT2806190912","NHO2018000007","PAID","","193090"),
("IATT190000931","193024","191001","192003","30000","1","30000","0","30000","1","1","1","IAT2806190912","NHO2018000007","PAID","","193024"),
("IATT190000931","193024","191001","192003","30000","1","30000","0","30000","2","1","1","IAT2806190912","NHO2018000007","PAID","","193024"),
("IATT190000931","193055","191002","192010","17000","1","17000","0","17000","1","1","1","IAT2806190912","NHO2018000007","PAID","","193055"),
("IATT190000931","193047","191002","192010","8000","1","8000","0","8000","1","1","1","IAT2806190912","NHO2018000007","PAID","","193047"),
("IATT190000932","193034","191001","192005","37000","1","37000","0","37000","1","1","1","IAT2806190912","NHO2018000007","PAID","","193034"),
("IATT190000932","193094","191001","192013","5000","1","5000","0","5000","1","1","1","IAT2806190912","NHO2018000007","PAID","","193094"),
("IATT190000932","193055","191002","192010","17000","1","17000","0","17000","1","1","1","IAT2806190912","NHO2018000007","PAID","","193055"),
("IATT190000932","193046","191002","192010","8000","1","8000","0","8000","1","1","1","IAT2806190912","NHO2018000007","PAID","","193046"),
("IATT190000933","193022","191001","192003","30000","1","30000","0","30000","1","1","1","IAT2806190912","NHO2018000007","PAID","","193022"),
("IATT190000933","193028","191001","192003","43000","1","43000","0","43000","1","1","1","IAT2806190912","NHO2018000007","PAID","","193028"),
("IATT190000933","193094","191001","192013","5000","1","5000","0","5000","1","1","1","IAT2806190912","NHO2018000007","PAID","","193094"),
("IATT190000933","193048","191002","192010","8000","1","8000","0","8000","1","1","1","IAT2806190912","NHO2018000007","PAID","","193048"),
("IATT190000933","193048","191002","192010","8000","1","8000","0","8000","2","1","1","IAT2806190912","NHO2018000007","PAID","","193048"),
("IATT190000933","193048","191002","192010","8000","1","8000","0","8000","3","1","1","IAT2806190912","NHO2018000007","PAID","","193048"),
("IATT190000934","193036","191001","192006","36000","1","36000","0","36000","1","1","1","IAT2806190912","NHO2018000007","PAID","","ORIGINAL"),
("IATT190000934","193035","191001","192006","32000","1","32000","0","32000","1","1","1","IAT2806190912","NHO2018000007","PAID","","ORIGINAL"),
("IATT190000934","193094","191001","192013","5000","1","5000","0","5000","1","1","1","IAT2806190912","NHO2018000007","PAID","","193094"),
("IATT190000934","193053","191002","192010","20000","1","20000","0","20000","1","1","1","IAT2806190912","NHO2018000007","PAID","","193053"),
("IATT190000934","193055","191002","192010","17000","1","17000","0","17000","1","1","1","IAT2806190912","NHO2018000007","PAID","","193055"),
("IATT190000933","193047","191002","192010","8000","1","8000","0","8000","1","1","2","IAT2806190912","NHO2018000007","PAID","","193047"),
("IATT190000935","193094","191001","192013","5000","1","5000","0","5000","1","1","1","IAT2806190912","NHO2018000007","PAID","lvl 2","193094"),
("IATT190000935","193090","191001","192013","5000","1","5000","0","5000","1","1","1","IAT2806190912","NHO2018000007","PAID","sambel pisah","193090"),
("IATT190000936","193094","191001","192013","5000","1","5000","0","5000","1","1","1","IAT2806190912","NHO2018000007","PAID","yg 1 lvel 2 yg 1 lvel 3","193094"),
("IATT190000936","193094","191001","192013","5000","1","5000","0","5000","2","1","1","IAT2806190912","NHO2018000007","PAID","","193094"),
("IATT190000936","193069","191001","192012","13000","1","13000","0","13000","1","1","1","IAT2806190912","NHO2018000007","PAID","","193069"),
("IATT190000936","193055","191002","192010","17000","1","17000","0","17000","1","1","1","IAT2806190912","NHO2018000007","PAID","","193055"),
("IATT190000936","193055","191002","192010","17000","1","17000","0","17000","2","1","1","IAT2806190912","NHO2018000007","PAID","","193055"),
("IATT190000934","193048","191002","192010","8000","1","8000","0","8000","1","1","2","IAT2806190912","NHO2018000007","PAID","","193048"),
("IATT190000937","193034","191001","192005","37000","1","37000","0","37000","1","1","1","IAT2806190912","NHO2018000007","PAID","","193034"),
("IATT190000937","193033","191001","192005","42000","1","42000","0","42000","1","1","1","IAT2806190912","NHO2018000007","PAID","","193033"),
("IATT190000937","193049","191002","192010","10000","1","10000","0","10000","1","1","1","IAT2806190912","NHO2018000007","PAID","","193049"),
("IATT190000937","193056","191002","192010","17000","1","17000","0","17000","1","1","1","IAT2806190912","NHO2018000007","PAID","","193056"),
("IATT190000938","193028","191001","192003","43000","1","43000","0","43000","1","1","1","IAT2806190912","NHO2018000007","PAID","","193028"),
("IATT190000938","193028","191001","192003","43000","1","43000","0","43000","2","1","1","IAT2806190912","NHO2018000007","PAID","","193028"),
("IATT190000938","193027","191001","192003","43000","1","43000","0","43000","1","1","1","IAT2806190912","NHO2018000007","PAID","","193027"),
("IATT190000938","193009","191001","192001","40000","1","40000","0","40000","1","1","1","IAT2806190912","NHO2018000007","PAID","","193009"),
("IATT190000938","193041","191001","192008","20000","1","20000","0","20000","1","1","1","IAT2806190912","NHO2018000007","PAID","","193041"),
("IATT190000938","193056","191002","192010","17000","1","17000","0","17000","1","1","1","IAT2806190912","NHO2018000007","PAID","","193056"),
("IATT190000938","193056","191002","192010","17000","1","17000","0","17000","2","1","1","IAT2806190912","NHO2018000007","PAID","","193056"),
("IATT190000938","193055","191002","192010","17000","1","17000","0","17000","1","1","1","IAT2806190912","NHO2018000007","PAID","","193055"),
("IATT190000938","193055","191002","192010","17000","1","17000","0","17000","2","1","1","IAT2806190912","NHO2018000007","PAID","","193055"),
("IATT190000938","193055","191002","192010","17000","1","17000","0","17000","3","1","1","IAT2806190912","NHO2018000007","PAID","","193055"),
("IATT190000939","193027","191001","192003","43000","1","43000","0","43000","1","1","1","IAT2806190912","NHO2018000007","PAID","","193027"),
("IATT190000939","193083","191001","192001","30000","1","30000","0","30000","1","1","1","IAT2806190912","NHO2018000007","PAID","lvl 1","193083"),
("IATT190000939","193056","191002","192010","17000","1","17000","0","17000","1","1","1","IAT2806190912","NHO2018000007","PAID","","193056"),
("IATT190000939","193055","191002","192010","17000","1","17000","0","17000","1","1","1","IAT2806190912","NHO2018000007","PAID","","193055"),
("IATT190000939","193048","191002","192010","8000","1","8000","0","8000","1","1","2","IAT2806190912","NHO2018000007","PAID","","193048"),
("IATT190000938","193048","191002","192010","8000","1","8000","0","8000","1","1","2","IAT2806190912","NHO2018000007","PAID","","193048"),
("IATT190000940","193095","191001","192013","5000","1","5000","0","5000","1","1","1","IAT2806190912","NHO2018000007","PAID","take away\nkuah pisah\nbeefnya banyakin ya\nehehehehehhe\n","193095"),
("IATT190000941","193094","191001","192013","5000","1","5000","0","5000","1","1","1","IAT2806190912","NHO2018000007","PAID","bungkus jg buat sasa","193094"),
("IATT190000942","193090","191001","192013","5000","1","5000","0","5000","1","1","1","IAT2806190912","NHO2018000007","PAID","bungkus juga buat ayang mbeph cindy elsin\nkwkwkwwk","193090");



INSERT INTO pos_salestemp VALUES("IATT190000897","","1","58000","0","5800","0","63800","65000","28/06/2019","12:02","2019-06-28","12:27:31","ISU000012","tbl0014","CLOSED","1","","IATR190000869","","","","","IAT2806190912","NHO2018000007"),
("IATT190000898","","1","67000","0","6700","0","73700","73700","28/06/2019","12:06","2019-06-28","12:47:09","ISU000012","tbl0012","CLOSED","1","","IATR190000871","","","","","IAT2806190912","NHO2018000007"),
("IATT190000899","","2","125000","0","12500","0","137500","137500","28/06/2019","12:16","2019-06-28","13:29:29","ISU000012","tbl0011","CLOSED","1","","IATR190000875","","","","","IAT2806190912","NHO2018000007"),
("IATT190000900","","2","104000","0","10400","0","114400","114400","28/06/2019","12:18","2019-06-28","12:45:03","ISU000012","tbl0010","CLOSED","1","","IATR190000870","","","","","IAT2806190912","NHO2018000007"),
("IATT190000901","","3","132000","0","13200","0","145200","145200","28/06/2019","12:35","2019-06-28","13:24:33","ISU000012","tbl0020","CLOSED","1","","IATR190000874","","","","","IAT2806190912","NHO2018000007"),
("IATT190000902","","1","73000","0","7300","0","80300","100500","28/06/2019","12:38","2019-06-28","13:09:01","ISU000012","tbl0007","CLOSED","1","","IATR190000872","","","","","IAT2806190912","NHO2018000007"),
("IATT190000903","","2","76000","0","7600","0","83600","100000","28/06/2019","12:40","2019-06-28","13:20:24","ISU000012","tbl0009","CLOSED","1","","IATR190000873","","","","","IAT2806190912","NHO2018000007"),
("IATT190000904","","1","45000","0","4500","0","49500","49500","28/06/2019","12:41","2019-06-28","13:30:42","ISU000012","tbl0005","CLOSED","1","","IATR190000876","","","","","IAT2806190912","NHO2018000007"),
("IATT190000905","","3","166000","0","16600","0","182600","182600","28/06/2019","12:51","2019-06-28","13:39:40","ISU000012","tbl0013","CLOSED","1","","IATR190000878","","","","","IAT2806190912","NHO2018000007"),
("IATT190000906","","1","65000","0","6500","0","71500","100500","28/06/2019","12:55","2019-06-28","13:52:01","ISU000012","tbl0006","CLOSED","1","","IATR190000879","","","","","IAT2806190912","NHO2018000007"),
("IATT190000907","","2","96000","0","9600","0","105600","106000","28/06/2019","13:04","2019-06-28","13:35:18","ISU000012","tbl0012","CLOSED","1","","IATR190000877","","","","","IAT2806190912","NHO2018000007"),
("IATT190000908","","2","113000","0","11300","0","124300","150000","28/06/2019","13:53","2019-06-28","14:50:53","ISU000012","tbl0010","CLOSED","1","","IATR190000882","","","","","IAT2806190912","NHO2018000007"),
("IATT190000909","","2","58000","0","5800","0","63800","100000","28/06/2019","14:07","2019-06-28","14:37:21","ISU000012","tbl0012","CLOSED","1","","IATR190000880","","","","","IAT2806190912","NHO2018000007"),
("IATT190000910","","2","93000","0","9300","0","102300","102300","28/06/2019","14:14","2019-06-28","14:42:21","ISU000012","tbl0011","CLOSED","1","","IATR190000881","","","","","IAT2806190912","NHO2018000007"),
("IATT190000911","","2","10000","0","1000","0","11000","15000","28/06/2019","14:35","2019-06-28","15:33:25","ISU000012","tbl0019","CLOSED","1","","IATR190000883","","","","","IAT2806190912","NHO2018000007"),
("IATT190000912","","2","54000","0","5400","0","59400","59400","28/06/2019","14:44","2019-06-28","15:35:54","ISU000012","tbl0020","CLOSED","1","","IATR190000884","","","","","IAT2806190912","NHO2018000007"),
("IATT190000913","","1","5000","0","500","0","5500","6000","28/06/2019","15:18","2019-06-28","15:36:41","ISU000012","tbl0050","CLOSED","1","","IATR190000885","","","","","IAT2806190912","NHO2018000007"),
("IATT190000914","","4","97000","0","9700","0","106700","150000","28/06/2019","15:21","2019-06-28","16:01:36","ISU000012","tbl0013","CLOSED","1","","IATR190000886","","","","","IAT2806190912","NHO2018000007"),
("IATT190000915","","4","25000","0","2500","0","27500","30000","28/06/2019","15:28","2019-06-28","16:04:22","ISU000012","tbl0012","CLOSED","1","","IATR190000887","","","","","IAT2806190912","NHO2018000007"),
("IATT190000916","","1","5000","0","500","0","5500","50000","28/06/2019","15:59","2019-06-28","16:36:59","ISU000012","tbl0018","CLOSED","1","","IATR190000888","","","","","IAT2806190912","NHO2018000007"),
("IATT190000917","","4","20000","0","2000","0","22000","25000","28/06/2019","16:04","2019-06-28","16:37:51","ISU000012","tbl0011","CLOSED","1","","IATR190000889","","","","","IAT2806190912","NHO2018000007"),
("IATT190000918","","1","5000","0","500","0","5500","6000","28/06/2019","16:05","2019-06-28","16:38:12","ISU000012","tbl0030","CLOSED","1","","IATR190000890","","","","","IAT2806190912","NHO2018000007"),
("IATT190000919","","2","67000","0","6700","0","73700","100000","28/06/2019","16:12","2019-06-28","16:39:48","ISU000012","tbl0019","CLOSED","1","","IATR190000891","","","","","IAT2806190912","NHO2018000007"),
("IATT190000920","","1","22000","0","2200","0","24200","54200","28/06/2019","16:23","2019-06-28","17:09:51","ISU000012","tbl0010","CLOSED","1","","IATR190000894","","","","","IAT2806190912","NHO2018000007"),
("IATT190000921","","1","13000","0","1300","0","14300","15000","28/06/2019","16:24","2019-06-28","17:06:27","ISU000012","tbl0012","CLOSED","1","","IATR190000893","","","","","IAT2806190912","NHO2018000007"),
("IATT190000922","","1","132000","0","13200","0","145200","150000","28/06/2019","16:26","2019-06-28","16:51:24","ISU000012","tbl0014","CLOSED","1","","IATR190000892","","","","","IAT2806190912","NHO2018000007"),
("IATT190000923","","1","15000","0","1500","0","16500","20000","28/06/2019","16:41","2019-06-28","17:54:04","ISU000012","tbl0005","CLOSED","1","","IATR190000897","","","","","IAT2806190912","NHO2018000007"),
("IATT190000924","","3","93000","0","9300","0","102300","120500","28/06/2019","16:57","2019-06-28","17:28:47","ISU000012","tbl0020","CLOSED","1","","IATR190000895","","","","","IAT2806190912","NHO2018000007"),
("IATT190000925","","2","40000","0","4000","0","44000","44000","28/06/2019","17:18","2019-06-28","17:59:27","ISU000012","tbl0012","CLOSED","1","","IATR190000898","","","","","IAT2806190912","NHO2018000007"),
("IATT190000926","","2","25000","0","2500","0","27500","30000","28/06/2019","17:25","2019-06-28","17:52:51","ISU000012","tbl0010","CLOSED","1","","IATR190000896","","","","","IAT2806190912","NHO2018000007"),
("IATT190000927","","2","38000","0","3800","0","41800","41800","28/06/2019","17:40","2019-06-28","18:18:51","ISU000012","tbl0013","CLOSED","1","","IATR190000899","","","","","IAT2806190912","NHO2018000007"),
("IATT190000928","","2","95000","0","9500","0","104500","110000","28/06/2019","18:00","2019-06-28","19:42:08","ISU000012","tbl0009","CLOSED","1","","IATR190000902","","","","","IAT2806190912","NHO2018000007"),
("IATT190000929","","1","10000","0","1000","0","11000","20000","28/06/2019","18:20","2019-06-28","18:51:28","ISU000012","tbl0030","CLOSED","1","","IATR190000900","","","","","IAT2806190912","NHO2018000007"),
("IATT190000930","","1","0","0","0","0","0","0","28/06/2019","18:38","28/06/2019","18:38:29","ISU000012","tbl0012","CANCELED","1","PERMINTAAN CUSTOMER","","","","","","IAT2806190912","NHO2018000007"),
("IATT190000931","","2","85000","0","8500","0","93500","100000","28/06/2019","18:38","2019-06-28","19:17:49","ISU000012","tbl0012","CLOSED","1","","IATR190000901","","","","","IAT2806190912","NHO2018000007"),
("IATT190000932","","2","67000","0","6700","0","73700","100000","28/06/2019","19:03","2019-06-28","19:45:13","ISU000012","tbl0011","CLOSED","1","","IATR190000903","","","","","IAT2806190912","NHO2018000007"),
("IATT190000933","","3","110000","0","11000","0","121000","121000","28/06/2019","19:11","2019-06-28","19:55:24","ISU000012","tbl0021","CLOSED","1","","IATR190000904","","","","","IAT2806190912","NHO2018000007"),
("IATT190000934","","2","118000","0","11800","0","129800","200000","28/06/2019","19:12","2019-06-28","19:56:24","ISU000012","tbl0023","CLOSED","1","","IATR190000905","","","","","IAT2806190912","NHO2018000007"),
("IATT190000935","","2","10000","0","1000","0","11000","11000","28/06/2019","19:16","2019-06-28","19:57:46","ISU000012","tbl0013","CLOSED","1","","IATR190000906","","","","","IAT2806190912","NHO2018000007"),
("IATT190000936","","2","57000","0","5700","0","62700","64000","28/06/2019","19:29","2019-06-28","20:23:21","ISU000012","tbl0008","CLOSED","1","","IATR190000907","","","","","IAT2806190912","NHO2018000007"),
("IATT190000937","","2","106000","0","10600","0","116600","116600","28/06/2019","19:50","2019-06-28","20:33:14","ISU000012","tbl0012","CLOSED","1","","IATR190000908","","","","","IAT2806190912","NHO2018000007"),
("IATT190000938","","4","282000","0","28200","0","310200","310200","28/06/2019","19:58","2019-06-28","20:52:35","ISU000012","tbl0009","CLOSED","1","","IATR190000910","","","","","IAT2806190912","NHO2018000007"),
("IATT190000939","","2","115000","0","11500","0","126500","126500","28/06/2019","19:59","2019-06-28","20:38:13","ISU000012","tbl0011","CLOSED","1","","IATR190000909","","","","","IAT2806190912","NHO2018000007"),
("IATT190000940","","1","5000","0","500","0","5500","6000","28/06/2019","20:40","2019-06-28","21:10:25","ISU000012","tbl0030","CLOSED","1","","IATR190000911","","","","","IAT2806190912","NHO2018000007"),
("IATT190000941","","1","5000","0","500","0","5500","6000","28/06/2019","20:46","2019-06-28","21:10:50","ISU000012","tbl0031","CLOSED","1","","IATR190000912","","","","","IAT2806190912","NHO2018000007"),
("IATT190000942","","1","5000","0","500","0","5500","6000","28/06/2019","20:47","2019-06-28","21:11:17","ISU000012","tbl0032","CLOSED","1","","IATR190000913","","","","","IAT2806190912","NHO2018000007");



INSERT INTO item_void VALUES("IATT190000900","IAT2806190912","NHO2018000007","193023","193023","1","30000","Before Send","Komplen Customer"),
("IATT190000909","IAT2806190912","NHO2018000007","193083","193083","1","30000","Before Send","Komplen Customer"),
("IATT190000914","IAT2806190912","NHO2018000007","193094","193094","1","5000","Before Send","Salah Order"),
("IATT190000914","IAT2806190912","NHO2018000007","193094","193094","1","5000","Before Send","Salah Order"),
("IATT190000914","IAT2806190912","NHO2018000007","193094","193094","1","5000","Before Send","Salah Order"),
("IATT190000914","IAT2806190912","NHO2018000007","193094","193094","1","5000","Before Send","Salah Order"),
("IATT190000923","IAT2806190912","NHO2018000007","193084","PEDAS","1","30000","Before Send","Komplen Customer");









INSERT INTO pos_paymenttemp VALUES("IATT190000897","CASH","CASH","63800","65000","ISU000012","2019-06-28","","1","","CLOSED","IAT2806190912","NHO2018000007"),
("IATT190000900","CARD","MASTER","114400","114400","ISU000012","2019-06-28","","1","","CLOSED","IAT2806190912","NHO2018000007"),
("IATT190000898","CARD","VISA","73700","73700","ISU000012","2019-06-28","","1","","CLOSED","IAT2806190912","NHO2018000007"),
("IATT190000902","CASH","CASH","80300","100500","ISU000012","2019-06-28","","1","","CLOSED","IAT2806190912","NHO2018000007"),
("IATT190000903","CASH","CASH","83600","100000","ISU000012","2019-06-28","","1","","CLOSED","IAT2806190912","NHO2018000007"),
("IATT190000901","VOUCHER","ISOIDE VOUCHER 25K","25000","25000","ISU000012","2019-06-28","","1","","CLOSED","IAT2806190912","NHO2018000007"),
("IATT190000901","CARD","MASTER","120200","120200","ISU000012","2019-06-28","","1","","CLOSED","IAT2806190912","NHO2018000007"),
("IATT190000899","VOUCHER","ISOIDE VOUCHER 25K","25000","25000","ISU000012","2019-06-28","","1","","CLOSED","IAT2806190912","NHO2018000007"),
("IATT190000899","CARD","VISA","112500","112500","ISU000012","2019-06-28","","1","","CLOSED","IAT2806190912","NHO2018000007"),
("IATT190000904","CARD","DEBIT BCA","49500","49500","ISU000012","2019-06-28","","1","","CLOSED","IAT2806190912","NHO2018000007"),
("IATT190000907","CASH","CASH","105600","106000","ISU000012","2019-06-28","","1","","CLOSED","IAT2806190912","NHO2018000007"),
("IATT190000905","CARD","VISA","182600","182600","ISU000012","2019-06-28","","1","","CLOSED","IAT2806190912","NHO2018000007"),
("IATT190000906","CASH","CASH","71500","100500","ISU000012","2019-06-28","","1","","CLOSED","IAT2806190912","NHO2018000007"),
("IATT190000909","CASH","CASH","63800","100000","ISU000012","2019-06-28","","1","","CLOSED","IAT2806190912","NHO2018000007"),
("IATT190000910","CARD","MASTER","102300","102300","ISU000012","2019-06-28","","1","","CLOSED","IAT2806190912","NHO2018000007"),
("IATT190000908","CASH","CASH","124300","150000","ISU000012","2019-06-28","","1","","CLOSED","IAT2806190912","NHO2018000007"),
("IATT190000911","CASH","CASH","11000","15000","ISU000012","2019-06-28","","1","","CLOSED","IAT2806190912","NHO2018000007"),
("IATT190000912","CARD","MASTER","59400","59400","ISU000012","2019-06-28","","1","","CLOSED","IAT2806190912","NHO2018000007"),
("IATT190000913","CASH","CASH","5500","6000","ISU000012","2019-06-28","","1","","CLOSED","IAT2806190912","NHO2018000007"),
("IATT190000914","CASH","CASH","106700","150000","ISU000012","2019-06-28","","1","","CLOSED","IAT2806190912","NHO2018000007"),
("IATT190000915","CASH","CASH","27500","30000","ISU000012","2019-06-28","","1","","CLOSED","IAT2806190912","NHO2018000007"),
("IATT190000916","CASH","CASH","5500","50000","ISU000012","2019-06-28","","1","","CLOSED","IAT2806190912","NHO2018000007"),
("IATT190000917","CASH","CASH","22000","25000","ISU000012","2019-06-28","","1","","CLOSED","IAT2806190912","NHO2018000007"),
("IATT190000918","CASH","CASH","5500","6000","ISU000012","2019-06-28","","1","","CLOSED","IAT2806190912","NHO2018000007"),
("IATT190000919","CASH","CASH","73700","100000","ISU000012","2019-06-28","","1","","CLOSED","IAT2806190912","NHO2018000007"),
("IATT190000922","CASH","CASH","145200","150000","ISU000012","2019-06-28","","1","","CLOSED","IAT2806190912","NHO2018000007"),
("IATT190000921","CASH","CASH","14300","15000","ISU000012","2019-06-28","","1","","CLOSED","IAT2806190912","NHO2018000007"),
("IATT190000920","CASH","CASH","24200","54200","ISU000012","2019-06-28","","1","","CLOSED","IAT2806190912","NHO2018000007"),
("IATT190000924","CASH","CASH","102300","120500","ISU000012","2019-06-28","","1","","CLOSED","IAT2806190912","NHO2018000007"),
("IATT190000926","CASH","CASH","27500","30000","ISU000012","2019-06-28","","1","","CLOSED","IAT2806190912","NHO2018000007"),
("IATT190000923","CASH","CASH","16500","20000","ISU000012","2019-06-28","","1","","CLOSED","IAT2806190912","NHO2018000007"),
("IATT190000925","CARD","MASTER","44000","44000","ISU000012","2019-06-28","","1","","CLOSED","IAT2806190912","NHO2018000007"),
("IATT190000927","CARD","MASTER","41800","41800","ISU000012","2019-06-28","","1","","CLOSED","IAT2806190912","NHO2018000007"),
("IATT190000929","CASH","CASH","11000","20000","ISU000012","2019-06-28","","1","","CLOSED","IAT2806190912","NHO2018000007"),
("IATT190000931","CASH","CASH","93500","100000","ISU000012","2019-06-28","","1","","CLOSED","IAT2806190912","NHO2018000007"),
("IATT190000928","CASH","CASH","104500","110000","ISU000012","2019-06-28","","1","","CLOSED","IAT2806190912","NHO2018000007"),
("IATT190000932","CASH","CASH","73700","100000","ISU000012","2019-06-28","","1","","CLOSED","IAT2806190912","NHO2018000007"),
("IATT190000933","CARD","DEBIT BCA","121000","121000","ISU000012","2019-06-28","","1","","CLOSED","IAT2806190912","NHO2018000007"),
("IATT190000934","CASH","CASH","129800","200000","ISU000012","2019-06-28","","1","","CLOSED","IAT2806190912","NHO2018000007"),
("IATT190000935","CASH","CASH","11000","11000","ISU000012","2019-06-28","","1","","CLOSED","IAT2806190912","NHO2018000007"),
("IATT190000936","CASH","CASH","62700","64000","ISU000012","2019-06-28","","1","","CLOSED","IAT2806190912","NHO2018000007"),
("IATT190000937","VOUCHER","ISOIDE VOUCHER 25K","25000","25000","ISU000012","2019-06-28","","1","","CLOSED","IAT2806190912","NHO2018000007"),
("IATT190000937","CARD","MASTER","91600","91600","ISU000012","2019-06-28","","1","","CLOSED","IAT2806190912","NHO2018000007"),
("IATT190000939","CARD","VISA","126500","126500","ISU000012","2019-06-28","","1","","CLOSED","IAT2806190912","NHO2018000007"),
("IATT190000938","VOUCHER","ISOIDE VOUCHER 25K","25000","25000","ISU000012","2019-06-28","","1","","CLOSED","IAT2806190912","NHO2018000007"),
("IATT190000938","VOUCHER","ISOIDE VOUCHER 25K","25000","25000","ISU000012","2019-06-28","","1","","CLOSED","IAT2806190912","NHO2018000007"),
("IATT190000938","VOUCHER","ISOIDE VOUCHER 25K","25000","25000","ISU000012","2019-06-28","","1","","CLOSED","IAT2806190912","NHO2018000007"),
("IATT190000938","CARD","MASTER","235200","235200","ISU000012","2019-06-28","","1","","CLOSED","IAT2806190912","NHO2018000007"),
("IATT190000940","CASH","CASH","5500","6000","ISU000012","2019-06-28","","1","","CLOSED","IAT2806190912","NHO2018000007"),
("IATT190000941","CASH","CASH","5500","6000","ISU000012","2019-06-28","","1","","CLOSED","IAT2806190912","NHO2018000007"),
("IATT190000942","CASH","CASH","5500","6000","ISU000012","2019-06-28","","1","","CLOSED","IAT2806190912","NHO2018000007");



