INSERT INTO pos_itemtemp VALUES("IATT200005841","193084","191001","192001","30000","1","30000","0","30000","1","1","1","IAT2003200835","NHO2018000007","PAID","","ORIGINAL"),
("IATT200005841","193079","191001","192001","30000","1","30000","0","30000","1","1","1","IAT2003200835","NHO2018000007","PAID","","193079"),
("IATT200005841","193055","191002","192010","17000","1","17000","0","17000","1","1","1","IAT2003200835","NHO2018000007","PAID","","193055"),
("IATT200005842","193087","191001","192002","33000","1","33000","16500","16500","1","1","1","IAT2003200835","NHO2018000007","PAID","","193087"),
("IATT200005842","193080","191001","192002","33000","1","33000","16500","16500","1","1","1","IAT2003200835","NHO2018000007","PAID","lv2","PEDAS"),
("IATT200005842","193033","191001","192005","42000","1","42000","21000","21000","1","1","1","IAT2003200835","NHO2018000007","PAID","","193033"),
("IATT200005842","193069","191001","192012","13000","1","13000","6500","6500","1","1","1","IAT2003200835","NHO2018000007","PAID","","193069"),
("IATT200005842","193070","191001","192012","13000","1","13000","6500","6500","1","1","1","IAT2003200835","NHO2018000007","PAID","","193070"),
("IATT200005842","193046","191002","192010","10000","1","10000","0","10000","1","1","1","IAT2003200835","NHO2018000007","PAID","","193046"),
("IATT200005843","193015","191001","192002","33000","1","33000","0","33000","1","1","1","IAT2003200835","NHO2018000007","PAID","","ORIGINAL"),
("IATT200005843","193055","191002","192010","17000","1","17000","0","17000","1","1","1","IAT2003200835","NHO2018000007","PAID","","193055"),
("IATT200005844","193010","191001","192001","40000","1","40000","0","40000","1","1","1","IAT2003200835","NHO2018000007","PAID","","193010"),
("IATT200005844","193025","191001","192003","30000","1","30000","0","30000","1","1","1","IAT2003200835","NHO2018000007","PAID","","193025"),
("IATT200005844","193048","191002","192010","8000","1","8000","0","8000","1","1","1","IAT2003200835","NHO2018000007","PAID","","193048"),
("IATT200005844","193048","191002","192010","8000","1","8000","0","8000","2","1","1","IAT2003200835","NHO2018000007","PAID","","193048"),
("IATT200005845","193035","191001","192006","32000","1","32000","0","32000","1","1","1","IAT2003200835","NHO2018000007","PAID","","ORIGINAL"),
("IATT200005845","193028","191001","192003","43000","1","43000","0","43000","1","1","1","IAT2003200835","NHO2018000007","PAID","","193028"),
("IATT200005845","193053","191002","192010","20000","1","20000","0","20000","1","1","1","IAT2003200835","NHO2018000007","PAID","","193053"),
("IATT200005845","193055","191002","192010","17000","1","17000","0","17000","1","1","1","IAT2003200835","NHO2018000007","PAID","","193055"),
("IATT200005846","193010","191001","192001","40000","1","40000","0","40000","1","1","1","IAT2003200835","NHO2018000007","PAID","","193010"),
("IATT200005847","193118","191001","192012","20000","1","20000","0","20000","1","1","1","IAT2003200835","NHO2018000007","PAID","","193118"),
("IATT200005847","193070","191001","192012","13000","1","13000","0","13000","1","1","1","IAT2003200835","NHO2018000007","PAID","","193070"),
("IATT200005848","193022","191001","192003","30000","1","30000","0","30000","1","1","1","IAT2003200835","NHO2018000007","PAID","","193022");



INSERT INTO pos_salestemp VALUES("IATT200005841","","2","77000","0","7700","0","84700","84700","20/03/2020","12:04","2020-03-20","12:42:39","ISU000015","tbl0011","CLOSED","1","3119173","IATR200005683","","","","","IAT2003200835","NHO2018000007"),
("IATT200005842","","2","144000","67000","7700","0","84700","100000","20/03/2020","15:16","2020-03-20","15:44:17","ISU000006","tbl0024","CLOSED","1","3120006","IATR200005684","","","","","IAT2003200835","NHO2018000007"),
("IATT200005843","","1","50000","0","5000","0","55000","100000","20/03/2020","15:30","2020-03-20","15:56:22","ISU000006","tbl0012","CLOSED","1","","IATR200005685","","","","","IAT2003200835","NHO2018000007"),
("IATT200005844","","2","86000","0","8600","0","94600","100000","20/03/2020","16:05","2020-03-20","16:55:28","ISU000006","tbl0017","CLOSED","1","3120006","IATR200005686","","","","","IAT2003200835","NHO2018000007"),
("IATT200005845","","2","112000","0","11200","0","123200","123200","20/03/2020","16:34","2020-03-20","17:23:32","ISU000006","tbl0012","CLOSED","1","3119173","IATR200005687","","","","","IAT2003200835","NHO2018000007"),
("IATT200005846","","1","40000","0","4000","0","44000","44000","20/03/2020","17:28","2020-03-20","17:59:07","ISU000006","tbl0011","CLOSED","1","3119157","IATR200005688","","","","","IAT2003200835","NHO2018000007"),
("IATT200005847","","1","33000","0","3300","0","36300","36300","20/03/2020","18:27","2020-03-20","18:28:27","ISU000006","takeaway, tbl0006","CLOSED","1","3120006","IATR200005689","","","","","IAT2003200835","NHO2018000007"),
("IATT200005848","","1","30000","0","3000","0","33000","33000","20/03/2020","18:47","2020-03-20","18:49:03","ISU000006","takeaway, tbl0006","CLOSED","1","3120006","IATR200005690","","","","","IAT2003200835","NHO2018000007");






INSERT INTO pos_promotion_h VALUES("IATT200005842","NPRM18000032","DISC ITEM","1","67000","BANYAK MAKAN BANYAK UNTUNG 50%","IAT2003200835","PAID","NHO2018000007");



INSERT INTO pos_promotion_d VALUES("IATT200005842","NPRM18000032","DISC ITEM","1","1","193087","1","16500","IAT2003200835","PAID","NHO2018000007"),
("IATT200005842","NPRM18000032","DISC ITEM","1","1","193080","1","16500","IAT2003200835","PAID","NHO2018000007"),
("IATT200005842","NPRM18000032","DISC ITEM","1","1","193033","1","21000","IAT2003200835","PAID","NHO2018000007"),
("IATT200005842","NPRM18000032","DISC ITEM","1","1","193069","1","6500","IAT2003200835","PAID","NHO2018000007"),
("IATT200005842","NPRM18000032","DISC ITEM","1","1","193070","1","6500","IAT2003200835","PAID","NHO2018000007");



INSERT INTO pos_paymenttemp VALUES("IATT200005841","CARD","VISA","84700","84700","ISU000015","2020-03-20","","1","","CLOSED","IAT2003200835","NHO2018000007"),
("IATT200005842","CASH","CASH","84700","100000","ISU000006","2020-03-20","","1","","CLOSED","IAT2003200835","NHO2018000007"),
("IATT200005843","CASH","CASH","55000","100000","ISU000006","2020-03-20","","1","","CLOSED","IAT2003200835","NHO2018000007"),
("IATT200005844","CASH","CASH","94600","100000","ISU000006","2020-03-20","","1","","CLOSED","IAT2003200835","NHO2018000007"),
("IATT200005845","CASH","OVO","123200","123200","ISU000006","2020-03-20","","1","","CLOSED","IAT2003200835","NHO2018000007"),
("IATT200005846","CASH","SHOPPEEPAY","44000","44000","ISU000006","2020-03-20","","1","","CLOSED","IAT2003200835","NHO2018000007"),
("IATT200005847","CASH","SHOPPEEPAY","36300","36300","ISU000006","2020-03-20","","1","","CLOSED","IAT2003200835","NHO2018000007"),
("IATT200005848","CASH","SHOPPEEPAY","33000","33000","ISU000006","2020-03-20","","1","","CLOSED","IAT2003200835","NHO2018000007");



