INSERT INTO pos_itemtemp VALUES("IATT200004954","193005","191001","192001","37000","1","37000","0","37000","1","1","1","IAT2601201003","NHO2018000007","PAID","","193005"),
("IATT200004954","193008","191001","192001","37000","1","37000","0","37000","1","1","1","IAT2601201003","NHO2018000007","PAID","","193008"),
("IATT200004954","193034","191001","192005","37000","1","37000","0","37000","1","1","1","IAT2601201003","NHO2018000007","PAID","","193034"),
("IATT200004954","193047","191002","192010","10000","1","10000","0","10000","1","1","1","IAT2601201003","NHO2018000007","PAID","","193047"),
("IATT200004954","193047","191002","192010","10000","1","10000","0","10000","2","1","1","IAT2601201003","NHO2018000007","PAID","","193047"),
("IATT200004954","193054","191002","192010","20000","1","20000","0","20000","1","1","1","IAT2601201003","NHO2018000007","PAID","","193054"),
("IATT200004955","193028","191001","192003","43000","1","43000","0","43000","1","1","1","IAT2601201003","NHO2018000007","PAID","","193028"),
("IATT200004955","193028","191001","192003","43000","1","43000","0","43000","2","1","1","IAT2601201003","NHO2018000007","PAID","","193028"),
("IATT200004955","193033","191001","192005","42000","1","42000","0","42000","1","1","1","IAT2601201003","NHO2018000007","PAID","","193033"),
("IATT200004955","193083","191001","192001","30000","1","30000","0","30000","1","1","1","IAT2601201003","NHO2018000007","PAID","","193083"),
("IATT200004955","193052","191002","192010","20000","1","20000","0","20000","1","1","1","IAT2601201003","NHO2018000007","PAID","","193052"),
("IATT200004955","193052","191002","192010","20000","1","20000","0","20000","2","1","1","IAT2601201003","NHO2018000007","PAID","","193052"),
("IATT200004955","193054","191002","192010","20000","1","20000","0","20000","1","1","1","IAT2601201003","NHO2018000007","PAID","","193054"),
("IATT200004955","193054","191002","192010","20000","1","20000","0","20000","2","1","1","IAT2601201003","NHO2018000007","PAID","","193054"),
("IATT200004956","193113","191001","192003","55000","1","55000","0","55000","1","1","1","IAT2601201003","NHO2018000007","PAID","","193113"),
("IATT200004956","193096","191001","192008","50000","1","50000","0","50000","1","1","1","IAT2601201003","NHO2018000007","PAID","PEDES DIKIT","193096"),
("IATT200004955","193055","191002","192010","17000","1","17000","0","17000","1","1","2","IAT2601201003","NHO2018000007","PAID","","193055"),
("IATT200004957","193011","191001","192001","40000","1","40000","0","40000","1","1","1","IAT2601201003","NHO2018000007","PAID","","PEDAS"),
("IATT200004957","193070","191001","192012","13000","1","13000","0","13000","1","1","1","IAT2601201003","NHO2018000007","PAID","","193070"),
("IATT200004957","193047","191002","192010","10000","1","10000","0","10000","1","1","1","IAT2601201003","NHO2018000007","PAID","","193047"),
("IATT200004958","193007","191001","192001","37000","1","37000","0","37000","1","1","1","IAT2601201003","NHO2018000007","PAID","","PEDAS"),
("IATT200004958","193079","191001","192001","30000","1","30000","0","30000","1","1","1","IAT2601201003","NHO2018000007","PAID","","193079"),
("IATT200004958","193008","191001","192001","37000","1","37000","0","37000","1","1","1","IAT2601201003","NHO2018000007","PAID","","193008"),
("IATT200004958","193019","191001","192002","40000","1","40000","0","40000","1","1","1","IAT2601201003","NHO2018000007","PAID","","PEDAS"),
("IATT200004958","193047","191002","192010","10000","1","10000","0","10000","1","1","1","IAT2601201003","NHO2018000007","PAID","","193047"),
("IATT200004958","193055","191002","192010","17000","1","17000","0","17000","1","1","1","IAT2601201003","NHO2018000007","PAID","","193055"),
("IATT200004958","193052","191002","192010","20000","1","20000","0","20000","1","1","1","IAT2601201003","NHO2018000007","PAID","","193052"),
("IATT200004959","193007","191001","192001","37000","1","37000","0","37000","1","1","1","IAT2601201003","NHO2018000007","PAID","","PEDAS"),
("IATT200004959","193007","191001","192001","37000","1","37000","0","37000","2","1","1","IAT2601201003","NHO2018000007","PAID","","PEDAS"),
("IATT200004959","193017","191001","192002","37000","1","37000","0","37000","1","1","1","IAT2601201003","NHO2018000007","PAID","","193017"),
("IATT200004959","193047","191002","192010","10000","1","10000","0","10000","1","1","1","IAT2601201003","NHO2018000007","PAID","","193047"),
("IATT200004959","193047","191002","192010","10000","1","10000","0","10000","2","1","1","IAT2601201003","NHO2018000007","PAID","","193047"),
("IATT200004959","193055","191002","192010","17000","1","17000","0","17000","1","1","1","IAT2601201003","NHO2018000007","PAID","","193055"),
("IATT200004959","193055","191002","192010","17000","1","17000","0","17000","2","1","1","IAT2601201003","NHO2018000007","PAID","","193055"),
("IATT200004959","193071","191001","192012","18000","1","18000","0","18000","1","1","1","IAT2601201003","NHO2018000007","PAID","","193071"),
("IATT200004960","193027","191001","192003","43000","1","43000","0","43000","1","1","1","IAT2601201003","NHO2018000007","PAID","","193027"),
("IATT200004960","193034","191001","192005","37000","1","37000","0","37000","1","1","1","IAT2601201003","NHO2018000007","PAID","","193034"),
("IATT200004960","193052","191002","192010","20000","1","20000","0","20000","1","1","1","IAT2601201003","NHO2018000007","PAID","","193052"),
("IATT200004958","193054","191002","192010","20000","1","20000","0","20000","1","1","2","IAT2601201003","NHO2018000007","PAID","","193054"),
("IATT200004961","193082","191001","192001","30000","1","30000","3000","27000","1","1","1","IAT2601201003","NHO2018000007","PAID","","193082"),
("IATT200004961","193055","191002","192010","17000","1","17000","1700","15300","1","1","1","IAT2601201003","NHO2018000007","PAID","","193055"),
("IATT200004961","193053","191002","192010","20000","1","20000","2000","18000","1","1","1","IAT2601201003","NHO2018000007","PAID","","193053"),
("IATT200004961","193028","191001","192003","43000","1","43000","4300","38700","1","1","1","IAT2601201003","NHO2018000007","PAID","","193028"),
("IATT200004962","193034","191001","192005","37000","1","37000","0","37000","1","1","1","IAT2601201003","NHO2018000007","PAID","","193034"),
("IATT200004962","193011","191001","192001","40000","1","40000","0","40000","1","1","1","IAT2601201003","NHO2018000007","PAID","","PEDAS"),
("IATT200004962","193055","191002","192010","17000","1","17000","0","17000","1","1","1","IAT2601201003","NHO2018000007","PAID","","193055"),
("IATT200004962","193055","191002","192010","17000","1","17000","0","17000","2","1","1","IAT2601201003","NHO2018000007","PAID","","193055"),
("IATT200004962","193054","191002","192010","20000","1","20000","0","20000","1","1","1","IAT2601201003","NHO2018000007","PAID","","193054"),
("IATT200004962","193027","191001","192003","43000","1","43000","0","43000","1","1","1","IAT2601201003","NHO2018000007","PAID","","193027"),
("IATT200004961","193053","191002","192010","20000","1","20000","2000","18000","2","1","2","IAT2601201003","NHO2018000007","PAID","","193053"),
("IATT200004963","193034","191001","192005","37000","1","37000","0","37000","1","1","1","IAT2601201003","NHO2018000007","PAID","","193034"),
("IATT200004963","193082","191001","192001","30000","1","30000","0","30000","1","1","1","IAT2601201003","NHO2018000007","PAID","","193082"),
("IATT200004963","193071","191001","192012","18000","1","18000","0","18000","1","1","1","IAT2601201003","NHO2018000007","PAID","","193071"),
("IATT200004963","193029","191001","192004","27000","1","27000","0","27000","1","1","1","IAT2601201003","NHO2018000007","PAID","","193029"),
("IATT200004963","193047","191002","192010","10000","1","10000","0","10000","1","1","1","IAT2601201003","NHO2018000007","PAID","","193047"),
("IATT200004963","193047","191002","192010","10000","1","10000","0","10000","2","1","1","IAT2601201003","NHO2018000007","PAID","","193047"),
("IATT200004963","193047","191002","192010","10000","1","10000","0","10000","3","1","1","IAT2601201003","NHO2018000007","PAID","","193047"),
("IATT200004963","193048","191002","192010","8000","1","8000","0","8000","1","1","1","IAT2601201003","NHO2018000007","PAID","","193048"),
("IATT200004964","193007","191001","192001","37000","1","37000","0","37000","1","1","1","IAT2601201003","NHO2018000007","PAID","LEVEL 2","PEDAS"),
("IATT200004964","193053","191002","192010","20000","1","20000","0","20000","1","1","1","IAT2601201003","NHO2018000007","PAID","","193053"),
("IATT200004965","193113","191001","192003","55000","1","55000","0","55000","1","1","1","IAT2601201003","NHO2018000007","PAID","","193113"),
("IATT200004965","193028","191001","192003","43000","1","43000","0","43000","1","1","1","IAT2601201003","NHO2018000007","PAID","","193028"),
("IATT200004965","193082","191001","192001","30000","1","30000","0","30000","1","1","1","IAT2601201003","NHO2018000007","PAID","","193082"),
("IATT200004965","193052","191002","192010","20000","1","20000","0","20000","1","1","1","IAT2601201003","NHO2018000007","PAID","","193052"),
("IATT200004965","193056","191002","192010","17000","1","17000","0","17000","1","1","1","IAT2601201003","NHO2018000007","PAID","","193056"),
("IATT200004965","193048","191002","192010","8000","1","8000","0","8000","1","1","1","IAT2601201003","NHO2018000007","PAID","","193048"),
("IATT200004965","193070","191001","192012","13000","1","13000","0","13000","1","1","1","IAT2601201003","NHO2018000007","PAID","","193070"),
("IATT200004965","193049","191002","192010","10000","1","10000","0","10000","1","1","2","IAT2601201003","NHO2018000007","PAID","","193049"),
("IATT200004966","193015","191001","192002","33000","1","33000","0","33000","1","1","1","IAT2601201003","NHO2018000007","PAID","","PEDAS"),
("IATT200004966","193012","191001","192001","40000","1","40000","0","40000","1","1","1","IAT2601201003","NHO2018000007","PAID","","193012"),
("IATT200004966","193113","191001","192003","55000","1","55000","0","55000","1","1","1","IAT2601201003","NHO2018000007","PAID","","193113"),
("IATT200004966","193056","191002","192010","17000","1","17000","0","17000","1","1","1","IAT2601201003","NHO2018000007","PAID","","193056"),
("IATT200004966","193055","191002","192010","17000","1","17000","0","17000","1","1","1","IAT2601201003","NHO2018000007","PAID","","193055"),
("IATT200004967","193084","191001","192001","30000","1","30000","0","30000","1","1","1","IAT2601201003","NHO2018000007","PAID","","PEDAS"),
("IATT200004967","193086","191001","192002","33000","1","33000","0","33000","1","1","1","IAT2601201003","NHO2018000007","PAID","LVL 2","PEDAS"),
("IATT200004967","193048","191002","192010","8000","1","8000","0","8000","1","1","1","IAT2601201003","NHO2018000007","PAID","","193048"),
("IATT200004967","193048","191002","192010","8000","1","8000","0","8000","2","1","1","IAT2601201003","NHO2018000007","PAID","","193048"),
("IATT200004967","193070","191001","192012","13000","1","13000","0","13000","1","1","1","IAT2601201003","NHO2018000007","PAID","","193070"),
("IATT200004967","193118","191001","192012","20000","1","20000","0","20000","1","1","2","IAT2601201003","NHO2018000007","PAID","","193118"),
("IATT200004968","193033","191001","192005","42000","1","42000","0","42000","1","1","1","IAT2601201003","NHO2018000007","PAID","","193033"),
("IATT200004968","193070","191001","192012","13000","1","13000","0","13000","1","1","1","IAT2601201003","NHO2018000007","PAID","","193070"),
("IATT200004968","193052","191002","192010","20000","1","20000","0","20000","1","1","1","IAT2601201003","NHO2018000007","PAID","","193052"),
("IATT200004968","193048","191002","192010","8000","1","8000","0","8000","1","1","1","IAT2601201003","NHO2018000007","PAID","","193048"),
("IATT200004969","193011","191001","192001","40000","1","40000","4000","36000","1","1","1","IAT2601201003","NHO2018000007","PAID","","PEDAS"),
("IATT200004969","193011","191001","192001","40000","1","40000","4000","36000","2","1","1","IAT2601201003","NHO2018000007","PAID","","PEDAS"),
("IATT200004969","193069","191001","192012","13000","1","13000","1300","11700","1","1","1","IAT2601201003","NHO2018000007","PAID","","193069"),
("IATT200004969","193055","191002","192010","17000","1","17000","1700","15300","1","1","1","IAT2601201003","NHO2018000007","PAID","","193055"),
("IATT200004969","193056","191002","192010","17000","1","17000","1700","15300","1","1","1","IAT2601201003","NHO2018000007","PAID","","193056"),
("IATT200004970","193085","191001","192001","30000","1","30000","3000","27000","1","1","1","IAT2601201003","NHO2018000007","PAID","","193085"),
("IATT200004970","193082","191001","192001","30000","1","30000","3000","27000","1","1","1","IAT2601201003","NHO2018000007","PAID","PEDAS","193082"),
("IATT200004970","193048","191002","192010","8000","1","8000","800","7200","1","1","1","IAT2601201003","NHO2018000007","PAID","","193048"),
("IATT200004970","193048","191002","192010","8000","1","8000","800","7200","2","1","1","IAT2601201003","NHO2018000007","PAID","","193048"),
("IATT200004969","193048","191002","192010","8000","1","8000","800","7200","1","1","2","IAT2601201003","NHO2018000007","PAID","","193048"),
("IATT200004969","193048","191002","192010","8000","1","8000","800","7200","2","1","3","IAT2601201003","NHO2018000007","PAID","","193048"),
("IATT200004971","193028","191001","192003","43000","1","43000","0","43000","1","1","1","IAT2601201003","NHO2018000007","PAID","","193028"),
("IATT200004971","193056","191002","192010","17000","1","17000","0","17000","1","1","1","IAT2601201003","NHO2018000007","PAID","","193056"),
("IATT200004972","193005","191001","192001","37000","1","37000","0","37000","1","1","1","IAT2601201003","NHO2018000007","PAID","","193005"),
("IATT200004972","193036","191001","192006","36000","1","36000","0","36000","1","1","1","IAT2601201003","NHO2018000007","PAID","PEDES SEDENG","PEDAS"),
("IATT200004972","193049","191002","192010","10000","1","10000","0","10000","1","1","1","IAT2601201003","NHO2018000007","PAID","","193049");



INSERT INTO pos_salestemp VALUES("IATT200004954","","3","151000","0","15100","0","166100","166100","26/01/2020","12:07","2020-01-26","12:53:31","ISU000006","tbl0012","CLOSED","1","","IATR200004818","","","","","IAT2601201003","NHO2018000007"),
("IATT200004955","","3","255000","0","25500","0","280500","300000","26/01/2020","13:26","2020-01-26","13:59:45","ISU000006","tbl0012","CLOSED","1","","IATR200004819","","","","","IAT2601201003","NHO2018000007"),
("IATT200004956","","2","105000","0","10500","0","115500","115500","26/01/2020","13:36","2020-01-26","14:20:45","ISU000006","tbl0010","CLOSED","1","","IATR200004820","","","","","IAT2601201003","NHO2018000007"),
("IATT200004957","","1","63000","0","6300","0","69300","69300","26/01/2020","14:21","2020-01-26","15:54:20","ISU000006","tbl0011","CLOSED","1","","IATR200004827","","","","","IAT2601201003","NHO2018000007"),
("IATT200004958","","3","211000","0","21100","0","232100","232100","26/01/2020","14:36","2020-01-26","15:18:56","ISU000004","tbl0012","CLOSED","1","","IATR200004821","","","","","IAT2601201003","NHO2018000007"),
("IATT200004959","","2","183000","0","18300","0","201300","205000","26/01/2020","14:37","2020-01-26","15:19:56","ISU000004","tbl0010","CLOSED","1","","IATR200004822","","","","","IAT2601201003","NHO2018000007"),
("IATT200004960","","2","100000","0","10000","0","110000","110000","26/01/2020","14:42","2020-01-26","15:27:03","ISU000004","tbl0014","CLOSED","1","","IATR200004823","","","","","IAT2601201003","NHO2018000007"),
("IATT200004961","","2","130000","13000","11700","0","128700","150000","26/01/2020","14:58","2020-01-26","15:32:20","ISU000004","tbl0021","CLOSED","1","","IATR200004824","","","","","IAT2601201003","NHO2018000007"),
("IATT200004962","","2","174000","0","17400","0","191400","200000","26/01/2020","15:06","2020-01-26","15:41:43","ISU000004","tbl0025","CLOSED","1","","IATR200004825","","","","","IAT2601201003","NHO2018000007"),
("IATT200004963","","4","150000","0","15000","0","165000","165000","26/01/2020","15:30","2020-01-26","15:52:52","ISU000004","tbl0012","CLOSED","1","","IATR200004826","","","","","IAT2601201003","NHO2018000007"),
("IATT200004964","","1","57000","0","5700","0","62700","100000","26/01/2020","15:56","2020-01-26","16:59:00","ISU000006","tbl0010","CLOSED","1","","IATR200004829","","","","","IAT2601201003","NHO2018000007"),
("IATT200004965","","2","196000","0","19600","0","215600","217000","26/01/2020","16:01","2020-01-26","16:41:21","ISU000006","tbl0011","CLOSED","1","","IATR200004828","","","","","IAT2601201003","NHO2018000007"),
("IATT200004966","","2","162000","0","16200","0","178200","178200","26/01/2020","16:55","2020-01-26","17:39:51","ISU000006","tbl0011","CLOSED","1","","IATR200004830","","","","","IAT2601201003","NHO2018000007"),
("IATT200004967","","2","112000","0","11200","0","123200","123200","26/01/2020","17:04","2020-01-26","18:21:09","ISU000004","tbl0023","CLOSED","1","","IATR200004831","","","","","IAT2601201003","NHO2018000007"),
("IATT200004968","","1","83000","0","8300","0","91300","100000","26/01/2020","18:23","2020-01-26","18:49:22","ISU000004","tbl0007","CLOSED","1","","IATR200004832","","","","","IAT2601201003","NHO2018000007"),
("IATT200004969","","2","143000","14300","12870","0","141570","150000","26/01/2020","18:35","2020-01-26","19:12:05","ISU000004","tbl0011","CLOSED","1","","IATR200004833","","","","","IAT2601201003","NHO2018000007"),
("IATT200004970","","2","76000","7600","6840","0","75240","90000","26/01/2020","18:52","2020-01-26","19:36:07","ISU000004","tbl0010","CLOSED","1","","IATR200004835","","","","","IAT2601201003","NHO2018000007"),
("IATT200004971","","1","60000","0","6000","0","66000","100000","26/01/2020","18:58","2020-01-26","19:20:22","ISU000004","tbl0012","CLOSED","1","","IATR200004834","","","","","IAT2601201003","NHO2018000007"),
("IATT200004972","","1","83000","0","8300","0","91300","100500","26/01/2020","20:12","2020-01-26","20:51:48","ISU000004","tbl0011","CLOSED","1","","IATR200004836","","","","","IAT2601201003","NHO2018000007");



INSERT INTO item_void VALUES("IATT200004956","IAT2601201003","NHO2018000007","193111","193111","1","25000","Before Send","Komplen Customer");



INSERT INTO pos_promotion_h VALUES("IATT200004961","NPRM18000019","DISC ALL","1","13000","CRM DISC 10%","IAT2601201003","PAID","NHO2018000007"),
("IATT200004969","NPRM18000019","DISC ALL","1","14300","CRM DISC 10%","IAT2601201003","PAID","NHO2018000007"),
("IATT200004970","NPRM18000019","DISC ALL","1","7600","CRM DISC 10%","IAT2601201003","PAID","NHO2018000007");



INSERT INTO pos_promotion_d VALUES("IATT200004961","NPRM18000019","DISC ALL","1","1","193082","1","3000","IAT2601201003","PAID","NHO2018000007"),
("IATT200004961","NPRM18000019","DISC ALL","1","1","193055","1","1700","IAT2601201003","PAID","NHO2018000007"),
("IATT200004961","NPRM18000019","DISC ALL","1","1","193053","1","2000","IAT2601201003","PAID","NHO2018000007"),
("IATT200004961","NPRM18000019","DISC ALL","1","1","193028","1","4300","IAT2601201003","PAID","NHO2018000007"),
("IATT200004961","NPRM18000019","DISC ALL","1","1","193053","2","2000","IAT2601201003","PAID","NHO2018000007"),
("IATT200004969","NPRM18000019","DISC ALL","1","1","193011","1","4000","IAT2601201003","PAID","NHO2018000007"),
("IATT200004969","NPRM18000019","DISC ALL","1","1","193011","2","4000","IAT2601201003","PAID","NHO2018000007"),
("IATT200004969","NPRM18000019","DISC ALL","1","1","193069","1","1300","IAT2601201003","PAID","NHO2018000007"),
("IATT200004969","NPRM18000019","DISC ALL","1","1","193055","1","1700","IAT2601201003","PAID","NHO2018000007"),
("IATT200004969","NPRM18000019","DISC ALL","1","1","193056","1","1700","IAT2601201003","PAID","NHO2018000007"),
("IATT200004969","NPRM18000019","DISC ALL","1","1","193048","1","800","IAT2601201003","PAID","NHO2018000007"),
("IATT200004969","NPRM18000019","DISC ALL","1","1","193048","2","800","IAT2601201003","PAID","NHO2018000007"),
("IATT200004970","NPRM18000019","DISC ALL","1","1","193085","1","3000","IAT2601201003","PAID","NHO2018000007"),
("IATT200004970","NPRM18000019","DISC ALL","1","1","193082","1","3000","IAT2601201003","PAID","NHO2018000007"),
("IATT200004970","NPRM18000019","DISC ALL","1","1","193048","1","800","IAT2601201003","PAID","NHO2018000007"),
("IATT200004970","NPRM18000019","DISC ALL","1","1","193048","2","800","IAT2601201003","PAID","NHO2018000007");



INSERT INTO pos_paymenttemp VALUES("IATT200004954","CARD","DEBIT BCA","166100","166100","ISU000006","2020-01-26","","1","","CLOSED","IAT2601201003","NHO2018000007"),
("IATT200004955","CASH","CASH","280500","300000","ISU000006","2020-01-26","","1","","CLOSED","IAT2601201003","NHO2018000007"),
("IATT200004956","CASH","OVO","115500","115500","ISU000006","2020-01-26","","1","","CLOSED","IAT2601201003","NHO2018000007"),
("IATT200004958","CARD","VISA","232100","232100","ISU000004","2020-01-26","","1","","CLOSED","IAT2601201003","NHO2018000007"),
("IATT200004959","CASH","CASH","201300","205000","ISU000004","2020-01-26","","1","","CLOSED","IAT2601201003","NHO2018000007"),
("IATT200004960","CARD","DEBIT BCA","110000","110000","ISU000004","2020-01-26","","1","","CLOSED","IAT2601201003","NHO2018000007"),
("IATT200004961","CASH","CASH","128700","150000","ISU000004","2020-01-26","","1","","CLOSED","IAT2601201003","NHO2018000007"),
("IATT200004962","CASH","CASH","191400","200000","ISU000004","2020-01-26","","1","","CLOSED","IAT2601201003","NHO2018000007"),
("IATT200004963","CARD","VISA","165000","165000","ISU000004","2020-01-26","","1","","CLOSED","IAT2601201003","NHO2018000007"),
("IATT200004957","CARD","VISA","69300","69300","ISU000006","2020-01-26","","1","","CLOSED","IAT2601201003","NHO2018000007"),
("IATT200004965","CASH","CASH","215600","217000","ISU000006","2020-01-26","","1","","CLOSED","IAT2601201003","NHO2018000007"),
("IATT200004964","VOUCHER","E-Voucher 50K Bloggers X ","50000","50000","ISU000006","2020-01-26","","1","NHV20200109000071","CLOSED","IAT2601201003","NHO2018000007"),
("IATT200004964","CASH","CASH","12700","50000","ISU000006","2020-01-26","","1","","CLOSED","IAT2601201003","NHO2018000007"),
("IATT200004966","CARD","DEBIT BCA","178200","178200","ISU000006","2020-01-26","","1","","CLOSED","IAT2601201003","NHO2018000007"),
("IATT200004967","CARD","DEBIT BCA","123200","123200","ISU000004","2020-01-26","","1","","CLOSED","IAT2601201003","NHO2018000007"),
("IATT200004968","CASH","CASH","91300","100000","ISU000004","2020-01-26","","1","","CLOSED","IAT2601201003","NHO2018000007"),
("IATT200004969","CASH","CASH","141570","150000","ISU000004","2020-01-26","","1","","CLOSED","IAT2601201003","NHO2018000007"),
("IATT200004971","CASH","CASH","66000","100000","ISU000004","2020-01-26","","1","","CLOSED","IAT2601201003","NHO2018000007"),
("IATT200004970","CASH","CASH","75240","90000","ISU000004","2020-01-26","","1","","CLOSED","IAT2601201003","NHO2018000007"),
("IATT200004972","CASH","CASH","91300","100500","ISU000004","2020-01-26","","1","","CLOSED","IAT2601201003","NHO2018000007");



