INSERT INTO pos_itemtemp VALUES("IATT190002265","193036","191001","192006","36000","1","36000","12960","23040","1","1","1","IAT2808190908","NHO2018000007","PAID","","PEDAS"),
("IATT190002265","193036","191001","192006","36000","1","36000","12960","23040","2","1","1","IAT2808190908","NHO2018000007","PAID","","PEDAS"),
("IATT190002265","193036","191001","192006","36000","1","36000","12960","23040","3","1","1","IAT2808190908","NHO2018000007","PAID","","PEDAS"),
("IATT190002265","193036","191001","192006","36000","1","36000","12960","23040","4","1","1","IAT2808190908","NHO2018000007","PAID","","PEDAS"),
("IATT190002265","193036","191001","192006","36000","1","36000","12960","23040","5","1","1","IAT2808190908","NHO2018000007","PAID","","PEDAS"),
("IATT190002265","193036","191001","192006","36000","1","36000","12960","23040","6","1","1","IAT2808190908","NHO2018000007","PAID","","PEDAS"),
("IATT190002265","193036","191001","192006","36000","1","36000","12960","23040","7","1","1","IAT2808190908","NHO2018000007","PAID","","PEDAS"),
("IATT190002265","193036","191001","192006","36000","1","36000","12960","23040","8","1","1","IAT2808190908","NHO2018000007","PAID","","PEDAS"),
("IATT190002265","193036","191001","192006","36000","1","36000","12960","23040","9","1","1","IAT2808190908","NHO2018000007","PAID","","PEDAS"),
("IATT190002265","193036","191001","192006","36000","1","36000","12960","23040","10","1","1","IAT2808190908","NHO2018000007","PAID","","PEDAS"),
("IATT190002265","193036","191001","192006","36000","1","36000","12960","23040","10","1","1","IAT2808190908","NHO2018000007","PAID","","PEDAS"),
("IATT190002265","193036","191001","192006","36000","1","36000","12960","23040","10","1","1","IAT2808190908","NHO2018000007","PAID","","PEDAS"),
("IATT190002265","193036","191001","192006","36000","1","36000","12960","23040","10","1","1","IAT2808190908","NHO2018000007","PAID","","PEDAS"),
("IATT190002265","193036","191001","192006","36000","1","36000","12960","23040","10","1","1","IAT2808190908","NHO2018000007","PAID","","PEDAS"),
("IATT190002265","193036","191001","192006","36000","1","36000","12960","23040","10","1","1","IAT2808190908","NHO2018000007","PAID","","PEDAS"),
("IATT190002266","193034","191001","192005","37000","1","37000","13320","23680","1","1","1","IAT2808190908","NHO2018000007","PAID","","193034"),
("IATT190002266","193083","191001","192001","30000","1","30000","10800","19200","1","1","1","IAT2808190908","NHO2018000007","PAID","","193083"),
("IATT190002266","193046","191002","192010","10000","1","10000","0","10000","1","1","2","IAT2808190908","NHO2018000007","PAID","","193046"),
("IATT190002267","193084","191001","192001","30000","1","30000","10800","19200","1","1","1","IAT2808190908","NHO2018000007","PAID","sedang","PEDAS"),
("IATT190002267","193046","191002","192010","10000","1","10000","0","10000","1","1","1","IAT2808190908","NHO2018000007","PAID","","193046"),
("IATT190002267","193069","191001","192012","13000","1","13000","0","13000","1","1","2","IAT2808190908","NHO2018000007","PAID","","193069"),
("IATT190002268","193036","191001","192006","36000","1","36000","12960","23040","1","1","1","IAT2808190908","NHO2018000007","PAID","","PEDAS"),
("IATT190002268","193056","191002","192010","17000","1","17000","0","17000","1","1","1","IAT2808190908","NHO2018000007","PAID","","193056"),
("IATT190002269","193025","191001","192003","30000","1","30000","0","30000","1","1","1","IAT2808190908","NHO2018000007","PAID","custumer di table 11 ya","193025"),
("IATT190002269","193055","191002","192010","17000","1","17000","0","17000","1","1","1","IAT2808190908","NHO2018000007","PAID","","193055"),
("IATT190002270","193022","191001","192003","30000","1","30000","0","30000","1","1","1","IAT2808190908","NHO2018000007","PAID","custumer di table 11 ya\nminta pisah bill\nthanks","193022"),
("IATT190002270","193049","191002","192010","10000","1","10000","0","10000","1","1","1","IAT2808190908","NHO2018000007","PAID","","193049"),
("IATT190002271","193084","191001","192001","30000","1","30000","10800","19200","1","1","1","IAT2808190908","NHO2018000007","PAID","lvl 1","PEDAS"),
("IATT190002271","193054","191002","192010","20000","1","20000","0","20000","1","1","1","IAT2808190908","NHO2018000007","PAID","","193054"),
("IATT190002272","193055","191002","192010","17000","1","17000","0","17000","1","1","1","IAT2808190908","NHO2018000007","PAID","","193055"),
("IATT190002272","193051","191002","192010","20000","1","20000","0","20000","1","1","1","IAT2808190908","NHO2018000007","PAID","","193051"),
("IATT190002273","193006","191001","192001","37000","1","37000","13320","23680","1","1","1","IAT2808190908","NHO2018000007","PAID","","193006"),
("IATT190002273","193084","191001","192001","30000","1","30000","10800","19200","1","1","1","IAT2808190908","NHO2018000007","PAID","","PEDAS"),
("IATT190002273","193047","191002","192010","10000","1","10000","0","10000","1","1","1","IAT2808190908","NHO2018000007","PAID","","193047"),
("IATT190002273","193047","191002","192010","10000","1","10000","0","10000","2","1","1","IAT2808190908","NHO2018000007","PAID","","193047"),
("IATT190002273","193048","191002","192010","8000","1","8000","0","8000","1","1","1","IAT2808190908","NHO2018000007","PAID","","193048"),
("IATT190002274","193076","191001","192001","30000","1","30000","10800","19200","1","1","1","IAT2808190908","NHO2018000007","PAID","","193076"),
("IATT190002274","193052","191002","192010","20000","1","20000","0","20000","1","1","1","IAT2808190908","NHO2018000007","PAID","","193052"),
("IATT190002274","193054","191002","192010","20000","1","20000","0","20000","1","1","1","IAT2808190908","NHO2018000007","PAID","no ice","193054"),
("IATT190002274","193048","191002","192010","8000","1","8000","0","8000","1","1","1","IAT2808190908","NHO2018000007","PAID","","193048"),
("IATT190002274","193048","191002","192010","8000","1","8000","0","8000","2","1","1","IAT2808190908","NHO2018000007","PAID","","193048"),
("IATT190002274","193076","191001","192001","30000","1","30000","10800","19200","2","1","2","IAT2808190908","NHO2018000007","PAID","","193076"),
("IATT190002276","193015","191001","192002","33000","1","33000","11880","21120","1","1","1","IAT2808190908","NHO2018000007","PAID","","ORIGINAL"),
("IATT190002276","193044","191001","192008","25000","1","25000","0","25000","1","1","1","IAT2808190908","NHO2018000007","PAID","","193044"),
("IATT190002276","193053","191002","192010","20000","1","20000","0","20000","1","1","1","IAT2808190908","NHO2018000007","PAID","no sugar","193053"),
("IATT190002276","193048","191002","192010","8000","1","8000","0","8000","1","1","1","IAT2808190908","NHO2018000007","PAID","","193048"),
("IATT190002276","193006","191001","192001","37000","1","37000","13320","23680","1","1","2","IAT2808190908","NHO2018000007","PAID","","193006"),
("IATT190002277","193011","191001","192001","40000","1","40000","14400","25600","1","1","1","IAT2808190908","NHO2018000007","PAID","level 2","PEDAS"),
("IATT190002277","193030","191001","192004","27000","1","27000","9720","17280","1","1","1","IAT2808190908","NHO2018000007","PAID","","193030"),
("IATT190002277","193048","191002","192010","8000","1","8000","0","8000","1","1","1","IAT2808190908","NHO2018000007","PAID","","193048"),
("IATT190002277","193048","191002","192010","8000","1","8000","0","8000","2","1","1","IAT2808190908","NHO2018000007","PAID","","193048"),
("IATT190002278","193022","191001","192003","30000","1","30000","0","30000","1","1","1","IAT2808190908","NHO2018000007","PAID","","193022"),
("IATT190002278","193022","191001","192003","30000","1","30000","0","30000","2","1","1","IAT2808190908","NHO2018000007","PAID","","193022"),
("IATT190002278","193056","191002","192010","17000","1","17000","0","17000","1","1","1","IAT2808190908","NHO2018000007","PAID","","193056"),
("IATT190002278","193055","191002","192010","17000","1","17000","0","17000","1","1","1","IAT2808190908","NHO2018000007","PAID","","193055"),
("IATT190002279","193084","191001","192001","30000","1","30000","10800","19200","1","1","1","IAT2808190908","NHO2018000007","PAID","lv 3 = 2\nlv 2 =1","PEDAS"),
("IATT190002279","193084","191001","192001","30000","1","30000","10800","19200","2","1","1","IAT2808190908","NHO2018000007","PAID","","PEDAS"),
("IATT190002279","193084","191001","192001","30000","1","30000","10800","19200","3","1","1","IAT2808190908","NHO2018000007","PAID","","PEDAS");



INSERT INTO pos_salestemp VALUES("IATT190002264","","1","0","0","0","0","0","0","28/08/2019","10:31","28/08/2019","10:31:53","ISU000012","tbl0040","CANCELED","1","PERMINTAAN CUSTOMER","","","","","","IAT2808190908","NHO2018000007"),
("IATT190002265","","15","540000","194400","34560","0","380160","380200","28/08/2019","10:32","2019-08-28","13:33:35","ISU000012","tbl0040","CLOSED","1","","IATR190002211","","","","","IAT2808190908","NHO2018000007"),
("IATT190002266","","1","77000","24120","5288","0","58168","58168","28/08/2019","12:09","2019-08-28","12:53:19","ISU000012","tbl0012","CLOSED","1","","IATR190002206","","","","","IAT2808190908","NHO2018000007"),
("IATT190002267","","1","53000","10800","4220","0","46420","50000","28/08/2019","12:24","2019-08-28","12:48:09","ISU000012","tbl0023","CLOSED","1","","IATR190002205","","","","","IAT2808190908","NHO2018000007"),
("IATT190002268","","1","53000","12960","4004","0","44044","100000","28/08/2019","12:39","2019-08-28","13:30:36","ISU000012","tbl0011","CLOSED","1","","IATR190002208","","","","","IAT2808190908","NHO2018000007"),
("IATT190002269","","1","47000","0","4700","0","51700","100000","28/08/2019","12:40","2019-08-28","13:31:49","ISU000012","tbl0041","CLOSED","1","","IATR190002210","","","","","IAT2808190908","NHO2018000007"),
("IATT190002270","","1","40000","0","4000","0","44000","50000","28/08/2019","12:40","2019-08-28","13:31:18","ISU000012","tbl0042","CLOSED","1","","IATR190002209","","","","","IAT2808190908","NHO2018000007"),
("IATT190002271","","1","50000","10800","3920","0","43120","50000","28/08/2019","12:41","2019-08-28","13:03:06","ISU000012","tbl0004","CLOSED","1","","IATR190002207","","","","","IAT2808190908","NHO2018000007"),
("IATT190002272","","2","37000","0","3700","0","40700","100000","28/08/2019","13:23","2019-08-28","14:33:29","ISU000012","tbl0010","CLOSED","1","","IATR190002212","","","","","IAT2808190908","NHO2018000007"),
("IATT190002273","","2","95000","24120","7088","0","77968","100000","28/08/2019","14:54","2019-08-28","15:25:47","ISU000012","tbl0011","CLOSED","1","","IATR190002213","","","","","IAT2808190908","NHO2018000007"),
("IATT190002274","","2","116000","21600","9440","0","103840","103840","28/08/2019","16:48","2019-08-28","17:24:41","ISU000012","tbl0012","CLOSED","1","","IATR190002214","","","","","IAT2808190908","NHO2018000007"),
("IATT190002275","","2","0","0","0","0","0","0","28/08/2019","17:50","28/08/2019","17:50:59","ISU000012","tbl0003","CANCELED","1","PERMINTAAN CUSTOMER","","","","","","IAT2808190908","NHO2018000007"),
("IATT190002276","","2","123000","25200","9780","0","107580","110000","28/08/2019","18:46","2019-08-28","20:43:06","ISU000012","tbl0010","CLOSED","1","","IATR190002217","","","","","IAT2808190908","NHO2018000007"),
("IATT190002277","","2","83000","24120","5888","0","64768","64768","28/08/2019","19:00","2019-08-28","19:28:29","ISU000012","tbl0012","CLOSED","1","","IATR190002215","","","","","IAT2808190908","NHO2018000007"),
("IATT190002278","","2","94000","0","9400","0","103400","105000","28/08/2019","19:08","2019-08-28","19:38:21","ISU000012","tbl0011","CLOSED","1","","IATR190002216","","","","","IAT2808190908","NHO2018000007"),
("IATT190002279","","3","90000","32400","5760","0","63360","63360","28/08/2019","20:29","2019-08-28","21:13:33","ISU000012","tbl0012","CLOSED","1","","IATR190002218","","","","","IAT2808190908","NHO2018000007");



INSERT INTO item_void VALUES("IATT190002276","IAT2808190908","NHO2018000007","193008","193008","1","37000","Before Send","Komplen Customer");



INSERT INTO pos_promotion_h VALUES("IATT190002265","NPRM18000016","DISC ITEM","1","194400","Diskon 20% + 20% Agustus","IAT2808190908","PAID","NHO2018000007"),
("IATT190002267","NPRM18000016","DISC ITEM","1","10800","Diskon 20% + 20% Agustus","IAT2808190908","PAID","NHO2018000007"),
("IATT190002266","NPRM18000016","DISC ITEM","1","24120","Diskon 20% + 20% Agustus","IAT2808190908","PAID","NHO2018000007"),
("IATT190002271","NPRM18000016","DISC ITEM","1","10800","Diskon 20% + 20% Agustus","IAT2808190908","PAID","NHO2018000007"),
("IATT190002268","NPRM18000016","DISC ITEM","1","12960","Diskon 20% + 20% Agustus","IAT2808190908","PAID","NHO2018000007"),
("IATT190002273","NPRM18000016","DISC ITEM","1","24120","Diskon 20% + 20% Agustus","IAT2808190908","PAID","NHO2018000007"),
("IATT190002274","NPRM18000016","DISC ITEM","1","21600","Diskon 20% + 20% Agustus","IAT2808190908","PAID","NHO2018000007"),
("IATT190002277","NPRM18000016","DISC ITEM","1","24120","Diskon 20% + 20% Agustus","IAT2808190908","PAID","NHO2018000007"),
("IATT190002276","NPRM18000016","DISC ITEM","1","25200","Diskon 20% + 20% Agustus","IAT2808190908","PAID","NHO2018000007"),
("IATT190002279","NPRM18000016","DISC ITEM","1","32400","Diskon 20% + 20% Agustus","IAT2808190908","PAID","NHO2018000007");



INSERT INTO pos_promotion_d VALUES("IATT190002265","NPRM18000016","DISC ITEM","1","1","193036","1","12960","IAT2808190908","PAID","NHO2018000007"),
("IATT190002265","NPRM18000016","DISC ITEM","1","1","193036","2","12960","IAT2808190908","PAID","NHO2018000007"),
("IATT190002265","NPRM18000016","DISC ITEM","1","1","193036","3","12960","IAT2808190908","PAID","NHO2018000007"),
("IATT190002265","NPRM18000016","DISC ITEM","1","1","193036","4","12960","IAT2808190908","PAID","NHO2018000007"),
("IATT190002265","NPRM18000016","DISC ITEM","1","1","193036","5","12960","IAT2808190908","PAID","NHO2018000007"),
("IATT190002265","NPRM18000016","DISC ITEM","1","1","193036","6","12960","IAT2808190908","PAID","NHO2018000007"),
("IATT190002265","NPRM18000016","DISC ITEM","1","1","193036","7","12960","IAT2808190908","PAID","NHO2018000007"),
("IATT190002265","NPRM18000016","DISC ITEM","1","1","193036","8","12960","IAT2808190908","PAID","NHO2018000007"),
("IATT190002265","NPRM18000016","DISC ITEM","1","1","193036","9","12960","IAT2808190908","PAID","NHO2018000007"),
("IATT190002265","NPRM18000016","DISC ITEM","1","1","193036","10","12960","IAT2808190908","PAID","NHO2018000007"),
("IATT190002265","NPRM18000016","DISC ITEM","1","1","193036","10","12960","IAT2808190908","PAID","NHO2018000007"),
("IATT190002265","NPRM18000016","DISC ITEM","1","1","193036","10","12960","IAT2808190908","PAID","NHO2018000007"),
("IATT190002265","NPRM18000016","DISC ITEM","1","1","193036","10","12960","IAT2808190908","PAID","NHO2018000007"),
("IATT190002265","NPRM18000016","DISC ITEM","1","1","193036","10","12960","IAT2808190908","PAID","NHO2018000007"),
("IATT190002265","NPRM18000016","DISC ITEM","1","1","193036","10","12960","IAT2808190908","PAID","NHO2018000007"),
("IATT190002267","NPRM18000016","DISC ITEM","1","1","193084","1","10800","IAT2808190908","PAID","NHO2018000007"),
("IATT190002266","NPRM18000016","DISC ITEM","1","1","193034","1","13320","IAT2808190908","PAID","NHO2018000007"),
("IATT190002266","NPRM18000016","DISC ITEM","1","1","193083","1","10800","IAT2808190908","PAID","NHO2018000007"),
("IATT190002271","NPRM18000016","DISC ITEM","1","1","193084","1","10800","IAT2808190908","PAID","NHO2018000007"),
("IATT190002268","NPRM18000016","DISC ITEM","1","1","193036","1","12960","IAT2808190908","PAID","NHO2018000007"),
("IATT190002273","NPRM18000016","DISC ITEM","1","1","193006","1","13320","IAT2808190908","PAID","NHO2018000007"),
("IATT190002273","NPRM18000016","DISC ITEM","1","1","193084","1","10800","IAT2808190908","PAID","NHO2018000007"),
("IATT190002274","NPRM18000016","DISC ITEM","1","1","193076","1","10800","IAT2808190908","PAID","NHO2018000007"),
("IATT190002274","NPRM18000016","DISC ITEM","1","1","193076","2","10800","IAT2808190908","PAID","NHO2018000007"),
("IATT190002277","NPRM18000016","DISC ITEM","1","1","193011","1","14400","IAT2808190908","PAID","NHO2018000007"),
("IATT190002277","NPRM18000016","DISC ITEM","1","1","193030","1","9720","IAT2808190908","PAID","NHO2018000007"),
("IATT190002276","NPRM18000016","DISC ITEM","1","1","193015","1","11880","IAT2808190908","PAID","NHO2018000007"),
("IATT190002276","NPRM18000016","DISC ITEM","1","1","193006","1","13320","IAT2808190908","PAID","NHO2018000007"),
("IATT190002279","NPRM18000016","DISC ITEM","1","1","193084","1","10800","IAT2808190908","PAID","NHO2018000007"),
("IATT190002279","NPRM18000016","DISC ITEM","1","1","193084","2","10800","IAT2808190908","PAID","NHO2018000007"),
("IATT190002279","NPRM18000016","DISC ITEM","1","1","193084","3","10800","IAT2808190908","PAID","NHO2018000007");



INSERT INTO pos_paymenttemp VALUES("IATT190002267","CASH","CASH","46420","50000","ISU000012","2019-08-28","","1","","CLOSED","IAT2808190908","NHO2018000007"),
("IATT190002266","CARD","DEBIT BCA","58168","58168","ISU000012","2019-08-28","","1","","CLOSED","IAT2808190908","NHO2018000007"),
("IATT190002271","CASH","CASH","43120","50000","ISU000012","2019-08-28","","1","","CLOSED","IAT2808190908","NHO2018000007"),
("IATT190002268","CASH","CASH","44044","100000","ISU000012","2019-08-28","","1","","CLOSED","IAT2808190908","NHO2018000007"),
("IATT190002270","CASH","CASH","44000","50000","ISU000012","2019-08-28","","1","","CLOSED","IAT2808190908","NHO2018000007"),
("IATT190002269","CASH","CASH","51700","100000","ISU000012","2019-08-28","","1","","CLOSED","IAT2808190908","NHO2018000007"),
("IATT190002265","CASH","CASH","380160","380200","ISU000012","2019-08-28","","1","","CLOSED","IAT2808190908","NHO2018000007"),
("IATT190002272","CASH","CASH","40700","100000","ISU000012","2019-08-28","","1","","CLOSED","IAT2808190908","NHO2018000007"),
("IATT190002273","CASH","CASH","77968","100000","ISU000012","2019-08-28","","1","","CLOSED","IAT2808190908","NHO2018000007"),
("IATT190002274","CARD","VISA","103840","103840","ISU000012","2019-08-28","","1","","CLOSED","IAT2808190908","NHO2018000007"),
("IATT190002277","CARD","MASTER","64768","64768","ISU000012","2019-08-28","","1","","CLOSED","IAT2808190908","NHO2018000007"),
("IATT190002278","CASH","CASH","103400","105000","ISU000012","2019-08-28","","1","","CLOSED","IAT2808190908","NHO2018000007"),
("IATT190002276","CASH","CASH","107580","110000","ISU000012","2019-08-28","","1","","CLOSED","IAT2808190908","NHO2018000007"),
("IATT190002279","CARD","VISA","63360","63360","ISU000012","2019-08-28","","1","","CLOSED","IAT2808190908","NHO2018000007");



