INSERT INTO pos_itemtemp VALUES("IATT200004973","193084","191001","192001","30000","1","30000","0","30000","1","1","1","IAT2701200933","NHO2018000007","PAID","","PEDAS"),
("IATT200004973","193070","191001","192012","13000","1","13000","0","13000","1","1","1","IAT2701200933","NHO2018000007","PAID","","193070"),
("IATT200004973","193046","191002","192010","10000","1","10000","0","10000","1","1","1","IAT2701200933","NHO2018000007","PAID","","193046"),
("IATT200004974","193030","191001","192004","27000","1","27000","0","27000","1","1","1","IAT2701200933","NHO2018000007","PAID","","193030"),
("IATT200004974","193027","191001","192003","43000","1","43000","0","43000","1","1","1","IAT2701200933","NHO2018000007","PAID","","193027"),
("IATT200004974","193028","191001","192003","43000","1","43000","0","43000","1","1","1","IAT2701200933","NHO2018000007","PAID","","193028"),
("IATT200004974","193113","191001","192003","55000","1","55000","0","55000","1","1","1","IAT2701200933","NHO2018000007","PAID","","193113"),
("IATT200004974","193047","191002","192010","10000","1","10000","0","10000","1","1","1","IAT2701200933","NHO2018000007","PAID","","193047"),
("IATT200004974","193047","191002","192010","10000","1","10000","0","10000","2","1","1","IAT2701200933","NHO2018000007","PAID","","193047"),
("IATT200004974","193046","191002","192010","10000","1","10000","0","10000","1","1","1","IAT2701200933","NHO2018000007","PAID","","193046"),
("IATT200004974","193046","191002","192010","10000","1","10000","0","10000","2","1","1","IAT2701200933","NHO2018000007","PAID","","193046"),
("IATT200004975","193079","191001","192001","30000","1","30000","0","30000","1","1","1","IAT2701200933","NHO2018000007","PAID","","193079"),
("IATT200004976","193011","191001","192001","40000","1","40000","0","40000","1","1","1","IAT2701200933","NHO2018000007","PAID","","ORIGINAL"),
("IATT200004977","193043","191001","192008","25000","1","25000","0","25000","1","1","1","IAT2701200933","NHO2018000007","PAID","","193043"),
("IATT200004977","193043","191001","192008","25000","1","25000","0","25000","2","1","1","IAT2701200933","NHO2018000007","PAID","","193043"),
("IATT200004977","193049","191002","192010","10000","1","10000","0","10000","1","1","1","IAT2701200933","NHO2018000007","PAID","","193049"),
("IATT200004977","193049","191002","192010","10000","1","10000","0","10000","2","1","1","IAT2701200933","NHO2018000007","PAID","","193049"),
("IATT200004979","193011","191001","192001","40000","1","40000","0","40000","1","1","1","IAT2701200933","NHO2018000007","PAID","","PEDAS"),
("IATT200004979","193055","191002","192010","17000","1","17000","0","17000","1","1","1","IAT2701200933","NHO2018000007","PAID","","193055"),
("IATT200004979","193055","191002","192010","17000","1","17000","0","17000","2","1","1","IAT2701200933","NHO2018000007","PAID","","193055"),
("IATT200004979","193055","191002","192010","17000","1","17000","0","17000","3","1","1","IAT2701200933","NHO2018000007","PAID","","193055"),
("IATT200004979","193035","191001","192006","32000","1","32000","0","32000","1","1","1","IAT2701200933","NHO2018000007","PAID","","PEDAS"),
("IATT200004979","193047","191002","192010","10000","1","10000","0","10000","1","1","1","IAT2701200933","NHO2018000007","PAID","","193047"),
("IATT200004979","193047","191002","192010","10000","1","10000","0","10000","2","1","1","IAT2701200933","NHO2018000007","PAID","","193047"),
("IATT200004980","193027","191001","192003","43000","1","43000","0","43000","1","1","1","IAT2701200933","NHO2018000007","PAID","","193027"),
("IATT200004980","193027","191001","192003","43000","1","43000","0","43000","2","1","1","IAT2701200933","NHO2018000007","PAID","","193027"),
("IATT200004980","193040","191001","192008","20000","1","20000","0","20000","1","1","1","IAT2701200933","NHO2018000007","PAID","","193040"),
("IATT200004980","193040","191001","192008","20000","1","20000","0","20000","2","1","1","IAT2701200933","NHO2018000007","PAID","","193040"),
("IATT200004980","193041","191001","192008","20000","1","20000","0","20000","1","1","1","IAT2701200933","NHO2018000007","PAID","","193041"),
("IATT200004980","193041","191001","192008","20000","1","20000","0","20000","2","1","1","IAT2701200933","NHO2018000007","PAID","","193041"),
("IATT200004980","193041","191001","192008","20000","1","20000","0","20000","3","1","1","IAT2701200933","NHO2018000007","PAID","","193041"),
("IATT200004981","193023","191001","192003","30000","1","30000","0","30000","1","1","1","IAT2701200933","NHO2018000007","PAID","","193023"),
("IATT200004981","193024","191001","192003","30000","1","30000","0","30000","1","1","1","IAT2701200933","NHO2018000007","PAID","","193024"),
("IATT200004981","193055","191002","192010","17000","1","17000","0","17000","1","1","1","IAT2701200933","NHO2018000007","PAID","","193055"),
("IATT200004981","193047","191002","192010","10000","1","10000","0","10000","1","1","1","IAT2701200933","NHO2018000007","PAID","","193047"),
("IATT200004982","193032","191001","192004","30000","1","30000","0","30000","1","1","1","IAT2701200933","NHO2018000007","PAID","","193032"),
("IATT200004982","193022","191001","192003","30000","1","30000","0","30000","1","1","1","IAT2701200933","NHO2018000007","PAID","","193022"),
("IATT200004982","193022","191001","192003","30000","1","30000","0","30000","2","1","1","IAT2701200933","NHO2018000007","PAID","","193022"),
("IATT200004982","193023","191001","192003","30000","1","30000","0","30000","1","1","1","IAT2701200933","NHO2018000007","PAID","","193023"),
("IATT200004982","193055","191002","192010","17000","1","17000","0","17000","1","1","2","IAT2701200933","NHO2018000007","PAID","","193055"),
("IATT200004983","193028","191001","192003","43000","1","43000","0","43000","1","1","1","IAT2701200933","NHO2018000007","PAID","","193028"),
("IATT200004983","193047","191002","192010","10000","1","10000","0","10000","1","1","1","IAT2701200933","NHO2018000007","PAID","","193047"),
("IATT200004984","193048","191002","192010","8000","1","8000","0","8000","1","1","1","IAT2701200933","NHO2018000007","PAID","","193048"),
("IATT200004984","193048","191002","192010","8000","1","8000","0","8000","2","1","1","IAT2701200933","NHO2018000007","PAID","","193048"),
("IATT200004984","193048","191002","192010","8000","1","8000","0","8000","3","1","1","IAT2701200933","NHO2018000007","PAID","","193048"),
("IATT200004984","193052","191002","192010","20000","1","20000","0","20000","1","1","1","IAT2701200933","NHO2018000007","PAID","","193052"),
("IATT200004984","193052","191002","192010","20000","1","20000","0","20000","2","1","1","IAT2701200933","NHO2018000007","PAID","","193052"),
("IATT200004984","193051","191002","192010","20000","1","20000","0","20000","1","1","1","IAT2701200933","NHO2018000007","PAID","","193051"),
("IATT200004984","193027","191001","192003","43000","1","43000","0","43000","1","1","1","IAT2701200933","NHO2018000007","PAID","","193027"),
("IATT200004984","193027","191001","192003","43000","1","43000","0","43000","2","1","1","IAT2701200933","NHO2018000007","PAID","","193027"),
("IATT200004984","193027","191001","192003","43000","1","43000","0","43000","3","1","1","IAT2701200933","NHO2018000007","PAID","","193027"),
("IATT200004985","193034","191001","192005","37000","1","37000","0","37000","1","1","1","IAT2701200933","NHO2018000007","PAID","","193034"),
("IATT200004985","193039","191001","192006","36000","1","36000","0","36000","1","1","1","IAT2701200933","NHO2018000007","PAID","","PEDAS"),
("IATT200004985","193055","191002","192010","17000","1","17000","0","17000","1","1","1","IAT2701200933","NHO2018000007","PAID","","193055"),
("IATT200004985","193048","191002","192010","8000","1","8000","0","8000","1","1","1","IAT2701200933","NHO2018000007","PAID","","193048"),
("IATT200004986","193084","191001","192001","30000","1","30000","0","30000","1","1","1","IAT2701200933","NHO2018000007","PAID","","PEDAS"),
("IATT200004986","193035","191001","192006","32000","1","32000","0","32000","1","1","1","IAT2701200933","NHO2018000007","PAID"," PEDES SEDENG","PEDAS"),
("IATT200004986","193036","191001","192006","36000","1","36000","0","36000","1","1","1","IAT2701200933","NHO2018000007","PAID","","PEDAS"),
("IATT200004986","193010","191001","192001","40000","1","40000","0","40000","1","1","1","IAT2701200933","NHO2018000007","PAID","","193010"),
("IATT200004986","193056","191002","192010","17000","1","17000","0","17000","1","1","1","IAT2701200933","NHO2018000007","PAID","","193056"),
("IATT200004986","193055","191002","192010","17000","1","17000","0","17000","1","1","1","IAT2701200933","NHO2018000007","PAID","","193055"),
("IATT200004986","193055","191002","192010","17000","1","17000","0","17000","2","1","1","IAT2701200933","NHO2018000007","PAID","","193055"),
("IATT200004986","193048","191002","192010","8000","1","8000","0","8000","1","1","1","IAT2701200933","NHO2018000007","PAID","","193048"),
("IATT200004986","193048","191002","192010","8000","1","8000","0","8000","2","1","1","IAT2701200933","NHO2018000007","PAID","","193048"),
("IATT200004986","193046","191002","192010","10000","1","10000","0","10000","1","1","1","IAT2701200933","NHO2018000007","PAID","","193046"),
("IATT200004986","193050","191002","192010","20000","1","20000","0","20000","1","1","1","IAT2701200933","NHO2018000007","PAID","","193050"),
("IATT200004987","193005","191001","192001","37000","1","37000","0","37000","1","1","1","IAT2701200933","NHO2018000007","PAID","","193005"),
("IATT200004987","193011","191001","192001","40000","1","40000","0","40000","1","1","1","IAT2701200933","NHO2018000007","PAID","LEVEL 1\nTANPA DAUN BAAWANG\n","PEDAS"),
("IATT200004987","193071","191001","192012","18000","1","18000","0","18000","1","1","1","IAT2701200933","NHO2018000007","PAID","","193071"),
("IATT200004987","193053","191002","192010","20000","1","20000","0","20000","1","1","1","IAT2701200933","NHO2018000007","PAID","","193053"),
("IATT200004987","193056","191002","192010","17000","1","17000","0","17000","1","1","1","IAT2701200933","NHO2018000007","PAID","","193056"),
("IATT200004987","193055","191002","192010","17000","1","17000","0","17000","1","1","1","IAT2701200933","NHO2018000007","PAID","","193055"),
("IATT200004988","193127","191001","192015","35454","1","35454","0","35454","1","1","1","IAT2701200933","NHO2018000007","PAID","TAKE AWAY GOFOOD","PEDAS"),
("IATT200004989","193033","191001","192005","42000","1","42000","0","42000","1","1","1","IAT2701200933","NHO2018000007","PAID","","193033"),
("IATT200004990","193113","191001","192003","55000","1","55000","0","55000","1","1","1","IAT2701200933","NHO2018000007","PAID","","193113"),
("IATT200004990","193083","191001","192001","30000","1","30000","0","30000","1","1","1","IAT2701200933","NHO2018000007","PAID","","193083"),
("IATT200004990","193046","191002","192010","10000","1","10000","0","10000","1","1","1","IAT2701200933","NHO2018000007","PAID","","193046"),
("IATT200004990","193056","191002","192010","17000","1","17000","0","17000","1","1","1","IAT2701200933","NHO2018000007","PAID","","193056"),
("IATT200004991","193009","191001","192001","40000","1","40000","0","40000","1","1","1","IAT2701200933","NHO2018000007","PAID","","193009"),
("IATT200004991","193020","191001","192002","40000","1","40000","0","40000","1","1","1","IAT2701200933","NHO2018000007","PAID","","193020"),
("IATT200004991","193055","191002","192010","17000","1","17000","0","17000","1","1","1","IAT2701200933","NHO2018000007","PAID","","193055"),
("IATT200004991","193055","191002","192010","17000","1","17000","0","17000","2","1","1","IAT2701200933","NHO2018000007","PAID","","193055"),
("IATT200004992","193032","191001","192004","30000","1","30000","0","30000","1","1","1","IAT2701200933","NHO2018000007","PAID","","193032"),
("IATT200004992","193032","191001","192004","30000","1","30000","0","30000","2","1","1","IAT2701200933","NHO2018000007","PAID","","193032"),
("IATT200004992","193118","191001","192012","20000","1","20000","0","20000","1","1","2","IAT2701200933","NHO2018000007","PAID","","193118"),
("IATT200004992","193046","191002","192010","10000","1","10000","0","10000","1","1","2","IAT2701200933","NHO2018000007","PAID","","193046"),
("IATT200004990","193069","191001","192012","13000","1","13000","0","13000","1","1","2","IAT2701200933","NHO2018000007","PAID","","193069"),
("IATT200004990","193070","191001","192012","13000","1","13000","0","13000","1","1","2","IAT2701200933","NHO2018000007","PAID","","193070"),
("IATT200004990","193046","191002","192010","10000","1","10000","0","10000","2","1","2","IAT2701200933","NHO2018000007","PAID","","193046"),
("IATT200004990","193052","191002","192010","20000","1","20000","0","20000","1","1","2","IAT2701200933","NHO2018000007","PAID","","193052"),
("IATT200004990","193048","191002","192010","8000","1","8000","0","8000","1","1","2","IAT2701200933","NHO2018000007","PAID","","193048"),
("IATT200004993","193024","191001","192003","30000","1","30000","0","30000","1","1","1","IAT2701200933","NHO2018000007","PAID","","193024"),
("IATT200004993","193071","191001","192012","18000","1","18000","0","18000","1","1","1","IAT2701200933","NHO2018000007","PAID","","193071");



INSERT INTO pos_salestemp VALUES("IATT200004973","","1","53000","0","5300","0","58300","58300","27/01/2020","11:28","2020-01-27","11:55:03","ISU000006","tbl0012","CLOSED","1","","IATR200004837","","","","","IAT2701200933","NHO2018000007"),
("IATT200004974","","4","208000","0","20800","0","228800","228800","27/01/2020","12:02","2020-01-27","12:49:53","ISU000006","tbl0022","CLOSED","1","","IATR200004838","","","","","IAT2701200933","NHO2018000007"),
("IATT200004975","","1","30000","0","3000","0","33000","53000","27/01/2020","12:25","2020-01-27","12:56:34","ISU000006","tbl0011","CLOSED","1","","IATR200004839","","","","","IAT2701200933","NHO2018000007"),
("IATT200004976","","1","40000","0","4000","0","44000","100000","27/01/2020","12:43","2020-01-27","13:02:08","ISU000006","tbl0004","CLOSED","1","","IATR200004840","","","","","IAT2701200933","NHO2018000007"),
("IATT200004977","","1","70000","0","7000","0","77000","100000","27/01/2020","12:55","2020-01-27","14:09:32","ISU000004","tbl0012","CLOSED","1","","IATR200004842","","","","","IAT2701200933","NHO2018000007"),
("IATT200004978","","4","","0","0","0","0","0","27/01/2020","13:47","27/01/2020","14:02:03","ISU000004","tbl0010","CANCELED","1","PERMINTAAN CUSTOMER","","","","","","IAT2701200933","NHO2018000007"),
("IATT200004979","","4","143000","0","14300","0","157300","157300","27/01/2020","13:50","2020-01-27","14:45:59","ISU000004","tbl0010","CLOSED","1","","IATR200004845","","","","","IAT2701200933","NHO2018000007"),
("IATT200004980","","2","186000","0","18600","0","204600","205000","27/01/2020","14:02","2020-01-27","14:04:37","ISU000004","tbl0005","CLOSED","1","","IATR200004841","","","","","IAT2701200933","NHO2018000007"),
("IATT200004981","","2","87000","0","8700","0","95700","100000","27/01/2020","14:05","2020-01-27","14:26:47","ISU000004","tbl0023","CLOSED","1","","IATR200004843","","","","","IAT2701200933","NHO2018000007"),
("IATT200004982","","1","137000","0","13700","0","150700","155000","27/01/2020","14:27","2020-01-27","14:30:25","ISU000004","tbl0023","CLOSED","1","","IATR200004844","","","","","IAT2701200933","NHO2018000007"),
("IATT200004983","","2","53000","0","5300","0","58300","58300","27/01/2020","14:40","2020-01-27","15:17:19","ISU000004","tbl0012","CLOSED","1","","IATR200004846","","","","","IAT2701200933","NHO2018000007"),
("IATT200004984","","3","213000","0","21300","0","234300","250000","27/01/2020","15:23","2020-01-27","16:06:12","ISU000006","tbl0010","CLOSED","1","","IATR200004847","","","","","IAT2701200933","NHO2018000007"),
("IATT200004985","","1","98000","0","9800","0","107800","150000","27/01/2020","16:28","2020-01-27","16:57:45","ISU000006","tbl0010","CLOSED","1","","IATR200004848","","","","","IAT2701200933","NHO2018000007"),
("IATT200004986","","4","235000","0","23500","0","258500","260000","27/01/2020","17:21","2020-01-27","18:23:14","ISU000004","tbl0011","CLOSED","1","","IATR200004850","","","","","IAT2701200933","NHO2018000007"),
("IATT200004987","","1","149000","0","14900","0","163900","163900","27/01/2020","17:31","2020-01-27","18:26:33","ISU000004","tbl0012","CLOSED","1","","IATR200004851","","","","","IAT2701200933","NHO2018000007"),
("IATT200004988","","1","35454","0","3546","0","39000","39000","27/01/2020","17:48","2020-01-27","17:52:03","ISU000004","takeaway","CLOSED","1","","IATR200004849","","","","","IAT2701200933","NHO2018000007"),
("IATT200004989","","1","42000","0","4200","0","46200","46200","27/01/2020","17:56","2020-01-27","18:36:53","ISU000004","tbl0006","CLOSED","1","","IATR200004852","","","","","IAT2701200933","NHO2018000007"),
("IATT200004990","","2","176000","0","17600","0","193600","193600","27/01/2020","19:03","2020-01-27","21:13:50","ISU000004","tbl0010","CLOSED","1","","IATR200004856","","","","","IAT2701200933","NHO2018000007"),
("IATT200004991","","2","114000","0","11400","0","125400","150000","27/01/2020","19:08","2020-01-27","20:02:33","ISU000004","tbl0012","CLOSED","1","","IATR200004853","","","","","IAT2701200933","NHO2018000007"),
("IATT200004992","","1","90000","0","9000","0","99000","100000","27/01/2020","19:24","2020-01-27","20:06:40","ISU000004","tbl0011","CLOSED","1","","IATR200004854","","","","","IAT2701200933","NHO2018000007"),
("IATT200004993","","1","48000","0","4800","0","52800","53000","27/01/2020","20:39","2020-01-27","20:40:11","ISU000004","tbl0009","CLOSED","1","","IATR200004855","","","","","IAT2701200933","NHO2018000007");












INSERT INTO pos_paymenttemp VALUES("IATT200004973","CASH","OVO","58300","58300","ISU000006","2020-01-27","","1","","CLOSED","IAT2701200933","NHO2018000007"),
("IATT200004974","CARD","MASTER","228800","228800","ISU000006","2020-01-27","","1","","CLOSED","IAT2701200933","NHO2018000007"),
("IATT200004975","CASH","CASH","33000","53000","ISU000006","2020-01-27","","1","","CLOSED","IAT2701200933","NHO2018000007"),
("IATT200004976","CASH","CASH","44000","100000","ISU000006","2020-01-27","","1","","CLOSED","IAT2701200933","NHO2018000007"),
("IATT200004980","VOUCHER","E-Voucher Giveaway Isoide","100000","100000","ISU000004","2020-01-27","","1","NHV20200124000017","CLOSED","IAT2701200933","NHO2018000007"),
("IATT200004980","VOUCHER","E-Voucher Giveaway Isoide","100000","100000","ISU000004","2020-01-27","","1","NHV20200124000019","CLOSED","IAT2701200933","NHO2018000007"),
("IATT200004980","CASH","CASH","4600","5000","ISU000004","2020-01-27","","1","","CLOSED","IAT2701200933","NHO2018000007"),
("IATT200004977","CASH","CASH","77000","100000","ISU000004","2020-01-27","","1","","CLOSED","IAT2701200933","NHO2018000007"),
("IATT200004981","VOUCHER","E-Voucher 50K Bloggers X ","50000","50000","ISU000004","2020-01-27","","1","NHV20200109000096","CLOSED","IAT2701200933","NHO2018000007"),
("IATT200004981","VOUCHER","E-Voucher 50K Bloggers X ","50000","50000","ISU000004","2020-01-27","","1","NHV20200109000103","CLOSED","IAT2701200933","NHO2018000007"),
("IATT200004982","VOUCHER","E-Voucher 50K Bloggers X ","50000","50000","ISU000004","2020-01-27","","1","NHV20200109000133","CLOSED","IAT2701200933","NHO2018000007"),
("IATT200004982","VOUCHER","E-Voucher 50K Bloggers X ","50000","50000","ISU000004","2020-01-27","","1","NHV20200109000126","CLOSED","IAT2701200933","NHO2018000007"),
("IATT200004982","VOUCHER","E-Voucher 50K Bloggers X ","50000","50000","ISU000004","2020-01-27","","1","NHV20200109000119","CLOSED","IAT2701200933","NHO2018000007"),
("IATT200004982","CASH","CASH","700","5000","ISU000004","2020-01-27","","1","","CLOSED","IAT2701200933","NHO2018000007"),
("IATT200004979","CASH","CASH","157300","157300","ISU000004","2020-01-27","","1","","CLOSED","IAT2701200933","NHO2018000007"),
("IATT200004983","CASH","OVO","58300","58300","ISU000004","2020-01-27","","1","","CLOSED","IAT2701200933","NHO2018000007"),
("IATT200004984","CASH","CASH","234300","250000","ISU000006","2020-01-27","","1","","CLOSED","IAT2701200933","NHO2018000007"),
("IATT200004985","CASH","CASH","107800","150000","ISU000006","2020-01-27","","1","","CLOSED","IAT2701200933","NHO2018000007"),
("IATT200004988","CASH","GOPAY","39000","39000","ISU000004","2020-01-27","","1","","CLOSED","IAT2701200933","NHO2018000007"),
("IATT200004986","CASH","CASH","258500","260000","ISU000004","2020-01-27","","1","","CLOSED","IAT2701200933","NHO2018000007"),
("IATT200004987","CASH","OVO","163900","163900","ISU000004","2020-01-27","","1","","CLOSED","IAT2701200933","NHO2018000007"),
("IATT200004989","CARD","DEBIT BCA","46200","46200","ISU000004","2020-01-27","","1","","CLOSED","IAT2701200933","NHO2018000007"),
("IATT200004992","VOUCHER","ISOIDE VOUCHER 50K","50000","50000","ISU000004","2020-01-27","","1","","CLOSED","IAT2701200933","NHO2018000007"),
("IATT200004991","CASH","CASH","125400","150000","ISU000004","2020-01-27","","1","","CLOSED","IAT2701200933","NHO2018000007"),
("IATT200004992","CASH","CASH","49000","50000","ISU000004","2020-01-27","","1","","CLOSED","IAT2701200933","NHO2018000007"),
("IATT200004993","VOUCHER","ISOIDE VOUCHER 50K","50000","50000","ISU000004","2020-01-27","","1","","CLOSED","IAT2701200933","NHO2018000007"),
("IATT200004993","CASH","CASH","2800","3000","ISU000004","2020-01-27","","1","","CLOSED","IAT2701200933","NHO2018000007"),
("IATT200004990","CARD","VISA","193600","193600","ISU000004","2020-01-27","","1","","CLOSED","IAT2701200933","NHO2018000007");



