INSERT INTO pos_itemtemp VALUES("IATT200005438","193076","191001","192001","30000","1","30000","0","30000","1","1","1","IAT2002200843","NHO2018000007","PAID","","193076"),
("IATT200005438","193236","191001","192011","0","1","0","0","0","1","1","1","IAT2002200843","NHO2018000007","PAID","","193236"),
("IATT200005438","193046","191002","192010","10000","1","10000","0","10000","1","1","1","IAT2002200843","NHO2018000007","PAID","","193046"),
("IATT200005439","193112","191001","192003","50000","1","50000","0","50000","1","1","1","IAT2002200843","NHO2018000007","PAID","","193112"),
("IATT200005439","193084","191001","192001","30000","1","30000","0","30000","1","1","1","IAT2002200843","NHO2018000007","PAID","","PEDAS"),
("IATT200005439","193086","191001","192002","33000","1","33000","0","33000","1","1","1","IAT2002200843","NHO2018000007","PAID","","PEDAS"),
("IATT200005439","193028","191001","192003","43000","1","43000","0","43000","1","1","1","IAT2002200843","NHO2018000007","PAID","","193028"),
("IATT200005439","193070","191001","192012","13000","1","13000","0","13000","1","1","1","IAT2002200843","NHO2018000007","PAID","","193070"),
("IATT200005439","193056","191002","192010","17000","1","17000","0","17000","1","1","1","IAT2002200843","NHO2018000007","PAID","","193056"),
("IATT200005439","193048","191002","192010","8000","1","8000","0","8000","1","1","1","IAT2002200843","NHO2018000007","PAID","","193048"),
("IATT200005439","193048","191002","192010","8000","1","8000","0","8000","2","1","1","IAT2002200843","NHO2018000007","PAID","","193048"),
("IATT200005439","193047","191002","192010","10000","1","10000","0","10000","1","1","1","IAT2002200843","NHO2018000007","PAID","","193047"),
("IATT200005440","193011","191001","192001","40000","1","40000","0","40000","1","1","1","IAT2002200843","NHO2018000007","PAID","","ORIGINAL"),
("IATT200005440","193011","191001","192001","40000","1","40000","0","40000","2","1","1","IAT2002200843","NHO2018000007","PAID","","PEDAS"),
("IATT200005440","193027","191001","192003","43000","1","43000","0","43000","1","1","1","IAT2002200843","NHO2018000007","PAID","","193027"),
("IATT200005440","193028","191001","192003","43000","1","43000","0","43000","1","1","1","IAT2002200843","NHO2018000007","PAID","","193028"),
("IATT200005440","193009","191001","192001","40000","1","40000","0","40000","1","1","1","IAT2002200843","NHO2018000007","PAID","","193009"),
("IATT200005440","193010","191001","192001","40000","1","40000","0","40000","1","1","1","IAT2002200843","NHO2018000007","PAID","","193010"),
("IATT200005440","193056","191002","192010","17000","1","17000","0","17000","1","1","1","IAT2002200843","NHO2018000007","PAID","","193056"),
("IATT200005440","193056","191002","192010","17000","1","17000","0","17000","2","1","1","IAT2002200843","NHO2018000007","PAID","","193056"),
("IATT200005440","193055","191002","192010","17000","1","17000","0","17000","1","1","1","IAT2002200843","NHO2018000007","PAID","","193055"),
("IATT200005440","193055","191002","192010","17000","1","17000","0","17000","2","1","1","IAT2002200843","NHO2018000007","PAID","","193055"),
("IATT200005440","193055","191002","192010","17000","1","17000","0","17000","3","1","1","IAT2002200843","NHO2018000007","PAID","","193055"),
("IATT200005440","193046","191002","192010","10000","1","10000","0","10000","1","1","1","IAT2002200843","NHO2018000007","PAID","","193046"),
("IATT200005441","193076","191001","192001","30000","1","30000","0","30000","1","1","1","IAT2002200843","NHO2018000007","PAID","","193076"),
("IATT200005441","193231","191001","192011","0","1","0","0","0","1","1","1","IAT2002200843","NHO2018000007","PAID","","193231"),
("IATT200005439","193007","191001","192001","37000","1","37000","0","37000","1","1","2","IAT2002200843","NHO2018000007","PAID","","PEDAS"),
("IATT200005439","193055","191002","192010","17000","1","17000","0","17000","1","1","2","IAT2002200843","NHO2018000007","PAID","","193055"),
("IATT200005442","193084","191001","192001","30000","1","30000","0","30000","1","1","1","IAT2002200843","NHO2018000007","PAID","","PEDAS"),
("IATT200005442","193231","191001","192011","0","1","0","0","0","1","1","1","IAT2002200843","NHO2018000007","PAID","","193231"),
("IATT200005442","193010","191001","192001","40000","1","40000","0","40000","1","1","1","IAT2002200843","NHO2018000007","PAID","","193010"),
("IATT200005442","193046","191002","192010","10000","1","10000","0","10000","1","1","1","IAT2002200843","NHO2018000007","PAID","","193046"),
("IATT200005442","193055","191002","192010","17000","1","17000","0","17000","1","1","1","IAT2002200843","NHO2018000007","PAID","","193055"),
("IATT200005442","193048","191002","192010","8000","1","8000","0","8000","1","1","1","IAT2002200843","NHO2018000007","PAID","","193048"),
("IATT200005443","193019","191001","192002","40000","1","40000","0","40000","1","1","1","IAT2002200843","NHO2018000007","PAID","","PEDAS"),
("IATT200005443","193050","191002","192010","20000","1","20000","0","20000","1","1","1","IAT2002200843","NHO2018000007","PAID","","193050"),
("IATT200005444","193084","191001","192001","30000","1","30000","0","30000","1","1","1","IAT2002200843","NHO2018000007","PAID","","PEDAS"),
("IATT200005445","193027","191001","192003","43000","1","43000","0","43000","1","1","1","IAT2002200843","NHO2018000007","PAID","","193027"),
("IATT200005445","193018","191001","192002","37000","1","37000","0","37000","1","1","1","IAT2002200843","NHO2018000007","PAID","lv 1","PEDAS"),
("IATT200005445","193054","191002","192010","20000","1","20000","0","20000","1","1","1","IAT2002200843","NHO2018000007","PAID","","193054"),
("IATT200005445","193047","191002","192010","10000","1","10000","0","10000","1","1","1","IAT2002200843","NHO2018000007","PAID","","193047"),
("IATT200005445","193024","191001","192003","30000","1","30000","0","30000","1","1","2","IAT2002200843","NHO2018000007","PAID","","193024"),
("IATT200005445","193048","191002","192010","8000","1","8000","0","8000","1","1","3","IAT2002200843","NHO2018000007","PAID","","193048"),
("IATT200005445","193048","191002","192010","8000","1","8000","0","8000","2","1","3","IAT2002200843","NHO2018000007","PAID","","193048"),
("IATT200005446","193083","191001","192001","30000","1","30000","0","30000","1","1","1","IAT2002200843","NHO2018000007","PAID","","193083"),
("IATT200005446","193034","191001","192005","37000","1","37000","0","37000","1","1","1","IAT2002200843","NHO2018000007","PAID","","193034"),
("IATT200005446","193047","191002","192010","10000","1","10000","0","10000","1","1","1","IAT2002200843","NHO2018000007","PAID","","193047"),
("IATT200005446","193054","191002","192010","20000","1","20000","0","20000","1","1","1","IAT2002200843","NHO2018000007","PAID","","193054"),
("IATT200005446","193234","191001","192011","0","1","0","0","0","1","1","2","IAT2002200843","NHO2018000007","PAID","","193234");



INSERT INTO pos_salestemp VALUES("IATT200005438","","2","40000","0","4000","0","44000","100000","20/02/2020","12:00","2020-02-20","12:35:59","ISU000015","tbl0012","CLOSED","1","","IATR200005292","","","","","IAT2002200843","NHO2018000007"),
("IATT200005439","","4","266000","0","26600","0","292600","300000","20/02/2020","12:36","2020-02-20","13:26:13","ISU000015","tbl0010","CLOSED","1","","IATR200005294","","","","","IAT2002200843","NHO2018000007"),
("IATT200005440","","6","341000","0","34100","0","375100","375100","20/02/2020","12:38","2020-02-20","13:24:30","ISU000015","tbl0021","CLOSED","1","","IATR200005293","","","","","IAT2002200843","NHO2018000007"),
("IATT200005441","","1","30000","0","3000","0","33000","50000","20/02/2020","12:41","2020-02-20","13:33:11","ISU000015","tbl0011","CLOSED","1","","IATR200005295","","","","","IAT2002200843","NHO2018000007"),
("IATT200005442","","3","105000","0","10500","0","115500","115500","20/02/2020","16:40","2020-02-20","17:15:19","ISU000006","tbl0010","CLOSED","1","","IATR200005296","","","","","IAT2002200843","NHO2018000007"),
("IATT200005443","","1","60000","0","6000","0","66000","67000","20/02/2020","16:49","2020-02-20","17:16:12","ISU000006","tbl0012","CLOSED","1","","IATR200005297","","","","","IAT2002200843","NHO2018000007"),
("IATT200005444","","2","30000","0","3000","0","33000","33000","20/02/2020","18:29","2020-02-20","19:21:13","ISU000006","tbl0011","CLOSED","1","","IATR200005298","","","","","IAT2002200843","NHO2018000007"),
("IATT200005445","","2","156000","0","15600","0","171600","172000","20/02/2020","19:33","2020-02-20","20:22:24","ISU000006","tbl0012","CLOSED","1","","IATR200005299","","","","","IAT2002200843","NHO2018000007"),
("IATT200005446","","3","97000","0","9700","0","106700","106700","20/02/2020","20:39","2020-02-20","21:12:44","ISU000006","tbl0010","CLOSED","1","","IATR200005300","","","","","IAT2002200843","NHO2018000007");



INSERT INTO item_void VALUES("IATT200005444","IAT2002200843","NHO2018000007","193232","193232","1","0","Before Send","Komplen Customer"),
("IATT200005446","IAT2002200843","NHO2018000007","193082","193082","1","30000","Before Send","Komplen Customer");









INSERT INTO pos_paymenttemp VALUES("IATT200005438","CASH","CASH","44000","100000","ISU000015","2020-02-20","","1","","CLOSED","IAT2002200843","NHO2018000007"),
("IATT200005440","CARD","VISA","375100","375100","ISU000015","2020-02-20","","1","","CLOSED","IAT2002200843","NHO2018000007"),
("IATT200005439","CASH","CASH","292600","300000","ISU000015","2020-02-20","","1","","CLOSED","IAT2002200843","NHO2018000007"),
("IATT200005441","CASH","CASH","33000","50000","ISU000015","2020-02-20","","1","","CLOSED","IAT2002200843","NHO2018000007"),
("IATT200005442","CARD","DEBIT BCA","115500","115500","ISU000006","2020-02-20","","1","","CLOSED","IAT2002200843","NHO2018000007"),
("IATT200005443","CASH","CASH","66000","67000","ISU000006","2020-02-20","","1","","CLOSED","IAT2002200843","NHO2018000007"),
("IATT200005444","CASH","SHOPPEEPAY","33000","33000","ISU000006","2020-02-20","","1","","CLOSED","IAT2002200843","NHO2018000007"),
("IATT200005445","CASH","CASH","171600","172000","ISU000006","2020-02-20","","1","","CLOSED","IAT2002200843","NHO2018000007"),
("IATT200005446","CARD","VISA","106700","106700","ISU000006","2020-02-20","","1","","CLOSED","IAT2002200843","NHO2018000007");



