INSERT INTO pos_itemtemp VALUES("IATT190000193","193008","191001","192001","37000","1","37000","0","37000","1","1","1","IAT2605191050","NHO2018000007","PAID","pedes","193008"),
("IATT190000193","193047","191002","192010","8000","1","8000","0","8000","1","1","1","IAT2605191050","NHO2018000007","PAID","","193047"),
("IATT190000194","193024","191001","192003","30000","1","30000","0","30000","1","1","1","IAT2605191050","NHO2018000007","PAID","","193024"),
("IATT190000194","193022","191001","192003","30000","1","30000","0","30000","1","1","1","IAT2605191050","NHO2018000007","PAID","","193022"),
("IATT190000194","193048","191002","192010","8000","1","8000","0","8000","1","1","1","IAT2605191050","NHO2018000007","PAID","","193048"),
("IATT190000194","193048","191002","192010","8000","1","8000","0","8000","2","1","1","IAT2605191050","NHO2018000007","PAID","","193048"),
("IATT190000195","193011","191001","192001","40000","1","40000","0","40000","1","1","1","IAT2605191050","NHO2018000007","PAID","","PEDAS"),
("IATT190000195","193047","191002","192010","8000","1","8000","0","8000","1","1","1","IAT2605191050","NHO2018000007","PAID","","193047"),
("IATT190000195","193001","191001","192001","30000","1","30000","0","30000","1","1","1","IAT2605191050","NHO2018000007","PAID","beef","193001"),
("IATT190000195","193048","191002","192010","8000","1","8000","0","8000","1","1","1","IAT2605191050","NHO2018000007","PAID","","193048"),
("IATT190000195","193047","191002","192010","8000","1","8000","0","8000","2","1","2","IAT2605191050","NHO2018000007","PAID","","193047"),
("IATT190000196","193028","191001","192003","43000","1","43000","0","43000","1","1","1","IAT2605191050","NHO2018000007","PAID","","193028"),
("IATT190000196","193028","191001","192003","43000","1","43000","0","43000","2","1","1","IAT2605191050","NHO2018000007","PAID","","193028"),
("IATT190000196","193035","191001","192006","32000","1","32000","0","32000","1","1","1","IAT2605191050","NHO2018000007","PAID","","ORIGINAL"),
("IATT190000196","193002","191001","192001","30000","1","30000","0","30000","1","1","1","IAT2605191050","NHO2018000007","PAID","beef","193002"),
("IATT190000196","193048","191002","192010","8000","1","8000","0","8000","1","1","1","IAT2605191050","NHO2018000007","PAID","minta es batu 2 gelas","193048"),
("IATT190000196","193048","191002","192010","8000","1","8000","0","8000","2","1","1","IAT2605191050","NHO2018000007","PAID","","193048"),
("IATT190000196","193055","191002","192010","17000","1","17000","0","17000","1","1","1","IAT2605191050","NHO2018000007","PAID","","193055"),
("IATT190000196","193055","191002","192010","17000","1","17000","0","17000","2","1","1","IAT2605191050","NHO2018000007","PAID","","193055"),
("IATT190000196","193053","191002","192010","20000","1","20000","0","20000","1","1","1","IAT2605191050","NHO2018000007","PAID","","193053"),
("IATT190000196","193050","191002","192010","20000","1","20000","0","20000","1","1","1","IAT2605191050","NHO2018000007","PAID","","193050"),
("IATT190000197","193022","191001","192003","30000","1","30000","0","30000","1","1","1","IAT2605191050","NHO2018000007","PAID","","193022"),
("IATT190000197","193003","191001","192001","30000","1","30000","0","30000","1","1","1","IAT2605191050","NHO2018000007","PAID","beef","ORIGINAL"),
("IATT190000197","193003","191001","192001","30000","1","30000","0","30000","2","1","1","IAT2605191050","NHO2018000007","PAID","","ORIGINAL"),
("IATT190000197","193048","191002","192010","8000","1","8000","0","8000","1","1","1","IAT2605191050","NHO2018000007","PAID","","193048"),
("IATT190000197","193056","191002","192010","17000","1","17000","0","17000","1","1","1","IAT2605191050","NHO2018000007","PAID","","193056"),
("IATT190000197","193056","191002","192010","17000","1","17000","0","17000","2","1","1","IAT2605191050","NHO2018000007","PAID","","193056"),
("IATT190000197","193046","191002","192010","8000","1","8000","0","8000","1","1","1","IAT2605191050","NHO2018000007","PAID","","193046"),
("IATT190000198","193023","191001","192003","30000","1","30000","0","30000","1","1","1","IAT2605191050","NHO2018000007","PAID","","193023"),
("IATT190000198","193030","191001","192004","27000","1","27000","0","27000","1","1","1","IAT2605191050","NHO2018000007","PAID","","193030"),
("IATT190000198","193047","191002","192010","8000","1","8000","0","8000","1","1","1","IAT2605191050","NHO2018000007","PAID","","193047"),
("IATT190000199","193022","191001","192003","30000","1","30000","0","30000","1","1","1","IAT2605191050","NHO2018000007","PAID","","193022"),
("IATT190000199","193052","191002","192010","20000","1","20000","0","20000","1","1","1","IAT2605191050","NHO2018000007","PAID","","193052"),
("IATT190000199","193048","191002","192010","8000","1","8000","0","8000","1","1","1","IAT2605191050","NHO2018000007","PAID","","193048"),
("IATT190000200","193047","191002","192010","8000","1","8000","0","8000","1","1","1","IAT2605191050","NHO2018000007","PAID","","193047"),
("IATT190000198","193066","191003","192011","0","1","0","0","0","1","1","2","IAT2605191050","NHO2018000007","PAID","","193066"),
("IATT190000198","193066","191003","192011","0","1","0","0","0","2","1","2","IAT2605191050","NHO2018000007","PAID","","193066"),
("IATT190000201","193019","191001","192002","40000","1","40000","0","40000","1","1","1","IAT2605191050","NHO2018000007","PAID","","PEDAS"),
("IATT190000202","193001","191001","192001","30000","1","30000","0","30000","1","1","1","IAT2605191050","NHO2018000007","PAID","beef,untuk buka puasa","193001"),
("IATT190000202","193003","191001","192001","30000","1","30000","0","30000","1","1","1","IAT2605191050","NHO2018000007","PAID","beef","PEDAS"),
("IATT190000202","193048","191002","192010","8000","1","8000","0","8000","1","1","1","IAT2605191050","NHO2018000007","PAID","","193048"),
("IATT190000202","193048","191002","192010","8000","1","8000","0","8000","2","1","1","IAT2605191050","NHO2018000007","PAID","","193048"),
("IATT190000202","193055","191002","192010","17000","1","17000","0","17000","1","1","1","IAT2605191050","NHO2018000007","PAID","","193055"),
("IATT190000202","193055","191002","192010","17000","1","17000","0","17000","2","1","1","IAT2605191050","NHO2018000007","PAID","","193055"),
("IATT190000203","193002","191001","192001","30000","1","30000","0","30000","1","1","1","IAT2605191050","NHO2018000007","PAID","beef,untuk buka puasa","193002"),
("IATT190000203","193028","191001","192003","43000","1","43000","0","43000","1","1","1","IAT2605191050","NHO2018000007","PAID","","193028"),
("IATT190000203","193024","191001","192003","30000","1","30000","0","30000","1","1","1","IAT2605191050","NHO2018000007","PAID","","193024"),
("IATT190000203","193055","191002","192010","17000","1","17000","0","17000","1","1","1","IAT2605191050","NHO2018000007","PAID","","193055"),
("IATT190000203","193046","191002","192010","8000","1","8000","0","8000","1","1","1","IAT2605191050","NHO2018000007","PAID","","193046"),
("IATT190000203","193047","191002","192010","8000","1","8000","0","8000","1","1","1","IAT2605191050","NHO2018000007","PAID","","193047"),
("IATT190000203","193048","191002","192010","8000","1","8000","0","8000","1","1","1","IAT2605191050","NHO2018000007","PAID","","193048"),
("IATT190000197","193066","191003","192011","0","1","0","0","0","1","1","2","IAT2605191050","NHO2018000007","PAID","","193066"),
("IATT190000204","193022","191001","192003","30000","1","30000","0","30000","1","1","1","IAT2605191050","NHO2018000007","PAID","","193022"),
("IATT190000204","193003","191001","192001","30000","1","30000","0","30000","1","1","1","IAT2605191050","NHO2018000007","PAID","beef","PEDAS"),
("IATT190000204","193011","191001","192001","40000","1","40000","0","40000","1","1","1","IAT2605191050","NHO2018000007","PAID","","PEDAS"),
("IATT190000204","193001","191001","192001","30000","1","30000","0","30000","1","1","1","IAT2605191050","NHO2018000007","PAID","chiken,pedes","193001"),
("IATT190000204","193050","191002","192010","20000","1","20000","0","20000","1","1","1","IAT2605191050","NHO2018000007","PAID","","193050"),
("IATT190000204","193047","191002","192010","8000","1","8000","0","8000","1","1","1","IAT2605191050","NHO2018000007","PAID","","193047"),
("IATT190000204","193047","191002","192010","8000","1","8000","0","8000","2","1","1","IAT2605191050","NHO2018000007","PAID","","193047"),
("IATT190000205","193022","191001","192003","30000","1","30000","0","30000","1","1","1","IAT2605191050","NHO2018000007","PAID","","193022"),
("IATT190000205","193055","191002","192010","17000","1","17000","0","17000","1","1","1","IAT2605191050","NHO2018000007","PAID","","193055"),
("IATT190000205","193023","191001","192003","30000","1","30000","0","30000","1","1","1","IAT2605191050","NHO2018000007","PAID","","193023"),
("IATT190000205","193021","191001","192002","40000","1","40000","0","40000","1","1","1","IAT2605191050","NHO2018000007","PAID","","PEDAS"),
("IATT190000205","193047","191002","192010","8000","1","8000","0","8000","1","1","1","IAT2605191050","NHO2018000007","PAID","","193047"),
("IATT190000206","193023","191001","192003","30000","1","30000","0","30000","1","1","1","IAT2605191050","NHO2018000007","PAID","","193023"),
("IATT190000206","193023","191001","192003","30000","1","30000","0","30000","2","1","1","IAT2605191050","NHO2018000007","PAID","","193023"),
("IATT190000206","193025","191001","192003","30000","1","30000","0","30000","1","1","1","IAT2605191050","NHO2018000007","PAID","","193025"),
("IATT190000206","193003","191001","192001","30000","1","30000","0","30000","1","1","1","IAT2605191050","NHO2018000007","PAID","beef / buka puasa","PEDAS"),
("IATT190000206","193055","191002","192010","17000","1","17000","0","17000","1","1","2","IAT2605191050","NHO2018000007","PAID","","193055"),
("IATT190000206","193055","191002","192010","17000","1","17000","0","17000","2","1","2","IAT2605191050","NHO2018000007","PAID","","193055"),
("IATT190000207","193004","191001","192001","30000","1","30000","0","30000","1","1","1","IAT2605191050","NHO2018000007","PAID","beef buka puasa","193004"),
("IATT190000207","193012","191001","192001","40000","1","40000","0","40000","1","1","1","IAT2605191050","NHO2018000007","PAID","kluarin skr","193012"),
("IATT190000207","193047","191002","192010","8000","1","8000","0","8000","1","1","1","IAT2605191050","NHO2018000007","PAID","buka puasa ","193047"),
("IATT190000207","193056","191002","192010","17000","1","17000","0","17000","1","1","1","IAT2605191050","NHO2018000007","PAID","kluarin skr","193056"),
("IATT190000207","193056","191002","192010","17000","1","17000","0","17000","2","1","1","IAT2605191050","NHO2018000007","PAID","","193056"),
("IATT190000208","193022","191001","192003","30000","1","30000","0","30000","1","1","1","IAT2605191050","NHO2018000007","PAID","","193022"),
("IATT190000208","193022","191001","192003","30000","1","30000","0","30000","2","1","1","IAT2605191050","NHO2018000007","PAID","","193022"),
("IATT190000208","193010","191001","192001","40000","1","40000","0","40000","1","1","1","IAT2605191050","NHO2018000007","PAID","untuk buka puasa","193010"),
("IATT190000208","193048","191002","192010","8000","1","8000","0","8000","1","1","1","IAT2605191050","NHO2018000007","PAID","","193048"),
("IATT190000208","193055","191002","192010","17000","1","17000","0","17000","1","1","1","IAT2605191050","NHO2018000007","PAID","","193055"),
("IATT190000208","193055","191002","192010","17000","1","17000","0","17000","2","1","1","IAT2605191050","NHO2018000007","PAID","","193055"),
("IATT190000209","193001","191001","192001","30000","1","30000","0","30000","1","1","1","IAT2605191050","NHO2018000007","PAID","chiken / buka puasa","193001"),
("IATT190000209","193022","191001","192003","30000","1","30000","0","30000","1","1","1","IAT2605191050","NHO2018000007","PAID","","193022"),
("IATT190000209","193002","191001","192001","30000","1","30000","0","30000","1","1","1","IAT2605191050","NHO2018000007","PAID","beef/ buka puasa","193002"),
("IATT190000209","193055","191002","192010","17000","1","17000","0","17000","1","1","1","IAT2605191050","NHO2018000007","PAID","","193055"),
("IATT190000209","193049","191002","192010","10000","1","10000","0","10000","1","1","1","IAT2605191050","NHO2018000007","PAID","es batu","193049"),
("IATT190000209","193048","191002","192010","8000","1","8000","0","8000","1","1","1","IAT2605191050","NHO2018000007","PAID","","193048"),
("IATT190000210","193035","191001","192006","32000","1","32000","0","32000","1","1","1","IAT2605191050","NHO2018000007","PAID","ga pake apa apa cuman nasi bumbu telur dan garnis ","ORIGINAL"),
("IATT190000210","193039","191001","192006","36000","1","36000","0","36000","1","1","1","IAT2605191050","NHO2018000007","PAID","","ORIGINAL"),
("IATT190000210","193048","191002","192010","8000","1","8000","0","8000","1","1","1","IAT2605191050","NHO2018000007","PAID","","193048"),
("IATT190000210","193048","191002","192010","8000","1","8000","0","8000","2","1","1","IAT2605191050","NHO2018000007","PAID","","193048"),
("IATT190000211","193022","191001","192003","30000","1","30000","0","30000","1","1","1","IAT2605191050","NHO2018000007","PAID","","193022"),
("IATT190000211","193024","191001","192003","30000","1","30000","0","30000","1","1","1","IAT2605191050","NHO2018000007","PAID","","193024"),
("IATT190000211","193028","191001","192003","43000","1","43000","0","43000","1","1","1","IAT2605191050","NHO2018000007","PAID","","193028"),
("IATT190000211","193047","191002","192010","8000","1","8000","0","8000","1","1","1","IAT2605191050","NHO2018000007","PAID","","193047"),
("IATT190000212","193023","191001","192003","30000","1","30000","0","30000","1","1","1","IAT2605191050","NHO2018000007","PAID","","193023"),
("IATT190000212","193024","191001","192003","30000","1","30000","0","30000","1","1","1","IAT2605191050","NHO2018000007","PAID","","193024"),
("IATT190000212","193047","191002","192010","8000","1","8000","0","8000","1","1","1","IAT2605191050","NHO2018000007","PAID","","193047"),
("IATT190000213","193028","191001","192003","43000","1","43000","0","43000","1","1","1","IAT2605191050","NHO2018000007","PAID","","193028"),
("IATT190000213","193007","191001","192001","37000","1","37000","0","37000","1","1","1","IAT2605191050","NHO2018000007","PAID","","PEDAS"),
("IATT190000213","193055","191002","192010","17000","1","17000","0","17000","1","1","1","IAT2605191050","NHO2018000007","PAID","","193055"),
("IATT190000213","193051","191002","192010","20000","1","20000","0","20000","1","1","1","IAT2605191050","NHO2018000007","PAID","","193051"),
("IATT190000214","193028","191001","192003","43000","1","43000","0","43000","1","1","1","IAT2605191050","NHO2018000007","PAID","","193028"),
("IATT190000214","193022","191001","192003","30000","1","30000","0","30000","1","1","1","IAT2605191050","NHO2018000007","PAID","","193022"),
("IATT190000214","193024","191001","192003","30000","1","30000","0","30000","1","1","1","IAT2605191050","NHO2018000007","PAID","","193024"),
("IATT190000214","193054","191002","192010","20000","1","20000","0","20000","1","1","1","IAT2605191050","NHO2018000007","PAID","","193054"),
("IATT190000214","193046","191002","192010","8000","1","8000","0","8000","1","1","1","IAT2605191050","NHO2018000007","PAID","","193046"),
("IATT190000214","193049","191002","192010","10000","1","10000","0","10000","1","1","1","IAT2605191050","NHO2018000007","PAID","","193049"),
("IATT190000215","193034","191001","192005","37000","1","37000","0","37000","1","1","1","IAT2605191050","NHO2018000007","PAID","","193034"),
("IATT190000215","193010","191001","192001","40000","1","40000","0","40000","1","1","1","IAT2605191050","NHO2018000007","PAID","","193010"),
("IATT190000215","193047","191002","192010","8000","1","8000","0","8000","1","1","1","IAT2605191050","NHO2018000007","PAID","","193047"),
("IATT190000215","193055","191002","192010","17000","1","17000","0","17000","1","1","1","IAT2605191050","NHO2018000007","PAID","","193055"),
("IATT190000216","193022","191001","192003","30000","1","30000","0","30000","1","1","1","IAT2605191050","NHO2018000007","PAID","","193022"),
("IATT190000216","193024","191001","192003","30000","1","30000","0","30000","1","1","1","IAT2605191050","NHO2018000007","PAID","","193024"),
("IATT190000217","193022","191001","192003","30000","1","30000","0","30000","1","1","1","IAT2605191050","NHO2018000007","PAID","","193022"),
("IATT190000217","193022","191001","192003","30000","1","30000","0","30000","2","1","1","IAT2605191050","NHO2018000007","PAID","","193022"),
("IATT190000217","193053","191002","192010","20000","1","20000","0","20000","1","1","1","IAT2605191050","NHO2018000007","PAID","","193053"),
("IATT190000217","193054","191002","192010","20000","1","20000","0","20000","1","1","1","IAT2605191050","NHO2018000007","PAID","","193054"),
("IATT190000218","193010","191001","192001","40000","1","40000","0","40000","1","1","1","IAT2605191050","NHO2018000007","PAID","","193010"),
("IATT190000218","193028","191001","192003","43000","1","43000","0","43000","1","1","1","IAT2605191050","NHO2018000007","PAID","","193028"),
("IATT190000218","193028","191001","192003","43000","1","43000","0","43000","2","1","1","IAT2605191050","NHO2018000007","PAID","","193028"),
("IATT190000218","193022","191001","192003","30000","1","30000","0","30000","1","1","1","IAT2605191050","NHO2018000007","PAID","","193022"),
("IATT190000218","193011","191001","192001","40000","1","40000","0","40000","1","1","1","IAT2605191050","NHO2018000007","PAID","","ORIGINAL"),
("IATT190000218","193054","191002","192010","20000","1","20000","0","20000","1","1","1","IAT2605191050","NHO2018000007","PAID","less ice","193054"),
("IATT190000218","193056","191002","192010","17000","1","17000","0","17000","1","1","1","IAT2605191050","NHO2018000007","PAID","no ice ","193056"),
("IATT190000218","193046","191002","192010","8000","1","8000","0","8000","1","1","1","IAT2605191050","NHO2018000007","PAID","","193046"),
("IATT190000219","193007","191001","192001","37000","1","37000","0","37000","1","1","1","IAT2605191050","NHO2018000007","PAID","","PEDAS"),
("IATT190000219","193022","191001","192003","30000","1","30000","0","30000","1","1","1","IAT2605191050","NHO2018000007","PAID","","193022"),
("IATT190000219","193051","191002","192010","20000","1","20000","0","20000","1","1","1","IAT2605191050","NHO2018000007","PAID","","193051"),
("IATT190000219","193050","191002","192010","20000","1","20000","0","20000","1","1","1","IAT2605191050","NHO2018000007","PAID","","193050"),
("IATT190000220","193011","191001","192001","40000","1","40000","0","40000","1","1","1","IAT2605191050","NHO2018000007","PAID","lvl 3","PEDAS"),
("IATT190000220","193009","191001","192001","40000","1","40000","0","40000","1","1","1","IAT2605191050","NHO2018000007","PAID","","193009"),
("IATT190000220","193022","191001","192003","30000","1","30000","0","30000","1","1","1","IAT2605191050","NHO2018000007","PAID","","193022"),
("IATT190000220","193022","191001","192003","30000","1","30000","0","30000","2","1","1","IAT2605191050","NHO2018000007","PAID","","193022"),
("IATT190000220","193003","191001","192001","30000","1","30000","0","30000","1","1","1","IAT2605191050","NHO2018000007","PAID","beef lvl 3","PEDAS"),
("IATT190000221","193022","191001","192003","30000","1","30000","0","30000","1","1","1","IAT2605191050","NHO2018000007","PAID","","193022"),
("IATT190000221","193024","191001","192003","30000","1","30000","0","30000","1","1","1","IAT2605191050","NHO2018000007","PAID","","193024"),
("IATT190000221","193055","191002","192010","17000","1","17000","0","17000","1","1","1","IAT2605191050","NHO2018000007","PAID","","193055"),
("IATT190000221","193056","191002","192010","17000","1","17000","0","17000","1","1","1","IAT2605191050","NHO2018000007","PAID","","193056"),
("IATT190000222","193024","191001","192003","30000","1","30000","0","30000","1","1","1","IAT2605191050","NHO2018000007","PAID","","193024"),
("IATT190000222","193023","191001","192003","30000","1","30000","0","30000","1","1","1","IAT2605191050","NHO2018000007","PAID","","193023"),
("IATT190000222","193051","191002","192010","20000","1","20000","0","20000","1","1","1","IAT2605191050","NHO2018000007","PAID","","193051"),
("IATT190000222","193046","191002","192010","8000","1","8000","0","8000","1","1","1","IAT2605191050","NHO2018000007","PAID","","193046"),
("IATT190000223","193003","191001","192001","30000","1","30000","0","30000","1","1","1","IAT2605191050","NHO2018000007","PAID","level 1 beef","PEDAS"),
("IATT190000223","193056","191002","192010","17000","1","17000","0","17000","1","1","1","IAT2605191050","NHO2018000007","PAID","","193056"),
("IATT190000223","193047","191002","192010","8000","1","8000","0","8000","1","1","1","IAT2605191050","NHO2018000007","PAID","","193047"),
("IATT190000223","193048","191002","192010","8000","1","8000","0","8000","1","1","1","IAT2605191050","NHO2018000007","PAID","es batu","193048"),
("IATT190000224","193011","191001","192001","40000","1","40000","0","40000","1","1","1","IAT2605191050","NHO2018000007","PAID","","PEDAS"),
("IATT190000224","193022","191001","192003","30000","1","30000","0","30000","1","1","1","IAT2605191050","NHO2018000007","PAID","","193022"),
("IATT190000224","193054","191002","192010","20000","1","20000","0","20000","1","1","1","IAT2605191050","NHO2018000007","PAID","","193054"),
("IATT190000224","193055","191002","192010","17000","1","17000","0","17000","1","1","1","IAT2605191050","NHO2018000007","PAID","","193055"),
("IATT190000224","193047","191002","192010","8000","1","8000","0","8000","1","1","1","IAT2605191050","NHO2018000007","PAID","","193047"),
("IATT190000218","193056","191002","192010","17000","1","17000","0","17000","2","1","2","IAT2605191050","NHO2018000007","PAID","","193056"),
("IATT190000219","193056","191002","192010","17000","1","17000","0","17000","1","1","2","IAT2605191050","NHO2018000007","PAID","","193056"),
("IATT190000225","193054","191002","192010","20000","1","20000","0","20000","1","1","1","IAT2605191050","NHO2018000007","PAID","","193054"),
("IATT190000226","193008","191001","192001","37000","1","37000","0","37000","1","1","1","IAT2605191050","NHO2018000007","PAID","","193008"),
("IATT190000226","193011","191001","192001","40000","1","40000","0","40000","1","1","1","IAT2605191050","NHO2018000007","PAID"," lvl 3","PEDAS"),
("IATT190000226","193007","191001","192001","37000","1","37000","0","37000","1","1","1","IAT2605191050","NHO2018000007","PAID","lvl 3","PEDAS"),
("IATT190000226","193033","191001","192005","42000","1","42000","0","42000","1","1","1","IAT2605191050","NHO2018000007","PAID","","193033"),
("IATT190000226","193055","191002","192010","17000","1","17000","0","17000","1","1","1","IAT2605191050","NHO2018000007","PAID","","193055"),
("IATT190000226","193054","191002","192010","20000","1","20000","0","20000","1","1","1","IAT2605191050","NHO2018000007","PAID","","193054"),
("IATT190000226","193053","191002","192010","20000","1","20000","0","20000","1","1","1","IAT2605191050","NHO2018000007","PAID","","193053"),
("IATT190000227","193047","191002","192010","8000","1","8000","0","8000","1","1","1","IAT2605191050","NHO2018000007","PAID","","193047"),
("IATT190000227","193047","191002","192010","8000","1","8000","0","8000","2","1","1","IAT2605191050","NHO2018000007","PAID","","193047"),
("IATT190000228","193054","191002","192010","20000","1","20000","0","20000","1","1","1","IAT2605191050","NHO2018000007","PAID","","193054"),
("IATT190000228","193051","191002","192010","20000","1","20000","0","20000","1","1","1","IAT2605191050","NHO2018000007","PAID","","193051"),
("IATT190000228","193056","191002","192010","17000","1","17000","0","17000","1","1","1","IAT2605191050","NHO2018000007","PAID","","193056"),
("IATT190000202","193001","191001","192001","30000","1","30000","0","30000","2","1","2","IAT2605191050","NHO2018000007","PAID","beef ga pedes","193001"),
("IATT190000213","193049","191002","192010","10000","1","10000","0","10000","1","1","2","IAT2605191050","NHO2018000007","PAID","","193049"),
("IATT190000228","193049","191002","192010","10000","1","10000","0","10000","1","1","2","IAT2605191050","NHO2018000007","PAID","","193049"),
("IATT190000228","193022","191001","192003","30000","1","30000","0","30000","1","1","2","IAT2605191050","NHO2018000007","PAID","","193022"),
("IATT190000228","193011","191001","192001","40000","1","40000","0","40000","1","1","2","IAT2605191050","NHO2018000007","PAID","","PEDAS"),
("IATT190000229","193022","191001","192003","30000","1","30000","0","30000","1","1","1","IAT2605191050","NHO2018000007","PAID","","193022"),
("IATT190000229","193011","191001","192001","40000","1","40000","0","40000","1","1","1","IAT2605191050","NHO2018000007","PAID","","PEDAS"),
("IATT190000229","193047","191002","192010","8000","1","8000","0","8000","1","1","1","IAT2605191050","NHO2018000007","PAID","","193047"),
("IATT190000229","193056","191002","192010","17000","1","17000","0","17000","1","1","1","IAT2605191050","NHO2018000007","PAID","","193056"),
("IATT190000230","193055","191002","192010","17000","1","17000","0","17000","1","1","1","IAT2605191050","NHO2018000007","PAID","","193055"),
("IATT190000230","193052","191002","192010","20000","1","20000","0","20000","1","1","1","IAT2605191050","NHO2018000007","PAID","","193052"),
("IATT190000231","193022","191001","192003","30000","1","30000","0","30000","1","1","1","IAT2605191050","NHO2018000007","PAID","beef","193022"),
("IATT190000231","193022","191001","192003","30000","1","30000","0","30000","2","1","1","IAT2605191050","NHO2018000007","PAID","","193022"),
("IATT190000231","193001","191001","192001","30000","1","30000","0","30000","1","1","1","IAT2605191050","NHO2018000007","PAID","","193001"),
("IATT190000231","193003","191001","192001","30000","1","30000","0","30000","1","1","1","IAT2605191050","NHO2018000007","PAID","lvl 3 beef","PEDAS"),
("IATT190000231","193047","191002","192010","8000","1","8000","0","8000","1","1","1","IAT2605191050","NHO2018000007","PAID","","193047"),
("IATT190000231","193047","191002","192010","8000","1","8000","0","8000","2","1","1","IAT2605191050","NHO2018000007","PAID","","193047"),
("IATT190000231","193049","191002","192010","10000","1","10000","0","10000","1","1","1","IAT2605191050","NHO2018000007","PAID","","193049"),
("IATT190000231","193049","191002","192010","10000","1","10000","0","10000","2","1","1","IAT2605191050","NHO2018000007","PAID","","193049"),
("IATT190000232","193022","191001","192003","30000","1","30000","0","30000","1","1","1","IAT2605191050","NHO2018000007","PAID","","193022"),
("IATT190000232","193024","191001","192003","30000","1","30000","0","30000","1","1","1","IAT2605191050","NHO2018000007","PAID","","193024"),
("IATT190000232","193003","191001","192001","30000","1","30000","0","30000","1","1","1","IAT2605191050","NHO2018000007","PAID","beef","ORIGINAL"),
("IATT190000232","193056","191002","192010","17000","1","17000","0","17000","1","1","1","IAT2605191050","NHO2018000007","PAID","","193056"),
("IATT190000233","193004","191001","192001","30000","1","30000","0","30000","1","1","1","IAT2605191050","NHO2018000007","PAID","beef","193004"),
("IATT190000233","193024","191001","192003","30000","1","30000","0","30000","1","1","1","IAT2605191050","NHO2018000007","PAID","","193024"),
("IATT190000233","193046","191002","192010","8000","1","8000","0","8000","1","1","1","IAT2605191050","NHO2018000007","PAID","","193046"),
("IATT190000234","193012","191001","192001","40000","1","40000","0","40000","1","1","1","IAT2605191050","NHO2018000007","PAID","","193012"),
("IATT190000234","193022","191001","192003","30000","1","30000","0","30000","1","1","1","IAT2605191050","NHO2018000007","PAID","","193022"),
("IATT190000234","193024","191001","192003","30000","1","30000","0","30000","1","1","1","IAT2605191050","NHO2018000007","PAID","","193024"),
("IATT190000234","193028","191001","192003","43000","1","43000","0","43000","1","1","1","IAT2605191050","NHO2018000007","PAID","","193028"),
("IATT190000234","193028","191001","192003","43000","1","43000","0","43000","2","1","1","IAT2605191050","NHO2018000007","PAID","","193028"),
("IATT190000234","193052","191002","192010","20000","1","20000","0","20000","1","1","1","IAT2605191050","NHO2018000007","PAID","","193052"),
("IATT190000234","193052","191002","192010","20000","1","20000","0","20000","2","1","1","IAT2605191050","NHO2018000007","PAID","","193052"),
("IATT190000234","193055","191002","192010","17000","1","17000","0","17000","1","1","1","IAT2605191050","NHO2018000007","PAID","","193055"),
("IATT190000234","193054","191002","192010","20000","1","20000","0","20000","1","1","1","IAT2605191050","NHO2018000007","PAID","","193054"),
("IATT190000234","193024","191001","192003","30000","1","30000","0","30000","2","1","1","IAT2605191050","NHO2018000007","PAID","","193024"),
("IATT190000235","193022","191001","192003","30000","1","30000","0","30000","1","1","1","IAT2605191050","NHO2018000007","PAID","","193022"),
("IATT190000235","193023","191001","192003","30000","1","30000","0","30000","1","1","1","IAT2605191050","NHO2018000007","PAID","","193023"),
("IATT190000235","193024","191001","192003","30000","1","30000","0","30000","1","1","1","IAT2605191050","NHO2018000007","PAID","","193024"),
("IATT190000235","193047","191002","192010","8000","1","8000","0","8000","1","1","1","IAT2605191050","NHO2018000007","PAID","","193047"),
("IATT190000235","193047","191002","192010","8000","1","8000","0","8000","2","1","1","IAT2605191050","NHO2018000007","PAID","","193047"),
("IATT190000235","193047","191002","192010","8000","1","8000","0","8000","3","1","1","IAT2605191050","NHO2018000007","PAID","","193047"),
("IATT190000236","193003","191001","192001","30000","1","30000","0","30000","1","1","1","IAT2605191050","NHO2018000007","PAID","beef","PEDAS"),
("IATT190000236","193023","191001","192003","30000","1","30000","0","30000","1","1","1","IAT2605191050","NHO2018000007","PAID","","193023"),
("IATT190000236","193002","191001","192001","30000","1","30000","0","30000","1","1","1","IAT2605191050","NHO2018000007","PAID","beef","193002"),
("IATT190000236","193046","191002","192010","8000","1","8000","0","8000","1","1","1","IAT2605191050","NHO2018000007","PAID","","193046"),
("IATT190000237","193013","191001","192002","33000","1","33000","0","33000","1","1","1","IAT2605191050","NHO2018000007","PAID","beef","PEDAS"),
("IATT190000237","193032","191001","192004","30000","1","30000","0","30000","1","1","1","IAT2605191050","NHO2018000007","PAID","","193032"),
("IATT190000237","193022","191001","192003","30000","1","30000","0","30000","1","1","1","IAT2605191050","NHO2018000007","PAID","","193022"),
("IATT190000238","193028","191001","192003","43000","1","43000","0","43000","1","1","1","IAT2605191050","NHO2018000007","PAID","","193028"),
("IATT190000238","193028","191001","192003","43000","1","43000","0","43000","2","1","1","IAT2605191050","NHO2018000007","PAID","","193028"),
("IATT190000238","193047","191002","192010","8000","1","8000","0","8000","1","1","1","IAT2605191050","NHO2018000007","PAID","","193047"),
("IATT190000238","193024","191001","192003","30000","1","30000","0","30000","1","1","1","IAT2605191050","NHO2018000007","PAID","","193024"),
("IATT190000239","193013","191001","192002","33000","1","33000","0","33000","1","1","1","IAT2605191050","NHO2018000007","PAID","chiken","PEDAS"),
("IATT190000239","193003","191001","192001","30000","1","30000","0","30000","1","1","1","IAT2605191050","NHO2018000007","PAID"," chiken 1 beef 1","PEDAS"),
("IATT190000239","193052","191002","192010","20000","1","20000","0","20000","1","1","1","IAT2605191050","NHO2018000007","PAID","","193052"),
("IATT190000239","193055","191002","192010","17000","1","17000","0","17000","1","1","1","IAT2605191050","NHO2018000007","PAID","","193055"),
("IATT190000239","193003","191001","192001","30000","1","30000","0","30000","2","1","1","IAT2605191050","NHO2018000007","PAID","","PEDAS"),
("IATT190000240","193011","191001","192001","40000","1","40000","0","40000","1","1","1","IAT2605191050","NHO2018000007","PAID","non daun bawang","PEDAS"),
("IATT190000240","193016","191001","192002","37000","1","37000","0","37000","1","1","1","IAT2605191050","NHO2018000007","PAID","no daun bawang","PEDAS"),
("IATT190000240","193052","191002","192010","20000","1","20000","0","20000","1","1","1","IAT2605191050","NHO2018000007","PAID","","193052"),
("IATT190000240","193054","191002","192010","20000","1","20000","0","20000","1","1","1","IAT2605191050","NHO2018000007","PAID","","193054"),
("IATT190000241","193024","191001","192003","30000","1","30000","0","30000","1","1","1","IAT2605191050","NHO2018000007","PAID","","193024"),
("IATT190000241","193024","191001","192003","30000","1","30000","0","30000","2","1","1","IAT2605191050","NHO2018000007","PAID","","193024"),
("IATT190000241","193022","191001","192003","30000","1","30000","0","30000","1","1","1","IAT2605191050","NHO2018000007","PAID","","193022"),
("IATT190000241","193003","191001","192001","30000","1","30000","0","30000","1","1","1","IAT2605191050","NHO2018000007","PAID","beef","PEDAS"),
("IATT190000241","193048","191002","192010","8000","1","8000","0","8000","1","1","1","IAT2605191050","NHO2018000007","PAID","","193048"),
("IATT190000241","193048","191002","192010","8000","1","8000","0","8000","2","1","1","IAT2605191050","NHO2018000007","PAID","","193048"),
("IATT190000241","193048","191002","192010","8000","1","8000","0","8000","3","1","1","IAT2605191050","NHO2018000007","PAID","","193048"),
("IATT190000241","193047","191002","192010","8000","1","8000","0","8000","1","1","1","IAT2605191050","NHO2018000007","PAID","","193047"),
("IATT190000236","193055","191002","192010","17000","1","17000","0","17000","1","1","2","IAT2605191050","NHO2018000007","PAID","","193055"),
("IATT190000242","193001","191001","192001","30000","1","30000","0","30000","1","1","1","IAT2605191050","NHO2018000007","PAID","beef","193001"),
("IATT190000242","193054","191002","192010","20000","1","20000","0","20000","1","1","1","IAT2605191050","NHO2018000007","PAID","less ice","193054"),
("IATT190000242","193052","191002","192010","20000","1","20000","0","20000","1","1","1","IAT2605191050","NHO2018000007","PAID","","193052"),
("IATT190000242","193048","191002","192010","8000","1","8000","0","8000","1","1","1","IAT2605191050","NHO2018000007","PAID","","193048"),
("IATT190000243","193003","191001","192001","30000","1","30000","0","30000","1","1","1","IAT2605191050","NHO2018000007","PAID","beef","PEDAS"),
("IATT190000243","193022","191001","192003","30000","1","30000","0","30000","1","1","1","IAT2605191050","NHO2018000007","PAID","","193022"),
("IATT190000243","193028","191001","192003","43000","1","43000","0","43000","1","1","1","IAT2605191050","NHO2018000007","PAID","","193028"),
("IATT190000243","193047","191002","192010","8000","1","8000","0","8000","1","1","1","IAT2605191050","NHO2018000007","PAID","","193047"),
("IATT190000244","193022","191001","192003","30000","1","30000","0","30000","1","1","1","IAT2605191050","NHO2018000007","PAID","","193022"),
("IATT190000244","193022","191001","192003","30000","1","30000","0","30000","2","1","1","IAT2605191050","NHO2018000007","PAID","","193022"),
("IATT190000244","193055","191002","192010","17000","1","17000","0","17000","1","1","1","IAT2605191050","NHO2018000007","PAID","","193055"),
("IATT190000244","193055","191002","192010","17000","1","17000","0","17000","2","1","1","IAT2605191050","NHO2018000007","PAID","","193055"),
("IATT190000245","193013","191001","192002","33000","1","33000","0","33000","1","1","1","IAT2605191050","NHO2018000007","PAID","beef","PEDAS"),
("IATT190000245","193023","191001","192003","30000","1","30000","0","30000","1","1","1","IAT2605191050","NHO2018000007","PAID","","193023"),
("IATT190000245","193022","191001","192003","30000","1","30000","0","30000","1","1","1","IAT2605191050","NHO2018000007","PAID","","193022"),
("IATT190000245","193047","191002","192010","8000","1","8000","0","8000","1","1","1","IAT2605191050","NHO2018000007","PAID","","193047"),
("IATT190000245","193048","191002","192010","8000","1","8000","0","8000","1","1","1","IAT2605191050","NHO2018000007","PAID","","193048"),
("IATT190000245","193047","191002","192010","8000","1","8000","0","8000","2","1","1","IAT2605191050","NHO2018000007","PAID","","193047"),
("IATT190000245","193047","191002","192010","8000","1","8000","0","8000","3","1","1","IAT2605191050","NHO2018000007","PAID","","193047"),
("IATT190000245","193022","191001","192003","30000","1","30000","0","30000","2","1","1","IAT2605191050","NHO2018000007","PAID","","193022"),
("IATT190000246","193010","191001","192001","40000","1","40000","0","40000","1","1","1","IAT2605191050","NHO2018000007","PAID","","193010"),
("IATT190000246","193055","191002","192010","17000","1","17000","0","17000","1","1","1","IAT2605191050","NHO2018000007","PAID","","193055"),
("IATT190000247","193007","191001","192001","37000","1","37000","0","37000","1","1","1","IAT2605191050","NHO2018000007","PAID","","PEDAS"),
("IATT190000247","193002","191001","192001","30000","1","30000","0","30000","1","1","1","IAT2605191050","NHO2018000007","PAID","beef","193002"),
("IATT190000247","193054","191002","192010","20000","1","20000","0","20000","1","1","1","IAT2605191050","NHO2018000007","PAID","","193054"),
("IATT190000247","193055","191002","192010","17000","1","17000","0","17000","1","1","1","IAT2605191050","NHO2018000007","PAID","","193055"),
("IATT190000248","193003","191001","192001","30000","1","30000","0","30000","1","1","1","IAT2605191050","NHO2018000007","PAID","beef","PEDAS"),
("IATT190000248","193030","191001","192004","27000","1","27000","0","27000","1","1","1","IAT2605191050","NHO2018000007","PAID","","193030"),
("IATT190000248","193055","191002","192010","17000","1","17000","0","17000","1","1","1","IAT2605191050","NHO2018000007","PAID","","193055"),
("IATT190000248","193048","191002","192010","8000","1","8000","0","8000","1","1","1","IAT2605191050","NHO2018000007","PAID","","193048"),
("IATT190000249","193001","191001","192001","30000","1","30000","0","30000","1","1","1","IAT2605191050","NHO2018000007","PAID","beef","193001"),
("IATT190000249","193004","191001","192001","30000","1","30000","0","30000","1","1","1","IAT2605191050","NHO2018000007","PAID","beef","193004"),
("IATT190000249","193003","191001","192001","30000","1","30000","0","30000","1","1","1","IAT2605191050","NHO2018000007","PAID","beef lvl 2","PEDAS"),
("IATT190000249","193043","191001","192008","25000","1","25000","0","25000","1","1","1","IAT2605191050","NHO2018000007","PAID","","193043"),
("IATT190000250","193048","191002","192010","8000","1","8000","0","8000","1","1","1","IAT2605191050","NHO2018000007","PAID","","193048"),
("IATT190000250","193053","191002","192010","20000","1","20000","0","20000","1","1","1","IAT2605191050","NHO2018000007","PAID","","193053"),
("IATT190000250","193028","191001","192003","43000","1","43000","0","43000","1","1","1","IAT2605191050","NHO2018000007","PAID","","193028"),
("IATT190000250","193028","191001","192003","43000","1","43000","0","43000","2","1","1","IAT2605191050","NHO2018000007","PAID","","193028"),
("IATT190000251","193022","191001","192003","30000","1","30000","0","30000","1","1","1","IAT2605191050","NHO2018000007","PAID","","193022"),
("IATT190000251","193048","191002","192010","8000","1","8000","0","8000","1","1","1","IAT2605191050","NHO2018000007","PAID","","193048"),
("IATT190000251","193054","191002","192010","20000","1","20000","0","20000","1","1","1","IAT2605191050","NHO2018000007","PAID","","193054"),
("IATT190000249","193053","191002","192010","20000","1","20000","0","20000","1","1","2","IAT2605191050","NHO2018000007","PAID","","193053"),
("IATT190000252","193011","191001","192001","40000","1","40000","0","40000","1","1","1","IAT2605191050","NHO2018000007","PAID","","PEDAS"),
("IATT190000252","193011","191001","192001","40000","1","40000","0","40000","2","1","2","IAT2605191050","NHO2018000007","PAID","","PEDAS"),
("IATT190000253","193022","191001","192003","30000","1","30000","0","30000","1","1","1","IAT2605191050","NHO2018000007","PAID","","193022"),
("IATT190000253","193022","191001","192003","30000","1","30000","0","30000","2","1","1","IAT2605191050","NHO2018000007","PAID","","193022"),
("IATT190000253","193054","191002","192010","20000","1","20000","0","20000","1","1","1","IAT2605191050","NHO2018000007","PAID","","193054"),
("IATT190000253","193052","191002","192010","20000","1","20000","0","20000","1","1","1","IAT2605191050","NHO2018000007","PAID","","193052"),
("IATT190000254","193013","191001","192002","33000","1","33000","0","33000","1","1","1","IAT2605191050","NHO2018000007","PAID","1 pedes level 2,yg satu level 3","PEDAS"),
("IATT190000254","193047","191002","192010","8000","1","8000","0","8000","1","1","1","IAT2605191050","NHO2018000007","PAID","","193047"),
("IATT190000254","193047","191002","192010","8000","1","8000","0","8000","2","1","1","IAT2605191050","NHO2018000007","PAID","","193047"),
("IATT190000255","193003","191001","192001","30000","1","30000","0","30000","1","1","1","IAT2605191050","NHO2018000007","PAID","beef","PEDAS"),
("IATT190000255","193032","191001","192004","30000","1","30000","0","30000","1","1","1","IAT2605191050","NHO2018000007","PAID","","193032"),
("IATT190000255","193054","191002","192010","20000","1","20000","0","20000","1","1","1","IAT2605191050","NHO2018000007","PAID","","193054"),
("IATT190000255","193050","191002","192010","20000","1","20000","0","20000","1","1","1","IAT2605191050","NHO2018000007","PAID","","193050"),
("IATT190000232","193056","191002","192010","17000","1","17000","0","17000","2","1","2","IAT2605191050","NHO2018000007","PAID","","193056"),
("IATT190000232","193056","191002","192010","17000","1","17000","0","17000","3","1","2","IAT2605191050","NHO2018000007","PAID","","193056"),
("IATT190000256","193055","191002","192010","17000","1","17000","0","17000","1","1","1","IAT2605191050","NHO2018000007","PAID","","193055"),
("IATT190000256","193054","191002","192010","20000","1","20000","0","20000","1","1","1","IAT2605191050","NHO2018000007","PAID","","193054"),
("IATT190000256","193051","191002","192010","20000","1","20000","0","20000","1","1","1","IAT2605191050","NHO2018000007","PAID","no ice","193051"),
("IATT190000256","193051","191002","192010","20000","1","20000","0","20000","2","1","1","IAT2605191050","NHO2018000007","PAID","","193051"),
("IATT190000256","193050","191002","192010","20000","1","20000","0","20000","1","1","1","IAT2605191050","NHO2018000007","PAID","no ice","193050"),
("IATT190000256","193011","191001","192001","40000","1","40000","0","40000","1","1","1","IAT2605191050","NHO2018000007","PAID","level 1 / level 2/ level 3 jgn salah !!","PEDAS"),
("IATT190000256","193011","191001","192001","40000","1","40000","0","40000","2","1","1","IAT2605191050","NHO2018000007","PAID","","PEDAS"),
("IATT190000256","193011","191001","192001","40000","1","40000","0","40000","3","1","1","IAT2605191050","NHO2018000007","PAID","","PEDAS"),
("IATT190000256","193024","191001","192003","30000","1","30000","0","30000","1","1","1","IAT2605191050","NHO2018000007","PAID","","193024"),
("IATT190000256","193024","191001","192003","30000","1","30000","0","30000","2","1","1","IAT2605191050","NHO2018000007","PAID","","193024"),
("IATT190000240","193048","191002","192010","8000","1","8000","0","8000","1","1","2","IAT2605191050","NHO2018000007","PAID","","193048"),
("IATT190000257","193002","191001","192001","30000","1","30000","0","30000","1","1","1","IAT2605191050","NHO2018000007","PAID","beef","193002"),
("IATT190000257","193055","191002","192010","17000","1","17000","0","17000","1","1","1","IAT2605191050","NHO2018000007","PAID","","193055"),
("IATT190000258","193046","191002","192010","8000","1","8000","0","8000","1","1","1","IAT2605191050","NHO2018000007","PAID","","193046"),
("IATT190000254","193003","191001","192001","30000","1","30000","0","30000","1","1","2","IAT2605191050","NHO2018000007","PAID","beef,level 3","PEDAS"),
("IATT190000259","193036","191001","192006","36000","1","36000","0","36000","1","1","1","IAT2605191050","NHO2018000007","PAID","","ORIGINAL"),
("IATT190000259","193024","191001","192003","30000","1","30000","0","30000","1","1","1","IAT2605191050","NHO2018000007","PAID","","193024"),
("IATT190000259","193022","191001","192003","30000","1","30000","0","30000","1","1","2","IAT2605191050","NHO2018000007","PAID","","193022"),
("IATT190000259","193022","191001","192003","30000","1","30000","0","30000","2","1","2","IAT2605191050","NHO2018000007","PAID","","193022"),
("IATT190000259","193049","191002","192010","10000","1","10000","0","10000","1","1","2","IAT2605191050","NHO2018000007","PAID","","193049"),
("IATT190000259","193049","191002","192010","10000","1","10000","0","10000","2","1","2","IAT2605191050","NHO2018000007","PAID","","193049"),
("IATT190000259","193049","191002","192010","10000","1","10000","0","10000","3","1","2","IAT2605191050","NHO2018000007","PAID","","193049"),
("IATT190000259","193049","191002","192010","10000","1","10000","0","10000","4","1","2","IAT2605191050","NHO2018000007","PAID","","193049"),
("IATT190000259","193049","191002","192010","10000","1","10000","0","10000","5","1","2","IAT2605191050","NHO2018000007","PAID","","193049"),
("IATT190000259","193049","191002","192010","10000","1","10000","0","10000","6","1","2","IAT2605191050","NHO2018000007","PAID","","193049"),
("IATT190000259","193055","191002","192010","17000","1","17000","0","17000","1","1","2","IAT2605191050","NHO2018000007","PAID","","193055"),
("IATT190000259","193030","191001","192004","27000","1","27000","0","27000","1","1","2","IAT2605191050","NHO2018000007","PAID","","193030"),
("IATT190000260","193054","191002","192010","20000","1","20000","0","20000","1","1","1","IAT2605191050","NHO2018000007","PAID","","193054"),
("IATT190000260","193051","191002","192010","20000","1","20000","0","20000","1","1","1","IAT2605191050","NHO2018000007","PAID","","193051"),
("IATT190000260","193033","191001","192005","42000","1","42000","0","42000","1","1","1","IAT2605191050","NHO2018000007","PAID","","193033"),
("IATT190000260","193003","191001","192001","30000","1","30000","0","30000","1","1","1","IAT2605191050","NHO2018000007","PAID","beef,level 3","PEDAS"),
("IATT190000252","193010","191001","192001","40000","1","40000","0","40000","1","1","3","IAT2605191050","NHO2018000007","PAID","","193010"),
("IATT190000261","193025","191001","192003","30000","1","30000","0","30000","1","1","1","IAT2605191050","NHO2018000007","PAID","","193025"),
("IATT190000261","193002","191001","192001","30000","1","30000","0","30000","1","1","1","IAT2605191050","NHO2018000007","PAID","chiken","193002"),
("IATT190000261","193047","191002","192010","8000","1","8000","0","8000","1","1","1","IAT2605191050","NHO2018000007","PAID","","193047"),
("IATT190000261","193047","191002","192010","8000","1","8000","0","8000","2","1","1","IAT2605191050","NHO2018000007","PAID","","193047"),
("IATT190000262","193003","191001","192001","30000","1","30000","0","30000","1","1","1","IAT2605191050","NHO2018000007","PAID","chiken","PEDAS"),
("IATT190000262","193022","191001","192003","30000","1","30000","0","30000","1","1","1","IAT2605191050","NHO2018000007","PAID","","193022"),
("IATT190000262","193002","191001","192001","30000","1","30000","0","30000","1","1","1","IAT2605191050","NHO2018000007","PAID","chiken","193002"),
("IATT190000262","193047","191002","192010","8000","1","8000","0","8000","1","1","1","IAT2605191050","NHO2018000007","PAID","","193047"),
("IATT190000262","193047","191002","192010","8000","1","8000","0","8000","2","1","1","IAT2605191050","NHO2018000007","PAID","","193047"),
("IATT190000262","193047","191002","192010","8000","1","8000","0","8000","3","1","1","IAT2605191050","NHO2018000007","PAID","","193047"),
("IATT190000260","193051","191002","192010","20000","1","20000","0","20000","2","1","2","IAT2605191050","NHO2018000007","PAID","","193051"),
("IATT190000263","193047","191002","192010","8000","1","8000","0","8000","1","1","1","IAT2605191050","NHO2018000007","PAID","","193047"),
("IATT190000263","193047","191002","192010","8000","1","8000","0","8000","2","1","1","IAT2605191050","NHO2018000007","PAID","","193047"),
("IATT190000263","193029","191001","192004","27000","1","27000","0","27000","1","1","1","IAT2605191050","NHO2018000007","PAID","","193029"),
("IATT190000264","193001","191001","192001","30000","1","30000","0","30000","1","1","1","IAT2605191050","NHO2018000007","PAID","PEDES LEVEL 3 Yaaaaaaaaaaa","193001"),
("IATT190000264","193024","191001","192003","30000","1","30000","0","30000","1","1","1","IAT2605191050","NHO2018000007","PAID","","193024"),
("IATT190000264","193047","191002","192010","8000","1","8000","0","8000","1","1","1","IAT2605191050","NHO2018000007","PAID","","193047"),
("IATT190000264","193046","191002","192010","8000","1","8000","0","8000","1","1","1","IAT2605191050","NHO2018000007","PAID","","193046"),
("IATT190000265","193050","191002","192010","20000","1","20000","0","20000","1","1","1","IAT2605191050","NHO2018000007","PAID","","193050"),
("IATT190000265","193050","191002","192010","20000","1","20000","0","20000","2","1","1","IAT2605191050","NHO2018000007","PAID","","193050"),
("IATT190000266","193066","191003","192011","0","1","0","0","0","1","1","1","IAT2605191050","NHO2018000007","PAID","","193066"),
("IATT190000266","193066","191003","192011","0","1","0","0","0","2","1","1","IAT2605191050","NHO2018000007","PAID","","193066"),
("IATT190000266","193066","191003","192011","0","1","0","0","0","3","1","1","IAT2605191050","NHO2018000007","PAID","","193066"),
("IATT190000266","193066","191003","192011","0","1","0","0","0","4","1","1","IAT2605191050","NHO2018000007","PAID","","193066"),
("IATT190000266","193066","191003","192011","0","1","0","0","0","5","1","1","IAT2605191050","NHO2018000007","PAID","","193066"),
("IATT190000266","193066","191003","192011","0","1","0","0","0","6","1","1","IAT2605191050","NHO2018000007","PAID","","193066"),
("IATT190000266","193066","191003","192011","0","1","0","0","0","7","1","1","IAT2605191050","NHO2018000007","PAID","","193066"),
("IATT190000266","193066","191003","192011","0","1","0","0","0","8","1","1","IAT2605191050","NHO2018000007","PAID","","193066"),
("IATT190000266","193066","191003","192011","0","1","0","0","0","9","1","1","IAT2605191050","NHO2018000007","PAID","","193066"),
("IATT190000266","193066","191003","192011","0","1","0","0","0","10","1","1","IAT2605191050","NHO2018000007","PAID","","193066"),
("IATT190000266","193066","191003","192011","0","1","0","0","0","10","1","1","IAT2605191050","NHO2018000007","PAID","","193066"),
("IATT190000266","193066","191003","192011","0","1","0","0","0","10","1","1","IAT2605191050","NHO2018000007","PAID","","193066"),
("IATT190000266","193066","191003","192011","0","1","0","0","0","10","1","1","IAT2605191050","NHO2018000007","PAID","","193066"),
("IATT190000266","193066","191003","192011","0","1","0","0","0","10","1","1","IAT2605191050","NHO2018000007","PAID","","193066"),
("IATT190000266","193066","191003","192011","0","1","0","0","0","10","1","1","IAT2605191050","NHO2018000007","PAID","","193066"),
("IATT190000266","193066","191003","192011","0","1","0","0","0","10","1","1","IAT2605191050","NHO2018000007","PAID","","193066"),
("IATT190000266","193066","191003","192011","0","1","0","0","0","10","1","1","IAT2605191050","NHO2018000007","PAID","","193066"),
("IATT190000266","193066","191003","192011","0","1","0","0","0","10","1","1","IAT2605191050","NHO2018000007","PAID","","193066"),
("IATT190000266","193066","191003","192011","0","1","0","0","0","10","1","1","IAT2605191050","NHO2018000007","PAID","","193066"),
("IATT190000266","193066","191003","192011","0","1","0","0","0","10","1","1","IAT2605191050","NHO2018000007","PAID","","193066"),
("IATT190000266","193066","191003","192011","0","1","0","0","0","10","1","1","IAT2605191050","NHO2018000007","PAID","","193066"),
("IATT190000266","193066","191003","192011","0","1","0","0","0","10","1","1","IAT2605191050","NHO2018000007","PAID","","193066"),
("IATT190000266","193066","191003","192011","0","1","0","0","0","10","1","1","IAT2605191050","NHO2018000007","PAID","","193066"),
("IATT190000266","193066","191003","192011","0","1","0","0","0","10","1","1","IAT2605191050","NHO2018000007","PAID","","193066"),
("IATT190000266","193066","191003","192011","0","1","0","0","0","10","1","1","IAT2605191050","NHO2018000007","PAID","","193066"),
("IATT190000266","193066","191003","192011","0","1","0","0","0","10","1","1","IAT2605191050","NHO2018000007","PAID","","193066"),
("IATT190000266","193066","191003","192011","0","1","0","0","0","10","1","1","IAT2605191050","NHO2018000007","PAID","","193066"),
("IATT190000266","193066","191003","192011","0","1","0","0","0","10","1","1","IAT2605191050","NHO2018000007","PAID","","193066"),
("IATT190000266","193066","191003","192011","0","1","0","0","0","10","1","1","IAT2605191050","NHO2018000007","PAID","","193066"),
("IATT190000266","193066","191003","192011","0","1","0","0","0","10","1","1","IAT2605191050","NHO2018000007","PAID","","193066"),
("IATT190000266","193066","191003","192011","0","1","0","0","0","10","1","1","IAT2605191050","NHO2018000007","PAID","","193066"),
("IATT190000266","193066","191003","192011","0","1","0","0","0","10","1","1","IAT2605191050","NHO2018000007","PAID","","193066"),
("IATT190000266","193066","191003","192011","0","1","0","0","0","10","1","1","IAT2605191050","NHO2018000007","PAID","","193066"),
("IATT190000266","193066","191003","192011","0","1","0","0","0","10","1","1","IAT2605191050","NHO2018000007","PAID","","193066"),
("IATT190000266","193066","191003","192011","0","1","0","0","0","10","1","1","IAT2605191050","NHO2018000007","PAID","","193066"),
("IATT190000266","193066","191003","192011","0","1","0","0","0","10","1","1","IAT2605191050","NHO2018000007","PAID","","193066"),
("IATT190000266","193066","191003","192011","0","1","0","0","0","10","1","1","IAT2605191050","NHO2018000007","PAID","","193066"),
("IATT190000266","193066","191003","192011","0","1","0","0","0","10","1","1","IAT2605191050","NHO2018000007","PAID","","193066"),
("IATT190000266","193066","191003","192011","0","1","0","0","0","10","1","1","IAT2605191050","NHO2018000007","PAID","","193066"),
("IATT190000266","193066","191003","192011","0","1","0","0","0","10","1","1","IAT2605191050","NHO2018000007","PAID","","193066"),
("IATT190000266","193066","191003","192011","0","1","0","0","0","10","1","1","IAT2605191050","NHO2018000007","PAID","","193066"),
("IATT190000266","193066","191003","192011","0","1","0","0","0","10","1","1","IAT2605191050","NHO2018000007","PAID","","193066");



INSERT INTO pos_salestemp VALUES("IATT190000193","","1","45000","0","4500","0","49500","50000","26/05/2019","12:35","26/05/2019","12:58:06","ISU000012","tbl0012","CLOSED","1","","IATR190000180","","","","","IAT2605191050","NHO2018000007"),
("IATT190000194","","2","76000","0","7600","0","83600","100000","26/05/2019","12:38","26/05/2019","13:18:19","ISU000012","tbl0010","CLOSED","1","","IATR190000181","","","","","IAT2605191050","NHO2018000007"),
("IATT190000195","","2","94000","0","9400","0","103400","104000","26/05/2019","13:21","26/05/2019","13:52:45","ISU000012","tbl0012","CLOSED","1","","IATR190000182","","","","","IAT2605191050","NHO2018000007"),
("IATT190000196","","2","238000","0","23800","0","261800","261800","26/05/2019","15:45","26/05/2019","15:48:02","ISU000012","tbl0012","CLOSED","1","","IATR190000183","","","","","IAT2605191050","NHO2018000007"),
("IATT190000197","","0","140000","0","14000","0","154000","155000","26/05/2019","15:56","26/05/2019","16:52:06","ISU000012","tbl0011","CLOSED","1","","IATR190000188","","","","","IAT2605191050","NHO2018000007"),
("IATT190000198","","2","65000","0","6500","0","71500","75000","26/05/2019","15:58","26/05/2019","16:21:48","ISU000012","tbl0020","CLOSED","1","","IATR190000185","","","","","IAT2605191050","NHO2018000007"),
("IATT190000199","","2","58000","0","5800","0","63800","100000","26/05/2019","16:04","26/05/2019","16:49:45","ISU000012","tbl0010","CLOSED","1","","IATR190000187","","","","","IAT2605191050","NHO2018000007"),
("IATT190000200","","1","8000","0","800","0","8800","10000","26/05/2019","16:11","26/05/2019","16:14:57","ISU000012","tbl0005","CLOSED","1","","IATR190000184","","","","","IAT2605191050","NHO2018000007"),
("IATT190000201","","1","40000","0","4000","0","44000","100000","26/05/2019","16:30","26/05/2019","16:32:07","ISU000012","tbl0001","CLOSED","1","","IATR190000186","","","","","IAT2605191050","NHO2018000007"),
("IATT190000202","","2","140000","0","14000","0","154000","155000","26/05/2019","16:32","26/05/2019","18:46:01","ISU000004","tbl0009","CLOSED","1","","IATR190000215","","","","","IAT2605191050","NHO2018000007"),
("IATT190000203","","3","144000","0","14400","0","158400","158400","26/05/2019","16:40","26/05/2019","18:19:28","ISU000004","tbl0013","CLOSED","1","","IATR190000206","","","","","IAT2605191050","NHO2018000007"),
("IATT190000204","","3","166000","0","16600","0","182600","200000","26/05/2019","16:54","26/05/2019","18:20:03","ISU000004","tbl0011","CLOSED","1","","IATR190000207","","","","","IAT2605191050","NHO2018000007"),
("IATT190000205","","3","125000","0","12500","0","137500","150000","26/05/2019","16:56","26/05/2019","17:39:25","ISU000012","tbl0024","CLOSED","1","","IATR190000192","","","","","IAT2605191050","NHO2018000007"),
("IATT190000206","","3","154000","0","15400","0","169400","200000","26/05/2019","16:57","26/05/2019","17:40:14","ISU000012","tbl0022","CLOSED","1","","IATR190000193","","","","","IAT2605191050","NHO2018000007"),
("IATT190000207","","2","112000","0","11200","0","123200","123200","26/05/2019","17:02","26/05/2019","18:01:44","ISU000004","tbl0010","CLOSED","1","","IATR190000195","","","","","IAT2605191050","NHO2018000007"),
("IATT190000208","","3","142000","0","14200","0","156200","200000","26/05/2019","17:07","26/05/2019","18:13:44","ISU000004","tbl0019","CLOSED","1","","IATR190000201","","","","","IAT2605191050","NHO2018000007"),
("IATT190000209","","2","125000","0","12500","0","137500","200000","26/05/2019","17:08","26/05/2019","18:24:24","ISU000004","tbl0021","CLOSED","1","","IATR190000209","","","","","IAT2605191050","NHO2018000007"),
("IATT190000210","","2","84000","0","8400","0","92400","100000","26/05/2019","17:11","26/05/2019","18:04:26","ISU000004","tbl0015","CLOSED","1","","IATR190000197","","","","","IAT2605191050","NHO2018000007"),
("IATT190000211","","3","111000","0","11100","0","122100","122100","26/05/2019","17:13","26/05/2019","18:08:45","ISU000004","tbl0020","CLOSED","1","","IATR190000198","","","","","IAT2605191050","NHO2018000007"),
("IATT190000212","","2","68000","0","6800","0","74800","100000","26/05/2019","17:14","26/05/2019","18:02:52","ISU000004","tbl0006","CLOSED","1","","IATR190000196","","","","","IAT2605191050","NHO2018000007"),
("IATT190000213","","2","127000","0","12700","0","139700","150000","26/05/2019","17:15","26/05/2019","18:14:53","ISU000004","tbl0008","CLOSED","1","","IATR190000202","","","","","IAT2605191050","NHO2018000007"),
("IATT190000214","","3","141000","0","14100","0","155100","155100","26/05/2019","17:16","26/05/2019","18:10:19","ISU000004","tbl0018","CLOSED","1","","IATR190000199","","","","","IAT2605191050","NHO2018000007"),
("IATT190000215","","2","102000","0","10200","0","112200","150000","26/05/2019","17:17","26/05/2019","18:23:23","ISU000004","tbl0050","CLOSED","1","","IATR190000208","","","","","IAT2605191050","NHO2018000007"),
("IATT190000216","","2","60000","0","6000","0","66000","100000","26/05/2019","17:18","26/05/2019","17:19:10","ISU000012","tbl0004","CLOSED","1","","IATR190000189","","","","","IAT2605191050","NHO2018000007"),
("IATT190000217","","2","100000","0","10000","0","110000","110000","26/05/2019","17:20","26/05/2019","18:15:48","ISU000004","tbl0049","CLOSED","1","","IATR190000203","","","","","IAT2605191050","NHO2018000007"),
("IATT190000218","","5","258000","0","25800","0","283800","300000","26/05/2019","17:21","26/05/2019","18:25:19","ISU000004","tbl0023","CLOSED","1","","IATR190000210","","","","","IAT2605191050","NHO2018000007"),
("IATT190000219","","2","124000","0","12400","0","136400","136400","26/05/2019","17:23","26/05/2019","18:17:14","ISU000004","tbl0005","CLOSED","1","","IATR190000204","","","","","IAT2605191050","NHO2018000007"),
("IATT190000220","","2","170000","0","17000","0","187000","187000","26/05/2019","17:24","26/05/2019","17:34:08","ISU000012","tbl0002","CLOSED","1","","IATR190000191","","","","","IAT2605191050","NHO2018000007"),
("IATT190000221","","2","94000","0","9400","0","103400","120000","26/05/2019","17:26","26/05/2019","18:18:23","ISU000004","tbl0014","CLOSED","1","","IATR190000205","","","","","IAT2605191050","NHO2018000007"),
("IATT190000222","","2","88000","0","8800","0","96800","100000","26/05/2019","17:27","26/05/2019","18:29:34","ISU000004","tbl0007","CLOSED","1","","IATR190000212","","","","","IAT2605191050","NHO2018000007"),
("IATT190000223","","5","63000","0","6300","0","69300","69300","26/05/2019","17:29","26/05/2019","17:32:57","ISU000012","tbl0001","CLOSED","1","","IATR190000190","","","","","IAT2605191050","NHO2018000007"),
("IATT190000224","","2","115000","0","11500","0","126500","130000","26/05/2019","17:34","26/05/2019","18:27:42","ISU000004","tbl0016","CLOSED","1","","IATR190000211","","","","","IAT2605191050","NHO2018000007"),
("IATT190000225","","1","20000","0","2000","0","22000","50000","26/05/2019","17:46","26/05/2019","18:10:57","ISU000004","tbl0022","CLOSED","1","","IATR190000200","","","","","IAT2605191050","NHO2018000007"),
("IATT190000226","","3","213000","0","21300","0","234300","240000","26/05/2019","17:50","26/05/2019","18:40:41","ISU000004","tbl0003","CLOSED","1","","IATR190000213","","","","","IAT2605191050","NHO2018000007"),
("IATT190000227","","1","16000","0","1600","0","17600","20000","26/05/2019","17:52","26/05/2019","17:53:10","ISU000004","takeaway","CLOSED","1","","IATR190000194","","","","","IAT2605191050","NHO2018000007"),
("IATT190000228","","2","137000","0","13700","0","150700","150700","26/05/2019","17:54","26/05/2019","18:44:44","ISU000004","tbl0048","CLOSED","1","","IATR190000214","","","","","IAT2605191050","NHO2018000007"),
("IATT190000229","","2","95000","0","9500","0","104500","110000","26/05/2019","18:11","26/05/2019","18:47:52","ISU000004","tbl0006","CLOSED","1","","IATR190000216","","","","","IAT2605191050","NHO2018000007"),
("IATT190000230","","2","37000","0","3700","0","40700","40700","26/05/2019","18:26","26/05/2019","19:02:52","ISU000004","tbl0020","CLOSED","1","","IATR190000217","","","","","IAT2605191050","NHO2018000007"),
("IATT190000231","","3","156000","0","15600","0","171600","171600","26/05/2019","18:28","26/05/2019","19:04:00","ISU000004","tbl0010","CLOSED","1","","IATR190000218","","","","","IAT2605191050","NHO2018000007"),
("IATT190000232","","3","141000","0","14100","0","155100","155100","26/05/2019","18:30","26/05/2019","19:29:51","ISU000004","tbl0018","CLOSED","1","","IATR190000225","","","","","IAT2605191050","NHO2018000007"),
("IATT190000233","","2","68000","0","6800","0","74800","100000","26/05/2019","18:32","26/05/2019","19:04:40","ISU000004","tbl0014","CLOSED","1","","IATR190000219","","","","","IAT2605191050","NHO2018000007"),
("IATT190000234","","2","293000","0","29300","0","322300","322300","26/05/2019","18:33","26/05/2019","19:21:27","ISU000004","tbl0024","CLOSED","1","","IATR190000221","","","","","IAT2605191050","NHO2018000007"),
("IATT190000235","","3","114000","0","11400","0","125400","150000","26/05/2019","18:36","26/05/2019","19:26:58","ISU000004","tbl0021","CLOSED","1","","IATR190000223","","","","","IAT2605191050","NHO2018000007"),
("IATT190000236","","3","115000","0","11500","0","126500","130500","26/05/2019","18:37","26/05/2019","19:25:36","ISU000004","tbl0019","CLOSED","1","","IATR190000222","","","","","IAT2605191050","NHO2018000007"),
("IATT190000237","","2","93000","0","9300","0","102300","102300","26/05/2019","18:39","26/05/2019","19:28:29","ISU000004","tbl0017","CLOSED","1","","IATR190000224","","","","","IAT2605191050","NHO2018000007"),
("IATT190000238","","2","124000","0","12400","0","136400","150000","26/05/2019","18:41","26/05/2019","19:08:21","ISU000004","tbl0004","CLOSED","1","","IATR190000220","","","","","IAT2605191050","NHO2018000007"),
("IATT190000239","","2","130000","0","13000","0","143000","143000","26/05/2019","18:42","26/05/2019","19:31:46","ISU000004","tbl0012","CLOSED","1","","IATR190000227","","","","","IAT2605191050","NHO2018000007"),
("IATT190000240","","3","125000","0","12500","0","137500","150000","26/05/2019","18:46","26/05/2019","19:43:39","ISU000004","tbl0007","CLOSED","1","","IATR190000229","","","","","IAT2605191050","NHO2018000007"),
("IATT190000241","","4","152000","0","15200","0","167200","167200","26/05/2019","18:48","26/05/2019","19:39:46","ISU000004","tbl0011","CLOSED","1","","IATR190000228","","","","","IAT2605191050","NHO2018000007"),
("IATT190000242","","2","78000","0","7800","0","85800","100000","26/05/2019","18:50","26/05/2019","19:30:36","ISU000004","tbl0016","CLOSED","1","","IATR190000226","","","","","IAT2605191050","NHO2018000007"),
("IATT190000243","","2","111000","0","11100","0","122100","150000","26/05/2019","18:53","26/05/2019","19:44:52","ISU000004","tbl0022","CLOSED","1","","IATR190000230","","","","","IAT2605191050","NHO2018000007"),
("IATT190000244","","2","94000","0","9400","0","103400","103400","26/05/2019","18:54","26/05/2019","19:46:49","ISU000004","tbl0023","CLOSED","1","","IATR190000231","","","","","IAT2605191050","NHO2018000007"),
("IATT190000245","","3","155000","0","15500","0","170500","200000","26/05/2019","18:54","26/05/2019","19:47:40","ISU000004","tbl0013","CLOSED","1","","IATR190000232","","","","","IAT2605191050","NHO2018000007"),
("IATT190000246","","2","57000","0","5700","0","62700","100000","26/05/2019","18:56","26/05/2019","19:52:36","ISU000004","tbl0047","CLOSED","1","","IATR190000233","","","","","IAT2605191050","NHO2018000007"),
("IATT190000247","","2","104000","0","10400","0","114400","114400","26/05/2019","18:56","26/05/2019","20:01:12","ISU000004","tbl0005","CLOSED","1","","IATR190000235","","","","","IAT2605191050","NHO2018000007"),
("IATT190000248","","2","82000","0","8200","0","90200","100200","26/05/2019","18:58","26/05/2019","20:15:11","ISU000004","tbl0008","CLOSED","1","","IATR190000240","","","","","IAT2605191050","NHO2018000007"),
("IATT190000249","","2","135000","0","13500","0","148500","148500","26/05/2019","19:05","26/05/2019","20:08:59","ISU000004","tbl0015","CLOSED","1","","IATR190000238","","","","","IAT2605191050","NHO2018000007"),
("IATT190000250","","2","114000","0","11400","0","125400","150000","26/05/2019","19:06","26/05/2019","19:59:30","ISU000004","tbl0009","CLOSED","1","","IATR190000234","","","","","IAT2605191050","NHO2018000007"),
("IATT190000251","","2","58000","0","5800","0","63800","63800","26/05/2019","19:07","26/05/2019","20:07:59","ISU000004","tbl0006","CLOSED","1","","IATR190000237","","","","","IAT2605191050","NHO2018000007"),
("IATT190000252","","2","120000","0","12000","0","132000","200000","26/05/2019","19:10","26/05/2019","20:35:40","ISU000004","tbl0010","CLOSED","1","","IATR190000244","","","","","IAT2605191050","NHO2018000007"),
("IATT190000253","","2","100000","0","10000","0","110000","110000","26/05/2019","19:14","26/05/2019","20:09:58","ISU000004","tbl0014","CLOSED","1","","IATR190000239","","","","","IAT2605191050","NHO2018000007"),
("IATT190000254","","2","79000","0","7900","0","86900","100000","26/05/2019","19:22","26/05/2019","20:26:04","ISU000004","tbl0020","CLOSED","1","","IATR190000242","","","","","IAT2605191050","NHO2018000007"),
("IATT190000255","","2","100000","0","10000","0","110000","120000","26/05/2019","19:23","26/05/2019","20:02:07","ISU000004","tbl0002","CLOSED","1","","IATR190000236","","","","","IAT2605191050","NHO2018000007"),
("IATT190000256","","4","277000","0","27700","0","304700","304700","26/05/2019","19:41","26/05/2019","20:38:08","ISU000004","tbl0024","CLOSED","1","","IATR190000246","","","","","IAT2605191050","NHO2018000007"),
("IATT190000257","","2","47000","0","4700","0","51700","51700","26/05/2019","19:45","26/05/2019","20:18:51","ISU000004","tbl0018","CLOSED","1","","IATR190000241","","","","","IAT2605191050","NHO2018000007"),
("IATT190000258","","1","8000","0","800","0","8800","10000","26/05/2019","19:53","26/05/2019","20:36:20","ISU000004","tbl0016","CLOSED","1","","IATR190000245","","","","","IAT2605191050","NHO2018000007"),
("IATT190000259","","1","230000","0","23000","0","253000","300000","26/05/2019","20:03","26/05/2019","20:31:25","ISU000004","tbl0023","CLOSED","1","","IATR190000243","","","","","IAT2605191050","NHO2018000007"),
("IATT190000260","","2","132000","0","13200","0","145200","145200","26/05/2019","20:16","26/05/2019","20:44:55","ISU000004","tbl0012","CLOSED","1","","IATR190000247","","","","","IAT2605191050","NHO2018000007"),
("IATT190000261","","2","76000","0","7600","0","83600","100000","26/05/2019","20:26","26/05/2019","20:53:41","ISU000004","tbl0008","CLOSED","1","","IATR190000248","","","","","IAT2605191050","NHO2018000007"),
("IATT190000262","","3","114000","0","11400","0","125400","150000","26/05/2019","20:28","26/05/2019","20:59:03","ISU000004","tbl0019","CLOSED","1","","IATR190000249","","","","","IAT2605191050","NHO2018000007"),
("IATT190000263","","2","43000","0","4300","0","47300","47300","26/05/2019","20:56","26/05/2019","21:12:09","ISU000004","tbl0011","CLOSED","1","","IATR190000250","","","","","IAT2605191050","NHO2018000007"),
("IATT190000264","","1","76000","0","7600","0","83600","90000","26/05/2019","21:03","26/05/2019","21:41:00","ISU000004","tbl0010","CLOSED","1","","IATR190000252","","","","","IAT2605191050","NHO2018000007"),
("IATT190000265","","1","40000","0","4000","0","44000","44000","26/05/2019","21:12","26/05/2019","21:14:04","ISU000004","takeaway","CLOSED","1","","IATR190000251","","","","","IAT2605191050","NHO2018000007"),
("IATT190000266","","0","0","0","0","0","0","0","26/05/2019","21:54","26/05/2019","21:54:29","ISU000004","tbl0050","CLOSED","1","","IATR190000253","","","","","IAT2605191050","NHO2018000007");



INSERT INTO item_void VALUES("IATT190000234","IAT2605191050","NHO2018000007","193056","193056","1","17000","Before Send","Komplen Customer"),
("IATT190000234","IAT2605191050","NHO2018000007","193047","193047","1","8000","Before Send","Komplen Customer"),
("IATT190000242","IAT2605191050","NHO2018000007","193003","PEDAS","1","30000","Before Send","Salah Order"),
("IATT190000243","IAT2605191050","NHO2018000007","193052","193052","1","20000","Before Send","Salah Order"),
("IATT190000254","IAT2605191050","NHO2018000007","193013","PEDAS","1","33000","Before Send","Komplen Customer"),
("IATT190000251","IAT2605191050","NHO2018000007","193016","PEDAS","1","37000","Before Send","Komplen Customer"),
("IATT190000252","IAT2605191050","NHO2018000007","193010","193010","1","40000","Before Send","Komplen Customer"),
("IATT190000258","IAT2605191050","NHO2018000007","193027","193027","1","43000","Before Send","Salah Order"),
("IATT190000252","IAT2605191050","NHO2018000007","193054","193054","1","20000","Before Send","Komplen Customer"),
("IATT190000252","IAT2605191050","NHO2018000007","193054","193054","1","20000","Before Send","Komplen Customer"),
("IATT190000252","IAT2605191050","NHO2018000007","193054","193054","1","20000","Before Send","Komplen Customer");









INSERT INTO pos_paymenttemp VALUES("IATT190000193","CASH","CASH","49500","50000","ISU000012","2019-05-26","","1","","CLOSED","IAT2605191050","NHO2018000007"),
("IATT190000194","CASH","CASH","83600","100000","ISU000012","2019-05-26","","1","","CLOSED","IAT2605191050","NHO2018000007"),
("IATT190000195","CASH","CASH","103400","104000","ISU000012","2019-05-26","","1","","CLOSED","IAT2605191050","NHO2018000007"),
("IATT190000196","CARD","MASTER","261800","261800","ISU000012","2019-05-26","","1","","CLOSED","IAT2605191050","NHO2018000007"),
("IATT190000200","CASH","CASH","8800","10000","ISU000012","2019-05-26","","1","","CLOSED","IAT2605191050","NHO2018000007"),
("IATT190000198","CASH","CASH","71500","75000","ISU000012","2019-05-26","","1","","CLOSED","IAT2605191050","NHO2018000007"),
("IATT190000201","CASH","CASH","44000","100000","ISU000012","2019-05-26","","1","","CLOSED","IAT2605191050","NHO2018000007"),
("IATT190000199","CASH","CASH","63800","100000","ISU000012","2019-05-26","","1","","CLOSED","IAT2605191050","NHO2018000007"),
("IATT190000197","CASH","CASH","154000","155000","ISU000012","2019-05-26","","1","","CLOSED","IAT2605191050","NHO2018000007"),
("IATT190000216","CASH","CASH","66000","100000","ISU000012","2019-05-26","","1","","CLOSED","IAT2605191050","NHO2018000007"),
("IATT190000223","CARD","VISA","69300","69300","ISU000012","2019-05-26","","1","","CLOSED","IAT2605191050","NHO2018000007"),
("IATT190000220","CARD","VISA","187000","187000","ISU000012","2019-05-26","","1","","CLOSED","IAT2605191050","NHO2018000007"),
("IATT190000205","CASH","CASH","137500","150000","ISU000012","2019-05-26","","1","","CLOSED","IAT2605191050","NHO2018000007"),
("IATT190000206","CASH","CASH","169400","200000","ISU000012","2019-05-26","","1","","CLOSED","IAT2605191050","NHO2018000007"),
("IATT190000227","CASH","CASH","17600","20000","ISU000004","2019-05-26","","1","","CLOSED","IAT2605191050","NHO2018000007"),
("IATT190000207","CARD","DEBIT BCA","123200","123200","ISU000004","2019-05-26","","1","","CLOSED","IAT2605191050","NHO2018000007"),
("IATT190000212","CASH","CASH","74800","100000","ISU000004","2019-05-26","","1","","CLOSED","IAT2605191050","NHO2018000007"),
("IATT190000210","CASH","CASH","92400","100000","ISU000004","2019-05-26","","1","","CLOSED","IAT2605191050","NHO2018000007"),
("IATT190000211","CARD","DEBIT BCA","122100","122100","ISU000004","2019-05-26","","1","","CLOSED","IAT2605191050","NHO2018000007"),
("IATT190000214","CARD","DEBIT BCA","155100","155100","ISU000004","2019-05-26","","1","","CLOSED","IAT2605191050","NHO2018000007"),
("IATT190000225","CASH","CASH","22000","50000","ISU000004","2019-05-26","","1","","CLOSED","IAT2605191050","NHO2018000007"),
("IATT190000208","CASH","CASH","156200","200000","ISU000004","2019-05-26","","1","","CLOSED","IAT2605191050","NHO2018000007"),
("IATT190000213","CASH","CASH","139700","150000","ISU000004","2019-05-26","","1","","CLOSED","IAT2605191050","NHO2018000007"),
("IATT190000217","CASH","CASH","110000","110000","ISU000004","2019-05-26","","1","","CLOSED","IAT2605191050","NHO2018000007"),
("IATT190000219","CARD","VISA","136400","136400","ISU000004","2019-05-26","","1","","CLOSED","IAT2605191050","NHO2018000007"),
("IATT190000221","CASH","CASH","103400","120000","ISU000004","2019-05-26","","1","","CLOSED","IAT2605191050","NHO2018000007"),
("IATT190000203","CARD","DEBIT BCA","158400","158400","ISU000004","2019-05-26","","1","","CLOSED","IAT2605191050","NHO2018000007"),
("IATT190000204","CASH","CASH","182600","200000","ISU000004","2019-05-26","","1","","CLOSED","IAT2605191050","NHO2018000007"),
("IATT190000215","CASH","CASH","112200","150000","ISU000004","2019-05-26","","1","","CLOSED","IAT2605191050","NHO2018000007"),
("IATT190000209","CASH","CASH","137500","200000","ISU000004","2019-05-26","","1","","CLOSED","IAT2605191050","NHO2018000007"),
("IATT190000218","CASH","CASH","283800","300000","ISU000004","2019-05-26","","1","","CLOSED","IAT2605191050","NHO2018000007"),
("IATT190000224","CASH","CASH","126500","130000","ISU000004","2019-05-26","","1","","CLOSED","IAT2605191050","NHO2018000007"),
("IATT190000222","CASH","CASH","96800","100000","ISU000004","2019-05-26","","1","","CLOSED","IAT2605191050","NHO2018000007"),
("IATT190000226","CASH","CASH","234300","240000","ISU000004","2019-05-26","","1","","CLOSED","IAT2605191050","NHO2018000007"),
("IATT190000228","CARD","MASTER","150700","150700","ISU000004","2019-05-26","","1","","CLOSED","IAT2605191050","NHO2018000007"),
("IATT190000202","CASH","CASH","154000","155000","ISU000004","2019-05-26","","1","","CLOSED","IAT2605191050","NHO2018000007"),
("IATT190000229","CASH","CASH","104500","110000","ISU000004","2019-05-26","","1","","CLOSED","IAT2605191050","NHO2018000007"),
("IATT190000230","CARD","DEBIT BCA","40700","40700","ISU000004","2019-05-26","","1","","CLOSED","IAT2605191050","NHO2018000007"),
("IATT190000231","CARD","DEBIT BCA","171600","171600","ISU000004","2019-05-26","","1","","CLOSED","IAT2605191050","NHO2018000007"),
("IATT190000233","CASH","CASH","74800","100000","ISU000004","2019-05-26","","1","","CLOSED","IAT2605191050","NHO2018000007"),
("IATT190000238","CASH","CASH","136400","150000","ISU000004","2019-05-26","","1","","CLOSED","IAT2605191050","NHO2018000007"),
("IATT190000234","CARD","VISA","322300","322300","ISU000004","2019-05-26","","1","","CLOSED","IAT2605191050","NHO2018000007"),
("IATT190000236","CASH","CASH","126500","130500","ISU000004","2019-05-26","","1","","CLOSED","IAT2605191050","NHO2018000007"),
("IATT190000235","CASH","CASH","125400","150000","ISU000004","2019-05-26","","1","","CLOSED","IAT2605191050","NHO2018000007"),
("IATT190000237","CARD","VISA","102300","102300","ISU000004","2019-05-26","","1","","CLOSED","IAT2605191050","NHO2018000007"),
("IATT190000232","CARD","VISA","155100","155100","ISU000004","2019-05-26","","1","","CLOSED","IAT2605191050","NHO2018000007"),
("IATT190000242","CASH","CASH","85800","100000","ISU000004","2019-05-26","","1","","CLOSED","IAT2605191050","NHO2018000007"),
("IATT190000239","CARD","DEBIT BCA","143000","143000","ISU000004","2019-05-26","","1","","CLOSED","IAT2605191050","NHO2018000007"),
("IATT190000241","CARD","DEBIT BCA","167200","167200","ISU000004","2019-05-26","","1","","CLOSED","IAT2605191050","NHO2018000007"),
("IATT190000240","CASH","CASH","137500","150000","ISU000004","2019-05-26","","1","","CLOSED","IAT2605191050","NHO2018000007"),
("IATT190000243","CASH","CASH","122100","150000","ISU000004","2019-05-26","","1","","CLOSED","IAT2605191050","NHO2018000007"),
("IATT190000244","CARD","DEBIT BCA","103400","103400","ISU000004","2019-05-26","","1","","CLOSED","IAT2605191050","NHO2018000007"),
("IATT190000245","CASH","CASH","170500","200000","ISU000004","2019-05-26","","1","","CLOSED","IAT2605191050","NHO2018000007"),
("IATT190000246","CASH","CASH","62700","100000","ISU000004","2019-05-26","","1","","CLOSED","IAT2605191050","NHO2018000007"),
("IATT190000250","CASH","CASH","125400","150000","ISU000004","2019-05-26","","1","","CLOSED","IAT2605191050","NHO2018000007"),
("IATT190000247","CASH","CASH","114400","114400","ISU000004","2019-05-26","","1","","CLOSED","IAT2605191050","NHO2018000007"),
("IATT190000255","CASH","CASH","110000","120000","ISU000004","2019-05-26","","1","","CLOSED","IAT2605191050","NHO2018000007"),
("IATT190000251","CARD","MASTER","63800","63800","ISU000004","2019-05-26","","1","","CLOSED","IAT2605191050","NHO2018000007"),
("IATT190000249","CARD","VISA","148500","148500","ISU000004","2019-05-26","","1","","CLOSED","IAT2605191050","NHO2018000007"),
("IATT190000253","CASH","CASH","110000","110000","ISU000004","2019-05-26","","1","","CLOSED","IAT2605191050","NHO2018000007"),
("IATT190000248","CASH","CASH","90200","100200","ISU000004","2019-05-26","","1","","CLOSED","IAT2605191050","NHO2018000007"),
("IATT190000257","CARD","MASTER","51700","51700","ISU000004","2019-05-26","","1","","CLOSED","IAT2605191050","NHO2018000007"),
("IATT190000254","CASH","CASH","86900","100000","ISU000004","2019-05-26","","1","","CLOSED","IAT2605191050","NHO2018000007"),
("IATT190000259","CASH","CASH","253000","300000","ISU000004","2019-05-26","","1","","CLOSED","IAT2605191050","NHO2018000007"),
("IATT190000252","CASH","CASH","132000","200000","ISU000004","2019-05-26","","1","","CLOSED","IAT2605191050","NHO2018000007"),
("IATT190000258","CASH","CASH","8800","10000","ISU000004","2019-05-26","","1","","CLOSED","IAT2605191050","NHO2018000007"),
("IATT190000256","CARD","DEBIT BCA","304700","304700","ISU000004","2019-05-26","","1","","CLOSED","IAT2605191050","NHO2018000007"),
("IATT190000260","CARD","VISA","145200","145200","ISU000004","2019-05-26","","1","","CLOSED","IAT2605191050","NHO2018000007"),
("IATT190000261","CASH","CASH","83600","100000","ISU000004","2019-05-26","","1","","CLOSED","IAT2605191050","NHO2018000007"),
("IATT190000262","CASH","CASH","125400","150000","ISU000004","2019-05-26","","1","","CLOSED","IAT2605191050","NHO2018000007"),
("IATT190000263","CARD","VISA","47300","47300","ISU000004","2019-05-26","","1","","CLOSED","IAT2605191050","NHO2018000007"),
("IATT190000265","CARD","DEBIT BCA","44000","44000","ISU000004","2019-05-26","","1","","CLOSED","IAT2605191050","NHO2018000007"),
("IATT190000264","CASH","CASH","83600","90000","ISU000004","2019-05-26","","1","","CLOSED","IAT2605191050","NHO2018000007");



