INSERT INTO pos_itemtemp VALUES("IATT190004498","193084","191001","192001","30000","1","30000","0","30000","1","1","1","IAT2512190848","NHO2018000007","PAID","","PEDAS"),
("IATT190004498","193011","191001","192001","40000","1","40000","0","40000","1","1","1","IAT2512190848","NHO2018000007","PAID","","PEDAS"),
("IATT190004498","193084","191001","192001","30000","1","30000","0","30000","2","1","1","IAT2512190848","NHO2018000007","PAID","","PEDAS"),
("IATT190004498","193055","191002","192010","17000","1","17000","0","17000","1","1","1","IAT2512190848","NHO2018000007","PAID","","193055"),
("IATT190004498","193056","191002","192010","17000","1","17000","0","17000","1","1","1","IAT2512190848","NHO2018000007","PAID","","193056"),
("IATT190004498","193054","191002","192010","20000","1","20000","0","20000","1","1","1","IAT2512190848","NHO2018000007","PAID","","193054"),
("IATT190004499","193085","191001","192001","30000","1","30000","3000","27000","1","1","1","IAT2512190848","NHO2018000007","PAID","NO BEEF NO CHICKEN,TAMBAHIN SAYURAN AJA","193085"),
("IATT190004499","193048","191002","192010","8000","1","8000","0","8000","1","1","1","IAT2512190848","NHO2018000007","PAID","","193048"),
("IATT190004500","193011","191001","192001","40000","1","40000","4000","36000","1","1","1","IAT2512190848","NHO2018000007","PAID","PEDES BGTT","PEDAS"),
("IATT190004500","193055","191002","192010","17000","1","17000","0","17000","1","1","1","IAT2512190848","NHO2018000007","PAID","","193055"),
("IATT190004500","193112","191001","192003","50000","1","50000","5000","45000","1","1","2","IAT2512190848","NHO2018000007","PAID","","193112"),
("IATT190004500","193055","191002","192010","17000","1","17000","0","17000","2","1","2","IAT2512190848","NHO2018000007","PAID","","193055"),
("IATT190004501","193006","191001","192001","37000","1","37000","18500","18500","1","1","1","IAT2512190848","NHO2018000007","PAID","","193006"),
("IATT190004501","193011","191001","192001","40000","1","40000","20000","20000","1","1","1","IAT2512190848","NHO2018000007","PAID","","PEDAS"),
("IATT190004501","193008","191001","192001","37000","1","37000","18500","18500","1","1","1","IAT2512190848","NHO2018000007","PAID","","193008"),
("IATT190004501","193087","191001","192002","33000","1","33000","16500","16500","1","1","1","IAT2512190848","NHO2018000007","PAID","SAYUR DAGING BAWANG DAUN PISAH SMUA","193087"),
("IATT190004501","193036","191001","192006","36000","1","36000","18000","18000","1","1","1","IAT2512190848","NHO2018000007","PAID","TELOR NYA CEPLOK","ORIGINAL"),
("IATT190004501","193047","191002","192010","10000","1","10000","0","10000","1","1","1","IAT2512190848","NHO2018000007","PAID","","193047"),
("IATT190004501","193048","191002","192010","8000","1","8000","0","8000","1","1","1","IAT2512190848","NHO2018000007","PAID","","193048"),
("IATT190004501","193048","191002","192010","8000","1","8000","0","8000","2","1","1","IAT2512190848","NHO2018000007","PAID","","193048"),
("IATT190004501","193054","191002","192010","20000","1","20000","0","20000","1","1","1","IAT2512190848","NHO2018000007","PAID","","193054"),
("IATT190004501","193055","191002","192010","17000","1","17000","0","17000","1","1","1","IAT2512190848","NHO2018000007","PAID","","193055"),
("IATT190004502","193084","191001","192001","30000","1","30000","12000","18000","1","1","1","IAT2512190848","NHO2018000007","PAID","","PEDAS"),
("IATT190004502","193079","191001","192001","30000","1","30000","12000","18000","1","1","1","IAT2512190848","NHO2018000007","PAID","","193079"),
("IATT190004502","193079","191001","192001","30000","1","30000","12000","18000","2","1","1","IAT2512190848","NHO2018000007","PAID","","193079"),
("IATT190004502","193049","191002","192010","10000","1","10000","0","10000","1","1","1","IAT2512190848","NHO2018000007","PAID","","193049"),
("IATT190004502","193052","191002","192010","20000","1","20000","0","20000","1","1","1","IAT2512190848","NHO2018000007","PAID","","193052"),
("IATT190004502","193077","191001","192001","30000","1","30000","12000","18000","1","1","2","IAT2512190848","NHO2018000007","PAID","","193077"),
("IATT190004503","193009","191001","192001","40000","1","40000","8000","32000","1","1","1","IAT2512190848","NHO2018000007","PAID","","193009"),
("IATT190004503","193005","191001","192001","37000","1","37000","7400","29600","1","1","1","IAT2512190848","NHO2018000007","PAID","","193005"),
("IATT190004503","193070","191001","192012","13000","1","13000","2600","10400","1","1","1","IAT2512190848","NHO2018000007","PAID","","193070"),
("IATT190004504","193083","191001","192001","30000","1","30000","0","30000","1","1","1","IAT2512190848","NHO2018000007","PAID","","193083"),
("IATT190004504","193036","191001","192006","36000","1","36000","0","36000","1","1","1","IAT2512190848","NHO2018000007","PAID","","ORIGINAL"),
("IATT190004505","193009","191001","192001","40000","1","40000","4000","36000","1","1","1","IAT2512190848","NHO2018000007","PAID","","193009"),
("IATT190004506","193012","191001","192001","40000","1","40000","20000","20000","1","1","1","IAT2512190848","NHO2018000007","PAID","","193012"),
("IATT190004506","193038","191001","192006","36000","1","36000","18000","18000","1","1","1","IAT2512190848","NHO2018000007","PAID","","ORIGINAL"),
("IATT190004506","193007","191001","192001","37000","1","37000","18500","18500","1","1","1","IAT2512190848","NHO2018000007","PAID","","PEDAS"),
("IATT190004506","193007","191001","192001","37000","1","37000","18500","18500","2","1","1","IAT2512190848","NHO2018000007","PAID","","PEDAS"),
("IATT190004506","193007","191001","192001","37000","1","37000","18500","18500","3","1","1","IAT2512190848","NHO2018000007","PAID","","PEDAS"),
("IATT190004506","193047","191002","192010","10000","1","10000","0","10000","1","1","1","IAT2512190848","NHO2018000007","PAID","","193047"),
("IATT190004506","193047","191002","192010","10000","1","10000","0","10000","2","1","1","IAT2512190848","NHO2018000007","PAID","","193047"),
("IATT190004506","193048","191002","192010","8000","1","8000","0","8000","1","1","1","IAT2512190848","NHO2018000007","PAID","","193048"),
("IATT190004506","193048","191002","192010","8000","1","8000","0","8000","2","1","1","IAT2512190848","NHO2018000007","PAID","","193048"),
("IATT190004506","193055","191002","192010","17000","1","17000","0","17000","1","1","1","IAT2512190848","NHO2018000007","PAID","","193055"),
("IATT190004506","193056","191002","192010","17000","1","17000","0","17000","1","1","1","IAT2512190848","NHO2018000007","PAID","","193056"),
("IATT190004507","193086","191001","192002","33000","1","33000","0","33000","1","1","1","IAT2512190848","NHO2018000007","PAID","","PEDAS"),
("IATT190004507","193028","191001","192003","43000","1","43000","0","43000","1","1","1","IAT2512190848","NHO2018000007","PAID","","193028"),
("IATT190004507","193028","191001","192003","43000","1","43000","0","43000","2","1","1","IAT2512190848","NHO2018000007","PAID","","193028"),
("IATT190004507","193052","191002","192010","20000","1","20000","0","20000","1","1","1","IAT2512190848","NHO2018000007","PAID","","193052"),
("IATT190004507","193055","191002","192010","17000","1","17000","0","17000","1","1","1","IAT2512190848","NHO2018000007","PAID","","193055"),
("IATT190004507","193056","191002","192010","17000","1","17000","0","17000","1","1","1","IAT2512190848","NHO2018000007","PAID","","193056"),
("IATT190004508","193082","191001","192001","30000","1","30000","0","30000","1","1","1","IAT2512190848","NHO2018000007","PAID","PEDES","193082"),
("IATT190004508","193078","191001","192001","30000","1","30000","0","30000","1","1","1","IAT2512190848","NHO2018000007","PAID","","PEDAS"),
("IATT190004508","193020","191001","192002","40000","1","40000","0","40000","1","1","1","IAT2512190848","NHO2018000007","PAID","","193020"),
("IATT190004508","193071","191001","192012","18000","1","18000","0","18000","1","1","1","IAT2512190848","NHO2018000007","PAID","","193071"),
("IATT190004508","193046","191002","192010","10000","1","10000","0","10000","1","1","1","IAT2512190848","NHO2018000007","PAID","","193046"),
("IATT190004508","193046","191002","192010","10000","1","10000","0","10000","2","1","1","IAT2512190848","NHO2018000007","PAID","","193046"),
("IATT190004508","193047","191002","192010","10000","1","10000","0","10000","1","1","1","IAT2512190848","NHO2018000007","PAID","","193047"),
("IATT190004508","193052","191002","192010","20000","1","20000","0","20000","1","1","1","IAT2512190848","NHO2018000007","PAID","GAPAKE GULA","193052"),
("IATT190004509","193079","191001","192001","30000","1","30000","0","30000","1","1","1","IAT2512190848","NHO2018000007","PAID","","193079"),
("IATT190004509","193050","191002","192010","20000","1","20000","0","20000","1","1","1","IAT2512190848","NHO2018000007","PAID","","193050"),
("IATT190004510","193113","191001","192003","55000","1","55000","0","55000","1","1","1","IAT2512190848","NHO2018000007","PAID","","193113"),
("IATT190004510","193085","191001","192001","30000","1","30000","0","30000","1","1","1","IAT2512190848","NHO2018000007","PAID","","193085"),
("IATT190004510","193118","191001","192012","20000","1","20000","0","20000","1","1","1","IAT2512190848","NHO2018000007","PAID","","193118"),
("IATT190004510","193048","191002","192010","8000","1","8000","0","8000","1","1","1","IAT2512190848","NHO2018000007","PAID","","193048"),
("IATT190004511","193082","191001","192001","30000","1","30000","0","30000","1","1","1","IAT2512190848","NHO2018000007","PAID","","193082"),
("IATT190004511","193084","191001","192001","30000","1","30000","0","30000","1","1","1","IAT2512190848","NHO2018000007","PAID","","PEDAS"),
("IATT190004511","193020","191001","192002","40000","1","40000","0","40000","1","1","1","IAT2512190848","NHO2018000007","PAID","","193020"),
("IATT190004511","193047","191002","192010","10000","1","10000","0","10000","1","1","1","IAT2512190848","NHO2018000007","PAID","","193047"),
("IATT190004511","193051","191002","192010","20000","1","20000","0","20000","1","1","1","IAT2512190848","NHO2018000007","PAID","","193051"),
("IATT190004510","193085","191001","192001","30000","1","30000","0","30000","2","1","2","IAT2512190848","NHO2018000007","PAID","","193085"),
("IATT190004512","193034","191001","192005","37000","1","37000","0","37000","1","1","1","IAT2512190848","NHO2018000007","PAID","","193034"),
("IATT190004512","193036","191001","192006","36000","1","36000","0","36000","1","1","1","IAT2512190848","NHO2018000007","PAID","","PEDAS"),
("IATT190004512","193015","191001","192002","33000","1","33000","0","33000","1","1","1","IAT2512190848","NHO2018000007","PAID","","ORIGINAL"),
("IATT190004512","193067","191001","192003","7000","1","7000","0","7000","1","1","1","IAT2512190848","NHO2018000007","PAID","","193067"),
("IATT190004512","193084","191001","192001","30000","1","30000","0","30000","1","1","1","IAT2512190848","NHO2018000007","PAID","","PEDAS"),
("IATT190004512","193052","191002","192010","20000","1","20000","0","20000","1","1","1","IAT2512190848","NHO2018000007","PAID","2 NO ES","193052"),
("IATT190004512","193052","191002","192010","20000","1","20000","0","20000","2","1","1","IAT2512190848","NHO2018000007","PAID","","193052"),
("IATT190004512","193052","191002","192010","20000","1","20000","0","20000","3","1","1","IAT2512190848","NHO2018000007","PAID","","193052"),
("IATT190004512","193054","191002","192010","20000","1","20000","0","20000","1","1","1","IAT2512190848","NHO2018000007","PAID","NO ES, GULA DIKIT","193054"),
("IATT190004513","193033","191001","192005","42000","1","42000","0","42000","1","1","1","IAT2512190848","NHO2018000007","PAID","","193033"),
("IATT190004513","193033","191001","192005","42000","1","42000","0","42000","2","1","1","IAT2512190848","NHO2018000007","PAID","","193033"),
("IATT190004513","193033","191001","192005","42000","1","42000","0","42000","3","1","1","IAT2512190848","NHO2018000007","PAID","","193033"),
("IATT190004513","193039","191001","192006","36000","1","36000","0","36000","1","1","1","IAT2512190848","NHO2018000007","PAID","","ORIGINAL"),
("IATT190004513","193037","191001","192006","36000","1","36000","0","36000","1","1","1","IAT2512190848","NHO2018000007","PAID","","ORIGINAL"),
("IATT190004513","193071","191001","192012","18000","1","18000","0","18000","1","1","1","IAT2512190848","NHO2018000007","PAID","","193071"),
("IATT190004513","193047","191002","192010","10000","1","10000","0","10000","1","1","1","IAT2512190848","NHO2018000007","PAID","","193047"),
("IATT190004513","193047","191002","192010","10000","1","10000","0","10000","2","1","1","IAT2512190848","NHO2018000007","PAID","","193047"),
("IATT190004513","193047","191002","192010","10000","1","10000","0","10000","3","1","1","IAT2512190848","NHO2018000007","PAID","","193047"),
("IATT190004513","193047","191002","192010","10000","1","10000","0","10000","4","1","1","IAT2512190848","NHO2018000007","PAID","","193047"),
("IATT190004513","193055","191002","192010","17000","1","17000","0","17000","1","1","1","IAT2512190848","NHO2018000007","PAID","","193055"),
("IATT190004512","193033","191001","192005","42000","1","42000","0","42000","1","1","2","IAT2512190848","NHO2018000007","PAID","","193033"),
("IATT190004512","193054","191002","192010","20000","1","20000","0","20000","2","1","2","IAT2512190848","NHO2018000007","PAID","","193054"),
("IATT190004514","193046","191002","192010","10000","1","10000","0","10000","1","1","1","IAT2512190848","NHO2018000007","PAID","","193046"),
("IATT190004514","193046","191002","192010","10000","1","10000","0","10000","2","1","1","IAT2512190848","NHO2018000007","PAID","","193046"),
("IATT190004514","193022","191001","192003","30000","1","30000","0","30000","1","1","1","IAT2512190848","NHO2018000007","PAID","","193022"),
("IATT190004514","193024","191001","192003","30000","1","30000","0","30000","1","1","1","IAT2512190848","NHO2018000007","PAID","","193024"),
("IATT190004515","193052","191002","192010","20000","1","20000","0","20000","1","1","1","IAT2512190848","NHO2018000007","PAID","","193052"),
("IATT190004515","193005","191001","192001","37000","1","37000","0","37000","1","1","1","IAT2512190848","NHO2018000007","PAID","","193005"),
("IATT190004515","193048","191002","192010","8000","1","8000","0","8000","1","1","2","IAT2512190848","NHO2018000007","PAID","","193048"),
("IATT190004517","193024","191001","192003","30000","1","30000","3000","27000","1","1","1","IAT2512190848","NHO2018000007","PAID","","193024"),
("IATT190004517","193082","191001","192001","30000","1","30000","3000","27000","1","1","1","IAT2512190848","NHO2018000007","PAID","","193082"),
("IATT190004517","193049","191002","192010","10000","1","10000","1000","9000","1","1","1","IAT2512190848","NHO2018000007","PAID","","193049"),
("IATT190004517","193049","191002","192010","10000","1","10000","1000","9000","2","1","1","IAT2512190848","NHO2018000007","PAID","","193049"),
("IATT190004516","193035","191001","192006","32000","1","32000","0","32000","1","1","1","IAT2512190848","NHO2018000007","PAID","","PEDAS"),
("IATT190004516","193054","191002","192010","20000","1","20000","0","20000","1","1","1","IAT2512190848","NHO2018000007","PAID","","193054"),
("IATT190004516","193055","191002","192010","17000","1","17000","0","17000","1","1","1","IAT2512190848","NHO2018000007","PAID","","193055"),
("IATT190004516","193048","191002","192010","8000","1","8000","0","8000","1","1","1","IAT2512190848","NHO2018000007","PAID","","193048"),
("IATT190004516","193096","191001","192008","50000","1","50000","0","50000","1","1","1","IAT2512190848","NHO2018000007","PAID","","193096"),
("IATT190004516","193086","191001","192002","33000","1","33000","0","33000","1","1","2","IAT2512190848","NHO2018000007","PAID","","PEDAS"),
("IATT190004518","193016","191001","192002","37000","1","37000","3700","33300","1","1","1","IAT2512190848","NHO2018000007","PAID","","PEDAS"),
("IATT190004518","193054","191002","192010","20000","1","20000","0","20000","1","1","1","IAT2512190848","NHO2018000007","PAID","","193054"),
("IATT190004518","193049","191002","192010","10000","1","10000","0","10000","1","1","1","IAT2512190848","NHO2018000007","PAID","","193049"),
("IATT190004519","193027","191001","192003","43000","1","43000","0","43000","1","1","1","IAT2512190848","NHO2018000007","PAID","","193027"),
("IATT190004519","193036","191001","192006","36000","1","36000","0","36000","1","1","1","IAT2512190848","NHO2018000007","PAID","","ORIGINAL"),
("IATT190004519","193056","191002","192010","17000","1","17000","0","17000","1","1","1","IAT2512190848","NHO2018000007","PAID","","193056"),
("IATT190004519","193052","191002","192010","20000","1","20000","0","20000","1","1","1","IAT2512190848","NHO2018000007","PAID","","193052");



INSERT INTO pos_salestemp VALUES("IATT190004495","","0","37000","0","0","0","0","0","25/12/2019","08:48","25/12/2019","08:49:07","ISU000006","tbl0001","CANCELED","1","PERMINTAAN CUSTOMER","","","","","","IAT2512190848","NHO2018000007"),
("IATT190004496","","1","157000","78500","0","0","0","0","25/12/2019","10:05","25/12/2019","10:05:37","ISU000006","tbl0011","CANCELED","1","PERMINTAAN CUSTOMER","","","","","","IAT2512190848","NHO2018000007"),
("IATT190004497","","0","90000","27000","0","0","0","0","25/12/2019","10:05","25/12/2019","10:07:14","ISU000006","tbl0008","CANCELED","1","PERMINTAAN CUSTOMER","","","","","","IAT2512190848","NHO2018000007"),
("IATT190004498","","3","154000","0","15400","0","169400","169400","25/12/2019","12:31","2019-12-25","13:47:07","ISU000006","tbl0011","CLOSED","1","","IATR190004370","","","","","IAT2512190848","NHO2018000007"),
("IATT190004499","","1","38000","3000","3500","0","38500","38500","25/12/2019","13:54","2019-12-25","14:28:33","ISU000006","tbl0005","CLOSED","1","","IATR190004372","","","","","IAT2512190848","NHO2018000007"),
("IATT190004500","","2","124000","9000","11500","0","126500","126500","25/12/2019","13:56","2019-12-25","14:27:37","ISU000006","tbl0012","CLOSED","1","","IATR190004371","","","","","IAT2512190848","NHO2018000007"),
("IATT190004501","","4","246000","91500","15450","0","169950","169950","25/12/2019","15:04","2019-12-25","15:54:04","ISU000006","tbl0020","CLOSED","1","","IATR190004373","","","","","IAT2512190848","NHO2018000007"),
("IATT190004502","","3","150000","48000","10200","0","112200","112200","25/12/2019","15:09","2019-12-25","16:03:46","ISU000006","tbl0012","CLOSED","1","","IATR190004374","","","","","IAT2512190848","NHO2018000007"),
("IATT190004503","","2","90000","18000","7200","0","79200","100000","25/12/2019","15:33","2019-12-25","16:49:19","ISU000006","tbl0011","CLOSED","1","","IATR190004376","","","","","IAT2512190848","NHO2018000007"),
("IATT190004504","","1","66000","0","6600","0","72600","72600","25/12/2019","15:35","2019-12-25","17:26:17","ISU000006","tbl0010","CLOSED","1","","IATR190004380","","","","","IAT2512190848","NHO2018000007"),
("IATT190004505","","1","40000","4000","3600","0","39600","50000","25/12/2019","15:58","2019-12-25","16:23:09","ISU000006","tbl0004","CLOSED","1","","IATR190004375","","","","","IAT2512190848","NHO2018000007"),
("IATT190004506","","5","257000","93500","16350","0","179850","179850","25/12/2019","16:30","2019-12-25","17:16:16","ISU000006","tbl0012","CLOSED","1","","IATR190004377","","","","","IAT2512190848","NHO2018000007"),
("IATT190004507","","3","173000","0","17300","0","190300","200000","25/12/2019","16:35","2019-12-25","17:29:12","ISU000006","tbl0014","CLOSED","1","","IATR190004381","","","","","IAT2512190848","NHO2018000007"),
("IATT190004508","","4","168000","0","16800","0","184800","200000","25/12/2019","16:39","2019-12-25","17:19:18","ISU000006","tbl0022","CLOSED","1","","IATR190004378","","","","","IAT2512190848","NHO2018000007"),
("IATT190004509","","1","50000","0","5000","0","55000","100000","25/12/2019","16:40","2019-12-25","17:23:12","ISU000006","tbl0015","CLOSED","1","","IATR190004379","","","","","IAT2512190848","NHO2018000007"),
("IATT190004510","","2","143000","0","14300","0","157300","160000","25/12/2019","16:59","2019-12-25","17:48:00","ISU000006","tbl0011","CLOSED","1","","IATR190004382","","","","","IAT2512190848","NHO2018000007"),
("IATT190004511","","2","130000","0","13000","0","143000","143000","25/12/2019","17:19","2019-12-25","18:12:33","ISU000006","tbl0012","CLOSED","1","","IATR190004383","","","","","IAT2512190848","NHO2018000007"),
("IATT190004512","","3","285000","0","28500","0","313500","313500","25/12/2019","17:50","2019-12-25","18:41:02","ISU000006","tbl0010","CLOSED","1","","IATR190004384","","","","","IAT2512190848","NHO2018000007"),
("IATT190004513","","5","273000","0","27300","0","300300","300500","25/12/2019","18:13","2019-12-25","18:57:36","ISU000006","tbl0024","CLOSED","1","","IATR190004385","","","","","IAT2512190848","NHO2018000007"),
("IATT190004514","","2","80000","0","8000","0","88000","88000","25/12/2019","18:37","2019-12-25","19:26:27","ISU000004","tbl0012","CLOSED","1","","IATR190004386","","","","","IAT2512190848","NHO2018000007"),
("IATT190004515","","1","65000","0","6500","0","71500","100000","25/12/2019","19:38","2019-12-25","20:23:07","ISU000004","tbl0011","CLOSED","1","","IATR190004387","","","","","IAT2512190848","NHO2018000007"),
("IATT190004516","","0","160000","0","16000","0","176000","200000","25/12/2019","19:47","2019-12-25","20:49:01","ISU000004","tbl0010","CLOSED","1","","IATR190004389","","","","","IAT2512190848","NHO2018000007"),
("IATT190004517","NHM2019003420 M abdul azis","2","80000","8000","7200","0","79200","80000","25/12/2019","19:53","2019-12-25","20:34:51","ISU000004","tbl0012","CLOSED","1","","IATR190004388","","","","","IAT2512190848","NHO2018000007"),
("IATT190004518","","1","67000","3700","6330","0","69630","70000","25/12/2019","20:06","2019-12-25","20:51:09","ISU000004","tbl0005","CLOSED","1","","IATR190004390","","","","","IAT2512190848","NHO2018000007"),
("IATT190004519","","2","116000","0","11600","0","127600","200000","25/12/2019","21:12","2019-12-25","21:36:52","ISU000004","tbl0012","CLOSED","1","","IATR190004391","","","","","IAT2512190848","NHO2018000007");



INSERT INTO item_void VALUES("IATT190004516","IAT2512190848","NHO2018000007","193084","PEDAS","1","30000","Before Send","Komplen Customer");



INSERT INTO pos_promotion_h VALUES("IATT190004500","NPRM18000023","DISC ITEM","1","9000","KANAN KIRI DISKON 10%","IAT2512190848","PAID","NHO2018000007"),
("IATT190004499","NPRM18000023","DISC ITEM","1","3000","KANAN KIRI DISKON 10%","IAT2512190848","PAID","NHO2018000007"),
("IATT190004502","NPRM18000026","DISC ITEM","1","48000","KANAN KIRI DISKON 40%","IAT2512190848","PAID","NHO2018000007"),
("IATT190004501","NPRM18000027","DISC ITEM","1","91500","KANAN KIRI DISKON 50%","IAT2512190848","PAID","NHO2018000007"),
("IATT190004505","NPRM18000023","DISC ITEM","1","4000","KANAN KIRI DISKON 10%","IAT2512190848","PAID","NHO2018000007"),
("IATT190004503","NPRM18000024","DISC ITEM","1","18000","KANAN KIRI DISKON 20%","IAT2512190848","PAID","NHO2018000007"),
("IATT190004506","NPRM18000027","DISC ITEM","1","93500","KANAN KIRI DISKON 50%","IAT2512190848","PAID","NHO2018000007"),
("IATT190004517","NPRM18000019","DISC ALL","1","8000","CRM DISC 10%","IAT2512190848","PAID","NHO2018000007"),
("IATT190004518","NPRM18000023","DISC ITEM","1","3700","KANAN KIRI DISKON 10%","IAT2512190848","PAID","NHO2018000007");



INSERT INTO pos_promotion_d VALUES("IATT190004500","NPRM18000023","DISC ITEM","1","1","193011","1","4000","IAT2512190848","PAID","NHO2018000007"),
("IATT190004500","NPRM18000023","DISC ITEM","1","1","193112","1","5000","IAT2512190848","PAID","NHO2018000007"),
("IATT190004499","NPRM18000023","DISC ITEM","1","1","193085","1","3000","IAT2512190848","PAID","NHO2018000007"),
("IATT190004502","NPRM18000026","DISC ITEM","1","1","193084","1","12000","IAT2512190848","PAID","NHO2018000007"),
("IATT190004502","NPRM18000026","DISC ITEM","1","1","193079","1","12000","IAT2512190848","PAID","NHO2018000007"),
("IATT190004502","NPRM18000026","DISC ITEM","1","1","193079","2","12000","IAT2512190848","PAID","NHO2018000007"),
("IATT190004502","NPRM18000026","DISC ITEM","1","1","193077","1","12000","IAT2512190848","PAID","NHO2018000007"),
("IATT190004501","NPRM18000027","DISC ITEM","1","1","193006","1","18500","IAT2512190848","PAID","NHO2018000007"),
("IATT190004501","NPRM18000027","DISC ITEM","1","1","193011","1","20000","IAT2512190848","PAID","NHO2018000007"),
("IATT190004501","NPRM18000027","DISC ITEM","1","1","193008","1","18500","IAT2512190848","PAID","NHO2018000007"),
("IATT190004501","NPRM18000027","DISC ITEM","1","1","193087","1","16500","IAT2512190848","PAID","NHO2018000007"),
("IATT190004501","NPRM18000027","DISC ITEM","1","1","193036","1","18000","IAT2512190848","PAID","NHO2018000007"),
("IATT190004505","NPRM18000023","DISC ITEM","1","1","193009","1","4000","IAT2512190848","PAID","NHO2018000007"),
("IATT190004503","NPRM18000024","DISC ITEM","1","1","193009","1","8000","IAT2512190848","PAID","NHO2018000007"),
("IATT190004503","NPRM18000024","DISC ITEM","1","1","193005","1","7400","IAT2512190848","PAID","NHO2018000007"),
("IATT190004503","NPRM18000024","DISC ITEM","1","1","193070","1","2600","IAT2512190848","PAID","NHO2018000007"),
("IATT190004506","NPRM18000027","DISC ITEM","1","1","193012","1","20000","IAT2512190848","PAID","NHO2018000007"),
("IATT190004506","NPRM18000027","DISC ITEM","1","1","193038","1","18000","IAT2512190848","PAID","NHO2018000007"),
("IATT190004506","NPRM18000027","DISC ITEM","1","1","193007","1","18500","IAT2512190848","PAID","NHO2018000007"),
("IATT190004506","NPRM18000027","DISC ITEM","1","1","193007","2","18500","IAT2512190848","PAID","NHO2018000007"),
("IATT190004506","NPRM18000027","DISC ITEM","1","1","193007","3","18500","IAT2512190848","PAID","NHO2018000007"),
("IATT190004517","NPRM18000019","DISC ALL","1","1","193024","1","3000","IAT2512190848","PAID","NHO2018000007"),
("IATT190004517","NPRM18000019","DISC ALL","1","1","193082","1","3000","IAT2512190848","PAID","NHO2018000007"),
("IATT190004517","NPRM18000019","DISC ALL","1","1","193049","1","1000","IAT2512190848","PAID","NHO2018000007"),
("IATT190004517","NPRM18000019","DISC ALL","1","1","193049","2","1000","IAT2512190848","PAID","NHO2018000007"),
("IATT190004518","NPRM18000023","DISC ITEM","1","1","193016","1","3700","IAT2512190848","PAID","NHO2018000007");



INSERT INTO pos_paymenttemp VALUES("IATT190004498","CASH","OVO","169400","169400","ISU000006","2019-12-25","","1","","CLOSED","IAT2512190848","NHO2018000007"),
("IATT190004500","CARD","DEBIT BCA","126500","126500","ISU000006","2019-12-25","","1","","CLOSED","IAT2512190848","NHO2018000007"),
("IATT190004499","CARD","DEBIT BCA","38500","38500","ISU000006","2019-12-25","","1","","CLOSED","IAT2512190848","NHO2018000007"),
("IATT190004501","CARD","VISA","169950","169950","ISU000006","2019-12-25","","1","","CLOSED","IAT2512190848","NHO2018000007"),
("IATT190004502","CARD","DEBIT BCA","112200","112200","ISU000006","2019-12-25","","1","","CLOSED","IAT2512190848","NHO2018000007"),
("IATT190004505","CASH","CASH","39600","50000","ISU000006","2019-12-25","","1","","CLOSED","IAT2512190848","NHO2018000007"),
("IATT190004503","CASH","CASH","79200","100000","ISU000006","2019-12-25","","1","","CLOSED","IAT2512190848","NHO2018000007"),
("IATT190004506","CARD","VISA","179850","179850","ISU000006","2019-12-25","","1","","CLOSED","IAT2512190848","NHO2018000007"),
("IATT190004508","CASH","CASH","184800","200000","ISU000006","2019-12-25","","1","","CLOSED","IAT2512190848","NHO2018000007"),
("IATT190004509","CASH","CASH","55000","100000","ISU000006","2019-12-25","","1","","CLOSED","IAT2512190848","NHO2018000007"),
("IATT190004504","CARD","DEBIT BCA","72600","72600","ISU000006","2019-12-25","","1","","CLOSED","IAT2512190848","NHO2018000007"),
("IATT190004507","CASH","CASH","190300","200000","ISU000006","2019-12-25","","1","","CLOSED","IAT2512190848","NHO2018000007"),
("IATT190004510","CASH","CASH","157300","160000","ISU000006","2019-12-25","","1","","CLOSED","IAT2512190848","NHO2018000007"),
("IATT190004511","CARD","VISA","143000","143000","ISU000006","2019-12-25","","1","","CLOSED","IAT2512190848","NHO2018000007"),
("IATT190004512","CARD","DEBIT BCA","313500","313500","ISU000006","2019-12-25","","1","","CLOSED","IAT2512190848","NHO2018000007"),
("IATT190004513","CASH","CASH","300300","300500","ISU000006","2019-12-25","","1","","CLOSED","IAT2512190848","NHO2018000007"),
("IATT190004514","CASH","OVO","88000","88000","ISU000004","2019-12-25","","1","","CLOSED","IAT2512190848","NHO2018000007"),
("IATT190004515","CASH","CASH","71500","100000","ISU000004","2019-12-25","","1","","CLOSED","IAT2512190848","NHO2018000007"),
("IATT190004517","CASH","CASH","79200","80000","ISU000004","2019-12-25","","1","","CLOSED","IAT2512190848","NHO2018000007"),
("IATT190004516","CASH","CASH","176000","200000","ISU000004","2019-12-25","","1","","CLOSED","IAT2512190848","NHO2018000007"),
("IATT190004518","CASH","CASH","69630","70000","ISU000004","2019-12-25","","1","","CLOSED","IAT2512190848","NHO2018000007"),
("IATT190004519","CASH","CASH","127600","200000","ISU000004","2019-12-25","","1","","CLOSED","IAT2512190848","NHO2018000007");



