INSERT INTO pos_itemtemp VALUES("IATT190004020","193082","191001","192001","30000","1","30000","13200","16800","1","1","1","IAT2711191010","NHO2018000007","PAID","","193082"),
("IATT190004020","193082","191001","192001","30000","1","30000","13200","16800","2","1","1","IAT2711191010","NHO2018000007","PAID","","193082"),
("IATT190004020","193047","191002","192010","10000","1","10000","0","10000","1","1","1","IAT2711191010","NHO2018000007","PAID","","193047"),
("IATT190004020","193054","191002","192010","20000","1","20000","0","20000","1","1","1","IAT2711191010","NHO2018000007","PAID","","193054"),
("IATT190004021","193055","191002","192010","17000","1","17000","0","17000","1","1","1","IAT2711191010","NHO2018000007","PAID","","193055"),
("IATT190004021","193082","191001","192001","30000","1","30000","13200","16800","1","1","1","IAT2711191010","NHO2018000007","PAID","","193082"),
("IATT190004021","193071","191001","192012","18000","1","18000","7920","10080","1","1","2","IAT2711191010","NHO2018000007","PAID","","193071"),
("IATT190004021","193070","191001","192012","13000","1","13000","5720","7280","1","1","3","IAT2711191010","NHO2018000007","PAID","","193070"),
("IATT190004022","193076","191001","192001","30000","1","30000","13200","16800","1","1","1","IAT2711191010","NHO2018000007","PAID","","193076"),
("IATT190004022","193022","191001","192003","30000","1","30000","0","30000","1","1","1","IAT2711191010","NHO2018000007","PAID","","193022"),
("IATT190004022","193056","191002","192010","17000","1","17000","0","17000","1","1","1","IAT2711191010","NHO2018000007","PAID","","193056"),
("IATT190004023","193084","191001","192001","30000","1","30000","13200","16800","1","1","1","IAT2711191010","NHO2018000007","PAID","","ORIGINAL"),
("IATT190004023","193085","191001","192001","30000","1","30000","13200","16800","1","1","1","IAT2711191010","NHO2018000007","PAID","","193085"),
("IATT190004023","193055","191002","192010","17000","1","17000","0","17000","1","1","1","IAT2711191010","NHO2018000007","PAID","","193055"),
("IATT190004023","193047","191002","192010","10000","1","10000","0","10000","1","1","1","IAT2711191010","NHO2018000007","PAID","","193047"),
("IATT190004024","193036","191001","192006","36000","1","36000","15840","20160","1","1","1","IAT2711191010","NHO2018000007","PAID","","PEDAS"),
("IATT190004025","193017","191001","192002","37000","1","37000","16280","20720","1","1","1","IAT2711191010","NHO2018000007","PAID","","193017"),
("IATT190004025","193033","191001","192005","42000","1","42000","18480","23520","1","1","1","IAT2711191010","NHO2018000007","PAID","","193033"),
("IATT190004025","193055","191002","192010","17000","1","17000","0","17000","1","1","1","IAT2711191010","NHO2018000007","PAID","","193055"),
("IATT190004026","193036","191001","192006","36000","1","36000","15840","20160","1","1","1","IAT2711191010","NHO2018000007","PAID","pedes sedeng","PEDAS"),
("IATT190004026","193055","191002","192010","17000","1","17000","0","17000","1","1","1","IAT2711191010","NHO2018000007","PAID","","193055"),
("IATT190004026","193055","191002","192010","17000","1","17000","0","17000","2","1","1","IAT2711191010","NHO2018000007","PAID","","193055"),
("IATT190004026","193070","191001","192012","13000","1","13000","5720","7280","1","1","1","IAT2711191010","NHO2018000007","PAID","","193070"),
("IATT190004026","193019","191001","192002","40000","1","40000","17600","22400","1","1","1","IAT2711191010","NHO2018000007","PAID","","PEDAS"),
("IATT190004027","193082","191001","192001","30000","1","30000","13200","16800","1","1","1","IAT2711191010","NHO2018000007","PAID","","193082"),
("IATT190004027","193010","191001","192001","40000","1","40000","17600","22400","1","1","1","IAT2711191010","NHO2018000007","PAID","","193010"),
("IATT190004027","193055","191002","192010","17000","1","17000","0","17000","1","1","1","IAT2711191010","NHO2018000007","PAID","","193055"),
("IATT190004027","193056","191002","192010","17000","1","17000","0","17000","1","1","1","IAT2711191010","NHO2018000007","PAID","","193056"),
("IATT190004028","193033","191001","192005","42000","1","42000","18480","23520","1","1","1","IAT2711191010","NHO2018000007","PAID","","193033"),
("IATT190004028","193005","191001","192001","37000","1","37000","16280","20720","1","1","1","IAT2711191010","NHO2018000007","PAID","","193005"),
("IATT190004028","193054","191002","192010","20000","1","20000","0","20000","1","1","1","IAT2711191010","NHO2018000007","PAID","","193054"),
("IATT190004028","193054","191002","192010","20000","1","20000","0","20000","2","1","1","IAT2711191010","NHO2018000007","PAID","","193054");



INSERT INTO pos_salestemp VALUES("IATT190004020","NHM2018002610 Putri Dwi Maryani","2","90000","26400","6360","0","69960","100000","27/11/2019","12:08","2019-11-27","12:54:40","ISU000004","tbl0010","CLOSED","1","","IATR190003906","","","","","IAT2711191010","NHO2018000007"),
("IATT190004021","NHM2019003878 Kurniawan","1","78000","26840","5116","0","56276","60000","27/11/2019","12:33","2019-11-27","13:19:17","ISU000004","tbl0012","CLOSED","1","","IATR190003907","","","","","IAT2711191010","NHO2018000007"),
("IATT190004022","","2","77000","13200","6380","0","70180","100000","27/11/2019","13:03","2019-11-27","13:55:40","ISU000004","tbl0010","CLOSED","1","","IATR190003909","","","","","IAT2711191010","NHO2018000007"),
("IATT190004023","","2","87000","26400","6060","0","66660","66660","27/11/2019","13:05","2019-11-27","13:38:02","ISU000004","tbl0011","CLOSED","1","","IATR190003908","","","","","IAT2711191010","NHO2018000007"),
("IATT190004024","","1","36000","15840","2016","0","22176","22176","27/11/2019","17:52","2019-11-27","17:54:22","ISU000004","tbl0005","CLOSED","1","","IATR190003910","","","","","IAT2711191010","NHO2018000007"),
("IATT190004025","","2","96000","34760","6124","0","67364","100000","27/11/2019","18:46","2019-11-27","19:19:24","ISU000004","tbl0012","CLOSED","1","","IATR190003911","","","","","IAT2711191010","NHO2018000007"),
("IATT190004026","NHM2019003888 sofyan","2","123000","39160","8384","0","92224","92224","27/11/2019","18:51","2019-11-27","19:43:42","ISU000004","tbl0010","CLOSED","1","","IATR190003913","","","","","IAT2711191010","NHO2018000007"),
("IATT190004027","NHM2019003887 Muhammad zeze fauzi","2","104000","30800","7320","0","80520","90000","27/11/2019","19:02","2019-11-27","19:37:39","ISU000004","tbl0011","CLOSED","1","","IATR190003912","","","","","IAT2711191010","NHO2018000007"),
("IATT190004028","NHM2019003890 Erfina Sari","2","119000","34760","8424","0","92664","92664","27/11/2019","19:46","2019-11-27","20:25:11","ISU000004","tbl0011","CLOSED","1","","IATR190003914","","","","","IAT2711191010","NHO2018000007");






INSERT INTO pos_promotion_h VALUES("IATT190004020","NPRM18000020","DISC ITEM","1","26400","PROMO LAGI VIRAL 30%+20%","IAT2711191010","PAID","NHO2018000007"),
("IATT190004021","NPRM18000020","DISC ITEM","1","26840","PROMO LAGI VIRAL 30%+20%","IAT2711191010","PAID","NHO2018000007"),
("IATT190004023","NPRM18000020","DISC ITEM","1","26400","PROMO LAGI VIRAL 30%+20%","IAT2711191010","PAID","NHO2018000007"),
("IATT190004022","NPRM18000020","DISC ITEM","1","13200","PROMO LAGI VIRAL 30%+20%","IAT2711191010","PAID","NHO2018000007"),
("IATT190004024","NPRM18000020","DISC ITEM","1","15840","PROMO LAGI VIRAL 30%+20%","IAT2711191010","PAID","NHO2018000007"),
("IATT190004025","NPRM18000020","DISC ITEM","1","34760","PROMO LAGI VIRAL 30%+20%","IAT2711191010","PAID","NHO2018000007"),
("IATT190004027","NPRM18000020","DISC ITEM","1","30800","PROMO LAGI VIRAL 30%+20%","IAT2711191010","PAID","NHO2018000007"),
("IATT190004026","NPRM18000020","DISC ITEM","1","39160","PROMO LAGI VIRAL 30%+20%","IAT2711191010","PAID","NHO2018000007"),
("IATT190004028","NPRM18000020","DISC ITEM","1","34760","PROMO LAGI VIRAL 30%+20%","IAT2711191010","PAID","NHO2018000007");



INSERT INTO pos_promotion_d VALUES("IATT190004020","NPRM18000020","DISC ITEM","1","1","193082","1","13200","IAT2711191010","PAID","NHO2018000007"),
("IATT190004020","NPRM18000020","DISC ITEM","1","1","193082","2","13200","IAT2711191010","PAID","NHO2018000007"),
("IATT190004021","NPRM18000020","DISC ITEM","1","1","193082","1","13200","IAT2711191010","PAID","NHO2018000007"),
("IATT190004021","NPRM18000020","DISC ITEM","1","1","193071","1","7920","IAT2711191010","PAID","NHO2018000007"),
("IATT190004021","NPRM18000020","DISC ITEM","1","1","193070","1","5720","IAT2711191010","PAID","NHO2018000007"),
("IATT190004023","NPRM18000020","DISC ITEM","1","1","193084","1","13200","IAT2711191010","PAID","NHO2018000007"),
("IATT190004023","NPRM18000020","DISC ITEM","1","1","193085","1","13200","IAT2711191010","PAID","NHO2018000007"),
("IATT190004022","NPRM18000020","DISC ITEM","1","1","193076","1","13200","IAT2711191010","PAID","NHO2018000007"),
("IATT190004024","NPRM18000020","DISC ITEM","1","1","193036","1","15840","IAT2711191010","PAID","NHO2018000007"),
("IATT190004025","NPRM18000020","DISC ITEM","1","1","193017","1","16280","IAT2711191010","PAID","NHO2018000007"),
("IATT190004025","NPRM18000020","DISC ITEM","1","1","193033","1","18480","IAT2711191010","PAID","NHO2018000007"),
("IATT190004027","NPRM18000020","DISC ITEM","1","1","193082","1","13200","IAT2711191010","PAID","NHO2018000007"),
("IATT190004027","NPRM18000020","DISC ITEM","1","1","193010","1","17600","IAT2711191010","PAID","NHO2018000007"),
("IATT190004026","NPRM18000020","DISC ITEM","1","1","193036","1","15840","IAT2711191010","PAID","NHO2018000007"),
("IATT190004026","NPRM18000020","DISC ITEM","1","1","193070","1","5720","IAT2711191010","PAID","NHO2018000007"),
("IATT190004026","NPRM18000020","DISC ITEM","1","1","193019","1","17600","IAT2711191010","PAID","NHO2018000007"),
("IATT190004028","NPRM18000020","DISC ITEM","1","1","193033","1","18480","IAT2711191010","PAID","NHO2018000007"),
("IATT190004028","NPRM18000020","DISC ITEM","1","1","193005","1","16280","IAT2711191010","PAID","NHO2018000007");



INSERT INTO pos_paymenttemp VALUES("IATT190004020","CASH","CASH","69960","100000","ISU000004","2019-11-27","","1","","CLOSED","IAT2711191010","NHO2018000007"),
("IATT190004021","CASH","CASH","56276","60000","ISU000004","2019-11-27","","1","","CLOSED","IAT2711191010","NHO2018000007"),
("IATT190004023","CARD","DEBIT BCA","66660","66660","ISU000004","2019-11-27","","1","","CLOSED","IAT2711191010","NHO2018000007"),
("IATT190004022","CASH","CASH","70180","100000","ISU000004","2019-11-27","","1","","CLOSED","IAT2711191010","NHO2018000007"),
("IATT190004024","CARD","DEBIT BCA","22176","22176","ISU000004","2019-11-27","","1","","CLOSED","IAT2711191010","NHO2018000007"),
("IATT190004025","CASH","CASH","67364","100000","ISU000004","2019-11-27","","1","","CLOSED","IAT2711191010","NHO2018000007"),
("IATT190004027","CASH","CASH","80520","90000","ISU000004","2019-11-27","","1","","CLOSED","IAT2711191010","NHO2018000007"),
("IATT190004026","CARD","MASTER","92224","92224","ISU000004","2019-11-27","","1","","CLOSED","IAT2711191010","NHO2018000007"),
("IATT190004028","CARD","MASTER","92664","92664","ISU000004","2019-11-27","","1","","CLOSED","IAT2711191010","NHO2018000007");



