INSERT INTO pos_itemtemp VALUES("IATT190003482","193012","191001","192001","40000","1","40000","20000","20000","1","1","1","IAT2810190959","NHO2018000007","PAID","","193012"),
("IATT190003483","193036","191001","192006","36000","1","36000","18000","18000","1","1","1","IAT2810190959","NHO2018000007","PAID","","ORIGINAL"),
("IATT190003483","193070","191001","192012","13000","1","13000","6500","6500","1","1","1","IAT2810190959","NHO2018000007","PAID","","193070"),
("IATT190003483","193054","191002","192010","20000","1","20000","0","20000","1","1","1","IAT2810190959","NHO2018000007","PAID","","193054"),
("IATT190003484","193011","191001","192001","40000","1","40000","20000","20000","1","1","1","IAT2810190959","NHO2018000007","PAID","","PEDAS"),
("IATT190003484","193084","191001","192001","30000","1","30000","15000","15000","1","1","1","IAT2810190959","NHO2018000007","PAID","","PEDAS"),
("IATT190003484","193033","191001","192005","42000","1","42000","21000","21000","1","1","1","IAT2810190959","NHO2018000007","PAID","","193033"),
("IATT190003484","193079","191001","192001","30000","1","30000","15000","15000","1","1","1","IAT2810190959","NHO2018000007","PAID","","193079"),
("IATT190003484","193046","191002","192010","10000","1","10000","0","10000","1","1","1","IAT2810190959","NHO2018000007","PAID","","193046"),
("IATT190003484","193047","191002","192010","10000","1","10000","0","10000","1","1","1","IAT2810190959","NHO2018000007","PAID","","193047"),
("IATT190003485","193036","191001","192006","36000","1","36000","18000","18000","1","1","1","IAT2810190959","NHO2018000007","PAID","","ORIGINAL"),
("IATT190003485","193036","191001","192006","36000","1","36000","18000","18000","2","1","1","IAT2810190959","NHO2018000007","PAID","","ORIGINAL"),
("IATT190003485","193036","191001","192006","36000","1","36000","18000","18000","3","1","1","IAT2810190959","NHO2018000007","PAID","yg satu sedeng aja","PEDAS"),
("IATT190003485","193036","191001","192006","36000","1","36000","18000","18000","4","1","1","IAT2810190959","NHO2018000007","PAID","","PEDAS"),
("IATT190003485","193034","191001","192005","37000","1","37000","18500","18500","1","1","1","IAT2810190959","NHO2018000007","PAID","","193034"),
("IATT190003485","193033","191001","192005","42000","1","42000","21000","21000","1","1","1","IAT2810190959","NHO2018000007","PAID","","193033"),
("IATT190003485","193035","191001","192006","32000","1","32000","16000","16000","1","1","1","IAT2810190959","NHO2018000007","PAID","","ORIGINAL"),
("IATT190003485","193118","191001","192012","20000","1","20000","10000","10000","1","1","1","IAT2810190959","NHO2018000007","PAID","","193118"),
("IATT190003485","193048","191002","192010","8000","1","8000","0","8000","1","1","1","IAT2810190959","NHO2018000007","PAID","","193048"),
("IATT190003485","193046","191002","192010","10000","1","10000","0","10000","1","1","1","IAT2810190959","NHO2018000007","PAID","","193046"),
("IATT190003485","193046","191002","192010","10000","1","10000","0","10000","2","1","1","IAT2810190959","NHO2018000007","PAID","","193046"),
("IATT190003485","193046","191002","192010","10000","1","10000","0","10000","3","1","1","IAT2810190959","NHO2018000007","PAID","","193046"),
("IATT190003485","193046","191002","192010","10000","1","10000","0","10000","4","1","1","IAT2810190959","NHO2018000007","PAID","","193046"),
("IATT190003485","193047","191002","192010","10000","1","10000","0","10000","1","1","1","IAT2810190959","NHO2018000007","PAID","","193047"),
("IATT190003486","193011","191001","192001","40000","1","40000","20000","20000","1","1","1","IAT2810190959","NHO2018000007","PAID","","PEDAS"),
("IATT190003486","193053","191002","192010","20000","1","20000","0","20000","1","1","1","IAT2810190959","NHO2018000007","PAID","","193053"),
("IATT190003487","193082","191001","192001","30000","1","30000","15000","15000","1","1","1","IAT2810190959","NHO2018000007","PAID","","193082"),
("IATT190003487","193076","191001","192001","30000","1","30000","15000","15000","1","1","1","IAT2810190959","NHO2018000007","PAID","","193076"),
("IATT190003487","193030","191001","192004","27000","1","27000","13500","13500","1","1","2","IAT2810190959","NHO2018000007","PAID","","193030"),
("IATT190003488","193113","191001","192003","55000","1","55000","0","55000","1","1","1","IAT2810190959","NHO2018000007","PAID","","193113"),
("IATT190003488","193027","191001","192003","43000","1","43000","0","43000","1","1","1","IAT2810190959","NHO2018000007","PAID","","193027"),
("IATT190003488","193056","191002","192010","17000","1","17000","0","17000","1","1","1","IAT2810190959","NHO2018000007","PAID","","193056"),
("IATT190003488","193055","191002","192010","17000","1","17000","0","17000","1","1","1","IAT2810190959","NHO2018000007","PAID","","193055"),
("IATT190003489","193011","191001","192001","40000","1","40000","20000","20000","1","1","1","IAT2810190959","NHO2018000007","PAID","","PEDAS"),
("IATT190003489","193033","191001","192005","42000","1","42000","21000","21000","1","1","1","IAT2810190959","NHO2018000007","PAID","","193033"),
("IATT190003489","193055","191002","192010","17000","1","17000","0","17000","1","1","1","IAT2810190959","NHO2018000007","PAID","","193055"),
("IATT190003490","193034","191001","192005","37000","1","37000","18500","18500","1","1","1","IAT2810190959","NHO2018000007","PAID","","193034"),
("IATT190003490","193039","191001","192006","36000","1","36000","18000","18000","1","1","2","IAT2810190959","NHO2018000007","PAID","","PEDAS"),
("IATT190003491","193036","191001","192006","36000","1","36000","18000","18000","1","1","1","IAT2810190959","NHO2018000007","PAID","pedes","PEDAS"),
("IATT190003491","193039","191001","192006","36000","1","36000","18000","18000","1","1","1","IAT2810190959","NHO2018000007","PAID","karage","PEDAS"),
("IATT190003491","193048","191002","192010","8000","1","8000","0","8000","1","1","1","IAT2810190959","NHO2018000007","PAID","","193048"),
("IATT190003491","193083","191001","192001","30000","1","30000","15000","15000","1","1","1","IAT2810190959","NHO2018000007","PAID","","193083"),
("IATT190003492","193076","191001","192001","30000","1","30000","15000","15000","1","1","1","IAT2810190959","NHO2018000007","PAID","","193076"),
("IATT190003492","193036","191001","192006","36000","1","36000","18000","18000","1","1","1","IAT2810190959","NHO2018000007","PAID","","ORIGINAL"),
("IATT190003492","193054","191002","192010","20000","1","20000","0","20000","1","1","1","IAT2810190959","NHO2018000007","PAID","tdk pake gula","193054"),
("IATT190003492","193052","191002","192010","20000","1","20000","0","20000","1","1","1","IAT2810190959","NHO2018000007","PAID","tanpa gula","193052"),
("IATT190003492","193051","191002","192010","20000","1","20000","0","20000","1","1","1","IAT2810190959","NHO2018000007","PAID","","193051"),
("IATT190003492","193072","191001","192012","25000","1","25000","12500","12500","1","1","1","IAT2810190959","NHO2018000007","PAID","","193072"),
("IATT190003492","193071","191001","192012","18000","1","18000","9000","9000","1","1","1","IAT2810190959","NHO2018000007","PAID","","193071"),
("IATT190003492","193078","191001","192001","30000","1","30000","15000","15000","1","1","2","IAT2810190959","NHO2018000007","PAID","","PEDAS"),
("IATT190003494","193039","191001","192006","36000","1","36000","18000","18000","1","1","1","IAT2810190959","NHO2018000007","PAID","","PEDAS"),
("IATT190003494","193034","191001","192005","37000","1","37000","18500","18500","1","1","1","IAT2810190959","NHO2018000007","PAID","","193034"),
("IATT190003494","193048","191002","192010","8000","1","8000","0","8000","1","1","1","IAT2810190959","NHO2018000007","PAID","","193048"),
("IATT190003494","193047","191002","192010","10000","1","10000","0","10000","1","1","1","IAT2810190959","NHO2018000007","PAID","","193047");



INSERT INTO pos_salestemp VALUES("IATT190003482","","1","40000","20000","2000","0","22000","30000","28/10/2019","11:29","2019-10-28","11:59:38","ISU000004","tbl0021","CLOSED","1","","IATR190003382","","","","","IAT2810190959","NHO2018000007"),
("IATT190003483","","1","69000","24500","4450","0","48950","50000","28/10/2019","12:09","2019-10-28","12:35:56","ISU000004","tbl0008","CLOSED","1","","IATR190003383","","","","","IAT2810190959","NHO2018000007"),
("IATT190003484","NHM2019003170 tamy","3","162000","71000","9100","0","100100","100100","28/10/2019","12:30","2019-10-28","13:05:51","ISU000004","tbl0012","CLOSED","1","","IATR190003384","","","","","IAT2810190959","NHO2018000007"),
("IATT190003485","","7","333000","137500","19550","0","215050","215100","28/10/2019","12:31","2019-10-28","13:15:36","ISU000004","tbl0022","CLOSED","1","","IATR190003385","","","","","IAT2810190959","NHO2018000007"),
("IATT190003486","","1","60000","20000","4000","0","44000","44000","28/10/2019","13:17","2019-10-28","13:43:24","ISU000004","tbl0012","CLOSED","1","","IATR190003386","","","","","IAT2810190959","NHO2018000007"),
("IATT190003487","NHM2019003154 Siumati","2","87000","43500","4350","0","47850","50000","28/10/2019","13:33","2019-10-28","13:51:27","ISU000004","tbl0019","CLOSED","1","","IATR190003387","","","","","IAT2810190959","NHO2018000007"),
("IATT190003488","","2","132000","0","13200","0","145200","150000","28/10/2019","14:14","2019-10-28","14:57:09","ISU000004","tbl0012","CLOSED","1","","IATR190003388","","","","","IAT2810190959","NHO2018000007"),
("IATT190003489","","2","99000","41000","5800","0","63800","100000","28/10/2019","14:26","2019-10-28","16:01:21","ISU000006","tbl0010","CLOSED","1","","IATR190003389","","","","","IAT2810190959","NHO2018000007"),
("IATT190003490","","1","73000","36500","3650","0","40150","41000","28/10/2019","14:37","2019-10-28","17:59:02","ISU000006","tbl0018","CLOSED","1","","IATR190003390","","","","","IAT2810190959","NHO2018000007"),
("IATT190003491","","2","110000","51000","5900","0","64900","100000","28/10/2019","17:36","2019-10-28","18:08:02","ISU000006","tbl0012","CLOSED","1","","IATR190003391","","","","","IAT2810190959","NHO2018000007"),
("IATT190003492","","3","199000","69500","12950","0","142450","150000","28/10/2019","19:06","2019-10-28","20:08:44","ISU000006","tbl0010","CLOSED","1","","IATR190003392","","","","","IAT2810190959","NHO2018000007"),
("IATT190003493","","1","36000","0","0","0","0","0","28/10/2019","19:46","28/10/2019","19:48:00","ISU000006","tbl0050","CANCELED","1","PERMINTAAN CUSTOMER","","","","","","IAT2810190959","NHO2018000007"),
("IATT190003494","","2","91000","36500","5450","0","59950","70000","28/10/2019","21:16","2019-10-28","21:38:29","ISU000006","tbl0012","CLOSED","1","","IATR190003393","","","","","IAT2810190959","NHO2018000007");



INSERT INTO item_void VALUES("IATT190003492","IAT2810190959","NHO2018000007","193084","PEDAS","1","30000","Before Send","Komplen Customer");



INSERT INTO pos_promotion_h VALUES("IATT190003482","NPRM18000017","DISC ITEM","1","20000","TUNJUKKAN JEMPOLMU","IAT2810190959","PAID","NHO2018000007"),
("IATT190003483","NPRM18000017","DISC ITEM","1","24500","TUNJUKKAN JEMPOLMU","IAT2810190959","PAID","NHO2018000007"),
("IATT190003484","NPRM18000017","DISC ITEM","1","71000","TUNJUKKAN JEMPOLMU","IAT2810190959","PAID","NHO2018000007"),
("IATT190003485","NPRM18000017","DISC ITEM","1","137500","TUNJUKKAN JEMPOLMU","IAT2810190959","PAID","NHO2018000007"),
("IATT190003486","NPRM18000017","DISC ITEM","1","20000","TUNJUKKAN JEMPOLMU","IAT2810190959","PAID","NHO2018000007"),
("IATT190003487","NPRM18000017","DISC ITEM","1","43500","TUNJUKKAN JEMPOLMU","IAT2810190959","PAID","NHO2018000007"),
("IATT190003489","NPRM18000017","DISC ITEM","1","41000","TUNJUKKAN JEMPOLMU","IAT2810190959","PAID","NHO2018000007"),
("IATT190003490","NPRM18000017","DISC ITEM","1","36500","TUNJUKKAN JEMPOLMU","IAT2810190959","PAID","NHO2018000007"),
("IATT190003491","NPRM18000017","DISC ITEM","1","51000","TUNJUKKAN JEMPOLMU","IAT2810190959","PAID","NHO2018000007"),
("IATT190003492","NPRM18000017","DISC ITEM","1","69500","TUNJUKKAN JEMPOLMU","IAT2810190959","PAID","NHO2018000007"),
("IATT190003494","NPRM18000017","DISC ITEM","1","36500","TUNJUKKAN JEMPOLMU","IAT2810190959","PAID","NHO2018000007");



INSERT INTO pos_promotion_d VALUES("IATT190003482","NPRM18000017","DISC ITEM","1","1","193012","1","20000","IAT2810190959","PAID","NHO2018000007"),
("IATT190003483","NPRM18000017","DISC ITEM","1","1","193036","1","18000","IAT2810190959","PAID","NHO2018000007"),
("IATT190003483","NPRM18000017","DISC ITEM","1","1","193070","1","6500","IAT2810190959","PAID","NHO2018000007"),
("IATT190003484","NPRM18000017","DISC ITEM","1","1","193011","1","20000","IAT2810190959","PAID","NHO2018000007"),
("IATT190003484","NPRM18000017","DISC ITEM","1","1","193084","1","15000","IAT2810190959","PAID","NHO2018000007"),
("IATT190003484","NPRM18000017","DISC ITEM","1","1","193033","1","21000","IAT2810190959","PAID","NHO2018000007"),
("IATT190003484","NPRM18000017","DISC ITEM","1","1","193079","1","15000","IAT2810190959","PAID","NHO2018000007"),
("IATT190003485","NPRM18000017","DISC ITEM","1","1","193036","1","18000","IAT2810190959","PAID","NHO2018000007"),
("IATT190003485","NPRM18000017","DISC ITEM","1","1","193036","2","18000","IAT2810190959","PAID","NHO2018000007"),
("IATT190003485","NPRM18000017","DISC ITEM","1","1","193036","3","18000","IAT2810190959","PAID","NHO2018000007"),
("IATT190003485","NPRM18000017","DISC ITEM","1","1","193036","4","18000","IAT2810190959","PAID","NHO2018000007"),
("IATT190003485","NPRM18000017","DISC ITEM","1","1","193034","1","18500","IAT2810190959","PAID","NHO2018000007"),
("IATT190003485","NPRM18000017","DISC ITEM","1","1","193033","1","21000","IAT2810190959","PAID","NHO2018000007"),
("IATT190003485","NPRM18000017","DISC ITEM","1","1","193035","1","16000","IAT2810190959","PAID","NHO2018000007"),
("IATT190003485","NPRM18000017","DISC ITEM","1","1","193118","1","10000","IAT2810190959","PAID","NHO2018000007"),
("IATT190003486","NPRM18000017","DISC ITEM","1","1","193011","1","20000","IAT2810190959","PAID","NHO2018000007"),
("IATT190003487","NPRM18000017","DISC ITEM","1","1","193082","1","15000","IAT2810190959","PAID","NHO2018000007"),
("IATT190003487","NPRM18000017","DISC ITEM","1","1","193076","1","15000","IAT2810190959","PAID","NHO2018000007"),
("IATT190003487","NPRM18000017","DISC ITEM","1","1","193030","1","13500","IAT2810190959","PAID","NHO2018000007"),
("IATT190003489","NPRM18000017","DISC ITEM","1","1","193011","1","20000","IAT2810190959","PAID","NHO2018000007"),
("IATT190003489","NPRM18000017","DISC ITEM","1","1","193033","1","21000","IAT2810190959","PAID","NHO2018000007"),
("IATT190003490","NPRM18000017","DISC ITEM","1","1","193034","1","18500","IAT2810190959","PAID","NHO2018000007"),
("IATT190003490","NPRM18000017","DISC ITEM","1","1","193039","1","18000","IAT2810190959","PAID","NHO2018000007"),
("IATT190003491","NPRM18000017","DISC ITEM","1","1","193036","1","18000","IAT2810190959","PAID","NHO2018000007"),
("IATT190003491","NPRM18000017","DISC ITEM","1","1","193039","1","18000","IAT2810190959","PAID","NHO2018000007"),
("IATT190003491","NPRM18000017","DISC ITEM","1","1","193083","1","15000","IAT2810190959","PAID","NHO2018000007"),
("IATT190003492","NPRM18000017","DISC ITEM","1","1","193076","1","15000","IAT2810190959","PAID","NHO2018000007"),
("IATT190003492","NPRM18000017","DISC ITEM","1","1","193036","1","18000","IAT2810190959","PAID","NHO2018000007"),
("IATT190003492","NPRM18000017","DISC ITEM","1","1","193072","1","12500","IAT2810190959","PAID","NHO2018000007"),
("IATT190003492","NPRM18000017","DISC ITEM","1","1","193071","1","9000","IAT2810190959","PAID","NHO2018000007"),
("IATT190003492","NPRM18000017","DISC ITEM","1","1","193078","1","15000","IAT2810190959","PAID","NHO2018000007"),
("IATT190003494","NPRM18000017","DISC ITEM","1","1","193039","1","18000","IAT2810190959","PAID","NHO2018000007"),
("IATT190003494","NPRM18000017","DISC ITEM","1","1","193034","1","18500","IAT2810190959","PAID","NHO2018000007");



INSERT INTO pos_paymenttemp VALUES("IATT190003482","CASH","CASH","22000","30000","ISU000004","2019-10-28","","1","","CLOSED","IAT2810190959","NHO2018000007"),
("IATT190003483","CASH","CASH","48950","50000","ISU000004","2019-10-28","","1","","CLOSED","IAT2810190959","NHO2018000007"),
("IATT190003484","CASH","CASH","100100","100100","ISU000004","2019-10-28","","1","","CLOSED","IAT2810190959","NHO2018000007"),
("IATT190003485","CASH","CASH","215050","215100","ISU000004","2019-10-28","","1","","CLOSED","IAT2810190959","NHO2018000007"),
("IATT190003486","CARD","VISA","44000","44000","ISU000004","2019-10-28","","1","","CLOSED","IAT2810190959","NHO2018000007"),
("IATT190003487","CASH","CASH","47850","50000","ISU000004","2019-10-28","","1","","CLOSED","IAT2810190959","NHO2018000007"),
("IATT190003488","CASH","CASH","145200","150000","ISU000004","2019-10-28","","1","","CLOSED","IAT2810190959","NHO2018000007"),
("IATT190003489","CASH","CASH","63800","100000","ISU000006","2019-10-28","","1","","CLOSED","IAT2810190959","NHO2018000007"),
("IATT190003490","CASH","CASH","40150","41000","ISU000006","2019-10-28","","1","","CLOSED","IAT2810190959","NHO2018000007"),
("IATT190003491","CASH","CASH","64900","100000","ISU000006","2019-10-28","","1","","CLOSED","IAT2810190959","NHO2018000007"),
("IATT190003492","CASH","CASH","142450","150000","ISU000006","2019-10-28","","1","","CLOSED","IAT2810190959","NHO2018000007"),
("IATT190003494","CASH","CASH","59950","70000","ISU000006","2019-10-28","","1","","CLOSED","IAT2810190959","NHO2018000007");



