INSERT INTO pos_itemtemp VALUES("IATT190003434","193038","191001","192006","36000","1","36000","18000","18000","1","1","1","IAT2610191015","NHO2018000007","PAID","","PEDAS"),
("IATT190003434","193119","191001","192012","20000","1","20000","10000","10000","1","1","1","IAT2610191015","NHO2018000007","PAID","","193119"),
("IATT190003434","193054","191002","192010","20000","1","20000","0","20000","1","1","1","IAT2610191015","NHO2018000007","PAID","","193054"),
("IATT190003435","193010","191001","192001","40000","1","40000","20000","20000","1","1","1","IAT2610191015","NHO2018000007","PAID","","193010"),
("IATT190003435","193009","191001","192001","40000","1","40000","20000","20000","1","1","1","IAT2610191015","NHO2018000007","PAID","","193009"),
("IATT190003435","193052","191002","192010","20000","1","20000","0","20000","1","1","1","IAT2610191015","NHO2018000007","PAID","","193052"),
("IATT190003436","193033","191001","192005","42000","1","42000","21000","21000","1","1","1","IAT2610191015","NHO2018000007","PAID","","193033"),
("IATT190003436","193039","191001","192006","36000","1","36000","18000","18000","1","1","1","IAT2610191015","NHO2018000007","PAID","","ORIGINAL"),
("IATT190003436","193119","191001","192012","20000","1","20000","10000","10000","1","1","1","IAT2610191015","NHO2018000007","PAID","","193119"),
("IATT190003436","193118","191001","192012","20000","1","20000","10000","10000","1","1","1","IAT2610191015","NHO2018000007","PAID","","193118"),
("IATT190003436","193054","191002","192010","20000","1","20000","0","20000","1","1","1","IAT2610191015","NHO2018000007","PAID","","193054"),
("IATT190003436","193050","191002","192010","20000","1","20000","0","20000","1","1","1","IAT2610191015","NHO2018000007","PAID","","193050"),
("IATT190003436","193048","191002","192010","8000","1","8000","0","8000","1","1","2","IAT2610191015","NHO2018000007","PAID","","193048"),
("IATT190003436","193048","191002","192010","8000","1","8000","0","8000","2","1","2","IAT2610191015","NHO2018000007","PAID","","193048"),
("IATT190003436","193119","191001","192012","20000","1","20000","10000","10000","2","1","3","IAT2610191015","NHO2018000007","PAID","","193119"),
("IATT190003437","193039","191001","192006","36000","1","36000","18000","18000","1","1","1","IAT2610191015","NHO2018000007","PAID","","PEDAS"),
("IATT190003437","193030","191001","192004","27000","1","27000","13500","13500","1","1","1","IAT2610191015","NHO2018000007","PAID","JANGAN PAKE PAPRIKA SAMA POHON","193030"),
("IATT190003437","193056","191002","192010","17000","1","17000","0","17000","1","1","1","IAT2610191015","NHO2018000007","PAID","","193056"),
("IATT190003437","193049","191002","192010","10000","1","10000","0","10000","1","1","1","IAT2610191015","NHO2018000007","PAID","","193049"),
("IATT190003437","193071","191001","192012","18000","1","18000","9000","9000","1","1","2","IAT2610191015","NHO2018000007","PAID","","193071"),
("IATT190003438","193020","191001","192002","40000","1","40000","20000","20000","1","1","1","IAT2610191015","NHO2018000007","PAID","","193020"),
("IATT190003438","193020","191001","192002","40000","1","40000","20000","20000","2","1","1","IAT2610191015","NHO2018000007","PAID","","193020"),
("IATT190003438","193119","191001","192012","20000","1","20000","10000","10000","1","1","1","IAT2610191015","NHO2018000007","PAID","","193119"),
("IATT190003438","193118","191001","192012","20000","1","20000","10000","10000","1","1","1","IAT2610191015","NHO2018000007","PAID","","193118"),
("IATT190003438","193027","191001","192003","43000","1","43000","0","43000","1","1","1","IAT2610191015","NHO2018000007","PAID","","193027"),
("IATT190003438","193113","191001","192003","55000","1","55000","0","55000","1","1","1","IAT2610191015","NHO2018000007","PAID","","193113"),
("IATT190003438","193056","191002","192010","17000","1","17000","0","17000","1","1","1","IAT2610191015","NHO2018000007","PAID","","193056"),
("IATT190003438","193053","191002","192010","20000","1","20000","0","20000","1","1","1","IAT2610191015","NHO2018000007","PAID","","193053"),
("IATT190003438","193054","191002","192010","20000","1","20000","0","20000","1","1","1","IAT2610191015","NHO2018000007","PAID","","193054"),
("IATT190003438","193054","191002","192010","20000","1","20000","0","20000","2","1","1","IAT2610191015","NHO2018000007","PAID","","193054"),
("IATT190003439","193020","191001","192002","40000","1","40000","21000","19000","1","1","1","IAT2610191015","NHO2018000007","PAID","","193020"),
("IATT190003439","193053","191002","192010","20000","1","20000","1000","19000","1","1","1","IAT2610191015","NHO2018000007","PAID","","193053"),
("IATT190003440","193033","191001","192005","42000","1","42000","21000","21000","1","1","1","IAT2610191015","NHO2018000007","PAID","","193033"),
("IATT190003440","193022","191001","192003","30000","1","30000","0","30000","1","1","1","IAT2610191015","NHO2018000007","PAID","","193022"),
("IATT190003441","193080","191001","192002","33000","1","33000","16500","16500","1","1","1","IAT2610191015","NHO2018000007","PAID","","PEDAS"),
("IATT190003441","193080","191001","192002","33000","1","33000","16500","16500","2","1","1","IAT2610191015","NHO2018000007","PAID","","PEDAS"),
("IATT190003441","193055","191002","192010","17000","1","17000","0","17000","1","1","1","IAT2610191015","NHO2018000007","PAID","","193055"),
("IATT190003441","193055","191002","192010","17000","1","17000","0","17000","2","1","1","IAT2610191015","NHO2018000007","PAID","","193055"),
("IATT190003442","193006","191001","192001","37000","1","37000","18500","18500","1","1","1","IAT2610191015","NHO2018000007","PAID","","193006"),
("IATT190003442","193047","191002","192010","10000","1","10000","0","10000","1","1","1","IAT2610191015","NHO2018000007","PAID","","193047"),
("IATT190003443","193009","191001","192001","40000","1","40000","21000","19000","1","1","1","IAT2610191015","NHO2018000007","PAID","","193009"),
("IATT190003443","193056","191002","192010","17000","1","17000","850","16150","1","1","1","IAT2610191015","NHO2018000007","PAID","","193056"),
("IATT190003444","193083","191001","192001","30000","1","30000","15000","15000","1","1","1","IAT2610191015","NHO2018000007","PAID","","193083"),
("IATT190003445","193052","191002","192010","20000","1","20000","0","20000","1","1","1","IAT2610191015","NHO2018000007","PAID","","193052"),
("IATT190003445","193052","191002","192010","20000","1","20000","0","20000","2","1","1","IAT2610191015","NHO2018000007","PAID","","193052"),
("IATT190003445","193048","191002","192010","8000","1","8000","0","8000","1","1","1","IAT2610191015","NHO2018000007","PAID","","193048"),
("IATT190003445","193033","191001","192005","42000","1","42000","21000","21000","1","1","1","IAT2610191015","NHO2018000007","PAID","","193033"),
("IATT190003445","193071","191001","192012","18000","1","18000","9000","9000","1","1","1","IAT2610191015","NHO2018000007","PAID","","193071"),
("IATT190003446","193082","191001","192001","30000","1","30000","15000","15000","1","1","1","IAT2610191015","NHO2018000007","PAID","","193082"),
("IATT190003446","193083","191001","192001","30000","1","30000","15000","15000","1","1","1","IAT2610191015","NHO2018000007","PAID","","193083"),
("IATT190003446","193034","191001","192005","37000","1","37000","18500","18500","1","1","1","IAT2610191015","NHO2018000007","PAID","","193034"),
("IATT190003446","193047","191002","192010","10000","1","10000","0","10000","1","1","1","IAT2610191015","NHO2018000007","PAID","","193047"),
("IATT190003446","193048","191002","192010","8000","1","8000","0","8000","1","1","1","IAT2610191015","NHO2018000007","PAID","","193048"),
("IATT190003446","193083","191001","192001","30000","1","30000","15000","15000","2","1","2","IAT2610191015","NHO2018000007","PAID","","193083"),
("IATT190003447","193009","191001","192001","40000","1","40000","20000","20000","1","1","1","IAT2610191015","NHO2018000007","PAID","","193009"),
("IATT190003447","193077","191001","192001","30000","1","30000","15000","15000","1","1","1","IAT2610191015","NHO2018000007","PAID","","193077"),
("IATT190003447","193048","191002","192010","8000","1","8000","0","8000","1","1","1","IAT2610191015","NHO2018000007","PAID","","193048"),
("IATT190003447","193054","191002","192010","20000","1","20000","0","20000","1","1","1","IAT2610191015","NHO2018000007","PAID","","193054"),
("IATT190003447","193070","191001","192012","13000","1","13000","6500","6500","1","1","1","IAT2610191015","NHO2018000007","PAID","","193070"),
("IATT190003448","193084","191001","192001","30000","1","30000","15000","15000","1","1","1","IAT2610191015","NHO2018000007","PAID","","PEDAS"),
("IATT190003448","193084","191001","192001","30000","1","30000","15000","15000","2","1","1","IAT2610191015","NHO2018000007","PAID","","PEDAS"),
("IATT190003448","193036","191001","192006","36000","1","36000","18000","18000","1","1","1","IAT2610191015","NHO2018000007","PAID","SEDENG","ORIGINAL"),
("IATT190003448","193036","191001","192006","36000","1","36000","18000","18000","2","1","1","IAT2610191015","NHO2018000007","PAID","","ORIGINAL"),
("IATT190003448","193085","191001","192001","30000","1","30000","15000","15000","1","1","1","IAT2610191015","NHO2018000007","PAID","","193085"),
("IATT190003448","193085","191001","192001","30000","1","30000","15000","15000","2","1","1","IAT2610191015","NHO2018000007","PAID","","193085"),
("IATT190003448","193048","191002","192010","8000","1","8000","0","8000","1","1","1","IAT2610191015","NHO2018000007","PAID","","193048"),
("IATT190003448","193048","191002","192010","8000","1","8000","0","8000","2","1","1","IAT2610191015","NHO2018000007","PAID","","193048"),
("IATT190003448","193048","191002","192010","8000","1","8000","0","8000","3","1","1","IAT2610191015","NHO2018000007","PAID","","193048"),
("IATT190003448","193047","191002","192010","10000","1","10000","0","10000","1","1","1","IAT2610191015","NHO2018000007","PAID","","193047"),
("IATT190003448","193047","191002","192010","10000","1","10000","0","10000","2","1","1","IAT2610191015","NHO2018000007","PAID","","193047"),
("IATT190003448","193078","191001","192001","30000","1","30000","15000","15000","1","1","2","IAT2610191015","NHO2018000007","PAID","","PEDAS"),
("IATT190003448","193082","191001","192001","30000","1","30000","15000","15000","1","1","2","IAT2610191015","NHO2018000007","PAID","","193082"),
("IATT190003448","193048","191002","192010","8000","1","8000","0","8000","4","1","2","IAT2610191015","NHO2018000007","PAID","","193048"),
("IATT190003449","193020","191001","192002","40000","1","40000","20000","20000","1","1","1","IAT2610191015","NHO2018000007","PAID","","193020"),
("IATT190003449","193035","191001","192006","32000","1","32000","16000","16000","1","1","1","IAT2610191015","NHO2018000007","PAID","","PEDAS"),
("IATT190003449","193035","191001","192006","32000","1","32000","16000","16000","2","1","1","IAT2610191015","NHO2018000007","PAID","","PEDAS"),
("IATT190003449","193035","191001","192006","32000","1","32000","16000","16000","3","1","1","IAT2610191015","NHO2018000007","PAID","","PEDAS"),
("IATT190003449","193035","191001","192006","32000","1","32000","16000","16000","4","1","1","IAT2610191015","NHO2018000007","PAID","","ORIGINAL"),
("IATT190003449","193021","191001","192002","40000","1","40000","20000","20000","1","1","1","IAT2610191015","NHO2018000007","PAID","","PEDAS"),
("IATT190003449","193028","191001","192003","43000","1","43000","0","43000","1","1","1","IAT2610191015","NHO2018000007","PAID","","193028"),
("IATT190003449","193052","191002","192010","20000","1","20000","0","20000","1","1","1","IAT2610191015","NHO2018000007","PAID","","193052"),
("IATT190003449","193052","191002","192010","20000","1","20000","0","20000","2","1","1","IAT2610191015","NHO2018000007","PAID","","193052"),
("IATT190003449","193052","191002","192010","20000","1","20000","0","20000","3","1","1","IAT2610191015","NHO2018000007","PAID","","193052"),
("IATT190003449","193052","191002","192010","20000","1","20000","0","20000","4","1","1","IAT2610191015","NHO2018000007","PAID","","193052"),
("IATT190003449","193055","191002","192010","17000","1","17000","0","17000","1","1","1","IAT2610191015","NHO2018000007","PAID","","193055"),
("IATT190003449","193055","191002","192010","17000","1","17000","0","17000","2","1","1","IAT2610191015","NHO2018000007","PAID","","193055"),
("IATT190003449","193048","191002","192010","8000","1","8000","0","8000","1","1","1","IAT2610191015","NHO2018000007","PAID","","193048"),
("IATT190003449","193054","191002","192010","20000","1","20000","0","20000","1","1","1","IAT2610191015","NHO2018000007","PAID","","193054"),
("IATT190003449","193054","191002","192010","20000","1","20000","0","20000","2","1","1","IAT2610191015","NHO2018000007","PAID","","193054"),
("IATT190003450","193084","191001","192001","30000","1","30000","15000","15000","1","1","1","IAT2610191015","NHO2018000007","PAID","SEDENG","ORIGINAL"),
("IATT190003450","193039","191001","192006","36000","1","36000","18000","18000","1","1","1","IAT2610191015","NHO2018000007","PAID","SEDENG","ORIGINAL"),
("IATT190003450","193113","191001","192003","55000","1","55000","0","55000","1","1","1","IAT2610191015","NHO2018000007","PAID","","193113"),
("IATT190003449","193020","191001","192002","40000","1","40000","20000","20000","2","1","2","IAT2610191015","NHO2018000007","PAID","","193020"),
("IATT190003449","193052","191002","192010","20000","1","20000","0","20000","5","1","3","IAT2610191015","NHO2018000007","PAID","","193052"),
("IATT190003449","193048","191002","192010","8000","1","8000","0","8000","2","1","3","IAT2610191015","NHO2018000007","PAID","","193048"),
("IATT190003449","193048","191002","192010","8000","1","8000","0","8000","3","1","3","IAT2610191015","NHO2018000007","PAID","","193048"),
("IATT190003451","193011","191001","192001","40000","1","40000","20000","20000","1","1","1","IAT2610191015","NHO2018000007","PAID","LEVEL 2 TANPA SAYURAN","PEDAS"),
("IATT190003451","193016","191001","192002","37000","1","37000","18500","18500","1","1","1","IAT2610191015","NHO2018000007","PAID","LEVEL 3","PEDAS"),
("IATT190003451","193055","191002","192010","17000","1","17000","0","17000","1","1","1","IAT2610191015","NHO2018000007","PAID","","193055"),
("IATT190003451","193055","191002","192010","17000","1","17000","0","17000","2","1","1","IAT2610191015","NHO2018000007","PAID","","193055"),
("IATT190003452","193082","191001","192001","30000","1","30000","15000","15000","1","1","1","IAT2610191015","NHO2018000007","PAID","","193082"),
("IATT190003452","193084","191001","192001","30000","1","30000","15000","15000","1","1","1","IAT2610191015","NHO2018000007","PAID","LEVEL 3","PEDAS"),
("IATT190003452","193027","191001","192003","43000","1","43000","0","43000","1","1","1","IAT2610191015","NHO2018000007","PAID","","193027"),
("IATT190003452","193054","191002","192010","20000","1","20000","0","20000","1","1","1","IAT2610191015","NHO2018000007","PAID","","193054"),
("IATT190003452","193055","191002","192010","17000","1","17000","0","17000","1","1","1","IAT2610191015","NHO2018000007","PAID","","193055"),
("IATT190003452","193047","191002","192010","10000","1","10000","0","10000","1","1","1","IAT2610191015","NHO2018000007","PAID","","193047"),
("IATT190003452","193048","191002","192010","8000","1","8000","0","8000","1","1","1","IAT2610191015","NHO2018000007","PAID","","193048"),
("IATT190003453","193035","191001","192006","32000","1","32000","16000","16000","1","1","1","IAT2610191015","NHO2018000007","PAID","SEDENG GAYS","PEDAS"),
("IATT190003453","193024","191001","192003","30000","1","30000","0","30000","1","1","1","IAT2610191015","NHO2018000007","PAID","","193024"),
("IATT190003453","193055","191002","192010","17000","1","17000","0","17000","1","1","1","IAT2610191015","NHO2018000007","PAID","","193055"),
("IATT190003453","193046","191002","192010","10000","1","10000","0","10000","1","1","1","IAT2610191015","NHO2018000007","PAID","","193046"),
("IATT190003454","193083","191001","192001","30000","1","30000","15000","15000","1","1","1","IAT2610191015","NHO2018000007","PAID","","193083"),
("IATT190003454","193054","191002","192010","20000","1","20000","0","20000","1","1","2","IAT2610191015","NHO2018000007","PAID","","193054"),
("IATT190003455","193071","191001","192012","18000","1","18000","9000","9000","1","1","1","IAT2610191015","NHO2018000007","PAID","","193071");



INSERT INTO pos_salestemp VALUES("IATT190003434","","0","76000","28000","4800","0","52800","55000","26/10/2019","12:12","2019-10-26","12:43:22","ISU000004","tbl0011","CLOSED","1","","IATR190003335","","","","","IAT2610191015","NHO2018000007"),
("IATT190003435","","2","100000","40000","6000","0","66000","66000","26/10/2019","12:14","2019-10-26","13:01:17","ISU000004","tbl0012","CLOSED","1","","IATR190003336","","","","","IAT2610191015","NHO2018000007"),
("IATT190003436","","2","194000","69000","12500","0","137500","150000","26/10/2019","12:35","2019-10-26","13:26:01","ISU000004","tbl0010","CLOSED","1","","IATR190003337","","","","","IAT2610191015","NHO2018000007"),
("IATT190003437","","2","108000","40500","6750","0","74250","100000","26/10/2019","13:06","2019-10-26","13:33:00","ISU000004","tbl0012","CLOSED","1","","IATR190003338","","","","","IAT2610191015","NHO2018000007"),
("IATT190003438","","4","295000","60000","23500","0","258500","300000","26/10/2019","13:15","2019-10-26","13:52:33","ISU000004","tbl0011","CLOSED","1","","IATR190003339","","","","","IAT2610191015","NHO2018000007"),
("IATT190003439","","2","60000","22000","3800","0","41800","50000","26/10/2019","14:06","2019-10-26","15:30:15","ISU000006","tbl0010","CLOSED","1","","IATR190003344","","","","","IAT2610191015","NHO2018000007"),
("IATT190003440","","1","72000","21000","5100","0","56100","56100","26/10/2019","14:16","2019-10-26","14:59:23","ISU000006","tbl0012","CLOSED","1","","IATR190003340","","","","","IAT2610191015","NHO2018000007"),
("IATT190003441","","2","100000","33000","6700","0","73700","100000","26/10/2019","14:32","2019-10-26","15:09:55","ISU000006","tbl0011","CLOSED","1","","IATR190003341","","","","","IAT2610191015","NHO2018000007"),
("IATT190003442","","1","47000","18500","2850","0","31350","100000","26/10/2019","14:59","2019-10-26","15:24:50","ISU000006","tbl0014","CLOSED","1","","IATR190003342","","","","","IAT2610191015","NHO2018000007"),
("IATT190003443","","1","57000","21850","3515","0","38665","50000","26/10/2019","15:27","2019-10-26","15:29:21","ISU000006","tbl0011","CLOSED","1","","IATR190003343","","","","","IAT2610191015","NHO2018000007"),
("IATT190003444","","1","30000","15000","1500","0","16500","17000","26/10/2019","15:53","2019-10-26","16:43:32","ISU000006","tbl0006","CLOSED","1","","IATR190003345","","","","","IAT2610191015","NHO2018000007"),
("IATT190003445","","2","108000","30000","7800","0","85800","100000","26/10/2019","16:51","2019-10-26","17:47:26","ISU000006","tbl0011","CLOSED","1","","IATR190003346","","","","","IAT2610191015","NHO2018000007"),
("IATT190003446","","4","145000","63500","8150","0","89650","89650","26/10/2019","18:29","2019-10-26","18:56:05","ISU000006","tbl0012","CLOSED","1","","IATR190003347","","","","","IAT2610191015","NHO2018000007"),
("IATT190003447","","2","111000","41500","6950","0","76450","77000","26/10/2019","18:35","2019-10-26","19:55:34","ISU000006","tbl0010","CLOSED","1","","IATR190003348","","","","","IAT2610191015","NHO2018000007"),
("IATT190003448","","5","304000","126000","17800","0","195800","200000","26/10/2019","19:28","2019-10-26","20:07:24","ISU000006","tbl0019","CLOSED","1","","IATR190003349","","","","","IAT2610191015","NHO2018000007"),
("IATT190003449","","8","489000","124000","36500","0","401500","401500","26/10/2019","19:35","2019-10-26","20:22:19","ISU000006","tbl0013","CLOSED","1","","IATR190003350","","","","","IAT2610191015","NHO2018000007"),
("IATT190003450","","3","121000","33000","8800","0","96800","100800","26/10/2019","19:51","2019-10-26","20:40:05","ISU000006","tbl0010","CLOSED","1","","IATR190003351","","","","","IAT2610191015","NHO2018000007"),
("IATT190003451","","2","111000","38500","7250","0","79750","79750","26/10/2019","20:32","2019-10-26","21:26:49","ISU000006","tbl0012","CLOSED","1","","IATR190003354","","","","","IAT2610191015","NHO2018000007"),
("IATT190003452","","3","158000","30000","12800","0","140800","140800","26/10/2019","20:52","2019-10-26","21:22:02","ISU000006","tbl0010","CLOSED","1","","IATR190003352","","","","","IAT2610191015","NHO2018000007"),
("IATT190003453","","2","89000","16000","7300","0","80300","100000","26/10/2019","20:54","2019-10-26","21:36:13","ISU000006","tbl0011","CLOSED","1","","IATR190003356","","","","","IAT2610191015","NHO2018000007"),
("IATT190003454","","1","50000","15000","3500","0","38500","50000","26/10/2019","21:07","2019-10-26","21:29:17","ISU000006","tbl0006","CLOSED","1","","IATR190003355","","","","","IAT2610191015","NHO2018000007"),
("IATT190003455","","1","18000","9000","900","0","9900","10000","26/10/2019","21:22","2019-10-26","21:23:15","ISU000006","tbl0050","CLOSED","1","","IATR190003353","","","","","IAT2610191015","NHO2018000007");



INSERT INTO item_void VALUES("IATT190003439","IAT2610191015","NHO2018000007","193009","193009","1","40000","Before Send","Komplen Customer"),
("IATT190003439","IAT2610191015","NHO2018000007","193056","193056","1","17000","Before Send","Komplen Customer"),
("IATT190003446","IAT2610191015","NHO2018000007","193030","193030","1","27000","Before Send","Komplen Customer"),
("IATT190003454","IAT2610191015","NHO2018000007","193055","193055","1","17000","Before Send","Komplen Customer");



INSERT INTO pos_promotion_h VALUES("IATT190003434","NPRM18000017","DISC ITEM","1","28000","TUNJUKKAN JEMPOLMU","IAT2610191015","PAID","NHO2018000007"),
("IATT190003435","NPRM18000017","DISC ITEM","1","40000","TUNJUKKAN JEMPOLMU","IAT2610191015","PAID","NHO2018000007"),
("IATT190003436","NPRM18000017","DISC ITEM","1","69000","TUNJUKKAN JEMPOLMU","IAT2610191015","PAID","NHO2018000007"),
("IATT190003437","NPRM18000017","DISC ITEM","1","40500","TUNJUKKAN JEMPOLMU","IAT2610191015","PAID","NHO2018000007"),
("IATT190003438","NPRM18000017","DISC ITEM","1","60000","TUNJUKKAN JEMPOLMU","IAT2610191015","PAID","NHO2018000007"),
("IATT190003440","NPRM18000017","DISC ITEM","1","21000","TUNJUKKAN JEMPOLMU","IAT2610191015","PAID","NHO2018000007"),
("IATT190003441","NPRM18000017","DISC ITEM","1","33000","TUNJUKKAN JEMPOLMU","IAT2610191015","PAID","NHO2018000007"),
("IATT190003442","NPRM18000017","DISC ITEM","1","18500","TUNJUKKAN JEMPOLMU","IAT2610191015","PAID","NHO2018000007"),
("IATT190003443","NPRM18000017","DISC ITEM","1","20000","TUNJUKKAN JEMPOLMU","IAT2610191015","PAID","NHO2018000007"),
("IATT190003443","NPRM18000018","DISC ALL","1","1850","CRM DISC 5%","IAT2610191015","PAID","NHO2018000007"),
("IATT190003439","NPRM18000017","DISC ITEM","1","20000","TUNJUKKAN JEMPOLMU","IAT2610191015","PAID","NHO2018000007"),
("IATT190003439","NPRM18000018","DISC ALL","1","2000","CRM DISC 5%","IAT2610191015","PAID","NHO2018000007"),
("IATT190003444","NPRM18000017","DISC ITEM","1","15000","TUNJUKKAN JEMPOLMU","IAT2610191015","PAID","NHO2018000007"),
("IATT190003445","NPRM18000017","DISC ITEM","1","30000","TUNJUKKAN JEMPOLMU","IAT2610191015","PAID","NHO2018000007"),
("IATT190003446","NPRM18000017","DISC ITEM","1","63500","TUNJUKKAN JEMPOLMU","IAT2610191015","PAID","NHO2018000007"),
("IATT190003447","NPRM18000017","DISC ITEM","1","41500","TUNJUKKAN JEMPOLMU","IAT2610191015","PAID","NHO2018000007"),
("IATT190003448","NPRM18000017","DISC ITEM","1","126000","TUNJUKKAN JEMPOLMU","IAT2610191015","PAID","NHO2018000007"),
("IATT190003449","NPRM18000017","DISC ITEM","1","124000","TUNJUKKAN JEMPOLMU","IAT2610191015","PAID","NHO2018000007"),
("IATT190003450","NPRM18000017","DISC ITEM","1","33000","TUNJUKKAN JEMPOLMU","IAT2610191015","PAID","NHO2018000007"),
("IATT190003452","NPRM18000017","DISC ITEM","1","30000","TUNJUKKAN JEMPOLMU","IAT2610191015","PAID","NHO2018000007"),
("IATT190003455","NPRM18000017","DISC ITEM","1","9000","TUNJUKKAN JEMPOLMU","IAT2610191015","PAID","NHO2018000007"),
("IATT190003451","NPRM18000017","DISC ITEM","1","38500","TUNJUKKAN JEMPOLMU","IAT2610191015","PAID","NHO2018000007"),
("IATT190003454","NPRM18000017","DISC ITEM","1","15000","TUNJUKKAN JEMPOLMU","IAT2610191015","PAID","NHO2018000007"),
("IATT190003453","NPRM18000017","DISC ITEM","1","16000","TUNJUKKAN JEMPOLMU","IAT2610191015","PAID","NHO2018000007");



INSERT INTO pos_promotion_d VALUES("IATT190003434","NPRM18000017","DISC ITEM","1","1","193038","1","18000","IAT2610191015","PAID","NHO2018000007"),
("IATT190003434","NPRM18000017","DISC ITEM","1","1","193119","1","10000","IAT2610191015","PAID","NHO2018000007"),
("IATT190003435","NPRM18000017","DISC ITEM","1","1","193010","1","20000","IAT2610191015","PAID","NHO2018000007"),
("IATT190003435","NPRM18000017","DISC ITEM","1","1","193009","1","20000","IAT2610191015","PAID","NHO2018000007"),
("IATT190003436","NPRM18000017","DISC ITEM","1","1","193033","1","21000","IAT2610191015","PAID","NHO2018000007"),
("IATT190003436","NPRM18000017","DISC ITEM","1","1","193039","1","18000","IAT2610191015","PAID","NHO2018000007"),
("IATT190003436","NPRM18000017","DISC ITEM","1","1","193119","1","10000","IAT2610191015","PAID","NHO2018000007"),
("IATT190003436","NPRM18000017","DISC ITEM","1","1","193118","1","10000","IAT2610191015","PAID","NHO2018000007"),
("IATT190003436","NPRM18000017","DISC ITEM","1","1","193119","2","10000","IAT2610191015","PAID","NHO2018000007"),
("IATT190003437","NPRM18000017","DISC ITEM","1","1","193039","1","18000","IAT2610191015","PAID","NHO2018000007"),
("IATT190003437","NPRM18000017","DISC ITEM","1","1","193030","1","13500","IAT2610191015","PAID","NHO2018000007"),
("IATT190003437","NPRM18000017","DISC ITEM","1","1","193071","1","9000","IAT2610191015","PAID","NHO2018000007"),
("IATT190003438","NPRM18000017","DISC ITEM","1","1","193020","1","20000","IAT2610191015","PAID","NHO2018000007"),
("IATT190003438","NPRM18000017","DISC ITEM","1","1","193020","2","20000","IAT2610191015","PAID","NHO2018000007"),
("IATT190003438","NPRM18000017","DISC ITEM","1","1","193119","1","10000","IAT2610191015","PAID","NHO2018000007"),
("IATT190003438","NPRM18000017","DISC ITEM","1","1","193118","1","10000","IAT2610191015","PAID","NHO2018000007"),
("IATT190003440","NPRM18000017","DISC ITEM","1","1","193033","1","21000","IAT2610191015","PAID","NHO2018000007"),
("IATT190003441","NPRM18000017","DISC ITEM","1","1","193080","1","16500","IAT2610191015","PAID","NHO2018000007"),
("IATT190003441","NPRM18000017","DISC ITEM","1","1","193080","2","16500","IAT2610191015","PAID","NHO2018000007"),
("IATT190003442","NPRM18000017","DISC ITEM","1","1","193006","1","18500","IAT2610191015","PAID","NHO2018000007"),
("IATT190003443","NPRM18000017","DISC ITEM","1","1","193009","1","20000","IAT2610191015","PAID","NHO2018000007"),
("IATT190003443","NPRM18000018","DISC ALL","1","1","193009","1","1000","IAT2610191015","PAID","NHO2018000007"),
("IATT190003443","NPRM18000018","DISC ALL","1","1","193056","1","850","IAT2610191015","PAID","NHO2018000007"),
("IATT190003439","NPRM18000017","DISC ITEM","1","1","193020","1","20000","IAT2610191015","PAID","NHO2018000007"),
("IATT190003439","NPRM18000018","DISC ALL","1","1","193020","1","1000","IAT2610191015","PAID","NHO2018000007"),
("IATT190003439","NPRM18000018","DISC ALL","1","1","193053","1","1000","IAT2610191015","PAID","NHO2018000007"),
("IATT190003444","NPRM18000017","DISC ITEM","1","1","193083","1","15000","IAT2610191015","PAID","NHO2018000007"),
("IATT190003445","NPRM18000017","DISC ITEM","1","1","193033","1","21000","IAT2610191015","PAID","NHO2018000007"),
("IATT190003445","NPRM18000017","DISC ITEM","1","1","193071","1","9000","IAT2610191015","PAID","NHO2018000007"),
("IATT190003446","NPRM18000017","DISC ITEM","1","1","193082","1","15000","IAT2610191015","PAID","NHO2018000007"),
("IATT190003446","NPRM18000017","DISC ITEM","1","1","193083","1","15000","IAT2610191015","PAID","NHO2018000007"),
("IATT190003446","NPRM18000017","DISC ITEM","1","1","193034","1","18500","IAT2610191015","PAID","NHO2018000007"),
("IATT190003446","NPRM18000017","DISC ITEM","1","1","193083","2","15000","IAT2610191015","PAID","NHO2018000007"),
("IATT190003447","NPRM18000017","DISC ITEM","1","1","193009","1","20000","IAT2610191015","PAID","NHO2018000007"),
("IATT190003447","NPRM18000017","DISC ITEM","1","1","193077","1","15000","IAT2610191015","PAID","NHO2018000007"),
("IATT190003447","NPRM18000017","DISC ITEM","1","1","193070","1","6500","IAT2610191015","PAID","NHO2018000007"),
("IATT190003448","NPRM18000017","DISC ITEM","1","1","193084","1","15000","IAT2610191015","PAID","NHO2018000007"),
("IATT190003448","NPRM18000017","DISC ITEM","1","1","193084","2","15000","IAT2610191015","PAID","NHO2018000007"),
("IATT190003448","NPRM18000017","DISC ITEM","1","1","193036","1","18000","IAT2610191015","PAID","NHO2018000007"),
("IATT190003448","NPRM18000017","DISC ITEM","1","1","193036","2","18000","IAT2610191015","PAID","NHO2018000007"),
("IATT190003448","NPRM18000017","DISC ITEM","1","1","193085","1","15000","IAT2610191015","PAID","NHO2018000007"),
("IATT190003448","NPRM18000017","DISC ITEM","1","1","193085","2","15000","IAT2610191015","PAID","NHO2018000007"),
("IATT190003448","NPRM18000017","DISC ITEM","1","1","193078","1","15000","IAT2610191015","PAID","NHO2018000007"),
("IATT190003448","NPRM18000017","DISC ITEM","1","1","193082","1","15000","IAT2610191015","PAID","NHO2018000007"),
("IATT190003449","NPRM18000017","DISC ITEM","1","1","193020","1","20000","IAT2610191015","PAID","NHO2018000007"),
("IATT190003449","NPRM18000017","DISC ITEM","1","1","193035","1","16000","IAT2610191015","PAID","NHO2018000007"),
("IATT190003449","NPRM18000017","DISC ITEM","1","1","193035","2","16000","IAT2610191015","PAID","NHO2018000007"),
("IATT190003449","NPRM18000017","DISC ITEM","1","1","193035","3","16000","IAT2610191015","PAID","NHO2018000007"),
("IATT190003449","NPRM18000017","DISC ITEM","1","1","193035","4","16000","IAT2610191015","PAID","NHO2018000007"),
("IATT190003449","NPRM18000017","DISC ITEM","1","1","193021","1","20000","IAT2610191015","PAID","NHO2018000007"),
("IATT190003449","NPRM18000017","DISC ITEM","1","1","193020","2","20000","IAT2610191015","PAID","NHO2018000007"),
("IATT190003450","NPRM18000017","DISC ITEM","1","1","193084","1","15000","IAT2610191015","PAID","NHO2018000007"),
("IATT190003450","NPRM18000017","DISC ITEM","1","1","193039","1","18000","IAT2610191015","PAID","NHO2018000007"),
("IATT190003452","NPRM18000017","DISC ITEM","1","1","193082","1","15000","IAT2610191015","PAID","NHO2018000007"),
("IATT190003452","NPRM18000017","DISC ITEM","1","1","193084","1","15000","IAT2610191015","PAID","NHO2018000007"),
("IATT190003455","NPRM18000017","DISC ITEM","1","1","193071","1","9000","IAT2610191015","PAID","NHO2018000007"),
("IATT190003451","NPRM18000017","DISC ITEM","1","1","193011","1","20000","IAT2610191015","PAID","NHO2018000007"),
("IATT190003451","NPRM18000017","DISC ITEM","1","1","193016","1","18500","IAT2610191015","PAID","NHO2018000007"),
("IATT190003454","NPRM18000017","DISC ITEM","1","1","193083","1","15000","IAT2610191015","PAID","NHO2018000007"),
("IATT190003453","NPRM18000017","DISC ITEM","1","1","193035","1","16000","IAT2610191015","PAID","NHO2018000007");



INSERT INTO pos_paymenttemp VALUES("IATT190003434","CASH","CASH","52800","55000","ISU000004","2019-10-26","","1","","CLOSED","IAT2610191015","NHO2018000007"),
("IATT190003435","CARD","MASTER","66000","66000","ISU000004","2019-10-26","","1","","CLOSED","IAT2610191015","NHO2018000007"),
("IATT190003436","CASH","CASH","137500","150000","ISU000004","2019-10-26","","1","","CLOSED","IAT2610191015","NHO2018000007"),
("IATT190003437","CASH","CASH","74250","100000","ISU000004","2019-10-26","","1","","CLOSED","IAT2610191015","NHO2018000007"),
("IATT190003438","CASH","CASH","258500","300000","ISU000004","2019-10-26","","1","","CLOSED","IAT2610191015","NHO2018000007"),
("IATT190003440","CARD","DEBIT BCA","56100","56100","ISU000006","2019-10-26","","1","","CLOSED","IAT2610191015","NHO2018000007"),
("IATT190003441","CASH","CASH","73700","100000","ISU000006","2019-10-26","","1","","CLOSED","IAT2610191015","NHO2018000007"),
("IATT190003442","CASH","CASH","31350","100000","ISU000006","2019-10-26","","1","","CLOSED","IAT2610191015","NHO2018000007"),
("IATT190003443","CASH","CASH","38665","50000","ISU000006","2019-10-26","","1","","CLOSED","IAT2610191015","NHO2018000007"),
("IATT190003439","CASH","CASH","41800","50000","ISU000006","2019-10-26","","1","","CLOSED","IAT2610191015","NHO2018000007"),
("IATT190003444","CASH","CASH","16500","17000","ISU000006","2019-10-26","","1","","CLOSED","IAT2610191015","NHO2018000007"),
("IATT190003445","CASH","CASH","85800","100000","ISU000006","2019-10-26","","1","","CLOSED","IAT2610191015","NHO2018000007"),
("IATT190003446","CARD","DEBIT BCA","89650","89650","ISU000006","2019-10-26","","1","","CLOSED","IAT2610191015","NHO2018000007"),
("IATT190003447","CASH","CASH","76450","77000","ISU000006","2019-10-26","","1","","CLOSED","IAT2610191015","NHO2018000007"),
("IATT190003448","CASH","CASH","195800","200000","ISU000006","2019-10-26","","1","","CLOSED","IAT2610191015","NHO2018000007"),
("IATT190003449","CARD","VISA","401500","401500","ISU000006","2019-10-26","","1","","CLOSED","IAT2610191015","NHO2018000007"),
("IATT190003450","CASH","CASH","96800","100800","ISU000006","2019-10-26","","1","","CLOSED","IAT2610191015","NHO2018000007"),
("IATT190003452","CARD","DEBIT BCA","140800","140800","ISU000006","2019-10-26","","1","","CLOSED","IAT2610191015","NHO2018000007"),
("IATT190003455","CASH","CASH","9900","10000","ISU000006","2019-10-26","","1","","CLOSED","IAT2610191015","NHO2018000007"),
("IATT190003451","CARD","DEBIT BCA","79750","79750","ISU000006","2019-10-26","","1","","CLOSED","IAT2610191015","NHO2018000007"),
("IATT190003454","CASH","CASH","38500","50000","ISU000006","2019-10-26","","1","","CLOSED","IAT2610191015","NHO2018000007"),
("IATT190003453","CASH","CASH","80300","100000","ISU000006","2019-10-26","","1","","CLOSED","IAT2610191015","NHO2018000007");



