INSERT INTO pos_itemtemp VALUES("IATT200005852","193034","191001","192005","37000","1","37000","0","37000","1","1","1","IAT2403201103","NHO2018000007","PAID","","193034"),
("IATT200005853","193008","191001","192001","37000","1","37000","0","37000","1","1","1","IAT2403201103","NHO2018000007","PAID","","193008"),
("IATT200005853","193022","191001","192003","30000","1","30000","0","30000","1","1","1","IAT2403201103","NHO2018000007","PAID","","193022"),
("IATT200005854","193011","191001","192001","40000","1","40000","0","40000","1","1","1","IAT2403201103","NHO2018000007","PAID","sedang","PEDAS"),
("IATT200005854","193083","191001","192001","30000","1","30000","0","30000","1","1","1","IAT2403201103","NHO2018000007","PAID","","193083"),
("IATT200005854","193051","191002","192010","20000","1","20000","0","20000","1","1","1","IAT2403201103","NHO2018000007","PAID","","193051"),
("IATT200005854","193054","191002","192010","20000","1","20000","0","20000","1","1","1","IAT2403201103","NHO2018000007","PAID","","193054");



INSERT INTO pos_salestemp VALUES("IATT200005852","","1","37000","0","3700","0","40700","40700","24/03/2020","13:36","2020-03-24","14:28:17","ISU000004","tbl0001","CLOSED","1","3120006","IATR200005694","","","","","IAT2403201103","NHO2018000007"),
("IATT200005853","","1","67000","0","6700","0","73700","73700","24/03/2020","14:07","2020-03-24","14:28:52","ISU000004","tbl0011","CLOSED","1","","IATR200005695","","","","","IAT2403201103","NHO2018000007"),
("IATT200005854","","2","110000","0","11000","0","121000","150000","24/03/2020","18:13","2020-03-24","18:49:13","ISU000004","tbl0012","CLOSED","1","3120006","IATR200005696","","","","","IAT2403201103","NHO2018000007");












INSERT INTO pos_paymenttemp VALUES("IATT200005852","CASH","SHOPPEEPAY","40700","40700","ISU000004","2020-03-24","","1","","CLOSED","IAT2403201103","NHO2018000007"),
("IATT200005853","CASH","SHOPPEEPAY","73700","73700","ISU000004","2020-03-24","","1","","CLOSED","IAT2403201103","NHO2018000007"),
("IATT200005854","CASH","CASH","121000","150000","ISU000004","2020-03-24","","1","","CLOSED","IAT2403201103","NHO2018000007");



