INSERT INTO pos_itemtemp VALUES("IATT200004904","193096","191001","192008","50000","1","50000","0","50000","1","1","1","IAT2301200954","NHO2018000007","PAID","","193096"),
("IATT200004905","193085","191001","192001","30000","1","30000","0","30000","1","1","1","IAT2301200954","NHO2018000007","PAID","","193085"),
("IATT200004905","193084","191001","192001","30000","1","30000","0","30000","1","1","1","IAT2301200954","NHO2018000007","PAID","1 level 1 1 lagi level 3","PEDAS"),
("IATT200004905","193084","191001","192001","30000","1","30000","0","30000","2","1","1","IAT2301200954","NHO2018000007","PAID","","PEDAS"),
("IATT200004905","193046","191002","192010","10000","1","10000","0","10000","1","1","1","IAT2301200954","NHO2018000007","PAID","","193046"),
("IATT200004905","193046","191002","192010","10000","1","10000","0","10000","2","1","1","IAT2301200954","NHO2018000007","PAID","","193046"),
("IATT200004906","193011","191001","192001","40000","1","40000","0","40000","1","1","1","IAT2301200954","NHO2018000007","PAID","level 2","PEDAS"),
("IATT200004906","193011","191001","192001","40000","1","40000","0","40000","2","1","1","IAT2301200954","NHO2018000007","PAID","","PEDAS"),
("IATT200004906","193070","191001","192012","13000","1","13000","0","13000","1","1","1","IAT2301200954","NHO2018000007","PAID","","193070"),
("IATT200004906","193069","191001","192012","13000","1","13000","0","13000","1","1","1","IAT2301200954","NHO2018000007","PAID","","193069"),
("IATT200004907","193082","191001","192001","30000","1","30000","0","30000","1","1","1","IAT2301200954","NHO2018000007","PAID","","193082"),
("IATT200004906","193228","191001","192011","0","1","0","0","0","1","1","2","IAT2301200954","NHO2018000007","PAID","","193228"),
("IATT200004908","193032","191001","192004","30000","1","30000","0","30000","1","1","1","IAT2301200954","NHO2018000007","PAID","1 dine in 1 take away ","193032"),
("IATT200004908","193032","191001","192004","30000","1","30000","0","30000","2","1","1","IAT2301200954","NHO2018000007","PAID","","193032"),
("IATT200004908","193048","191002","192010","8000","1","8000","0","8000","1","1","1","IAT2301200954","NHO2018000007","PAID","","193048"),
("IATT200004909","193035","191001","192006","32000","1","32000","0","32000","1","1","1","IAT2301200954","NHO2018000007","PAID","","PEDAS"),
("IATT200004910","193024","191001","192003","30000","1","30000","0","30000","1","1","1","IAT2301200954","NHO2018000007","PAID","","193024"),
("IATT200004910","193071","191001","192012","18000","1","18000","0","18000","1","1","1","IAT2301200954","NHO2018000007","PAID","","193071"),
("IATT200004911","193078","191001","192001","30000","1","30000","0","30000","1","1","1","IAT2301200954","NHO2018000007","PAID","LVL 2","PEDAS"),
("IATT200004911","193008","191001","192001","37000","1","37000","0","37000","1","1","1","IAT2301200954","NHO2018000007","PAID","","193008"),
("IATT200004911","193016","191001","192002","37000","1","37000","0","37000","1","1","1","IAT2301200954","NHO2018000007","PAID","","PEDAS"),
("IATT200004911","193046","191002","192010","10000","1","10000","0","10000","1","1","1","IAT2301200954","NHO2018000007","PAID","","193046"),
("IATT200004911","193046","191002","192010","10000","1","10000","0","10000","2","1","1","IAT2301200954","NHO2018000007","PAID","","193046"),
("IATT200004911","193054","191002","192010","20000","1","20000","0","20000","1","1","1","IAT2301200954","NHO2018000007","PAID","","193054"),
("IATT200004911","193048","191002","192010","8000","1","8000","0","8000","1","1","1","IAT2301200954","NHO2018000007","PAID","","193048"),
("IATT200004911","193228","191001","192011","0","1","0","0","0","1","1","2","IAT2301200954","NHO2018000007","PAID","","193228"),
("IATT200004912","193023","191001","192003","30000","1","30000","0","30000","1","1","1","IAT2301200954","NHO2018000007","PAID","","193023"),
("IATT200004912","193041","191001","192008","20000","1","20000","0","20000","1","1","1","IAT2301200954","NHO2018000007","PAID","","193041"),
("IATT200004912","193054","191002","192010","20000","1","20000","0","20000","1","1","1","IAT2301200954","NHO2018000007","PAID","","193054"),
("IATT200004912","193046","191002","192010","10000","1","10000","0","10000","1","1","1","IAT2301200954","NHO2018000007","PAID","","193046"),
("IATT200004912","193054","191002","192010","20000","1","20000","0","20000","2","1","2","IAT2301200954","NHO2018000007","PAID","","193054"),
("IATT200004913","193084","191001","192001","30000","1","30000","0","30000","1","1","1","IAT2301200954","NHO2018000007","PAID","","PEDAS"),
("IATT200004913","193024","191001","192003","30000","1","30000","0","30000","1","1","1","IAT2301200954","NHO2018000007","PAID","","193024"),
("IATT200004913","193048","191002","192010","8000","1","8000","0","8000","1","1","1","IAT2301200954","NHO2018000007","PAID","","193048"),
("IATT200004913","193048","191002","192010","8000","1","8000","0","8000","2","1","1","IAT2301200954","NHO2018000007","PAID","","193048"),
("IATT200004913","193056","191002","192010","17000","1","17000","0","17000","1","1","1","IAT2301200954","NHO2018000007","PAID","","193056"),
("IATT200004913","193070","191001","192012","13000","1","13000","0","13000","1","1","2","IAT2301200954","NHO2018000007","PAID","","193070"),
("IATT200004913","193228","191001","192011","0","1","0","0","0","1","1","2","IAT2301200954","NHO2018000007","PAID","","193228"),
("IATT200004914","193079","191001","192001","30000","1","30000","0","30000","1","1","1","IAT2301200954","NHO2018000007","PAID","","193079"),
("IATT200004914","193048","191002","192010","8000","1","8000","0","8000","1","1","1","IAT2301200954","NHO2018000007","PAID","","193048"),
("IATT200004914","193046","191002","192010","10000","1","10000","0","10000","1","1","1","IAT2301200954","NHO2018000007","PAID","","193046");



INSERT INTO pos_salestemp VALUES("IATT200004904","","1","50000","0","5000","0","55000","70000","23/01/2020","11:02","2020-01-23","15:38:22","ISU000006","tbl0001","CLOSED","1","","IATR200004774","","","","","IAT2301200954","NHO2018000007"),
("IATT200004905","","3","110000","0","11000","0","121000","121000","23/01/2020","11:38","2020-01-23","12:40:33","ISU000015","tbl0012","CLOSED","1","","IATR200004770","","","","","IAT2301200954","NHO2018000007"),
("IATT200004906","","2","106000","0","10600","0","116600","116600","23/01/2020","12:17","2020-01-23","13:00:06","ISU000015","tbl0010","CLOSED","1","","IATR200004771","","","","","IAT2301200954","NHO2018000007"),
("IATT200004907","","1","30000","0","3000","0","33000","33000","23/01/2020","12:30","2020-01-23","13:03:18","ISU000015","tbl0011","CLOSED","1","","IATR200004772","","","","","IAT2301200954","NHO2018000007"),
("IATT200004908","","1","68000","0","6800","0","74800","100000","23/01/2020","13:04","2020-01-23","13:24:04","ISU000015","tbl0011","CLOSED","1","","IATR200004773","","","","","IAT2301200954","NHO2018000007"),
("IATT200004909","","1","32000","0","3200","0","35200","50000","23/01/2020","14:40","2020-01-23","15:39:09","ISU000006","tbl0002","CLOSED","1","","IATR200004775","","","","","IAT2301200954","NHO2018000007"),
("IATT200004910","","1","48000","0","4800","0","52800","55000","23/01/2020","16:00","2020-01-23","17:59:05","ISU000006","tbl0018","CLOSED","1","","IATR200004776","","","","","IAT2301200954","NHO2018000007"),
("IATT200004911","","3","152000","0","15200","0","167200","200000","23/01/2020","16:24","2020-01-23","18:24:46","ISU000006","tbl0010","CLOSED","1","","IATR200004777","","","","","IAT2301200954","NHO2018000007"),
("IATT200004912","","2","100000","0","10000","0","110000","150000","23/01/2020","18:15","2020-01-23","18:38:32","ISU000006","tbl0012","CLOSED","1","","IATR200004778","","","","","IAT2301200954","NHO2018000007"),
("IATT200004913","","2","106000","0","10600","0","116600","116600","23/01/2020","19:36","2020-01-23","20:37:07","ISU000006","tbl0010, tbl0012","CLOSED","1","","IATR200004779","","","","","IAT2301200954","NHO2018000007"),
("IATT200004914","","2","48000","0","4800","0","52800","54000","23/01/2020","21:17","2020-01-23","21:38:20","ISU000006","tbl0012","CLOSED","1","","IATR200004780","","","","","IAT2301200954","NHO2018000007");



INSERT INTO item_void VALUES("IATT200004909","IAT2301200954","NHO2018000007","193012","193012","1","40000","After Send","Salah Order");









INSERT INTO pos_paymenttemp VALUES("IATT200004905","CARD","MASTER","121000","121000","ISU000015","2020-01-23","","1","","CLOSED","IAT2301200954","NHO2018000007"),
("IATT200004906","CARD","VISA","116600","116600","ISU000015","2020-01-23","","1","","CLOSED","IAT2301200954","NHO2018000007"),
("IATT200004907","CASH","OVO","33000","33000","ISU000015","2020-01-23","","1","","CLOSED","IAT2301200954","NHO2018000007"),
("IATT200004908","CASH","CASH","74800","100000","ISU000015","2020-01-23","","1","","CLOSED","IAT2301200954","NHO2018000007"),
("IATT200004904","VOUCHER","ISOIDE VOUCHER 50K","50000","50000","ISU000006","2020-01-23","","1","","CLOSED","IAT2301200954","NHO2018000007"),
("IATT200004904","CASH","CASH","5000","20000","ISU000006","2020-01-23","","1","","CLOSED","IAT2301200954","NHO2018000007"),
("IATT200004909","CASH","CASH","35200","50000","ISU000006","2020-01-23","","1","","CLOSED","IAT2301200954","NHO2018000007"),
("IATT200004910","VOUCHER","ISOIDE VOUCHER 50K","50000","50000","ISU000006","2020-01-23","","1","","CLOSED","IAT2301200954","NHO2018000007"),
("IATT200004910","CASH","CASH","2800","5000","ISU000006","2020-01-23","","1","","CLOSED","IAT2301200954","NHO2018000007"),
("IATT200004911","CASH","CASH","167200","200000","ISU000006","2020-01-23","","1","","CLOSED","IAT2301200954","NHO2018000007"),
("IATT200004912","CASH","CASH","110000","150000","ISU000006","2020-01-23","","1","","CLOSED","IAT2301200954","NHO2018000007"),
("IATT200004913","CARD","VISA","116600","116600","ISU000006","2020-01-23","","1","","CLOSED","IAT2301200954","NHO2018000007"),
("IATT200004914","VOUCHER","ISOIDE VOUCHER 50K","50000","50000","ISU000006","2020-01-23","","1","","CLOSED","IAT2301200954","NHO2018000007"),
("IATT200004914","CASH","CASH","2800","4000","ISU000006","2020-01-23","","1","","CLOSED","IAT2301200954","NHO2018000007");



