INSERT INTO pos_itemtemp VALUES("IATT190002248","193036","191001","192006","36000","1","36000","12960","23040","1","1","1","IAT2708190943","NHO2018000007","PAID","","ORIGINAL"),
("IATT190002248","193077","191001","192001","30000","1","30000","10800","19200","1","1","1","IAT2708190943","NHO2018000007","PAID","","193077"),
("IATT190002248","193054","191002","192010","20000","1","20000","0","20000","1","1","1","IAT2708190943","NHO2018000007","PAID","","193054"),
("IATT190002248","193056","191002","192010","17000","1","17000","0","17000","1","1","1","IAT2708190943","NHO2018000007","PAID","","193056"),
("IATT190002249","193078","191001","192001","30000","1","30000","10800","19200","1","1","1","IAT2708190943","NHO2018000007","PAID","yg tdi ya","PEDAS"),
("IATT190002249","193070","191001","192012","13000","1","13000","0","13000","1","1","1","IAT2708190943","NHO2018000007","PAID","","193070"),
("IATT190002249","193047","191002","192010","10000","1","10000","0","10000","1","1","1","IAT2708190943","NHO2018000007","PAID","","193047"),
("IATT190002250","193010","191001","192001","40000","1","40000","14400","25600","1","1","1","IAT2708190943","NHO2018000007","PAID","","193010"),
("IATT190002250","193010","191001","192001","40000","1","40000","14400","25600","2","1","1","IAT2708190943","NHO2018000007","PAID","","193010"),
("IATT190002250","193084","191001","192001","30000","1","30000","10800","19200","1","1","1","IAT2708190943","NHO2018000007","PAID","","PEDAS"),
("IATT190002250","193067","191001","192003","7000","1","7000","0","7000","1","1","1","IAT2708190943","NHO2018000007","PAID","","193067"),
("IATT190002250","193055","191002","192010","17000","1","17000","0","17000","1","1","1","IAT2708190943","NHO2018000007","PAID","","193055"),
("IATT190002250","193056","191002","192010","17000","1","17000","0","17000","1","1","1","IAT2708190943","NHO2018000007","PAID","","193056"),
("IATT190002250","193054","191002","192010","20000","1","20000","0","20000","1","1","1","IAT2708190943","NHO2018000007","PAID","","193054"),
("IATT190002251","193048","191002","192010","8000","1","8000","0","8000","1","1","1","IAT2708190943","NHO2018000007","PAID","","193048"),
("IATT190002252","193055","191002","192010","17000","1","17000","0","17000","1","1","1","IAT2708190943","NHO2018000007","PAID","","193055"),
("IATT190002251","193027","191001","192003","43000","1","43000","0","43000","1","1","2","IAT2708190943","NHO2018000007","PAID","","193027"),
("IATT190002251","193055","191002","192010","17000","1","17000","0","17000","1","1","2","IAT2708190943","NHO2018000007","PAID","","193055"),
("IATT190002253","193033","191001","192005","42000","1","42000","15120","26880","1","1","1","IAT2708190943","NHO2018000007","PAID","","193033"),
("IATT190002253","193076","191001","192001","30000","1","30000","10800","19200","1","1","1","IAT2708190943","NHO2018000007","PAID","","193076"),
("IATT190002253","193036","191001","192006","36000","1","36000","12960","23040","1","1","1","IAT2708190943","NHO2018000007","PAID","sedang","PEDAS"),
("IATT190002253","193053","191002","192010","20000","1","20000","0","20000","1","1","1","IAT2708190943","NHO2018000007","PAID","","193053"),
("IATT190002253","193054","191002","192010","20000","1","20000","0","20000","1","1","1","IAT2708190943","NHO2018000007","PAID","","193054"),
("IATT190002253","193047","191002","192010","10000","1","10000","0","10000","1","1","1","IAT2708190943","NHO2018000007","PAID","","193047"),
("IATT190002252","193027","191001","192003","43000","1","43000","0","43000","1","1","2","IAT2708190943","NHO2018000007","PAID","","193027"),
("IATT190002252","193055","191002","192010","17000","1","17000","0","17000","2","1","2","IAT2708190943","NHO2018000007","PAID","","193055"),
("IATT190002254","193085","191001","192001","30000","1","30000","10800","19200","1","1","1","IAT2708190943","NHO2018000007","PAID","yg tadi","193085"),
("IATT190002254","193054","191002","192010","20000","1","20000","0","20000","1","1","1","IAT2708190943","NHO2018000007","PAID","","193054"),
("IATT190002253","193071","191001","192012","18000","1","18000","0","18000","1","1","2","IAT2708190943","NHO2018000007","PAID","yg tadi","193071"),
("IATT190002252","193027","191001","192003","43000","1","43000","0","43000","2","1","3","IAT2708190943","NHO2018000007","PAID","","193027"),
("IATT190002255","193033","191001","192005","42000","1","42000","15120","26880","1","1","1","IAT2708190943","NHO2018000007","PAID","","193033"),
("IATT190002255","193054","191002","192010","20000","1","20000","0","20000","1","1","1","IAT2708190943","NHO2018000007","PAID","","193054"),
("IATT190002255","193050","191002","192010","20000","1","20000","0","20000","1","1","1","IAT2708190943","NHO2018000007","PAID","","193050"),
("IATT190002256","193027","191001","192003","43000","1","43000","0","43000","1","1","1","IAT2708190943","NHO2018000007","PAID","","193027"),
("IATT190002256","193027","191001","192003","43000","1","43000","0","43000","2","1","1","IAT2708190943","NHO2018000007","PAID","","193027"),
("IATT190002256","193028","191001","192003","43000","1","43000","0","43000","1","1","1","IAT2708190943","NHO2018000007","PAID","take away","193028"),
("IATT190002257","193052","191002","192010","20000","1","20000","0","20000","1","1","1","IAT2708190943","NHO2018000007","PAID","","193052"),
("IATT190002257","193054","191002","192010","20000","1","20000","0","20000","1","1","1","IAT2708190943","NHO2018000007","PAID","","193054"),
("IATT190002258","193009","191001","192001","40000","1","40000","20000","20000","1","1","1","IAT2708190943","NHO2018000007","PAID","","193009"),
("IATT190002258","193010","191001","192001","40000","1","40000","20000","20000","1","1","1","IAT2708190943","NHO2018000007","PAID","","193010"),
("IATT190002258","193084","191001","192001","30000","1","30000","15000","15000","1","1","1","IAT2708190943","NHO2018000007","PAID","","PEDAS"),
("IATT190002258","193012","191001","192001","40000","1","40000","20000","20000","1","1","1","IAT2708190943","NHO2018000007","PAID","","193012"),
("IATT190002258","193036","191001","192006","36000","1","36000","18000","18000","1","1","1","IAT2708190943","NHO2018000007","PAID","","ORIGINAL"),
("IATT190002258","193056","191002","192010","17000","1","17000","0","17000","1","1","1","IAT2708190943","NHO2018000007","PAID","","193056"),
("IATT190002258","193055","191002","192010","17000","1","17000","0","17000","1","1","1","IAT2708190943","NHO2018000007","PAID","","193055"),
("IATT190002259","193018","191001","192002","37000","1","37000","13320","23680","1","1","1","IAT2708190943","NHO2018000007","PAID","","ORIGINAL"),
("IATT190002259","193009","191001","192001","40000","1","40000","14400","25600","1","1","1","IAT2708190943","NHO2018000007","PAID","","193009"),
("IATT190002259","193047","191002","192010","10000","1","10000","0","10000","1","1","1","IAT2708190943","NHO2018000007","PAID","","193047"),
("IATT190002259","193047","191002","192010","10000","1","10000","0","10000","2","1","1","IAT2708190943","NHO2018000007","PAID","","193047"),
("IATT190002260","193083","191001","192001","30000","1","30000","10800","19200","1","1","1","IAT2708190943","NHO2018000007","PAID","","193083"),
("IATT190002260","193019","191001","192002","40000","1","40000","14400","25600","1","1","1","IAT2708190943","NHO2018000007","PAID","","ORIGINAL"),
("IATT190002260","193030","191001","192004","27000","1","27000","9720","17280","1","1","1","IAT2708190943","NHO2018000007","PAID","","193030"),
("IATT190002260","193054","191002","192010","20000","1","20000","0","20000","1","1","1","IAT2708190943","NHO2018000007","PAID","1 no sugar","193054"),
("IATT190002260","193054","191002","192010","20000","1","20000","0","20000","2","1","1","IAT2708190943","NHO2018000007","PAID","","193054"),
("IATT190002261","193009","191001","192001","40000","1","40000","0","40000","1","1","1","IAT2708190943","NHO2018000007","PAID","NO MSG","193009"),
("IATT190002261","193027","191001","192003","43000","1","43000","0","43000","1","1","1","IAT2708190943","NHO2018000007","PAID","","193027"),
("IATT190002261","193028","191001","192003","43000","1","43000","0","43000","1","1","1","IAT2708190943","NHO2018000007","PAID","","193028"),
("IATT190002261","193028","191001","192003","43000","1","43000","0","43000","2","1","1","IAT2708190943","NHO2018000007","PAID","","193028"),
("IATT190002261","193048","191002","192010","8000","1","8000","0","8000","1","1","1","IAT2708190943","NHO2018000007","PAID","","193048"),
("IATT190002261","193048","191002","192010","8000","1","8000","0","8000","2","1","1","IAT2708190943","NHO2018000007","PAID","","193048"),
("IATT190002261","193048","191002","192010","8000","1","8000","0","8000","3","1","1","IAT2708190943","NHO2018000007","PAID","","193048"),
("IATT190002261","193050","191002","192010","20000","1","20000","0","20000","1","1","1","IAT2708190943","NHO2018000007","PAID","","193050"),
("IATT190002261","193052","191002","192010","20000","1","20000","0","20000","1","1","1","IAT2708190943","NHO2018000007","PAID","","193052"),
("IATT190002261","193050","191002","192010","20000","1","20000","0","20000","2","1","2","IAT2708190943","NHO2018000007","PAID","","193050"),
("IATT190002262","193033","191001","192005","42000","1","42000","15120","26880","1","1","1","IAT2708190943","NHO2018000007","PAID","","193033"),
("IATT190002262","193085","191001","192001","30000","1","30000","10800","19200","1","1","1","IAT2708190943","NHO2018000007","PAID","ORIGINAL","193085"),
("IATT190002262","193054","191002","192010","20000","1","20000","0","20000","1","1","1","IAT2708190943","NHO2018000007","PAID","","193054"),
("IATT190002263","193086","191001","192002","33000","1","33000","16500","16500","1","1","1","IAT2708190943","NHO2018000007","PAID","LV 2,LV 3","PEDAS"),
("IATT190002263","193086","191001","192002","33000","1","33000","16500","16500","2","1","1","IAT2708190943","NHO2018000007","PAID","","PEDAS"),
("IATT190002263","193030","191001","192004","27000","1","27000","13500","13500","1","1","1","IAT2708190943","NHO2018000007","PAID","","193030"),
("IATT190002263","193033","191001","192005","42000","1","42000","21000","21000","1","1","1","IAT2708190943","NHO2018000007","PAID","","193033"),
("IATT190002263","193070","191001","192012","13000","1","13000","6500","6500","1","1","1","IAT2708190943","NHO2018000007","PAID","","193070");



INSERT INTO pos_salestemp VALUES("IATT190002248","","2","103000","23760","7924","0","87164","100000","27/08/2019","10:07","2019-08-27","10:32:01","ISU000012","tbl0012","CLOSED","1","","IATR190002189","","","","","IAT2708190943","NHO2018000007"),
("IATT190002249","","1","53000","10800","4220","0","46420","50000","27/08/2019","10:21","2019-08-27","11:31:38","ISU000012","tbl0010","CLOSED","1","","IATR190002190","","","","","IAT2708190943","NHO2018000007"),
("IATT190002250","","3","171000","39600","13140","0","144540","200000","27/08/2019","12:02","2019-08-27","13:13:38","ISU000012","tbl0011","CLOSED","1","","IATR190002193","","","","","IAT2708190943","NHO2018000007"),
("IATT190002251","","1","68000","0","6800","0","74800","74800","27/08/2019","12:11","2019-08-27","13:10:08","ISU000012","tbl0010","CLOSED","1","","IATR190002192","","","","","IAT2708190943","NHO2018000007"),
("IATT190002252","","2","120000","0","12000","0","132000","132000","27/08/2019","12:26","2019-08-27","14:56:09","ISU000012","tbl0012","CLOSED","1","","IATR190002197","","","","","IAT2708190943","NHO2018000007"),
("IATT190002253","","3","176000","38880","13712","0","150832","152000","27/08/2019","12:35","2019-08-27","13:06:34","ISU000012","tbl0013","CLOSED","1","","IATR190002191","","","","","IAT2708190943","NHO2018000007"),
("IATT190002254","","1","50000","10800","3920","0","43120","50000","27/08/2019","12:53","2019-08-27","13:25:02","ISU000012","tbl0004","CLOSED","1","","IATR190002194","","","","","IAT2708190943","NHO2018000007"),
("IATT190002255","","2","82000","15120","6688","0","73568","100000","27/08/2019","13:47","2019-08-27","14:02:13","ISU000012","tbl0010","CLOSED","1","","IATR190002196","","","","","IAT2708190943","NHO2018000007"),
("IATT190002256","","1","129000","0","12900","0","141900","141900","27/08/2019","13:48","2019-08-27","13:53:30","ISU000012","tbl0033","CLOSED","1","","IATR190002195","","","","","IAT2708190943","NHO2018000007"),
("IATT190002257","","2","40000","0","4000","0","44000","50000","27/08/2019","14:08","2019-08-27","14:57:17","ISU000012","tbl0010","CLOSED","1","","IATR190002198","","","","","IAT2708190943","NHO2018000007"),
("IATT190002258","","4","220000","93000","12700","0","139700","140000","27/08/2019","14:38","2019-08-27","15:31:08","ISU000012","tbl0011","CLOSED","1","","IATR190002199","","","","","IAT2708190943","NHO2018000007"),
("IATT190002259","","2","97000","27720","6928","0","76208","76208","27/08/2019","15:00","2019-08-27","15:32:41","ISU000012","tbl0013","CLOSED","1","","IATR190002200","","","","","IAT2708190943","NHO2018000007"),
("IATT190002260","","2","137000","34920","10208","0","112288","112500","27/08/2019","17:33","2019-08-27","18:04:56","ISU000012","tbl0012","CLOSED","1","","IATR190002201","","","","","IAT2708190943","NHO2018000007"),
("IATT190002261","","4","253000","0","25300","0","278300","300000","27/08/2019","18:23","2019-08-27","19:25:36","ISU000012","tbl0012","CLOSED","1","","IATR190002202","","","","","IAT2708190943","NHO2018000007"),
("IATT190002262","","2","92000","25920","6608","0","72688","102800","27/08/2019","19:38","2019-08-27","20:10:43","ISU000012","tbl0012","CLOSED","1","","IATR190002203","","","","","IAT2708190943","NHO2018000007"),
("IATT190002263","","4","148000","74000","7400","0","81400","100000","27/08/2019","21:06","2019-08-27","21:39:17","ISU000012","tbl0012","CLOSED","1","","IATR190002204","","","","","IAT2708190943","NHO2018000007");






INSERT INTO pos_promotion_h VALUES("IATT190002248","NPRM18000016","DISC ITEM","1","23760","Diskon 20% + 20% Agustus","IAT2708190943","PAID","NHO2018000007"),
("IATT190002249","NPRM18000016","DISC ITEM","1","10800","Diskon 20% + 20% Agustus","IAT2708190943","PAID","NHO2018000007"),
("IATT190002253","NPRM18000016","DISC ITEM","1","38880","Diskon 20% + 20% Agustus","IAT2708190943","PAID","NHO2018000007"),
("IATT190002250","NPRM18000016","DISC ITEM","1","39600","Diskon 20% + 20% Agustus","IAT2708190943","PAID","NHO2018000007"),
("IATT190002254","NPRM18000016","DISC ITEM","1","10800","Diskon 20% + 20% Agustus","IAT2708190943","PAID","NHO2018000007"),
("IATT190002255","NPRM18000016","DISC ITEM","1","15120","Diskon 20% + 20% Agustus","IAT2708190943","PAID","NHO2018000007"),
("IATT190002258","NPRM18000012","DISC ITEM","1","93000","eatigo 50%","IAT2708190943","PAID","NHO2018000007"),
("IATT190002259","NPRM18000016","DISC ITEM","1","27720","Diskon 20% + 20% Agustus","IAT2708190943","PAID","NHO2018000007"),
("IATT190002260","NPRM18000016","DISC ITEM","1","34920","Diskon 20% + 20% Agustus","IAT2708190943","PAID","NHO2018000007"),
("IATT190002262","NPRM18000016","DISC ITEM","1","25920","Diskon 20% + 20% Agustus","IAT2708190943","PAID","NHO2018000007"),
("IATT190002263","NPRM18000012","DISC ITEM","1","74000","eatigo 50%","IAT2708190943","PAID","NHO2018000007");



INSERT INTO pos_promotion_d VALUES("IATT190002248","NPRM18000016","DISC ITEM","1","1","193036","1","12960","IAT2708190943","PAID","NHO2018000007"),
("IATT190002248","NPRM18000016","DISC ITEM","1","1","193077","1","10800","IAT2708190943","PAID","NHO2018000007"),
("IATT190002249","NPRM18000016","DISC ITEM","1","1","193078","1","10800","IAT2708190943","PAID","NHO2018000007"),
("IATT190002253","NPRM18000016","DISC ITEM","1","1","193033","1","15120","IAT2708190943","PAID","NHO2018000007"),
("IATT190002253","NPRM18000016","DISC ITEM","1","1","193076","1","10800","IAT2708190943","PAID","NHO2018000007"),
("IATT190002253","NPRM18000016","DISC ITEM","1","1","193036","1","12960","IAT2708190943","PAID","NHO2018000007"),
("IATT190002250","NPRM18000016","DISC ITEM","1","1","193010","1","14400","IAT2708190943","PAID","NHO2018000007"),
("IATT190002250","NPRM18000016","DISC ITEM","1","1","193010","2","14400","IAT2708190943","PAID","NHO2018000007"),
("IATT190002250","NPRM18000016","DISC ITEM","1","1","193084","1","10800","IAT2708190943","PAID","NHO2018000007"),
("IATT190002254","NPRM18000016","DISC ITEM","1","1","193085","1","10800","IAT2708190943","PAID","NHO2018000007"),
("IATT190002255","NPRM18000016","DISC ITEM","1","1","193033","1","15120","IAT2708190943","PAID","NHO2018000007"),
("IATT190002258","NPRM18000012","DISC ITEM","1","1","193009","1","20000","IAT2708190943","PAID","NHO2018000007"),
("IATT190002258","NPRM18000012","DISC ITEM","1","1","193010","1","20000","IAT2708190943","PAID","NHO2018000007"),
("IATT190002258","NPRM18000012","DISC ITEM","1","1","193084","1","15000","IAT2708190943","PAID","NHO2018000007"),
("IATT190002258","NPRM18000012","DISC ITEM","1","1","193012","1","20000","IAT2708190943","PAID","NHO2018000007"),
("IATT190002258","NPRM18000012","DISC ITEM","1","1","193036","1","18000","IAT2708190943","PAID","NHO2018000007"),
("IATT190002259","NPRM18000016","DISC ITEM","1","1","193018","1","13320","IAT2708190943","PAID","NHO2018000007"),
("IATT190002259","NPRM18000016","DISC ITEM","1","1","193009","1","14400","IAT2708190943","PAID","NHO2018000007"),
("IATT190002260","NPRM18000016","DISC ITEM","1","1","193083","1","10800","IAT2708190943","PAID","NHO2018000007"),
("IATT190002260","NPRM18000016","DISC ITEM","1","1","193019","1","14400","IAT2708190943","PAID","NHO2018000007"),
("IATT190002260","NPRM18000016","DISC ITEM","1","1","193030","1","9720","IAT2708190943","PAID","NHO2018000007"),
("IATT190002262","NPRM18000016","DISC ITEM","1","1","193033","1","15120","IAT2708190943","PAID","NHO2018000007"),
("IATT190002262","NPRM18000016","DISC ITEM","1","1","193085","1","10800","IAT2708190943","PAID","NHO2018000007"),
("IATT190002263","NPRM18000012","DISC ITEM","1","1","193086","1","16500","IAT2708190943","PAID","NHO2018000007"),
("IATT190002263","NPRM18000012","DISC ITEM","1","1","193086","2","16500","IAT2708190943","PAID","NHO2018000007"),
("IATT190002263","NPRM18000012","DISC ITEM","1","1","193030","1","13500","IAT2708190943","PAID","NHO2018000007"),
("IATT190002263","NPRM18000012","DISC ITEM","1","1","193033","1","21000","IAT2708190943","PAID","NHO2018000007"),
("IATT190002263","NPRM18000012","DISC ITEM","1","1","193070","1","6500","IAT2708190943","PAID","NHO2018000007");



INSERT INTO pos_paymenttemp VALUES("IATT190002248","CASH","CASH","87164","100000","ISU000012","2019-08-27","","1","","CLOSED","IAT2708190943","NHO2018000007"),
("IATT190002249","CASH","CASH","46420","50000","ISU000012","2019-08-27","","1","","CLOSED","IAT2708190943","NHO2018000007"),
("IATT190002253","CASH","CASH","150832","152000","ISU000012","2019-08-27","","1","","CLOSED","IAT2708190943","NHO2018000007"),
("IATT190002251","CARD","MASTER","74800","74800","ISU000012","2019-08-27","","1","","CLOSED","IAT2708190943","NHO2018000007"),
("IATT190002250","CASH","CASH","144540","200000","ISU000012","2019-08-27","","1","","CLOSED","IAT2708190943","NHO2018000007"),
("IATT190002254","CASH","CASH","43120","50000","ISU000012","2019-08-27","","1","","CLOSED","IAT2708190943","NHO2018000007"),
("IATT190002256","CASH","OVO","141900","141900","ISU000012","2019-08-27","","1","","CLOSED","IAT2708190943","NHO2018000007"),
("IATT190002255","CASH","CASH","73568","100000","ISU000012","2019-08-27","","1","","CLOSED","IAT2708190943","NHO2018000007"),
("IATT190002252","CARD","MASTER","132000","132000","ISU000012","2019-08-27","","1","","CLOSED","IAT2708190943","NHO2018000007"),
("IATT190002257","CASH","CASH","44000","50000","ISU000012","2019-08-27","","1","","CLOSED","IAT2708190943","NHO2018000007"),
("IATT190002258","VOUCHER","VOUCHER EATIGO 100K","100000","100000","ISU000012","2019-08-27","","1","","CLOSED","IAT2708190943","NHO2018000007"),
("IATT190002258","CASH","CASH","39700","40000","ISU000012","2019-08-27","","1","","CLOSED","IAT2708190943","NHO2018000007"),
("IATT190002259","CARD","MASTER","76208","76208","ISU000012","2019-08-27","","1","","CLOSED","IAT2708190943","NHO2018000007"),
("IATT190002260","CASH","CASH","112288","112500","ISU000012","2019-08-27","","1","","CLOSED","IAT2708190943","NHO2018000007"),
("IATT190002261","CASH","CASH","278300","300000","ISU000012","2019-08-27","","1","","CLOSED","IAT2708190943","NHO2018000007"),
("IATT190002262","CASH","CASH","72688","102800","ISU000012","2019-08-27","","1","","CLOSED","IAT2708190943","NHO2018000007"),
("IATT190002263","CASH","CASH","81400","100000","ISU000012","2019-08-27","","1","","CLOSED","IAT2708190943","NHO2018000007");



