INSERT INTO pos_itemtemp VALUES("IATT200005855","193083","191001","192001","30000","1","30000","0","30000","1","1","1","IAT2503200905","NHO2018000007","PAID","","193083"),
("IATT200005855","193048","191002","192010","8000","1","8000","0","8000","1","1","1","IAT2503200905","NHO2018000007","PAID","","193048"),
("IATT200005856","193036","191001","192006","36000","1","36000","10800","25200","1","1","1","IAT2503200905","NHO2018000007","PAID","pedes  bgt","PEDAS"),
("IATT200005856","193019","191001","192002","40000","1","40000","12000","28000","1","1","1","IAT2503200905","NHO2018000007","PAID","","PEDAS"),
("IATT200005856","193019","191001","192002","40000","1","40000","12000","28000","2","1","1","IAT2503200905","NHO2018000007","PAID","","PEDAS"),
("IATT200005856","193049","191002","192010","10000","1","10000","0","10000","1","1","1","IAT2503200905","NHO2018000007","PAID","","193049"),
("IATT200005856","193049","191002","192010","10000","1","10000","0","10000","2","1","1","IAT2503200905","NHO2018000007","PAID","","193049"),
("IATT200005856","193049","191002","192010","10000","1","10000","0","10000","3","1","1","IAT2503200905","NHO2018000007","PAID","","193049"),
("IATT200005857","193032","191001","192004","30000","1","30000","0","30000","1","1","1","IAT2503200905","NHO2018000007","PAID","","193032"),
("IATT200005858","193022","191001","192003","30000","1","30000","0","30000","1","1","1","IAT2503200905","NHO2018000007","PAID","","193022"),
("IATT200005858","193028","191001","192003","43000","1","43000","0","43000","1","1","1","IAT2503200905","NHO2018000007","PAID","take away","193028"),
("IATT200005858","193054","191002","192010","20000","1","20000","0","20000","1","1","1","IAT2503200905","NHO2018000007","PAID","","193054");



INSERT INTO pos_salestemp VALUES("IATT200005855","","1","38000","0","3800","0","41800","50000","25/03/2020","11:22","2020-03-25","12:03:24","ISU000015","tbl0014","CLOSED","1","","IATR200005697","","","","","IAT2503200905","NHO2018000007"),
("IATT200005856","","2","146000","34800","11120","0","122320","122320","25/03/2020","15:26","2020-03-25","16:18:33","ISU000006","tbl0012","CLOSED","1","3119173","IATR200005699","","","","","IAT2503200905","NHO2018000007"),
("IATT200005857","","1","30000","0","3000","0","33000","33000","25/03/2020","15:35","2020-03-25","15:53:47","ISU000006","tbl0006","CLOSED","1","","IATR200005698","","","","","IAT2503200905","NHO2018000007"),
("IATT200005858","","1","93000","0","9300","0","102300","105000","25/03/2020","15:56","2020-03-25","16:30:45","ISU000006","tbl0006","CLOSED","1","3119173","IATR200005700","","","","","IAT2503200905","NHO2018000007");






INSERT INTO pos_promotion_h VALUES("IATT200005856","NPRM18000030","DISC ITEM","1","34800","BANYAK MAKAN BANYAK UNTUNG 30%","IAT2503200905","PAID","NHO2018000007");



INSERT INTO pos_promotion_d VALUES("IATT200005856","NPRM18000030","DISC ITEM","1","1","193036","1","10800","IAT2503200905","PAID","NHO2018000007"),
("IATT200005856","NPRM18000030","DISC ITEM","1","1","193019","1","12000","IAT2503200905","PAID","NHO2018000007"),
("IATT200005856","NPRM18000030","DISC ITEM","1","1","193019","2","12000","IAT2503200905","PAID","NHO2018000007");



INSERT INTO pos_paymenttemp VALUES("IATT200005855","CASH","CASH","41800","50000","ISU000015","2020-03-25","","1","","CLOSED","IAT2503200905","NHO2018000007"),
("IATT200005857","CASH","SHOPPEEPAY","33000","33000","ISU000006","2020-03-25","","1","","CLOSED","IAT2503200905","NHO2018000007"),
("IATT200005856","CARD","DEBIT BCA","122320","122320","ISU000006","2020-03-25","","1","","CLOSED","IAT2503200905","NHO2018000007"),
("IATT200005858","VOUCHER","GIFT VOUCHER ISOIDE 100K","100000","100000","ISU000006","2020-03-25","","1","","CLOSED","IAT2503200905","NHO2018000007"),
("IATT200005858","CASH","CASH","2300","5000","ISU000006","2020-03-25","","1","","CLOSED","IAT2503200905","NHO2018000007");



