INSERT INTO pos_itemtemp VALUES("IATT190002767","193033","191001","192005","42000","1","42000","21000","21000","1","1","1","IAT2509191217","NHO2018000007","PAID","","193033"),
("IATT190002767","193040","191001","192008","20000","1","20000","0","20000","1","1","1","IAT2509191217","NHO2018000007","PAID","","193040"),
("IATT190002767","193084","191001","192001","30000","1","30000","15000","15000","1","1","1","IAT2509191217","NHO2018000007","PAID","","PEDAS"),
("IATT190002767","193084","191001","192001","30000","1","30000","15000","15000","2","1","1","IAT2509191217","NHO2018000007","PAID","","PEDAS"),
("IATT190002767","193084","191001","192001","30000","1","30000","15000","15000","3","1","1","IAT2509191217","NHO2018000007","PAID","","PEDAS"),
("IATT190002767","193084","191001","192001","30000","1","30000","15000","15000","4","1","1","IAT2509191217","NHO2018000007","PAID","","PEDAS"),
("IATT190002767","193082","191001","192001","30000","1","30000","15000","15000","1","1","1","IAT2509191217","NHO2018000007","PAID","","193082"),
("IATT190002767","193012","191001","192001","40000","1","40000","20000","20000","1","1","1","IAT2509191217","NHO2018000007","PAID","","193012"),
("IATT190002767","193009","191001","192001","40000","1","40000","20000","20000","1","1","1","IAT2509191217","NHO2018000007","PAID","","193009"),
("IATT190002767","193082","191001","192001","30000","1","30000","15000","15000","2","1","1","IAT2509191217","NHO2018000007","PAID","","193082"),
("IATT190002768","193048","191002","192010","8000","1","8000","0","8000","1","1","1","IAT2509191217","NHO2018000007","PAID","","193048"),
("IATT190002768","193048","191002","192010","8000","1","8000","0","8000","2","1","1","IAT2509191217","NHO2018000007","PAID","","193048"),
("IATT190002768","193030","191001","192004","27000","1","27000","13500","13500","1","1","1","IAT2509191217","NHO2018000007","PAID","","193030"),
("IATT190002768","193035","191001","192006","32000","1","32000","16000","16000","1","1","1","IAT2509191217","NHO2018000007","PAID","","PEDAS"),
("IATT190002767","193054","191002","192010","20000","1","20000","0","20000","1","1","2","IAT2509191217","NHO2018000007","PAID","","193054"),
("IATT190002767","193054","191002","192010","20000","1","20000","0","20000","2","1","2","IAT2509191217","NHO2018000007","PAID","","193054"),
("IATT190002767","193054","191002","192010","20000","1","20000","0","20000","3","1","2","IAT2509191217","NHO2018000007","PAID","","193054"),
("IATT190002767","193054","191002","192010","20000","1","20000","0","20000","4","1","2","IAT2509191217","NHO2018000007","PAID","","193054"),
("IATT190002767","193055","191002","192010","17000","1","17000","0","17000","1","1","2","IAT2509191217","NHO2018000007","PAID","","193055"),
("IATT190002767","193055","191002","192010","17000","1","17000","0","17000","2","1","2","IAT2509191217","NHO2018000007","PAID","","193055"),
("IATT190002767","193055","191002","192010","17000","1","17000","0","17000","3","1","2","IAT2509191217","NHO2018000007","PAID","","193055"),
("IATT190002767","193055","191002","192010","17000","1","17000","0","17000","4","1","2","IAT2509191217","NHO2018000007","PAID","","193055"),
("IATT190002767","193056","191002","192010","17000","1","17000","0","17000","1","1","2","IAT2509191217","NHO2018000007","PAID","","193056"),
("IATT190002767","193056","191002","192010","17000","1","17000","0","17000","2","1","2","IAT2509191217","NHO2018000007","PAID","","193056"),
("IATT190002767","193048","191002","192010","8000","1","8000","0","8000","1","1","2","IAT2509191217","NHO2018000007","PAID","","193048"),
("IATT190002767","193048","191002","192010","8000","1","8000","0","8000","2","1","2","IAT2509191217","NHO2018000007","PAID","","193048"),
("IATT190002767","193052","191002","192010","20000","1","20000","0","20000","1","1","2","IAT2509191217","NHO2018000007","PAID","","193052"),
("IATT190002769","193011","191001","192001","40000","1","40000","20000","20000","1","1","1","IAT2509191217","NHO2018000007","PAID","","PEDAS"),
("IATT190002769","193011","191001","192001","40000","1","40000","20000","20000","2","1","1","IAT2509191217","NHO2018000007","PAID","","PEDAS"),
("IATT190002769","193009","191001","192001","40000","1","40000","20000","20000","1","1","1","IAT2509191217","NHO2018000007","PAID","","193009"),
("IATT190002769","193009","191001","192001","40000","1","40000","20000","20000","2","1","1","IAT2509191217","NHO2018000007","PAID","","193009"),
("IATT190002769","193040","191001","192008","20000","1","20000","0","20000","1","1","1","IAT2509191217","NHO2018000007","PAID","","193040"),
("IATT190002769","193047","191002","192010","10000","1","10000","0","10000","1","1","1","IAT2509191217","NHO2018000007","PAID","","193047"),
("IATT190002769","193054","191002","192010","20000","1","20000","0","20000","1","1","1","IAT2509191217","NHO2018000007","PAID","","193054"),
("IATT190002769","193054","191002","192010","20000","1","20000","0","20000","2","1","1","IAT2509191217","NHO2018000007","PAID","","193054"),
("IATT190002769","193054","191002","192010","20000","1","20000","0","20000","3","1","1","IAT2509191217","NHO2018000007","PAID","","193054"),
("IATT190002769","193085","191001","192001","30000","1","30000","15000","15000","1","1","1","IAT2509191217","NHO2018000007","PAID","","193085"),
("IATT190002769","193055","191002","192010","17000","1","17000","0","17000","1","1","1","IAT2509191217","NHO2018000007","PAID","","193055"),
("IATT190002769","193070","191001","192012","13000","1","13000","6500","6500","1","1","1","IAT2509191217","NHO2018000007","PAID","","193070"),
("IATT190002767","193084","191001","192001","30000","1","30000","15000","15000","5","1","3","IAT2509191217","NHO2018000007","PAID","","PEDAS"),
("IATT190002767","193041","191001","192008","20000","1","20000","0","20000","1","1","3","IAT2509191217","NHO2018000007","PAID","","193041"),
("IATT190002767","193084","191001","192001","30000","1","30000","15000","15000","6","1","4","IAT2509191217","NHO2018000007","PAID","","PEDAS"),
("IATT190002767","193082","191001","192001","30000","1","30000","15000","15000","3","1","4","IAT2509191217","NHO2018000007","PAID","","193082"),
("IATT190002767","193082","191001","192001","30000","1","30000","15000","15000","4","1","5","IAT2509191217","NHO2018000007","PAID","","193082"),
("IATT190002770","193056","191002","192010","17000","1","17000","0","17000","1","1","1","IAT2509191217","NHO2018000007","PAID","","193056"),
("IATT190002770","193054","191002","192010","20000","1","20000","0","20000","1","1","1","IAT2509191217","NHO2018000007","PAID","es dikit\n","193054"),
("IATT190002770","193052","191002","192010","20000","1","20000","0","20000","1","1","1","IAT2509191217","NHO2018000007","PAID","no es\n","193052"),
("IATT190002770","193077","191001","192001","30000","1","30000","15000","15000","1","1","1","IAT2509191217","NHO2018000007","PAID","","193077"),
("IATT190002770","193029","191001","192004","27000","1","27000","13500","13500","1","1","1","IAT2509191217","NHO2018000007","PAID","","193029"),
("IATT190002771","193009","191001","192001","40000","1","40000","20000","20000","1","1","1","IAT2509191217","NHO2018000007","PAID","","193009"),
("IATT190002771","193028","191001","192003","43000","1","43000","0","43000","1","1","1","IAT2509191217","NHO2018000007","PAID","","193028"),
("IATT190002771","193053","191002","192010","20000","1","20000","0","20000","1","1","1","IAT2509191217","NHO2018000007","PAID","","193053"),
("IATT190002771","193055","191002","192010","17000","1","17000","0","17000","1","1","1","IAT2509191217","NHO2018000007","PAID","","193055"),
("IATT190002772","193021","191001","192002","40000","1","40000","20000","20000","1","1","1","IAT2509191217","NHO2018000007","PAID","","ORIGINAL"),
("IATT190002772","193056","191002","192010","17000","1","17000","0","17000","1","1","1","IAT2509191217","NHO2018000007","PAID","","193056"),
("IATT190002772","193070","191001","192012","13000","1","13000","6500","6500","1","1","1","IAT2509191217","NHO2018000007","PAID","","193070"),
("IATT190002772","193009","191001","192001","40000","1","40000","20000","20000","1","1","1","IAT2509191217","NHO2018000007","PAID","","193009"),
("IATT190002772","193055","191002","192010","17000","1","17000","0","17000","1","1","1","IAT2509191217","NHO2018000007","PAID","","193055"),
("IATT190002773","193035","191001","192006","32000","1","32000","16000","16000","1","1","1","IAT2509191217","NHO2018000007","PAID","","PEDAS"),
("IATT190002774","193007","191001","192001","37000","1","37000","18500","18500","1","1","1","IAT2509191217","NHO2018000007","PAID","lv2","PEDAS"),
("IATT190002774","193084","191001","192001","30000","1","30000","15000","15000","1","1","1","IAT2509191217","NHO2018000007","PAID","lv2","PEDAS"),
("IATT190002774","193025","191001","192003","30000","1","30000","0","30000","1","1","1","IAT2509191217","NHO2018000007","PAID","","193025"),
("IATT190002774","193054","191002","192010","20000","1","20000","0","20000","1","1","1","IAT2509191217","NHO2018000007","PAID","","193054"),
("IATT190002774","193054","191002","192010","20000","1","20000","0","20000","2","1","1","IAT2509191217","NHO2018000007","PAID","","193054"),
("IATT190002774","193048","191002","192010","8000","1","8000","0","8000","1","1","1","IAT2509191217","NHO2018000007","PAID","","193048"),
("IATT190002774","193048","191002","192010","8000","1","8000","0","8000","2","1","1","IAT2509191217","NHO2018000007","PAID","","193048"),
("IATT190002775","193056","191002","192010","17000","1","17000","0","17000","1","1","1","IAT2509191217","NHO2018000007","PAID","","193056"),
("IATT190002775","193056","191002","192010","17000","1","17000","0","17000","2","1","1","IAT2509191217","NHO2018000007","PAID","","193056"),
("IATT190002775","193019","191001","192002","40000","1","40000","20000","20000","1","1","1","IAT2509191217","NHO2018000007","PAID","","ORIGINAL"),
("IATT190002775","193084","191001","192001","30000","1","30000","15000","15000","1","1","1","IAT2509191217","NHO2018000007","PAID","","ORIGINAL"),
("IATT190002777","193011","191001","192001","40000","1","40000","20000","20000","1","1","1","IAT2509191217","NHO2018000007","PAID","","PEDAS"),
("IATT190002777","193018","191001","192002","37000","1","37000","18500","18500","1","1","1","IAT2509191217","NHO2018000007","PAID","","ORIGINAL"),
("IATT190002777","193054","191002","192010","20000","1","20000","0","20000","1","1","1","IAT2509191217","NHO2018000007","PAID","","193054"),
("IATT190002777","193054","191002","192010","20000","1","20000","0","20000","2","1","1","IAT2509191217","NHO2018000007","PAID","","193054"),
("IATT190002778","193020","191001","192002","40000","1","40000","20000","20000","1","1","1","IAT2509191217","NHO2018000007","PAID","","193020"),
("IATT190002778","193085","191001","192001","30000","1","30000","15000","15000","1","1","1","IAT2509191217","NHO2018000007","PAID","","193085"),
("IATT190002778","193056","191002","192010","17000","1","17000","0","17000","1","1","1","IAT2509191217","NHO2018000007","PAID","","193056"),
("IATT190002778","193054","191002","192010","20000","1","20000","0","20000","1","1","1","IAT2509191217","NHO2018000007","PAID","","193054"),
("IATT190002779","193048","191002","192010","8000","1","8000","0","8000","1","1","1","IAT2509191217","NHO2018000007","PAID","","193048"),
("IATT190002779","193054","191002","192010","20000","1","20000","0","20000","1","1","1","IAT2509191217","NHO2018000007","PAID","","193054"),
("IATT190002779","193022","191001","192003","30000","1","30000","0","30000","1","1","1","IAT2509191217","NHO2018000007","PAID","","193022"),
("IATT190002779","193007","191001","192001","37000","1","37000","18500","18500","1","1","1","IAT2509191217","NHO2018000007","PAID","","PEDAS"),
("IATT190002781","193084","191001","192001","30000","1","30000","15000","15000","1","1","1","IAT2509191217","NHO2018000007","PAID","","ORIGINAL"),
("IATT190002781","193054","191002","192010","20000","1","20000","0","20000","1","1","1","IAT2509191217","NHO2018000007","PAID","","193054");



INSERT INTO pos_salestemp VALUES("IATT190002767","","10","680000","211000","46900","0","515900","520000","25/09/2019","12:17","2019-09-25","13:13:25","ISU000004","tbl0016","CLOSED","1","","IATR190002690","","","","","IAT2509191217","NHO2018000007"),
("IATT190002768","","2","75000","29500","4550","0","50050","50050","25/09/2019","12:35","2019-09-25","12:45:03","ISU000004","tbl0012","CLOSED","1","","IATR190002688","","","","","IAT2509191217","NHO2018000007"),
("IATT190002769","","5","310000","101500","20850","0","229350","229350","25/09/2019","12:41","2019-09-25","13:09:33","ISU000004","tbl0014","CLOSED","1","","IATR190002689","","","","","IAT2509191217","NHO2018000007"),
("IATT190002770","","2","114000","28500","8550","0","94050","100000","25/09/2019","13:15","2019-09-25","15:02:28","ISU000004","tbl0012","CLOSED","1","","IATR190002691","","","","","IAT2509191217","NHO2018000007"),
("IATT190002771","","2","120000","20000","10000","0","110000","110000","25/09/2019","15:05","2019-09-25","15:26:14","ISU000004","tbl0011","CLOSED","1","","IATR190002692","","","","","IAT2509191217","NHO2018000007"),
("IATT190002772","","2","127000","46500","8050","0","88550","88550","25/09/2019","16:40","2019-09-25","17:28:13","ISU000004","tbl0011","CLOSED","1","","IATR190002694","","","","","IAT2509191217","NHO2018000007"),
("IATT190002773","","1","32000","16000","1600","0","17600","20000","25/09/2019","17:21","2019-09-25","17:24:31","ISU000004","tbl0009","CLOSED","1","","IATR190002693","","","","","IAT2509191217","NHO2018000007"),
("IATT190002774","","3","153000","33500","11950","0","131450","150000","25/09/2019","18:25","2019-09-25","19:03:31","ISU000004","tbl0013","CLOSED","1","","IATR190002695","","","","","IAT2509191217","NHO2018000007"),
("IATT190002775","","2","104000","35000","6900","0","75900","100000","25/09/2019","18:37","2019-09-25","19:17:33","ISU000004","tbl0010","CLOSED","1","","IATR190002696","","","","","IAT2509191217","NHO2018000007"),
("IATT190002776","","0","0","0","0","0","0","0","25/09/2019","18:43","25/09/2019","18:44:00","ISU000004","tbl0050","CANCELED","1","PERMINTAAN CUSTOMER","","","","","","IAT2509191217","NHO2018000007"),
("IATT190002777","","2","117000","38500","7850","0","86350","86350","25/09/2019","18:49","2019-09-25","19:59:08","ISU000004","tbl0012","CLOSED","1","","IATR190002698","","","","","IAT2509191217","NHO2018000007"),
("IATT190002778","","2","107000","35000","7200","0","79200","79200","25/09/2019","18:52","2019-09-25","20:05:42","ISU000004","tbl0011","CLOSED","1","","IATR190002699","","","","","IAT2509191217","NHO2018000007"),
("IATT190002779","","2","95000","18500","7650","0","84150","100000","25/09/2019","19:20","2019-09-25","19:50:17","ISU000004","tbl0013","CLOSED","1","","IATR190002697","","","","","IAT2509191217","NHO2018000007"),
("IATT190002780","","0","0","0","0","0","0","0","25/09/2019","19:44","25/09/2019","19:49:25","ISU000004","tbl0010","CANCELED","1","PERMINTAAN CUSTOMER","","","","","","IAT2509191217","NHO2018000007"),
("IATT190002781","","0","50000","15000","3500","0","38500","38500","25/09/2019","20:40","2019-09-25","21:04:00","ISU000004","tbl0012","CLOSED","1","","IATR190002700","","","","","IAT2509191217","NHO2018000007");



INSERT INTO item_void VALUES("IATT190002767","IAT2509191217","NHO2018000007","193007","PEDAS","1","37000","After Send","Salah Order"),
("IATT190002773","IAT2509191217","NHO2018000007","193011","PEDAS","1","40000","Before Send","Komplen Customer"),
("IATT190002777","IAT2509191217","NHO2018000007","193018","ORIGINAL","1","37000","Before Send","Salah Order"),
("IATT190002777","IAT2509191217","NHO2018000007","193018","ORIGINAL","1","37000","Before Send","Salah Order"),
("IATT190002777","IAT2509191217","NHO2018000007","193018","ORIGINAL","1","37000","Before Send","Salah Order"),
("IATT190002777","IAT2509191217","NHO2018000007","193018","ORIGINAL","1","37000","Before Send","Salah Order"),
("IATT190002777","IAT2509191217","NHO2018000007","193018","ORIGINAL","1","37000","Before Send","Salah Order"),
("IATT190002777","IAT2509191217","NHO2018000007","193018","ORIGINAL","1","37000","Before Send","Salah Order"),
("IATT190002777","IAT2509191217","NHO2018000007","193018","ORIGINAL","1","37000","Before Send","Salah Order"),
("IATT190002777","IAT2509191217","NHO2018000007","193018","ORIGINAL","1","37000","Before Send","Salah Order"),
("IATT190002777","IAT2509191217","NHO2018000007","193018","ORIGINAL","1","37000","Before Send","Salah Order");



INSERT INTO pos_promotion_h VALUES("IATT190002768","NPRM18000017","DISC ITEM","1","29500","TUNJUKKAN JEMPOLMU","IAT2509191217","PAID","NHO2018000007"),
("IATT190002767","NPRM18000017","DISC ITEM","1","211000","TUNJUKKAN JEMPOLMU","IAT2509191217","PAID","NHO2018000007"),
("IATT190002769","NPRM18000017","DISC ITEM","1","101500","TUNJUKKAN JEMPOLMU","IAT2509191217","PAID","NHO2018000007"),
("IATT190002770","NPRM18000017","DISC ITEM","1","28500","TUNJUKKAN JEMPOLMU","IAT2509191217","PAID","NHO2018000007"),
("IATT190002771","NPRM18000017","DISC ITEM","1","20000","TUNJUKKAN JEMPOLMU","IAT2509191217","PAID","NHO2018000007"),
("IATT190002773","NPRM18000017","DISC ITEM","1","16000","TUNJUKKAN JEMPOLMU","IAT2509191217","PAID","NHO2018000007"),
("IATT190002772","NPRM18000017","DISC ITEM","1","46500","TUNJUKKAN JEMPOLMU","IAT2509191217","PAID","NHO2018000007"),
("IATT190002774","NPRM18000017","DISC ITEM","1","33500","TUNJUKKAN JEMPOLMU","IAT2509191217","PAID","NHO2018000007"),
("IATT190002775","NPRM18000017","DISC ITEM","1","35000","TUNJUKKAN JEMPOLMU","IAT2509191217","PAID","NHO2018000007"),
("IATT190002779","NPRM18000017","DISC ITEM","1","18500","TUNJUKKAN JEMPOLMU","IAT2509191217","PAID","NHO2018000007"),
("IATT190002777","NPRM18000017","DISC ITEM","1","38500","TUNJUKKAN JEMPOLMU","IAT2509191217","PAID","NHO2018000007"),
("IATT190002778","NPRM18000017","DISC ITEM","1","35000","TUNJUKKAN JEMPOLMU","IAT2509191217","PAID","NHO2018000007"),
("IATT190002781","NPRM18000017","DISC ITEM","1","15000","TUNJUKKAN JEMPOLMU","IAT2509191217","PAID","NHO2018000007");



INSERT INTO pos_promotion_d VALUES("IATT190002768","NPRM18000017","DISC ITEM","1","1","193030","1","13500","IAT2509191217","PAID","NHO2018000007"),
("IATT190002768","NPRM18000017","DISC ITEM","1","1","193035","1","16000","IAT2509191217","PAID","NHO2018000007"),
("IATT190002767","NPRM18000017","DISC ITEM","1","1","193033","1","21000","IAT2509191217","PAID","NHO2018000007"),
("IATT190002767","NPRM18000017","DISC ITEM","1","1","193084","1","15000","IAT2509191217","PAID","NHO2018000007"),
("IATT190002767","NPRM18000017","DISC ITEM","1","1","193084","2","15000","IAT2509191217","PAID","NHO2018000007"),
("IATT190002767","NPRM18000017","DISC ITEM","1","1","193084","3","15000","IAT2509191217","PAID","NHO2018000007"),
("IATT190002767","NPRM18000017","DISC ITEM","1","1","193084","4","15000","IAT2509191217","PAID","NHO2018000007"),
("IATT190002767","NPRM18000017","DISC ITEM","1","1","193082","1","15000","IAT2509191217","PAID","NHO2018000007"),
("IATT190002767","NPRM18000017","DISC ITEM","1","1","193012","1","20000","IAT2509191217","PAID","NHO2018000007"),
("IATT190002767","NPRM18000017","DISC ITEM","1","1","193009","1","20000","IAT2509191217","PAID","NHO2018000007"),
("IATT190002767","NPRM18000017","DISC ITEM","1","1","193082","2","15000","IAT2509191217","PAID","NHO2018000007"),
("IATT190002767","NPRM18000017","DISC ITEM","1","1","193084","5","15000","IAT2509191217","PAID","NHO2018000007"),
("IATT190002767","NPRM18000017","DISC ITEM","1","1","193084","6","15000","IAT2509191217","PAID","NHO2018000007"),
("IATT190002767","NPRM18000017","DISC ITEM","1","1","193082","3","15000","IAT2509191217","PAID","NHO2018000007"),
("IATT190002767","NPRM18000017","DISC ITEM","1","1","193082","4","15000","IAT2509191217","PAID","NHO2018000007"),
("IATT190002769","NPRM18000017","DISC ITEM","1","1","193011","1","20000","IAT2509191217","PAID","NHO2018000007"),
("IATT190002769","NPRM18000017","DISC ITEM","1","1","193011","2","20000","IAT2509191217","PAID","NHO2018000007"),
("IATT190002769","NPRM18000017","DISC ITEM","1","1","193009","1","20000","IAT2509191217","PAID","NHO2018000007"),
("IATT190002769","NPRM18000017","DISC ITEM","1","1","193009","2","20000","IAT2509191217","PAID","NHO2018000007"),
("IATT190002769","NPRM18000017","DISC ITEM","1","1","193085","1","15000","IAT2509191217","PAID","NHO2018000007"),
("IATT190002769","NPRM18000017","DISC ITEM","1","1","193070","1","6500","IAT2509191217","PAID","NHO2018000007"),
("IATT190002770","NPRM18000017","DISC ITEM","1","1","193077","1","15000","IAT2509191217","PAID","NHO2018000007"),
("IATT190002770","NPRM18000017","DISC ITEM","1","1","193029","1","13500","IAT2509191217","PAID","NHO2018000007"),
("IATT190002771","NPRM18000017","DISC ITEM","1","1","193009","1","20000","IAT2509191217","PAID","NHO2018000007"),
("IATT190002773","NPRM18000017","DISC ITEM","1","1","193035","1","16000","IAT2509191217","PAID","NHO2018000007"),
("IATT190002772","NPRM18000017","DISC ITEM","1","1","193021","1","20000","IAT2509191217","PAID","NHO2018000007"),
("IATT190002772","NPRM18000017","DISC ITEM","1","1","193070","1","6500","IAT2509191217","PAID","NHO2018000007"),
("IATT190002772","NPRM18000017","DISC ITEM","1","1","193009","1","20000","IAT2509191217","PAID","NHO2018000007"),
("IATT190002774","NPRM18000017","DISC ITEM","1","1","193007","1","18500","IAT2509191217","PAID","NHO2018000007"),
("IATT190002774","NPRM18000017","DISC ITEM","1","1","193084","1","15000","IAT2509191217","PAID","NHO2018000007"),
("IATT190002775","NPRM18000017","DISC ITEM","1","1","193019","1","20000","IAT2509191217","PAID","NHO2018000007"),
("IATT190002775","NPRM18000017","DISC ITEM","1","1","193084","1","15000","IAT2509191217","PAID","NHO2018000007"),
("IATT190002779","NPRM18000017","DISC ITEM","1","1","193007","1","18500","IAT2509191217","PAID","NHO2018000007"),
("IATT190002777","NPRM18000017","DISC ITEM","1","1","193011","1","20000","IAT2509191217","PAID","NHO2018000007"),
("IATT190002777","NPRM18000017","DISC ITEM","1","1","193018","1","18500","IAT2509191217","PAID","NHO2018000007"),
("IATT190002778","NPRM18000017","DISC ITEM","1","1","193020","1","20000","IAT2509191217","PAID","NHO2018000007"),
("IATT190002778","NPRM18000017","DISC ITEM","1","1","193085","1","15000","IAT2509191217","PAID","NHO2018000007"),
("IATT190002781","NPRM18000017","DISC ITEM","1","1","193084","1","15000","IAT2509191217","PAID","NHO2018000007");



INSERT INTO pos_paymenttemp VALUES("IATT190002768","CASH","CASH","50050","50050","ISU000004","2019-09-25","","1","","CLOSED","IAT2509191217","NHO2018000007"),
("IATT190002769","CARD","VISA","229350","229350","ISU000004","2019-09-25","","1","","CLOSED","IAT2509191217","NHO2018000007"),
("IATT190002767","CASH","CASH","515900","520000","ISU000004","2019-09-25","","1","","CLOSED","IAT2509191217","NHO2018000007"),
("IATT190002770","CASH","CASH","94050","100000","ISU000004","2019-09-25","","1","","CLOSED","IAT2509191217","NHO2018000007"),
("IATT190002771","CASH","CASH","110000","110000","ISU000004","2019-09-25","","1","","CLOSED","IAT2509191217","NHO2018000007"),
("IATT190002773","CASH","CASH","17600","20000","ISU000004","2019-09-25","","1","","CLOSED","IAT2509191217","NHO2018000007"),
("IATT190002772","CARD","DEBIT BCA","88550","88550","ISU000004","2019-09-25","","1","","CLOSED","IAT2509191217","NHO2018000007"),
("IATT190002774","CASH","CASH","131450","150000","ISU000004","2019-09-25","","1","","CLOSED","IAT2509191217","NHO2018000007"),
("IATT190002775","CASH","CASH","75900","100000","ISU000004","2019-09-25","","1","","CLOSED","IAT2509191217","NHO2018000007"),
("IATT190002779","CASH","CASH","84150","100000","ISU000004","2019-09-25","","1","","CLOSED","IAT2509191217","NHO2018000007"),
("IATT190002777","CARD","DEBIT BCA","86350","86350","ISU000004","2019-09-25","","1","","CLOSED","IAT2509191217","NHO2018000007"),
("IATT190002778","CARD","DEBIT BCA","79200","79200","ISU000004","2019-09-25","","1","","CLOSED","IAT2509191217","NHO2018000007"),
("IATT190002781","CARD","DEBIT BCA","38500","38500","ISU000004","2019-09-25","","1","","CLOSED","IAT2509191217","NHO2018000007");



