INSERT INTO pos_itemtemp VALUES("IATT190001557","193084","191001","192001","30000","1","30000","0","30000","1","1","1","IAT2307190959","NHO2018000007","PAID","level 3","PEDAS"),
("IATT190001557","193075","191003","192011","0","1","0","0","0","1","1","1","IAT2307190959","NHO2018000007","PAID","","193075"),
("IATT190001557","193046","191002","192010","8000","1","8000","0","8000","1","1","1","IAT2307190959","NHO2018000007","PAID","","193046"),
("IATT190001558","193030","191001","192004","27000","1","27000","6750","20250","1","1","1","IAT2307190959","NHO2018000007","PAID","","193030"),
("IATT190001558","193047","191002","192010","8000","1","8000","0","8000","1","1","1","IAT2307190959","NHO2018000007","PAID","","193047"),
("IATT190001559","193030","191001","192004","27000","1","27000","6750","20250","1","1","1","IAT2307190959","NHO2018000007","PAID","","193030"),
("IATT190001559","193029","191001","192004","27000","1","27000","6750","20250","1","1","1","IAT2307190959","NHO2018000007","PAID","","193029"),
("IATT190001559","193069","191001","192012","13000","1","13000","0","13000","1","1","1","IAT2307190959","NHO2018000007","PAID","","193069"),
("IATT190001559","193070","191001","192012","13000","1","13000","0","13000","1","1","1","IAT2307190959","NHO2018000007","PAID","","193070"),
("IATT190001559","193046","191002","192010","8000","1","8000","0","8000","1","1","1","IAT2307190959","NHO2018000007","PAID","","193046"),
("IATT190001559","193046","191002","192010","8000","1","8000","0","8000","2","1","1","IAT2307190959","NHO2018000007","PAID","","193046"),
("IATT190001560","193084","191001","192001","30000","1","30000","12000","18000","1","1","1","IAT2307190959","NHO2018000007","PAID","lvl 2","PEDAS"),
("IATT190001560","193074","191003","192011","0","1","0","0","0","1","1","1","IAT2307190959","NHO2018000007","PAID","","193074"),
("IATT190001560","193079","191001","192001","30000","1","30000","12000","18000","1","1","1","IAT2307190959","NHO2018000007","PAID","lvl 2","193079"),
("IATT190001560","193074","191003","192011","0","1","0","0","0","2","1","1","IAT2307190959","NHO2018000007","PAID","","193074"),
("IATT190001560","193069","191001","192012","13000","1","13000","5200","7800","1","1","1","IAT2307190959","NHO2018000007","PAID","","193069"),
("IATT190001560","193056","191002","192010","17000","1","17000","0","17000","1","1","1","IAT2307190959","NHO2018000007","PAID","","193056"),
("IATT190001561","193022","191001","192003","30000","1","30000","0","30000","1","1","1","IAT2307190959","NHO2018000007","PAID","","193022"),
("IATT190001561","193023","191001","192003","30000","1","30000","0","30000","1","1","1","IAT2307190959","NHO2018000007","PAID","","193023"),
("IATT190001561","193071","191001","192012","18000","1","18000","0","18000","1","1","1","IAT2307190959","NHO2018000007","PAID","","193071"),
("IATT190001561","193047","191002","192010","8000","1","8000","0","8000","1","1","1","IAT2307190959","NHO2018000007","PAID","","193047"),
("IATT190001561","193047","191002","192010","8000","1","8000","0","8000","2","1","1","IAT2307190959","NHO2018000007","PAID","","193047"),
("IATT190001561","193052","191002","192010","20000","1","20000","0","20000","1","1","1","IAT2307190959","NHO2018000007","PAID","","193052"),
("IATT190001560","193047","191002","192010","8000","1","8000","0","8000","1","1","2","IAT2307190959","NHO2018000007","PAID","","193047"),
("IATT190001562","193011","191001","192001","40000","1","40000","20000","20000","1","1","1","IAT2307190959","NHO2018000007","PAID","","PEDAS"),
("IATT190001562","193021","191001","192002","40000","1","40000","20000","20000","1","1","1","IAT2307190959","NHO2018000007","PAID","","ORIGINAL"),
("IATT190001562","193047","191002","192010","8000","1","8000","0","8000","1","1","1","IAT2307190959","NHO2018000007","PAID","","193047"),
("IATT190001562","193047","191002","192010","8000","1","8000","0","8000","2","1","1","IAT2307190959","NHO2018000007","PAID","","193047"),
("IATT190001563","193027","191001","192003","43000","1","43000","0","43000","1","1","1","IAT2307190959","NHO2018000007","PAID","","193027"),
("IATT190001563","193052","191002","192010","20000","1","20000","0","20000","1","1","1","IAT2307190959","NHO2018000007","PAID","","193052"),
("IATT190001564","193011","191001","192001","40000","1","40000","0","40000","1","1","1","IAT2307190959","NHO2018000007","PAID","level 2","PEDAS"),
("IATT190001564","193007","191001","192001","37000","1","37000","0","37000","1","1","1","IAT2307190959","NHO2018000007","PAID","level 1 & LEVEL 2","PEDAS"),
("IATT190001564","193007","191001","192001","37000","1","37000","0","37000","2","1","1","IAT2307190959","NHO2018000007","PAID","","PEDAS"),
("IATT190001564","193054","191002","192010","20000","1","20000","0","20000","1","1","1","IAT2307190959","NHO2018000007","PAID","","193054"),
("IATT190001564","193052","191002","192010","20000","1","20000","0","20000","1","1","1","IAT2307190959","NHO2018000007","PAID","","193052"),
("IATT190001564","193053","191002","192010","20000","1","20000","0","20000","1","1","1","IAT2307190959","NHO2018000007","PAID","","193053"),
("IATT190001564","193048","191002","192010","8000","1","8000","0","8000","1","1","1","IAT2307190959","NHO2018000007","PAID","","193048"),
("IATT190001565","193084","191001","192001","30000","1","30000","0","30000","1","1","1","IAT2307190959","NHO2018000007","PAID","LVL 2","PEDAS"),
("IATT190001565","193027","191001","192003","43000","1","43000","0","43000","1","1","1","IAT2307190959","NHO2018000007","PAID","","193027"),
("IATT190001565","193043","191001","192008","25000","1","25000","0","25000","1","1","1","IAT2307190959","NHO2018000007","PAID","","193043"),
("IATT190001565","193047","191002","192010","8000","1","8000","0","8000","1","1","1","IAT2307190959","NHO2018000007","PAID","","193047"),
("IATT190001565","193048","191002","192010","8000","1","8000","0","8000","1","1","1","IAT2307190959","NHO2018000007","PAID","","193048"),
("IATT190001566","193024","191001","192003","30000","1","30000","0","30000","1","1","1","IAT2307190959","NHO2018000007","PAID","","193024"),
("IATT190001566","193028","191001","192003","43000","1","43000","0","43000","1","1","1","IAT2307190959","NHO2018000007","PAID","","193028"),
("IATT190001566","193019","191001","192002","40000","1","40000","0","40000","1","1","1","IAT2307190959","NHO2018000007","PAID","","PEDAS"),
("IATT190001566","193070","191001","192012","13000","1","13000","0","13000","1","1","1","IAT2307190959","NHO2018000007","PAID","","193070"),
("IATT190001566","193047","191002","192010","8000","1","8000","0","8000","1","1","1","IAT2307190959","NHO2018000007","PAID","","193047"),
("IATT190001566","193047","191002","192010","8000","1","8000","0","8000","2","1","1","IAT2307190959","NHO2018000007","PAID","","193047"),
("IATT190001566","193046","191002","192010","8000","1","8000","0","8000","1","1","1","IAT2307190959","NHO2018000007","PAID","","193046"),
("IATT190001567","193023","191001","192003","30000","1","30000","0","30000","1","1","1","IAT2307190959","NHO2018000007","PAID","","193023");



INSERT INTO pos_salestemp VALUES("IATT190001557","","2","38000","0","3800","0","41800","41800","23/07/2019","11:58","2019-07-23","12:45:41","ISU000012","tbl0012","CLOSED","1","","IATR190001507","","","","","IAT2307190959","NHO2018000007"),
("IATT190001558","","1","35000","6750","2825","0","31075","31075","23/07/2019","12:32","2019-07-23","13:07:23","ISU000012","tbl0009","CLOSED","1","","IATR190001508","","","","","IAT2307190959","NHO2018000007"),
("IATT190001559","","2","96000","13500","8250","0","90750","100000","23/07/2019","12:56","2019-07-23","13:41:15","ISU000012","tbl0012","CLOSED","1","","IATR190001509","","","","","IAT2307190959","NHO2018000007"),
("IATT190001560","","2","98000","29200","6880","0","75680","80000","23/07/2019","13:01","2019-07-23","13:46:08","ISU000012","tbl0004","CLOSED","1","","IATR190001510","","","","","IAT2307190959","NHO2018000007"),
("IATT190001561","","3","114000","0","11400","0","125400","127000","23/07/2019","13:13","2019-07-23","13:49:48","ISU000012","tbl0011","CLOSED","1","","IATR190001511","","","","","IAT2307190959","NHO2018000007"),
("IATT190001562","","2","96000","40000","5600","0","61600","61600","23/07/2019","14:01","2019-07-23","14:38:45","ISU000012","tbl0012","CLOSED","1","","IATR190001512","","","","","IAT2307190959","NHO2018000007"),
("IATT190001563","","1","63000","0","6300","0","69300","100000","23/07/2019","14:46","2019-07-23","15:20:03","ISU000012","tbl0012","CLOSED","1","","IATR190001513","","","","","IAT2307190959","NHO2018000007"),
("IATT190001564","","3","182000","0","18200","0","200200","200200","23/07/2019","16:29","2019-07-23","17:19:36","ISU000012","tbl0011","CLOSED","1","","IATR190001514","","","","","IAT2307190959","NHO2018000007"),
("IATT190001565","","2","114000","0","11400","0","125400","150000","23/07/2019","17:52","2019-07-23","18:41:06","ISU000012","tbl0010","CLOSED","1","","IATR190001515","","","","","IAT2307190959","NHO2018000007"),
("IATT190001566","","3","150000","0","15000","0","165000","200000","23/07/2019","19:37","2019-07-23","20:09:18","ISU000012","tbl0012","CLOSED","1","","IATR190001516","","","","","IAT2307190959","NHO2018000007"),
("IATT190001567","","1","30000","0","3000","0","33000","100000","23/07/2019","19:52","2019-07-23","20:18:58","ISU000012","tbl0001","CLOSED","1","","IATR190001517","","","","","IAT2307190959","NHO2018000007");






INSERT INTO pos_promotion_h VALUES("IATT190001558","NPRM18000004","DISC ITEM","1","6750","HAPPY HOUR 25%","IAT2307190959","PAID","NHO2018000007"),
("IATT190001559","NPRM18000004","DISC ITEM","1","13500","HAPPY HOUR 25%","IAT2307190959","PAID","NHO2018000007"),
("IATT190001560","NPRM18000010","DISC ITEM","1","29200","eatigo 40%","IAT2307190959","PAID","NHO2018000007"),
("IATT190001562","NPRM18000012","DISC ITEM","1","40000","eatigo 50%","IAT2307190959","PAID","NHO2018000007");



INSERT INTO pos_promotion_d VALUES("IATT190001558","NPRM18000004","DISC ITEM","1","1","193030","1","6750","IAT2307190959","PAID","NHO2018000007"),
("IATT190001559","NPRM18000004","DISC ITEM","1","1","193030","1","6750","IAT2307190959","PAID","NHO2018000007"),
("IATT190001559","NPRM18000004","DISC ITEM","1","1","193029","1","6750","IAT2307190959","PAID","NHO2018000007"),
("IATT190001560","NPRM18000010","DISC ITEM","1","1","193084","1","12000","IAT2307190959","PAID","NHO2018000007"),
("IATT190001560","NPRM18000010","DISC ITEM","1","1","193079","1","12000","IAT2307190959","PAID","NHO2018000007"),
("IATT190001560","NPRM18000010","DISC ITEM","1","1","193069","1","5200","IAT2307190959","PAID","NHO2018000007"),
("IATT190001562","NPRM18000012","DISC ITEM","1","1","193011","1","20000","IAT2307190959","PAID","NHO2018000007"),
("IATT190001562","NPRM18000012","DISC ITEM","1","1","193021","1","20000","IAT2307190959","PAID","NHO2018000007");



INSERT INTO pos_paymenttemp VALUES("IATT190001557","CARD","VISA","41800","41800","ISU000012","2019-07-23","","1","","CLOSED","IAT2307190959","NHO2018000007"),
("IATT190001558","CARD","MASTER","31075","31075","ISU000012","2019-07-23","","1","","CLOSED","IAT2307190959","NHO2018000007"),
("IATT190001559","CASH","CASH","90750","100000","ISU000012","2019-07-23","","1","","CLOSED","IAT2307190959","NHO2018000007"),
("IATT190001560","VOUCHER","KUPON PROMO EATIGO 30K","30000","30000","ISU000012","2019-07-23","","1","","CLOSED","IAT2307190959","NHO2018000007"),
("IATT190001560","CASH","CASH","45680","50000","ISU000012","2019-07-23","","1","","CLOSED","IAT2307190959","NHO2018000007"),
("IATT190001561","CASH","CASH","125400","127000","ISU000012","2019-07-23","","1","","CLOSED","IAT2307190959","NHO2018000007"),
("IATT190001562","CARD","MASTER","61600","61600","ISU000012","2019-07-23","","1","","CLOSED","IAT2307190959","NHO2018000007"),
("IATT190001563","CASH","CASH","69300","100000","ISU000012","2019-07-23","","1","","CLOSED","IAT2307190959","NHO2018000007"),
("IATT190001564","CASH","CASH","200200","200200","ISU000012","2019-07-23","","1","","CLOSED","IAT2307190959","NHO2018000007"),
("IATT190001565","CASH","CASH","125400","150000","ISU000012","2019-07-23","","1","","CLOSED","IAT2307190959","NHO2018000007"),
("IATT190001566","CASH","CASH","165000","200000","ISU000012","2019-07-23","","1","","CLOSED","IAT2307190959","NHO2018000007"),
("IATT190001567","CASH","CASH","33000","100000","ISU000012","2019-07-23","","1","","CLOSED","IAT2307190959","NHO2018000007");



