INSERT INTO pos_itemtemp VALUES("IATT190003379","193036","191001","192006","36000","1","36000","1800","34200","1","1","1","IAT2310191034","NHO2018000007","PAID","","PEDAS"),
("IATT190003379","193120","191001","192011","0","1","0","0","0","1","1","1","IAT2310191034","NHO2018000007","PAID","","193120"),
("IATT190003379","193054","191002","192010","20000","1","20000","1000","19000","1","1","1","IAT2310191034","NHO2018000007","PAID","","193054"),
("IATT190003381","193010","191001","192001","40000","1","40000","20000","20000","1","1","1","IAT2310191034","NHO2018000007","PAID","","193010"),
("IATT190003381","193011","191001","192001","40000","1","40000","20000","20000","1","1","1","IAT2310191034","NHO2018000007","PAID","","ORIGINAL"),
("IATT190003381","193012","191001","192001","40000","1","40000","20000","20000","1","1","1","IAT2310191034","NHO2018000007","PAID","","193012"),
("IATT190003381","193009","191001","192001","40000","1","40000","20000","20000","1","1","1","IAT2310191034","NHO2018000007","PAID"," GAK PAKE SAYURAN DAN DAUN BAWANG","193009"),
("IATT190003381","193009","191001","192001","40000","1","40000","20000","20000","2","1","1","IAT2310191034","NHO2018000007","PAID","","193009"),
("IATT190003381","193046","191002","192010","10000","1","10000","0","10000","1","1","1","IAT2310191034","NHO2018000007","PAID","","193046"),
("IATT190003381","193046","191002","192010","10000","1","10000","0","10000","2","1","1","IAT2310191034","NHO2018000007","PAID","","193046"),
("IATT190003381","193118","191001","192012","20000","1","20000","10000","10000","1","1","1","IAT2310191034","NHO2018000007","PAID","","193118"),
("IATT190003381","193118","191001","192012","20000","1","20000","10000","10000","2","1","1","IAT2310191034","NHO2018000007","PAID","","193118"),
("IATT190003382","193084","191001","192001","30000","1","30000","15000","15000","1","1","1","IAT2310191034","NHO2018000007","PAID","LVL 2","PEDAS"),
("IATT190003381","193048","191002","192010","8000","1","8000","0","8000","1","1","2","IAT2310191034","NHO2018000007","PAID","","193048"),
("IATT190003383","193084","191001","192001","30000","1","30000","15000","15000","1","1","1","IAT2310191034","NHO2018000007","PAID","LVL3,  NO SAYURAN","PEDAS"),
("IATT190003383","193085","191001","192001","30000","1","30000","15000","15000","1","1","1","IAT2310191034","NHO2018000007","PAID","","193085"),
("IATT190003383","193020","191001","192002","40000","1","40000","20000","20000","1","1","1","IAT2310191034","NHO2018000007","PAID","","193020"),
("IATT190003383","193048","191002","192010","8000","1","8000","0","8000","1","1","1","IAT2310191034","NHO2018000007","PAID","","193048"),
("IATT190003384","193019","191001","192002","40000","1","40000","20000","20000","1","1","1","IAT2310191034","NHO2018000007","PAID","PEDAS SEDENG","PEDAS"),
("IATT190003384","193007","191001","192001","37000","1","37000","18500","18500","1","1","1","IAT2310191034","NHO2018000007","PAID"," PEDES BINGIT","PEDAS"),
("IATT190003384","193005","191001","192001","37000","1","37000","18500","18500","1","1","1","IAT2310191034","NHO2018000007","PAID","","193005"),
("IATT190003385","193011","191001","192001","40000","1","40000","20000","20000","1","1","1","IAT2310191034","NHO2018000007","PAID","PEDES BGT","PEDAS"),
("IATT190003386","193085","191001","192001","30000","1","30000","0","30000","1","1","1","IAT2310191034","NHO2018000007","PAID","","193085"),
("IATT190003386","193051","191002","192010","20000","1","20000","0","20000","1","1","1","IAT2310191034","NHO2018000007","PAID","","193051"),
("IATT190003387","193084","191001","192001","30000","1","30000","15000","15000","1","1","1","IAT2310191034","NHO2018000007","PAID","","PEDAS"),
("IATT190003387","193054","191002","192010","20000","1","20000","0","20000","1","1","1","IAT2310191034","NHO2018000007","PAID","","193054"),
("IATT190003386","193048","191002","192010","8000","1","8000","0","8000","1","1","2","IAT2310191034","NHO2018000007","PAID","","193048"),
("IATT190003388","193009","191001","192001","40000","1","40000","20000","20000","1","1","1","IAT2310191034","NHO2018000007","PAID","","193009"),
("IATT190003388","193033","191001","192005","42000","1","42000","21000","21000","1","1","1","IAT2310191034","NHO2018000007","PAID","","193033"),
("IATT190003388","193048","191002","192010","8000","1","8000","0","8000","1","1","1","IAT2310191034","NHO2018000007","PAID","","193048"),
("IATT190003388","193048","191002","192010","8000","1","8000","0","8000","2","1","1","IAT2310191034","NHO2018000007","PAID","","193048"),
("IATT190003388","193052","191002","192010","20000","1","20000","0","20000","1","1","1","IAT2310191034","NHO2018000007","PAID","","193052"),
("IATT190003388","193055","191002","192010","17000","1","17000","0","17000","1","1","1","IAT2310191034","NHO2018000007","PAID","","193055"),
("IATT190003388","193024","191001","192003","30000","1","30000","0","30000","1","1","1","IAT2310191034","NHO2018000007","PAID","TAKE AWAY","193024"),
("IATT190003388","193024","191001","192003","30000","1","30000","0","30000","2","1","1","IAT2310191034","NHO2018000007","PAID","","193024"),
("IATT190003388","193024","191001","192003","30000","1","30000","0","30000","3","1","1","IAT2310191034","NHO2018000007","PAID","","193024"),
("IATT190003389","193036","191001","192006","36000","1","36000","0","36000","1","1","1","IAT2310191034","NHO2018000007","PAID","","ORIGINAL"),
("IATT190003389","193051","191002","192010","20000","1","20000","0","20000","1","1","1","IAT2310191034","NHO2018000007","PAID","","193051"),
("IATT190003389","193119","191001","192012","20000","1","20000","0","20000","1","1","1","IAT2310191034","NHO2018000007","PAID","","193119"),
("IATT190003390","193009","191001","192001","40000","1","40000","20000","20000","1","1","1","IAT2310191034","NHO2018000007","PAID","","193009"),
("IATT190003390","193020","191001","192002","40000","1","40000","20000","20000","1","1","1","IAT2310191034","NHO2018000007","PAID","","193020"),
("IATT190003390","193056","191002","192010","17000","1","17000","0","17000","1","1","1","IAT2310191034","NHO2018000007","PAID","","193056"),
("IATT190003390","193055","191002","192010","17000","1","17000","0","17000","1","1","1","IAT2310191034","NHO2018000007","PAID","","193055"),
("IATT190003391","193018","191001","192002","37000","1","37000","18500","18500","1","1","1","IAT2310191034","NHO2018000007","PAID","","ORIGINAL"),
("IATT190003391","193055","191002","192010","17000","1","17000","0","17000","1","1","1","IAT2310191034","NHO2018000007","PAID","","193055"),
("IATT190003392","193011","191001","192001","40000","1","40000","20000","20000","1","1","1","IAT2310191034","NHO2018000007","PAID","","ORIGINAL"),
("IATT190003392","193011","191001","192001","40000","1","40000","20000","20000","2","1","1","IAT2310191034","NHO2018000007","PAID","","ORIGINAL"),
("IATT190003392","193055","191002","192010","17000","1","17000","0","17000","1","1","1","IAT2310191034","NHO2018000007","PAID","","193055"),
("IATT190003393","193010","191001","192001","40000","1","40000","20000","20000","1","1","1","IAT2310191034","NHO2018000007","PAID","","193010"),
("IATT190003393","193033","191001","192005","42000","1","42000","21000","21000","1","1","1","IAT2310191034","NHO2018000007","PAID","","193033"),
("IATT190003393","193054","191002","192010","20000","1","20000","0","20000","1","1","1","IAT2310191034","NHO2018000007","PAID","","193054"),
("IATT190003393","193046","191002","192010","10000","1","10000","0","10000","1","1","1","IAT2310191034","NHO2018000007","PAID","","193046"),
("IATT190003393","193047","191002","192010","10000","1","10000","0","10000","1","1","1","IAT2310191034","NHO2018000007","PAID","","193047"),
("IATT190003394","193005","191001","192001","37000","1","37000","18500","18500","1","1","1","IAT2310191034","NHO2018000007","PAID","","193005"),
("IATT190003394","193007","191001","192001","37000","1","37000","18500","18500","1","1","1","IAT2310191034","NHO2018000007","PAID","PEDES SEDENG","ORIGINAL"),
("IATT190003394","193007","191001","192001","37000","1","37000","18500","18500","2","1","1","IAT2310191034","NHO2018000007","PAID","","ORIGINAL"),
("IATT190003394","193055","191002","192010","17000","1","17000","0","17000","1","1","1","IAT2310191034","NHO2018000007","PAID","","193055"),
("IATT190003394","193055","191002","192010","17000","1","17000","0","17000","2","1","1","IAT2310191034","NHO2018000007","PAID","","193055"),
("IATT190003394","193052","191002","192010","20000","1","20000","0","20000","1","1","1","IAT2310191034","NHO2018000007","PAID","","193052");



INSERT INTO pos_salestemp VALUES("IATT190003379","","1","56000","2800","5320","0","58520","100000","23/10/2019","11:56","2019-10-23","12:31:31","ISU000004","tbl0012","CLOSED","1","gila diskon . asep / 272-kez6ri","IATR190003282","","","","","IAT2310191034","NHO2018000007"),
("IATT190003380","","3","0","0","0","0","0","0","23/10/2019","12:26","23/10/2019","12:27:01","ISU000004","tbl0023","CANCELED","1","PERMINTAAN CUSTOMER","","","","","","IAT2310191034","NHO2018000007"),
("IATT190003381","","4","268000","120000","14800","0","162800","162800","23/10/2019","12:27","2019-10-23","13:45:59","ISU000004","tbl0023","CLOSED","1","","IATR190003284","","","","","IAT2310191034","NHO2018000007"),
("IATT190003382","","1","30000","15000","1500","0","16500","17000","23/10/2019","12:39","2019-10-23","16:36:24","ISU000004","tbl0005","CLOSED","1","","IATR190003289","","","","","IAT2310191034","NHO2018000007"),
("IATT190003383","","3","108000","50000","5800","0","63800","100000","23/10/2019","13:10","2019-10-23","13:34:44","ISU000004","tbl0012","CLOSED","1","","IATR190003283","","","","","IAT2310191034","NHO2018000007"),
("IATT190003384","","2","114000","57000","5700","0","62700","100000","23/10/2019","13:40","2019-10-23","14:12:04","ISU000004","tbl0011","CLOSED","1","","IATR190003285","","","","","IAT2310191034","NHO2018000007"),
("IATT190003385","","1","40000","20000","2000","0","22000","102000","23/10/2019","13:50","2019-10-23","14:22:28","ISU000004","tbl0010","CLOSED","1","","IATR190003286","","","","","IAT2310191034","NHO2018000007"),
("IATT190003386","","1","58000","0","5800","0","63800","100000","23/10/2019","14:45","2019-10-23","15:10:10","ISU000004","tbl0012","CLOSED","1","","IATR190003287","","","","","IAT2310191034","NHO2018000007"),
("IATT190003387","","1","50000","15000","3500","0","38500","40000","23/10/2019","15:00","2019-10-23","15:46:28","ISU000004","tbl0011","CLOSED","1","","IATR190003288","","","","","IAT2310191034","NHO2018000007"),
("IATT190003388","","2","225000","41000","18400","0","202400","210000","23/10/2019","17:07","2019-10-23","17:48:04","ISU000004","tbl0012","CLOSED","1","","IATR190003290","","","","","IAT2310191034","NHO2018000007"),
("IATT190003389","","1","76000","0","7600","0","83600","100000","23/10/2019","17:16","2019-10-23","17:52:00","ISU000004","tbl0008","CLOSED","1","","IATR190003291","","","","","IAT2310191034","NHO2018000007"),
("IATT190003390","","2","114000","40000","7400","0","81400","81400","23/10/2019","17:38","2019-10-23","18:41:15","ISU000004","tbl0010","CLOSED","1","","IATR190003294","","","","","IAT2310191034","NHO2018000007"),
("IATT190003391","","1","54000","18500","3550","0","39050","100000","23/10/2019","17:39","2019-10-23","18:12:16","ISU000004","tbl0006","CLOSED","1","","IATR190003292","","","","","IAT2310191034","NHO2018000007"),
("IATT190003392","","1","97000","40000","5700","0","62700","100000","23/10/2019","18:08","2019-10-23","18:37:16","ISU000004","tbl0012","CLOSED","1","","IATR190003293","","","","","IAT2310191034","NHO2018000007"),
("IATT190003393","","2","122000","41000","8100","0","89100","89100","23/10/2019","18:15","2019-10-23","18:45:58","ISU000004","tbl0011","CLOSED","1","","IATR190003295","","","","","IAT2310191034","NHO2018000007"),
("IATT190003394","","3","165000","55500","10950","0","120450","200000","23/10/2019","20:54","2019-10-23","21:41:12","ISU000004","tbl0012","CLOSED","1","","IATR190003296","","","","","IAT2310191034","NHO2018000007");






INSERT INTO pos_promotion_h VALUES("IATT190003379","NPRM18000018","DISC ALL","1","2800","CRM DISC 5%","IAT2310191034","PAID","NHO2018000007"),
("IATT190003381","NPRM18000017","DISC ITEM","1","120000","TUNJUKKAN JEMPOLMU","IAT2310191034","PAID","NHO2018000007"),
("IATT190003383","NPRM18000017","DISC ITEM","1","50000","TUNJUKKAN JEMPOLMU","IAT2310191034","PAID","NHO2018000007"),
("IATT190003384","NPRM18000017","DISC ITEM","1","57000","TUNJUKKAN JEMPOLMU","IAT2310191034","PAID","NHO2018000007"),
("IATT190003385","NPRM18000017","DISC ITEM","1","20000","TUNJUKKAN JEMPOLMU","IAT2310191034","PAID","NHO2018000007"),
("IATT190003387","NPRM18000017","DISC ITEM","1","15000","TUNJUKKAN JEMPOLMU","IAT2310191034","PAID","NHO2018000007"),
("IATT190003382","NPRM18000017","DISC ITEM","1","15000","TUNJUKKAN JEMPOLMU","IAT2310191034","PAID","NHO2018000007"),
("IATT190003388","NPRM18000017","DISC ITEM","1","41000","TUNJUKKAN JEMPOLMU","IAT2310191034","PAID","NHO2018000007"),
("IATT190003391","NPRM18000017","DISC ITEM","1","18500","TUNJUKKAN JEMPOLMU","IAT2310191034","PAID","NHO2018000007"),
("IATT190003392","NPRM18000017","DISC ITEM","1","40000","TUNJUKKAN JEMPOLMU","IAT2310191034","PAID","NHO2018000007"),
("IATT190003390","NPRM18000017","DISC ITEM","1","40000","TUNJUKKAN JEMPOLMU","IAT2310191034","PAID","NHO2018000007"),
("IATT190003393","NPRM18000017","DISC ITEM","1","41000","TUNJUKKAN JEMPOLMU","IAT2310191034","PAID","NHO2018000007"),
("IATT190003394","NPRM18000017","DISC ITEM","1","55500","TUNJUKKAN JEMPOLMU","IAT2310191034","PAID","NHO2018000007");



INSERT INTO pos_promotion_d VALUES("IATT190003379","NPRM18000018","DISC ALL","1","1","193036","1","1800","IAT2310191034","PAID","NHO2018000007"),
("IATT190003379","NPRM18000018","DISC ALL","1","1","193120","1","0","IAT2310191034","PAID","NHO2018000007"),
("IATT190003379","NPRM18000018","DISC ALL","1","1","193054","1","1000","IAT2310191034","PAID","NHO2018000007"),
("IATT190003381","NPRM18000017","DISC ITEM","1","1","193010","1","20000","IAT2310191034","PAID","NHO2018000007"),
("IATT190003381","NPRM18000017","DISC ITEM","1","1","193011","1","20000","IAT2310191034","PAID","NHO2018000007"),
("IATT190003381","NPRM18000017","DISC ITEM","1","1","193012","1","20000","IAT2310191034","PAID","NHO2018000007"),
("IATT190003381","NPRM18000017","DISC ITEM","1","1","193009","1","20000","IAT2310191034","PAID","NHO2018000007"),
("IATT190003381","NPRM18000017","DISC ITEM","1","1","193009","2","20000","IAT2310191034","PAID","NHO2018000007"),
("IATT190003381","NPRM18000017","DISC ITEM","1","1","193118","1","10000","IAT2310191034","PAID","NHO2018000007"),
("IATT190003381","NPRM18000017","DISC ITEM","1","1","193118","2","10000","IAT2310191034","PAID","NHO2018000007"),
("IATT190003383","NPRM18000017","DISC ITEM","1","1","193084","1","15000","IAT2310191034","PAID","NHO2018000007"),
("IATT190003383","NPRM18000017","DISC ITEM","1","1","193085","1","15000","IAT2310191034","PAID","NHO2018000007"),
("IATT190003383","NPRM18000017","DISC ITEM","1","1","193020","1","20000","IAT2310191034","PAID","NHO2018000007"),
("IATT190003384","NPRM18000017","DISC ITEM","1","1","193019","1","20000","IAT2310191034","PAID","NHO2018000007"),
("IATT190003384","NPRM18000017","DISC ITEM","1","1","193007","1","18500","IAT2310191034","PAID","NHO2018000007"),
("IATT190003384","NPRM18000017","DISC ITEM","1","1","193005","1","18500","IAT2310191034","PAID","NHO2018000007"),
("IATT190003385","NPRM18000017","DISC ITEM","1","1","193011","1","20000","IAT2310191034","PAID","NHO2018000007"),
("IATT190003387","NPRM18000017","DISC ITEM","1","1","193084","1","15000","IAT2310191034","PAID","NHO2018000007"),
("IATT190003382","NPRM18000017","DISC ITEM","1","1","193084","1","15000","IAT2310191034","PAID","NHO2018000007"),
("IATT190003388","NPRM18000017","DISC ITEM","1","1","193009","1","20000","IAT2310191034","PAID","NHO2018000007"),
("IATT190003388","NPRM18000017","DISC ITEM","1","1","193033","1","21000","IAT2310191034","PAID","NHO2018000007"),
("IATT190003391","NPRM18000017","DISC ITEM","1","1","193018","1","18500","IAT2310191034","PAID","NHO2018000007"),
("IATT190003392","NPRM18000017","DISC ITEM","1","1","193011","1","20000","IAT2310191034","PAID","NHO2018000007"),
("IATT190003392","NPRM18000017","DISC ITEM","1","1","193011","2","20000","IAT2310191034","PAID","NHO2018000007"),
("IATT190003390","NPRM18000017","DISC ITEM","1","1","193009","1","20000","IAT2310191034","PAID","NHO2018000007"),
("IATT190003390","NPRM18000017","DISC ITEM","1","1","193020","1","20000","IAT2310191034","PAID","NHO2018000007"),
("IATT190003393","NPRM18000017","DISC ITEM","1","1","193010","1","20000","IAT2310191034","PAID","NHO2018000007"),
("IATT190003393","NPRM18000017","DISC ITEM","1","1","193033","1","21000","IAT2310191034","PAID","NHO2018000007"),
("IATT190003394","NPRM18000017","DISC ITEM","1","1","193005","1","18500","IAT2310191034","PAID","NHO2018000007"),
("IATT190003394","NPRM18000017","DISC ITEM","1","1","193007","1","18500","IAT2310191034","PAID","NHO2018000007"),
("IATT190003394","NPRM18000017","DISC ITEM","1","1","193007","2","18500","IAT2310191034","PAID","NHO2018000007");



INSERT INTO pos_paymenttemp VALUES("IATT190003379","CASH","CASH","58520","100000","ISU000004","2019-10-23","","1","","CLOSED","IAT2310191034","NHO2018000007"),
("IATT190003383","CASH","CASH","63800","100000","ISU000004","2019-10-23","","1","","CLOSED","IAT2310191034","NHO2018000007"),
("IATT190003381","CARD","VISA","162800","162800","ISU000004","2019-10-23","","1","","CLOSED","IAT2310191034","NHO2018000007"),
("IATT190003384","CASH","CASH","62700","100000","ISU000004","2019-10-23","","1","","CLOSED","IAT2310191034","NHO2018000007"),
("IATT190003385","CASH","CASH","22000","102000","ISU000004","2019-10-23","","1","","CLOSED","IAT2310191034","NHO2018000007"),
("IATT190003386","CASH","CASH","63800","100000","ISU000004","2019-10-23","","1","","CLOSED","IAT2310191034","NHO2018000007"),
("IATT190003387","CASH","CASH","38500","40000","ISU000004","2019-10-23","","1","","CLOSED","IAT2310191034","NHO2018000007"),
("IATT190003382","CASH","CASH","16500","17000","ISU000004","2019-10-23","","1","","CLOSED","IAT2310191034","NHO2018000007"),
("IATT190003388","CASH","CASH","202400","210000","ISU000004","2019-10-23","","1","","CLOSED","IAT2310191034","NHO2018000007"),
("IATT190003389","CASH","CASH","83600","100000","ISU000004","2019-10-23","","1","","CLOSED","IAT2310191034","NHO2018000007"),
("IATT190003391","CASH","CASH","39050","100000","ISU000004","2019-10-23","","1","","CLOSED","IAT2310191034","NHO2018000007"),
("IATT190003392","CASH","CASH","62700","100000","ISU000004","2019-10-23","","1","","CLOSED","IAT2310191034","NHO2018000007"),
("IATT190003390","CARD","DEBIT BCA","81400","81400","ISU000004","2019-10-23","","1","","CLOSED","IAT2310191034","NHO2018000007"),
("IATT190003393","CARD","DEBIT BCA","89100","89100","ISU000004","2019-10-23","","1","","CLOSED","IAT2310191034","NHO2018000007"),
("IATT190003394","CASH","CASH","120450","200000","ISU000004","2019-10-23","","1","","CLOSED","IAT2310191034","NHO2018000007");



