INSERT INTO pos_itemtemp VALUES("IATT190000851","193015","191001","192002","33000","1","33000","0","33000","1","1","1","IAT2406190916","NHO2018000007","PAID","","ORIGINAL"),
("IATT190000851","193027","191001","192003","43000","1","43000","0","43000","1","1","1","IAT2406190916","NHO2018000007","PAID","","193027"),
("IATT190000851","193047","191002","192010","8000","1","8000","0","8000","1","1","1","IAT2406190916","NHO2018000007","PAID","","193047"),
("IATT190000851","193048","191002","192010","8000","1","8000","0","8000","1","1","1","IAT2406190916","NHO2018000007","PAID","","193048"),
("IATT190000852","193083","191001","192001","30000","1","30000","0","30000","1","1","1","IAT2406190916","NHO2018000007","PAID","","193083"),
("IATT190000852","193030","191001","192004","27000","1","27000","6750","20250","1","1","1","IAT2406190916","NHO2018000007","PAID","","193030"),
("IATT190000852","193047","191002","192010","8000","1","8000","0","8000","1","1","1","IAT2406190916","NHO2018000007","PAID","","193047"),
("IATT190000853","193036","191001","192006","36000","1","36000","0","36000","1","1","1","IAT2406190916","NHO2018000007","PAID","","ORIGINAL"),
("IATT190000853","193047","191002","192010","8000","1","8000","0","8000","1","1","1","IAT2406190916","NHO2018000007","PAID","","193047"),
("IATT190000853","193047","191002","192010","8000","1","8000","0","8000","2","1","1","IAT2406190916","NHO2018000007","PAID","","193047"),
("IATT190000853","193047","191002","192010","8000","1","8000","0","8000","3","1","1","IAT2406190916","NHO2018000007","PAID","","193047"),
("IATT190000854","193084","191001","192001","30000","1","30000","0","30000","1","1","1","IAT2406190916","NHO2018000007","PAID","level 2","PEDAS"),
("IATT190000854","193022","191001","192003","30000","1","30000","0","30000","1","1","1","IAT2406190916","NHO2018000007","PAID","","193022"),
("IATT190000854","193024","191001","192003","30000","1","30000","0","30000","1","1","1","IAT2406190916","NHO2018000007","PAID","","193024"),
("IATT190000854","193048","191002","192010","8000","1","8000","0","8000","1","1","1","IAT2406190916","NHO2018000007","PAID","","193048"),
("IATT190000854","193056","191002","192010","17000","1","17000","0","17000","1","1","1","IAT2406190916","NHO2018000007","PAID","","193056"),
("IATT190000854","193056","191002","192010","17000","1","17000","0","17000","2","1","1","IAT2406190916","NHO2018000007","PAID","","193056"),
("IATT190000855","193086","191001","192002","33000","1","33000","0","33000","1","1","1","IAT2406190916","NHO2018000007","PAID","lvl 2","PEDAS"),
("IATT190000855","193020","191001","192002","40000","1","40000","0","40000","1","1","1","IAT2406190916","NHO2018000007","PAID","","193020"),
("IATT190000855","193048","191002","192010","8000","1","8000","0","8000","1","1","1","IAT2406190916","NHO2018000007","PAID","","193048"),
("IATT190000855","193052","191002","192010","20000","1","20000","0","20000","1","1","1","IAT2406190916","NHO2018000007","PAID","","193052"),
("IATT190000855","193083","191001","192001","30000","1","30000","0","30000","1","1","1","IAT2406190916","NHO2018000007","PAID","","193083"),
("IATT190000855","193055","191002","192010","17000","1","17000","0","17000","1","1","1","IAT2406190916","NHO2018000007","PAID","","193055"),
("IATT190000855","193084","191001","192001","30000","1","30000","0","30000","1","1","1","IAT2406190916","NHO2018000007","PAID","","PEDAS"),
("IATT190000855","193047","191002","192010","8000","1","8000","0","8000","1","1","1","IAT2406190916","NHO2018000007","PAID","","193047"),
("IATT190000856","193082","191001","192001","30000","1","30000","0","30000","1","1","1","IAT2406190916","NHO2018000007","PAID","level 2","193082"),
("IATT190000856","193084","191001","192001","30000","1","30000","0","30000","1","1","1","IAT2406190916","NHO2018000007","PAID","level 2","PEDAS"),
("IATT190000856","193047","191002","192010","8000","1","8000","0","8000","1","1","1","IAT2406190916","NHO2018000007","PAID","","193047"),
("IATT190000856","193046","191002","192010","8000","1","8000","0","8000","1","1","1","IAT2406190916","NHO2018000007","PAID","","193046"),
("IATT190000857","193084","191001","192001","30000","1","30000","0","30000","1","1","1","IAT2406190916","NHO2018000007","PAID","level 2","PEDAS"),
("IATT190000857","193082","191001","192001","30000","1","30000","0","30000","1","1","1","IAT2406190916","NHO2018000007","PAID","level 3","193082"),
("IATT190000857","193052","191002","192010","20000","1","20000","0","20000","1","1","1","IAT2406190916","NHO2018000007","PAID","","193052"),
("IATT190000857","193047","191002","192010","8000","1","8000","0","8000","1","1","1","IAT2406190916","NHO2018000007","PAID","","193047"),
("IATT190000857","193071","191001","192012","18000","1","18000","0","18000","1","1","1","IAT2406190916","NHO2018000007","PAID","","193071"),
("IATT190000858","193084","191001","192001","30000","1","30000","0","30000","1","1","1","IAT2406190916","NHO2018000007","PAID","","PEDAS"),
("IATT190000858","193082","191001","192001","30000","1","30000","0","30000","1","1","1","IAT2406190916","NHO2018000007","PAID","original","193082"),
("IATT190000858","193035","191001","192006","32000","1","32000","0","32000","1","1","2","IAT2406190916","NHO2018000007","PAID","","ORIGINAL"),
("IATT190000858","193047","191002","192010","8000","1","8000","0","8000","1","1","2","IAT2406190916","NHO2018000007","PAID","","193047");



INSERT INTO pos_salestemp VALUES("IATT190000851","","2","92000","0","9200","0","101200","101200","24/06/2019","12:12","2019-06-24","12:43:09","ISU000011","tbl0012","CLOSED","1","","IATR190000823","","","","","IAT2406190916","NHO2018000007"),
("IATT190000852","","1","65000","6750","5825","0","64075","65000","24/06/2019","12:57","2019-06-24","13:24:20","ISU000011","tbl0011","CLOSED","1","","IATR190000824","","","","","IAT2406190916","NHO2018000007"),
("IATT190000853","","1","60000","0","6000","0","66000","66000","24/06/2019","13:39","2019-06-24","14:12:07","ISU000011","tbl0010","CLOSED","1","","IATR190000825","","","","","IAT2406190916","NHO2018000007"),
("IATT190000854","","2","132000","0","13200","0","145200","145200","24/06/2019","16:56","2019-06-24","17:42:54","ISU000011","tbl0012","CLOSED","1","","IATR190000826","","","","","IAT2406190916","NHO2018000007"),
("IATT190000855","","4","186000","0","18600","0","204600","204600","24/06/2019","18:14","2019-06-24","19:00:30","ISU000011","tbl0012","CLOSED","1","","IATR190000827","","","","","IAT2406190916","NHO2018000007"),
("IATT190000856","","2","76000","0","7600","0","83600","100600","24/06/2019","18:57","2019-06-24","20:02:30","ISU000011","tbl0010","CLOSED","1","","IATR190000828","","","","","IAT2406190916","NHO2018000007"),
("IATT190000857","","2","106000","0","10600","0","116600","116600","24/06/2019","19:50","2019-06-24","20:30:21","ISU000011","tbl0012","CLOSED","1","","IATR190000829","","","","","IAT2406190916","NHO2018000007"),
("IATT190000858","","3","100000","0","10000","0","110000","110000","24/06/2019","21:01","2019-06-24","21:42:52","ISU000011","tbl0012","CLOSED","1","","IATR190000830","","","","","IAT2406190916","NHO2018000007");






INSERT INTO pos_promotion_h VALUES("IATT190000852","NPRM18000004","DISC ITEM","1","6750","HAPPY HOUR 25%","IAT2406190916","PAID","NHO2018000007");



INSERT INTO pos_promotion_d VALUES("IATT190000852","NPRM18000004","DISC ITEM","1","1","193030","1","6750","IAT2406190916","PAID","NHO2018000007");



INSERT INTO pos_paymenttemp VALUES("IATT190000851","CARD","VISA","101200","101200","ISU000011","2019-06-24","","1","","CLOSED","IAT2406190916","NHO2018000007"),
("IATT190000852","CASH","CASH","64075","65000","ISU000011","2019-06-24","","1","","CLOSED","IAT2406190916","NHO2018000007"),
("IATT190000853","CARD","DEBIT BCA","66000","66000","ISU000011","2019-06-24","","1","","CLOSED","IAT2406190916","NHO2018000007"),
("IATT190000854","CARD","MASTER","145200","145200","ISU000011","2019-06-24","","1","","CLOSED","IAT2406190916","NHO2018000007"),
("IATT190000855","CARD","MASTER","204600","204600","ISU000011","2019-06-24","","1","","CLOSED","IAT2406190916","NHO2018000007"),
("IATT190000856","CASH","CASH","83600","100600","ISU000011","2019-06-24","","1","","CLOSED","IAT2406190916","NHO2018000007"),
("IATT190000857","CARD","VISA","116600","116600","ISU000011","2019-06-24","","1","","CLOSED","IAT2406190916","NHO2018000007"),
("IATT190000858","CARD","MASTER","110000","110000","ISU000011","2019-06-24","","1","","CLOSED","IAT2406190916","NHO2018000007");



