INSERT INTO pos_itemtemp VALUES("IATT190004520","193024","191001","192003","30000","1","30000","0","30000","1","1","1","IAT2612190947","NHO2018000007","PAID","","193024"),
("IATT190004520","193051","191002","192010","20000","1","20000","0","20000","1","1","1","IAT2612190947","NHO2018000007","PAID","","193051"),
("IATT190004520","193012","191001","192001","40000","1","40000","0","40000","1","1","2","IAT2612190947","NHO2018000007","PAID","","193012"),
("IATT190004520","193053","191002","192010","20000","1","20000","0","20000","1","1","2","IAT2612190947","NHO2018000007","PAID","","193053"),
("IATT190004521","193033","191001","192005","42000","1","42000","0","42000","1","1","1","IAT2612190947","NHO2018000007","PAID","","193033"),
("IATT190004521","193033","191001","192005","42000","1","42000","0","42000","2","1","1","IAT2612190947","NHO2018000007","PAID","","193033"),
("IATT190004521","193084","191001","192001","30000","1","30000","0","30000","1","1","1","IAT2612190947","NHO2018000007","PAID","","PEDAS"),
("IATT190004521","193027","191001","192003","43000","1","43000","0","43000","1","1","1","IAT2612190947","NHO2018000007","PAID","","193027"),
("IATT190004521","193111","191001","192008","25000","1","25000","0","25000","1","1","1","IAT2612190947","NHO2018000007","PAID","","193111"),
("IATT190004521","193048","191002","192010","8000","1","8000","0","8000","1","1","1","IAT2612190947","NHO2018000007","PAID","","193048"),
("IATT190004521","193048","191002","192010","8000","1","8000","0","8000","2","1","1","IAT2612190947","NHO2018000007","PAID","","193048"),
("IATT190004521","193048","191002","192010","8000","1","8000","0","8000","3","1","1","IAT2612190947","NHO2018000007","PAID","","193048"),
("IATT190004521","193055","191002","192010","17000","1","17000","0","17000","1","1","1","IAT2612190947","NHO2018000007","PAID","","193055"),
("IATT190004521","193070","191001","192012","13000","1","13000","0","13000","1","1","1","IAT2612190947","NHO2018000007","PAID","","193070"),
("IATT190004521","193056","191002","192010","17000","1","17000","0","17000","1","1","2","IAT2612190947","NHO2018000007","PAID","","193056"),
("IATT190004522","193084","191001","192001","30000","1","30000","0","30000","1","1","1","IAT2612190947","NHO2018000007","PAID","JANGAN TERLALU PEDAS","PEDAS"),
("IATT190004522","193050","191002","192010","20000","1","20000","0","20000","1","1","1","IAT2612190947","NHO2018000007","PAID","","193050"),
("IATT190004522","193055","191002","192010","17000","1","17000","0","17000","1","1","1","IAT2612190947","NHO2018000007","PAID","","193055"),
("IATT190004521","193051","191002","192010","20000","1","20000","0","20000","1","1","3","IAT2612190947","NHO2018000007","PAID","","193051"),
("IATT190004522","193084","191001","192001","30000","1","30000","0","30000","2","1","2","IAT2612190947","NHO2018000007","PAID","","PEDAS"),
("IATT190004523","193024","191001","192003","30000","1","30000","0","30000","1","1","1","IAT2612190947","NHO2018000007","PAID","","193024"),
("IATT190004524","193082","191001","192001","30000","1","30000","0","30000","1","1","1","IAT2612190947","NHO2018000007","PAID","","193082"),
("IATT190004524","193082","191001","192001","30000","1","30000","0","30000","2","1","1","IAT2612190947","NHO2018000007","PAID","","193082"),
("IATT190004524","193047","191002","192010","10000","1","10000","0","10000","1","1","1","IAT2612190947","NHO2018000007","PAID","","193047"),
("IATT190004524","193047","191002","192010","10000","1","10000","0","10000","2","1","1","IAT2612190947","NHO2018000007","PAID","","193047"),
("IATT190004525","193011","191001","192001","40000","1","40000","0","40000","1","1","1","IAT2612190947","NHO2018000007","PAID","","PEDAS"),
("IATT190004525","193046","191002","192010","10000","1","10000","0","10000","1","1","1","IAT2612190947","NHO2018000007","PAID","","193046"),
("IATT190004526","193078","191001","192001","30000","1","30000","15000","15000","1","1","1","IAT2612190947","NHO2018000007","PAID","","PEDAS"),
("IATT190004526","193039","191001","192006","36000","1","36000","18000","18000","1","1","1","IAT2612190947","NHO2018000007","PAID","","ORIGINAL"),
("IATT190004526","193039","191001","192006","36000","1","36000","18000","18000","2","1","1","IAT2612190947","NHO2018000007","PAID","","ORIGINAL"),
("IATT190004526","193052","191002","192010","20000","1","20000","0","20000","1","1","1","IAT2612190947","NHO2018000007","PAID","","193052"),
("IATT190004527","193015","191001","192002","33000","1","33000","0","33000","1","1","1","IAT2612190947","NHO2018000007","PAID","","ORIGINAL"),
("IATT190004527","193054","191002","192010","20000","1","20000","0","20000","1","1","1","IAT2612190947","NHO2018000007","PAID","","193054"),
("IATT190004527","193049","191002","192010","10000","1","10000","0","10000","1","1","1","IAT2612190947","NHO2018000007","PAID","","193049"),
("IATT190004528","193082","191001","192001","30000","1","30000","6000","24000","1","1","1","IAT2612190947","NHO2018000007","PAID","","193082"),
("IATT190004528","193084","191001","192001","30000","1","30000","6000","24000","1","1","1","IAT2612190947","NHO2018000007","PAID","","PEDAS"),
("IATT190004528","193049","191002","192010","10000","1","10000","0","10000","1","1","1","IAT2612190947","NHO2018000007","PAID","","193049"),
("IATT190004528","193049","191002","192010","10000","1","10000","0","10000","2","1","1","IAT2612190947","NHO2018000007","PAID","","193049"),
("IATT190004529","193022","191001","192003","30000","1","30000","0","30000","1","1","2","IAT2612190947","NHO2018000007","PAID","","193022"),
("IATT190004529","193118","191001","192012","20000","1","20000","0","20000","1","1","2","IAT2612190947","NHO2018000007","PAID","","193118"),
("IATT190004529","193046","191002","192010","10000","1","10000","0","10000","1","1","2","IAT2612190947","NHO2018000007","PAID","","193046"),
("IATT190004526","193078","191001","192001","30000","1","30000","15000","15000","2","1","2","IAT2612190947","NHO2018000007","PAID","","ORIGINAL"),
("IATT190004526","193078","191001","192001","30000","1","30000","15000","15000","3","1","2","IAT2612190947","NHO2018000007","PAID","","ORIGINAL"),
("IATT190004530","193027","191001","192003","43000","1","43000","0","43000","1","1","1","IAT2612190947","NHO2018000007","PAID","","193027"),
("IATT190004530","193052","191002","192010","20000","1","20000","0","20000","1","1","1","IAT2612190947","NHO2018000007","PAID","","193052"),
("IATT190004530","193072","191001","192012","25000","1","25000","0","25000","1","1","2","IAT2612190947","NHO2018000007","PAID","","193072"),
("IATT190004531","193027","191001","192003","43000","1","43000","0","43000","1","1","1","IAT2612190947","NHO2018000007","PAID","","193027"),
("IATT190004531","193055","191002","192010","17000","1","17000","0","17000","1","1","1","IAT2612190947","NHO2018000007","PAID","","193055"),
("IATT190004531","193055","191002","192010","17000","1","17000","0","17000","2","1","1","IAT2612190947","NHO2018000007","PAID","","193055"),
("IATT190004531","193046","191002","192010","10000","1","10000","0","10000","1","1","1","IAT2612190947","NHO2018000007","PAID","","193046"),
("IATT190004531","193086","191001","192002","33000","1","33000","0","33000","1","1","1","IAT2612190947","NHO2018000007","PAID","","PEDAS"),
("IATT190004531","193082","191001","192001","30000","1","30000","0","30000","1","1","1","IAT2612190947","NHO2018000007","PAID","","193082"),
("IATT190004531","193056","191002","192010","17000","1","17000","0","17000","1","1","1","IAT2612190947","NHO2018000007","PAID","","193056"),
("IATT190004531","193050","191002","192010","20000","1","20000","0","20000","1","1","1","IAT2612190947","NHO2018000007","PAID","","193050"),
("IATT190004531","193008","191001","192001","37000","1","37000","0","37000","1","1","1","IAT2612190947","NHO2018000007","PAID","","193008"),
("IATT190004532","193028","191001","192003","43000","1","43000","0","43000","1","1","1","IAT2612190947","NHO2018000007","PAID","","193028"),
("IATT190004532","193046","191002","192010","10000","1","10000","0","10000","1","1","1","IAT2612190947","NHO2018000007","PAID","","193046"),
("IATT190004533","193084","191001","192001","30000","1","30000","12000","18000","1","1","1","IAT2612190947","NHO2018000007","PAID","","PEDAS"),
("IATT190004533","193084","191001","192001","30000","1","30000","12000","18000","2","1","1","IAT2612190947","NHO2018000007","PAID","","PEDAS"),
("IATT190004533","193086","191001","192002","33000","1","33000","13200","19800","1","1","1","IAT2612190947","NHO2018000007","PAID","","PEDAS"),
("IATT190004533","193086","191001","192002","33000","1","33000","13200","19800","2","1","1","IAT2612190947","NHO2018000007","PAID","","PEDAS"),
("IATT190004533","193055","191002","192010","17000","1","17000","0","17000","1","1","1","IAT2612190947","NHO2018000007","PAID","","193055"),
("IATT190004533","193055","191002","192010","17000","1","17000","0","17000","2","1","1","IAT2612190947","NHO2018000007","PAID","","193055"),
("IATT190004533","193050","191002","192010","20000","1","20000","0","20000","1","1","1","IAT2612190947","NHO2018000007","PAID","","193050"),
("IATT190004533","193051","191002","192010","20000","1","20000","0","20000","1","1","1","IAT2612190947","NHO2018000007","PAID","","193051"),
("IATT190004533","193118","191001","192012","20000","1","20000","8000","12000","1","1","1","IAT2612190947","NHO2018000007","PAID","","193118"),
("IATT190004534","193086","191001","192002","33000","1","33000","6600","26400","1","1","1","IAT2612190947","NHO2018000007","PAID","","PEDAS"),
("IATT190004534","193036","191001","192006","36000","1","36000","7200","28800","1","1","1","IAT2612190947","NHO2018000007","PAID","","PEDAS"),
("IATT190004534","193054","191002","192010","20000","1","20000","0","20000","1","1","1","IAT2612190947","NHO2018000007","PAID","","193054"),
("IATT190004534","193055","191002","192010","17000","1","17000","0","17000","1","1","1","IAT2612190947","NHO2018000007","PAID","","193055"),
("IATT190004535","193084","191001","192001","30000","1","30000","0","30000","1","1","1","IAT2612190947","NHO2018000007","PAID","","PEDAS"),
("IATT190004535","193047","191002","192010","10000","1","10000","0","10000","1","1","1","IAT2612190947","NHO2018000007","PAID","","193047"),
("IATT190004536","193024","191001","192003","30000","1","30000","0","30000","1","1","1","IAT2612190947","NHO2018000007","PAID","","193024"),
("IATT190004536","193052","191002","192010","20000","1","20000","0","20000","1","1","1","IAT2612190947","NHO2018000007","PAID","","193052"),
("IATT190004536","193084","191001","192001","30000","1","30000","3000","27000","1","1","1","IAT2612190947","NHO2018000007","PAID","","PEDAS"),
("IATT190004536","193046","191002","192010","10000","1","10000","0","10000","1","1","1","IAT2612190947","NHO2018000007","PAID","","193046"),
("IATT190004537","193082","191001","192001","30000","1","30000","9000","21000","1","1","1","IAT2612190947","NHO2018000007","PAID","","193082"),
("IATT190004537","193009","191001","192001","40000","1","40000","12000","28000","1","1","1","IAT2612190947","NHO2018000007","PAID","","193009"),
("IATT190004537","193049","191002","192010","10000","1","10000","0","10000","1","1","1","IAT2612190947","NHO2018000007","PAID","","193049"),
("IATT190004537","193049","191002","192010","10000","1","10000","0","10000","2","1","1","IAT2612190947","NHO2018000007","PAID","","193049"),
("IATT190004537","193070","191001","192012","13000","1","13000","3900","9100","1","1","2","IAT2612190947","NHO2018000007","PAID","","193070"),
("IATT190004538","193035","191001","192006","32000","1","32000","0","32000","1","1","1","IAT2612190947","NHO2018000007","PAID","","PEDAS"),
("IATT190004538","193006","191001","192001","37000","1","37000","0","37000","1","1","1","IAT2612190947","NHO2018000007","PAID","","193006"),
("IATT190004538","193047","191002","192010","10000","1","10000","0","10000","1","1","1","IAT2612190947","NHO2018000007","PAID","","193047"),
("IATT190004538","193047","191002","192010","10000","1","10000","0","10000","2","1","1","IAT2612190947","NHO2018000007","PAID","","193047"),
("IATT190004539","193084","191001","192001","30000","1","30000","9000","21000","1","1","1","IAT2612190947","NHO2018000007","PAID","","PEDAS"),
("IATT190004539","193081","191001","192002","33000","1","33000","9900","23100","1","1","1","IAT2612190947","NHO2018000007","PAID","","193081"),
("IATT190004539","193030","191001","192004","27000","1","27000","8100","18900","1","1","1","IAT2612190947","NHO2018000007","PAID","","193030"),
("IATT190004539","193048","191002","192010","8000","1","8000","0","8000","1","1","1","IAT2612190947","NHO2018000007","PAID","","193048"),
("IATT190004540","193114","191001","192006","42000","1","42000","0","42000","1","1","1","IAT2612190947","NHO2018000007","PAID","","193114"),
("IATT190004540","193011","191001","192001","40000","1","40000","0","40000","1","1","1","IAT2612190947","NHO2018000007","PAID","","PEDAS"),
("IATT190004540","193054","191002","192010","20000","1","20000","0","20000","1","1","1","IAT2612190947","NHO2018000007","PAID","","193054"),
("IATT190004540","193051","191002","192010","20000","1","20000","0","20000","1","1","1","IAT2612190947","NHO2018000007","PAID","","193051"),
("IATT190004540","193052","191002","192010","20000","1","20000","0","20000","1","1","2","IAT2612190947","NHO2018000007","PAID","","193052"),
("IATT190004541","193035","191001","192006","32000","1","32000","0","32000","1","1","1","IAT2612190947","NHO2018000007","PAID","","ORIGINAL"),
("IATT190004541","193024","191001","192003","30000","1","30000","0","30000","1","1","1","IAT2612190947","NHO2018000007","PAID","","193024"),
("IATT190004541","193046","191002","192010","10000","1","10000","0","10000","1","1","1","IAT2612190947","NHO2018000007","PAID","","193046"),
("IATT190004541","193046","191002","192010","10000","1","10000","0","10000","2","1","1","IAT2612190947","NHO2018000007","PAID","","193046");



INSERT INTO pos_salestemp VALUES("IATT190004520","","1","110000","0","11000","0","121000","150000","26/12/2019","10:52","2019-12-26","11:33:12","ISU000015","tbl0010","CLOSED","1","","IATR190004392","","","","","IAT2612190947","NHO2018000007"),
("IATT190004521","","4","273000","0","27300","0","300300","300300","26/12/2019","11:44","2019-12-26","12:20:14","ISU000015","tbl0023","CLOSED","1","","IATR190004393","","","","","IAT2612190947","NHO2018000007"),
("IATT190004522","","2","97000","0","9700","0","106700","106700","26/12/2019","12:02","2019-12-26","12:35:10","ISU000015","tbl0012","CLOSED","1","","IATR190004396","","","","","IAT2612190947","NHO2018000007"),
("IATT190004523","","1","30000","0","3000","0","33000","50000","26/12/2019","12:20","2019-12-26","12:27:51","ISU000015","tbl0010","CLOSED","1","","IATR190004395","","","","","IAT2612190947","NHO2018000007"),
("IATT190004524","","2","80000","0","8000","0","88000","100000","26/12/2019","12:21","2019-12-26","12:52:41","ISU000015","tbl0011","CLOSED","1","","IATR190004397","","","","","IAT2612190947","NHO2018000007"),
("IATT190004525","","1","50000","0","5000","0","55000","100000","26/12/2019","12:25","2019-12-26","12:26:00","ISU000015","tbl0015","CLOSED","1","","IATR190004394","","","","","IAT2612190947","NHO2018000007"),
("IATT190004526","","3","182000","81000","10100","0","111100","120000","26/12/2019","13:56","2019-12-26","15:31:00","ISU000004","tbl0012","CLOSED","1","","IATR190004400","","","","","IAT2612190947","NHO2018000007"),
("IATT190004527","","2","63000","0","6300","0","69300","70000","26/12/2019","14:04","2019-12-26","14:36:13","ISU000015","tbl0009","CLOSED","1","","IATR190004398","","","","","IAT2612190947","NHO2018000007"),
("IATT190004528","","2","80000","12000","6800","0","74800","100000","26/12/2019","14:41","2019-12-26","15:24:39","ISU000004","tbl0011","CLOSED","1","","IATR190004399","","","","","IAT2612190947","NHO2018000007"),
("IATT190004529","","1","60000","0","6000","0","66000","100000","26/12/2019","14:43","2019-12-26","16:03:00","ISU000004","tbl0010","CLOSED","1","","IATR190004402","","","","","IAT2612190947","NHO2018000007"),
("IATT190004530","","1","88000","0","8800","0","96800","100000","26/12/2019","15:52","2019-12-26","15:55:55","ISU000004","tbl0008","CLOSED","1","","IATR190004401","","","","","IAT2612190947","NHO2018000007"),
("IATT190004531","","4","224000","0","22400","0","246400","250000","26/12/2019","15:56","2019-12-26","16:23:20","ISU000004","tbl0012","CLOSED","1","","IATR190004403","","","","","IAT2612190947","NHO2018000007"),
("IATT190004532","","1","53000","0","5300","0","58300","100000","26/12/2019","16:17","2019-12-26","16:41:29","ISU000004","tbl0013","CLOSED","1","","IATR190004404","","","","","IAT2612190947","NHO2018000007"),
("IATT190004533","","4","220000","58400","16160","0","177760","200000","26/12/2019","16:34","2019-12-26","17:17:40","ISU000004","tbl0010","CLOSED","1","","IATR190004405","","","","","IAT2612190947","NHO2018000007"),
("IATT190004534","","2","106000","13800","9220","0","101420","120000","26/12/2019","17:09","2019-12-26","17:53:43","ISU000004","tbl0012","CLOSED","1","","IATR190004406","","","","","IAT2612190947","NHO2018000007"),
("IATT190004535","","1","40000","0","4000","0","44000","44000","26/12/2019","17:39","2019-12-26","18:33:09","ISU000004","tbl0023","CLOSED","1","","IATR190004408","","","","","IAT2612190947","NHO2018000007"),
("IATT190004536","","2","90000","3000","8700","0","95700","100000","26/12/2019","17:47","2019-12-26","18:22:31","ISU000004","tbl0010","CLOSED","1","","IATR190004407","","","","","IAT2612190947","NHO2018000007"),
("IATT190004537","","2","103000","24900","7810","0","85910","100000","26/12/2019","18:30","2019-12-26","18:59:56","ISU000004","tbl0012","CLOSED","1","","IATR190004409","","","","","IAT2612190947","NHO2018000007"),
("IATT190004538","","2","89000","0","8900","0","97900","100000","26/12/2019","18:51","2019-12-26","19:17:01","ISU000004","tbl0010","CLOSED","1","","IATR190004410","","","","","IAT2612190947","NHO2018000007"),
("IATT190004539","NHM2019003252 Agus supriyanto","2","98000","27000","7100","0","78100","100000","26/12/2019","19:14","2019-12-26","20:02:48","ISU000004","tbl0012","CLOSED","1","","IATR190004411","","","","","IAT2612190947","NHO2018000007"),
("IATT190004540","","2","142000","0","14200","0","156200","160000","26/12/2019","19:15","2019-12-26","21:15:20","ISU000004","tbl0011","CLOSED","1","","IATR190004413","","","","","IAT2612190947","NHO2018000007"),
("IATT190004541","","2","82000","0","8200","0","90200","100000","26/12/2019","20:31","2019-12-26","21:08:38","ISU000004","tbl0010","CLOSED","1","","IATR190004412","","","","","IAT2612190947","NHO2018000007");



INSERT INTO item_void VALUES("IATT190004529","IAT2612190947","NHO2018000007","193027","193027","1","43000","Before Send","Komplen Customer"),
("IATT190004529","IAT2612190947","NHO2018000007","193052","193052","1","20000","Before Send","Komplen Customer");



INSERT INTO pos_promotion_h VALUES("IATT190004528","NPRM18000024","DISC ITEM","1","12000","KANAN KIRI DISKON 20%","IAT2612190947","PAID","NHO2018000007"),
("IATT190004526","NPRM18000027","DISC ITEM","1","81000","KANAN KIRI DISKON 50%","IAT2612190947","PAID","NHO2018000007"),
("IATT190004533","NPRM18000026","DISC ITEM","1","58400","KANAN KIRI DISKON 40%","IAT2612190947","PAID","NHO2018000007"),
("IATT190004534","NPRM18000024","DISC ITEM","1","13800","KANAN KIRI DISKON 20%","IAT2612190947","PAID","NHO2018000007"),
("IATT190004536","NPRM18000023","DISC ITEM","1","3000","KANAN KIRI DISKON 10%","IAT2612190947","PAID","NHO2018000007"),
("IATT190004537","NPRM18000025","DISC ITEM","1","24900","KANAN KIRI DISKON 30%","IAT2612190947","PAID","NHO2018000007"),
("IATT190004539","NPRM18000025","DISC ITEM","1","27000","KANAN KIRI DISKON 30%","IAT2612190947","PAID","NHO2018000007");



INSERT INTO pos_promotion_d VALUES("IATT190004528","NPRM18000024","DISC ITEM","1","1","193082","1","6000","IAT2612190947","PAID","NHO2018000007"),
("IATT190004528","NPRM18000024","DISC ITEM","1","1","193084","1","6000","IAT2612190947","PAID","NHO2018000007"),
("IATT190004526","NPRM18000027","DISC ITEM","1","1","193078","1","15000","IAT2612190947","PAID","NHO2018000007"),
("IATT190004526","NPRM18000027","DISC ITEM","1","1","193039","1","18000","IAT2612190947","PAID","NHO2018000007"),
("IATT190004526","NPRM18000027","DISC ITEM","1","1","193039","2","18000","IAT2612190947","PAID","NHO2018000007"),
("IATT190004526","NPRM18000027","DISC ITEM","1","1","193078","2","15000","IAT2612190947","PAID","NHO2018000007"),
("IATT190004526","NPRM18000027","DISC ITEM","1","1","193078","3","15000","IAT2612190947","PAID","NHO2018000007"),
("IATT190004533","NPRM18000026","DISC ITEM","1","1","193084","1","12000","IAT2612190947","PAID","NHO2018000007"),
("IATT190004533","NPRM18000026","DISC ITEM","1","1","193084","2","12000","IAT2612190947","PAID","NHO2018000007"),
("IATT190004533","NPRM18000026","DISC ITEM","1","1","193086","1","13200","IAT2612190947","PAID","NHO2018000007"),
("IATT190004533","NPRM18000026","DISC ITEM","1","1","193086","2","13200","IAT2612190947","PAID","NHO2018000007"),
("IATT190004533","NPRM18000026","DISC ITEM","1","1","193118","1","8000","IAT2612190947","PAID","NHO2018000007"),
("IATT190004534","NPRM18000024","DISC ITEM","1","1","193086","1","6600","IAT2612190947","PAID","NHO2018000007"),
("IATT190004534","NPRM18000024","DISC ITEM","1","1","193036","1","7200","IAT2612190947","PAID","NHO2018000007"),
("IATT190004536","NPRM18000023","DISC ITEM","1","1","193084","1","3000","IAT2612190947","PAID","NHO2018000007"),
("IATT190004537","NPRM18000025","DISC ITEM","1","1","193082","1","9000","IAT2612190947","PAID","NHO2018000007"),
("IATT190004537","NPRM18000025","DISC ITEM","1","1","193009","1","12000","IAT2612190947","PAID","NHO2018000007"),
("IATT190004537","NPRM18000025","DISC ITEM","1","1","193070","1","3900","IAT2612190947","PAID","NHO2018000007"),
("IATT190004539","NPRM18000025","DISC ITEM","1","1","193084","1","9000","IAT2612190947","PAID","NHO2018000007"),
("IATT190004539","NPRM18000025","DISC ITEM","1","1","193081","1","9900","IAT2612190947","PAID","NHO2018000007"),
("IATT190004539","NPRM18000025","DISC ITEM","1","1","193030","1","8100","IAT2612190947","PAID","NHO2018000007");



INSERT INTO pos_paymenttemp VALUES("IATT190004520","CASH","CASH","121000","150000","ISU000015","2019-12-26","","1","","CLOSED","IAT2612190947","NHO2018000007"),
("IATT190004521","CARD","MASTER","300300","300300","ISU000015","2019-12-26","","1","","CLOSED","IAT2612190947","NHO2018000007"),
("IATT190004525","CASH","CASH","55000","100000","ISU000015","2019-12-26","","1","","CLOSED","IAT2612190947","NHO2018000007"),
("IATT190004523","CASH","CASH","33000","50000","ISU000015","2019-12-26","","1","","CLOSED","IAT2612190947","NHO2018000007"),
("IATT190004522","CARD","MASTER","106700","106700","ISU000015","2019-12-26","","1","","CLOSED","IAT2612190947","NHO2018000007"),
("IATT190004524","CASH","CASH","88000","100000","ISU000015","2019-12-26","","1","","CLOSED","IAT2612190947","NHO2018000007"),
("IATT190004527","CASH","CASH","69300","70000","ISU000015","2019-12-26","","1","","CLOSED","IAT2612190947","NHO2018000007"),
("IATT190004528","CASH","CASH","74800","100000","ISU000004","2019-12-26","","1","","CLOSED","IAT2612190947","NHO2018000007"),
("IATT190004526","CASH","CASH","111100","120000","ISU000004","2019-12-26","","1","","CLOSED","IAT2612190947","NHO2018000007"),
("IATT190004530","VOUCHER","E-Voucher 50K Bloggers X ","50000","50000","ISU000004","2019-12-26","","1","NHV20191220000030","CLOSED","IAT2612190947","NHO2018000007"),
("IATT190004530","VOUCHER","E-Voucher 50K Bloggers X ","50000","50000","ISU000004","2019-12-26","","1","NHV20191220000037","CLOSED","IAT2612190947","NHO2018000007"),
("IATT190004529","VOUCHER","E-Voucher 50K Bloggers X ","50000","50000","ISU000004","2019-12-26","","1","NHV20191220000027","CLOSED","IAT2612190947","NHO2018000007"),
("IATT190004529","CASH","CASH","16000","50000","ISU000004","2019-12-26","","1","","CLOSED","IAT2612190947","NHO2018000007"),
("IATT190004531","CASH","CASH","246400","250000","ISU000004","2019-12-26","","1","","CLOSED","IAT2612190947","NHO2018000007"),
("IATT190004532","CASH","CASH","58300","100000","ISU000004","2019-12-26","","1","","CLOSED","IAT2612190947","NHO2018000007"),
("IATT190004533","CASH","CASH","177760","200000","ISU000004","2019-12-26","","1","","CLOSED","IAT2612190947","NHO2018000007"),
("IATT190004534","CASH","CASH","101420","120000","ISU000004","2019-12-26","","1","","CLOSED","IAT2612190947","NHO2018000007"),
("IATT190004536","CASH","CASH","95700","100000","ISU000004","2019-12-26","","1","","CLOSED","IAT2612190947","NHO2018000007"),
("IATT190004535","CASH","OVO","44000","44000","ISU000004","2019-12-26","","1","","CLOSED","IAT2612190947","NHO2018000007"),
("IATT190004537","CASH","CASH","85910","100000","ISU000004","2019-12-26","","1","","CLOSED","IAT2612190947","NHO2018000007"),
("IATT190004538","CASH","CASH","97900","100000","ISU000004","2019-12-26","","1","","CLOSED","IAT2612190947","NHO2018000007"),
("IATT190004539","CASH","CASH","78100","100000","ISU000004","2019-12-26","","1","","CLOSED","IAT2612190947","NHO2018000007"),
("IATT190004541","CASH","CASH","90200","100000","ISU000004","2019-12-26","","1","","CLOSED","IAT2612190947","NHO2018000007"),
("IATT190004540","VOUCHER","E-Voucher 50K Bloggers X ","50000","50000","ISU000004","2019-12-26","","1","NHV20191220000052","CLOSED","IAT2612190947","NHO2018000007"),
("IATT190004540","VOUCHER","E-Voucher 50K Bloggers X ","50000","50000","ISU000004","2019-12-26","","1","NHV20191220000059","CLOSED","IAT2612190947","NHO2018000007"),
("IATT190004540","VOUCHER","E-Voucher 50K Bloggers X ","50000","50000","ISU000004","2019-12-26","","1","NHV20191220000066","CLOSED","IAT2612190947","NHO2018000007"),
("IATT190004540","CASH","CASH","6200","10000","ISU000004","2019-12-26","","1","","CLOSED","IAT2612190947","NHO2018000007");



