INSERT INTO pos_itemtemp VALUES("IATT200004915","193033","191001","192005","42000","1","42000","0","42000","1","1","1","IAT2401200947","NHO2018000007","PAID","","193033"),
("IATT200004915","193084","191001","192001","30000","1","30000","0","30000","1","1","1","IAT2401200947","NHO2018000007","PAID","lvl2","PEDAS"),
("IATT200004915","193084","191001","192001","30000","1","30000","0","30000","2","1","1","IAT2401200947","NHO2018000007","PAID","","PEDAS"),
("IATT200004915","193118","191001","192012","20000","1","20000","0","20000","1","1","1","IAT2401200947","NHO2018000007","PAID","","193118"),
("IATT200004916","193077","191001","192001","30000","1","30000","0","30000","1","1","1","IAT2401200947","NHO2018000007","PAID","","193077"),
("IATT200004917","193024","191001","192003","30000","1","30000","0","30000","1","1","1","IAT2401200947","NHO2018000007","PAID","","193024"),
("IATT200004917","193082","191001","192001","30000","1","30000","0","30000","1","1","1","IAT2401200947","NHO2018000007","PAID","","193082"),
("IATT200004917","193054","191002","192010","20000","1","20000","0","20000","1","1","1","IAT2401200947","NHO2018000007","PAID","","193054"),
("IATT200004917","193048","191002","192010","8000","1","8000","0","8000","1","1","1","IAT2401200947","NHO2018000007","PAID","","193048"),
("IATT200004918","193084","191001","192001","30000","1","30000","0","30000","1","1","1","IAT2401200947","NHO2018000007","PAID","","PEDAS"),
("IATT200004918","193033","191001","192005","42000","1","42000","0","42000","1","1","1","IAT2401200947","NHO2018000007","PAID","","193033"),
("IATT200004918","193056","191002","192010","17000","1","17000","0","17000","1","1","1","IAT2401200947","NHO2018000007","PAID","","193056"),
("IATT200004918","193052","191002","192010","20000","1","20000","0","20000","1","1","1","IAT2401200947","NHO2018000007","PAID","","193052"),
("IATT200004919","193007","191001","192001","37000","1","37000","0","37000","1","1","1","IAT2401200947","NHO2018000007","PAID","pedas sedang","PEDAS"),
("IATT200004919","193052","191002","192010","20000","1","20000","0","20000","1","1","1","IAT2401200947","NHO2018000007","PAID","","193052"),
("IATT200004919","193006","191001","192001","37000","1","37000","0","37000","1","1","2","IAT2401200947","NHO2018000007","PAID","","193006"),
("IATT200004919","193053","191002","192010","20000","1","20000","0","20000","1","1","2","IAT2401200947","NHO2018000007","PAID","","193053"),
("IATT200004920","193084","191001","192001","30000","1","30000","0","30000","1","1","1","IAT2401200947","NHO2018000007","PAID","pedes sedeng","PEDAS"),
("IATT200004920","193046","191002","192010","10000","1","10000","0","10000","1","1","1","IAT2401200947","NHO2018000007","PAID","","193046");



INSERT INTO pos_salestemp VALUES("IATT200004915","","5","122000","0","12200","0","134200","134200","24/01/2020","12:23","2020-01-24","12:50:06","ISU000006","tbl0022","CLOSED","1","","IATR200004781","","","","","IAT2401200947","NHO2018000007"),
("IATT200004916","","1","30000","0","3000","0","33000","33000","24/01/2020","12:25","2020-01-24","13:01:29","ISU000006","tbl0011","CLOSED","1","","IATR200004782","","","","","IAT2401200947","NHO2018000007"),
("IATT200004917","","2","88000","0","8800","0","96800","100000","24/01/2020","13:32","2020-01-24","14:05:00","ISU000006","tbl0010","CLOSED","1","","IATR200004783","","","","","IAT2401200947","NHO2018000007"),
("IATT200004918","","2","109000","0","10900","0","119900","119900","24/01/2020","14:50","2020-01-24","15:29:27","ISU000006","tbl0012","CLOSED","1","","IATR200004784","","","","","IAT2401200947","NHO2018000007"),
("IATT200004919","","1","114000","0","11400","0","125400","200000","24/01/2020","14:52","2020-01-24","15:42:12","ISU000006","tbl0011","CLOSED","1","","IATR200004785","","","","","IAT2401200947","NHO2018000007"),
("IATT200004920","","1","40000","0","4000","0","44000","44000","24/01/2020","19:43","2020-01-24","20:28:38","ISU000004","tbl0012","CLOSED","1","","IATR200004786","","","","","IAT2401200947","NHO2018000007");












INSERT INTO pos_paymenttemp VALUES("IATT200004915","CARD","DEBIT BCA","134200","134200","ISU000006","2020-01-24","","1","","CLOSED","IAT2401200947","NHO2018000007"),
("IATT200004916","CASH","OVO","33000","33000","ISU000006","2020-01-24","","1","","CLOSED","IAT2401200947","NHO2018000007"),
("IATT200004917","CASH","CASH","96800","100000","ISU000006","2020-01-24","","1","","CLOSED","IAT2401200947","NHO2018000007"),
("IATT200004918","CARD","DEBIT BCA","119900","119900","ISU000006","2020-01-24","","1","","CLOSED","IAT2401200947","NHO2018000007"),
("IATT200004919","CASH","CASH","125400","200000","ISU000006","2020-01-24","","1","","CLOSED","IAT2401200947","NHO2018000007"),
("IATT200004920","CARD","DEBIT BCA","44000","44000","ISU000004","2020-01-24","","1","","CLOSED","IAT2401200947","NHO2018000007");



