INSERT INTO pos_itemtemp VALUES("IATT190003324","193056","191002","192010","17000","1","17000","0","17000","1","1","1","IAT2010191003","NHO2018000007","PAID","","193056"),
("IATT190003324","193055","191002","192010","17000","1","17000","0","17000","1","1","1","IAT2010191003","NHO2018000007","PAID","","193055"),
("IATT190003324","193006","191001","192001","37000","1","37000","18500","18500","1","1","1","IAT2010191003","NHO2018000007","PAID","","193006"),
("IATT190003324","193111","191001","192008","25000","1","25000","0","25000","1","1","1","IAT2010191003","NHO2018000007","PAID","","193111"),
("IATT190003324","193033","191001","192005","42000","1","42000","21000","21000","1","1","1","IAT2010191003","NHO2018000007","PAID","","193033"),
("IATT190003324","193036","191001","192006","36000","1","36000","18000","18000","1","1","1","IAT2010191003","NHO2018000007","PAID","","ORIGINAL"),
("IATT190003325","193036","191001","192006","36000","1","36000","18000","18000","1","1","1","IAT2010191003","NHO2018000007","PAID","pedas banget","PEDAS"),
("IATT190003325","193009","191001","192001","40000","1","40000","20000","20000","1","1","1","IAT2010191003","NHO2018000007","PAID","","193009"),
("IATT190003325","193084","191001","192001","30000","1","30000","15000","15000","1","1","1","IAT2010191003","NHO2018000007","PAID","pedas banget","PEDAS"),
("IATT190003325","193033","191001","192005","42000","1","42000","21000","21000","1","1","1","IAT2010191003","NHO2018000007","PAID","","193033"),
("IATT190003325","193055","191002","192010","17000","1","17000","0","17000","1","1","1","IAT2010191003","NHO2018000007","PAID","","193055"),
("IATT190003325","193055","191002","192010","17000","1","17000","0","17000","2","1","1","IAT2010191003","NHO2018000007","PAID","","193055"),
("IATT190003325","193056","191002","192010","17000","1","17000","0","17000","1","1","1","IAT2010191003","NHO2018000007","PAID","","193056"),
("IATT190003326","193011","191001","192001","40000","1","40000","20000","20000","1","1","1","IAT2010191003","NHO2018000007","PAID","sedeng","ORIGINAL"),
("IATT190003326","193009","191001","192001","40000","1","40000","20000","20000","1","1","1","IAT2010191003","NHO2018000007","PAID","","193009"),
("IATT190003326","193084","191001","192001","30000","1","30000","15000","15000","1","1","1","IAT2010191003","NHO2018000007","PAID","lvl2","ORIGINAL"),
("IATT190003326","193046","191002","192010","10000","1","10000","0","10000","1","1","1","IAT2010191003","NHO2018000007","PAID","","193046"),
("IATT190003326","193046","191002","192010","10000","1","10000","0","10000","2","1","1","IAT2010191003","NHO2018000007","PAID","","193046"),
("IATT190003326","193047","191002","192010","10000","1","10000","0","10000","1","1","1","IAT2010191003","NHO2018000007","PAID","","193047"),
("IATT190003327","193010","191001","192001","40000","1","40000","20000","20000","1","1","1","IAT2010191003","NHO2018000007","PAID","","193010"),
("IATT190003327","193009","191001","192001","40000","1","40000","20000","20000","1","1","1","IAT2010191003","NHO2018000007","PAID","","193009"),
("IATT190003327","193037","191001","192006","36000","1","36000","18000","18000","1","1","1","IAT2010191003","NHO2018000007","PAID"," pedes sedeng ya jgn pedes pedes !!","ORIGINAL"),
("IATT190003327","193046","191002","192010","10000","1","10000","0","10000","1","1","1","IAT2010191003","NHO2018000007","PAID","","193046"),
("IATT190003327","193056","191002","192010","17000","1","17000","0","17000","1","1","1","IAT2010191003","NHO2018000007","PAID","","193056"),
("IATT190003327","193055","191002","192010","17000","1","17000","0","17000","1","1","1","IAT2010191003","NHO2018000007","PAID","","193055"),
("IATT190003328","193007","191001","192001","37000","1","37000","18500","18500","1","1","1","IAT2010191003","NHO2018000007","PAID","","PEDAS"),
("IATT190003328","193007","191001","192001","37000","1","37000","18500","18500","2","1","1","IAT2010191003","NHO2018000007","PAID","","PEDAS"),
("IATT190003328","193087","191001","192002","33000","1","33000","16500","16500","1","1","1","IAT2010191003","NHO2018000007","PAID","","193087"),
("IATT190003328","193055","191002","192010","17000","1","17000","0","17000","1","1","1","IAT2010191003","NHO2018000007","PAID","","193055"),
("IATT190003328","193055","191002","192010","17000","1","17000","0","17000","2","1","1","IAT2010191003","NHO2018000007","PAID","","193055"),
("IATT190003328","193056","191002","192010","17000","1","17000","0","17000","1","1","1","IAT2010191003","NHO2018000007","PAID","","193056"),
("IATT190003329","193020","191001","192002","40000","1","40000","20000","20000","1","1","1","IAT2010191003","NHO2018000007","PAID","","193020"),
("IATT190003329","193015","191001","192002","33000","1","33000","16500","16500","1","1","1","IAT2010191003","NHO2018000007","PAID","","ORIGINAL"),
("IATT190003329","193047","191002","192010","10000","1","10000","0","10000","1","1","1","IAT2010191003","NHO2018000007","PAID","","193047"),
("IATT190003329","193048","191002","192010","8000","1","8000","0","8000","1","1","1","IAT2010191003","NHO2018000007","PAID","","193048"),
("IATT190003330","193036","191001","192006","36000","1","36000","18000","18000","1","1","1","IAT2010191003","NHO2018000007","PAID","","ORIGINAL"),
("IATT190003330","193011","191001","192001","40000","1","40000","20000","20000","1","1","1","IAT2010191003","NHO2018000007","PAID","lvl3","PEDAS"),
("IATT190003331","193032","191001","192004","30000","1","30000","0","30000","1","1","1","IAT2010191003","NHO2018000007","PAID","","193032"),
("IATT190003331","193033","191001","192005","42000","1","42000","0","42000","1","1","1","IAT2010191003","NHO2018000007","PAID","","193033"),
("IATT190003331","193086","191001","192002","33000","1","33000","0","33000","1","1","1","IAT2010191003","NHO2018000007","PAID","","ORIGINAL"),
("IATT190003331","193011","191001","192001","40000","1","40000","0","40000","1","1","1","IAT2010191003","NHO2018000007","PAID","","ORIGINAL"),
("IATT190003331","193052","191002","192010","20000","1","20000","0","20000","1","1","1","IAT2010191003","NHO2018000007","PAID","","193052"),
("IATT190003332","193034","191001","192005","37000","1","37000","18500","18500","1","1","1","IAT2010191003","NHO2018000007","PAID","curry terpisah","193034"),
("IATT190003332","193027","191001","192003","43000","1","43000","0","43000","1","1","1","IAT2010191003","NHO2018000007","PAID","","193027"),
("IATT190003332","193035","191001","192006","32000","1","32000","16000","16000","1","1","1","IAT2010191003","NHO2018000007","PAID","","PEDAS"),
("IATT190003332","193011","191001","192001","40000","1","40000","20000","20000","1","1","1","IAT2010191003","NHO2018000007","PAID","","PEDAS"),
("IATT190003332","193112","191001","192003","50000","1","50000","0","50000","1","1","1","IAT2010191003","NHO2018000007","PAID","","193112"),
("IATT190003332","193080","191001","192002","33000","1","33000","16500","16500","1","1","1","IAT2010191003","NHO2018000007","PAID","","PEDAS"),
("IATT190003332","193052","191002","192010","20000","1","20000","0","20000","1","1","1","IAT2010191003","NHO2018000007","PAID","","193052"),
("IATT190003332","193052","191002","192010","20000","1","20000","0","20000","2","1","1","IAT2010191003","NHO2018000007","PAID","","193052"),
("IATT190003332","193053","191002","192010","20000","1","20000","0","20000","1","1","1","IAT2010191003","NHO2018000007","PAID","","193053"),
("IATT190003332","193056","191002","192010","17000","1","17000","0","17000","1","1","1","IAT2010191003","NHO2018000007","PAID","","193056"),
("IATT190003332","193055","191002","192010","17000","1","17000","0","17000","1","1","1","IAT2010191003","NHO2018000007","PAID","","193055"),
("IATT190003333","193012","191001","192001","40000","1","40000","20000","20000","1","1","1","IAT2010191003","NHO2018000007","PAID","","193012"),
("IATT190003333","193046","191002","192010","10000","1","10000","0","10000","1","1","1","IAT2010191003","NHO2018000007","PAID","","193046"),
("IATT190003334","193015","191001","192002","33000","1","33000","16500","16500","1","1","1","IAT2010191003","NHO2018000007","PAID","pedes nya sedeng","PEDAS"),
("IATT190003334","193027","191001","192003","43000","1","43000","0","43000","1","1","1","IAT2010191003","NHO2018000007","PAID","","193027"),
("IATT190003334","193056","191002","192010","17000","1","17000","0","17000","1","1","1","IAT2010191003","NHO2018000007","PAID","","193056"),
("IATT190003334","193055","191002","192010","17000","1","17000","0","17000","1","1","1","IAT2010191003","NHO2018000007","PAID","","193055"),
("IATT190003335","193079","191001","192001","30000","1","30000","15000","15000","1","1","1","IAT2010191003","NHO2018000007","PAID","GAPAKE SAYURAN","193079"),
("IATT190003335","193011","191001","192001","40000","1","40000","20000","20000","1","1","1","IAT2010191003","NHO2018000007","PAID","","PEDAS"),
("IATT190003335","193076","191001","192001","30000","1","30000","15000","15000","1","1","1","IAT2010191003","NHO2018000007","PAID","","193076"),
("IATT190003335","193033","191001","192005","42000","1","42000","21000","21000","1","1","1","IAT2010191003","NHO2018000007","PAID","","193033"),
("IATT190003335","193052","191002","192010","20000","1","20000","0","20000","1","1","1","IAT2010191003","NHO2018000007","PAID","","193052"),
("IATT190003335","193032","191001","192004","30000","1","30000","15000","15000","1","1","1","IAT2010191003","NHO2018000007","PAID","GAPAKE SAYURAN","193032"),
("IATT190003336","193071","191001","192012","18000","1","18000","9000","9000","1","1","1","IAT2010191003","NHO2018000007","PAID","","193071"),
("IATT190003337","193056","191002","192010","17000","1","17000","0","17000","1","1","1","IAT2010191003","NHO2018000007","PAID","","193056"),
("IATT190003337","193027","191001","192003","43000","1","43000","0","43000","1","1","2","IAT2010191003","NHO2018000007","PAID","","193027"),
("IATT190003337","193056","191002","192010","17000","1","17000","0","17000","2","1","2","IAT2010191003","NHO2018000007","PAID","","193056"),
("IATT190003337","193048","191002","192010","8000","1","8000","0","8000","1","1","2","IAT2010191003","NHO2018000007","PAID","","193048"),
("IATT190003338","193113","191001","192003","55000","1","55000","0","55000","1","1","1","IAT2010191003","NHO2018000007","PAID","","193113"),
("IATT190003338","193052","191002","192010","20000","1","20000","0","20000","1","1","1","IAT2010191003","NHO2018000007","PAID","","193052"),
("IATT190003339","193082","191001","192001","30000","1","30000","15000","15000","1","1","1","IAT2010191003","NHO2018000007","PAID","","193082"),
("IATT190003340","193048","191002","192010","8000","1","8000","0","8000","1","1","1","IAT2010191003","NHO2018000007","PAID","","193048"),
("IATT190003341","193011","191001","192001","40000","1","40000","20000","20000","1","1","1","IAT2010191003","NHO2018000007","PAID","","ORIGINAL"),
("IATT190003341","193006","191001","192001","37000","1","37000","18500","18500","1","1","1","IAT2010191003","NHO2018000007","PAID","","193006"),
("IATT190003341","193047","191002","192010","10000","1","10000","0","10000","1","1","1","IAT2010191003","NHO2018000007","PAID","","193047"),
("IATT190003341","193052","191002","192010","20000","1","20000","0","20000","1","1","1","IAT2010191003","NHO2018000007","PAID","","193052"),
("IATT190003342","193025","191001","192003","30000","1","30000","0","30000","1","1","1","IAT2010191003","NHO2018000007","PAID","","193025"),
("IATT190003342","193056","191002","192010","17000","1","17000","0","17000","1","1","1","IAT2010191003","NHO2018000007","PAID","","193056"),
("IATT190003342","193055","191002","192010","17000","1","17000","0","17000","1","1","1","IAT2010191003","NHO2018000007","PAID","","193055"),
("IATT190003343","193028","191001","192003","43000","1","43000","0","43000","1","1","1","IAT2010191003","NHO2018000007","PAID","","193028"),
("IATT190003343","193056","191002","192010","17000","1","17000","0","17000","1","1","1","IAT2010191003","NHO2018000007","PAID","","193056"),
("IATT190003343","193050","191002","192010","20000","1","20000","0","20000","1","1","1","IAT2010191003","NHO2018000007","PAID","","193050"),
("IATT190003343","193096","191001","192008","50000","1","50000","0","50000","1","1","1","IAT2010191003","NHO2018000007","PAID","","193096"),
("IATT190003344","193084","191001","192001","30000","1","30000","15000","15000","1","1","1","IAT2010191003","NHO2018000007","PAID","","PEDAS"),
("IATT190003344","193118","191001","192012","20000","1","20000","10000","10000","1","1","1","IAT2010191003","NHO2018000007","PAID","","193118"),
("IATT190003344","193055","191002","192010","17000","1","17000","0","17000","1","1","1","IAT2010191003","NHO2018000007","PAID","","193055"),
("IATT190003345","193078","191001","192001","30000","1","30000","15000","15000","1","1","1","IAT2010191003","NHO2018000007","PAID","","PEDAS"),
("IATT190003346","193008","191001","192001","37000","1","37000","18500","18500","1","1","1","IAT2010191003","NHO2018000007","PAID","","193008"),
("IATT190003347","193005","191001","192001","37000","1","37000","18500","18500","1","1","1","IAT2010191003","NHO2018000007","PAID","","193005"),
("IATT190003347","193039","191001","192006","36000","1","36000","18000","18000","1","1","1","IAT2010191003","NHO2018000007","PAID","","PEDAS"),
("IATT190003347","193055","191002","192010","17000","1","17000","0","17000","2","1","1","IAT2010191003","NHO2018000007","PAID","","193055"),
("IATT190003347","193056","191002","192010","17000","1","17000","0","17000","1","1","1","IAT2010191003","NHO2018000007","PAID","","193056"),
("IATT190003347","193055","191002","192010","17000","1","17000","0","17000","3","1","1","IAT2010191003","NHO2018000007","PAID","","193055"),
("IATT190003347","193012","191001","192001","40000","1","40000","20000","20000","1","1","1","IAT2010191003","NHO2018000007","PAID","","193012"),
("IATT190003348","193009","191001","192001","40000","1","40000","20000","20000","1","1","1","IAT2010191003","NHO2018000007","PAID","KUAH NYA BANYAKIN","193009"),
("IATT190003348","193009","191001","192001","40000","1","40000","20000","20000","2","1","2","IAT2010191003","NHO2018000007","PAID","","193009"),
("IATT190003349","193036","191001","192006","36000","1","36000","0","36000","1","1","1","IAT2010191003","NHO2018000007","PAID","","ORIGINAL");



INSERT INTO pos_salestemp VALUES("IATT190003324","","3","174000","57500","11650","0","128150","128150","20/10/2019","12:33","2019-10-20","13:34:22","ISU000004","tbl0012","CLOSED","1","","IATR190003227","","","","","IAT2010191003","NHO2018000007"),
("IATT190003325","","1","199000","74000","12500","0","137500","137500","20/10/2019","12:40","2019-10-20","13:52:51","ISU000004","tbl0010","CLOSED","1","","IATR190003229","","","","","IAT2010191003","NHO2018000007"),
("IATT190003326","","3","140000","55000","8500","0","93500","100000","20/10/2019","12:42","2019-10-20","13:36:52","ISU000004","tbl0011","CLOSED","1","","IATR190003228","","","","","IAT2010191003","NHO2018000007"),
("IATT190003327","","3","160000","58000","10200","0","112200","120000","20/10/2019","13:21","2019-10-20","14:02:59","ISU000004","tbl0014","CLOSED","1","","IATR190003230","","","","","IAT2010191003","NHO2018000007"),
("IATT190003328","","3","158000","53500","10450","0","114950","114950","20/10/2019","14:13","2019-10-20","14:56:36","ISU000006","tbl0012","CLOSED","1","","IATR190003231","","","","","IAT2010191003","NHO2018000007"),
("IATT190003329","","2","91000","36500","5450","0","59950","59950","20/10/2019","14:22","2019-10-20","14:59:22","ISU000006","tbl0010","CLOSED","1","","IATR190003232","","","","","IAT2010191003","NHO2018000007"),
("IATT190003330","","2","76000","38000","3800","0","41800","50000","20/10/2019","14:27","2019-10-20","15:22:50","ISU000006","tbl0011","CLOSED","1","","IATR190003234","","","","","IAT2010191003","NHO2018000007"),
("IATT190003331","","3","165000","0","16500","0","181500","200000","20/10/2019","14:40","2019-10-20","15:05:49","ISU000006","tbl0014","CLOSED","1","","IATR190003233","","","","","IAT2010191003","NHO2018000007"),
("IATT190003332","","5","329000","71000","25800","0","283800","283800","20/10/2019","14:43","2019-10-20","15:31:03","ISU000006","tbl0023","CLOSED","1","","IATR190003235","","","","","IAT2010191003","NHO2018000007"),
("IATT190003333","","1","50000","20000","3000","0","33000","33000","20/10/2019","14:59","2019-10-20","15:47:55","ISU000006","tbl0005","CLOSED","1","","IATR190003236","","","","","IAT2010191003","NHO2018000007"),
("IATT190003334","","2","110000","16500","9350","0","102850","150000","20/10/2019","15:53","2019-10-20","16:21:12","ISU000006","tbl0012","CLOSED","1","","IATR190003237","","","","","IAT2010191003","NHO2018000007"),
("IATT190003335","","2","192000","86000","10600","0","116600","116600","20/10/2019","16:25","2019-10-20","17:16:18","ISU000006","tbl0010","CLOSED","1","","IATR190003238","","","","","IAT2010191003","NHO2018000007"),
("IATT190003336","","1","18000","9000","900","0","9900","10000","20/10/2019","16:28","2019-10-20","21:29:51","ISU000006","tbl0003","CLOSED","1","","IATR190003251","","","","","IAT2010191003","NHO2018000007"),
("IATT190003337","","2","85000","0","8500","0","93500","100000","20/10/2019","16:53","2019-10-20","18:09:06","ISU000006","tbl0011","CLOSED","1","","IATR190003242","","","","","IAT2010191003","NHO2018000007"),
("IATT190003338","","2","75000","0","7500","0","82500","82500","20/10/2019","17:19","2019-10-20","17:49:00","ISU000006","tbl0012","CLOSED","1","","IATR190003239","","","","","IAT2010191003","NHO2018000007"),
("IATT190003339","","1","30000","15000","1500","0","16500","20000","20/10/2019","17:21","2019-10-20","17:49:36","ISU000006","tbl0007","CLOSED","1","","IATR190003240","","","","","IAT2010191003","NHO2018000007"),
("IATT190003340","","0","8000","0","800","0","8800","8800","20/10/2019","17:49","2019-10-20","17:50:33","ISU000006","tbl0012","CLOSED","1","","IATR190003241","","","","","IAT2010191003","NHO2018000007"),
("IATT190003341","","2","107000","38500","6850","0","75350","100000","20/10/2019","18:02","2019-10-20","18:49:12","ISU000006","tbl0012","CLOSED","1","","IATR190003244","","","","","IAT2010191003","NHO2018000007"),
("IATT190003342","","2","64000","0","6400","0","70400","70400","20/10/2019","18:14","2019-10-20","18:43:30","ISU000006","tbl0011","CLOSED","1","","IATR190003243","","","","","IAT2010191003","NHO2018000007"),
("IATT190003343","","2","130000","0","13000","0","143000","143000","20/10/2019","18:44","2019-10-20","19:30:58","ISU000006","tbl0010","CLOSED","1","","IATR190003246","","","","","IAT2010191003","NHO2018000007"),
("IATT190003344","","1","67000","25000","4200","0","46200","50000","20/10/2019","18:45","2019-10-20","19:09:28","ISU000006","tbl0021","CLOSED","1","","IATR190003245","","","","","IAT2010191003","NHO2018000007"),
("IATT190003345","","1","30000","15000","1500","0","16500","16500","20/10/2019","19:37","2019-10-20","20:21:49","ISU000006","tbl0010","CLOSED","1","","IATR190003247","","","","","IAT2010191003","NHO2018000007"),
("IATT190003346","","1","37000","18500","1850","0","20350","20500","20/10/2019","19:56","2019-10-20","20:24:16","ISU000006","tbl0012","CLOSED","1","","IATR190003248","","","","","IAT2010191003","NHO2018000007"),
("IATT190003347","","3","164000","56500","10750","0","118250","118250","20/10/2019","20:16","2019-10-20","21:06:26","ISU000006","tbl0011","CLOSED","1","","IATR190003249","","","","","IAT2010191003","NHO2018000007"),
("IATT190003348","","1","80000","40000","4000","0","44000","44000","20/10/2019","20:50","2019-10-20","21:33:22","ISU000006","tbl0006","CLOSED","1","","IATR190003252","","","","","IAT2010191003","NHO2018000007"),
("IATT190003349","","1","36000","0","3600","0","39600","39600","20/10/2019","21:04","2019-10-20","21:15:29","ISU000006","tbl0007","CLOSED","1","","IATR190003250","","","","","IAT2010191003","NHO2018000007");



INSERT INTO item_void VALUES("IATT190003336","IAT2010191003","NHO2018000007","193030","193030","1","27000","Before Send","Komplen Customer");



INSERT INTO pos_promotion_h VALUES("IATT190003324","NPRM18000017","DISC ITEM","1","57500","TUNJUKKAN JEMPOLMU","IAT2010191003","PAID","NHO2018000007"),
("IATT190003326","NPRM18000017","DISC ITEM","1","55000","TUNJUKKAN JEMPOLMU","IAT2010191003","PAID","NHO2018000007"),
("IATT190003325","NPRM18000017","DISC ITEM","1","74000","TUNJUKKAN JEMPOLMU","IAT2010191003","PAID","NHO2018000007"),
("IATT190003327","NPRM18000017","DISC ITEM","1","58000","TUNJUKKAN JEMPOLMU","IAT2010191003","PAID","NHO2018000007"),
("IATT190003328","NPRM18000017","DISC ITEM","1","53500","TUNJUKKAN JEMPOLMU","IAT2010191003","PAID","NHO2018000007"),
("IATT190003329","NPRM18000017","DISC ITEM","1","36500","TUNJUKKAN JEMPOLMU","IAT2010191003","PAID","NHO2018000007"),
("IATT190003330","NPRM18000017","DISC ITEM","1","38000","TUNJUKKAN JEMPOLMU","IAT2010191003","PAID","NHO2018000007"),
("IATT190003332","NPRM18000017","DISC ITEM","1","71000","TUNJUKKAN JEMPOLMU","IAT2010191003","PAID","NHO2018000007"),
("IATT190003333","NPRM18000017","DISC ITEM","1","20000","TUNJUKKAN JEMPOLMU","IAT2010191003","PAID","NHO2018000007"),
("IATT190003334","NPRM18000017","DISC ITEM","1","16500","TUNJUKKAN JEMPOLMU","IAT2010191003","PAID","NHO2018000007"),
("IATT190003335","NPRM18000017","DISC ITEM","1","86000","TUNJUKKAN JEMPOLMU","IAT2010191003","PAID","NHO2018000007"),
("IATT190003339","NPRM18000017","DISC ITEM","1","15000","TUNJUKKAN JEMPOLMU","IAT2010191003","PAID","NHO2018000007"),
("IATT190003341","NPRM18000017","DISC ITEM","1","38500","TUNJUKKAN JEMPOLMU","IAT2010191003","PAID","NHO2018000007"),
("IATT190003344","NPRM18000017","DISC ITEM","1","25000","TUNJUKKAN JEMPOLMU","IAT2010191003","PAID","NHO2018000007"),
("IATT190003345","NPRM18000017","DISC ITEM","1","15000","TUNJUKKAN JEMPOLMU","IAT2010191003","PAID","NHO2018000007"),
("IATT190003346","NPRM18000017","DISC ITEM","1","18500","TUNJUKKAN JEMPOLMU","IAT2010191003","PAID","NHO2018000007"),
("IATT190003347","NPRM18000017","DISC ITEM","1","56500","TUNJUKKAN JEMPOLMU","IAT2010191003","PAID","NHO2018000007"),
("IATT190003336","NPRM18000017","DISC ITEM","1","9000","TUNJUKKAN JEMPOLMU","IAT2010191003","PAID","NHO2018000007"),
("IATT190003348","NPRM18000017","DISC ITEM","1","40000","TUNJUKKAN JEMPOLMU","IAT2010191003","PAID","NHO2018000007");



INSERT INTO pos_promotion_d VALUES("IATT190003324","NPRM18000017","DISC ITEM","1","1","193006","1","18500","IAT2010191003","PAID","NHO2018000007"),
("IATT190003324","NPRM18000017","DISC ITEM","1","1","193033","1","21000","IAT2010191003","PAID","NHO2018000007"),
("IATT190003324","NPRM18000017","DISC ITEM","1","1","193036","1","18000","IAT2010191003","PAID","NHO2018000007"),
("IATT190003326","NPRM18000017","DISC ITEM","1","1","193011","1","20000","IAT2010191003","PAID","NHO2018000007"),
("IATT190003326","NPRM18000017","DISC ITEM","1","1","193009","1","20000","IAT2010191003","PAID","NHO2018000007"),
("IATT190003326","NPRM18000017","DISC ITEM","1","1","193084","1","15000","IAT2010191003","PAID","NHO2018000007"),
("IATT190003325","NPRM18000017","DISC ITEM","1","1","193036","1","18000","IAT2010191003","PAID","NHO2018000007"),
("IATT190003325","NPRM18000017","DISC ITEM","1","1","193009","1","20000","IAT2010191003","PAID","NHO2018000007"),
("IATT190003325","NPRM18000017","DISC ITEM","1","1","193084","1","15000","IAT2010191003","PAID","NHO2018000007"),
("IATT190003325","NPRM18000017","DISC ITEM","1","1","193033","1","21000","IAT2010191003","PAID","NHO2018000007"),
("IATT190003327","NPRM18000017","DISC ITEM","1","1","193010","1","20000","IAT2010191003","PAID","NHO2018000007"),
("IATT190003327","NPRM18000017","DISC ITEM","1","1","193009","1","20000","IAT2010191003","PAID","NHO2018000007"),
("IATT190003327","NPRM18000017","DISC ITEM","1","1","193037","1","18000","IAT2010191003","PAID","NHO2018000007"),
("IATT190003328","NPRM18000017","DISC ITEM","1","1","193007","1","18500","IAT2010191003","PAID","NHO2018000007"),
("IATT190003328","NPRM18000017","DISC ITEM","1","1","193007","2","18500","IAT2010191003","PAID","NHO2018000007"),
("IATT190003328","NPRM18000017","DISC ITEM","1","1","193087","1","16500","IAT2010191003","PAID","NHO2018000007"),
("IATT190003329","NPRM18000017","DISC ITEM","1","1","193020","1","20000","IAT2010191003","PAID","NHO2018000007"),
("IATT190003329","NPRM18000017","DISC ITEM","1","1","193015","1","16500","IAT2010191003","PAID","NHO2018000007"),
("IATT190003330","NPRM18000017","DISC ITEM","1","1","193036","1","18000","IAT2010191003","PAID","NHO2018000007"),
("IATT190003330","NPRM18000017","DISC ITEM","1","1","193011","1","20000","IAT2010191003","PAID","NHO2018000007"),
("IATT190003332","NPRM18000017","DISC ITEM","1","1","193034","1","18500","IAT2010191003","PAID","NHO2018000007"),
("IATT190003332","NPRM18000017","DISC ITEM","1","1","193035","1","16000","IAT2010191003","PAID","NHO2018000007"),
("IATT190003332","NPRM18000017","DISC ITEM","1","1","193011","1","20000","IAT2010191003","PAID","NHO2018000007"),
("IATT190003332","NPRM18000017","DISC ITEM","1","1","193080","1","16500","IAT2010191003","PAID","NHO2018000007"),
("IATT190003333","NPRM18000017","DISC ITEM","1","1","193012","1","20000","IAT2010191003","PAID","NHO2018000007"),
("IATT190003334","NPRM18000017","DISC ITEM","1","1","193015","1","16500","IAT2010191003","PAID","NHO2018000007"),
("IATT190003335","NPRM18000017","DISC ITEM","1","1","193079","1","15000","IAT2010191003","PAID","NHO2018000007"),
("IATT190003335","NPRM18000017","DISC ITEM","1","1","193011","1","20000","IAT2010191003","PAID","NHO2018000007"),
("IATT190003335","NPRM18000017","DISC ITEM","1","1","193076","1","15000","IAT2010191003","PAID","NHO2018000007"),
("IATT190003335","NPRM18000017","DISC ITEM","1","1","193033","1","21000","IAT2010191003","PAID","NHO2018000007"),
("IATT190003335","NPRM18000017","DISC ITEM","1","1","193032","1","15000","IAT2010191003","PAID","NHO2018000007"),
("IATT190003339","NPRM18000017","DISC ITEM","1","1","193082","1","15000","IAT2010191003","PAID","NHO2018000007"),
("IATT190003341","NPRM18000017","DISC ITEM","1","1","193011","1","20000","IAT2010191003","PAID","NHO2018000007"),
("IATT190003341","NPRM18000017","DISC ITEM","1","1","193006","1","18500","IAT2010191003","PAID","NHO2018000007"),
("IATT190003344","NPRM18000017","DISC ITEM","1","1","193084","1","15000","IAT2010191003","PAID","NHO2018000007"),
("IATT190003344","NPRM18000017","DISC ITEM","1","1","193118","1","10000","IAT2010191003","PAID","NHO2018000007"),
("IATT190003345","NPRM18000017","DISC ITEM","1","1","193078","1","15000","IAT2010191003","PAID","NHO2018000007"),
("IATT190003346","NPRM18000017","DISC ITEM","1","1","193008","1","18500","IAT2010191003","PAID","NHO2018000007"),
("IATT190003347","NPRM18000017","DISC ITEM","1","1","193005","1","18500","IAT2010191003","PAID","NHO2018000007"),
("IATT190003347","NPRM18000017","DISC ITEM","1","1","193039","1","18000","IAT2010191003","PAID","NHO2018000007"),
("IATT190003347","NPRM18000017","DISC ITEM","1","1","193012","1","20000","IAT2010191003","PAID","NHO2018000007"),
("IATT190003336","NPRM18000017","DISC ITEM","1","1","193071","1","9000","IAT2010191003","PAID","NHO2018000007"),
("IATT190003348","NPRM18000017","DISC ITEM","1","1","193009","1","20000","IAT2010191003","PAID","NHO2018000007"),
("IATT190003348","NPRM18000017","DISC ITEM","1","1","193009","2","20000","IAT2010191003","PAID","NHO2018000007");



INSERT INTO pos_paymenttemp VALUES("IATT190003324","CARD","VISA","128150","128150","ISU000004","2019-10-20","","1","","CLOSED","IAT2010191003","NHO2018000007"),
("IATT190003326","CASH","CASH","93500","100000","ISU000004","2019-10-20","","1","","CLOSED","IAT2010191003","NHO2018000007"),
("IATT190003325","CARD","DEBIT BCA","137500","137500","ISU000004","2019-10-20","","1","","CLOSED","IAT2010191003","NHO2018000007"),
("IATT190003327","CASH","CASH","112200","120000","ISU000004","2019-10-20","","1","","CLOSED","IAT2010191003","NHO2018000007"),
("IATT190003328","CARD","VISA","114950","114950","ISU000006","2019-10-20","","1","","CLOSED","IAT2010191003","NHO2018000007"),
("IATT190003329","CARD","DEBIT BCA","59950","59950","ISU000006","2019-10-20","","1","","CLOSED","IAT2010191003","NHO2018000007"),
("IATT190003331","CASH","GOPAY","181500","200000","ISU000006","2019-10-20","","1","","CLOSED","IAT2010191003","NHO2018000007"),
("IATT190003330","CASH","CASH","41800","50000","ISU000006","2019-10-20","","1","","CLOSED","IAT2010191003","NHO2018000007"),
("IATT190003332","CARD","VISA","283800","283800","ISU000006","2019-10-20","","1","","CLOSED","IAT2010191003","NHO2018000007"),
("IATT190003333","CARD","VISA","33000","33000","ISU000006","2019-10-20","","1","","CLOSED","IAT2010191003","NHO2018000007"),
("IATT190003334","CASH","CASH","102850","150000","ISU000006","2019-10-20","","1","","CLOSED","IAT2010191003","NHO2018000007"),
("IATT190003335","CARD","VISA","116600","116600","ISU000006","2019-10-20","","1","","CLOSED","IAT2010191003","NHO2018000007"),
("IATT190003338","CASH","OVO","82500","82500","ISU000006","2019-10-20","","1","","CLOSED","IAT2010191003","NHO2018000007"),
("IATT190003339","CASH","CASH","16500","20000","ISU000006","2019-10-20","","1","","CLOSED","IAT2010191003","NHO2018000007"),
("IATT190003340","CASH","OVO","8800","8800","ISU000006","2019-10-20","","1","","CLOSED","IAT2010191003","NHO2018000007"),
("IATT190003337","CASH","CASH","93500","100000","ISU000006","2019-10-20","","1","","CLOSED","IAT2010191003","NHO2018000007"),
("IATT190003342","CASH","OVO","70400","70400","ISU000006","2019-10-20","","1","","CLOSED","IAT2010191003","NHO2018000007"),
("IATT190003341","CASH","CASH","75350","100000","ISU000006","2019-10-20","","1","","CLOSED","IAT2010191003","NHO2018000007"),
("IATT190003344","CASH","CASH","46200","50000","ISU000006","2019-10-20","","1","","CLOSED","IAT2010191003","NHO2018000007"),
("IATT190003343","CARD","DEBIT BCA","143000","143000","ISU000006","2019-10-20","","1","","CLOSED","IAT2010191003","NHO2018000007"),
("IATT190003345","CARD","MASTER","16500","16500","ISU000006","2019-10-20","","1","","CLOSED","IAT2010191003","NHO2018000007"),
("IATT190003346","CASH","CASH","20350","20500","ISU000006","2019-10-20","","1","","CLOSED","IAT2010191003","NHO2018000007"),
("IATT190003347","CARD","DEBIT BCA","118250","118250","ISU000006","2019-10-20","","1","","CLOSED","IAT2010191003","NHO2018000007"),
("IATT190003349","CASH","OVO","39600","39600","ISU000006","2019-10-20","","1","","CLOSED","IAT2010191003","NHO2018000007"),
("IATT190003336","CASH","CASH","9900","10000","ISU000006","2019-10-20","","1","","CLOSED","IAT2010191003","NHO2018000007"),
("IATT190003348","CARD","DEBIT BCA","44000","44000","ISU000006","2019-10-20","","1","","CLOSED","IAT2010191003","NHO2018000007");



