INSERT INTO pos_itemtemp VALUES("IATT190002139","193082","191001","192001","30000","1","30000","10800","19200","1","1","1","IAT2208190913","NHO2018000007","PAID","","193082"),
("IATT190002139","193084","191001","192001","30000","1","30000","10800","19200","1","1","1","IAT2208190913","NHO2018000007","PAID","","PEDAS"),
("IATT190002139","193046","191002","192010","10000","1","10000","0","10000","1","1","1","IAT2208190913","NHO2018000007","PAID","","193046"),
("IATT190002139","193046","191002","192010","10000","1","10000","0","10000","2","1","1","IAT2208190913","NHO2018000007","PAID","","193046"),
("IATT190002139","193046","191002","192010","10000","1","10000","0","10000","3","1","1","IAT2208190913","NHO2018000007","PAID","","193046"),
("IATT190002140","193084","191001","192001","30000","1","30000","10800","19200","1","1","1","IAT2208190913","NHO2018000007","PAID","","PEDAS"),
("IATT190002140","193033","191001","192005","42000","1","42000","15120","26880","1","1","1","IAT2208190913","NHO2018000007","PAID","","193033"),
("IATT190002140","193056","191002","192010","17000","1","17000","0","17000","1","1","1","IAT2208190913","NHO2018000007","PAID","","193056"),
("IATT190002141","193007","191001","192001","37000","1","37000","13320","23680","1","1","1","IAT2208190913","NHO2018000007","PAID","sambel pisah","PEDAS"),
("IATT190002141","193084","191001","192001","30000","1","30000","10800","19200","1","1","1","IAT2208190913","NHO2018000007","PAID","sambel pisah","PEDAS"),
("IATT190002141","193046","191002","192010","10000","1","10000","0","10000","1","1","1","IAT2208190913","NHO2018000007","PAID","","193046"),
("IATT190002141","193047","191002","192010","10000","1","10000","0","10000","1","1","1","IAT2208190913","NHO2018000007","PAID","","193047"),
("IATT190002142","193007","191001","192001","37000","1","37000","13320","23680","1","1","1","IAT2208190913","NHO2018000007","PAID","level 1","PEDAS"),
("IATT190002142","193028","191001","192003","43000","1","43000","15480","27520","1","1","1","IAT2208190913","NHO2018000007","PAID","","193028"),
("IATT190002142","193047","191002","192010","10000","1","10000","0","10000","1","1","1","IAT2208190913","NHO2018000007","PAID","","193047"),
("IATT190002142","193047","191002","192010","10000","1","10000","0","10000","2","1","1","IAT2208190913","NHO2018000007","PAID","","193047"),
("IATT190002143","193084","191001","192001","30000","1","30000","10800","19200","1","1","1","IAT2208190913","NHO2018000007","PAID","","PEDAS"),
("IATT190002143","193047","191002","192010","10000","1","10000","0","10000","1","1","1","IAT2208190913","NHO2018000007","PAID","","193047"),
("IATT190002143","193047","191002","192010","10000","1","10000","0","10000","2","1","1","IAT2208190913","NHO2018000007","PAID","","193047"),
("IATT190002143","193076","191001","192001","30000","1","30000","10800","19200","1","1","1","IAT2208190913","NHO2018000007","PAID","","193076"),
("IATT190002143","193036","191001","192006","36000","1","36000","12960","23040","1","1","1","IAT2208190913","NHO2018000007","PAID","NO BEEF","PEDAS"),
("IATT190002143","193049","191002","192010","10000","1","10000","0","10000","1","1","1","IAT2208190913","NHO2018000007","PAID","","193049"),
("IATT190002144","193084","191001","192001","30000","1","30000","10800","19200","1","1","1","IAT2208190913","NHO2018000007","PAID","YG SATU NORMAL YG SATU LV 3","PEDAS"),
("IATT190002144","193084","191001","192001","30000","1","30000","10800","19200","2","1","1","IAT2208190913","NHO2018000007","PAID","","PEDAS"),
("IATT190002144","193054","191002","192010","20000","1","20000","0","20000","1","1","1","IAT2208190913","NHO2018000007","PAID","","193054"),
("IATT190002144","193048","191002","192010","8000","1","8000","0","8000","1","1","1","IAT2208190913","NHO2018000007","PAID","","193048"),
("IATT190002145","193086","191001","192002","33000","1","33000","0","33000","1","1","1","IAT2208190913","NHO2018000007","PAID","LEVEL 1 TAKE WAY","PEDAS"),
("IATT190002145","193036","191001","192006","36000","1","36000","0","36000","1","1","1","IAT2208190913","NHO2018000007","PAID"," TAKE WAY","PEDAS"),
("IATT190002146","193020","191001","192002","40000","1","40000","20000","20000","1","1","1","IAT2208190913","NHO2018000007","PAID","","193020"),
("IATT190002146","193020","191001","192002","40000","1","40000","20000","20000","2","1","1","IAT2208190913","NHO2018000007","PAID","","193020"),
("IATT190002146","193020","191001","192002","40000","1","40000","20000","20000","3","1","1","IAT2208190913","NHO2018000007","PAID","","193020"),
("IATT190002146","193009","191001","192001","40000","1","40000","20000","20000","1","1","1","IAT2208190913","NHO2018000007","PAID","","193009"),
("IATT190002147","193011","191001","192001","40000","1","40000","20000","20000","1","1","1","IAT2208190913","NHO2018000007","PAID","LV1","PEDAS"),
("IATT190002147","193007","191001","192001","37000","1","37000","18500","18500","1","1","1","IAT2208190913","NHO2018000007","PAID","","PEDAS"),
("IATT190002147","193036","191001","192006","36000","1","36000","18000","18000","1","1","1","IAT2208190913","NHO2018000007","PAID","","ORIGINAL"),
("IATT190002147","193054","191002","192010","20000","1","20000","0","20000","1","1","1","IAT2208190913","NHO2018000007","PAID","","193054"),
("IATT190002147","193052","191002","192010","20000","1","20000","0","20000","1","1","1","IAT2208190913","NHO2018000007","PAID","","193052"),
("IATT190002148","193069","191001","192012","13000","1","13000","6500","6500","1","1","1","IAT2208190913","NHO2018000007","PAID","","193069"),
("IATT190002148","193069","191001","192012","13000","1","13000","6500","6500","2","1","1","IAT2208190913","NHO2018000007","PAID","","193069"),
("IATT190002148","193070","191001","192012","13000","1","13000","6500","6500","1","1","1","IAT2208190913","NHO2018000007","PAID","","193070"),
("IATT190002148","193051","191002","192010","20000","1","20000","0","20000","1","1","1","IAT2208190913","NHO2018000007","PAID","","193051"),
("IATT190002148","193052","191002","192010","20000","1","20000","0","20000","1","1","1","IAT2208190913","NHO2018000007","PAID","","193052"),
("IATT190002148","193052","191002","192010","20000","1","20000","0","20000","2","1","1","IAT2208190913","NHO2018000007","PAID","","193052"),
("IATT190002148","193054","191002","192010","20000","1","20000","0","20000","1","1","1","IAT2208190913","NHO2018000007","PAID","","193054"),
("IATT190002148","193016","191001","192002","37000","1","37000","18500","18500","1","1","1","IAT2208190913","NHO2018000007","PAID","","PEDAS"),
("IATT190002149","193022","191001","192003","30000","1","30000","0","30000","1","1","1","IAT2208190913","NHO2018000007","PAID","1 NO MAYONES","193022"),
("IATT190002149","193022","191001","192003","30000","1","30000","0","30000","2","1","1","IAT2208190913","NHO2018000007","PAID","","193022"),
("IATT190002149","193048","191002","192010","8000","1","8000","0","8000","1","1","1","IAT2208190913","NHO2018000007","PAID","1 WITH ICE","193048"),
("IATT190002149","193048","191002","192010","8000","1","8000","0","8000","2","1","1","IAT2208190913","NHO2018000007","PAID","","193048"),
("IATT190002150","193009","191001","192001","40000","1","40000","20000","20000","1","1","1","IAT2208190913","NHO2018000007","PAID","","193009"),
("IATT190002150","193011","191001","192001","40000","1","40000","20000","20000","1","1","1","IAT2208190913","NHO2018000007","PAID","LVL1","PEDAS"),
("IATT190002150","193055","191002","192010","17000","1","17000","0","17000","1","1","1","IAT2208190913","NHO2018000007","PAID","","193055"),
("IATT190002151","193082","191001","192001","30000","1","30000","15000","15000","1","1","1","IAT2208190913","NHO2018000007","PAID","","193082"),
("IATT190002151","193035","191001","192006","32000","1","32000","16000","16000","1","1","1","IAT2208190913","NHO2018000007","PAID","","PEDAS"),
("IATT190002151","193055","191002","192010","17000","1","17000","0","17000","1","1","1","IAT2208190913","NHO2018000007","PAID","","193055"),
("IATT190002151","193055","191002","192010","17000","1","17000","0","17000","2","1","1","IAT2208190913","NHO2018000007","PAID","","193055"),
("IATT190002152","193021","191001","192002","40000","1","40000","14400","25600","1","1","1","IAT2208190913","NHO2018000007","PAID","","ORIGINAL"),
("IATT190002152","193054","191002","192010","20000","1","20000","0","20000","1","1","1","IAT2208190913","NHO2018000007","PAID","","193054"),
("IATT190002152","193046","191002","192010","10000","1","10000","0","10000","1","1","2","IAT2208190913","NHO2018000007","PAID","","193046"),
("IATT190002153","193083","191001","192001","30000","1","30000","10800","19200","1","1","1","IAT2208190913","NHO2018000007","PAID","","193083"),
("IATT190002153","193009","191001","192001","40000","1","40000","14400","25600","1","1","1","IAT2208190913","NHO2018000007","PAID","","193009"),
("IATT190002153","193047","191002","192010","10000","1","10000","0","10000","1","1","1","IAT2208190913","NHO2018000007","PAID","","193047"),
("IATT190002153","193072","191001","192012","25000","1","25000","0","25000","1","1","2","IAT2208190913","NHO2018000007","PAID","","193072"),
("IATT190002154","193027","191001","192003","43000","1","43000","0","43000","1","1","1","IAT2208190913","NHO2018000007","PAID","","193027"),
("IATT190002154","193022","191001","192003","30000","1","30000","0","30000","1","1","1","IAT2208190913","NHO2018000007","PAID","","193022"),
("IATT190002154","193052","191002","192010","20000","1","20000","0","20000","1","1","1","IAT2208190913","NHO2018000007","PAID","","193052"),
("IATT190002154","193048","191002","192010","8000","1","8000","0","8000","1","1","1","IAT2208190913","NHO2018000007","PAID","","193048"),
("IATT190002155","193079","191001","192001","30000","1","30000","10800","19200","1","1","1","IAT2208190913","NHO2018000007","PAID","","193079"),
("IATT190002155","193080","191001","192002","33000","1","33000","11880","21120","1","1","1","IAT2208190913","NHO2018000007","PAID","","PEDAS"),
("IATT190002155","193047","191002","192010","10000","1","10000","0","10000","1","1","1","IAT2208190913","NHO2018000007","PAID","","193047"),
("IATT190002155","193047","191002","192010","10000","1","10000","0","10000","2","1","1","IAT2208190913","NHO2018000007","PAID","","193047"),
("IATT190002156","193022","191001","192003","30000","1","30000","0","30000","1","1","1","IAT2208190913","NHO2018000007","PAID","","193022"),
("IATT190002156","193022","191001","192003","30000","1","30000","0","30000","2","1","1","IAT2208190913","NHO2018000007","PAID","","193022"),
("IATT190002156","193022","191001","192003","30000","1","30000","0","30000","3","1","1","IAT2208190913","NHO2018000007","PAID","","193022"),
("IATT190002156","193048","191002","192010","8000","1","8000","0","8000","1","1","1","IAT2208190913","NHO2018000007","PAID","","193048"),
("IATT190002156","193048","191002","192010","8000","1","8000","0","8000","2","1","1","IAT2208190913","NHO2018000007","PAID","","193048"),
("IATT190002156","193055","191002","192010","17000","1","17000","0","17000","1","1","1","IAT2208190913","NHO2018000007","PAID","","193055"),
("IATT190002157","193009","191001","192001","40000","1","40000","20000","20000","1","1","1","IAT2208190913","NHO2018000007","PAID","","193009"),
("IATT190002158","193084","191001","192001","30000","1","30000","10800","19200","1","1","1","IAT2208190913","NHO2018000007","PAID","LVL 1","PEDAS"),
("IATT190002158","193047","191002","192010","10000","1","10000","0","10000","1","1","1","IAT2208190913","NHO2018000007","PAID","","193047");



INSERT INTO pos_salestemp VALUES("IATT190002139","","3","90000","21600","6840","0","75240","100000","22/08/2019","12:01","2019-08-22","12:25:10","ISU000011","tbl0012","CLOSED","1","","IATR190002081","","","","","IAT2208190913","NHO2018000007"),
("IATT190002140","","2","89000","25920","6308","0","69388","100000","22/08/2019","12:03","2019-08-22","12:58:36","ISU000011","tbl0010","CLOSED","1","","IATR190002083","","","","","IAT2208190913","NHO2018000007"),
("IATT190002141","","2","87000","24120","6288","0","69168","74100","22/08/2019","12:14","2019-08-22","13:01:26","ISU000011","tbl0020","CLOSED","1","","IATR190002084","","","","","IAT2208190913","NHO2018000007"),
("IATT190002142","","2","100000","28800","7120","0","78320","80000","22/08/2019","12:23","2019-08-22","12:53:31","ISU000011","tbl0007","CLOSED","1","","IATR190002082","","","","","IAT2208190913","NHO2018000007"),
("IATT190002143","","3","126000","34560","9144","0","100584","100600","22/08/2019","12:55","2019-08-22","13:41:05","ISU000011","tbl0012","CLOSED","1","","IATR190002085","","","","","IAT2208190913","NHO2018000007"),
("IATT190002144","","2","88000","21600","6640","0","73040","100000","22/08/2019","13:13","2019-08-22","13:52:30","ISU000011","tbl0010","CLOSED","1","","IATR190002087","","","","","IAT2208190913","NHO2018000007"),
("IATT190002145","","2","69000","0","6900","0","75900","75900","22/08/2019","13:14","2019-08-22","13:43:23","ISU000011","tbl0001","CLOSED","1","","IATR190002086","","","","","IAT2208190913","NHO2018000007"),
("IATT190002146","","2","160000","80000","8000","0","88000","100000","22/08/2019","13:47","2019-08-22","14:27:50","ISU000011","tbl0018","CLOSED","1","","IATR190002088","","","","","IAT2208190913","NHO2018000007"),
("IATT190002147","","2","153000","56500","9650","0","106150","120200","22/08/2019","13:48","2019-08-22","14:28:56","ISU000011","tbl0019","CLOSED","1","","IATR190002090","","","","","IAT2208190913","NHO2018000007"),
("IATT190002148","","2","156000","38000","11800","0","129800","150000","22/08/2019","13:50","2019-08-22","14:28:37","ISU000011","tbl0020","CLOSED","1","","IATR190002089","","","","","IAT2208190913","NHO2018000007"),
("IATT190002149","","2","76000","0","7600","0","83600","83600","22/08/2019","14:01","2019-08-22","14:52:49","ISU000011","tbl0012","CLOSED","1","","IATR190002091","","","","","IAT2208190913","NHO2018000007"),
("IATT190002150","","2","97000","40000","5700","0","62700","100000","22/08/2019","14:35","2019-08-22","15:33:04","ISU000011","tbl0011","CLOSED","1","","IATR190002092","","","","","IAT2208190913","NHO2018000007"),
("IATT190002151","","2","96000","31000","6500","0","71500","100000","22/08/2019","14:37","2019-08-22","16:17:43","ISU000011","tbl0010","CLOSED","1","","IATR190002093","","","","","IAT2208190913","NHO2018000007"),
("IATT190002152","","1","70000","14400","5560","0","61160","61160","22/08/2019","15:23","2019-08-22","18:00:48","ISU000011","tbl0012","CLOSED","1","","IATR190002094","","","","","IAT2208190913","NHO2018000007"),
("IATT190002153","","2","105000","25200","7980","0","87780","87780","22/08/2019","18:53","2019-08-22","19:41:06","ISU000011","tbl0012","CLOSED","1","","IATR190002095","","","","","IAT2208190913","NHO2018000007"),
("IATT190002154","","2","101000","0","10100","0","111100","111100","22/08/2019","19:19","2019-08-22","20:11:41","ISU000011","tbl0005","CLOSED","1","","IATR190002096","","","","","IAT2208190913","NHO2018000007"),
("IATT190002155","","2","83000","22680","6032","0","66352","100000","22/08/2019","19:43","2019-08-22","20:13:49","ISU000011","tbl0010","CLOSED","1","","IATR190002097","","","","","IAT2208190913","NHO2018000007"),
("IATT190002156","","3","123000","0","12300","0","135300","135300","22/08/2019","20:00","2019-08-22","20:50:15","ISU000011","tbl0012","CLOSED","1","","IATR190002098","","","","","IAT2208190913","NHO2018000007"),
("IATT190002157","","1","40000","20000","2000","0","22000","22000","22/08/2019","20:31","2019-08-22","21:20:41","ISU000011","tbl0011","CLOSED","1","","IATR190002100","","","","","IAT2208190913","NHO2018000007"),
("IATT190002158","","1","40000","10800","2920","0","32120","50000","22/08/2019","20:53","2019-08-22","21:10:24","ISU000011","tbl0010","CLOSED","1","","IATR190002099","","","","","IAT2208190913","NHO2018000007");






INSERT INTO pos_promotion_h VALUES("IATT190002139","NPRM18000016","DISC ITEM","1","21600","Diskon 20% + 20% Agustus","IAT2208190913","PAID","NHO2018000007"),
("IATT190002142","NPRM18000016","DISC ITEM","1","28800","Diskon 20% + 20% Agustus","IAT2208190913","PAID","NHO2018000007"),
("IATT190002140","NPRM18000016","DISC ITEM","1","25920","Diskon 20% + 20% Agustus","IAT2208190913","PAID","NHO2018000007"),
("IATT190002141","NPRM18000016","DISC ITEM","1","24120","Diskon 20% + 20% Agustus","IAT2208190913","PAID","NHO2018000007"),
("IATT190002143","NPRM18000016","DISC ITEM","1","34560","Diskon 20% + 20% Agustus","IAT2208190913","PAID","NHO2018000007"),
("IATT190002144","NPRM18000016","DISC ITEM","1","21600","Diskon 20% + 20% Agustus","IAT2208190913","PAID","NHO2018000007"),
("IATT190002148","NPRM18000012","DISC ITEM","1","38000","eatigo 50%","IAT2208190913","PAID","NHO2018000007"),
("IATT190002147","NPRM18000012","DISC ITEM","1","56500","eatigo 50%","IAT2208190913","PAID","NHO2018000007"),
("IATT190002146","NPRM18000012","DISC ITEM","1","80000","eatigo 50%","IAT2208190913","PAID","NHO2018000007"),
("IATT190002150","NPRM18000012","DISC ITEM","1","40000","eatigo 50%","IAT2208190913","PAID","NHO2018000007"),
("IATT190002151","NPRM18000012","DISC ITEM","1","31000","eatigo 50%","IAT2208190913","PAID","NHO2018000007"),
("IATT190002152","NPRM18000016","DISC ITEM","1","14400","Diskon 20% + 20% Agustus","IAT2208190913","PAID","NHO2018000007"),
("IATT190002153","NPRM18000016","DISC ITEM","1","25200","Diskon 20% + 20% Agustus","IAT2208190913","PAID","NHO2018000007"),
("IATT190002155","NPRM18000016","DISC ITEM","1","22680","Diskon 20% + 20% Agustus","IAT2208190913","PAID","NHO2018000007"),
("IATT190002158","NPRM18000016","DISC ITEM","1","10800","Diskon 20% + 20% Agustus","IAT2208190913","PAID","NHO2018000007"),
("IATT190002157","NPRM18000012","DISC ITEM","1","20000","eatigo 50%","IAT2208190913","PAID","NHO2018000007");



INSERT INTO pos_promotion_d VALUES("IATT190002139","NPRM18000016","DISC ITEM","1","1","193082","1","10800","IAT2208190913","PAID","NHO2018000007"),
("IATT190002139","NPRM18000016","DISC ITEM","1","1","193084","1","10800","IAT2208190913","PAID","NHO2018000007"),
("IATT190002142","NPRM18000016","DISC ITEM","1","1","193007","1","13320","IAT2208190913","PAID","NHO2018000007"),
("IATT190002142","NPRM18000016","DISC ITEM","1","1","193028","1","15480","IAT2208190913","PAID","NHO2018000007"),
("IATT190002140","NPRM18000016","DISC ITEM","1","1","193084","1","10800","IAT2208190913","PAID","NHO2018000007"),
("IATT190002140","NPRM18000016","DISC ITEM","1","1","193033","1","15120","IAT2208190913","PAID","NHO2018000007"),
("IATT190002141","NPRM18000016","DISC ITEM","1","1","193007","1","13320","IAT2208190913","PAID","NHO2018000007"),
("IATT190002141","NPRM18000016","DISC ITEM","1","1","193084","1","10800","IAT2208190913","PAID","NHO2018000007"),
("IATT190002143","NPRM18000016","DISC ITEM","1","1","193084","1","10800","IAT2208190913","PAID","NHO2018000007"),
("IATT190002143","NPRM18000016","DISC ITEM","1","1","193076","1","10800","IAT2208190913","PAID","NHO2018000007"),
("IATT190002143","NPRM18000016","DISC ITEM","1","1","193036","1","12960","IAT2208190913","PAID","NHO2018000007"),
("IATT190002144","NPRM18000016","DISC ITEM","1","1","193084","1","10800","IAT2208190913","PAID","NHO2018000007"),
("IATT190002144","NPRM18000016","DISC ITEM","1","1","193084","2","10800","IAT2208190913","PAID","NHO2018000007"),
("IATT190002148","NPRM18000012","DISC ITEM","1","1","193069","1","6500","IAT2208190913","PAID","NHO2018000007"),
("IATT190002148","NPRM18000012","DISC ITEM","1","1","193069","2","6500","IAT2208190913","PAID","NHO2018000007"),
("IATT190002148","NPRM18000012","DISC ITEM","1","1","193070","1","6500","IAT2208190913","PAID","NHO2018000007"),
("IATT190002148","NPRM18000012","DISC ITEM","1","1","193016","1","18500","IAT2208190913","PAID","NHO2018000007"),
("IATT190002147","NPRM18000012","DISC ITEM","1","1","193011","1","20000","IAT2208190913","PAID","NHO2018000007"),
("IATT190002147","NPRM18000012","DISC ITEM","1","1","193007","1","18500","IAT2208190913","PAID","NHO2018000007"),
("IATT190002147","NPRM18000012","DISC ITEM","1","1","193036","1","18000","IAT2208190913","PAID","NHO2018000007"),
("IATT190002146","NPRM18000012","DISC ITEM","1","1","193020","1","20000","IAT2208190913","PAID","NHO2018000007"),
("IATT190002146","NPRM18000012","DISC ITEM","1","1","193020","2","20000","IAT2208190913","PAID","NHO2018000007"),
("IATT190002146","NPRM18000012","DISC ITEM","1","1","193020","3","20000","IAT2208190913","PAID","NHO2018000007"),
("IATT190002146","NPRM18000012","DISC ITEM","1","1","193009","1","20000","IAT2208190913","PAID","NHO2018000007"),
("IATT190002150","NPRM18000012","DISC ITEM","1","1","193009","1","20000","IAT2208190913","PAID","NHO2018000007"),
("IATT190002150","NPRM18000012","DISC ITEM","1","1","193011","1","20000","IAT2208190913","PAID","NHO2018000007"),
("IATT190002151","NPRM18000012","DISC ITEM","1","1","193082","1","15000","IAT2208190913","PAID","NHO2018000007"),
("IATT190002151","NPRM18000012","DISC ITEM","1","1","193035","1","16000","IAT2208190913","PAID","NHO2018000007"),
("IATT190002152","NPRM18000016","DISC ITEM","1","1","193021","1","14400","IAT2208190913","PAID","NHO2018000007"),
("IATT190002153","NPRM18000016","DISC ITEM","1","1","193083","1","10800","IAT2208190913","PAID","NHO2018000007"),
("IATT190002153","NPRM18000016","DISC ITEM","1","1","193009","1","14400","IAT2208190913","PAID","NHO2018000007"),
("IATT190002155","NPRM18000016","DISC ITEM","1","1","193079","1","10800","IAT2208190913","PAID","NHO2018000007"),
("IATT190002155","NPRM18000016","DISC ITEM","1","1","193080","1","11880","IAT2208190913","PAID","NHO2018000007"),
("IATT190002158","NPRM18000016","DISC ITEM","1","1","193084","1","10800","IAT2208190913","PAID","NHO2018000007"),
("IATT190002157","NPRM18000012","DISC ITEM","1","1","193009","1","20000","IAT2208190913","PAID","NHO2018000007");



INSERT INTO pos_paymenttemp VALUES("IATT190002139","CASH","CASH","75240","100000","ISU000011","2019-08-22","","1","","CLOSED","IAT2208190913","NHO2018000007"),
("IATT190002142","CASH","CASH","78320","80000","ISU000011","2019-08-22","","1","","CLOSED","IAT2208190913","NHO2018000007"),
("IATT190002140","CASH","CASH","69388","100000","ISU000011","2019-08-22","","1","","CLOSED","IAT2208190913","NHO2018000007"),
("IATT190002141","CASH","CASH","69168","74100","ISU000011","2019-08-22","","1","","CLOSED","IAT2208190913","NHO2018000007"),
("IATT190002143","CASH","CASH","100584","100600","ISU000011","2019-08-22","","1","","CLOSED","IAT2208190913","NHO2018000007"),
("IATT190002145","CASH","OVO","75900","75900","ISU000011","2019-08-22","","1","","CLOSED","IAT2208190913","NHO2018000007"),
("IATT190002144","CASH","CASH","73040","100000","ISU000011","2019-08-22","","1","","CLOSED","IAT2208190913","NHO2018000007"),
("IATT190002148","VOUCHER","KUPON PROMO EATIGO 100K","100000","100000","ISU000011","2019-08-22","","1","","CLOSED","IAT2208190913","NHO2018000007"),
("IATT190002147","VOUCHER","KUPON PROMO EATIGO 100K","100000","100000","ISU000011","2019-08-22","","1","","CLOSED","IAT2208190913","NHO2018000007"),
("IATT190002146","VOUCHER","KUPON PROMO EATIGO 100K","100000","100000","ISU000011","2019-08-22","","1","","CLOSED","IAT2208190913","NHO2018000007"),
("IATT190002148","CASH","CASH","29800","50000","ISU000011","2019-08-22","","1","","CLOSED","IAT2208190913","NHO2018000007"),
("IATT190002147","CASH","CASH","6150","20200","ISU000011","2019-08-22","","1","","CLOSED","IAT2208190913","NHO2018000007"),
("IATT190002149","CARD","MASTER","83600","83600","ISU000011","2019-08-22","","1","","CLOSED","IAT2208190913","NHO2018000007"),
("IATT190002150","VOUCHER","KUPON PROMO EATIGO 100K","100000","100000","ISU000011","2019-08-22","","1","","CLOSED","IAT2208190913","NHO2018000007"),
("IATT190002151","VOUCHER","KUPON PROMO EATIGO 100K","100000","100000","ISU000011","2019-08-22","","1","","CLOSED","IAT2208190913","NHO2018000007"),
("IATT190002152","CARD","VISA","61160","61160","ISU000011","2019-08-22","","1","","CLOSED","IAT2208190913","NHO2018000007"),
("IATT190002153","CARD","DEBIT BCA","87780","87780","ISU000011","2019-08-22","","1","","CLOSED","IAT2208190913","NHO2018000007"),
("IATT190002154","CARD","DEBIT BCA","111100","111100","ISU000011","2019-08-22","","1","","CLOSED","IAT2208190913","NHO2018000007"),
("IATT190002155","CASH","CASH","66352","100000","ISU000011","2019-08-22","","1","","CLOSED","IAT2208190913","NHO2018000007"),
("IATT190002156","CARD","MASTER","135300","135300","ISU000011","2019-08-22","","1","","CLOSED","IAT2208190913","NHO2018000007"),
("IATT190002158","CASH","CASH","32120","50000","ISU000011","2019-08-22","","1","","CLOSED","IAT2208190913","NHO2018000007"),
("IATT190002157","CARD","DEBIT BCA","22000","22000","ISU000011","2019-08-22","","1","","CLOSED","IAT2208190913","NHO2018000007");



