INSERT INTO pos_itemtemp VALUES("IATT190004405","193080","191001","192002","33000","1","33000","0","33000","1","1","1","IAT2012190927","NHO2018000007","PAID","","PEDAS"),
("IATT190004405","193036","191001","192006","36000","1","36000","0","36000","1","1","1","IAT2012190927","NHO2018000007","PAID","SEDENG","PEDAS"),
("IATT190004405","193056","191002","192010","17000","1","17000","0","17000","1","1","1","IAT2012190927","NHO2018000007","PAID","","193056"),
("IATT190004405","193055","191002","192010","17000","1","17000","0","17000","1","1","1","IAT2012190927","NHO2018000007","PAID","","193055"),
("IATT190004406","193019","191001","192002","40000","1","40000","20000","20000","1","1","1","IAT2012190927","NHO2018000007","PAID","","PEDAS"),
("IATT190004406","193019","191001","192002","40000","1","40000","20000","20000","2","1","1","IAT2012190927","NHO2018000007","PAID","","PEDAS"),
("IATT190004406","193019","191001","192002","40000","1","40000","20000","20000","3","1","1","IAT2012190927","NHO2018000007","PAID","","PEDAS"),
("IATT190004406","193021","191001","192002","40000","1","40000","20000","20000","1","1","1","IAT2012190927","NHO2018000007","PAID","","PEDAS"),
("IATT190004406","193005","191001","192001","37000","1","37000","18500","18500","1","1","1","IAT2012190927","NHO2018000007","PAID","","193005"),
("IATT190004406","193005","191001","192001","37000","1","37000","18500","18500","2","1","1","IAT2012190927","NHO2018000007","PAID","","193005"),
("IATT190004406","193086","191001","192002","33000","1","33000","16500","16500","1","1","1","IAT2012190927","NHO2018000007","PAID","","PEDAS"),
("IATT190004406","193086","191001","192002","33000","1","33000","16500","16500","2","1","1","IAT2012190927","NHO2018000007","PAID","","PEDAS"),
("IATT190004407","193011","191001","192001","40000","1","40000","20000","20000","1","1","1","IAT2012190927","NHO2018000007","PAID","YANG SATU GAPAKE DAUN BAWANG","PEDAS"),
("IATT190004407","193011","191001","192001","40000","1","40000","20000","20000","2","1","1","IAT2012190927","NHO2018000007","PAID","","PEDAS"),
("IATT190004407","193011","191001","192001","40000","1","40000","20000","20000","3","1","1","IAT2012190927","NHO2018000007","PAID","","PEDAS"),
("IATT190004407","193086","191001","192002","33000","1","33000","16500","16500","1","1","1","IAT2012190927","NHO2018000007","PAID","","PEDAS"),
("IATT190004407","193084","191001","192001","30000","1","30000","15000","15000","1","1","1","IAT2012190927","NHO2018000007","PAID","","PEDAS"),
("IATT190004407","193048","191002","192010","8000","1","8000","0","8000","1","1","1","IAT2012190927","NHO2018000007","PAID","","193048"),
("IATT190004407","193048","191002","192010","8000","1","8000","0","8000","2","1","1","IAT2012190927","NHO2018000007","PAID","","193048"),
("IATT190004407","193048","191002","192010","8000","1","8000","0","8000","3","1","1","IAT2012190927","NHO2018000007","PAID","","193048"),
("IATT190004407","193048","191002","192010","8000","1","8000","0","8000","4","1","1","IAT2012190927","NHO2018000007","PAID","","193048"),
("IATT190004407","193047","191002","192010","10000","1","10000","0","10000","1","1","1","IAT2012190927","NHO2018000007","PAID","","193047"),
("IATT190004408","193113","191001","192003","55000","1","55000","0","55000","1","1","1","IAT2012190927","NHO2018000007","PAID","","193113"),
("IATT190004408","193047","191002","192010","10000","1","10000","0","10000","1","1","1","IAT2012190927","NHO2018000007","PAID","","193047"),
("IATT190004409","193141","191001","192015","39000","1","39000","0","39000","1","1","1","IAT2012190927","NHO2018000007","PAID","","ORIGINAL"),
("IATT190004410","193156","191001","192015","31909","1","31909","0","31909","1","1","1","IAT2012190927","NHO2018000007","PAID","","193156"),
("IATT190004410","193156","191001","192015","31909","1","31909","0","31909","2","1","1","IAT2012190927","NHO2018000007","PAID","","193156"),
("IATT190004411","193015","191001","192002","33000","1","33000","0","33000","1","1","1","IAT2012190927","NHO2018000007","PAID","","PEDAS"),
("IATT190004411","193114","191001","192006","42000","1","42000","0","42000","1","1","1","IAT2012190927","NHO2018000007","PAID","","193114"),
("IATT190004411","193056","191002","192010","17000","1","17000","0","17000","1","1","1","IAT2012190927","NHO2018000007","PAID","","193056"),
("IATT190004411","193052","191002","192010","20000","1","20000","0","20000","1","1","1","IAT2012190927","NHO2018000007","PAID","","193052"),
("IATT190004412","193082","191001","192001","30000","1","30000","15000","15000","1","1","1","IAT2012190927","NHO2018000007","PAID","","193082"),
("IATT190004412","193084","191001","192001","30000","1","30000","15000","15000","1","1","1","IAT2012190927","NHO2018000007","PAID","","PEDAS"),
("IATT190004412","193055","191002","192010","17000","1","17000","0","17000","1","1","1","IAT2012190927","NHO2018000007","PAID","","193055"),
("IATT190004412","193055","191002","192010","17000","1","17000","0","17000","2","1","1","IAT2012190927","NHO2018000007","PAID","","193055"),
("IATT190004413","193084","191001","192001","30000","1","30000","0","30000","1","1","1","IAT2012190927","NHO2018000007","PAID","","PEDAS"),
("IATT190004413","193049","191002","192010","10000","1","10000","0","10000","1","1","1","IAT2012190927","NHO2018000007","PAID","","193049"),
("IATT190004412","193086","191001","192002","33000","1","33000","16500","16500","1","1","2","IAT2012190927","NHO2018000007","PAID","","ORIGINAL"),
("IATT190004414","193006","191001","192001","37000","1","37000","18500","18500","1","1","1","IAT2012190927","NHO2018000007","PAID","","193006"),
("IATT190004414","193030","191001","192004","27000","1","27000","13500","13500","1","1","1","IAT2012190927","NHO2018000007","PAID","","193030"),
("IATT190004414","193033","191001","192005","42000","1","42000","21000","21000","1","1","1","IAT2012190927","NHO2018000007","PAID","","193033"),
("IATT190004414","193051","191002","192010","20000","1","20000","0","20000","1","1","1","IAT2012190927","NHO2018000007","PAID","","193051"),
("IATT190004414","193052","191002","192010","20000","1","20000","0","20000","1","1","2","IAT2012190927","NHO2018000007","PAID","","193052"),
("IATT190004415","193010","191001","192001","40000","1","40000","20000","20000","1","1","1","IAT2012190927","NHO2018000007","PAID","","193010"),
("IATT190004415","193087","191001","192002","33000","1","33000","16500","16500","1","1","1","IAT2012190927","NHO2018000007","PAID","","193087"),
("IATT190004415","193087","191001","192002","33000","1","33000","16500","16500","2","1","1","IAT2012190927","NHO2018000007","PAID","","193087"),
("IATT190004415","193056","191002","192010","17000","1","17000","0","17000","1","1","1","IAT2012190927","NHO2018000007","PAID","","193056"),
("IATT190004415","193054","191002","192010","20000","1","20000","0","20000","1","1","1","IAT2012190927","NHO2018000007","PAID","","193054"),
("IATT190004415","193078","191001","192001","30000","1","30000","15000","15000","1","1","2","IAT2012190927","NHO2018000007","PAID","","PEDAS"),
("IATT190004415","193078","191001","192001","30000","1","30000","15000","15000","2","1","2","IAT2012190927","NHO2018000007","PAID","","PEDAS"),
("IATT190004415","193078","191001","192001","30000","1","30000","15000","15000","3","1","2","IAT2012190927","NHO2018000007","PAID","","PEDAS"),
("IATT190004415","193078","191001","192001","30000","1","30000","15000","15000","4","1","2","IAT2012190927","NHO2018000007","PAID","","PEDAS"),
("IATT190004415","193055","191002","192010","17000","1","17000","0","17000","1","1","2","IAT2012190927","NHO2018000007","PAID","","193055"),
("IATT190004415","193055","191002","192010","17000","1","17000","0","17000","2","1","2","IAT2012190927","NHO2018000007","PAID","","193055"),
("IATT190004415","193056","191002","192010","17000","1","17000","0","17000","2","1","2","IAT2012190927","NHO2018000007","PAID","","193056"),
("IATT190004415","193052","191002","192010","20000","1","20000","0","20000","1","1","2","IAT2012190927","NHO2018000007","PAID","","193052"),
("IATT190004416","193083","191001","192001","30000","1","30000","15000","15000","1","1","1","IAT2012190927","NHO2018000007","PAID","","193083"),
("IATT190004416","193033","191001","192005","42000","1","42000","21000","21000","1","1","1","IAT2012190927","NHO2018000007","PAID","","193033"),
("IATT190004416","193032","191001","192004","30000","1","30000","15000","15000","1","1","1","IAT2012190927","NHO2018000007","PAID","","193032"),
("IATT190004416","193056","191002","192010","17000","1","17000","0","17000","1","1","1","IAT2012190927","NHO2018000007","PAID","","193056"),
("IATT190004416","193055","191002","192010","17000","1","17000","0","17000","1","1","1","IAT2012190927","NHO2018000007","PAID","","193055"),
("IATT190004417","193011","191001","192001","40000","1","40000","0","40000","1","1","1","IAT2012190927","NHO2018000007","PAID","","PEDAS"),
("IATT190004417","193054","191002","192010","20000","1","20000","0","20000","1","1","1","IAT2012190927","NHO2018000007","PAID","","193054"),
("IATT190004417","193069","191001","192012","13000","1","13000","0","13000","1","1","1","IAT2012190927","NHO2018000007","PAID","","193069"),
("IATT190004418","193047","191002","192010","10000","1","10000","0","10000","1","1","1","IAT2012190927","NHO2018000007","PAID","","193047"),
("IATT190004419","193032","191001","192004","30000","1","30000","15000","15000","1","1","1","IAT2012190927","NHO2018000007","PAID","","193032"),
("IATT190004419","193021","191001","192002","40000","1","40000","20000","20000","1","1","1","IAT2012190927","NHO2018000007","PAID","PEDES SEDENG","PEDAS"),
("IATT190004419","193033","191001","192005","42000","1","42000","21000","21000","1","1","1","IAT2012190927","NHO2018000007","PAID","","193033"),
("IATT190004419","193020","191001","192002","40000","1","40000","20000","20000","1","1","1","IAT2012190927","NHO2018000007","PAID","","193020"),
("IATT190004419","193046","191002","192010","10000","1","10000","0","10000","1","1","1","IAT2012190927","NHO2018000007","PAID","","193046"),
("IATT190004419","193047","191002","192010","10000","1","10000","0","10000","1","1","1","IAT2012190927","NHO2018000007","PAID","","193047"),
("IATT190004419","193047","191002","192010","10000","1","10000","0","10000","2","1","1","IAT2012190927","NHO2018000007","PAID","","193047"),
("IATT190004419","193055","191002","192010","17000","1","17000","0","17000","1","1","1","IAT2012190927","NHO2018000007","PAID","","193055"),
("IATT190004418","193015","191001","192002","33000","1","33000","0","33000","1","1","2","IAT2012190927","NHO2018000007","PAID","","ORIGINAL");



INSERT INTO pos_salestemp VALUES("IATT190004405","","2","103000","0","10300","0","113300","150000","20/12/2019","12:00","2019-12-20","12:33:21","ISU000015","tbl0012","CLOSED","1","","IATR190004281","","","","","IAT2012190927","NHO2018000007"),
("IATT190004406","","8","300000","150000","15000","0","165000","165000","20/12/2019","12:17","2019-12-20","12:59:50","ISU000015","tbl0020","CLOSED","1","","IATR190004282","","","","","IAT2012190927","NHO2018000007"),
("IATT190004407","","5","225000","91500","13350","0","146850","150000","20/12/2019","12:23","2019-12-20","13:38:46","ISU000015","tbl0010","CLOSED","1","","IATR190004283","","","","","IAT2012190927","NHO2018000007"),
("IATT190004408","","1","65000","0","6500","0","71500","100000","20/12/2019","13:19","2019-12-20","13:46:23","ISU000015","tbl0022","CLOSED","1","","IATR190004284","","","","","IAT2012190927","NHO2018000007"),
("IATT190004409","","0","39000","0","3900","0","42900","42900","20/12/2019","13:42","2019-12-20","13:47:26","ISU000015","tbl0001","CLOSED","1","","IATR190004285","","","","","IAT2012190927","NHO2018000007"),
("IATT190004410","","1","63818","0","6382","0","70200","70200","20/12/2019","14:09","2019-12-20","14:09:43","ISU000006","tbl0050","CLOSED","1","","IATR190004286","","","","","IAT2012190927","NHO2018000007"),
("IATT190004411","","2","112000","0","11200","0","123200","150000","20/12/2019","15:20","2019-12-20","15:49:33","ISU000006","tbl0012","CLOSED","1","","IATR190004287","","","","","IAT2012190927","NHO2018000007"),
("IATT190004412","","2","127000","46500","8050","0","88550","100500","20/12/2019","15:38","2019-12-20","16:39:42","ISU000006","tbl0010","CLOSED","1","","IATR190004289","","","","","IAT2012190927","NHO2018000007"),
("IATT190004413","","1","40000","0","4000","0","44000","100000","20/12/2019","16:13","2019-12-20","16:31:03","ISU000006","tbl0012","CLOSED","1","","IATR190004288","","","","","IAT2012190927","NHO2018000007"),
("IATT190004414","","2","146000","53000","9300","0","102300","102300","20/12/2019","17:26","2019-12-20","18:27:41","ISU000006","tbl0012","CLOSED","1","","IATR190004290","","","","","IAT2012190927","NHO2018000007"),
("IATT190004415","","2","334000","113000","22100","0","243100","243100","20/12/2019","18:28","2019-12-20","19:01:24","ISU000006","tbl0010","CLOSED","1","","IATR190004291","","","","","IAT2012190927","NHO2018000007"),
("IATT190004416","","2","136000","51000","8500","0","93500","100000","20/12/2019","19:09","2019-12-20","20:14:09","ISU000006","tbl0011","CLOSED","1","","IATR190004292","","","","","IAT2012190927","NHO2018000007"),
("IATT190004417","","1","73000","0","7300","0","80300","80300","20/12/2019","19:54","2019-12-20","20:19:22","ISU000006","tbl0013","CLOSED","1","","IATR190004293","","","","","IAT2012190927","NHO2018000007"),
("IATT190004418","","1","43000","0","4300","0","47300","47300","20/12/2019","20:10","2019-12-20","20:49:16","ISU000006","tbl0016","CLOSED","1","","IATR190004294","","","","","IAT2012190927","NHO2018000007"),
("IATT190004419","","4","199000","76000","12300","0","135300","135300","20/12/2019","20:16","2019-12-20","21:16:36","ISU000006","tbl0012","CLOSED","1","","IATR190004295","","","","","IAT2012190927","NHO2018000007");



INSERT INTO item_void VALUES("IATT190004418","IAT2012190927","NHO2018000007","193018","ORIGINAL","1","37000","Before Send","Komplen Customer");



INSERT INTO pos_promotion_h VALUES("IATT190004406","NPRM18000021","DISC ITEM","1","150000","MENANG BANYAK","IAT2012190927","PAID","NHO2018000007"),
("IATT190004407","NPRM18000021","DISC ITEM","1","91500","MENANG BANYAK","IAT2012190927","PAID","NHO2018000007"),
("IATT190004412","NPRM18000021","DISC ITEM","1","46500","MENANG BANYAK","IAT2012190927","PAID","NHO2018000007"),
("IATT190004414","NPRM18000021","DISC ITEM","1","53000","MENANG BANYAK","IAT2012190927","PAID","NHO2018000007"),
("IATT190004415","NPRM18000021","DISC ITEM","1","113000","MENANG BANYAK","IAT2012190927","PAID","NHO2018000007"),
("IATT190004416","NPRM18000021","DISC ITEM","1","51000","MENANG BANYAK","IAT2012190927","PAID","NHO2018000007"),
("IATT190004419","NPRM18000021","DISC ITEM","1","76000","MENANG BANYAK","IAT2012190927","PAID","NHO2018000007");



INSERT INTO pos_promotion_d VALUES("IATT190004406","NPRM18000021","DISC ITEM","1","1","193019","1","20000","IAT2012190927","PAID","NHO2018000007"),
("IATT190004406","NPRM18000021","DISC ITEM","1","1","193019","2","20000","IAT2012190927","PAID","NHO2018000007"),
("IATT190004406","NPRM18000021","DISC ITEM","1","1","193019","3","20000","IAT2012190927","PAID","NHO2018000007"),
("IATT190004406","NPRM18000021","DISC ITEM","1","1","193021","1","20000","IAT2012190927","PAID","NHO2018000007"),
("IATT190004406","NPRM18000021","DISC ITEM","1","1","193005","1","18500","IAT2012190927","PAID","NHO2018000007"),
("IATT190004406","NPRM18000021","DISC ITEM","1","1","193005","2","18500","IAT2012190927","PAID","NHO2018000007"),
("IATT190004406","NPRM18000021","DISC ITEM","1","1","193086","1","16500","IAT2012190927","PAID","NHO2018000007"),
("IATT190004406","NPRM18000021","DISC ITEM","1","1","193086","2","16500","IAT2012190927","PAID","NHO2018000007"),
("IATT190004407","NPRM18000021","DISC ITEM","1","1","193011","1","20000","IAT2012190927","PAID","NHO2018000007"),
("IATT190004407","NPRM18000021","DISC ITEM","1","1","193011","2","20000","IAT2012190927","PAID","NHO2018000007"),
("IATT190004407","NPRM18000021","DISC ITEM","1","1","193011","3","20000","IAT2012190927","PAID","NHO2018000007"),
("IATT190004407","NPRM18000021","DISC ITEM","1","1","193086","1","16500","IAT2012190927","PAID","NHO2018000007"),
("IATT190004407","NPRM18000021","DISC ITEM","1","1","193084","1","15000","IAT2012190927","PAID","NHO2018000007"),
("IATT190004412","NPRM18000021","DISC ITEM","1","1","193082","1","15000","IAT2012190927","PAID","NHO2018000007"),
("IATT190004412","NPRM18000021","DISC ITEM","1","1","193084","1","15000","IAT2012190927","PAID","NHO2018000007"),
("IATT190004412","NPRM18000021","DISC ITEM","1","1","193086","1","16500","IAT2012190927","PAID","NHO2018000007"),
("IATT190004414","NPRM18000021","DISC ITEM","1","1","193006","1","18500","IAT2012190927","PAID","NHO2018000007"),
("IATT190004414","NPRM18000021","DISC ITEM","1","1","193030","1","13500","IAT2012190927","PAID","NHO2018000007"),
("IATT190004414","NPRM18000021","DISC ITEM","1","1","193033","1","21000","IAT2012190927","PAID","NHO2018000007"),
("IATT190004415","NPRM18000021","DISC ITEM","1","1","193010","1","20000","IAT2012190927","PAID","NHO2018000007"),
("IATT190004415","NPRM18000021","DISC ITEM","1","1","193087","1","16500","IAT2012190927","PAID","NHO2018000007"),
("IATT190004415","NPRM18000021","DISC ITEM","1","1","193087","2","16500","IAT2012190927","PAID","NHO2018000007"),
("IATT190004415","NPRM18000021","DISC ITEM","1","1","193078","1","15000","IAT2012190927","PAID","NHO2018000007"),
("IATT190004415","NPRM18000021","DISC ITEM","1","1","193078","2","15000","IAT2012190927","PAID","NHO2018000007"),
("IATT190004415","NPRM18000021","DISC ITEM","1","1","193078","3","15000","IAT2012190927","PAID","NHO2018000007"),
("IATT190004415","NPRM18000021","DISC ITEM","1","1","193078","4","15000","IAT2012190927","PAID","NHO2018000007"),
("IATT190004416","NPRM18000021","DISC ITEM","1","1","193083","1","15000","IAT2012190927","PAID","NHO2018000007"),
("IATT190004416","NPRM18000021","DISC ITEM","1","1","193033","1","21000","IAT2012190927","PAID","NHO2018000007"),
("IATT190004416","NPRM18000021","DISC ITEM","1","1","193032","1","15000","IAT2012190927","PAID","NHO2018000007"),
("IATT190004419","NPRM18000021","DISC ITEM","1","1","193032","1","15000","IAT2012190927","PAID","NHO2018000007"),
("IATT190004419","NPRM18000021","DISC ITEM","1","1","193021","1","20000","IAT2012190927","PAID","NHO2018000007"),
("IATT190004419","NPRM18000021","DISC ITEM","1","1","193033","1","21000","IAT2012190927","PAID","NHO2018000007"),
("IATT190004419","NPRM18000021","DISC ITEM","1","1","193020","1","20000","IAT2012190927","PAID","NHO2018000007");



INSERT INTO pos_paymenttemp VALUES("IATT190004405","CASH","CASH","113300","150000","ISU000015","2019-12-20","","1","","CLOSED","IAT2012190927","NHO2018000007"),
("IATT190004406","CASH","CASH","165000","165000","ISU000015","2019-12-20","","1","","CLOSED","IAT2012190927","NHO2018000007"),
("IATT190004407","CASH","CASH","146850","150000","ISU000015","2019-12-20","","1","","CLOSED","IAT2012190927","NHO2018000007"),
("IATT190004408","CASH","CASH","71500","100000","ISU000015","2019-12-20","","1","","CLOSED","IAT2012190927","NHO2018000007"),
("IATT190004409","CASH","GOPAY","42900","42900","ISU000015","2019-12-20","","1","","CLOSED","IAT2012190927","NHO2018000007"),
("IATT190004410","CASH","GOPAY","70200","70200","ISU000006","2019-12-20","","1","","CLOSED","IAT2012190927","NHO2018000007"),
("IATT190004411","CASH","CASH","123200","150000","ISU000006","2019-12-20","","1","","CLOSED","IAT2012190927","NHO2018000007"),
("IATT190004413","CASH","CASH","44000","100000","ISU000006","2019-12-20","","1","","CLOSED","IAT2012190927","NHO2018000007"),
("IATT190004412","CASH","CASH","88550","100500","ISU000006","2019-12-20","","1","","CLOSED","IAT2012190927","NHO2018000007"),
("IATT190004414","CASH","CASH","102300","102300","ISU000006","2019-12-20","","1","","CLOSED","IAT2012190927","NHO2018000007"),
("IATT190004415","CARD","DEBIT BCA","243100","243100","ISU000006","2019-12-20","","1","","CLOSED","IAT2012190927","NHO2018000007"),
("IATT190004416","CASH","CASH","93500","100000","ISU000006","2019-12-20","","1","","CLOSED","IAT2012190927","NHO2018000007"),
("IATT190004417","CARD","DEBIT BCA","80300","80300","ISU000006","2019-12-20","","1","","CLOSED","IAT2012190927","NHO2018000007"),
("IATT190004418","CASH","OVO","47300","47300","ISU000006","2019-12-20","","1","","CLOSED","IAT2012190927","NHO2018000007"),
("IATT190004419","CARD","VISA","135300","135300","ISU000006","2019-12-20","","1","","CLOSED","IAT2012190927","NHO2018000007");



