INSERT INTO pos_itemtemp VALUES("IATT190004466","193024","191001","192003","30000","1","30000","0","30000","1","1","1","IAT2312190957","NHO2018000007","PAID","","193024"),
("IATT190004466","193024","191001","192003","30000","1","30000","0","30000","2","1","1","IAT2312190957","NHO2018000007","PAID","","193024"),
("IATT190004466","193052","191002","192010","20000","1","20000","0","20000","1","1","1","IAT2312190957","NHO2018000007","PAID","","193052"),
("IATT190004466","193054","191002","192010","20000","1","20000","0","20000","1","1","1","IAT2312190957","NHO2018000007","PAID","","193054"),
("IATT190004466","193054","191002","192010","20000","1","20000","0","20000","2","1","1","IAT2312190957","NHO2018000007","PAID","","193054"),
("IATT190004468","193113","191001","192003","55000","1","55000","0","55000","1","1","1","IAT2312190957","NHO2018000007","PAID","jangan di buat lagi","193113"),
("IATT190004468","193046","191002","192010","10000","1","10000","0","10000","1","1","1","IAT2312190957","NHO2018000007","PAID","","193046"),
("IATT190004469","193021","191001","192002","40000","1","40000","20000","20000","1","1","1","IAT2312190957","NHO2018000007","PAID","","ORIGINAL"),
("IATT190004469","193033","191001","192005","42000","1","42000","21000","21000","1","1","1","IAT2312190957","NHO2018000007","PAID","","193033"),
("IATT190004469","193010","191001","192001","40000","1","40000","20000","20000","1","1","1","IAT2312190957","NHO2018000007","PAID","","193010"),
("IATT190004469","193030","191001","192004","27000","1","27000","13500","13500","1","1","1","IAT2312190957","NHO2018000007","PAID","","193030"),
("IATT190004469","193047","191002","192010","10000","1","10000","0","10000","1","1","1","IAT2312190957","NHO2018000007","PAID","","193047"),
("IATT190004469","193054","191002","192010","20000","1","20000","0","20000","1","1","1","IAT2312190957","NHO2018000007","PAID","","193054"),
("IATT190004470","193078","191001","192001","30000","1","30000","0","30000","1","1","1","IAT2312190957","NHO2018000007","PAID","","PEDAS"),
("IATT190004470","193069","191001","192012","13000","1","13000","0","13000","1","1","1","IAT2312190957","NHO2018000007","PAID","","193069"),
("IATT190004470","193055","191002","192010","17000","1","17000","0","17000","1","1","1","IAT2312190957","NHO2018000007","PAID","","193055"),
("IATT190004471","193036","191001","192006","36000","1","36000","18000","18000","1","1","1","IAT2312190957","NHO2018000007","PAID","","ORIGINAL"),
("IATT190004471","193114","191001","192006","42000","1","42000","21000","21000","1","1","1","IAT2312190957","NHO2018000007","PAID","","193114"),
("IATT190004471","193082","191001","192001","30000","1","30000","15000","15000","1","1","1","IAT2312190957","NHO2018000007","PAID","","193082"),
("IATT190004472","193081","191001","192002","33000","1","33000","16500","16500","1","1","1","IAT2312190957","NHO2018000007","PAID","","193081"),
("IATT190004472","193009","191001","192001","40000","1","40000","20000","20000","1","1","1","IAT2312190957","NHO2018000007","PAID","","193009"),
("IATT190004472","193009","191001","192001","40000","1","40000","20000","20000","2","1","1","IAT2312190957","NHO2018000007","PAID","","193009"),
("IATT190004472","193084","191001","192001","30000","1","30000","15000","15000","1","1","1","IAT2312190957","NHO2018000007","PAID","","PEDAS"),
("IATT190004472","193118","191001","192012","20000","1","20000","0","20000","1","1","1","IAT2312190957","NHO2018000007","PAID","","193118"),
("IATT190004472","193055","191002","192010","17000","1","17000","0","17000","1","1","1","IAT2312190957","NHO2018000007","PAID","","193055"),
("IATT190004472","193054","191002","192010","20000","1","20000","0","20000","1","1","1","IAT2312190957","NHO2018000007","PAID","","193054"),
("IATT190004472","193052","191002","192010","20000","1","20000","0","20000","1","1","1","IAT2312190957","NHO2018000007","PAID","","193052"),
("IATT190004472","193049","191002","192010","10000","1","10000","0","10000","1","1","1","IAT2312190957","NHO2018000007","PAID","","193049"),
("IATT190004473","193084","191001","192001","30000","1","30000","0","30000","1","1","1","IAT2312190957","NHO2018000007","PAID","","PEDAS"),
("IATT190004473","193087","191001","192002","33000","1","33000","0","33000","1","1","1","IAT2312190957","NHO2018000007","PAID","","193087"),
("IATT190004473","193047","191002","192010","10000","1","10000","0","10000","1","1","1","IAT2312190957","NHO2018000007","PAID","","193047"),
("IATT190004473","193047","191002","192010","10000","1","10000","0","10000","2","1","1","IAT2312190957","NHO2018000007","PAID","","193047"),
("IATT190004472","193048","191002","192010","8000","1","8000","0","8000","1","1","2","IAT2312190957","NHO2018000007","PAID","","193048"),
("IATT190004474","193009","191001","192001","40000","1","40000","0","40000","1","1","1","IAT2312190957","NHO2018000007","PAID","","193009"),
("IATT190004474","193029","191001","192004","27000","1","27000","0","27000","1","1","1","IAT2312190957","NHO2018000007","PAID","","193029"),
("IATT190004474","193048","191002","192010","8000","1","8000","0","8000","1","1","1","IAT2312190957","NHO2018000007","PAID","","193048"),
("IATT190004474","193048","191002","192010","8000","1","8000","0","8000","2","1","1","IAT2312190957","NHO2018000007","PAID","","193048"),
("IATT190004475","193011","191001","192001","40000","1","40000","0","40000","1","1","1","IAT2312190957","NHO2018000007","PAID","","PEDAS"),
("IATT190004475","193055","191002","192010","17000","1","17000","0","17000","1","1","1","IAT2312190957","NHO2018000007","PAID","","193055");



INSERT INTO pos_salestemp VALUES("IATT190004466","","3","120000","0","12000","0","132000","150000","23/12/2019","09:57","2019-12-23","10:41:35","ISU000004","tbl0010","CLOSED","1","","IATR190004342","","","","","IAT2312190957","NHO2018000007"),
("IATT190004467","","0","0","0","0","0","0","0","23/12/2019","10:54","23/12/2019","19:08:03","ISU000006","tbl0006","CANCELED","1","PERMINTAAN CUSTOMER","","","","","","IAT2312190957","NHO2018000007"),
("IATT190004468","","1","65000","0","6500","0","71500","100000","23/12/2019","12:58","2019-12-23","13:25:44","ISU000004","tbl0012","CLOSED","1","","IATR190004343","","","","","IAT2312190957","NHO2018000007"),
("IATT190004469","","2","179000","74500","10450","0","114950","114950","23/12/2019","14:02","2019-12-23","14:45:02","ISU000004","tbl0012","CLOSED","1","","IATR190004344","","","","","IAT2312190957","NHO2018000007"),
("IATT190004470","","1","60000","0","6000","0","66000","66000","23/12/2019","14:13","2019-12-23","14:50:28","ISU000004","tbl0011","CLOSED","1","","IATR190004345","","","","","IAT2312190957","NHO2018000007"),
("IATT190004471","","2","108000","54000","5400","0","59400","59400","23/12/2019","16:30","2019-12-23","17:12:18","ISU000006","tbl0011","CLOSED","1","","IATR190004346","","","","","IAT2312190957","NHO2018000007"),
("IATT190004472","","5","238000","71500","16650","0","183150","200000","23/12/2019","17:08","2019-12-23","17:58:39","ISU000006","tbl0014","CLOSED","1","","IATR190004347","","","","","IAT2312190957","NHO2018000007"),
("IATT190004473","","2","83000","0","8300","0","91300","91300","23/12/2019","17:41","2019-12-23","18:05:36","ISU000006","tbl0010","CLOSED","1","","IATR190004348","","","","","IAT2312190957","NHO2018000007"),
("IATT190004474","","2","83000","0","8300","0","91300","100000","23/12/2019","18:55","2019-12-23","19:12:55","ISU000006","tbl0011","CLOSED","1","","IATR190004349","","","","","IAT2312190957","NHO2018000007"),
("IATT190004475","","1","57000","0","5700","0","62700","62700","23/12/2019","19:00","2019-12-23","19:31:27","ISU000006","tbl0005","CLOSED","1","","IATR190004350","","","","","IAT2312190957","NHO2018000007");






INSERT INTO pos_promotion_h VALUES("IATT190004469","NPRM18000021","DISC ITEM","1","74500","MENANG BANYAK","IAT2312190957","PAID","NHO2018000007"),
("IATT190004471","NPRM18000021","DISC ITEM","1","54000","MENANG BANYAK","IAT2312190957","PAID","NHO2018000007"),
("IATT190004472","NPRM18000021","DISC ITEM","1","71500","MENANG BANYAK","IAT2312190957","PAID","NHO2018000007");



INSERT INTO pos_promotion_d VALUES("IATT190004469","NPRM18000021","DISC ITEM","1","1","193021","1","20000","IAT2312190957","PAID","NHO2018000007"),
("IATT190004469","NPRM18000021","DISC ITEM","1","1","193033","1","21000","IAT2312190957","PAID","NHO2018000007"),
("IATT190004469","NPRM18000021","DISC ITEM","1","1","193010","1","20000","IAT2312190957","PAID","NHO2018000007"),
("IATT190004469","NPRM18000021","DISC ITEM","1","1","193030","1","13500","IAT2312190957","PAID","NHO2018000007"),
("IATT190004471","NPRM18000021","DISC ITEM","1","1","193036","1","18000","IAT2312190957","PAID","NHO2018000007"),
("IATT190004471","NPRM18000021","DISC ITEM","1","1","193114","1","21000","IAT2312190957","PAID","NHO2018000007"),
("IATT190004471","NPRM18000021","DISC ITEM","1","1","193082","1","15000","IAT2312190957","PAID","NHO2018000007"),
("IATT190004472","NPRM18000021","DISC ITEM","1","1","193081","1","16500","IAT2312190957","PAID","NHO2018000007"),
("IATT190004472","NPRM18000021","DISC ITEM","1","1","193009","1","20000","IAT2312190957","PAID","NHO2018000007"),
("IATT190004472","NPRM18000021","DISC ITEM","1","1","193009","2","20000","IAT2312190957","PAID","NHO2018000007"),
("IATT190004472","NPRM18000021","DISC ITEM","1","1","193084","1","15000","IAT2312190957","PAID","NHO2018000007");



INSERT INTO pos_paymenttemp VALUES("IATT190004466","CASH","CASH","132000","150000","ISU000004","2019-12-23","","1","","CLOSED","IAT2312190957","NHO2018000007"),
("IATT190004468","CASH","CASH","71500","100000","ISU000004","2019-12-23","","1","","CLOSED","IAT2312190957","NHO2018000007"),
("IATT190004469","CARD","VISA","114950","114950","ISU000004","2019-12-23","","1","","CLOSED","IAT2312190957","NHO2018000007"),
("IATT190004470","CARD","DEBIT BCA","66000","66000","ISU000004","2019-12-23","","1","","CLOSED","IAT2312190957","NHO2018000007"),
("IATT190004471","CARD","DEBIT BCA","59400","59400","ISU000006","2019-12-23","","1","","CLOSED","IAT2312190957","NHO2018000007"),
("IATT190004472","CASH","CASH","183150","200000","ISU000006","2019-12-23","","1","","CLOSED","IAT2312190957","NHO2018000007"),
("IATT190004473","CASH","OVO","91300","91300","ISU000006","2019-12-23","","1","","CLOSED","IAT2312190957","NHO2018000007"),
("IATT190004474","CASH","CASH","91300","100000","ISU000006","2019-12-23","","1","","CLOSED","IAT2312190957","NHO2018000007"),
("IATT190004475","CARD","DEBIT BCA","62700","62700","ISU000006","2019-12-23","","1","","CLOSED","IAT2312190957","NHO2018000007");



