INSERT INTO pos_itemtemp VALUES("IATT190004029","193084","191001","192001","30000","1","30000","0","30000","1","1","1","IAT2811190940","NHO2018000007","PAID","level 1 dan level 2","PEDAS"),
("IATT190004029","193084","191001","192001","30000","1","30000","0","30000","2","1","1","IAT2811190940","NHO2018000007","PAID","","PEDAS"),
("IATT190004029","193055","191002","192010","17000","1","17000","0","17000","1","1","1","IAT2811190940","NHO2018000007","PAID","","193055"),
("IATT190004029","193056","191002","192010","17000","1","17000","0","17000","1","1","1","IAT2811190940","NHO2018000007","PAID","","193056"),
("IATT190004030","193113","191001","192003","55000","1","55000","0","55000","1","1","1","IAT2811190940","NHO2018000007","PAID","","193113"),
("IATT190004030","193009","191001","192001","40000","1","40000","0","40000","1","1","1","IAT2811190940","NHO2018000007","PAID","","193009"),
("IATT190004030","193119","191001","192012","20000","1","20000","0","20000","1","1","1","IAT2811190940","NHO2018000007","PAID","","193119"),
("IATT190004030","193047","191002","192010","10000","1","10000","0","10000","1","1","1","IAT2811190940","NHO2018000007","PAID","","193047"),
("IATT190004030","193049","191002","192010","10000","1","10000","0","10000","1","1","1","IAT2811190940","NHO2018000007","PAID","","193049"),
("IATT190004031","193036","191001","192006","36000","1","36000","15840","20160","1","1","1","IAT2811190940","NHO2018000007","PAID","","PEDAS"),
("IATT190004031","193024","191001","192003","30000","1","30000","0","30000","1","1","1","IAT2811190940","NHO2018000007","PAID","","193024"),
("IATT190004031","193078","191001","192001","30000","1","30000","13200","16800","1","1","1","IAT2811190940","NHO2018000007","PAID","","ORIGINAL"),
("IATT190004031","193056","191002","192010","17000","1","17000","0","17000","1","1","1","IAT2811190940","NHO2018000007","PAID","","193056"),
("IATT190004031","193054","191002","192010","20000","1","20000","0","20000","1","1","1","IAT2811190940","NHO2018000007","PAID","","193054"),
("IATT190004032","193039","191001","192006","36000","1","36000","0","36000","1","1","1","IAT2811190940","NHO2018000007","PAID","","PEDAS"),
("IATT190004032","193035","191001","192006","32000","1","32000","0","32000","1","1","1","IAT2811190940","NHO2018000007","PAID","sedeng","PEDAS"),
("IATT190004032","193051","191002","192010","20000","1","20000","0","20000","1","1","1","IAT2811190940","NHO2018000007","PAID","","193051"),
("IATT190004032","193118","191001","192012","20000","1","20000","0","20000","1","1","1","IAT2811190940","NHO2018000007","PAID","","193118"),
("IATT190004032","193054","191002","192010","20000","1","20000","0","20000","1","1","1","IAT2811190940","NHO2018000007","PAID","","193054"),
("IATT190004032","193054","191002","192010","20000","1","20000","0","20000","2","1","2","IAT2811190940","NHO2018000007","PAID","","193054"),
("IATT190004033","193039","191001","192006","36000","1","36000","15840","20160","1","1","1","IAT2811190940","NHO2018000007","PAID","","ORIGINAL"),
("IATT190004033","193052","191002","192010","20000","1","20000","0","20000","1","1","1","IAT2811190940","NHO2018000007","PAID","","193052"),
("IATT190004034","193039","191001","192006","36000","1","36000","15840","20160","1","1","1","IAT2811190940","NHO2018000007","PAID","","ORIGINAL"),
("IATT190004036","193078","191001","192001","30000","1","30000","13200","16800","1","1","1","IAT2811190940","NHO2018000007","PAID","level 2 take away","PEDAS"),
("IATT190004036","193078","191001","192001","30000","1","30000","13200","16800","2","1","1","IAT2811190940","NHO2018000007","PAID","","PEDAS"),
("IATT190004037","193084","191001","192001","30000","1","30000","0","30000","1","1","1","IAT2811190940","NHO2018000007","PAID","","ORIGINAL"),
("IATT190004037","193048","191002","192010","8000","1","8000","0","8000","1","1","1","IAT2811190940","NHO2018000007","PAID","","193048"),
("IATT190004037","193024","191001","192003","30000","1","30000","0","30000","1","1","2","IAT2811190940","NHO2018000007","PAID","","193024"),
("IATT190004038","193007","191001","192001","37000","1","37000","16280","20720","1","1","1","IAT2811190940","NHO2018000007","PAID","","PEDAS"),
("IATT190004038","193028","191001","192003","43000","1","43000","0","43000","1","1","2","IAT2811190940","NHO2018000007","PAID","","193028"),
("IATT190004038","193054","191002","192010","20000","1","20000","0","20000","1","1","2","IAT2811190940","NHO2018000007","PAID","","193054"),
("IATT190004038","193055","191002","192010","17000","1","17000","0","17000","1","1","2","IAT2811190940","NHO2018000007","PAID","","193055"),
("IATT190004039","193011","191001","192001","40000","1","40000","17600","22400","1","1","1","IAT2811190940","NHO2018000007","PAID","","PEDAS"),
("IATT190004039","193011","191001","192001","40000","1","40000","17600","22400","2","1","1","IAT2811190940","NHO2018000007","PAID","","PEDAS"),
("IATT190004039","193047","191002","192010","10000","1","10000","0","10000","1","1","1","IAT2811190940","NHO2018000007","PAID","","193047"),
("IATT190004039","193047","191002","192010","10000","1","10000","0","10000","2","1","1","IAT2811190940","NHO2018000007","PAID","","193047"),
("IATT190004040","193011","191001","192001","40000","1","40000","17600","22400","1","1","1","IAT2811190940","NHO2018000007","PAID","","ORIGINAL"),
("IATT190004040","193032","191001","192004","30000","1","30000","13200","16800","1","1","1","IAT2811190940","NHO2018000007","PAID","","193032"),
("IATT190004040","193039","191001","192006","36000","1","36000","15840","20160","1","1","1","IAT2811190940","NHO2018000007","PAID","","PEDAS"),
("IATT190004040","193046","191002","192010","10000","1","10000","0","10000","1","1","1","IAT2811190940","NHO2018000007","PAID","","193046"),
("IATT190004040","193046","191002","192010","10000","1","10000","0","10000","2","1","1","IAT2811190940","NHO2018000007","PAID","","193046"),
("IATT190004040","193046","191002","192010","10000","1","10000","0","10000","3","1","1","IAT2811190940","NHO2018000007","PAID","","193046"),
("IATT190004041","193084","191001","192001","30000","1","30000","13200","16800","1","1","1","IAT2811190940","NHO2018000007","PAID","","PEDAS"),
("IATT190004041","193084","191001","192001","30000","1","30000","13200","16800","2","1","1","IAT2811190940","NHO2018000007","PAID","","PEDAS"),
("IATT190004041","193118","191001","192012","20000","1","20000","0","20000","1","1","1","IAT2811190940","NHO2018000007","PAID","","193118"),
("IATT190004041","193069","191001","192012","13000","1","13000","5720","7280","1","1","1","IAT2811190940","NHO2018000007","PAID","","193069"),
("IATT190004041","193048","191002","192010","8000","1","8000","0","8000","1","1","1","IAT2811190940","NHO2018000007","PAID","","193048"),
("IATT190004041","193048","191002","192010","8000","1","8000","0","8000","2","1","1","IAT2811190940","NHO2018000007","PAID","","193048"),
("IATT190004042","193036","191001","192006","36000","1","36000","15840","20160","1","1","1","IAT2811190940","NHO2018000007","PAID","SEDENG ","ORIGINAL"),
("IATT190004042","193033","191001","192005","42000","1","42000","18480","23520","1","1","1","IAT2811190940","NHO2018000007","PAID","","193033"),
("IATT190004042","193008","191001","192001","37000","1","37000","16280","20720","1","1","1","IAT2811190940","NHO2018000007","PAID","","193008"),
("IATT190004042","193035","191001","192006","32000","1","32000","14080","17920","1","1","1","IAT2811190940","NHO2018000007","PAID","SEDENG","ORIGINAL"),
("IATT190004042","193055","191002","192010","17000","1","17000","0","17000","1","1","1","IAT2811190940","NHO2018000007","PAID","","193055"),
("IATT190004042","193055","191002","192010","17000","1","17000","0","17000","2","1","1","IAT2811190940","NHO2018000007","PAID","","193055"),
("IATT190004042","193048","191002","192010","8000","1","8000","0","8000","1","1","1","IAT2811190940","NHO2018000007","PAID","","193048"),
("IATT190004042","193048","191002","192010","8000","1","8000","0","8000","2","1","1","IAT2811190940","NHO2018000007","PAID","","193048"),
("IATT190004042","193032","191001","192004","30000","1","30000","13200","16800","1","1","2","IAT2811190940","NHO2018000007","PAID","","193032"),
("IATT190004043","193083","191001","192001","30000","1","30000","13200","16800","1","1","1","IAT2811190940","NHO2018000007","PAID","","193083"),
("IATT190004044","193084","191001","192001","30000","1","30000","0","30000","1","1","1","IAT2811190940","NHO2018000007","PAID","TANPA DAUN BAWANG","PEDAS"),
("IATT190004044","193034","191001","192005","37000","1","37000","0","37000","1","1","1","IAT2811190940","NHO2018000007","PAID","","193034"),
("IATT190004044","193054","191002","192010","20000","1","20000","0","20000","1","1","1","IAT2811190940","NHO2018000007","PAID","","193054"),
("IATT190004044","193067","191001","192003","7000","1","7000","0","7000","1","1","1","IAT2811190940","NHO2018000007","PAID","","193067"),
("IATT190004044","193055","191002","192010","17000","1","17000","0","17000","1","1","1","IAT2811190940","NHO2018000007","PAID","","193055"),
("IATT190004045","193006","191001","192001","37000","1","37000","16280","20720","1","1","1","IAT2811190940","NHO2018000007","PAID","","193006"),
("IATT190004045","193048","191002","192010","8000","1","8000","0","8000","1","1","1","IAT2811190940","NHO2018000007","PAID","","193048"),
("IATT190004046","193033","191001","192005","42000","1","42000","18480","23520","1","1","1","IAT2811190940","NHO2018000007","PAID","","193033"),
("IATT190004046","193039","191001","192006","36000","1","36000","15840","20160","1","1","1","IAT2811190940","NHO2018000007","PAID","","PEDAS"),
("IATT190004046","193036","191001","192006","36000","1","36000","15840","20160","1","1","1","IAT2811190940","NHO2018000007","PAID","","PEDAS"),
("IATT190004046","193047","191002","192010","10000","1","10000","0","10000","1","1","1","IAT2811190940","NHO2018000007","PAID","","193047"),
("IATT190004046","193047","191002","192010","10000","1","10000","0","10000","2","1","1","IAT2811190940","NHO2018000007","PAID","","193047"),
("IATT190004046","193047","191002","192010","10000","1","10000","0","10000","3","1","1","IAT2811190940","NHO2018000007","PAID","","193047"),
("IATT190004047","193084","191001","192001","30000","1","30000","13200","16800","1","1","1","IAT2811190940","NHO2018000007","PAID","","PEDAS"),
("IATT190004047","193047","191002","192010","10000","1","10000","0","10000","1","1","1","IAT2811190940","NHO2018000007","PAID","","193047"),
("IATT190004048","193023","191001","192003","30000","1","30000","0","30000","1","1","1","IAT2811190940","NHO2018000007","PAID","","193023"),
("IATT190004048","193096","191001","192008","50000","1","50000","0","50000","1","1","1","IAT2811190940","NHO2018000007","PAID","","193096"),
("IATT190004048","193052","191002","192010","20000","1","20000","0","20000","1","1","1","IAT2811190940","NHO2018000007","PAID","","193052"),
("IATT190004048","193054","191002","192010","20000","1","20000","0","20000","1","1","1","IAT2811190940","NHO2018000007","PAID","","193054"),
("IATT190004048","193078","191001","192001","30000","1","30000","0","30000","1","1","2","IAT2811190940","NHO2018000007","PAID","","PEDAS");



INSERT INTO pos_salestemp VALUES("IATT190004029","","2","94000","0","9400","0","103400","104000","28/11/2019","11:50","2019-11-28","12:34:31","ISU000006","tbl0010","CLOSED","1","","IATR190003915","","","","","IAT2811190940","NHO2018000007"),
("IATT190004030","","2","135000","0","13500","0","148500","148500","28/11/2019","11:53","2019-11-28","12:35:43","ISU000006","tbl0022","CLOSED","1","","IATR190003916","","","","","IAT2811190940","NHO2018000007"),
("IATT190004031","","2","133000","29040","10396","0","114356","120000","28/11/2019","13:01","2019-11-28","13:45:19","ISU000006","tbl0010","CLOSED","1","","IATR190003917","","","","","IAT2811190940","NHO2018000007"),
("IATT190004032","","2","148000","0","14800","0","162800","163000","28/11/2019","13:55","2019-11-28","14:36:53","ISU000006","tbl0012","CLOSED","1","","IATR190003918","","","","","IAT2811190940","NHO2018000007"),
("IATT190004033","","1","56000","15840","4016","0","44176","50000","28/11/2019","14:34","2019-11-28","15:38:46","ISU000006","tbl0046","CLOSED","1","","IATR190003919","","","","","IAT2811190940","NHO2018000007"),
("IATT190004034","","1","36000","15840","2016","0","22176","30200","28/11/2019","14:40","2019-11-28","15:40:16","ISU000006","tbl0047","CLOSED","1","","IATR190003920","","","","","IAT2811190940","NHO2018000007"),
("IATT190004035","","1","0","0","0","0","0","0","28/11/2019","15:33","28/11/2019","18:48:52","ISU000006","tbl0050","CANCELED","1","PERMINTAAN CUSTOMER","","","","","","IAT2811190940","NHO2018000007"),
("IATT190004036","","1","60000","26400","3360","0","36960","50000","28/11/2019","15:35","2019-11-28","15:49:01","ISU000006","tbl0001","CLOSED","1","","IATR190003921","","","","","IAT2811190940","NHO2018000007"),
("IATT190004037","","1","68000","0","6800","0","74800","74800","28/11/2019","16:07","2019-11-28","16:44:43","ISU000006","tbl0012","CLOSED","1","","IATR190003922","","","","","IAT2811190940","NHO2018000007"),
("IATT190004038","","2","117000","16280","10072","0","110792","150000","28/11/2019","16:48","2019-11-28","17:17:50","ISU000006","tbl0011","CLOSED","1","","IATR190003923","","","","","IAT2811190940","NHO2018000007"),
("IATT190004039","","3","100000","35200","6480","0","71280","100000","28/11/2019","18:48","2019-11-28","19:44:15","ISU000006","tbl0011","CLOSED","1","","IATR190003925","","","","","IAT2811190940","NHO2018000007"),
("IATT190004040","","2","136000","46640","8936","0","98296","100000","28/11/2019","18:53","2019-11-28","20:13:16","ISU000006","tbl0010","CLOSED","1","","IATR190003930","","","","","IAT2811190940","NHO2018000007"),
("IATT190004041","","2","109000","32120","7688","0","84568","100000","28/11/2019","18:55","2019-11-28","19:30:23","ISU000006","tbl0012","CLOSED","1","","IATR190003924","","","","","IAT2811190940","NHO2018000007"),
("IATT190004042","","3","227000","77880","14912","0","164032","200000","28/11/2019","19:16","2019-11-28","19:55:03","ISU000006","tbl0023","CLOSED","1","","IATR190003926","","","","","IAT2811190940","NHO2018000007"),
("IATT190004043","","1","30000","13200","1680","0","18480","20000","28/11/2019","19:19","2019-11-28","20:07:25","ISU000006","tbl0004","CLOSED","1","","IATR190003928","","","","","IAT2811190940","NHO2018000007"),
("IATT190004044","","2","111000","0","11100","0","122100","200000","28/11/2019","19:23","2019-11-28","20:04:03","ISU000006","tbl0014","CLOSED","1","","IATR190003927","","","","","IAT2811190940","NHO2018000007"),
("IATT190004045","","1","45000","16280","2872","0","31592","32000","28/11/2019","19:38","2019-11-28","20:11:20","ISU000006","tbl0006","CLOSED","1","","IATR190003929","","","","","IAT2811190940","NHO2018000007"),
("IATT190004046","","3","144000","50160","9384","0","103224","103224","28/11/2019","20:45","2019-11-28","21:18:56","ISU000006","tbl0012","CLOSED","1","","IATR190003931","","","","","IAT2811190940","NHO2018000007"),
("IATT190004047","","1","40000","13200","2680","0","29480","29480","28/11/2019","20:48","2019-11-28","21:23:14","ISU000006","tbl0023","CLOSED","1","","IATR190003932","","","","","IAT2811190940","NHO2018000007"),
("IATT190004048","","2","150000","0","15000","0","165000","165000","28/11/2019","21:00","2019-11-28","21:36:43","ISU000006","tbl0021","CLOSED","1","","IATR190003933","","","","","IAT2811190940","NHO2018000007");



INSERT INTO item_void VALUES("IATT190004032","IAT2811190940","NHO2018000007","193055","193055","1","17000","Before Send","Komplen Customer"),
("IATT190004035","IAT2811190940","NHO2018000007","193039","PEDAS","1","36000","Before Send","Komplen Customer");



INSERT INTO pos_promotion_h VALUES("IATT190004031","NPRM18000020","DISC ITEM","1","29040","PROMO LAGI VIRAL 30%+20%","IAT2811190940","PAID","NHO2018000007"),
("IATT190004033","NPRM18000020","DISC ITEM","1","15840","PROMO LAGI VIRAL 30%+20%","IAT2811190940","PAID","NHO2018000007"),
("IATT190004034","NPRM18000020","DISC ITEM","1","15840","PROMO LAGI VIRAL 30%+20%","IAT2811190940","PAID","NHO2018000007"),
("IATT190004036","NPRM18000020","DISC ITEM","1","26400","PROMO LAGI VIRAL 30%+20%","IAT2811190940","PAID","NHO2018000007"),
("IATT190004038","NPRM18000020","DISC ITEM","1","16280","PROMO LAGI VIRAL 30%+20%","IAT2811190940","PAID","NHO2018000007"),
("IATT190004041","NPRM18000020","DISC ITEM","1","32120","PROMO LAGI VIRAL 30%+20%","IAT2811190940","PAID","NHO2018000007"),
("IATT190004039","NPRM18000020","DISC ITEM","1","35200","PROMO LAGI VIRAL 30%+20%","IAT2811190940","PAID","NHO2018000007"),
("IATT190004042","NPRM18000020","DISC ITEM","1","77880","PROMO LAGI VIRAL 30%+20%","IAT2811190940","PAID","NHO2018000007"),
("IATT190004043","NPRM18000020","DISC ITEM","1","13200","PROMO LAGI VIRAL 30%+20%","IAT2811190940","PAID","NHO2018000007"),
("IATT190004045","NPRM18000020","DISC ITEM","1","16280","PROMO LAGI VIRAL 30%+20%","IAT2811190940","PAID","NHO2018000007"),
("IATT190004040","NPRM18000020","DISC ITEM","1","46640","PROMO LAGI VIRAL 30%+20%","IAT2811190940","PAID","NHO2018000007"),
("IATT190004046","NPRM18000020","DISC ITEM","1","50160","PROMO LAGI VIRAL 30%+20%","IAT2811190940","PAID","NHO2018000007"),
("IATT190004047","NPRM18000020","DISC ITEM","1","13200","PROMO LAGI VIRAL 30%+20%","IAT2811190940","PAID","NHO2018000007");



INSERT INTO pos_promotion_d VALUES("IATT190004031","NPRM18000020","DISC ITEM","1","1","193036","1","15840","IAT2811190940","PAID","NHO2018000007"),
("IATT190004031","NPRM18000020","DISC ITEM","1","1","193078","1","13200","IAT2811190940","PAID","NHO2018000007"),
("IATT190004033","NPRM18000020","DISC ITEM","1","1","193039","1","15840","IAT2811190940","PAID","NHO2018000007"),
("IATT190004034","NPRM18000020","DISC ITEM","1","1","193039","1","15840","IAT2811190940","PAID","NHO2018000007"),
("IATT190004036","NPRM18000020","DISC ITEM","1","1","193078","1","13200","IAT2811190940","PAID","NHO2018000007"),
("IATT190004036","NPRM18000020","DISC ITEM","1","1","193078","2","13200","IAT2811190940","PAID","NHO2018000007"),
("IATT190004038","NPRM18000020","DISC ITEM","1","1","193007","1","16280","IAT2811190940","PAID","NHO2018000007"),
("IATT190004041","NPRM18000020","DISC ITEM","1","1","193084","1","13200","IAT2811190940","PAID","NHO2018000007"),
("IATT190004041","NPRM18000020","DISC ITEM","1","1","193084","2","13200","IAT2811190940","PAID","NHO2018000007"),
("IATT190004041","NPRM18000020","DISC ITEM","1","1","193069","1","5720","IAT2811190940","PAID","NHO2018000007"),
("IATT190004039","NPRM18000020","DISC ITEM","1","1","193011","1","17600","IAT2811190940","PAID","NHO2018000007"),
("IATT190004039","NPRM18000020","DISC ITEM","1","1","193011","2","17600","IAT2811190940","PAID","NHO2018000007"),
("IATT190004042","NPRM18000020","DISC ITEM","1","1","193036","1","15840","IAT2811190940","PAID","NHO2018000007"),
("IATT190004042","NPRM18000020","DISC ITEM","1","1","193033","1","18480","IAT2811190940","PAID","NHO2018000007"),
("IATT190004042","NPRM18000020","DISC ITEM","1","1","193008","1","16280","IAT2811190940","PAID","NHO2018000007"),
("IATT190004042","NPRM18000020","DISC ITEM","1","1","193035","1","14080","IAT2811190940","PAID","NHO2018000007"),
("IATT190004042","NPRM18000020","DISC ITEM","1","1","193032","1","13200","IAT2811190940","PAID","NHO2018000007"),
("IATT190004043","NPRM18000020","DISC ITEM","1","1","193083","1","13200","IAT2811190940","PAID","NHO2018000007"),
("IATT190004045","NPRM18000020","DISC ITEM","1","1","193006","1","16280","IAT2811190940","PAID","NHO2018000007"),
("IATT190004040","NPRM18000020","DISC ITEM","1","1","193011","1","17600","IAT2811190940","PAID","NHO2018000007"),
("IATT190004040","NPRM18000020","DISC ITEM","1","1","193032","1","13200","IAT2811190940","PAID","NHO2018000007"),
("IATT190004040","NPRM18000020","DISC ITEM","1","1","193039","1","15840","IAT2811190940","PAID","NHO2018000007"),
("IATT190004046","NPRM18000020","DISC ITEM","1","1","193033","1","18480","IAT2811190940","PAID","NHO2018000007"),
("IATT190004046","NPRM18000020","DISC ITEM","1","1","193039","1","15840","IAT2811190940","PAID","NHO2018000007"),
("IATT190004046","NPRM18000020","DISC ITEM","1","1","193036","1","15840","IAT2811190940","PAID","NHO2018000007"),
("IATT190004047","NPRM18000020","DISC ITEM","1","1","193084","1","13200","IAT2811190940","PAID","NHO2018000007");



INSERT INTO pos_paymenttemp VALUES("IATT190004029","CASH","CASH","103400","104000","ISU000006","2019-11-28","","1","","CLOSED","IAT2811190940","NHO2018000007"),
("IATT190004030","CARD","DEBIT BCA","148500","148500","ISU000006","2019-11-28","","1","","CLOSED","IAT2811190940","NHO2018000007"),
("IATT190004031","CASH","CASH","114356","120000","ISU000006","2019-11-28","","1","","CLOSED","IAT2811190940","NHO2018000007"),
("IATT190004032","CASH","CASH","162800","163000","ISU000006","2019-11-28","","1","","CLOSED","IAT2811190940","NHO2018000007"),
("IATT190004033","CASH","CASH","44176","50000","ISU000006","2019-11-28","","1","","CLOSED","IAT2811190940","NHO2018000007"),
("IATT190004034","CASH","CASH","22176","30200","ISU000006","2019-11-28","","1","","CLOSED","IAT2811190940","NHO2018000007"),
("IATT190004036","CASH","CASH","36960","50000","ISU000006","2019-11-28","","1","","CLOSED","IAT2811190940","NHO2018000007"),
("IATT190004037","CASH","OVO","74800","74800","ISU000006","2019-11-28","","1","","CLOSED","IAT2811190940","NHO2018000007"),
("IATT190004038","CASH","CASH","110792","150000","ISU000006","2019-11-28","","1","","CLOSED","IAT2811190940","NHO2018000007"),
("IATT190004041","CASH","CASH","84568","100000","ISU000006","2019-11-28","","1","","CLOSED","IAT2811190940","NHO2018000007"),
("IATT190004039","CASH","CASH","71280","100000","ISU000006","2019-11-28","","1","","CLOSED","IAT2811190940","NHO2018000007"),
("IATT190004042","CASH","CASH","164032","200000","ISU000006","2019-11-28","","1","","CLOSED","IAT2811190940","NHO2018000007"),
("IATT190004044","CASH","CASH","122100","200000","ISU000006","2019-11-28","","1","","CLOSED","IAT2811190940","NHO2018000007"),
("IATT190004043","CASH","CASH","18480","20000","ISU000006","2019-11-28","","1","","CLOSED","IAT2811190940","NHO2018000007"),
("IATT190004045","CASH","CASH","31592","32000","ISU000006","2019-11-28","","1","","CLOSED","IAT2811190940","NHO2018000007"),
("IATT190004040","CASH","CASH","98296","100000","ISU000006","2019-11-28","","1","","CLOSED","IAT2811190940","NHO2018000007"),
("IATT190004046","CARD","DEBIT BCA","103224","103224","ISU000006","2019-11-28","","1","","CLOSED","IAT2811190940","NHO2018000007"),
("IATT190004047","CARD","DEBIT BCA","29480","29480","ISU000006","2019-11-28","","1","","CLOSED","IAT2811190940","NHO2018000007"),
("IATT190004048","CARD","DEBIT BCA","165000","165000","ISU000006","2019-11-28","","1","","CLOSED","IAT2811190940","NHO2018000007");



