INSERT INTO pos_itemtemp VALUES("IATT190002180","193008","191001","192001","37000","1","37000","13320","23680","1","1","1","IAT2408191018","NHO2018000007","PAID","toping beef","193008"),
("IATT190002180","193028","191001","192003","43000","1","43000","15480","27520","1","1","1","IAT2408191018","NHO2018000007","PAID","","193028"),
("IATT190002180","193055","191002","192010","17000","1","17000","0","17000","1","1","1","IAT2408191018","NHO2018000007","PAID","","193055"),
("IATT190002181","193007","191001","192001","37000","1","37000","13320","23680","1","1","1","IAT2408191018","NHO2018000007","PAID","","PEDAS"),
("IATT190002181","193032","191001","192004","30000","1","30000","10800","19200","1","1","1","IAT2408191018","NHO2018000007","PAID","","193032"),
("IATT190002181","193046","191002","192010","10000","1","10000","0","10000","1","1","1","IAT2408191018","NHO2018000007","PAID","","193046"),
("IATT190002181","193076","191001","192001","30000","1","30000","10800","19200","1","1","1","IAT2408191018","NHO2018000007","PAID","","193076"),
("IATT190002181","193054","191002","192010","20000","1","20000","0","20000","1","1","1","IAT2408191018","NHO2018000007","PAID","","193054"),
("IATT190002182","193007","191001","192001","37000","1","37000","13320","23680","1","1","1","IAT2408191018","NHO2018000007","PAID","extra pds lvl 3","PEDAS"),
("IATT190002182","193030","191001","192004","27000","1","27000","9720","17280","1","1","1","IAT2408191018","NHO2018000007","PAID","","193030"),
("IATT190002182","193055","191002","192010","17000","1","17000","0","17000","1","1","1","IAT2408191018","NHO2018000007","PAID","","193055"),
("IATT190002182","193055","191002","192010","17000","1","17000","0","17000","2","1","1","IAT2408191018","NHO2018000007","PAID","","193055"),
("IATT190002182","193047","191002","192010","10000","1","10000","0","10000","1","1","1","IAT2408191018","NHO2018000007","PAID","","193047"),
("IATT190002183","193056","191002","192010","17000","1","17000","0","17000","1","1","1","IAT2408191018","NHO2018000007","PAID","","193056"),
("IATT190002183","193055","191002","192010","17000","1","17000","0","17000","1","1","1","IAT2408191018","NHO2018000007","PAID","","193055"),
("IATT190002183","193015","191001","192002","33000","1","33000","11880","21120","1","1","1","IAT2408191018","NHO2018000007","PAID","yg 1 pds yg 1 gak pedes sm sekali","ORIGINAL"),
("IATT190002183","193015","191001","192002","33000","1","33000","11880","21120","2","1","1","IAT2408191018","NHO2018000007","PAID","","ORIGINAL"),
("IATT190002183","193069","191001","192012","13000","1","13000","0","13000","1","1","1","IAT2408191018","NHO2018000007","PAID","","193069"),
("IATT190002184","193009","191001","192001","40000","1","40000","14400","25600","1","1","1","IAT2408191018","NHO2018000007","PAID","lvl 1","193009"),
("IATT190002184","193052","191002","192010","20000","1","20000","0","20000","1","1","1","IAT2408191018","NHO2018000007","PAID","","193052"),
("IATT190002184","193047","191002","192010","10000","1","10000","0","10000","1","1","1","IAT2408191018","NHO2018000007","PAID","","193047"),
("IATT190002183","193048","191002","192010","8000","1","8000","0","8000","1","1","2","IAT2408191018","NHO2018000007","PAID","","193048"),
("IATT190002185","193036","191001","192006","36000","1","36000","12960","23040","1","1","1","IAT2408191018","NHO2018000007","PAID","sedang","PEDAS"),
("IATT190002185","193085","191001","192001","30000","1","30000","10800","19200","1","1","1","IAT2408191018","NHO2018000007","PAID","sambel pisah","193085"),
("IATT190002185","193056","191002","192010","17000","1","17000","0","17000","1","1","1","IAT2408191018","NHO2018000007","PAID","","193056"),
("IATT190002185","193055","191002","192010","17000","1","17000","0","17000","1","1","1","IAT2408191018","NHO2018000007","PAID","","193055"),
("IATT190002186","193007","191001","192001","37000","1","37000","13320","23680","1","1","1","IAT2408191018","NHO2018000007","PAID","","PEDAS"),
("IATT190002186","193006","191001","192001","37000","1","37000","13320","23680","1","1","1","IAT2408191018","NHO2018000007","PAID","mnta sambel pisah","193006"),
("IATT190002186","193047","191002","192010","10000","1","10000","0","10000","1","1","1","IAT2408191018","NHO2018000007","PAID","","193047"),
("IATT190002186","193047","191002","192010","10000","1","10000","0","10000","2","1","1","IAT2408191018","NHO2018000007","PAID","","193047"),
("IATT190002187","193046","191002","192010","10000","1","10000","0","10000","1","1","1","IAT2408191018","NHO2018000007","PAID","","193046"),
("IATT190002187","193047","191002","192010","10000","1","10000","0","10000","1","1","1","IAT2408191018","NHO2018000007","PAID","","193047"),
("IATT190002187","193034","191001","192005","37000","1","37000","13320","23680","1","1","1","IAT2408191018","NHO2018000007","PAID","","193034"),
("IATT190002187","193007","191001","192001","37000","1","37000","13320","23680","1","1","2","IAT2408191018","NHO2018000007","PAID","lvl 1","PEDAS"),
("IATT190002188","193010","191001","192001","40000","1","40000","14400","25600","1","1","1","IAT2408191018","NHO2018000007","PAID","sambel pisah","193010"),
("IATT190002188","193047","191002","192010","10000","1","10000","0","10000","1","1","1","IAT2408191018","NHO2018000007","PAID","","193047"),
("IATT190002189","193085","191001","192001","30000","1","30000","10800","19200","1","1","1","IAT2408191018","NHO2018000007","PAID","","193085"),
("IATT190002189","193083","191001","192001","30000","1","30000","10800","19200","1","1","1","IAT2408191018","NHO2018000007","PAID","","193083"),
("IATT190002189","193052","191002","192010","20000","1","20000","0","20000","1","1","1","IAT2408191018","NHO2018000007","PAID","","193052"),
("IATT190002189","193048","191002","192010","8000","1","8000","0","8000","1","1","1","IAT2408191018","NHO2018000007","PAID","","193048"),
("IATT190002190","193084","191001","192001","30000","1","30000","10800","19200","1","1","1","IAT2408191018","NHO2018000007","PAID","lvl2","PEDAS"),
("IATT190002190","193084","191001","192001","30000","1","30000","10800","19200","2","1","1","IAT2408191018","NHO2018000007","PAID","","PEDAS"),
("IATT190002190","193048","191002","192010","8000","1","8000","0","8000","1","1","1","IAT2408191018","NHO2018000007","PAID","","193048"),
("IATT190002190","193048","191002","192010","8000","1","8000","0","8000","2","1","1","IAT2408191018","NHO2018000007","PAID","","193048"),
("IATT190002191","193084","191001","192001","30000","1","30000","10800","19200","1","1","1","IAT2408191018","NHO2018000007","PAID","","PEDAS"),
("IATT190002191","193028","191001","192003","43000","1","43000","15480","27520","1","1","1","IAT2408191018","NHO2018000007","PAID","","193028"),
("IATT190002191","193047","191002","192010","10000","1","10000","0","10000","1","1","1","IAT2408191018","NHO2018000007","PAID","","193047"),
("IATT190002191","193047","191002","192010","10000","1","10000","0","10000","2","1","1","IAT2408191018","NHO2018000007","PAID","","193047"),
("IATT190002187","193067","191001","192003","7000","1","7000","0","7000","1","1","3","IAT2408191018","NHO2018000007","PAID","","193067"),
("IATT190002192","193033","191001","192005","42000","1","42000","15120","26880","1","1","1","IAT2408191018","NHO2018000007","PAID","","193033"),
("IATT190002192","193046","191002","192010","10000","1","10000","0","10000","1","1","1","IAT2408191018","NHO2018000007","PAID","","193046"),
("IATT190002193","193083","191001","192001","30000","1","30000","10800","19200","1","1","1","IAT2408191018","NHO2018000007","PAID","","193083"),
("IATT190002193","193084","191001","192001","30000","1","30000","10800","19200","1","1","1","IAT2408191018","NHO2018000007","PAID","LV 2","PEDAS"),
("IATT190002193","193028","191001","192003","43000","1","43000","15480","27520","1","1","1","IAT2408191018","NHO2018000007","PAID","","193028"),
("IATT190002193","193052","191002","192010","20000","1","20000","0","20000","1","1","1","IAT2408191018","NHO2018000007","PAID","","193052"),
("IATT190002193","193054","191002","192010","20000","1","20000","0","20000","1","1","1","IAT2408191018","NHO2018000007","PAID","","193054"),
("IATT190002194","193084","191001","192001","30000","1","30000","0","30000","1","1","1","IAT2408191018","NHO2018000007","PAID","Lv 2","PEDAS"),
("IATT190002194","193028","191001","192003","43000","1","43000","0","43000","1","1","1","IAT2408191018","NHO2018000007","PAID","","193028"),
("IATT190002194","193053","191002","192010","20000","1","20000","0","20000","1","1","1","IAT2408191018","NHO2018000007","PAID","no sugar","193053"),
("IATT190002194","193055","191002","192010","17000","1","17000","0","17000","1","1","1","IAT2408191018","NHO2018000007","PAID","","193055"),
("IATT190002193","193050","191002","192010","20000","1","20000","0","20000","1","1","2","IAT2408191018","NHO2018000007","PAID","","193050"),
("IATT190002195","193077","191001","192001","30000","1","30000","10800","19200","1","1","1","IAT2408191018","NHO2018000007","PAID","","193077"),
("IATT190002195","193076","191001","192001","30000","1","30000","10800","19200","1","1","1","IAT2408191018","NHO2018000007","PAID","","193076"),
("IATT190002195","193052","191002","192010","20000","1","20000","0","20000","1","1","1","IAT2408191018","NHO2018000007","PAID","","193052"),
("IATT190002195","193048","191002","192010","8000","1","8000","0","8000","1","1","1","IAT2408191018","NHO2018000007","PAID","","193048"),
("IATT190002196","193033","191001","192005","42000","1","42000","15120","26880","1","1","1","IAT2408191018","NHO2018000007","PAID","","193033"),
("IATT190002196","193033","191001","192005","42000","1","42000","15120","26880","2","1","1","IAT2408191018","NHO2018000007","PAID","","193033"),
("IATT190002196","193056","191002","192010","17000","1","17000","0","17000","1","1","1","IAT2408191018","NHO2018000007","PAID","","193056"),
("IATT190002196","193056","191002","192010","17000","1","17000","0","17000","2","1","1","IAT2408191018","NHO2018000007","PAID","","193056"),
("IATT190002197","193084","191001","192001","30000","1","30000","10800","19200","1","1","1","IAT2408191018","NHO2018000007","PAID","lvl 1 semua","PEDAS"),
("IATT190002197","193084","191001","192001","30000","1","30000","10800","19200","2","1","1","IAT2408191018","NHO2018000007","PAID","","PEDAS"),
("IATT190002197","193047","191002","192010","10000","1","10000","0","10000","1","1","1","IAT2408191018","NHO2018000007","PAID","","193047"),
("IATT190002198","193076","191001","192001","30000","1","30000","10800","19200","1","1","1","IAT2408191018","NHO2018000007","PAID","lv 2","193076"),
("IATT190002198","193046","191002","192010","10000","1","10000","0","10000","1","1","1","IAT2408191018","NHO2018000007","PAID","","193046"),
("IATT190002199","193083","191001","192001","30000","1","30000","10800","19200","1","1","1","IAT2408191018","NHO2018000007","PAID","","193083"),
("IATT190002199","193010","191001","192001","40000","1","40000","14400","25600","1","1","1","IAT2408191018","NHO2018000007","PAID","","193010"),
("IATT190002199","193054","191002","192010","20000","1","20000","0","20000","1","1","1","IAT2408191018","NHO2018000007","PAID","","193054"),
("IATT190002199","193047","191002","192010","10000","1","10000","0","10000","1","1","1","IAT2408191018","NHO2018000007","PAID","","193047"),
("IATT190002199","193051","191002","192010","20000","1","20000","0","20000","1","1","1","IAT2408191018","NHO2018000007","PAID","","193051"),
("IATT190002200","193033","191001","192005","42000","1","42000","15120","26880","1","1","1","IAT2408191018","NHO2018000007","PAID","take away ya","193033"),
("IATT190002201","193056","191002","192010","17000","1","17000","0","17000","1","1","1","IAT2408191018","NHO2018000007","PAID","","193056"),
("IATT190002201","193052","191002","192010","20000","1","20000","0","20000","1","1","1","IAT2408191018","NHO2018000007","PAID","","193052"),
("IATT190002201","193005","191001","192001","37000","1","37000","13320","23680","1","1","1","IAT2408191018","NHO2018000007","PAID","","193005"),
("IATT190002201","193030","191001","192004","27000","1","27000","9720","17280","1","1","1","IAT2408191018","NHO2018000007","PAID","","193030"),
("IATT190002203","193027","191001","192003","43000","1","43000","15480","27520","1","1","1","IAT2408191018","NHO2018000007","PAID","","193027"),
("IATT190002203","193086","191001","192002","33000","1","33000","11880","21120","1","1","1","IAT2408191018","NHO2018000007","PAID","","PEDAS"),
("IATT190002203","193054","191002","192010","20000","1","20000","0","20000","1","1","1","IAT2408191018","NHO2018000007","PAID","","193054"),
("IATT190002203","193046","191002","192010","10000","1","10000","0","10000","1","1","1","IAT2408191018","NHO2018000007","PAID","","193046"),
("IATT190002204","193027","191001","192003","43000","1","43000","15480","27520","1","1","1","IAT2408191018","NHO2018000007","PAID","","193027"),
("IATT190002204","193054","191002","192010","20000","1","20000","0","20000","1","1","1","IAT2408191018","NHO2018000007","PAID","","193054"),
("IATT190002204","193048","191002","192010","8000","1","8000","0","8000","1","1","1","IAT2408191018","NHO2018000007","PAID","","193048"),
("IATT190002204","193046","191002","192010","10000","1","10000","0","10000","1","1","1","IAT2408191018","NHO2018000007","PAID","","193046"),
("IATT190002204","193085","191001","192001","30000","1","30000","10800","19200","1","1","1","IAT2408191018","NHO2018000007","PAID","","193085"),
("IATT190002204","193035","191001","192006","32000","1","32000","11520","20480","1","1","1","IAT2408191018","NHO2018000007","PAID","","ORIGINAL"),
("IATT190002205","193009","191001","192001","40000","1","40000","12000","28000","1","1","1","IAT2408191018","NHO2018000007","PAID","","193009"),
("IATT190002205","193010","191001","192001","40000","1","40000","12000","28000","1","1","1","IAT2408191018","NHO2018000007","PAID","","193010"),
("IATT190002205","193011","191001","192001","40000","1","40000","12000","28000","1","1","1","IAT2408191018","NHO2018000007","PAID","","PEDAS"),
("IATT190002205","193047","191002","192010","10000","1","10000","0","10000","1","1","1","IAT2408191018","NHO2018000007","PAID","","193047"),
("IATT190002205","193047","191002","192010","10000","1","10000","0","10000","2","1","1","IAT2408191018","NHO2018000007","PAID","","193047"),
("IATT190002205","193053","191002","192010","20000","1","20000","0","20000","1","1","1","IAT2408191018","NHO2018000007","PAID","","193053"),
("IATT190002205","193055","191002","192010","17000","1","17000","0","17000","1","1","1","IAT2408191018","NHO2018000007","PAID","","193055"),
("IATT190002205","193007","191001","192001","37000","1","37000","11100","25900","1","1","1","IAT2408191018","NHO2018000007","PAID","","PEDAS"),
("IATT190002205","193048","191002","192010","8000","1","8000","0","8000","1","1","2","IAT2408191018","NHO2018000007","PAID","","193048"),
("IATT190002206","193024","191001","192003","30000","1","30000","0","30000","1","1","1","IAT2408191018","NHO2018000007","PAID","","193024"),
("IATT190002206","193022","191001","192003","30000","1","30000","0","30000","1","1","1","IAT2408191018","NHO2018000007","PAID","jngan dibikin ya","193022"),
("IATT190002206","193047","191002","192010","10000","1","10000","0","10000","1","1","1","IAT2408191018","NHO2018000007","PAID","","193047"),
("IATT190002206","193024","191001","192003","30000","1","30000","0","30000","2","1","1","IAT2408191018","NHO2018000007","PAID","","193024"),
("IATT190002206","193041","191001","192008","20000","1","20000","0","20000","1","1","1","IAT2408191018","NHO2018000007","PAID","","193041"),
("IATT190002206","193041","191001","192008","20000","1","20000","0","20000","2","1","1","IAT2408191018","NHO2018000007","PAID","","193041"),
("IATT190002206","193070","191001","192012","13000","1","13000","0","13000","1","1","1","IAT2408191018","NHO2018000007","PAID","","193070"),
("IATT190002207","193084","191001","192001","30000","1","30000","9000","21000","1","1","1","IAT2408191018","NHO2018000007","REFUND","","PEDAS"),
("IATT190002207","193036","191001","192006","36000","1","36000","10800","25200","1","1","1","IAT2408191018","NHO2018000007","REFUND","","ORIGINAL"),
("IATT190002208","193036","191001","192006","36000","1","36000","18000","18000","1","1","1","IAT2408191018","NHO2018000007","PAID","","ORIGINAL"),
("IATT190002208","193084","191001","192001","30000","1","30000","15000","15000","1","1","1","IAT2408191018","NHO2018000007","PAID","","PEDAS");



INSERT INTO pos_salestemp VALUES("IATT190002180","","2","97000","28800","6820","0","75020","75020","24/08/2019","10:26","2019-08-24","10:55:07","ISU000012","tbl0012","CLOSED","1","","IATR190002121","","","","","IAT2408191018","NHO2018000007"),
("IATT190002181","","2","127000","34920","9208","0","101288","102000","24/08/2019","13:22","2019-08-24","14:10:51","ISU000012","tbl0010","CLOSED","1","","IATR190002122","","","","","IAT2408191018","NHO2018000007"),
("IATT190002182","","2","108000","23040","8496","0","93456","93456","24/08/2019","13:48","2019-08-24","14:38:28","ISU000012","tbl0011","CLOSED","1","","IATR190002125","","","","","IAT2408191018","NHO2018000007"),
("IATT190002183","","2","121000","23760","9724","0","106964","106964","24/08/2019","13:49","2019-08-24","14:24:18","ISU000012","tbl0012","CLOSED","1","","IATR190002123","","","","","IAT2408191018","NHO2018000007"),
("IATT190002184","","1","70000","14400","5560","0","61160","62000","24/08/2019","13:54","2019-08-24","14:31:51","ISU000012","tbl0013","CLOSED","1","","IATR190002124","","","","","IAT2408191018","NHO2018000007"),
("IATT190002185","","2","100000","23760","7624","0","83864","83864","24/08/2019","14:15","2019-08-24","14:56:40","ISU000012","tbl0010","CLOSED","1","","IATR190002126","","","","","IAT2408191018","NHO2018000007"),
("IATT190002186","","2","94000","26640","6736","0","74096","75000","24/08/2019","14:27","2019-08-24","15:45:11","ISU000012","tbl0009","CLOSED","1","","IATR190002127","","","","","IAT2408191018","NHO2018000007"),
("IATT190002187","","2","101000","26640","7436","0","81796","100000","24/08/2019","15:26","2019-08-24","16:14:12","ISU000012","tbl0012","CLOSED","1","","IATR190002130","","","","","IAT2408191018","NHO2018000007"),
("IATT190002188","","1","50000","14400","3560","0","39160","50000","24/08/2019","15:31","2019-08-24","16:02:39","ISU000012","tbl0001","CLOSED","1","","IATR190002128","","","","","IAT2408191018","NHO2018000007"),
("IATT190002189","","2","88000","21600","6640","0","73040","100000","24/08/2019","15:33","2019-08-24","16:11:27","ISU000012","tbl0010","CLOSED","1","","IATR190002129","","","","","IAT2408191018","NHO2018000007"),
("IATT190002190","","2","76000","21600","5440","0","59840","100000","24/08/2019","15:37","2019-08-24","17:24:15","ISU000012","tbl0011","CLOSED","1","","IATR190002135","","","","","IAT2408191018","NHO2018000007"),
("IATT190002191","","2","93000","26280","6672","0","73392","73392","24/08/2019","15:38","2019-08-24","16:19:58","ISU000012","tbl0013","CLOSED","1","","IATR190002131","","","","","IAT2408191018","NHO2018000007"),
("IATT190002192","","1","52000","15120","3688","0","40568","50600","24/08/2019","15:57","2019-08-24","16:22:27","ISU000012","tbl0006","CLOSED","1","","IATR190002132","","","","","IAT2408191018","NHO2018000007"),
("IATT190002193","","2","163000","37080","12592","0","138512","150000","24/08/2019","16:12","2019-08-24","16:46:40","ISU000012","tbl0024","CLOSED","1","","IATR190002133","","","","","IAT2408191018","NHO2018000007"),
("IATT190002194","","2","110000","0","11000","0","121000","150000","24/08/2019","16:23","2019-08-24","16:55:34","ISU000012","tbl0012","CLOSED","1","","IATR190002134","","","","","IAT2408191018","NHO2018000007"),
("IATT190002195","","3","88000","21600","6640","0","73040","103000","24/08/2019","16:47","2019-08-24","17:42:16","ISU000012","tbl0013","CLOSED","1","","IATR190002136","","","","","IAT2408191018","NHO2018000007"),
("IATT190002196","","2","118000","30240","8776","0","96536","100000","24/08/2019","17:14","2019-08-24","18:09:21","ISU000012","tbl0012","CLOSED","1","","IATR190002139","","","","","IAT2408191018","NHO2018000007"),
("IATT190002197","","2","70000","21600","4840","0","53240","100000","24/08/2019","17:15","2019-08-24","17:58:35","ISU000012","tbl0010","CLOSED","1","","IATR190002138","","","","","IAT2408191018","NHO2018000007"),
("IATT190002198","","1","40000","10800","2920","0","32120","50000","24/08/2019","17:23","2019-08-24","17:50:42","ISU000012","tbl0006","CLOSED","1","","IATR190002137","","","","","IAT2408191018","NHO2018000007"),
("IATT190002199","","2","120000","25200","9480","0","104280","105000","24/08/2019","18:46","2019-08-24","19:20:25","ISU000012","tbl0012","CLOSED","1","","IATR190002141","","","","","IAT2408191018","NHO2018000007"),
("IATT190002200","","1","42000","15120","2688","0","29568","50500","24/08/2019","18:49","2019-08-24","18:51:13","ISU000012","tbl0040","CLOSED","1","","IATR190002140","","","","","IAT2408191018","NHO2018000007"),
("IATT190002201","","2","101000","23040","7796","0","85756","100000","24/08/2019","19:05","2019-08-24","19:45:46","ISU000012","tbl0011","CLOSED","1","","IATR190002142","","","","","IAT2408191018","NHO2018000007"),
("IATT190002202","","0","0","0","0","0","0","0","24/08/2019","19:12","24/08/2019","19:12:56","ISU000012","tbl0001","CANCELED","1","PERMINTAAN CUSTOMER","","","","","","IAT2408191018","NHO2018000007"),
("IATT190002203","","2","106000","27360","7864","0","86504","100000","24/08/2019","19:13","2019-08-24","19:56:40","ISU000012","tbl0001","CLOSED","1","","IATR190002144","","","","","IAT2408191018","NHO2018000007"),
("IATT190002204","","3","143000","37800","10520","0","115720","200000","24/08/2019","19:13","2019-08-24","19:50:33","ISU000012","tbl0020","CLOSED","1","","IATR190002143","","","","","IAT2408191018","NHO2018000007"),
("IATT190002205","","4","222000","47100","17490","0","192390","193000","24/08/2019","19:16","2019-08-24","20:28:57","ISU000012","tbl0010","CLOSED","1","","IATR190002147","","","","","IAT2408191018","NHO2018000007"),
("IATT190002206","","5","153000","0","15300","0","168300","170000","24/08/2019","19:57","2019-08-24","20:00:11","ISU000012","tbl0040","CLOSED","1","","IATR190002145","","","","","IAT2408191018","NHO2018000007"),
("IATT190002207","","2","66000","19800","4620","0","50820","51000","24/08/2019","20:56","2019-08-24","21:31:17","ISU000012","tbl0012","REFUND","1","","IATR190002148","24/08/2019","21:37:21","090592","IATR190002149","IAT2408191018","NHO2018000007"),
("IATT190002208","","2","66000","33000","3300","0","36300","37000","24/08/2019","21:37","2019-08-24","21:38:46","ISU000012","tbl0012","CLOSED","1","","IATR190002150","","","","","IAT2408191018","NHO2018000007");



INSERT INTO item_void VALUES("IATT190002187","IAT2408191018","NHO2018000007","193082","193082","1","30000","Before Send","Komplen Customer");



INSERT INTO pos_promotion_h VALUES("IATT190002180","NPRM18000016","DISC ITEM","1","28800","Diskon 20% + 20% Agustus","IAT2408191018","PAID","NHO2018000007"),
("IATT190002181","NPRM18000016","DISC ITEM","1","34920","Diskon 20% + 20% Agustus","IAT2408191018","PAID","NHO2018000007"),
("IATT190002183","NPRM18000016","DISC ITEM","1","23760","Diskon 20% + 20% Agustus","IAT2408191018","PAID","NHO2018000007"),
("IATT190002184","NPRM18000016","DISC ITEM","1","14400","Diskon 20% + 20% Agustus","IAT2408191018","PAID","NHO2018000007"),
("IATT190002182","NPRM18000016","DISC ITEM","1","23040","Diskon 20% + 20% Agustus","IAT2408191018","PAID","NHO2018000007"),
("IATT190002185","NPRM18000016","DISC ITEM","1","23760","Diskon 20% + 20% Agustus","IAT2408191018","PAID","NHO2018000007"),
("IATT190002186","NPRM18000016","DISC ITEM","1","26640","Diskon 20% + 20% Agustus","IAT2408191018","PAID","NHO2018000007"),
("IATT190002188","NPRM18000016","DISC ITEM","1","14400","Diskon 20% + 20% Agustus","IAT2408191018","PAID","NHO2018000007"),
("IATT190002189","NPRM18000016","DISC ITEM","1","21600","Diskon 20% + 20% Agustus","IAT2408191018","PAID","NHO2018000007"),
("IATT190002187","NPRM18000016","DISC ITEM","1","26640","Diskon 20% + 20% Agustus","IAT2408191018","PAID","NHO2018000007"),
("IATT190002191","NPRM18000016","DISC ITEM","1","26280","Diskon 20% + 20% Agustus","IAT2408191018","PAID","NHO2018000007"),
("IATT190002192","NPRM18000016","DISC ITEM","1","15120","Diskon 20% + 20% Agustus","IAT2408191018","PAID","NHO2018000007"),
("IATT190002193","NPRM18000016","DISC ITEM","1","37080","Diskon 20% + 20% Agustus","IAT2408191018","PAID","NHO2018000007"),
("IATT190002190","NPRM18000016","DISC ITEM","1","21600","Diskon 20% + 20% Agustus","IAT2408191018","PAID","NHO2018000007"),
("IATT190002195","NPRM18000016","DISC ITEM","1","21600","Diskon 20% + 20% Agustus","IAT2408191018","PAID","NHO2018000007"),
("IATT190002198","NPRM18000016","DISC ITEM","1","10800","Diskon 20% + 20% Agustus","IAT2408191018","PAID","NHO2018000007"),
("IATT190002197","NPRM18000016","DISC ITEM","1","21600","Diskon 20% + 20% Agustus","IAT2408191018","PAID","NHO2018000007"),
("IATT190002196","NPRM18000016","DISC ITEM","1","30240","Diskon 20% + 20% Agustus","IAT2408191018","PAID","NHO2018000007"),
("IATT190002200","NPRM18000016","DISC ITEM","1","15120","Diskon 20% + 20% Agustus","IAT2408191018","PAID","NHO2018000007"),
("IATT190002199","NPRM18000016","DISC ITEM","1","25200","Diskon 20% + 20% Agustus","IAT2408191018","PAID","NHO2018000007"),
("IATT190002201","NPRM18000016","DISC ITEM","1","23040","Diskon 20% + 20% Agustus","IAT2408191018","PAID","NHO2018000007"),
("IATT190002204","NPRM18000016","DISC ITEM","1","37800","Diskon 20% + 20% Agustus","IAT2408191018","PAID","NHO2018000007"),
("IATT190002203","NPRM18000016","DISC ITEM","1","27360","Diskon 20% + 20% Agustus","IAT2408191018","PAID","NHO2018000007"),
("IATT190002205","NPRM18000008","DISC ITEM","1","47100","eatigo 30%","IAT2408191018","PAID","NHO2018000007"),
("IATT190002207","NPRM18000008","DISC ITEM","1","19800","eatigo 30%","IAT2408191018","REFUND","NHO2018000007"),
("IATT190002208","NPRM18000012","DISC ITEM","1","33000","eatigo 50%","IAT2408191018","PAID","NHO2018000007");



INSERT INTO pos_promotion_d VALUES("IATT190002180","NPRM18000016","DISC ITEM","1","1","193008","1","13320","IAT2408191018","PAID","NHO2018000007"),
("IATT190002180","NPRM18000016","DISC ITEM","1","1","193028","1","15480","IAT2408191018","PAID","NHO2018000007"),
("IATT190002181","NPRM18000016","DISC ITEM","1","1","193007","1","13320","IAT2408191018","PAID","NHO2018000007"),
("IATT190002181","NPRM18000016","DISC ITEM","1","1","193032","1","10800","IAT2408191018","PAID","NHO2018000007"),
("IATT190002181","NPRM18000016","DISC ITEM","1","1","193076","1","10800","IAT2408191018","PAID","NHO2018000007"),
("IATT190002183","NPRM18000016","DISC ITEM","1","1","193015","1","11880","IAT2408191018","PAID","NHO2018000007"),
("IATT190002183","NPRM18000016","DISC ITEM","1","1","193015","2","11880","IAT2408191018","PAID","NHO2018000007"),
("IATT190002184","NPRM18000016","DISC ITEM","1","1","193009","1","14400","IAT2408191018","PAID","NHO2018000007"),
("IATT190002182","NPRM18000016","DISC ITEM","1","1","193007","1","13320","IAT2408191018","PAID","NHO2018000007"),
("IATT190002182","NPRM18000016","DISC ITEM","1","1","193030","1","9720","IAT2408191018","PAID","NHO2018000007"),
("IATT190002185","NPRM18000016","DISC ITEM","1","1","193036","1","12960","IAT2408191018","PAID","NHO2018000007"),
("IATT190002185","NPRM18000016","DISC ITEM","1","1","193085","1","10800","IAT2408191018","PAID","NHO2018000007"),
("IATT190002186","NPRM18000016","DISC ITEM","1","1","193007","1","13320","IAT2408191018","PAID","NHO2018000007"),
("IATT190002186","NPRM18000016","DISC ITEM","1","1","193006","1","13320","IAT2408191018","PAID","NHO2018000007"),
("IATT190002188","NPRM18000016","DISC ITEM","1","1","193010","1","14400","IAT2408191018","PAID","NHO2018000007"),
("IATT190002189","NPRM18000016","DISC ITEM","1","1","193085","1","10800","IAT2408191018","PAID","NHO2018000007"),
("IATT190002189","NPRM18000016","DISC ITEM","1","1","193083","1","10800","IAT2408191018","PAID","NHO2018000007"),
("IATT190002187","NPRM18000016","DISC ITEM","1","1","193034","1","13320","IAT2408191018","PAID","NHO2018000007"),
("IATT190002187","NPRM18000016","DISC ITEM","1","1","193007","1","13320","IAT2408191018","PAID","NHO2018000007"),
("IATT190002191","NPRM18000016","DISC ITEM","1","1","193084","1","10800","IAT2408191018","PAID","NHO2018000007"),
("IATT190002191","NPRM18000016","DISC ITEM","1","1","193028","1","15480","IAT2408191018","PAID","NHO2018000007"),
("IATT190002192","NPRM18000016","DISC ITEM","1","1","193033","1","15120","IAT2408191018","PAID","NHO2018000007"),
("IATT190002193","NPRM18000016","DISC ITEM","1","1","193083","1","10800","IAT2408191018","PAID","NHO2018000007"),
("IATT190002193","NPRM18000016","DISC ITEM","1","1","193084","1","10800","IAT2408191018","PAID","NHO2018000007"),
("IATT190002193","NPRM18000016","DISC ITEM","1","1","193028","1","15480","IAT2408191018","PAID","NHO2018000007"),
("IATT190002190","NPRM18000016","DISC ITEM","1","1","193084","1","10800","IAT2408191018","PAID","NHO2018000007"),
("IATT190002190","NPRM18000016","DISC ITEM","1","1","193084","2","10800","IAT2408191018","PAID","NHO2018000007"),
("IATT190002195","NPRM18000016","DISC ITEM","1","1","193077","1","10800","IAT2408191018","PAID","NHO2018000007"),
("IATT190002195","NPRM18000016","DISC ITEM","1","1","193076","1","10800","IAT2408191018","PAID","NHO2018000007"),
("IATT190002198","NPRM18000016","DISC ITEM","1","1","193076","1","10800","IAT2408191018","PAID","NHO2018000007"),
("IATT190002197","NPRM18000016","DISC ITEM","1","1","193084","1","10800","IAT2408191018","PAID","NHO2018000007"),
("IATT190002197","NPRM18000016","DISC ITEM","1","1","193084","2","10800","IAT2408191018","PAID","NHO2018000007"),
("IATT190002196","NPRM18000016","DISC ITEM","1","1","193033","1","15120","IAT2408191018","PAID","NHO2018000007"),
("IATT190002196","NPRM18000016","DISC ITEM","1","1","193033","2","15120","IAT2408191018","PAID","NHO2018000007"),
("IATT190002200","NPRM18000016","DISC ITEM","1","1","193033","1","15120","IAT2408191018","PAID","NHO2018000007"),
("IATT190002199","NPRM18000016","DISC ITEM","1","1","193083","1","10800","IAT2408191018","PAID","NHO2018000007"),
("IATT190002199","NPRM18000016","DISC ITEM","1","1","193010","1","14400","IAT2408191018","PAID","NHO2018000007"),
("IATT190002201","NPRM18000016","DISC ITEM","1","1","193005","1","13320","IAT2408191018","PAID","NHO2018000007"),
("IATT190002201","NPRM18000016","DISC ITEM","1","1","193030","1","9720","IAT2408191018","PAID","NHO2018000007"),
("IATT190002204","NPRM18000016","DISC ITEM","1","1","193027","1","15480","IAT2408191018","PAID","NHO2018000007"),
("IATT190002204","NPRM18000016","DISC ITEM","1","1","193085","1","10800","IAT2408191018","PAID","NHO2018000007"),
("IATT190002204","NPRM18000016","DISC ITEM","1","1","193035","1","11520","IAT2408191018","PAID","NHO2018000007"),
("IATT190002203","NPRM18000016","DISC ITEM","1","1","193027","1","15480","IAT2408191018","PAID","NHO2018000007"),
("IATT190002203","NPRM18000016","DISC ITEM","1","1","193086","1","11880","IAT2408191018","PAID","NHO2018000007"),
("IATT190002205","NPRM18000008","DISC ITEM","1","1","193009","1","12000","IAT2408191018","PAID","NHO2018000007"),
("IATT190002205","NPRM18000008","DISC ITEM","1","1","193010","1","12000","IAT2408191018","PAID","NHO2018000007"),
("IATT190002205","NPRM18000008","DISC ITEM","1","1","193011","1","12000","IAT2408191018","PAID","NHO2018000007"),
("IATT190002205","NPRM18000008","DISC ITEM","1","1","193007","1","11100","IAT2408191018","PAID","NHO2018000007"),
("IATT190002207","NPRM18000008","DISC ITEM","1","1","193084","1","9000","IAT2408191018","REFUND","NHO2018000007"),
("IATT190002207","NPRM18000008","DISC ITEM","1","1","193036","1","10800","IAT2408191018","REFUND","NHO2018000007"),
("IATT190002208","NPRM18000012","DISC ITEM","1","1","193036","1","18000","IAT2408191018","PAID","NHO2018000007"),
("IATT190002208","NPRM18000012","DISC ITEM","1","1","193084","1","15000","IAT2408191018","PAID","NHO2018000007");



INSERT INTO pos_paymenttemp VALUES("IATT190002180","CARD","VISA","75020","75020","ISU000012","2019-08-24","","1","","CLOSED","IAT2408191018","NHO2018000007"),
("IATT190002181","CASH","CASH","101288","102000","ISU000012","2019-08-24","","1","","CLOSED","IAT2408191018","NHO2018000007"),
("IATT190002183","CARD","VISA","106964","106964","ISU000012","2019-08-24","","1","","CLOSED","IAT2408191018","NHO2018000007"),
("IATT190002184","CASH","CASH","61160","62000","ISU000012","2019-08-24","","1","","CLOSED","IAT2408191018","NHO2018000007"),
("IATT190002182","CARD","DEBIT BCA","93456","93456","ISU000012","2019-08-24","","1","","CLOSED","IAT2408191018","NHO2018000007"),
("IATT190002185","CARD","MASTER","83864","83864","ISU000012","2019-08-24","","1","","CLOSED","IAT2408191018","NHO2018000007"),
("IATT190002186","CASH","CASH","74096","75000","ISU000012","2019-08-24","","1","","CLOSED","IAT2408191018","NHO2018000007"),
("IATT190002188","CASH","CASH","39160","50000","ISU000012","2019-08-24","","1","","CLOSED","IAT2408191018","NHO2018000007"),
("IATT190002189","CASH","CASH","73040","100000","ISU000012","2019-08-24","","1","","CLOSED","IAT2408191018","NHO2018000007"),
("IATT190002187","CASH","CASH","81796","100000","ISU000012","2019-08-24","","1","","CLOSED","IAT2408191018","NHO2018000007"),
("IATT190002191","CARD","MASTER","73392","73392","ISU000012","2019-08-24","","1","","CLOSED","IAT2408191018","NHO2018000007"),
("IATT190002192","CASH","CASH","40568","50600","ISU000012","2019-08-24","","1","","CLOSED","IAT2408191018","NHO2018000007"),
("IATT190002193","CASH","CASH","138512","150000","ISU000012","2019-08-24","","1","","CLOSED","IAT2408191018","NHO2018000007"),
("IATT190002194","CASH","CASH","121000","150000","ISU000012","2019-08-24","","1","","CLOSED","IAT2408191018","NHO2018000007"),
("IATT190002190","CASH","CASH","59840","100000","ISU000012","2019-08-24","","1","","CLOSED","IAT2408191018","NHO2018000007"),
("IATT190002195","CASH","CASH","73040","103000","ISU000012","2019-08-24","","1","","CLOSED","IAT2408191018","NHO2018000007"),
("IATT190002198","CASH","CASH","32120","50000","ISU000012","2019-08-24","","1","","CLOSED","IAT2408191018","NHO2018000007"),
("IATT190002197","CASH","CASH","53240","100000","ISU000012","2019-08-24","","1","","CLOSED","IAT2408191018","NHO2018000007"),
("IATT190002196","CASH","CASH","96536","100000","ISU000012","2019-08-24","","1","","CLOSED","IAT2408191018","NHO2018000007"),
("IATT190002200","CASH","CASH","29568","50500","ISU000012","2019-08-24","","1","","CLOSED","IAT2408191018","NHO2018000007"),
("IATT190002199","CASH","CASH","104280","105000","ISU000012","2019-08-24","","1","","CLOSED","IAT2408191018","NHO2018000007"),
("IATT190002201","CASH","CASH","85756","100000","ISU000012","2019-08-24","","1","","CLOSED","IAT2408191018","NHO2018000007"),
("IATT190002204","CASH","CASH","115720","200000","ISU000012","2019-08-24","","1","","CLOSED","IAT2408191018","NHO2018000007"),
("IATT190002203","CASH","CASH","86504","100000","ISU000012","2019-08-24","","1","","CLOSED","IAT2408191018","NHO2018000007"),
("IATT190002206","CASH","CASH","168300","170000","ISU000012","2019-08-24","","1","","CLOSED","IAT2408191018","NHO2018000007"),
("IATT190002205","CASH","CASH","192390","193000","ISU000012","2019-08-24","","1","","CLOSED","IAT2408191018","NHO2018000007"),
("IATT190002207","VOUCHER","KUPON PROMO EATIGO 30K","30000","30000","ISU000012","2019-08-24","","1","","REFUND","IAT2408191018","NHO2018000007"),
("IATT190002207","CASH","CASH","20820","21000","ISU000012","2019-08-24","","1","","REFUND","IAT2408191018","NHO2018000007"),
("IATT190002208","VOUCHER","KUPON PROMO EATIGO 30K","30000","30000","ISU000012","2019-08-24","","1","","CLOSED","IAT2408191018","NHO2018000007"),
("IATT190002208","CASH","CASH","6300","7000","ISU000012","2019-08-24","","1","","CLOSED","IAT2408191018","NHO2018000007");



