INSERT INTO pos_itemtemp VALUES("IATT190002854","193082","191001","192001","30000","1","30000","15000","15000","1","1","1","IAT2909190834","NHO2018000007","PAID","","193082"),
("IATT190002854","193082","191001","192001","30000","1","30000","15000","15000","2","1","1","IAT2909190834","NHO2018000007","PAID","","193082"),
("IATT190002854","193055","191002","192010","17000","1","17000","0","17000","1","1","1","IAT2909190834","NHO2018000007","PAID","","193055"),
("IATT190002854","193054","191002","192010","20000","1","20000","0","20000","1","1","1","IAT2909190834","NHO2018000007","PAID","","193054"),
("IATT190002854","193030","191001","192004","27000","1","27000","13500","13500","1","1","2","IAT2909190834","NHO2018000007","PAID","","193030"),
("IATT190002855","193032","191001","192004","30000","1","30000","15000","15000","1","1","1","IAT2909190834","NHO2018000007","PAID","","193032"),
("IATT190002855","193030","191001","192004","27000","1","27000","13500","13500","1","1","1","IAT2909190834","NHO2018000007","PAID","","193030"),
("IATT190002855","193047","191002","192010","10000","1","10000","0","10000","1","1","1","IAT2909190834","NHO2018000007","PAID","","193047"),
("IATT190002855","193047","191002","192010","10000","1","10000","0","10000","2","1","1","IAT2909190834","NHO2018000007","PAID","","193047"),
("IATT190002856","193082","191001","192001","30000","1","30000","0","30000","1","1","1","IAT2909190834","NHO2018000007","PAID","","193082"),
("IATT190002857","193028","191001","192003","43000","1","43000","0","43000","1","1","1","IAT2909190834","NHO2018000007","PAID","","193028"),
("IATT190002857","193055","191002","192010","17000","1","17000","0","17000","1","1","1","IAT2909190834","NHO2018000007","PAID","","193055"),
("IATT190002857","193048","191002","192010","8000","1","8000","0","8000","1","1","2","IAT2909190834","NHO2018000007","PAID","","193048"),
("IATT190002858","193009","191001","192001","40000","1","40000","20000","20000","1","1","1","IAT2909190834","NHO2018000007","PAID","","193009"),
("IATT190002858","193011","191001","192001","40000","1","40000","20000","20000","1","1","1","IAT2909190834","NHO2018000007","PAID","level 2","PEDAS"),
("IATT190002858","193008","191001","192001","37000","1","37000","18500","18500","1","1","1","IAT2909190834","NHO2018000007","PAID","","193008"),
("IATT190002858","193056","191002","192010","17000","1","17000","0","17000","1","1","1","IAT2909190834","NHO2018000007","PAID","","193056"),
("IATT190002858","193056","191002","192010","17000","1","17000","0","17000","2","1","1","IAT2909190834","NHO2018000007","PAID","","193056"),
("IATT190002858","193048","191002","192010","8000","1","8000","0","8000","1","1","1","IAT2909190834","NHO2018000007","PAID","","193048"),
("IATT190002858","193048","191002","192010","8000","1","8000","0","8000","2","1","1","IAT2909190834","NHO2018000007","PAID","","193048"),
("IATT190002858","193055","191002","192010","17000","1","17000","0","17000","1","1","1","IAT2909190834","NHO2018000007","PAID","","193055"),
("IATT190002858","193048","191002","192010","8000","1","8000","0","8000","3","1","2","IAT2909190834","NHO2018000007","PAID","","193048"),
("IATT190002859","193027","191001","192003","43000","1","43000","0","43000","1","1","1","IAT2909190834","NHO2018000007","PAID","","193027"),
("IATT190002859","193027","191001","192003","43000","1","43000","0","43000","2","1","1","IAT2909190834","NHO2018000007","PAID","","193027"),
("IATT190002859","193032","191001","192004","30000","1","30000","15000","15000","1","1","1","IAT2909190834","NHO2018000007","PAID","","193032"),
("IATT190002859","193029","191001","192004","27000","1","27000","13500","13500","1","1","1","IAT2909190834","NHO2018000007","PAID","","193029"),
("IATT190002859","193052","191002","192010","20000","1","20000","0","20000","1","1","1","IAT2909190834","NHO2018000007","PAID","","193052"),
("IATT190002859","193053","191002","192010","20000","1","20000","0","20000","1","1","1","IAT2909190834","NHO2018000007","PAID","","193053"),
("IATT190002859","193048","191002","192010","8000","1","8000","0","8000","1","1","1","IAT2909190834","NHO2018000007","PAID","","193048"),
("IATT190002859","193054","191002","192010","20000","1","20000","0","20000","1","1","1","IAT2909190834","NHO2018000007","PAID","","193054"),
("IATT190002860","193084","191001","192001","30000","1","30000","15000","15000","1","1","1","IAT2909190834","NHO2018000007","PAID","level 3","PEDAS"),
("IATT190002860","193084","191001","192001","30000","1","30000","15000","15000","2","1","1","IAT2909190834","NHO2018000007","PAID","","PEDAS"),
("IATT190002860","193078","191001","192001","30000","1","30000","15000","15000","1","1","1","IAT2909190834","NHO2018000007","PAID","level 3","PEDAS"),
("IATT190002860","193048","191002","192010","8000","1","8000","0","8000","1","1","1","IAT2909190834","NHO2018000007","PAID","","193048"),
("IATT190002860","193048","191002","192010","8000","1","8000","0","8000","2","1","1","IAT2909190834","NHO2018000007","PAID","","193048"),
("IATT190002860","193048","191002","192010","8000","1","8000","0","8000","3","1","1","IAT2909190834","NHO2018000007","PAID","","193048"),
("IATT190002859","193052","191002","192010","20000","1","20000","0","20000","2","1","2","IAT2909190834","NHO2018000007","PAID","","193052"),
("IATT190002859","193032","191001","192004","30000","1","30000","15000","15000","2","1","3","IAT2909190834","NHO2018000007","PAID","","193032"),
("IATT190002861","193032","191001","192004","30000","1","30000","15000","15000","1","1","1","IAT2909190834","NHO2018000007","PAID","","193032"),
("IATT190002861","193030","191001","192004","27000","1","27000","13500","13500","1","1","1","IAT2909190834","NHO2018000007","PAID","","193030"),
("IATT190002861","193048","191002","192010","8000","1","8000","0","8000","1","1","2","IAT2909190834","NHO2018000007","PAID","","193048"),
("IATT190002861","193048","191002","192010","8000","1","8000","0","8000","2","1","2","IAT2909190834","NHO2018000007","PAID","","193048"),
("IATT190002862","193047","191002","192010","10000","1","10000","0","10000","1","1","1","IAT2909190834","NHO2018000007","PAID","","193047"),
("IATT190002862","193051","191002","192010","20000","1","20000","0","20000","1","1","1","IAT2909190834","NHO2018000007","PAID","","193051"),
("IATT190002862","193055","191002","192010","17000","1","17000","0","17000","1","1","1","IAT2909190834","NHO2018000007","PAID","","193055"),
("IATT190002862","193012","191001","192001","40000","1","40000","20000","20000","1","1","1","IAT2909190834","NHO2018000007","PAID","pedas sedeng","193012"),
("IATT190002862","193085","191001","192001","30000","1","30000","15000","15000","1","1","1","IAT2909190834","NHO2018000007","PAID","pedes sedeng","193085"),
("IATT190002863","193051","191002","192010","20000","1","20000","0","20000","1","1","1","IAT2909190834","NHO2018000007","PAID","tanpa gula","193051"),
("IATT190002863","193055","191002","192010","17000","1","17000","0","17000","1","1","1","IAT2909190834","NHO2018000007","PAID","","193055"),
("IATT190002864","193021","191001","192002","40000","1","40000","20000","20000","1","1","1","IAT2909190834","NHO2018000007","PAID","","ORIGINAL"),
("IATT190002864","193007","191001","192001","37000","1","37000","18500","18500","1","1","1","IAT2909190834","NHO2018000007","PAID","","ORIGINAL"),
("IATT190002864","193050","191002","192010","20000","1","20000","0","20000","1","1","1","IAT2909190834","NHO2018000007","PAID","","193050"),
("IATT190002865","193039","191001","192006","36000","1","36000","18000","18000","1","1","1","IAT2909190834","NHO2018000007","PAID","","ORIGINAL"),
("IATT190002865","193084","191001","192001","30000","1","30000","15000","15000","1","1","1","IAT2909190834","NHO2018000007","PAID"," pedes ","ORIGINAL"),
("IATT190002865","193087","191001","192002","33000","1","33000","16500","16500","1","1","1","IAT2909190834","NHO2018000007","PAID","","193087"),
("IATT190002865","193047","191002","192010","10000","1","10000","0","10000","1","1","1","IAT2909190834","NHO2018000007","PAID","","193047"),
("IATT190002865","193056","191002","192010","17000","1","17000","0","17000","1","1","1","IAT2909190834","NHO2018000007","PAID","","193056"),
("IATT190002863","193084","191001","192001","30000","1","30000","15000","15000","1","1","2","IAT2909190834","NHO2018000007","PAID","","ORIGINAL"),
("IATT190002863","193069","191001","192012","13000","1","13000","6500","6500","1","1","2","IAT2909190834","NHO2018000007","PAID","","193069"),
("IATT190002863","193011","191001","192001","40000","1","40000","20000","20000","1","1","2","IAT2909190834","NHO2018000007","PAID","","ORIGINAL"),
("IATT190002866","193047","191002","192010","10000","1","10000","0","10000","1","1","1","IAT2909190834","NHO2018000007","PAID","","193047"),
("IATT190002866","193048","191002","192010","8000","1","8000","0","8000","1","1","1","IAT2909190834","NHO2018000007","PAID","","193048"),
("IATT190002866","193012","191001","192001","40000","1","40000","20000","20000","1","1","1","IAT2909190834","NHO2018000007","PAID","","193012"),
("IATT190002866","193009","191001","192001","40000","1","40000","20000","20000","1","1","1","IAT2909190834","NHO2018000007","PAID","","193009"),
("IATT190002867","193071","191001","192012","18000","1","18000","9000","9000","1","1","1","IAT2909190834","NHO2018000007","PAID","","193071"),
("IATT190002867","193071","191001","192012","18000","1","18000","9000","9000","2","1","1","IAT2909190834","NHO2018000007","PAID","","193071"),
("IATT190002867","193056","191002","192010","17000","1","17000","0","17000","1","1","1","IAT2909190834","NHO2018000007","PAID","","193056"),
("IATT190002867","193046","191002","192010","10000","1","10000","0","10000","1","1","1","IAT2909190834","NHO2018000007","PAID","","193046"),
("IATT190002865","193055","191002","192010","17000","1","17000","0","17000","1","1","2","IAT2909190834","NHO2018000007","PAID","","193055"),
("IATT190002868","193009","191001","192001","40000","1","40000","21000","19000","1","1","1","IAT2909190834","NHO2018000007","PAID","","193009"),
("IATT190002868","193078","191001","192001","30000","1","30000","15750","14250","1","1","1","IAT2909190834","NHO2018000007","PAID","","PEDAS"),
("IATT190002869","193024","191001","192003","30000","1","30000","0","30000","1","1","1","IAT2909190834","NHO2018000007","PAID","","193024"),
("IATT190002869","193055","191002","192010","17000","1","17000","0","17000","1","1","1","IAT2909190834","NHO2018000007","PAID","","193055"),
("IATT190002870","193084","191001","192001","30000","1","30000","15000","15000","1","1","1","IAT2909190834","NHO2018000007","PAID"," pedes sedeng","ORIGINAL"),
("IATT190002870","193084","191001","192001","30000","1","30000","15000","15000","2","1","1","IAT2909190834","NHO2018000007","PAID","","ORIGINAL"),
("IATT190002870","193055","191002","192010","17000","1","17000","0","17000","1","1","1","IAT2909190834","NHO2018000007","PAID","","193055"),
("IATT190002870","193055","191002","192010","17000","1","17000","0","17000","2","1","1","IAT2909190834","NHO2018000007","PAID","","193055"),
("IATT190002871","193072","191001","192012","25000","1","25000","12500","12500","1","1","1","IAT2909190834","NHO2018000007","PAID","","193072"),
("IATT190002871","193009","191001","192001","40000","1","40000","20000","20000","1","1","1","IAT2909190834","NHO2018000007","PAID","","193009"),
("IATT190002871","193009","191001","192001","40000","1","40000","20000","20000","2","1","1","IAT2909190834","NHO2018000007","PAID","","193009"),
("IATT190002871","193055","191002","192010","17000","1","17000","0","17000","1","1","1","IAT2909190834","NHO2018000007","PAID","","193055"),
("IATT190002871","193055","191002","192010","17000","1","17000","0","17000","2","1","1","IAT2909190834","NHO2018000007","PAID","","193055"),
("IATT190002872","193084","191001","192001","30000","1","30000","15000","15000","1","1","1","IAT2909190834","NHO2018000007","PAID","","PEDAS"),
("IATT190002872","193051","191002","192010","20000","1","20000","0","20000","1","1","1","IAT2909190834","NHO2018000007","PAID","","193051"),
("IATT190002872","193070","191001","192012","13000","1","13000","6500","6500","1","1","1","IAT2909190834","NHO2018000007","PAID","","193070"),
("IATT190002871","193055","191002","192010","17000","1","17000","0","17000","3","1","2","IAT2909190834","NHO2018000007","PAID","","193055"),
("IATT190002873","193084","191001","192001","30000","1","30000","15000","15000","1","1","1","IAT2909190834","NHO2018000007","PAID","","PEDAS"),
("IATT190002873","193082","191001","192001","30000","1","30000","15000","15000","1","1","1","IAT2909190834","NHO2018000007","PAID","pedes","193082"),
("IATT190002873","193056","191002","192010","17000","1","17000","0","17000","1","1","1","IAT2909190834","NHO2018000007","PAID","","193056"),
("IATT190002873","193052","191002","192010","20000","1","20000","0","20000","1","1","1","IAT2909190834","NHO2018000007","PAID","","193052"),
("IATT190002874","193021","191001","192002","40000","1","40000","20000","20000","1","1","1","IAT2909190834","NHO2018000007","PAID","","ORIGINAL"),
("IATT190002874","193112","191001","192003","50000","1","50000","0","50000","1","1","1","IAT2909190834","NHO2018000007","PAID","","193112"),
("IATT190002874","193113","191001","192003","55000","1","55000","0","55000","1","1","1","IAT2909190834","NHO2018000007","PAID","","193113"),
("IATT190002874","193056","191002","192010","17000","1","17000","0","17000","1","1","1","IAT2909190834","NHO2018000007","PAID","","193056"),
("IATT190002874","193055","191002","192010","17000","1","17000","0","17000","1","1","1","IAT2909190834","NHO2018000007","PAID","","193055"),
("IATT190002874","193047","191002","192010","10000","1","10000","0","10000","1","1","1","IAT2909190834","NHO2018000007","PAID","","193047"),
("IATT190002875","193084","191001","192001","30000","1","30000","15000","15000","1","1","1","IAT2909190834","NHO2018000007","PAID","","ORIGINAL"),
("IATT190002875","193086","191001","192002","33000","1","33000","16500","16500","1","1","1","IAT2909190834","NHO2018000007","PAID","","ORIGINAL"),
("IATT190002875","193055","191002","192010","17000","1","17000","0","17000","1","1","1","IAT2909190834","NHO2018000007","PAID","","193055"),
("IATT190002875","193052","191002","192010","20000","1","20000","0","20000","1","1","1","IAT2909190834","NHO2018000007","PAID","","193052"),
("IATT190002876","193085","191001","192001","30000","1","30000","15000","15000","1","1","1","IAT2909190834","NHO2018000007","PAID","","193085"),
("IATT190002876","193085","191001","192001","30000","1","30000","15000","15000","2","1","1","IAT2909190834","NHO2018000007","PAID","","193085"),
("IATT190002876","193049","191002","192010","10000","1","10000","0","10000","1","1","1","IAT2909190834","NHO2018000007","PAID","","193049"),
("IATT190002876","193049","191002","192010","10000","1","10000","0","10000","2","1","1","IAT2909190834","NHO2018000007","PAID","","193049"),
("IATT190002877","193020","191001","192002","40000","1","40000","20000","20000","1","1","1","IAT2909190834","NHO2018000007","PAID","","193020"),
("IATT190002877","193083","191001","192001","30000","1","30000","15000","15000","1","1","1","IAT2909190834","NHO2018000007","PAID","","193083"),
("IATT190002877","193051","191002","192010","20000","1","20000","0","20000","1","1","1","IAT2909190834","NHO2018000007","PAID","","193051"),
("IATT190002877","193055","191002","192010","17000","1","17000","0","17000","1","1","1","IAT2909190834","NHO2018000007","PAID","","193055"),
("IATT190002878","193084","191001","192001","30000","1","30000","15000","15000","1","1","1","IAT2909190834","NHO2018000007","PAID","level 3","PEDAS"),
("IATT190002878","193032","191001","192004","30000","1","30000","15000","15000","1","1","1","IAT2909190834","NHO2018000007","PAID","","193032"),
("IATT190002878","193050","191002","192010","20000","1","20000","0","20000","1","1","1","IAT2909190834","NHO2018000007","PAID","","193050"),
("IATT190002878","193048","191002","192010","8000","1","8000","0","8000","1","1","2","IAT2909190834","NHO2018000007","PAID","","193048"),
("IATT190002878","193049","191002","192010","10000","1","10000","0","10000","1","1","2","IAT2909190834","NHO2018000007","PAID","","193049"),
("IATT190002879","193083","191001","192001","30000","1","30000","15000","15000","1","1","1","IAT2909190834","NHO2018000007","PAID","","193083"),
("IATT190002879","193020","191001","192002","40000","1","40000","20000","20000","1","1","1","IAT2909190834","NHO2018000007","PAID","tanpa beef ya","193020"),
("IATT190002879","193046","191002","192010","10000","1","10000","0","10000","1","1","1","IAT2909190834","NHO2018000007","PAID","","193046"),
("IATT190002880","193055","191002","192010","17000","1","17000","0","17000","1","1","1","IAT2909190834","NHO2018000007","PAID","","193055"),
("IATT190002880","193084","191001","192001","30000","1","30000","15000","15000","1","1","1","IAT2909190834","NHO2018000007","PAID","","PEDAS"),
("IATT190002880","193033","191001","192005","42000","1","42000","21000","21000","1","1","1","IAT2909190834","NHO2018000007","PAID","beef nya pedesin ya","193033"),
("IATT190002880","193049","191002","192010","10000","1","10000","0","10000","1","1","1","IAT2909190834","NHO2018000007","PAID","","193049"),
("IATT190002880","193068","191003","192011","0","1","0","0","0","1","1","1","IAT2909190834","NHO2018000007","PAID","","193068"),
("IATT190002879","193048","191002","192010","8000","1","8000","0","8000","1","1","2","IAT2909190834","NHO2018000007","PAID","","193048"),
("IATT190002882","193056","191002","192010","17000","1","17000","0","17000","1","1","1","IAT2909190834","NHO2018000007","PAID","","193056"),
("IATT190002882","193055","191002","192010","17000","1","17000","0","17000","1","1","1","IAT2909190834","NHO2018000007","PAID","","193055"),
("IATT190002882","193086","191001","192002","33000","1","33000","16500","16500","1","1","1","IAT2909190834","NHO2018000007","PAID","","PEDAS"),
("IATT190002882","193029","191001","192004","27000","1","27000","13500","13500","1","1","1","IAT2909190834","NHO2018000007","PAID","","193029"),
("IATT190002883","193113","191001","192003","55000","1","55000","0","55000","1","1","1","IAT2909190834","NHO2018000007","PAID","","193113"),
("IATT190002883","193011","191001","192001","40000","1","40000","20000","20000","1","1","1","IAT2909190834","NHO2018000007","PAID"," BANGET","PEDAS"),
("IATT190002883","193011","191001","192001","40000","1","40000","20000","20000","2","1","1","IAT2909190834","NHO2018000007","PAID","","PEDAS"),
("IATT190002883","193028","191001","192003","43000","1","43000","0","43000","1","1","1","IAT2909190834","NHO2018000007","PAID","","193028"),
("IATT190002883","193084","191001","192001","30000","1","30000","15000","15000","1","1","1","IAT2909190834","NHO2018000007","PAID","","ORIGINAL"),
("IATT190002883","193084","191001","192001","30000","1","30000","15000","15000","2","1","1","IAT2909190834","NHO2018000007","PAID","","ORIGINAL"),
("IATT190002883","193084","191001","192001","30000","1","30000","15000","15000","3","1","1","IAT2909190834","NHO2018000007","PAID","","ORIGINAL"),
("IATT190002883","193118","191001","192012","20000","1","20000","10000","10000","1","1","1","IAT2909190834","NHO2018000007","PAID","","193118"),
("IATT190002883","193071","191001","192012","18000","1","18000","9000","9000","1","1","1","IAT2909190834","NHO2018000007","PAID","","193071"),
("IATT190002883","193045","191001","192008","27000","1","27000","0","27000","1","1","1","IAT2909190834","NHO2018000007","PAID","","193045"),
("IATT190002883","193048","191002","192010","8000","1","8000","0","8000","1","1","1","IAT2909190834","NHO2018000007","PAID","","193048"),
("IATT190002883","193048","191002","192010","8000","1","8000","0","8000","2","1","1","IAT2909190834","NHO2018000007","PAID","","193048"),
("IATT190002883","193048","191002","192010","8000","1","8000","0","8000","3","1","1","IAT2909190834","NHO2018000007","PAID","","193048"),
("IATT190002883","193048","191002","192010","8000","1","8000","0","8000","4","1","1","IAT2909190834","NHO2018000007","PAID","","193048"),
("IATT190002883","193055","191002","192010","17000","1","17000","0","17000","1","1","1","IAT2909190834","NHO2018000007","PAID","","193055"),
("IATT190002883","193049","191002","192010","10000","1","10000","0","10000","1","1","1","IAT2909190834","NHO2018000007","PAID","","193049"),
("IATT190002883","193049","191002","192010","10000","1","10000","0","10000","2","1","1","IAT2909190834","NHO2018000007","PAID","","193049"),
("IATT190002883","193049","191002","192010","10000","1","10000","0","10000","3","1","1","IAT2909190834","NHO2018000007","PAID","","193049"),
("IATT190002883","193050","191002","192010","20000","1","20000","0","20000","1","1","1","IAT2909190834","NHO2018000007","PAID","","193050"),
("IATT190002883","193047","191002","192010","10000","1","10000","0","10000","1","1","1","IAT2909190834","NHO2018000007","PAID","","193047"),
("IATT190002883","193047","191002","192010","10000","1","10000","0","10000","2","1","2","IAT2909190834","NHO2018000007","PAID","","193047"),
("IATT190002884","193084","191001","192001","30000","1","30000","15000","15000","1","1","1","IAT2909190834","NHO2018000007","PAID","","PEDAS"),
("IATT190002884","193050","191002","192010","20000","1","20000","0","20000","1","1","1","IAT2909190834","NHO2018000007","PAID","","193050"),
("IATT190002884","193048","191002","192010","8000","1","8000","0","8000","1","1","1","IAT2909190834","NHO2018000007","PAID","","193048"),
("IATT190002884","193024","191001","192003","30000","1","30000","0","30000","1","1","1","IAT2909190834","NHO2018000007","PAID","","193024"),
("IATT190002884","193051","191002","192010","20000","1","20000","0","20000","1","1","1","IAT2909190834","NHO2018000007","PAID","","193051"),
("IATT190002884","193033","191001","192005","42000","1","42000","21000","21000","1","1","1","IAT2909190834","NHO2018000007","PAID","","193033"),
("IATT190002884","193071","191001","192012","18000","1","18000","9000","9000","1","1","1","IAT2909190834","NHO2018000007","PAID","","193071"),
("IATT190002884","193113","191001","192003","55000","1","55000","0","55000","1","1","1","IAT2909190834","NHO2018000007","PAID","","193113"),
("IATT190002884","193114","191001","192006","42000","1","42000","21000","21000","1","1","1","IAT2909190834","NHO2018000007","PAID","","193114"),
("IATT190002884","193050","191002","192010","20000","1","20000","0","20000","2","1","1","IAT2909190834","NHO2018000007","PAID","","193050"),
("IATT190002884","193112","191001","192003","50000","1","50000","0","50000","1","1","1","IAT2909190834","NHO2018000007","PAID","","193112"),
("IATT190002884","193010","191001","192001","40000","1","40000","20000","20000","1","1","1","IAT2909190834","NHO2018000007","PAID","","193010"),
("IATT190002884","193010","191001","192001","40000","1","40000","20000","20000","2","1","1","IAT2909190834","NHO2018000007","PAID","","193010"),
("IATT190002884","193050","191002","192010","20000","1","20000","0","20000","3","1","1","IAT2909190834","NHO2018000007","PAID","","193050"),
("IATT190002884","193050","191002","192010","20000","1","20000","0","20000","4","1","1","IAT2909190834","NHO2018000007","PAID","","193050"),
("IATT190002884","193048","191002","192010","8000","1","8000","0","8000","2","1","2","IAT2909190834","NHO2018000007","PAID","","193048"),
("IATT190002884","193048","191002","192010","8000","1","8000","0","8000","3","1","2","IAT2909190834","NHO2018000007","PAID","","193048"),
("IATT190002884","193048","191002","192010","8000","1","8000","0","8000","4","1","2","IAT2909190834","NHO2018000007","PAID","","193048"),
("IATT190002884","193048","191002","192010","8000","1","8000","0","8000","5","1","2","IAT2909190834","NHO2018000007","PAID","","193048"),
("IATT190002884","193048","191002","192010","8000","1","8000","0","8000","6","1","2","IAT2909190834","NHO2018000007","PAID","","193048"),
("IATT190002884","193050","191002","192010","20000","1","20000","0","20000","5","1","2","IAT2909190834","NHO2018000007","PAID","","193050"),
("IATT190002884","193050","191002","192010","20000","1","20000","0","20000","6","1","2","IAT2909190834","NHO2018000007","PAID","","193050"),
("IATT190002884","193010","191001","192001","40000","1","40000","20000","20000","3","1","3","IAT2909190834","NHO2018000007","PAID","","193010");



INSERT INTO pos_salestemp VALUES("IATT190002854","","2","124000","43500","8050","0","88550","100000","29/09/2019","10:43","2019-09-29","11:32:20","ISU000013","tbl0010","CLOSED","1","","IATR190002772","","","","","IAT2909190834","NHO2018000007"),
("IATT190002855","","1","77000","28500","4850","0","53350","53350","29/09/2019","11:05","2019-09-29","11:27:59","ISU000013","tbl0012","CLOSED","1","","IATR190002771","","","","","IAT2909190834","NHO2018000007"),
("IATT190002856","","1","30000","0","3000","0","33000","50000","29/09/2019","11:32","2019-09-29","11:45:34","ISU000013","tbl0001","CLOSED","1","","IATR190002773","","","","","IAT2909190834","NHO2018000007"),
("IATT190002857","","1","68000","0","6800","0","74800","100000","29/09/2019","12:43","2019-09-29","13:00:08","ISU000013","tbl0005","CLOSED","1","","IATR190002774","","","","","IAT2909190834","NHO2018000007"),
("IATT190002858","","3","192000","58500","13350","0","146850","150000","29/09/2019","13:09","2019-09-29","14:13:40","ISU000013","tbl0012","CLOSED","1","","IATR190002778","","","","","IAT2909190834","NHO2018000007"),
("IATT190002859","","3","261000","43500","21750","0","239250","239250","29/09/2019","13:17","2019-09-29","14:10:30","ISU000013","tbl0014","CLOSED","1","","IATR190002777","","","","","IAT2909190834","NHO2018000007"),
("IATT190002860","","3","114000","45000","6900","0","75900","75900","29/09/2019","13:22","2019-09-29","13:52:47","ISU000013","tbl0010","CLOSED","1","","IATR190002775","","","","","IAT2909190834","NHO2018000007"),
("IATT190002861","","1","73000","28500","4450","0","48950","100000","29/09/2019","13:43","2019-09-29","14:07:51","ISU000013","tbl0011","CLOSED","1","","IATR190002776","","","","","IAT2909190834","NHO2018000007"),
("IATT190002862","","2","117000","35000","8200","0","90200","100000","29/09/2019","14:10","2019-09-29","14:54:02","ISU000013","tbl0010","CLOSED","1","","IATR190002779","","","","","IAT2909190834","NHO2018000007"),
("IATT190002863","","2","120000","41500","7850","0","86350","100000","29/09/2019","14:40","2019-09-29","16:31:51","ISU000004","tbl0012","CLOSED","1","","IATR190002787","","","","","IAT2909190834","NHO2018000007"),
("IATT190002864","","1","97000","38500","5850","0","64350","65000","29/09/2019","14:50","2019-09-29","15:33:35","ISU000004","tbl0011","CLOSED","1","","IATR190002781","","","","","IAT2909190834","NHO2018000007"),
("IATT190002865","","2","143000","49500","9350","0","102850","105000","29/09/2019","14:55","2019-09-29","15:32:12","ISU000004","tbl0013","CLOSED","1","","IATR190002780","","","","","IAT2909190834","NHO2018000007"),
("IATT190002866","","2","98000","40000","5800","0","63800","63800","29/09/2019","15:01","2019-09-29","15:53:27","ISU000004","tbl0005","CLOSED","1","","IATR190002782","","","","","IAT2909190834","NHO2018000007"),
("IATT190002867","","2","63000","18000","4500","0","49500","49500","29/09/2019","15:03","2019-09-29","16:01:16","ISU000004","tbl0010","CLOSED","1","","IATR190002785","","","","","IAT2909190834","NHO2018000007"),
("IATT190002868","","2","70000","36750","3325","0","36575","40000","29/09/2019","15:08","2019-09-29","17:50:44","ISU000004","tbl0050","CLOSED","1","","IATR190002790","","","","","IAT2909190834","NHO2018000007"),
("IATT190002869","","1","47000","0","4700","0","51700","51700","29/09/2019","15:17","2019-09-29","16:00:21","ISU000004","tbl0017","CLOSED","1","","IATR190002784","","","","","IAT2909190834","NHO2018000007"),
("IATT190002870","","2","94000","30000","6400","0","70400","100000","29/09/2019","15:21","2019-09-29","15:54:07","ISU000004","tbl0020","CLOSED","1","","IATR190002783","","","","","IAT2909190834","NHO2018000007"),
("IATT190002871","","2","156000","52500","10350","0","113850","150000","29/09/2019","15:30","2019-09-29","16:02:52","ISU000004","tbl0021","CLOSED","1","","IATR190002786","","","","","IAT2909190834","NHO2018000007"),
("IATT190002872","","1","63000","21500","4150","0","45650","50000","29/09/2019","15:54","2019-09-29","16:41:38","ISU000004","tbl0011","CLOSED","1","","IATR190002788","","","","","IAT2909190834","NHO2018000007"),
("IATT190002873","","2","97000","30000","6700","0","73700","73700","29/09/2019","16:45","2019-09-29","17:57:15","ISU000004","tbl0010","CLOSED","1","","IATR190002792","","","","","IAT2909190834","NHO2018000007"),
("IATT190002874","","3","189000","20000","16900","0","185900","200000","29/09/2019","16:56","2019-09-29","17:40:55","ISU000004","tbl0012","CLOSED","1","","IATR190002789","","","","","IAT2909190834","NHO2018000007"),
("IATT190002875","","2","100000","31500","6850","0","75350","100000","29/09/2019","17:24","2019-09-29","17:52:04","ISU000004","tbl0011","CLOSED","1","","IATR190002791","","","","","IAT2909190834","NHO2018000007"),
("IATT190002876","","2","80000","30000","5000","0","55000","55000","29/09/2019","17:58","2019-09-29","18:50:40","ISU000004","tbl0012","CLOSED","1","","IATR190002794","","","","","IAT2909190834","NHO2018000007"),
("IATT190002877","","2","107000","35000","7200","0","79200","100000","29/09/2019","17:59","2019-09-29","18:46:23","ISU000004","tbl0011","CLOSED","1","","IATR190002793","","","","","IAT2909190834","NHO2018000007"),
("IATT190002878","","2","98000","30000","6800","0","74800","100000","29/09/2019","18:28","2019-09-29","18:57:41","ISU000004","tbl0010","CLOSED","1","","IATR190002795","","","","","IAT2909190834","NHO2018000007"),
("IATT190002879","","2","88000","35000","5300","0","58300","60000","29/09/2019","19:35","2019-09-29","20:13:11","ISU000004","tbl0012","CLOSED","1","","IATR190002796","","","","","IAT2909190834","NHO2018000007"),
("IATT190002880","","2","99000","36000","6300","0","69300","100000","29/09/2019","19:37","2019-09-29","20:54:44","ISU000004","tbl0010","CLOSED","1","","IATR190002799","","","","","IAT2909190834","NHO2018000007"),
("IATT190002881","","0","0","0","0","0","0","0","29/09/2019","19:40","29/09/2019","19:41:40","ISU000004","tbl0011","CANCELED","1","PERMINTAAN CUSTOMER","","","","","","IAT2909190834","NHO2018000007"),
("IATT190002882","","1","94000","30000","6400","0","70400","100000","29/09/2019","19:41","2019-09-29","20:13:50","ISU000004","tbl0011","CLOSED","1","","IATR190002797","","","","","IAT2909190834","NHO2018000007"),
("IATT190002883","","6","452000","104000","34800","0","382800","400000","29/09/2019","20:14","2019-09-29","20:47:44","ISU000004","tbl0020","CLOSED","1","","IATR190002798","","","","","IAT2909190834","NHO2018000007"),
("IATT190002884","","4","575000","126000","44900","0","493900","493900","29/09/2019","21:03","2019-09-29","21:48:18","ISU000004","tbl0021","CLOSED","1","","IATR190002800","","","","","IAT2909190834","NHO2018000007");



INSERT INTO item_void VALUES("IATT190002878","IAT2909190834","NHO2018000007","193052","193052","1","20000","Before Send","Komplen Customer");



INSERT INTO pos_promotion_h VALUES("IATT190002855","NPRM18000017","DISC ITEM","1","28500","TUNJUKKAN JEMPOLMU","IAT2909190834","PAID","NHO2018000007"),
("IATT190002854","NPRM18000017","DISC ITEM","1","43500","TUNJUKKAN JEMPOLMU","IAT2909190834","PAID","NHO2018000007"),
("IATT190002860","NPRM18000017","DISC ITEM","1","45000","TUNJUKKAN JEMPOLMU","IAT2909190834","PAID","NHO2018000007"),
("IATT190002861","NPRM18000017","DISC ITEM","1","28500","TUNJUKKAN JEMPOLMU","IAT2909190834","PAID","NHO2018000007"),
("IATT190002859","NPRM18000017","DISC ITEM","1","43500","TUNJUKKAN JEMPOLMU","IAT2909190834","PAID","NHO2018000007"),
("IATT190002858","NPRM18000017","DISC ITEM","1","58500","TUNJUKKAN JEMPOLMU","IAT2909190834","PAID","NHO2018000007"),
("IATT190002862","NPRM18000017","DISC ITEM","1","35000","TUNJUKKAN JEMPOLMU","IAT2909190834","PAID","NHO2018000007"),
("IATT190002865","NPRM18000017","DISC ITEM","1","49500","TUNJUKKAN JEMPOLMU","IAT2909190834","PAID","NHO2018000007"),
("IATT190002864","NPRM18000017","DISC ITEM","1","38500","TUNJUKKAN JEMPOLMU","IAT2909190834","PAID","NHO2018000007"),
("IATT190002866","NPRM18000017","DISC ITEM","1","40000","TUNJUKKAN JEMPOLMU","IAT2909190834","PAID","NHO2018000007"),
("IATT190002870","NPRM18000017","DISC ITEM","1","30000","TUNJUKKAN JEMPOLMU","IAT2909190834","PAID","NHO2018000007"),
("IATT190002867","NPRM18000017","DISC ITEM","1","18000","TUNJUKKAN JEMPOLMU","IAT2909190834","PAID","NHO2018000007"),
("IATT190002871","NPRM18000017","DISC ITEM","1","52500","TUNJUKKAN JEMPOLMU","IAT2909190834","PAID","NHO2018000007"),
("IATT190002863","NPRM18000017","DISC ITEM","1","41500","TUNJUKKAN JEMPOLMU","IAT2909190834","PAID","NHO2018000007"),
("IATT190002872","NPRM18000017","DISC ITEM","1","21500","TUNJUKKAN JEMPOLMU","IAT2909190834","PAID","NHO2018000007"),
("IATT190002874","NPRM18000017","DISC ITEM","1","20000","TUNJUKKAN JEMPOLMU","IAT2909190834","PAID","NHO2018000007"),
("IATT190002868","NPRM18000017","DISC ITEM","1","35000","TUNJUKKAN JEMPOLMU","IAT2909190834","PAID","NHO2018000007"),
("IATT190002868","NPRM18000018","DISC ALL","1","1750","CRM DISC 5%","IAT2909190834","PAID","NHO2018000007"),
("IATT190002875","NPRM18000017","DISC ITEM","1","31500","TUNJUKKAN JEMPOLMU","IAT2909190834","PAID","NHO2018000007"),
("IATT190002873","NPRM18000017","DISC ITEM","1","30000","TUNJUKKAN JEMPOLMU","IAT2909190834","PAID","NHO2018000007"),
("IATT190002877","NPRM18000017","DISC ITEM","1","35000","TUNJUKKAN JEMPOLMU","IAT2909190834","PAID","NHO2018000007"),
("IATT190002876","NPRM18000017","DISC ITEM","1","30000","TUNJUKKAN JEMPOLMU","IAT2909190834","PAID","NHO2018000007"),
("IATT190002878","NPRM18000017","DISC ITEM","1","30000","TUNJUKKAN JEMPOLMU","IAT2909190834","PAID","NHO2018000007"),
("IATT190002879","NPRM18000017","DISC ITEM","1","35000","TUNJUKKAN JEMPOLMU","IAT2909190834","PAID","NHO2018000007"),
("IATT190002882","NPRM18000017","DISC ITEM","1","30000","TUNJUKKAN JEMPOLMU","IAT2909190834","PAID","NHO2018000007"),
("IATT190002883","NPRM18000017","DISC ITEM","1","104000","TUNJUKKAN JEMPOLMU","IAT2909190834","PAID","NHO2018000007"),
("IATT190002880","NPRM18000017","DISC ITEM","1","36000","TUNJUKKAN JEMPOLMU","IAT2909190834","PAID","NHO2018000007"),
("IATT190002884","NPRM18000017","DISC ITEM","1","126000","TUNJUKKAN JEMPOLMU","IAT2909190834","PAID","NHO2018000007");



INSERT INTO pos_promotion_d VALUES("IATT190002855","NPRM18000017","DISC ITEM","1","1","193032","1","15000","IAT2909190834","PAID","NHO2018000007"),
("IATT190002855","NPRM18000017","DISC ITEM","1","1","193030","1","13500","IAT2909190834","PAID","NHO2018000007"),
("IATT190002854","NPRM18000017","DISC ITEM","1","1","193082","1","15000","IAT2909190834","PAID","NHO2018000007"),
("IATT190002854","NPRM18000017","DISC ITEM","1","1","193082","2","15000","IAT2909190834","PAID","NHO2018000007"),
("IATT190002854","NPRM18000017","DISC ITEM","1","1","193030","1","13500","IAT2909190834","PAID","NHO2018000007"),
("IATT190002860","NPRM18000017","DISC ITEM","1","1","193084","1","15000","IAT2909190834","PAID","NHO2018000007"),
("IATT190002860","NPRM18000017","DISC ITEM","1","1","193084","2","15000","IAT2909190834","PAID","NHO2018000007"),
("IATT190002860","NPRM18000017","DISC ITEM","1","1","193078","1","15000","IAT2909190834","PAID","NHO2018000007"),
("IATT190002861","NPRM18000017","DISC ITEM","1","1","193032","1","15000","IAT2909190834","PAID","NHO2018000007"),
("IATT190002861","NPRM18000017","DISC ITEM","1","1","193030","1","13500","IAT2909190834","PAID","NHO2018000007"),
("IATT190002859","NPRM18000017","DISC ITEM","1","1","193032","1","15000","IAT2909190834","PAID","NHO2018000007"),
("IATT190002859","NPRM18000017","DISC ITEM","1","1","193029","1","13500","IAT2909190834","PAID","NHO2018000007"),
("IATT190002859","NPRM18000017","DISC ITEM","1","1","193032","2","15000","IAT2909190834","PAID","NHO2018000007"),
("IATT190002858","NPRM18000017","DISC ITEM","1","1","193009","1","20000","IAT2909190834","PAID","NHO2018000007"),
("IATT190002858","NPRM18000017","DISC ITEM","1","1","193011","1","20000","IAT2909190834","PAID","NHO2018000007"),
("IATT190002858","NPRM18000017","DISC ITEM","1","1","193008","1","18500","IAT2909190834","PAID","NHO2018000007"),
("IATT190002862","NPRM18000017","DISC ITEM","1","1","193012","1","20000","IAT2909190834","PAID","NHO2018000007"),
("IATT190002862","NPRM18000017","DISC ITEM","1","1","193085","1","15000","IAT2909190834","PAID","NHO2018000007"),
("IATT190002865","NPRM18000017","DISC ITEM","1","1","193039","1","18000","IAT2909190834","PAID","NHO2018000007"),
("IATT190002865","NPRM18000017","DISC ITEM","1","1","193084","1","15000","IAT2909190834","PAID","NHO2018000007"),
("IATT190002865","NPRM18000017","DISC ITEM","1","1","193087","1","16500","IAT2909190834","PAID","NHO2018000007"),
("IATT190002864","NPRM18000017","DISC ITEM","1","1","193021","1","20000","IAT2909190834","PAID","NHO2018000007"),
("IATT190002864","NPRM18000017","DISC ITEM","1","1","193007","1","18500","IAT2909190834","PAID","NHO2018000007"),
("IATT190002866","NPRM18000017","DISC ITEM","1","1","193012","1","20000","IAT2909190834","PAID","NHO2018000007"),
("IATT190002866","NPRM18000017","DISC ITEM","1","1","193009","1","20000","IAT2909190834","PAID","NHO2018000007"),
("IATT190002870","NPRM18000017","DISC ITEM","1","1","193084","1","15000","IAT2909190834","PAID","NHO2018000007"),
("IATT190002870","NPRM18000017","DISC ITEM","1","1","193084","2","15000","IAT2909190834","PAID","NHO2018000007"),
("IATT190002867","NPRM18000017","DISC ITEM","1","1","193071","1","9000","IAT2909190834","PAID","NHO2018000007"),
("IATT190002867","NPRM18000017","DISC ITEM","1","1","193071","2","9000","IAT2909190834","PAID","NHO2018000007"),
("IATT190002871","NPRM18000017","DISC ITEM","1","1","193072","1","12500","IAT2909190834","PAID","NHO2018000007"),
("IATT190002871","NPRM18000017","DISC ITEM","1","1","193009","1","20000","IAT2909190834","PAID","NHO2018000007"),
("IATT190002871","NPRM18000017","DISC ITEM","1","1","193009","2","20000","IAT2909190834","PAID","NHO2018000007"),
("IATT190002863","NPRM18000017","DISC ITEM","1","1","193084","1","15000","IAT2909190834","PAID","NHO2018000007"),
("IATT190002863","NPRM18000017","DISC ITEM","1","1","193069","1","6500","IAT2909190834","PAID","NHO2018000007"),
("IATT190002863","NPRM18000017","DISC ITEM","1","1","193011","1","20000","IAT2909190834","PAID","NHO2018000007"),
("IATT190002872","NPRM18000017","DISC ITEM","1","1","193084","1","15000","IAT2909190834","PAID","NHO2018000007"),
("IATT190002872","NPRM18000017","DISC ITEM","1","1","193070","1","6500","IAT2909190834","PAID","NHO2018000007"),
("IATT190002874","NPRM18000017","DISC ITEM","1","1","193021","1","20000","IAT2909190834","PAID","NHO2018000007"),
("IATT190002868","NPRM18000017","DISC ITEM","1","1","193009","1","20000","IAT2909190834","PAID","NHO2018000007"),
("IATT190002868","NPRM18000017","DISC ITEM","1","1","193078","1","15000","IAT2909190834","PAID","NHO2018000007"),
("IATT190002868","NPRM18000018","DISC ALL","1","1","193009","1","1000","IAT2909190834","PAID","NHO2018000007"),
("IATT190002868","NPRM18000018","DISC ALL","1","1","193078","1","750","IAT2909190834","PAID","NHO2018000007"),
("IATT190002875","NPRM18000017","DISC ITEM","1","1","193084","1","15000","IAT2909190834","PAID","NHO2018000007"),
("IATT190002875","NPRM18000017","DISC ITEM","1","1","193086","1","16500","IAT2909190834","PAID","NHO2018000007"),
("IATT190002873","NPRM18000017","DISC ITEM","1","1","193084","1","15000","IAT2909190834","PAID","NHO2018000007"),
("IATT190002873","NPRM18000017","DISC ITEM","1","1","193082","1","15000","IAT2909190834","PAID","NHO2018000007"),
("IATT190002877","NPRM18000017","DISC ITEM","1","1","193020","1","20000","IAT2909190834","PAID","NHO2018000007"),
("IATT190002877","NPRM18000017","DISC ITEM","1","1","193083","1","15000","IAT2909190834","PAID","NHO2018000007"),
("IATT190002876","NPRM18000017","DISC ITEM","1","1","193085","1","15000","IAT2909190834","PAID","NHO2018000007"),
("IATT190002876","NPRM18000017","DISC ITEM","1","1","193085","2","15000","IAT2909190834","PAID","NHO2018000007"),
("IATT190002878","NPRM18000017","DISC ITEM","1","1","193084","1","15000","IAT2909190834","PAID","NHO2018000007"),
("IATT190002878","NPRM18000017","DISC ITEM","1","1","193032","1","15000","IAT2909190834","PAID","NHO2018000007"),
("IATT190002879","NPRM18000017","DISC ITEM","1","1","193083","1","15000","IAT2909190834","PAID","NHO2018000007"),
("IATT190002879","NPRM18000017","DISC ITEM","1","1","193020","1","20000","IAT2909190834","PAID","NHO2018000007"),
("IATT190002882","NPRM18000017","DISC ITEM","1","1","193086","1","16500","IAT2909190834","PAID","NHO2018000007"),
("IATT190002882","NPRM18000017","DISC ITEM","1","1","193029","1","13500","IAT2909190834","PAID","NHO2018000007"),
("IATT190002883","NPRM18000017","DISC ITEM","1","1","193011","1","20000","IAT2909190834","PAID","NHO2018000007"),
("IATT190002883","NPRM18000017","DISC ITEM","1","1","193011","2","20000","IAT2909190834","PAID","NHO2018000007"),
("IATT190002883","NPRM18000017","DISC ITEM","1","1","193084","1","15000","IAT2909190834","PAID","NHO2018000007"),
("IATT190002883","NPRM18000017","DISC ITEM","1","1","193084","2","15000","IAT2909190834","PAID","NHO2018000007"),
("IATT190002883","NPRM18000017","DISC ITEM","1","1","193084","3","15000","IAT2909190834","PAID","NHO2018000007"),
("IATT190002883","NPRM18000017","DISC ITEM","1","1","193118","1","10000","IAT2909190834","PAID","NHO2018000007"),
("IATT190002883","NPRM18000017","DISC ITEM","1","1","193071","1","9000","IAT2909190834","PAID","NHO2018000007"),
("IATT190002880","NPRM18000017","DISC ITEM","1","1","193084","1","15000","IAT2909190834","PAID","NHO2018000007"),
("IATT190002880","NPRM18000017","DISC ITEM","1","1","193033","1","21000","IAT2909190834","PAID","NHO2018000007"),
("IATT190002884","NPRM18000017","DISC ITEM","1","1","193084","1","15000","IAT2909190834","PAID","NHO2018000007"),
("IATT190002884","NPRM18000017","DISC ITEM","1","1","193033","1","21000","IAT2909190834","PAID","NHO2018000007"),
("IATT190002884","NPRM18000017","DISC ITEM","1","1","193071","1","9000","IAT2909190834","PAID","NHO2018000007"),
("IATT190002884","NPRM18000017","DISC ITEM","1","1","193114","1","21000","IAT2909190834","PAID","NHO2018000007"),
("IATT190002884","NPRM18000017","DISC ITEM","1","1","193010","1","20000","IAT2909190834","PAID","NHO2018000007"),
("IATT190002884","NPRM18000017","DISC ITEM","1","1","193010","2","20000","IAT2909190834","PAID","NHO2018000007"),
("IATT190002884","NPRM18000017","DISC ITEM","1","1","193010","3","20000","IAT2909190834","PAID","NHO2018000007");



INSERT INTO pos_paymenttemp VALUES("IATT190002855","CARD","DEBIT BCA","53350","53350","ISU000013","2019-09-29","","1","","CLOSED","IAT2909190834","NHO2018000007"),
("IATT190002854","CASH","CASH","88550","100000","ISU000013","2019-09-29","","1","","CLOSED","IAT2909190834","NHO2018000007"),
("IATT190002856","CASH","CASH","33000","50000","ISU000013","2019-09-29","","1","","CLOSED","IAT2909190834","NHO2018000007"),
("IATT190002857","CASH","CASH","74800","100000","ISU000013","2019-09-29","","1","","CLOSED","IAT2909190834","NHO2018000007"),
("IATT190002860","CARD","DEBIT BCA","75900","75900","ISU000013","2019-09-29","","1","","CLOSED","IAT2909190834","NHO2018000007"),
("IATT190002861","CASH","CASH","48950","100000","ISU000013","2019-09-29","","1","","CLOSED","IAT2909190834","NHO2018000007"),
("IATT190002859","CARD","MASTER","239250","239250","ISU000013","2019-09-29","","1","","CLOSED","IAT2909190834","NHO2018000007"),
("IATT190002858","CASH","CASH","146850","150000","ISU000013","2019-09-29","","1","","CLOSED","IAT2909190834","NHO2018000007"),
("IATT190002862","CASH","CASH","90200","100000","ISU000013","2019-09-29","","1","","CLOSED","IAT2909190834","NHO2018000007"),
("IATT190002865","CASH","CASH","102850","105000","ISU000004","2019-09-29","","1","","CLOSED","IAT2909190834","NHO2018000007"),
("IATT190002864","CASH","CASH","64350","65000","ISU000004","2019-09-29","","1","","CLOSED","IAT2909190834","NHO2018000007"),
("IATT190002866","CARD","DEBIT BCA","63800","63800","ISU000004","2019-09-29","","1","","CLOSED","IAT2909190834","NHO2018000007"),
("IATT190002870","CASH","CASH","70400","100000","ISU000004","2019-09-29","","1","","CLOSED","IAT2909190834","NHO2018000007"),
("IATT190002869","CARD","VISA","51700","51700","ISU000004","2019-09-29","","1","","CLOSED","IAT2909190834","NHO2018000007"),
("IATT190002867","CARD","DEBIT BCA","49500","49500","ISU000004","2019-09-29","","1","","CLOSED","IAT2909190834","NHO2018000007"),
("IATT190002871","CASH","CASH","113850","150000","ISU000004","2019-09-29","","1","","CLOSED","IAT2909190834","NHO2018000007"),
("IATT190002863","CASH","CASH","86350","100000","ISU000004","2019-09-29","","1","","CLOSED","IAT2909190834","NHO2018000007"),
("IATT190002872","CASH","CASH","45650","50000","ISU000004","2019-09-29","","1","","CLOSED","IAT2909190834","NHO2018000007"),
("IATT190002874","CASH","CASH","185900","200000","ISU000004","2019-09-29","","1","","CLOSED","IAT2909190834","NHO2018000007"),
("IATT190002868","CASH","CASH","36575","40000","ISU000004","2019-09-29","","1","","CLOSED","IAT2909190834","NHO2018000007"),
("IATT190002875","CASH","CASH","75350","100000","ISU000004","2019-09-29","","1","","CLOSED","IAT2909190834","NHO2018000007"),
("IATT190002873","CARD","DEBIT BCA","73700","73700","ISU000004","2019-09-29","","1","","CLOSED","IAT2909190834","NHO2018000007"),
("IATT190002877","CASH","CASH","79200","100000","ISU000004","2019-09-29","","1","","CLOSED","IAT2909190834","NHO2018000007"),
("IATT190002876","CARD","VISA","55000","55000","ISU000004","2019-09-29","","1","","CLOSED","IAT2909190834","NHO2018000007"),
("IATT190002878","CASH","CASH","74800","100000","ISU000004","2019-09-29","","1","","CLOSED","IAT2909190834","NHO2018000007"),
("IATT190002879","CASH","CASH","58300","60000","ISU000004","2019-09-29","","1","","CLOSED","IAT2909190834","NHO2018000007"),
("IATT190002882","CASH","CASH","70400","100000","ISU000004","2019-09-29","","1","","CLOSED","IAT2909190834","NHO2018000007"),
("IATT190002883","CASH","CASH","382800","400000","ISU000004","2019-09-29","","1","","CLOSED","IAT2909190834","NHO2018000007"),
("IATT190002880","CASH","CASH","69300","100000","ISU000004","2019-09-29","","1","","CLOSED","IAT2909190834","NHO2018000007"),
("IATT190002884","CARD","DEBIT BCA","493900","493900","ISU000004","2019-09-29","","1","","CLOSED","IAT2909190834","NHO2018000007");



