INSERT INTO pos_itemtemp VALUES("IATT200004921","193046","191002","192010","10000","1","10000","0","10000","1","1","1","IAT2501200955","NHO2018000007","PAID","","193046"),
("IATT200004921","193048","191002","192010","8000","1","8000","0","8000","1","1","1","IAT2501200955","NHO2018000007","PAID","","193048"),
("IATT200004921","193054","191002","192010","20000","1","20000","0","20000","1","1","1","IAT2501200955","NHO2018000007","PAID","","193054"),
("IATT200004921","193052","191002","192010","20000","1","20000","0","20000","1","1","1","IAT2501200955","NHO2018000007","PAID","","193052"),
("IATT200004921","193052","191002","192010","20000","1","20000","0","20000","2","1","1","IAT2501200955","NHO2018000007","PAID","","193052"),
("IATT200004921","193027","191001","192003","43000","1","43000","0","43000","1","1","2","IAT2501200955","NHO2018000007","PAID","","193027"),
("IATT200004921","193027","191001","192003","43000","1","43000","0","43000","2","1","2","IAT2501200955","NHO2018000007","PAID","","193027"),
("IATT200004921","193022","191001","192003","30000","1","30000","0","30000","1","1","2","IAT2501200955","NHO2018000007","PAID","","193022"),
("IATT200004921","193024","191001","192003","30000","1","30000","0","30000","1","1","2","IAT2501200955","NHO2018000007","PAID","","193024"),
("IATT200004922","193085","191001","192001","30000","1","30000","0","30000","1","1","1","IAT2501200955","NHO2018000007","PAID","","193085"),
("IATT200004922","193011","191001","192001","40000","1","40000","0","40000","1","1","1","IAT2501200955","NHO2018000007","PAID","level 2","PEDAS"),
("IATT200004922","193047","191002","192010","10000","1","10000","0","10000","1","1","1","IAT2501200955","NHO2018000007","PAID","","193047"),
("IATT200004922","193053","191002","192010","20000","1","20000","0","20000","1","1","1","IAT2501200955","NHO2018000007","PAID","","193053"),
("IATT200004923","193009","191001","192001","40000","1","40000","0","40000","1","1","1","IAT2501200955","NHO2018000007","PAID","","193009"),
("IATT200004923","193028","191001","192003","43000","1","43000","0","43000","1","1","1","IAT2501200955","NHO2018000007","PAID","","193028"),
("IATT200004923","193096","191001","192008","50000","1","50000","0","50000","1","1","1","IAT2501200955","NHO2018000007","PAID","","193096"),
("IATT200004923","193113","191001","192003","55000","1","55000","0","55000","1","1","1","IAT2501200955","NHO2018000007","PAID","","193113"),
("IATT200004923","193084","191001","192001","30000","1","30000","0","30000","1","1","1","IAT2501200955","NHO2018000007","PAID","","PEDAS"),
("IATT200004923","193052","191002","192010","20000","1","20000","0","20000","1","1","1","IAT2501200955","NHO2018000007","PAID","","193052"),
("IATT200004923","193052","191002","192010","20000","1","20000","0","20000","2","1","1","IAT2501200955","NHO2018000007","PAID","","193052"),
("IATT200004923","193054","191002","192010","20000","1","20000","0","20000","1","1","1","IAT2501200955","NHO2018000007","PAID","hangat","193054"),
("IATT200004923","193046","191002","192010","10000","1","10000","0","10000","1","1","1","IAT2501200955","NHO2018000007","PAID","","193046"),
("IATT200004923","193047","191002","192010","10000","1","10000","0","10000","1","1","1","IAT2501200955","NHO2018000007","PAID","","193047"),
("IATT200004924","193028","191001","192003","43000","1","43000","0","43000","1","1","1","IAT2501200955","NHO2018000007","PAID","","193028"),
("IATT200004924","193082","191001","192001","30000","1","30000","0","30000","1","1","1","IAT2501200955","NHO2018000007","PAID","","193082"),
("IATT200004924","193054","191002","192010","20000","1","20000","0","20000","1","1","1","IAT2501200955","NHO2018000007","PAID","","193054"),
("IATT200004924","193052","191002","192010","20000","1","20000","0","20000","1","1","1","IAT2501200955","NHO2018000007","PAID","","193052"),
("IATT200004924","193048","191002","192010","8000","1","8000","0","8000","1","1","1","IAT2501200955","NHO2018000007","PAID","","193048"),
("IATT200004925","193084","191001","192001","30000","1","30000","0","30000","1","1","1","IAT2501200955","NHO2018000007","PAID","","PEDAS"),
("IATT200004925","193054","191002","192010","20000","1","20000","0","20000","1","1","1","IAT2501200955","NHO2018000007","PAID","","193054"),
("IATT200004926","193030","191001","192004","27000","1","27000","0","27000","1","1","1","IAT2501200955","NHO2018000007","PAID","","193030"),
("IATT200004926","193022","191001","192003","30000","1","30000","0","30000","1","1","1","IAT2501200955","NHO2018000007","PAID","","193022"),
("IATT200004926","193048","191002","192010","8000","1","8000","0","8000","1","1","1","IAT2501200955","NHO2018000007","PAID","","193048"),
("IATT200004927","193085","191001","192001","30000","1","30000","0","30000","1","1","1","IAT2501200955","NHO2018000007","PAID","PDS","193085"),
("IATT200004927","193019","191001","192002","40000","1","40000","0","40000","1","1","1","IAT2501200955","NHO2018000007","PAID","","PEDAS"),
("IATT200004927","193072","191001","192012","25000","1","25000","0","25000","1","1","1","IAT2501200955","NHO2018000007","PAID","","193072"),
("IATT200004927","193053","191002","192010","20000","1","20000","0","20000","1","1","1","IAT2501200955","NHO2018000007","PAID","","193053"),
("IATT200004927","193055","191002","192010","17000","1","17000","0","17000","1","1","1","IAT2501200955","NHO2018000007","PAID","","193055"),
("IATT200004922","193229","191001","192011","0","1","0","0","0","1","1","2","IAT2501200955","NHO2018000007","PAID","","193229"),
("IATT200004924","193229","191001","192011","0","1","0","0","0","1","1","2","IAT2501200955","NHO2018000007","PAID","LUCKY ANGPAO","193229"),
("IATT200004927","193229","191001","192011","0","1","0","0","0","1","1","2","IAT2501200955","NHO2018000007","PAID","","193229"),
("IATT200004928","193034","191001","192005","37000","1","37000","0","37000","1","1","1","IAT2501200955","NHO2018000007","PAID","","193034"),
("IATT200004928","193048","191002","192010","8000","1","8000","0","8000","1","1","1","IAT2501200955","NHO2018000007","PAID","","193048"),
("IATT200004923","193227","191001","192011","0","1","0","0","0","1","1","2","IAT2501200955","NHO2018000007","PAID","LUCKY ANGPAO","193227"),
("IATT200004929","193082","191001","192001","30000","1","30000","0","30000","1","1","1","IAT2501200955","NHO2018000007","PAID","PDS","193082"),
("IATT200004929","193009","191001","192001","40000","1","40000","0","40000","1","1","1","IAT2501200955","NHO2018000007","PAID","PDS","193009"),
("IATT200004929","193028","191001","192003","43000","1","43000","0","43000","1","1","1","IAT2501200955","NHO2018000007","PAID","","193028"),
("IATT200004929","193047","191002","192010","10000","1","10000","0","10000","1","1","1","IAT2501200955","NHO2018000007","PAID","","193047"),
("IATT200004929","193054","191002","192010","20000","1","20000","0","20000","1","1","1","IAT2501200955","NHO2018000007","PAID","","193054"),
("IATT200004929","193054","191002","192010","20000","1","20000","0","20000","2","1","1","IAT2501200955","NHO2018000007","PAID","","193054"),
("IATT200004929","193052","191002","192010","20000","1","20000","0","20000","1","1","1","IAT2501200955","NHO2018000007","PAID","","193052"),
("IATT200004930","193016","191001","192002","37000","1","37000","0","37000","1","1","1","IAT2501200955","NHO2018000007","PAID","","PEDAS"),
("IATT200004930","193112","191001","192003","50000","1","50000","0","50000","1","1","1","IAT2501200955","NHO2018000007","PAID","","193112"),
("IATT200004930","193055","191002","192010","17000","1","17000","0","17000","1","1","1","IAT2501200955","NHO2018000007","PAID","","193055"),
("IATT200004930","193052","191002","192010","20000","1","20000","0","20000","1","1","1","IAT2501200955","NHO2018000007","PAID","","193052"),
("IATT200004931","193113","191001","192003","55000","1","55000","0","55000","1","1","1","IAT2501200955","NHO2018000007","PAID","","193113"),
("IATT200004931","193027","191001","192003","43000","1","43000","0","43000","1","1","1","IAT2501200955","NHO2018000007","PAID","","193027"),
("IATT200004931","193055","191002","192010","17000","1","17000","0","17000","1","1","1","IAT2501200955","NHO2018000007","PAID","","193055"),
("IATT200004931","193055","191002","192010","17000","1","17000","0","17000","2","1","1","IAT2501200955","NHO2018000007","PAID","","193055"),
("IATT200004932","193055","191002","192010","17000","1","17000","0","17000","1","1","1","IAT2501200955","NHO2018000007","PAID","","193055"),
("IATT200004932","193047","191002","192010","10000","1","10000","0","10000","1","1","1","IAT2501200955","NHO2018000007","PAID","","193047"),
("IATT200004932","193034","191001","192005","37000","1","37000","0","37000","1","1","1","IAT2501200955","NHO2018000007","PAID","","193034"),
("IATT200004933","193082","191001","192001","30000","1","30000","0","30000","1","1","1","IAT2501200955","NHO2018000007","PAID","YANG 1 PEDES","193082"),
("IATT200004933","193082","191001","192001","30000","1","30000","0","30000","2","1","1","IAT2501200955","NHO2018000007","PAID","","193082"),
("IATT200004933","193111","191001","192008","25000","1","25000","0","25000","1","1","1","IAT2501200955","NHO2018000007","PAID","","193111"),
("IATT200004933","193036","191001","192006","36000","1","36000","0","36000","1","1","1","IAT2501200955","NHO2018000007","PAID","","PEDAS"),
("IATT200004933","193056","191002","192010","17000","1","17000","0","17000","1","1","1","IAT2501200955","NHO2018000007","PAID","","193056"),
("IATT200004933","193055","191002","192010","17000","1","17000","0","17000","1","1","1","IAT2501200955","NHO2018000007","PAID","","193055"),
("IATT200004933","193055","191002","192010","17000","1","17000","0","17000","2","1","1","IAT2501200955","NHO2018000007","PAID","","193055"),
("IATT200004933","193048","191002","192010","8000","1","8000","0","8000","1","1","1","IAT2501200955","NHO2018000007","PAID","","193048"),
("IATT200004934","193054","191002","192010","20000","1","20000","0","20000","1","1","1","IAT2501200955","NHO2018000007","PAID","","193054"),
("IATT200004934","193112","191001","192003","50000","1","50000","0","50000","1","1","1","IAT2501200955","NHO2018000007","PAID","","193112"),
("IATT200004929","193228","191001","192011","0","1","0","0","0","1","1","2","IAT2501200955","NHO2018000007","PAID","LUCKY ANGPAO","193228"),
("IATT200004931","193229","191001","192011","0","1","0","0","0","1","1","2","IAT2501200955","NHO2018000007","PAID","MAKANAN SUDAH KELUAR JANGAN DI BUAT","193229"),
("IATT200004935","193011","191001","192001","40000","1","40000","0","40000","1","1","1","IAT2501200955","NHO2018000007","PAID","","PEDAS"),
("IATT200004935","193084","191001","192001","30000","1","30000","0","30000","1","1","1","IAT2501200955","NHO2018000007","PAID","","PEDAS"),
("IATT200004935","193048","191002","192010","8000","1","8000","0","8000","1","1","1","IAT2501200955","NHO2018000007","PAID","","193048"),
("IATT200004935","193054","191002","192010","20000","1","20000","0","20000","1","1","1","IAT2501200955","NHO2018000007","PAID","","193054"),
("IATT200004935","193048","191002","192010","8000","1","8000","0","8000","2","1","1","IAT2501200955","NHO2018000007","PAID","","193048"),
("IATT200004936","193096","191001","192008","50000","1","50000","0","50000","1","1","1","IAT2501200955","NHO2018000007","PAID","","193096"),
("IATT200004936","193070","191001","192012","13000","1","13000","0","13000","1","1","1","IAT2501200955","NHO2018000007","PAID","","193070"),
("IATT200004936","193048","191002","192010","8000","1","8000","0","8000","1","1","1","IAT2501200955","NHO2018000007","PAID","","193048"),
("IATT200004937","193019","191001","192002","40000","1","40000","0","40000","1","1","1","IAT2501200955","NHO2018000007","PAID","","PEDAS"),
("IATT200004938","193011","191001","192001","40000","1","40000","0","40000","1","1","1","IAT2501200955","NHO2018000007","PAID","","PEDAS"),
("IATT200004938","193011","191001","192001","40000","1","40000","0","40000","2","1","1","IAT2501200955","NHO2018000007","PAID","","PEDAS"),
("IATT200004938","193016","191001","192002","37000","1","37000","0","37000","1","1","1","IAT2501200955","NHO2018000007","PAID","","PEDAS"),
("IATT200004938","193077","191001","192001","30000","1","30000","0","30000","1","1","1","IAT2501200955","NHO2018000007","PAID","","193077"),
("IATT200004938","193080","191001","192002","33000","1","33000","0","33000","1","1","1","IAT2501200955","NHO2018000007","PAID","","PEDAS"),
("IATT200004938","193080","191001","192002","33000","1","33000","0","33000","2","1","1","IAT2501200955","NHO2018000007","PAID","","PEDAS"),
("IATT200004938","193027","191001","192003","43000","1","43000","0","43000","1","1","1","IAT2501200955","NHO2018000007","PAID","","193027"),
("IATT200004938","193024","191001","192003","30000","1","30000","0","30000","1","1","1","IAT2501200955","NHO2018000007","PAID","","193024"),
("IATT200004938","193046","191002","192010","10000","1","10000","0","10000","1","1","1","IAT2501200955","NHO2018000007","PAID","","193046"),
("IATT200004938","193046","191002","192010","10000","1","10000","0","10000","2","1","1","IAT2501200955","NHO2018000007","PAID","","193046"),
("IATT200004938","193046","191002","192010","10000","1","10000","0","10000","3","1","1","IAT2501200955","NHO2018000007","PAID","","193046"),
("IATT200004938","193047","191002","192010","10000","1","10000","0","10000","1","1","1","IAT2501200955","NHO2018000007","PAID","","193047"),
("IATT200004938","193047","191002","192010","10000","1","10000","0","10000","2","1","1","IAT2501200955","NHO2018000007","PAID","","193047"),
("IATT200004938","193049","191002","192010","10000","1","10000","0","10000","1","1","1","IAT2501200955","NHO2018000007","PAID","","193049"),
("IATT200004938","193049","191002","192010","10000","1","10000","0","10000","2","1","1","IAT2501200955","NHO2018000007","PAID","","193049"),
("IATT200004938","193048","191002","192010","8000","1","8000","0","8000","1","1","1","IAT2501200955","NHO2018000007","PAID","","193048"),
("IATT200004939","193046","191002","192010","10000","1","10000","0","10000","1","1","1","IAT2501200955","NHO2018000007","PAID","","193046"),
("IATT200004939","193046","191002","192010","10000","1","10000","0","10000","2","1","1","IAT2501200955","NHO2018000007","PAID","","193046"),
("IATT200004939","193047","191002","192010","10000","1","10000","0","10000","1","1","1","IAT2501200955","NHO2018000007","PAID","","193047"),
("IATT200004939","193033","191001","192005","42000","1","42000","0","42000","1","1","1","IAT2501200955","NHO2018000007","PAID","","193033"),
("IATT200004939","193016","191001","192002","37000","1","37000","0","37000","1","1","1","IAT2501200955","NHO2018000007","PAID","LEVEL 2","PEDAS"),
("IATT200004939","193022","191001","192003","30000","1","30000","0","30000","1","1","1","IAT2501200955","NHO2018000007","PAID","","193022"),
("IATT200004937","193022","191001","192003","30000","1","30000","0","30000","1","1","2","IAT2501200955","NHO2018000007","PAID","","193022"),
("IATT200004937","193082","191001","192001","30000","1","30000","0","30000","1","1","2","IAT2501200955","NHO2018000007","PAID","PEDES","193082"),
("IATT200004940","193010","191001","192001","40000","1","40000","0","40000","1","1","1","IAT2501200955","NHO2018000007","PAID","","193010"),
("IATT200004940","193005","191001","192001","37000","1","37000","0","37000","1","1","1","IAT2501200955","NHO2018000007","PAID","","193005"),
("IATT200004940","193033","191001","192005","42000","1","42000","0","42000","1","1","1","IAT2501200955","NHO2018000007","PAID","","193033"),
("IATT200004940","193032","191001","192004","30000","1","30000","0","30000","1","1","1","IAT2501200955","NHO2018000007","PAID","","193032"),
("IATT200004940","193052","191002","192010","20000","1","20000","0","20000","1","1","1","IAT2501200955","NHO2018000007","PAID","","193052"),
("IATT200004940","193052","191002","192010","20000","1","20000","0","20000","2","1","1","IAT2501200955","NHO2018000007","PAID","","193052"),
("IATT200004940","193054","191002","192010","20000","1","20000","0","20000","1","1","1","IAT2501200955","NHO2018000007","PAID","","193054"),
("IATT200004940","193053","191002","192010","20000","1","20000","0","20000","1","1","1","IAT2501200955","NHO2018000007","PAID","","193053"),
("IATT200004940","193056","191002","192010","17000","1","17000","0","17000","1","1","1","IAT2501200955","NHO2018000007","PAID","","193056"),
("IATT200004940","193051","191002","192010","20000","1","20000","0","20000","1","1","1","IAT2501200955","NHO2018000007","PAID","","193051"),
("IATT200004938","193071","191001","192012","18000","1","18000","0","18000","1","1","2","IAT2501200955","NHO2018000007","PAID","","193071"),
("IATT200004938","193010","191001","192001","40000","1","40000","0","40000","1","1","3","IAT2501200955","NHO2018000007","PAID","","193010"),
("IATT200004938","193049","191002","192010","10000","1","10000","0","10000","3","1","4","IAT2501200955","NHO2018000007","PAID","","193049"),
("IATT200004943","193028","191001","192003","43000","1","43000","0","43000","1","1","1","IAT2501200955","NHO2018000007","PAID","TAKE WAY","193028"),
("IATT200004943","193028","191001","192003","43000","1","43000","0","43000","2","1","1","IAT2501200955","NHO2018000007","PAID","","193028"),
("IATT200004943","193028","191001","192003","43000","1","43000","0","43000","3","1","1","IAT2501200955","NHO2018000007","PAID","","193028"),
("IATT200004944","193034","191001","192005","37000","1","37000","0","37000","1","1","1","IAT2501200955","NHO2018000007","PAID","","193034"),
("IATT200004944","193051","191002","192010","20000","1","20000","0","20000","1","1","1","IAT2501200955","NHO2018000007","PAID","","193051"),
("IATT200004945","193027","191001","192003","43000","1","43000","0","43000","1","1","1","IAT2501200955","NHO2018000007","PAID","","193027"),
("IATT200004945","193027","191001","192003","43000","1","43000","0","43000","2","1","1","IAT2501200955","NHO2018000007","PAID","","193027"),
("IATT200004945","193028","191001","192003","43000","1","43000","0","43000","1","1","1","IAT2501200955","NHO2018000007","PAID","","193028"),
("IATT200004945","193070","191001","192012","13000","1","13000","0","13000","1","1","1","IAT2501200955","NHO2018000007","PAID","","193070"),
("IATT200004945","193052","191002","192010","20000","1","20000","0","20000","1","1","1","IAT2501200955","NHO2018000007","PAID","","193052"),
("IATT200004945","193055","191002","192010","17000","1","17000","0","17000","1","1","1","IAT2501200955","NHO2018000007","PAID","","193055"),
("IATT200004946","193035","191001","192006","32000","1","32000","0","32000","1","1","1","IAT2501200955","NHO2018000007","PAID","","ORIGINAL"),
("IATT200004947","193113","191001","192003","55000","1","55000","0","55000","1","1","1","IAT2501200955","NHO2018000007","PAID","","193113"),
("IATT200004947","193024","191001","192003","30000","1","30000","0","30000","1","1","1","IAT2501200955","NHO2018000007","PAID","","193024"),
("IATT200004947","193047","191002","192010","10000","1","10000","0","10000","2","1","1","IAT2501200955","NHO2018000007","PAID","","193047"),
("IATT200004947","193046","191002","192010","10000","1","10000","0","10000","1","1","1","IAT2501200955","NHO2018000007","PAID","","193046"),
("IATT200004945","193229","191001","192011","0","1","0","0","0","1","1","2","IAT2501200955","NHO2018000007","PAID","","193229"),
("IATT200004947","193229","191001","192011","0","1","0","0","0","1","1","2","IAT2501200955","NHO2018000007","PAID","LUCKY ANGPAO","193229"),
("IATT200004948","193113","191001","192003","55000","1","55000","0","55000","1","1","1","IAT2501200955","NHO2018000007","PAID","","193113"),
("IATT200004948","193054","191002","192010","20000","1","20000","0","20000","1","1","1","IAT2501200955","NHO2018000007","PAID","","193054"),
("IATT200004949","193027","191001","192003","43000","1","43000","0","43000","1","1","1","IAT2501200955","NHO2018000007","PAID","","193027"),
("IATT200004949","193085","191001","192001","30000","1","30000","0","30000","1","1","1","IAT2501200955","NHO2018000007","PAID","","193085"),
("IATT200004949","193054","191002","192010","20000","1","20000","0","20000","1","1","1","IAT2501200955","NHO2018000007","PAID","","193054"),
("IATT200004949","193048","191002","192010","8000","1","8000","0","8000","1","1","1","IAT2501200955","NHO2018000007","PAID","","193048"),
("IATT200004950","193084","191001","192001","30000","1","30000","0","30000","1","1","1","IAT2501200955","NHO2018000007","PAID","","PEDAS"),
("IATT200004950","193022","191001","192003","30000","1","30000","0","30000","1","1","1","IAT2501200955","NHO2018000007","PAID","","193022"),
("IATT200004950","193046","191002","192010","10000","1","10000","0","10000","1","1","1","IAT2501200955","NHO2018000007","PAID","","193046"),
("IATT200004950","193047","191002","192010","10000","1","10000","0","10000","1","1","1","IAT2501200955","NHO2018000007","PAID","","193047"),
("IATT200004951","193023","191001","192003","30000","1","30000","0","30000","1","1","1","IAT2501200955","NHO2018000007","PAID","","193023"),
("IATT200004951","193054","191002","192010","20000","1","20000","0","20000","1","1","1","IAT2501200955","NHO2018000007","PAID","","193054"),
("IATT200004951","193055","191002","192010","17000","1","17000","0","17000","1","1","1","IAT2501200955","NHO2018000007","PAID","","193055"),
("IATT200004951","193055","191002","192010","17000","1","17000","0","17000","2","1","1","IAT2501200955","NHO2018000007","PAID","","193055"),
("IATT200004951","193048","191002","192010","8000","1","8000","0","8000","1","1","1","IAT2501200955","NHO2018000007","PAID","","193048"),
("IATT200004951","193027","191001","192003","43000","1","43000","0","43000","1","1","1","IAT2501200955","NHO2018000007","PAID","","193027"),
("IATT200004951","193227","191001","192011","0","1","0","0","0","1","1","2","IAT2501200955","NHO2018000007","PAID","lucky angpao","193227"),
("IATT200004949","193076","191001","192001","30000","1","30000","0","30000","1","1","2","IAT2501200955","NHO2018000007","PAID","","193076"),
("IATT200004949","193228","191001","192011","0","1","0","0","0","1","1","3","IAT2501200955","NHO2018000007","PAID","","193228"),
("IATT200004952","193009","191001","192001","40000","1","40000","0","40000","1","1","1","IAT2501200955","NHO2018000007","PAID","","193009"),
("IATT200004952","193083","191001","192001","30000","1","30000","0","30000","1","1","1","IAT2501200955","NHO2018000007","PAID","","193083"),
("IATT200004952","193055","191002","192010","17000","1","17000","0","17000","1","1","1","IAT2501200955","NHO2018000007","PAID","","193055"),
("IATT200004952","193054","191002","192010","20000","1","20000","0","20000","1","1","1","IAT2501200955","NHO2018000007","PAID","","193054"),
("IATT200004953","193007","191001","192001","37000","1","37000","0","37000","1","1","1","IAT2501200955","NHO2018000007","PAID","","PEDAS"),
("IATT200004953","193085","191001","192001","30000","1","30000","0","30000","1","1","1","IAT2501200955","NHO2018000007","PAID","","193085"),
("IATT200004953","193050","191002","192010","20000","1","20000","0","20000","1","1","1","IAT2501200955","NHO2018000007","PAID","","193050"),
("IATT200004953","193053","191002","192010","20000","1","20000","0","20000","1","1","1","IAT2501200955","NHO2018000007","PAID","","193053"),
("IATT200004952","193227","191001","192011","0","1","0","0","0","1","1","2","IAT2501200955","NHO2018000007","PAID","lucky ampao","193227");



INSERT INTO pos_salestemp VALUES("IATT200004921","","4","224000","0","22400","0","246400","250000","25/01/2020","13:33","2020-01-25","14:09:40","ISU000006","tbl0012","CLOSED","1","","IATR200004787","","","","","IAT2501200955","NHO2018000007"),
("IATT200004922","","2","100000","0","10000","0","110000","110000","25/01/2020","14:14","2020-01-25","14:44:12","ISU000006","tbl0010","CLOSED","1","LUCKY ANGPAO","IATR200004788","","","","","IAT2501200955","NHO2018000007"),
("IATT200004923","","5","298000","0","29800","0","327800","327800","25/01/2020","14:15","2020-01-25","14:55:48","ISU000004","tbl0014","CLOSED","1","LUCKY ANGPAO","IATR200004789","","","","","IAT2501200955","NHO2018000007"),
("IATT200004924","","2","121000","0","12100","0","133100","133100","25/01/2020","14:20","2020-01-25","15:03:37","ISU000004","tbl0011","CLOSED","1","","IATR200004791","","","","","IAT2501200955","NHO2018000007"),
("IATT200004925","","2","50000","0","5000","0","55000","70000","25/01/2020","14:23","2020-01-25","15:12:09","ISU000004","tbl0012","CLOSED","1","","IATR200004794","","","","","IAT2501200955","NHO2018000007"),
("IATT200004926","","2","65000","0","6500","0","71500","100000","25/01/2020","14:24","2020-01-25","14:58:12","ISU000004","tbl0008","CLOSED","1","","IATR200004790","","","","","IAT2501200955","NHO2018000007"),
("IATT200004927","","2","132000","0","13200","0","145200","150000","25/01/2020","14:36","2020-01-25","15:05:45","ISU000004","tbl0024","CLOSED","1","","IATR200004792","","","","","IAT2501200955","NHO2018000007"),
("IATT200004928","","1","45000","0","4500","0","49500","49500","25/01/2020","14:50","2020-01-25","15:07:52","ISU000004","tbl0005","CLOSED","1","","IATR200004793","","","","","IAT2501200955","NHO2018000007"),
("IATT200004929","","3","183000","0","18300","0","201300","205000","25/01/2020","14:58","2020-01-25","15:35:47","ISU000004","tbl0010","CLOSED","1","","IATR200004796","","","","","IAT2501200955","NHO2018000007"),
("IATT200004930","","2","124000","0","12400","0","136400","150000","25/01/2020","15:01","2020-01-25","15:32:20","ISU000004","tbl0021","CLOSED","1","","IATR200004795","","","","","IAT2501200955","NHO2018000007"),
("IATT200004931","","2","132000","0","13200","0","145200","200000","25/01/2020","15:10","2020-01-25","15:58:30","ISU000004","tbl0018","CLOSED","1","","IATR200004798","","","","","IAT2501200955","NHO2018000007"),
("IATT200004932","","1","64000","0","6400","0","70400","70400","25/01/2020","15:21","2020-01-25","15:43:37","ISU000004","tbl0012","CLOSED","1","","IATR200004797","","","","","IAT2501200955","NHO2018000007"),
("IATT200004933","","3","180000","0","18000","0","198000","200000","25/01/2020","15:27","2020-01-25","16:12:33","ISU000006","tbl0011","CLOSED","1","","IATR200004801","","","","","IAT2501200955","NHO2018000007"),
("IATT200004934","","1","70000","0","7000","0","77000","100000","25/01/2020","15:31","2020-01-25","16:03:48","ISU000004","tbl0004","CLOSED","1","","IATR200004799","","","","","IAT2501200955","NHO2018000007"),
("IATT200004935","","2","106000","0","10600","0","116600","117000","25/01/2020","15:44","2020-01-25","16:09:35","ISU000004","tbl0010","CLOSED","1","LUCKY ANGPAO FREE VOUCHER","IATR200004800","","","","","IAT2501200955","NHO2018000007"),
("IATT200004936","","1","71000","0","7100","0","78100","100000","25/01/2020","16:01","2020-01-25","16:27:00","ISU000006","tbl0012","CLOSED","1","","IATR200004802","","","","","IAT2501200955","NHO2018000007"),
("IATT200004937","","2","100000","0","10000","0","110000","120000","25/01/2020","16:13","2020-01-25","18:23:12","ISU000004","tbl0018","CLOSED","1","","IATR200004808","","","","","IAT2501200955","NHO2018000007"),
("IATT200004938","","8","432000","0","43200","0","475200","475200","25/01/2020","16:14","2020-01-25","17:02:03","ISU000006","tbl0022","CLOSED","1","","IATR200004803","","","","","IAT2501200955","NHO2018000007"),
("IATT200004939","","4","139000","0","13900","0","152900","200000","25/01/2020","16:19","2020-01-25","17:03:21","ISU000006","tbl0010","CLOSED","1","","IATR200004804","","","","","IAT2501200955","NHO2018000007"),
("IATT200004940","","4","266000","0","26600","0","292600","300000","25/01/2020","16:23","2020-01-25","17:30:01","ISU000006","tbl0012","CLOSED","1","","IATR200004806","","","","","IAT2501200955","NHO2018000007"),
("IATT200004941","","0","0","0","0","0","0","0","25/01/2020","16:29","25/01/2020","16:29:37","ISU000004","tbl0005","CANCELED","1","PERMINTAAN CUSTOMER","","","","","","IAT2501200955","NHO2018000007"),
("IATT200004942","","0","0","0","0","0","0","0","25/01/2020","16:29","25/01/2020","16:42:52","ISU000006","tbl0013","CANCELED","1","PERMINTAAN CUSTOMER","","","","","","IAT2501200955","NHO2018000007"),
("IATT200004943","","1","129000","0","12900","0","141900","200000","25/01/2020","16:54","2020-01-25","17:23:00","ISU000006","tbl0001","CLOSED","1","","IATR200004805","","","","","IAT2501200955","NHO2018000007"),
("IATT200004944","","1","57000","0","5700","0","62700","62700","25/01/2020","17:18","2020-01-25","18:13:51","ISU000006","tbl0009","CLOSED","1","","IATR200004807","","","","","IAT2501200955","NHO2018000007"),
("IATT200004945","","3","179000","0","17900","0","196900","200000","25/01/2020","17:24","2020-01-25","18:28:18","ISU000004","tbl0011","CLOSED","1","","IATR200004809","","","","","IAT2501200955","NHO2018000007"),
("IATT200004946","","1","32000","0","3200","0","35200","40000","25/01/2020","17:53","2020-01-25","18:49:06","ISU000004","tbl0014","CLOSED","1","","IATR200004811","","","","","IAT2501200955","NHO2018000007"),
("IATT200004947","","2","105000","0","10500","0","115500","115500","25/01/2020","17:56","2020-01-25","18:38:34","ISU000004","tbl0022","CLOSED","1","","IATR200004810","","","","","IAT2501200955","NHO2018000007"),
("IATT200004948","","1","75000","0","7500","0","82500","100000","25/01/2020","18:39","2020-01-25","19:09:50","ISU000004","tbl0004","CLOSED","1","","IATR200004813","","","","","IAT2501200955","NHO2018000007"),
("IATT200004949","","2","131000","0","13100","0","144100","150000","25/01/2020","18:44","2020-01-25","19:22:23","ISU000004","tbl0021","CLOSED","1","","IATR200004814","","","","","IAT2501200955","NHO2018000007"),
("IATT200004950","","2","80000","0","8000","0","88000","88000","25/01/2020","18:45","2020-01-25","19:43:42","ISU000004","tbl0012","CLOSED","1","","IATR200004815","","","","","IAT2501200955","NHO2018000007"),
("IATT200004951","","2","135000","0","13500","0","148500","150000","25/01/2020","18:56","2020-01-25","18:58:21","ISU000004","tbl0010","CLOSED","1","","IATR200004812","","","","","IAT2501200955","NHO2018000007"),
("IATT200004952","","2","107000","0","10700","0","117700","200000","25/01/2020","19:28","2020-01-25","20:30:47","ISU000004","tbl0008","CLOSED","1","","IATR200004817","","","","","IAT2501200955","NHO2018000007"),
("IATT200004953","","2","107000","0","10700","0","117700","117700","25/01/2020","19:33","2020-01-25","20:03:56","ISU000004","tbl0010","CLOSED","1","","IATR200004816","","","","","IAT2501200955","NHO2018000007");



INSERT INTO item_void VALUES("IATT200004923","IAT2501200955","NHO2018000007","193229","193229","1","0","Before Send","Komplen Customer"),
("IATT200004931","IAT2501200955","NHO2018000007","193035","PEDAS","1","32000","Before Send","Salah Order"),
("IATT200004942","IAT2501200955","NHO2018000007","193017","193017","1","37000","Before Send","Salah Order"),
("IATT200004940","IAT2501200955","NHO2018000007","193027","193027","1","43000","Before Send","Komplen Customer"),
("IATT200004940","IAT2501200955","NHO2018000007","193027","193027","1","43000","Before Send","Komplen Customer");









INSERT INTO pos_paymenttemp VALUES("IATT200004921","CASH","CASH","246400","250000","ISU000006","2020-01-25","","1","","CLOSED","IAT2501200955","NHO2018000007"),
("IATT200004922","CASH","CASH","110000","110000","ISU000006","2020-01-25","","1","","CLOSED","IAT2501200955","NHO2018000007"),
("IATT200004923","CARD","MASTER","327800","327800","ISU000004","2020-01-25","","1","","CLOSED","IAT2501200955","NHO2018000007"),
("IATT200004926","CASH","CASH","71500","100000","ISU000004","2020-01-25","","1","","CLOSED","IAT2501200955","NHO2018000007"),
("IATT200004924","CARD","DEBIT BCA","133100","133100","ISU000004","2020-01-25","","1","","CLOSED","IAT2501200955","NHO2018000007"),
("IATT200004927","CASH","CASH","145200","150000","ISU000004","2020-01-25","","1","","CLOSED","IAT2501200955","NHO2018000007"),
("IATT200004928","CARD","VISA","49500","49500","ISU000004","2020-01-25","","1","","CLOSED","IAT2501200955","NHO2018000007"),
("IATT200004925","CASH","CASH","55000","70000","ISU000004","2020-01-25","","1","","CLOSED","IAT2501200955","NHO2018000007"),
("IATT200004930","CASH","CASH","136400","150000","ISU000004","2020-01-25","","1","","CLOSED","IAT2501200955","NHO2018000007"),
("IATT200004929","CASH","CASH","201300","205000","ISU000004","2020-01-25","","1","","CLOSED","IAT2501200955","NHO2018000007"),
("IATT200004932","CASH","OVO","70400","70400","ISU000004","2020-01-25","","1","","CLOSED","IAT2501200955","NHO2018000007"),
("IATT200004931","CASH","CASH","145200","200000","ISU000004","2020-01-25","","1","","CLOSED","IAT2501200955","NHO2018000007"),
("IATT200004934","CASH","CASH","77000","100000","ISU000004","2020-01-25","","1","","CLOSED","IAT2501200955","NHO2018000007"),
("IATT200004935","CASH","CASH","116600","117000","ISU000004","2020-01-25","","1","","CLOSED","IAT2501200955","NHO2018000007"),
("IATT200004933","VOUCHER","ISOIDE VOUCHER 50K","50000","50000","ISU000006","2020-01-25","","1","","CLOSED","IAT2501200955","NHO2018000007"),
("IATT200004933","VOUCHER","ISOIDE VOUCHER 50K","50000","50000","ISU000006","2020-01-25","","1","","CLOSED","IAT2501200955","NHO2018000007"),
("IATT200004933","CASH","CASH","98000","100000","ISU000006","2020-01-25","","1","","CLOSED","IAT2501200955","NHO2018000007"),
("IATT200004936","CASH","CASH","78100","100000","ISU000006","2020-01-25","","1","","CLOSED","IAT2501200955","NHO2018000007"),
("IATT200004938","CARD","DEBIT BCA","475200","475200","ISU000006","2020-01-25","","1","","CLOSED","IAT2501200955","NHO2018000007"),
("IATT200004939","CASH","CASH","152900","200000","ISU000006","2020-01-25","","1","","CLOSED","IAT2501200955","NHO2018000007"),
("IATT200004943","CASH","CASH","141900","200000","ISU000006","2020-01-25","","1","","CLOSED","IAT2501200955","NHO2018000007"),
("IATT200004940","VOUCHER","E-Voucher Giveaway Isoide","100000","100000","ISU000006","2020-01-25","","1","NHV20200124000011","CLOSED","IAT2501200955","NHO2018000007"),
("IATT200004940","VOUCHER","E-Voucher Giveaway Isoide","100000","100000","ISU000006","2020-01-25","","1","NHV20200124000013","CLOSED","IAT2501200955","NHO2018000007"),
("IATT200004940","VOUCHER","E-Voucher Giveaway Isoide","100000","100000","ISU000006","2020-01-25","","1","NHV20200124000015","CLOSED","IAT2501200955","NHO2018000007"),
("IATT200004944","CARD","VISA","62700","62700","ISU000006","2020-01-25","","1","","CLOSED","IAT2501200955","NHO2018000007"),
("IATT200004937","VOUCHER","ISOIDE VOUCHER 50K","50000","50000","ISU000004","2020-01-25","","1","","CLOSED","IAT2501200955","NHO2018000007"),
("IATT200004937","VOUCHER","ISOIDE VOUCHER 50K","50000","50000","ISU000004","2020-01-25","","1","","CLOSED","IAT2501200955","NHO2018000007"),
("IATT200004937","CASH","CASH","10000","20000","ISU000004","2020-01-25","","1","","CLOSED","IAT2501200955","NHO2018000007"),
("IATT200004945","CASH","CASH","196900","200000","ISU000004","2020-01-25","","1","","CLOSED","IAT2501200955","NHO2018000007"),
("IATT200004947","CASH","CASH","115500","115500","ISU000004","2020-01-25","","1","","CLOSED","IAT2501200955","NHO2018000007"),
("IATT200004946","CASH","CASH","35200","40000","ISU000004","2020-01-25","","1","","CLOSED","IAT2501200955","NHO2018000007"),
("IATT200004951","CASH","CASH","148500","150000","ISU000004","2020-01-25","","1","","CLOSED","IAT2501200955","NHO2018000007"),
("IATT200004948","CASH","CASH","82500","100000","ISU000004","2020-01-25","","1","","CLOSED","IAT2501200955","NHO2018000007"),
("IATT200004949","CASH","CASH","144100","150000","ISU000004","2020-01-25","","1","","CLOSED","IAT2501200955","NHO2018000007"),
("IATT200004950","CARD","MASTER","88000","88000","ISU000004","2020-01-25","","1","","CLOSED","IAT2501200955","NHO2018000007"),
("IATT200004953","CASH","OVO","117700","117700","ISU000004","2020-01-25","","1","","CLOSED","IAT2501200955","NHO2018000007"),
("IATT200004952","CASH","CASH","117700","200000","ISU000004","2020-01-25","","1","","CLOSED","IAT2501200955","NHO2018000007");



