INSERT INTO pos_itemtemp VALUES("IATT190002782","193011","191001","192001","40000","1","40000","20000","20000","1","1","1","IAT2609191233","NHO2018000007","PAID","","PEDAS"),
("IATT190002782","193048","191002","192010","8000","1","8000","0","8000","1","1","1","IAT2609191233","NHO2018000007","PAID","","193048"),
("IATT190002783","193084","191001","192001","30000","1","30000","15000","15000","1","1","1","IAT2609191233","NHO2018000007","PAID","","PEDAS"),
("IATT190002783","193015","191001","192002","33000","1","33000","16500","16500","1","1","1","IAT2609191233","NHO2018000007","PAID","","ORIGINAL"),
("IATT190002783","193030","191001","192004","27000","1","27000","13500","13500","1","1","1","IAT2609191233","NHO2018000007","PAID","","193030"),
("IATT190002783","193030","191001","192004","27000","1","27000","13500","13500","2","1","1","IAT2609191233","NHO2018000007","PAID","","193030"),
("IATT190002783","193048","191002","192010","8000","1","8000","0","8000","1","1","1","IAT2609191233","NHO2018000007","PAID","","193048"),
("IATT190002783","193048","191002","192010","8000","1","8000","0","8000","2","1","1","IAT2609191233","NHO2018000007","PAID","","193048"),
("IATT190002783","193046","191002","192010","10000","1","10000","0","10000","1","1","1","IAT2609191233","NHO2018000007","PAID","","193046"),
("IATT190002783","193046","191002","192010","10000","1","10000","0","10000","2","1","1","IAT2609191233","NHO2018000007","PAID","","193046"),
("IATT190002784","193078","191001","192001","30000","1","30000","15000","15000","1","1","1","IAT2609191233","NHO2018000007","PAID","","PEDAS"),
("IATT190002784","193012","191001","192001","40000","1","40000","20000","20000","1","1","1","IAT2609191233","NHO2018000007","PAID","","193012"),
("IATT190002784","193051","191002","192010","20000","1","20000","0","20000","1","1","1","IAT2609191233","NHO2018000007","PAID","","193051"),
("IATT190002784","193048","191002","192010","8000","1","8000","0","8000","1","1","1","IAT2609191233","NHO2018000007","PAID","","193048"),
("IATT190002785","193032","191001","192004","30000","1","30000","15000","15000","1","1","1","IAT2609191233","NHO2018000007","PAID","","193032"),
("IATT190002785","193046","191002","192010","10000","1","10000","0","10000","1","1","1","IAT2609191233","NHO2018000007","PAID","","193046"),
("IATT190002786","193048","191002","192010","8000","1","8000","0","8000","1","1","1","IAT2609191233","NHO2018000007","PAID","","193048"),
("IATT190002787","193018","191001","192002","37000","1","37000","18500","18500","1","1","1","IAT2609191233","NHO2018000007","PAID","","ORIGINAL"),
("IATT190002787","193071","191001","192012","18000","1","18000","9000","9000","1","1","1","IAT2609191233","NHO2018000007","PAID","","193071"),
("IATT190002787","193050","191002","192010","20000","1","20000","0","20000","1","1","1","IAT2609191233","NHO2018000007","PAID","","193050"),
("IATT190002786","193096","191001","192008","50000","1","50000","0","50000","1","1","2","IAT2609191233","NHO2018000007","PAID","","193096"),
("IATT190002788","193009","191001","192001","40000","1","40000","20000","20000","1","1","1","IAT2609191233","NHO2018000007","PAID","level 3","193009"),
("IATT190002788","193011","191001","192001","40000","1","40000","20000","20000","1","1","1","IAT2609191233","NHO2018000007","PAID","level 3","PEDAS"),
("IATT190002788","193054","191002","192010","20000","1","20000","0","20000","1","1","1","IAT2609191233","NHO2018000007","PAID","","193054"),
("IATT190002788","193051","191002","192010","20000","1","20000","0","20000","1","1","1","IAT2609191233","NHO2018000007","PAID","","193051"),
("IATT190002789","193119","191001","192012","20000","1","20000","10000","10000","1","1","1","IAT2609191233","NHO2018000007","PAID","","193119"),
("IATT190002790","193033","191001","192005","42000","1","42000","21000","21000","1","1","1","IAT2609191233","NHO2018000007","PAID","","193033"),
("IATT190002790","193046","191002","192010","10000","1","10000","0","10000","1","1","1","IAT2609191233","NHO2018000007","PAID","","193046"),
("IATT190002791","193019","191001","192002","40000","1","40000","20000","20000","1","1","1","IAT2609191233","NHO2018000007","PAID","","PEDAS"),
("IATT190002791","193033","191001","192005","42000","1","42000","21000","21000","1","1","1","IAT2609191233","NHO2018000007","PAID","","193033"),
("IATT190002792","193032","191001","192004","30000","1","30000","15000","15000","1","1","1","IAT2609191233","NHO2018000007","PAID","","193032"),
("IATT190002792","193077","191001","192001","30000","1","30000","15000","15000","1","1","2","IAT2609191233","NHO2018000007","PAID","","193077"),
("IATT190002793","193084","191001","192001","30000","1","30000","15000","15000","1","1","1","IAT2609191233","NHO2018000007","PAID","level 3","PEDAS"),
("IATT190002793","193086","191001","192002","33000","1","33000","16500","16500","1","1","1","IAT2609191233","NHO2018000007","PAID","","PEDAS"),
("IATT190002793","193054","191002","192010","20000","1","20000","0","20000","1","1","1","IAT2609191233","NHO2018000007","PAID","","193054"),
("IATT190002793","193047","191002","192010","10000","1","10000","0","10000","1","1","1","IAT2609191233","NHO2018000007","PAID","","193047"),
("IATT190002793","193118","191001","192012","20000","1","20000","10000","10000","1","1","1","IAT2609191233","NHO2018000007","PAID","","193118"),
("IATT190002794","193024","191001","192003","30000","1","30000","0","30000","1","1","1","IAT2609191233","NHO2018000007","PAID","","193024"),
("IATT190002794","193056","191002","192010","17000","1","17000","0","17000","1","1","1","IAT2609191233","NHO2018000007","PAID","","193056"),
("IATT190002795","193078","191001","192001","30000","1","30000","15000","15000","1","1","1","IAT2609191233","NHO2018000007","PAID","","ORIGINAL"),
("IATT190002795","193048","191002","192010","8000","1","8000","0","8000","1","1","1","IAT2609191233","NHO2018000007","PAID","","193048"),
("IATT190002797","193024","191001","192003","30000","1","30000","0","30000","1","1","1","IAT2609191233","NHO2018000007","PAID","","193024"),
("IATT190002797","193083","191001","192001","30000","1","30000","0","30000","1","1","1","IAT2609191233","NHO2018000007","PAID","","193083"),
("IATT190002797","193055","191002","192010","17000","1","17000","0","17000","1","1","1","IAT2609191233","NHO2018000007","PAID","","193055"),
("IATT190002797","193056","191002","192010","17000","1","17000","0","17000","1","1","1","IAT2609191233","NHO2018000007","PAID","","193056"),
("IATT190002798","193084","191001","192001","30000","1","30000","15000","15000","1","1","1","IAT2609191233","NHO2018000007","PAID","level 3","PEDAS"),
("IATT190002798","193079","191001","192001","30000","1","30000","15000","15000","1","1","1","IAT2609191233","NHO2018000007","PAID","","193079"),
("IATT190002798","193055","191002","192010","17000","1","17000","0","17000","1","1","1","IAT2609191233","NHO2018000007","PAID","","193055"),
("IATT190002798","193046","191002","192010","10000","1","10000","0","10000","1","1","1","IAT2609191233","NHO2018000007","PAID","","193046"),
("IATT190002798","193032","191001","192004","30000","1","30000","15000","15000","1","1","1","IAT2609191233","NHO2018000007","PAID","","193032"),
("IATT190002798","193040","191001","192008","20000","1","20000","0","20000","1","1","1","IAT2609191233","NHO2018000007","PAID","","193040"),
("IATT190002799","193030","191001","192004","27000","1","27000","13500","13500","1","1","1","IAT2609191233","NHO2018000007","PAID","","193030"),
("IATT190002799","193030","191001","192004","27000","1","27000","13500","13500","2","1","1","IAT2609191233","NHO2018000007","PAID","","193030"),
("IATT190002799","193047","191002","192010","10000","1","10000","0","10000","1","1","1","IAT2609191233","NHO2018000007","PAID","","193047"),
("IATT190002799","193047","191002","192010","10000","1","10000","0","10000","2","1","1","IAT2609191233","NHO2018000007","PAID","","193047"),
("IATT190002800","193036","191001","192006","36000","1","36000","18000","18000","1","1","1","IAT2609191233","NHO2018000007","PAID","pedes bgttt ","PEDAS");



INSERT INTO pos_salestemp VALUES("IATT190002782","","2","48000","20000","2800","0","30800","50800","26/09/2019","12:34","2019-09-26","12:58:57","ISU000004","tbl0012","CLOSED","1","","IATR190002702","","","","","IAT2609191233","NHO2018000007"),
("IATT190002783","","3","153000","58500","9450","0","103950","105000","26/09/2019","12:35","2019-09-26","12:39:16","ISU000004","tbl0011","CLOSED","1","","IATR190002701","","","","","IAT2609191233","NHO2018000007"),
("IATT190002784","","2","98000","35000","6300","0","69300","100000","26/09/2019","12:46","2019-09-26","13:28:50","ISU000004","tbl0011","CLOSED","1","","IATR190002704","","","","","IAT2609191233","NHO2018000007"),
("IATT190002785","","1","40000","15000","2500","0","27500","30500","26/09/2019","12:59","2019-09-26","13:00:28","ISU000004","tbl0012","CLOSED","1","","IATR190002703","","","","","IAT2609191233","NHO2018000007"),
("IATT190002786","","1","58000","0","5800","0","63800","100000","26/09/2019","13:39","2019-09-26","14:15:35","ISU000004","tbl0011","CLOSED","1","","IATR190002705","","","","","IAT2609191233","NHO2018000007"),
("IATT190002787","","1","75000","27500","4750","0","52250","55000","26/09/2019","13:49","2019-09-26","14:19:50","ISU000004","tbl0013","CLOSED","1","","IATR190002706","","","","","IAT2609191233","NHO2018000007"),
("IATT190002788","","2","120000","40000","8000","0","88000","100000","26/09/2019","13:53","2019-09-26","14:47:15","ISU000004","tbl0012","CLOSED","1","","IATR190002707","","","","","IAT2609191233","NHO2018000007"),
("IATT190002789","","1","20000","10000","1000","0","11000","11000","26/09/2019","15:21","2019-09-26","15:25:09","ISU000004","tbl0001","CLOSED","1","","IATR190002708","","","","","IAT2609191233","NHO2018000007"),
("IATT190002790","","1","52000","21000","3100","0","34100","50000","26/09/2019","18:32","2019-09-26","18:54:52","ISU000004","tbl0012","CLOSED","1","","IATR190002709","","","","","IAT2609191233","NHO2018000007"),
("IATT190002791","","2","82000","41000","4100","0","45100","45100","26/09/2019","18:47","2019-09-26","19:26:56","ISU000004","tbl0018","CLOSED","1","","IATR190002710","","","","","IAT2609191233","NHO2018000007"),
("IATT190002792","","1","60000","30000","3000","0","33000","50000","26/09/2019","19:03","2019-09-26","19:51:40","ISU000004","tbl0012","CLOSED","1","","IATR190002712","","","","","IAT2609191233","NHO2018000007"),
("IATT190002793","","2","113000","41500","7150","0","78650","78650","26/09/2019","19:08","2019-09-26","19:49:40","ISU000004","tbl0010","CLOSED","1","","IATR190002711","","","","","IAT2609191233","NHO2018000007"),
("IATT190002794","","1","47000","0","4700","0","51700","52000","26/09/2019","19:42","2019-09-26","20:06:30","ISU000004","tbl0014","CLOSED","1","","IATR190002714","","","","","IAT2609191233","NHO2018000007"),
("IATT190002795","","1","38000","15000","2300","0","25300","50000","26/09/2019","19:52","2019-09-26","19:52:46","ISU000004","tbl0001","CLOSED","1","","IATR190002713","","","","","IAT2609191233","NHO2018000007"),
("IATT190002796","","0","0","0","0","0","0","0","26/09/2019","20:20","26/09/2019","20:20:52","ISU000004","tbl0001","CANCELED","1","PERMINTAAN CUSTOMER","","","","","","IAT2609191233","NHO2018000007"),
("IATT190002797","","2","94000","0","9400","0","103400","104000","26/09/2019","20:34","2019-09-26","21:04:54","ISU000004","tbl0011","CLOSED","1","","IATR190002715","","","","","IAT2609191233","NHO2018000007"),
("IATT190002798","","0","137000","45000","9200","0","101200","101500","26/09/2019","20:47","2019-09-26","21:39:10","ISU000004","tbl0012","CLOSED","1","","IATR190002718","","","","","IAT2609191233","NHO2018000007"),
("IATT190002799","","2","74000","27000","4700","0","51700","60000","26/09/2019","21:10","2019-09-26","21:36:21","ISU000004","tbl0010","CLOSED","1","","IATR190002717","","","","","IAT2609191233","NHO2018000007"),
("IATT190002800","","1","36000","18000","1800","0","19800","50000","26/09/2019","21:15","2019-09-26","21:16:54","ISU000004","tbl0050","CLOSED","1","","IATR190002716","","","","","IAT2609191233","NHO2018000007");



INSERT INTO item_void VALUES("IATT190002782","IAT2609191233","NHO2018000007","193032","193032","1","30000","Before Send","Komplen Customer"),
("IATT190002782","IAT2609191233","NHO2018000007","193046","193046","1","10000","Before Send","Komplen Customer"),
("IATT190002786","IAT2609191233","NHO2018000007","193112","193112","1","50000","Before Send","Komplen Customer"),
("IATT190002792","IAT2609191233","NHO2018000007","193032","193032","1","30000","Before Send","Komplen Customer"),
("IATT190002792","IAT2609191233","NHO2018000007","193048","193048","1","8000","Before Send","Komplen Customer"),
("IATT190002792","IAT2609191233","NHO2018000007","193077","193077","1","30000","Before Send","Komplen Customer");



INSERT INTO pos_promotion_h VALUES("IATT190002783","NPRM18000017","DISC ITEM","1","58500","TUNJUKKAN JEMPOLMU","IAT2609191233","PAID","NHO2018000007"),
("IATT190002782","NPRM18000017","DISC ITEM","1","20000","TUNJUKKAN JEMPOLMU","IAT2609191233","PAID","NHO2018000007"),
("IATT190002785","NPRM18000017","DISC ITEM","1","15000","TUNJUKKAN JEMPOLMU","IAT2609191233","PAID","NHO2018000007"),
("IATT190002784","NPRM18000017","DISC ITEM","1","35000","TUNJUKKAN JEMPOLMU","IAT2609191233","PAID","NHO2018000007"),
("IATT190002787","NPRM18000017","DISC ITEM","1","27500","TUNJUKKAN JEMPOLMU","IAT2609191233","PAID","NHO2018000007"),
("IATT190002788","NPRM18000017","DISC ITEM","1","40000","TUNJUKKAN JEMPOLMU","IAT2609191233","PAID","NHO2018000007"),
("IATT190002789","NPRM18000017","DISC ITEM","1","10000","TUNJUKKAN JEMPOLMU","IAT2609191233","PAID","NHO2018000007"),
("IATT190002790","NPRM18000017","DISC ITEM","1","21000","TUNJUKKAN JEMPOLMU","IAT2609191233","PAID","NHO2018000007"),
("IATT190002791","NPRM18000017","DISC ITEM","1","41000","TUNJUKKAN JEMPOLMU","IAT2609191233","PAID","NHO2018000007"),
("IATT190002793","NPRM18000017","DISC ITEM","1","41500","TUNJUKKAN JEMPOLMU","IAT2609191233","PAID","NHO2018000007"),
("IATT190002792","NPRM18000017","DISC ITEM","1","30000","TUNJUKKAN JEMPOLMU","IAT2609191233","PAID","NHO2018000007"),
("IATT190002795","NPRM18000017","DISC ITEM","1","15000","TUNJUKKAN JEMPOLMU","IAT2609191233","PAID","NHO2018000007"),
("IATT190002798","NPRM18000017","DISC ITEM","1","45000","TUNJUKKAN JEMPOLMU","IAT2609191233","PAID","NHO2018000007"),
("IATT190002800","NPRM18000017","DISC ITEM","1","18000","TUNJUKKAN JEMPOLMU","IAT2609191233","PAID","NHO2018000007"),
("IATT190002799","NPRM18000017","DISC ITEM","1","27000","TUNJUKKAN JEMPOLMU","IAT2609191233","PAID","NHO2018000007");



INSERT INTO pos_promotion_d VALUES("IATT190002783","NPRM18000017","DISC ITEM","1","1","193084","1","15000","IAT2609191233","PAID","NHO2018000007"),
("IATT190002783","NPRM18000017","DISC ITEM","1","1","193015","1","16500","IAT2609191233","PAID","NHO2018000007"),
("IATT190002783","NPRM18000017","DISC ITEM","1","1","193030","1","13500","IAT2609191233","PAID","NHO2018000007"),
("IATT190002783","NPRM18000017","DISC ITEM","1","1","193030","2","13500","IAT2609191233","PAID","NHO2018000007"),
("IATT190002782","NPRM18000017","DISC ITEM","1","1","193011","1","20000","IAT2609191233","PAID","NHO2018000007"),
("IATT190002785","NPRM18000017","DISC ITEM","1","1","193032","1","15000","IAT2609191233","PAID","NHO2018000007"),
("IATT190002784","NPRM18000017","DISC ITEM","1","1","193078","1","15000","IAT2609191233","PAID","NHO2018000007"),
("IATT190002784","NPRM18000017","DISC ITEM","1","1","193012","1","20000","IAT2609191233","PAID","NHO2018000007"),
("IATT190002787","NPRM18000017","DISC ITEM","1","1","193018","1","18500","IAT2609191233","PAID","NHO2018000007"),
("IATT190002787","NPRM18000017","DISC ITEM","1","1","193071","1","9000","IAT2609191233","PAID","NHO2018000007"),
("IATT190002788","NPRM18000017","DISC ITEM","1","1","193009","1","20000","IAT2609191233","PAID","NHO2018000007"),
("IATT190002788","NPRM18000017","DISC ITEM","1","1","193011","1","20000","IAT2609191233","PAID","NHO2018000007"),
("IATT190002789","NPRM18000017","DISC ITEM","1","1","193119","1","10000","IAT2609191233","PAID","NHO2018000007"),
("IATT190002790","NPRM18000017","DISC ITEM","1","1","193033","1","21000","IAT2609191233","PAID","NHO2018000007"),
("IATT190002791","NPRM18000017","DISC ITEM","1","1","193019","1","20000","IAT2609191233","PAID","NHO2018000007"),
("IATT190002791","NPRM18000017","DISC ITEM","1","1","193033","1","21000","IAT2609191233","PAID","NHO2018000007"),
("IATT190002793","NPRM18000017","DISC ITEM","1","1","193084","1","15000","IAT2609191233","PAID","NHO2018000007"),
("IATT190002793","NPRM18000017","DISC ITEM","1","1","193086","1","16500","IAT2609191233","PAID","NHO2018000007"),
("IATT190002793","NPRM18000017","DISC ITEM","1","1","193118","1","10000","IAT2609191233","PAID","NHO2018000007"),
("IATT190002792","NPRM18000017","DISC ITEM","1","1","193032","1","15000","IAT2609191233","PAID","NHO2018000007"),
("IATT190002792","NPRM18000017","DISC ITEM","1","1","193077","1","15000","IAT2609191233","PAID","NHO2018000007"),
("IATT190002795","NPRM18000017","DISC ITEM","1","1","193078","1","15000","IAT2609191233","PAID","NHO2018000007"),
("IATT190002798","NPRM18000017","DISC ITEM","1","1","193084","1","15000","IAT2609191233","PAID","NHO2018000007"),
("IATT190002798","NPRM18000017","DISC ITEM","1","1","193079","1","15000","IAT2609191233","PAID","NHO2018000007"),
("IATT190002798","NPRM18000017","DISC ITEM","1","1","193032","1","15000","IAT2609191233","PAID","NHO2018000007"),
("IATT190002800","NPRM18000017","DISC ITEM","1","1","193036","1","18000","IAT2609191233","PAID","NHO2018000007"),
("IATT190002799","NPRM18000017","DISC ITEM","1","1","193030","1","13500","IAT2609191233","PAID","NHO2018000007"),
("IATT190002799","NPRM18000017","DISC ITEM","1","1","193030","2","13500","IAT2609191233","PAID","NHO2018000007");



INSERT INTO pos_paymenttemp VALUES("IATT190002783","CASH","CASH","103950","105000","ISU000004","2019-09-26","","1","","CLOSED","IAT2609191233","NHO2018000007"),
("IATT190002782","CASH","CASH","30800","50800","ISU000004","2019-09-26","","1","","CLOSED","IAT2609191233","NHO2018000007"),
("IATT190002785","CASH","CASH","27500","30500","ISU000004","2019-09-26","","1","","CLOSED","IAT2609191233","NHO2018000007"),
("IATT190002784","CASH","CASH","69300","100000","ISU000004","2019-09-26","","1","","CLOSED","IAT2609191233","NHO2018000007"),
("IATT190002786","CASH","CASH","63800","100000","ISU000004","2019-09-26","","1","","CLOSED","IAT2609191233","NHO2018000007"),
("IATT190002787","CASH","CASH","52250","55000","ISU000004","2019-09-26","","1","","CLOSED","IAT2609191233","NHO2018000007"),
("IATT190002788","CASH","CASH","88000","100000","ISU000004","2019-09-26","","1","","CLOSED","IAT2609191233","NHO2018000007"),
("IATT190002789","CASH","CASH","11000","11000","ISU000004","2019-09-26","","1","","CLOSED","IAT2609191233","NHO2018000007"),
("IATT190002790","CASH","CASH","34100","50000","ISU000004","2019-09-26","","1","","CLOSED","IAT2609191233","NHO2018000007"),
("IATT190002791","CARD","DEBIT BCA","45100","45100","ISU000004","2019-09-26","","1","","CLOSED","IAT2609191233","NHO2018000007"),
("IATT190002793","CARD","VISA","78650","78650","ISU000004","2019-09-26","","1","","CLOSED","IAT2609191233","NHO2018000007"),
("IATT190002792","CASH","CASH","33000","50000","ISU000004","2019-09-26","","1","","CLOSED","IAT2609191233","NHO2018000007"),
("IATT190002795","CASH","CASH","25300","50000","ISU000004","2019-09-26","","1","","CLOSED","IAT2609191233","NHO2018000007"),
("IATT190002794","CASH","CASH","51700","52000","ISU000004","2019-09-26","","1","","CLOSED","IAT2609191233","NHO2018000007"),
("IATT190002797","CASH","CASH","103400","104000","ISU000004","2019-09-26","","1","","CLOSED","IAT2609191233","NHO2018000007"),
("IATT190002800","CASH","CASH","19800","50000","ISU000004","2019-09-26","","1","","CLOSED","IAT2609191233","NHO2018000007"),
("IATT190002799","CASH","CASH","51700","60000","ISU000004","2019-09-26","","1","","CLOSED","IAT2609191233","NHO2018000007"),
("IATT190002798","CASH","CASH","101200","101500","ISU000004","2019-09-26","","1","","CLOSED","IAT2609191233","NHO2018000007");



