INSERT INTO pos_itemtemp VALUES("IATT190000001","193012","191001","192001","21000","1","21000","0","21000","1","1","1","IAT2005191643","NHO2018000007","PAID","","193012"),
("IATT190000001","193012","191001","192001","21000","1","21000","0","21000","2","1","1","IAT2005191643","NHO2018000007","PAID","","193012"),
("IATT190000001","193001","191001","192001","21000","1","21000","0","21000","1","1","1","IAT2005191643","NHO2018000007","PAID","","PEDAS_LV_1"),
("IATT190000001","193001","191001","192001","21000","1","21000","0","21000","2","1","1","IAT2005191643","NHO2018000007","PAID","","PEDAS_LV_2"),
("IATT190000001","193012","191001","192001","21000","1","21000","0","21000","3","1","4","IAT2005191643","NHO2018000007","PAID","","193012"),
("IATT190000002","193056","191002","192010","20000","1","20000","0","20000","1","1","1","IAT2005191643","NHO2018000007","PAID","","193056"),
("IATT190000002","193056","191002","192010","20000","1","20000","0","20000","2","1","1","IAT2005191643","NHO2018000007","PAID","","193056"),
("IATT190000002","193057","191002","192010","20000","1","20000","0","20000","1","1","1","IAT2005191643","NHO2018000007","PAID","","193057"),
("IATT190000002","193057","191002","192010","20000","1","20000","0","20000","2","1","1","IAT2005191643","NHO2018000007","PAID","","193057"),
("IATT190000002","193012","191001","192001","21000","1","21000","0","21000","1","1","2","IAT2005191643","NHO2018000007","PAID","test1","193012"),
("IATT190000002","193001","191001","192001","21000","1","21000","0","21000","1","1","2","IAT2005191643","NHO2018000007","PAID","test2","PEDAS_LV_1"),
("IATT190000002","193001","191001","192001","21000","1","21000","0","21000","2","1","2","IAT2005191643","NHO2018000007","PAID","test3","PEDAS_LV_2"),
("IATT190000001","193056","191002","192010","20000","1","20000","0","20000","1","1","5","IAT2005191643","NHO2018000007","PAID","Test kirim order","193056"),
("IATT190000001","193056","191002","192010","20000","1","20000","0","20000","2","1","5","IAT2005191643","NHO2018000007","PAID","","193056"),
("IATT190000001","193017","191001","192002","22000","1","22000","0","22000","1","1","6","IAT2005191643","NHO2018000007","PAID","Hayo pake apa hayoooo","193017"),
("IATT190000001","193017","191001","192002","22000","1","22000","0","22000","2","1","6","IAT2005191643","NHO2018000007","PAID","","193017"),
("IATT190000001","193012","191001","192001","21000","1","21000","0","21000","4","1","7","IAT2005191643","NHO2018000007","PAID","Test note","193012"),
("IATT190000001","193012","191001","192001","21000","1","21000","0","21000","5","1","8","IAT2005191643","NHO2018000007","PAID","Tambah sambal mix","193012"),
("IATT190000001","193001","191001","192001","21000","1","21000","0","21000","3","1","8","IAT2005191643","NHO2018000007","PAID","Gak pake daun bawang","PEDAS_LV_2"),
("IATT190000006","193056","191002","192010","20000","1","20000","0","20000","1","1","1","IAT2005191643","NHO2018000007","PAID","","193056"),
("IATT190000006","193063","191002","192010","20000","1","20000","0","20000","1","1","1","IAT2005191643","NHO2018000007","PAID","","193063"),
("IATT190000006","193055","191002","192010","20000","1","20000","0","20000","1","1","1","IAT2005191643","NHO2018000007","PAID","","193055"),
("IATT190000006","193061","191002","192010","20000","1","20000","0","20000","1","1","1","IAT2005191643","NHO2018000007","PAID","","193061"),
("IATT190000006","193059","191002","192010","20000","1","20000","0","20000","1","1","1","IAT2005191643","NHO2018000007","PAID","","193059"),
("IATT190000006","193062","191002","192010","20000","1","20000","0","20000","1","1","1","IAT2005191643","NHO2018000007","PAID","","193062"),
("IATT190000006","193060","191002","192010","20000","1","20000","0","20000","1","1","1","IAT2005191643","NHO2018000007","PAID","","193060"),
("IATT190000006","193064","191002","192010","20000","1","20000","0","20000","1","1","1","IAT2005191643","NHO2018000007","PAID","","193064"),
("IATT190000006","193065","191002","192010","20000","1","20000","0","20000","1","1","1","IAT2005191643","NHO2018000007","PAID","","193065"),
("IATT190000014","193034","191001","192005","25000","1","25000","0","25000","1","1","1","IAT2005191643","NHO2018000007","PAID","","193034"),
("IATT190000014","193034","191001","192005","25000","1","25000","0","25000","2","1","1","IAT2005191643","NHO2018000007","PAID","","193034"),
("IATT190000014","193059","191002","192010","20000","1","20000","0","20000","1","1","1","IAT2005191643","NHO2018000007","PAID","gula sedikit","193059"),
("IATT190000003","193012","191001","192001","21000","1","21000","0","21000","1","1","1","IAT2005191643","NHO2018000007","PAID","","193012"),
("IATT190000003","193012","191001","192001","21000","1","21000","0","21000","2","1","1","IAT2005191643","NHO2018000007","PAID","","193012"),
("IATT190000003","193062","191002","192010","20000","1","20000","0","20000","1","1","1","IAT2005191643","NHO2018000007","PAID","","193062"),
("IATT190000003","193057","191002","192010","20000","1","20000","0","20000","1","1","2","IAT2005191643","NHO2018000007","PAID","","193057"),
("IATT190000015","193034","191001","192005","25000","1","25000","0","25000","1","1","1","IAT2005191643","NHO2018000007","PAID","","193034"),
("IATT190000015","193034","191001","192005","25000","1","25000","0","25000","2","1","1","IAT2005191643","NHO2018000007","PAID","","193034"),
("IATT190000015","193034","191001","192005","25000","1","25000","0","25000","3","1","1","IAT2005191643","NHO2018000007","PAID","","193034"),
("IATT190000015","193034","191001","192005","25000","1","25000","0","25000","4","1","1","IAT2005191643","NHO2018000007","PAID","","193034"),
("IATT190000015","193034","191001","192005","25000","1","25000","0","25000","5","1","1","IAT2005191643","NHO2018000007","PAID","","193034"),
("IATT190000016","193035","191001","192006","26000","1","26000","0","26000","1","1","1","IAT2005191643","NHO2018000007","PAID","","193035"),
("IATT190000016","193003","191001","192001","21000","1","21000","0","21000","2","1","1","IAT2005191643","NHO2018000007","PAID","","193003"),
("IATT190000016","193003","191001","192001","21000","1","21000","0","21000","3","1","1","IAT2005191643","NHO2018000007","PAID","","193003"),
("IATT190000003","193012","191001","192001","21000","1","21000","0","21000","4","1","3","IAT2005191643","NHO2018000007","PAID","","193012"),
("IATT190000003","193012","191001","192001","21000","1","21000","0","21000","5","1","3","IAT2005191643","NHO2018000007","PAID","","193012"),
("IATT190000003","193012","191001","192001","21000","1","21000","0","21000","6","1","3","IAT2005191643","NHO2018000007","PAID","","193012"),
("IATT190000010","193012","191001","192001","21000","1","21000","0","21000","1","1","1","IAT2005191643","NHO2018000007","PAID","","193012"),
("IATT190000010","193008","191001","192001","21000","1","21000","0","21000","1","1","1","IAT2005191643","NHO2018000007","PAID","","193008"),
("IATT190000010","193004","191001","192001","21000","1","21000","0","21000","1","1","1","IAT2005191643","NHO2018000007","PAID","","193004"),
("IATT190000010","193009","191001","192001","21000","1","21000","0","21000","1","1","1","IAT2005191643","NHO2018000007","PAID","","193009"),
("IATT190000010","193005","191001","192001","21000","1","21000","0","21000","1","1","1","IAT2005191643","NHO2018000007","PAID","","193005"),
("IATT190000010","193001","191001","192001","21000","1","21000","0","21000","1","1","1","IAT2005191643","NHO2018000007","PAID","",""),
("IATT190000010","193010","191001","192001","21000","1","21000","0","21000","1","1","1","IAT2005191643","NHO2018000007","PAID","","193010"),
("IATT190000010","193006","191001","192001","21000","1","21000","0","21000","1","1","1","IAT2005191643","NHO2018000007","PAID","","193006"),
("IATT190000010","193002","191001","192001","21000","1","21000","0","21000","1","1","1","IAT2005191643","NHO2018000007","PAID","","193002"),
("IATT190000010","193011","191001","192001","21000","1","21000","0","21000","1","1","1","IAT2005191643","NHO2018000007","PAID","","193011"),
("IATT190000010","193007","191001","192001","21000","1","21000","0","21000","1","1","1","IAT2005191643","NHO2018000007","PAID","","193007"),
("IATT190000010","193003","191001","192001","21000","1","21000","0","21000","1","1","1","IAT2005191643","NHO2018000007","PAID","","193003"),
("IATT190000010","193015","191001","192002","22000","1","22000","0","22000","1","1","1","IAT2005191643","NHO2018000007","PAID","","193015"),
("IATT190000010","193021","191001","192002","22000","1","22000","0","22000","1","1","1","IAT2005191643","NHO2018000007","PAID","","193021"),
("IATT190000010","193018","191001","192002","22000","1","22000","0","22000","1","1","1","IAT2005191643","NHO2018000007","PAID","","193018"),
("IATT190000010","193020","191001","192002","22000","1","22000","0","22000","1","1","1","IAT2005191643","NHO2018000007","PAID","","193020"),
("IATT190000010","193017","191001","192002","22000","1","22000","0","22000","1","1","1","IAT2005191643","NHO2018000007","PAID","","193017"),
("IATT190000010","193014","191001","192002","22000","1","22000","0","22000","1","1","1","IAT2005191643","NHO2018000007","PAID","","193014"),
("IATT190000010","193019","191001","192002","22000","1","22000","0","22000","1","1","1","IAT2005191643","NHO2018000007","PAID","","193019"),
("IATT190000010","193016","191001","192002","22000","1","22000","0","22000","1","1","1","IAT2005191643","NHO2018000007","PAID","","193016"),
("IATT190000010","193013","191001","192002","22000","1","22000","0","22000","1","1","1","IAT2005191643","NHO2018000007","PAID","","193013"),
("IATT190000010","193022","191001","192003","23000","1","23000","0","23000","1","1","1","IAT2005191643","NHO2018000007","PAID","","193022"),
("IATT190000010","193024","191001","192003","23000","1","23000","0","23000","1","1","1","IAT2005191643","NHO2018000007","PAID","","193024"),
("IATT190000010","193027","191001","192003","23000","1","23000","0","23000","1","1","1","IAT2005191643","NHO2018000007","PAID","","193027"),
("IATT190000010","193028","191001","192003","23000","1","23000","0","23000","1","1","1","IAT2005191643","NHO2018000007","PAID","","193028"),
("IATT190000010","193023","191001","192003","23000","1","23000","0","23000","1","1","1","IAT2005191643","NHO2018000007","PAID","","193023"),
("IATT190000010","193025","191001","192003","23000","1","23000","0","23000","1","1","1","IAT2005191643","NHO2018000007","PAID","","193025"),
("IATT190000010","193026","191001","192003","23000","1","23000","0","23000","1","1","1","IAT2005191643","NHO2018000007","PAID","","193026"),
("IATT190000010","193030","191001","192004","24000","1","24000","0","24000","1","1","1","IAT2005191643","NHO2018000007","PAID","","193030"),
("IATT190000010","193029","191001","192004","24000","1","24000","0","24000","1","1","1","IAT2005191643","NHO2018000007","PAID","","193029"),
("IATT190000010","193032","191001","192004","24000","1","24000","0","24000","1","1","1","IAT2005191643","NHO2018000007","PAID","","193032"),
("IATT190000010","193031","191001","192004","24000","1","24000","0","24000","1","1","1","IAT2005191643","NHO2018000007","PAID","","193031"),
("IATT190000010","193034","191001","192005","25000","1","25000","0","25000","1","1","1","IAT2005191643","NHO2018000007","PAID","","193034"),
("IATT190000010","193033","191001","192005","25000","1","25000","0","25000","1","1","1","IAT2005191643","NHO2018000007","PAID","","193033"),
("IATT190000010","193039","191001","192006","26000","1","26000","0","26000","1","1","1","IAT2005191643","NHO2018000007","PAID","","193039"),
("IATT190000010","193036","191001","192006","26000","1","26000","0","26000","1","1","1","IAT2005191643","NHO2018000007","PAID","","193036"),
("IATT190000010","193038","191001","192006","26000","1","26000","0","26000","1","1","1","IAT2005191643","NHO2018000007","PAID","","193038"),
("IATT190000010","193037","191001","192006","26000","1","26000","0","26000","1","1","1","IAT2005191643","NHO2018000007","PAID","","193037"),
("IATT190000010","193035","191001","192006","26000","1","26000","0","26000","1","1","1","IAT2005191643","NHO2018000007","PAID","","193035"),
("IATT190000010","193040","191001","192007","27000","1","27000","0","27000","1","1","1","IAT2005191643","NHO2018000007","PAID","","193040"),
("IATT190000010","193041","191001","192007","27000","1","27000","0","27000","1","1","1","IAT2005191643","NHO2018000007","PAID","","193041"),
("IATT190000010","193045","191001","192008","28000","1","28000","0","28000","1","1","1","IAT2005191643","NHO2018000007","PAID","","193045"),
("IATT190000010","193046","191001","192008","28000","1","28000","0","28000","1","1","1","IAT2005191643","NHO2018000007","PAID","","193046"),
("IATT190000010","193047","191001","192008","28000","1","28000","0","28000","1","1","1","IAT2005191643","NHO2018000007","PAID","","193047"),
("IATT190000010","193042","191001","192008","28000","1","28000","0","28000","1","1","1","IAT2005191643","NHO2018000007","PAID","","193042"),
("IATT190000010","193043","191001","192008","28000","1","28000","0","28000","1","1","1","IAT2005191643","NHO2018000007","PAID","","193043"),
("IATT190000010","193044","191001","192008","28000","1","28000","0","28000","1","1","1","IAT2005191643","NHO2018000007","PAID","","193044"),
("IATT190000010","193050","191001","192009","29000","1","29000","0","29000","1","1","1","IAT2005191643","NHO2018000007","PAID","","193050"),
("IATT190000017","193035","191001","192006","32000","1","32000","0","32000","1","1","1","IAT2005191643","NHO2018000007","PAID","",""),
("IATT190000017","193038","191001","192006","36000","1","36000","0","36000","1","1","1","IAT2005191643","NHO2018000007","PAID","",""),
("IATT190000018","193052","191002","192010","20000","1","20000","0","20000","1","1","1","IAT2005191643","NHO2018000007","PAID","","193052"),
("IATT190000018","193053","191002","192010","20000","1","20000","0","20000","1","1","1","IAT2005191643","NHO2018000007","PAID","","193053"),
("IATT190000018","193053","191002","192010","20000","1","20000","0","20000","2","1","1","IAT2005191643","NHO2018000007","PAID","","193053"),
("IATT190000018","193048","191002","192010","8000","1","8000","0","8000","1","1","1","IAT2005191643","NHO2018000007","PAID","","193048"),
("IATT190000018","193054","191002","192010","20000","1","20000","0","20000","1","1","1","IAT2005191643","NHO2018000007","PAID","","193054"),
("IATT190000018","193028","191001","192003","43000","1","43000","0","43000","1","1","1","IAT2005191643","NHO2018000007","PAID","","193028"),
("IATT190000018","193033","191001","192005","42000","1","42000","0","42000","1","1","1","IAT2005191643","NHO2018000007","PAID","","193033"),
("IATT190000018","193015","191001","192002","33000","1","33000","0","33000","1","1","1","IAT2005191643","NHO2018000007","PAID","","PEDAS"),
("IATT190000018","193039","191001","192006","36000","1","36000","0","36000","1","1","1","IAT2005191643","NHO2018000007","PAID","","ORIGINAL"),
("IATT190000017","193010","191001","192001","40000","1","40000","0","40000","1","1","1","IAT2005191643","NHO2018000007","PAID","","193010"),
("IATT190000017","193038","191001","192006","36000","1","36000","0","36000","2","1","1","IAT2005191643","NHO2018000007","PAID","",""),
("IATT190000017","193021","191001","192002","40000","1","40000","0","40000","1","1","1","IAT2005191643","NHO2018000007","PAID","",""),
("IATT190000017","193053","191002","192010","20000","1","20000","0","20000","1","1","1","IAT2005191643","NHO2018000007","PAID","","193053"),
("IATT190000017","193055","191002","192010","17000","1","17000","0","17000","1","1","1","IAT2005191643","NHO2018000007","PAID","","193055"),
("IATT190000017","193050","191002","192010","20000","1","20000","0","20000","1","1","1","IAT2005191643","NHO2018000007","PAID","","193050"),
("IATT190000017","193051","191002","192010","20000","1","20000","0","20000","1","1","1","IAT2005191643","NHO2018000007","PAID","","193051"),
("IATT190000019","193029","191001","192004","27000","1","27000","0","27000","1","1","1","IAT2005191643","NHO2018000007","PAID","","193029"),
("IATT190000019","193029","191001","192004","27000","1","27000","0","27000","2","1","1","IAT2005191643","NHO2018000007","PAID","","193029"),
("IATT190000019","193034","191001","192005","37000","1","37000","0","37000","1","1","1","IAT2005191643","NHO2018000007","PAID","","193034"),
("IATT190000019","193034","191001","192005","37000","1","37000","0","37000","2","1","1","IAT2005191643","NHO2018000007","PAID","","193034"),
("IATT190000017","193049","191002","192010","10000","1","10000","0","10000","1","1","1","IAT2005191643","NHO2018000007","PAID","","193049"),
("IATT190000019","193036","191001","192006","36000","1","36000","0","36000","1","1","1","IAT2005191643","NHO2018000007","PAID","",""),
("IATT190000019","193036","191001","192006","36000","1","36000","0","36000","2","1","1","IAT2005191643","NHO2018000007","PAID","",""),
("IATT190000019","193036","191001","192006","36000","1","36000","0","36000","3","1","1","IAT2005191643","NHO2018000007","PAID","",""),
("IATT190000017","193037","191001","192006","36000","1","36000","0","36000","1","1","1","IAT2005191643","NHO2018000007","PAID","","ORIGINAL"),
("IATT190000017","193018","191001","192002","37000","1","37000","0","37000","1","1","1","IAT2005191643","NHO2018000007","PAID","",""),
("IATT190000017","193049","191002","192010","10000","1","10000","0","10000","2","1","1","IAT2005191643","NHO2018000007","PAID","","193049"),
("IATT190000007","193012","191001","192001","40000","1","40000","0","40000","1","1","1","IAT2005191643","NHO2018000007","PAID","","193012"),
("IATT190000007","193012","191001","192001","40000","1","40000","0","40000","2","1","1","IAT2005191643","NHO2018000007","PAID","","193012"),
("IATT190000009","193001","191001","192001","30000","1","30000","0","30000","1","1","1","IAT2005191643","NHO2018000007","PAID","","193001");



INSERT INTO pos_salestemp VALUES("IATT190000001","","2","252000","0","25200","0","277200","300000","20/05/2019","16:44","21/05/2019","14:02:11","ISU000004","tbl0001","CLOSED","1","","IATR190000002","","","","","IAT2005191643","NHO2018000007"),
("IATT190000002","","1","143000","0","14300","0","157300","200000","20/05/2019","17:01","20/05/2019","19:19:42","ISU000001","takeaway","CLOSED","1","","IATR190000001","","","","","IAT2005191643","NHO2018000007"),
("IATT190000003","","2","145000","0","14500","0","159500","200000","21/05/2019","09:38","21/05/2019","15:12:59","ISU000004","tbl0012","CLOSED","1","","IATR190000007","","","","","IAT2005191643","NHO2018000007"),
("IATT190000004","","0","275000","0","0","0","0","0","21/05/2019","10:44","21/05/2019","15:11:20","ISU000004","tbl0002","CANCELED","1","PERMINTAAN CUSTOMER","","","","","","IAT2005191643","NHO2018000007"),
("IATT190000005","","2","0","0","0","0","0","0","21/05/2019","10:44","21/05/2019","15:11:28","ISU000004","","CANCELED","1","PERMINTAAN CUSTOMER","","","","","","IAT2005191643","NHO2018000007"),
("IATT190000006","","5","180000","0","18000","0","198000","200000","21/05/2019","12:22","21/05/2019","14:03:01","ISU000004","","CLOSED","1","","IATR190000003","","","","","IAT2005191643","NHO2018000007"),
("IATT190000007","","2","80000","0","8000","0","88000","200000","21/05/2019","14:03","21/05/2019","19:36:58","ISU000004","tbl0003","CLOSED","1","","IATR190000012","","","","","IAT2005191643","NHO2018000007"),
("IATT190000008","","2","111000","0","0","0","0","0","21/05/2019","14:03","21/05/2019","14:13:16","ISU000004","tbl0004","CANCELED","1","PERMINTAAN CUSTOMER","","","","","","IAT2005191643","NHO2018000007"),
("IATT190000009","","2","30000","0","3000","0","33000","50000","21/05/2019","14:09","21/05/2019","19:37:28","ISU000004","tbl0008","CLOSED","1","","IATR190000013","","","","","IAT2005191643","NHO2018000007"),
("IATT190000010","","2","1138000","0","113800","0","1251800","1300000","21/05/2019","14:10","21/05/2019","19:27:03","ISU000004","tbl0007","CLOSED","1","","IATR190000008","","","","","IAT2005191643","NHO2018000007"),
("IATT190000011","","5","0","0","0","0","0","0","21/05/2019","14:11","21/05/2019","20:30:36","ISU000001","tbl0001","CANCELED","1","PERMINTAAN CUSTOMER","","","","","","IAT2005191643","NHO2018000007"),
("IATT190000012","","4","0","0","0","0","0","0","21/05/2019","14:11","21/05/2019","20:30:43","ISU000001","","CANCELED","1","PERMINTAAN CUSTOMER","","","","","","IAT2005191643","NHO2018000007"),
("IATT190000013","","4","0","0","0","0","0","0","21/05/2019","14:12","21/05/2019","20:30:48","ISU000001","","CANCELED","1","PERMINTAAN CUSTOMER","","","","","","IAT2005191643","NHO2018000007"),
("IATT190000014","","4","70000","0","7000","0","77000","100000","21/05/2019","14:13","21/05/2019","14:15:04","ISU000004","tbl0006","CLOSED","1","","IATR190000004","","","","","IAT2005191643","NHO2018000007"),
("IATT190000015","","5","125000","0","12500","0","137500","200000","21/05/2019","14:20","21/05/2019","14:20:44","ISU000004","tbl0017","CLOSED","1","","IATR190000005","","","","","IAT2005191643","NHO2018000007"),
("IATT190000016","","3","68000","0","6800","0","74800","200000","21/05/2019","15:08","21/05/2019","15:09:45","ISU000004","tbl0004","CLOSED","1","","IATR190000006","","","","","IAT2005191643","NHO2018000007"),
("IATT190000017","","3","354000","0","35400","0","389400","400000","21/05/2019","19:16","21/05/2019","19:35:34","ISU000004","tbl0001","CLOSED","1","","IATR190000009","","","","","IAT2005191643","NHO2018000007"),
("IATT190000018","","4","242000","0","24200","0","266200","300000","21/05/2019","19:16","21/05/2019","19:35:57","ISU000004","tbl0011","CLOSED","1","","IATR190000010","","","","","IAT2005191643","NHO2018000007"),
("IATT190000019","","2","236000","0","23600","0","259600","300000","21/05/2019","19:24","21/05/2019","19:36:16","ISU000004","tbl0002","CLOSED","1","","IATR190000011","","","","","IAT2005191643","NHO2018000007");



INSERT INTO item_void VALUES("IATT190000001","IAT2005191643","NHO2018000007","193012","193012","1","21000","Before Send","Komplen Customer"),
("IATT190000001","IAT2005191643","NHO2018000007","193058","193058","1","20000","Before Send","Komplen Customer"),
("IATT190000001","IAT2005191643","NHO2018000007","193058","193058","1","20000","Before Send","Komplen Customer"),
("IATT190000001","IAT2005191643","NHO2018000007","193058","193058","1","20000","Before Send","Komplen Customer"),
("IATT190000001","IAT2005191643","NHO2018000007","193001","PEDAS_LV_1","1","21000","Before Send","Komplen Customer"),
("IATT190000001","IAT2005191643","NHO2018000007","193001","PEDAS_LV_1","1","21000","Before Send","Komplen Customer");









INSERT INTO pos_paymenttemp VALUES("IATT190000002","CASH","CASH","157300","200000","ISU000001","2019-05-20","","1","","CLOSED","IAT2005191643","NHO2018000007"),
("IATT190000001","CASH","CASH","277200","300000","ISU000004","2019-05-21","","1","","CLOSED","IAT2005191643","NHO2018000007"),
("IATT190000006","CASH","CASH","198000","200000","ISU000004","2019-05-21","","1","","CLOSED","IAT2005191643","NHO2018000007"),
("IATT190000014","CASH","CASH","77000","100000","ISU000004","2019-05-21","","1","","CLOSED","IAT2005191643","NHO2018000007"),
("IATT190000015","CASH","CASH","137500","200000","ISU000004","2019-05-21","","1","","CLOSED","IAT2005191643","NHO2018000007"),
("IATT190000016","CASH","CASH","74800","200000","ISU000004","2019-05-21","","1","","CLOSED","IAT2005191643","NHO2018000007"),
("IATT190000003","CASH","CASH","159500","200000","ISU000004","2019-05-21","","1","","CLOSED","IAT2005191643","NHO2018000007"),
("IATT190000010","CASH","CASH","1251800","1300000","ISU000004","2019-05-21","","1","","CLOSED","IAT2005191643","NHO2018000007"),
("IATT190000017","CASH","CASH","389400","400000","ISU000004","2019-05-21","","1","","CLOSED","IAT2005191643","NHO2018000007"),
("IATT190000018","CASH","CASH","266200","300000","ISU000004","2019-05-21","","1","","CLOSED","IAT2005191643","NHO2018000007"),
("IATT190000019","CASH","CASH","259600","300000","ISU000004","2019-05-21","","1","","CLOSED","IAT2005191643","NHO2018000007"),
("IATT190000007","CASH","CASH","88000","100000","ISU000004","2019-05-21","","1","","CLOSED","IAT2005191643","NHO2018000007"),
("IATT190000007","CASH","CASH","-12000","100000","ISU000004","2019-05-21","","1","","CLOSED","IAT2005191643","NHO2018000007"),
("IATT190000009","CASH","CASH","33000","50000","ISU000004","2019-05-21","","1","","CLOSED","IAT2005191643","NHO2018000007");



