INSERT INTO pos_itemtemp VALUES("IATT190004567","193020","191001","192002","40000","1","40000","4000","36000","1","1","1","IAT2912190945","NHO2018000007","PAID","","193020"),
("IATT190004568","193005","191001","192001","37000","1","37000","0","37000","1","1","1","IAT2912190945","NHO2018000007","PAID","","193005"),
("IATT190004568","193082","191001","192001","30000","1","30000","0","30000","1","1","1","IAT2912190945","NHO2018000007","PAID","","193082"),
("IATT190004568","193112","191001","192003","50000","1","50000","0","50000","1","1","1","IAT2912190945","NHO2018000007","PAID","","193112"),
("IATT190004568","193054","191002","192010","20000","1","20000","0","20000","1","1","1","IAT2912190945","NHO2018000007","PAID","","193054"),
("IATT190004568","193054","191002","192010","20000","1","20000","0","20000","2","1","1","IAT2912190945","NHO2018000007","PAID","","193054"),
("IATT190004569","193009","191001","192001","40000","1","40000","0","40000","1","1","1","IAT2912190945","NHO2018000007","PAID","","193009"),
("IATT190004569","193011","191001","192001","40000","1","40000","0","40000","1","1","1","IAT2912190945","NHO2018000007","PAID","","PEDAS"),
("IATT190004569","193084","191001","192001","30000","1","30000","0","30000","1","1","1","IAT2912190945","NHO2018000007","PAID","","PEDAS"),
("IATT190004569","193020","191001","192002","40000","1","40000","0","40000","1","1","1","IAT2912190945","NHO2018000007","PAID","","193020"),
("IATT190004569","193028","191001","192003","43000","1","43000","0","43000","1","1","1","IAT2912190945","NHO2018000007","PAID","","193028"),
("IATT190004569","193049","191002","192010","10000","1","10000","0","10000","1","1","1","IAT2912190945","NHO2018000007","PAID","","193049"),
("IATT190004569","193049","191002","192010","10000","1","10000","0","10000","2","1","1","IAT2912190945","NHO2018000007","PAID","","193049"),
("IATT190004569","193049","191002","192010","10000","1","10000","0","10000","3","1","1","IAT2912190945","NHO2018000007","PAID","","193049"),
("IATT190004569","193049","191002","192010","10000","1","10000","0","10000","4","1","1","IAT2912190945","NHO2018000007","PAID","","193049"),
("IATT190004569","193049","191002","192010","10000","1","10000","0","10000","5","1","1","IAT2912190945","NHO2018000007","PAID","","193049"),
("IATT190004569","193052","191002","192010","20000","1","20000","0","20000","1","1","1","IAT2912190945","NHO2018000007","PAID","","193052"),
("IATT190004570","193033","191001","192005","42000","1","42000","0","42000","1","1","1","IAT2912190945","NHO2018000007","PAID","","193033"),
("IATT190004570","193118","191001","192012","20000","1","20000","0","20000","1","1","1","IAT2912190945","NHO2018000007","PAID","","193118"),
("IATT190004570","193048","191002","192010","8000","1","8000","0","8000","1","1","1","IAT2912190945","NHO2018000007","PAID","","193048"),
("IATT190004571","193011","191001","192001","40000","1","40000","8000","32000","1","1","1","IAT2912190945","NHO2018000007","PAID","","PEDAS"),
("IATT190004571","193035","191001","192006","32000","1","32000","6400","25600","1","1","1","IAT2912190945","NHO2018000007","PAID","jangan terlalu pedas / pedas sedeng","PEDAS"),
("IATT190004571","193047","191002","192010","10000","1","10000","0","10000","1","1","1","IAT2912190945","NHO2018000007","PAID","","193047"),
("IATT190004571","193047","191002","192010","10000","1","10000","0","10000","2","1","1","IAT2912190945","NHO2018000007","PAID","","193047"),
("IATT190004572","193011","191001","192001","40000","1","40000","8000","32000","1","1","1","IAT2912190945","NHO2018000007","PAID","","PEDAS"),
("IATT190004572","193080","191001","192002","33000","1","33000","6600","26400","1","1","1","IAT2912190945","NHO2018000007","PAID","","PEDAS"),
("IATT190004572","193053","191002","192010","20000","1","20000","0","20000","1","1","1","IAT2912190945","NHO2018000007","PAID","","193053"),
("IATT190004572","193056","191002","192010","17000","1","17000","0","17000","1","1","1","IAT2912190945","NHO2018000007","PAID","","193056"),
("IATT190004573","193113","191001","192003","55000","1","55000","0","55000","1","1","1","IAT2912190945","NHO2018000007","PAID","","193113"),
("IATT190004573","193028","191001","192003","43000","1","43000","0","43000","1","1","1","IAT2912190945","NHO2018000007","PAID","","193028"),
("IATT190004573","193070","191001","192012","13000","1","13000","0","13000","1","1","1","IAT2912190945","NHO2018000007","PAID","","193070"),
("IATT190004573","193048","191002","192010","8000","1","8000","0","8000","1","1","1","IAT2912190945","NHO2018000007","PAID","","193048"),
("IATT190004573","193049","191002","192010","10000","1","10000","0","10000","1","1","1","IAT2912190945","NHO2018000007","PAID","","193049"),
("IATT190004574","193113","191001","192003","55000","1","55000","11000","44000","1","1","1","IAT2912190945","NHO2018000007","PAID","","193113"),
("IATT190004574","193008","191001","192001","37000","1","37000","7400","29600","1","1","1","IAT2912190945","NHO2018000007","PAID","","193008"),
("IATT190004574","193007","191001","192001","37000","1","37000","7400","29600","1","1","1","IAT2912190945","NHO2018000007","PAID","","PEDAS"),
("IATT190004574","193041","191001","192008","20000","1","20000","0","20000","1","1","1","IAT2912190945","NHO2018000007","PAID","","193041"),
("IATT190004574","193055","191002","192010","17000","1","17000","0","17000","1","1","1","IAT2912190945","NHO2018000007","PAID","","193055"),
("IATT190004574","193055","191002","192010","17000","1","17000","0","17000","2","1","1","IAT2912190945","NHO2018000007","PAID","","193055"),
("IATT190004574","193048","191002","192010","8000","1","8000","0","8000","1","1","1","IAT2912190945","NHO2018000007","PAID","","193048"),
("IATT190004575","193027","191001","192003","43000","1","43000","0","43000","1","1","1","IAT2912190945","NHO2018000007","PAID","","193027"),
("IATT190004575","193017","191001","192002","37000","1","37000","11100","25900","1","1","1","IAT2912190945","NHO2018000007","PAID","","193017"),
("IATT190004575","193113","191001","192003","55000","1","55000","16500","38500","1","1","1","IAT2912190945","NHO2018000007","PAID","","193113"),
("IATT190004575","193077","191001","192001","30000","1","30000","9000","21000","1","1","1","IAT2912190945","NHO2018000007","PAID","","193077"),
("IATT190004575","193055","191002","192010","17000","1","17000","0","17000","1","1","1","IAT2912190945","NHO2018000007","PAID","","193055"),
("IATT190004575","193055","191002","192010","17000","1","17000","0","17000","2","1","1","IAT2912190945","NHO2018000007","PAID","","193055"),
("IATT190004575","193052","191002","192010","20000","1","20000","0","20000","1","1","1","IAT2912190945","NHO2018000007","PAID","","193052"),
("IATT190004575","193050","191002","192010","20000","1","20000","0","20000","1","1","1","IAT2912190945","NHO2018000007","PAID","","193050"),
("IATT190004575","193021","191001","192002","40000","1","40000","12000","28000","1","1","1","IAT2912190945","NHO2018000007","PAID","","ORIGINAL"),
("IATT190004576","193056","191002","192010","17000","1","17000","0","17000","1","1","1","IAT2912190945","NHO2018000007","PAID","","193056"),
("IATT190004576","193055","191002","192010","17000","1","17000","0","17000","1","1","1","IAT2912190945","NHO2018000007","PAID","","193055"),
("IATT190004576","193022","191001","192003","30000","1","30000","0","30000","1","1","1","IAT2912190945","NHO2018000007","PAID","","193022"),
("IATT190004576","193084","191001","192001","30000","1","30000","3000","27000","1","1","1","IAT2912190945","NHO2018000007","PAID","lvl3","PEDAS"),
("IATT190004577","193047","191002","192010","10000","1","10000","0","10000","1","1","1","IAT2912190945","NHO2018000007","PAID","","193047"),
("IATT190004577","193047","191002","192010","10000","1","10000","0","10000","2","1","1","IAT2912190945","NHO2018000007","PAID","","193047"),
("IATT190004577","193047","191002","192010","10000","1","10000","0","10000","3","1","1","IAT2912190945","NHO2018000007","PAID","","193047"),
("IATT190004577","193046","191002","192010","10000","1","10000","0","10000","1","1","1","IAT2912190945","NHO2018000007","PAID","","193046"),
("IATT190004577","193082","191001","192001","30000","1","30000","9000","21000","1","1","1","IAT2912190945","NHO2018000007","PAID","","193082"),
("IATT190004577","193084","191001","192001","30000","1","30000","9000","21000","1","1","1","IAT2912190945","NHO2018000007","PAID","","PEDAS"),
("IATT190004577","193011","191001","192001","40000","1","40000","12000","28000","1","1","1","IAT2912190945","NHO2018000007","PAID","","PEDAS"),
("IATT190004577","193025","191001","192003","30000","1","30000","0","30000","1","1","1","IAT2912190945","NHO2018000007","PAID","","193025"),
("IATT190004574","193052","191002","192010","20000","1","20000","0","20000","1","1","2","IAT2912190945","NHO2018000007","PAID","","193052"),
("IATT190004574","193024","191001","192003","30000","1","30000","0","30000","1","1","2","IAT2912190945","NHO2018000007","PAID","","193024"),
("IATT190004577","193046","191002","192010","10000","1","10000","0","10000","2","1","2","IAT2912190945","NHO2018000007","PAID","","193046"),
("IATT190004578","193023","191001","192003","30000","1","30000","0","30000","1","1","1","IAT2912190945","NHO2018000007","PAID","","193023"),
("IATT190004578","193007","191001","192001","37000","1","37000","7400","29600","1","1","1","IAT2912190945","NHO2018000007","PAID","","PEDAS"),
("IATT190004578","193011","191001","192001","40000","1","40000","8000","32000","1","1","1","IAT2912190945","NHO2018000007","PAID","","PEDAS"),
("IATT190004579","193051","191002","192010","20000","1","20000","0","20000","1","1","1","IAT2912190945","NHO2018000007","PAID","","193051"),
("IATT190004579","193076","191001","192001","30000","1","30000","0","30000","1","1","1","IAT2912190945","NHO2018000007","PAID","","193076"),
("IATT190004580","193085","191001","192001","30000","1","30000","0","30000","1","1","1","IAT2912190945","NHO2018000007","PAID","","193085"),
("IATT190004580","193041","191001","192008","20000","1","20000","0","20000","1","1","1","IAT2912190945","NHO2018000007","PAID","","193041"),
("IATT190004581","193082","191001","192001","30000","1","30000","15000","15000","1","1","1","IAT2912190945","NHO2018000007","PAID","","193082"),
("IATT190004581","193071","191001","192012","18000","1","18000","9000","9000","1","1","1","IAT2912190945","NHO2018000007","PAID","","193071"),
("IATT190004581","193067","191001","192003","7000","1","7000","0","7000","1","1","1","IAT2912190945","NHO2018000007","PAID","","193067"),
("IATT190004581","193015","191001","192002","33000","1","33000","16500","16500","1","1","1","IAT2912190945","NHO2018000007","PAID","","ORIGINAL"),
("IATT190004581","193033","191001","192005","42000","1","42000","21000","21000","1","1","1","IAT2912190945","NHO2018000007","PAID","","193033"),
("IATT190004581","193035","191001","192006","32000","1","32000","16000","16000","1","1","1","IAT2912190945","NHO2018000007","PAID","","ORIGINAL"),
("IATT190004581","193054","191002","192010","20000","1","20000","0","20000","1","1","1","IAT2912190945","NHO2018000007","PAID","","193054"),
("IATT190004581","193054","191002","192010","20000","1","20000","0","20000","2","1","1","IAT2912190945","NHO2018000007","PAID","","193054"),
("IATT190004581","193047","191002","192010","10000","1","10000","0","10000","1","1","1","IAT2912190945","NHO2018000007","PAID","","193047"),
("IATT190004582","193056","191002","192010","17000","1","17000","0","17000","1","1","1","IAT2912190945","NHO2018000007","PAID","","193056"),
("IATT190004582","193055","191002","192010","17000","1","17000","0","17000","1","1","1","IAT2912190945","NHO2018000007","PAID","","193055"),
("IATT190004582","193051","191002","192010","20000","1","20000","0","20000","1","1","1","IAT2912190945","NHO2018000007","PAID","","193051"),
("IATT190004582","193082","191001","192001","30000","1","30000","9000","21000","1","1","1","IAT2912190945","NHO2018000007","PAID","","193082"),
("IATT190004582","193010","191001","192001","40000","1","40000","12000","28000","1","1","1","IAT2912190945","NHO2018000007","PAID","","193010"),
("IATT190004582","193015","191001","192002","33000","1","33000","9900","23100","1","1","1","IAT2912190945","NHO2018000007","PAID","","ORIGINAL");



INSERT INTO pos_salestemp VALUES("IATT190004567","","2","40000","4000","3600","0","39600","52000","29/12/2019","11:39","2019-12-29","12:00:15","ISU000006","tbl0011","CLOSED","1","","IATR190004439","","","","","IAT2912190945","NHO2018000007"),
("IATT190004568","","2","157000","0","15700","0","172700","172700","29/12/2019","12:43","2019-12-29","13:15:56","ISU000006","tbl0010","CLOSED","1","","IATR190004440","","","","","IAT2912190945","NHO2018000007"),
("IATT190004569","","4","263000","0","26300","0","289300","289300","29/12/2019","13:27","2019-12-29","14:05:38","ISU000006","tbl0014","CLOSED","1","","IATR190004441","","","","","IAT2912190945","NHO2018000007"),
("IATT190004570","","1","70000","0","7000","0","77000","100000","29/12/2019","13:52","2019-12-29","14:34:27","ISU000006","tbl0011","CLOSED","1","","IATR190004443","","","","","IAT2912190945","NHO2018000007"),
("IATT190004571","","2","92000","14400","7760","0","85360","100000","29/12/2019","14:06","2019-12-29","14:31:34","ISU000006","tbl0010","CLOSED","1","","IATR190004442","","","","","IAT2912190945","NHO2018000007"),
("IATT190004572","NHM2019004200 Reza Lestari","2","110000","14600","9540","0","104940","104940","29/12/2019","14:35","2019-12-29","15:03:12","ISU000006","tbl0012","CLOSED","1","","IATR190004444","","","","","IAT2912190945","NHO2018000007"),
("IATT190004573","","2","129000","0","12900","0","141900","141900","29/12/2019","15:11","2019-12-29","15:50:01","ISU000006","tbl0010","CLOSED","1","","IATR190004445","","","","","IAT2912190945","NHO2018000007"),
("IATT190004574","","4","241000","25800","21520","0","236720","236720","29/12/2019","15:40","2019-12-29","16:49:25","ISU000006","tbl0011","CLOSED","1","","IATR190004448","","","","","IAT2912190945","NHO2018000007"),
("IATT190004575","","4","279000","48600","23040","0","253440","300000","29/12/2019","15:50","2019-12-29","16:45:25","ISU000006","tbl0012","CLOSED","1","","IATR190004446","","","","","IAT2912190945","NHO2018000007"),
("IATT190004576","","2","94000","3000","9100","0","100100","100100","29/12/2019","16:03","2019-12-29","16:47:15","ISU000006","tbl0010","CLOSED","1","","IATR190004447","","","","","IAT2912190945","NHO2018000007"),
("IATT190004577","","3","180000","30000","15000","0","165000","165000","29/12/2019","16:04","2019-12-29","16:50:22","ISU000006","tbl0022","CLOSED","1","","IATR190004449","","","","","IAT2912190945","NHO2018000007"),
("IATT190004578","","3","107000","15400","9160","0","100760","102000","29/12/2019","16:56","2019-12-29","17:40:48","ISU000006","tbl0010","CLOSED","1","","IATR190004450","","","","","IAT2912190945","NHO2018000007"),
("IATT190004579","","1","50000","0","5000","0","55000","60000","29/12/2019","17:41","2019-12-29","18:04:05","ISU000004","tbl0005","CLOSED","1","","IATR190004451","","","","","IAT2912190945","NHO2018000007"),
("IATT190004580","","2","50000","0","5000","0","55000","55000","29/12/2019","17:42","2019-12-29","18:16:38","ISU000004","tbl0012","CLOSED","1","","IATR190004452","","","","","IAT2912190945","NHO2018000007"),
("IATT190004581","","3","212000","77500","13450","0","147950","150000","29/12/2019","19:28","2019-12-29","21:09:35","ISU000004","tbl0012","CLOSED","1","","IATR190004454","","","","","IAT2912190945","NHO2018000007"),
("IATT190004582","","3","157000","30900","12610","0","138710","150000","29/12/2019","20:15","2019-12-29","20:51:56","ISU000004","tbl0011","CLOSED","1","","IATR190004453","","","","","IAT2912190945","NHO2018000007");






INSERT INTO pos_promotion_h VALUES("IATT190004567","NPRM18000023","DISC ITEM","1","4000","KANAN KIRI DISKON 10%","IAT2912190945","PAID","NHO2018000007"),
("IATT190004571","NPRM18000024","DISC ITEM","1","14400","KANAN KIRI DISKON 20%","IAT2912190945","PAID","NHO2018000007"),
("IATT190004572","NPRM18000024","DISC ITEM","1","14600","KANAN KIRI DISKON 20%","IAT2912190945","PAID","NHO2018000007"),
("IATT190004577","NPRM18000025","DISC ITEM","1","30000","KANAN KIRI DISKON 30%","IAT2912190945","PAID","NHO2018000007"),
("IATT190004575","NPRM18000025","DISC ITEM","1","48600","KANAN KIRI DISKON 30%","IAT2912190945","PAID","NHO2018000007"),
("IATT190004576","NPRM18000023","DISC ITEM","1","3000","KANAN KIRI DISKON 10%","IAT2912190945","PAID","NHO2018000007"),
("IATT190004574","NPRM18000024","DISC ITEM","1","25800","KANAN KIRI DISKON 20%","IAT2912190945","PAID","NHO2018000007"),
("IATT190004578","NPRM18000024","DISC ITEM","1","15400","KANAN KIRI DISKON 20%","IAT2912190945","PAID","NHO2018000007"),
("IATT190004581","NPRM18000027","DISC ITEM","1","77500","KANAN KIRI DISKON 50%","IAT2912190945","PAID","NHO2018000007"),
("IATT190004582","NPRM18000025","DISC ITEM","1","30900","KANAN KIRI DISKON 30%","IAT2912190945","PAID","NHO2018000007");



INSERT INTO pos_promotion_d VALUES("IATT190004567","NPRM18000023","DISC ITEM","1","1","193020","1","4000","IAT2912190945","PAID","NHO2018000007"),
("IATT190004571","NPRM18000024","DISC ITEM","1","1","193011","1","8000","IAT2912190945","PAID","NHO2018000007"),
("IATT190004571","NPRM18000024","DISC ITEM","1","1","193035","1","6400","IAT2912190945","PAID","NHO2018000007"),
("IATT190004572","NPRM18000024","DISC ITEM","1","1","193011","1","8000","IAT2912190945","PAID","NHO2018000007"),
("IATT190004572","NPRM18000024","DISC ITEM","1","1","193080","1","6600","IAT2912190945","PAID","NHO2018000007"),
("IATT190004577","NPRM18000025","DISC ITEM","1","1","193082","1","9000","IAT2912190945","PAID","NHO2018000007"),
("IATT190004577","NPRM18000025","DISC ITEM","1","1","193084","1","9000","IAT2912190945","PAID","NHO2018000007"),
("IATT190004577","NPRM18000025","DISC ITEM","1","1","193011","1","12000","IAT2912190945","PAID","NHO2018000007"),
("IATT190004575","NPRM18000025","DISC ITEM","1","1","193017","1","11100","IAT2912190945","PAID","NHO2018000007"),
("IATT190004575","NPRM18000025","DISC ITEM","1","1","193113","1","16500","IAT2912190945","PAID","NHO2018000007"),
("IATT190004575","NPRM18000025","DISC ITEM","1","1","193077","1","9000","IAT2912190945","PAID","NHO2018000007"),
("IATT190004575","NPRM18000025","DISC ITEM","1","1","193021","1","12000","IAT2912190945","PAID","NHO2018000007"),
("IATT190004576","NPRM18000023","DISC ITEM","1","1","193084","1","3000","IAT2912190945","PAID","NHO2018000007"),
("IATT190004574","NPRM18000024","DISC ITEM","1","1","193113","1","11000","IAT2912190945","PAID","NHO2018000007"),
("IATT190004574","NPRM18000024","DISC ITEM","1","1","193008","1","7400","IAT2912190945","PAID","NHO2018000007"),
("IATT190004574","NPRM18000024","DISC ITEM","1","1","193007","1","7400","IAT2912190945","PAID","NHO2018000007"),
("IATT190004578","NPRM18000024","DISC ITEM","1","1","193007","1","7400","IAT2912190945","PAID","NHO2018000007"),
("IATT190004578","NPRM18000024","DISC ITEM","1","1","193011","1","8000","IAT2912190945","PAID","NHO2018000007"),
("IATT190004581","NPRM18000027","DISC ITEM","1","1","193082","1","15000","IAT2912190945","PAID","NHO2018000007"),
("IATT190004581","NPRM18000027","DISC ITEM","1","1","193071","1","9000","IAT2912190945","PAID","NHO2018000007"),
("IATT190004581","NPRM18000027","DISC ITEM","1","1","193015","1","16500","IAT2912190945","PAID","NHO2018000007"),
("IATT190004581","NPRM18000027","DISC ITEM","1","1","193033","1","21000","IAT2912190945","PAID","NHO2018000007"),
("IATT190004581","NPRM18000027","DISC ITEM","1","1","193035","1","16000","IAT2912190945","PAID","NHO2018000007"),
("IATT190004582","NPRM18000025","DISC ITEM","1","1","193082","1","9000","IAT2912190945","PAID","NHO2018000007"),
("IATT190004582","NPRM18000025","DISC ITEM","1","1","193010","1","12000","IAT2912190945","PAID","NHO2018000007"),
("IATT190004582","NPRM18000025","DISC ITEM","1","1","193015","1","9900","IAT2912190945","PAID","NHO2018000007");



INSERT INTO pos_paymenttemp VALUES("IATT190004567","CASH","CASH","39600","52000","ISU000006","2019-12-29","","1","","CLOSED","IAT2912190945","NHO2018000007"),
("IATT190004568","CARD","DEBIT BCA","172700","172700","ISU000006","2019-12-29","","1","","CLOSED","IAT2912190945","NHO2018000007"),
("IATT190004569","CASH","OVO","289300","289300","ISU000006","2019-12-29","","1","","CLOSED","IAT2912190945","NHO2018000007"),
("IATT190004571","CASH","CASH","85360","100000","ISU000006","2019-12-29","","1","","CLOSED","IAT2912190945","NHO2018000007"),
("IATT190004570","CASH","CASH","77000","100000","ISU000006","2019-12-29","","1","","CLOSED","IAT2912190945","NHO2018000007"),
("IATT190004572","CARD","VISA","104940","104940","ISU000006","2019-12-29","","1","","CLOSED","IAT2912190945","NHO2018000007"),
("IATT190004573","CARD","MASTER","141900","141900","ISU000006","2019-12-29","","1","","CLOSED","IAT2912190945","NHO2018000007"),
("IATT190004575","CASH","CASH","0","300000","ISU000006","2019-12-29","","1","","CLOSED","IAT2912190945","NHO2018000007"),
("IATT190004576","CARD","DEBIT BCA","100100","100100","ISU000006","2019-12-29","","1","","CLOSED","IAT2912190945","NHO2018000007"),
("IATT190004574","CARD","MASTER","236720","236720","ISU000006","2019-12-29","","1","","CLOSED","IAT2912190945","NHO2018000007"),
("IATT190004577","CASH","CASH","165000","165000","ISU000006","2019-12-29","","1","","CLOSED","IAT2912190945","NHO2018000007"),
("IATT190004578","CASH","CASH","100760","102000","ISU000006","2019-12-29","","1","","CLOSED","IAT2912190945","NHO2018000007"),
("IATT190004579","CASH","CASH","55000","60000","ISU000004","2019-12-29","","1","","CLOSED","IAT2912190945","NHO2018000007"),
("IATT190004580","CASH","OVO","55000","55000","ISU000004","2019-12-29","","1","","CLOSED","IAT2912190945","NHO2018000007"),
("IATT190004582","CASH","CASH","138710","150000","ISU000004","2019-12-29","","1","","CLOSED","IAT2912190945","NHO2018000007"),
("IATT190004581","CASH","CASH","147950","150000","ISU000004","2019-12-29","","1","","CLOSED","IAT2912190945","NHO2018000007");



