INSERT INTO pos_itemtemp VALUES("IATT190004542","193084","191001","192001","30000","1","30000","0","30000","1","1","1","IAT2712191045","NHO2018000007","PAID","","PEDAS"),
("IATT190004542","193084","191001","192001","30000","1","30000","0","30000","2","1","1","IAT2712191045","NHO2018000007","PAID","","PEDAS"),
("IATT190004542","193084","191001","192001","30000","1","30000","0","30000","3","1","1","IAT2712191045","NHO2018000007","PAID","","PEDAS"),
("IATT190004542","193011","191001","192001","40000","1","40000","0","40000","1","1","1","IAT2712191045","NHO2018000007","PAID","","PEDAS"),
("IATT190004542","193071","191001","192012","18000","1","18000","0","18000","1","1","1","IAT2712191045","NHO2018000007","PAID","","193071"),
("IATT190004542","193048","191002","192010","8000","1","8000","0","8000","1","1","1","IAT2712191045","NHO2018000007","PAID","","193048"),
("IATT190004542","193048","191002","192010","8000","1","8000","0","8000","2","1","1","IAT2712191045","NHO2018000007","PAID","","193048"),
("IATT190004542","193048","191002","192010","8000","1","8000","0","8000","3","1","1","IAT2712191045","NHO2018000007","PAID","","193048"),
("IATT190004542","193048","191002","192010","8000","1","8000","0","8000","4","1","1","IAT2712191045","NHO2018000007","PAID","","193048"),
("IATT190004543","193084","191001","192001","30000","1","30000","12000","18000","1","1","1","IAT2712191045","NHO2018000007","PAID","","PEDAS"),
("IATT190004543","193084","191001","192001","30000","1","30000","12000","18000","2","1","1","IAT2712191045","NHO2018000007","PAID","","PEDAS"),
("IATT190004543","193084","191001","192001","30000","1","30000","12000","18000","3","1","1","IAT2712191045","NHO2018000007","PAID","","PEDAS"),
("IATT190004543","193085","191001","192001","30000","1","30000","12000","18000","1","1","1","IAT2712191045","NHO2018000007","PAID","","193085"),
("IATT190004543","193067","191001","192003","7000","1","7000","0","7000","1","1","1","IAT2712191045","NHO2018000007","PAID","","193067"),
("IATT190004543","193055","191002","192010","17000","1","17000","0","17000","1","1","1","IAT2712191045","NHO2018000007","PAID","","193055"),
("IATT190004543","193055","191002","192010","17000","1","17000","0","17000","2","1","1","IAT2712191045","NHO2018000007","PAID","","193055"),
("IATT190004543","193055","191002","192010","17000","1","17000","0","17000","3","1","1","IAT2712191045","NHO2018000007","PAID","","193055"),
("IATT190004543","193047","191002","192010","10000","1","10000","0","10000","1","1","1","IAT2712191045","NHO2018000007","PAID","","193047"),
("IATT190004544","193113","191001","192003","55000","1","55000","0","55000","1","1","1","IAT2712191045","NHO2018000007","PAID","","193113"),
("IATT190004544","193007","191001","192001","37000","1","37000","0","37000","1","1","1","IAT2712191045","NHO2018000007","PAID","","PEDAS"),
("IATT190004544","193056","191002","192010","17000","1","17000","0","17000","1","1","1","IAT2712191045","NHO2018000007","PAID","","193056"),
("IATT190004544","193047","191002","192010","10000","1","10000","0","10000","1","1","1","IAT2712191045","NHO2018000007","PAID","","193047"),
("IATT190004545","193010","191001","192001","40000","1","40000","20000","20000","1","1","1","IAT2712191045","NHO2018000007","PAID","","193010"),
("IATT190004545","193011","191001","192001","40000","1","40000","20000","20000","1","1","1","IAT2712191045","NHO2018000007","PAID","","PEDAS"),
("IATT190004545","193011","191001","192001","40000","1","40000","20000","20000","2","1","1","IAT2712191045","NHO2018000007","PAID","","PEDAS"),
("IATT190004545","193011","191001","192001","40000","1","40000","20000","20000","3","1","1","IAT2712191045","NHO2018000007","PAID","","PEDAS"),
("IATT190004545","193011","191001","192001","40000","1","40000","20000","20000","4","1","1","IAT2712191045","NHO2018000007","PAID","","PEDAS"),
("IATT190004545","193019","191001","192002","40000","1","40000","20000","20000","1","1","1","IAT2712191045","NHO2018000007","PAID","","PEDAS"),
("IATT190004545","193019","191001","192002","40000","1","40000","20000","20000","2","1","1","IAT2712191045","NHO2018000007","PAID","","PEDAS"),
("IATT190004545","193022","191001","192003","30000","1","30000","0","30000","1","1","1","IAT2712191045","NHO2018000007","PAID","","193022"),
("IATT190004545","193024","191001","192003","30000","1","30000","0","30000","1","1","1","IAT2712191045","NHO2018000007","PAID","","193024"),
("IATT190004545","193055","191002","192010","17000","1","17000","0","17000","1","1","1","IAT2712191045","NHO2018000007","PAID","","193055"),
("IATT190004545","193055","191002","192010","17000","1","17000","0","17000","2","1","1","IAT2712191045","NHO2018000007","PAID","","193055"),
("IATT190004545","193055","191002","192010","17000","1","17000","0","17000","3","1","1","IAT2712191045","NHO2018000007","PAID","","193055"),
("IATT190004545","193047","191002","192010","10000","1","10000","0","10000","1","1","1","IAT2712191045","NHO2018000007","PAID","","193047"),
("IATT190004545","193047","191002","192010","10000","1","10000","0","10000","2","1","1","IAT2712191045","NHO2018000007","PAID","","193047"),
("IATT190004545","193047","191002","192010","10000","1","10000","0","10000","3","1","1","IAT2712191045","NHO2018000007","PAID","","193047"),
("IATT190004545","193047","191002","192010","10000","1","10000","0","10000","4","1","1","IAT2712191045","NHO2018000007","PAID","","193047"),
("IATT190004545","193047","191002","192010","10000","1","10000","0","10000","5","1","1","IAT2712191045","NHO2018000007","PAID","","193047"),
("IATT190004545","193047","191002","192010","10000","1","10000","0","10000","6","1","1","IAT2712191045","NHO2018000007","PAID","","193047"),
("IATT190004546","193096","191001","192008","50000","1","50000","0","50000","1","1","1","IAT2712191045","NHO2018000007","PAID","","193096"),
("IATT190004546","193022","191001","192003","30000","1","30000","0","30000","1","1","1","IAT2712191045","NHO2018000007","PAID","","193022"),
("IATT190004546","193048","191002","192010","8000","1","8000","0","8000","1","1","1","IAT2712191045","NHO2018000007","PAID","","193048"),
("IATT190004546","193055","191002","192010","17000","1","17000","0","17000","1","1","1","IAT2712191045","NHO2018000007","PAID","","193055"),
("IATT190004547","193038","191001","192006","36000","1","36000","0","36000","1","1","1","IAT2712191045","NHO2018000007","PAID","SEDANG","PEDAS"),
("IATT190004547","193028","191001","192003","43000","1","43000","0","43000","1","1","1","IAT2712191045","NHO2018000007","PAID","","193028"),
("IATT190004547","193049","191002","192010","10000","1","10000","0","10000","1","1","1","IAT2712191045","NHO2018000007","PAID","","193049"),
("IATT190004547","193055","191002","192010","17000","1","17000","0","17000","1","1","1","IAT2712191045","NHO2018000007","PAID","","193055"),
("IATT190004548","193040","191001","192008","20000","1","20000","0","20000","1","1","1","IAT2712191045","NHO2018000007","PAID","","193040"),
("IATT190004548","193041","191001","192008","20000","1","20000","0","20000","1","1","1","IAT2712191045","NHO2018000007","PAID","","193041"),
("IATT190004548","193024","191001","192003","30000","1","30000","0","30000","1","1","1","IAT2712191045","NHO2018000007","PAID","","193024"),
("IATT190004548","193048","191002","192010","8000","1","8000","0","8000","1","1","1","IAT2712191045","NHO2018000007","PAID","","193048"),
("IATT190004548","193048","191002","192010","8000","1","8000","0","8000","2","1","1","IAT2712191045","NHO2018000007","PAID","","193048"),
("IATT190004548","193056","191002","192010","17000","1","17000","0","17000","1","1","2","IAT2712191045","NHO2018000007","PAID","","193056"),
("IATT190004549","193082","191001","192001","30000","1","30000","0","30000","1","1","1","IAT2712191045","NHO2018000007","PAID","","193082"),
("IATT190004549","193054","191002","192010","20000","1","20000","0","20000","1","1","1","IAT2712191045","NHO2018000007","PAID","","193054"),
("IATT190004550","193024","191001","192003","30000","1","30000","0","30000","1","1","1","IAT2712191045","NHO2018000007","PAID","","193024"),
("IATT190004551","193011","191001","192001","40000","1","40000","12000","28000","1","1","1","IAT2712191045","NHO2018000007","PAID","","PEDAS"),
("IATT190004551","193033","191001","192005","42000","1","42000","12600","29400","1","1","1","IAT2712191045","NHO2018000007","PAID","","193033"),
("IATT190004551","193047","191002","192010","10000","1","10000","0","10000","1","1","1","IAT2712191045","NHO2018000007","PAID","","193047"),
("IATT190004551","193055","191002","192010","17000","1","17000","0","17000","1","1","1","IAT2712191045","NHO2018000007","PAID","","193055"),
("IATT190004551","193118","191001","192012","20000","1","20000","6000","14000","1","1","2","IAT2712191045","NHO2018000007","PAID","","193118"),
("IATT190004552","193007","191001","192001","37000","1","37000","7400","29600","1","1","1","IAT2712191045","NHO2018000007","PAID","","PEDAS"),
("IATT190004552","193084","191001","192001","30000","1","30000","6000","24000","1","1","1","IAT2712191045","NHO2018000007","PAID","","PEDAS"),
("IATT190004552","193067","191001","192003","7000","1","7000","0","7000","1","1","1","IAT2712191045","NHO2018000007","PAID","","193067"),
("IATT190004552","193028","191001","192003","43000","1","43000","0","43000","1","1","1","IAT2712191045","NHO2018000007","PAID","","193028"),
("IATT190004552","193055","191002","192010","17000","1","17000","0","17000","1","1","1","IAT2712191045","NHO2018000007","PAID","","193055"),
("IATT190004552","193054","191002","192010","20000","1","20000","0","20000","1","1","1","IAT2712191045","NHO2018000007","PAID","","193054"),
("IATT190004553","193084","191001","192001","30000","1","30000","6000","24000","1","1","1","IAT2712191045","NHO2018000007","PAID","","PEDAS"),
("IATT190004553","193015","191001","192002","33000","1","33000","6600","26400","1","1","1","IAT2712191045","NHO2018000007","PAID","","PEDAS"),
("IATT190004553","193055","191002","192010","17000","1","17000","0","17000","1","1","1","IAT2712191045","NHO2018000007","PAID","","193055"),
("IATT190004553","193050","191002","192010","20000","1","20000","0","20000","1","1","1","IAT2712191045","NHO2018000007","PAID","","193050");



INSERT INTO pos_salestemp VALUES("IATT190004542","","4","180000","0","18000","0","198000","198000","27/12/2019","11:57","2019-12-27","12:30:27","ISU000015","tbl0010","CLOSED","1","","IATR190004414","","","","","IAT2712191045","NHO2018000007"),
("IATT190004543","","4","188000","48000","14000","0","154000","154000","27/12/2019","12:05","2019-12-27","12:53:44","ISU000015","tbl0012","CLOSED","1","","IATR190004415","","","","","IAT2712191045","NHO2018000007"),
("IATT190004544","","2","119000","0","11900","0","130900","150000","27/12/2019","12:30","2019-12-27","13:05:49","ISU000015","tbl0011","CLOSED","1","","IATR190004417","","","","","IAT2712191045","NHO2018000007"),
("IATT190004545","","9","451000","140000","31100","0","342100","350000","27/12/2019","12:35","2019-12-27","13:20:16","ISU000015","tbl0021","CLOSED","1","","IATR190004418","","","","","IAT2712191045","NHO2018000007"),
("IATT190004546","","1","105000","0","10500","0","115500","115500","27/12/2019","12:38","2019-12-27","12:57:44","ISU000015","tbl0010","CLOSED","1","","IATR190004416","","","","","IAT2712191045","NHO2018000007"),
("IATT190004547","","2","106000","0","10600","0","116600","120000","27/12/2019","13:13","2019-12-27","13:51:51","ISU000015","tbl0012","CLOSED","1","","IATR190004419","","","","","IAT2712191045","NHO2018000007"),
("IATT190004548","","2","103000","0","10300","0","113300","115000","27/12/2019","13:23","2019-12-27","14:08:40","ISU000015","tbl0011","CLOSED","1","","IATR190004420","","","","","IAT2712191045","NHO2018000007"),
("IATT190004549","","1","50000","0","5000","0","55000","100000","27/12/2019","17:36","2019-12-27","18:21:30","ISU000004","tbl0010","CLOSED","1","","IATR190004421","","","","","IAT2712191045","NHO2018000007"),
("IATT190004550","","1","30000","0","3000","0","33000","100000","27/12/2019","19:28","2019-12-27","19:46:10","ISU000004","tbl0022","CLOSED","1","","IATR190004422","","","","","IAT2712191045","NHO2018000007"),
("IATT190004551","","2","129000","30600","9840","0","108240","150000","27/12/2019","20:09","2019-12-27","21:04:01","ISU000004","tbl0010","CLOSED","1","","IATR190004423","","","","","IAT2712191045","NHO2018000007"),
("IATT190004552","","2","154000","13400","14060","0","154660","200000","27/12/2019","20:39","2019-12-27","21:37:07","ISU000004","tbl0012","CLOSED","1","","IATR190004425","","","","","IAT2712191045","NHO2018000007"),
("IATT190004553","","2","100000","12600","8740","0","96140","100000","27/12/2019","20:44","2019-12-27","21:20:40","ISU000004","tbl0011","CLOSED","1","","IATR190004424","","","","","IAT2712191045","NHO2018000007");



INSERT INTO item_void VALUES("IATT190004552","IAT2712191045","NHO2018000007","193056","193056","1","17000","Before Send","Salah Order");



INSERT INTO pos_promotion_h VALUES("IATT190004543","NPRM18000026","DISC ITEM","1","48000","KANAN KIRI DISKON 40%","IAT2712191045","PAID","NHO2018000007"),
("IATT190004545","NPRM18000027","DISC ITEM","1","140000","KANAN KIRI DISKON 50%","IAT2712191045","PAID","NHO2018000007"),
("IATT190004551","NPRM18000025","DISC ITEM","1","30600","KANAN KIRI DISKON 30%","IAT2712191045","PAID","NHO2018000007"),
("IATT190004553","NPRM18000024","DISC ITEM","1","12600","KANAN KIRI DISKON 20%","IAT2712191045","PAID","NHO2018000007"),
("IATT190004552","NPRM18000024","DISC ITEM","1","13400","KANAN KIRI DISKON 20%","IAT2712191045","PAID","NHO2018000007");



INSERT INTO pos_promotion_d VALUES("IATT190004543","NPRM18000026","DISC ITEM","1","1","193084","1","12000","IAT2712191045","PAID","NHO2018000007"),
("IATT190004543","NPRM18000026","DISC ITEM","1","1","193084","2","12000","IAT2712191045","PAID","NHO2018000007"),
("IATT190004543","NPRM18000026","DISC ITEM","1","1","193084","3","12000","IAT2712191045","PAID","NHO2018000007"),
("IATT190004543","NPRM18000026","DISC ITEM","1","1","193085","1","12000","IAT2712191045","PAID","NHO2018000007"),
("IATT190004545","NPRM18000027","DISC ITEM","1","1","193010","1","20000","IAT2712191045","PAID","NHO2018000007"),
("IATT190004545","NPRM18000027","DISC ITEM","1","1","193011","1","20000","IAT2712191045","PAID","NHO2018000007"),
("IATT190004545","NPRM18000027","DISC ITEM","1","1","193011","2","20000","IAT2712191045","PAID","NHO2018000007"),
("IATT190004545","NPRM18000027","DISC ITEM","1","1","193011","3","20000","IAT2712191045","PAID","NHO2018000007"),
("IATT190004545","NPRM18000027","DISC ITEM","1","1","193011","4","20000","IAT2712191045","PAID","NHO2018000007"),
("IATT190004545","NPRM18000027","DISC ITEM","1","1","193019","1","20000","IAT2712191045","PAID","NHO2018000007"),
("IATT190004545","NPRM18000027","DISC ITEM","1","1","193019","2","20000","IAT2712191045","PAID","NHO2018000007"),
("IATT190004551","NPRM18000025","DISC ITEM","1","1","193011","1","12000","IAT2712191045","PAID","NHO2018000007"),
("IATT190004551","NPRM18000025","DISC ITEM","1","1","193033","1","12600","IAT2712191045","PAID","NHO2018000007"),
("IATT190004551","NPRM18000025","DISC ITEM","1","1","193118","1","6000","IAT2712191045","PAID","NHO2018000007"),
("IATT190004553","NPRM18000024","DISC ITEM","1","1","193084","1","6000","IAT2712191045","PAID","NHO2018000007"),
("IATT190004553","NPRM18000024","DISC ITEM","1","1","193015","1","6600","IAT2712191045","PAID","NHO2018000007"),
("IATT190004552","NPRM18000024","DISC ITEM","1","1","193007","1","7400","IAT2712191045","PAID","NHO2018000007"),
("IATT190004552","NPRM18000024","DISC ITEM","1","1","193084","1","6000","IAT2712191045","PAID","NHO2018000007");



INSERT INTO pos_paymenttemp VALUES("IATT190004542","CASH","OVO","198000","198000","ISU000015","2019-12-27","","1","","CLOSED","IAT2712191045","NHO2018000007"),
("IATT190004543","CARD","VISA","154000","154000","ISU000015","2019-12-27","","1","","CLOSED","IAT2712191045","NHO2018000007"),
("IATT190004546","CARD","DEBIT BCA","115500","115500","ISU000015","2019-12-27","","1","","CLOSED","IAT2712191045","NHO2018000007"),
("IATT190004544","CASH","CASH","130900","150000","ISU000015","2019-12-27","","1","","CLOSED","IAT2712191045","NHO2018000007"),
("IATT190004545","CASH","CASH","342100","350000","ISU000015","2019-12-27","","1","","CLOSED","IAT2712191045","NHO2018000007"),
("IATT190004547","CASH","CASH","116600","120000","ISU000015","2019-12-27","","1","","CLOSED","IAT2712191045","NHO2018000007"),
("IATT190004548","CASH","CASH","113300","115000","ISU000015","2019-12-27","","1","","CLOSED","IAT2712191045","NHO2018000007"),
("IATT190004549","CASH","CASH","55000","100000","ISU000004","2019-12-27","","1","","CLOSED","IAT2712191045","NHO2018000007"),
("IATT190004550","CASH","CASH","33000","100000","ISU000004","2019-12-27","","1","","CLOSED","IAT2712191045","NHO2018000007"),
("IATT190004551","CASH","CASH","108240","150000","ISU000004","2019-12-27","","1","","CLOSED","IAT2712191045","NHO2018000007"),
("IATT190004553","CASH","CASH","96140","100000","ISU000004","2019-12-27","","1","","CLOSED","IAT2712191045","NHO2018000007"),
("IATT190004552","CASH","CASH","154660","200000","ISU000004","2019-12-27","","1","","CLOSED","IAT2712191045","NHO2018000007");



