INSERT INTO pos_itemtemp VALUES("IATT190001568","193030","191001","192004","27000","1","27000","6750","20250","1","1","1","IAT2407190856","NHO2018000007","PAID","","193030"),
("IATT190001568","193029","191001","192004","27000","1","27000","6750","20250","1","1","1","IAT2407190856","NHO2018000007","PAID","","193029"),
("IATT190001568","193078","191001","192001","30000","1","30000","0","30000","1","1","1","IAT2407190856","NHO2018000007","PAID","level 1","PEDAS"),
("IATT190001568","193046","191002","192010","8000","1","8000","0","8000","2","1","1","IAT2407190856","NHO2018000007","PAID","","193046"),
("IATT190001568","193046","191002","192010","8000","1","8000","0","8000","3","1","2","IAT2407190856","NHO2018000007","PAID","","193046"),
("IATT190001569","193027","191001","192003","43000","1","43000","0","43000","1","1","1","IAT2407190856","NHO2018000007","PAID","","193027"),
("IATT190001569","193028","191001","192003","43000","1","43000","0","43000","1","1","1","IAT2407190856","NHO2018000007","PAID","","193028"),
("IATT190001569","193054","191002","192010","20000","1","20000","0","20000","1","1","1","IAT2407190856","NHO2018000007","PAID","","193054"),
("IATT190001569","193055","191002","192010","17000","1","17000","0","17000","1","1","1","IAT2407190856","NHO2018000007","PAID","","193055"),
("IATT190001569","193048","191002","192010","8000","1","8000","0","8000","1","1","2","IAT2407190856","NHO2018000007","PAID","","193048"),
("IATT190001570","193027","191001","192003","43000","1","43000","0","43000","1","1","1","IAT2407190856","NHO2018000007","PAID","","193027"),
("IATT190001570","193046","191002","192010","8000","1","8000","0","8000","1","1","1","IAT2407190856","NHO2018000007","PAID","","193046"),
("IATT190001571","193028","191001","192003","43000","1","43000","0","43000","1","1","1","IAT2407190856","NHO2018000007","PAID","","193028"),
("IATT190001571","193084","191001","192001","30000","1","30000","0","30000","1","1","1","IAT2407190856","NHO2018000007","PAID","lvl 2\nno daun bawang","PEDAS"),
("IATT190001571","193086","191001","192002","33000","1","33000","0","33000","1","1","1","IAT2407190856","NHO2018000007","PAID","lvl 1","PEDAS"),
("IATT190001571","193048","191002","192010","8000","1","8000","0","8000","1","1","1","IAT2407190856","NHO2018000007","PAID","","193048"),
("IATT190001571","193046","191002","192010","8000","1","8000","0","8000","1","1","1","IAT2407190856","NHO2018000007","PAID","","193046"),
("IATT190001571","193047","191002","192010","8000","1","8000","0","8000","1","1","1","IAT2407190856","NHO2018000007","PAID","","193047"),
("IATT190001571","193019","191001","192002","40000","1","40000","0","40000","1","1","2","IAT2407190856","NHO2018000007","PAID","lvl 2","PEDAS"),
("IATT190001571","193048","191002","192010","8000","1","8000","0","8000","2","1","2","IAT2407190856","NHO2018000007","PAID","","193048"),
("IATT190001571","193048","191002","192010","8000","1","8000","0","8000","3","1","3","IAT2407190856","NHO2018000007","PAID","","193048"),
("IATT190001572","193022","191001","192003","30000","1","30000","0","30000","1","1","1","IAT2407190856","NHO2018000007","PAID","","193022"),
("IATT190001572","193082","191001","192001","30000","1","30000","0","30000","1","1","1","IAT2407190856","NHO2018000007","PAID","lvl 1","193082"),
("IATT190001572","193054","191002","192010","20000","1","20000","0","20000","1","1","1","IAT2407190856","NHO2018000007","PAID","","193054"),
("IATT190001572","193054","191002","192010","20000","1","20000","0","20000","2","1","1","IAT2407190856","NHO2018000007","PAID","","193054"),
("IATT190001572","193055","191002","192010","17000","1","17000","0","17000","1","1","1","IAT2407190856","NHO2018000007","PAID","","193055"),
("IATT190001572","193025","191001","192003","30000","1","30000","0","30000","1","1","2","IAT2407190856","NHO2018000007","PAID","","193025"),
("IATT190001573","193077","191001","192001","30000","1","30000","15000","15000","1","1","1","IAT2407190856","NHO2018000007","PAID","lvl 2","193077"),
("IATT190001573","193028","191001","192003","43000","1","43000","0","43000","1","1","1","IAT2407190856","NHO2018000007","PAID","","193028"),
("IATT190001573","193050","191002","192010","20000","1","20000","0","20000","1","1","1","IAT2407190856","NHO2018000007","PAID","","193050"),
("IATT190001573","193049","191002","192010","10000","1","10000","0","10000","1","1","1","IAT2407190856","NHO2018000007","PAID","","193049"),
("IATT190001573","193049","191002","192010","10000","1","10000","0","10000","2","1","2","IAT2407190856","NHO2018000007","PAID","","193049"),
("IATT190001574","193027","191001","192003","43000","1","43000","0","43000","1","1","1","IAT2407190856","NHO2018000007","PAID","","193027"),
("IATT190001574","193035","191001","192006","32000","1","32000","0","32000","1","1","1","IAT2407190856","NHO2018000007","PAID","","PEDAS"),
("IATT190001574","193055","191002","192010","17000","1","17000","0","17000","1","1","1","IAT2407190856","NHO2018000007","PAID","","193055"),
("IATT190001574","193055","191002","192010","17000","1","17000","0","17000","2","1","1","IAT2407190856","NHO2018000007","PAID","","193055"),
("IATT190001575","193033","191001","192005","42000","1","42000","0","42000","1","1","1","IAT2407190856","NHO2018000007","PAID","","193033"),
("IATT190001575","193082","191001","192001","30000","1","30000","0","30000","1","1","1","IAT2407190856","NHO2018000007","PAID","no paprika dr beef nya","193082"),
("IATT190001575","193022","191001","192003","30000","1","30000","0","30000","1","1","1","IAT2407190856","NHO2018000007","PAID","","193022"),
("IATT190001575","193047","191002","192010","8000","1","8000","0","8000","1","1","1","IAT2407190856","NHO2018000007","PAID","","193047"),
("IATT190001575","193046","191002","192010","8000","1","8000","0","8000","1","1","1","IAT2407190856","NHO2018000007","PAID","","193046"),
("IATT190001575","193054","191002","192010","20000","1","20000","0","20000","1","1","1","IAT2407190856","NHO2018000007","PAID","","193054"),
("IATT190001576","193009","191001","192001","40000","1","40000","0","40000","1","1","1","IAT2407190856","NHO2018000007","PAID","ORIGINAL","193009"),
("IATT190001576","193005","191001","192001","37000","1","37000","0","37000","1","1","1","IAT2407190856","NHO2018000007","PAID","Level 1","193005"),
("IATT190001576","193047","191002","192010","8000","1","8000","0","8000","1","1","1","IAT2407190856","NHO2018000007","PAID","","193047"),
("IATT190001576","193054","191002","192010","20000","1","20000","0","20000","1","1","1","IAT2407190856","NHO2018000007","PAID","","193054"),
("IATT190001577","193012","191001","192001","40000","1","40000","0","40000","1","1","1","IAT2407190856","NHO2018000007","PAID","pedes sedeng","193012"),
("IATT190001577","193011","191001","192001","40000","1","40000","0","40000","1","1","1","IAT2407190856","NHO2018000007","PAID","sedang","PEDAS"),
("IATT190001577","193010","191001","192001","40000","1","40000","0","40000","1","1","1","IAT2407190856","NHO2018000007","PAID","","193010"),
("IATT190001577","193070","191001","192012","13000","1","13000","0","13000","1","1","1","IAT2407190856","NHO2018000007","PAID","","193070"),
("IATT190001577","193069","191001","192012","13000","1","13000","0","13000","1","1","1","IAT2407190856","NHO2018000007","PAID","","193069"),
("IATT190001577","193048","191002","192010","8000","1","8000","0","8000","1","1","1","IAT2407190856","NHO2018000007","PAID","","193048"),
("IATT190001577","193048","191002","192010","8000","1","8000","0","8000","2","1","1","IAT2407190856","NHO2018000007","PAID","","193048"),
("IATT190001577","193048","191002","192010","8000","1","8000","0","8000","3","1","1","IAT2407190856","NHO2018000007","PAID","","193048"),
("IATT190001577","193053","191002","192010","20000","1","20000","0","20000","1","1","1","IAT2407190856","NHO2018000007","PAID","","193053"),
("IATT190001577","193056","191002","192010","17000","1","17000","0","17000","1","1","1","IAT2407190856","NHO2018000007","PAID","","193056"),
("IATT190001577","193055","191002","192010","17000","1","17000","0","17000","1","1","1","IAT2407190856","NHO2018000007","PAID","","193055"),
("IATT190001578","193022","191001","192003","30000","1","30000","0","30000","1","1","1","IAT2407190856","NHO2018000007","PAID","","193022"),
("IATT190001578","193024","191001","192003","30000","1","30000","0","30000","1","1","1","IAT2407190856","NHO2018000007","PAID","","193024"),
("IATT190001578","193055","191002","192010","17000","1","17000","0","17000","1","1","1","IAT2407190856","NHO2018000007","PAID","","193055"),
("IATT190001578","193055","191002","192010","17000","1","17000","0","17000","2","1","1","IAT2407190856","NHO2018000007","PAID","","193055"),
("IATT190001578","193069","191001","192012","13000","1","13000","0","13000","1","1","1","IAT2407190856","NHO2018000007","PAID","","193069"),
("IATT190001579","193038","191001","192006","36000","1","36000","0","36000","1","1","1","IAT2407190856","NHO2018000007","PAID","telur di dadar","ORIGINAL"),
("IATT190001579","193035","191001","192006","32000","1","32000","0","32000","1","1","1","IAT2407190856","NHO2018000007","PAID","","ORIGINAL"),
("IATT190001579","193048","191002","192010","8000","1","8000","0","8000","1","1","1","IAT2407190856","NHO2018000007","PAID","","193048"),
("IATT190001578","193048","191002","192010","8000","1","8000","0","8000","1","1","2","IAT2407190856","NHO2018000007","PAID","","193048"),
("IATT190001580","193054","191002","192010","20000","1","20000","0","20000","1","1","1","IAT2407190856","NHO2018000007","REFUND","","193054"),
("IATT190001580","193054","191002","192010","20000","1","20000","0","20000","2","1","1","IAT2407190856","NHO2018000007","REFUND","","193054"),
("IATT190001581","193054","191002","192010","20000","1","20000","0","20000","1","1","1","IAT2407190856","NHO2018000007","PAID","","193054"),
("IATT190001581","193054","191002","192010","20000","1","20000","0","20000","2","1","1","IAT2407190856","NHO2018000007","PAID","","193054"),
("IATT190001582","193046","191002","192010","8000","1","8000","0","8000","1","1","1","IAT2407190856","NHO2018000007","PAID","","193046"),
("IATT190001582","193082","191001","192001","30000","1","30000","0","30000","1","1","1","IAT2407190856","NHO2018000007","PAID","level 2","193082"),
("IATT190001582","193074","191003","192011","0","1","0","0","0","1","1","1","IAT2407190856","NHO2018000007","PAID","","193074"),
("IATT190001583","193015","191001","192002","33000","1","33000","0","33000","1","1","1","IAT2407190856","NHO2018000007","PAID","","ORIGINAL"),
("IATT190001583","193082","191001","192001","30000","1","30000","0","30000","1","1","1","IAT2407190856","NHO2018000007","PAID","","193082"),
("IATT190001583","193055","191002","192010","17000","1","17000","0","17000","1","1","1","IAT2407190856","NHO2018000007","PAID","1,less sugar","193055"),
("IATT190001583","193055","191002","192010","17000","1","17000","0","17000","2","1","1","IAT2407190856","NHO2018000007","PAID","","193055");



INSERT INTO pos_salestemp VALUES("IATT190001568","","2","100000","13500","8650","0","95150","100000","24/07/2019","11:36","2019-07-24","12:04:17","ISU000012","tbl0012","CLOSED","1","","IATR190001518","","","","","IAT2407190856","NHO2018000007"),
("IATT190001569","","2","131000","0","13100","0","144100","150000","24/07/2019","12:17","2019-07-24","13:38:39","ISU000012","tbl0012","CLOSED","1","","IATR190001520","","","","","IAT2407190856","NHO2018000007"),
("IATT190001570","","1","51000","0","5100","0","56100","100000","24/07/2019","12:31","2019-07-24","12:48:12","ISU000012","tbl0009","CLOSED","1","","IATR190001519","","","","","IAT2407190856","NHO2018000007"),
("IATT190001571","","3","186000","0","18600","0","204600","204600","24/07/2019","12:37","2019-07-24","13:57:44","ISU000012","tbl0013","CLOSED","1","","IATR190001521","","","","","IAT2407190856","NHO2018000007"),
("IATT190001572","","3","147000","0","14700","0","161700","161700","24/07/2019","13:28","2019-07-24","14:07:38","ISU000012","tbl0010","CLOSED","1","","IATR190001522","","","","","IAT2407190856","NHO2018000007"),
("IATT190001573","","2","113000","15000","9800","0","107800","107800","24/07/2019","14:05","2019-07-24","14:49:01","ISU000012","tbl0012","CLOSED","1","","IATR190001523","","","","","IAT2407190856","NHO2018000007"),
("IATT190001574","","2","109000","0","10900","0","119900","119900","24/07/2019","15:36","2019-07-24","16:11:26","ISU000012","tbl0012","CLOSED","1","","IATR190001524","","","","","IAT2407190856","NHO2018000007"),
("IATT190001575","","3","138000","0","13800","0","151800","151800","24/07/2019","15:40","2019-07-24","16:31:08","ISU000012","tbl0010","CLOSED","1","","IATR190001526","","","","","IAT2407190856","NHO2018000007"),
("IATT190001576","","2","105000","0","10500","0","115500","150000","24/07/2019","15:47","2019-07-24","16:27:55","ISU000012","tbl0011","CLOSED","1","","IATR190001525","","","","","IAT2407190856","NHO2018000007"),
("IATT190001577","","3","224000","0","22400","0","246400","250000","24/07/2019","16:57","2019-07-24","17:47:47","ISU000012","tbl0012","CLOSED","1","","IATR190001527","","","","","IAT2407190856","NHO2018000007"),
("IATT190001578","","2","115000","0","11500","0","126500","126500","24/07/2019","17:46","2019-07-24","18:17:55","ISU000012","tbl0010","CLOSED","1","","IATR190001528","","","","","IAT2407190856","NHO2018000007"),
("IATT190001579","","2","76000","0","7600","0","83600","100600","24/07/2019","18:01","2019-07-24","19:17:21","ISU000012","tbl0011","CLOSED","1","","IATR190001529","","","","","IAT2407190856","NHO2018000007"),
("IATT190001580","","2","40000","0","4000","0","44000","500000","24/07/2019","19:23","2019-07-24","19:28:22","ISU000012","tbl0013","REFUND","1","","IATR190001530","24/07/2019","19:29:36","090592","IATR190001531","IAT2407190856","NHO2018000007"),
("IATT190001581","","1","40000","0","4000","0","44000","50000","24/07/2019","19:30","2019-07-24","19:30:25","ISU000012","tbl0009","CLOSED","1","","IATR190001532","","","","","IAT2407190856","NHO2018000007"),
("IATT190001582","","1","38000","0","3800","0","41800","50000","24/07/2019","21:08","2019-07-24","21:09:51","ISU000012","tbl0027","CLOSED","1","","IATR190001533","","","","","IAT2407190856","NHO2018000007"),
("IATT190001583","","2","97000","0","9700","0","106700","110000","24/07/2019","21:26","2019-07-24","21:50:29","ISU000012","tbl0012","CLOSED","1","","IATR190001534","","","","","IAT2407190856","NHO2018000007");



INSERT INTO item_void VALUES("IATT190001572","IAT2407190856","NHO2018000007","193024","193024","1","30000","Before Send","Salah Order");



INSERT INTO pos_promotion_h VALUES("IATT190001568","NPRM18000004","DISC ITEM","1","13500","HAPPY HOUR 25%","IAT2407190856","PAID","NHO2018000007"),
("IATT190001573","NPRM18000012","DISC ITEM","1","15000","eatigo 50%","IAT2407190856","PAID","NHO2018000007");



INSERT INTO pos_promotion_d VALUES("IATT190001568","NPRM18000004","DISC ITEM","1","1","193030","1","6750","IAT2407190856","PAID","NHO2018000007"),
("IATT190001568","NPRM18000004","DISC ITEM","1","1","193029","1","6750","IAT2407190856","PAID","NHO2018000007"),
("IATT190001573","NPRM18000012","DISC ITEM","1","1","193077","1","15000","IAT2407190856","PAID","NHO2018000007");



INSERT INTO pos_paymenttemp VALUES("IATT190001568","CASH","CASH","95150","100000","ISU000012","2019-07-24","","1","","CLOSED","IAT2407190856","NHO2018000007"),
("IATT190001570","CASH","CASH","56100","100000","ISU000012","2019-07-24","","1","","CLOSED","IAT2407190856","NHO2018000007"),
("IATT190001569","CASH","CASH","144100","150000","ISU000012","2019-07-24","","1","","CLOSED","IAT2407190856","NHO2018000007"),
("IATT190001571","CARD","VISA","204600","204600","ISU000012","2019-07-24","","1","","CLOSED","IAT2407190856","NHO2018000007"),
("IATT190001572","CARD","MASTER","161700","161700","ISU000012","2019-07-24","","1","","CLOSED","IAT2407190856","NHO2018000007"),
("IATT190001573","CARD","VISA","107800","107800","ISU000012","2019-07-24","","1","","CLOSED","IAT2407190856","NHO2018000007"),
("IATT190001574","CASH","OVO","119900","119900","ISU000012","2019-07-24","","1","","CLOSED","IAT2407190856","NHO2018000007"),
("IATT190001576","CASH","CASH","115500","150000","ISU000012","2019-07-24","","1","","CLOSED","IAT2407190856","NHO2018000007"),
("IATT190001575","CASH","OVO","151800","151800","ISU000012","2019-07-24","","1","","CLOSED","IAT2407190856","NHO2018000007"),
("IATT190001577","CASH","CASH","246400","250000","ISU000012","2019-07-24","","1","","CLOSED","IAT2407190856","NHO2018000007"),
("IATT190001578","CARD","VISA","126500","126500","ISU000012","2019-07-24","","1","","CLOSED","IAT2407190856","NHO2018000007"),
("IATT190001579","CASH","CASH","83600","100600","ISU000012","2019-07-24","","1","","CLOSED","IAT2407190856","NHO2018000007"),
("IATT190001580","CASH","CASH","44000","500000","ISU000012","2019-07-24","","1","","REFUND","IAT2407190856","NHO2018000007"),
("IATT190001581","CASH","CASH","44000","50000","ISU000012","2019-07-24","","1","","CLOSED","IAT2407190856","NHO2018000007"),
("IATT190001582","CASH","CASH","41800","50000","ISU000012","2019-07-24","","1","","CLOSED","IAT2407190856","NHO2018000007"),
("IATT190001583","CASH","CASH","106700","110000","ISU000012","2019-07-24","","1","","CLOSED","IAT2407190856","NHO2018000007");



