INSERT INTO pos_itemtemp VALUES("IATT200004871","193076","191001","192001","30000","1","30000","0","30000","1","1","1","IAT2001201009","NHO2018000007","PAID","","193076"),
("IATT200004872","193079","191001","192001","30000","1","30000","0","30000","1","1","1","IAT2001201009","NHO2018000007","PAID","","193079"),
("IATT200004873","193052","191002","192010","20000","1","20000","0","20000","1","1","1","IAT2001201009","NHO2018000007","PAID","","193052"),
("IATT200004873","193039","191001","192006","36000","1","36000","0","36000","1","1","1","IAT2001201009","NHO2018000007","PAID","pedes sedeng ","PEDAS"),
("IATT200004874","193082","191001","192001","30000","1","30000","0","30000","1","1","1","IAT2001201009","NHO2018000007","PAID","MINTA TAMBAH ASIN SAMA PEDES LEVEL  1","193082"),
("IATT200004874","193049","191002","192010","10000","1","10000","0","10000","1","1","1","IAT2001201009","NHO2018000007","PAID","","193049"),
("IATT200004874","193022","191001","192003","30000","1","30000","0","30000","1","1","2","IAT2001201009","NHO2018000007","PAID","","193022"),
("IATT200004874","193049","191002","192010","10000","1","10000","0","10000","2","1","2","IAT2001201009","NHO2018000007","PAID","","193049"),
("IATT200004875","193113","191001","192003","55000","1","55000","5500","49500","1","1","1","IAT2001201009","NHO2018000007","PAID","","193113"),
("IATT200004875","193086","191001","192002","33000","1","33000","3300","29700","1","1","1","IAT2001201009","NHO2018000007","PAID","","PEDAS"),
("IATT200004875","193055","191002","192010","17000","1","17000","1700","15300","1","1","1","IAT2001201009","NHO2018000007","PAID","","193055"),
("IATT200004876","193096","191001","192008","50000","1","50000","0","50000","1","1","1","IAT2001201009","NHO2018000007","PAID","","193096"),
("IATT200004877","193027","191001","192003","43000","1","43000","0","43000","1","1","1","IAT2001201009","NHO2018000007","PAID","","193027"),
("IATT200004877","193028","191001","192003","43000","1","43000","0","43000","1","1","1","IAT2001201009","NHO2018000007","PAID","","193028"),
("IATT200004877","193011","191001","192001","40000","1","40000","0","40000","1","1","1","IAT2001201009","NHO2018000007","PAID","","PEDAS"),
("IATT200004877","193078","191001","192001","30000","1","30000","0","30000","1","1","1","IAT2001201009","NHO2018000007","PAID","","PEDAS"),
("IATT200004877","193022","191001","192003","30000","1","30000","0","30000","1","1","1","IAT2001201009","NHO2018000007","PAID","","193022"),
("IATT200004877","193022","191001","192003","30000","1","30000","0","30000","2","1","1","IAT2001201009","NHO2018000007","PAID","","193022"),
("IATT200004877","193052","191002","192010","20000","1","20000","0","20000","1","1","1","IAT2001201009","NHO2018000007","PAID","","193052"),
("IATT200004877","193055","191002","192010","17000","1","17000","0","17000","1","1","1","IAT2001201009","NHO2018000007","PAID","","193055"),
("IATT200004877","193055","191002","192010","17000","1","17000","0","17000","2","1","1","IAT2001201009","NHO2018000007","PAID","","193055"),
("IATT200004877","193055","191002","192010","17000","1","17000","0","17000","3","1","1","IAT2001201009","NHO2018000007","PAID","","193055"),
("IATT200004877","193055","191002","192010","17000","1","17000","0","17000","4","1","1","IAT2001201009","NHO2018000007","PAID","","193055"),
("IATT200004877","193056","191002","192010","17000","1","17000","0","17000","1","1","1","IAT2001201009","NHO2018000007","PAID","","193056"),
("IATT200004878","193086","191001","192002","33000","1","33000","0","33000","1","1","1","IAT2001201009","NHO2018000007","PAID","","PEDAS"),
("IATT200004878","193029","191001","192004","27000","1","27000","0","27000","1","1","1","IAT2001201009","NHO2018000007","PAID","","193029"),
("IATT200004878","193070","191001","192012","13000","1","13000","0","13000","1","1","1","IAT2001201009","NHO2018000007","PAID","","193070"),
("IATT200004878","193055","191002","192010","17000","1","17000","0","17000","1","1","1","IAT2001201009","NHO2018000007","PAID","","193055"),
("IATT200004878","193052","191002","192010","20000","1","20000","0","20000","1","1","1","IAT2001201009","NHO2018000007","PAID","","193052"),
("IATT200004879","193036","191001","192006","36000","1","36000","0","36000","1","1","1","IAT2001201009","NHO2018000007","PAID","","ORIGINAL"),
("IATT200004879","193016","191001","192002","37000","1","37000","0","37000","1","1","1","IAT2001201009","NHO2018000007","PAID","","PEDAS"),
("IATT200004879","193055","191002","192010","17000","1","17000","0","17000","1","1","1","IAT2001201009","NHO2018000007","PAID","","193055"),
("IATT200004879","193047","191002","192010","10000","1","10000","0","10000","1","1","1","IAT2001201009","NHO2018000007","PAID","","193047"),
("IATT200004879","193054","191002","192010","20000","1","20000","0","20000","1","1","1","IAT2001201009","NHO2018000007","PAID","","193054"),
("IATT200004879","193048","191002","192010","8000","1","8000","0","8000","1","1","1","IAT2001201009","NHO2018000007","PAID","","193048"),
("IATT200004879","193048","191002","192010","8000","1","8000","0","8000","2","1","1","IAT2001201009","NHO2018000007","PAID","","193048"),
("IATT200004879","193047","191002","192010","10000","1","10000","0","10000","2","1","2","IAT2001201009","NHO2018000007","PAID","","193047"),
("IATT200004879","193049","191002","192010","10000","1","10000","0","10000","1","1","2","IAT2001201009","NHO2018000007","PAID","","193049"),
("IATT200004879","193008","191001","192001","37000","1","37000","0","37000","1","1","3","IAT2001201009","NHO2018000007","PAID","","193008"),
("IATT200004879","193046","191002","192010","10000","1","10000","0","10000","1","1","4","IAT2001201009","NHO2018000007","PAID","","193046"),
("IATT200004880","193036","191001","192006","36000","1","36000","0","36000","1","1","1","IAT2001201009","NHO2018000007","PAID","","PEDAS"),
("IATT200004880","193096","191001","192008","50000","1","50000","0","50000","1","1","1","IAT2001201009","NHO2018000007","PAID","","193096"),
("IATT200004881","193009","191001","192001","40000","1","40000","0","40000","1","1","1","IAT2001201009","NHO2018000007","PAID","","193009"),
("IATT200004881","193034","191001","192005","37000","1","37000","0","37000","1","1","1","IAT2001201009","NHO2018000007","PAID","","193034"),
("IATT200004881","193067","191001","192003","7000","1","7000","0","7000","1","1","1","IAT2001201009","NHO2018000007","PAID","","193067"),
("IATT200004881","193046","191002","192010","10000","1","10000","0","10000","1","1","1","IAT2001201009","NHO2018000007","PAID","","193046"),
("IATT200004881","193046","191002","192010","10000","1","10000","0","10000","2","1","1","IAT2001201009","NHO2018000007","PAID","","193046"),
("IATT200004881","193048","191002","192010","8000","1","8000","0","8000","1","1","2","IAT2001201009","NHO2018000007","PAID","","193048");



INSERT INTO pos_salestemp VALUES("IATT200004871","","1","30000","0","3000","0","33000","33000","20/01/2020","12:25","2020-01-20","12:58:39","ISU000004","tbl0011","CLOSED","1","","IATR200004738","","","","","IAT2001201009","NHO2018000007"),
("IATT200004872","","1","30000","0","3000","0","33000","33000","20/01/2020","12:35","2020-01-20","12:56:26","ISU000004","tbl0012","CLOSED","1","","IATR200004737","","","","","IAT2001201009","NHO2018000007"),
("IATT200004873","","1","56000","0","5600","0","61600","100000","20/01/2020","13:54","2020-01-20","14:18:29","ISU000006","tbl0002","CLOSED","1","","IATR200004739","","","","","IAT2001201009","NHO2018000007"),
("IATT200004874","","1","80000","0","8000","0","88000","88000","20/01/2020","15:53","2020-01-20","16:27:26","ISU000006","tbl0010","CLOSED","1","","IATR200004740","","","","","IAT2001201009","NHO2018000007"),
("IATT200004875","","2","105000","10500","9450","0","103950","105000","20/01/2020","16:29","2020-01-20","17:03:44","ISU000006","tbl0012","CLOSED","1","","IATR200004741","","","","","IAT2001201009","NHO2018000007"),
("IATT200004876","","1","50000","0","5000","0","55000","55000","20/01/2020","17:19","2020-01-20","17:20:20","ISU000006","tbl0004","CLOSED","1","","IATR200004742","","","","","IAT2001201009","NHO2018000007"),
("IATT200004877","","6","321000","0","32100","0","353100","353100","20/01/2020","17:29","2020-01-20","18:14:12","ISU000006","tbl0022","CLOSED","1","","IATR200004743","","","","","IAT2001201009","NHO2018000007"),
("IATT200004878","","2","110000","0","11000","0","121000","151000","20/01/2020","18:47","2020-01-20","19:09:37","ISU000006","tbl0011","CLOSED","1","","IATR200004744","","","","","IAT2001201009","NHO2018000007"),
("IATT200004879","","3","203000","0","20300","0","223300","223300","20/01/2020","20:14","2020-01-20","21:15:00","ISU000006","tbl0011","CLOSED","1","","IATR200004746","","","","","IAT2001201009","NHO2018000007"),
("IATT200004880","","1","86000","0","8600","0","94600","100000","20/01/2020","20:46","2020-01-20","20:47:55","ISU000006","tbl0050","CLOSED","1","","IATR200004745","","","","","IAT2001201009","NHO2018000007"),
("IATT200004881","","2","112000","0","11200","0","123200","123200","20/01/2020","21:20","2020-01-20","21:44:14","ISU000006","tbl0010","CLOSED","1","","IATR200004747","","","","","IAT2001201009","NHO2018000007");



INSERT INTO item_void VALUES("IATT200004875","IAT2001201009","NHO2018000007","193046","193046","1","10000","Before Send","Salah Order");



INSERT INTO pos_promotion_h VALUES("IATT200004875","NPRM18000019","DISC ALL","1","10500","CRM DISC 10%","IAT2001201009","PAID","NHO2018000007");



INSERT INTO pos_promotion_d VALUES("IATT200004875","NPRM18000019","DISC ALL","1","1","193113","1","5500","IAT2001201009","PAID","NHO2018000007"),
("IATT200004875","NPRM18000019","DISC ALL","1","1","193086","1","3300","IAT2001201009","PAID","NHO2018000007"),
("IATT200004875","NPRM18000019","DISC ALL","1","1","193055","1","1700","IAT2001201009","PAID","NHO2018000007");



INSERT INTO pos_paymenttemp VALUES("IATT200004872","CASH","OVO","33000","33000","ISU000004","2020-01-20","","1","","CLOSED","IAT2001201009","NHO2018000007"),
("IATT200004871","CASH","OVO","33000","33000","ISU000004","2020-01-20","","1","","CLOSED","IAT2001201009","NHO2018000007"),
("IATT200004873","CASH","CASH","61600","100000","ISU000006","2020-01-20","","1","","CLOSED","IAT2001201009","NHO2018000007"),
("IATT200004874","CARD","DEBIT BCA","88000","88000","ISU000006","2020-01-20","","1","","CLOSED","IAT2001201009","NHO2018000007"),
("IATT200004875","CASH","CASH","103950","105000","ISU000006","2020-01-20","","1","","CLOSED","IAT2001201009","NHO2018000007"),
("IATT200004876","VOUCHER","ISOIDE VOUCHER 50K","50000","50000","ISU000006","2020-01-20","","1","","CLOSED","IAT2001201009","NHO2018000007"),
("IATT200004876","CASH","CASH","5000","5000","ISU000006","2020-01-20","","1","","CLOSED","IAT2001201009","NHO2018000007"),
("IATT200004877","CASH","OVO","353100","353100","ISU000006","2020-01-20","","1","","CLOSED","IAT2001201009","NHO2018000007"),
("IATT200004878","VOUCHER","TRAVELOKA EATS 100K","100000","100000","ISU000006","2020-01-20","","1","","CLOSED","IAT2001201009","NHO2018000007"),
("IATT200004878","CASH","CASH","21000","51000","ISU000006","2020-01-20","","1","","CLOSED","IAT2001201009","NHO2018000007"),
("IATT200004880","VOUCHER","ISOIDE VOUCHER 50K","50000","50000","ISU000006","2020-01-20","","1","","CLOSED","IAT2001201009","NHO2018000007"),
("IATT200004880","VOUCHER","ISOIDE VOUCHER 50K","50000","50000","ISU000006","2020-01-20","","1","","CLOSED","IAT2001201009","NHO2018000007"),
("IATT200004879","CARD","DEBIT BCA","223300","223300","ISU000006","2020-01-20","","1","","CLOSED","IAT2001201009","NHO2018000007"),
("IATT200004881","CASH","CASH","123200","123200","ISU000006","2020-01-20","","1","","CLOSED","IAT2001201009","NHO2018000007");



