INSERT INTO pos_itemtemp VALUES("IATT190000943","193088","191001","192013","5000","1","5000","0","5000","1","1","1","IAT2906191010","NHO2018000007","PAID","","193088"),
("IATT190000943","193088","191001","192013","5000","1","5000","0","5000","2","1","1","IAT2906191010","NHO2018000007","PAID","","193088"),
("IATT190000944","193093","191001","192013","5000","1","5000","0","5000","1","1","1","IAT2906191010","NHO2018000007","PAID","","193093"),
("IATT190000945","193093","191001","192013","5000","1","5000","0","5000","1","1","1","IAT2906191010","NHO2018000007","PAID","","193093"),
("IATT190000945","193093","191001","192013","5000","1","5000","0","5000","2","1","1","IAT2906191010","NHO2018000007","PAID","","193093"),
("IATT190000945","193070","191001","192012","13000","1","13000","0","13000","1","1","1","IAT2906191010","NHO2018000007","PAID","","193070"),
("IATT190000945","193056","191002","192010","17000","1","17000","0","17000","1","1","1","IAT2906191010","NHO2018000007","PAID","","193056"),
("IATT190000946","193092","191001","192013","5000","1","5000","0","5000","1","1","1","IAT2906191010","NHO2018000007","PAID","","193092"),
("IATT190000946","193092","191001","192013","5000","1","5000","0","5000","2","1","1","IAT2906191010","NHO2018000007","PAID","","193092"),
("IATT190000946","193047","191002","192010","8000","1","8000","0","8000","1","1","1","IAT2906191010","NHO2018000007","PAID","","193047"),
("IATT190000946","193047","191002","192010","8000","1","8000","0","8000","2","1","1","IAT2906191010","NHO2018000007","PAID","","193047"),
("IATT190000947","193051","191002","192010","20000","1","20000","0","20000","1","1","1","IAT2906191010","NHO2018000007","PAID","","193051"),
("IATT190000947","193056","191002","192010","17000","1","17000","0","17000","1","1","1","IAT2906191010","NHO2018000007","PAID","","193056"),
("IATT190000947","193090","191001","192013","5000","1","5000","0","5000","1","1","1","IAT2906191010","NHO2018000007","PAID","","193090"),
("IATT190000948","193090","191001","192013","5000","1","5000","0","5000","1","1","1","IAT2906191010","NHO2018000007","PAID","lvl 2\n","193090"),
("IATT190000948","193090","191001","192013","5000","1","5000","0","5000","2","1","1","IAT2906191010","NHO2018000007","PAID","","193090"),
("IATT190000948","193052","191002","192010","20000","1","20000","0","20000","1","1","1","IAT2906191010","NHO2018000007","PAID","no ice","193052"),
("IATT190000947","193094","191001","192013","5000","1","5000","0","5000","1","1","2","IAT2906191010","NHO2018000007","PAID","","193094"),
("IATT190000949","193035","191001","192006","32000","1","32000","0","32000","1","1","1","IAT2906191010","NHO2018000007","PAID","","ORIGINAL"),
("IATT190000949","193022","191001","192003","30000","1","30000","0","30000","1","1","1","IAT2906191010","NHO2018000007","PAID","","193022"),
("IATT190000949","193069","191001","192012","13000","1","13000","0","13000","1","1","1","IAT2906191010","NHO2018000007","PAID","","193069"),
("IATT190000949","193052","191002","192010","20000","1","20000","0","20000","1","1","1","IAT2906191010","NHO2018000007","PAID","","193052"),
("IATT190000949","193051","191002","192010","20000","1","20000","0","20000","1","1","1","IAT2906191010","NHO2018000007","PAID","","193051"),
("IATT190000950","193088","191001","192013","5000","1","5000","0","5000","1","1","1","IAT2906191010","NHO2018000007","PAID","","193088"),
("IATT190000950","193088","191001","192013","5000","1","5000","0","5000","2","1","1","IAT2906191010","NHO2018000007","PAID","","193088"),
("IATT190000950","193092","191001","192013","5000","1","5000","0","5000","1","1","1","IAT2906191010","NHO2018000007","PAID","","193092"),
("IATT190000950","193056","191002","192010","17000","1","17000","0","17000","1","1","1","IAT2906191010","NHO2018000007","PAID","","193056"),
("IATT190000950","193052","191002","192010","20000","1","20000","0","20000","1","1","1","IAT2906191010","NHO2018000007","PAID","no ice","193052"),
("IATT190000950","193047","191002","192010","8000","1","8000","0","8000","1","1","1","IAT2906191010","NHO2018000007","PAID","","193047"),
("IATT190000951","193093","191001","192013","5000","1","5000","0","5000","1","1","1","IAT2906191010","NHO2018000007","PAID","","193093"),
("IATT190000949","193048","191002","192010","8000","1","8000","0","8000","1","1","2","IAT2906191010","NHO2018000007","PAID","","193048"),
("IATT190000951","193055","191002","192010","17000","1","17000","0","17000","1","1","2","IAT2906191010","NHO2018000007","PAID","","193055"),
("IATT190000952","193010","191001","192001","40000","1","40000","0","40000","1","1","1","IAT2906191010","NHO2018000007","PAID","","193010"),
("IATT190000952","193093","191001","192013","5000","1","5000","0","5000","1","1","2","IAT2906191010","NHO2018000007","PAID","","193093"),
("IATT190000953","193053","191002","192010","20000","1","20000","0","20000","1","1","1","IAT2906191010","NHO2018000007","PAID","","193053"),
("IATT190000953","193091","191001","192013","5000","1","5000","0","5000","1","1","1","IAT2906191010","NHO2018000007","PAID","","193091"),
("IATT190000953","193048","191002","192010","8000","1","8000","0","8000","1","1","2","IAT2906191010","NHO2018000007","PAID","","193048"),
("IATT190000954","193033","191001","192005","42000","1","42000","0","42000","1","1","1","IAT2906191010","NHO2018000007","PAID","","193033"),
("IATT190000954","193046","191002","192010","8000","1","8000","0","8000","1","1","1","IAT2906191010","NHO2018000007","PAID","","193046"),
("IATT190000955","193089","191001","192013","5000","1","5000","0","5000","1","1","1","IAT2906191010","NHO2018000007","PAID","yg 1 lvl 1 yg 1 lvl 2","193089"),
("IATT190000955","193089","191001","192013","5000","1","5000","0","5000","2","1","1","IAT2906191010","NHO2018000007","PAID","","193089"),
("IATT190000955","193094","191001","192013","5000","1","5000","0","5000","1","1","1","IAT2906191010","NHO2018000007","PAID","lvl 3","193094"),
("IATT190000956","193032","191001","192004","30000","1","30000","0","30000","1","1","1","IAT2906191010","NHO2018000007","PAID","","193032"),
("IATT190000957","193093","191001","192013","5000","1","5000","0","5000","1","1","1","IAT2906191010","NHO2018000007","PAID","","193093"),
("IATT190000957","193022","191001","192003","30000","1","30000","0","30000","1","1","1","IAT2906191010","NHO2018000007","PAID","","193022"),
("IATT190000957","193054","191002","192010","20000","1","20000","0","20000","1","1","1","IAT2906191010","NHO2018000007","PAID","","193054"),
("IATT190000957","193055","191002","192010","17000","1","17000","0","17000","1","1","1","IAT2906191010","NHO2018000007","PAID","","193055"),
("IATT190000958","193092","191001","192013","5000","1","5000","0","5000","1","1","1","IAT2906191010","NHO2018000007","PAID","sambel pisah","193092"),
("IATT190000958","193092","191001","192013","5000","1","5000","0","5000","2","1","1","IAT2906191010","NHO2018000007","PAID","","193092"),
("IATT190000959","193092","191001","192013","5000","1","5000","0","5000","1","1","1","IAT2906191010","NHO2018000007","PAID","sambel pisah","193092"),
("IATT190000960","193094","191001","192013","5000","1","5000","0","5000","1","1","1","IAT2906191010","NHO2018000007","PAID","lvl 1","193094"),
("IATT190000961","193094","191001","192013","5000","1","5000","0","5000","1","1","1","IAT2906191010","NHO2018000007","PAID","","193094"),
("IATT190000962","193092","191001","192013","5000","1","5000","0","5000","1","1","1","IAT2906191010","NHO2018000007","PAID","","193092"),
("IATT190000962","193088","191001","192013","5000","1","5000","0","5000","1","1","1","IAT2906191010","NHO2018000007","PAID","","193088"),
("IATT190000962","193049","191002","192010","10000","1","10000","0","10000","1","1","1","IAT2906191010","NHO2018000007","PAID","","193049"),
("IATT190000962","193049","191002","192010","10000","1","10000","0","10000","2","1","1","IAT2906191010","NHO2018000007","PAID","","193049"),
("IATT190000962","193022","191001","192003","30000","1","30000","0","30000","1","1","2","IAT2906191010","NHO2018000007","PAID","","193022"),
("IATT190000962","193024","191001","192003","30000","1","30000","0","30000","1","1","2","IAT2906191010","NHO2018000007","PAID","","193024"),
("IATT190000962","193049","191002","192010","10000","1","10000","0","10000","3","1","2","IAT2906191010","NHO2018000007","PAID","","193049"),
("IATT190000962","193049","191002","192010","10000","1","10000","0","10000","4","1","2","IAT2906191010","NHO2018000007","PAID","","193049"),
("IATT190000962","193093","191001","192013","5000","1","5000","0","5000","1","1","3","IAT2906191010","NHO2018000007","PAID","","193093"),
("IATT190000962","193024","191001","192003","30000","1","30000","0","30000","2","1","3","IAT2906191010","NHO2018000007","PAID","","193024"),
("IATT190000962","193092","191001","192013","5000","1","5000","0","5000","2","1","5","IAT2906191010","NHO2018000007","PAID","","193092"),
("IATT190000962","193088","191001","192013","5000","1","5000","0","5000","2","1","6","IAT2906191010","NHO2018000007","PAID","no sayur,polos ajahhhhhhh,telur mateng yaaaaaaaaaaa..","193088"),
("IATT190000962","193049","191002","192010","10000","1","10000","0","10000","5","1","8","IAT2906191010","NHO2018000007","PAID","","193049"),
("IATT190000962","193049","191002","192010","10000","1","10000","0","10000","6","1","8","IAT2906191010","NHO2018000007","PAID","","193049"),
("IATT190000963","193015","191001","192002","33000","1","33000","0","33000","1","1","1","IAT2906191010","NHO2018000007","PAID","","ORIGINAL"),
("IATT190000963","193056","191002","192010","17000","1","17000","0","17000","1","1","1","IAT2906191010","NHO2018000007","PAID","less ice","193056"),
("IATT190000962","193045","191001","192008","27000","1","27000","0","27000","1","1","9","IAT2906191010","NHO2018000007","PAID","","193045"),
("IATT190000964","193027","191001","192003","43000","1","43000","0","43000","1","1","1","IAT2906191010","NHO2018000007","PAID","","193027"),
("IATT190000964","193032","191001","192004","30000","1","30000","0","30000","1","1","1","IAT2906191010","NHO2018000007","PAID","","193032"),
("IATT190000964","193070","191001","192012","13000","1","13000","0","13000","1","1","1","IAT2906191010","NHO2018000007","PAID","","193070"),
("IATT190000964","193056","191002","192010","17000","1","17000","0","17000","1","1","1","IAT2906191010","NHO2018000007","PAID","","193056"),
("IATT190000964","193052","191002","192010","20000","1","20000","0","20000","1","1","1","IAT2906191010","NHO2018000007","PAID","","193052"),
("IATT190000963","193094","191001","192013","5000","1","5000","0","5000","1","1","2","IAT2906191010","NHO2018000007","PAID","","193094"),
("IATT190000965","193047","191002","192010","8000","1","8000","0","8000","1","1","1","IAT2906191010","NHO2018000007","PAID","","193047"),
("IATT190000965","193094","191001","192013","5000","1","5000","0","5000","1","1","1","IAT2906191010","NHO2018000007","PAID","level 3","193094"),
("IATT190000962","193045","191001","192008","27000","1","27000","0","27000","2","1","10","IAT2906191010","NHO2018000007","PAID","","193045"),
("IATT190000966","193027","191001","192003","43000","1","43000","0","43000","1","1","1","IAT2906191010","NHO2018000007","PAID","","193027"),
("IATT190000966","193028","191001","192003","43000","1","43000","0","43000","1","1","1","IAT2906191010","NHO2018000007","PAID","","193028"),
("IATT190000966","193089","191001","192013","5000","1","5000","0","5000","1","1","1","IAT2906191010","NHO2018000007","PAID","","193089"),
("IATT190000966","193048","191002","192010","8000","1","8000","0","8000","1","1","1","IAT2906191010","NHO2018000007","PAID","","193048"),
("IATT190000966","193054","191002","192010","20000","1","20000","0","20000","1","1","1","IAT2906191010","NHO2018000007","PAID","","193054"),
("IATT190000966","193055","191002","192010","17000","1","17000","0","17000","1","1","1","IAT2906191010","NHO2018000007","PAID","","193055"),
("IATT190000967","193092","191001","192013","5000","1","5000","0","5000","1","1","1","IAT2906191010","NHO2018000007","PAID","","193092"),
("IATT190000967","193092","191001","192013","5000","1","5000","0","5000","2","1","1","IAT2906191010","NHO2018000007","PAID","","193092"),
("IATT190000967","193092","191001","192013","5000","1","5000","0","5000","3","1","1","IAT2906191010","NHO2018000007","PAID","","193092"),
("IATT190000968","193024","191001","192003","30000","1","30000","0","30000","1","1","1","IAT2906191010","NHO2018000007","PAID","","193024"),
("IATT190000968","193092","191001","192013","5000","1","5000","0","5000","1","1","1","IAT2906191010","NHO2018000007","PAID","","193092"),
("IATT190000968","193055","191002","192010","17000","1","17000","0","17000","1","1","1","IAT2906191010","NHO2018000007","PAID","","193055"),
("IATT190000968","193055","191002","192010","17000","1","17000","0","17000","2","1","1","IAT2906191010","NHO2018000007","PAID","","193055"),
("IATT190000969","193090","191001","192013","5000","1","5000","0","5000","1","1","1","IAT2906191010","NHO2018000007","PAID","lvl 2","193090"),
("IATT190000969","193047","191002","192010","8000","1","8000","0","8000","1","1","1","IAT2906191010","NHO2018000007","PAID","","193047"),
("IATT190000968","193047","191002","192010","8000","1","8000","0","8000","1","1","2","IAT2906191010","NHO2018000007","PAID","","193047"),
("IATT190000968","193095","191001","192013","5000","1","5000","0","5000","1","1","2","IAT2906191010","NHO2018000007","PAID","","193095"),
("IATT190000971","193081","191001","192002","33000","1","33000","0","33000","1","1","1","IAT2906191010","NHO2018000007","PAID","","193081"),
("IATT190000971","193094","191001","192013","5000","1","5000","0","5000","1","1","1","IAT2906191010","NHO2018000007","PAID","tanpa daun bawang ya","193094"),
("IATT190000971","193030","191001","192004","27000","1","27000","0","27000","1","1","1","IAT2906191010","NHO2018000007","PAID","","193030"),
("IATT190000971","193047","191002","192010","8000","1","8000","0","8000","1","1","1","IAT2906191010","NHO2018000007","PAID","","193047"),
("IATT190000971","193055","191002","192010","17000","1","17000","0","17000","1","1","1","IAT2906191010","NHO2018000007","PAID","","193055"),
("IATT190000971","193048","191002","192010","8000","1","8000","0","8000","1","1","1","IAT2906191010","NHO2018000007","PAID","","193048"),
("IATT190000972","193094","191001","192013","5000","1","5000","0","5000","1","1","1","IAT2906191010","NHO2018000007","PAID","","193094"),
("IATT190000972","193022","191001","192003","30000","1","30000","0","30000","1","1","1","IAT2906191010","NHO2018000007","PAID","minta sambel pisah ya","193022"),
("IATT190000972","193050","191002","192010","20000","1","20000","0","20000","1","1","1","IAT2906191010","NHO2018000007","PAID","","193050"),
("IATT190000972","193054","191002","192010","20000","1","20000","0","20000","1","1","2","IAT2906191010","NHO2018000007","PAID","","193054"),
("IATT190000973","193095","191001","192013","5000","1","5000","0","5000","1","1","1","IAT2906191010","NHO2018000007","PAID","","193095"),
("IATT190000974","193086","191001","192002","33000","1","33000","0","33000","1","1","1","IAT2906191010","NHO2018000007","PAID","lvl 2","PEDAS"),
("IATT190000974","193022","191001","192003","30000","1","30000","0","30000","1","1","1","IAT2906191010","NHO2018000007","PAID","","193022"),
("IATT190000974","193008","191001","192001","37000","1","37000","0","37000","1","1","1","IAT2906191010","NHO2018000007","PAID","","193008"),
("IATT190000974","193047","191002","192010","8000","1","8000","0","8000","1","1","1","IAT2906191010","NHO2018000007","PAID","","193047"),
("IATT190000974","193054","191002","192010","20000","1","20000","0","20000","1","1","1","IAT2906191010","NHO2018000007","PAID","","193054"),
("IATT190000974","193054","191002","192010","20000","1","20000","0","20000","2","1","1","IAT2906191010","NHO2018000007","PAID","","193054"),
("IATT190000975","193082","191001","192001","30000","1","30000","0","30000","1","1","1","IAT2906191010","NHO2018000007","PAID","sambel pisah","193082"),
("IATT190000975","193069","191001","192012","13000","1","13000","0","13000","1","1","1","IAT2906191010","NHO2018000007","PAID","","193069"),
("IATT190000975","193070","191001","192012","13000","1","13000","0","13000","1","1","1","IAT2906191010","NHO2018000007","PAID","","193070"),
("IATT190000975","193046","191002","192010","8000","1","8000","0","8000","1","1","1","IAT2906191010","NHO2018000007","PAID","","193046"),
("IATT190000975","193046","191002","192010","8000","1","8000","0","8000","2","1","1","IAT2906191010","NHO2018000007","PAID","","193046"),
("IATT190000975","193053","191002","192010","20000","1","20000","0","20000","1","1","1","IAT2906191010","NHO2018000007","PAID","","193053"),
("IATT190000976","193007","191001","192001","37000","1","37000","0","37000","1","1","1","IAT2906191010","NHO2018000007","PAID","","ORIGINAL"),
("IATT190000976","193085","191001","192001","30000","1","30000","0","30000","1","1","1","IAT2906191010","NHO2018000007","PAID","","193085"),
("IATT190000976","193053","191002","192010","20000","1","20000","0","20000","1","1","1","IAT2906191010","NHO2018000007","PAID","","193053"),
("IATT190000976","193056","191002","192010","17000","1","17000","0","17000","1","1","1","IAT2906191010","NHO2018000007","PAID","","193056"),
("IATT190000977","193030","191001","192004","27000","1","27000","0","27000","1","1","1","IAT2906191010","NHO2018000007","PAID","","193030"),
("IATT190000977","193032","191001","192004","30000","1","30000","0","30000","1","1","1","IAT2906191010","NHO2018000007","PAID","","193032"),
("IATT190000977","193069","191001","192012","13000","1","13000","0","13000","1","1","1","IAT2906191010","NHO2018000007","PAID","","193069"),
("IATT190000977","193054","191002","192010","20000","1","20000","0","20000","1","1","1","IAT2906191010","NHO2018000007","PAID","","193054"),
("IATT190000977","193054","191002","192010","20000","1","20000","0","20000","2","1","1","IAT2906191010","NHO2018000007","PAID","","193054"),
("IATT190000979","193083","191001","192001","30000","1","30000","0","30000","1","1","1","IAT2906191010","NHO2018000007","PAID","","193083"),
("IATT190000979","193077","191001","192001","30000","1","30000","0","30000","1","1","1","IAT2906191010","NHO2018000007","PAID","","193077"),
("IATT190000979","193076","191001","192001","30000","1","30000","0","30000","1","1","1","IAT2906191010","NHO2018000007","PAID","minta sambel pisah yaa","193076"),
("IATT190000979","193055","191002","192010","17000","1","17000","0","17000","1","1","1","IAT2906191010","NHO2018000007","PAID","","193055"),
("IATT190000979","193055","191002","192010","17000","1","17000","0","17000","2","1","1","IAT2906191010","NHO2018000007","PAID","","193055"),
("IATT190000980","193084","191001","192001","30000","1","30000","0","30000","1","1","1","IAT2906191010","NHO2018000007","PAID","","ORIGINAL"),
("IATT190000980","193007","191001","192001","37000","1","37000","0","37000","1","1","1","IAT2906191010","NHO2018000007","PAID","","ORIGINAL"),
("IATT190000980","193047","191002","192010","8000","1","8000","0","8000","1","1","1","IAT2906191010","NHO2018000007","PAID","","193047"),
("IATT190000980","193047","191002","192010","8000","1","8000","0","8000","2","1","1","IAT2906191010","NHO2018000007","PAID","","193047"),
("IATT190000980","193069","191001","192012","13000","1","13000","0","13000","1","1","1","IAT2906191010","NHO2018000007","PAID","","193069"),
("IATT190000981","193084","191001","192001","30000","1","30000","0","30000","1","1","1","IAT2906191010","NHO2018000007","PAID","lvl 3","PEDAS"),
("IATT190000981","193086","191001","192002","33000","1","33000","0","33000","1","1","1","IAT2906191010","NHO2018000007","PAID","","PEDAS"),
("IATT190000981","193048","191002","192010","8000","1","8000","0","8000","1","1","1","IAT2906191010","NHO2018000007","PAID","","193048"),
("IATT190000981","193048","191002","192010","8000","1","8000","0","8000","2","1","1","IAT2906191010","NHO2018000007","PAID","","193048"),
("IATT190000982","193040","191001","192008","20000","1","20000","0","20000","1","1","1","IAT2906191010","NHO2018000007","PAID","","193040"),
("IATT190000982","193040","191001","192008","20000","1","20000","0","20000","2","1","1","IAT2906191010","NHO2018000007","PAID","","193040"),
("IATT190000982","193067","191001","192003","7000","1","7000","0","7000","1","1","1","IAT2906191010","NHO2018000007","PAID","","193067"),
("IATT190000982","193022","191001","192003","30000","1","30000","0","30000","1","1","1","IAT2906191010","NHO2018000007","PAID","","193022"),
("IATT190000982","193047","191002","192010","8000","1","8000","0","8000","1","1","1","IAT2906191010","NHO2018000007","PAID","","193047"),
("IATT190000982","193047","191002","192010","8000","1","8000","0","8000","2","1","1","IAT2906191010","NHO2018000007","PAID","","193047"),
("IATT190000982","193047","191002","192010","8000","1","8000","0","8000","3","1","1","IAT2906191010","NHO2018000007","PAID","","193047"),
("IATT190000982","193049","191002","192010","10000","1","10000","0","10000","1","1","1","IAT2906191010","NHO2018000007","PAID","","193049"),
("IATT190000981","193036","191001","192006","36000","1","36000","0","36000","1","1","2","IAT2906191010","NHO2018000007","PAID","","ORIGINAL"),
("IATT190000982","193006","191001","192001","37000","1","37000","0","37000","1","1","2","IAT2906191010","NHO2018000007","PAID","","193006"),
("IATT190000983","193037","191001","192006","36000","1","36000","0","36000","1","1","1","IAT2906191010","NHO2018000007","PAID","","ORIGINAL"),
("IATT190000983","193034","191001","192005","37000","1","37000","0","37000","1","1","1","IAT2906191010","NHO2018000007","PAID","","193034"),
("IATT190000983","193028","191001","192003","43000","1","43000","0","43000","1","1","1","IAT2906191010","NHO2018000007","PAID","","193028"),
("IATT190000983","193069","191001","192012","13000","1","13000","0","13000","1","1","1","IAT2906191010","NHO2018000007","PAID","","193069"),
("IATT190000983","193071","191001","192012","18000","1","18000","0","18000","1","1","1","IAT2906191010","NHO2018000007","PAID","","193071"),
("IATT190000983","193047","191002","192010","8000","1","8000","0","8000","1","1","1","IAT2906191010","NHO2018000007","PAID","","193047"),
("IATT190000983","193047","191002","192010","8000","1","8000","0","8000","2","1","1","IAT2906191010","NHO2018000007","PAID","","193047"),
("IATT190000983","193046","191002","192010","8000","1","8000","0","8000","1","1","1","IAT2906191010","NHO2018000007","PAID","","193046"),
("IATT190000983","193048","191002","192010","8000","1","8000","0","8000","1","1","1","IAT2906191010","NHO2018000007","PAID","","193048"),
("IATT190000983","193048","191002","192010","8000","1","8000","0","8000","2","1","1","IAT2906191010","NHO2018000007","PAID","","193048"),
("IATT190000983","193048","191002","192010","8000","1","8000","0","8000","3","1","1","IAT2906191010","NHO2018000007","PAID","","193048"),
("IATT190000984","193051","191002","192010","20000","1","20000","0","20000","1","1","1","IAT2906191010","NHO2018000007","PAID","","193051"),
("IATT190000984","193093","191001","192013","5000","1","5000","0","5000","1","1","2","IAT2906191010","NHO2018000007","PAID","","193093"),
("IATT190000984","193092","191001","192013","5000","1","5000","0","5000","1","1","2","IAT2906191010","NHO2018000007","PAID","","193092"),
("IATT190000984","193071","191001","192012","18000","1","18000","0","18000","1","1","2","IAT2906191010","NHO2018000007","PAID","","193071"),
("IATT190000985","193085","191001","192001","30000","1","30000","0","30000","1","1","1","IAT2906191010","NHO2018000007","PAID","","193085"),
("IATT190000985","193079","191001","192001","30000","1","30000","0","30000","1","1","1","IAT2906191010","NHO2018000007","PAID","","193079"),
("IATT190000985","193069","191001","192012","13000","1","13000","0","13000","1","1","1","IAT2906191010","NHO2018000007","PAID","","193069"),
("IATT190000985","193048","191002","192010","8000","1","8000","0","8000","1","1","1","IAT2906191010","NHO2018000007","PAID","","193048"),
("IATT190000985","193055","191002","192010","17000","1","17000","0","17000","1","1","1","IAT2906191010","NHO2018000007","PAID","","193055"),
("IATT190000985","193055","191002","192010","17000","1","17000","0","17000","2","1","1","IAT2906191010","NHO2018000007","PAID","","193055"),
("IATT190000986","193079","191001","192001","30000","1","30000","0","30000","1","1","1","IAT2906191010","NHO2018000007","PAID","","193079"),
("IATT190000986","193083","191001","192001","30000","1","30000","0","30000","1","1","1","IAT2906191010","NHO2018000007","PAID","","193083"),
("IATT190000986","193050","191002","192010","20000","1","20000","0","20000","1","1","1","IAT2906191010","NHO2018000007","PAID","","193050"),
("IATT190000986","193049","191002","192010","10000","1","10000","0","10000","1","1","1","IAT2906191010","NHO2018000007","PAID","","193049"),
("IATT190000987","193025","191001","192003","30000","1","30000","0","30000","1","1","1","IAT2906191010","NHO2018000007","PAID","","193025"),
("IATT190000987","193023","191001","192003","30000","1","30000","0","30000","1","1","1","IAT2906191010","NHO2018000007","PAID","","193023"),
("IATT190000987","193055","191002","192010","17000","1","17000","0","17000","1","1","1","IAT2906191010","NHO2018000007","PAID","","193055"),
("IATT190000986","193069","191001","192012","13000","1","13000","0","13000","1","1","2","IAT2906191010","NHO2018000007","PAID","","193069"),
("IATT190000986","193071","191001","192012","18000","1","18000","0","18000","1","1","2","IAT2906191010","NHO2018000007","PAID","","193071");



INSERT INTO pos_salestemp VALUES("IATT190000943","","2","10000","0","1000","0","11000","20000","29/06/2019","11:44","2019-06-29","12:01:02","ISU000012","tbl0012","CLOSED","1","","IATR190000914","","","","","IAT2906191010","NHO2018000007"),
("IATT190000944","","1","5000","0","500","0","5500","10000","29/06/2019","11:57","2019-06-29","12:30:10","ISU000012","tbl0009","CLOSED","1","","IATR190000915","","","","","IAT2906191010","NHO2018000007"),
("IATT190000945","","2","40000","0","4000","0","44000","50000","29/06/2019","12:13","2019-06-29","13:46:17","ISU000012","tbl0010","CLOSED","1","","IATR190000920","","","","","IAT2906191010","NHO2018000007"),
("IATT190000946","","2","26000","0","2600","0","28600","50600","29/06/2019","12:16","2019-06-29","12:40:48","ISU000012","tbl0012","CLOSED","1","","IATR190000916","","","","","IAT2906191010","NHO2018000007"),
("IATT190000947","","2","47000","0","4700","0","51700","52000","29/06/2019","12:16","2019-06-29","13:06:22","ISU000012","tbl0011","CLOSED","1","","IATR190000918","","","","","IAT2906191010","NHO2018000007"),
("IATT190000948","","2","30000","0","3000","0","33000","50000","29/06/2019","12:30","2019-06-29","12:56:11","ISU000012","tbl0005","CLOSED","1","","IATR190000917","","","","","IAT2906191010","NHO2018000007"),
("IATT190000949","","2","123000","0","12300","0","135300","135300","29/06/2019","12:41","2019-06-29","13:22:56","ISU000012","tbl0013","CLOSED","1","","IATR190000919","","","","","IAT2906191010","NHO2018000007"),
("IATT190000950","","3","60000","0","6000","0","66000","66000","29/06/2019","13:09","2019-06-29","14:12:06","ISU000012","tbl0012","CLOSED","1","","IATR190000922","","","","","IAT2906191010","NHO2018000007"),
("IATT190000951","","1","22000","0","2200","0","24200","24200","29/06/2019","13:12","2019-06-29","13:47:18","ISU000012","tbl0009","CLOSED","1","","IATR190000921","","","","","IAT2906191010","NHO2018000007"),
("IATT190000952","","2","45000","0","4500","0","49500","100000","29/06/2019","13:40","2019-06-29","14:42:12","ISU000012","tbl0001","CLOSED","1","","IATR190000925","","","","","IAT2906191010","NHO2018000007"),
("IATT190000953","","1","33000","0","3300","0","36300","36300","29/06/2019","13:44","2019-06-29","14:18:24","ISU000012","tbl0006","CLOSED","1","","IATR190000923","","","","","IAT2906191010","NHO2018000007"),
("IATT190000954","","1","50000","0","5000","0","55000","60000","29/06/2019","13:58","2019-06-29","14:32:08","ISU000012","tbl0003","CLOSED","1","","IATR190000924","","","","","IAT2906191010","NHO2018000007"),
("IATT190000955","","3","15000","0","1500","0","16500","17000","29/06/2019","14:38","2019-06-29","15:17:16","ISU000012","tbl0012","CLOSED","1","","IATR190000926","","","","","IAT2906191010","NHO2018000007"),
("IATT190000956","","1","30000","0","3000","0","33000","33000","29/06/2019","14:40","2019-06-29","15:18:35","ISU000012","tbl0030","CLOSED","1","","IATR190000927","","","","","IAT2906191010","NHO2018000007"),
("IATT190000957","","2","72000","0","7200","0","79200","100000","29/06/2019","14:47","2019-06-29","16:03:36","ISU000012","tbl0010","CLOSED","1","","IATR190000932","","","","","IAT2906191010","NHO2018000007"),
("IATT190000958","","2","10000","0","1000","0","11000","11000","29/06/2019","14:48","2019-06-29","15:51:02","ISU000012","tbl0004","CLOSED","1","","IATR190000930","","","","","IAT2906191010","NHO2018000007"),
("IATT190000959","","1","5000","0","500","0","5500","5500","29/06/2019","14:49","2019-06-29","15:23:43","ISU000011","tbl0015","CLOSED","1","","IATR190000928","","","","","IAT2906191010","NHO2018000007"),
("IATT190000960","","1","5000","0","500","0","5500","6000","29/06/2019","15:12","2019-06-29","15:49:21","ISU000012","tbl0031","CLOSED","1","","IATR190000929","","","","","IAT2906191010","NHO2018000007"),
("IATT190000961","","1","5000","0","500","0","5500","20000","29/06/2019","15:20","2019-06-29","15:54:05","ISU000012","tbl0012","CLOSED","1","","IATR190000931","","","","","IAT2906191010","NHO2018000007"),
("IATT190000962","","7","229000","0","22900","0","251900","251900","29/06/2019","15:28","2019-06-29","16:40:42","ISU000012","tbl0014","CLOSED","1","","IATR190000934","","","","","IAT2906191010","NHO2018000007"),
("IATT190000963","","2","55000","0","5500","0","60500","100000","29/06/2019","16:07","2019-06-29","16:33:48","ISU000012","tbl0012","CLOSED","1","","IATR190000933","","","","","IAT2906191010","NHO2018000007"),
("IATT190000964","","1","123000","0","12300","0","135300","200500","29/06/2019","16:22","2019-06-29","17:02:20","ISU000012","tbl0010","CLOSED","1","","IATR190000935","","","","","IAT2906191010","NHO2018000007"),
("IATT190000965","","1","13000","0","1300","0","14300","15000","29/06/2019","16:34","2019-06-29","17:15:15","ISU000012","tbl0011","CLOSED","1","","IATR190000936","","","","","IAT2906191010","NHO2018000007"),
("IATT190000966","","3","136000","0","13600","0","149600","150000","29/06/2019","16:54","2019-06-29","17:37:16","ISU000012","tbl0012","CLOSED","1","","IATR190000938","","","","","IAT2906191010","NHO2018000007"),
("IATT190000967","","3","15000","0","1500","0","16500","20500","29/06/2019","17:13","2019-06-29","17:29:20","ISU000012","tbl0010","CLOSED","1","","IATR190000937","","","","","IAT2906191010","NHO2018000007"),
("IATT190000968","","2","82000","0","8200","0","90200","100000","29/06/2019","17:31","2019-06-29","18:17:40","ISU000012","tbl0011","CLOSED","1","","IATR190000939","","","","","IAT2906191010","NHO2018000007"),
("IATT190000969","","1","13000","0","1300","0","14300","20000","29/06/2019","17:47","2019-06-29","18:40:08","ISU000012","tbl0012","CLOSED","1","","IATR190000940","","","","","IAT2906191010","NHO2018000007"),
("IATT190000970","","2","0","0","0","0","0","0","29/06/2019","18:06","29/06/2019","18:06:25","ISU000012","tbl0010","CANCELED","1","PERMINTAAN CUSTOMER","","","","","","IAT2906191010","NHO2018000007"),
("IATT190000971","","3","98000","0","9800","0","107800","112000","29/06/2019","18:06","2019-06-29","18:47:10","ISU000012","tbl0010","CLOSED","1","","IATR190000941","","","","","IAT2906191010","NHO2018000007"),
("IATT190000972","","2","75000","0","7500","0","82500","100000","29/06/2019","18:28","2019-06-29","19:01:38","ISU000012","tbl0011","CLOSED","1","","IATR190000943","","","","","IAT2906191010","NHO2018000007"),
("IATT190000973","","1","5000","0","500","0","5500","15000","29/06/2019","18:34","2019-06-29","18:52:05","ISU000012","tbl0006","CLOSED","1","","IATR190000942","","","","","IAT2906191010","NHO2018000007"),
("IATT190000974","","3","148000","0","14800","0","162800","175000","29/06/2019","18:42","2019-06-29","19:27:04","ISU000012","tbl0020","CLOSED","1","","IATR190000945","","","","","IAT2906191010","NHO2018000007"),
("IATT190000975","","2","92000","0","9200","0","101200","125200","29/06/2019","18:52","2019-06-29","19:25:16","ISU000012","tbl0012","CLOSED","1","","IATR190000944","","","","","IAT2906191010","NHO2018000007"),
("IATT190000976","","2","104000","0","10400","0","114400","114400","29/06/2019","19:03","2019-06-29","19:32:38","ISU000012","tbl0010","CLOSED","1","","IATR190000946","","","","","IAT2906191010","NHO2018000007"),
("IATT190000977","","2","110000","0","11000","0","121000","125000","29/06/2019","19:05","2019-06-29","19:49:47","ISU000012","tbl0013","CLOSED","1","","IATR190000947","","","","","IAT2906191010","NHO2018000007"),
("IATT190000978","","2","0","0","0","0","0","0","29/06/2019","19:40","29/06/2019","19:40:20","ISU000012","tbl0011","CANCELED","1","PERMINTAAN CUSTOMER","","","","","","IAT2906191010","NHO2018000007"),
("IATT190000979","","3","124000","0","12400","0","136400","150000","29/06/2019","19:40","2019-06-29","21:17:48","ISU000012","tbl0011","CLOSED","1","","IATR190000953","","","","","IAT2906191010","NHO2018000007"),
("IATT190000980","","2","96000","0","9600","0","105600","105600","29/06/2019","19:54","2019-06-29","20:31:21","ISU000012","tbl0012","CLOSED","1","","IATR190000948","","","","","IAT2906191010","NHO2018000007"),
("IATT190000981","","2","115000","0","11500","0","126500","126500","29/06/2019","19:55","2019-06-29","21:08:15","ISU000012","tbl0010","CLOSED","1","","IATR190000950","","","","","IAT2906191010","NHO2018000007"),
("IATT190000982","","4","148000","0","14800","0","162800","175000","29/06/2019","20:16","2019-06-29","20:47:13","ISU000012","tbl0013","CLOSED","1","","IATR190000949","","","","","IAT2906191010","NHO2018000007"),
("IATT190000983","","3","195000","0","19500","0","214500","220000","29/06/2019","20:33","2019-06-29","21:09:10","ISU000012","tbl0018","CLOSED","1","","IATR190000951","","","","","IAT2906191010","NHO2018000007"),
("IATT190000984","","1","48000","0","4800","0","52800","52800","29/06/2019","20:39","2019-06-29","21:17:11","ISU000012","tbl0012","CLOSED","1","","IATR190000952","","","","","IAT2906191010","NHO2018000007"),
("IATT190000985","","3","115000","0","11500","0","126500","127000","29/06/2019","20:54","2019-06-29","21:26:01","ISU000012","tbl0021","CLOSED","1","","IATR190000954","","","","","IAT2906191010","NHO2018000007"),
("IATT190000986","","2","121000","0","12100","0","133100","145000","29/06/2019","20:57","2019-06-29","21:38:19","ISU000012","tbl0020","CLOSED","1","","IATR190000956","","","","","IAT2906191010","NHO2018000007"),
("IATT190000987","","2","77000","0","7700","0","84700","100000","29/06/2019","21:03","2019-06-29","21:35:51","ISU000012","tbl0022","CLOSED","1","","IATR190000955","","","","","IAT2906191010","NHO2018000007");



INSERT INTO item_void VALUES("IATT190000952","IAT2906191010","NHO2018000007","193083","193083","1","30000","Before Send","Komplen Customer"),
("IATT190000962","IAT2906191010","NHO2018000007","193024","193024","1","30000","Before Send","Komplen Customer"),
("IATT190000962","IAT2906191010","NHO2018000007","193067","193067","1","7000","Before Send","Komplen Customer"),
("IATT190000962","IAT2906191010","NHO2018000007","193024","193024","1","30000","Before Send","Komplen Customer"),
("IATT190000963","IAT2906191010","NHO2018000007","193084","PEDAS","1","30000","Before Send","Komplen Customer"),
("IATT190000972","IAT2906191010","NHO2018000007","193052","193052","1","20000","Before Send","Komplen Customer");









INSERT INTO pos_paymenttemp VALUES("IATT190000943","CASH","CASH","11000","20000","ISU000012","2019-06-29","","1","","CLOSED","IAT2906191010","NHO2018000007"),
("IATT190000944","CASH","CASH","5500","10000","ISU000012","2019-06-29","","1","","CLOSED","IAT2906191010","NHO2018000007"),
("IATT190000946","CASH","CASH","28600","50600","ISU000012","2019-06-29","","1","","CLOSED","IAT2906191010","NHO2018000007"),
("IATT190000948","CASH","CASH","33000","50000","ISU000012","2019-06-29","","1","","CLOSED","IAT2906191010","NHO2018000007"),
("IATT190000947","CASH","CASH","51700","52000","ISU000012","2019-06-29","","1","","CLOSED","IAT2906191010","NHO2018000007"),
("IATT190000949","CARD","MASTER","135300","135300","ISU000012","2019-06-29","","1","","CLOSED","IAT2906191010","NHO2018000007"),
("IATT190000945","CASH","CASH","44000","50000","ISU000012","2019-06-29","","1","","CLOSED","IAT2906191010","NHO2018000007"),
("IATT190000951","CASH","CASH","24200","24200","ISU000012","2019-06-29","","1","","CLOSED","IAT2906191010","NHO2018000007"),
("IATT190000950","CARD","MASTER","66000","66000","ISU000012","2019-06-29","","1","","CLOSED","IAT2906191010","NHO2018000007"),
("IATT190000953","CARD","DEBIT BCA","36300","36300","ISU000012","2019-06-29","","1","","CLOSED","IAT2906191010","NHO2018000007"),
("IATT190000954","CASH","CASH","55000","60000","ISU000012","2019-06-29","","1","","CLOSED","IAT2906191010","NHO2018000007"),
("IATT190000952","CASH","CASH","49500","100000","ISU000012","2019-06-29","","1","","CLOSED","IAT2906191010","NHO2018000007"),
("IATT190000955","CASH","CASH","16500","17000","ISU000012","2019-06-29","","1","","CLOSED","IAT2906191010","NHO2018000007"),
("IATT190000956","CARD","MASTER","33000","33000","ISU000012","2019-06-29","","1","","CLOSED","IAT2906191010","NHO2018000007"),
("IATT190000959","CASH","CASH","5500","5500","ISU000011","2019-06-29","","1","","CLOSED","IAT2906191010","NHO2018000007"),
("IATT190000960","CASH","CASH","5500","6000","ISU000012","2019-06-29","","1","","CLOSED","IAT2906191010","NHO2018000007"),
("IATT190000958","CASH","CASH","11000","11000","ISU000012","2019-06-29","","1","","CLOSED","IAT2906191010","NHO2018000007"),
("IATT190000961","CASH","CASH","5500","20000","ISU000012","2019-06-29","","1","","CLOSED","IAT2906191010","NHO2018000007"),
("IATT190000957","CASH","CASH","79200","100000","ISU000012","2019-06-29","","1","","CLOSED","IAT2906191010","NHO2018000007"),
("IATT190000963","CASH","CASH","60500","100000","ISU000012","2019-06-29","","1","","CLOSED","IAT2906191010","NHO2018000007"),
("IATT190000962","CARD","MASTER","251900","251900","ISU000012","2019-06-29","","1","","CLOSED","IAT2906191010","NHO2018000007"),
("IATT190000964","CASH","CASH","135300","200500","ISU000012","2019-06-29","","1","","CLOSED","IAT2906191010","NHO2018000007"),
("IATT190000965","CASH","CASH","14300","15000","ISU000012","2019-06-29","","1","","CLOSED","IAT2906191010","NHO2018000007"),
("IATT190000967","CASH","CASH","16500","20500","ISU000012","2019-06-29","","1","","CLOSED","IAT2906191010","NHO2018000007"),
("IATT190000966","CASH","CASH","149600","150000","ISU000012","2019-06-29","","1","","CLOSED","IAT2906191010","NHO2018000007"),
("IATT190000968","CASH","CASH","90200","100000","ISU000012","2019-06-29","","1","","CLOSED","IAT2906191010","NHO2018000007"),
("IATT190000969","CASH","CASH","14300","20000","ISU000012","2019-06-29","","1","","CLOSED","IAT2906191010","NHO2018000007"),
("IATT190000971","CASH","CASH","107800","112000","ISU000012","2019-06-29","","1","","CLOSED","IAT2906191010","NHO2018000007"),
("IATT190000973","CASH","CASH","5500","15000","ISU000012","2019-06-29","","1","","CLOSED","IAT2906191010","NHO2018000007"),
("IATT190000972","CASH","CASH","82500","100000","ISU000012","2019-06-29","","1","","CLOSED","IAT2906191010","NHO2018000007"),
("IATT190000975","VOUCHER","ISOIDE VOUCHER 25K","25000","25000","ISU000012","2019-06-29","","1","","CLOSED","IAT2906191010","NHO2018000007"),
("IATT190000975","CASH","CASH","76200","100200","ISU000012","2019-06-29","","1","","CLOSED","IAT2906191010","NHO2018000007"),
("IATT190000974","VOUCHER","ISOIDE VOUCHER 25K","25000","25000","ISU000012","2019-06-29","","1","","CLOSED","IAT2906191010","NHO2018000007"),
("IATT190000974","CASH","CASH","137800","150000","ISU000012","2019-06-29","","1","","CLOSED","IAT2906191010","NHO2018000007"),
("IATT190000976","VOUCHER","ISOIDE VOUCHER 25K","25000","25000","ISU000012","2019-06-29","","1","","CLOSED","IAT2906191010","NHO2018000007"),
("IATT190000976","CARD","MASTER","89400","89400","ISU000012","2019-06-29","","1","","CLOSED","IAT2906191010","NHO2018000007"),
("IATT190000977","VOUCHER","ISOIDE VOUCHER 25K","25000","25000","ISU000012","2019-06-29","","1","","CLOSED","IAT2906191010","NHO2018000007"),
("IATT190000977","CASH","CASH","96000","100000","ISU000012","2019-06-29","","1","","CLOSED","IAT2906191010","NHO2018000007"),
("IATT190000980","VOUCHER","ISOIDE VOUCHER 25K","25000","25000","ISU000012","2019-06-29","","1","","CLOSED","IAT2906191010","NHO2018000007"),
("IATT190000980","CASH","CASH","80600","80600","ISU000012","2019-06-29","","1","","CLOSED","IAT2906191010","NHO2018000007"),
("IATT190000982","VOUCHER","ISOIDE VOUCHER 25K","25000","25000","ISU000012","2019-06-29","","1","","CLOSED","IAT2906191010","NHO2018000007"),
("IATT190000982","CASH","CASH","137800","150000","ISU000012","2019-06-29","","1","","CLOSED","IAT2906191010","NHO2018000007"),
("IATT190000981","CARD","VISA","126500","126500","ISU000012","2019-06-29","","1","","CLOSED","IAT2906191010","NHO2018000007"),
("IATT190000983","CASH","CASH","214500","220000","ISU000012","2019-06-29","","1","","CLOSED","IAT2906191010","NHO2018000007"),
("IATT190000984","CARD","DEBIT BCA","52800","52800","ISU000012","2019-06-29","","1","","CLOSED","IAT2906191010","NHO2018000007"),
("IATT190000979","CASH","CASH","136400","150000","ISU000012","2019-06-29","","1","","CLOSED","IAT2906191010","NHO2018000007"),
("IATT190000985","VOUCHER","ISOIDE VOUCHER 25K","25000","25000","ISU000012","2019-06-29","","1","","CLOSED","IAT2906191010","NHO2018000007"),
("IATT190000985","CASH","CASH","101500","102000","ISU000012","2019-06-29","","1","","CLOSED","IAT2906191010","NHO2018000007"),
("IATT190000987","CASH","CASH","84700","100000","ISU000012","2019-06-29","","1","","CLOSED","IAT2906191010","NHO2018000007"),
("IATT190000986","VOUCHER","ISOIDE VOUCHER 25K","25000","25000","ISU000012","2019-06-29","","1","","CLOSED","IAT2906191010","NHO2018000007"),
("IATT190000986","CASH","CASH","108100","120000","ISU000012","2019-06-29","","1","","CLOSED","IAT2906191010","NHO2018000007");



