INSERT INTO pos_itemtemp VALUES("IATT190002745","193084","191001","192001","30000","1","30000","15000","15000","1","1","1","IAT2309190915","NHO2018000007","PAID","level 2","PEDAS"),
("IATT190002747","193172","191001","192015","26000","1","26000","0","26000","1","1","1","IAT2309190915","NHO2018000007","PAID","","193172"),
("IATT190002747","193172","191001","192015","26000","1","26000","0","26000","2","1","1","IAT2309190915","NHO2018000007","PAID","","193172"),
("IATT190002747","193162","191001","192015","46800","1","46800","0","46800","1","1","1","IAT2309190915","NHO2018000007","PAID","","ORIGINAL"),
("IATT190002747","193163","191001","192015","46800","1","46800","0","46800","1","1","1","IAT2309190915","NHO2018000007","PAID","","ORIGINAL"),
("IATT190002746","193030","191001","192004","27000","1","27000","13500","13500","1","1","1","IAT2309190915","NHO2018000007","PAID","","193030"),
("IATT190002746","193036","191001","192006","36000","1","36000","18000","18000","1","1","1","IAT2309190915","NHO2018000007","PAID","","ORIGINAL"),
("IATT190002748","193012","191001","192001","40000","1","40000","20000","20000","1","1","1","IAT2309190915","NHO2018000007","PAID","","193012"),
("IATT190002748","193085","191001","192001","30000","1","30000","15000","15000","1","1","1","IAT2309190915","NHO2018000007","PAID","","193085"),
("IATT190002748","193053","191002","192010","20000","1","20000","0","20000","1","1","1","IAT2309190915","NHO2018000007","PAID","","193053"),
("IATT190002748","193051","191002","192010","20000","1","20000","0","20000","1","1","1","IAT2309190915","NHO2018000007","PAID","","193051"),
("IATT190002749","193024","191001","192003","30000","1","30000","0","30000","1","1","1","IAT2309190915","NHO2018000007","PAID","","193024"),
("IATT190002749","193036","191001","192006","36000","1","36000","18000","18000","1","1","1","IAT2309190915","NHO2018000007","PAID","","ORIGINAL"),
("IATT190002749","193083","191001","192001","30000","1","30000","15000","15000","1","1","1","IAT2309190915","NHO2018000007","PAID","","193083"),
("IATT190002749","193055","191002","192010","17000","1","17000","0","17000","1","1","1","IAT2309190915","NHO2018000007","PAID","","193055"),
("IATT190002749","193056","191002","192010","17000","1","17000","0","17000","1","1","1","IAT2309190915","NHO2018000007","PAID","","193056"),
("IATT190002749","193034","191001","192005","37000","1","37000","18500","18500","1","1","1","IAT2309190915","NHO2018000007","PAID","","193034"),
("IATT190002749","193052","191002","192010","20000","1","20000","0","20000","1","1","1","IAT2309190915","NHO2018000007","PAID","","193052"),
("IATT190002748","193048","191002","192010","8000","1","8000","0","8000","1","1","2","IAT2309190915","NHO2018000007","PAID","","193048"),
("IATT190002750","193028","191001","192003","43000","1","43000","0","43000","1","1","1","IAT2309190915","NHO2018000007","PAID","","193028"),
("IATT190002750","193033","191001","192005","42000","1","42000","21000","21000","1","1","1","IAT2309190915","NHO2018000007","PAID","","193033"),
("IATT190002750","193056","191002","192010","17000","1","17000","0","17000","1","1","1","IAT2309190915","NHO2018000007","PAID","","193056"),
("IATT190002750","193055","191002","192010","17000","1","17000","0","17000","1","1","1","IAT2309190915","NHO2018000007","PAID","","193055"),
("IATT190002751","193029","191001","192004","27000","1","27000","13500","13500","1","1","1","IAT2309190915","NHO2018000007","PAID","","193029"),
("IATT190002751","193046","191002","192010","10000","1","10000","0","10000","1","1","1","IAT2309190915","NHO2018000007","PAID","","193046"),
("IATT190002751","193047","191002","192010","10000","1","10000","0","10000","1","1","1","IAT2309190915","NHO2018000007","PAID","","193047"),
("IATT190002751","193015","191001","192002","33000","1","33000","16500","16500","1","1","1","IAT2309190915","NHO2018000007","PAID","","ORIGINAL"),
("IATT190002751","193050","191002","192010","20000","1","20000","0","20000","1","1","2","IAT2309190915","NHO2018000007","PAID","","193050"),
("IATT190002751","193069","191001","192012","13000","1","13000","6500","6500","1","1","3","IAT2309190915","NHO2018000007","PAID","","193069"),
("IATT190002752","193022","191001","192003","30000","1","30000","0","30000","1","1","1","IAT2309190915","NHO2018000007","PAID","","193022"),
("IATT190002752","193084","191001","192001","30000","1","30000","15000","15000","1","1","1","IAT2309190915","NHO2018000007","PAID","","PEDAS"),
("IATT190002752","193054","191002","192010","20000","1","20000","0","20000","1","1","1","IAT2309190915","NHO2018000007","PAID","","193054"),
("IATT190002752","193048","191002","192010","8000","1","8000","0","8000","1","1","1","IAT2309190915","NHO2018000007","PAID","","193048"),
("IATT190002752","193118","191001","192012","20000","1","20000","10000","10000","1","1","1","IAT2309190915","NHO2018000007","PAID","","193118"),
("IATT190002753","193117","191001","192013","25000","1","25000","0","25000","1","1","1","IAT2309190915","NHO2018000007","PAID","","193117"),
("IATT190002754","193034","191001","192005","37000","1","37000","18500","18500","1","1","1","IAT2309190915","NHO2018000007","PAID","","193034"),
("IATT190002754","193070","191001","192012","13000","1","13000","6500","6500","1","1","1","IAT2309190915","NHO2018000007","PAID","","193070"),
("IATT190002754","193054","191002","192010","20000","1","20000","0","20000","1","1","1","IAT2309190915","NHO2018000007","PAID","","193054"),
("IATT190002754","193047","191002","192010","10000","1","10000","0","10000","1","1","2","IAT2309190915","NHO2018000007","PAID","","193047"),
("IATT190002754","193052","191002","192010","20000","1","20000","0","20000","1","1","3","IAT2309190915","NHO2018000007","PAID","","193052"),
("IATT190002754","193039","191001","192006","36000","1","36000","18000","18000","1","1","3","IAT2309190915","NHO2018000007","PAID","","PEDAS"),
("IATT190002754","193039","191001","192006","36000","1","36000","18000","18000","2","1","3","IAT2309190915","NHO2018000007","PAID","","PEDAS"),
("IATT190002755","193011","191001","192001","40000","1","40000","20000","20000","1","1","1","IAT2309190915","NHO2018000007","PAID","lv2","PEDAS"),
("IATT190002755","193035","191001","192006","32000","1","32000","16000","16000","1","1","1","IAT2309190915","NHO2018000007","PAID","","ORIGINAL"),
("IATT190002755","193046","191002","192010","10000","1","10000","0","10000","1","1","1","IAT2309190915","NHO2018000007","PAID","","193046"),
("IATT190002755","193046","191002","192010","10000","1","10000","0","10000","2","1","1","IAT2309190915","NHO2018000007","PAID","","193046"),
("IATT190002756","193051","191002","192010","20000","1","20000","0","20000","1","1","1","IAT2309190915","NHO2018000007","PAID","","193051"),
("IATT190002756","193052","191002","192010","20000","1","20000","0","20000","1","1","1","IAT2309190915","NHO2018000007","PAID","","193052"),
("IATT190002756","193025","191001","192003","30000","1","30000","0","30000","1","1","2","IAT2309190915","NHO2018000007","PAID","","193025"),
("IATT190002756","193025","191001","192003","30000","1","30000","0","30000","2","1","2","IAT2309190915","NHO2018000007","PAID","","193025"),
("IATT190002756","193023","191001","192003","30000","1","30000","0","30000","1","1","2","IAT2309190915","NHO2018000007","PAID","","193023"),
("IATT190002757","193022","191001","192003","30000","1","30000","0","30000","1","1","1","IAT2309190915","NHO2018000007","PAID","","193022"),
("IATT190002757","193022","191001","192003","30000","1","30000","0","30000","2","1","1","IAT2309190915","NHO2018000007","PAID","","193022"),
("IATT190002757","193035","191001","192006","32000","1","32000","0","32000","1","1","1","IAT2309190915","NHO2018000007","PAID","","PEDAS"),
("IATT190002757","193048","191002","192010","8000","1","8000","0","8000","1","1","1","IAT2309190915","NHO2018000007","PAID","","193048"),
("IATT190002757","193048","191002","192010","8000","1","8000","0","8000","2","1","1","IAT2309190915","NHO2018000007","PAID","","193048"),
("IATT190002757","193048","191002","192010","8000","1","8000","0","8000","3","1","1","IAT2309190915","NHO2018000007","PAID","","193048"),
("IATT190002757","193050","191002","192010","20000","1","20000","0","20000","1","1","1","IAT2309190915","NHO2018000007","PAID","","193050"),
("IATT190002757","193053","191002","192010","20000","1","20000","0","20000","1","1","1","IAT2309190915","NHO2018000007","PAID","","193053"),
("IATT190002755","193009","191001","192001","40000","1","40000","20000","20000","1","1","2","IAT2309190915","NHO2018000007","PAID","","193009"),
("IATT190002757","193022","191001","192003","30000","1","30000","0","30000","3","1","2","IAT2309190915","NHO2018000007","PAID","","193022"),
("IATT190002757","193022","191001","192003","30000","1","30000","0","30000","4","1","2","IAT2309190915","NHO2018000007","PAID","","193022");



INSERT INTO pos_salestemp VALUES("IATT190002745","","1","30000","15000","1500","0","16500","20000","23/09/2019","13:45","2019-09-23","13:47:02","ISU000012","tbl0013","CLOSED","1","","IATR190002666","","","","","IAT2309190915","NHO2018000007"),
("IATT190002746","","1","63000","31500","3150","0","34650","50000","23/09/2019","14:42","2019-09-23","15:48:10","ISU000012","tbl0001","CLOSED","1","","IATR190002668","","","","","IAT2309190915","NHO2018000007"),
("IATT190002747","","1","145600","0","14560","0","160160","160160","23/09/2019","15:00","2019-09-23","15:04:53","ISU000012","tbl0004","CLOSED","1","","IATR190002667","","","","","IAT2309190915","NHO2018000007"),
("IATT190002748","","2","118000","35000","8300","0","91300","100000","23/09/2019","16:53","2019-09-23","17:19:35","ISU000012","tbl0020","CLOSED","1","","IATR190002669","","","","","IAT2309190915","NHO2018000007"),
("IATT190002749","","3","187000","51500","13550","0","149050","149050","23/09/2019","16:56","2019-09-23","17:49:50","ISU000012","tbl0012","CLOSED","1","","IATR190002670","","","","","IAT2309190915","NHO2018000007"),
("IATT190002750","","2","119000","21000","9800","0","107800","107800","23/09/2019","17:22","2019-09-23","18:22:46","ISU000012","tbl0010","CLOSED","1","","IATR190002671","","","","","IAT2309190915","NHO2018000007"),
("IATT190002751","","2","113000","36500","7650","0","84150","100000","23/09/2019","17:51","2019-09-23","18:49:23","ISU000012","tbl0012","CLOSED","1","","IATR190002672","","","","","IAT2309190915","NHO2018000007"),
("IATT190002752","","2","108000","25000","8300","0","91300","100000","23/09/2019","18:27","2019-09-23","18:55:51","ISU000012","tbl0006","CLOSED","1","","IATR190002673","","","","","IAT2309190915","NHO2018000007"),
("IATT190002753","","1","25000","0","2500","0","27500","50000","23/09/2019","19:17","2019-09-23","19:30:53","ISU000012","tbl0012","CLOSED","1","","IATR190002674","","","","","IAT2309190915","NHO2018000007"),
("IATT190002754","","1","172000","61000","11100","0","122100","122100","23/09/2019","19:27","2019-09-23","20:21:06","ISU000012","tbl0022","CLOSED","1","","IATR190002675","","","","","IAT2309190915","NHO2018000007"),
("IATT190002755","","2","132000","56000","7600","0","83600","100000","23/09/2019","20:52","2019-09-23","21:55:07","ISU000012","tbl0011","CLOSED","1","","IATR190002676","","","","","IAT2309190915","NHO2018000007"),
("IATT190002756","","2","130000","0","13000","0","143000","200000","23/09/2019","21:15","2019-09-23","22:08:57","ISU000012","tbl0010","CLOSED","1","","IATR190002677","","","","","IAT2309190915","NHO2018000007"),
("IATT190002757","","3","216000","0","21600","0","237600","237600","23/09/2019","21:23","2019-09-23","22:12:59","ISU000012","tbl0003","CLOSED","1","","IATR190002678","","","","","IAT2309190915","NHO2018000007");



INSERT INTO item_void VALUES("IATT190002746","IAT2309190915","NHO2018000007","193054","193054","1","20000","After Send","Salah Order"),
("IATT190002746","IAT2309190915","NHO2018000007","193054","193054","1","20000","After Send","Salah Order"),
("IATT190002746","IAT2309190915","NHO2018000007","193036","ORIGINAL","1","36000","After Send","Salah Order"),
("IATT190002746","IAT2309190915","NHO2018000007","193037","ORIGINAL","1","36000","After Send","Salah Order"),
("IATT190002751","IAT2309190915","NHO2018000007","193040","193040","1","20000","After Send","Salah Order"),
("IATT190002756","IAT2309190915","NHO2018000007","193040","193040","1","20000","Before Send","Komplen Customer"),
("IATT190002756","IAT2309190915","NHO2018000007","193041","193041","1","20000","Before Send","Komplen Customer"),
("IATT190002756","IAT2309190915","NHO2018000007","193041","193041","1","20000","Before Send","Komplen Customer");



INSERT INTO pos_promotion_h VALUES("IATT190002745","NPRM18000017","DISC ITEM","1","15000","TUNJUKKAN JEMPOLMU","IAT2309190915","PAID","NHO2018000007"),
("IATT190002746","NPRM18000017","DISC ITEM","1","31500","TUNJUKKAN JEMPOLMU","IAT2309190915","PAID","NHO2018000007"),
("IATT190002748","NPRM18000017","DISC ITEM","1","35000","TUNJUKKAN JEMPOLMU","IAT2309190915","PAID","NHO2018000007"),
("IATT190002749","NPRM18000017","DISC ITEM","1","51500","TUNJUKKAN JEMPOLMU","IAT2309190915","PAID","NHO2018000007"),
("IATT190002750","NPRM18000017","DISC ITEM","1","21000","TUNJUKKAN JEMPOLMU","IAT2309190915","PAID","NHO2018000007"),
("IATT190002751","NPRM18000017","DISC ITEM","1","36500","TUNJUKKAN JEMPOLMU","IAT2309190915","PAID","NHO2018000007"),
("IATT190002752","NPRM18000017","DISC ITEM","1","25000","TUNJUKKAN JEMPOLMU","IAT2309190915","PAID","NHO2018000007"),
("IATT190002754","NPRM18000017","DISC ITEM","1","61000","TUNJUKKAN JEMPOLMU","IAT2309190915","PAID","NHO2018000007"),
("IATT190002755","NPRM18000017","DISC ITEM","1","56000","TUNJUKKAN JEMPOLMU","IAT2309190915","PAID","NHO2018000007");



INSERT INTO pos_promotion_d VALUES("IATT190002745","NPRM18000017","DISC ITEM","1","1","193084","1","15000","IAT2309190915","PAID","NHO2018000007"),
("IATT190002746","NPRM18000017","DISC ITEM","1","1","193030","1","13500","IAT2309190915","PAID","NHO2018000007"),
("IATT190002746","NPRM18000017","DISC ITEM","1","1","193036","1","18000","IAT2309190915","PAID","NHO2018000007"),
("IATT190002748","NPRM18000017","DISC ITEM","1","1","193012","1","20000","IAT2309190915","PAID","NHO2018000007"),
("IATT190002748","NPRM18000017","DISC ITEM","1","1","193085","1","15000","IAT2309190915","PAID","NHO2018000007"),
("IATT190002749","NPRM18000017","DISC ITEM","1","1","193036","1","18000","IAT2309190915","PAID","NHO2018000007"),
("IATT190002749","NPRM18000017","DISC ITEM","1","1","193083","1","15000","IAT2309190915","PAID","NHO2018000007"),
("IATT190002749","NPRM18000017","DISC ITEM","1","1","193034","1","18500","IAT2309190915","PAID","NHO2018000007"),
("IATT190002750","NPRM18000017","DISC ITEM","1","1","193033","1","21000","IAT2309190915","PAID","NHO2018000007"),
("IATT190002751","NPRM18000017","DISC ITEM","1","1","193029","1","13500","IAT2309190915","PAID","NHO2018000007"),
("IATT190002751","NPRM18000017","DISC ITEM","1","1","193015","1","16500","IAT2309190915","PAID","NHO2018000007"),
("IATT190002751","NPRM18000017","DISC ITEM","1","1","193069","1","6500","IAT2309190915","PAID","NHO2018000007"),
("IATT190002752","NPRM18000017","DISC ITEM","1","1","193084","1","15000","IAT2309190915","PAID","NHO2018000007"),
("IATT190002752","NPRM18000017","DISC ITEM","1","1","193118","1","10000","IAT2309190915","PAID","NHO2018000007"),
("IATT190002754","NPRM18000017","DISC ITEM","1","1","193034","1","18500","IAT2309190915","PAID","NHO2018000007"),
("IATT190002754","NPRM18000017","DISC ITEM","1","1","193070","1","6500","IAT2309190915","PAID","NHO2018000007"),
("IATT190002754","NPRM18000017","DISC ITEM","1","1","193039","1","18000","IAT2309190915","PAID","NHO2018000007"),
("IATT190002754","NPRM18000017","DISC ITEM","1","1","193039","2","18000","IAT2309190915","PAID","NHO2018000007"),
("IATT190002755","NPRM18000017","DISC ITEM","1","1","193011","1","20000","IAT2309190915","PAID","NHO2018000007"),
("IATT190002755","NPRM18000017","DISC ITEM","1","1","193035","1","16000","IAT2309190915","PAID","NHO2018000007"),
("IATT190002755","NPRM18000017","DISC ITEM","1","1","193009","1","20000","IAT2309190915","PAID","NHO2018000007");



INSERT INTO pos_paymenttemp VALUES("IATT190002745","CASH","CASH","16500","20000","ISU000012","2019-09-23","","1","","CLOSED","IAT2309190915","NHO2018000007"),
("IATT190002747","CASH","GOPAY","160160","160160","ISU000012","2019-09-23","","1","","CLOSED","IAT2309190915","NHO2018000007"),
("IATT190002746","CASH","CASH","34650","50000","ISU000012","2019-09-23","","1","","CLOSED","IAT2309190915","NHO2018000007"),
("IATT190002748","CASH","CASH","91300","100000","ISU000012","2019-09-23","","1","","CLOSED","IAT2309190915","NHO2018000007"),
("IATT190002749","CARD","DEBIT BCA","149050","149050","ISU000012","2019-09-23","","1","","CLOSED","IAT2309190915","NHO2018000007"),
("IATT190002750","CARD","DEBIT BCA","107800","107800","ISU000012","2019-09-23","","1","","CLOSED","IAT2309190915","NHO2018000007"),
("IATT190002751","CASH","CASH","84150","100000","ISU000012","2019-09-23","","1","","CLOSED","IAT2309190915","NHO2018000007"),
("IATT190002752","CASH","CASH","91300","100000","ISU000012","2019-09-23","","1","","CLOSED","IAT2309190915","NHO2018000007"),
("IATT190002753","CASH","CASH","27500","50000","ISU000012","2019-09-23","","1","","CLOSED","IAT2309190915","NHO2018000007"),
("IATT190002754","CARD","DEBIT BCA","122100","122100","ISU000012","2019-09-23","","1","","CLOSED","IAT2309190915","NHO2018000007"),
("IATT190002755","CASH","CASH","83600","100000","ISU000012","2019-09-23","","1","","CLOSED","IAT2309190915","NHO2018000007"),
("IATT190002756","CASH","CASH","143000","200000","ISU000012","2019-09-23","","1","","CLOSED","IAT2309190915","NHO2018000007"),
("IATT190002757","CASH","OVO","237600","237600","ISU000012","2019-09-23","","1","","CLOSED","IAT2309190915","NHO2018000007");



