INSERT INTO pos_itemtemp VALUES("IATT190000366","193047","191002","192010","8000","1","8000","0","8000","1","1","1","IAT2905191114","NHO2018000007","PAID","","193047"),
("IATT190000366","193046","191002","192010","8000","1","8000","0","8000","1","1","1","IAT2905191114","NHO2018000007","PAID","","193046"),
("IATT190000366","193027","191001","192003","43000","1","43000","0","43000","1","1","1","IAT2905191114","NHO2018000007","PAID","","193027"),
("IATT190000366","193027","191001","192003","43000","1","43000","0","43000","2","1","1","IAT2905191114","NHO2018000007","PAID","","193027"),
("IATT190000366","193011","191001","192001","40000","1","40000","0","40000","1","1","1","IAT2905191114","NHO2018000007","PAID","","PEDAS"),
("IATT190000366","193047","191002","192010","8000","1","8000","0","8000","2","1","1","IAT2905191114","NHO2018000007","PAID","","193047"),
("IATT190000367","193001","191001","192001","30000","1","30000","0","30000","1","1","1","IAT2905191114","NHO2018000007","PAID","","193001"),
("IATT190000367","193052","191002","192010","20000","1","20000","0","20000","1","1","1","IAT2905191114","NHO2018000007","PAID","","193052"),
("IATT190000367","193047","191002","192010","8000","1","8000","0","8000","1","1","1","IAT2905191114","NHO2018000007","PAID","","193047"),
("IATT190000368","193002","191001","192001","30000","1","30000","0","30000","1","1","1","IAT2905191114","NHO2018000007","PAID","","193002"),
("IATT190000368","193047","191002","192010","8000","1","8000","0","8000","1","1","1","IAT2905191114","NHO2018000007","PAID","","193047"),
("IATT190000368","193011","191001","192001","40000","1","40000","0","40000","1","1","2","IAT2905191114","NHO2018000007","PAID","","PEDAS"),
("IATT190000368","193047","191002","192010","8000","1","8000","0","8000","2","1","2","IAT2905191114","NHO2018000007","PAID","","193047"),
("IATT190000369","193023","191001","192003","30000","1","30000","0","30000","1","1","1","IAT2905191114","NHO2018000007","PAID","","193023"),
("IATT190000370","193034","191001","192005","37000","1","37000","0","37000","1","1","1","IAT2905191114","NHO2018000007","PAID","","193034"),
("IATT190000370","193046","191002","192010","8000","1","8000","0","8000","1","1","1","IAT2905191114","NHO2018000007","PAID","","193046"),
("IATT190000371","193012","191001","192001","40000","1","40000","0","40000","1","1","1","IAT2905191114","NHO2018000007","PAID","","193012"),
("IATT190000371","193011","191001","192001","40000","1","40000","0","40000","1","1","1","IAT2905191114","NHO2018000007","PAID","level 1","PEDAS"),
("IATT190000371","193056","191002","192010","17000","1","17000","0","17000","1","1","1","IAT2905191114","NHO2018000007","PAID","","193056"),
("IATT190000372","193025","191001","192003","30000","1","30000","0","30000","1","1","1","IAT2905191114","NHO2018000007","PAID","","193025"),
("IATT190000372","193027","191001","192003","43000","1","43000","0","43000","1","1","1","IAT2905191114","NHO2018000007","PAID","","193027"),
("IATT190000372","193011","191001","192001","40000","1","40000","0","40000","1","1","1","IAT2905191114","NHO2018000007","PAID","level 1","PEDAS"),
("IATT190000372","193054","191002","192010","20000","1","20000","0","20000","1","1","1","IAT2905191114","NHO2018000007","PAID","","193054"),
("IATT190000372","193052","191002","192010","20000","1","20000","0","20000","1","1","1","IAT2905191114","NHO2018000007","PAID","","193052"),
("IATT190000373","193009","191001","192001","40000","1","40000","0","40000","1","1","1","IAT2905191114","NHO2018000007","PAID","","193009"),
("IATT190000373","193007","191001","192001","37000","1","37000","0","37000","1","1","1","IAT2905191114","NHO2018000007","PAID","","PEDAS"),
("IATT190000373","193023","191001","192003","30000","1","30000","0","30000","1","1","1","IAT2905191114","NHO2018000007","PAID","","193023"),
("IATT190000373","193052","191002","192010","20000","1","20000","0","20000","1","1","1","IAT2905191114","NHO2018000007","PAID","","193052"),
("IATT190000373","193052","191002","192010","20000","1","20000","0","20000","2","1","1","IAT2905191114","NHO2018000007","PAID","","193052"),
("IATT190000373","193055","191002","192010","17000","1","17000","0","17000","1","1","1","IAT2905191114","NHO2018000007","PAID","","193055"),
("IATT190000374","193036","191001","192006","36000","1","36000","0","36000","1","1","1","IAT2905191114","NHO2018000007","PAID","","ORIGINAL"),
("IATT190000374","193036","191001","192006","36000","1","36000","0","36000","2","1","1","IAT2905191114","NHO2018000007","PAID","","ORIGINAL"),
("IATT190000374","193055","191002","192010","17000","1","17000","0","17000","1","1","1","IAT2905191114","NHO2018000007","PAID","","193055"),
("IATT190000374","193055","191002","192010","17000","1","17000","0","17000","2","1","1","IAT2905191114","NHO2018000007","PAID","","193055"),
("IATT190000374","193055","191002","192010","17000","1","17000","0","17000","3","1","1","IAT2905191114","NHO2018000007","PAID","","193055"),
("IATT190000374","193055","191002","192010","17000","1","17000","0","17000","4","1","1","IAT2905191114","NHO2018000007","PAID","","193055"),
("IATT190000374","193055","191002","192010","17000","1","17000","0","17000","5","1","1","IAT2905191114","NHO2018000007","PAID","","193055"),
("IATT190000374","193023","191001","192003","30000","1","30000","0","30000","1","1","1","IAT2905191114","NHO2018000007","PAID","","193023"),
("IATT190000374","193052","191002","192010","20000","1","20000","0","20000","1","1","1","IAT2905191114","NHO2018000007","PAID","","193052"),
("IATT190000374","193052","191002","192010","20000","1","20000","0","20000","2","1","1","IAT2905191114","NHO2018000007","PAID","","193052"),
("IATT190000374","193052","191002","192010","20000","1","20000","0","20000","3","1","1","IAT2905191114","NHO2018000007","PAID","","193052"),
("IATT190000375","193033","191001","192005","42000","1","42000","0","42000","1","1","1","IAT2905191114","NHO2018000007","PAID","","193033"),
("IATT190000375","193023","191001","192003","30000","1","30000","0","30000","1","1","1","IAT2905191114","NHO2018000007","PAID","","193023"),
("IATT190000375","193023","191001","192003","30000","1","30000","0","30000","2","1","1","IAT2905191114","NHO2018000007","PAID","","193023"),
("IATT190000375","193023","191001","192003","30000","1","30000","0","30000","3","1","1","IAT2905191114","NHO2018000007","PAID","","193023"),
("IATT190000375","193055","191002","192010","17000","1","17000","0","17000","1","1","1","IAT2905191114","NHO2018000007","PAID","","193055"),
("IATT190000375","193055","191002","192010","17000","1","17000","0","17000","2","1","1","IAT2905191114","NHO2018000007","PAID","","193055"),
("IATT190000375","193055","191002","192010","17000","1","17000","0","17000","3","1","1","IAT2905191114","NHO2018000007","PAID","","193055"),
("IATT190000375","193046","191002","192010","8000","1","8000","0","8000","1","1","1","IAT2905191114","NHO2018000007","PAID","","193046"),
("IATT190000376","193035","191001","192006","32000","1","32000","0","32000","1","1","1","IAT2905191114","NHO2018000007","PAID","","ORIGINAL"),
("IATT190000376","193035","191001","192006","32000","1","32000","0","32000","2","1","1","IAT2905191114","NHO2018000007","PAID","","ORIGINAL"),
("IATT190000376","193023","191001","192003","30000","1","30000","0","30000","1","1","1","IAT2905191114","NHO2018000007","PAID","","193023"),
("IATT190000377","193007","191001","192001","37000","1","37000","0","37000","1","1","1","IAT2905191114","NHO2018000007","PAID","","PEDAS"),
("IATT190000377","193039","191001","192006","36000","1","36000","0","36000","1","1","1","IAT2905191114","NHO2018000007","PAID","","ORIGINAL"),
("IATT190000377","193055","191002","192010","17000","1","17000","0","17000","1","1","1","IAT2905191114","NHO2018000007","PAID","","193055"),
("IATT190000378","193047","191002","192010","8000","1","8000","0","8000","1","1","1","IAT2905191114","NHO2018000007","PAID","","193047"),
("IATT190000378","193012","191001","192001","40000","1","40000","0","40000","1","1","1","IAT2905191114","NHO2018000007","PAID","","193012"),
("IATT190000378","193046","191002","192010","8000","1","8000","0","8000","1","1","1","IAT2905191114","NHO2018000007","PAID","","193046"),
("IATT190000378","193046","191002","192010","8000","1","8000","0","8000","2","1","1","IAT2905191114","NHO2018000007","PAID","","193046"),
("IATT190000378","193023","191001","192003","30000","1","30000","0","30000","1","1","1","IAT2905191114","NHO2018000007","PAID","","193023"),
("IATT190000378","193025","191001","192003","30000","1","30000","0","30000","1","1","1","IAT2905191114","NHO2018000007","PAID","","193025"),
("IATT190000379","193025","191001","192003","30000","1","30000","0","30000","1","1","1","IAT2905191114","NHO2018000007","PAID","","193025"),
("IATT190000379","193047","191002","192010","8000","1","8000","0","8000","1","1","1","IAT2905191114","NHO2018000007","PAID","","193047"),
("IATT190000380","193023","191001","192003","30000","1","30000","0","30000","1","1","1","IAT2905191114","NHO2018000007","PAID","","193023"),
("IATT190000380","193023","191001","192003","30000","1","30000","0","30000","2","1","1","IAT2905191114","NHO2018000007","PAID","","193023"),
("IATT190000380","193046","191002","192010","8000","1","8000","0","8000","1","1","1","IAT2905191114","NHO2018000007","PAID","","193046"),
("IATT190000381","193003","191001","192001","30000","1","30000","0","30000","1","1","1","IAT2905191114","NHO2018000007","PAID","chiken","PEDAS"),
("IATT190000381","193003","191001","192001","30000","1","30000","0","30000","2","1","1","IAT2905191114","NHO2018000007","PAID","","PEDAS"),
("IATT190000381","193023","191001","192003","30000","1","30000","0","30000","1","1","1","IAT2905191114","NHO2018000007","PAID","","193023"),
("IATT190000381","193038","191001","192006","36000","1","36000","0","36000","1","1","1","IAT2905191114","NHO2018000007","PAID","","ORIGINAL"),
("IATT190000381","193056","191002","192010","17000","1","17000","0","17000","1","1","1","IAT2905191114","NHO2018000007","PAID","","193056"),
("IATT190000381","193056","191002","192010","17000","1","17000","0","17000","2","1","1","IAT2905191114","NHO2018000007","PAID","","193056"),
("IATT190000381","193056","191002","192010","17000","1","17000","0","17000","3","1","1","IAT2905191114","NHO2018000007","PAID","","193056"),
("IATT190000381","193056","191002","192010","17000","1","17000","0","17000","4","1","1","IAT2905191114","NHO2018000007","PAID","","193056"),
("IATT190000382","193027","191001","192003","43000","1","43000","0","43000","1","1","1","IAT2905191114","NHO2018000007","PAID","","193027"),
("IATT190000382","193021","191001","192002","40000","1","40000","0","40000","1","1","1","IAT2905191114","NHO2018000007","PAID","","ORIGINAL"),
("IATT190000382","193055","191002","192010","17000","1","17000","0","17000","1","1","1","IAT2905191114","NHO2018000007","PAID","","193055"),
("IATT190000382","193056","191002","192010","17000","1","17000","0","17000","1","1","1","IAT2905191114","NHO2018000007","PAID","","193056"),
("IATT190000382","193048","191002","192010","8000","1","8000","0","8000","1","1","1","IAT2905191114","NHO2018000007","PAID","","193048"),
("IATT190000382","193048","191002","192010","8000","1","8000","0","8000","2","1","1","IAT2905191114","NHO2018000007","PAID","","193048"),
("IATT190000383","193001","191001","192001","30000","1","30000","0","30000","1","1","1","IAT2905191114","NHO2018000007","PAID","chik","193001"),
("IATT190000383","193003","191001","192001","30000","1","30000","0","30000","1","1","1","IAT2905191114","NHO2018000007","PAID","","PEDAS"),
("IATT190000383","193048","191002","192010","8000","1","8000","0","8000","1","1","1","IAT2905191114","NHO2018000007","PAID","","193048"),
("IATT190000383","193048","191002","192010","8000","1","8000","0","8000","2","1","1","IAT2905191114","NHO2018000007","PAID","","193048"),
("IATT190000384","193003","191001","192001","30000","1","30000","0","30000","1","1","1","IAT2905191114","NHO2018000007","PAID","","PEDAS"),
("IATT190000384","193001","191001","192001","30000","1","30000","0","30000","1","1","1","IAT2905191114","NHO2018000007","PAID","chiken","193001"),
("IATT190000384","193047","191002","192010","8000","1","8000","0","8000","1","1","1","IAT2905191114","NHO2018000007","PAID","","193047"),
("IATT190000385","193003","191001","192001","30000","1","30000","0","30000","1","1","1","IAT2905191114","NHO2018000007","PAID","chiken","PEDAS"),
("IATT190000385","193047","191002","192010","8000","1","8000","0","8000","1","1","1","IAT2905191114","NHO2018000007","PAID","","193047"),
("IATT190000385","193048","191002","192010","8000","1","8000","0","8000","1","1","1","IAT2905191114","NHO2018000007","PAID","","193048"),
("IATT190000385","193027","191001","192003","43000","1","43000","0","43000","1","1","1","IAT2905191114","NHO2018000007","PAID","","193027"),
("IATT190000374","193007","191001","192001","37000","1","37000","0","37000","1","1","2","IAT2905191114","NHO2018000007","PAID","","PEDAS"),
("IATT190000386","193048","191002","192010","8000","1","8000","0","8000","1","1","1","IAT2905191114","NHO2018000007","PAID","","193048"),
("IATT190000387","193046","191002","192010","8000","1","8000","0","8000","1","1","1","IAT2905191114","NHO2018000007","PAID","","193046"),
("IATT190000387","193023","191001","192003","30000","1","30000","0","30000","1","1","1","IAT2905191114","NHO2018000007","PAID","","193023"),
("IATT190000388","193011","191001","192001","40000","1","40000","0","40000","1","1","1","IAT2905191114","NHO2018000007","PAID","","PEDAS"),
("IATT190000388","193011","191001","192001","40000","1","40000","0","40000","2","1","1","IAT2905191114","NHO2018000007","PAID","","PEDAS"),
("IATT190000388","193003","191001","192001","30000","1","30000","0","30000","1","1","1","IAT2905191114","NHO2018000007","PAID","chiken","PEDAS"),
("IATT190000388","193046","191002","192010","8000","1","8000","0","8000","1","1","1","IAT2905191114","NHO2018000007","PAID","","193046"),
("IATT190000388","193047","191002","192010","8000","1","8000","0","8000","1","1","1","IAT2905191114","NHO2018000007","PAID","","193047"),
("IATT190000388","193047","191002","192010","8000","1","8000","0","8000","2","1","1","IAT2905191114","NHO2018000007","PAID","","193047"),
("IATT190000389","193023","191001","192003","30000","1","30000","0","30000","1","1","1","IAT2905191114","NHO2018000007","PAID","","193023"),
("IATT190000389","193023","191001","192003","30000","1","30000","0","30000","2","1","1","IAT2905191114","NHO2018000007","PAID","","193023"),
("IATT190000389","193023","191001","192003","30000","1","30000","0","30000","3","1","1","IAT2905191114","NHO2018000007","PAID","","193023"),
("IATT190000389","193046","191002","192010","8000","1","8000","0","8000","1","1","1","IAT2905191114","NHO2018000007","PAID","","193046"),
("IATT190000389","193046","191002","192010","8000","1","8000","0","8000","2","1","1","IAT2905191114","NHO2018000007","PAID","","193046"),
("IATT190000389","193046","191002","192010","8000","1","8000","0","8000","3","1","1","IAT2905191114","NHO2018000007","PAID","","193046"),
("IATT190000389","193048","191002","192010","8000","1","8000","0","8000","1","1","1","IAT2905191114","NHO2018000007","PAID","","193048"),
("IATT190000389","193048","191002","192010","8000","1","8000","0","8000","2","1","1","IAT2905191114","NHO2018000007","PAID","","193048"),
("IATT190000388","193047","191002","192010","8000","1","8000","0","8000","3","1","2","IAT2905191114","NHO2018000007","PAID","","193047"),
("IATT190000390","193053","191002","192010","20000","1","20000","0","20000","1","1","1","IAT2905191114","NHO2018000007","PAID","","193053"),
("IATT190000390","193056","191002","192010","17000","1","17000","0","17000","1","1","1","IAT2905191114","NHO2018000007","PAID","","193056"),
("IATT190000390","193023","191001","192003","30000","1","30000","0","30000","1","1","1","IAT2905191114","NHO2018000007","PAID","","193023"),
("IATT190000390","193023","191001","192003","30000","1","30000","0","30000","2","1","1","IAT2905191114","NHO2018000007","PAID","","193023"),
("IATT190000380","193047","191002","192010","8000","1","8000","0","8000","1","1","2","IAT2905191114","NHO2018000007","PAID","","193047"),
("IATT190000391","193023","191001","192003","30000","1","30000","0","30000","1","1","1","IAT2905191114","NHO2018000007","PAID","","193023"),
("IATT190000374","193007","191001","192001","37000","1","37000","0","37000","2","1","3","IAT2905191114","NHO2018000007","PAID","","PEDAS"),
("IATT190000374","193007","191001","192001","37000","1","37000","0","37000","3","1","3","IAT2905191114","NHO2018000007","PAID","","PEDAS"),
("IATT190000374","193007","191001","192001","37000","1","37000","0","37000","4","1","3","IAT2905191114","NHO2018000007","PAID","","PEDAS"),
("IATT190000374","193007","191001","192001","37000","1","37000","0","37000","5","1","3","IAT2905191114","NHO2018000007","PAID","","PEDAS"),
("IATT190000392","193001","191001","192001","30000","1","30000","0","30000","1","1","1","IAT2905191114","NHO2018000007","PAID","chiken","193001"),
("IATT190000392","193056","191002","192010","17000","1","17000","0","17000","1","1","1","IAT2905191114","NHO2018000007","PAID","","193056"),
("IATT190000393","193027","191001","192003","43000","1","43000","0","43000","1","1","1","IAT2905191114","NHO2018000007","PAID","","193027"),
("IATT190000393","193046","191002","192010","8000","1","8000","0","8000","1","1","1","IAT2905191114","NHO2018000007","PAID","","193046"),
("IATT190000393","193046","191002","192010","8000","1","8000","0","8000","2","1","1","IAT2905191114","NHO2018000007","PAID","","193046"),
("IATT190000393","193023","191001","192003","30000","1","30000","0","30000","1","1","1","IAT2905191114","NHO2018000007","PAID","","193023"),
("IATT190000394","193004","191001","192001","30000","1","30000","0","30000","1","1","1","IAT2905191114","NHO2018000007","PAID","ckn","193004"),
("IATT190000394","193046","191002","192010","8000","1","8000","0","8000","1","1","1","IAT2905191114","NHO2018000007","PAID","","193046"),
("IATT190000394","193046","191002","192010","8000","1","8000","0","8000","2","1","1","IAT2905191114","NHO2018000007","PAID","","193046"),
("IATT190000394","193046","191002","192010","8000","1","8000","0","8000","3","1","1","IAT2905191114","NHO2018000007","PAID","","193046"),
("IATT190000394","193047","191002","192010","8000","1","8000","0","8000","1","1","1","IAT2905191114","NHO2018000007","PAID","","193047"),
("IATT190000394","193003","191001","192001","30000","1","30000","0","30000","1","1","1","IAT2905191114","NHO2018000007","PAID"," level 3 chiken","PEDAS"),
("IATT190000394","193023","191001","192003","30000","1","30000","0","30000","1","1","1","IAT2905191114","NHO2018000007","PAID","","193023"),
("IATT190000394","193023","191001","192003","30000","1","30000","0","30000","2","1","1","IAT2905191114","NHO2018000007","PAID","","193023"),
("IATT190000394","193023","191001","192003","30000","1","30000","0","30000","3","1","1","IAT2905191114","NHO2018000007","PAID","","193023"),
("IATT190000395","193012","191001","192001","40000","1","40000","0","40000","1","1","1","IAT2905191114","NHO2018000007","PAID","","193012"),
("IATT190000395","193020","191001","192002","40000","1","40000","0","40000","1","1","1","IAT2905191114","NHO2018000007","PAID","","193020"),
("IATT190000395","193046","191002","192010","8000","1","8000","0","8000","1","1","1","IAT2905191114","NHO2018000007","PAID","","193046"),
("IATT190000395","193047","191002","192010","8000","1","8000","0","8000","1","1","1","IAT2905191114","NHO2018000007","PAID","","193047"),
("IATT190000396","193001","191001","192001","30000","1","30000","0","30000","1","1","1","IAT2905191114","NHO2018000007","PAID","","193001"),
("IATT190000396","193003","191001","192001","30000","1","30000","0","30000","1","1","1","IAT2905191114","NHO2018000007","PAID","","PEDAS"),
("IATT190000396","193046","191002","192010","8000","1","8000","0","8000","1","1","1","IAT2905191114","NHO2018000007","PAID","","193046"),
("IATT190000396","193050","191002","192010","20000","1","20000","0","20000","1","1","1","IAT2905191114","NHO2018000007","PAID","","193050"),
("IATT190000397","193023","191001","192003","30000","1","30000","0","30000","1","1","1","IAT2905191114","NHO2018000007","PAID","","193023"),
("IATT190000397","193008","191001","192001","37000","1","37000","0","37000","1","1","1","IAT2905191114","NHO2018000007","PAID","","193008"),
("IATT190000397","193047","191002","192010","8000","1","8000","0","8000","1","1","1","IAT2905191114","NHO2018000007","PAID","","193047"),
("IATT190000397","193047","191002","192010","8000","1","8000","0","8000","2","1","1","IAT2905191114","NHO2018000007","PAID","","193047"),
("IATT190000394","193003","191001","192001","30000","1","30000","0","30000","2","1","2","IAT2905191114","NHO2018000007","PAID","","PEDAS"),
("IATT190000398","193050","191002","192010","20000","1","20000","0","20000","1","1","1","IAT2905191114","NHO2018000007","PAID","","193050"),
("IATT190000398","193025","191001","192003","30000","1","30000","0","30000","1","1","1","IAT2905191114","NHO2018000007","PAID","","193025"),
("IATT190000398","193003","191001","192001","30000","1","30000","0","30000","1","1","1","IAT2905191114","NHO2018000007","PAID","lvl 2","PEDAS"),
("IATT190000398","193047","191002","192010","8000","1","8000","0","8000","1","1","1","IAT2905191114","NHO2018000007","PAID","","193047"),
("IATT190000398","193047","191002","192010","8000","1","8000","0","8000","2","1","1","IAT2905191114","NHO2018000007","PAID","","193047"),
("IATT190000399","193036","191001","192006","36000","1","36000","0","36000","1","1","1","IAT2905191114","NHO2018000007","PAID","","ORIGINAL"),
("IATT190000399","193039","191001","192006","36000","1","36000","0","36000","1","1","1","IAT2905191114","NHO2018000007","PAID","","ORIGINAL"),
("IATT190000399","193023","191001","192003","30000","1","30000","0","30000","1","1","1","IAT2905191114","NHO2018000007","PAID","","193023"),
("IATT190000399","193050","191002","192010","20000","1","20000","0","20000","1","1","1","IAT2905191114","NHO2018000007","PAID","","193050"),
("IATT190000399","193050","191002","192010","20000","1","20000","0","20000","2","1","1","IAT2905191114","NHO2018000007","PAID","","193050"),
("IATT190000399","193056","191002","192010","17000","1","17000","0","17000","1","1","1","IAT2905191114","NHO2018000007","PAID","","193056"),
("IATT190000399","193056","191002","192010","17000","1","17000","0","17000","2","1","1","IAT2905191114","NHO2018000007","PAID","","193056"),
("IATT190000399","193035","191001","192006","32000","1","32000","0","32000","1","1","1","IAT2905191114","NHO2018000007","PAID","","ORIGINAL"),
("IATT190000376","193047","191002","192010","8000","1","8000","0","8000","1","1","2","IAT2905191114","NHO2018000007","PAID","","193047"),
("IATT190000400","193003","191001","192001","30000","1","30000","0","30000","1","1","1","IAT2905191114","NHO2018000007","PAID","","PEDAS"),
("IATT190000400","193025","191001","192003","30000","1","30000","0","30000","1","1","1","IAT2905191114","NHO2018000007","PAID","","193025"),
("IATT190000400","193048","191002","192010","8000","1","8000","0","8000","1","1","1","IAT2905191114","NHO2018000007","PAID","","193048"),
("IATT190000400","193047","191002","192010","8000","1","8000","0","8000","1","1","1","IAT2905191114","NHO2018000007","PAID","","193047"),
("IATT190000392","193048","191002","192010","8000","1","8000","0","8000","1","1","2","IAT2905191114","NHO2018000007","PAID","","193048"),
("IATT190000401","193025","191001","192003","30000","1","30000","0","30000","1","1","1","IAT2905191114","NHO2018000007","PAID","","193025"),
("IATT190000401","193025","191001","192003","30000","1","30000","0","30000","2","1","1","IAT2905191114","NHO2018000007","PAID","","193025"),
("IATT190000401","193047","191002","192010","8000","1","8000","0","8000","1","1","1","IAT2905191114","NHO2018000007","PAID","","193047"),
("IATT190000401","193046","191002","192010","8000","1","8000","0","8000","1","1","1","IAT2905191114","NHO2018000007","PAID","","193046"),
("IATT190000402","193011","191001","192001","40000","1","40000","0","40000","1","1","1","IAT2905191114","NHO2018000007","PAID","","ORIGINAL"),
("IATT190000402","193011","191001","192001","40000","1","40000","0","40000","2","1","1","IAT2905191114","NHO2018000007","PAID","","ORIGINAL"),
("IATT190000402","193050","191002","192010","20000","1","20000","0","20000","1","1","1","IAT2905191114","NHO2018000007","PAID","","193050"),
("IATT190000402","193050","191002","192010","20000","1","20000","0","20000","2","1","1","IAT2905191114","NHO2018000007","PAID","","193050"),
("IATT190000402","193050","191002","192010","20000","1","20000","0","20000","3","1","1","IAT2905191114","NHO2018000007","PAID","","193050"),
("IATT190000402","193049","191002","192010","10000","1","10000","0","10000","1","1","1","IAT2905191114","NHO2018000007","PAID","","193049"),
("IATT190000402","193048","191002","192010","8000","1","8000","0","8000","1","1","1","IAT2905191114","NHO2018000007","PAID","","193048"),
("IATT190000402","193056","191002","192010","17000","1","17000","0","17000","1","1","1","IAT2905191114","NHO2018000007","PAID","","193056"),
("IATT190000402","193056","191002","192010","17000","1","17000","0","17000","2","1","1","IAT2905191114","NHO2018000007","PAID","","193056"),
("IATT190000402","193019","191001","192002","40000","1","40000","0","40000","1","1","1","IAT2905191114","NHO2018000007","PAID","","ORIGINAL"),
("IATT190000402","193023","191001","192003","30000","1","30000","0","30000","1","1","1","IAT2905191114","NHO2018000007","PAID","","193023"),
("IATT190000402","193021","191001","192002","40000","1","40000","0","40000","1","1","1","IAT2905191114","NHO2018000007","PAID","","ORIGINAL"),
("IATT190000402","193010","191001","192001","40000","1","40000","0","40000","1","1","1","IAT2905191114","NHO2018000007","PAID","","193010"),
("IATT190000402","193010","191001","192001","40000","1","40000","0","40000","2","1","1","IAT2905191114","NHO2018000007","PAID","","193010"),
("IATT190000403","193033","191001","192005","42000","1","42000","0","42000","1","1","1","IAT2905191114","NHO2018000007","PAID","","193033"),
("IATT190000403","193023","191001","192003","30000","1","30000","0","30000","1","1","1","IAT2905191114","NHO2018000007","PAID","","193023"),
("IATT190000403","193046","191002","192010","8000","1","8000","0","8000","1","1","2","IAT2905191114","NHO2018000007","PAID","","193046"),
("IATT190000404","193027","191001","192003","43000","1","43000","0","43000","1","1","1","IAT2905191114","NHO2018000007","PAID","","193027"),
("IATT190000404","193023","191001","192003","30000","1","30000","0","30000","1","1","1","IAT2905191114","NHO2018000007","PAID","","193023"),
("IATT190000404","193046","191002","192010","8000","1","8000","0","8000","1","1","1","IAT2905191114","NHO2018000007","PAID","","193046"),
("IATT190000404","193047","191002","192010","8000","1","8000","0","8000","1","1","1","IAT2905191114","NHO2018000007","PAID","","193047"),
("IATT190000402","193048","191002","192010","8000","1","8000","0","8000","2","1","2","IAT2905191114","NHO2018000007","PAID","","193048"),
("IATT190000405","193047","191002","192010","8000","1","8000","0","8000","1","1","1","IAT2905191114","NHO2018000007","PAID","","193047"),
("IATT190000405","193047","191002","192010","8000","1","8000","0","8000","2","1","1","IAT2905191114","NHO2018000007","PAID","","193047"),
("IATT190000405","193012","191001","192001","40000","1","40000","0","40000","1","1","1","IAT2905191114","NHO2018000007","PAID","","193012"),
("IATT190000405","193023","191001","192003","30000","1","30000","0","30000","1","1","2","IAT2905191114","NHO2018000007","PAID","","193023"),
("IATT190000406","193047","191002","192010","8000","1","8000","0","8000","1","1","1","IAT2905191114","NHO2018000007","PAID","","193047"),
("IATT190000406","193023","191001","192003","30000","1","30000","0","30000","1","1","1","IAT2905191114","NHO2018000007","PAID","","193023"),
("IATT190000406","193025","191001","192003","30000","1","30000","0","30000","1","1","1","IAT2905191114","NHO2018000007","PAID","","193025"),
("IATT190000407","193023","191001","192003","30000","1","30000","0","30000","1","1","1","IAT2905191114","NHO2018000007","PAID","","193023"),
("IATT190000407","193025","191001","192003","30000","1","30000","0","30000","1","1","1","IAT2905191114","NHO2018000007","PAID","","193025"),
("IATT190000407","193049","191002","192010","10000","1","10000","0","10000","1","1","1","IAT2905191114","NHO2018000007","PAID","es batu","193049"),
("IATT190000407","193049","191002","192010","10000","1","10000","0","10000","2","1","1","IAT2905191114","NHO2018000007","PAID","","193049"),
("IATT190000408","193025","191001","192003","30000","1","30000","0","30000","1","1","1","IAT2905191114","NHO2018000007","PAID","","193025"),
("IATT190000408","193025","191001","192003","30000","1","30000","0","30000","2","1","1","IAT2905191114","NHO2018000007","PAID","","193025"),
("IATT190000408","193047","191002","192010","8000","1","8000","0","8000","1","1","1","IAT2905191114","NHO2018000007","PAID","","193047"),
("IATT190000408","193046","191002","192010","8000","1","8000","0","8000","1","1","1","IAT2905191114","NHO2018000007","PAID","","193046"),
("IATT190000408","193046","191002","192010","8000","1","8000","0","8000","2","1","1","IAT2905191114","NHO2018000007","PAID","","193046"),
("IATT190000408","193046","191002","192010","8000","1","8000","0","8000","3","1","1","IAT2905191114","NHO2018000007","PAID","","193046"),
("IATT190000408","193011","191001","192001","40000","1","40000","0","40000","1","1","1","IAT2905191114","NHO2018000007","PAID","","PEDAS"),
("IATT190000408","193011","191001","192001","40000","1","40000","0","40000","2","1","1","IAT2905191114","NHO2018000007","PAID","","PEDAS"),
("IATT190000408","193048","191002","192010","8000","1","8000","0","8000","1","1","1","IAT2905191114","NHO2018000007","PAID","","193048"),
("IATT190000409","193003","191001","192001","30000","1","30000","0","30000","1","1","1","IAT2905191114","NHO2018000007","PAID"," chiken","PEDAS"),
("IATT190000409","193035","191001","192006","32000","1","32000","0","32000","1","1","1","IAT2905191114","NHO2018000007","PAID","pedes sedeng","ORIGINAL"),
("IATT190000409","193056","191002","192010","17000","1","17000","0","17000","1","1","1","IAT2905191114","NHO2018000007","PAID","","193056"),
("IATT190000410","193021","191001","192002","40000","1","40000","0","40000","1","1","1","IAT2905191114","NHO2018000007","PAID","","ORIGINAL"),
("IATT190000410","193056","191002","192010","17000","1","17000","0","17000","1","1","1","IAT2905191114","NHO2018000007","PAID","","193056"),
("IATT190000410","193056","191002","192010","17000","1","17000","0","17000","2","1","1","IAT2905191114","NHO2018000007","PAID","","193056"),
("IATT190000410","193020","191001","192002","40000","1","40000","0","40000","1","1","1","IAT2905191114","NHO2018000007","PAID","","193020"),
("IATT190000411","193025","191001","192003","30000","1","30000","0","30000","1","1","1","IAT2905191114","NHO2018000007","PAID","","193025"),
("IATT190000411","193025","191001","192003","30000","1","30000","0","30000","2","1","1","IAT2905191114","NHO2018000007","PAID","","193025"),
("IATT190000411","193048","191002","192010","8000","1","8000","0","8000","1","1","1","IAT2905191114","NHO2018000007","PAID","","193048"),
("IATT190000408","193047","191002","192010","8000","1","8000","0","8000","2","1","2","IAT2905191114","NHO2018000007","PAID","","193047"),
("IATT190000408","193047","191002","192010","8000","1","8000","0","8000","3","1","2","IAT2905191114","NHO2018000007","PAID","","193047"),
("IATT190000408","193003","191001","192001","30000","1","30000","0","30000","1","1","2","IAT2905191114","NHO2018000007","PAID"," level 3 (tertinggi)","PEDAS"),
("IATT190000408","193011","191001","192001","40000","1","40000","0","40000","3","1","2","IAT2905191114","NHO2018000007","PAID","","PEDAS"),
("IATT190000413","193009","191001","192001","40000","1","40000","0","40000","1","1","1","IAT2905191114","NHO2018000007","PAID","","193009"),
("IATT190000413","193010","191001","192001","40000","1","40000","0","40000","1","1","1","IAT2905191114","NHO2018000007","PAID","","193010"),
("IATT190000413","193040","191001","192008","20000","1","20000","0","20000","1","1","1","IAT2905191114","NHO2018000007","PAID","","193040"),
("IATT190000413","193050","191002","192010","20000","1","20000","0","20000","1","1","1","IAT2905191114","NHO2018000007","PAID","","193050"),
("IATT190000413","193048","191002","192010","8000","1","8000","0","8000","1","1","1","IAT2905191114","NHO2018000007","PAID","","193048"),
("IATT190000414","193023","191001","192003","30000","1","30000","0","30000","1","1","1","IAT2905191114","NHO2018000007","PAID","","193023"),
("IATT190000414","193048","191002","192010","8000","1","8000","0","8000","1","1","1","IAT2905191114","NHO2018000007","PAID","","193048"),
("IATT190000414","193003","191001","192001","30000","1","30000","0","30000","1","1","1","IAT2905191114","NHO2018000007","PAID","level 2","PEDAS"),
("IATT190000414","193049","191002","192010","10000","1","10000","0","10000","1","1","1","IAT2905191114","NHO2018000007","PAID","","193049"),
("IATT190000414","193025","191001","192003","30000","1","30000","0","30000","1","1","1","IAT2905191114","NHO2018000007","PAID","","193025"),
("IATT190000414","193050","191002","192010","20000","1","20000","0","20000","1","1","1","IAT2905191114","NHO2018000007","PAID","","193050"),
("IATT190000408","193046","191002","192010","8000","1","8000","0","8000","4","1","3","IAT2905191114","NHO2018000007","PAID","","193046"),
("IATT190000415","193027","191001","192003","43000","1","43000","0","43000","1","1","1","IAT2905191114","NHO2018000007","PAID","","193027"),
("IATT190000415","193050","191002","192010","20000","1","20000","0","20000","1","1","1","IAT2905191114","NHO2018000007","PAID","","193050"),
("IATT190000415","193048","191002","192010","8000","1","8000","0","8000","1","1","1","IAT2905191114","NHO2018000007","PAID","","193048"),
("IATT190000415","193047","191002","192010","8000","1","8000","0","8000","1","1","1","IAT2905191114","NHO2018000007","PAID","","193047"),
("IATT190000408","193048","191002","192010","8000","1","8000","0","8000","2","1","4","IAT2905191114","NHO2018000007","PAID","","193048"),
("IATT190000416","193066","191003","192011","0","1","0","0","0","1","1","1","IAT2905191114","NHO2018000007","PAID","","193066"),
("IATT190000416","193066","191003","192011","0","1","0","0","0","2","1","1","IAT2905191114","NHO2018000007","PAID","","193066"),
("IATT190000416","193066","191003","192011","0","1","0","0","0","3","1","1","IAT2905191114","NHO2018000007","PAID","","193066"),
("IATT190000416","193066","191003","192011","0","1","0","0","0","4","1","1","IAT2905191114","NHO2018000007","PAID","","193066"),
("IATT190000416","193066","191003","192011","0","1","0","0","0","5","1","1","IAT2905191114","NHO2018000007","PAID","","193066"),
("IATT190000416","193066","191003","192011","0","1","0","0","0","6","1","1","IAT2905191114","NHO2018000007","PAID","","193066"),
("IATT190000416","193066","191003","192011","0","1","0","0","0","7","1","1","IAT2905191114","NHO2018000007","PAID","","193066"),
("IATT190000416","193066","191003","192011","0","1","0","0","0","8","1","1","IAT2905191114","NHO2018000007","PAID","","193066"),
("IATT190000416","193066","191003","192011","0","1","0","0","0","9","1","1","IAT2905191114","NHO2018000007","PAID","","193066"),
("IATT190000416","193066","191003","192011","0","1","0","0","0","10","1","1","IAT2905191114","NHO2018000007","PAID","","193066"),
("IATT190000416","193066","191003","192011","0","1","0","0","0","10","1","1","IAT2905191114","NHO2018000007","PAID","","193066"),
("IATT190000416","193066","191003","192011","0","1","0","0","0","10","1","1","IAT2905191114","NHO2018000007","PAID","","193066"),
("IATT190000416","193066","191003","192011","0","1","0","0","0","10","1","1","IAT2905191114","NHO2018000007","PAID","","193066"),
("IATT190000416","193066","191003","192011","0","1","0","0","0","10","1","1","IAT2905191114","NHO2018000007","PAID","","193066"),
("IATT190000416","193066","191003","192011","0","1","0","0","0","10","1","1","IAT2905191114","NHO2018000007","PAID","","193066"),
("IATT190000416","193066","191003","192011","0","1","0","0","0","10","1","1","IAT2905191114","NHO2018000007","PAID","","193066"),
("IATT190000416","193066","191003","192011","0","1","0","0","0","10","1","1","IAT2905191114","NHO2018000007","PAID","","193066"),
("IATT190000416","193066","191003","192011","0","1","0","0","0","10","1","1","IAT2905191114","NHO2018000007","PAID","","193066"),
("IATT190000416","193066","191003","192011","0","1","0","0","0","10","1","1","IAT2905191114","NHO2018000007","PAID","","193066"),
("IATT190000416","193066","191003","192011","0","1","0","0","0","10","1","1","IAT2905191114","NHO2018000007","PAID","","193066"),
("IATT190000416","193066","191003","192011","0","1","0","0","0","10","1","1","IAT2905191114","NHO2018000007","PAID","","193066"),
("IATT190000416","193066","191003","192011","0","1","0","0","0","10","1","1","IAT2905191114","NHO2018000007","PAID","","193066"),
("IATT190000416","193066","191003","192011","0","1","0","0","0","10","1","1","IAT2905191114","NHO2018000007","PAID","","193066"),
("IATT190000416","193066","191003","192011","0","1","0","0","0","10","1","1","IAT2905191114","NHO2018000007","PAID","","193066"),
("IATT190000416","193066","191003","192011","0","1","0","0","0","10","1","1","IAT2905191114","NHO2018000007","PAID","","193066"),
("IATT190000416","193066","191003","192011","0","1","0","0","0","10","1","1","IAT2905191114","NHO2018000007","PAID","","193066"),
("IATT190000416","193066","191003","192011","0","1","0","0","0","10","1","1","IAT2905191114","NHO2018000007","PAID","","193066"),
("IATT190000416","193066","191003","192011","0","1","0","0","0","10","1","1","IAT2905191114","NHO2018000007","PAID","","193066"),
("IATT190000416","193066","191003","192011","0","1","0","0","0","10","1","1","IAT2905191114","NHO2018000007","PAID","","193066"),
("IATT190000416","193066","191003","192011","0","1","0","0","0","10","1","1","IAT2905191114","NHO2018000007","PAID","","193066"),
("IATT190000416","193066","191003","192011","0","1","0","0","0","10","1","1","IAT2905191114","NHO2018000007","PAID","","193066"),
("IATT190000416","193066","191003","192011","0","1","0","0","0","10","1","1","IAT2905191114","NHO2018000007","PAID","","193066"),
("IATT190000416","193066","191003","192011","0","1","0","0","0","10","1","1","IAT2905191114","NHO2018000007","PAID","","193066"),
("IATT190000416","193066","191003","192011","0","1","0","0","0","10","1","1","IAT2905191114","NHO2018000007","PAID","","193066"),
("IATT190000416","193066","191003","192011","0","1","0","0","0","10","1","1","IAT2905191114","NHO2018000007","PAID","","193066"),
("IATT190000416","193066","191003","192011","0","1","0","0","0","10","1","1","IAT2905191114","NHO2018000007","PAID","","193066"),
("IATT190000416","193066","191003","192011","0","1","0","0","0","10","1","1","IAT2905191114","NHO2018000007","PAID","","193066"),
("IATT190000416","193066","191003","192011","0","1","0","0","0","10","1","1","IAT2905191114","NHO2018000007","PAID","","193066"),
("IATT190000416","193066","191003","192011","0","1","0","0","0","10","1","1","IAT2905191114","NHO2018000007","PAID","","193066"),
("IATT190000416","193066","191003","192011","0","1","0","0","0","10","1","1","IAT2905191114","NHO2018000007","PAID","","193066"),
("IATT190000416","193066","191003","192011","0","1","0","0","0","10","1","1","IAT2905191114","NHO2018000007","PAID","","193066"),
("IATT190000416","193066","191003","192011","0","1","0","0","0","10","1","1","IAT2905191114","NHO2018000007","PAID","","193066");



INSERT INTO pos_salestemp VALUES("IATT190000366","","2","150000","0","15000","0","165000","200000","29/05/2019","11:14","29/05/2019","12:12:39","ISU000011","tbl0012","CLOSED","1","","IATR190000353","","","","","IAT2905191114","NHO2018000007"),
("IATT190000367","","1","58000","0","5800","0","63800","100000","29/05/2019","11:23","29/05/2019","11:40:50","ISU000011","tbl0017","CLOSED","1","","IATR190000352","","","","","IAT2905191114","NHO2018000007"),
("IATT190000368","","1","86000","0","8600","0","94600","100000","29/05/2019","12:31","29/05/2019","13:10:51","ISU000011","tbl0012","CLOSED","1","","IATR190000354","","","","","IAT2905191114","NHO2018000007"),
("IATT190000369","","1","30000","0","3000","0","33000","50000","29/05/2019","14:42","29/05/2019","14:43:09","ISU000011","takeaway","CLOSED","1","","IATR190000355","","","","","IAT2905191114","NHO2018000007"),
("IATT190000370","","1","45000","0","4500","0","49500","50000","29/05/2019","15:30","29/05/2019","15:51:40","ISU000011","tbl0011","CLOSED","1","","IATR190000356","","","","","IAT2905191114","NHO2018000007"),
("IATT190000371","","1","97000","0","9700","0","106700","110000","29/05/2019","16:19","29/05/2019","17:38:42","ISU000011","tbl0020","CLOSED","1","","IATR190000358","","","","","IAT2905191114","NHO2018000007"),
("IATT190000372","","2","153000","0","15300","0","168300","200000","29/05/2019","16:48","29/05/2019","16:50:12","ISU000011","tbl0010","CLOSED","1","","IATR190000357","","","","","IAT2905191114","NHO2018000007"),
("IATT190000373","","3","164000","0","16400","0","180400","180400","29/05/2019","17:24","29/05/2019","17:43:10","ISU000011","tbl0011","CLOSED","1","","IATR190000360","","","","","IAT2905191114","NHO2018000007"),
("IATT190000374","","6","432000","0","43200","0","475200","500000","29/05/2019","17:27","29/05/2019","18:21:40","ISU000011","tbl0024","CLOSED","1","","IATR190000365","","","","","IAT2905191114","NHO2018000007"),
("IATT190000375","","4","191000","0","19100","0","210100","300000","29/05/2019","17:30","29/05/2019","18:22:57","ISU000011","tbl0019","CLOSED","1","","IATR190000366","","","","","IAT2905191114","NHO2018000007"),
("IATT190000376","","2","102000","0","10200","0","112200","150000","29/05/2019","17:31","29/05/2019","18:55:19","ISU000004","tbl0012","CLOSED","1","","IATR190000377","","","","","IAT2905191114","NHO2018000007"),
("IATT190000377","","2","90000","0","9000","0","99000","99000","29/05/2019","17:31","29/05/2019","17:39:49","ISU000011","tbl0009","CLOSED","1","","IATR190000359","","","","","IAT2905191114","NHO2018000007"),
("IATT190000378","","3","124000","0","12400","0","136400","136400","29/05/2019","17:33","29/05/2019","18:48:38","ISU000011","tbl0013","CLOSED","1","","IATR190000375","","","","","IAT2905191114","NHO2018000007"),
("IATT190000379","","1","38000","0","3800","0","41800","50000","29/05/2019","17:34","29/05/2019","18:19:08","ISU000011","tbl0022","CLOSED","1","","IATR190000364","","","","","IAT2905191114","NHO2018000007"),
("IATT190000380","","2","76000","0","7600","0","83600","100000","29/05/2019","17:36","29/05/2019","18:17:10","ISU000011","tbl0006","CLOSED","1","","IATR190000363","","","","","IAT2905191114","NHO2018000007"),
("IATT190000381","","4","194000","0","19400","0","213400","213400","29/05/2019","17:40","29/05/2019","18:25:55","ISU000011","tbl0023","CLOSED","1","","IATR190000368","","","","","IAT2905191114","NHO2018000007"),
("IATT190000382","","1","133000","0","13300","0","146300","146300","29/05/2019","17:43","29/05/2019","18:31:03","ISU000011","tbl0008","CLOSED","1","","IATR190000370","","","","","IAT2905191114","NHO2018000007"),
("IATT190000383","","2","76000","0","7600","0","83600","100000","29/05/2019","17:44","29/05/2019","18:24:49","ISU000011","tbl0014","CLOSED","1","","IATR190000367","","","","","IAT2905191114","NHO2018000007"),
("IATT190000384","","1","68000","0","6800","0","74800","100000","29/05/2019","17:46","29/05/2019","19:08:37","ISU000004","tbl0018","CLOSED","1","","IATR190000380","","","","","IAT2905191114","NHO2018000007"),
("IATT190000385","","2","89000","0","8900","0","97900","100000","29/05/2019","17:47","29/05/2019","18:30:01","ISU000011","tbl0004","CLOSED","1","","IATR190000369","","","","","IAT2905191114","NHO2018000007"),
("IATT190000386","","2","8000","0","800","0","8800","100000","29/05/2019","17:51","29/05/2019","17:56:30","ISU000011","tbl0005","CLOSED","1","","IATR190000361","","","","","IAT2905191114","NHO2018000007"),
("IATT190000387","","1","38000","0","3800","0","41800","100000","29/05/2019","17:53","29/05/2019","18:01:36","ISU000011","tbl0007","CLOSED","1","","IATR190000362","","","","","IAT2905191114","NHO2018000007"),
("IATT190000388","","2","142000","0","14200","0","156200","170200","29/05/2019","17:53","29/05/2019","18:59:25","ISU000004","tbl0020","CLOSED","1","","IATR190000379","","","","","IAT2905191114","NHO2018000007"),
("IATT190000389","","2","130000","0","13000","0","143000","150000","29/05/2019","17:54","29/05/2019","18:45:05","ISU000011","tbl0050","CLOSED","1","","IATR190000374","","","","","IAT2905191114","NHO2018000007"),
("IATT190000390","","1","97000","0","9700","0","106700","107000","29/05/2019","18:08","29/05/2019","18:33:02","ISU000011","tbl0001","CLOSED","1","","IATR190000371","","","","","IAT2905191114","NHO2018000007"),
("IATT190000391","","1","30000","0","3000","0","33000","34000","29/05/2019","18:17","29/05/2019","18:41:17","ISU000011","tbl0017","CLOSED","1","","IATR190000373","","","","","IAT2905191114","NHO2018000007"),
("IATT190000392","","1","55000","0","5500","0","60500","100500","29/05/2019","18:23","29/05/2019","18:58:46","ISU000004","tbl0003","CLOSED","1","","IATR190000378","","","","","IAT2905191114","NHO2018000007"),
("IATT190000393","","2","89000","0","8900","0","97900","100000","29/05/2019","18:29","29/05/2019","18:53:09","ISU000004","tbl0005","CLOSED","1","","IATR190000376","","","","","IAT2905191114","NHO2018000007"),
("IATT190000394","","4","212000","0","21200","0","233200","233200","29/05/2019","18:31","29/05/2019","19:15:10","ISU000004","tbl0024","CLOSED","1","","IATR190000383","","","","","IAT2905191114","NHO2018000007"),
("IATT190000395","","2","96000","0","9600","0","105600","110000","29/05/2019","18:36","29/05/2019","20:08:26","ISU000004","tbl0010","CLOSED","1","","IATR190000394","","","","","IAT2905191114","NHO2018000007"),
("IATT190000396","","2","88000","0","8800","0","96800","96800","29/05/2019","18:38","29/05/2019","18:40:04","ISU000011","tbl0049","CLOSED","1","","IATR190000372","","","","","IAT2905191114","NHO2018000007"),
("IATT190000397","","2","83000","0","8300","0","91300","100000","29/05/2019","18:40","29/05/2019","19:13:32","ISU000004","tbl0014","CLOSED","1","","IATR190000382","","","","","IAT2905191114","NHO2018000007"),
("IATT190000398","","2","96000","0","9600","0","105600","105600","29/05/2019","18:45","29/05/2019","20:14:38","ISU000004","tbl0017","CLOSED","1","","IATR190000396","","","","","IAT2905191114","NHO2018000007"),
("IATT190000399","","2","208000","0","20800","0","228800","250000","29/05/2019","18:46","29/05/2019","19:24:17","ISU000004","tbl0023","CLOSED","1","","IATR190000385","","","","","IAT2905191114","NHO2018000007"),
("IATT190000400","","2","76000","0","7600","0","83600","100000","29/05/2019","18:52","29/05/2019","19:35:08","ISU000004","tbl0011","CLOSED","1","","IATR190000386","","","","","IAT2905191114","NHO2018000007"),
("IATT190000401","","2","76000","0","7600","0","83600","83600","29/05/2019","18:59","29/05/2019","19:23:26","ISU000004","tbl0006","CLOSED","1","","IATR190000384","","","","","IAT2905191114","NHO2018000007"),
("IATT190000402","","0","390000","0","39000","0","429000","440000","29/05/2019","19:04","29/05/2019","20:04:52","ISU000004","tbl0019","CLOSED","1","","IATR190000392","","","","","IAT2905191114","NHO2018000007"),
("IATT190000403","","2","80000","0","8000","0","88000","100000","29/05/2019","19:07","29/05/2019","19:09:24","ISU000004","tbl0012","CLOSED","1","","IATR190000381","","","","","IAT2905191114","NHO2018000007"),
("IATT190000404","","2","89000","0","8900","0","97900","97900","29/05/2019","19:09","29/05/2019","19:48:34","ISU000004","tbl0004","CLOSED","1","","IATR190000390","","","","","IAT2905191114","NHO2018000007"),
("IATT190000405","","2","86000","0","8600","0","94600","100000","29/05/2019","19:10","29/05/2019","19:45:41","ISU000004","tbl0005","CLOSED","1","","IATR190000388","","","","","IAT2905191114","NHO2018000007"),
("IATT190000406","","2","68000","0","6800","0","74800","74800","29/05/2019","19:18","29/05/2019","19:53:10","ISU000004","tbl0009","CLOSED","1","","IATR190000391","","","","","IAT2905191114","NHO2018000007"),
("IATT190000407","","0","80000","0","8000","0","88000","100000","29/05/2019","19:21","29/05/2019","20:11:55","ISU000004","tbl0020","CLOSED","1","","IATR190000395","","","","","IAT2905191114","NHO2018000007"),
("IATT190000408","","4","282000","0","28200","0","310200","310200","29/05/2019","19:24","29/05/2019","20:36:18","ISU000004","tbl0013","CLOSED","1","","IATR190000400","","","","","IAT2905191114","NHO2018000007"),
("IATT190000409","","2","79000","0","7900","0","86900","100000","29/05/2019","19:26","29/05/2019","20:06:33","ISU000004","tbl0016","CLOSED","1","","IATR190000393","","","","","IAT2905191114","NHO2018000007"),
("IATT190000410","","0","114000","0","11400","0","125400","150000","29/05/2019","19:36","29/05/2019","20:15:29","ISU000004","tbl0018","CLOSED","1","","IATR190000397","","","","","IAT2905191114","NHO2018000007"),
("IATT190000411","","0","68000","0","6800","0","74800","100000","29/05/2019","19:39","29/05/2019","19:40:25","ISU000004","tbl0007","CLOSED","1","","IATR190000387","","","","","IAT2905191114","NHO2018000007"),
("IATT190000412","","0","420000","0","0","0","0","0","29/05/2019","19:46","29/05/2019","22:02:13","ISU000004","tbl0050","CANCELED","1","PERMINTAAN CUSTOMER","","","","","","IAT2905191114","NHO2018000007"),
("IATT190000413","","2","128000","0","12800","0","140800","150000","29/05/2019","19:46","29/05/2019","19:47:18","ISU000004","tbl0012","CLOSED","1","","IATR190000389","","","","","IAT2905191114","NHO2018000007"),
("IATT190000414","","3","128000","0","12800","0","140800","150000","29/05/2019","19:48","29/05/2019","20:22:40","ISU000004","tbl0024","CLOSED","1","","IATR190000398","","","","","IAT2905191114","NHO2018000007"),
("IATT190000415","","1","79000","0","7900","0","86900","86900","29/05/2019","19:58","29/05/2019","20:29:22","ISU000004","tbl0004","CLOSED","1","","IATR190000399","","","","","IAT2905191114","NHO2018000007"),
("IATT190000416","","0","0","0","0","0","0","0","29/05/2019","22:02","29/05/2019","22:02:29","ISU000004","takeaway","CLOSED","1","","IATR190000401","","","","","IAT2905191114","NHO2018000007");



INSERT INTO item_void VALUES("IATT190000377","IAT2905191114","NHO2018000007","193052","193052","1","20000","Before Send","Komplen Customer"),
("IATT190000374","IAT2905191114","NHO2018000007","193003","PEDAS","1","30000","Before Send","Salah Order"),
("IATT190000386","IAT2905191114","NHO2018000007","193033","193033","1","42000","Before Send","Komplen Customer"),
("IATT190000386","IAT2905191114","NHO2018000007","193046","193046","1","8000","Before Send","Komplen Customer"),
("IATT190000386","IAT2905191114","NHO2018000007","193035","ORIGINAL","1","32000","Before Send","Komplen Customer"),
("IATT190000380","IAT2905191114","NHO2018000007","193055","193055","1","17000","Before Send","Komplen Customer"),
("IATT190000374","IAT2905191114","NHO2018000007","193003","PEDAS","1","30000","Before Send","Salah Order"),
("IATT190000374","IAT2905191114","NHO2018000007","193003","PEDAS","1","30000","Before Send","Salah Order"),
("IATT190000374","IAT2905191114","NHO2018000007","193003","PEDAS","1","30000","Before Send","Salah Order"),
("IATT190000374","IAT2905191114","NHO2018000007","193003","PEDAS","1","30000","Before Send","Salah Order"),
("IATT190000378","IAT2905191114","NHO2018000007","193052","193052","1","20000","Before Send","Komplen Customer"),
("IATT190000376","IAT2905191114","NHO2018000007","193055","193055","1","17000","Before Send","Salah Order"),
("IATT190000407","IAT2905191114","NHO2018000007","193011","PEDAS","1","40000","Before Send","Komplen Customer");









INSERT INTO pos_paymenttemp VALUES("IATT190000367","CASH","CASH","63800","100000","ISU000011","2019-05-29","","1","","CLOSED","IAT2905191114","NHO2018000007"),
("IATT190000366","CASH","CASH","165000","200000","ISU000011","2019-05-29","","1","","CLOSED","IAT2905191114","NHO2018000007"),
("IATT190000368","CASH","CASH","94600","100000","ISU000011","2019-05-29","","1","","CLOSED","IAT2905191114","NHO2018000007"),
("IATT190000369","CASH","CASH","33000","50000","ISU000011","2019-05-29","","1","","CLOSED","IAT2905191114","NHO2018000007"),
("IATT190000370","CASH","CASH","49500","50000","ISU000011","2019-05-29","","1","","CLOSED","IAT2905191114","NHO2018000007"),
("IATT190000372","CASH","CASH","168300","200000","ISU000011","2019-05-29","","1","","CLOSED","IAT2905191114","NHO2018000007"),
("IATT190000371","CASH","CASH","106700","110000","ISU000011","2019-05-29","","1","","CLOSED","IAT2905191114","NHO2018000007"),
("IATT190000377","CARD","VISA","99000","99000","ISU000011","2019-05-29","","1","","CLOSED","IAT2905191114","NHO2018000007"),
("IATT190000373","CARD","DEBIT BCA","180400","180400","ISU000011","2019-05-29","","1","","CLOSED","IAT2905191114","NHO2018000007"),
("IATT190000386","CASH","CASH","8800","100000","ISU000011","2019-05-29","","1","","CLOSED","IAT2905191114","NHO2018000007"),
("IATT190000387","CASH","CASH","41800","100000","ISU000011","2019-05-29","","1","","CLOSED","IAT2905191114","NHO2018000007"),
("IATT190000380","CASH","CASH","83600","100000","ISU000011","2019-05-29","","1","","CLOSED","IAT2905191114","NHO2018000007"),
("IATT190000379","CASH","CASH","41800","50000","ISU000011","2019-05-29","","1","","CLOSED","IAT2905191114","NHO2018000007"),
("IATT190000374","CASH","CASH","475200","500000","ISU000011","2019-05-29","","1","","CLOSED","IAT2905191114","NHO2018000007"),
("IATT190000375","CASH","CASH","210100","300000","ISU000011","2019-05-29","","1","","CLOSED","IAT2905191114","NHO2018000007"),
("IATT190000383","CASH","CASH","83600","100000","ISU000011","2019-05-29","","1","","CLOSED","IAT2905191114","NHO2018000007"),
("IATT190000381","CARD","MASTER","213400","213400","ISU000011","2019-05-29","","1","","CLOSED","IAT2905191114","NHO2018000007"),
("IATT190000385","CASH","CASH","97900","100000","ISU000011","2019-05-29","","1","","CLOSED","IAT2905191114","NHO2018000007"),
("IATT190000382","CARD","DEBIT BCA","146300","146300","ISU000011","2019-05-29","","1","","CLOSED","IAT2905191114","NHO2018000007"),
("IATT190000390","CASH","CASH","106700","107000","ISU000011","2019-05-29","","1","","CLOSED","IAT2905191114","NHO2018000007"),
("IATT190000396","CARD","DEBIT BCA","96800","96800","ISU000011","2019-05-29","","1","","CLOSED","IAT2905191114","NHO2018000007"),
("IATT190000391","CASH","CASH","33000","34000","ISU000011","2019-05-29","","1","","CLOSED","IAT2905191114","NHO2018000007"),
("IATT190000389","CASH","CASH","143000","150000","ISU000011","2019-05-29","","1","","CLOSED","IAT2905191114","NHO2018000007"),
("IATT190000378","CARD","DEBIT BCA","136400","136400","ISU000011","2019-05-29","","1","","CLOSED","IAT2905191114","NHO2018000007"),
("IATT190000393","CASH","CASH","97900","100000","ISU000004","2019-05-29","","1","","CLOSED","IAT2905191114","NHO2018000007"),
("IATT190000376","CASH","CASH","112200","150000","ISU000004","2019-05-29","","1","","CLOSED","IAT2905191114","NHO2018000007"),
("IATT190000392","CASH","CASH","60500","100500","ISU000004","2019-05-29","","1","","CLOSED","IAT2905191114","NHO2018000007"),
("IATT190000388","CASH","CASH","156200","170200","ISU000004","2019-05-29","","1","","CLOSED","IAT2905191114","NHO2018000007"),
("IATT190000384","CASH","CASH","74800","100000","ISU000004","2019-05-29","","1","","CLOSED","IAT2905191114","NHO2018000007"),
("IATT190000403","CASH","CASH","88000","100000","ISU000004","2019-05-29","","1","","CLOSED","IAT2905191114","NHO2018000007"),
("IATT190000397","CASH","CASH","91300","100000","ISU000004","2019-05-29","","1","","CLOSED","IAT2905191114","NHO2018000007"),
("IATT190000394","CARD","DEBIT BCA","233200","233200","ISU000004","2019-05-29","","1","","CLOSED","IAT2905191114","NHO2018000007"),
("IATT190000401","CARD","DEBIT BCA","83600","83600","ISU000004","2019-05-29","","1","","CLOSED","IAT2905191114","NHO2018000007"),
("IATT190000399","CASH","CASH","228800","250000","ISU000004","2019-05-29","","1","","CLOSED","IAT2905191114","NHO2018000007"),
("IATT190000400","CASH","CASH","83600","100000","ISU000004","2019-05-29","","1","","CLOSED","IAT2905191114","NHO2018000007"),
("IATT190000411","CASH","CASH","74800","100000","ISU000004","2019-05-29","","1","","CLOSED","IAT2905191114","NHO2018000007"),
("IATT190000405","CASH","CASH","94600","100000","ISU000004","2019-05-29","","1","","CLOSED","IAT2905191114","NHO2018000007"),
("IATT190000413","CASH","CASH","140800","150000","ISU000004","2019-05-29","","1","","CLOSED","IAT2905191114","NHO2018000007"),
("IATT190000404","CARD","MASTER","97900","97900","ISU000004","2019-05-29","","1","","CLOSED","IAT2905191114","NHO2018000007"),
("IATT190000406","CARD","DEBIT BCA","74800","74800","ISU000004","2019-05-29","","1","","CLOSED","IAT2905191114","NHO2018000007"),
("IATT190000402","CASH","CASH","429000","440000","ISU000004","2019-05-29","","1","","CLOSED","IAT2905191114","NHO2018000007"),
("IATT190000409","CASH","CASH","86900","100000","ISU000004","2019-05-29","","1","","CLOSED","IAT2905191114","NHO2018000007"),
("IATT190000395","CASH","CASH","105600","110000","ISU000004","2019-05-29","","1","","CLOSED","IAT2905191114","NHO2018000007"),
("IATT190000407","CASH","CASH","88000","100000","ISU000004","2019-05-29","","1","","CLOSED","IAT2905191114","NHO2018000007"),
("IATT190000398","CARD","DEBIT BCA","105600","105600","ISU000004","2019-05-29","","1","","CLOSED","IAT2905191114","NHO2018000007"),
("IATT190000410","CASH","CASH","125400","150000","ISU000004","2019-05-29","","1","","CLOSED","IAT2905191114","NHO2018000007"),
("IATT190000414","CASH","CASH","140800","150000","ISU000004","2019-05-29","","1","","CLOSED","IAT2905191114","NHO2018000007"),
("IATT190000415","CARD","DEBIT BCA","86900","86900","ISU000004","2019-05-29","","1","","CLOSED","IAT2905191114","NHO2018000007"),
("IATT190000408","CASH","CASH","310200","310200","ISU000004","2019-05-29","","1","","CLOSED","IAT2905191114","NHO2018000007");



