INSERT INTO pos_itemtemp VALUES("IATT200005849","193024","191001","192003","30000","1","30000","0","30000","1","1","1","IAT2203200947","NHO2018000007","PAID","","193024"),
("IATT200005849","193071","191001","192012","18000","1","18000","0","18000","1","1","1","IAT2203200947","NHO2018000007","PAID","","193071"),
("IATT200005849","193227","191001","192011","0","1","0","0","0","1","1","1","IAT2203200947","NHO2018000007","PAID","","193227"),
("IATT200005850","193011","191001","192001","40000","1","40000","0","40000","1","1","1","IAT2203200947","NHO2018000007","PAID","LEVEL 1","PEDAS"),
("IATT200005850","193050","191002","192010","20000","1","20000","0","20000","1","1","1","IAT2203200947","NHO2018000007","PAID","","193050"),
("IATT200005851","193084","191001","192001","30000","1","30000","0","30000","1","1","1","IAT2203200947","NHO2018000007","PAID","LV2","PEDAS"),
("IATT200005851","193046","191002","192010","10000","1","10000","0","10000","1","1","1","IAT2203200947","NHO2018000007","PAID","","193046");



INSERT INTO pos_salestemp VALUES("IATT200005849","","2","48000","0","4800","0","52800","60000","22/03/2020","14:34","2020-03-22","14:40:10","ISU000006","tbl0011","CLOSED","1","","IATR200005691","","","","","IAT2203200947","NHO2018000007"),
("IATT200005850","","1","60000","0","6000","0","66000","66000","22/03/2020","15:14","2020-03-22","16:16:23","ISU000006","tbl0012","CLOSED","1","3119157","IATR200005692","","","","","IAT2203200947","NHO2018000007"),
("IATT200005851","","1","40000","0","4000","0","44000","50000","22/03/2020","16:49","2020-03-22","17:36:22","ISU000004","tbl0012","CLOSED","1","3120006","IATR200005693","","","","","IAT2203200947","NHO2018000007");












INSERT INTO pos_paymenttemp VALUES("IATT200005849","CASH","CASH","52800","60000","ISU000006","2020-03-22","","1","","CLOSED","IAT2203200947","NHO2018000007"),
("IATT200005850","CASH","OVO","66000","66000","ISU000006","2020-03-22","","1","","CLOSED","IAT2203200947","NHO2018000007"),
("IATT200005851","CASH","CASH","44000","50000","ISU000004","2020-03-22","","1","","CLOSED","IAT2203200947","NHO2018000007");



