INSERT INTO pos_itemtemp VALUES("IATT200005466","193132","191001","192015","47272","1","47272","0","47272","1","1","1","IAT2202200954","NHO2018000007","PAID","","193132"),
("IATT200005466","193174","191001","192015","23636","1","23636","0","23636","1","1","1","IAT2202200954","NHO2018000007","PAID","","193174"),
("IATT200005467","193253","191001","192013","25000","1","25000","0","25000","1","1","1","IAT2202200954","NHO2018000007","PAID","","193253"),
("IATT200005467","193243","191001","192013","25000","1","25000","0","25000","1","1","1","IAT2202200954","NHO2018000007","PAID","","193243"),
("IATT200005467","193051","191002","192010","20000","1","20000","0","20000","1","1","1","IAT2202200954","NHO2018000007","PAID","","193051"),
("IATT200005467","193055","191002","192010","17000","1","17000","0","17000","1","1","1","IAT2202200954","NHO2018000007","PAID","","193055"),
("IATT200005468","193243","191001","192013","25000","1","25000","0","25000","1","1","1","IAT2202200954","NHO2018000007","PAID","","193243"),
("IATT200005468","193255","191001","192013","25000","1","25000","0","25000","1","1","1","IAT2202200954","NHO2018000007","PAID","PEDES","193255"),
("IATT200005468","193035","191001","192006","32000","1","32000","0","32000","1","1","1","IAT2202200954","NHO2018000007","PAID","PEDES DIKIIIIT AJA","PEDAS"),
("IATT200005468","193047","191002","192010","10000","1","10000","0","10000","1","1","1","IAT2202200954","NHO2018000007","PAID","","193047"),
("IATT200005468","193049","191002","192010","10000","1","10000","0","10000","1","1","1","IAT2202200954","NHO2018000007","PAID","","193049"),
("IATT200005469","193027","191001","192003","43000","1","43000","0","43000","1","1","1","IAT2202200954","NHO2018000007","PAID","","193027"),
("IATT200005469","193084","191001","192001","30000","1","30000","0","30000","1","1","1","IAT2202200954","NHO2018000007","PAID","","PEDAS"),
("IATT200005469","193247","191001","192013","25000","1","25000","0","25000","1","1","1","IAT2202200954","NHO2018000007","PAID","","193247"),
("IATT200005469","193243","191001","192013","25000","1","25000","0","25000","1","1","1","IAT2202200954","NHO2018000007","PAID","","193243"),
("IATT200005469","193047","191002","192010","10000","1","10000","0","10000","1","1","1","IAT2202200954","NHO2018000007","PAID","","193047"),
("IATT200005469","193047","191002","192010","10000","1","10000","0","10000","2","1","1","IAT2202200954","NHO2018000007","PAID","","193047"),
("IATT200005469","193047","191002","192010","10000","1","10000","0","10000","3","1","1","IAT2202200954","NHO2018000007","PAID","","193047"),
("IATT200005470","193016","191001","192002","37000","1","37000","0","37000","1","1","1","IAT2202200954","NHO2018000007","PAID","","PEDAS"),
("IATT200005470","193047","191002","192010","10000","1","10000","0","10000","1","1","1","IAT2202200954","NHO2018000007","PAID","","193047"),
("IATT200005471","193022","191001","192003","30000","1","30000","0","30000","1","1","1","IAT2202200954","NHO2018000007","PAID","","193022"),
("IATT200005471","193022","191001","192003","30000","1","30000","0","30000","2","1","1","IAT2202200954","NHO2018000007","PAID","","193022"),
("IATT200005471","193022","191001","192003","30000","1","30000","0","30000","3","1","1","IAT2202200954","NHO2018000007","PAID","","193022"),
("IATT200005471","193047","191002","192010","10000","1","10000","0","10000","1","1","1","IAT2202200954","NHO2018000007","PAID","","193047"),
("IATT200005471","193047","191002","192010","10000","1","10000","0","10000","2","1","1","IAT2202200954","NHO2018000007","PAID","","193047"),
("IATT200005471","193048","191002","192010","8000","1","8000","0","8000","1","1","1","IAT2202200954","NHO2018000007","PAID","","193048"),
("IATT200005472","193113","191001","192003","55000","1","55000","0","55000","1","1","1","IAT2202200954","NHO2018000007","PAID","","193113"),
("IATT200005472","193046","191002","192010","10000","1","10000","0","10000","1","1","1","IAT2202200954","NHO2018000007","PAID","","193046"),
("IATT200005473","193011","191001","192001","40000","1","40000","0","40000","1","1","1","IAT2202200954","NHO2018000007","PAID","JANGAN D BUAT., MAKANAN SUDAH KELUAR","PEDAS"),
("IATT200005474","193253","191001","192013","25000","1","25000","0","25000","1","1","1","IAT2202200954","NHO2018000007","PAID","","193253"),
("IATT200005474","193243","191001","192013","25000","1","25000","0","25000","1","1","1","IAT2202200954","NHO2018000007","PAID","","193243"),
("IATT200005474","193024","191001","192003","30000","1","30000","0","30000","1","1","1","IAT2202200954","NHO2018000007","PAID","","193024"),
("IATT200005474","193028","191001","192003","43000","1","43000","0","43000","1","1","1","IAT2202200954","NHO2018000007","PAID","","193028"),
("IATT200005474","193046","191002","192010","10000","1","10000","0","10000","1","1","1","IAT2202200954","NHO2018000007","PAID","","193046"),
("IATT200005474","193046","191002","192010","10000","1","10000","0","10000","2","1","1","IAT2202200954","NHO2018000007","PAID","","193046"),
("IATT200005475","193015","191001","192002","33000","1","33000","0","33000","1","1","1","IAT2202200954","NHO2018000007","PAID","","ORIGINAL"),
("IATT200005475","193047","191002","192010","10000","1","10000","0","10000","1","1","1","IAT2202200954","NHO2018000007","PAID","","193047"),
("IATT200005476","193007","191001","192001","37000","1","37000","0","37000","1","1","1","IAT2202200954","NHO2018000007","PAID","","PEDAS"),
("IATT200005477","193082","191001","192001","30000","1","30000","0","30000","1","1","1","IAT2202200954","NHO2018000007","PAID","","193082"),
("IATT200005477","193083","191001","192001","30000","1","30000","0","30000","1","1","1","IAT2202200954","NHO2018000007","PAID","","193083"),
("IATT200005477","193052","191002","192010","20000","1","20000","0","20000","1","1","1","IAT2202200954","NHO2018000007","PAID","","193052"),
("IATT200005477","193051","191002","192010","20000","1","20000","0","20000","1","1","1","IAT2202200954","NHO2018000007","PAID","","193051"),
("IATT200005478","193055","191002","192010","17000","1","17000","0","17000","1","1","1","IAT2202200954","NHO2018000007","PAID","","193055"),
("IATT200005478","193254","191001","192013","25000","1","25000","0","25000","1","1","1","IAT2202200954","NHO2018000007","PAID","","193254"),
("IATT200005478","193243","191001","192013","25000","1","25000","0","25000","1","1","1","IAT2202200954","NHO2018000007","PAID","","193243"),
("IATT200005479","193024","191001","192003","30000","1","30000","0","30000","1","1","1","IAT2202200954","NHO2018000007","PAID","","193024"),
("IATT200005479","193024","191001","192003","30000","1","30000","0","30000","2","1","1","IAT2202200954","NHO2018000007","PAID","","193024"),
("IATT200005479","193046","191002","192010","10000","1","10000","0","10000","1","1","1","IAT2202200954","NHO2018000007","PAID","","193046"),
("IATT200005479","193046","191002","192010","10000","1","10000","0","10000","2","1","1","IAT2202200954","NHO2018000007","PAID","","193046"),
("IATT200005480","193027","191001","192003","43000","1","43000","0","43000","1","1","1","IAT2202200954","NHO2018000007","PAID","","193027"),
("IATT200005480","193028","191001","192003","43000","1","43000","0","43000","1","1","1","IAT2202200954","NHO2018000007","PAID","","193028"),
("IATT200005480","193056","191002","192010","17000","1","17000","0","17000","1","1","1","IAT2202200954","NHO2018000007","PAID","","193056"),
("IATT200005480","193056","191002","192010","17000","1","17000","0","17000","2","1","1","IAT2202200954","NHO2018000007","PAID","","193056"),
("IATT200005479","193024","191001","192003","30000","1","30000","0","30000","3","1","2","IAT2202200954","NHO2018000007","PAID","","193024"),
("IATT200005481","193027","191001","192003","43000","1","43000","0","43000","1","1","1","IAT2202200954","NHO2018000007","PAID","","193027"),
("IATT200005481","193027","191001","192003","43000","1","43000","0","43000","2","1","1","IAT2202200954","NHO2018000007","PAID","","193027"),
("IATT200005481","193055","191002","192010","17000","1","17000","0","17000","1","1","1","IAT2202200954","NHO2018000007","PAID","","193055"),
("IATT200005482","193028","191001","192003","43000","1","43000","0","43000","1","1","1","IAT2202200954","NHO2018000007","PAID","","193028"),
("IATT200005482","193054","191002","192010","20000","1","20000","0","20000","1","1","1","IAT2202200954","NHO2018000007","PAID","","193054");



INSERT INTO pos_salestemp VALUES("IATT200005466","","1","70908","0","7091","0","77999","77999","22/02/2020","13:50","2020-02-22","13:52:27","ISU000006","tbl0005","CLOSED","1","","IATR200005320","","","","","IAT2202200954","NHO2018000007"),
("IATT200005467","","2","87000","0","8700","0","95700","100000","22/02/2020","15:30","2020-02-22","16:03:13","ISU000006","tbl0012","CLOSED","1","","IATR200005321","","","","","IAT2202200954","NHO2018000007"),
("IATT200005468","","2","102000","0","10200","0","112200","112200","22/02/2020","16:06","2020-02-22","16:40:26","ISU000006","tbl0012","CLOSED","1","","IATR200005322","","","","","IAT2202200954","NHO2018000007"),
("IATT200005469","","4","153000","0","15300","0","168300","200000","22/02/2020","16:09","2020-02-22","17:06:55","ISU000006","tbl0011","CLOSED","1","","IATR200005323","","","","","IAT2202200954","NHO2018000007"),
("IATT200005470","","2","47000","0","4700","0","51700","51700","22/02/2020","16:58","2020-02-22","18:06:26","ISU000006","tbl0012","CLOSED","1","3134","IATR200005326","","","","","IAT2202200954","NHO2018000007"),
("IATT200005471","","3","118000","0","11800","0","129800","150000","22/02/2020","17:04","2020-02-22","18:54:06","ISU000004","tbl0010","CLOSED","1","","IATR200005329","","","","","IAT2202200954","NHO2018000007"),
("IATT200005472","","1","65000","0","6500","0","71500","72000","22/02/2020","17:05","2020-02-22","17:59:34","ISU000006","tbl0004","CLOSED","1","","IATR200005324","","","","","IAT2202200954","NHO2018000007"),
("IATT200005473","","0","40000","0","4000","0","44000","44000","22/02/2020","17:58","2020-02-22","18:00:41","ISU000006","tbl0007","CLOSED","1","1034","IATR200005325","","","","","IAT2202200954","NHO2018000007"),
("IATT200005474","","4","143000","0","14300","0","157300","157300","22/02/2020","18:06","2020-02-22","18:36:39","ISU000006","tbl0011","CLOSED","1","","IATR200005327","","","","","IAT2202200954","NHO2018000007"),
("IATT200005475","","1","43000","0","4300","0","47300","47300","22/02/2020","18:12","2020-02-22","18:48:25","ISU000006","tbl0012","CLOSED","1","4147","IATR200005328","","","","","IAT2202200954","NHO2018000007"),
("IATT200005476","","1","37000","0","3700","0","40700","40700","22/02/2020","18:52","2020-02-22","19:40:08","ISU000004","tbl0004","CLOSED","1","","IATR200005331","","","","","IAT2202200954","NHO2018000007"),
("IATT200005477","","2","100000","0","10000","0","110000","110000","22/02/2020","18:57","2020-02-22","19:21:01","ISU000004","tbl0012","CLOSED","1","","IATR200005330","","","","","IAT2202200954","NHO2018000007"),
("IATT200005478","","1","67000","0","6700","0","73700","100000","22/02/2020","19:01","2020-02-22","19:47:03","ISU000004","tbl0010","CLOSED","1","","IATR200005332","","","","","IAT2202200954","NHO2018000007"),
("IATT200005479","","2","110000","0","11000","0","121000","121000","22/02/2020","19:16","2020-02-22","19:57:32","ISU000004","tbl0011","CLOSED","1","","IATR200005333","","","","","IAT2202200954","NHO2018000007"),
("IATT200005480","","2","120000","0","12000","0","132000","200000","22/02/2020","19:41","2020-02-22","20:10:54","ISU000004","tbl0012","CLOSED","1","","IATR200005334","","","","","IAT2202200954","NHO2018000007"),
("IATT200005481","","2","103000","0","10300","0","113300","200000","22/02/2020","19:57","2020-02-22","20:53:38","ISU000004","tbl0010","CLOSED","1","","IATR200005336","","","","","IAT2202200954","NHO2018000007"),
("IATT200005482","","1","63000","0","6300","0","69300","100000","22/02/2020","20:13","2020-02-22","20:37:18","ISU000004","tbl0011","CLOSED","1","","IATR200005335","","","","","IAT2202200954","NHO2018000007");



INSERT INTO item_void VALUES("IATT200005470","IAT2202200954","NHO2018000007","193048","193048","1","8000","Before Send","Salah Order"),
("IATT200005470","IAT2202200954","NHO2018000007","193011","PEDAS","1","40000","Before Send","Komplen Customer");









INSERT INTO pos_paymenttemp VALUES("IATT200005466","CASH","GOPAY","77999","77999","ISU000006","2020-02-22","","1","","CLOSED","IAT2202200954","NHO2018000007"),
("IATT200005467","CASH","CASH","95700","100000","ISU000006","2020-02-22","","1","","CLOSED","IAT2202200954","NHO2018000007"),
("IATT200005468","CASH","CASH","112200","112200","ISU000006","2020-02-22","","1","","CLOSED","IAT2202200954","NHO2018000007"),
("IATT200005469","CASH","CASH","168300","200000","ISU000006","2020-02-22","","1","","CLOSED","IAT2202200954","NHO2018000007"),
("IATT200005470","CASH","SHOPPEEPAY","51700","51700","ISU000006","2020-02-22","","1","","CLOSED","IAT2202200954","NHO2018000007"),
("IATT200005472","CASH","CASH","71500","72000","ISU000006","2020-02-22","","1","","CLOSED","IAT2202200954","NHO2018000007"),
("IATT200005473","CASH","SHOPPEEPAY","44000","44000","ISU000006","2020-02-22","","1","","CLOSED","IAT2202200954","NHO2018000007"),
("IATT200005474","CARD","DEBIT BCA","157300","157300","ISU000006","2020-02-22","","1","","CLOSED","IAT2202200954","NHO2018000007"),
("IATT200005475","CASH","SHOPPEEPAY","47300","47300","ISU000006","2020-02-22","","1","","CLOSED","IAT2202200954","NHO2018000007"),
("IATT200005471","CASH","CASH","129800","150000","ISU000004","2020-02-22","","1","","CLOSED","IAT2202200954","NHO2018000007"),
("IATT200005477","CASH","OVO","110000","110000","ISU000004","2020-02-22","","1","","CLOSED","IAT2202200954","NHO2018000007"),
("IATT200005476","CASH","SHOPPEEPAY","40700","40700","ISU000004","2020-02-22","","1","","CLOSED","IAT2202200954","NHO2018000007"),
("IATT200005478","CASH","CASH","73700","100000","ISU000004","2020-02-22","","1","","CLOSED","IAT2202200954","NHO2018000007"),
("IATT200005479","CASH","SHOPPEEPAY","121000","121000","ISU000004","2020-02-22","","1","","CLOSED","IAT2202200954","NHO2018000007"),
("IATT200005480","CASH","CASH","132000","200000","ISU000004","2020-02-22","","1","","CLOSED","IAT2202200954","NHO2018000007"),
("IATT200005482","CASH","CASH","69300","100000","ISU000004","2020-02-22","","1","","CLOSED","IAT2202200954","NHO2018000007"),
("IATT200005481","CASH","CASH","113300","200000","ISU000004","2020-02-22","","1","","CLOSED","IAT2202200954","NHO2018000007");



