INSERT INTO pos_itemtemp VALUES("IATT190002116","193028","191001","192003","43000","1","43000","15480","27520","1","1","1","IAT2108191013","NHO2018000007","PAID","","193028"),
("IATT190002116","193027","191001","192003","43000","1","43000","15480","27520","1","1","1","IAT2108191013","NHO2018000007","PAID","","193027"),
("IATT190002117","193008","191001","192001","37000","1","37000","13320","23680","1","1","1","IAT2108191013","NHO2018000007","PAID","","193008"),
("IATT190002117","193046","191002","192010","10000","1","10000","0","10000","1","1","1","IAT2108191013","NHO2018000007","PAID","","193046"),
("IATT190002118","193007","191001","192001","37000","1","37000","13320","23680","1","1","1","IAT2108191013","NHO2018000007","PAID","lv 2","PEDAS"),
("IATT190002118","193052","191002","192010","20000","1","20000","0","20000","1","1","1","IAT2108191013","NHO2018000007","PAID","","193052"),
("IATT190002118","193053","191002","192010","20000","1","20000","0","20000","1","1","1","IAT2108191013","NHO2018000007","PAID","","193053"),
("IATT190002119","193006","191001","192001","37000","1","37000","13320","23680","1","1","1","IAT2108191013","NHO2018000007","PAID","original = 1\npedes lvl 3 = 1\ntoping beef semua","193006"),
("IATT190002119","193006","191001","192001","37000","1","37000","13320","23680","2","1","1","IAT2108191013","NHO2018000007","PAID","","193006"),
("IATT190002119","193025","191001","192003","30000","1","30000","10800","19200","1","1","1","IAT2108191013","NHO2018000007","PAID","","193025"),
("IATT190002119","193079","191001","192001","30000","1","30000","10800","19200","1","1","1","IAT2108191013","NHO2018000007","PAID","","193079"),
("IATT190002119","193056","191002","192010","17000","1","17000","0","17000","1","1","1","IAT2108191013","NHO2018000007","PAID","","193056"),
("IATT190002119","193046","191002","192010","10000","1","10000","0","10000","1","1","1","IAT2108191013","NHO2018000007","PAID","","193046"),
("IATT190002119","193046","191002","192010","10000","1","10000","0","10000","2","1","1","IAT2108191013","NHO2018000007","PAID","","193046"),
("IATT190002119","193046","191002","192010","10000","1","10000","0","10000","3","1","1","IAT2108191013","NHO2018000007","PAID","","193046"),
("IATT190002120","193005","191001","192001","37000","1","37000","14800","22200","1","1","1","IAT2108191013","NHO2018000007","PAID","toping beef","193005"),
("IATT190002120","193033","191001","192005","42000","1","42000","16800","25200","1","1","1","IAT2108191013","NHO2018000007","PAID","","193033"),
("IATT190002120","193028","191001","192003","43000","1","43000","0","43000","1","1","1","IAT2108191013","NHO2018000007","PAID","","193028"),
("IATT190002120","193046","191002","192010","10000","1","10000","0","10000","1","1","1","IAT2108191013","NHO2018000007","PAID","","193046"),
("IATT190002120","193052","191002","192010","20000","1","20000","0","20000","1","1","1","IAT2108191013","NHO2018000007","PAID","","193052"),
("IATT190002120","193050","191002","192010","20000","1","20000","0","20000","1","1","1","IAT2108191013","NHO2018000007","PAID","","193050"),
("IATT190002121","193084","191001","192001","30000","1","30000","0","30000","1","1","1","IAT2108191013","NHO2018000007","PAID","mie nya mateng banget\nsoft banget level 3","PEDAS"),
("IATT190002121","193084","191001","192001","30000","1","30000","0","30000","2","1","1","IAT2108191013","NHO2018000007","PAID","","PEDAS"),
("IATT190002121","193047","191002","192010","10000","1","10000","0","10000","1","1","1","IAT2108191013","NHO2018000007","PAID","","193047"),
("IATT190002121","193047","191002","192010","10000","1","10000","0","10000","2","1","1","IAT2108191013","NHO2018000007","PAID","","193047"),
("IATT190002122","193027","191001","192003","43000","1","43000","0","43000","1","1","1","IAT2108191013","NHO2018000007","PAID","take away","193027"),
("IATT190002123","193053","191002","192010","20000","1","20000","0","20000","1","1","1","IAT2108191013","NHO2018000007","PAID","","193053"),
("IATT190002123","193015","191001","192002","33000","1","33000","11880","21120","1","1","2","IAT2108191013","NHO2018000007","PAID","","ORIGINAL"),
("IATT190002123","193028","191001","192003","43000","1","43000","15480","27520","1","1","2","IAT2108191013","NHO2018000007","PAID","","193028"),
("IATT190002123","193027","191001","192003","43000","1","43000","15480","27520","1","1","2","IAT2108191013","NHO2018000007","PAID","","193027"),
("IATT190002123","193048","191002","192010","8000","1","8000","0","8000","1","1","2","IAT2108191013","NHO2018000007","PAID","","193048"),
("IATT190002123","193055","191002","192010","17000","1","17000","0","17000","1","1","2","IAT2108191013","NHO2018000007","PAID","","193055"),
("IATT190002124","193007","191001","192001","37000","1","37000","18500","18500","1","1","1","IAT2108191013","NHO2018000007","PAID","","PEDAS"),
("IATT190002124","193047","191002","192010","10000","1","10000","0","10000","1","1","1","IAT2108191013","NHO2018000007","PAID","","193047"),
("IATT190002124","193048","191002","192010","8000","1","8000","0","8000","1","1","1","IAT2108191013","NHO2018000007","PAID","","193048"),
("IATT190002124","193054","191002","192010","20000","1","20000","0","20000","1","1","1","IAT2108191013","NHO2018000007","PAID","","193054"),
("IATT190002125","193007","191001","192001","37000","1","37000","13320","23680","1","1","1","IAT2108191013","NHO2018000007","PAID","lv 3","PEDAS"),
("IATT190002124","193039","191001","192006","36000","1","36000","18000","18000","1","1","2","IAT2108191013","NHO2018000007","PAID","","ORIGINAL"),
("IATT190002124","193033","191001","192005","42000","1","42000","21000","21000","1","1","3","IAT2108191013","NHO2018000007","PAID","","193033"),
("IATT190002126","193034","191001","192005","37000","1","37000","13320","23680","1","1","1","IAT2108191013","NHO2018000007","PAID","","193034"),
("IATT190002125","193036","191001","192006","36000","1","36000","12960","23040","1","1","2","IAT2108191013","NHO2018000007","PAID","","PEDAS"),
("IATT190002127","193027","191001","192003","43000","1","43000","15480","27520","1","1","1","IAT2108191013","NHO2018000007","PAID","","193027"),
("IATT190002127","193056","191002","192010","17000","1","17000","0","17000","1","1","1","IAT2108191013","NHO2018000007","PAID","","193056"),
("IATT190002127","193055","191002","192010","17000","1","17000","0","17000","1","1","1","IAT2108191013","NHO2018000007","PAID","","193055"),
("IATT190002127","193033","191001","192005","42000","1","42000","15120","26880","1","1","1","IAT2108191013","NHO2018000007","PAID","","193033"),
("IATT190002128","193082","191001","192001","30000","1","30000","10800","19200","1","1","1","IAT2108191013","NHO2018000007","PAID","","193082"),
("IATT190002128","193011","191001","192001","40000","1","40000","14400","25600","1","1","1","IAT2108191013","NHO2018000007","PAID","","PEDAS"),
("IATT190002128","193055","191002","192010","17000","1","17000","0","17000","1","1","1","IAT2108191013","NHO2018000007","PAID","","193055"),
("IATT190002128","193048","191002","192010","8000","1","8000","0","8000","1","1","1","IAT2108191013","NHO2018000007","PAID","","193048"),
("IATT190002127","193055","191002","192010","17000","1","17000","0","17000","2","1","2","IAT2108191013","NHO2018000007","PAID","","193055"),
("IATT190002129","193034","191001","192005","37000","1","37000","13320","23680","1","1","1","IAT2108191013","NHO2018000007","PAID","","193034"),
("IATT190002129","193044","191001","192008","25000","1","25000","0","25000","1","1","1","IAT2108191013","NHO2018000007","PAID","","193044"),
("IATT190002129","193027","191001","192003","43000","1","43000","15480","27520","1","1","1","IAT2108191013","NHO2018000007","PAID","","193027"),
("IATT190002129","193049","191002","192010","10000","1","10000","0","10000","1","1","1","IAT2108191013","NHO2018000007","PAID","","193049"),
("IATT190002129","193049","191002","192010","10000","1","10000","0","10000","2","1","1","IAT2108191013","NHO2018000007","PAID","","193049"),
("IATT190002129","193052","191002","192010","20000","1","20000","0","20000","1","1","1","IAT2108191013","NHO2018000007","PAID","","193052"),
("IATT190002130","193007","191001","192001","37000","1","37000","13320","23680","1","1","1","IAT2108191013","NHO2018000007","PAID","level 3","PEDAS"),
("IATT190002130","193023","191001","192003","30000","1","30000","10800","19200","1","1","1","IAT2108191013","NHO2018000007","PAID","","193023"),
("IATT190002130","193071","191001","192012","18000","1","18000","0","18000","1","1","1","IAT2108191013","NHO2018000007","PAID","","193071"),
("IATT190002130","193051","191002","192010","20000","1","20000","0","20000","1","1","1","IAT2108191013","NHO2018000007","PAID","","193051"),
("IATT190002130","193049","191002","192010","10000","1","10000","0","10000","1","1","1","IAT2108191013","NHO2018000007","PAID","ice","193049"),
("IATT190002130","193067","191001","192003","7000","1","7000","0","7000","1","1","2","IAT2108191013","NHO2018000007","PAID","","193067"),
("IATT190002131","193085","191001","192001","30000","1","30000","10800","19200","1","1","1","IAT2108191013","NHO2018000007","PAID","pedas","193085"),
("IATT190002131","193007","191001","192001","37000","1","37000","13320","23680","1","1","1","IAT2108191013","NHO2018000007","PAID","lvl 2","PEDAS"),
("IATT190002131","193069","191001","192012","13000","1","13000","0","13000","1","1","1","IAT2108191013","NHO2018000007","PAID","","193069"),
("IATT190002131","193055","191002","192010","17000","1","17000","0","17000","1","1","1","IAT2108191013","NHO2018000007","PAID","","193055"),
("IATT190002131","193056","191002","192010","17000","1","17000","0","17000","1","1","1","IAT2108191013","NHO2018000007","PAID","","193056"),
("IATT190002132","193078","191001","192001","30000","1","30000","10800","19200","1","1","1","IAT2108191013","NHO2018000007","PAID","lvl 1","PEDAS"),
("IATT190002132","193071","191001","192012","18000","1","18000","0","18000","1","1","1","IAT2108191013","NHO2018000007","PAID","","193071"),
("IATT190002133","193022","191001","192003","30000","1","30000","10800","19200","1","1","1","IAT2108191013","NHO2018000007","PAID","","193022"),
("IATT190002133","193084","191001","192001","30000","1","30000","10800","19200","1","1","1","IAT2108191013","NHO2018000007","PAID","lvl 1","PEDAS"),
("IATT190002133","193048","191002","192010","8000","1","8000","0","8000","1","1","1","IAT2108191013","NHO2018000007","PAID","","193048"),
("IATT190002133","193048","191002","192010","8000","1","8000","0","8000","2","1","1","IAT2108191013","NHO2018000007","PAID","","193048"),
("IATT190002134","193011","191001","192001","40000","1","40000","14400","25600","1","1","1","IAT2108191013","NHO2018000007","PAID","sedang ya","PEDAS"),
("IATT190002134","193048","191002","192010","8000","1","8000","0","8000","1","1","1","IAT2108191013","NHO2018000007","PAID","","193048"),
("IATT190002135","193082","191001","192001","30000","1","30000","10800","19200","1","1","1","IAT2108191013","NHO2018000007","PAID","lvl 1","193082"),
("IATT190002135","193076","191001","192001","30000","1","30000","10800","19200","1","1","1","IAT2108191013","NHO2018000007","PAID","","193076"),
("IATT190002135","193028","191001","192003","43000","1","43000","15480","27520","1","1","1","IAT2108191013","NHO2018000007","PAID","","193028"),
("IATT190002135","193055","191002","192010","17000","1","17000","0","17000","1","1","1","IAT2108191013","NHO2018000007","PAID","","193055"),
("IATT190002135","193048","191002","192010","8000","1","8000","0","8000","1","1","1","IAT2108191013","NHO2018000007","PAID","","193048"),
("IATT190002135","193048","191002","192010","8000","1","8000","0","8000","2","1","1","IAT2108191013","NHO2018000007","PAID","","193048"),
("IATT190002136","193077","191001","192001","30000","1","30000","10800","19200","1","1","1","IAT2108191013","NHO2018000007","PAID","","193077"),
("IATT190002136","193010","191001","192001","40000","1","40000","14400","25600","1","1","1","IAT2108191013","NHO2018000007","PAID","","193010"),
("IATT190002136","193012","191001","192001","40000","1","40000","14400","25600","1","1","1","IAT2108191013","NHO2018000007","PAID","katsu pisah","193012"),
("IATT190002136","193056","191002","192010","17000","1","17000","0","17000","1","1","1","IAT2108191013","NHO2018000007","PAID","","193056"),
("IATT190002136","193046","191002","192010","10000","1","10000","0","10000","1","1","2","IAT2108191013","NHO2018000007","PAID","","193046"),
("IATT190002137","193022","191001","192003","30000","1","30000","0","30000","1","1","1","IAT2108191013","NHO2018000007","PAID","","193022"),
("IATT190002137","193082","191001","192001","30000","1","30000","0","30000","1","1","1","IAT2108191013","NHO2018000007","PAID","","193082"),
("IATT190002137","193027","191001","192003","43000","1","43000","0","43000","1","1","1","IAT2108191013","NHO2018000007","PAID","","193027"),
("IATT190002137","193028","191001","192003","43000","1","43000","0","43000","1","1","1","IAT2108191013","NHO2018000007","PAID","","193028"),
("IATT190002137","193024","191001","192003","30000","1","30000","0","30000","1","1","1","IAT2108191013","NHO2018000007","PAID","take away","193024"),
("IATT190002137","193053","191002","192010","20000","1","20000","0","20000","1","1","2","IAT2108191013","NHO2018000007","PAID","","193053"),
("IATT190002137","193056","191002","192010","17000","1","17000","0","17000","1","1","2","IAT2108191013","NHO2018000007","PAID","","193056"),
("IATT190002137","193047","191002","192010","10000","1","10000","0","10000","1","1","2","IAT2108191013","NHO2018000007","PAID","","193047"),
("IATT190002138","193084","191001","192001","30000","1","30000","10800","19200","1","1","1","IAT2108191013","NHO2018000007","PAID","lv2","PEDAS"),
("IATT190002138","193022","191001","192003","30000","1","30000","10800","19200","1","1","1","IAT2108191013","NHO2018000007","PAID","","193022"),
("IATT190002138","193022","191001","192003","30000","1","30000","10800","19200","2","1","1","IAT2108191013","NHO2018000007","PAID","","193022"),
("IATT190002138","193050","191002","192010","20000","1","20000","0","20000","1","1","1","IAT2108191013","NHO2018000007","PAID","","193050"),
("IATT190002138","193047","191002","192010","10000","1","10000","0","10000","1","1","1","IAT2108191013","NHO2018000007","PAID","","193047"),
("IATT190002138","193047","191002","192010","10000","1","10000","0","10000","2","1","1","IAT2108191013","NHO2018000007","PAID","","193047");



INSERT INTO pos_salestemp VALUES("IATT190002116","","2","86000","30960","5504","0","60544","62000","21/08/2019","11:50","2019-08-21","12:15:48","ISU000012","tbl0012","CLOSED","1","","IATR190002058","","","","","IAT2108191013","NHO2018000007"),
("IATT190002117","","1","47000","13320","3368","0","37048","100000","21/08/2019","11:57","2019-08-21","13:05:26","ISU000012","tbl0009","CLOSED","1","","IATR190002059","","","","","IAT2108191013","NHO2018000007"),
("IATT190002118","","2","77000","13320","6368","0","70048","70048","21/08/2019","12:05","2019-08-21","13:19:10","ISU000012","tbl0011","CLOSED","1","","IATR190002062","","","","","IAT2108191013","NHO2018000007"),
("IATT190002119","","4","181000","48240","13276","0","146036","200000","21/08/2019","12:38","2019-08-21","13:15:12","ISU000012","tbl0021","CLOSED","1","","IATR190002060","","","","","IAT2108191013","NHO2018000007"),
("IATT190002120","","3","172000","31600","14040","0","154440","154440","21/08/2019","12:44","2019-08-21","13:58:02","ISU000012","tbl0012","CLOSED","1","","IATR190002064","","","","","IAT2108191013","NHO2018000007"),
("IATT190002121","","2","80000","0","8000","0","88000","88000","21/08/2019","12:54","2019-08-21","13:44:45","ISU000012","tbl0010","CLOSED","1","","IATR190002063","","","","","IAT2108191013","NHO2018000007"),
("IATT190002122","","1","43000","0","4300","0","47300","50000","21/08/2019","13:16","2019-08-21","13:17:08","ISU000012","tbl0018","CLOSED","1","","IATR190002061","","","","","IAT2108191013","NHO2018000007"),
("IATT190002123","","3","164000","42840","12116","0","133276","133276","21/08/2019","13:27","2019-08-21","14:57:29","ISU000012","tbl0024","CLOSED","1","","IATR190002067","","","","","IAT2108191013","NHO2018000007"),
("IATT190002124","","3","153000","57500","9550","0","105050","105100","21/08/2019","13:48","2019-08-21","14:43:27","ISU000012","tbl0011","CLOSED","1","","IATR190002065","","","","","IAT2108191013","NHO2018000007"),
("IATT190002125","","1","73000","26280","4672","0","51392","52000","21/08/2019","14:00","2019-08-21","14:55:59","ISU000012","tbl0012","CLOSED","1","","IATR190002066","","","","","IAT2108191013","NHO2018000007"),
("IATT190002126","","1","37000","13320","2368","0","26048","40000","21/08/2019","14:05","2019-08-21","16:27:28","ISU000012","tbl0030","CLOSED","1","","IATR190002068","","","","","IAT2108191013","NHO2018000007"),
("IATT190002127","","2","136000","30600","10540","0","115940","115940","21/08/2019","16:25","2019-08-21","17:05:55","ISU000012","tbl0012","CLOSED","1","","IATR190002069","","","","","IAT2108191013","NHO2018000007"),
("IATT190002128","","2","95000","25200","6980","0","76780","100000","21/08/2019","16:50","2019-08-21","17:28:17","ISU000012","tbl0010","CLOSED","1","","IATR190002070","","","","","IAT2108191013","NHO2018000007"),
("IATT190002129","","2","145000","28800","11620","0","127820","140000","21/08/2019","17:32","2019-08-21","18:14:37","ISU000012","tbl0012","CLOSED","1","","IATR190002072","","","","","IAT2108191013","NHO2018000007"),
("IATT190002130","","2","122000","24120","9788","0","107668","110000","21/08/2019","17:36","2019-08-21","18:13:36","ISU000012","tbl0011","CLOSED","1","","IATR190002071","","","","","IAT2108191013","NHO2018000007"),
("IATT190002131","","2","114000","24120","8988","0","98868","98868","21/08/2019","18:17","2019-08-21","18:58:09","ISU000012","tbl0013","CLOSED","1","","IATR190002073","","","","","IAT2108191013","NHO2018000007"),
("IATT190002132","","2","48000","21600","2640","0","29040","30000","21/08/2019","18:34","2019-08-21","19:14:27","ISU000012","tbl0012","CLOSED","1","","IATR190002074","","","","","IAT2108191013","NHO2018000007"),
("IATT190002133","","2","76000","21600","5440","0","59840","60000","21/08/2019","19:08","2019-08-21","20:01:07","ISU000012","tbl0011","CLOSED","1","","IATR190002076","","","","","IAT2108191013","NHO2018000007"),
("IATT190002134","","1","48000","14400","3360","0","36960","50000","21/08/2019","19:16","2019-08-21","20:05:21","ISU000012","tbl0012","CLOSED","1","","IATR190002077","","","","","IAT2108191013","NHO2018000007"),
("IATT190002135","","3","136000","37080","9892","0","108812","110000","21/08/2019","19:17","2019-08-21","19:59:07","ISU000012","tbl0015","CLOSED","1","","IATR190002075","","","","","IAT2108191013","NHO2018000007"),
("IATT190002136","","3","137000","39600","9740","0","107140","110000","21/08/2019","20:17","2019-08-21","21:26:08","ISU000012","tbl0010","CLOSED","1","","IATR190002079","","","","","IAT2108191013","NHO2018000007"),
("IATT190002137","","3","223000","0","22300","0","245300","245300","21/08/2019","20:48","2019-08-21","21:23:00","ISU000012","tbl0012","CLOSED","1","","IATR190002078","","","","","IAT2108191013","NHO2018000007"),
("IATT190002138","","2","130000","32400","9760","0","107360","108000","21/08/2019","21:13","2019-08-21","21:50:43","ISU000012","tbl0011","CLOSED","1","","IATR190002080","","","","","IAT2108191013","NHO2018000007");



INSERT INTO item_void VALUES("IATT190002132","IAT2108191013","NHO2018000007","193078","PEDAS","1","30000","Before Send","Komplen Customer");



INSERT INTO pos_promotion_h VALUES("IATT190002116","NPRM18000016","DISC ITEM","1","30960","Diskon 20% + 20% Agustus","IAT2108191013","PAID","NHO2018000007"),
("IATT190002117","NPRM18000016","DISC ITEM","1","13320","Diskon 20% + 20% Agustus","IAT2108191013","PAID","NHO2018000007"),
("IATT190002119","NPRM18000016","DISC ITEM","1","48240","Diskon 20% + 20% Agustus","IAT2108191013","PAID","NHO2018000007"),
("IATT190002118","NPRM18000016","DISC ITEM","1","13320","Diskon 20% + 20% Agustus","IAT2108191013","PAID","NHO2018000007"),
("IATT190002120","NPRM18000010","DISC ITEM","1","31600","eatigo 40%","IAT2108191013","PAID","NHO2018000007"),
("IATT190002124","NPRM18000012","DISC ITEM","1","57500","eatigo 50%","IAT2108191013","PAID","NHO2018000007"),
("IATT190002123","NPRM18000016","DISC ITEM","1","42840","Diskon 20% + 20% Agustus","IAT2108191013","PAID","NHO2018000007"),
("IATT190002126","NPRM18000016","DISC ITEM","1","13320","Diskon 20% + 20% Agustus","IAT2108191013","PAID","NHO2018000007"),
("IATT190002125","NPRM18000016","DISC ITEM","1","26280","Diskon 20% + 20% Agustus","IAT2108191013","PAID","NHO2018000007"),
("IATT190002127","NPRM18000016","DISC ITEM","1","30600","Diskon 20% + 20% Agustus","IAT2108191013","PAID","NHO2018000007"),
("IATT190002128","NPRM18000016","DISC ITEM","1","25200","Diskon 20% + 20% Agustus","IAT2108191013","PAID","NHO2018000007"),
("IATT190002130","NPRM18000016","DISC ITEM","1","24120","Diskon 20% + 20% Agustus","IAT2108191013","PAID","NHO2018000007"),
("IATT190002129","NPRM18000016","DISC ITEM","1","28800","Diskon 20% + 20% Agustus","IAT2108191013","PAID","NHO2018000007"),
("IATT190002131","NPRM18000016","DISC ITEM","1","24120","Diskon 20% + 20% Agustus","IAT2108191013","PAID","NHO2018000007"),
("IATT190002132","NPRM18000016","DISC ITEM","1","21600","Diskon 20% + 20% Agustus","IAT2108191013","PAID","NHO2018000007"),
("IATT190002135","NPRM18000016","DISC ITEM","1","37080","Diskon 20% + 20% Agustus","IAT2108191013","PAID","NHO2018000007"),
("IATT190002133","NPRM18000016","DISC ITEM","1","21600","Diskon 20% + 20% Agustus","IAT2108191013","PAID","NHO2018000007"),
("IATT190002134","NPRM18000016","DISC ITEM","1","14400","Diskon 20% + 20% Agustus","IAT2108191013","PAID","NHO2018000007"),
("IATT190002136","NPRM18000016","DISC ITEM","1","39600","Diskon 20% + 20% Agustus","IAT2108191013","PAID","NHO2018000007"),
("IATT190002138","NPRM18000016","DISC ITEM","1","32400","Diskon 20% + 20% Agustus","IAT2108191013","PAID","NHO2018000007");



INSERT INTO pos_promotion_d VALUES("IATT190002116","NPRM18000016","DISC ITEM","1","1","193028","1","15480","IAT2108191013","PAID","NHO2018000007"),
("IATT190002116","NPRM18000016","DISC ITEM","1","1","193027","1","15480","IAT2108191013","PAID","NHO2018000007"),
("IATT190002117","NPRM18000016","DISC ITEM","1","1","193008","1","13320","IAT2108191013","PAID","NHO2018000007"),
("IATT190002119","NPRM18000016","DISC ITEM","1","1","193006","1","13320","IAT2108191013","PAID","NHO2018000007"),
("IATT190002119","NPRM18000016","DISC ITEM","1","1","193006","2","13320","IAT2108191013","PAID","NHO2018000007"),
("IATT190002119","NPRM18000016","DISC ITEM","1","1","193025","1","10800","IAT2108191013","PAID","NHO2018000007"),
("IATT190002119","NPRM18000016","DISC ITEM","1","1","193079","1","10800","IAT2108191013","PAID","NHO2018000007"),
("IATT190002118","NPRM18000016","DISC ITEM","1","1","193007","1","13320","IAT2108191013","PAID","NHO2018000007"),
("IATT190002120","NPRM18000010","DISC ITEM","1","1","193005","1","14800","IAT2108191013","PAID","NHO2018000007"),
("IATT190002120","NPRM18000010","DISC ITEM","1","1","193033","1","16800","IAT2108191013","PAID","NHO2018000007"),
("IATT190002124","NPRM18000012","DISC ITEM","1","1","193007","1","18500","IAT2108191013","PAID","NHO2018000007"),
("IATT190002124","NPRM18000012","DISC ITEM","1","1","193039","1","18000","IAT2108191013","PAID","NHO2018000007"),
("IATT190002124","NPRM18000012","DISC ITEM","1","1","193033","1","21000","IAT2108191013","PAID","NHO2018000007"),
("IATT190002123","NPRM18000016","DISC ITEM","1","1","193015","1","11880","IAT2108191013","PAID","NHO2018000007"),
("IATT190002123","NPRM18000016","DISC ITEM","1","1","193028","1","15480","IAT2108191013","PAID","NHO2018000007"),
("IATT190002123","NPRM18000016","DISC ITEM","1","1","193027","1","15480","IAT2108191013","PAID","NHO2018000007"),
("IATT190002126","NPRM18000016","DISC ITEM","1","1","193034","1","13320","IAT2108191013","PAID","NHO2018000007"),
("IATT190002125","NPRM18000016","DISC ITEM","1","1","193007","1","13320","IAT2108191013","PAID","NHO2018000007"),
("IATT190002125","NPRM18000016","DISC ITEM","1","1","193036","1","12960","IAT2108191013","PAID","NHO2018000007"),
("IATT190002127","NPRM18000016","DISC ITEM","1","1","193027","1","15480","IAT2108191013","PAID","NHO2018000007"),
("IATT190002127","NPRM18000016","DISC ITEM","1","1","193033","1","15120","IAT2108191013","PAID","NHO2018000007"),
("IATT190002128","NPRM18000016","DISC ITEM","1","1","193082","1","10800","IAT2108191013","PAID","NHO2018000007"),
("IATT190002128","NPRM18000016","DISC ITEM","1","1","193011","1","14400","IAT2108191013","PAID","NHO2018000007"),
("IATT190002130","NPRM18000016","DISC ITEM","1","1","193007","1","13320","IAT2108191013","PAID","NHO2018000007"),
("IATT190002130","NPRM18000016","DISC ITEM","1","1","193023","1","10800","IAT2108191013","PAID","NHO2018000007"),
("IATT190002129","NPRM18000016","DISC ITEM","1","1","193034","1","13320","IAT2108191013","PAID","NHO2018000007"),
("IATT190002129","NPRM18000016","DISC ITEM","1","1","193027","1","15480","IAT2108191013","PAID","NHO2018000007"),
("IATT190002131","NPRM18000016","DISC ITEM","1","1","193085","1","10800","IAT2108191013","PAID","NHO2018000007"),
("IATT190002131","NPRM18000016","DISC ITEM","1","1","193007","1","13320","IAT2108191013","PAID","NHO2018000007"),
("IATT190002132","NPRM18000016","DISC ITEM","1","1","193078","1","10800","IAT2108191013","PAID","NHO2018000007"),
("IATT190002132","NPRM18000016","DISC ITEM","1","1","193078","2","10800","IAT2108191013","PAID","NHO2018000007"),
("IATT190002135","NPRM18000016","DISC ITEM","1","1","193082","1","10800","IAT2108191013","PAID","NHO2018000007"),
("IATT190002135","NPRM18000016","DISC ITEM","1","1","193076","1","10800","IAT2108191013","PAID","NHO2018000007"),
("IATT190002135","NPRM18000016","DISC ITEM","1","1","193028","1","15480","IAT2108191013","PAID","NHO2018000007"),
("IATT190002133","NPRM18000016","DISC ITEM","1","1","193022","1","10800","IAT2108191013","PAID","NHO2018000007"),
("IATT190002133","NPRM18000016","DISC ITEM","1","1","193084","1","10800","IAT2108191013","PAID","NHO2018000007"),
("IATT190002134","NPRM18000016","DISC ITEM","1","1","193011","1","14400","IAT2108191013","PAID","NHO2018000007"),
("IATT190002136","NPRM18000016","DISC ITEM","1","1","193077","1","10800","IAT2108191013","PAID","NHO2018000007"),
("IATT190002136","NPRM18000016","DISC ITEM","1","1","193010","1","14400","IAT2108191013","PAID","NHO2018000007"),
("IATT190002136","NPRM18000016","DISC ITEM","1","1","193012","1","14400","IAT2108191013","PAID","NHO2018000007"),
("IATT190002138","NPRM18000016","DISC ITEM","1","1","193084","1","10800","IAT2108191013","PAID","NHO2018000007"),
("IATT190002138","NPRM18000016","DISC ITEM","1","1","193022","1","10800","IAT2108191013","PAID","NHO2018000007"),
("IATT190002138","NPRM18000016","DISC ITEM","1","1","193022","2","10800","IAT2108191013","PAID","NHO2018000007");



INSERT INTO pos_paymenttemp VALUES("IATT190002116","CASH","CASH","60544","62000","ISU000012","2019-08-21","","1","","CLOSED","IAT2108191013","NHO2018000007"),
("IATT190002117","CASH","CASH","37048","100000","ISU000012","2019-08-21","","1","","CLOSED","IAT2108191013","NHO2018000007"),
("IATT190002119","CASH","CASH","146036","200000","ISU000012","2019-08-21","","1","","CLOSED","IAT2108191013","NHO2018000007"),
("IATT190002122","CASH","CASH","47300","50000","ISU000012","2019-08-21","","1","","CLOSED","IAT2108191013","NHO2018000007"),
("IATT190002118","CARD","DEBIT BCA","70048","70048","ISU000012","2019-08-21","","1","","CLOSED","IAT2108191013","NHO2018000007"),
("IATT190002121","CASH","OVO","88000","88000","ISU000012","2019-08-21","","1","","CLOSED","IAT2108191013","NHO2018000007"),
("IATT190002120","CARD","DEBIT BCA","154440","154440","ISU000012","2019-08-21","","1","","CLOSED","IAT2108191013","NHO2018000007"),
("IATT190002124","VOUCHER","KUPON PROMO EATIGO 100K","100000","100000","ISU000012","2019-08-21","","1","","CLOSED","IAT2108191013","NHO2018000007"),
("IATT190002124","CASH","CASH","5050","5100","ISU000012","2019-08-21","","1","","CLOSED","IAT2108191013","NHO2018000007"),
("IATT190002125","CASH","CASH","51392","52000","ISU000012","2019-08-21","","1","","CLOSED","IAT2108191013","NHO2018000007"),
("IATT190002123","CARD","VISA","133276","133276","ISU000012","2019-08-21","","1","","CLOSED","IAT2108191013","NHO2018000007"),
("IATT190002126","CASH","CASH","26048","40000","ISU000012","2019-08-21","","1","","CLOSED","IAT2108191013","NHO2018000007"),
("IATT190002127","CARD","MASTER","115940","115940","ISU000012","2019-08-21","","1","","CLOSED","IAT2108191013","NHO2018000007"),
("IATT190002128","CASH","CASH","76780","100000","ISU000012","2019-08-21","","1","","CLOSED","IAT2108191013","NHO2018000007"),
("IATT190002130","CASH","CASH","107668","110000","ISU000012","2019-08-21","","1","","CLOSED","IAT2108191013","NHO2018000007"),
("IATT190002129","CASH","CASH","127820","140000","ISU000012","2019-08-21","","1","","CLOSED","IAT2108191013","NHO2018000007"),
("IATT190002131","CARD","MASTER","98868","98868","ISU000012","2019-08-21","","1","","CLOSED","IAT2108191013","NHO2018000007"),
("IATT190002132","CASH","CASH","29040","30000","ISU000012","2019-08-21","","1","","CLOSED","IAT2108191013","NHO2018000007"),
("IATT190002135","CASH","CASH","108812","110000","ISU000012","2019-08-21","","1","","CLOSED","IAT2108191013","NHO2018000007"),
("IATT190002133","CASH","CASH","59840","60000","ISU000012","2019-08-21","","1","","CLOSED","IAT2108191013","NHO2018000007"),
("IATT190002134","CASH","CASH","36960","50000","ISU000012","2019-08-21","","1","","CLOSED","IAT2108191013","NHO2018000007"),
("IATT190002137","CASH","OVO","245300","245300","ISU000012","2019-08-21","","1","","CLOSED","IAT2108191013","NHO2018000007"),
("IATT190002136","CASH","CASH","107140","110000","ISU000012","2019-08-21","","1","","CLOSED","IAT2108191013","NHO2018000007"),
("IATT190002138","CASH","CASH","107360","108000","ISU000012","2019-08-21","","1","","CLOSED","IAT2108191013","NHO2018000007");



