INSERT INTO pos_itemtemp VALUES("IATT190003991","193022","191001","192003","30000","1","30000","0","30000","1","1","1","IAT2511191033","NHO2018000007","PAID","","193022"),
("IATT190003991","193046","191002","192010","10000","1","10000","0","10000","1","1","1","IAT2511191033","NHO2018000007","PAID","","193046"),
("IATT190003992","193081","191001","192002","33000","1","33000","14520","18480","1","1","1","IAT2511191033","NHO2018000007","PAID","","193081"),
("IATT190003992","193048","191002","192010","8000","1","8000","0","8000","1","1","1","IAT2511191033","NHO2018000007","PAID","","193048"),
("IATT190003993","193076","191001","192001","30000","1","30000","13200","16800","1","1","1","IAT2511191033","NHO2018000007","PAID","","193076"),
("IATT190003993","193005","191001","192001","37000","1","37000","16280","20720","1","1","1","IAT2511191033","NHO2018000007","PAID","","193005"),
("IATT190003993","193053","191002","192010","20000","1","20000","0","20000","1","1","1","IAT2511191033","NHO2018000007","PAID","","193053"),
("IATT190003993","193051","191002","192010","20000","1","20000","0","20000","1","1","1","IAT2511191033","NHO2018000007","PAID","","193051"),
("IATT190003994","193029","191001","192004","27000","1","27000","11880","15120","1","1","1","IAT2511191033","NHO2018000007","PAID","","193029"),
("IATT190003994","193038","191001","192006","36000","1","36000","15840","20160","1","1","1","IAT2511191033","NHO2018000007","PAID","","PEDAS"),
("IATT190003994","193048","191002","192010","8000","1","8000","0","8000","1","1","1","IAT2511191033","NHO2018000007","PAID","","193048"),
("IATT190003994","193048","191002","192010","8000","1","8000","0","8000","2","1","1","IAT2511191033","NHO2018000007","PAID","","193048"),
("IATT190003995","193084","191001","192001","30000","1","30000","13200","16800","1","1","1","IAT2511191033","NHO2018000007","PAID","lvl2","PEDAS"),
("IATT190003996","193012","191001","192001","40000","1","40000","0","40000","1","1","1","IAT2511191033","NHO2018000007","PAID","","193012"),
("IATT190003996","193096","191001","192008","50000","1","50000","0","50000","1","1","1","IAT2511191033","NHO2018000007","PAID","","193096"),
("IATT190003996","193046","191002","192010","10000","1","10000","0","10000","1","1","1","IAT2511191033","NHO2018000007","PAID","","193046"),
("IATT190003996","193046","191002","192010","10000","1","10000","0","10000","2","1","1","IAT2511191033","NHO2018000007","PAID","","193046"),
("IATT190003996","193046","191002","192010","10000","1","10000","0","10000","3","1","2","IAT2511191033","NHO2018000007","PAID","","193046"),
("IATT190003996","193046","191002","192010","10000","1","10000","0","10000","4","1","3","IAT2511191033","NHO2018000007","PAID","","193046"),
("IATT190003996","193046","191002","192010","10000","1","10000","0","10000","5","1","3","IAT2511191033","NHO2018000007","PAID","","193046"),
("IATT190003997","193005","191001","192001","37000","1","37000","16280","20720","1","1","1","IAT2511191033","NHO2018000007","PAID","","193005"),
("IATT190003997","193009","191001","192001","40000","1","40000","17600","22400","1","1","1","IAT2511191033","NHO2018000007","PAID","","193009"),
("IATT190003997","193046","191002","192010","10000","1","10000","0","10000","1","1","1","IAT2511191033","NHO2018000007","PAID","","193046"),
("IATT190003998","193082","191001","192001","30000","1","30000","0","30000","1","1","1","IAT2511191033","NHO2018000007","PAID","","193082"),
("IATT190003998","193036","191001","192006","36000","1","36000","0","36000","1","1","1","IAT2511191033","NHO2018000007","PAID","","ORIGINAL"),
("IATT190003998","193048","191002","192010","8000","1","8000","0","8000","1","1","1","IAT2511191033","NHO2018000007","PAID","","193048"),
("IATT190003998","193055","191002","192010","17000","1","17000","0","17000","1","1","1","IAT2511191033","NHO2018000007","PAID","","193055"),
("IATT190003999","193046","191002","192010","10000","1","10000","0","10000","1","1","1","IAT2511191033","NHO2018000007","PAID","","193046"),
("IATT190003999","193046","191002","192010","10000","1","10000","0","10000","2","1","1","IAT2511191033","NHO2018000007","PAID","","193046"),
("IATT190003999","193048","191002","192010","8000","1","8000","0","8000","1","1","2","IAT2511191033","NHO2018000007","PAID","","193048"),
("IATT190003999","193048","191002","192010","8000","1","8000","0","8000","2","1","2","IAT2511191033","NHO2018000007","PAID","","193048"),
("IATT190003999","193119","191001","192012","20000","1","20000","0","20000","1","1","2","IAT2511191033","NHO2018000007","PAID","","193119"),
("IATT190003999","193119","191001","192012","20000","1","20000","0","20000","2","1","2","IAT2511191033","NHO2018000007","PAID","","193119"),
("IATT190003999","193119","191001","192012","20000","1","20000","0","20000","3","1","2","IAT2511191033","NHO2018000007","PAID","","193119"),
("IATT190003999","193035","191001","192006","32000","1","32000","0","32000","1","1","3","IAT2511191033","NHO2018000007","PAID","","ORIGINAL"),
("IATT190003999","193119","191001","192012","20000","1","20000","0","20000","4","1","3","IAT2511191033","NHO2018000007","PAID","","193119"),
("IATT190003999","193046","191002","192010","10000","1","10000","0","10000","3","1","3","IAT2511191033","NHO2018000007","PAID","","193046"),
("IATT190003999","193046","191002","192010","10000","1","10000","0","10000","4","1","3","IAT2511191033","NHO2018000007","PAID","","193046"),
("IATT190003999","193055","191002","192010","17000","1","17000","0","17000","1","1","3","IAT2511191033","NHO2018000007","PAID","","193055"),
("IATT190003999","193054","191002","192010","20000","1","20000","0","20000","1","1","3","IAT2511191033","NHO2018000007","PAID","","193054"),
("IATT190003999","193079","191001","192001","30000","1","30000","0","30000","1","1","4","IAT2511191033","NHO2018000007","PAID","","193079"),
("IATT190003999","193082","191001","192001","30000","1","30000","0","30000","1","1","4","IAT2511191033","NHO2018000007","PAID","","193082"),
("IATT190004000","193047","191002","192010","10000","1","10000","0","10000","1","1","1","IAT2511191033","NHO2018000007","PAID","","193047"),
("IATT190004000","193047","191002","192010","10000","1","10000","0","10000","2","1","1","IAT2511191033","NHO2018000007","PAID","","193047"),
("IATT190004000","193084","191001","192001","30000","1","30000","0","30000","1","1","2","IAT2511191033","NHO2018000007","PAID","","ORIGINAL"),
("IATT190004000","193071","191001","192012","18000","1","18000","0","18000","1","1","2","IAT2511191033","NHO2018000007","PAID","","193071"),
("IATT190004001","193009","191001","192001","40000","1","40000","17600","22400","1","1","1","IAT2511191033","NHO2018000007","PAID","","193009"),
("IATT190004001","193056","191002","192010","17000","1","17000","0","17000","1","1","1","IAT2511191033","NHO2018000007","PAID","","193056"),
("IATT190004002","193010","191001","192001","40000","1","40000","0","40000","1","1","1","IAT2511191033","NHO2018000007","PAID","","193010"),
("IATT190004003","193019","191001","192002","40000","1","40000","17600","22400","1","1","1","IAT2511191033","NHO2018000007","PAID","","ORIGINAL"),
("IATT190004003","193011","191001","192001","40000","1","40000","17600","22400","1","1","1","IAT2511191033","NHO2018000007","PAID","","PEDAS"),
("IATT190004003","193056","191002","192010","17000","1","17000","0","17000","1","1","1","IAT2511191033","NHO2018000007","PAID","","193056"),
("IATT190004004","193036","191001","192006","36000","1","36000","15840","20160","1","1","1","IAT2511191033","NHO2018000007","PAID","","ORIGINAL"),
("IATT190004004","193056","191002","192010","17000","1","17000","0","17000","1","1","1","IAT2511191033","NHO2018000007","PAID","","193056"),
("IATT190004006","193084","191001","192001","30000","1","30000","0","30000","1","1","1","IAT2511191033","NHO2018000007","PAID","","PEDAS"),
("IATT190004006","193083","191001","192001","30000","1","30000","0","30000","1","1","1","IAT2511191033","NHO2018000007","PAID","","193083"),
("IATT190004006","193041","191001","192008","20000","1","20000","0","20000","1","1","1","IAT2511191033","NHO2018000007","PAID","","193041"),
("IATT190004006","193055","191002","192010","17000","1","17000","0","17000","1","1","1","IAT2511191033","NHO2018000007","PAID","","193055"),
("IATT190004006","193048","191002","192010","8000","1","8000","0","8000","1","1","1","IAT2511191033","NHO2018000007","PAID","","193048"),
("IATT190004008","193027","191001","192003","43000","1","43000","2150","40850","1","1","1","IAT2511191033","NHO2018000007","PAID","take away","193027"),
("IATT190004009","193084","191001","192001","30000","1","30000","13200","16800","1","1","1","IAT2511191033","NHO2018000007","PAID","","PEDAS"),
("IATT190004009","193078","191001","192001","30000","1","30000","13200","16800","1","1","1","IAT2511191033","NHO2018000007","PAID","","PEDAS"),
("IATT190004009","193055","191002","192010","17000","1","17000","0","17000","1","1","1","IAT2511191033","NHO2018000007","PAID","","193055"),
("IATT190004010","193084","191001","192001","30000","1","30000","0","30000","1","1","1","IAT2511191033","NHO2018000007","PAID","","PEDAS"),
("IATT190004010","193051","191002","192010","20000","1","20000","0","20000","1","1","1","IAT2511191033","NHO2018000007","PAID","","193051"),
("IATT190004010","193052","191002","192010","20000","1","20000","0","20000","1","1","1","IAT2511191033","NHO2018000007","PAID","","193052");



INSERT INTO pos_salestemp VALUES("IATT190003991","","1","40000","0","4000","0","44000","44000","25/11/2019","11:39","2019-11-25","12:02:59","ISU000004","tbl0012","CLOSED","1","","IATR190003880","","","","","IAT2511191033","NHO2018000007"),
("IATT190003992","","1","41000","14520","2648","0","29128","30000","25/11/2019","13:02","2019-11-25","13:51:27","ISU000004","tbl0009","CLOSED","1","","IATR190003881","","","","","IAT2511191033","NHO2018000007"),
("IATT190003993","","2","107000","29480","7752","0","85272","100000","25/11/2019","13:22","2019-11-25","13:52:03","ISU000004","tbl0011","CLOSED","1","","IATR190003882","","","","","IAT2511191033","NHO2018000007"),
("IATT190003994","","2","79000","27720","5128","0","56408","56408","25/11/2019","13:32","2019-11-25","14:01:12","ISU000004","tbl0010","CLOSED","1","","IATR190003883","","","","","IAT2511191033","NHO2018000007"),
("IATT190003995","","1","30000","13200","1680","0","18480","20000","25/11/2019","13:38","2019-11-25","14:02:06","ISU000004","tbl0024","CLOSED","1","","IATR190003884","","","","","IAT2511191033","NHO2018000007"),
("IATT190003996","","2","140000","0","14000","0","154000","200000","25/11/2019","13:43","2019-11-25","15:25:51","ISU000006","tbl0012","CLOSED","1","","IATR190003885","","","","","IAT2511191033","NHO2018000007"),
("IATT190003997","","2","87000","33880","5312","0","58432","100000","25/11/2019","15:41","2019-11-25","16:14:04","ISU000006","tbl0005","CLOSED","1","","IATR190003886","","","","","IAT2511191033","NHO2018000007"),
("IATT190003998","","2","91000","0","9100","0","100100","101000","25/11/2019","16:56","2019-11-25","17:34:45","ISU000006","tbl0010","CLOSED","1","","IATR190003887","","","","","IAT2511191033","NHO2018000007"),
("IATT190003999","","2","265000","0","26500","0","291500","291500","25/11/2019","16:59","2019-11-25","19:43:04","ISU000006","tbl0012","CLOSED","1","","IATR190003892","","","","","IAT2511191033","NHO2018000007"),
("IATT190004000","","2","68000","0","6800","0","74800","100000","25/11/2019","18:26","2019-11-25","18:50:12","ISU000006","tbl0005","CLOSED","1","","IATR190003888","","","","","IAT2511191033","NHO2018000007"),
("IATT190004001","","3","57000","17600","3940","0","43340","50000","25/11/2019","18:31","2019-11-25","19:34:35","ISU000006","tbl0022","CLOSED","1","","IATR190003889","","","","","IAT2511191033","NHO2018000007"),
("IATT190004002","","1","40000","0","4000","0","44000","50000","25/11/2019","19:25","2019-11-25","19:49:52","ISU000006","tbl0010","CLOSED","1","","IATR190003893","","","","","IAT2511191033","NHO2018000007"),
("IATT190004003","","1","97000","35200","6180","0","67980","100000","25/11/2019","19:32","2019-11-25","19:36:01","ISU000006","tbl0040","CLOSED","1","","IATR190003891","","","","","IAT2511191033","NHO2018000007"),
("IATT190004004","","1","53000","15840","3716","0","40876","50000","25/11/2019","19:33","2019-11-25","19:35:23","ISU000006","tbl0041","CLOSED","1","","IATR190003890","","","","","IAT2511191033","NHO2018000007"),
("IATT190004005","","1","0","0","0","0","0","0","25/11/2019","19:39","25/11/2019","19:40:09","ISU000006","tbl0050","CANCELED","1","PERMINTAAN CUSTOMER","","","","","","IAT2511191033","NHO2018000007"),
("IATT190004006","","2","105000","0","10500","0","115500","115500","25/11/2019","19:43","2019-11-25","20:42:52","ISU000006","tbl0011","CLOSED","1","","IATR190003895","","","","","IAT2511191033","NHO2018000007"),
("IATT190004007","","1","0","0","0","0","0","0","25/11/2019","19:57","25/11/2019","20:21:48","ISU000006","tbl0050","CANCELED","1","PERMINTAAN CUSTOMER","","","","","","IAT2511191033","NHO2018000007"),
("IATT190004008","","1","43000","2150","4085","0","44935","45000","25/11/2019","20:08","2019-11-25","20:09:37","ISU000006","tbl0006","CLOSED","1","","IATR190003894","","","","","IAT2511191033","NHO2018000007"),
("IATT190004009","","2","77000","26400","5060","0","55660","100000","25/11/2019","20:24","2019-11-25","20:56:34","ISU000006","tbl0012","CLOSED","1","","IATR190003896","","","","","IAT2511191033","NHO2018000007"),
("IATT190004010","","1","70000","0","7000","0","77000","100000","25/11/2019","20:44","2019-11-25","21:11:53","ISU000006","tbl0010","CLOSED","1","","IATR190003897","","","","","IAT2511191033","NHO2018000007");



INSERT INTO item_void VALUES("IATT190004001","IAT2511191033","NHO2018000007","193056","193056","1","17000","Before Send","Komplen Customer"),
("IATT190004001","IAT2511191033","NHO2018000007","193056","193056","1","17000","Before Send","Komplen Customer"),
("IATT190004001","IAT2511191033","NHO2018000007","193011","ORIGINAL","1","40000","Before Send","Komplen Customer"),
("IATT190004001","IAT2511191033","NHO2018000007","193019","PEDAS","1","40000","Before Send","Komplen Customer"),
("IATT190004001","IAT2511191033","NHO2018000007","193036","ORIGINAL","1","36000","Before Send","Komplen Customer"),
("IATT190004006","IAT2511191033","NHO2018000007","193084","PEDAS","1","30000","Before Send","Komplen Customer"),
("IATT190004007","IAT2511191033","NHO2018000007","193084","PEDAS","1","30000","Before Send","Komplen Customer");



INSERT INTO pos_promotion_h VALUES("IATT190003995","NPRM18000020","DISC ITEM","1","13200","PROMO LAGI VIRAL 30%+20%","IAT2511191033","PAID","NHO2018000007"),
("IATT190003992","NPRM18000020","DISC ITEM","1","14520","PROMO LAGI VIRAL 30%+20%","IAT2511191033","PAID","NHO2018000007"),
("IATT190003993","NPRM18000020","DISC ITEM","1","29480","PROMO LAGI VIRAL 30%+20%","IAT2511191033","PAID","NHO2018000007"),
("IATT190003994","NPRM18000020","DISC ITEM","1","27720","PROMO LAGI VIRAL 30%+20%","IAT2511191033","PAID","NHO2018000007"),
("IATT190003997","NPRM18000020","DISC ITEM","1","33880","PROMO LAGI VIRAL 30%+20%","IAT2511191033","PAID","NHO2018000007"),
("IATT190004001","NPRM18000020","DISC ITEM","1","17600","PROMO LAGI VIRAL 30%+20%","IAT2511191033","PAID","NHO2018000007"),
("IATT190004004","NPRM18000020","DISC ITEM","1","15840","PROMO LAGI VIRAL 30%+20%","IAT2511191033","PAID","NHO2018000007"),
("IATT190004003","NPRM18000020","DISC ITEM","1","35200","PROMO LAGI VIRAL 30%+20%","IAT2511191033","PAID","NHO2018000007"),
("IATT190004008","NPRM18000018","DISC ALL","1","2150","CRM DISC 5%","IAT2511191033","PAID","NHO2018000007"),
("IATT190004009","NPRM18000020","DISC ITEM","1","26400","PROMO LAGI VIRAL 30%+20%","IAT2511191033","PAID","NHO2018000007");



INSERT INTO pos_promotion_d VALUES("IATT190003995","NPRM18000020","DISC ITEM","1","1","193084","1","13200","IAT2511191033","PAID","NHO2018000007"),
("IATT190003992","NPRM18000020","DISC ITEM","1","1","193081","1","14520","IAT2511191033","PAID","NHO2018000007"),
("IATT190003993","NPRM18000020","DISC ITEM","1","1","193076","1","13200","IAT2511191033","PAID","NHO2018000007"),
("IATT190003993","NPRM18000020","DISC ITEM","1","1","193005","1","16280","IAT2511191033","PAID","NHO2018000007"),
("IATT190003994","NPRM18000020","DISC ITEM","1","1","193029","1","11880","IAT2511191033","PAID","NHO2018000007"),
("IATT190003994","NPRM18000020","DISC ITEM","1","1","193038","1","15840","IAT2511191033","PAID","NHO2018000007"),
("IATT190003997","NPRM18000020","DISC ITEM","1","1","193005","1","16280","IAT2511191033","PAID","NHO2018000007"),
("IATT190003997","NPRM18000020","DISC ITEM","1","1","193009","1","17600","IAT2511191033","PAID","NHO2018000007"),
("IATT190004001","NPRM18000020","DISC ITEM","1","1","193009","1","17600","IAT2511191033","PAID","NHO2018000007"),
("IATT190004004","NPRM18000020","DISC ITEM","1","1","193036","1","15840","IAT2511191033","PAID","NHO2018000007"),
("IATT190004003","NPRM18000020","DISC ITEM","1","1","193019","1","17600","IAT2511191033","PAID","NHO2018000007"),
("IATT190004003","NPRM18000020","DISC ITEM","1","1","193011","1","17600","IAT2511191033","PAID","NHO2018000007"),
("IATT190004008","NPRM18000018","DISC ALL","1","1","193027","1","2150","IAT2511191033","PAID","NHO2018000007"),
("IATT190004009","NPRM18000020","DISC ITEM","1","1","193084","1","13200","IAT2511191033","PAID","NHO2018000007"),
("IATT190004009","NPRM18000020","DISC ITEM","1","1","193078","1","13200","IAT2511191033","PAID","NHO2018000007");



INSERT INTO pos_paymenttemp VALUES("IATT190003991","CARD","VISA","44000","44000","ISU000004","2019-11-25","","1","","CLOSED","IAT2511191033","NHO2018000007"),
("IATT190003992","CASH","CASH","29128","30000","ISU000004","2019-11-25","","1","","CLOSED","IAT2511191033","NHO2018000007"),
("IATT190003993","CASH","CASH","85272","100000","ISU000004","2019-11-25","","1","","CLOSED","IAT2511191033","NHO2018000007"),
("IATT190003994","CARD","DEBIT BCA","56408","56408","ISU000004","2019-11-25","","1","","CLOSED","IAT2511191033","NHO2018000007"),
("IATT190003995","CASH","CASH","18480","20000","ISU000004","2019-11-25","","1","","CLOSED","IAT2511191033","NHO2018000007"),
("IATT190003996","CASH","CASH","154000","200000","ISU000006","2019-11-25","","1","","CLOSED","IAT2511191033","NHO2018000007"),
("IATT190003997","CASH","CASH","58432","100000","ISU000006","2019-11-25","","1","","CLOSED","IAT2511191033","NHO2018000007"),
("IATT190003998","CASH","CASH","100100","101000","ISU000006","2019-11-25","","1","","CLOSED","IAT2511191033","NHO2018000007"),
("IATT190004000","CASH","CASH","74800","100000","ISU000006","2019-11-25","","1","","CLOSED","IAT2511191033","NHO2018000007"),
("IATT190004001","CASH","CASH","43340","50000","ISU000006","2019-11-25","","1","","CLOSED","IAT2511191033","NHO2018000007"),
("IATT190004004","CASH","CASH","40876","50000","ISU000006","2019-11-25","","1","","CLOSED","IAT2511191033","NHO2018000007"),
("IATT190004003","CASH","CASH","67980","100000","ISU000006","2019-11-25","","1","","CLOSED","IAT2511191033","NHO2018000007"),
("IATT190003999","CARD","DEBIT BCA","291500","291500","ISU000006","2019-11-25","","1","","CLOSED","IAT2511191033","NHO2018000007"),
("IATT190004002","CASH","CASH","44000","50000","ISU000006","2019-11-25","","1","","CLOSED","IAT2511191033","NHO2018000007"),
("IATT190004008","CASH","CASH","44935","45000","ISU000006","2019-11-25","","1","","CLOSED","IAT2511191033","NHO2018000007"),
("IATT190004006","CASH","OVO","115500","115500","ISU000006","2019-11-25","","1","","CLOSED","IAT2511191033","NHO2018000007"),
("IATT190004009","CASH","CASH","55660","100000","ISU000006","2019-11-25","","1","","CLOSED","IAT2511191033","NHO2018000007"),
("IATT190004010","CASH","CASH","77000","100000","ISU000006","2019-11-25","","1","","CLOSED","IAT2511191033","NHO2018000007");



