INSERT INTO pos_itemtemp VALUES("IATT190000816","193048","191002","192010","8000","1","8000","0","8000","1","1","1","IAT2106191028","NHO2018000007","PAID","","193048"),
("IATT190000817","193079","191001","192001","30000","1","30000","0","30000","1","1","1","IAT2106191028","NHO2018000007","PAID","","193079"),
("IATT190000817","193011","191001","192001","40000","1","40000","0","40000","1","1","1","IAT2106191028","NHO2018000007","PAID","","PEDAS"),
("IATT190000817","193008","191001","192001","37000","1","37000","0","37000","1","1","1","IAT2106191028","NHO2018000007","PAID","","193008"),
("IATT190000817","193047","191002","192010","8000","1","8000","0","8000","1","1","2","IAT2106191028","NHO2018000007","PAID","","193047"),
("IATT190000817","193047","191002","192010","8000","1","8000","0","8000","2","1","2","IAT2106191028","NHO2018000007","PAID","","193047"),
("IATT190000817","193047","191002","192010","8000","1","8000","0","8000","3","1","2","IAT2106191028","NHO2018000007","PAID","","193047"),
("IATT190000818","193084","191001","192001","30000","1","30000","0","30000","1","1","1","IAT2106191028","NHO2018000007","PAID","level 2 semua ","PEDAS"),
("IATT190000818","193084","191001","192001","30000","1","30000","0","30000","2","1","1","IAT2106191028","NHO2018000007","PAID","","PEDAS"),
("IATT190000818","193012","191001","192001","40000","1","40000","0","40000","1","1","1","IAT2106191028","NHO2018000007","PAID","","193012"),
("IATT190000818","193047","191002","192010","8000","1","8000","0","8000","1","1","1","IAT2106191028","NHO2018000007","PAID","","193047"),
("IATT190000818","193046","191002","192010","8000","1","8000","0","8000","1","1","1","IAT2106191028","NHO2018000007","PAID","","193046"),
("IATT190000818","193046","191002","192010","8000","1","8000","0","8000","2","1","1","IAT2106191028","NHO2018000007","PAID","","193046"),
("IATT190000819","193028","191001","192003","43000","1","43000","0","43000","1","1","1","IAT2106191028","NHO2018000007","PAID","","193028"),
("IATT190000819","193056","191002","192010","17000","1","17000","0","17000","1","1","1","IAT2106191028","NHO2018000007","PAID","","193056"),
("IATT190000820","193011","191001","192001","40000","1","40000","0","40000","1","1","1","IAT2106191028","NHO2018000007","PAID","level 3","PEDAS"),
("IATT190000820","193011","191001","192001","40000","1","40000","0","40000","2","1","1","IAT2106191028","NHO2018000007","PAID","","PEDAS"),
("IATT190000820","193011","191001","192001","40000","1","40000","0","40000","3","1","1","IAT2106191028","NHO2018000007","PAID","","PEDAS"),
("IATT190000820","193011","191001","192001","40000","1","40000","0","40000","4","1","1","IAT2106191028","NHO2018000007","PAID","","PEDAS"),
("IATT190000820","193027","191001","192003","43000","1","43000","0","43000","1","1","1","IAT2106191028","NHO2018000007","PAID","","193027"),
("IATT190000820","193028","191001","192003","43000","1","43000","0","43000","2","1","1","IAT2106191028","NHO2018000007","PAID","","193028"),
("IATT190000820","193028","191001","192003","43000","1","43000","0","43000","3","1","1","IAT2106191028","NHO2018000007","PAID","","193028"),
("IATT190000820","193028","191001","192003","43000","1","43000","0","43000","4","1","1","IAT2106191028","NHO2018000007","PAID","","193028"),
("IATT190000820","193021","191001","192002","40000","1","40000","0","40000","1","1","1","IAT2106191028","NHO2018000007","PAID","","ORIGINAL"),
("IATT190000820","193080","191001","192002","33000","1","33000","0","33000","1","1","1","IAT2106191028","NHO2018000007","PAID","","ORIGINAL"),
("IATT190000820","193051","191002","192010","20000","1","20000","0","20000","1","1","1","IAT2106191028","NHO2018000007","PAID","","193051"),
("IATT190000820","193048","191002","192010","8000","1","8000","0","8000","1","1","1","IAT2106191028","NHO2018000007","PAID","","193048"),
("IATT190000820","193048","191002","192010","8000","1","8000","0","8000","2","1","1","IAT2106191028","NHO2018000007","PAID","","193048"),
("IATT190000820","193055","191002","192010","17000","1","17000","0","17000","1","1","1","IAT2106191028","NHO2018000007","PAID","","193055"),
("IATT190000820","193052","191002","192010","20000","1","20000","0","20000","1","1","1","IAT2106191028","NHO2018000007","PAID","","193052"),
("IATT190000820","193052","191002","192010","20000","1","20000","0","20000","2","1","1","IAT2106191028","NHO2018000007","PAID","","193052"),
("IATT190000820","193052","191002","192010","20000","1","20000","0","20000","3","1","1","IAT2106191028","NHO2018000007","PAID","","193052"),
("IATT190000820","193052","191002","192010","20000","1","20000","0","20000","4","1","1","IAT2106191028","NHO2018000007","PAID","","193052"),
("IATT190000820","193052","191002","192010","20000","1","20000","0","20000","5","1","1","IAT2106191028","NHO2018000007","PAID","","193052"),
("IATT190000820","193054","191002","192010","20000","1","20000","0","20000","1","1","1","IAT2106191028","NHO2018000007","PAID","","193054"),
("IATT190000820","193051","191002","192010","20000","1","20000","0","20000","2","1","1","IAT2106191028","NHO2018000007","PAID","","193051"),
("IATT190000820","193050","191002","192010","20000","1","20000","0","20000","1","1","1","IAT2106191028","NHO2018000007","PAID","","193050"),
("IATT190000820","193011","191001","192001","40000","1","40000","0","40000","5","1","1","IAT2106191028","NHO2018000007","PAID","","PEDAS"),
("IATT190000820","193067","191001","192003","7000","1","7000","0","7000","1","1","2","IAT2106191028","NHO2018000007","PAID","","193067"),
("IATT190000821","193028","191001","192003","43000","1","43000","0","43000","1","1","1","IAT2106191028","NHO2018000007","PAID","","193028"),
("IATT190000821","193028","191001","192003","43000","1","43000","0","43000","2","1","1","IAT2106191028","NHO2018000007","PAID","","193028"),
("IATT190000821","193056","191002","192010","17000","1","17000","0","17000","1","1","1","IAT2106191028","NHO2018000007","PAID","","193056"),
("IATT190000821","193047","191002","192010","8000","1","8000","0","8000","1","1","1","IAT2106191028","NHO2018000007","PAID","","193047"),
("IATT190000822","193085","191001","192001","30000","1","30000","0","30000","1","1","1","IAT2106191028","NHO2018000007","PAID","","193085"),
("IATT190000822","193078","191001","192001","30000","1","30000","0","30000","1","1","1","IAT2106191028","NHO2018000007","PAID","lv 1","PEDAS"),
("IATT190000822","193047","191002","192010","8000","1","8000","0","8000","1","1","1","IAT2106191028","NHO2018000007","PAID","","193047"),
("IATT190000822","193046","191002","192010","8000","1","8000","0","8000","1","1","1","IAT2106191028","NHO2018000007","PAID","","193046"),
("IATT190000823","193007","191001","192001","37000","1","37000","0","37000","1","1","1","IAT2106191028","NHO2018000007","PAID","g pake daun bawang","PEDAS"),
("IATT190000823","193047","191002","192010","8000","1","8000","0","8000","1","1","1","IAT2106191028","NHO2018000007","PAID","","193047");



INSERT INTO pos_salestemp VALUES("IATT190000816","","1","8000","0","800","0","8800","10000","21/06/2019","10:45","2019-06-21","10:47:26","ISU000012","tbl0003","CLOSED","1","","IATR190000788","","","","","IAT2106191028","NHO2018000007"),
("IATT190000817","","3","131000","0","13100","0","144100","150000","21/06/2019","12:54","2019-06-21","13:28:20","ISU000012","tbl0011","CLOSED","1","","IATR190000789","","","","","IAT2106191028","NHO2018000007"),
("IATT190000818","","2","124000","0","12400","0","136400","136400","21/06/2019","13:03","2019-06-21","13:33:40","ISU000012","tbl0010","CLOSED","1","","IATR190000790","","","","","IAT2106191028","NHO2018000007"),
("IATT190000819","","1","60000","0","6000","0","66000","66000","21/06/2019","13:34","2019-06-21","14:01:19","ISU000012","tbl0012","CLOSED","1","","IATR190000791","","","","","IAT2106191028","NHO2018000007"),
("IATT190000820","","6","665000","0","66500","0","731500","731500","21/06/2019","16:26","2019-06-21","17:21:15","ISU000012","tbl0001","CLOSED","1","","IATR190000792","","","","","IAT2106191028","NHO2018000007"),
("IATT190000821","","2","111000","0","11100","0","122100","122100","21/06/2019","17:09","2019-06-21","18:49:00","ISU000012","tbl0011","CLOSED","1","","IATR190000793","","","","","IAT2106191028","NHO2018000007"),
("IATT190000822","","2","76000","0","7600","0","83600","100000","21/06/2019","18:44","2019-06-21","19:22:09","ISU000012","tbl0012","CLOSED","1","","IATR190000794","","","","","IAT2106191028","NHO2018000007"),
("IATT190000823","","1","45000","0","4500","0","49500","49500","21/06/2019","18:59","2019-06-21","19:29:59","ISU000012","tbl0010","CLOSED","1","","IATR190000795","","","","","IAT2106191028","NHO2018000007");












INSERT INTO pos_paymenttemp VALUES("IATT190000816","CASH","CASH","8800","10000","ISU000012","2019-06-21","","1","","CLOSED","IAT2106191028","NHO2018000007"),
("IATT190000817","CASH","CASH","144100","150000","ISU000012","2019-06-21","","1","","CLOSED","IAT2106191028","NHO2018000007"),
("IATT190000818","CARD","MASTER","136400","136400","ISU000012","2019-06-21","","1","","CLOSED","IAT2106191028","NHO2018000007"),
("IATT190000819","CARD","DEBIT BCA","66000","66000","ISU000012","2019-06-21","","1","","CLOSED","IAT2106191028","NHO2018000007"),
("IATT190000820","CASH","CASH","731500","731500","ISU000012","2019-06-21","","1","","CLOSED","IAT2106191028","NHO2018000007"),
("IATT190000821","CARD","DEBIT BCA","122100","122100","ISU000012","2019-06-21","","1","","CLOSED","IAT2106191028","NHO2018000007"),
("IATT190000822","CASH","CASH","83600","100000","ISU000012","2019-06-21","","1","","CLOSED","IAT2106191028","NHO2018000007"),
("IATT190000823","CARD","MASTER","49500","49500","ISU000012","2019-06-21","","1","","CLOSED","IAT2106191028","NHO2018000007");



