INSERT INTO pos_itemtemp VALUES("IATT190004554","193033","191001","192005","42000","1","42000","8400","33600","1","1","1","IAT2812190948","NHO2018000007","PAID","","193033"),
("IATT190004554","193005","191001","192001","37000","1","37000","7400","29600","1","1","1","IAT2812190948","NHO2018000007","PAID","","193005"),
("IATT190004554","193047","191002","192010","10000","1","10000","0","10000","1","1","1","IAT2812190948","NHO2018000007","PAID","","193047"),
("IATT190004554","193047","191002","192010","10000","1","10000","0","10000","2","1","1","IAT2812190948","NHO2018000007","PAID","","193047"),
("IATT190004555","193113","191001","192003","55000","1","55000","0","55000","1","1","1","IAT2812190948","NHO2018000007","PAID","","193113"),
("IATT190004555","193047","191002","192010","10000","1","10000","0","10000","1","1","1","IAT2812190948","NHO2018000007","PAID","","193047"),
("IATT190004556","193023","191001","192003","30000","1","30000","0","30000","1","1","1","IAT2812190948","NHO2018000007","PAID","","193023"),
("IATT190004556","193118","191001","192012","20000","1","20000","0","20000","1","1","1","IAT2812190948","NHO2018000007","PAID","","193118"),
("IATT190004556","193070","191001","192012","13000","1","13000","0","13000","1","1","1","IAT2812190948","NHO2018000007","PAID","","193070"),
("IATT190004556","193084","191001","192001","30000","1","30000","0","30000","1","1","1","IAT2812190948","NHO2018000007","PAID","","PEDAS"),
("IATT190004556","193052","191002","192010","20000","1","20000","0","20000","1","1","1","IAT2812190948","NHO2018000007","PAID","","193052"),
("IATT190004556","193051","191002","192010","20000","1","20000","0","20000","1","1","1","IAT2812190948","NHO2018000007","PAID","","193051"),
("IATT190004557","193043","191001","192008","25000","1","25000","0","25000","1","1","1","IAT2812190948","NHO2018000007","PAID","","193043"),
("IATT190004557","193038","191001","192006","36000","1","36000","0","36000","1","1","1","IAT2812190948","NHO2018000007","PAID","","PEDAS"),
("IATT190004557","193047","191002","192010","10000","1","10000","0","10000","1","1","1","IAT2812190948","NHO2018000007","PAID","","193047"),
("IATT190004557","193047","191002","192010","10000","1","10000","0","10000","2","1","1","IAT2812190948","NHO2018000007","PAID","","193047"),
("IATT190004558","193011","191001","192001","40000","1","40000","16000","24000","1","1","1","IAT2812190948","NHO2018000007","PAID","","PEDAS"),
("IATT190004558","193012","191001","192001","40000","1","40000","16000","24000","1","1","1","IAT2812190948","NHO2018000007","PAID","","193012"),
("IATT190004558","193086","191001","192002","33000","1","33000","13200","19800","1","1","1","IAT2812190948","NHO2018000007","PAID","","PEDAS"),
("IATT190004558","193019","191001","192002","40000","1","40000","16000","24000","1","1","1","IAT2812190948","NHO2018000007","PAID","","PEDAS"),
("IATT190004558","193056","191002","192010","17000","1","17000","0","17000","1","1","1","IAT2812190948","NHO2018000007","PAID","","193056"),
("IATT190004558","193056","191002","192010","17000","1","17000","0","17000","2","1","1","IAT2812190948","NHO2018000007","PAID","","193056"),
("IATT190004558","193056","191002","192010","17000","1","17000","0","17000","3","1","1","IAT2812190948","NHO2018000007","PAID","","193056"),
("IATT190004558","193118","191001","192012","20000","1","20000","8000","12000","1","1","1","IAT2812190948","NHO2018000007","PAID","","193118"),
("IATT190004558","193118","191001","192012","20000","1","20000","8000","12000","2","1","1","IAT2812190948","NHO2018000007","PAID","","193118"),
("IATT190004558","193046","191002","192010","10000","1","10000","0","10000","1","1","1","IAT2812190948","NHO2018000007","PAID","","193046"),
("IATT190004558","193113","191001","192003","55000","1","55000","22000","33000","1","1","2","IAT2812190948","NHO2018000007","PAID","","193113"),
("IATT190004559","193078","191001","192001","30000","1","30000","15000","15000","1","1","1","IAT2812190948","NHO2018000007","PAID","jgn terlalu pedes","PEDAS"),
("IATT190004559","193078","191001","192001","30000","1","30000","15000","15000","2","1","1","IAT2812190948","NHO2018000007","PAID","","PEDAS"),
("IATT190004559","193011","191001","192001","40000","1","40000","20000","20000","1","1","1","IAT2812190948","NHO2018000007","PAID","level 3","PEDAS"),
("IATT190004559","193039","191001","192006","36000","1","36000","18000","18000","1","1","1","IAT2812190948","NHO2018000007","PAID","","ORIGINAL"),
("IATT190004559","193052","191002","192010","20000","1","20000","0","20000","1","1","1","IAT2812190948","NHO2018000007","PAID","","193052"),
("IATT190004559","193056","191002","192010","17000","1","17000","0","17000","1","1","1","IAT2812190948","NHO2018000007","PAID","","193056"),
("IATT190004559","193047","191002","192010","10000","1","10000","0","10000","1","1","1","IAT2812190948","NHO2018000007","PAID","","193047"),
("IATT190004559","193047","191002","192010","10000","1","10000","0","10000","2","1","1","IAT2812190948","NHO2018000007","PAID","","193047"),
("IATT190004559","193047","191002","192010","10000","1","10000","0","10000","3","1","1","IAT2812190948","NHO2018000007","PAID","","193047"),
("IATT190004560","193085","191001","192001","30000","1","30000","6000","24000","1","1","1","IAT2812190948","NHO2018000007","PAID","","193085"),
("IATT190004560","193084","191001","192001","30000","1","30000","6000","24000","1","1","1","IAT2812190948","NHO2018000007","PAID","lv 1","PEDAS"),
("IATT190004560","193047","191002","192010","10000","1","10000","0","10000","1","1","1","IAT2812190948","NHO2018000007","PAID","","193047"),
("IATT190004560","193047","191002","192010","10000","1","10000","0","10000","2","1","1","IAT2812190948","NHO2018000007","PAID","","193047"),
("IATT190004559","193039","191001","192006","36000","1","36000","18000","18000","2","1","2","IAT2812190948","NHO2018000007","PAID","","PEDAS"),
("IATT190004559","193039","191001","192006","36000","1","36000","18000","18000","3","1","2","IAT2812190948","NHO2018000007","PAID","","PEDAS"),
("IATT190004559","193034","191001","192005","37000","1","37000","18500","18500","1","1","2","IAT2812190948","NHO2018000007","PAID","","193034"),
("IATT190004559","193087","191001","192002","33000","1","33000","16500","16500","1","1","2","IAT2812190948","NHO2018000007","PAID","","193087"),
("IATT190004559","193035","191001","192006","32000","1","32000","16000","16000","1","1","2","IAT2812190948","NHO2018000007","PAID","sedang","PEDAS"),
("IATT190004559","193030","191001","192004","27000","1","27000","13500","13500","1","1","2","IAT2812190948","NHO2018000007","PAID","","193030"),
("IATT190004559","193016","191001","192002","37000","1","37000","18500","18500","1","1","2","IAT2812190948","NHO2018000007","PAID","","PEDAS"),
("IATT190004559","193118","191001","192012","20000","1","20000","10000","10000","1","1","2","IAT2812190948","NHO2018000007","PAID","","193118"),
("IATT190004559","193054","191002","192010","20000","1","20000","0","20000","1","1","2","IAT2812190948","NHO2018000007","PAID","","193054"),
("IATT190004559","193054","191002","192010","20000","1","20000","0","20000","2","1","2","IAT2812190948","NHO2018000007","PAID","","193054"),
("IATT190004559","193054","191002","192010","20000","1","20000","0","20000","3","1","2","IAT2812190948","NHO2018000007","PAID","","193054"),
("IATT190004559","193047","191002","192010","10000","1","10000","0","10000","4","1","2","IAT2812190948","NHO2018000007","PAID","","193047"),
("IATT190004559","193055","191002","192010","17000","1","17000","0","17000","1","1","2","IAT2812190948","NHO2018000007","PAID","","193055"),
("IATT190004559","193055","191002","192010","17000","1","17000","0","17000","2","1","2","IAT2812190948","NHO2018000007","PAID","","193055"),
("IATT190004559","193085","191001","192001","30000","1","30000","15000","15000","1","1","3","IAT2812190948","NHO2018000007","PAID","","193085"),
("IATT190004559","193118","191001","192012","20000","1","20000","10000","10000","2","1","3","IAT2812190948","NHO2018000007","PAID","","193118"),
("IATT190004559","193056","191002","192010","17000","1","17000","0","17000","2","1","3","IAT2812190948","NHO2018000007","PAID","","193056"),
("IATT190004559","193072","191001","192012","25000","1","25000","12500","12500","1","1","3","IAT2812190948","NHO2018000007","PAID","","193072"),
("IATT190004561","193113","191001","192003","55000","1","55000","0","55000","1","1","1","IAT2812190948","NHO2018000007","PAID","japanese dressing pisah","193113"),
("IATT190004561","193113","191001","192003","55000","1","55000","0","55000","2","1","1","IAT2812190948","NHO2018000007","PAID","","193113"),
("IATT190004561","193067","191001","192003","7000","1","7000","0","7000","1","1","1","IAT2812190948","NHO2018000007","PAID","","193067"),
("IATT190004561","193036","191001","192006","36000","1","36000","0","36000","1","1","1","IAT2812190948","NHO2018000007","PAID","","ORIGINAL"),
("IATT190004561","193051","191002","192010","20000","1","20000","0","20000","1","1","1","IAT2812190948","NHO2018000007","PAID","","193051"),
("IATT190004561","193046","191002","192010","10000","1","10000","0","10000","1","1","1","IAT2812190948","NHO2018000007","PAID","","193046"),
("IATT190004561","193046","191002","192010","10000","1","10000","0","10000","2","1","1","IAT2812190948","NHO2018000007","PAID","","193046"),
("IATT190004562","193027","191001","192003","43000","1","43000","0","43000","1","1","1","IAT2812190948","NHO2018000007","PAID","","193027"),
("IATT190004562","193028","191001","192003","43000","1","43000","0","43000","1","1","1","IAT2812190948","NHO2018000007","PAID","","193028"),
("IATT190004562","193029","191001","192004","27000","1","27000","0","27000","1","1","1","IAT2812190948","NHO2018000007","PAID","","193029"),
("IATT190004562","193071","191001","192012","18000","1","18000","0","18000","1","1","1","IAT2812190948","NHO2018000007","PAID","","193071"),
("IATT190004562","193071","191001","192012","18000","1","18000","0","18000","2","1","1","IAT2812190948","NHO2018000007","PAID","","193071"),
("IATT190004562","193050","191002","192010","20000","1","20000","0","20000","1","1","1","IAT2812190948","NHO2018000007","PAID","","193050"),
("IATT190004562","193053","191002","192010","20000","1","20000","0","20000","1","1","1","IAT2812190948","NHO2018000007","PAID","","193053"),
("IATT190004562","193055","191002","192010","17000","1","17000","0","17000","1","1","1","IAT2812190948","NHO2018000007","PAID","","193055"),
("IATT190004562","193047","191002","192010","10000","1","10000","0","10000","1","1","1","IAT2812190948","NHO2018000007","PAID","","193047"),
("IATT190004563","193113","191001","192003","55000","1","55000","0","55000","1","1","1","IAT2812190948","NHO2018000007","PAID","","193113"),
("IATT190004563","193046","191002","192010","10000","1","10000","0","10000","1","1","1","IAT2812190948","NHO2018000007","PAID","","193046"),
("IATT190004564","193035","191001","192006","32000","1","32000","9600","22400","1","1","1","IAT2812190948","NHO2018000007","PAID","SEDANG","PEDAS"),
("IATT190004564","193082","191001","192001","30000","1","30000","9000","21000","1","1","1","IAT2812190948","NHO2018000007","PAID","","193082"),
("IATT190004564","193112","191001","192003","50000","1","50000","15000","35000","1","1","1","IAT2812190948","NHO2018000007","PAID","","193112"),
("IATT190004564","193050","191002","192010","20000","1","20000","0","20000","1","1","1","IAT2812190948","NHO2018000007","PAID","","193050"),
("IATT190004564","193051","191002","192010","20000","1","20000","0","20000","1","1","1","IAT2812190948","NHO2018000007","PAID","","193051"),
("IATT190004565","193011","191001","192001","40000","1","40000","8000","32000","1","1","1","IAT2812190948","NHO2018000007","PAID","","PEDAS"),
("IATT190004565","193029","191001","192004","27000","1","27000","5400","21600","1","1","1","IAT2812190948","NHO2018000007","PAID","","193029"),
("IATT190004565","193047","191002","192010","10000","1","10000","0","10000","1","1","1","IAT2812190948","NHO2018000007","PAID","","193047"),
("IATT190004565","193047","191002","192010","10000","1","10000","0","10000","2","1","1","IAT2812190948","NHO2018000007","PAID","","193047"),
("IATT190004564","193070","191001","192012","13000","1","13000","3900","9100","1","1","2","IAT2812190948","NHO2018000007","PAID","","193070"),
("IATT190004566","193028","191001","192003","43000","1","43000","0","43000","1","1","1","IAT2812190948","NHO2018000007","PAID","TAKE AWAY","193028"),
("IATT190004566","193028","191001","192003","43000","1","43000","0","43000","2","1","1","IAT2812190948","NHO2018000007","PAID","","193028");



INSERT INTO pos_salestemp VALUES("IATT190004554","","2","99000","15800","8320","0","91520","91520","28/12/2019","12:40","2019-12-28","13:56:53","ISU000006","tbl0012","CLOSED","1","","IATR190004426","","","","","IAT2812190948","NHO2018000007"),
("IATT190004555","","1","65000","0","6500","0","71500","100000","28/12/2019","13:06","2019-12-28","14:01:17","ISU000004","tbl0005","CLOSED","1","","IATR190004427","","","","","IAT2812190948","NHO2018000007"),
("IATT190004556","","2","133000","0","13300","0","146300","146300","28/12/2019","13:57","2019-12-28","14:51:46","ISU000004","tbl0010","CLOSED","1","","IATR190004428","","","","","IAT2812190948","NHO2018000007"),
("IATT190004557","","2","81000","0","8100","0","89100","100000","28/12/2019","15:16","2019-12-28","16:02:20","ISU000006","tbl0012","CLOSED","1","","IATR190004429","","","","","IAT2812190948","NHO2018000007"),
("IATT190004558","","4","309000","99200","20980","0","230780","230780","28/12/2019","16:49","2019-12-28","17:35:08","ISU000006","tbl0011","CLOSED","1","","IATR190004430","","","","","IAT2812190948","NHO2018000007"),
("IATT190004559","","4","657000","234500","42250","0","464750","464750","28/12/2019","16:57","2019-12-28","18:10:22","ISU000004","tbl0022","CLOSED","1","","IATR190004432","","","","","IAT2812190948","NHO2018000007"),
("IATT190004560","","2","80000","12000","6800","0","74800","74800","28/12/2019","17:13","2019-12-28","17:43:58","ISU000004","tbl0012","CLOSED","1","","IATR190004431","","","","","IAT2812190948","NHO2018000007"),
("IATT190004561","","4","193000","0","19300","0","212300","250000","28/12/2019","17:52","2019-12-28","18:37:47","ISU000004","tbl0011","CLOSED","1","","IATR190004434","","","","","IAT2812190948","NHO2018000007"),
("IATT190004562","","4","216000","0","21600","0","237600","250000","28/12/2019","17:59","2019-12-28","18:30:13","ISU000004","tbl0012","CLOSED","1","","IATR190004433","","","","","IAT2812190948","NHO2018000007"),
("IATT190004563","","1","65000","0","6500","0","71500","71500","28/12/2019","18:19","2019-12-28","18:58:31","ISU000004","tbl0010","CLOSED","1","","IATR190004435","","","","","IAT2812190948","NHO2018000007"),
("IATT190004564","","2","165000","37500","12750","0","140250","150000","28/12/2019","19:51","2019-12-28","20:37:31","ISU000004","tbl0012","CLOSED","1","","IATR190004437","","","","","IAT2812190948","NHO2018000007"),
("IATT190004565","","2","87000","13400","7360","0","80960","80960","28/12/2019","19:53","2019-12-28","20:23:38","ISU000004","tbl0014","CLOSED","1","","IATR190004436","","","","","IAT2812190948","NHO2018000007"),
("IATT190004566","","2","86000","0","8600","0","94600","100000","28/12/2019","21:06","2019-12-28","21:17:42","ISU000004","tbl0012","CLOSED","1","","IATR190004438","","","","","IAT2812190948","NHO2018000007");






INSERT INTO pos_promotion_h VALUES("IATT190004554","NPRM18000024","DISC ITEM","1","15800","KANAN KIRI DISKON 20%","IAT2812190948","PAID","NHO2018000007"),
("IATT190004558","NPRM18000026","DISC ITEM","1","99200","KANAN KIRI DISKON 40%","IAT2812190948","PAID","NHO2018000007"),
("IATT190004560","NPRM18000024","DISC ITEM","1","12000","KANAN KIRI DISKON 20%","IAT2812190948","PAID","NHO2018000007"),
("IATT190004559","NPRM18000027","DISC ITEM","1","234500","KANAN KIRI DISKON 50%","IAT2812190948","PAID","NHO2018000007"),
("IATT190004565","NPRM18000024","DISC ITEM","1","13400","KANAN KIRI DISKON 20%","IAT2812190948","PAID","NHO2018000007"),
("IATT190004564","NPRM18000025","DISC ITEM","1","37500","KANAN KIRI DISKON 30%","IAT2812190948","PAID","NHO2018000007");



INSERT INTO pos_promotion_d VALUES("IATT190004554","NPRM18000024","DISC ITEM","1","1","193033","1","8400","IAT2812190948","PAID","NHO2018000007"),
("IATT190004554","NPRM18000024","DISC ITEM","1","1","193005","1","7400","IAT2812190948","PAID","NHO2018000007"),
("IATT190004558","NPRM18000026","DISC ITEM","1","1","193011","1","16000","IAT2812190948","PAID","NHO2018000007"),
("IATT190004558","NPRM18000026","DISC ITEM","1","1","193012","1","16000","IAT2812190948","PAID","NHO2018000007"),
("IATT190004558","NPRM18000026","DISC ITEM","1","1","193086","1","13200","IAT2812190948","PAID","NHO2018000007"),
("IATT190004558","NPRM18000026","DISC ITEM","1","1","193019","1","16000","IAT2812190948","PAID","NHO2018000007"),
("IATT190004558","NPRM18000026","DISC ITEM","1","1","193118","1","8000","IAT2812190948","PAID","NHO2018000007"),
("IATT190004558","NPRM18000026","DISC ITEM","1","1","193118","2","8000","IAT2812190948","PAID","NHO2018000007"),
("IATT190004558","NPRM18000026","DISC ITEM","1","1","193113","1","22000","IAT2812190948","PAID","NHO2018000007"),
("IATT190004560","NPRM18000024","DISC ITEM","1","1","193085","1","6000","IAT2812190948","PAID","NHO2018000007"),
("IATT190004560","NPRM18000024","DISC ITEM","1","1","193084","1","6000","IAT2812190948","PAID","NHO2018000007"),
("IATT190004559","NPRM18000027","DISC ITEM","1","1","193078","1","15000","IAT2812190948","PAID","NHO2018000007"),
("IATT190004559","NPRM18000027","DISC ITEM","1","1","193078","2","15000","IAT2812190948","PAID","NHO2018000007"),
("IATT190004559","NPRM18000027","DISC ITEM","1","1","193011","1","20000","IAT2812190948","PAID","NHO2018000007"),
("IATT190004559","NPRM18000027","DISC ITEM","1","1","193039","1","18000","IAT2812190948","PAID","NHO2018000007"),
("IATT190004559","NPRM18000027","DISC ITEM","1","1","193039","2","18000","IAT2812190948","PAID","NHO2018000007"),
("IATT190004559","NPRM18000027","DISC ITEM","1","1","193039","3","18000","IAT2812190948","PAID","NHO2018000007"),
("IATT190004559","NPRM18000027","DISC ITEM","1","1","193034","1","18500","IAT2812190948","PAID","NHO2018000007"),
("IATT190004559","NPRM18000027","DISC ITEM","1","1","193087","1","16500","IAT2812190948","PAID","NHO2018000007"),
("IATT190004559","NPRM18000027","DISC ITEM","1","1","193035","1","16000","IAT2812190948","PAID","NHO2018000007"),
("IATT190004559","NPRM18000027","DISC ITEM","1","1","193030","1","13500","IAT2812190948","PAID","NHO2018000007"),
("IATT190004559","NPRM18000027","DISC ITEM","1","1","193016","1","18500","IAT2812190948","PAID","NHO2018000007"),
("IATT190004559","NPRM18000027","DISC ITEM","1","1","193118","1","10000","IAT2812190948","PAID","NHO2018000007"),
("IATT190004559","NPRM18000027","DISC ITEM","1","1","193085","1","15000","IAT2812190948","PAID","NHO2018000007"),
("IATT190004559","NPRM18000027","DISC ITEM","1","1","193118","2","10000","IAT2812190948","PAID","NHO2018000007"),
("IATT190004559","NPRM18000027","DISC ITEM","1","1","193072","1","12500","IAT2812190948","PAID","NHO2018000007"),
("IATT190004565","NPRM18000024","DISC ITEM","1","1","193011","1","8000","IAT2812190948","PAID","NHO2018000007"),
("IATT190004565","NPRM18000024","DISC ITEM","1","1","193029","1","5400","IAT2812190948","PAID","NHO2018000007"),
("IATT190004564","NPRM18000025","DISC ITEM","1","1","193035","1","9600","IAT2812190948","PAID","NHO2018000007"),
("IATT190004564","NPRM18000025","DISC ITEM","1","1","193082","1","9000","IAT2812190948","PAID","NHO2018000007"),
("IATT190004564","NPRM18000025","DISC ITEM","1","1","193112","1","15000","IAT2812190948","PAID","NHO2018000007"),
("IATT190004564","NPRM18000025","DISC ITEM","1","1","193070","1","3900","IAT2812190948","PAID","NHO2018000007");



INSERT INTO pos_paymenttemp VALUES("IATT190004554","CARD","DEBIT BCA","91520","91520","ISU000006","2019-12-28","","1","","CLOSED","IAT2812190948","NHO2018000007"),
("IATT190004555","CASH","CASH","71500","100000","ISU000004","2019-12-28","","1","","CLOSED","IAT2812190948","NHO2018000007"),
("IATT190004556","CASH","OVO","146300","146300","ISU000004","2019-12-28","","1","","CLOSED","IAT2812190948","NHO2018000007"),
("IATT190004557","CASH","CASH","89100","100000","ISU000006","2019-12-28","","1","","CLOSED","IAT2812190948","NHO2018000007"),
("IATT190004558","CARD","MASTER","230780","230780","ISU000006","2019-12-28","","1","","CLOSED","IAT2812190948","NHO2018000007"),
("IATT190004560","CARD","DEBIT BCA","74800","74800","ISU000004","2019-12-28","","1","","CLOSED","IAT2812190948","NHO2018000007"),
("IATT190004559","CARD","VISA","464750","464750","ISU000004","2019-12-28","","1","","CLOSED","IAT2812190948","NHO2018000007"),
("IATT190004562","CASH","CASH","237600","250000","ISU000004","2019-12-28","","1","","CLOSED","IAT2812190948","NHO2018000007"),
("IATT190004561","CASH","CASH","212300","250000","ISU000004","2019-12-28","","1","","CLOSED","IAT2812190948","NHO2018000007"),
("IATT190004563","CARD","DEBIT BCA","71500","71500","ISU000004","2019-12-28","","1","","CLOSED","IAT2812190948","NHO2018000007"),
("IATT190004565","CARD","DEBIT BCA","80960","80960","ISU000004","2019-12-28","","1","","CLOSED","IAT2812190948","NHO2018000007"),
("IATT190004564","CASH","CASH","140250","150000","ISU000004","2019-12-28","","1","","CLOSED","IAT2812190948","NHO2018000007"),
("IATT190004566","CASH","CASH","94600","100000","ISU000004","2019-12-28","","1","","CLOSED","IAT2812190948","NHO2018000007");



