INSERT INTO pos_itemtemp VALUES("IATT190001598","193027","191001","192003","43000","1","43000","0","43000","1","1","1","IAT2607190907","NHO2018000007","PAID","take away ya\nditunggu\nthanks","193027"),
("IATT190001599","193083","191001","192001","30000","1","30000","7500","22500","1","1","1","IAT2607190907","NHO2018000007","PAID","","193083"),
("IATT190001599","193006","191001","192001","37000","1","37000","9250","27750","1","1","1","IAT2607190907","NHO2018000007","PAID","no beef\nthanks","193006"),
("IATT190001599","193084","191001","192001","30000","1","30000","7500","22500","1","1","1","IAT2607190907","NHO2018000007","PAID","","PEDAS"),
("IATT190001599","193030","191001","192004","27000","1","27000","6750","20250","1","1","1","IAT2607190907","NHO2018000007","PAID","","193030"),
("IATT190001599","193047","191002","192010","8000","1","8000","0","8000","1","1","1","IAT2607190907","NHO2018000007","PAID","","193047"),
("IATT190001599","193047","191002","192010","8000","1","8000","0","8000","2","1","1","IAT2607190907","NHO2018000007","PAID","","193047"),
("IATT190001599","193046","191002","192010","8000","1","8000","0","8000","1","1","1","IAT2607190907","NHO2018000007","PAID","","193046"),
("IATT190001600","193007","191001","192001","37000","1","37000","0","37000","1","1","1","IAT2607190907","NHO2018000007","PAID","","PEDAS"),
("IATT190001600","193007","191001","192001","37000","1","37000","0","37000","2","1","1","IAT2607190907","NHO2018000007","PAID","","PEDAS"),
("IATT190001600","193007","191001","192001","37000","1","37000","0","37000","3","1","1","IAT2607190907","NHO2018000007","PAID","","PEDAS"),
("IATT190001600","193047","191002","192010","8000","1","8000","0","8000","1","1","1","IAT2607190907","NHO2018000007","PAID","","193047"),
("IATT190001600","193047","191002","192010","8000","1","8000","0","8000","2","1","1","IAT2607190907","NHO2018000007","PAID","","193047"),
("IATT190001600","193046","191002","192010","8000","1","8000","0","8000","1","1","1","IAT2607190907","NHO2018000007","PAID","","193046"),
("IATT190001601","193036","191001","192006","36000","1","36000","0","36000","1","1","1","IAT2607190907","NHO2018000007","PAID","","PEDAS"),
("IATT190001601","193054","191002","192010","20000","1","20000","0","20000","1","1","1","IAT2607190907","NHO2018000007","PAID","","193054"),
("IATT190001601","193086","191001","192002","33000","1","33000","0","33000","1","1","1","IAT2607190907","NHO2018000007","PAID","","PEDAS"),
("IATT190001601","193048","191002","192010","8000","1","8000","0","8000","1","1","1","IAT2607190907","NHO2018000007","PAID","","193048"),
("IATT190001602","193028","191001","192003","43000","1","43000","0","43000","1","1","1","IAT2607190907","NHO2018000007","PAID","","193028"),
("IATT190001602","193028","191001","192003","43000","1","43000","0","43000","2","1","1","IAT2607190907","NHO2018000007","PAID","","193028"),
("IATT190001602","193054","191002","192010","20000","1","20000","0","20000","1","1","1","IAT2607190907","NHO2018000007","PAID","","193054"),
("IATT190001602","193056","191002","192010","17000","1","17000","0","17000","1","1","1","IAT2607190907","NHO2018000007","PAID","","193056"),
("IATT190001601","193048","191002","192010","8000","1","8000","0","8000","2","1","2","IAT2607190907","NHO2018000007","PAID","","193048"),
("IATT190001603","193023","191001","192003","30000","1","30000","0","30000","1","1","1","IAT2607190907","NHO2018000007","PAID","","193023"),
("IATT190001603","193055","191002","192010","17000","1","17000","0","17000","1","1","1","IAT2607190907","NHO2018000007","PAID","","193055"),
("IATT190001603","193056","191002","192010","17000","1","17000","0","17000","1","1","1","IAT2607190907","NHO2018000007","PAID","","193056"),
("IATT190001603","193050","191002","192010","20000","1","20000","0","20000","1","1","1","IAT2607190907","NHO2018000007","PAID","","193050"),
("IATT190001603","193015","191001","192002","33000","1","33000","0","33000","1","1","1","IAT2607190907","NHO2018000007","PAID","","ORIGINAL"),
("IATT190001604","193028","191001","192003","43000","1","43000","0","43000","1","1","1","IAT2607190907","NHO2018000007","PAID","","193028"),
("IATT190001604","193048","191002","192010","8000","1","8000","0","8000","1","1","2","IAT2607190907","NHO2018000007","PAID","","193048"),
("IATT190001606","193027","191001","192003","43000","1","43000","0","43000","1","1","1","IAT2607190907","NHO2018000007","PAID","takeway 2","193027"),
("IATT190001606","193027","191001","192003","43000","1","43000","0","43000","2","1","1","IAT2607190907","NHO2018000007","PAID","","193027"),
("IATT190001607","193048","191002","192010","8000","1","8000","0","8000","1","1","1","IAT2607190907","NHO2018000007","PAID","","193048"),
("IATT190001607","193046","191002","192010","8000","1","8000","0","8000","1","1","1","IAT2607190907","NHO2018000007","PAID","","193046"),
("IATT190001607","193084","191001","192001","30000","1","30000","0","30000","1","1","1","IAT2607190907","NHO2018000007","PAID","pedes dikit ya","PEDAS"),
("IATT190001607","193007","191001","192001","37000","1","37000","0","37000","1","1","1","IAT2607190907","NHO2018000007","PAID","chiken ya bang..\npedes dikit","PEDAS"),
("IATT190001608","193019","191001","192002","40000","1","40000","0","40000","1","1","1","IAT2607190907","NHO2018000007","PAID","lvl 2","PEDAS"),
("IATT190001608","193011","191001","192001","40000","1","40000","0","40000","1","1","1","IAT2607190907","NHO2018000007","PAID","lvl 3","PEDAS"),
("IATT190001608","193055","191002","192010","17000","1","17000","0","17000","1","1","1","IAT2607190907","NHO2018000007","PAID","","193055"),
("IATT190001608","193055","191002","192010","17000","1","17000","0","17000","2","1","1","IAT2607190907","NHO2018000007","PAID","","193055"),
("IATT190001608","193048","191002","192010","8000","1","8000","0","8000","1","1","2","IAT2607190907","NHO2018000007","PAID","","193048"),
("IATT190001608","193048","191002","192010","8000","1","8000","0","8000","2","1","2","IAT2607190907","NHO2018000007","PAID","","193048"),
("IATT190001609","193007","191001","192001","37000","1","37000","0","37000","1","1","1","IAT2607190907","NHO2018000007","PAID","","PEDAS"),
("IATT190001609","193087","191001","192002","33000","1","33000","0","33000","1","1","1","IAT2607190907","NHO2018000007","PAID","","193087"),
("IATT190001609","193050","191002","192010","20000","1","20000","0","20000","1","1","1","IAT2607190907","NHO2018000007","PAID","","193050"),
("IATT190001609","193052","191002","192010","20000","1","20000","0","20000","1","1","1","IAT2607190907","NHO2018000007","PAID","","193052"),
("IATT190001609","193048","191002","192010","8000","1","8000","0","8000","1","1","2","IAT2607190907","NHO2018000007","PAID","","193048"),
("IATT190001609","193048","191002","192010","8000","1","8000","0","8000","2","1","2","IAT2607190907","NHO2018000007","PAID","","193048"),
("IATT190001610","193052","191002","192010","20000","1","20000","0","20000","1","1","1","IAT2607190907","NHO2018000007","PAID","","193052"),
("IATT190001610","193051","191002","192010","20000","1","20000","0","20000","1","1","1","IAT2607190907","NHO2018000007","PAID","","193051"),
("IATT190001610","193046","191002","192010","8000","1","8000","0","8000","1","1","1","IAT2607190907","NHO2018000007","PAID","","193046"),
("IATT190001610","193046","191002","192010","8000","1","8000","0","8000","2","1","1","IAT2607190907","NHO2018000007","PAID","","193046"),
("IATT190001610","193046","191002","192010","8000","1","8000","0","8000","3","1","1","IAT2607190907","NHO2018000007","PAID","","193046"),
("IATT190001610","193056","191002","192010","17000","1","17000","0","17000","1","1","1","IAT2607190907","NHO2018000007","PAID","","193056"),
("IATT190001610","193009","191001","192001","40000","1","40000","0","40000","1","1","1","IAT2607190907","NHO2018000007","PAID","","193009"),
("IATT190001610","193033","191001","192005","42000","1","42000","0","42000","1","1","1","IAT2607190907","NHO2018000007","PAID","","193033"),
("IATT190001610","193025","191001","192003","30000","1","30000","0","30000","1","1","1","IAT2607190907","NHO2018000007","PAID","","193025"),
("IATT190001610","193028","191001","192003","43000","1","43000","0","43000","1","1","1","IAT2607190907","NHO2018000007","PAID","","193028"),
("IATT190001610","193027","191001","192003","43000","1","43000","0","43000","1","1","1","IAT2607190907","NHO2018000007","PAID","","193027"),
("IATT190001610","193011","191001","192001","40000","1","40000","0","40000","1","1","1","IAT2607190907","NHO2018000007","PAID","lv 1","PEDAS"),
("IATT190001611","193005","191001","192001","37000","1","37000","18500","18500","1","1","1","IAT2607190907","NHO2018000007","PAID","pake nya chiken yaaaa.......","193005"),
("IATT190001611","193019","191001","192002","40000","1","40000","20000","20000","1","1","1","IAT2607190907","NHO2018000007","PAID","","PEDAS"),
("IATT190001611","193070","191001","192012","13000","1","13000","6500","6500","1","1","1","IAT2607190907","NHO2018000007","PAID","","193070"),
("IATT190001611","193047","191002","192010","8000","1","8000","0","8000","1","1","1","IAT2607190907","NHO2018000007","PAID","","193047"),
("IATT190001611","193047","191002","192010","8000","1","8000","0","8000","2","1","1","IAT2607190907","NHO2018000007","PAID","","193047");



INSERT INTO pos_salestemp VALUES("IATT190001598","","1","43000","0","4300","0","47300","47300","26/07/2019","11:07","2019-07-26","11:10:32","ISU000012","tbl0010","CLOSED","1","","IATR190001549","","","","","IAT2607190907","NHO2018000007"),
("IATT190001599","","4","148000","31000","11700","0","128700","128700","26/07/2019","11:56","2019-07-26","12:27:25","ISU000012","tbl0015","CLOSED","1","","IATR190001550","","","","","IAT2607190907","NHO2018000007"),
("IATT190001600","","3","135000","0","13500","0","148500","150000","26/07/2019","12:18","2019-07-26","13:10:52","ISU000012","tbl0010","CLOSED","1","","IATR190001551","","","","","IAT2607190907","NHO2018000007"),
("IATT190001601","","2","105000","0","10500","0","115500","115500","26/07/2019","12:43","2019-07-26","13:12:29","ISU000012","tbl0012","CLOSED","1","","IATR190001552","","","","","IAT2607190907","NHO2018000007"),
("IATT190001602","","2","123000","0","12300","0","135300","140000","26/07/2019","13:02","2019-07-26","13:29:36","ISU000012","tbl0011","CLOSED","1","","IATR190001553","","","","","IAT2607190907","NHO2018000007"),
("IATT190001603","","3","117000","0","11700","0","128700","150000","26/07/2019","13:21","2019-07-26","13:46:42","ISU000012","tbl0010","CLOSED","1","","IATR190001554","","","","","IAT2607190907","NHO2018000007"),
("IATT190001604","","1","51000","0","5100","0","56100","60000","26/07/2019","13:30","2019-07-26","13:55:55","ISU000012","tbl0008","CLOSED","1","","IATR190001555","","","","","IAT2607190907","NHO2018000007"),
("IATT190001605","","1","0","0","0","0","0","0","26/07/2019","14:39","26/07/2019","14:40:13","ISU000012","tbl0001","CANCELED","1","PERMINTAAN CUSTOMER","","","","","","IAT2607190907","NHO2018000007"),
("IATT190001606","","1","86000","0","8600","0","94600","94600","26/07/2019","15:42","2019-07-26","15:46:17","ISU000012","tbl0009","CLOSED","1","","IATR190001556","","","","","IAT2607190907","NHO2018000007"),
("IATT190001607","","2","83000","0","8300","0","91300","100000","26/07/2019","17:28","2019-07-26","17:59:03","ISU000012","tbl0010","CLOSED","1","","IATR190001557","","","","","IAT2607190907","NHO2018000007"),
("IATT190001608","","2","130000","0","13000","0","143000","150000","26/07/2019","17:46","2019-07-26","18:45:26","ISU000012","tbl0011","CLOSED","1","","IATR190001558","","","","","IAT2607190907","NHO2018000007"),
("IATT190001609","","2","126000","0","12600","0","138600","150000","26/07/2019","18:34","2019-07-26","19:11:26","ISU000012","tbl0010","CLOSED","1","","IATR190001559","","","","","IAT2607190907","NHO2018000007"),
("IATT190001610","","6","319000","0","31900","0","350900","352000","26/07/2019","20:15","2019-07-26","21:01:00","ISU000012","tbl0011","CLOSED","1","","IATR190001560","","","","","IAT2607190907","NHO2018000007"),
("IATT190001611","","2","106000","45000","6100","0","67100","130000","26/07/2019","21:09","2019-07-26","21:50:01","ISU000012","tbl0010","CLOSED","1","","IATR190001561","","","","","IAT2607190907","NHO2018000007"),
("IATT190001612","","1","0","0","0","0","0","0","26/07/2019","21:21","26/07/2019","21:41:35","ISU000011","tbl0001","CANCELED","1","PERMINTAAN CUSTOMER","","","","","","IAT2607190907","NHO2018000007");






INSERT INTO pos_promotion_h VALUES("IATT190001599","NPRM18000007","DISC ITEM","1","31000","eatigo 25%","IAT2607190907","PAID","NHO2018000007"),
("IATT190001611","NPRM18000012","DISC ITEM","1","45000","eatigo 50%","IAT2607190907","PAID","NHO2018000007");



INSERT INTO pos_promotion_d VALUES("IATT190001599","NPRM18000007","DISC ITEM","1","1","193083","1","7500","IAT2607190907","PAID","NHO2018000007"),
("IATT190001599","NPRM18000007","DISC ITEM","1","1","193006","1","9250","IAT2607190907","PAID","NHO2018000007"),
("IATT190001599","NPRM18000007","DISC ITEM","1","1","193084","1","7500","IAT2607190907","PAID","NHO2018000007"),
("IATT190001599","NPRM18000007","DISC ITEM","1","1","193030","1","6750","IAT2607190907","PAID","NHO2018000007"),
("IATT190001611","NPRM18000012","DISC ITEM","1","1","193005","1","18500","IAT2607190907","PAID","NHO2018000007"),
("IATT190001611","NPRM18000012","DISC ITEM","1","1","193019","1","20000","IAT2607190907","PAID","NHO2018000007"),
("IATT190001611","NPRM18000012","DISC ITEM","1","1","193070","1","6500","IAT2607190907","PAID","NHO2018000007");



INSERT INTO pos_paymenttemp VALUES("IATT190001598","CASH","OVO","47300","47300","ISU000012","2019-07-26","","1","","CLOSED","IAT2607190907","NHO2018000007"),
("IATT190001599","CARD","VISA","128700","128700","ISU000012","2019-07-26","","1","","CLOSED","IAT2607190907","NHO2018000007"),
("IATT190001600","CASH","CASH","148500","150000","ISU000012","2019-07-26","","1","","CLOSED","IAT2607190907","NHO2018000007"),
("IATT190001601","CARD","VISA","115500","115500","ISU000012","2019-07-26","","1","","CLOSED","IAT2607190907","NHO2018000007"),
("IATT190001602","CASH","CASH","135300","140000","ISU000012","2019-07-26","","1","","CLOSED","IAT2607190907","NHO2018000007"),
("IATT190001603","CASH","CASH","128700","150000","ISU000012","2019-07-26","","1","","CLOSED","IAT2607190907","NHO2018000007"),
("IATT190001604","CASH","CASH","56100","60000","ISU000012","2019-07-26","","1","","CLOSED","IAT2607190907","NHO2018000007"),
("IATT190001606","CASH","OVO","94600","94600","ISU000012","2019-07-26","","1","","CLOSED","IAT2607190907","NHO2018000007"),
("IATT190001607","CASH","CASH","91300","100000","ISU000012","2019-07-26","","1","","CLOSED","IAT2607190907","NHO2018000007"),
("IATT190001608","CASH","CASH","143000","150000","ISU000012","2019-07-26","","1","","CLOSED","IAT2607190907","NHO2018000007"),
("IATT190001609","CASH","CASH","138600","150000","ISU000012","2019-07-26","","1","","CLOSED","IAT2607190907","NHO2018000007"),
("IATT190001610","CASH","CASH","350900","352000","ISU000012","2019-07-26","","1","","CLOSED","IAT2607190907","NHO2018000007"),
("IATT190001611","VOUCHER","KUPON PROMO EATIGO 30K","30000","30000","ISU000012","2019-07-26","","1","","CLOSED","IAT2607190907","NHO2018000007"),
("IATT190001611","CASH","CASH","37100","100000","ISU000012","2019-07-26","","1","","CLOSED","IAT2607190907","NHO2018000007");



