INSERT INTO pos_itemtemp VALUES("IATT190003905","193035","191001","192006","32000","1","32000","14080","17920","1","1","1","IAT2011191002","NHO2018000007","PAID","pedes bgttt","PEDAS"),
("IATT190003905","193039","191001","192006","36000","1","36000","15840","20160","1","1","1","IAT2011191002","NHO2018000007","PAID","yg 1 pedes bgttt.....yg 1 sedeng aja","PEDAS"),
("IATT190003905","193039","191001","192006","36000","1","36000","15840","20160","2","1","1","IAT2011191002","NHO2018000007","PAID","","PEDAS"),
("IATT190003905","193036","191001","192006","36000","1","36000","15840","20160","1","1","1","IAT2011191002","NHO2018000007","PAID","pedes bgtt","PEDAS"),
("IATT190003905","193069","191001","192012","13000","1","13000","5720","7280","1","1","1","IAT2011191002","NHO2018000007","PAID","","193069"),
("IATT190003905","193070","191001","192012","13000","1","13000","5720","7280","1","1","1","IAT2011191002","NHO2018000007","PAID","","193070"),
("IATT190003905","193047","191002","192010","10000","1","10000","0","10000","1","1","1","IAT2011191002","NHO2018000007","PAID","","193047"),
("IATT190003906","193033","191001","192005","42000","1","42000","18480","23520","1","1","1","IAT2011191002","NHO2018000007","PAID","","193033"),
("IATT190003906","193030","191001","192004","27000","1","27000","11880","15120","1","1","1","IAT2011191002","NHO2018000007","PAID","","193030"),
("IATT190003906","193046","191002","192010","10000","1","10000","0","10000","1","1","1","IAT2011191002","NHO2018000007","PAID","","193046"),
("IATT190003906","193048","191002","192010","8000","1","8000","0","8000","1","1","1","IAT2011191002","NHO2018000007","PAID","","193048"),
("IATT190003907","193078","191001","192001","30000","1","30000","0","30000","1","1","1","IAT2011191002","NHO2018000007","PAID","","PEDAS"),
("IATT190003907","193055","191002","192010","17000","1","17000","0","17000","1","1","1","IAT2011191002","NHO2018000007","PAID","","193055"),
("IATT190003908","193071","191001","192012","18000","1","18000","0","18000","1","1","1","IAT2011191002","NHO2018000007","PAID","","193071"),
("IATT190003909","193055","191002","192010","17000","1","17000","0","17000","1","1","1","IAT2011191002","NHO2018000007","PAID","","193055"),
("IATT190003909","193076","191001","192001","30000","1","30000","13200","16800","1","1","3","IAT2011191002","NHO2018000007","PAID","","193076"),
("IATT190003910","193007","191001","192001","37000","1","37000","16280","20720","1","1","1","IAT2011191002","NHO2018000007","PAID","","ORIGINAL"),
("IATT190003911","193033","191001","192005","42000","1","42000","0","42000","1","1","1","IAT2011191002","NHO2018000007","PAID","","193033"),
("IATT190003911","193084","191001","192001","30000","1","30000","0","30000","1","1","1","IAT2011191002","NHO2018000007","PAID","","PEDAS"),
("IATT190003911","193119","191001","192012","20000","1","20000","0","20000","1","1","1","IAT2011191002","NHO2018000007","PAID","","193119"),
("IATT190003911","193047","191002","192010","10000","1","10000","0","10000","1","1","1","IAT2011191002","NHO2018000007","PAID","","193047"),
("IATT190003911","193047","191002","192010","10000","1","10000","0","10000","2","1","1","IAT2011191002","NHO2018000007","PAID","","193047"),
("IATT190003912","193071","191001","192012","18000","1","18000","7920","10080","1","1","1","IAT2011191002","NHO2018000007","PAID","","193071"),
("IATT190003913","193008","191001","192001","37000","1","37000","16280","20720","1","1","1","IAT2011191002","NHO2018000007","PAID","","193008"),
("IATT190003913","193005","191001","192001","37000","1","37000","16280","20720","1","1","1","IAT2011191002","NHO2018000007","PAID","","193005"),
("IATT190003913","193047","191002","192010","10000","1","10000","0","10000","1","1","1","IAT2011191002","NHO2018000007","PAID","","193047"),
("IATT190003913","193049","191002","192010","10000","1","10000","0","10000","1","1","1","IAT2011191002","NHO2018000007","PAID","","193049"),
("IATT190003914","193010","191001","192001","40000","1","40000","17600","22400","1","1","1","IAT2011191002","NHO2018000007","PAID","","193010"),
("IATT190003914","193022","191001","192003","30000","1","30000","0","30000","1","1","1","IAT2011191002","NHO2018000007","PAID","","193022"),
("IATT190003914","193052","191002","192010","20000","1","20000","0","20000","1","1","1","IAT2011191002","NHO2018000007","PAID","","193052"),
("IATT190003914","193048","191002","192010","8000","1","8000","0","8000","1","1","1","IAT2011191002","NHO2018000007","PAID","","193048"),
("IATT190003916","193071","191001","192012","18000","1","18000","7920","10080","1","1","1","IAT2011191002","NHO2018000007","PAID","","193071");



INSERT INTO pos_salestemp VALUES("IATT190003905","","3","176000","73040","10296","0","113256","150000","20/11/2019","12:27","2019-11-20","13:32:21","ISU000004","tbl0023","CLOSED","1","","IATR190003796","","","","","IAT2011191002","NHO2018000007"),
("IATT190003906","","2","87000","30360","5664","0","62304","102000","20/11/2019","12:33","2019-11-20","14:27:25","ISU000004","tbl0011","CLOSED","1","","IATR190003797","","","","","IAT2011191002","NHO2018000007"),
("IATT190003907","","1","47000","0","4700","0","51700","100000","20/11/2019","15:31","2019-11-20","16:12:12","ISU000004","tbl0012","CLOSED","1","","IATR190003798","","","","","IAT2011191002","NHO2018000007"),
("IATT190003908","","1","18000","0","1800","0","19800","50000","20/11/2019","16:23","2019-11-20","17:32:06","ISU000004","tbl0023","CLOSED","1","","IATR190003799","","","","","IAT2011191002","NHO2018000007"),
("IATT190003909","","1","47000","13200","3380","0","37180","100000","20/11/2019","18:00","2019-11-20","18:43:39","ISU000004","tbl0007","CLOSED","1","","IATR190003800","","","","","IAT2011191002","NHO2018000007"),
("IATT190003910","NHM2019003734 Maria Alexandra","1","37000","16280","2072","0","22792","25000","20/11/2019","18:28","2019-11-20","19:04:58","ISU000004","tbl0014","CLOSED","1","","IATR190003801","","","","","IAT2011191002","NHO2018000007"),
("IATT190003911","","2","112000","0","11200","0","123200","150000","20/11/2019","19:21","2019-11-20","20:30:24","ISU000004","tbl0012","CLOSED","1","","IATR190003803","","","","","IAT2011191002","NHO2018000007"),
("IATT190003912","","0","18000","7920","1008","0","11088","12000","20/11/2019","19:58","2019-11-20","19:59:34","ISU000004","tbl0002","CLOSED","1","","IATR190003802","","","","","IAT2011191002","NHO2018000007"),
("IATT190003913","","2","94000","32560","6144","0","67584","100000","20/11/2019","20:03","2019-11-20","20:48:06","ISU000004","tbl0011","CLOSED","1","","IATR190003805","","","","","IAT2011191002","NHO2018000007"),
("IATT190003914","","2","98000","17600","8040","0","88440","100000","20/11/2019","20:06","2019-11-20","20:42:19","ISU000004","tbl0010","CLOSED","1","","IATR190003804","","","","","IAT2011191002","NHO2018000007"),
("IATT190003915","","1","20000","0","0","0","0","0","20/11/2019","21:03","20/11/2019","21:25:57","ISU000004","tbl0002","CANCELED","1","PERMINTAAN CUSTOMER","","","","","","IAT2011191002","NHO2018000007"),
("IATT190003916","","1","18000","7920","1008","0","11088","12000","20/11/2019","21:26","2019-11-20","21:26:35","ISU000004","tbl0002","CLOSED","1","","IATR190003806","","","","","IAT2011191002","NHO2018000007");



INSERT INTO item_void VALUES("IATT190003909","IAT2011191002","NHO2018000007","193009","193009","1","40000","Before Send","Komplen Customer"),
("IATT190003909","IAT2011191002","NHO2018000007","193023","193023","1","30000","Before Send","Komplen Customer");



INSERT INTO pos_promotion_h VALUES("IATT190003905","NPRM18000020","DISC ITEM","1","73040","PROMO LAGI VIRAL 30%+20%","IAT2011191002","PAID","NHO2018000007"),
("IATT190003906","NPRM18000020","DISC ITEM","1","30360","PROMO LAGI VIRAL 30%+20%","IAT2011191002","PAID","NHO2018000007"),
("IATT190003909","NPRM18000020","DISC ITEM","1","13200","PROMO LAGI VIRAL 30%+20%","IAT2011191002","PAID","NHO2018000007"),
("IATT190003910","NPRM18000020","DISC ITEM","1","16280","PROMO LAGI VIRAL 30%+20%","IAT2011191002","PAID","NHO2018000007"),
("IATT190003912","NPRM18000020","DISC ITEM","1","7920","PROMO LAGI VIRAL 30%+20%","IAT2011191002","PAID","NHO2018000007"),
("IATT190003914","NPRM18000020","DISC ITEM","1","17600","PROMO LAGI VIRAL 30%+20%","IAT2011191002","PAID","NHO2018000007"),
("IATT190003913","NPRM18000020","DISC ITEM","1","32560","PROMO LAGI VIRAL 30%+20%","IAT2011191002","PAID","NHO2018000007"),
("IATT190003916","NPRM18000020","DISC ITEM","1","7920","PROMO LAGI VIRAL 30%+20%","IAT2011191002","PAID","NHO2018000007");



INSERT INTO pos_promotion_d VALUES("IATT190003905","NPRM18000020","DISC ITEM","1","1","193035","1","14080","IAT2011191002","PAID","NHO2018000007"),
("IATT190003905","NPRM18000020","DISC ITEM","1","1","193039","1","15840","IAT2011191002","PAID","NHO2018000007"),
("IATT190003905","NPRM18000020","DISC ITEM","1","1","193039","2","15840","IAT2011191002","PAID","NHO2018000007"),
("IATT190003905","NPRM18000020","DISC ITEM","1","1","193036","1","15840","IAT2011191002","PAID","NHO2018000007"),
("IATT190003905","NPRM18000020","DISC ITEM","1","1","193069","1","5720","IAT2011191002","PAID","NHO2018000007"),
("IATT190003905","NPRM18000020","DISC ITEM","1","1","193070","1","5720","IAT2011191002","PAID","NHO2018000007"),
("IATT190003906","NPRM18000020","DISC ITEM","1","1","193033","1","18480","IAT2011191002","PAID","NHO2018000007"),
("IATT190003906","NPRM18000020","DISC ITEM","1","1","193030","1","11880","IAT2011191002","PAID","NHO2018000007"),
("IATT190003909","NPRM18000020","DISC ITEM","1","1","193076","1","13200","IAT2011191002","PAID","NHO2018000007"),
("IATT190003910","NPRM18000020","DISC ITEM","1","1","193007","1","16280","IAT2011191002","PAID","NHO2018000007"),
("IATT190003912","NPRM18000020","DISC ITEM","1","1","193071","1","7920","IAT2011191002","PAID","NHO2018000007"),
("IATT190003914","NPRM18000020","DISC ITEM","1","1","193010","1","17600","IAT2011191002","PAID","NHO2018000007"),
("IATT190003913","NPRM18000020","DISC ITEM","1","1","193008","1","16280","IAT2011191002","PAID","NHO2018000007"),
("IATT190003913","NPRM18000020","DISC ITEM","1","1","193005","1","16280","IAT2011191002","PAID","NHO2018000007"),
("IATT190003916","NPRM18000020","DISC ITEM","1","1","193071","1","7920","IAT2011191002","PAID","NHO2018000007");



INSERT INTO pos_paymenttemp VALUES("IATT190003905","CASH","CASH","113256","150000","ISU000004","2019-11-20","","1","","CLOSED","IAT2011191002","NHO2018000007"),
("IATT190003906","CASH","CASH","62304","102000","ISU000004","2019-11-20","","1","","CLOSED","IAT2011191002","NHO2018000007"),
("IATT190003907","CASH","CASH","51700","100000","ISU000004","2019-11-20","","1","","CLOSED","IAT2011191002","NHO2018000007"),
("IATT190003908","CASH","CASH","19800","50000","ISU000004","2019-11-20","","1","","CLOSED","IAT2011191002","NHO2018000007"),
("IATT190003909","CASH","CASH","37180","100000","ISU000004","2019-11-20","","1","","CLOSED","IAT2011191002","NHO2018000007"),
("IATT190003910","CASH","CASH","22792","25000","ISU000004","2019-11-20","","1","","CLOSED","IAT2011191002","NHO2018000007"),
("IATT190003912","CASH","CASH","11088","12000","ISU000004","2019-11-20","","1","","CLOSED","IAT2011191002","NHO2018000007"),
("IATT190003911","CASH","CASH","123200","150000","ISU000004","2019-11-20","","1","","CLOSED","IAT2011191002","NHO2018000007"),
("IATT190003914","CASH","CASH","88440","100000","ISU000004","2019-11-20","","1","","CLOSED","IAT2011191002","NHO2018000007"),
("IATT190003913","CASH","CASH","67584","100000","ISU000004","2019-11-20","","1","","CLOSED","IAT2011191002","NHO2018000007"),
("IATT190003916","CASH","CASH","11088","12000","ISU000004","2019-11-20","","1","","CLOSED","IAT2011191002","NHO2018000007");



