INSERT INTO pos_itemtemp VALUES("IATT190002209","193086","191001","192002","33000","1","33000","11880","21120","1","1","1","IAT2508191001","NHO2018000007","PAID","lv 1","PEDAS"),
("IATT190002209","193082","191001","192001","30000","1","30000","10800","19200","1","1","1","IAT2508191001","NHO2018000007","PAID","","193082"),
("IATT190002209","193033","191001","192005","42000","1","42000","15120","26880","1","1","1","IAT2508191001","NHO2018000007","PAID","","193033"),
("IATT190002209","193038","191001","192006","36000","1","36000","12960","23040","1","1","1","IAT2508191001","NHO2018000007","PAID","","ORIGINAL"),
("IATT190002209","193069","191001","192012","13000","1","13000","0","13000","1","1","1","IAT2508191001","NHO2018000007","PAID","","193069"),
("IATT190002209","193055","191002","192010","17000","1","17000","0","17000","1","1","1","IAT2508191001","NHO2018000007","PAID","","193055"),
("IATT190002209","193046","191002","192010","10000","1","10000","0","10000","1","1","1","IAT2508191001","NHO2018000007","PAID","","193046"),
("IATT190002209","193054","191002","192010","20000","1","20000","0","20000","1","1","1","IAT2508191001","NHO2018000007","PAID","","193054"),
("IATT190002209","193050","191002","192010","20000","1","20000","0","20000","1","1","1","IAT2508191001","NHO2018000007","PAID","","193050"),
("IATT190002210","193077","191001","192001","30000","1","30000","10800","19200","1","1","1","IAT2508191001","NHO2018000007","PAID","","193077"),
("IATT190002210","193082","191001","192001","30000","1","30000","10800","19200","1","1","1","IAT2508191001","NHO2018000007","PAID","","193082"),
("IATT190002210","193056","191002","192010","17000","1","17000","0","17000","1","1","1","IAT2508191001","NHO2018000007","PAID","","193056"),
("IATT190002210","193047","191002","192010","10000","1","10000","0","10000","1","1","1","IAT2508191001","NHO2018000007","PAID","","193047"),
("IATT190002210","193047","191002","192010","10000","1","10000","0","10000","2","1","1","IAT2508191001","NHO2018000007","PAID","","193047"),
("IATT190002210","193034","191001","192005","37000","1","37000","13320","23680","1","1","1","IAT2508191001","NHO2018000007","PAID","","193034"),
("IATT190002210","193084","191001","192001","30000","1","30000","10800","19200","1","1","1","IAT2508191001","NHO2018000007","PAID","","PEDAS"),
("IATT190002210","193055","191002","192010","17000","1","17000","0","17000","1","1","1","IAT2508191001","NHO2018000007","PAID","","193055"),
("IATT190002210","193055","191002","192010","17000","1","17000","0","17000","2","1","1","IAT2508191001","NHO2018000007","PAID","","193055"),
("IATT190002210","193055","191002","192010","17000","1","17000","0","17000","3","1","1","IAT2508191001","NHO2018000007","PAID","","193055"),
("IATT190002210","193055","191002","192010","17000","1","17000","0","17000","4","1","1","IAT2508191001","NHO2018000007","PAID","","193055"),
("IATT190002210","193055","191002","192010","17000","1","17000","0","17000","5","1","1","IAT2508191001","NHO2018000007","PAID","","193055"),
("IATT190002210","193019","191001","192002","40000","1","40000","14400","25600","1","1","1","IAT2508191001","NHO2018000007","PAID","","PEDAS"),
("IATT190002210","193035","191001","192006","32000","1","32000","11520","20480","1","1","1","IAT2508191001","NHO2018000007","PAID","","ORIGINAL"),
("IATT190002211","193038","191001","192006","36000","1","36000","12960","23040","1","1","1","IAT2508191001","NHO2018000007","PAID","","ORIGINAL"),
("IATT190002211","193053","191002","192010","20000","1","20000","0","20000","1","1","1","IAT2508191001","NHO2018000007","PAID","","193053"),
("IATT190002212","193035","191001","192006","32000","1","32000","11520","20480","1","1","1","IAT2508191001","NHO2018000007","PAID","","PEDAS"),
("IATT190002212","193033","191001","192005","42000","1","42000","15120","26880","1","1","1","IAT2508191001","NHO2018000007","PAID","","193033"),
("IATT190002212","193021","191001","192002","40000","1","40000","14400","25600","1","1","1","IAT2508191001","NHO2018000007","PAID","","ORIGINAL"),
("IATT190002212","193054","191002","192010","20000","1","20000","0","20000","1","1","1","IAT2508191001","NHO2018000007","PAID","","193054"),
("IATT190002212","193056","191002","192010","17000","1","17000","0","17000","1","1","1","IAT2508191001","NHO2018000007","PAID","","193056"),
("IATT190002213","193007","191001","192001","37000","1","37000","13320","23680","1","1","1","IAT2508191001","NHO2018000007","PAID","lvl1","PEDAS"),
("IATT190002213","193056","191002","192010","17000","1","17000","0","17000","1","1","1","IAT2508191001","NHO2018000007","PAID","","193056"),
("IATT190002213","193050","191002","192010","20000","1","20000","0","20000","1","1","2","IAT2508191001","NHO2018000007","PAID","","193050"),
("IATT190002213","193035","191001","192006","32000","1","32000","11520","20480","1","1","3","IAT2508191001","NHO2018000007","PAID","","ORIGINAL"),
("IATT190002213","193030","191001","192004","27000","1","27000","9720","17280","1","1","3","IAT2508191001","NHO2018000007","PAID","","193030"),
("IATT190002214","193082","191001","192001","30000","1","30000","10800","19200","1","1","1","IAT2508191001","NHO2018000007","PAID","original","193082"),
("IATT190002214","193076","191001","192001","30000","1","30000","10800","19200","1","1","1","IAT2508191001","NHO2018000007","PAID","pds lvl2","193076"),
("IATT190002214","193070","191001","192012","13000","1","13000","0","13000","1","1","1","IAT2508191001","NHO2018000007","PAID","","193070"),
("IATT190002214","193055","191002","192010","17000","1","17000","0","17000","1","1","1","IAT2508191001","NHO2018000007","PAID","","193055"),
("IATT190002214","193051","191002","192010","20000","1","20000","0","20000","1","1","1","IAT2508191001","NHO2018000007","PAID","","193051"),
("IATT190002215","193028","191001","192003","43000","1","43000","15480","27520","1","1","1","IAT2508191001","NHO2018000007","PAID","","193028"),
("IATT190002215","193028","191001","192003","43000","1","43000","15480","27520","2","1","1","IAT2508191001","NHO2018000007","PAID","","193028"),
("IATT190002215","193043","191001","192008","25000","1","25000","0","25000","1","1","1","IAT2508191001","NHO2018000007","PAID","","193043"),
("IATT190002216","193055","191002","192010","17000","1","17000","0","17000","1","1","1","IAT2508191001","NHO2018000007","PAID","","193055"),
("IATT190002216","193055","191002","192010","17000","1","17000","0","17000","2","1","1","IAT2508191001","NHO2018000007","PAID","","193055"),
("IATT190002216","193071","191001","192012","18000","1","18000","0","18000","1","1","1","IAT2508191001","NHO2018000007","PAID","","193071"),
("IATT190002216","193027","191001","192003","43000","1","43000","15480","27520","1","1","1","IAT2508191001","NHO2018000007","PAID","","193027"),
("IATT190002216","193067","191001","192003","7000","1","7000","0","7000","1","1","1","IAT2508191001","NHO2018000007","PAID","","193067"),
("IATT190002217","193030","191001","192004","27000","1","27000","9720","17280","1","1","1","IAT2508191001","NHO2018000007","PAID","","193030"),
("IATT190002217","193087","191001","192002","33000","1","33000","11880","21120","1","1","1","IAT2508191001","NHO2018000007","PAID","","193087"),
("IATT190002217","193085","191001","192001","30000","1","30000","10800","19200","1","1","1","IAT2508191001","NHO2018000007","PAID","","193085"),
("IATT190002217","193046","191002","192010","10000","1","10000","0","10000","1","1","1","IAT2508191001","NHO2018000007","PAID","","193046"),
("IATT190002217","193046","191002","192010","10000","1","10000","0","10000","2","1","1","IAT2508191001","NHO2018000007","PAID","","193046"),
("IATT190002217","193047","191002","192010","10000","1","10000","0","10000","1","1","1","IAT2508191001","NHO2018000007","PAID","","193047"),
("IATT190002218","193009","191001","192001","40000","1","40000","14400","25600","1","1","1","IAT2508191001","NHO2018000007","PAID","","193009"),
("IATT190002218","193082","191001","192001","30000","1","30000","10800","19200","1","1","1","IAT2508191001","NHO2018000007","PAID","","193082"),
("IATT190002218","193086","191001","192002","33000","1","33000","11880","21120","1","1","1","IAT2508191001","NHO2018000007","PAID","","PEDAS"),
("IATT190002218","193012","191001","192001","40000","1","40000","14400","25600","1","1","1","IAT2508191001","NHO2018000007","PAID","","193012"),
("IATT190002218","193047","191002","192010","10000","1","10000","0","10000","1","1","1","IAT2508191001","NHO2018000007","PAID","","193047"),
("IATT190002218","193047","191002","192010","10000","1","10000","0","10000","2","1","1","IAT2508191001","NHO2018000007","PAID","","193047"),
("IATT190002218","193047","191002","192010","10000","1","10000","0","10000","3","1","1","IAT2508191001","NHO2018000007","PAID","","193047"),
("IATT190002218","193047","191002","192010","10000","1","10000","0","10000","4","1","1","IAT2508191001","NHO2018000007","PAID","","193047"),
("IATT190002219","193034","191001","192005","37000","1","37000","13320","23680","1","1","1","IAT2508191001","NHO2018000007","PAID","","193034"),
("IATT190002219","193035","191001","192006","32000","1","32000","11520","20480","1","1","1","IAT2508191001","NHO2018000007","PAID","","ORIGINAL"),
("IATT190002219","193078","191001","192001","30000","1","30000","10800","19200","1","1","1","IAT2508191001","NHO2018000007","PAID","lvl1","PEDAS"),
("IATT190002219","193047","191002","192010","10000","1","10000","0","10000","1","1","1","IAT2508191001","NHO2018000007","PAID","","193047"),
("IATT190002219","193051","191002","192010","20000","1","20000","0","20000","1","1","1","IAT2508191001","NHO2018000007","PAID","","193051"),
("IATT190002219","193048","191002","192010","8000","1","8000","0","8000","1","1","1","IAT2508191001","NHO2018000007","PAID","","193048"),
("IATT190002219","193050","191002","192010","20000","1","20000","0","20000","1","1","1","IAT2508191001","NHO2018000007","PAID","","193050"),
("IATT190002220","193084","191001","192001","30000","1","30000","10800","19200","1","1","1","IAT2508191001","NHO2018000007","PAID","","PEDAS"),
("IATT190002220","193054","191002","192010","20000","1","20000","0","20000","1","1","1","IAT2508191001","NHO2018000007","PAID","","193054"),
("IATT190002220","193051","191002","192010","20000","1","20000","0","20000","1","1","1","IAT2508191001","NHO2018000007","PAID","","193051"),
("IATT190002220","193023","191001","192003","30000","1","30000","10800","19200","1","1","1","IAT2508191001","NHO2018000007","PAID","","193023"),
("IATT190002221","193084","191001","192001","30000","1","30000","10800","19200","1","1","1","IAT2508191001","NHO2018000007","PAID","","PEDAS"),
("IATT190002221","193046","191002","192010","10000","1","10000","0","10000","1","1","1","IAT2508191001","NHO2018000007","PAID","","193046"),
("IATT190002221","193028","191001","192003","43000","1","43000","15480","27520","1","1","1","IAT2508191001","NHO2018000007","PAID","","193028"),
("IATT190002221","193054","191002","192010","20000","1","20000","0","20000","1","1","1","IAT2508191001","NHO2018000007","PAID","","193054"),
("IATT190002222","193027","191001","192003","43000","1","43000","15480","27520","1","1","1","IAT2508191001","NHO2018000007","PAID","","193027"),
("IATT190002222","193033","191001","192005","42000","1","42000","15120","26880","1","1","1","IAT2508191001","NHO2018000007","PAID","","193033"),
("IATT190002222","193054","191002","192010","20000","1","20000","0","20000","1","1","1","IAT2508191001","NHO2018000007","PAID","less ice","193054"),
("IATT190002222","193054","191002","192010","20000","1","20000","0","20000","2","1","1","IAT2508191001","NHO2018000007","PAID","","193054"),
("IATT190002222","193046","191002","192010","10000","1","10000","0","10000","1","1","1","IAT2508191001","NHO2018000007","PAID","","193046"),
("IATT190002223","193083","191001","192001","30000","1","30000","10800","19200","1","1","1","IAT2508191001","NHO2018000007","PAID","","193083"),
("IATT190002223","193010","191001","192001","40000","1","40000","14400","25600","1","1","1","IAT2508191001","NHO2018000007","PAID","katsu pisah","193010"),
("IATT190002223","193011","191001","192001","40000","1","40000","14400","25600","1","1","1","IAT2508191001","NHO2018000007","PAID","katsu pisah","PEDAS"),
("IATT190002223","193005","191001","192001","37000","1","37000","13320","23680","1","1","1","IAT2508191001","NHO2018000007","PAID","","193005"),
("IATT190002223","193056","191002","192010","17000","1","17000","0","17000","1","1","1","IAT2508191001","NHO2018000007","PAID","","193056"),
("IATT190002223","193054","191002","192010","20000","1","20000","0","20000","1","1","1","IAT2508191001","NHO2018000007","PAID","","193054"),
("IATT190002224","193015","191001","192002","33000","1","33000","11880","21120","1","1","1","IAT2508191001","NHO2018000007","PAID","","ORIGINAL"),
("IATT190002224","193033","191001","192005","42000","1","42000","15120","26880","1","1","1","IAT2508191001","NHO2018000007","PAID","","193033"),
("IATT190002224","193040","191001","192008","20000","1","20000","0","20000","1","1","1","IAT2508191001","NHO2018000007","PAID","","193040"),
("IATT190002224","193048","191002","192010","8000","1","8000","0","8000","1","1","1","IAT2508191001","NHO2018000007","PAID","","193048"),
("IATT190002224","193048","191002","192010","8000","1","8000","0","8000","2","1","1","IAT2508191001","NHO2018000007","PAID","","193048"),
("IATT190002225","193084","191001","192001","30000","1","30000","10800","19200","1","1","1","IAT2508191001","NHO2018000007","PAID","","PEDAS"),
("IATT190002225","193046","191002","192010","10000","1","10000","0","10000","1","1","1","IAT2508191001","NHO2018000007","PAID","","193046"),
("IATT190002225","193029","191001","192004","27000","1","27000","9720","17280","1","1","1","IAT2508191001","NHO2018000007","PAID","","193029"),
("IATT190002225","193071","191001","192012","18000","1","18000","0","18000","1","1","1","IAT2508191001","NHO2018000007","PAID","","193071"),
("IATT190002225","193048","191002","192010","8000","1","8000","0","8000","1","1","1","IAT2508191001","NHO2018000007","PAID","","193048"),
("IATT190002226","193080","191001","192002","33000","1","33000","11880","21120","1","1","1","IAT2508191001","NHO2018000007","PAID","","PEDAS"),
("IATT190002226","193084","191001","192001","30000","1","30000","10800","19200","1","1","1","IAT2508191001","NHO2018000007","PAID","lvl1","PEDAS"),
("IATT190002226","193069","191001","192012","13000","1","13000","0","13000","1","1","1","IAT2508191001","NHO2018000007","PAID","","193069"),
("IATT190002226","193047","191002","192010","10000","1","10000","0","10000","1","1","1","IAT2508191001","NHO2018000007","PAID","","193047"),
("IATT190002226","193054","191002","192010","20000","1","20000","0","20000","1","1","1","IAT2508191001","NHO2018000007","PAID","","193054"),
("IATT190002227","193027","191001","192003","43000","1","43000","15480","27520","1","1","1","IAT2508191001","NHO2018000007","PAID","","193027"),
("IATT190002227","193046","191002","192010","10000","1","10000","0","10000","1","1","1","IAT2508191001","NHO2018000007","PAID","","193046"),
("IATT190002226","193047","191002","192010","10000","1","10000","0","10000","2","1","2","IAT2508191001","NHO2018000007","PAID","","193047"),
("IATT190002227","193007","191001","192001","37000","1","37000","13320","23680","1","1","2","IAT2508191001","NHO2018000007","PAID","toping beef","PEDAS"),
("IATT190002228","193077","191001","192001","30000","1","30000","10800","19200","1","1","1","IAT2508191001","NHO2018000007","PAID","","193077"),
("IATT190002228","193085","191001","192001","30000","1","30000","10800","19200","1","1","1","IAT2508191001","NHO2018000007","PAID","","193085"),
("IATT190002228","193054","191002","192010","20000","1","20000","0","20000","1","1","1","IAT2508191001","NHO2018000007","PAID","","193054"),
("IATT190002228","193047","191002","192010","10000","1","10000","0","10000","1","1","1","IAT2508191001","NHO2018000007","PAID","","193047"),
("IATT190002230","193035","191001","192006","32000","1","32000","11520","20480","1","1","1","IAT2508191001","NHO2018000007","PAID","sambal pisah no sayuran dan no negi/daun bawang","ORIGINAL"),
("IATT190002230","193005","191001","192001","37000","1","37000","13320","23680","1","1","1","IAT2508191001","NHO2018000007","PAID","","193005"),
("IATT190002230","193022","191001","192003","30000","1","30000","10800","19200","1","1","1","IAT2508191001","NHO2018000007","PAID","","193022"),
("IATT190002230","193055","191002","192010","17000","1","17000","0","17000","1","1","1","IAT2508191001","NHO2018000007","PAID","","193055"),
("IATT190002230","193053","191002","192010","20000","1","20000","0","20000","1","1","1","IAT2508191001","NHO2018000007","PAID","","193053"),
("IATT190002230","193047","191002","192010","10000","1","10000","0","10000","1","1","1","IAT2508191001","NHO2018000007","PAID","","193047"),
("IATT190002230","193034","191001","192005","37000","1","37000","13320","23680","1","1","1","IAT2508191001","NHO2018000007","PAID","","193034"),
("IATT190002231","193082","191001","192001","30000","1","30000","10800","19200","1","1","1","IAT2508191001","NHO2018000007","PAID","gak pke daun bawang","193082"),
("IATT190002231","193078","191001","192001","30000","1","30000","10800","19200","1","1","1","IAT2508191001","NHO2018000007","PAID","","PEDAS"),
("IATT190002231","193056","191002","192010","17000","1","17000","0","17000","1","1","1","IAT2508191001","NHO2018000007","PAID","","193056"),
("IATT190002231","193055","191002","192010","17000","1","17000","0","17000","1","1","1","IAT2508191001","NHO2018000007","PAID","","193055"),
("IATT190002230","193011","191001","192001","40000","1","40000","14400","25600","1","1","2","IAT2508191001","NHO2018000007","PAID","no sayur\nno negi\nthanks","PEDAS"),
("IATT190002232","193009","191001","192001","40000","1","40000","14400","25600","1","1","1","IAT2508191001","NHO2018000007","PAID","minta sambel pisah","193009"),
("IATT190002232","193021","191001","192002","40000","1","40000","14400","25600","1","1","1","IAT2508191001","NHO2018000007","PAID","minta sambel pisah","ORIGINAL"),
("IATT190002232","193011","191001","192001","40000","1","40000","14400","25600","1","1","1","IAT2508191001","NHO2018000007","PAID","","PEDAS"),
("IATT190002232","193011","191001","192001","40000","1","40000","14400","25600","2","1","1","IAT2508191001","NHO2018000007","PAID","","PEDAS"),
("IATT190002232","193055","191002","192010","17000","1","17000","0","17000","1","1","1","IAT2508191001","NHO2018000007","PAID","","193055"),
("IATT190002232","193055","191002","192010","17000","1","17000","0","17000","2","1","1","IAT2508191001","NHO2018000007","PAID","","193055"),
("IATT190002232","193055","191002","192010","17000","1","17000","0","17000","3","1","1","IAT2508191001","NHO2018000007","PAID","","193055"),
("IATT190002232","193055","191002","192010","17000","1","17000","0","17000","4","1","1","IAT2508191001","NHO2018000007","PAID","","193055"),
("IATT190002233","193082","191001","192001","30000","1","30000","10800","19200","1","1","1","IAT2508191001","NHO2018000007","PAID","jgn ksh daun bawang","193082"),
("IATT190002233","193085","191001","192001","30000","1","30000","10800","19200","1","1","1","IAT2508191001","NHO2018000007","PAID","sambal pisah","193085"),
("IATT190002233","193047","191002","192010","10000","1","10000","0","10000","1","1","1","IAT2508191001","NHO2018000007","PAID","","193047");



INSERT INTO pos_salestemp VALUES("IATT190002209","","5","221000","50760","17024","0","187264","200000","25/08/2019","10:44","2019-08-25","11:53:00","ISU000012","tbl0011","CLOSED","1","","IATR190002151","","","","","IAT2508191001","NHO2018000007"),
("IATT190002210","","6","321000","71640","24936","0","274296","275000","25/08/2019","11:53","2019-08-25","12:26:03","ISU000012","tbl0013","CLOSED","1","","IATR190002152","","","","","IAT2508191001","NHO2018000007"),
("IATT190002211","","1","56000","12960","4304","0","47344","50000","25/08/2019","12:26","2019-08-25","12:27:18","ISU000012","tbl0001","CLOSED","1","","IATR190002153","","","","","IAT2508191001","NHO2018000007"),
("IATT190002212","","2","151000","41040","10996","0","120956","200000","25/08/2019","12:29","2019-08-25","13:09:42","ISU000012","tbl0012","CLOSED","1","","IATR190002154","","","","","IAT2508191001","NHO2018000007"),
("IATT190002213","","2","133000","34560","9844","0","108284","150000","25/08/2019","12:51","2019-08-25","13:35:23","ISU000012","tbl0011","CLOSED","1","","IATR190002155","","","","","IAT2508191001","NHO2018000007"),
("IATT190002214","","2","110000","21600","8840","0","97240","100000","25/08/2019","13:33","2019-08-25","14:22:22","ISU000012","tbl0012","CLOSED","1","","IATR190002156","","","","","IAT2508191001","NHO2018000007"),
("IATT190002215","","2","111000","30960","8004","0","88044","100000","25/08/2019","13:59","2019-08-25","14:59:44","ISU000012","tbl0011","CLOSED","1","","IATR190002159","","","","","IAT2508191001","NHO2018000007"),
("IATT190002216","","2","102000","15480","8652","0","95172","100000","25/08/2019","14:00","2019-08-25","15:30:25","ISU000012","tbl0010","CLOSED","1","","IATR190002162","","","","","IAT2508191001","NHO2018000007"),
("IATT190002217","","3","120000","32400","8760","0","96360","100000","25/08/2019","14:02","2019-08-25","14:31:05","ISU000012","tbl0024","CLOSED","1","","IATR190002157","","","","","IAT2508191001","NHO2018000007"),
("IATT190002218","","4","183000","51480","13152","0","144672","150000","25/08/2019","14:06","2019-08-25","15:09:08","ISU000012","tbl0013","CLOSED","1","","IATR190002160","","","","","IAT2508191001","NHO2018000007"),
("IATT190002219","","3","157000","35640","12136","0","133496","150000","25/08/2019","14:13","2019-08-25","14:53:32","ISU000012","tbl0019","CLOSED","1","","IATR190002158","","","","","IAT2508191001","NHO2018000007"),
("IATT190002220","","2","100000","21600","7840","0","86240","100000","25/08/2019","14:33","2019-08-25","15:51:40","ISU000012","tbl0012","CLOSED","1","","IATR190002166","","","","","IAT2508191001","NHO2018000007"),
("IATT190002221","","2","103000","26280","7672","0","84392","85000","25/08/2019","14:43","2019-08-25","15:12:38","ISU000012","tbl0020","CLOSED","1","","IATR190002161","","","","","IAT2508191001","NHO2018000007"),
("IATT190002222","","2","135000","30600","10440","0","114840","120000","25/08/2019","15:01","2019-08-25","15:37:49","ISU000012","tbl0009","CLOSED","1","","IATR190002163","","","","","IAT2508191001","NHO2018000007"),
("IATT190002223","","4","184000","52920","13108","0","144188","200000","25/08/2019","15:03","2019-08-25","15:49:32","ISU000012","tbl0024","CLOSED","1","","IATR190002165","","","","","IAT2508191001","NHO2018000007"),
("IATT190002224","","3","111000","27000","8400","0","92400","100000","25/08/2019","15:04","2019-08-25","15:42:49","ISU000012","tbl0011","CLOSED","1","","IATR190002164","","","","","IAT2508191001","NHO2018000007"),
("IATT190002225","","2","93000","20520","7248","0","79728","79728","25/08/2019","15:36","2019-08-25","16:07:48","ISU000012","tbl0013","CLOSED","1","","IATR190002167","","","","","IAT2508191001","NHO2018000007"),
("IATT190002226","","2","116000","22680","9332","0","102652","104000","25/08/2019","16:05","2019-08-25","16:48:23","ISU000012","tbl0012","CLOSED","1","","IATR190002168","","","","","IAT2508191001","NHO2018000007"),
("IATT190002227","","2","90000","28800","6120","0","67320","100000","25/08/2019","16:18","2019-08-25","16:56:33","ISU000012","tbl0020","CLOSED","1","","IATR190002169","","","","","IAT2508191001","NHO2018000007"),
("IATT190002228","","2","90000","21600","6840","0","75240","75240","25/08/2019","16:33","2019-08-25","17:10:15","ISU000012","tbl0010","CLOSED","1","","IATR190002170","","","","","IAT2508191001","NHO2018000007"),
("IATT190002229","","1","0","0","0","0","0","0","25/08/2019","17:03","25/08/2019","18:59:34","ISU000012","tbl0009","CANCELED","1","PERMINTAAN CUSTOMER","","","","","","IAT2508191001","NHO2018000007"),
("IATT190002230","","4","223000","63360","15964","0","175604","175604","25/08/2019","18:16","2019-08-25","19:32:19","ISU000012","tbl0012","CLOSED","1","","IATR190002172","","","","","IAT2508191001","NHO2018000007"),
("IATT190002231","","2","94000","21600","7240","0","79640","100000","25/08/2019","18:19","2019-08-25","18:58:56","ISU000012","tbl0010","CLOSED","1","","IATR190002171","","","","","IAT2508191001","NHO2018000007"),
("IATT190002232","","4","228000","57600","17040","0","187440","200000","25/08/2019","19:09","2019-08-25","20:00:10","ISU000012","tbl0011","CLOSED","1","","IATR190002173","","","","","IAT2508191001","NHO2018000007"),
("IATT190002233","","2","70000","21600","4840","0","53240","55000","25/08/2019","19:37","2019-08-25","20:06:02","ISU000012","tbl0010","CLOSED","1","","IATR190002174","","","","","IAT2508191001","NHO2018000007");



INSERT INTO item_void VALUES("IATT190002213","IAT2508191001","NHO2018000007","193056","193056","1","17000","Before Send","Komplen Customer"),
("IATT190002227","IAT2508191001","NHO2018000007","193084","PEDAS","1","30000","Before Send","Komplen Customer");



INSERT INTO pos_promotion_h VALUES("IATT190002209","NPRM18000016","DISC ITEM","1","50760","Diskon 20% + 20% Agustus","IAT2508191001","PAID","NHO2018000007"),
("IATT190002210","NPRM18000016","DISC ITEM","1","71640","Diskon 20% + 20% Agustus","IAT2508191001","PAID","NHO2018000007"),
("IATT190002211","NPRM18000016","DISC ITEM","1","12960","Diskon 20% + 20% Agustus","IAT2508191001","PAID","NHO2018000007"),
("IATT190002212","NPRM18000016","DISC ITEM","1","41040","Diskon 20% + 20% Agustus","IAT2508191001","PAID","NHO2018000007"),
("IATT190002213","NPRM18000016","DISC ITEM","1","34560","Diskon 20% + 20% Agustus","IAT2508191001","PAID","NHO2018000007"),
("IATT190002214","NPRM18000016","DISC ITEM","1","21600","Diskon 20% + 20% Agustus","IAT2508191001","PAID","NHO2018000007"),
("IATT190002217","NPRM18000016","DISC ITEM","1","32400","Diskon 20% + 20% Agustus","IAT2508191001","PAID","NHO2018000007"),
("IATT190002219","NPRM18000016","DISC ITEM","1","35640","Diskon 20% + 20% Agustus","IAT2508191001","PAID","NHO2018000007"),
("IATT190002215","NPRM18000016","DISC ITEM","1","30960","Diskon 20% + 20% Agustus","IAT2508191001","PAID","NHO2018000007"),
("IATT190002218","NPRM18000016","DISC ITEM","1","51480","Diskon 20% + 20% Agustus","IAT2508191001","PAID","NHO2018000007"),
("IATT190002221","NPRM18000016","DISC ITEM","1","26280","Diskon 20% + 20% Agustus","IAT2508191001","PAID","NHO2018000007"),
("IATT190002216","NPRM18000016","DISC ITEM","1","15480","Diskon 20% + 20% Agustus","IAT2508191001","PAID","NHO2018000007"),
("IATT190002222","NPRM18000016","DISC ITEM","1","30600","Diskon 20% + 20% Agustus","IAT2508191001","PAID","NHO2018000007"),
("IATT190002224","NPRM18000016","DISC ITEM","1","27000","Diskon 20% + 20% Agustus","IAT2508191001","PAID","NHO2018000007"),
("IATT190002223","NPRM18000016","DISC ITEM","1","52920","Diskon 20% + 20% Agustus","IAT2508191001","PAID","NHO2018000007"),
("IATT190002220","NPRM18000016","DISC ITEM","1","21600","Diskon 20% + 20% Agustus","IAT2508191001","PAID","NHO2018000007"),
("IATT190002225","NPRM18000016","DISC ITEM","1","20520","Diskon 20% + 20% Agustus","IAT2508191001","PAID","NHO2018000007"),
("IATT190002226","NPRM18000016","DISC ITEM","1","22680","Diskon 20% + 20% Agustus","IAT2508191001","PAID","NHO2018000007"),
("IATT190002227","NPRM18000016","DISC ITEM","1","28800","Diskon 20% + 20% Agustus","IAT2508191001","PAID","NHO2018000007"),
("IATT190002228","NPRM18000016","DISC ITEM","1","21600","Diskon 20% + 20% Agustus","IAT2508191001","PAID","NHO2018000007"),
("IATT190002231","NPRM18000016","DISC ITEM","1","21600","Diskon 20% + 20% Agustus","IAT2508191001","PAID","NHO2018000007"),
("IATT190002230","NPRM18000016","DISC ITEM","1","63360","Diskon 20% + 20% Agustus","IAT2508191001","PAID","NHO2018000007"),
("IATT190002232","NPRM18000016","DISC ITEM","1","57600","Diskon 20% + 20% Agustus","IAT2508191001","PAID","NHO2018000007"),
("IATT190002233","NPRM18000016","DISC ITEM","1","21600","Diskon 20% + 20% Agustus","IAT2508191001","PAID","NHO2018000007");



INSERT INTO pos_promotion_d VALUES("IATT190002209","NPRM18000016","DISC ITEM","1","1","193086","1","11880","IAT2508191001","PAID","NHO2018000007"),
("IATT190002209","NPRM18000016","DISC ITEM","1","1","193082","1","10800","IAT2508191001","PAID","NHO2018000007"),
("IATT190002209","NPRM18000016","DISC ITEM","1","1","193033","1","15120","IAT2508191001","PAID","NHO2018000007"),
("IATT190002209","NPRM18000016","DISC ITEM","1","1","193038","1","12960","IAT2508191001","PAID","NHO2018000007"),
("IATT190002210","NPRM18000016","DISC ITEM","1","1","193077","1","10800","IAT2508191001","PAID","NHO2018000007"),
("IATT190002210","NPRM18000016","DISC ITEM","1","1","193082","1","10800","IAT2508191001","PAID","NHO2018000007"),
("IATT190002210","NPRM18000016","DISC ITEM","1","1","193034","1","13320","IAT2508191001","PAID","NHO2018000007"),
("IATT190002210","NPRM18000016","DISC ITEM","1","1","193084","1","10800","IAT2508191001","PAID","NHO2018000007"),
("IATT190002210","NPRM18000016","DISC ITEM","1","1","193019","1","14400","IAT2508191001","PAID","NHO2018000007"),
("IATT190002210","NPRM18000016","DISC ITEM","1","1","193035","1","11520","IAT2508191001","PAID","NHO2018000007"),
("IATT190002211","NPRM18000016","DISC ITEM","1","1","193038","1","12960","IAT2508191001","PAID","NHO2018000007"),
("IATT190002212","NPRM18000016","DISC ITEM","1","1","193035","1","11520","IAT2508191001","PAID","NHO2018000007"),
("IATT190002212","NPRM18000016","DISC ITEM","1","1","193033","1","15120","IAT2508191001","PAID","NHO2018000007"),
("IATT190002212","NPRM18000016","DISC ITEM","1","1","193021","1","14400","IAT2508191001","PAID","NHO2018000007"),
("IATT190002213","NPRM18000016","DISC ITEM","1","1","193007","1","13320","IAT2508191001","PAID","NHO2018000007"),
("IATT190002213","NPRM18000016","DISC ITEM","1","1","193035","1","11520","IAT2508191001","PAID","NHO2018000007"),
("IATT190002213","NPRM18000016","DISC ITEM","1","1","193030","1","9720","IAT2508191001","PAID","NHO2018000007"),
("IATT190002214","NPRM18000016","DISC ITEM","1","1","193082","1","10800","IAT2508191001","PAID","NHO2018000007"),
("IATT190002214","NPRM18000016","DISC ITEM","1","1","193076","1","10800","IAT2508191001","PAID","NHO2018000007"),
("IATT190002217","NPRM18000016","DISC ITEM","1","1","193030","1","9720","IAT2508191001","PAID","NHO2018000007"),
("IATT190002217","NPRM18000016","DISC ITEM","1","1","193087","1","11880","IAT2508191001","PAID","NHO2018000007"),
("IATT190002217","NPRM18000016","DISC ITEM","1","1","193085","1","10800","IAT2508191001","PAID","NHO2018000007"),
("IATT190002219","NPRM18000016","DISC ITEM","1","1","193034","1","13320","IAT2508191001","PAID","NHO2018000007"),
("IATT190002219","NPRM18000016","DISC ITEM","1","1","193035","1","11520","IAT2508191001","PAID","NHO2018000007"),
("IATT190002219","NPRM18000016","DISC ITEM","1","1","193078","1","10800","IAT2508191001","PAID","NHO2018000007"),
("IATT190002215","NPRM18000016","DISC ITEM","1","1","193028","1","15480","IAT2508191001","PAID","NHO2018000007"),
("IATT190002215","NPRM18000016","DISC ITEM","1","1","193028","2","15480","IAT2508191001","PAID","NHO2018000007"),
("IATT190002218","NPRM18000016","DISC ITEM","1","1","193009","1","14400","IAT2508191001","PAID","NHO2018000007"),
("IATT190002218","NPRM18000016","DISC ITEM","1","1","193082","1","10800","IAT2508191001","PAID","NHO2018000007"),
("IATT190002218","NPRM18000016","DISC ITEM","1","1","193086","1","11880","IAT2508191001","PAID","NHO2018000007"),
("IATT190002218","NPRM18000016","DISC ITEM","1","1","193012","1","14400","IAT2508191001","PAID","NHO2018000007"),
("IATT190002221","NPRM18000016","DISC ITEM","1","1","193084","1","10800","IAT2508191001","PAID","NHO2018000007"),
("IATT190002221","NPRM18000016","DISC ITEM","1","1","193028","1","15480","IAT2508191001","PAID","NHO2018000007"),
("IATT190002216","NPRM18000016","DISC ITEM","1","1","193027","1","15480","IAT2508191001","PAID","NHO2018000007"),
("IATT190002222","NPRM18000016","DISC ITEM","1","1","193027","1","15480","IAT2508191001","PAID","NHO2018000007"),
("IATT190002222","NPRM18000016","DISC ITEM","1","1","193033","1","15120","IAT2508191001","PAID","NHO2018000007"),
("IATT190002224","NPRM18000016","DISC ITEM","1","1","193015","1","11880","IAT2508191001","PAID","NHO2018000007"),
("IATT190002224","NPRM18000016","DISC ITEM","1","1","193033","1","15120","IAT2508191001","PAID","NHO2018000007"),
("IATT190002223","NPRM18000016","DISC ITEM","1","1","193083","1","10800","IAT2508191001","PAID","NHO2018000007"),
("IATT190002223","NPRM18000016","DISC ITEM","1","1","193010","1","14400","IAT2508191001","PAID","NHO2018000007"),
("IATT190002223","NPRM18000016","DISC ITEM","1","1","193011","1","14400","IAT2508191001","PAID","NHO2018000007"),
("IATT190002223","NPRM18000016","DISC ITEM","1","1","193005","1","13320","IAT2508191001","PAID","NHO2018000007"),
("IATT190002220","NPRM18000016","DISC ITEM","1","1","193084","1","10800","IAT2508191001","PAID","NHO2018000007"),
("IATT190002220","NPRM18000016","DISC ITEM","1","1","193023","1","10800","IAT2508191001","PAID","NHO2018000007"),
("IATT190002225","NPRM18000016","DISC ITEM","1","1","193084","1","10800","IAT2508191001","PAID","NHO2018000007"),
("IATT190002225","NPRM18000016","DISC ITEM","1","1","193029","1","9720","IAT2508191001","PAID","NHO2018000007"),
("IATT190002226","NPRM18000016","DISC ITEM","1","1","193080","1","11880","IAT2508191001","PAID","NHO2018000007"),
("IATT190002226","NPRM18000016","DISC ITEM","1","1","193084","1","10800","IAT2508191001","PAID","NHO2018000007"),
("IATT190002227","NPRM18000016","DISC ITEM","1","1","193027","1","15480","IAT2508191001","PAID","NHO2018000007"),
("IATT190002227","NPRM18000016","DISC ITEM","1","1","193007","1","13320","IAT2508191001","PAID","NHO2018000007"),
("IATT190002228","NPRM18000016","DISC ITEM","1","1","193077","1","10800","IAT2508191001","PAID","NHO2018000007"),
("IATT190002228","NPRM18000016","DISC ITEM","1","1","193085","1","10800","IAT2508191001","PAID","NHO2018000007"),
("IATT190002231","NPRM18000016","DISC ITEM","1","1","193082","1","10800","IAT2508191001","PAID","NHO2018000007"),
("IATT190002231","NPRM18000016","DISC ITEM","1","1","193078","1","10800","IAT2508191001","PAID","NHO2018000007"),
("IATT190002230","NPRM18000016","DISC ITEM","1","1","193035","1","11520","IAT2508191001","PAID","NHO2018000007"),
("IATT190002230","NPRM18000016","DISC ITEM","1","1","193005","1","13320","IAT2508191001","PAID","NHO2018000007"),
("IATT190002230","NPRM18000016","DISC ITEM","1","1","193022","1","10800","IAT2508191001","PAID","NHO2018000007"),
("IATT190002230","NPRM18000016","DISC ITEM","1","1","193034","1","13320","IAT2508191001","PAID","NHO2018000007"),
("IATT190002230","NPRM18000016","DISC ITEM","1","1","193011","1","14400","IAT2508191001","PAID","NHO2018000007"),
("IATT190002232","NPRM18000016","DISC ITEM","1","1","193009","1","14400","IAT2508191001","PAID","NHO2018000007"),
("IATT190002232","NPRM18000016","DISC ITEM","1","1","193021","1","14400","IAT2508191001","PAID","NHO2018000007"),
("IATT190002232","NPRM18000016","DISC ITEM","1","1","193011","1","14400","IAT2508191001","PAID","NHO2018000007"),
("IATT190002232","NPRM18000016","DISC ITEM","1","1","193011","2","14400","IAT2508191001","PAID","NHO2018000007"),
("IATT190002233","NPRM18000016","DISC ITEM","1","1","193082","1","10800","IAT2508191001","PAID","NHO2018000007"),
("IATT190002233","NPRM18000016","DISC ITEM","1","1","193085","1","10800","IAT2508191001","PAID","NHO2018000007");



INSERT INTO pos_paymenttemp VALUES("IATT190002209","CASH","CASH","187264","200000","ISU000012","2019-08-25","","1","","CLOSED","IAT2508191001","NHO2018000007"),
("IATT190002210","CASH","CASH","274296","275000","ISU000012","2019-08-25","","1","","CLOSED","IAT2508191001","NHO2018000007"),
("IATT190002211","CASH","CASH","47344","50000","ISU000012","2019-08-25","","1","","CLOSED","IAT2508191001","NHO2018000007"),
("IATT190002212","CASH","CASH","120956","200000","ISU000012","2019-08-25","","1","","CLOSED","IAT2508191001","NHO2018000007"),
("IATT190002213","CASH","CASH","108284","150000","ISU000012","2019-08-25","","1","","CLOSED","IAT2508191001","NHO2018000007"),
("IATT190002214","CASH","CASH","97240","100000","ISU000012","2019-08-25","","1","","CLOSED","IAT2508191001","NHO2018000007"),
("IATT190002217","CASH","CASH","96360","100000","ISU000012","2019-08-25","","1","","CLOSED","IAT2508191001","NHO2018000007"),
("IATT190002219","CASH","CASH","133496","150000","ISU000012","2019-08-25","","1","","CLOSED","IAT2508191001","NHO2018000007"),
("IATT190002215","CASH","CASH","88044","100000","ISU000012","2019-08-25","","1","","CLOSED","IAT2508191001","NHO2018000007"),
("IATT190002218","CASH","CASH","144672","150000","ISU000012","2019-08-25","","1","","CLOSED","IAT2508191001","NHO2018000007"),
("IATT190002221","CASH","CASH","84392","85000","ISU000012","2019-08-25","","1","","CLOSED","IAT2508191001","NHO2018000007"),
("IATT190002216","CASH","CASH","95172","100000","ISU000012","2019-08-25","","1","","CLOSED","IAT2508191001","NHO2018000007"),
("IATT190002222","CASH","CASH","114840","120000","ISU000012","2019-08-25","","1","","CLOSED","IAT2508191001","NHO2018000007"),
("IATT190002224","CASH","CASH","92400","100000","ISU000012","2019-08-25","","1","","CLOSED","IAT2508191001","NHO2018000007"),
("IATT190002223","CASH","CASH","144188","200000","ISU000012","2019-08-25","","1","","CLOSED","IAT2508191001","NHO2018000007"),
("IATT190002220","CASH","CASH","86240","100000","ISU000012","2019-08-25","","1","","CLOSED","IAT2508191001","NHO2018000007"),
("IATT190002225","CARD","DEBIT BCA","79728","79728","ISU000012","2019-08-25","","1","","CLOSED","IAT2508191001","NHO2018000007"),
("IATT190002226","CASH","CASH","102652","104000","ISU000012","2019-08-25","","1","","CLOSED","IAT2508191001","NHO2018000007"),
("IATT190002227","CASH","CASH","67320","100000","ISU000012","2019-08-25","","1","","CLOSED","IAT2508191001","NHO2018000007"),
("IATT190002228","CARD","DEBIT BCA","75240","75240","ISU000012","2019-08-25","","1","","CLOSED","IAT2508191001","NHO2018000007"),
("IATT190002231","CASH","CASH","79640","100000","ISU000012","2019-08-25","","1","","CLOSED","IAT2508191001","NHO2018000007"),
("IATT190002230","CARD","MASTER","175604","175604","ISU000012","2019-08-25","","1","","CLOSED","IAT2508191001","NHO2018000007"),
("IATT190002232","CASH","CASH","187440","200000","ISU000012","2019-08-25","","1","","CLOSED","IAT2508191001","NHO2018000007"),
("IATT190002233","CASH","CASH","53240","55000","ISU000012","2019-08-25","","1","","CLOSED","IAT2508191001","NHO2018000007");



