INSERT INTO pos_itemtemp VALUES("IATT200005506","193022","191001","192003","30000","1","30000","0","30000","1","1","1","IAT2402200931","NHO2018000007","PAID","","193022"),
("IATT200005506","193024","191001","192003","30000","1","30000","0","30000","1","1","1","IAT2402200931","NHO2018000007","PAID","","193024"),
("IATT200005506","193047","191002","192010","10000","1","10000","0","10000","1","1","1","IAT2402200931","NHO2018000007","PAID","","193047"),
("IATT200005506","193046","191002","192010","10000","1","10000","0","10000","1","1","1","IAT2402200931","NHO2018000007","PAID","","193046"),
("IATT200005507","193113","191001","192003","55000","1","55000","0","55000","1","1","1","IAT2402200931","NHO2018000007","PAID","","193113"),
("IATT200005507","193022","191001","192003","30000","1","30000","0","30000","1","1","1","IAT2402200931","NHO2018000007","PAID","","193022"),
("IATT200005507","193046","191002","192010","10000","1","10000","0","10000","1","1","1","IAT2402200931","NHO2018000007","PAID","","193046"),
("IATT200005508","193036","191001","192006","36000","1","36000","0","36000","1","1","1","IAT2402200931","NHO2018000007","PAID","","PEDAS"),
("IATT200005508","193047","191002","192010","10000","1","10000","0","10000","1","1","1","IAT2402200931","NHO2018000007","PAID","","193047"),
("IATT200005509","193015","191001","192002","33000","1","33000","0","33000","1","1","1","IAT2402200931","NHO2018000007","PAID","take way","ORIGINAL"),
("IATT200005508","193078","191001","192001","30000","1","30000","0","30000","1","1","2","IAT2402200931","NHO2018000007","PAID","","PEDAS"),
("IATT200005510","193054","191002","192010","20000","1","20000","0","20000","1","1","1","IAT2402200931","NHO2018000007","PAID","","193054"),
("IATT200005510","193054","191002","192010","20000","1","20000","0","20000","2","1","1","IAT2402200931","NHO2018000007","PAID","","193054"),
("IATT200005510","193028","191001","192003","43000","1","43000","0","43000","1","1","1","IAT2402200931","NHO2018000007","PAID","","193028"),
("IATT200005511","193019","191001","192002","40000","1","40000","0","40000","1","1","1","IAT2402200931","NHO2018000007","PAID","","PEDAS"),
("IATT200005512","193024","191001","192003","30000","1","30000","0","30000","1","1","1","IAT2402200931","NHO2018000007","PAID","","193024"),
("IATT200005512","193047","191002","192010","10000","1","10000","0","10000","1","1","1","IAT2402200931","NHO2018000007","PAID","","193047"),
("IATT200005513","193078","191001","192001","30000","1","30000","0","30000","1","1","1","IAT2402200931","NHO2018000007","PAID","","PEDAS"),
("IATT200005513","193235","191001","192011","0","1","0","0","0","1","1","1","IAT2402200931","NHO2018000007","PAID","","193235"),
("IATT200005513","193056","191002","192010","17000","1","17000","0","17000","1","1","1","IAT2402200931","NHO2018000007","PAID","","193056"),
("IATT200005513","193055","191002","192010","17000","1","17000","0","17000","1","1","1","IAT2402200931","NHO2018000007","PAID","","193055"),
("IATT200005514","193082","191001","192001","30000","1","30000","0","30000","1","1","1","IAT2402200931","NHO2018000007","PAID","","193082"),
("IATT200005514","193234","191001","192011","0","1","0","0","0","1","1","1","IAT2402200931","NHO2018000007","PAID","","193234"),
("IATT200005514","193051","191002","192010","20000","1","20000","0","20000","1","1","1","IAT2402200931","NHO2018000007","PAID","","193051"),
("IATT200005515","193112","191001","192003","50000","1","50000","0","50000","1","1","1","IAT2402200931","NHO2018000007","PAID","","193112"),
("IATT200005515","193076","191001","192001","30000","1","30000","0","30000","1","1","1","IAT2402200931","NHO2018000007","PAID","","193076"),
("IATT200005515","193054","191002","192010","20000","1","20000","0","20000","1","1","1","IAT2402200931","NHO2018000007","PAID","","193054"),
("IATT200005515","193050","191002","192010","20000","1","20000","0","20000","1","1","1","IAT2402200931","NHO2018000007","PAID","","193050"),
("IATT200005516","193082","191001","192001","30000","1","30000","0","30000","1","1","1","IAT2402200931","NHO2018000007","PAID","","193082"),
("IATT200005516","193235","191001","192011","0","1","0","0","0","1","1","1","IAT2402200931","NHO2018000007","PAID","","193235"),
("IATT200005516","193047","191002","192010","10000","1","10000","0","10000","1","1","1","IAT2402200931","NHO2018000007","PAID","","193047"),
("IATT200005516","193047","191002","192010","10000","1","10000","0","10000","2","1","1","IAT2402200931","NHO2018000007","PAID","","193047"),
("IATT200005515","193236","191001","192011","0","1","0","0","0","1","1","2","IAT2402200931","NHO2018000007","PAID","","193236");



INSERT INTO pos_salestemp VALUES("IATT200005506","","2","80000","0","8000","0","88000","88000","24/02/2020","12:15","2020-02-24","12:44:20","ISU000006","tbl0012","CLOSED","1","","IATR200005359","","","","","IAT2402200931","NHO2018000007"),
("IATT200005507","","2","95000","0","9500","0","104500","105000","24/02/2020","13:09","2020-02-24","13:37:59","ISU000006","tbl0010","CLOSED","1","","IATR200005361","","","","","IAT2402200931","NHO2018000007"),
("IATT200005508","","1","76000","0","7600","0","83600","83600","24/02/2020","13:13","2020-02-24","13:55:54","ISU000006","tbl0012","CLOSED","1","","IATR200005362","","","","","IAT2402200931","NHO2018000007"),
("IATT200005509","","1","33000","0","3300","0","36300","36300","24/02/2020","13:26","2020-02-24","13:27:30","ISU000006","tbl0020","CLOSED","1","","IATR200005360","","","","","IAT2402200931","NHO2018000007"),
("IATT200005510","","2","83000","0","8300","0","91300","100000","24/02/2020","14:20","2020-02-24","14:57:46","ISU000006","tbl0010","CLOSED","1","","IATR200005363","","","","","IAT2402200931","NHO2018000007"),
("IATT200005511","","1","40000","0","4000","0","44000","50000","24/02/2020","14:44","2020-02-24","15:16:26","ISU000004","tbl0007","CLOSED","1","","IATR200005364","","","","","IAT2402200931","NHO2018000007"),
("IATT200005512","","1","40000","0","4000","0","44000","44000","24/02/2020","15:01","2020-02-24","15:30:05","ISU000006","tbl0010","CLOSED","1","","IATR200005365","","","","","IAT2402200931","NHO2018000007"),
("IATT200005513","","2","64000","0","6400","0","70400","70400","24/02/2020","15:51","2020-02-24","16:48:04","ISU000006","tbl0012","CLOSED","1","","IATR200005366","","","","","IAT2402200931","NHO2018000007"),
("IATT200005514","","1","50000","0","5000","0","55000","55000","24/02/2020","17:18","2020-02-24","18:03:46","ISU000004","tbl0011","CLOSED","1","","IATR200005367","","","","","IAT2402200931","NHO2018000007"),
("IATT200005515","","2","120000","0","12000","0","132000","132000","24/02/2020","18:43","2020-02-24","20:10:32","ISU000004","tbl0010","CLOSED","1","","IATR200005369","","","","","IAT2402200931","NHO2018000007"),
("IATT200005516","","2","50000","0","5000","0","55000","55000","24/02/2020","19:14","2020-02-24","19:45:35","ISU000004","tbl0012","CLOSED","1","","IATR200005368","","","","","IAT2402200931","NHO2018000007");












INSERT INTO pos_paymenttemp VALUES("IATT200005506","CASH","OVO","88000","88000","ISU000006","2020-02-24","","1","","CLOSED","IAT2402200931","NHO2018000007"),
("IATT200005509","CASH","SHOPPEEPAY","36300","36300","ISU000006","2020-02-24","","1","","CLOSED","IAT2402200931","NHO2018000007"),
("IATT200005507","CASH","CASH","104500","105000","ISU000006","2020-02-24","","1","","CLOSED","IAT2402200931","NHO2018000007"),
("IATT200005508","CARD","DEBIT BCA","83600","83600","ISU000006","2020-02-24","","1","","CLOSED","IAT2402200931","NHO2018000007"),
("IATT200005510","CASH","CASH","91300","100000","ISU000006","2020-02-24","","1","","CLOSED","IAT2402200931","NHO2018000007"),
("IATT200005511","CASH","CASH","44000","50000","ISU000004","2020-02-24","","1","","CLOSED","IAT2402200931","NHO2018000007"),
("IATT200005512","CARD","DEBIT BCA","44000","44000","ISU000006","2020-02-24","","1","","CLOSED","IAT2402200931","NHO2018000007"),
("IATT200005513","CARD","DEBIT BCA","70400","70400","ISU000006","2020-02-24","","1","","CLOSED","IAT2402200931","NHO2018000007"),
("IATT200005514","CASH","CASH","55000","55000","ISU000004","2020-02-24","","1","","CLOSED","IAT2402200931","NHO2018000007"),
("IATT200005516","CARD","DEBIT BCA","55000","55000","ISU000004","2020-02-24","","1","","CLOSED","IAT2402200931","NHO2018000007"),
("IATT200005515","CARD","VISA","132000","132000","ISU000004","2020-02-24","","1","","CLOSED","IAT2402200931","NHO2018000007");



