INSERT INTO pos_itemtemp VALUES("IATT190003350","193036","191001","192006","36000","1","36000","18000","18000","1","1","1","IAT2110190937","NHO2018000007","PAID","","PEDAS"),
("IATT190003350","193051","191002","192010","20000","1","20000","0","20000","1","1","1","IAT2110190937","NHO2018000007","PAID","","193051"),
("IATT190003351","193082","191001","192001","30000","1","30000","15000","15000","1","1","1","IAT2110190937","NHO2018000007","PAID","","193082"),
("IATT190003351","193047","191002","192010","10000","1","10000","0","10000","1","1","1","IAT2110190937","NHO2018000007","PAID","","193047"),
("IATT190003352","193029","191001","192004","27000","1","27000","13500","13500","1","1","1","IAT2110190937","NHO2018000007","PAID","","193029"),
("IATT190003352","193015","191001","192002","33000","1","33000","16500","16500","1","1","1","IAT2110190937","NHO2018000007","PAID","","PEDAS"),
("IATT190003351","193015","191001","192002","33000","1","33000","16500","16500","1","1","2","IAT2110190937","NHO2018000007","PAID","","ORIGINAL"),
("IATT190003353","193010","191001","192001","40000","1","40000","20000","20000","1","1","1","IAT2110190937","NHO2018000007","PAID","","193010"),
("IATT190003353","193036","191001","192006","36000","1","36000","18000","18000","1","1","1","IAT2110190937","NHO2018000007","PAID","PEDES 2 SEDENG 1","PEDAS"),
("IATT190003353","193036","191001","192006","36000","1","36000","18000","18000","2","1","1","IAT2110190937","NHO2018000007","PAID","","PEDAS"),
("IATT190003353","193036","191001","192006","36000","1","36000","18000","18000","3","1","1","IAT2110190937","NHO2018000007","PAID","","PEDAS"),
("IATT190003353","193046","191002","192010","10000","1","10000","0","10000","1","1","1","IAT2110190937","NHO2018000007","PAID","","193046"),
("IATT190003353","193055","191002","192010","17000","1","17000","0","17000","1","1","1","IAT2110190937","NHO2018000007","PAID","","193055"),
("IATT190003354","193033","191001","192005","42000","1","42000","21000","21000","1","1","1","IAT2110190937","NHO2018000007","PAID","","193033"),
("IATT190003354","193030","191001","192004","27000","1","27000","13500","13500","1","1","1","IAT2110190937","NHO2018000007","PAID","","193030"),
("IATT190003354","193029","191001","192004","27000","1","27000","13500","13500","1","1","1","IAT2110190937","NHO2018000007","PAID","","193029"),
("IATT190003354","193048","191002","192010","8000","1","8000","0","8000","1","1","1","IAT2110190937","NHO2018000007","PAID","","193048"),
("IATT190003354","193048","191002","192010","8000","1","8000","0","8000","2","1","1","IAT2110190937","NHO2018000007","PAID","","193048"),
("IATT190003354","193055","191002","192010","17000","1","17000","0","17000","1","1","1","IAT2110190937","NHO2018000007","PAID","","193055"),
("IATT190003355","193033","191001","192005","42000","1","42000","21000","21000","1","1","1","IAT2110190937","NHO2018000007","PAID","","193033"),
("IATT190003355","193030","191001","192004","27000","1","27000","13500","13500","1","1","1","IAT2110190937","NHO2018000007","PAID","","193030"),
("IATT190003355","193047","191002","192010","10000","1","10000","0","10000","1","1","1","IAT2110190937","NHO2018000007","PAID","","193047"),
("IATT190003355","193046","191002","192010","10000","1","10000","0","10000","1","1","1","IAT2110190937","NHO2018000007","PAID","","193046"),
("IATT190003356","193036","191001","192006","36000","1","36000","18000","18000","1","1","1","IAT2110190937","NHO2018000007","PAID","","PEDAS"),
("IATT190003356","193036","191001","192006","36000","1","36000","18000","18000","2","1","1","IAT2110190937","NHO2018000007","PAID","","PEDAS"),
("IATT190003357","193086","191001","192002","33000","1","33000","17325","15675","1","1","1","IAT2110190937","NHO2018000007","PAID","","ORIGINAL"),
("IATT190003357","193049","191002","192010","10000","1","10000","500","9500","1","1","1","IAT2110190937","NHO2018000007","PAID","","193049"),
("IATT190003358","193011","191001","192001","40000","1","40000","20000","20000","1","1","1","IAT2110190937","NHO2018000007","PAID","LVL3\n","PEDAS"),
("IATT190003358","193011","191001","192001","40000","1","40000","20000","20000","2","1","1","IAT2110190937","NHO2018000007","PAID","","PEDAS"),
("IATT190003358","193011","191001","192001","40000","1","40000","20000","20000","3","1","1","IAT2110190937","NHO2018000007","PAID","","PEDAS"),
("IATT190003358","193019","191001","192002","40000","1","40000","20000","20000","1","1","1","IAT2110190937","NHO2018000007","PAID","LVL3\n","PEDAS"),
("IATT190003358","193030","191001","192004","27000","1","27000","13500","13500","1","1","1","IAT2110190937","NHO2018000007","PAID","","193030"),
("IATT190003358","193052","191002","192010","20000","1","20000","0","20000","1","1","1","IAT2110190937","NHO2018000007","PAID","","193052"),
("IATT190003358","193052","191002","192010","20000","1","20000","0","20000","2","1","1","IAT2110190937","NHO2018000007","PAID","","193052"),
("IATT190003358","193051","191002","192010","20000","1","20000","0","20000","1","1","1","IAT2110190937","NHO2018000007","PAID","","193051"),
("IATT190003358","193055","191002","192010","17000","1","17000","0","17000","1","1","1","IAT2110190937","NHO2018000007","PAID","","193055"),
("IATT190003358","193048","191002","192010","8000","1","8000","0","8000","1","1","1","IAT2110190937","NHO2018000007","PAID","","193048"),
("IATT190003359","193078","191001","192001","30000","1","30000","15000","15000","1","1","1","IAT2110190937","NHO2018000007","PAID","","PEDAS"),
("IATT190003359","193030","191001","192004","27000","1","27000","13500","13500","1","1","1","IAT2110190937","NHO2018000007","PAID","","193030"),
("IATT190003359","193056","191002","192010","17000","1","17000","0","17000","1","1","1","IAT2110190937","NHO2018000007","PAID","","193056"),
("IATT190003359","193052","191002","192010","20000","1","20000","0","20000","1","1","1","IAT2110190937","NHO2018000007","PAID","","193052"),
("IATT190003360","193154","191001","192015","35454","1","35454","0","35454","1","1","1","IAT2110190937","NHO2018000007","PAID","","193154"),
("IATT190003359","193048","191002","192010","8000","1","8000","0","8000","1","1","2","IAT2110190937","NHO2018000007","PAID","","193048"),
("IATT190003357","193085","191001","192001","30000","1","30000","15750","14250","1","1","2","IAT2110190937","NHO2018000007","PAID","TAKE AWAY","193085"),
("IATT190003357","193012","191001","192001","40000","1","40000","21000","19000","1","1","2","IAT2110190937","NHO2018000007","PAID","TAKE AWAY","193012"),
("IATT190003361","193056","191002","192010","17000","1","17000","0","17000","1","1","1","IAT2110190937","NHO2018000007","PAID","","193056"),
("IATT190003361","193012","191001","192001","40000","1","40000","20000","20000","1","1","1","IAT2110190937","NHO2018000007","PAID","","193012"),
("IATT190003362","193076","191001","192001","30000","1","30000","15750","14250","1","1","1","IAT2110190937","NHO2018000007","PAID","","193076"),
("IATT190003362","193078","191001","192001","30000","1","30000","15750","14250","1","1","1","IAT2110190937","NHO2018000007","PAID","","PEDAS"),
("IATT190003362","193034","191001","192005","37000","1","37000","19425","17575","1","1","1","IAT2110190937","NHO2018000007","PAID","","193034"),
("IATT190003362","193046","191002","192010","10000","1","10000","500","9500","1","1","1","IAT2110190937","NHO2018000007","PAID","","193046"),
("IATT190003363","193083","191001","192001","30000","1","30000","0","30000","1","1","1","IAT2110190937","NHO2018000007","PAID","","193083"),
("IATT190003363","193083","191001","192001","30000","1","30000","0","30000","2","1","1","IAT2110190937","NHO2018000007","PAID","","193083"),
("IATT190003363","193052","191002","192010","20000","1","20000","0","20000","1","1","1","IAT2110190937","NHO2018000007","PAID","","193052"),
("IATT190003363","193011","191001","192001","40000","1","40000","0","40000","1","1","2","IAT2110190937","NHO2018000007","PAID","LVL2","PEDAS"),
("IATT190003363","193053","191002","192010","20000","1","20000","0","20000","1","1","2","IAT2110190937","NHO2018000007","PAID","","193053"),
("IATT190003364","193033","191001","192005","42000","1","42000","22050","19950","1","1","1","IAT2110190937","NHO2018000007","PAID","","193033"),
("IATT190003364","193033","191001","192005","42000","1","42000","22050","19950","2","1","1","IAT2110190937","NHO2018000007","PAID","","193033"),
("IATT190003364","193053","191002","192010","20000","1","20000","1000","19000","1","1","1","IAT2110190937","NHO2018000007","PAID","","193053"),
("IATT190003364","193052","191002","192010","20000","1","20000","1000","19000","1","1","1","IAT2110190937","NHO2018000007","PAID","","193052");



INSERT INTO pos_salestemp VALUES("IATT190003350","","1","56000","18000","3800","0","41800","100000","21/10/2019","12:04","2019-10-21","12:27:38","ISU000006","tbl0008","CLOSED","1","","IATR190003253","","","","","IAT2110190937","NHO2018000007"),
("IATT190003351","","1","73000","31500","4150","0","45650","50000","21/10/2019","12:06","2019-10-21","12:38:07","ISU000006","tbl0013","CLOSED","1","","IATR190003254","","","","","IAT2110190937","NHO2018000007"),
("IATT190003352","","1","60000","30000","3000","0","33000","35000","21/10/2019","12:13","2019-10-21","12:43:32","ISU000006","tbl0012","CLOSED","1","","IATR190003255","","","","","IAT2110190937","NHO2018000007"),
("IATT190003353","","1","175000","74000","10100","0","111100","120000","21/10/2019","12:31","2019-10-21","13:08:54","ISU000006","tbl0011","CLOSED","1","","IATR190003256","","","","","IAT2110190937","NHO2018000007"),
("IATT190003354","","3","129000","48000","8100","0","89100","100000","21/10/2019","13:33","2019-10-21","15:41:45","ISU000006","tbl0010","CLOSED","1","","IATR190003258","","","","","IAT2110190937","NHO2018000007"),
("IATT190003355","","2","89000","34500","5450","0","59950","59950","21/10/2019","13:52","2019-10-21","14:44:40","ISU000006","tbl0012","CLOSED","1","","IATR190003257","","","","","IAT2110190937","NHO2018000007"),
("IATT190003356","","2","72000","36000","3600","0","39600","39600","21/10/2019","14:11","2019-10-21","16:05:37","ISU000006","tbl0050","CLOSED","1","","IATR190003259","","","","","IAT2110190937","NHO2018000007"),
("IATT190003357","","1","113000","54575","5843","0","64268","70000","21/10/2019","14:58","2019-10-21","17:43:36","ISU000004","tbl0012","CLOSED","1","","IATR190003262","","","","","IAT2110190937","NHO2018000007"),
("IATT190003358","","4","272000","93500","17850","0","196350","196350","21/10/2019","15:48","2019-10-21","16:35:15","ISU000006","tbl0011","CLOSED","1","","IATR190003260","","","","","IAT2110190937","NHO2018000007"),
("IATT190003359","","2","102000","28500","7350","0","80850","80850","21/10/2019","17:15","2019-10-21","17:39:10","ISU000004","tbl0010","CLOSED","1","","IATR190003261","","","","","IAT2110190937","NHO2018000007"),
("IATT190003360","","1","35454","0","3546","0","39000","39000","21/10/2019","17:34","2019-10-21","17:44:28","ISU000004","takeaway","CLOSED","1","GO FOOD / GO BIZ","IATR190003263","","","","","IAT2110190937","NHO2018000007"),
("IATT190003361","","1","57000","20000","3700","0","40700","50000","21/10/2019","18:38","2019-10-21","19:13:09","ISU000004","tbl0012","CLOSED","1","","IATR190003264","","","","","IAT2110190937","NHO2018000007"),
("IATT190003362","NHM2019003078 Ferlinaida777@gmail.com ","2","107000","51425","5558","0","61133","61133","21/10/2019","18:40","2019-10-21","19:33:34","ISU000004","tbl0010","CLOSED","1","","IATR190003265","","","","","IAT2110190937","NHO2018000007"),
("IATT190003363","","2","140000","0","14000","0","154000","154000","21/10/2019","20:03","2019-10-21","20:50:56","ISU000004","tbl0010","CLOSED","1","","IATR190003266","","","","","IAT2110190937","NHO2018000007"),
("IATT190003364","NHM2019003079 Awaludi  ","2","124000","46100","7790","0","85690","85690","21/10/2019","20:40","2019-10-21","21:14:39","ISU000004","tbl0012","CLOSED","1","","IATR190003267","","","","","IAT2110190937","NHO2018000007");



INSERT INTO item_void VALUES("IATT190003356","IAT2110190937","NHO2018000007","193083","193083","1","30000","Before Send","Komplen Customer"),
("IATT190003360","IAT2110190937","NHO2018000007","193022","193022","1","30000","Before Send","Komplen Customer");



INSERT INTO pos_promotion_h VALUES("IATT190003350","NPRM18000017","DISC ITEM","1","18000","TUNJUKKAN JEMPOLMU","IAT2110190937","PAID","NHO2018000007"),
("IATT190003351","NPRM18000017","DISC ITEM","1","31500","TUNJUKKAN JEMPOLMU","IAT2110190937","PAID","NHO2018000007"),
("IATT190003352","NPRM18000017","DISC ITEM","1","30000","TUNJUKKAN JEMPOLMU","IAT2110190937","PAID","NHO2018000007"),
("IATT190003353","NPRM18000017","DISC ITEM","1","74000","TUNJUKKAN JEMPOLMU","IAT2110190937","PAID","NHO2018000007"),
("IATT190003355","NPRM18000017","DISC ITEM","1","34500","TUNJUKKAN JEMPOLMU","IAT2110190937","PAID","NHO2018000007"),
("IATT190003354","NPRM18000017","DISC ITEM","1","48000","TUNJUKKAN JEMPOLMU","IAT2110190937","PAID","NHO2018000007"),
("IATT190003356","NPRM18000017","DISC ITEM","1","36000","TUNJUKKAN JEMPOLMU","IAT2110190937","PAID","NHO2018000007"),
("IATT190003358","NPRM18000017","DISC ITEM","1","93500","TUNJUKKAN JEMPOLMU","IAT2110190937","PAID","NHO2018000007"),
("IATT190003359","NPRM18000017","DISC ITEM","1","28500","TUNJUKKAN JEMPOLMU","IAT2110190937","PAID","NHO2018000007"),
("IATT190003357","NPRM18000017","DISC ITEM","1","51500","TUNJUKKAN JEMPOLMU","IAT2110190937","PAID","NHO2018000007"),
("IATT190003357","NPRM18000018","DISC ALL","1","3075","CRM DISC 5%","IAT2110190937","PAID","NHO2018000007"),
("IATT190003361","NPRM18000017","DISC ITEM","1","20000","TUNJUKKAN JEMPOLMU","IAT2110190937","PAID","NHO2018000007"),
("IATT190003362","NPRM18000017","DISC ITEM","1","48500","TUNJUKKAN JEMPOLMU","IAT2110190937","PAID","NHO2018000007"),
("IATT190003362","NPRM18000018","DISC ALL","1","2925","CRM DISC 5%","IAT2110190937","PAID","NHO2018000007"),
("IATT190003364","NPRM18000017","DISC ITEM","1","42000","TUNJUKKAN JEMPOLMU","IAT2110190937","PAID","NHO2018000007"),
("IATT190003364","NPRM18000018","DISC ALL","1","4100","CRM DISC 5%","IAT2110190937","PAID","NHO2018000007");



INSERT INTO pos_promotion_d VALUES("IATT190003350","NPRM18000017","DISC ITEM","1","1","193036","1","18000","IAT2110190937","PAID","NHO2018000007"),
("IATT190003351","NPRM18000017","DISC ITEM","1","1","193082","1","15000","IAT2110190937","PAID","NHO2018000007"),
("IATT190003351","NPRM18000017","DISC ITEM","1","1","193015","1","16500","IAT2110190937","PAID","NHO2018000007"),
("IATT190003352","NPRM18000017","DISC ITEM","1","1","193029","1","13500","IAT2110190937","PAID","NHO2018000007"),
("IATT190003352","NPRM18000017","DISC ITEM","1","1","193015","1","16500","IAT2110190937","PAID","NHO2018000007"),
("IATT190003353","NPRM18000017","DISC ITEM","1","1","193010","1","20000","IAT2110190937","PAID","NHO2018000007"),
("IATT190003353","NPRM18000017","DISC ITEM","1","1","193036","1","18000","IAT2110190937","PAID","NHO2018000007"),
("IATT190003353","NPRM18000017","DISC ITEM","1","1","193036","2","18000","IAT2110190937","PAID","NHO2018000007"),
("IATT190003353","NPRM18000017","DISC ITEM","1","1","193036","3","18000","IAT2110190937","PAID","NHO2018000007"),
("IATT190003355","NPRM18000017","DISC ITEM","1","1","193033","1","21000","IAT2110190937","PAID","NHO2018000007"),
("IATT190003355","NPRM18000017","DISC ITEM","1","1","193030","1","13500","IAT2110190937","PAID","NHO2018000007"),
("IATT190003354","NPRM18000017","DISC ITEM","1","1","193033","1","21000","IAT2110190937","PAID","NHO2018000007"),
("IATT190003354","NPRM18000017","DISC ITEM","1","1","193030","1","13500","IAT2110190937","PAID","NHO2018000007"),
("IATT190003354","NPRM18000017","DISC ITEM","1","1","193029","1","13500","IAT2110190937","PAID","NHO2018000007"),
("IATT190003356","NPRM18000017","DISC ITEM","1","1","193036","1","18000","IAT2110190937","PAID","NHO2018000007"),
("IATT190003356","NPRM18000017","DISC ITEM","1","1","193036","2","18000","IAT2110190937","PAID","NHO2018000007"),
("IATT190003358","NPRM18000017","DISC ITEM","1","1","193011","1","20000","IAT2110190937","PAID","NHO2018000007"),
("IATT190003358","NPRM18000017","DISC ITEM","1","1","193011","2","20000","IAT2110190937","PAID","NHO2018000007"),
("IATT190003358","NPRM18000017","DISC ITEM","1","1","193011","3","20000","IAT2110190937","PAID","NHO2018000007"),
("IATT190003358","NPRM18000017","DISC ITEM","1","1","193019","1","20000","IAT2110190937","PAID","NHO2018000007"),
("IATT190003358","NPRM18000017","DISC ITEM","1","1","193030","1","13500","IAT2110190937","PAID","NHO2018000007"),
("IATT190003359","NPRM18000017","DISC ITEM","1","1","193078","1","15000","IAT2110190937","PAID","NHO2018000007"),
("IATT190003359","NPRM18000017","DISC ITEM","1","1","193030","1","13500","IAT2110190937","PAID","NHO2018000007"),
("IATT190003357","NPRM18000017","DISC ITEM","1","1","193086","1","16500","IAT2110190937","PAID","NHO2018000007"),
("IATT190003357","NPRM18000017","DISC ITEM","1","1","193085","1","15000","IAT2110190937","PAID","NHO2018000007"),
("IATT190003357","NPRM18000017","DISC ITEM","1","1","193012","1","20000","IAT2110190937","PAID","NHO2018000007"),
("IATT190003357","NPRM18000018","DISC ALL","1","1","193086","1","825","IAT2110190937","PAID","NHO2018000007"),
("IATT190003357","NPRM18000018","DISC ALL","1","1","193049","1","500","IAT2110190937","PAID","NHO2018000007"),
("IATT190003357","NPRM18000018","DISC ALL","1","1","193085","1","750","IAT2110190937","PAID","NHO2018000007"),
("IATT190003357","NPRM18000018","DISC ALL","1","1","193012","1","1000","IAT2110190937","PAID","NHO2018000007"),
("IATT190003361","NPRM18000017","DISC ITEM","1","1","193012","1","20000","IAT2110190937","PAID","NHO2018000007"),
("IATT190003362","NPRM18000017","DISC ITEM","1","1","193076","1","15000","IAT2110190937","PAID","NHO2018000007"),
("IATT190003362","NPRM18000017","DISC ITEM","1","1","193078","1","15000","IAT2110190937","PAID","NHO2018000007"),
("IATT190003362","NPRM18000017","DISC ITEM","1","1","193034","1","18500","IAT2110190937","PAID","NHO2018000007"),
("IATT190003362","NPRM18000018","DISC ALL","1","1","193076","1","750","IAT2110190937","PAID","NHO2018000007"),
("IATT190003362","NPRM18000018","DISC ALL","1","1","193078","1","750","IAT2110190937","PAID","NHO2018000007"),
("IATT190003362","NPRM18000018","DISC ALL","1","1","193034","1","925","IAT2110190937","PAID","NHO2018000007"),
("IATT190003362","NPRM18000018","DISC ALL","1","1","193046","1","500","IAT2110190937","PAID","NHO2018000007"),
("IATT190003364","NPRM18000017","DISC ITEM","1","1","193033","1","21000","IAT2110190937","PAID","NHO2018000007"),
("IATT190003364","NPRM18000017","DISC ITEM","1","1","193033","2","21000","IAT2110190937","PAID","NHO2018000007"),
("IATT190003364","NPRM18000018","DISC ALL","1","1","193033","1","1050","IAT2110190937","PAID","NHO2018000007"),
("IATT190003364","NPRM18000018","DISC ALL","1","1","193033","2","1050","IAT2110190937","PAID","NHO2018000007"),
("IATT190003364","NPRM18000018","DISC ALL","1","1","193053","1","1000","IAT2110190937","PAID","NHO2018000007"),
("IATT190003364","NPRM18000018","DISC ALL","1","1","193052","1","1000","IAT2110190937","PAID","NHO2018000007");



INSERT INTO pos_paymenttemp VALUES("IATT190003350","CASH","CASH","41800","100000","ISU000006","2019-10-21","","1","","CLOSED","IAT2110190937","NHO2018000007"),
("IATT190003351","CASH","CASH","45650","50000","ISU000006","2019-10-21","","1","","CLOSED","IAT2110190937","NHO2018000007"),
("IATT190003352","CASH","CASH","33000","35000","ISU000006","2019-10-21","","1","","CLOSED","IAT2110190937","NHO2018000007"),
("IATT190003353","CASH","CASH","111100","120000","ISU000006","2019-10-21","","1","","CLOSED","IAT2110190937","NHO2018000007"),
("IATT190003355","CARD","DEBIT BCA","59950","59950","ISU000006","2019-10-21","","1","","CLOSED","IAT2110190937","NHO2018000007"),
("IATT190003354","CASH","CASH","89100","100000","ISU000006","2019-10-21","","1","","CLOSED","IAT2110190937","NHO2018000007"),
("IATT190003356","CARD","DEBIT BCA","39600","39600","ISU000006","2019-10-21","","1","","CLOSED","IAT2110190937","NHO2018000007"),
("IATT190003358","CARD","VISA","196350","196350","ISU000006","2019-10-21","","1","","CLOSED","IAT2110190937","NHO2018000007"),
("IATT190003359","CARD","DEBIT BCA","80850","80850","ISU000004","2019-10-21","","1","","CLOSED","IAT2110190937","NHO2018000007"),
("IATT190003357","CASH","CASH","64268","70000","ISU000004","2019-10-21","","1","","CLOSED","IAT2110190937","NHO2018000007"),
("IATT190003360","CASH","GOPAY","39000","39000","ISU000004","2019-10-21","","1","","CLOSED","IAT2110190937","NHO2018000007"),
("IATT190003361","CASH","CASH","40700","50000","ISU000004","2019-10-21","","1","","CLOSED","IAT2110190937","NHO2018000007"),
("IATT190003362","CARD","DEBIT BCA","61133","61133","ISU000004","2019-10-21","","1","","CLOSED","IAT2110190937","NHO2018000007"),
("IATT190003363","CASH","OVO","154000","154000","ISU000004","2019-10-21","","1","","CLOSED","IAT2110190937","NHO2018000007"),
("IATT190003364","CARD","VISA","85690","85690","ISU000004","2019-10-21","","1","","CLOSED","IAT2110190937","NHO2018000007");



