INSERT INTO pos_itemtemp VALUES("IATT190004437","193077","191001","192001","30000","1","30000","15000","15000","1","1","1","IAT2212190956","NHO2018000007","PAID","","193077"),
("IATT190004437","193077","191001","192001","30000","1","30000","15000","15000","2","1","1","IAT2212190956","NHO2018000007","PAID","","193077"),
("IATT190004437","193020","191001","192002","40000","1","40000","20000","20000","1","1","1","IAT2212190956","NHO2018000007","PAID","","193020"),
("IATT190004438","193011","191001","192001","40000","1","40000","0","40000","1","1","1","IAT2212190956","NHO2018000007","PAID","","PEDAS"),
("IATT190004438","193048","191002","192010","8000","1","8000","0","8000","1","1","1","IAT2212190956","NHO2018000007","PAID","","193048"),
("IATT190004439","193035","191001","192006","32000","1","32000","16000","16000","1","1","1","IAT2212190956","NHO2018000007","PAID","","PEDAS"),
("IATT190004439","193032","191001","192004","30000","1","30000","15000","15000","1","1","1","IAT2212190956","NHO2018000007","PAID","","193032"),
("IATT190004439","193007","191001","192001","37000","1","37000","18500","18500","1","1","1","IAT2212190956","NHO2018000007","PAID","","PEDAS"),
("IATT190004439","193048","191002","192010","8000","1","8000","0","8000","1","1","1","IAT2212190956","NHO2018000007","PAID","","193048"),
("IATT190004439","193048","191002","192010","8000","1","8000","0","8000","2","1","1","IAT2212190956","NHO2018000007","PAID","","193048"),
("IATT190004440","193084","191001","192001","30000","1","30000","0","30000","1","1","1","IAT2212190956","NHO2018000007","PAID","YANG SATU PEDESNYA DIKIT AJA BUAT ANAK KECIL","PEDAS"),
("IATT190004440","193084","191001","192001","30000","1","30000","0","30000","2","1","1","IAT2212190956","NHO2018000007","PAID","","PEDAS"),
("IATT190004440","193084","191001","192001","30000","1","30000","0","30000","3","1","1","IAT2212190956","NHO2018000007","PAID","","PEDAS"),
("IATT190004440","193112","191001","192003","50000","1","50000","0","50000","1","1","1","IAT2212190956","NHO2018000007","PAID","","193112"),
("IATT190004440","193027","191001","192003","43000","1","43000","0","43000","1","1","1","IAT2212190956","NHO2018000007","PAID","","193027"),
("IATT190004440","193047","191002","192010","10000","1","10000","0","10000","1","1","1","IAT2212190956","NHO2018000007","PAID","","193047"),
("IATT190004440","193047","191002","192010","10000","1","10000","0","10000","2","1","1","IAT2212190956","NHO2018000007","PAID","","193047"),
("IATT190004440","193047","191002","192010","10000","1","10000","0","10000","3","1","1","IAT2212190956","NHO2018000007","PAID","","193047"),
("IATT190004440","193047","191002","192010","10000","1","10000","0","10000","4","1","1","IAT2212190956","NHO2018000007","PAID","","193047"),
("IATT190004440","193047","191002","192010","10000","1","10000","0","10000","5","1","1","IAT2212190956","NHO2018000007","PAID","","193047"),
("IATT190004441","193084","191001","192001","30000","1","30000","0","30000","1","1","1","IAT2212190956","NHO2018000007","PAID","LV 2","PEDAS"),
("IATT190004441","193071","191001","192012","18000","1","18000","0","18000","1","1","1","IAT2212190956","NHO2018000007","PAID","","193071"),
("IATT190004441","193056","191002","192010","17000","1","17000","0","17000","1","1","1","IAT2212190956","NHO2018000007","PAID","","193056"),
("IATT190004441","193055","191002","192010","17000","1","17000","0","17000","1","1","1","IAT2212190956","NHO2018000007","PAID","","193055"),
("IATT190004442","193005","191001","192001","37000","1","37000","18500","18500","1","1","1","IAT2212190956","NHO2018000007","PAID","","193005"),
("IATT190004442","193033","191001","192005","42000","1","42000","21000","21000","1","1","1","IAT2212190956","NHO2018000007","PAID","","193033"),
("IATT190004442","193070","191001","192012","13000","1","13000","6500","6500","1","1","1","IAT2212190956","NHO2018000007","PAID","","193070"),
("IATT190004442","193052","191002","192010","20000","1","20000","0","20000","1","1","1","IAT2212190956","NHO2018000007","PAID","","193052"),
("IATT190004442","193048","191002","192010","8000","1","8000","0","8000","1","1","1","IAT2212190956","NHO2018000007","PAID","","193048"),
("IATT190004443","193114","191001","192006","42000","1","42000","21000","21000","1","1","1","IAT2212190956","NHO2018000007","PAID","","193114"),
("IATT190004443","193011","191001","192001","40000","1","40000","20000","20000","1","1","1","IAT2212190956","NHO2018000007","PAID","","PEDAS"),
("IATT190004443","193033","191001","192005","42000","1","42000","21000","21000","1","1","1","IAT2212190956","NHO2018000007","PAID","","193033"),
("IATT190004443","193047","191002","192010","10000","1","10000","0","10000","1","1","1","IAT2212190956","NHO2018000007","PAID","","193047"),
("IATT190004443","193047","191002","192010","10000","1","10000","0","10000","2","1","1","IAT2212190956","NHO2018000007","PAID","","193047"),
("IATT190004443","193047","191002","192010","10000","1","10000","0","10000","3","1","1","IAT2212190956","NHO2018000007","PAID","","193047"),
("IATT190004443","193114","191001","192006","42000","1","42000","21000","21000","2","1","2","IAT2212190956","NHO2018000007","PAID","","193114"),
("IATT190004443","193021","191001","192002","40000","1","40000","20000","20000","1","1","2","IAT2212190956","NHO2018000007","PAID","","ORIGINAL"),
("IATT190004443","193046","191002","192010","10000","1","10000","0","10000","1","1","2","IAT2212190956","NHO2018000007","PAID","","193046"),
("IATT190004443","193047","191002","192010","10000","1","10000","0","10000","4","1","2","IAT2212190956","NHO2018000007","PAID","","193047"),
("IATT190004443","193049","191002","192010","10000","1","10000","0","10000","1","1","2","IAT2212190956","NHO2018000007","PAID","","193049"),
("IATT190004444","193149","191001","192015","50818","1","50818","0","50818","1","1","1","IAT2212190956","NHO2018000007","PAID","","193149"),
("IATT190004445","193079","191001","192001","30000","1","30000","15000","15000","1","1","1","IAT2212190956","NHO2018000007","PAID","","193079"),
("IATT190004445","193085","191001","192001","30000","1","30000","15000","15000","1","1","1","IAT2212190956","NHO2018000007","PAID","","193085"),
("IATT190004445","193038","191001","192006","36000","1","36000","18000","18000","1","1","1","IAT2212190956","NHO2018000007","PAID","","ORIGINAL"),
("IATT190004445","193033","191001","192005","42000","1","42000","21000","21000","1","1","1","IAT2212190956","NHO2018000007","PAID","","193033"),
("IATT190004445","193118","191001","192012","20000","1","20000","0","20000","1","1","1","IAT2212190956","NHO2018000007","PAID","","193118"),
("IATT190004445","193069","191001","192012","13000","1","13000","6500","6500","1","1","1","IAT2212190956","NHO2018000007","PAID","","193069"),
("IATT190004445","193046","191002","192010","10000","1","10000","0","10000","1","1","1","IAT2212190956","NHO2018000007","PAID","","193046"),
("IATT190004445","193052","191002","192010","20000","1","20000","0","20000","1","1","1","IAT2212190956","NHO2018000007","PAID","","193052"),
("IATT190004445","193054","191002","192010","20000","1","20000","0","20000","1","1","1","IAT2212190956","NHO2018000007","PAID","","193054"),
("IATT190004445","193054","191002","192010","20000","1","20000","0","20000","2","1","1","IAT2212190956","NHO2018000007","PAID","","193054"),
("IATT190004446","193084","191001","192001","30000","1","30000","15000","15000","1","1","1","IAT2212190956","NHO2018000007","PAID","","PEDAS"),
("IATT190004446","193033","191001","192005","42000","1","42000","21000","21000","1","1","1","IAT2212190956","NHO2018000007","PAID","","193033"),
("IATT190004446","193030","191001","192004","27000","1","27000","13500","13500","1","1","1","IAT2212190956","NHO2018000007","PAID","","193030"),
("IATT190004446","193048","191002","192010","8000","1","8000","0","8000","1","1","1","IAT2212190956","NHO2018000007","PAID","","193048"),
("IATT190004446","193048","191002","192010","8000","1","8000","0","8000","2","1","1","IAT2212190956","NHO2018000007","PAID","","193048"),
("IATT190004446","193051","191002","192010","20000","1","20000","0","20000","1","1","1","IAT2212190956","NHO2018000007","PAID","","193051"),
("IATT190004446","193069","191001","192012","13000","1","13000","6500","6500","1","1","1","IAT2212190956","NHO2018000007","PAID","","193069"),
("IATT190004447","193078","191001","192001","30000","1","30000","15000","15000","1","1","1","IAT2212190956","NHO2018000007","PAID","","PEDAS"),
("IATT190004447","193005","191001","192001","37000","1","37000","18500","18500","1","1","1","IAT2212190956","NHO2018000007","PAID","","193005"),
("IATT190004447","193030","191001","192004","27000","1","27000","13500","13500","1","1","1","IAT2212190956","NHO2018000007","PAID","","193030"),
("IATT190004447","193055","191002","192010","17000","1","17000","0","17000","1","1","1","IAT2212190956","NHO2018000007","PAID","","193055"),
("IATT190004447","193048","191002","192010","8000","1","8000","0","8000","1","1","1","IAT2212190956","NHO2018000007","PAID","","193048"),
("IATT190004447","193011","191001","192001","40000","1","40000","20000","20000","1","1","2","IAT2212190956","NHO2018000007","PAID","","PEDAS"),
("IATT190004447","193054","191002","192010","20000","1","20000","0","20000","1","1","2","IAT2212190956","NHO2018000007","PAID","","193054"),
("IATT190004446","193029","191001","192004","27000","1","27000","13500","13500","1","1","2","IAT2212190956","NHO2018000007","PAID","","193029"),
("IATT190004446","193030","191001","192004","27000","1","27000","13500","13500","2","1","2","IAT2212190956","NHO2018000007","PAID","","193030"),
("IATT190004448","193082","191001","192001","30000","1","30000","0","30000","1","1","1","IAT2212190956","NHO2018000007","PAID","","193082"),
("IATT190004448","193085","191001","192001","30000","1","30000","0","30000","1","1","1","IAT2212190956","NHO2018000007","PAID","","193085"),
("IATT190004448","193085","191001","192001","30000","1","30000","0","30000","2","1","1","IAT2212190956","NHO2018000007","PAID","","193085"),
("IATT190004448","193085","191001","192001","30000","1","30000","0","30000","3","1","1","IAT2212190956","NHO2018000007","PAID","","193085"),
("IATT190004448","193052","191002","192010","20000","1","20000","0","20000","1","1","1","IAT2212190956","NHO2018000007","PAID","","193052"),
("IATT190004448","193052","191002","192010","20000","1","20000","0","20000","2","1","1","IAT2212190956","NHO2018000007","PAID","","193052"),
("IATT190004448","193052","191002","192010","20000","1","20000","0","20000","3","1","1","IAT2212190956","NHO2018000007","PAID","","193052"),
("IATT190004448","193054","191002","192010","20000","1","20000","0","20000","1","1","1","IAT2212190956","NHO2018000007","PAID","","193054"),
("IATT190004449","193036","191001","192006","36000","1","36000","18000","18000","1","1","1","IAT2212190956","NHO2018000007","PAID","","ORIGINAL"),
("IATT190004449","193034","191001","192005","37000","1","37000","18500","18500","1","1","1","IAT2212190956","NHO2018000007","PAID","","193034"),
("IATT190004449","193034","191001","192005","37000","1","37000","18500","18500","2","1","1","IAT2212190956","NHO2018000007","PAID","","193034"),
("IATT190004449","193048","191002","192010","8000","1","8000","0","8000","1","1","1","IAT2212190956","NHO2018000007","PAID","","193048"),
("IATT190004449","193052","191002","192010","20000","1","20000","0","20000","1","1","1","IAT2212190956","NHO2018000007","PAID","","193052"),
("IATT190004449","193052","191002","192010","20000","1","20000","0","20000","2","1","1","IAT2212190956","NHO2018000007","PAID","","193052"),
("IATT190004449","193052","191002","192010","20000","1","20000","0","20000","3","1","2","IAT2212190956","NHO2018000007","PAID","","193052"),
("IATT190004450","193113","191001","192003","55000","1","55000","0","55000","1","1","1","IAT2212190956","NHO2018000007","PAID","","193113"),
("IATT190004450","193085","191001","192001","30000","1","30000","15000","15000","1","1","1","IAT2212190956","NHO2018000007","PAID","","193085"),
("IATT190004450","193082","191001","192001","30000","1","30000","15000","15000","1","1","1","IAT2212190956","NHO2018000007","PAID","","193082"),
("IATT190004450","193034","191001","192005","37000","1","37000","18500","18500","1","1","1","IAT2212190956","NHO2018000007","PAID","","193034"),
("IATT190004450","193051","191002","192010","20000","1","20000","0","20000","1","1","1","IAT2212190956","NHO2018000007","PAID","","193051"),
("IATT190004450","193055","191002","192010","17000","1","17000","0","17000","1","1","1","IAT2212190956","NHO2018000007","PAID","","193055"),
("IATT190004450","193048","191002","192010","8000","1","8000","0","8000","1","1","1","IAT2212190956","NHO2018000007","PAID","","193048"),
("IATT190004450","193052","191002","192010","20000","1","20000","0","20000","1","1","1","IAT2212190956","NHO2018000007","PAID","","193052"),
("IATT190004451","193029","191001","192004","27000","1","27000","0","27000","1","1","1","IAT2212190956","NHO2018000007","PAID","","193029"),
("IATT190004451","193027","191001","192003","43000","1","43000","0","43000","1","1","1","IAT2212190956","NHO2018000007","PAID","","193027"),
("IATT190004451","193056","191002","192010","17000","1","17000","0","17000","1","1","1","IAT2212190956","NHO2018000007","PAID","","193056"),
("IATT190004451","193048","191002","192010","8000","1","8000","0","8000","1","1","1","IAT2212190956","NHO2018000007","PAID","","193048"),
("IATT190004453","193048","191002","192010","8000","1","8000","0","8000","1","1","1","IAT2212190956","NHO2018000007","PAID","","193048"),
("IATT190004452","193039","191001","192006","36000","1","36000","18000","18000","1","1","1","IAT2212190956","NHO2018000007","PAID","","ORIGINAL"),
("IATT190004452","193019","191001","192002","40000","1","40000","20000","20000","1","1","1","IAT2212190956","NHO2018000007","PAID","","PEDAS"),
("IATT190004452","193029","191001","192004","27000","1","27000","13500","13500","1","1","1","IAT2212190956","NHO2018000007","PAID","","193029"),
("IATT190004452","193048","191002","192010","8000","1","8000","0","8000","1","1","1","IAT2212190956","NHO2018000007","PAID","","193048"),
("IATT190004452","193048","191002","192010","8000","1","8000","0","8000","2","1","1","IAT2212190956","NHO2018000007","PAID","","193048"),
("IATT190004454","193034","191001","192005","37000","1","37000","18500","18500","1","1","1","IAT2212190956","NHO2018000007","PAID","","193034"),
("IATT190004454","193034","191001","192005","37000","1","37000","18500","18500","2","1","1","IAT2212190956","NHO2018000007","PAID","","193034"),
("IATT190004454","193030","191001","192004","27000","1","27000","13500","13500","1","1","1","IAT2212190956","NHO2018000007","PAID","","193030"),
("IATT190004454","193032","191001","192004","30000","1","30000","15000","15000","1","1","1","IAT2212190956","NHO2018000007","PAID","","193032"),
("IATT190004454","193071","191001","192012","18000","1","18000","9000","9000","1","1","1","IAT2212190956","NHO2018000007","PAID","","193071"),
("IATT190004454","193071","191001","192012","18000","1","18000","9000","9000","2","1","1","IAT2212190956","NHO2018000007","PAID","","193071"),
("IATT190004454","193055","191002","192010","17000","1","17000","0","17000","1","1","1","IAT2212190956","NHO2018000007","PAID","","193055"),
("IATT190004454","193055","191002","192010","17000","1","17000","0","17000","2","1","1","IAT2212190956","NHO2018000007","PAID","","193055"),
("IATT190004454","193055","191002","192010","17000","1","17000","0","17000","3","1","1","IAT2212190956","NHO2018000007","PAID","","193055"),
("IATT190004455","193054","191002","192010","20000","1","20000","0","20000","1","1","1","IAT2212190956","NHO2018000007","PAID","","193054"),
("IATT190004455","193054","191002","192010","20000","1","20000","0","20000","2","1","1","IAT2212190956","NHO2018000007","PAID","","193054"),
("IATT190004455","193033","191001","192005","42000","1","42000","21000","21000","1","1","1","IAT2212190956","NHO2018000007","PAID","","193033"),
("IATT190004455","193007","191001","192001","37000","1","37000","18500","18500","1","1","1","IAT2212190956","NHO2018000007","PAID","","PEDAS"),
("IATT190004455","193069","191001","192012","13000","1","13000","6500","6500","1","1","1","IAT2212190956","NHO2018000007","PAID","","193069"),
("IATT190004455","193070","191001","192012","13000","1","13000","6500","6500","1","1","1","IAT2212190956","NHO2018000007","PAID","","193070"),
("IATT190004456","193085","191001","192001","30000","1","30000","0","30000","1","1","1","IAT2212190956","NHO2018000007","PAID","","193085"),
("IATT190004456","193046","191002","192010","10000","1","10000","0","10000","1","1","1","IAT2212190956","NHO2018000007","PAID","","193046"),
("IATT190004457","193033","191001","192005","42000","1","42000","21000","21000","1","1","1","IAT2212190956","NHO2018000007","PAID","","193033"),
("IATT190004457","193033","191001","192005","42000","1","42000","21000","21000","2","1","1","IAT2212190956","NHO2018000007","PAID","","193033"),
("IATT190004457","193011","191001","192001","40000","1","40000","20000","20000","1","1","1","IAT2212190956","NHO2018000007","PAID","","ORIGINAL"),
("IATT190004457","193007","191001","192001","37000","1","37000","18500","18500","1","1","1","IAT2212190956","NHO2018000007","PAID","CABAI NYA DI PISAH","PEDAS"),
("IATT190004457","193029","191001","192004","27000","1","27000","13500","13500","1","1","1","IAT2212190956","NHO2018000007","PAID","","193029"),
("IATT190004457","193046","191002","192010","10000","1","10000","0","10000","1","1","1","IAT2212190956","NHO2018000007","PAID","","193046"),
("IATT190004457","193047","191002","192010","10000","1","10000","0","10000","1","1","1","IAT2212190956","NHO2018000007","PAID","","193047"),
("IATT190004457","193056","191002","192010","17000","1","17000","0","17000","1","1","1","IAT2212190956","NHO2018000007","PAID","","193056"),
("IATT190004458","193005","191001","192001","37000","1","37000","0","37000","1","1","1","IAT2212190956","NHO2018000007","PAID","","193005"),
("IATT190004458","193005","191001","192001","37000","1","37000","0","37000","2","1","1","IAT2212190956","NHO2018000007","PAID","","193005"),
("IATT190004458","193052","191002","192010","20000","1","20000","0","20000","1","1","1","IAT2212190956","NHO2018000007","PAID","","193052"),
("IATT190004458","193052","191002","192010","20000","1","20000","0","20000","2","1","1","IAT2212190956","NHO2018000007","PAID","","193052"),
("IATT190004459","193024","191001","192003","30000","1","30000","0","30000","1","1","1","IAT2212190956","NHO2018000007","PAID","","193024"),
("IATT190004459","193082","191001","192001","30000","1","30000","0","30000","1","1","1","IAT2212190956","NHO2018000007","PAID","","193082"),
("IATT190004459","193055","191002","192010","17000","1","17000","0","17000","1","1","1","IAT2212190956","NHO2018000007","PAID","","193055"),
("IATT190004459","193049","191002","192010","10000","1","10000","0","10000","1","1","1","IAT2212190956","NHO2018000007","PAID","","193049"),
("IATT190004460","193020","191001","192002","40000","1","40000","20000","20000","1","1","1","IAT2212190956","NHO2018000007","PAID","","193020"),
("IATT190004460","193085","191001","192001","30000","1","30000","15000","15000","1","1","1","IAT2212190956","NHO2018000007","PAID","","193085"),
("IATT190004460","193047","191002","192010","10000","1","10000","0","10000","1","1","1","IAT2212190956","NHO2018000007","PAID","","193047"),
("IATT190004460","193056","191002","192010","17000","1","17000","0","17000","1","1","1","IAT2212190956","NHO2018000007","PAID","","193056"),
("IATT190004460","193038","191001","192006","36000","1","36000","18000","18000","1","1","1","IAT2212190956","NHO2018000007","PAID","","PEDAS"),
("IATT190004461","193076","191001","192001","30000","1","30000","15000","15000","1","1","1","IAT2212190956","NHO2018000007","PAID","","193076"),
("IATT190004461","193078","191001","192001","30000","1","30000","15000","15000","1","1","1","IAT2212190956","NHO2018000007","PAID","","PEDAS"),
("IATT190004461","193015","191001","192002","33000","1","33000","16500","16500","1","1","1","IAT2212190956","NHO2018000007","PAID","","PEDAS"),
("IATT190004461","193055","191002","192010","17000","1","17000","0","17000","1","1","1","IAT2212190956","NHO2018000007","PAID","","193055"),
("IATT190004461","193056","191002","192010","17000","1","17000","0","17000","1","1","1","IAT2212190956","NHO2018000007","PAID","","193056"),
("IATT190004462","193084","191001","192001","30000","1","30000","15000","15000","1","1","1","IAT2212190956","NHO2018000007","PAID","","PEDAS"),
("IATT190004462","193021","191001","192002","40000","1","40000","20000","20000","1","1","1","IAT2212190956","NHO2018000007","PAID","","ORIGINAL"),
("IATT190004462","193082","191001","192001","30000","1","30000","15000","15000","1","1","1","IAT2212190956","NHO2018000007","PAID","","193082"),
("IATT190004462","193046","191002","192010","10000","1","10000","0","10000","1","1","1","IAT2212190956","NHO2018000007","PAID","","193046"),
("IATT190004462","193046","191002","192010","10000","1","10000","0","10000","2","1","1","IAT2212190956","NHO2018000007","PAID","","193046"),
("IATT190004462","193048","191002","192010","8000","1","8000","0","8000","1","1","1","IAT2212190956","NHO2018000007","PAID","","193048"),
("IATT190004463","193113","191001","192003","55000","1","55000","0","55000","1","1","1","IAT2212190956","NHO2018000007","PAID","","193113"),
("IATT190004463","193047","191002","192010","10000","1","10000","0","10000","1","1","1","IAT2212190956","NHO2018000007","PAID","","193047"),
("IATT190004464","193011","191001","192001","40000","1","40000","20000","20000","1","1","1","IAT2212190956","NHO2018000007","PAID","","PEDAS"),
("IATT190004464","193084","191001","192001","30000","1","30000","15000","15000","1","1","1","IAT2212190956","NHO2018000007","PAID","","PEDAS"),
("IATT190004464","193078","191001","192001","30000","1","30000","15000","15000","1","1","1","IAT2212190956","NHO2018000007","PAID","","PEDAS"),
("IATT190004464","193032","191001","192004","30000","1","30000","15000","15000","1","1","1","IAT2212190956","NHO2018000007","PAID","","193032"),
("IATT190004464","193070","191001","192012","13000","1","13000","6500","6500","1","1","1","IAT2212190956","NHO2018000007","PAID","","193070"),
("IATT190004464","193069","191001","192012","13000","1","13000","6500","6500","1","1","1","IAT2212190956","NHO2018000007","PAID","","193069"),
("IATT190004464","193056","191002","192010","17000","1","17000","0","17000","1","1","1","IAT2212190956","NHO2018000007","PAID","","193056"),
("IATT190004464","193055","191002","192010","17000","1","17000","0","17000","1","1","1","IAT2212190956","NHO2018000007","PAID","","193055"),
("IATT190004464","193048","191002","192010","8000","1","8000","0","8000","1","1","1","IAT2212190956","NHO2018000007","PAID","","193048"),
("IATT190004465","193048","191002","192010","8000","1","8000","0","8000","1","1","1","IAT2212190956","NHO2018000007","PAID","","193048"),
("IATT190004465","193048","191002","192010","8000","1","8000","0","8000","2","1","1","IAT2212190956","NHO2018000007","PAID","","193048");



INSERT INTO pos_salestemp VALUES("IATT190004437","","4","100000","50000","5000","0","55000","100000","22/12/2019","10:50","2019-12-22","12:02:42","ISU000006","tbl0012","CLOSED","1","","IATR190004314","","","","","IAT2212190956","NHO2018000007"),
("IATT190004438","","1","48000","0","4800","0","52800","55000","22/12/2019","10:52","2019-12-22","11:43:53","ISU000006","tbl0010","CLOSED","1","","IATR190004313","","","","","IAT2212190956","NHO2018000007"),
("IATT190004439","","2","115000","49500","6550","0","72050","73000","22/12/2019","11:28","2019-12-22","12:07:03","ISU000006","tbl0011","CLOSED","1","","IATR190004315","","","","","IAT2212190956","NHO2018000007"),
("IATT190004440","","5","233000","0","23300","0","256300","270000","22/12/2019","12:25","2019-12-22","12:52:57","ISU000006","tbl0010","CLOSED","1","","IATR190004316","","","","","IAT2212190956","NHO2018000007"),
("IATT190004441","","2","82000","0","8200","0","90200","100000","22/12/2019","12:44","2019-12-22","13:11:59","ISU000006","tbl0012","CLOSED","1","","IATR190004317","","","","","IAT2212190956","NHO2018000007"),
("IATT190004442","","2","120000","46000","7400","0","81400","100500","22/12/2019","13:32","2019-12-22","14:16:46","ISU000006","tbl0010","CLOSED","1","","IATR190004319","","","","","IAT2212190956","NHO2018000007"),
("IATT190004443","","3","266000","103000","16300","0","179300","180000","22/12/2019","14:01","2019-12-22","14:34:09","ISU000004","tbl0014","CLOSED","1","","IATR190004320","","","","","IAT2212190956","NHO2018000007"),
("IATT190004444","","1","50818","0","5082","0","55900","55900","22/12/2019","14:07","2019-12-22","14:08:05","ISU000006","tbl0001","CLOSED","1","","IATR190004318","","","","","IAT2212190956","NHO2018000007"),
("IATT190004445","","4","241000","75500","16550","0","182050","200000","22/12/2019","14:11","2019-12-22","14:39:13","ISU000004","tbl0012","CLOSED","1","","IATR190004321","","","","","IAT2212190956","NHO2018000007"),
("IATT190004446","","3","202000","83000","11900","0","130900","150000","22/12/2019","14:29","2019-12-22","15:06:01","ISU000004","tbl0011","CLOSED","1","","IATR190004322","","","","","IAT2212190956","NHO2018000007"),
("IATT190004447","","2","179000","67000","11200","0","123200","150000","22/12/2019","14:36","2019-12-22","15:16:19","ISU000004","tbl0010","CLOSED","1","","IATR190004323","","","","","IAT2212190956","NHO2018000007"),
("IATT190004448","","3","200000","0","20000","0","220000","250000","22/12/2019","14:51","2019-12-22","15:48:32","ISU000004","tbl0012","CLOSED","1","","IATR190004325","","","","","IAT2212190956","NHO2018000007"),
("IATT190004449","","2","178000","55000","12300","0","135300","150000","22/12/2019","14:52","2019-12-22","15:43:32","ISU000004","tbl0014","CLOSED","1","","IATR190004324","","","","","IAT2212190956","NHO2018000007"),
("IATT190004450","","4","217000","48500","16850","0","185350","185350","22/12/2019","15:14","2019-12-22","16:13:16","ISU000006","tbl0011","CLOSED","1","","IATR190004328","","","","","IAT2212190956","NHO2018000007"),
("IATT190004451","","2","95000","0","9500","0","104500","150000","22/12/2019","15:28","2019-12-22","15:59:48","ISU000006","tbl0010","CLOSED","1","","IATR190004327","","","","","IAT2212190956","NHO2018000007"),
("IATT190004452","","2","119000","51500","6750","0","74250","74250","22/12/2019","15:55","2019-12-22","16:33:23","ISU000006","tbl0014","CLOSED","1","","IATR190004329","","","","","IAT2212190956","NHO2018000007"),
("IATT190004453","","0","8000","0","800","0","8800","9000","22/12/2019","15:57","2019-12-22","15:58:50","ISU000004","takeaway","CLOSED","1","","IATR190004326","","","","","IAT2212190956","NHO2018000007"),
("IATT190004454","","4","218000","83500","13450","0","147950","147950","22/12/2019","16:30","2019-12-22","17:23:18","ISU000006","tbl0012","CLOSED","1","","IATR190004330","","","","","IAT2212190956","NHO2018000007"),
("IATT190004455","","2","145000","52500","9250","0","101750","102000","22/12/2019","16:56","2019-12-22","20:41:50","ISU000004","tbl0011","CLOSED","1","","IATR190004340","","","","","IAT2212190956","NHO2018000007"),
("IATT190004456","","1","40000","0","4000","0","44000","50000","22/12/2019","18:05","2019-12-22","18:44:32","ISU000006","tbl0004","CLOSED","1","","IATR190004331","","","","","IAT2212190956","NHO2018000007"),
("IATT190004457","","4","225000","94000","13100","0","144100","144100","22/12/2019","18:41","2019-12-22","19:08:51","ISU000006","tbl0014","CLOSED","1","","IATR190004332","","","","","IAT2212190956","NHO2018000007"),
("IATT190004458","","2","114000","0","11400","0","125400","150000","22/12/2019","18:49","2019-12-22","19:09:21","ISU000006","tbl0010","CLOSED","1","","IATR190004333","","","","","IAT2212190956","NHO2018000007"),
("IATT190004459","","2","87000","0","8700","0","95700","95700","22/12/2019","19:22","2019-12-22","19:54:01","ISU000004","tbl0021","CLOSED","1","","IATR190004334","","","","","IAT2212190956","NHO2018000007"),
("IATT190004460","","2","133000","53000","8000","0","88000","88000","22/12/2019","19:23","2019-12-22","20:14:24","ISU000004","tbl0010","CLOSED","1","","IATR190004336","","","","","IAT2212190956","NHO2018000007"),
("IATT190004461","","2","127000","46500","8050","0","88550","88550","22/12/2019","19:24","2019-12-22","19:56:42","ISU000004","tbl0012","CLOSED","1","","IATR190004335","","","","","IAT2212190956","NHO2018000007"),
("IATT190004462","","3","128000","50000","7800","0","85800","85800","22/12/2019","19:44","2019-12-22","20:15:25","ISU000004","tbl0014","CLOSED","1","","IATR190004337","","","","","IAT2212190956","NHO2018000007"),
("IATT190004463","","1","65000","0","6500","0","71500","71500","22/12/2019","19:54","2019-12-22","20:16:31","ISU000004","tbl0005","CLOSED","1","","IATR190004338","","","","","IAT2212190956","NHO2018000007"),
("IATT190004464","","3","198000","78000","12000","0","132000","132000","22/12/2019","20:07","2019-12-22","20:57:04","ISU000004","tbl0012","CLOSED","1","","IATR190004341","","","","","IAT2212190956","NHO2018000007"),
("IATT190004465","","0","16000","0","1600","0","17600","100000","22/12/2019","20:39","2019-12-22","20:40:18","ISU000004","takeaway","CLOSED","1","","IATR190004339","","","","","IAT2212190956","NHO2018000007");



INSERT INTO item_void VALUES("IATT190004445","IAT2212190956","NHO2018000007","193053","193053","1","20000","Before Send","Komplen Customer"),
("IATT190004453","IAT2212190956","NHO2018000007","193048","193048","1","8000","After Send","Komplen Customer");



INSERT INTO pos_promotion_h VALUES("IATT190004437","NPRM18000021","DISC ITEM","1","50000","MENANG BANYAK","IAT2212190956","PAID","NHO2018000007"),
("IATT190004439","NPRM18000021","DISC ITEM","1","49500","MENANG BANYAK","IAT2212190956","PAID","NHO2018000007"),
("IATT190004442","NPRM18000021","DISC ITEM","1","46000","MENANG BANYAK","IAT2212190956","PAID","NHO2018000007"),
("IATT190004443","NPRM18000021","DISC ITEM","1","103000","MENANG BANYAK","IAT2212190956","PAID","NHO2018000007"),
("IATT190004445","NPRM18000021","DISC ITEM","1","75500","MENANG BANYAK","IAT2212190956","PAID","NHO2018000007"),
("IATT190004446","NPRM18000021","DISC ITEM","1","83000","MENANG BANYAK","IAT2212190956","PAID","NHO2018000007"),
("IATT190004447","NPRM18000021","DISC ITEM","1","67000","MENANG BANYAK","IAT2212190956","PAID","NHO2018000007"),
("IATT190004449","NPRM18000021","DISC ITEM","1","55000","MENANG BANYAK","IAT2212190956","PAID","NHO2018000007"),
("IATT190004452","NPRM18000021","DISC ITEM","1","51500","MENANG BANYAK","IAT2212190956","PAID","NHO2018000007"),
("IATT190004450","NPRM18000021","DISC ITEM","1","48500","MENANG BANYAK","IAT2212190956","PAID","NHO2018000007"),
("IATT190004454","NPRM18000021","DISC ITEM","1","83500","MENANG BANYAK","IAT2212190956","PAID","NHO2018000007"),
("IATT190004455","NPRM18000021","DISC ITEM","1","52500","MENANG BANYAK","IAT2212190956","PAID","NHO2018000007"),
("IATT190004457","NPRM18000021","DISC ITEM","1","94000","MENANG BANYAK","IAT2212190956","PAID","NHO2018000007"),
("IATT190004460","NPRM18000021","DISC ITEM","1","53000","MENANG BANYAK","IAT2212190956","PAID","NHO2018000007"),
("IATT190004462","NPRM18000021","DISC ITEM","1","50000","MENANG BANYAK","IAT2212190956","PAID","NHO2018000007"),
("IATT190004461","NPRM18000021","DISC ITEM","1","46500","MENANG BANYAK","IAT2212190956","PAID","NHO2018000007"),
("IATT190004464","NPRM18000021","DISC ITEM","1","78000","MENANG BANYAK","IAT2212190956","PAID","NHO2018000007");



INSERT INTO pos_promotion_d VALUES("IATT190004437","NPRM18000021","DISC ITEM","1","1","193077","1","15000","IAT2212190956","PAID","NHO2018000007"),
("IATT190004437","NPRM18000021","DISC ITEM","1","1","193077","2","15000","IAT2212190956","PAID","NHO2018000007"),
("IATT190004437","NPRM18000021","DISC ITEM","1","1","193020","1","20000","IAT2212190956","PAID","NHO2018000007"),
("IATT190004439","NPRM18000021","DISC ITEM","1","1","193035","1","16000","IAT2212190956","PAID","NHO2018000007"),
("IATT190004439","NPRM18000021","DISC ITEM","1","1","193032","1","15000","IAT2212190956","PAID","NHO2018000007"),
("IATT190004439","NPRM18000021","DISC ITEM","1","1","193007","1","18500","IAT2212190956","PAID","NHO2018000007"),
("IATT190004442","NPRM18000021","DISC ITEM","1","1","193005","1","18500","IAT2212190956","PAID","NHO2018000007"),
("IATT190004442","NPRM18000021","DISC ITEM","1","1","193033","1","21000","IAT2212190956","PAID","NHO2018000007"),
("IATT190004442","NPRM18000021","DISC ITEM","1","1","193070","1","6500","IAT2212190956","PAID","NHO2018000007"),
("IATT190004443","NPRM18000021","DISC ITEM","1","1","193114","1","21000","IAT2212190956","PAID","NHO2018000007"),
("IATT190004443","NPRM18000021","DISC ITEM","1","1","193011","1","20000","IAT2212190956","PAID","NHO2018000007"),
("IATT190004443","NPRM18000021","DISC ITEM","1","1","193033","1","21000","IAT2212190956","PAID","NHO2018000007"),
("IATT190004443","NPRM18000021","DISC ITEM","1","1","193114","2","21000","IAT2212190956","PAID","NHO2018000007"),
("IATT190004443","NPRM18000021","DISC ITEM","1","1","193021","1","20000","IAT2212190956","PAID","NHO2018000007"),
("IATT190004445","NPRM18000021","DISC ITEM","1","1","193079","1","15000","IAT2212190956","PAID","NHO2018000007"),
("IATT190004445","NPRM18000021","DISC ITEM","1","1","193085","1","15000","IAT2212190956","PAID","NHO2018000007"),
("IATT190004445","NPRM18000021","DISC ITEM","1","1","193038","1","18000","IAT2212190956","PAID","NHO2018000007"),
("IATT190004445","NPRM18000021","DISC ITEM","1","1","193033","1","21000","IAT2212190956","PAID","NHO2018000007"),
("IATT190004445","NPRM18000021","DISC ITEM","1","1","193069","1","6500","IAT2212190956","PAID","NHO2018000007"),
("IATT190004446","NPRM18000021","DISC ITEM","1","1","193084","1","15000","IAT2212190956","PAID","NHO2018000007"),
("IATT190004446","NPRM18000021","DISC ITEM","1","1","193033","1","21000","IAT2212190956","PAID","NHO2018000007"),
("IATT190004446","NPRM18000021","DISC ITEM","1","1","193030","1","13500","IAT2212190956","PAID","NHO2018000007"),
("IATT190004446","NPRM18000021","DISC ITEM","1","1","193069","1","6500","IAT2212190956","PAID","NHO2018000007"),
("IATT190004446","NPRM18000021","DISC ITEM","1","1","193029","1","13500","IAT2212190956","PAID","NHO2018000007"),
("IATT190004446","NPRM18000021","DISC ITEM","1","1","193030","2","13500","IAT2212190956","PAID","NHO2018000007"),
("IATT190004447","NPRM18000021","DISC ITEM","1","1","193078","1","15000","IAT2212190956","PAID","NHO2018000007"),
("IATT190004447","NPRM18000021","DISC ITEM","1","1","193005","1","18500","IAT2212190956","PAID","NHO2018000007"),
("IATT190004447","NPRM18000021","DISC ITEM","1","1","193030","1","13500","IAT2212190956","PAID","NHO2018000007"),
("IATT190004447","NPRM18000021","DISC ITEM","1","1","193011","1","20000","IAT2212190956","PAID","NHO2018000007"),
("IATT190004449","NPRM18000021","DISC ITEM","1","1","193036","1","18000","IAT2212190956","PAID","NHO2018000007"),
("IATT190004449","NPRM18000021","DISC ITEM","1","1","193034","1","18500","IAT2212190956","PAID","NHO2018000007"),
("IATT190004449","NPRM18000021","DISC ITEM","1","1","193034","2","18500","IAT2212190956","PAID","NHO2018000007"),
("IATT190004452","NPRM18000021","DISC ITEM","1","1","193039","1","18000","IAT2212190956","PAID","NHO2018000007"),
("IATT190004452","NPRM18000021","DISC ITEM","1","1","193019","1","20000","IAT2212190956","PAID","NHO2018000007"),
("IATT190004452","NPRM18000021","DISC ITEM","1","1","193029","1","13500","IAT2212190956","PAID","NHO2018000007"),
("IATT190004450","NPRM18000021","DISC ITEM","1","1","193085","1","15000","IAT2212190956","PAID","NHO2018000007"),
("IATT190004450","NPRM18000021","DISC ITEM","1","1","193082","1","15000","IAT2212190956","PAID","NHO2018000007"),
("IATT190004450","NPRM18000021","DISC ITEM","1","1","193034","1","18500","IAT2212190956","PAID","NHO2018000007"),
("IATT190004454","NPRM18000021","DISC ITEM","1","1","193034","1","18500","IAT2212190956","PAID","NHO2018000007"),
("IATT190004454","NPRM18000021","DISC ITEM","1","1","193034","2","18500","IAT2212190956","PAID","NHO2018000007"),
("IATT190004454","NPRM18000021","DISC ITEM","1","1","193030","1","13500","IAT2212190956","PAID","NHO2018000007"),
("IATT190004454","NPRM18000021","DISC ITEM","1","1","193032","1","15000","IAT2212190956","PAID","NHO2018000007"),
("IATT190004454","NPRM18000021","DISC ITEM","1","1","193071","1","9000","IAT2212190956","PAID","NHO2018000007"),
("IATT190004454","NPRM18000021","DISC ITEM","1","1","193071","2","9000","IAT2212190956","PAID","NHO2018000007"),
("IATT190004455","NPRM18000021","DISC ITEM","1","1","193033","1","21000","IAT2212190956","PAID","NHO2018000007"),
("IATT190004455","NPRM18000021","DISC ITEM","1","1","193007","1","18500","IAT2212190956","PAID","NHO2018000007"),
("IATT190004455","NPRM18000021","DISC ITEM","1","1","193069","1","6500","IAT2212190956","PAID","NHO2018000007"),
("IATT190004455","NPRM18000021","DISC ITEM","1","1","193070","1","6500","IAT2212190956","PAID","NHO2018000007"),
("IATT190004457","NPRM18000021","DISC ITEM","1","1","193033","1","21000","IAT2212190956","PAID","NHO2018000007"),
("IATT190004457","NPRM18000021","DISC ITEM","1","1","193033","2","21000","IAT2212190956","PAID","NHO2018000007"),
("IATT190004457","NPRM18000021","DISC ITEM","1","1","193011","1","20000","IAT2212190956","PAID","NHO2018000007"),
("IATT190004457","NPRM18000021","DISC ITEM","1","1","193007","1","18500","IAT2212190956","PAID","NHO2018000007"),
("IATT190004457","NPRM18000021","DISC ITEM","1","1","193029","1","13500","IAT2212190956","PAID","NHO2018000007"),
("IATT190004460","NPRM18000021","DISC ITEM","1","1","193020","1","20000","IAT2212190956","PAID","NHO2018000007"),
("IATT190004460","NPRM18000021","DISC ITEM","1","1","193085","1","15000","IAT2212190956","PAID","NHO2018000007"),
("IATT190004460","NPRM18000021","DISC ITEM","1","1","193038","1","18000","IAT2212190956","PAID","NHO2018000007"),
("IATT190004462","NPRM18000021","DISC ITEM","1","1","193084","1","15000","IAT2212190956","PAID","NHO2018000007"),
("IATT190004462","NPRM18000021","DISC ITEM","1","1","193021","1","20000","IAT2212190956","PAID","NHO2018000007"),
("IATT190004462","NPRM18000021","DISC ITEM","1","1","193082","1","15000","IAT2212190956","PAID","NHO2018000007"),
("IATT190004461","NPRM18000021","DISC ITEM","1","1","193076","1","15000","IAT2212190956","PAID","NHO2018000007"),
("IATT190004461","NPRM18000021","DISC ITEM","1","1","193078","1","15000","IAT2212190956","PAID","NHO2018000007"),
("IATT190004461","NPRM18000021","DISC ITEM","1","1","193015","1","16500","IAT2212190956","PAID","NHO2018000007"),
("IATT190004464","NPRM18000021","DISC ITEM","1","1","193011","1","20000","IAT2212190956","PAID","NHO2018000007"),
("IATT190004464","NPRM18000021","DISC ITEM","1","1","193084","1","15000","IAT2212190956","PAID","NHO2018000007"),
("IATT190004464","NPRM18000021","DISC ITEM","1","1","193078","1","15000","IAT2212190956","PAID","NHO2018000007"),
("IATT190004464","NPRM18000021","DISC ITEM","1","1","193032","1","15000","IAT2212190956","PAID","NHO2018000007"),
("IATT190004464","NPRM18000021","DISC ITEM","1","1","193070","1","6500","IAT2212190956","PAID","NHO2018000007"),
("IATT190004464","NPRM18000021","DISC ITEM","1","1","193069","1","6500","IAT2212190956","PAID","NHO2018000007");



INSERT INTO pos_paymenttemp VALUES("IATT190004438","CASH","CASH","52800","55000","ISU000006","2019-12-22","","1","","CLOSED","IAT2212190956","NHO2018000007"),
("IATT190004437","CASH","CASH","55000","100000","ISU000006","2019-12-22","","1","","CLOSED","IAT2212190956","NHO2018000007"),
("IATT190004439","CASH","CASH","72050","73000","ISU000006","2019-12-22","","1","","CLOSED","IAT2212190956","NHO2018000007"),
("IATT190004440","CASH","CASH","256300","270000","ISU000006","2019-12-22","","1","","CLOSED","IAT2212190956","NHO2018000007"),
("IATT190004441","CASH","CASH","90200","100000","ISU000006","2019-12-22","","1","","CLOSED","IAT2212190956","NHO2018000007"),
("IATT190004444","CASH","GOPAY","55900","55900","ISU000006","2019-12-22","","1","","CLOSED","IAT2212190956","NHO2018000007"),
("IATT190004442","CASH","CASH","81400","100500","ISU000006","2019-12-22","","1","","CLOSED","IAT2212190956","NHO2018000007"),
("IATT190004443","CASH","CASH","179300","180000","ISU000004","2019-12-22","","1","","CLOSED","IAT2212190956","NHO2018000007"),
("IATT190004445","CASH","CASH","182050","200000","ISU000004","2019-12-22","","1","","CLOSED","IAT2212190956","NHO2018000007"),
("IATT190004446","CASH","CASH","130900","150000","ISU000004","2019-12-22","","1","","CLOSED","IAT2212190956","NHO2018000007"),
("IATT190004447","CASH","CASH","123200","150000","ISU000004","2019-12-22","","1","","CLOSED","IAT2212190956","NHO2018000007"),
("IATT190004449","CASH","CASH","135300","150000","ISU000004","2019-12-22","","1","","CLOSED","IAT2212190956","NHO2018000007"),
("IATT190004448","CASH","CASH","220000","250000","ISU000004","2019-12-22","","1","","CLOSED","IAT2212190956","NHO2018000007"),
("IATT190004453","CASH","CASH","8800","9000","ISU000004","2019-12-22","","1","","CLOSED","IAT2212190956","NHO2018000007"),
("IATT190004451","CASH","CASH","104500","150000","ISU000006","2019-12-22","","1","","CLOSED","IAT2212190956","NHO2018000007"),
("IATT190004450","CARD","DEBIT BCA","185350","185350","ISU000006","2019-12-22","","1","","CLOSED","IAT2212190956","NHO2018000007"),
("IATT190004452","CARD","DEBIT BCA","74250","74250","ISU000006","2019-12-22","","1","","CLOSED","IAT2212190956","NHO2018000007"),
("IATT190004454","CARD","MASTER","147950","147950","ISU000006","2019-12-22","","1","","CLOSED","IAT2212190956","NHO2018000007"),
("IATT190004456","CASH","CASH","44000","50000","ISU000006","2019-12-22","","1","","CLOSED","IAT2212190956","NHO2018000007"),
("IATT190004457","CARD","DEBIT BCA","144100","144100","ISU000006","2019-12-22","","1","","CLOSED","IAT2212190956","NHO2018000007"),
("IATT190004458","CASH","CASH","125400","150000","ISU000006","2019-12-22","","1","","CLOSED","IAT2212190956","NHO2018000007"),
("IATT190004459","CARD","DEBIT BCA","95700","95700","ISU000004","2019-12-22","","1","","CLOSED","IAT2212190956","NHO2018000007"),
("IATT190004461","CARD","DEBIT BCA","88550","88550","ISU000004","2019-12-22","","1","","CLOSED","IAT2212190956","NHO2018000007"),
("IATT190004460","CARD","DEBIT BCA","88000","88000","ISU000004","2019-12-22","","1","","CLOSED","IAT2212190956","NHO2018000007"),
("IATT190004462","CARD","MASTER","85800","85800","ISU000004","2019-12-22","","1","","CLOSED","IAT2212190956","NHO2018000007"),
("IATT190004463","CARD","DEBIT BCA","71500","71500","ISU000004","2019-12-22","","1","","CLOSED","IAT2212190956","NHO2018000007"),
("IATT190004465","CASH","CASH","17600","100000","ISU000004","2019-12-22","","1","","CLOSED","IAT2212190956","NHO2018000007"),
("IATT190004455","CASH","CASH","101750","102000","ISU000004","2019-12-22","","1","","CLOSED","IAT2212190956","NHO2018000007"),
("IATT190004464","CARD","DEBIT BCA","132000","132000","ISU000004","2019-12-22","","1","","CLOSED","IAT2212190956","NHO2018000007");



