INSERT INTO pos_itemtemp VALUES("IATT190002234","193028","191001","192003","43000","1","43000","15480","27520","1","1","1","IAT2608191013","NHO2018000007","PAID","","193028"),
("IATT190002234","193027","191001","192003","43000","1","43000","15480","27520","1","1","1","IAT2608191013","NHO2018000007","PAID","","193027"),
("IATT190002234","193027","191001","192003","43000","1","43000","15480","27520","2","1","1","IAT2608191013","NHO2018000007","PAID","","193027"),
("IATT190002234","193027","191001","192003","43000","1","43000","15480","27520","3","1","1","IAT2608191013","NHO2018000007","PAID","","193027"),
("IATT190002234","193084","191001","192001","30000","1","30000","10800","19200","1","1","1","IAT2608191013","NHO2018000007","PAID","lv 2","PEDAS"),
("IATT190002234","193022","191001","192003","30000","1","30000","10800","19200","1","1","1","IAT2608191013","NHO2018000007","PAID","","193022"),
("IATT190002234","193022","191001","192003","30000","1","30000","10800","19200","2","1","1","IAT2608191013","NHO2018000007","PAID","","193022"),
("IATT190002234","193054","191002","192010","20000","1","20000","0","20000","1","1","1","IAT2608191013","NHO2018000007","PAID","","193054"),
("IATT190002234","193054","191002","192010","20000","1","20000","0","20000","2","1","1","IAT2608191013","NHO2018000007","PAID","","193054"),
("IATT190002234","193054","191002","192010","20000","1","20000","0","20000","3","1","1","IAT2608191013","NHO2018000007","PAID","","193054"),
("IATT190002234","193053","191002","192010","20000","1","20000","0","20000","1","1","1","IAT2608191013","NHO2018000007","PAID","","193053"),
("IATT190002234","193047","191002","192010","10000","1","10000","0","10000","1","1","1","IAT2608191013","NHO2018000007","PAID","","193047"),
("IATT190002234","193055","191002","192010","17000","1","17000","0","17000","1","1","1","IAT2608191013","NHO2018000007","PAID","","193055"),
("IATT190002234","193047","191002","192010","10000","1","10000","0","10000","2","1","2","IAT2608191013","NHO2018000007","PAID","","193047"),
("IATT190002234","193069","191001","192012","13000","1","13000","0","13000","1","1","2","IAT2608191013","NHO2018000007","PAID","","193069"),
("IATT190002235","193082","191001","192001","30000","1","30000","10800","19200","1","1","1","IAT2608191013","NHO2018000007","PAID","","193082"),
("IATT190002235","193084","191001","192001","30000","1","30000","10800","19200","1","1","1","IAT2608191013","NHO2018000007","PAID","","ORIGINAL"),
("IATT190002235","193069","191001","192012","13000","1","13000","0","13000","1","1","1","IAT2608191013","NHO2018000007","PAID","","193069"),
("IATT190002235","193055","191002","192010","17000","1","17000","0","17000","1","1","1","IAT2608191013","NHO2018000007","PAID","","193055"),
("IATT190002235","193047","191002","192010","10000","1","10000","0","10000","1","1","1","IAT2608191013","NHO2018000007","PAID","","193047"),
("IATT190002236","193084","191001","192001","30000","1","30000","10800","19200","1","1","1","IAT2608191013","NHO2018000007","PAID","","ORIGINAL"),
("IATT190002236","193047","191002","192010","10000","1","10000","0","10000","1","1","1","IAT2608191013","NHO2018000007","PAID","","193047"),
("IATT190002237","193076","191001","192001","30000","1","30000","10800","19200","1","1","1","IAT2608191013","NHO2018000007","PAID","smbl pish","193076"),
("IATT190002237","193049","191002","192010","10000","1","10000","0","10000","1","1","1","IAT2608191013","NHO2018000007","PAID","","193049"),
("IATT190002238","193056","191002","192010","17000","1","17000","0","17000","1","1","1","IAT2608191013","NHO2018000007","PAID","","193056"),
("IATT190002238","193056","191002","192010","17000","1","17000","0","17000","2","1","1","IAT2608191013","NHO2018000007","PAID","","193056"),
("IATT190002238","193030","191001","192004","27000","1","27000","9720","17280","1","1","1","IAT2608191013","NHO2018000007","PAID","","193030"),
("IATT190002238","193030","191001","192004","27000","1","27000","9720","17280","2","1","1","IAT2608191013","NHO2018000007","PAID","","193030"),
("IATT190002238","193083","191001","192001","30000","1","30000","10800","19200","1","1","1","IAT2608191013","NHO2018000007","PAID","","193083"),
("IATT190002238","193084","191001","192001","30000","1","30000","10800","19200","1","1","1","IAT2608191013","NHO2018000007","PAID","lv 3","PEDAS"),
("IATT190002239","193028","191001","192003","43000","1","43000","15480","27520","1","1","1","IAT2608191013","NHO2018000007","PAID","","193028"),
("IATT190002239","193046","191002","192010","10000","1","10000","0","10000","1","1","1","IAT2608191013","NHO2018000007","PAID","","193046"),
("IATT190002239","193046","191002","192010","10000","1","10000","0","10000","2","1","1","IAT2608191013","NHO2018000007","PAID","","193046"),
("IATT190002239","193016","191001","192002","37000","1","37000","13320","23680","1","1","1","IAT2608191013","NHO2018000007","PAID","","PEDAS"),
("IATT190002240","193047","191002","192010","10000","1","10000","0","10000","1","1","1","IAT2608191013","NHO2018000007","PAID","","193047"),
("IATT190002240","193047","191002","192010","10000","1","10000","0","10000","2","1","1","IAT2608191013","NHO2018000007","PAID","","193047"),
("IATT190002240","193005","191001","192001","37000","1","37000","13320","23680","1","1","1","IAT2608191013","NHO2018000007","PAID","sambal pisah","193005"),
("IATT190002240","193082","191001","192001","30000","1","30000","10800","19200","1","1","2","IAT2608191013","NHO2018000007","PAID","lv1 sambal pisah","193082"),
("IATT190002241","193021","191001","192002","40000","1","40000","0","40000","1","1","1","IAT2608191013","NHO2018000007","PAID","","ORIGINAL"),
("IATT190002241","193028","191001","192003","43000","1","43000","0","43000","1","1","1","IAT2608191013","NHO2018000007","PAID","","193028"),
("IATT190002241","193022","191001","192003","30000","1","30000","0","30000","1","1","1","IAT2608191013","NHO2018000007","PAID","","193022"),
("IATT190002241","193050","191002","192010","20000","1","20000","0","20000","1","1","1","IAT2608191013","NHO2018000007","PAID","","193050"),
("IATT190002242","193028","191001","192003","43000","1","43000","15480","27520","1","1","1","IAT2608191013","NHO2018000007","PAID","","193028"),
("IATT190002242","193056","191002","192010","17000","1","17000","0","17000","1","1","1","IAT2608191013","NHO2018000007","PAID","","193056"),
("IATT190002242","193056","191002","192010","17000","1","17000","0","17000","2","1","1","IAT2608191013","NHO2018000007","PAID","","193056"),
("IATT190002242","193034","191001","192005","37000","1","37000","13320","23680","1","1","1","IAT2608191013","NHO2018000007","PAID","telur 1/2 mateng","193034"),
("IATT190002242","193055","191002","192010","17000","1","17000","0","17000","1","1","1","IAT2608191013","NHO2018000007","PAID","","193055"),
("IATT190002242","193033","191001","192005","42000","1","42000","15120","26880","1","1","1","IAT2608191013","NHO2018000007","PAID","","193033"),
("IATT190002243","193021","191001","192002","40000","1","40000","14400","25600","1","1","1","IAT2608191013","NHO2018000007","PAID","","ORIGINAL"),
("IATT190002243","193046","191002","192010","10000","1","10000","0","10000","1","1","1","IAT2608191013","NHO2018000007","PAID","","193046"),
("IATT190002244","193009","191001","192001","40000","1","40000","14400","25600","1","1","1","IAT2608191013","NHO2018000007","PAID","","193009"),
("IATT190002244","193046","191002","192010","10000","1","10000","0","10000","1","1","1","IAT2608191013","NHO2018000007","PAID","","193046"),
("IATT190002243","193079","191001","192001","30000","1","30000","10800","19200","1","1","2","IAT2608191013","NHO2018000007","PAID","","193079"),
("IATT190002243","193046","191002","192010","10000","1","10000","0","10000","2","1","2","IAT2608191013","NHO2018000007","PAID","","193046"),
("IATT190002243","193046","191002","192010","10000","1","10000","0","10000","3","1","2","IAT2608191013","NHO2018000007","PAID","","193046"),
("IATT190002243","193028","191001","192003","43000","1","43000","15480","27520","1","1","2","IAT2608191013","NHO2018000007","PAID","","193028"),
("IATT190002245","193025","191001","192003","30000","1","30000","0","30000","1","1","1","IAT2608191013","NHO2018000007","PAID","","193025"),
("IATT190002245","193054","191002","192010","20000","1","20000","0","20000","1","1","1","IAT2608191013","NHO2018000007","PAID","","193054"),
("IATT190002244","193030","191001","192004","27000","1","27000","9720","17280","1","1","2","IAT2608191013","NHO2018000007","PAID","","193030"),
("IATT190002244","193084","191001","192001","30000","1","30000","10800","19200","1","1","2","IAT2608191013","NHO2018000007","PAID","","PEDAS"),
("IATT190002244","193055","191002","192010","17000","1","17000","0","17000","1","1","2","IAT2608191013","NHO2018000007","PAID","","193055"),
("IATT190002244","193054","191002","192010","20000","1","20000","0","20000","1","1","2","IAT2608191013","NHO2018000007","PAID","","193054"),
("IATT190002244","193056","191002","192010","17000","1","17000","0","17000","1","1","3","IAT2608191013","NHO2018000007","PAID","","193056"),
("IATT190002244","193048","191002","192010","8000","1","8000","0","8000","1","1","4","IAT2608191013","NHO2018000007","PAID","","193048"),
("IATT190002246","193055","191002","192010","17000","1","17000","0","17000","1","1","1","IAT2608191013","NHO2018000007","PAID","","193055"),
("IATT190002246","193055","191002","192010","17000","1","17000","0","17000","2","1","1","IAT2608191013","NHO2018000007","PAID","","193055"),
("IATT190002246","193079","191001","192001","30000","1","30000","10800","19200","1","1","1","IAT2608191013","NHO2018000007","PAID","smbl psh","193079"),
("IATT190002246","193085","191001","192001","30000","1","30000","10800","19200","1","1","1","IAT2608191013","NHO2018000007","PAID","","193085"),
("IATT190002247","193084","191001","192001","30000","1","30000","10800","19200","1","1","1","IAT2608191013","NHO2018000007","PAID","lv 2","PEDAS"),
("IATT190002247","193036","191001","192006","36000","1","36000","12960","23040","1","1","1","IAT2608191013","NHO2018000007","PAID","","PEDAS"),
("IATT190002247","193033","191001","192005","42000","1","42000","15120","26880","1","1","1","IAT2608191013","NHO2018000007","PAID","","193033"),
("IATT190002247","193038","191001","192006","36000","1","36000","12960","23040","1","1","1","IAT2608191013","NHO2018000007","PAID","","PEDAS"),
("IATT190002247","193048","191002","192010","8000","1","8000","0","8000","1","1","1","IAT2608191013","NHO2018000007","PAID","","193048"),
("IATT190002247","193048","191002","192010","8000","1","8000","0","8000","2","1","1","IAT2608191013","NHO2018000007","PAID","","193048"),
("IATT190002247","193049","191002","192010","10000","1","10000","0","10000","1","1","1","IAT2608191013","NHO2018000007","PAID","","193049"),
("IATT190002247","193049","191002","192010","10000","1","10000","0","10000","2","1","1","IAT2608191013","NHO2018000007","PAID","","193049"),
("IATT190002247","193069","191001","192012","13000","1","13000","0","13000","1","1","2","IAT2608191013","NHO2018000007","PAID","","193069");



INSERT INTO pos_salestemp VALUES("IATT190002234","","7","392000","94320","29768","0","327448","350000","26/08/2019","12:15","2019-08-26","14:07:15","ISU000012","tbl0020","CLOSED","1","","IATR190002175","","","","","IAT2608191013","NHO2018000007"),
("IATT190002235","","2","100000","21600","7840","0","86240","100000","26/08/2019","12:51","2019-08-26","14:33:10","ISU000011","tbl0011","CLOSED","1","","IATR190002176","","","","","IAT2608191013","NHO2018000007"),
("IATT190002236","","2","40000","10800","2920","0","32120","50000","26/08/2019","13:25","2019-08-26","14:37:05","ISU000011","tbl0005","CLOSED","1","","IATR190002177","","","","","IAT2608191013","NHO2018000007"),
("IATT190002237","","1","40000","10800","2920","0","32120","50000","26/08/2019","16:09","2019-08-26","16:59:45","ISU000011","tbl0012","CLOSED","1","","IATR190002178","","","","","IAT2608191013","NHO2018000007"),
("IATT190002238","","2","148000","41040","10696","0","117656","117656","26/08/2019","17:05","2019-08-26","17:58:23","ISU000011","tbl0010","CLOSED","1","","IATR190002179","","","","","IAT2608191013","NHO2018000007"),
("IATT190002239","","2","100000","28800","7120","0","78320","110000","26/08/2019","18:00","2019-08-26","18:39:26","ISU000011","tbl0012","CLOSED","1","","IATR190002180","","","","","IAT2608191013","NHO2018000007"),
("IATT190002240","","1","87000","24120","6288","0","69168","69168","26/08/2019","18:47","2019-08-26","19:21:41","ISU000011","tbl0011","CLOSED","1","","IATR190002181","","","","","IAT2608191013","NHO2018000007"),
("IATT190002241","","3","133000","0","13300","0","146300","146300","26/08/2019","18:53","2019-08-26","19:26:02","ISU000011","tbl0012","CLOSED","1","","IATR190002182","","","","","IAT2608191013","NHO2018000007"),
("IATT190002242","","3","173000","43920","12908","0","141988","150000","26/08/2019","18:54","2019-08-26","19:59:46","ISU000011","tbl0010","CLOSED","1","","IATR190002184","","","","","IAT2608191013","NHO2018000007"),
("IATT190002243","","1","143000","40680","10232","0","112552","120000","26/08/2019","18:59","2019-08-26","20:37:00","ISU000011","tbl0020","CLOSED","1","","IATR190002186","","","","","IAT2608191013","NHO2018000007"),
("IATT190002244","","1","169000","34920","13408","0","147488","200000","26/08/2019","19:10","2019-08-26","20:32:04","ISU000011","tbl0013","CLOSED","1","","IATR190002185","","","","","IAT2608191013","NHO2018000007"),
("IATT190002245","","1","50000","0","5000","0","55000","100000","26/08/2019","19:23","2019-08-26","19:49:50","ISU000011","tbl0024","CLOSED","1","","IATR190002183","","","","","IAT2608191013","NHO2018000007"),
("IATT190002246","","2","94000","21600","7240","0","79640","100000","26/08/2019","20:01","2019-08-26","20:45:19","ISU000011","tbl0012","CLOSED","1","","IATR190002187","","","","","IAT2608191013","NHO2018000007"),
("IATT190002247","","3","193000","51840","14116","0","155276","200000","26/08/2019","20:51","2019-08-26","21:36:46","ISU000011","tbl0011","CLOSED","1","","IATR190002188","","","","","IAT2608191013","NHO2018000007");






INSERT INTO pos_promotion_h VALUES("IATT190002234","NPRM18000016","DISC ITEM","1","94320","Diskon 20% + 20% Agustus","IAT2608191013","PAID","NHO2018000007"),
("IATT190002235","NPRM18000016","DISC ITEM","1","21600","Diskon 20% + 20% Agustus","IAT2608191013","PAID","NHO2018000007"),
("IATT190002236","NPRM18000016","DISC ITEM","1","10800","Diskon 20% + 20% Agustus","IAT2608191013","PAID","NHO2018000007"),
("IATT190002237","NPRM18000016","DISC ITEM","1","10800","Diskon 20% + 20% Agustus","IAT2608191013","PAID","NHO2018000007"),
("IATT190002238","NPRM18000016","DISC ITEM","1","41040","Diskon 20% + 20% Agustus","IAT2608191013","PAID","NHO2018000007"),
("IATT190002239","NPRM18000016","DISC ITEM","1","28800","Diskon 20% + 20% Agustus","IAT2608191013","PAID","NHO2018000007"),
("IATT190002240","NPRM18000016","DISC ITEM","1","24120","Diskon 20% + 20% Agustus","IAT2608191013","PAID","NHO2018000007"),
("IATT190002242","NPRM18000016","DISC ITEM","1","43920","Diskon 20% + 20% Agustus","IAT2608191013","PAID","NHO2018000007"),
("IATT190002244","NPRM18000016","DISC ITEM","1","34920","Diskon 20% + 20% Agustus","IAT2608191013","PAID","NHO2018000007"),
("IATT190002243","NPRM18000016","DISC ITEM","1","40680","Diskon 20% + 20% Agustus","IAT2608191013","PAID","NHO2018000007"),
("IATT190002246","NPRM18000016","DISC ITEM","1","21600","Diskon 20% + 20% Agustus","IAT2608191013","PAID","NHO2018000007"),
("IATT190002247","NPRM18000016","DISC ITEM","1","51840","Diskon 20% + 20% Agustus","IAT2608191013","PAID","NHO2018000007");



INSERT INTO pos_promotion_d VALUES("IATT190002234","NPRM18000016","DISC ITEM","1","1","193028","1","15480","IAT2608191013","PAID","NHO2018000007"),
("IATT190002234","NPRM18000016","DISC ITEM","1","1","193027","1","15480","IAT2608191013","PAID","NHO2018000007"),
("IATT190002234","NPRM18000016","DISC ITEM","1","1","193027","2","15480","IAT2608191013","PAID","NHO2018000007"),
("IATT190002234","NPRM18000016","DISC ITEM","1","1","193027","3","15480","IAT2608191013","PAID","NHO2018000007"),
("IATT190002234","NPRM18000016","DISC ITEM","1","1","193084","1","10800","IAT2608191013","PAID","NHO2018000007"),
("IATT190002234","NPRM18000016","DISC ITEM","1","1","193022","1","10800","IAT2608191013","PAID","NHO2018000007"),
("IATT190002234","NPRM18000016","DISC ITEM","1","1","193022","2","10800","IAT2608191013","PAID","NHO2018000007"),
("IATT190002235","NPRM18000016","DISC ITEM","1","1","193082","1","10800","IAT2608191013","PAID","NHO2018000007"),
("IATT190002235","NPRM18000016","DISC ITEM","1","1","193084","1","10800","IAT2608191013","PAID","NHO2018000007"),
("IATT190002236","NPRM18000016","DISC ITEM","1","1","193084","1","10800","IAT2608191013","PAID","NHO2018000007"),
("IATT190002237","NPRM18000016","DISC ITEM","1","1","193076","1","10800","IAT2608191013","PAID","NHO2018000007"),
("IATT190002238","NPRM18000016","DISC ITEM","1","1","193030","1","9720","IAT2608191013","PAID","NHO2018000007"),
("IATT190002238","NPRM18000016","DISC ITEM","1","1","193030","2","9720","IAT2608191013","PAID","NHO2018000007"),
("IATT190002238","NPRM18000016","DISC ITEM","1","1","193083","1","10800","IAT2608191013","PAID","NHO2018000007"),
("IATT190002238","NPRM18000016","DISC ITEM","1","1","193084","1","10800","IAT2608191013","PAID","NHO2018000007"),
("IATT190002239","NPRM18000016","DISC ITEM","1","1","193028","1","15480","IAT2608191013","PAID","NHO2018000007"),
("IATT190002239","NPRM18000016","DISC ITEM","1","1","193016","1","13320","IAT2608191013","PAID","NHO2018000007"),
("IATT190002240","NPRM18000016","DISC ITEM","1","1","193005","1","13320","IAT2608191013","PAID","NHO2018000007"),
("IATT190002240","NPRM18000016","DISC ITEM","1","1","193082","1","10800","IAT2608191013","PAID","NHO2018000007"),
("IATT190002242","NPRM18000016","DISC ITEM","1","1","193028","1","15480","IAT2608191013","PAID","NHO2018000007"),
("IATT190002242","NPRM18000016","DISC ITEM","1","1","193034","1","13320","IAT2608191013","PAID","NHO2018000007"),
("IATT190002242","NPRM18000016","DISC ITEM","1","1","193033","1","15120","IAT2608191013","PAID","NHO2018000007"),
("IATT190002244","NPRM18000016","DISC ITEM","1","1","193009","1","14400","IAT2608191013","PAID","NHO2018000007"),
("IATT190002244","NPRM18000016","DISC ITEM","1","1","193030","1","9720","IAT2608191013","PAID","NHO2018000007"),
("IATT190002244","NPRM18000016","DISC ITEM","1","1","193084","1","10800","IAT2608191013","PAID","NHO2018000007"),
("IATT190002243","NPRM18000016","DISC ITEM","1","1","193021","1","14400","IAT2608191013","PAID","NHO2018000007"),
("IATT190002243","NPRM18000016","DISC ITEM","1","1","193079","1","10800","IAT2608191013","PAID","NHO2018000007"),
("IATT190002243","NPRM18000016","DISC ITEM","1","1","193028","1","15480","IAT2608191013","PAID","NHO2018000007"),
("IATT190002246","NPRM18000016","DISC ITEM","1","1","193079","1","10800","IAT2608191013","PAID","NHO2018000007"),
("IATT190002246","NPRM18000016","DISC ITEM","1","1","193085","1","10800","IAT2608191013","PAID","NHO2018000007"),
("IATT190002247","NPRM18000016","DISC ITEM","1","1","193084","1","10800","IAT2608191013","PAID","NHO2018000007"),
("IATT190002247","NPRM18000016","DISC ITEM","1","1","193036","1","12960","IAT2608191013","PAID","NHO2018000007"),
("IATT190002247","NPRM18000016","DISC ITEM","1","1","193033","1","15120","IAT2608191013","PAID","NHO2018000007"),
("IATT190002247","NPRM18000016","DISC ITEM","1","1","193038","1","12960","IAT2608191013","PAID","NHO2018000007");



INSERT INTO pos_paymenttemp VALUES("IATT190002234","CASH","CASH","327448","350000","ISU000012","2019-08-26","","1","","CLOSED","IAT2608191013","NHO2018000007"),
("IATT190002235","CASH","CASH","86240","100000","ISU000011","2019-08-26","","1","","CLOSED","IAT2608191013","NHO2018000007"),
("IATT190002236","CASH","CASH","32120","50000","ISU000011","2019-08-26","","1","","CLOSED","IAT2608191013","NHO2018000007"),
("IATT190002237","CASH","CASH","32120","50000","ISU000011","2019-08-26","","1","","CLOSED","IAT2608191013","NHO2018000007"),
("IATT190002238","CARD","DEBIT BCA","117656","117656","ISU000011","2019-08-26","","1","","CLOSED","IAT2608191013","NHO2018000007"),
("IATT190002239","CASH","CASH","78320","110000","ISU000011","2019-08-26","","1","","CLOSED","IAT2608191013","NHO2018000007"),
("IATT190002240","CARD","DEBIT BCA","69168","69168","ISU000011","2019-08-26","","1","","CLOSED","IAT2608191013","NHO2018000007"),
("IATT190002241","CASH","OVO","146300","146300","ISU000011","2019-08-26","","1","","CLOSED","IAT2608191013","NHO2018000007"),
("IATT190002245","CASH","CASH","55000","100000","ISU000011","2019-08-26","","1","","CLOSED","IAT2608191013","NHO2018000007"),
("IATT190002242","CASH","CASH","141988","150000","ISU000011","2019-08-26","","1","","CLOSED","IAT2608191013","NHO2018000007"),
("IATT190002244","CASH","CASH","147488","200000","ISU000011","2019-08-26","","1","","CLOSED","IAT2608191013","NHO2018000007"),
("IATT190002243","CASH","CASH","112552","120000","ISU000011","2019-08-26","","1","","CLOSED","IAT2608191013","NHO2018000007"),
("IATT190002246","CASH","CASH","79640","100000","ISU000011","2019-08-26","","1","","CLOSED","IAT2608191013","NHO2018000007"),
("IATT190002247","CASH","CASH","155276","200000","ISU000011","2019-08-26","","1","","CLOSED","IAT2608191013","NHO2018000007");



