INSERT INTO pos_itemtemp VALUES("IATT190003957","193086","191001","192002","33000","1","33000","14520","18480","1","1","1","IAT2311191035","NHO2018000007","PAID","","PEDAS"),
("IATT190003957","193041","191001","192008","20000","1","20000","0","20000","1","1","1","IAT2311191035","NHO2018000007","PAID","","193041"),
("IATT190003957","193055","191002","192010","17000","1","17000","0","17000","1","1","1","IAT2311191035","NHO2018000007","PAID","","193055"),
("IATT190003957","193055","191002","192010","17000","1","17000","0","17000","2","1","1","IAT2311191035","NHO2018000007","PAID","","193055"),
("IATT190003958","193027","191001","192003","43000","1","43000","0","43000","1","1","1","IAT2311191035","NHO2018000007","PAID","","193027"),
("IATT190003958","193040","191001","192008","20000","1","20000","0","20000","1","1","1","IAT2311191035","NHO2018000007","PAID","","193040"),
("IATT190003958","193112","191001","192003","50000","1","50000","0","50000","1","1","1","IAT2311191035","NHO2018000007","PAID","","193112"),
("IATT190003958","193051","191002","192010","20000","1","20000","0","20000","1","1","1","IAT2311191035","NHO2018000007","PAID","","193051"),
("IATT190003958","193055","191002","192010","17000","1","17000","0","17000","1","1","1","IAT2311191035","NHO2018000007","PAID","","193055"),
("IATT190003958","193053","191002","192010","20000","1","20000","0","20000","1","1","1","IAT2311191035","NHO2018000007","PAID","","193053"),
("IATT190003959","193011","191001","192001","40000","1","40000","17600","22400","1","1","1","IAT2311191035","NHO2018000007","PAID","","PEDAS"),
("IATT190003959","193027","191001","192003","43000","1","43000","0","43000","1","1","1","IAT2311191035","NHO2018000007","PAID","","193027"),
("IATT190003959","193028","191001","192003","43000","1","43000","0","43000","1","1","1","IAT2311191035","NHO2018000007","PAID","","193028"),
("IATT190003959","193051","191002","192010","20000","1","20000","0","20000","1","1","1","IAT2311191035","NHO2018000007","PAID","","193051"),
("IATT190003959","193048","191002","192010","8000","1","8000","0","8000","1","1","1","IAT2311191035","NHO2018000007","PAID","","193048"),
("IATT190003959","193055","191002","192010","17000","1","17000","0","17000","1","1","2","IAT2311191035","NHO2018000007","PAID","","193055"),
("IATT190003960","193034","191001","192005","37000","1","37000","16280","20720","1","1","1","IAT2311191035","NHO2018000007","PAID","","193034"),
("IATT190003960","193056","191002","192010","17000","1","17000","0","17000","1","1","1","IAT2311191035","NHO2018000007","PAID","","193056"),
("IATT190003960","193056","191002","192010","17000","1","17000","0","17000","2","1","1","IAT2311191035","NHO2018000007","PAID","","193056"),
("IATT190003960","193034","191001","192005","37000","1","37000","16280","20720","2","1","1","IAT2311191035","NHO2018000007","PAID","","193034"),
("IATT190003961","193056","191002","192010","17000","1","17000","0","17000","1","1","1","IAT2311191035","NHO2018000007","PAID","","193056"),
("IATT190003961","193053","191002","192010","20000","1","20000","0","20000","1","1","1","IAT2311191035","NHO2018000007","PAID","","193053"),
("IATT190003961","193072","191001","192012","25000","1","25000","11000","14000","1","1","1","IAT2311191035","NHO2018000007","PAID","","193072"),
("IATT190003961","193007","191001","192001","37000","1","37000","16280","20720","1","1","1","IAT2311191035","NHO2018000007","PAID","","PEDAS"),
("IATT190003962","193084","191001","192001","30000","1","30000","13200","16800","1","1","1","IAT2311191035","NHO2018000007","PAID","","PEDAS"),
("IATT190003962","193048","191002","192010","8000","1","8000","0","8000","1","1","1","IAT2311191035","NHO2018000007","PAID","","193048"),
("IATT190003963","193035","191001","192006","32000","1","32000","14080","17920","1","1","1","IAT2311191035","NHO2018000007","PAID","SEDANG","PEDAS"),
("IATT190003963","193052","191002","192010","20000","1","20000","0","20000","1","1","1","IAT2311191035","NHO2018000007","PAID","","193052"),
("IATT190003963","193048","191002","192010","8000","1","8000","0","8000","1","1","2","IAT2311191035","NHO2018000007","PAID","","193048"),
("IATT190003964","193027","191001","192003","43000","1","43000","0","43000","1","1","1","IAT2311191035","NHO2018000007","PAID","","193027"),
("IATT190003964","193082","191001","192001","30000","1","30000","13200","16800","1","1","1","IAT2311191035","NHO2018000007","PAID","","193082"),
("IATT190003964","193009","191001","192001","40000","1","40000","17600","22400","1","1","1","IAT2311191035","NHO2018000007","PAID","","193009"),
("IATT190003964","193118","191001","192012","20000","1","20000","0","20000","1","1","1","IAT2311191035","NHO2018000007","PAID","","193118"),
("IATT190003964","193053","191002","192010","20000","1","20000","0","20000","1","1","1","IAT2311191035","NHO2018000007","PAID","","193053"),
("IATT190003964","193048","191002","192010","8000","1","8000","0","8000","1","1","1","IAT2311191035","NHO2018000007","PAID","","193048"),
("IATT190003964","193056","191002","192010","17000","1","17000","0","17000","1","1","1","IAT2311191035","NHO2018000007","PAID","","193056"),
("IATT190003965","193007","191001","192001","37000","1","37000","16280","20720","1","1","1","IAT2311191035","NHO2018000007","PAID","","PEDAS"),
("IATT190003965","193035","191001","192006","32000","1","32000","14080","17920","1","1","1","IAT2311191035","NHO2018000007","PAID","","PEDAS"),
("IATT190003965","193056","191002","192010","17000","1","17000","0","17000","1","1","1","IAT2311191035","NHO2018000007","PAID","","193056"),
("IATT190003965","193047","191002","192010","10000","1","10000","0","10000","1","1","1","IAT2311191035","NHO2018000007","PAID","","193047"),
("IATT190003965","193118","191001","192012","20000","1","20000","0","20000","1","1","1","IAT2311191035","NHO2018000007","PAID","","193118"),
("IATT190003966","193024","191001","192003","30000","1","30000","0","30000","1","1","1","IAT2311191035","NHO2018000007","PAID","","193024"),
("IATT190003966","193024","191001","192003","30000","1","30000","0","30000","2","1","1","IAT2311191035","NHO2018000007","PAID","","193024"),
("IATT190003966","193052","191002","192010","20000","1","20000","0","20000","1","1","1","IAT2311191035","NHO2018000007","PAID","","193052"),
("IATT190003966","193053","191002","192010","20000","1","20000","0","20000","1","1","1","IAT2311191035","NHO2018000007","PAID","","193053"),
("IATT190003967","193046","191002","192010","10000","1","10000","0","10000","1","1","1","IAT2311191035","NHO2018000007","PAID","","193046"),
("IATT190003967","193046","191002","192010","10000","1","10000","0","10000","2","1","1","IAT2311191035","NHO2018000007","PAID","","193046"),
("IATT190003967","193046","191002","192010","10000","1","10000","0","10000","3","1","1","IAT2311191035","NHO2018000007","PAID","","193046"),
("IATT190003967","193046","191002","192010","10000","1","10000","0","10000","4","1","1","IAT2311191035","NHO2018000007","PAID","","193046"),
("IATT190003967","193009","191001","192001","40000","1","40000","17600","22400","1","1","1","IAT2311191035","NHO2018000007","PAID","","193009"),
("IATT190003967","193036","191001","192006","36000","1","36000","15840","20160","1","1","1","IAT2311191035","NHO2018000007","PAID","","PEDAS"),
("IATT190003967","193084","191001","192001","30000","1","30000","13200","16800","1","1","1","IAT2311191035","NHO2018000007","PAID","","PEDAS"),
("IATT190003967","193084","191001","192001","30000","1","30000","13200","16800","2","1","1","IAT2311191035","NHO2018000007","PAID","","PEDAS"),
("IATT190003969","193048","191002","192010","8000","1","8000","0","8000","1","1","1","IAT2311191035","NHO2018000007","PAID","","193048"),
("IATT190003969","193048","191002","192010","8000","1","8000","0","8000","2","1","1","IAT2311191035","NHO2018000007","PAID","","193048"),
("IATT190003968","193011","191001","192001","40000","1","40000","17600","22400","1","1","1","IAT2311191035","NHO2018000007","PAID","","PEDAS"),
("IATT190003968","193079","191001","192001","30000","1","30000","13200","16800","1","1","1","IAT2311191035","NHO2018000007","PAID","","193079"),
("IATT190003968","193048","191002","192010","8000","1","8000","0","8000","1","1","1","IAT2311191035","NHO2018000007","PAID","","193048"),
("IATT190003968","193049","191002","192010","10000","1","10000","0","10000","1","1","1","IAT2311191035","NHO2018000007","PAID","","193049"),
("IATT190003970","193084","191001","192001","30000","1","30000","13200","16800","1","1","1","IAT2311191035","NHO2018000007","PAID","","PEDAS"),
("IATT190003971","193078","191001","192001","30000","1","30000","13200","16800","1","1","1","IAT2311191035","NHO2018000007","PAID","","ORIGINAL"),
("IATT190003971","193087","191001","192002","33000","1","33000","14520","18480","1","1","1","IAT2311191035","NHO2018000007","PAID","","193087"),
("IATT190003971","193056","191002","192010","17000","1","17000","0","17000","1","1","1","IAT2311191035","NHO2018000007","PAID","","193056"),
("IATT190003971","193048","191002","192010","8000","1","8000","0","8000","1","1","1","IAT2311191035","NHO2018000007","PAID","","193048"),
("IATT190003971","193055","191002","192010","17000","1","17000","0","17000","1","1","1","IAT2311191035","NHO2018000007","PAID","","193055"),
("IATT190003972","193028","191001","192003","43000","1","43000","0","43000","1","1","1","IAT2311191035","NHO2018000007","PAID","","193028"),
("IATT190003972","193028","191001","192003","43000","1","43000","0","43000","2","1","1","IAT2311191035","NHO2018000007","PAID","","193028"),
("IATT190003972","193033","191001","192005","42000","1","42000","0","42000","1","1","1","IAT2311191035","NHO2018000007","PAID","","193033"),
("IATT190003972","193047","191002","192010","10000","1","10000","0","10000","1","1","1","IAT2311191035","NHO2018000007","PAID","","193047"),
("IATT190003972","193047","191002","192010","10000","1","10000","0","10000","2","1","1","IAT2311191035","NHO2018000007","PAID","","193047"),
("IATT190003972","193056","191002","192010","17000","1","17000","0","17000","1","1","1","IAT2311191035","NHO2018000007","PAID","","193056"),
("IATT190003972","193052","191002","192010","20000","1","20000","0","20000","1","1","1","IAT2311191035","NHO2018000007","PAID","","193052"),
("IATT190003974","193112","191001","192003","50000","1","50000","0","50000","1","1","1","IAT2311191035","NHO2018000007","PAID","","193112"),
("IATT190003974","193077","191001","192001","30000","1","30000","0","30000","1","1","1","IAT2311191035","NHO2018000007","PAID","","193077"),
("IATT190003974","193054","191002","192010","20000","1","20000","0","20000","1","1","1","IAT2311191035","NHO2018000007","PAID","","193054"),
("IATT190003974","193047","191002","192010","10000","1","10000","0","10000","1","1","1","IAT2311191035","NHO2018000007","PAID","","193047"),
("IATT190003973","193085","191001","192001","30000","1","30000","0","30000","1","1","1","IAT2311191035","NHO2018000007","PAID","","193085"),
("IATT190003973","193174","191001","192015","23636","1","23636","0","23636","1","1","1","IAT2311191035","NHO2018000007","PAID","","193174"),
("IATT190003975","193082","191001","192001","30000","1","30000","0","30000","1","1","1","IAT2311191035","NHO2018000007","PAID","","193082"),
("IATT190003975","193035","191001","192006","32000","1","32000","0","32000","1","1","1","IAT2311191035","NHO2018000007","PAID","","ORIGINAL"),
("IATT190003975","193053","191002","192010","20000","1","20000","0","20000","1","1","1","IAT2311191035","NHO2018000007","PAID","","193053");



INSERT INTO pos_salestemp VALUES("IATT190003957","NHM2019003786 Euis murnasih","2","87000","14520","7248","0","79728","100000","23/11/2019","11:41","2019-11-23","12:08:50","ISU000004","tbl0011","CLOSED","1","","IATR190003847","","","","","IAT2311191035","NHO2018000007"),
("IATT190003958","","3","170000","0","17000","0","187000","200000","23/11/2019","11:50","2019-11-23","12:34:55","ISU000004","tbl0022","CLOSED","1","","IATR190003848","","","","","IAT2311191035","NHO2018000007"),
("IATT190003959","","2","171000","17600","15340","0","168740","200000","23/11/2019","12:25","2019-11-23","13:06:36","ISU000004","tbl0011","CLOSED","1","","IATR190003849","","","","","IAT2311191035","NHO2018000007"),
("IATT190003960","","2","108000","32560","7544","0","82984","100000","23/11/2019","12:33","2019-11-23","13:29:34","ISU000004","tbl0012","CLOSED","1","","IATR190003850","","","","","IAT2311191035","NHO2018000007"),
("IATT190003961","","1","99000","27280","7172","0","78892","100000","23/11/2019","13:05","2019-11-23","13:39:59","ISU000004","tbl0014","CLOSED","1","","IATR190003851","","","","","IAT2311191035","NHO2018000007"),
("IATT190003962","","1","38000","13200","2480","0","27280","30000","23/11/2019","13:20","2019-11-23","13:41:10","ISU000004","tbl0005","CLOSED","1","","IATR190003852","","","","","IAT2311191035","NHO2018000007"),
("IATT190003963","","1","60000","14080","4592","0","50512","100000","23/11/2019","13:55","2019-11-23","14:29:30","ISU000004","tbl0004","CLOSED","1","","IATR190003853","","","","","IAT2311191035","NHO2018000007"),
("IATT190003964","","2","178000","30800","14720","0","161920","162000","23/11/2019","14:04","2019-11-23","14:44:25","ISU000006","tbl0012","CLOSED","1","","IATR190003854","","","","","IAT2311191035","NHO2018000007"),
("IATT190003965","","1","116000","30360","8564","0","94204","100000","23/11/2019","14:45","2019-11-23","15:33:37","ISU000006","tbl0010","CLOSED","1","","IATR190003855","","","","","IAT2311191035","NHO2018000007"),
("IATT190003966","","2","100000","0","10000","0","110000","150000","23/11/2019","16:06","2019-11-23","17:01:00","ISU000006","tbl0018","CLOSED","1","","IATR190003856","","","","","IAT2311191035","NHO2018000007"),
("IATT190003967","","4","176000","59840","11616","0","127776","200000","23/11/2019","17:04","2019-11-23","17:47:20","ISU000006","tbl0010","CLOSED","1","","IATR190003858","","","","","IAT2311191035","NHO2018000007"),
("IATT190003968","","2","88000","30800","5720","0","62920","100000","23/11/2019","17:20","2019-11-23","17:51:46","ISU000006","tbl0021","CLOSED","1","","IATR190003859","","","","","IAT2311191035","NHO2018000007"),
("IATT190003969","","1","16000","0","1600","0","17600","20000","23/11/2019","17:21","2019-11-23","17:21:24","ISU000006","tbl0050","CLOSED","1","","IATR190003857","","","","","IAT2311191035","NHO2018000007"),
("IATT190003970","","1","30000","13200","1680","0","18480","20000","23/11/2019","18:45","2019-11-23","20:30:07","ISU000006","tbl0050","CLOSED","1","","IATR190003864","","","","","IAT2311191035","NHO2018000007"),
("IATT190003971","","2","105000","27720","7728","0","85008","100000","23/11/2019","19:13","2019-11-23","20:01:24","ISU000006","tbl0010","CLOSED","1","","IATR190003861","","","","","IAT2311191035","NHO2018000007"),
("IATT190003972","","3","185000","0","18500","0","203500","210000","23/11/2019","19:18","2019-11-23","20:19:09","ISU000006","tbl0012","CLOSED","1","","IATR190003863","","","","","IAT2311191035","NHO2018000007"),
("IATT190003973","","1","53636","0","5364","0","59000","59000","23/11/2019","19:27","2019-11-23","19:47:07","ISU000006","tbl0049","CLOSED","1","","IATR190003860","","","","","IAT2311191035","NHO2018000007"),
("IATT190003974","","2","110000","0","11000","0","121000","122000","23/11/2019","19:41","2019-11-23","20:16:32","ISU000006","tbl0004","CLOSED","1","","IATR190003862","","","","","IAT2311191035","NHO2018000007"),
("IATT190003975","","1","82000","0","8200","0","90200","100000","23/11/2019","21:09","2019-11-23","21:32:52","ISU000006","tbl0010","CLOSED","1","","IATR190003865","","","","","IAT2311191035","NHO2018000007");






INSERT INTO pos_promotion_h VALUES("IATT190003957","NPRM18000020","DISC ITEM","1","14520","PROMO LAGI VIRAL 30%+20%","IAT2311191035","PAID","NHO2018000007"),
("IATT190003959","NPRM18000020","DISC ITEM","1","17600","PROMO LAGI VIRAL 30%+20%","IAT2311191035","PAID","NHO2018000007"),
("IATT190003960","NPRM18000020","DISC ITEM","1","32560","PROMO LAGI VIRAL 30%+20%","IAT2311191035","PAID","NHO2018000007"),
("IATT190003961","NPRM18000020","DISC ITEM","1","27280","PROMO LAGI VIRAL 30%+20%","IAT2311191035","PAID","NHO2018000007"),
("IATT190003962","NPRM18000020","DISC ITEM","1","13200","PROMO LAGI VIRAL 30%+20%","IAT2311191035","PAID","NHO2018000007"),
("IATT190003963","NPRM18000020","DISC ITEM","1","14080","PROMO LAGI VIRAL 30%+20%","IAT2311191035","PAID","NHO2018000007"),
("IATT190003964","NPRM18000020","DISC ITEM","1","30800","PROMO LAGI VIRAL 30%+20%","IAT2311191035","PAID","NHO2018000007"),
("IATT190003965","NPRM18000020","DISC ITEM","1","30360","PROMO LAGI VIRAL 30%+20%","IAT2311191035","PAID","NHO2018000007"),
("IATT190003967","NPRM18000020","DISC ITEM","1","59840","PROMO LAGI VIRAL 30%+20%","IAT2311191035","PAID","NHO2018000007"),
("IATT190003968","NPRM18000020","DISC ITEM","1","30800","PROMO LAGI VIRAL 30%+20%","IAT2311191035","PAID","NHO2018000007"),
("IATT190003971","NPRM18000020","DISC ITEM","1","27720","PROMO LAGI VIRAL 30%+20%","IAT2311191035","PAID","NHO2018000007"),
("IATT190003970","NPRM18000020","DISC ITEM","1","13200","PROMO LAGI VIRAL 30%+20%","IAT2311191035","PAID","NHO2018000007");



INSERT INTO pos_promotion_d VALUES("IATT190003957","NPRM18000020","DISC ITEM","1","1","193086","1","14520","IAT2311191035","PAID","NHO2018000007"),
("IATT190003959","NPRM18000020","DISC ITEM","1","1","193011","1","17600","IAT2311191035","PAID","NHO2018000007"),
("IATT190003960","NPRM18000020","DISC ITEM","1","1","193034","1","16280","IAT2311191035","PAID","NHO2018000007"),
("IATT190003960","NPRM18000020","DISC ITEM","1","1","193034","2","16280","IAT2311191035","PAID","NHO2018000007"),
("IATT190003961","NPRM18000020","DISC ITEM","1","1","193072","1","11000","IAT2311191035","PAID","NHO2018000007"),
("IATT190003961","NPRM18000020","DISC ITEM","1","1","193007","1","16280","IAT2311191035","PAID","NHO2018000007"),
("IATT190003962","NPRM18000020","DISC ITEM","1","1","193084","1","13200","IAT2311191035","PAID","NHO2018000007"),
("IATT190003963","NPRM18000020","DISC ITEM","1","1","193035","1","14080","IAT2311191035","PAID","NHO2018000007"),
("IATT190003964","NPRM18000020","DISC ITEM","1","1","193082","1","13200","IAT2311191035","PAID","NHO2018000007"),
("IATT190003964","NPRM18000020","DISC ITEM","1","1","193009","1","17600","IAT2311191035","PAID","NHO2018000007"),
("IATT190003965","NPRM18000020","DISC ITEM","1","1","193007","1","16280","IAT2311191035","PAID","NHO2018000007"),
("IATT190003965","NPRM18000020","DISC ITEM","1","1","193035","1","14080","IAT2311191035","PAID","NHO2018000007"),
("IATT190003967","NPRM18000020","DISC ITEM","1","1","193009","1","17600","IAT2311191035","PAID","NHO2018000007"),
("IATT190003967","NPRM18000020","DISC ITEM","1","1","193036","1","15840","IAT2311191035","PAID","NHO2018000007"),
("IATT190003967","NPRM18000020","DISC ITEM","1","1","193084","1","13200","IAT2311191035","PAID","NHO2018000007"),
("IATT190003967","NPRM18000020","DISC ITEM","1","1","193084","2","13200","IAT2311191035","PAID","NHO2018000007"),
("IATT190003968","NPRM18000020","DISC ITEM","1","1","193011","1","17600","IAT2311191035","PAID","NHO2018000007"),
("IATT190003968","NPRM18000020","DISC ITEM","1","1","193079","1","13200","IAT2311191035","PAID","NHO2018000007"),
("IATT190003971","NPRM18000020","DISC ITEM","1","1","193078","1","13200","IAT2311191035","PAID","NHO2018000007"),
("IATT190003971","NPRM18000020","DISC ITEM","1","1","193087","1","14520","IAT2311191035","PAID","NHO2018000007"),
("IATT190003970","NPRM18000020","DISC ITEM","1","1","193084","1","13200","IAT2311191035","PAID","NHO2018000007");



INSERT INTO pos_paymenttemp VALUES("IATT190003957","CASH","CASH","79728","100000","ISU000004","2019-11-23","","1","","CLOSED","IAT2311191035","NHO2018000007"),
("IATT190003958","CASH","CASH","187000","200000","ISU000004","2019-11-23","","1","","CLOSED","IAT2311191035","NHO2018000007"),
("IATT190003959","CASH","CASH","168740","200000","ISU000004","2019-11-23","","1","","CLOSED","IAT2311191035","NHO2018000007"),
("IATT190003960","CASH","CASH","82984","100000","ISU000004","2019-11-23","","1","","CLOSED","IAT2311191035","NHO2018000007"),
("IATT190003961","CASH","CASH","78892","100000","ISU000004","2019-11-23","","1","","CLOSED","IAT2311191035","NHO2018000007"),
("IATT190003962","CASH","CASH","27280","30000","ISU000004","2019-11-23","","1","","CLOSED","IAT2311191035","NHO2018000007"),
("IATT190003963","CASH","CASH","50512","100000","ISU000004","2019-11-23","","1","","CLOSED","IAT2311191035","NHO2018000007"),
("IATT190003964","CASH","CASH","161920","162000","ISU000006","2019-11-23","","1","","CLOSED","IAT2311191035","NHO2018000007"),
("IATT190003965","CASH","CASH","94204","100000","ISU000006","2019-11-23","","1","","CLOSED","IAT2311191035","NHO2018000007"),
("IATT190003966","CASH","CASH","110000","150000","ISU000006","2019-11-23","","1","","CLOSED","IAT2311191035","NHO2018000007"),
("IATT190003969","CASH","CASH","17600","20000","ISU000006","2019-11-23","","1","","CLOSED","IAT2311191035","NHO2018000007"),
("IATT190003967","CASH","CASH","127776","200000","ISU000006","2019-11-23","","1","","CLOSED","IAT2311191035","NHO2018000007"),
("IATT190003968","CASH","CASH","62920","100000","ISU000006","2019-11-23","","1","","CLOSED","IAT2311191035","NHO2018000007"),
("IATT190003973","CASH","GOPAY","59000","59000","ISU000006","2019-11-23","","1","","CLOSED","IAT2311191035","NHO2018000007"),
("IATT190003971","CASH","CASH","85008","100000","ISU000006","2019-11-23","","1","","CLOSED","IAT2311191035","NHO2018000007"),
("IATT190003974","CASH","CASH","121000","122000","ISU000006","2019-11-23","","1","","CLOSED","IAT2311191035","NHO2018000007"),
("IATT190003972","CASH","CASH","203500","210000","ISU000006","2019-11-23","","1","","CLOSED","IAT2311191035","NHO2018000007"),
("IATT190003970","CASH","CASH","18480","20000","ISU000006","2019-11-23","","1","","CLOSED","IAT2311191035","NHO2018000007"),
("IATT190003975","CASH","CASH","90200","100000","ISU000006","2019-11-23","","1","","CLOSED","IAT2311191035","NHO2018000007");



