INSERT INTO pos_itemtemp VALUES("IATT190002801","193055","191002","192010","17000","1","17000","0","17000","1","1","1","IAT2709191022","NHO2018000007","PAID","","193055"),
("IATT190002802","193118","191001","192012","20000","1","20000","10000","10000","1","1","1","IAT2709191022","NHO2018000007","PAID","","193118"),
("IATT190002802","193033","191001","192005","42000","1","42000","21000","21000","1","1","1","IAT2709191022","NHO2018000007","PAID","","193033"),
("IATT190002802","193055","191002","192010","17000","1","17000","0","17000","1","1","1","IAT2709191022","NHO2018000007","PAID","","193055"),
("IATT190002802","193052","191002","192010","20000","1","20000","0","20000","1","1","1","IAT2709191022","NHO2018000007","PAID","","193052"),
("IATT190002802","193039","191001","192006","36000","1","36000","18000","18000","1","1","2","IAT2709191022","NHO2018000007","PAID","pedes bgttt","PEDAS"),
("IATT190002802","193048","191002","192010","8000","1","8000","0","8000","1","1","3","IAT2709191022","NHO2018000007","PAID","","193048"),
("IATT190002803","193056","191002","192010","17000","1","17000","0","17000","1","1","1","IAT2709191022","NHO2018000007","PAID","","193056"),
("IATT190002803","193055","191002","192010","17000","1","17000","0","17000","1","1","1","IAT2709191022","NHO2018000007","PAID","","193055"),
("IATT190002803","193034","191001","192005","37000","1","37000","18500","18500","1","1","1","IAT2709191022","NHO2018000007","PAID","","193034"),
("IATT190002803","193008","191001","192001","37000","1","37000","18500","18500","1","1","1","IAT2709191022","NHO2018000007","PAID","","193008"),
("IATT190002804","193083","191001","192001","30000","1","30000","15000","15000","1","1","1","IAT2709191022","NHO2018000007","PAID","","193083"),
("IATT190002804","193055","191002","192010","17000","1","17000","0","17000","1","1","2","IAT2709191022","NHO2018000007","PAID","","193055"),
("IATT190002805","193030","191001","192004","27000","1","27000","13500","13500","1","1","1","IAT2709191022","NHO2018000007","PAID","","193030"),
("IATT190002805","193052","191002","192010","20000","1","20000","0","20000","1","1","1","IAT2709191022","NHO2018000007","PAID","","193052"),
("IATT190002804","193048","191002","192010","8000","1","8000","0","8000","1","1","3","IAT2709191022","NHO2018000007","PAID","","193048"),
("IATT190002806","193029","191001","192004","27000","1","27000","13500","13500","1","1","1","IAT2709191022","NHO2018000007","PAID","","193029"),
("IATT190002806","193085","191001","192001","30000","1","30000","15000","15000","1","1","1","IAT2709191022","NHO2018000007","PAID","","193085"),
("IATT190002807","193011","191001","192001","40000","1","40000","20000","20000","1","1","1","IAT2709191022","NHO2018000007","PAID","","ORIGINAL"),
("IATT190002807","193052","191002","192010","20000","1","20000","0","20000","1","1","1","IAT2709191022","NHO2018000007","PAID","ga pake susu coklat","193052"),
("IATT190002807","193033","191001","192005","42000","1","42000","21000","21000","1","1","1","IAT2709191022","NHO2018000007","PAID","","193033"),
("IATT190002808","193082","191001","192001","30000","1","30000","15000","15000","1","1","1","IAT2709191022","NHO2018000007","PAID","","193082"),
("IATT190002809","193032","191001","192004","30000","1","30000","15000","15000","1","1","1","IAT2709191022","NHO2018000007","PAID","","193032"),
("IATT190002809","193030","191001","192004","27000","1","27000","13500","13500","1","1","1","IAT2709191022","NHO2018000007","PAID","","193030"),
("IATT190002809","193054","191002","192010","20000","1","20000","0","20000","1","1","1","IAT2709191022","NHO2018000007","PAID","","193054"),
("IATT190002809","193053","191002","192010","20000","1","20000","0","20000","1","1","1","IAT2709191022","NHO2018000007","PAID","","193053"),
("IATT190002810","193012","191001","192001","40000","1","40000","20000","20000","1","1","1","IAT2709191022","NHO2018000007","PAID","","193012"),
("IATT190002810","193053","191002","192010","20000","1","20000","0","20000","1","1","1","IAT2709191022","NHO2018000007","PAID","","193053"),
("IATT190002810","193048","191002","192010","8000","1","8000","0","8000","1","1","1","IAT2709191022","NHO2018000007","PAID","","193048"),
("IATT190002804","193052","191002","192010","20000","1","20000","0","20000","1","1","4","IAT2709191022","NHO2018000007","PAID","","193052"),
("IATT190002804","193054","191002","192010","20000","1","20000","0","20000","1","1","4","IAT2709191022","NHO2018000007","PAID","","193054"),
("IATT190002804","193055","191002","192010","17000","1","17000","0","17000","2","1","4","IAT2709191022","NHO2018000007","PAID","","193055"),
("IATT190002804","193083","191001","192001","30000","1","30000","15000","15000","2","1","4","IAT2709191022","NHO2018000007","PAID","","193083"),
("IATT190002811","193047","191002","192010","10000","1","10000","0","10000","1","1","1","IAT2709191022","NHO2018000007","PAID","","193047"),
("IATT190002811","193033","191001","192005","42000","1","42000","21000","21000","1","1","1","IAT2709191022","NHO2018000007","PAID","","193033"),
("IATT190002811","193083","191001","192001","30000","1","30000","15000","15000","1","1","1","IAT2709191022","NHO2018000007","PAID","","193083"),
("IATT190002811","193049","191002","192010","10000","1","10000","0","10000","1","1","2","IAT2709191022","NHO2018000007","PAID","","193049"),
("IATT190002812","193152","191001","192015","39000","1","39000","0","39000","1","1","1","IAT2709191022","NHO2018000007","PAID","go food / pedes sedeng","193152"),
("IATT190002812","193151","191001","192015","39000","1","39000","0","39000","1","1","1","IAT2709191022","NHO2018000007","PAID","go food / pedes sedeng","193151"),
("IATT190002813","193053","191002","192010","20000","1","20000","0","20000","1","1","1","IAT2709191022","NHO2018000007","PAID","","193053"),
("IATT190002813","193080","191001","192002","33000","1","33000","16500","16500","1","1","1","IAT2709191022","NHO2018000007","PAID","","PEDAS"),
("IATT190002813","193048","191002","192010","8000","1","8000","0","8000","1","1","1","IAT2709191022","NHO2018000007","PAID","","193048"),
("IATT190002813","193113","191001","192003","55000","1","55000","0","55000","1","1","1","IAT2709191022","NHO2018000007","PAID","","193113"),
("IATT190002813","193113","191001","192003","55000","1","55000","0","55000","2","1","1","IAT2709191022","NHO2018000007","PAID","","193113"),
("IATT190002813","193048","191002","192010","8000","1","8000","0","8000","2","1","2","IAT2709191022","NHO2018000007","PAID","","193048"),
("IATT190002813","193048","191002","192010","8000","1","8000","0","8000","3","1","2","IAT2709191022","NHO2018000007","PAID","","193048"),
("IATT190002814","193011","191001","192001","40000","1","40000","20000","20000","1","1","1","IAT2709191022","NHO2018000007","PAID"," jangan terlalu pedas","ORIGINAL"),
("IATT190002814","193048","191002","192010","8000","1","8000","0","8000","1","1","1","IAT2709191022","NHO2018000007","PAID","","193048"),
("IATT190002814","193051","191002","192010","20000","1","20000","0","20000","1","1","1","IAT2709191022","NHO2018000007","PAID","","193051"),
("IATT190002815","193080","191001","192002","33000","1","33000","16500","16500","1","1","1","IAT2709191022","NHO2018000007","PAID","level 3","PEDAS"),
("IATT190002815","193048","191002","192010","8000","1","8000","0","8000","1","1","1","IAT2709191022","NHO2018000007","PAID","","193048"),
("IATT190002815","193055","191002","192010","17000","1","17000","0","17000","1","1","2","IAT2709191022","NHO2018000007","PAID","","193055"),
("IATT190002816","193035","191001","192006","32000","1","32000","0","32000","1","1","1","IAT2709191022","NHO2018000007","PAID","","ORIGINAL"),
("IATT190002816","193035","191001","192006","32000","1","32000","0","32000","2","1","1","IAT2709191022","NHO2018000007","PAID","","ORIGINAL"),
("IATT190002816","193035","191001","192006","32000","1","32000","0","32000","3","1","1","IAT2709191022","NHO2018000007","PAID","sedeng","PEDAS"),
("IATT190002816","193052","191002","192010","20000","1","20000","0","20000","1","1","1","IAT2709191022","NHO2018000007","PAID","","193052"),
("IATT190002816","193052","191002","192010","20000","1","20000","0","20000","2","1","1","IAT2709191022","NHO2018000007","PAID","","193052"),
("IATT190002816","193050","191002","192010","20000","1","20000","0","20000","1","1","1","IAT2709191022","NHO2018000007","PAID","","193050"),
("IATT190002817","193019","191001","192002","40000","1","40000","20000","20000","1","1","1","IAT2709191022","NHO2018000007","PAID","","ORIGINAL"),
("IATT190002818","193022","191001","192003","30000","1","30000","0","30000","1","1","1","IAT2709191022","NHO2018000007","PAID","","193022"),
("IATT190002818","193024","191001","192003","30000","1","30000","0","30000","1","1","1","IAT2709191022","NHO2018000007","PAID","","193024"),
("IATT190002818","193047","191002","192010","10000","1","10000","0","10000","1","1","1","IAT2709191022","NHO2018000007","PAID","","193047"),
("IATT190002818","193055","191002","192010","17000","1","17000","0","17000","1","1","1","IAT2709191022","NHO2018000007","PAID","","193055"),
("IATT190002819","193019","191001","192002","40000","1","40000","20000","20000","1","1","1","IAT2709191022","NHO2018000007","PAID","","PEDAS"),
("IATT190002819","193084","191001","192001","30000","1","30000","15000","15000","1","1","1","IAT2709191022","NHO2018000007","PAID","","PEDAS"),
("IATT190002819","193084","191001","192001","30000","1","30000","15000","15000","2","1","1","IAT2709191022","NHO2018000007","PAID","","PEDAS"),
("IATT190002819","193012","191001","192001","40000","1","40000","20000","20000","1","1","1","IAT2709191022","NHO2018000007","PAID","","193012"),
("IATT190002819","193056","191002","192010","17000","1","17000","0","17000","1","1","1","IAT2709191022","NHO2018000007","PAID","","193056"),
("IATT190002819","193051","191002","192010","20000","1","20000","0","20000","1","1","1","IAT2709191022","NHO2018000007","PAID","","193051"),
("IATT190002819","193052","191002","192010","20000","1","20000","0","20000","1","1","1","IAT2709191022","NHO2018000007","PAID","","193052"),
("IATT190002819","193051","191002","192010","20000","1","20000","0","20000","2","1","1","IAT2709191022","NHO2018000007","PAID","","193051"),
("IATT190002821","193113","191001","192003","55000","1","55000","0","55000","1","1","1","IAT2709191022","NHO2018000007","PAID","","193113"),
("IATT190002821","193052","191002","192010","20000","1","20000","0","20000","1","1","1","IAT2709191022","NHO2018000007","PAID","","193052"),
("IATT190002821","193048","191002","192010","8000","1","8000","0","8000","1","1","1","IAT2709191022","NHO2018000007","PAID","","193048"),
("IATT190002822","193011","191001","192001","40000","1","40000","20000","20000","1","1","1","IAT2709191022","NHO2018000007","PAID","","PEDAS"),
("IATT190002822","193074","191003","192011","0","1","0","0","0","1","1","1","IAT2709191022","NHO2018000007","PAID","","193074"),
("IATT190002822","193019","191001","192002","40000","1","40000","20000","20000","1","1","1","IAT2709191022","NHO2018000007","PAID","","PEDAS"),
("IATT190002822","193074","191003","192011","0","1","0","0","0","2","1","1","IAT2709191022","NHO2018000007","PAID","","193074"),
("IATT190002822","193051","191002","192010","20000","1","20000","0","20000","1","1","1","IAT2709191022","NHO2018000007","PAID","","193051"),
("IATT190002822","193055","191002","192010","17000","1","17000","0","17000","1","1","1","IAT2709191022","NHO2018000007","PAID","","193055"),
("IATT190002823","193010","191001","192001","40000","1","40000","20000","20000","1","1","1","IAT2709191022","NHO2018000007","PAID","","193010"),
("IATT190002823","193024","191001","192003","30000","1","30000","0","30000","1","1","1","IAT2709191022","NHO2018000007","PAID","","193024"),
("IATT190002823","193024","191001","192003","30000","1","30000","0","30000","2","1","1","IAT2709191022","NHO2018000007","PAID","","193024"),
("IATT190002823","193024","191001","192003","30000","1","30000","0","30000","3","1","1","IAT2709191022","NHO2018000007","PAID","","193024"),
("IATT190002823","193049","191002","192010","10000","1","10000","0","10000","1","1","1","IAT2709191022","NHO2018000007","PAID","","193049"),
("IATT190002824","193082","191001","192001","30000","1","30000","0","30000","1","1","1","IAT2709191022","NHO2018000007","PAID","","193082"),
("IATT190002824","193055","191002","192010","17000","1","17000","0","17000","1","1","1","IAT2709191022","NHO2018000007","PAID","","193055"),
("IATT190002825","193015","191001","192002","33000","1","33000","16500","16500","1","1","1","IAT2709191022","NHO2018000007","PAID","","PEDAS"),
("IATT190002825","193075","191003","192011","0","1","0","0","0","1","1","1","IAT2709191022","NHO2018000007","PAID","","193075"),
("IATT190002825","193078","191001","192001","30000","1","30000","15000","15000","1","1","1","IAT2709191022","NHO2018000007","PAID","","PEDAS"),
("IATT190002825","193084","191001","192001","30000","1","30000","15000","15000","1","1","1","IAT2709191022","NHO2018000007","PAID","","PEDAS"),
("IATT190002825","193011","191001","192001","40000","1","40000","20000","20000","1","1","1","IAT2709191022","NHO2018000007","PAID","","PEDAS"),
("IATT190002825","193075","191003","192011","0","1","0","0","0","2","1","1","IAT2709191022","NHO2018000007","PAID","","193075"),
("IATT190002825","193075","191003","192011","0","1","0","0","0","3","1","1","IAT2709191022","NHO2018000007","PAID","","193075"),
("IATT190002826","193056","191002","192010","17000","1","17000","0","17000","1","1","1","IAT2709191022","NHO2018000007","PAID","","193056"),
("IATT190002826","193056","191002","192010","17000","1","17000","0","17000","2","1","1","IAT2709191022","NHO2018000007","PAID","","193056"),
("IATT190002826","193056","191002","192010","17000","1","17000","0","17000","3","1","1","IAT2709191022","NHO2018000007","PAID","","193056"),
("IATT190002826","193027","191001","192003","43000","1","43000","0","43000","1","1","1","IAT2709191022","NHO2018000007","PAID","","193027"),
("IATT190002826","193030","191001","192004","27000","1","27000","13500","13500","1","1","1","IAT2709191022","NHO2018000007","PAID","","193030"),
("IATT190002826","193032","191001","192004","30000","1","30000","15000","15000","1","1","1","IAT2709191022","NHO2018000007","PAID","","193032"),
("IATT190002826","193082","191001","192001","30000","1","30000","15000","15000","1","1","1","IAT2709191022","NHO2018000007","PAID","","193082"),
("IATT190002826","193047","191002","192010","10000","1","10000","0","10000","1","1","2","IAT2709191022","NHO2018000007","PAID","","193047");



INSERT INTO pos_salestemp VALUES("IATT190002801","","1","17000","0","1700","0","18700","20000","27/09/2019","10:47","2019-09-27","10:47:39","ISU000004","tbl0012","CLOSED","1","","IATR190002719","","","","","IAT2709191022","NHO2018000007"),
("IATT190002802","","2","143000","49000","9400","0","103400","105000","27/09/2019","11:20","2019-09-27","12:05:23","ISU000004","tbl0012","CLOSED","1","","IATR190002720","","","","","IAT2709191022","NHO2018000007"),
("IATT190002803","","2","108000","37000","7100","0","78100","78100","27/09/2019","11:48","2019-09-27","12:44:16","ISU000004","tbl0010","CLOSED","1","","IATR190002722","","","","","IAT2709191022","NHO2018000007"),
("IATT190002804","","1","142000","30000","11200","0","123200","123200","27/09/2019","12:13","2019-09-27","13:18:26","ISU000004","tbl0012","CLOSED","1","","IATR190002727","","","","","IAT2709191022","NHO2018000007"),
("IATT190002805","","1","47000","13500","3350","0","36850","100000","27/09/2019","12:16","2019-09-27","12:37:02","ISU000004","tbl0005","CLOSED","1","","IATR190002721","","","","","IAT2709191022","NHO2018000007"),
("IATT190002806","","1","57000","28500","2850","0","31350","31350","27/09/2019","12:37","2019-09-27","13:12:39","ISU000004","tbl0011","CLOSED","1","","IATR190002725","","","","","IAT2709191022","NHO2018000007"),
("IATT190002807","","2","102000","41000","6100","0","67100","67100","27/09/2019","12:41","2019-09-27","13:10:40","ISU000004","tbl0020","CLOSED","1","","IATR190002724","","","","","IAT2709191022","NHO2018000007"),
("IATT190002808","","1","30000","15000","1500","0","16500","16500","27/09/2019","12:41","2019-09-27","13:05:12","ISU000004","tbl0014","CLOSED","1","","IATR190002723","","","","","IAT2709191022","NHO2018000007"),
("IATT190002809","","2","97000","28500","6850","0","75350","100000","27/09/2019","12:45","2019-09-27","13:15:49","ISU000004","tbl0004","CLOSED","1","","IATR190002726","","","","","IAT2709191022","NHO2018000007"),
("IATT190002810","","1","68000","20000","4800","0","52800","100000","27/09/2019","12:46","2019-09-27","13:56:12","ISU000004","tbl0010","CLOSED","1","","IATR190002728","","","","","IAT2709191022","NHO2018000007"),
("IATT190002811","","2","92000","36000","5600","0","61600","61600","27/09/2019","13:19","2019-09-27","14:34:14","ISU000004","tbl0013","CLOSED","1","","IATR190002731","","","","","IAT2709191022","NHO2018000007"),
("IATT190002812","","1","78000","0","7800","0","85800","85800","27/09/2019","13:35","2019-09-27","13:56:35","ISU000004","takeaway","CLOSED","1","","IATR190002729","","","","","IAT2709191022","NHO2018000007"),
("IATT190002813","","2","187000","16500","17050","0","187550","200000","27/09/2019","13:38","2019-09-27","14:29:40","ISU000004","tbl0020","CLOSED","1","","IATR190002730","","","","","IAT2709191022","NHO2018000007"),
("IATT190002814","","1","68000","20000","4800","0","52800","100000","27/09/2019","16:09","2019-09-27","17:26:02","ISU000004","tbl0010","CLOSED","1","","IATR190002732","","","","","IAT2709191022","NHO2018000007"),
("IATT190002815","","1","58000","16500","4150","0","45650","45650","27/09/2019","16:22","2019-09-27","17:51:04","ISU000004","tbl0012","CLOSED","1","","IATR190002735","","","","","IAT2709191022","NHO2018000007"),
("IATT190002816","","3","156000","0","15600","0","171600","200000","27/09/2019","17:02","2019-09-27","17:27:04","ISU000004","tbl0014","CLOSED","1","","IATR190002733","","","","","IAT2709191022","NHO2018000007"),
("IATT190002817","","0","40000","20000","2000","0","22000","25000","27/09/2019","17:30","2019-09-27","17:33:48","ISU000004","tbl0002","CLOSED","1","","IATR190002734","","","","","IAT2709191022","NHO2018000007"),
("IATT190002818","","2","87000","0","8700","0","95700","100000","27/09/2019","17:32","2019-09-27","18:14:15","ISU000004","tbl0001","CLOSED","1","","IATR190002736","","","","","IAT2709191022","NHO2018000007"),
("IATT190002819","","0","217000","70000","14700","0","161700","161700","27/09/2019","17:51","2019-09-27","18:51:27","ISU000004","tbl0010","CLOSED","1","","IATR190002737","","","","","IAT2709191022","NHO2018000007"),
("IATT190002820","","0","0","0","0","0","0","0","27/09/2019","18:30","27/09/2019","18:30:58","ISU000004","tbl0012","CANCELED","1","PERMINTAAN CUSTOMER","","","","","","IAT2709191022","NHO2018000007"),
("IATT190002821","","1","83000","0","8300","0","91300","100500","27/09/2019","18:31","2019-09-27","18:58:55","ISU000004","tbl0012","CLOSED","1","","IATR190002738","","","","","IAT2709191022","NHO2018000007"),
("IATT190002822","","2","117000","40000","7700","0","84700","100000","27/09/2019","19:27","2019-09-27","20:35:34","ISU000004","tbl0012","CLOSED","1","","IATR190002741","","","","","IAT2709191022","NHO2018000007"),
("IATT190002823","","4","140000","20000","12000","0","132000","150000","27/09/2019","19:29","2019-09-27","20:19:40","ISU000004","tbl0010","CLOSED","1","","IATR190002739","","","","","IAT2709191022","NHO2018000007"),
("IATT190002824","","1","47000","0","4700","0","51700","52000","27/09/2019","19:35","2019-09-27","20:26:57","ISU000004","tbl0009","CLOSED","1","","IATR190002740","","","","","IAT2709191022","NHO2018000007"),
("IATT190002825","","0","133000","66500","6650","0","73150","100000","27/09/2019","20:36","2019-09-27","21:25:21","ISU000004","tbl0011","CLOSED","1","","IATR190002742","","","","","IAT2709191022","NHO2018000007"),
("IATT190002826","","5","191000","43500","14750","0","162250","200000","27/09/2019","20:49","2019-09-27","21:29:32","ISU000004","tbl0012","CLOSED","1","","IATR190002743","","","","","IAT2709191022","NHO2018000007");



INSERT INTO item_void VALUES("IATT190002802","IAT2709191022","NHO2018000007","193114","193114","1","42000","Before Send","Komplen Customer"),
("IATT190002806","IAT2709191022","NHO2018000007","193052","193052","1","20000","Before Send","Komplen Customer"),
("IATT190002806","IAT2709191022","NHO2018000007","193054","193054","1","20000","Before Send","Komplen Customer"),
("IATT190002806","IAT2709191022","NHO2018000007","193055","193055","1","17000","Before Send","Komplen Customer"),
("IATT190002806","IAT2709191022","NHO2018000007","193083","193083","1","30000","Before Send","Komplen Customer"),
("IATT190002811","IAT2709191022","NHO2018000007","193047","193047","1","10000","Before Send","Komplen Customer");



INSERT INTO pos_promotion_h VALUES("IATT190002802","NPRM18000017","DISC ITEM","1","49000","TUNJUKKAN JEMPOLMU","IAT2709191022","PAID","NHO2018000007"),
("IATT190002805","NPRM18000017","DISC ITEM","1","13500","TUNJUKKAN JEMPOLMU","IAT2709191022","PAID","NHO2018000007"),
("IATT190002803","NPRM18000017","DISC ITEM","1","37000","TUNJUKKAN JEMPOLMU","IAT2709191022","PAID","NHO2018000007"),
("IATT190002808","NPRM18000017","DISC ITEM","1","15000","TUNJUKKAN JEMPOLMU","IAT2709191022","PAID","NHO2018000007"),
("IATT190002807","NPRM18000017","DISC ITEM","1","41000","TUNJUKKAN JEMPOLMU","IAT2709191022","PAID","NHO2018000007"),
("IATT190002806","NPRM18000017","DISC ITEM","1","28500","TUNJUKKAN JEMPOLMU","IAT2709191022","PAID","NHO2018000007"),
("IATT190002804","NPRM18000017","DISC ITEM","1","30000","TUNJUKKAN JEMPOLMU","IAT2709191022","PAID","NHO2018000007"),
("IATT190002809","NPRM18000017","DISC ITEM","1","28500","TUNJUKKAN JEMPOLMU","IAT2709191022","PAID","NHO2018000007"),
("IATT190002810","NPRM18000017","DISC ITEM","1","20000","TUNJUKKAN JEMPOLMU","IAT2709191022","PAID","NHO2018000007"),
("IATT190002813","NPRM18000017","DISC ITEM","1","16500","TUNJUKKAN JEMPOLMU","IAT2709191022","PAID","NHO2018000007"),
("IATT190002811","NPRM18000017","DISC ITEM","1","36000","TUNJUKKAN JEMPOLMU","IAT2709191022","PAID","NHO2018000007"),
("IATT190002814","NPRM18000017","DISC ITEM","1","20000","TUNJUKKAN JEMPOLMU","IAT2709191022","PAID","NHO2018000007"),
("IATT190002817","NPRM18000017","DISC ITEM","1","20000","TUNJUKKAN JEMPOLMU","IAT2709191022","PAID","NHO2018000007"),
("IATT190002815","NPRM18000017","DISC ITEM","1","16500","TUNJUKKAN JEMPOLMU","IAT2709191022","PAID","NHO2018000007"),
("IATT190002819","NPRM18000017","DISC ITEM","1","70000","TUNJUKKAN JEMPOLMU","IAT2709191022","PAID","NHO2018000007"),
("IATT190002823","NPRM18000017","DISC ITEM","1","20000","TUNJUKKAN JEMPOLMU","IAT2709191022","PAID","NHO2018000007"),
("IATT190002822","NPRM18000017","DISC ITEM","1","40000","TUNJUKKAN JEMPOLMU","IAT2709191022","PAID","NHO2018000007"),
("IATT190002825","NPRM18000017","DISC ITEM","1","66500","TUNJUKKAN JEMPOLMU","IAT2709191022","PAID","NHO2018000007"),
("IATT190002826","NPRM18000017","DISC ITEM","1","43500","TUNJUKKAN JEMPOLMU","IAT2709191022","PAID","NHO2018000007");



INSERT INTO pos_promotion_d VALUES("IATT190002802","NPRM18000017","DISC ITEM","1","1","193118","1","10000","IAT2709191022","PAID","NHO2018000007"),
("IATT190002802","NPRM18000017","DISC ITEM","1","1","193033","1","21000","IAT2709191022","PAID","NHO2018000007"),
("IATT190002802","NPRM18000017","DISC ITEM","1","1","193039","1","18000","IAT2709191022","PAID","NHO2018000007"),
("IATT190002805","NPRM18000017","DISC ITEM","1","1","193030","1","13500","IAT2709191022","PAID","NHO2018000007"),
("IATT190002803","NPRM18000017","DISC ITEM","1","1","193034","1","18500","IAT2709191022","PAID","NHO2018000007"),
("IATT190002803","NPRM18000017","DISC ITEM","1","1","193008","1","18500","IAT2709191022","PAID","NHO2018000007"),
("IATT190002808","NPRM18000017","DISC ITEM","1","1","193082","1","15000","IAT2709191022","PAID","NHO2018000007"),
("IATT190002807","NPRM18000017","DISC ITEM","1","1","193011","1","20000","IAT2709191022","PAID","NHO2018000007"),
("IATT190002807","NPRM18000017","DISC ITEM","1","1","193033","1","21000","IAT2709191022","PAID","NHO2018000007"),
("IATT190002806","NPRM18000017","DISC ITEM","1","1","193029","1","13500","IAT2709191022","PAID","NHO2018000007"),
("IATT190002806","NPRM18000017","DISC ITEM","1","1","193085","1","15000","IAT2709191022","PAID","NHO2018000007"),
("IATT190002804","NPRM18000017","DISC ITEM","1","1","193083","1","15000","IAT2709191022","PAID","NHO2018000007"),
("IATT190002804","NPRM18000017","DISC ITEM","1","1","193083","2","15000","IAT2709191022","PAID","NHO2018000007"),
("IATT190002809","NPRM18000017","DISC ITEM","1","1","193032","1","15000","IAT2709191022","PAID","NHO2018000007"),
("IATT190002809","NPRM18000017","DISC ITEM","1","1","193030","1","13500","IAT2709191022","PAID","NHO2018000007"),
("IATT190002810","NPRM18000017","DISC ITEM","1","1","193012","1","20000","IAT2709191022","PAID","NHO2018000007"),
("IATT190002813","NPRM18000017","DISC ITEM","1","1","193080","1","16500","IAT2709191022","PAID","NHO2018000007"),
("IATT190002811","NPRM18000017","DISC ITEM","1","1","193033","1","21000","IAT2709191022","PAID","NHO2018000007"),
("IATT190002811","NPRM18000017","DISC ITEM","1","1","193083","1","15000","IAT2709191022","PAID","NHO2018000007"),
("IATT190002814","NPRM18000017","DISC ITEM","1","1","193011","1","20000","IAT2709191022","PAID","NHO2018000007"),
("IATT190002817","NPRM18000017","DISC ITEM","1","1","193019","1","20000","IAT2709191022","PAID","NHO2018000007"),
("IATT190002815","NPRM18000017","DISC ITEM","1","1","193080","1","16500","IAT2709191022","PAID","NHO2018000007"),
("IATT190002819","NPRM18000017","DISC ITEM","1","1","193019","1","20000","IAT2709191022","PAID","NHO2018000007"),
("IATT190002819","NPRM18000017","DISC ITEM","1","1","193084","1","15000","IAT2709191022","PAID","NHO2018000007"),
("IATT190002819","NPRM18000017","DISC ITEM","1","1","193084","2","15000","IAT2709191022","PAID","NHO2018000007"),
("IATT190002819","NPRM18000017","DISC ITEM","1","1","193012","1","20000","IAT2709191022","PAID","NHO2018000007"),
("IATT190002823","NPRM18000017","DISC ITEM","1","1","193010","1","20000","IAT2709191022","PAID","NHO2018000007"),
("IATT190002822","NPRM18000017","DISC ITEM","1","1","193011","1","20000","IAT2709191022","PAID","NHO2018000007"),
("IATT190002822","NPRM18000017","DISC ITEM","1","1","193019","1","20000","IAT2709191022","PAID","NHO2018000007"),
("IATT190002825","NPRM18000017","DISC ITEM","1","1","193015","1","16500","IAT2709191022","PAID","NHO2018000007"),
("IATT190002825","NPRM18000017","DISC ITEM","1","1","193078","1","15000","IAT2709191022","PAID","NHO2018000007"),
("IATT190002825","NPRM18000017","DISC ITEM","1","1","193084","1","15000","IAT2709191022","PAID","NHO2018000007"),
("IATT190002825","NPRM18000017","DISC ITEM","1","1","193011","1","20000","IAT2709191022","PAID","NHO2018000007"),
("IATT190002826","NPRM18000017","DISC ITEM","1","1","193030","1","13500","IAT2709191022","PAID","NHO2018000007"),
("IATT190002826","NPRM18000017","DISC ITEM","1","1","193032","1","15000","IAT2709191022","PAID","NHO2018000007"),
("IATT190002826","NPRM18000017","DISC ITEM","1","1","193082","1","15000","IAT2709191022","PAID","NHO2018000007");



INSERT INTO pos_paymenttemp VALUES("IATT190002801","CASH","CASH","18700","20000","ISU000004","2019-09-27","","1","","CLOSED","IAT2709191022","NHO2018000007"),
("IATT190002802","CASH","CASH","103400","105000","ISU000004","2019-09-27","","1","","CLOSED","IAT2709191022","NHO2018000007"),
("IATT190002805","CASH","CASH","36850","100000","ISU000004","2019-09-27","","1","","CLOSED","IAT2709191022","NHO2018000007"),
("IATT190002803","CARD","DEBIT BCA","78100","78100","ISU000004","2019-09-27","","1","","CLOSED","IAT2709191022","NHO2018000007"),
("IATT190002808","CASH","CASH","16500","16500","ISU000004","2019-09-27","","1","","CLOSED","IAT2709191022","NHO2018000007"),
("IATT190002807","CARD","DEBIT BCA","67100","67100","ISU000004","2019-09-27","","1","","CLOSED","IAT2709191022","NHO2018000007"),
("IATT190002806","CARD","DEBIT BCA","31350","31350","ISU000004","2019-09-27","","1","","CLOSED","IAT2709191022","NHO2018000007"),
("IATT190002809","CASH","CASH","75350","100000","ISU000004","2019-09-27","","1","","CLOSED","IAT2709191022","NHO2018000007"),
("IATT190002804","CARD","DEBIT BCA","123200","123200","ISU000004","2019-09-27","","1","","CLOSED","IAT2709191022","NHO2018000007"),
("IATT190002810","CASH","CASH","52800","100000","ISU000004","2019-09-27","","1","","CLOSED","IAT2709191022","NHO2018000007"),
("IATT190002812","CASH","GOPAY","85800","85800","ISU000004","2019-09-27","","1","","CLOSED","IAT2709191022","NHO2018000007"),
("IATT190002813","CASH","CASH","187550","200000","ISU000004","2019-09-27","","1","","CLOSED","IAT2709191022","NHO2018000007"),
("IATT190002811","CARD","DEBIT BCA","61600","61600","ISU000004","2019-09-27","","1","","CLOSED","IAT2709191022","NHO2018000007"),
("IATT190002814","CASH","CASH","52800","100000","ISU000004","2019-09-27","","1","","CLOSED","IAT2709191022","NHO2018000007"),
("IATT190002816","CASH","CASH","171600","200000","ISU000004","2019-09-27","","1","","CLOSED","IAT2709191022","NHO2018000007"),
("IATT190002817","CASH","CASH","22000","25000","ISU000004","2019-09-27","","1","","CLOSED","IAT2709191022","NHO2018000007"),
("IATT190002815","CARD","DEBIT BCA","45650","45650","ISU000004","2019-09-27","","1","","CLOSED","IAT2709191022","NHO2018000007"),
("IATT190002818","CASH","CASH","95700","100000","ISU000004","2019-09-27","","1","","CLOSED","IAT2709191022","NHO2018000007"),
("IATT190002819","CARD","MASTER","161700","161700","ISU000004","2019-09-27","","1","","CLOSED","IAT2709191022","NHO2018000007"),
("IATT190002821","CASH","CASH","91300","100500","ISU000004","2019-09-27","","1","","CLOSED","IAT2709191022","NHO2018000007"),
("IATT190002823","CASH","CASH","132000","150000","ISU000004","2019-09-27","","1","","CLOSED","IAT2709191022","NHO2018000007"),
("IATT190002824","CASH","CASH","51700","52000","ISU000004","2019-09-27","","1","","CLOSED","IAT2709191022","NHO2018000007"),
("IATT190002822","CASH","CASH","84700","100000","ISU000004","2019-09-27","","1","","CLOSED","IAT2709191022","NHO2018000007"),
("IATT190002825","CASH","CASH","73150","100000","ISU000004","2019-09-27","","1","","CLOSED","IAT2709191022","NHO2018000007"),
("IATT190002826","CASH","CASH","162250","200000","ISU000004","2019-09-27","","1","","CLOSED","IAT2709191022","NHO2018000007");



