INSERT INTO pos_itemtemp VALUES("IATT190002758","193084","191001","192001","30000","1","30000","15000","15000","1","1","1","IAT2409191009","NHO2018000007","PAID","","ORIGINAL"),
("IATT190002758","193016","191001","192002","37000","1","37000","18500","18500","1","1","1","IAT2409191009","NHO2018000007","PAID","","ORIGINAL"),
("IATT190002758","193046","191002","192010","10000","1","10000","0","10000","1","1","1","IAT2409191009","NHO2018000007","PAID","","193046"),
("IATT190002758","193055","191002","192010","17000","1","17000","0","17000","1","1","1","IAT2409191009","NHO2018000007","PAID","","193055"),
("IATT190002759","193070","191001","192012","13000","1","13000","6500","6500","1","1","1","IAT2409191009","NHO2018000007","PAID","","193070"),
("IATT190002759","193011","191001","192001","40000","1","40000","20000","20000","1","1","1","IAT2409191009","NHO2018000007","PAID","","PEDAS"),
("IATT190002759","193007","191001","192001","37000","1","37000","18500","18500","1","1","1","IAT2409191009","NHO2018000007","PAID","","ORIGINAL"),
("IATT190002759","193086","191001","192002","33000","1","33000","16500","16500","1","1","1","IAT2409191009","NHO2018000007","PAID","","ORIGINAL"),
("IATT190002759","193021","191001","192002","40000","1","40000","20000","20000","1","1","1","IAT2409191009","NHO2018000007","PAID","","ORIGINAL"),
("IATT190002759","193047","191002","192010","10000","1","10000","0","10000","1","1","1","IAT2409191009","NHO2018000007","PAID","","193047"),
("IATT190002759","193047","191002","192010","10000","1","10000","0","10000","2","1","1","IAT2409191009","NHO2018000007","PAID","","193047"),
("IATT190002759","193047","191002","192010","10000","1","10000","0","10000","3","1","1","IAT2409191009","NHO2018000007","PAID","","193047"),
("IATT190002759","193046","191002","192010","10000","1","10000","0","10000","1","1","1","IAT2409191009","NHO2018000007","PAID","","193046"),
("IATT190002760","193005","191001","192001","37000","1","37000","18500","18500","1","1","1","IAT2409191009","NHO2018000007","PAID","","193005"),
("IATT190002760","193052","191002","192010","20000","1","20000","0","20000","1","1","1","IAT2409191009","NHO2018000007","PAID","","193052"),
("IATT190002761","193054","191002","192010","20000","1","20000","0","20000","1","1","1","IAT2409191009","NHO2018000007","PAID","","193054"),
("IATT190002761","193084","191001","192001","30000","1","30000","0","30000","1","1","1","IAT2409191009","NHO2018000007","PAID","LV 1","PEDAS"),
("IATT190002762","193039","191001","192006","36000","1","36000","18900","17100","1","1","1","IAT2409191009","NHO2018000007","PAID","","PEDAS"),
("IATT190002763","193115","191001","192013","25000","1","25000","0","25000","1","1","1","IAT2409191009","NHO2018000007","PAID","","193115"),
("IATT190002764","193083","191001","192001","30000","1","30000","15000","15000","1","1","1","IAT2409191009","NHO2018000007","PAID","","193083"),
("IATT190002764","193017","191001","192002","37000","1","37000","18500","18500","1","1","1","IAT2409191009","NHO2018000007","PAID","","193017"),
("IATT190002764","193048","191002","192010","8000","1","8000","0","8000","1","1","1","IAT2409191009","NHO2018000007","PAID","","193048"),
("IATT190002764","193047","191002","192010","10000","1","10000","0","10000","1","1","1","IAT2409191009","NHO2018000007","PAID","","193047"),
("IATT190002764","193048","191002","192010","8000","1","8000","0","8000","2","1","2","IAT2409191009","NHO2018000007","PAID","","193048"),
("IATT190002765","193084","191001","192001","30000","1","30000","15000","15000","1","1","1","IAT2409191009","NHO2018000007","PAID","","ORIGINAL"),
("IATT190002765","193046","191002","192010","10000","1","10000","0","10000","1","1","1","IAT2409191009","NHO2018000007","PAID","","193046"),
("IATT190002765","193055","191002","192010","17000","1","17000","0","17000","1","1","1","IAT2409191009","NHO2018000007","PAID","","193055"),
("IATT190002765","193011","191001","192001","40000","1","40000","20000","20000","1","1","1","IAT2409191009","NHO2018000007","PAID","","ORIGINAL"),
("IATT190002766","193035","191001","192006","32000","1","32000","16000","16000","1","1","1","IAT2409191009","NHO2018000007","PAID","","ORIGINAL"),
("IATT190002766","193054","191002","192010","20000","1","20000","0","20000","1","1","1","IAT2409191009","NHO2018000007","PAID","","193054"),
("IATT190002766","193052","191002","192010","20000","1","20000","0","20000","1","1","1","IAT2409191009","NHO2018000007","PAID","","193052"),
("IATT190002766","193052","191002","192010","20000","1","20000","0","20000","2","1","1","IAT2409191009","NHO2018000007","PAID","","193052"),
("IATT190002766","193051","191002","192010","20000","1","20000","0","20000","1","1","1","IAT2409191009","NHO2018000007","PAID","","193051"),
("IATT190002766","193022","191001","192003","30000","1","30000","0","30000","1","1","1","IAT2409191009","NHO2018000007","PAID","","193022"),
("IATT190002766","193038","191001","192006","36000","1","36000","18000","18000","1","1","1","IAT2409191009","NHO2018000007","PAID","","ORIGINAL");



INSERT INTO pos_salestemp VALUES("IATT190002758","","2","94000","33500","6050","0","66550","107000","24/09/2019","11:59","2019-09-24","12:31:19","ISU000004","tbl0010","CLOSED","1","","IATR190002679","","","","","IAT2409191009","NHO2018000007"),
("IATT190002759","","3","203000","81500","12150","0","133650","133650","24/09/2019","13:23","2019-09-24","14:26:08","ISU000004","tbl0011","CLOSED","1","","IATR190002680","","","","","IAT2409191009","NHO2018000007"),
("IATT190002760","","1","57000","18500","3850","0","42350","50000","24/09/2019","14:00","2019-09-24","14:35:33","ISU000004","tbl0009","CLOSED","1","","IATR190002682","","","","","IAT2409191009","NHO2018000007"),
("IATT190002761","","1","50000","0","5000","0","55000","60000","24/09/2019","14:27","2019-09-24","14:28:28","ISU000004","tbl0004","CLOSED","1","","IATR190002681","","","","","IAT2409191009","NHO2018000007"),
("IATT190002762","","1","36000","18900","1710","0","18810","20000","24/09/2019","17:52","2019-09-24","18:03:08","ISU000004","tbl0005","CLOSED","1","","IATR190002683","","","","","IAT2409191009","NHO2018000007"),
("IATT190002763","","1","25000","0","2500","0","27500","50500","24/09/2019","18:00","2019-09-24","18:16:45","ISU000004","tbl0012","CLOSED","1","FERRY GUNAWAN ID CARD AAJI","IATR190002684","","","","","IAT2409191009","NHO2018000007"),
("IATT190002764","","2","93000","33500","5950","0","65450","65450","24/09/2019","19:00","2019-09-24","19:41:51","ISU000004","tbl0010","CLOSED","1","","IATR190002685","","","","","IAT2409191009","NHO2018000007"),
("IATT190002765","","2","97000","35000","6200","0","68200","100000","24/09/2019","19:13","2019-09-24","19:53:33","ISU000004","tbl0012","CLOSED","1","","IATR190002686","","","","","IAT2409191009","NHO2018000007"),
("IATT190002766","","4","178000","34000","14400","0","158400","158400","24/09/2019","19:56","2019-09-24","20:34:56","ISU000004","tbl0011","CLOSED","1","","IATR190002687","","","","","IAT2409191009","NHO2018000007");






INSERT INTO pos_promotion_h VALUES("IATT190002758","NPRM18000017","DISC ITEM","1","33500","TUNJUKKAN JEMPOLMU","IAT2409191009","PAID","NHO2018000007"),
("IATT190002759","NPRM18000017","DISC ITEM","1","81500","TUNJUKKAN JEMPOLMU","IAT2409191009","PAID","NHO2018000007"),
("IATT190002760","NPRM18000017","DISC ITEM","1","18500","TUNJUKKAN JEMPOLMU","IAT2409191009","PAID","NHO2018000007"),
("IATT190002762","NPRM18000017","DISC ITEM","1","18000","TUNJUKKAN JEMPOLMU","IAT2409191009","PAID","NHO2018000007"),
("IATT190002762","NPRM18000018","DISC ALL","1","900","CRM DISC 5%","IAT2409191009","PAID","NHO2018000007"),
("IATT190002764","NPRM18000017","DISC ITEM","1","33500","TUNJUKKAN JEMPOLMU","IAT2409191009","PAID","NHO2018000007"),
("IATT190002765","NPRM18000017","DISC ITEM","1","35000","TUNJUKKAN JEMPOLMU","IAT2409191009","PAID","NHO2018000007"),
("IATT190002766","NPRM18000017","DISC ITEM","1","34000","TUNJUKKAN JEMPOLMU","IAT2409191009","PAID","NHO2018000007");



INSERT INTO pos_promotion_d VALUES("IATT190002758","NPRM18000017","DISC ITEM","1","1","193084","1","15000","IAT2409191009","PAID","NHO2018000007"),
("IATT190002758","NPRM18000017","DISC ITEM","1","1","193016","1","18500","IAT2409191009","PAID","NHO2018000007"),
("IATT190002759","NPRM18000017","DISC ITEM","1","1","193070","1","6500","IAT2409191009","PAID","NHO2018000007"),
("IATT190002759","NPRM18000017","DISC ITEM","1","1","193011","1","20000","IAT2409191009","PAID","NHO2018000007"),
("IATT190002759","NPRM18000017","DISC ITEM","1","1","193007","1","18500","IAT2409191009","PAID","NHO2018000007"),
("IATT190002759","NPRM18000017","DISC ITEM","1","1","193086","1","16500","IAT2409191009","PAID","NHO2018000007"),
("IATT190002759","NPRM18000017","DISC ITEM","1","1","193021","1","20000","IAT2409191009","PAID","NHO2018000007"),
("IATT190002760","NPRM18000017","DISC ITEM","1","1","193005","1","18500","IAT2409191009","PAID","NHO2018000007"),
("IATT190002762","NPRM18000017","DISC ITEM","1","1","193039","1","18000","IAT2409191009","PAID","NHO2018000007"),
("IATT190002762","NPRM18000018","DISC ALL","1","1","193039","1","900","IAT2409191009","PAID","NHO2018000007"),
("IATT190002764","NPRM18000017","DISC ITEM","1","1","193083","1","15000","IAT2409191009","PAID","NHO2018000007"),
("IATT190002764","NPRM18000017","DISC ITEM","1","1","193017","1","18500","IAT2409191009","PAID","NHO2018000007"),
("IATT190002765","NPRM18000017","DISC ITEM","1","1","193084","1","15000","IAT2409191009","PAID","NHO2018000007"),
("IATT190002765","NPRM18000017","DISC ITEM","1","1","193011","1","20000","IAT2409191009","PAID","NHO2018000007"),
("IATT190002766","NPRM18000017","DISC ITEM","1","1","193035","1","16000","IAT2409191009","PAID","NHO2018000007"),
("IATT190002766","NPRM18000017","DISC ITEM","1","1","193038","1","18000","IAT2409191009","PAID","NHO2018000007");



INSERT INTO pos_paymenttemp VALUES("IATT190002758","CASH","CASH","66550","107000","ISU000004","2019-09-24","","1","","CLOSED","IAT2409191009","NHO2018000007"),
("IATT190002759","CARD","DEBIT BCA","133650","133650","ISU000004","2019-09-24","","1","","CLOSED","IAT2409191009","NHO2018000007"),
("IATT190002761","CASH","CASH","55000","60000","ISU000004","2019-09-24","","1","","CLOSED","IAT2409191009","NHO2018000007"),
("IATT190002760","CASH","CASH","42350","50000","ISU000004","2019-09-24","","1","","CLOSED","IAT2409191009","NHO2018000007"),
("IATT190002762","CASH","CASH","18810","20000","ISU000004","2019-09-24","","1","","CLOSED","IAT2409191009","NHO2018000007"),
("IATT190002763","CASH","CASH","27500","50500","ISU000004","2019-09-24","","1","","CLOSED","IAT2409191009","NHO2018000007"),
("IATT190002764","CARD","MASTER","65450","65450","ISU000004","2019-09-24","","1","","CLOSED","IAT2409191009","NHO2018000007"),
("IATT190002765","CASH","CASH","68200","100000","ISU000004","2019-09-24","","1","","CLOSED","IAT2409191009","NHO2018000007"),
("IATT190002766","CARD","DEBIT BCA","158400","158400","ISU000004","2019-09-24","","1","","CLOSED","IAT2409191009","NHO2018000007");



