INSERT INTO pos_itemtemp VALUES("IATT190000882","193027","191001","192003","43000","1","43000","0","43000","1","1","1","IAT2706190947","NHO2018000007","PAID","","193027"),
("IATT190000882","193070","191001","192012","13000","1","13000","0","13000","1","1","1","IAT2706190947","NHO2018000007","PAID","","193070"),
("IATT190000882","193084","191001","192001","30000","1","30000","0","30000","1","1","1","IAT2706190947","NHO2018000007","PAID","lvl2","PEDAS"),
("IATT190000882","193054","191002","192010","20000","1","20000","0","20000","1","1","2","IAT2706190947","NHO2018000007","PAID","","193054"),
("IATT190000882","193054","191002","192010","20000","1","20000","0","20000","2","1","2","IAT2706190947","NHO2018000007","PAID","","193054"),
("IATT190000882","193048","191002","192010","8000","1","8000","0","8000","1","1","2","IAT2706190947","NHO2018000007","PAID","","193048"),
("IATT190000882","193054","191002","192010","20000","1","20000","0","20000","3","1","3","IAT2706190947","NHO2018000007","PAID","","193054"),
("IATT190000883","193084","191001","192001","30000","1","30000","0","30000","1","1","1","IAT2706190947","NHO2018000007","PAID","","PEDAS"),
("IATT190000883","193071","191001","192012","18000","1","18000","0","18000","1","1","1","IAT2706190947","NHO2018000007","PAID","","193071"),
("IATT190000883","193056","191002","192010","17000","1","17000","0","17000","1","1","1","IAT2706190947","NHO2018000007","PAID","","193056"),
("IATT190000884","193029","191001","192004","27000","1","27000","6750","20250","1","1","1","IAT2706190947","NHO2018000007","PAID","","193029"),
("IATT190000884","193046","191002","192010","8000","1","8000","0","8000","1","1","2","IAT2706190947","NHO2018000007","PAID","","193046"),
("IATT190000885","193044","191001","192008","25000","1","25000","0","25000","1","1","1","IAT2706190947","NHO2018000007","PAID","","193044"),
("IATT190000885","193034","191001","192005","37000","1","37000","0","37000","1","1","1","IAT2706190947","NHO2018000007","PAID","","193034"),
("IATT190000885","193028","191001","192003","43000","1","43000","0","43000","1","1","1","IAT2706190947","NHO2018000007","PAID","","193028"),
("IATT190000885","193056","191002","192010","17000","1","17000","0","17000","1","1","1","IAT2706190947","NHO2018000007","PAID","","193056"),
("IATT190000885","193055","191002","192010","17000","1","17000","0","17000","1","1","1","IAT2706190947","NHO2018000007","PAID","","193055"),
("IATT190000885","193048","191002","192010","8000","1","8000","0","8000","1","1","1","IAT2706190947","NHO2018000007","PAID","","193048"),
("IATT190000886","193056","191002","192010","17000","1","17000","0","17000","1","1","1","IAT2706190947","NHO2018000007","PAID","","193056"),
("IATT190000886","193028","191001","192003","43000","1","43000","0","43000","1","1","1","IAT2706190947","NHO2018000007","PAID","","193028"),
("IATT190000887","193084","191001","192001","30000","1","30000","0","30000","1","1","1","IAT2706190947","NHO2018000007","PAID","level 2","PEDAS"),
("IATT190000887","193050","191002","192010","20000","1","20000","0","20000","1","1","1","IAT2706190947","NHO2018000007","PAID","","193050"),
("IATT190000886","193048","191002","192010","8000","1","8000","0","8000","1","1","2","IAT2706190947","NHO2018000007","PAID","","193048"),
("IATT190000887","193046","191002","192010","8000","1","8000","0","8000","1","1","2","IAT2706190947","NHO2018000007","PAID","","193046"),
("IATT190000888","193023","191001","192003","30000","1","30000","0","30000","1","1","1","IAT2706190947","NHO2018000007","PAID","","193023"),
("IATT190000888","193030","191001","192004","27000","1","27000","0","27000","1","1","1","IAT2706190947","NHO2018000007","PAID","","193030"),
("IATT190000888","193022","191001","192003","30000","1","30000","0","30000","1","1","1","IAT2706190947","NHO2018000007","PAID","","193022"),
("IATT190000888","193047","191002","192010","8000","1","8000","0","8000","1","1","1","IAT2706190947","NHO2018000007","PAID","","193047"),
("IATT190000888","193047","191002","192010","8000","1","8000","0","8000","2","1","1","IAT2706190947","NHO2018000007","PAID","","193047"),
("IATT190000888","193047","191002","192010","8000","1","8000","0","8000","3","1","1","IAT2706190947","NHO2018000007","PAID","","193047"),
("IATT190000889","193022","191001","192003","30000","1","30000","0","30000","1","1","1","IAT2706190947","NHO2018000007","PAID","","193022"),
("IATT190000889","193085","191001","192001","30000","1","30000","0","30000","1","1","1","IAT2706190947","NHO2018000007","PAID","lvl 2","193085"),
("IATT190000889","193056","191002","192010","17000","1","17000","0","17000","1","1","1","IAT2706190947","NHO2018000007","PAID","","193056"),
("IATT190000889","193055","191002","192010","17000","1","17000","0","17000","1","1","1","IAT2706190947","NHO2018000007","PAID","","193055"),
("IATT190000890","193085","191001","192001","30000","1","30000","0","30000","1","1","1","IAT2706190947","NHO2018000007","PAID","","193085"),
("IATT190000890","193070","191001","192012","13000","1","13000","0","13000","1","1","1","IAT2706190947","NHO2018000007","PAID","","193070"),
("IATT190000890","193056","191002","192010","17000","1","17000","0","17000","1","1","1","IAT2706190947","NHO2018000007","PAID","","193056"),
("IATT190000891","193078","191001","192001","30000","1","30000","0","30000","1","1","1","IAT2706190947","NHO2018000007","PAID","","PEDAS"),
("IATT190000891","193053","191002","192010","20000","1","20000","0","20000","1","1","1","IAT2706190947","NHO2018000007","PAID","","193053"),
("IATT190000892","193082","191001","192001","30000","1","30000","0","30000","1","1","1","IAT2706190947","NHO2018000007","PAID","","193082"),
("IATT190000892","193069","191001","192012","13000","1","13000","0","13000","1","1","1","IAT2706190947","NHO2018000007","PAID","","193069"),
("IATT190000892","193048","191002","192010","8000","1","8000","0","8000","1","1","1","IAT2706190947","NHO2018000007","PAID","","193048"),
("IATT190000893","193080","191001","192002","33000","1","33000","0","33000","1","1","1","IAT2706190947","NHO2018000007","PAID","lvl 2","PEDAS"),
("IATT190000893","193078","191001","192001","30000","1","30000","0","30000","1","1","1","IAT2706190947","NHO2018000007","PAID","lvl 2","PEDAS"),
("IATT190000893","193070","191001","192012","13000","1","13000","0","13000","1","1","1","IAT2706190947","NHO2018000007","PAID","","193070"),
("IATT190000893","193051","191002","192010","20000","1","20000","0","20000","1","1","1","IAT2706190947","NHO2018000007","PAID","","193051"),
("IATT190000893","193051","191002","192010","20000","1","20000","0","20000","2","1","1","IAT2706190947","NHO2018000007","PAID","","193051"),
("IATT190000894","193084","191001","192001","30000","1","30000","0","30000","1","1","1","IAT2706190947","NHO2018000007","PAID","lvl 1","PEDAS"),
("IATT190000894","193084","191001","192001","30000","1","30000","0","30000","2","1","1","IAT2706190947","NHO2018000007","PAID","","PEDAS"),
("IATT190000894","193078","191001","192001","30000","1","30000","0","30000","1","1","1","IAT2706190947","NHO2018000007","PAID","lvl 1","PEDAS"),
("IATT190000894","193022","191001","192003","30000","1","30000","0","30000","1","1","1","IAT2706190947","NHO2018000007","PAID","","193022"),
("IATT190000894","193034","191001","192005","37000","1","37000","0","37000","1","1","1","IAT2706190947","NHO2018000007","PAID","telorny stengah matang ya","193034"),
("IATT190000894","193047","191002","192010","8000","1","8000","0","8000","1","1","1","IAT2706190947","NHO2018000007","PAID","","193047"),
("IATT190000894","193049","191002","192010","10000","1","10000","0","10000","1","1","1","IAT2706190947","NHO2018000007","PAID","","193049"),
("IATT190000894","193049","191002","192010","10000","1","10000","0","10000","2","1","1","IAT2706190947","NHO2018000007","PAID","","193049"),
("IATT190000895","193028","191001","192003","43000","1","43000","0","43000","1","1","1","IAT2706190947","NHO2018000007","PAID","","193028"),
("IATT190000895","193082","191001","192001","30000","1","30000","0","30000","1","1","1","IAT2706190947","NHO2018000007","PAID","","193082"),
("IATT190000895","193078","191001","192001","30000","1","30000","0","30000","1","1","1","IAT2706190947","NHO2018000007","PAID","lvl 2","PEDAS"),
("IATT190000895","193056","191002","192010","17000","1","17000","0","17000","1","1","1","IAT2706190947","NHO2018000007","PAID","","193056"),
("IATT190000895","193050","191002","192010","20000","1","20000","0","20000","1","1","1","IAT2706190947","NHO2018000007","PAID","","193050"),
("IATT190000895","193050","191002","192010","20000","1","20000","0","20000","2","1","1","IAT2706190947","NHO2018000007","PAID","","193050"),
("IATT190000895","193055","191002","192010","17000","1","17000","0","17000","1","1","1","IAT2706190947","NHO2018000007","PAID","","193055"),
("IATT190000895","193055","191002","192010","17000","1","17000","0","17000","2","1","1","IAT2706190947","NHO2018000007","PAID","","193055"),
("IATT190000895","193009","191001","192001","40000","1","40000","0","40000","1","1","1","IAT2706190947","NHO2018000007","PAID","","193009"),
("IATT190000895","193009","191001","192001","40000","1","40000","0","40000","2","1","1","IAT2706190947","NHO2018000007","PAID","","193009"),
("IATT190000894","193049","191002","192010","10000","1","10000","0","10000","3","1","2","IAT2706190947","NHO2018000007","PAID","","193049"),
("IATT190000896","193084","191001","192001","30000","1","30000","0","30000","1","1","1","IAT2706190947","NHO2018000007","PAID","","PEDAS"),
("IATT190000896","193056","191002","192010","17000","1","17000","0","17000","1","1","1","IAT2706190947","NHO2018000007","PAID","","193056");



INSERT INTO pos_salestemp VALUES("IATT190000882","","2","154000","0","15400","0","169400","200000","27/06/2019","12:01","2019-06-27","12:42:01","ISU000011","tbl0021","CLOSED","1","","IATR190000853","","","","","IAT2706190947","NHO2018000007"),
("IATT190000883","","1","65000","0","6500","0","71500","100000","27/06/2019","12:43","2019-06-27","13:17:07","ISU000011","tbl0011","CLOSED","1","","IATR190000855","","","","","IAT2706190947","NHO2018000007"),
("IATT190000884","","1","35000","6750","2825","0","31075","100000","27/06/2019","12:44","2019-06-27","13:05:09","ISU000011","tbl0012","CLOSED","1","","IATR190000854","","","","","IAT2706190947","NHO2018000007"),
("IATT190000885","","3","147000","0","14700","0","161700","162500","27/06/2019","12:50","2019-06-27","13:25:59","ISU000011","tbl0010","CLOSED","1","","IATR190000857","","","","","IAT2706190947","NHO2018000007"),
("IATT190000886","","1","68000","0","6800","0","74800","100000","27/06/2019","13:06","2019-06-27","13:28:58","ISU000011","tbl0004","CLOSED","1","","IATR190000858","","","","","IAT2706190947","NHO2018000007"),
("IATT190000887","","1","58000","0","5800","0","63800","63800","27/06/2019","13:11","2019-06-27","14:03:28","ISU000011","tbl0017","CLOSED","1","","IATR190000859","","","","","IAT2706190947","NHO2018000007"),
("IATT190000888","","4","111000","0","11100","0","122100","122100","27/06/2019","13:58","2019-06-27","14:22:20","ISU000012","tbl0012","CLOSED","1","","IATR190000860","","","","","IAT2706190947","NHO2018000007"),
("IATT190000889","","2","94000","0","9400","0","103400","103400","27/06/2019","14:55","2019-06-27","15:31:41","ISU000012","tbl0012","CLOSED","1","","IATR190000861","","","","","IAT2706190947","NHO2018000007"),
("IATT190000890","","1","60000","0","6000","0","66000","100000","27/06/2019","18:04","2019-06-27","18:46:57","ISU000012","tbl0012","CLOSED","1","","IATR190000863","","","","","IAT2706190947","NHO2018000007"),
("IATT190000891","","1","50000","0","5000","0","55000","55000","27/06/2019","18:19","2019-06-27","18:40:44","ISU000012","tbl0011","CLOSED","1","","IATR190000862","","","","","IAT2706190947","NHO2018000007"),
("IATT190000892","","2","51000","0","5100","0","56100","60000","27/06/2019","18:50","2019-06-27","19:16:24","ISU000012","tbl0010","CLOSED","1","","IATR190000864","","","","","IAT2706190947","NHO2018000007"),
("IATT190000893","","2","116000","0","11600","0","127600","150000","27/06/2019","19:25","2019-06-27","20:14:51","ISU000012","tbl0011","CLOSED","1","","IATR190000865","","","","","IAT2706190947","NHO2018000007"),
("IATT190000894","","5","195000","0","19500","0","214500","214500","27/06/2019","19:30","2019-06-27","20:33:22","ISU000012","tbl0010","CLOSED","1","","IATR190000867","","","","","IAT2706190947","NHO2018000007"),
("IATT190000895","","5","274000","0","27400","0","301400","302000","27/06/2019","19:33","2019-06-27","20:20:50","ISU000012","tbl0012","CLOSED","1","","IATR190000866","","","","","IAT2706190947","NHO2018000007"),
("IATT190000896","","2","47000","0","4700","0","51700","60000","27/06/2019","20:25","2019-06-27","20:49:15","ISU000012","tbl0013","CLOSED","1","","IATR190000868","","","","","IAT2706190947","NHO2018000007");






INSERT INTO pos_promotion_h VALUES("IATT190000884","NPRM18000004","DISC ITEM","1","6750","HAPPY HOUR 25%","IAT2706190947","PAID","NHO2018000007");



INSERT INTO pos_promotion_d VALUES("IATT190000884","NPRM18000004","DISC ITEM","1","1","193029","1","6750","IAT2706190947","PAID","NHO2018000007");



INSERT INTO pos_paymenttemp VALUES("IATT190000882","CASH","CASH","169400","200000","ISU000011","2019-06-27","","1","","CLOSED","IAT2706190947","NHO2018000007"),
("IATT190000884","CASH","CASH","31075","100000","ISU000011","2019-06-27","","1","","CLOSED","IAT2706190947","NHO2018000007"),
("IATT190000883","CASH","CASH","71500","100000","ISU000011","2019-06-27","","1","","CLOSED","IAT2706190947","NHO2018000007"),
("IATT190000885","CASH","CASH","161700","162500","ISU000011","2019-06-27","","1","","CLOSED","IAT2706190947","NHO2018000007"),
("IATT190000886","CASH","CASH","74800","100000","ISU000011","2019-06-27","","1","","CLOSED","IAT2706190947","NHO2018000007"),
("IATT190000887","CARD","MASTER","63800","63800","ISU000011","2019-06-27","","1","","CLOSED","IAT2706190947","NHO2018000007"),
("IATT190000888","CARD","MASTER","122100","122100","ISU000012","2019-06-27","","1","","CLOSED","IAT2706190947","NHO2018000007"),
("IATT190000889","CARD","MASTER","103400","103400","ISU000012","2019-06-27","","1","","CLOSED","IAT2706190947","NHO2018000007"),
("IATT190000891","CASH","CASH","55000","55000","ISU000012","2019-06-27","","1","","CLOSED","IAT2706190947","NHO2018000007"),
("IATT190000890","CASH","CASH","66000","100000","ISU000012","2019-06-27","","1","","CLOSED","IAT2706190947","NHO2018000007"),
("IATT190000892","CASH","CASH","56100","60000","ISU000012","2019-06-27","","1","","CLOSED","IAT2706190947","NHO2018000007"),
("IATT190000893","CASH","CASH","127600","150000","ISU000012","2019-06-27","","1","","CLOSED","IAT2706190947","NHO2018000007"),
("IATT190000895","CASH","CASH","301400","302000","ISU000012","2019-06-27","","1","","CLOSED","IAT2706190947","NHO2018000007"),
("IATT190000894","VOUCHER","ISOIDE VOUCHER 25K","25000","25000","ISU000012","2019-06-27","","1","","CLOSED","IAT2706190947","NHO2018000007"),
("IATT190000894","CARD","DEBIT BCA","189500","189500","ISU000012","2019-06-27","","1","","CLOSED","IAT2706190947","NHO2018000007"),
("IATT190000896","CASH","CASH","51700","60000","ISU000012","2019-06-27","","1","","CLOSED","IAT2706190947","NHO2018000007");



