INSERT INTO pos_itemtemp VALUES("IATT190003917","193174","191001","192015","23636","1","23636","0","23636","1","1","1","IAT2111190941","NHO2018000007","PAID","","193174"),
("IATT190003918","193084","191001","192001","30000","1","30000","0","30000","1","1","1","IAT2111190941","NHO2018000007","PAID","","PEDAS"),
("IATT190003918","193011","191001","192001","40000","1","40000","0","40000","1","1","1","IAT2111190941","NHO2018000007","PAID","1. gausah kasih sayuran sam daun bawang ","PEDAS"),
("IATT190003918","193007","191001","192001","37000","1","37000","0","37000","1","1","1","IAT2111190941","NHO2018000007","PAID","level 3","PEDAS"),
("IATT190003918","193011","191001","192001","40000","1","40000","0","40000","2","1","1","IAT2111190941","NHO2018000007","PAID","","PEDAS"),
("IATT190003918","193055","191002","192010","17000","1","17000","0","17000","1","1","1","IAT2111190941","NHO2018000007","PAID","","193055"),
("IATT190003918","193055","191002","192010","17000","1","17000","0","17000","2","1","1","IAT2111190941","NHO2018000007","PAID","","193055"),
("IATT190003918","193055","191002","192010","17000","1","17000","0","17000","3","1","1","IAT2111190941","NHO2018000007","PAID","","193055"),
("IATT190003918","193050","191002","192010","20000","1","20000","0","20000","1","1","1","IAT2111190941","NHO2018000007","PAID","","193050"),
("IATT190003918","193052","191002","192010","20000","1","20000","0","20000","1","1","1","IAT2111190941","NHO2018000007","PAID","","193052"),
("IATT190003919","193022","191001","192003","30000","1","30000","0","30000","1","1","1","IAT2111190941","NHO2018000007","PAID","","193022"),
("IATT190003919","193024","191001","192003","30000","1","30000","0","30000","1","1","1","IAT2111190941","NHO2018000007","PAID","","193024"),
("IATT190003919","193069","191001","192012","13000","1","13000","0","13000","1","1","1","IAT2111190941","NHO2018000007","PAID","","193069"),
("IATT190003919","193055","191002","192010","17000","1","17000","0","17000","1","1","1","IAT2111190941","NHO2018000007","PAID","","193055"),
("IATT190003919","193056","191002","192010","17000","1","17000","0","17000","1","1","1","IAT2111190941","NHO2018000007","PAID","","193056"),
("IATT190003920","193027","191001","192003","43000","1","43000","0","43000","1","1","1","IAT2111190941","NHO2018000007","PAID","","193027"),
("IATT190003920","193022","191001","192003","30000","1","30000","0","30000","1","1","1","IAT2111190941","NHO2018000007","PAID","","193022"),
("IATT190003920","193050","191002","192010","20000","1","20000","0","20000","1","1","1","IAT2111190941","NHO2018000007","PAID","","193050"),
("IATT190003918","193050","191002","192010","20000","1","20000","0","20000","2","1","2","IAT2111190941","NHO2018000007","PAID","","193050"),
("IATT190003918","193055","191002","192010","17000","1","17000","0","17000","4","1","2","IAT2111190941","NHO2018000007","PAID","","193055"),
("IATT190003918","193048","191002","192010","8000","1","8000","0","8000","1","1","3","IAT2111190941","NHO2018000007","PAID","","193048"),
("IATT190003918","193055","191002","192010","17000","1","17000","0","17000","5","1","4","IAT2111190941","NHO2018000007","PAID","","193055"),
("IATT190003918","193055","191002","192010","17000","1","17000","0","17000","6","1","5","IAT2111190941","NHO2018000007","PAID","","193055"),
("IATT190003921","193030","191001","192004","27000","1","27000","0","27000","1","1","1","IAT2111190941","NHO2018000007","PAID","","193030"),
("IATT190003921","193010","191001","192001","40000","1","40000","0","40000","1","1","1","IAT2111190941","NHO2018000007","PAID","","193010"),
("IATT190003921","193084","191001","192001","30000","1","30000","0","30000","1","1","1","IAT2111190941","NHO2018000007","PAID","","PEDAS"),
("IATT190003921","193118","191001","192012","20000","1","20000","0","20000","1","1","1","IAT2111190941","NHO2018000007","PAID","","193118"),
("IATT190003921","193055","191002","192010","17000","1","17000","0","17000","1","1","1","IAT2111190941","NHO2018000007","PAID","","193055"),
("IATT190003921","193055","191002","192010","17000","1","17000","0","17000","2","1","1","IAT2111190941","NHO2018000007","PAID","","193055"),
("IATT190003921","193051","191002","192010","20000","1","20000","0","20000","1","1","1","IAT2111190941","NHO2018000007","PAID","","193051"),
("IATT190003921","193011","191001","192001","40000","1","40000","0","40000","1","1","2","IAT2111190941","NHO2018000007","PAID","","PEDAS"),
("IATT190003918","193033","191001","192005","42000","1","42000","0","42000","1","1","6","IAT2111190941","NHO2018000007","PAID","","193033"),
("IATT190003918","193048","191002","192010","8000","1","8000","0","8000","2","1","6","IAT2111190941","NHO2018000007","PAID","","193048"),
("IATT190003922","193010","191001","192001","40000","1","40000","0","40000","1","1","1","IAT2111190941","NHO2018000007","PAID","","193010"),
("IATT190003922","193054","191002","192010","20000","1","20000","0","20000","1","1","1","IAT2111190941","NHO2018000007","PAID","","193054"),
("IATT190003923","193033","191001","192005","42000","1","42000","18480","23520","1","1","1","IAT2111190941","NHO2018000007","PAID","","193033"),
("IATT190003923","193055","191002","192010","17000","1","17000","0","17000","1","1","2","IAT2111190941","NHO2018000007","PAID","","193055"),
("IATT190003924","193084","191001","192001","30000","1","30000","0","30000","1","1","1","IAT2111190941","NHO2018000007","PAID","","PEDAS"),
("IATT190003924","193036","191001","192006","36000","1","36000","0","36000","1","1","1","IAT2111190941","NHO2018000007","PAID","","ORIGINAL"),
("IATT190003924","193046","191002","192010","10000","1","10000","0","10000","1","1","1","IAT2111190941","NHO2018000007","PAID","","193046"),
("IATT190003924","193055","191002","192010","17000","1","17000","0","17000","1","1","1","IAT2111190941","NHO2018000007","PAID","","193055"),
("IATT190003925","193086","191001","192002","33000","1","33000","14520","18480","1","1","1","IAT2111190941","NHO2018000007","PAID","","PEDAS"),
("IATT190003926","193084","191001","192001","30000","1","30000","13200","16800","1","1","1","IAT2111190941","NHO2018000007","PAID","","ORIGINAL"),
("IATT190003926","193055","191002","192010","17000","1","17000","0","17000","1","1","1","IAT2111190941","NHO2018000007","PAID","","193055"),
("IATT190003927","193084","191001","192001","30000","1","30000","13200","16800","1","1","1","IAT2111190941","NHO2018000007","PAID","","PEDAS"),
("IATT190003927","193082","191001","192001","30000","1","30000","13200","16800","1","1","1","IAT2111190941","NHO2018000007","PAID","","193082"),
("IATT190003927","193048","191002","192010","8000","1","8000","0","8000","1","1","1","IAT2111190941","NHO2018000007","PAID","","193048"),
("IATT190003927","193048","191002","192010","8000","1","8000","0","8000","2","1","1","IAT2111190941","NHO2018000007","PAID","","193048"),
("IATT190003928","193012","191001","192001","40000","1","40000","0","40000","1","1","1","IAT2111190941","NHO2018000007","PAID","","193012"),
("IATT190003928","193052","191002","192010","20000","1","20000","0","20000","1","1","1","IAT2111190941","NHO2018000007","PAID","","193052"),
("IATT190003928","193048","191002","192010","8000","1","8000","0","8000","1","1","1","IAT2111190941","NHO2018000007","PAID","","193048"),
("IATT190003929","193084","191001","192001","30000","1","30000","0","30000","1","1","1","IAT2111190941","NHO2018000007","PAID","","PEDAS"),
("IATT190003929","193084","191001","192001","30000","1","30000","0","30000","2","1","1","IAT2111190941","NHO2018000007","PAID","","PEDAS"),
("IATT190003929","193027","191001","192003","43000","1","43000","0","43000","1","1","1","IAT2111190941","NHO2018000007","PAID","","193027"),
("IATT190003929","193055","191002","192010","17000","1","17000","0","17000","1","1","1","IAT2111190941","NHO2018000007","PAID","","193055"),
("IATT190003929","193055","191002","192010","17000","1","17000","0","17000","2","1","1","IAT2111190941","NHO2018000007","PAID","","193055"),
("IATT190003929","193047","191002","192010","10000","1","10000","0","10000","1","1","1","IAT2111190941","NHO2018000007","PAID","","193047"),
("IATT190003930","193015","191001","192002","33000","1","33000","0","33000","1","1","1","IAT2111190941","NHO2018000007","PAID","","ORIGINAL"),
("IATT190003930","193027","191001","192003","43000","1","43000","0","43000","1","1","1","IAT2111190941","NHO2018000007","PAID","","193027"),
("IATT190003930","193047","191002","192010","10000","1","10000","0","10000","1","1","1","IAT2111190941","NHO2018000007","PAID","","193047"),
("IATT190003931","193071","191001","192012","18000","1","18000","0","18000","1","1","1","IAT2111190941","NHO2018000007","PAID","","193071"),
("IATT190003931","193054","191002","192010","20000","1","20000","0","20000","1","1","1","IAT2111190941","NHO2018000007","PAID","","193054"),
("IATT190003931","193053","191002","192010","20000","1","20000","0","20000","1","1","1","IAT2111190941","NHO2018000007","PAID","","193053"),
("IATT190003931","193096","191001","192008","50000","1","50000","0","50000","1","1","1","IAT2111190941","NHO2018000007","PAID","","193096");



INSERT INTO pos_salestemp VALUES("IATT190003917","","1","23636","0","2364","0","26000","26000","21/11/2019","10:25","2019-11-21","10:32:05","ISU000006","tbl0001","CLOSED","1","","IATR190003807","","","","","IAT2111190941","NHO2018000007"),
("IATT190003918","","4","367000","0","36700","0","403700","403700","21/11/2019","12:17","2019-11-21","14:39:29","ISU000006","tbl0012","CLOSED","1","","IATR190003813","","","","","IAT2111190941","NHO2018000007"),
("IATT190003919","","2","107000","0","10700","0","117700","120000","21/11/2019","12:28","2019-11-21","13:32:01","ISU000006","tbl0010","CLOSED","1","","IATR190003809","","","","","IAT2111190941","NHO2018000007"),
("IATT190003920","","2","93000","0","9300","0","102300","103000","21/11/2019","12:31","2019-11-21","13:04:42","ISU000006","tbl0014","CLOSED","1","","IATR190003808","","","","","IAT2111190941","NHO2018000007"),
("IATT190003921","","2","211000","0","21100","0","232100","235000","21/11/2019","13:17","2019-11-21","13:51:03","ISU000006","tbl0020","CLOSED","1","","IATR190003810","","","","","IAT2111190941","NHO2018000007"),
("IATT190003922","","1","60000","0","6000","0","66000","66000","21/11/2019","13:47","2019-11-21","14:07:19","ISU000006","tbl0014","CLOSED","1","","IATR190003811","","","","","IAT2111190941","NHO2018000007"),
("IATT190003923","","1","59000","18480","4052","0","44572","100000","21/11/2019","13:52","2019-11-21","14:18:36","ISU000006","tbl0005","CLOSED","1","","IATR190003812","","","","","IAT2111190941","NHO2018000007"),
("IATT190003924","","1","93000","0","9300","0","102300","102300","21/11/2019","14:40","2019-11-21","15:13:21","ISU000006","tbl0009","CLOSED","1","","IATR190003814","","","","","IAT2111190941","NHO2018000007"),
("IATT190003925","","1","33000","14520","1848","0","20328","20500","21/11/2019","15:39","2019-11-21","17:13:21","ISU000006","tbl0050","CLOSED","1","","IATR190003815","","","","","IAT2111190941","NHO2018000007"),
("IATT190003926","","1","47000","13200","3380","0","37180","37180","21/11/2019","17:54","2019-11-21","18:31:58","ISU000006","tbl0011","CLOSED","1","","IATR190003816","","","","","IAT2111190941","NHO2018000007"),
("IATT190003927","","2","76000","26400","4960","0","54560","56000","21/11/2019","18:23","2019-11-21","19:44:43","ISU000006","tbl0010","CLOSED","1","","IATR190003817","","","","","IAT2111190941","NHO2018000007"),
("IATT190003928","","1","68000","0","6800","0","74800","100000","21/11/2019","19:50","2019-11-21","20:32:52","ISU000006","tbl0012","CLOSED","1","","IATR190003818","","","","","IAT2111190941","NHO2018000007"),
("IATT190003929","","3","147000","0","14700","0","161700","161700","21/11/2019","20:33","2019-11-21","20:59:54","ISU000006","tbl0010","CLOSED","1","","IATR190003819","","","","","IAT2111190941","NHO2018000007"),
("IATT190003930","","2","86000","0","8600","0","94600","94600","21/11/2019","20:45","2019-11-21","21:12:35","ISU000006","tbl0012","CLOSED","1","","IATR190003820","","","","","IAT2111190941","NHO2018000007"),
("IATT190003931","","2","108000","0","10800","0","118800","118800","21/11/2019","21:02","2019-11-21","21:35:38","ISU000006","tbl0011","CLOSED","1","","IATR190003821","","","","","IAT2111190941","NHO2018000007");



INSERT INTO item_void VALUES("IATT190003921","IAT2111190941","NHO2018000007","193078","PEDAS","1","30000","Before Send","Komplen Customer");



INSERT INTO pos_promotion_h VALUES("IATT190003923","NPRM18000020","DISC ITEM","1","18480","PROMO LAGI VIRAL 30%+20%","IAT2111190941","PAID","NHO2018000007"),
("IATT190003925","NPRM18000020","DISC ITEM","1","14520","PROMO LAGI VIRAL 30%+20%","IAT2111190941","PAID","NHO2018000007"),
("IATT190003926","NPRM18000020","DISC ITEM","1","13200","PROMO LAGI VIRAL 30%+20%","IAT2111190941","PAID","NHO2018000007"),
("IATT190003927","NPRM18000020","DISC ITEM","1","26400","PROMO LAGI VIRAL 30%+20%","IAT2111190941","PAID","NHO2018000007");



INSERT INTO pos_promotion_d VALUES("IATT190003923","NPRM18000020","DISC ITEM","1","1","193033","1","18480","IAT2111190941","PAID","NHO2018000007"),
("IATT190003925","NPRM18000020","DISC ITEM","1","1","193086","1","14520","IAT2111190941","PAID","NHO2018000007"),
("IATT190003926","NPRM18000020","DISC ITEM","1","1","193084","1","13200","IAT2111190941","PAID","NHO2018000007"),
("IATT190003927","NPRM18000020","DISC ITEM","1","1","193084","1","13200","IAT2111190941","PAID","NHO2018000007"),
("IATT190003927","NPRM18000020","DISC ITEM","1","1","193082","1","13200","IAT2111190941","PAID","NHO2018000007");



INSERT INTO pos_paymenttemp VALUES("IATT190003917","CASH","GOPAY","26000","26000","ISU000006","2019-11-21","","1","","CLOSED","IAT2111190941","NHO2018000007"),
("IATT190003920","CASH","CASH","102300","103000","ISU000006","2019-11-21","","1","","CLOSED","IAT2111190941","NHO2018000007"),
("IATT190003919","CASH","CASH","117700","120000","ISU000006","2019-11-21","","1","","CLOSED","IAT2111190941","NHO2018000007"),
("IATT190003921","CASH","CASH","232100","235000","ISU000006","2019-11-21","","1","","CLOSED","IAT2111190941","NHO2018000007"),
("IATT190003922","CASH","OVO","66000","66000","ISU000006","2019-11-21","","1","","CLOSED","IAT2111190941","NHO2018000007"),
("IATT190003923","CASH","CASH","44572","100000","ISU000006","2019-11-21","","1","","CLOSED","IAT2111190941","NHO2018000007"),
("IATT190003918","CARD","DEBIT BCA","403700","403700","ISU000006","2019-11-21","","1","","CLOSED","IAT2111190941","NHO2018000007"),
("IATT190003924","CARD","DEBIT BCA","102300","102300","ISU000006","2019-11-21","","1","","CLOSED","IAT2111190941","NHO2018000007"),
("IATT190003925","CASH","CASH","20328","20500","ISU000006","2019-11-21","","1","","CLOSED","IAT2111190941","NHO2018000007"),
("IATT190003926","CARD","DEBIT BCA","37180","37180","ISU000006","2019-11-21","","1","","CLOSED","IAT2111190941","NHO2018000007"),
("IATT190003927","CASH","CASH","54560","56000","ISU000006","2019-11-21","","1","","CLOSED","IAT2111190941","NHO2018000007"),
("IATT190003928","CASH","CASH","74800","100000","ISU000006","2019-11-21","","1","","CLOSED","IAT2111190941","NHO2018000007"),
("IATT190003929","CARD","DEBIT BCA","161700","161700","ISU000006","2019-11-21","","1","","CLOSED","IAT2111190941","NHO2018000007"),
("IATT190003930","CARD","DEBIT BCA","94600","94600","ISU000006","2019-11-21","","1","","CLOSED","IAT2111190941","NHO2018000007"),
("IATT190003931","CARD","DEBIT BCA","118800","118800","ISU000006","2019-11-21","","1","","CLOSED","IAT2111190941","NHO2018000007");



