INSERT INTO pos_itemtemp VALUES("IATT190000267","193011","191001","192001","40000","1","40000","0","40000","1","1","1","IAT2705191151","NHO2018000007","PAID","","PEDAS"),
("IATT190000267","193047","191002","192010","8000","1","8000","0","8000","1","1","1","IAT2705191151","NHO2018000007","PAID","","193047"),
("IATT190000267","193052","191002","192010","20000","1","20000","0","20000","1","1","1","IAT2705191151","NHO2018000007","PAID","","193052"),
("IATT190000268","193028","191001","192003","43000","1","43000","0","43000","1","1","1","IAT2705191151","NHO2018000007","PAID","","193028"),
("IATT190000268","193034","191001","192005","37000","1","37000","0","37000","1","1","1","IAT2705191151","NHO2018000007","PAID","minta cabe disendiri ","193034"),
("IATT190000268","193047","191002","192010","8000","1","8000","0","8000","1","1","1","IAT2705191151","NHO2018000007","PAID","","193047"),
("IATT190000268","193054","191002","192010","20000","1","20000","0","20000","1","1","1","IAT2705191151","NHO2018000007","PAID","","193054"),
("IATT190000269","193022","191001","192003","30000","1","30000","0","30000","1","1","1","IAT2705191151","NHO2018000007","PAID","","193022"),
("IATT190000269","193024","191001","192003","30000","1","30000","0","30000","1","1","1","IAT2705191151","NHO2018000007","PAID","","193024"),
("IATT190000269","193023","191001","192003","30000","1","30000","0","30000","1","1","1","IAT2705191151","NHO2018000007","PAID","","193023"),
("IATT190000269","193047","191002","192010","8000","1","8000","0","8000","1","1","1","IAT2705191151","NHO2018000007","PAID","","193047"),
("IATT190000269","193046","191002","192010","8000","1","8000","0","8000","1","1","1","IAT2705191151","NHO2018000007","PAID","","193046"),
("IATT190000270","193023","191001","192003","30000","1","30000","0","30000","1","1","1","IAT2705191151","NHO2018000007","PAID","","193023"),
("IATT190000270","193023","191001","192003","30000","1","30000","0","30000","2","1","1","IAT2705191151","NHO2018000007","PAID","","193023"),
("IATT190000270","193053","191002","192010","20000","1","20000","0","20000","1","1","1","IAT2705191151","NHO2018000007","PAID","","193053"),
("IATT190000270","193056","191002","192010","17000","1","17000","0","17000","1","1","1","IAT2705191151","NHO2018000007","PAID","","193056"),
("IATT190000270","193015","191001","192002","33000","1","33000","0","33000","1","1","1","IAT2705191151","NHO2018000007","PAID","","ORIGINAL"),
("IATT190000271","193033","191001","192005","42000","1","42000","0","42000","1","1","1","IAT2705191151","NHO2018000007","PAID","take away","193033"),
("IATT190000271","193028","191001","192003","43000","1","43000","0","43000","1","1","1","IAT2705191151","NHO2018000007","PAID","take away","193028"),
("IATT190000272","193022","191001","192003","30000","1","30000","0","30000","1","1","1","IAT2705191151","NHO2018000007","PAID","take away","193022"),
("IATT190000272","193025","191001","192003","30000","1","30000","0","30000","1","1","1","IAT2705191151","NHO2018000007","PAID","take away","193025"),
("IATT190000273","193023","191001","192003","30000","1","30000","0","30000","1","1","1","IAT2705191151","NHO2018000007","PAID","buka puasa","193023"),
("IATT190000273","193047","191002","192010","8000","1","8000","0","8000","1","1","1","IAT2705191151","NHO2018000007","PAID","buka puasa","193047"),
("IATT190000273","193047","191002","192010","8000","1","8000","0","8000","2","1","1","IAT2705191151","NHO2018000007","PAID","","193047"),
("IATT190000273","193010","191001","192001","40000","1","40000","0","40000","1","1","1","IAT2705191151","NHO2018000007","PAID","buka puasa","193010"),
("IATT190000274","193022","191001","192003","30000","1","30000","0","30000","1","1","1","IAT2705191151","NHO2018000007","PAID","","193022"),
("IATT190000274","193047","191002","192010","8000","1","8000","0","8000","1","1","1","IAT2705191151","NHO2018000007","PAID","","193047"),
("IATT190000275","193007","191001","192001","37000","1","37000","0","37000","1","1","1","IAT2705191151","NHO2018000007","PAID"," lvl 2","PEDAS"),
("IATT190000275","193013","191001","192002","33000","1","33000","0","33000","1","1","1","IAT2705191151","NHO2018000007","PAID"," beef lvl 2","PEDAS"),
("IATT190000275","193056","191002","192010","17000","1","17000","0","17000","1","1","1","IAT2705191151","NHO2018000007","PAID","","193056"),
("IATT190000275","193055","191002","192010","17000","1","17000","0","17000","1","1","1","IAT2705191151","NHO2018000007","PAID","","193055"),
("IATT190000275","193050","191002","192010","20000","1","20000","0","20000","1","1","1","IAT2705191151","NHO2018000007","PAID","","193050"),
("IATT190000276","193001","191001","192001","30000","1","30000","0","30000","1","1","1","IAT2705191151","NHO2018000007","PAID"," beef","193001"),
("IATT190000276","193001","191001","192001","30000","1","30000","0","30000","2","1","1","IAT2705191151","NHO2018000007","PAID","","193001"),
("IATT190000276","193003","191001","192001","30000","1","30000","0","30000","1","1","1","IAT2705191151","NHO2018000007","PAID"," lvl 1","PEDAS"),
("IATT190000276","193002","191001","192001","30000","1","30000","0","30000","1","1","1","IAT2705191151","NHO2018000007","PAID"," soyu ramen beef","193002"),
("IATT190000276","193022","191001","192003","30000","1","30000","0","30000","1","1","1","IAT2705191151","NHO2018000007","PAID","","193022"),
("IATT190000276","193048","191002","192010","8000","1","8000","0","8000","1","1","1","IAT2705191151","NHO2018000007","PAID","","193048"),
("IATT190000276","193048","191002","192010","8000","1","8000","0","8000","2","1","1","IAT2705191151","NHO2018000007","PAID","","193048"),
("IATT190000276","193048","191002","192010","8000","1","8000","0","8000","3","1","1","IAT2705191151","NHO2018000007","PAID","","193048"),
("IATT190000276","193046","191002","192010","8000","1","8000","0","8000","1","1","1","IAT2705191151","NHO2018000007","PAID","","193046"),
("IATT190000276","193052","191002","192010","20000","1","20000","0","20000","1","1","1","IAT2705191151","NHO2018000007","PAID","less sugar","193052"),
("IATT190000277","193002","191001","192001","30000","1","30000","0","30000","1","1","1","IAT2705191151","NHO2018000007","PAID"," pedas 1. original 1","193002"),
("IATT190000277","193002","191001","192001","30000","1","30000","0","30000","2","1","1","IAT2705191151","NHO2018000007","PAID","","193002"),
("IATT190000277","193004","191001","192001","30000","1","30000","0","30000","1","1","1","IAT2705191151","NHO2018000007","PAID","beef pedas","193004"),
("IATT190000277","193009","191001","192001","40000","1","40000","0","40000","1","1","1","IAT2705191151","NHO2018000007","PAID","pedas level 1","193009"),
("IATT190000277","193056","191002","192010","17000","1","17000","0","17000","1","1","1","IAT2705191151","NHO2018000007","PAID","","193056"),
("IATT190000277","193056","191002","192010","17000","1","17000","0","17000","2","1","1","IAT2705191151","NHO2018000007","PAID","","193056"),
("IATT190000277","193051","191002","192010","20000","1","20000","0","20000","1","1","1","IAT2705191151","NHO2018000007","PAID","","193051"),
("IATT190000277","193052","191002","192010","20000","1","20000","0","20000","1","1","1","IAT2705191151","NHO2018000007","PAID","","193052"),
("IATT190000277","193046","191002","192010","8000","1","8000","0","8000","1","1","1","IAT2705191151","NHO2018000007","PAID","","193046"),
("IATT190000278","193055","191002","192010","17000","1","17000","0","17000","1","1","1","IAT2705191151","NHO2018000007","PAID","","193055"),
("IATT190000278","193055","191002","192010","17000","1","17000","0","17000","2","1","1","IAT2705191151","NHO2018000007","PAID","","193055"),
("IATT190000278","193022","191001","192003","30000","1","30000","0","30000","1","1","1","IAT2705191151","NHO2018000007","PAID","","193022"),
("IATT190000278","193024","191001","192003","30000","1","30000","0","30000","1","1","1","IAT2705191151","NHO2018000007","PAID","","193024"),
("IATT190000279","193004","191001","192001","30000","1","30000","0","30000","1","1","1","IAT2705191151","NHO2018000007","PAID","beef pedes sedeng","193004"),
("IATT190000279","193025","191001","192003","30000","1","30000","0","30000","1","1","1","IAT2705191151","NHO2018000007","PAID","","193025"),
("IATT190000279","193025","191001","192003","30000","1","30000","0","30000","2","1","1","IAT2705191151","NHO2018000007","PAID","","193025"),
("IATT190000279","193047","191002","192010","8000","1","8000","0","8000","1","1","1","IAT2705191151","NHO2018000007","PAID","","193047"),
("IATT190000279","193047","191002","192010","8000","1","8000","0","8000","2","1","1","IAT2705191151","NHO2018000007","PAID","","193047"),
("IATT190000279","193046","191002","192010","8000","1","8000","0","8000","1","1","1","IAT2705191151","NHO2018000007","PAID","","193046"),
("IATT190000280","193024","191001","192003","30000","1","30000","0","30000","1","1","1","IAT2705191151","NHO2018000007","PAID","","193024"),
("IATT190000280","193046","191002","192010","8000","1","8000","0","8000","1","1","1","IAT2705191151","NHO2018000007","PAID","","193046"),
("IATT190000281","193028","191001","192003","43000","1","43000","0","43000","1","1","1","IAT2705191151","NHO2018000007","PAID","","193028"),
("IATT190000281","193046","191002","192010","8000","1","8000","0","8000","1","1","1","IAT2705191151","NHO2018000007","PAID","","193046"),
("IATT190000281","193052","191002","192010","20000","1","20000","0","20000","1","1","1","IAT2705191151","NHO2018000007","PAID","","193052"),
("IATT190000282","193004","191001","192001","30000","1","30000","0","30000","1","1","1","IAT2705191151","NHO2018000007","PAID","pedas sedang","193004"),
("IATT190000282","193046","191002","192010","8000","1","8000","0","8000","1","1","1","IAT2705191151","NHO2018000007","PAID","","193046"),
("IATT190000283","193053","191002","192010","20000","1","20000","0","20000","1","1","1","IAT2705191151","NHO2018000007","PAID","","193053"),
("IATT190000283","193035","191001","192006","32000","1","32000","0","32000","1","1","1","IAT2705191151","NHO2018000007","PAID","","ORIGINAL"),
("IATT190000283","193048","191002","192010","8000","1","8000","0","8000","1","1","1","IAT2705191151","NHO2018000007","PAID","","193048"),
("IATT190000283","193022","191001","192003","30000","1","30000","0","30000","1","1","1","IAT2705191151","NHO2018000007","PAID","","193022"),
("IATT190000283","193051","191002","192010","20000","1","20000","0","20000","1","1","1","IAT2705191151","NHO2018000007","PAID","","193051"),
("IATT190000283","193024","191001","192003","30000","1","30000","0","30000","1","1","1","IAT2705191151","NHO2018000007","PAID","","193024"),
("IATT190000284","193022","191001","192003","30000","1","30000","0","30000","1","1","1","IAT2705191151","NHO2018000007","PAID","","193022"),
("IATT190000284","193050","191002","192010","20000","1","20000","0","20000","1","1","1","IAT2705191151","NHO2018000007","PAID","","193050"),
("IATT190000284","193012","191001","192001","40000","1","40000","0","40000","1","1","1","IAT2705191151","NHO2018000007","PAID","","193012"),
("IATT190000284","193056","191002","192010","17000","1","17000","0","17000","1","1","1","IAT2705191151","NHO2018000007","PAID","","193056"),
("IATT190000285","193028","191001","192003","43000","1","43000","0","43000","1","1","1","IAT2705191151","NHO2018000007","PAID","","193028"),
("IATT190000285","193055","191002","192010","17000","1","17000","0","17000","1","1","1","IAT2705191151","NHO2018000007","PAID","","193055"),
("IATT190000285","193024","191001","192003","30000","1","30000","0","30000","1","1","1","IAT2705191151","NHO2018000007","PAID","","193024"),
("IATT190000285","193024","191001","192003","30000","1","30000","0","30000","2","1","1","IAT2705191151","NHO2018000007","PAID","","193024"),
("IATT190000286","193024","191001","192003","30000","1","30000","0","30000","1","1","1","IAT2705191151","NHO2018000007","PAID","","193024"),
("IATT190000286","193003","191001","192001","30000","1","30000","0","30000","1","1","1","IAT2705191151","NHO2018000007","PAID","","PEDAS"),
("IATT190000277","193003","191001","192001","30000","1","30000","0","30000","1","1","2","IAT2705191151","NHO2018000007","PAID","chiken","PEDAS"),
("IATT190000276","193048","191002","192010","8000","1","8000","0","8000","4","1","2","IAT2705191151","NHO2018000007","PAID","","193048"),
("IATT190000276","193048","191002","192010","8000","1","8000","0","8000","5","1","2","IAT2705191151","NHO2018000007","PAID","","193048"),
("IATT190000276","193048","191002","192010","8000","1","8000","0","8000","6","1","2","IAT2705191151","NHO2018000007","PAID","","193048"),
("IATT190000287","193007","191001","192001","37000","1","37000","0","37000","1","1","1","IAT2705191151","NHO2018000007","PAID","","PEDAS"),
("IATT190000287","193022","191001","192003","30000","1","30000","0","30000","1","1","1","IAT2705191151","NHO2018000007","PAID","","193022"),
("IATT190000287","193046","191002","192010","8000","1","8000","0","8000","1","1","1","IAT2705191151","NHO2018000007","PAID","","193046"),
("IATT190000287","193048","191002","192010","8000","1","8000","0","8000","1","1","1","IAT2705191151","NHO2018000007","PAID","","193048"),
("IATT190000286","193048","191002","192010","8000","1","8000","0","8000","1","1","2","IAT2705191151","NHO2018000007","PAID","","193048"),
("IATT190000286","193055","191002","192010","17000","1","17000","0","17000","1","1","2","IAT2705191151","NHO2018000007","PAID","","193055"),
("IATT190000288","193015","191001","192002","33000","1","33000","0","33000","1","1","1","IAT2705191151","NHO2018000007","PAID","","ORIGINAL"),
("IATT190000288","193046","191002","192010","8000","1","8000","0","8000","1","1","1","IAT2705191151","NHO2018000007","PAID","","193046"),
("IATT190000287","193047","191002","192010","8000","1","8000","0","8000","1","1","2","IAT2705191151","NHO2018000007","PAID","","193047"),
("IATT190000289","193011","191001","192001","40000","1","40000","0","40000","1","1","1","IAT2705191151","NHO2018000007","PAID","","PEDAS"),
("IATT190000289","193011","191001","192001","40000","1","40000","0","40000","2","1","1","IAT2705191151","NHO2018000007","PAID","","PEDAS"),
("IATT190000289","193052","191002","192010","20000","1","20000","0","20000","1","1","1","IAT2705191151","NHO2018000007","PAID","","193052"),
("IATT190000289","193048","191002","192010","8000","1","8000","0","8000","1","1","1","IAT2705191151","NHO2018000007","PAID","","193048"),
("IATT190000290","193025","191001","192003","30000","1","30000","0","30000","1","1","1","IAT2705191151","NHO2018000007","PAID","","193025"),
("IATT190000275","193055","191002","192010","17000","1","17000","0","17000","2","1","2","IAT2705191151","NHO2018000007","PAID","","193055"),
("IATT190000275","193055","191002","192010","17000","1","17000","0","17000","3","1","2","IAT2705191151","NHO2018000007","PAID","","193055"),
("IATT190000291","193047","191002","192010","8000","1","8000","0","8000","1","1","1","IAT2705191151","NHO2018000007","PAID","","193047"),
("IATT190000291","193011","191001","192001","40000","1","40000","0","40000","1","1","1","IAT2705191151","NHO2018000007","PAID","","PEDAS"),
("IATT190000286","193047","191002","192010","8000","1","8000","0","8000","1","1","3","IAT2705191151","NHO2018000007","PAID","","193047"),
("IATT190000286","193033","191001","192005","42000","1","42000","0","42000","1","1","3","IAT2705191151","NHO2018000007","PAID","","193033"),
("IATT190000292","193011","191001","192001","40000","1","40000","0","40000","1","1","1","IAT2705191151","NHO2018000007","PAID","","PEDAS"),
("IATT190000292","193028","191001","192003","43000","1","43000","0","43000","1","1","1","IAT2705191151","NHO2018000007","PAID","","193028"),
("IATT190000292","193055","191002","192010","17000","1","17000","0","17000","1","1","1","IAT2705191151","NHO2018000007","PAID","","193055"),
("IATT190000292","193056","191002","192010","17000","1","17000","0","17000","1","1","1","IAT2705191151","NHO2018000007","PAID","","193056"),
("IATT190000293","193007","191001","192001","37000","1","37000","0","37000","1","1","1","IAT2705191151","NHO2018000007","PAID","","PEDAS"),
("IATT190000293","193047","191002","192010","8000","1","8000","0","8000","1","1","1","IAT2705191151","NHO2018000007","PAID","","193047"),
("IATT190000293","193004","191001","192001","30000","1","30000","0","30000","1","1","1","IAT2705191151","NHO2018000007","PAID","beef pedes","193004"),
("IATT190000293","193047","191002","192010","8000","1","8000","0","8000","2","1","1","IAT2705191151","NHO2018000007","PAID","","193047"),
("IATT190000294","193003","191001","192001","30000","1","30000","0","30000","1","1","1","IAT2705191151","NHO2018000007","PAID","","PEDAS"),
("IATT190000294","193022","191001","192003","30000","1","30000","0","30000","1","1","1","IAT2705191151","NHO2018000007","PAID","","193022"),
("IATT190000294","193048","191002","192010","8000","1","8000","0","8000","1","1","1","IAT2705191151","NHO2018000007","PAID","","193048"),
("IATT190000294","193047","191002","192010","8000","1","8000","0","8000","1","1","1","IAT2705191151","NHO2018000007","PAID","","193047"),
("IATT190000295","193005","191001","192001","37000","1","37000","0","37000","1","1","1","IAT2705191151","NHO2018000007","PAID","","193005"),
("IATT190000295","193047","191002","192010","8000","1","8000","0","8000","1","1","1","IAT2705191151","NHO2018000007","PAID","","193047"),
("IATT190000296","193048","191002","192010","8000","1","8000","0","8000","1","1","1","IAT2705191151","NHO2018000007","PAID","pakai es batu yg 1 ","193048"),
("IATT190000296","193022","191001","192003","30000","1","30000","0","30000","1","1","1","IAT2705191151","NHO2018000007","PAID","","193022"),
("IATT190000296","193003","191001","192001","30000","1","30000","0","30000","1","1","1","IAT2705191151","NHO2018000007","PAID","","PEDAS"),
("IATT190000296","193048","191002","192010","8000","1","8000","0","8000","2","1","1","IAT2705191151","NHO2018000007","PAID","","193048"),
("IATT190000297","193028","191001","192003","43000","1","43000","0","43000","1","1","1","IAT2705191151","NHO2018000007","PAID","","193028"),
("IATT190000297","193024","191001","192003","30000","1","30000","0","30000","1","1","1","IAT2705191151","NHO2018000007","PAID","","193024"),
("IATT190000297","193055","191002","192010","17000","1","17000","0","17000","1","1","1","IAT2705191151","NHO2018000007","PAID","","193055"),
("IATT190000297","193055","191002","192010","17000","1","17000","0","17000","2","1","1","IAT2705191151","NHO2018000007","PAID","","193055"),
("IATT190000298","193022","191001","192003","30000","1","30000","0","30000","1","1","1","IAT2705191151","NHO2018000007","PAID","","193022"),
("IATT190000298","193022","191001","192003","30000","1","30000","0","30000","2","1","1","IAT2705191151","NHO2018000007","PAID","","193022"),
("IATT190000298","193002","191001","192001","30000","1","30000","0","30000","1","1","1","IAT2705191151","NHO2018000007","PAID","beef","193002"),
("IATT190000298","193048","191002","192010","8000","1","8000","0","8000","1","1","1","IAT2705191151","NHO2018000007","PAID","","193048"),
("IATT190000298","193048","191002","192010","8000","1","8000","0","8000","2","1","1","IAT2705191151","NHO2018000007","PAID","","193048"),
("IATT190000299","193022","191001","192003","30000","1","30000","0","30000","1","1","1","IAT2705191151","NHO2018000007","PAID","","193022"),
("IATT190000299","193007","191001","192001","37000","1","37000","0","37000","1","1","1","IAT2705191151","NHO2018000007","PAID","","PEDAS"),
("IATT190000299","193055","191002","192010","17000","1","17000","0","17000","1","1","1","IAT2705191151","NHO2018000007","PAID","","193055"),
("IATT190000299","193055","191002","192010","17000","1","17000","0","17000","2","1","1","IAT2705191151","NHO2018000007","PAID","","193055"),
("IATT190000300","193005","191001","192001","37000","1","37000","0","37000","1","1","1","IAT2705191151","NHO2018000007","PAID","pedas","193005"),
("IATT190000300","193007","191001","192001","37000","1","37000","0","37000","1","1","1","IAT2705191151","NHO2018000007","PAID","","PEDAS"),
("IATT190000300","193048","191002","192010","8000","1","8000","0","8000","1","1","1","IAT2705191151","NHO2018000007","PAID","es batu","193048"),
("IATT190000301","193022","191001","192003","30000","1","30000","0","30000","1","1","1","IAT2705191151","NHO2018000007","PAID","","193022"),
("IATT190000301","193022","191001","192003","30000","1","30000","0","30000","2","1","1","IAT2705191151","NHO2018000007","PAID","","193022"),
("IATT190000301","193023","191001","192003","30000","1","30000","0","30000","1","1","1","IAT2705191151","NHO2018000007","PAID","","193023"),
("IATT190000301","193047","191002","192010","8000","1","8000","0","8000","1","1","1","IAT2705191151","NHO2018000007","PAID","","193047"),
("IATT190000301","193056","191002","192010","17000","1","17000","0","17000","1","1","1","IAT2705191151","NHO2018000007","PAID","","193056"),
("IATT190000301","193033","191001","192005","42000","1","42000","0","42000","1","1","1","IAT2705191151","NHO2018000007","PAID","","193033"),
("IATT190000301","193048","191002","192010","8000","1","8000","0","8000","1","1","1","IAT2705191151","NHO2018000007","PAID","","193048"),
("IATT190000301","193048","191002","192010","8000","1","8000","0","8000","2","1","1","IAT2705191151","NHO2018000007","PAID","","193048"),
("IATT190000300","193048","191002","192010","8000","1","8000","0","8000","2","1","2","IAT2705191151","NHO2018000007","PAID","","193048"),
("IATT190000302","193004","191001","192001","30000","1","30000","0","30000","1","1","1","IAT2705191151","NHO2018000007","PAID","","193004"),
("IATT190000302","193016","191001","192002","37000","1","37000","0","37000","1","1","1","IAT2705191151","NHO2018000007","PAID","","ORIGINAL"),
("IATT190000302","193047","191002","192010","8000","1","8000","0","8000","1","1","1","IAT2705191151","NHO2018000007","PAID","","193047"),
("IATT190000302","193047","191002","192010","8000","1","8000","0","8000","2","1","1","IAT2705191151","NHO2018000007","PAID","","193047"),
("IATT190000302","193047","191002","192010","8000","1","8000","0","8000","3","1","1","IAT2705191151","NHO2018000007","PAID","","193047"),
("IATT190000302","193024","191001","192003","30000","1","30000","0","30000","1","1","1","IAT2705191151","NHO2018000007","PAID","","193024"),
("IATT190000303","193027","191001","192003","43000","1","43000","0","43000","1","1","1","IAT2705191151","NHO2018000007","PAID","","193027"),
("IATT190000303","193050","191002","192010","20000","1","20000","0","20000","1","1","1","IAT2705191151","NHO2018000007","PAID","","193050"),
("IATT190000304","193047","191002","192010","8000","1","8000","0","8000","1","1","1","IAT2705191151","NHO2018000007","PAID","","193047"),
("IATT190000304","193046","191002","192010","8000","1","8000","0","8000","1","1","1","IAT2705191151","NHO2018000007","PAID","","193046"),
("IATT190000304","193002","191001","192001","30000","1","30000","0","30000","1","1","1","IAT2705191151","NHO2018000007","PAID","beef","193002"),
("IATT190000304","193044","191001","192008","25000","1","25000","0","25000","1","1","1","IAT2705191151","NHO2018000007","PAID","","193044"),
("IATT190000305","193047","191002","192010","8000","1","8000","0","8000","1","1","1","IAT2705191151","NHO2018000007","PAID","","193047"),
("IATT190000305","193007","191001","192001","37000","1","37000","0","37000","1","1","1","IAT2705191151","NHO2018000007","PAID","","PEDAS"),
("IATT190000306","193025","191001","192003","30000","1","30000","0","30000","1","1","1","IAT2705191151","NHO2018000007","PAID","","193025"),
("IATT190000306","193046","191002","192010","8000","1","8000","0","8000","1","1","1","IAT2705191151","NHO2018000007","PAID","","193046"),
("IATT190000306","193046","191002","192010","8000","1","8000","0","8000","2","1","1","IAT2705191151","NHO2018000007","PAID","","193046"),
("IATT190000306","193032","191001","192004","30000","1","30000","0","30000","1","1","1","IAT2705191151","NHO2018000007","PAID","","193032"),
("IATT190000307","193009","191001","192001","40000","1","40000","0","40000","1","1","1","IAT2705191151","NHO2018000007","PAID","pedes sedeng","193009"),
("IATT190000307","193037","191001","192006","36000","1","36000","0","36000","1","1","1","IAT2705191151","NHO2018000007","PAID","","ORIGINAL"),
("IATT190000308","193051","191002","192010","20000","1","20000","0","20000","1","1","1","IAT2705191151","NHO2018000007","PAID","","193051"),
("IATT190000308","193052","191002","192010","20000","1","20000","0","20000","1","1","1","IAT2705191151","NHO2018000007","PAID","","193052"),
("IATT190000309","193002","191001","192001","30000","1","30000","0","30000","1","1","1","IAT2705191151","NHO2018000007","PAID","pedes","193002"),
("IATT190000309","193055","191002","192010","17000","1","17000","0","17000","1","1","2","IAT2705191151","NHO2018000007","PAID","","193055"),
("IATT190000310","193011","191001","192001","40000","1","40000","0","40000","1","1","1","IAT2705191151","NHO2018000007","PAID","","PEDAS"),
("IATT190000310","193024","191001","192003","30000","1","30000","0","30000","1","1","1","IAT2705191151","NHO2018000007","PAID","","193024"),
("IATT190000310","193047","191002","192010","8000","1","8000","0","8000","1","1","1","IAT2705191151","NHO2018000007","PAID","","193047"),
("IATT190000310","193047","191002","192010","8000","1","8000","0","8000","2","1","1","IAT2705191151","NHO2018000007","PAID","","193047"),
("IATT190000312","193002","191001","192001","30000","1","30000","0","30000","1","1","1","IAT2705191151","NHO2018000007","PAID","beef","193002"),
("IATT190000313","193022","191001","192003","30000","1","30000","0","30000","1","1","1","IAT2705191151","NHO2018000007","PAID","","193022"),
("IATT190000313","193028","191001","192003","43000","1","43000","0","43000","1","1","1","IAT2705191151","NHO2018000007","PAID","","193028"),
("IATT190000313","193052","191002","192010","20000","1","20000","0","20000","1","1","1","IAT2705191151","NHO2018000007","PAID","","193052"),
("IATT190000313","193047","191002","192010","8000","1","8000","0","8000","1","1","1","IAT2705191151","NHO2018000007","PAID","","193047"),
("IATT190000314","193046","191002","192010","8000","1","8000","0","8000","1","1","1","IAT2705191151","NHO2018000007","PAID","","193046");



INSERT INTO pos_salestemp VALUES("IATT190000267","","1","68000","0","6800","0","74800","100000","27/05/2019","11:51","27/05/2019","12:35:39","ISU000012","tbl0010","CLOSED","1","","IATR190000255","","","","","IAT2705191151","NHO2018000007"),
("IATT190000268","","2","108000","0","10800","0","118800","118800","27/05/2019","12:06","27/05/2019","12:34:24","ISU000012","tbl0011","CLOSED","1","","IATR190000254","","","","","IAT2705191151","NHO2018000007"),
("IATT190000269","","3","106000","0","10600","0","116600","120000","27/05/2019","12:25","27/05/2019","12:57:39","ISU000012","tbl0012","CLOSED","1","","IATR190000256","","","","","IAT2705191151","NHO2018000007"),
("IATT190000270","","2","130000","0","13000","0","143000","150000","27/05/2019","16:25","27/05/2019","16:55:50","ISU000012","tbl0012","CLOSED","1","","IATR190000258","","","","","IAT2705191151","NHO2018000007"),
("IATT190000271","","2","85000","0","8500","0","93500","100000","27/05/2019","16:38","27/05/2019","17:21:35","ISU000012","tbl0005","CLOSED","1","","IATR190000259","","","","","IAT2705191151","NHO2018000007"),
("IATT190000272","","2","60000","0","6000","0","66000","100000","27/05/2019","16:43","27/05/2019","16:49:40","ISU000012","tbl0006","CLOSED","1","","IATR190000257","","","","","IAT2705191151","NHO2018000007"),
("IATT190000273","","2","86000","0","8600","0","94600","100000","27/05/2019","17:24","27/05/2019","18:11:58","ISU000012","tbl0009","CLOSED","1","","IATR190000261","","","","","IAT2705191151","NHO2018000007"),
("IATT190000274","","1","38000","0","3800","0","41800","41800","27/05/2019","17:26","27/05/2019","18:05:42","ISU000012","tbl0005","CLOSED","1","","IATR190000260","","","","","IAT2705191151","NHO2018000007"),
("IATT190000275","","2","158000","0","15800","0","173800","200000","27/05/2019","17:31","27/05/2019","18:23:29","ISU000012","tbl0017","CLOSED","1","","IATR190000266","","","","","IAT2705191151","NHO2018000007"),
("IATT190000276","","0","226000","0","22600","0","248600","248600","27/05/2019","17:32","27/05/2019","18:14:32","ISU000012","tbl0011","CLOSED","1","","IATR190000262","","","","","IAT2705191151","NHO2018000007"),
("IATT190000277","","4","242000","0","24200","0","266200","270000","27/05/2019","17:34","27/05/2019","18:31:52","ISU000012","tbl0012","CLOSED","1","","IATR190000271","","","","","IAT2705191151","NHO2018000007"),
("IATT190000278","","2","94000","0","9400","0","103400","103400","27/05/2019","17:36","27/05/2019","18:18:46","ISU000012","tbl0018","CLOSED","1","","IATR190000264","","","","","IAT2705191151","NHO2018000007"),
("IATT190000279","","2","114000","0","11400","0","125400","125400","27/05/2019","17:42","27/05/2019","18:44:37","ISU000012","tbl0010","CLOSED","1","","IATR190000275","","","","","IAT2705191151","NHO2018000007"),
("IATT190000280","","1","38000","0","3800","0","41800","50000","27/05/2019","17:47","27/05/2019","18:30:11","ISU000012","tbl0006","CLOSED","1","","IATR190000269","","","","","IAT2705191151","NHO2018000007"),
("IATT190000281","","2","71000","0","7100","0","78100","100000","27/05/2019","17:48","27/05/2019","18:17:13","ISU000012","tbl0007","CLOSED","1","","IATR190000263","","","","","IAT2705191151","NHO2018000007"),
("IATT190000282","","1","38000","0","3800","0","41800","100000","27/05/2019","17:50","27/05/2019","18:30:54","ISU000012","tbl0008","CLOSED","1","","IATR190000270","","","","","IAT2705191151","NHO2018000007"),
("IATT190000283","","2","140000","0","14000","0","154000","204000","27/05/2019","17:56","27/05/2019","18:42:26","ISU000012","tbl0013","CLOSED","1","","IATR190000273","","","","","IAT2705191151","NHO2018000007"),
("IATT190000284","","2","107000","0","10700","0","117700","150000","27/05/2019","17:57","27/05/2019","18:42:59","ISU000012","tbl0016","CLOSED","1","","IATR190000274","","","","","IAT2705191151","NHO2018000007"),
("IATT190000285","","2","120000","0","12000","0","132000","150000","27/05/2019","17:59","27/05/2019","18:19:57","ISU000012","tbl0022","CLOSED","1","","IATR190000265","","","","","IAT2705191151","NHO2018000007"),
("IATT190000286","","2","135000","0","13500","0","148500","148500","27/05/2019","18:01","27/05/2019","18:53:31","ISU000012","tbl0024","CLOSED","1","","IATR190000280","","","","","IAT2705191151","NHO2018000007"),
("IATT190000287","","2","91000","0","9100","0","100100","100100","27/05/2019","18:04","27/05/2019","18:29:42","ISU000012","tbl0023","CLOSED","1","","IATR190000268","","","","","IAT2705191151","NHO2018000007"),
("IATT190000288","","1","41000","0","4100","0","45100","45100","27/05/2019","18:07","27/05/2019","18:25:14","ISU000012","tbl0014","CLOSED","1","","IATR190000267","","","","","IAT2705191151","NHO2018000007"),
("IATT190000289","","2","108000","0","10800","0","118800","150000","27/05/2019","18:09","27/05/2019","18:46:19","ISU000012","tbl0021","CLOSED","1","","IATR190000277","","","","","IAT2705191151","NHO2018000007"),
("IATT190000290","","2","30000","0","3000","0","33000","50000","27/05/2019","18:10","27/05/2019","18:34:53","ISU000012","tbl0019","CLOSED","1","","IATR190000272","","","","","IAT2705191151","NHO2018000007"),
("IATT190000291","","1","48000","0","4800","0","52800","54000","27/05/2019","18:12","27/05/2019","18:45:15","ISU000012","tbl0004","CLOSED","1","","IATR190000276","","","","","IAT2705191151","NHO2018000007"),
("IATT190000292","","2","117000","0","11700","0","128700","140000","27/05/2019","18:24","27/05/2019","18:49:32","ISU000012","tbl0020","CLOSED","1","","IATR190000279","","","","","IAT2705191151","NHO2018000007"),
("IATT190000293","","2","83000","0","8300","0","91300","100000","27/05/2019","18:26","27/05/2019","19:55:06","ISU000004","tbl0005","CLOSED","1","","IATR190000292","","","","","IAT2705191151","NHO2018000007"),
("IATT190000294","","2","76000","0","7600","0","83600","100000","27/05/2019","18:27","27/05/2019","18:48:22","ISU000012","tbl0003","CLOSED","1","","IATR190000278","","","","","IAT2705191151","NHO2018000007"),
("IATT190000295","","2","45000","0","4500","0","49500","49500","27/05/2019","18:35","27/05/2019","19:08:23","ISU000012","tbl0011","CLOSED","1","","IATR190000281","","","","","IAT2705191151","NHO2018000007"),
("IATT190000296","","2","76000","0","7600","0","83600","100000","27/05/2019","18:36","27/05/2019","19:10:29","ISU000004","tbl0009","CLOSED","1","","IATR190000282","","","","","IAT2705191151","NHO2018000007"),
("IATT190000297","","2","107000","0","10700","0","117700","117700","27/05/2019","18:39","27/05/2019","19:26:31","ISU000004","tbl0012","CLOSED","1","","IATR190000284","","","","","IAT2705191151","NHO2018000007"),
("IATT190000298","","2","106000","0","10600","0","116600","116600","27/05/2019","18:46","27/05/2019","19:46:09","ISU000004","tbl0018","CLOSED","1","","IATR190000289","","","","","IAT2705191151","NHO2018000007"),
("IATT190000299","","2","101000","0","10100","0","111100","111100","27/05/2019","18:50","27/05/2019","20:27:11","ISU000004","tbl0014","CLOSED","1","","IATR190000297","","","","","IAT2705191151","NHO2018000007"),
("IATT190000300","","2","90000","0","9000","0","99000","100000","27/05/2019","18:53","27/05/2019","19:44:54","ISU000004","tbl0010","CLOSED","1","","IATR190000288","","","","","IAT2705191151","NHO2018000007"),
("IATT190000301","","3","173000","0","17300","0","190300","200000","27/05/2019","18:55","27/05/2019","19:51:09","ISU000004","tbl0023","CLOSED","1","","IATR190000291","","","","","IAT2705191151","NHO2018000007"),
("IATT190000302","","3","121000","0","12100","0","133100","150100","27/05/2019","19:04","27/05/2019","19:49:16","ISU000004","tbl0011","CLOSED","1","","IATR190000290","","","","","IAT2705191151","NHO2018000007"),
("IATT190000303","","1","63000","0","6300","0","69300","100000","27/05/2019","19:05","27/05/2019","19:25:30","ISU000004","tbl0006","CLOSED","1","","IATR190000283","","","","","IAT2705191151","NHO2018000007"),
("IATT190000304","","2","71000","0","7100","0","78100","80000","27/05/2019","19:12","27/05/2019","19:33:20","ISU000004","tbl0022","CLOSED","1","","IATR190000285","","","","","IAT2705191151","NHO2018000007"),
("IATT190000305","","1","45000","0","4500","0","49500","50000","27/05/2019","19:16","27/05/2019","19:40:50","ISU000004","tbl0008","CLOSED","1","","IATR190000286","","","","","IAT2705191151","NHO2018000007"),
("IATT190000306","","2","76000","0","7600","0","83600","100000","27/05/2019","19:24","27/05/2019","19:56:14","ISU000004","tbl0007","CLOSED","1","","IATR190000293","","","","","IAT2705191151","NHO2018000007"),
("IATT190000307","","1","76000","0","7600","0","83600","104000","27/05/2019","19:33","27/05/2019","20:22:09","ISU000004","tbl0003","CLOSED","1","","IATR190000295","","","","","IAT2705191151","NHO2018000007"),
("IATT190000308","","2","40000","0","4000","0","44000","100000","27/05/2019","19:37","27/05/2019","20:45:10","ISU000004","tbl0012","CLOSED","1","","IATR190000299","","","","","IAT2705191151","NHO2018000007"),
("IATT190000309","","1","47000","0","4700","0","51700","60000","27/05/2019","19:42","27/05/2019","19:43:09","ISU000004","takeaway","CLOSED","1","","IATR190000287","","","","","IAT2705191151","NHO2018000007"),
("IATT190000310","","2","86000","0","8600","0","94600","94600","27/05/2019","19:51","27/05/2019","20:25:10","ISU000004","tbl0010","CLOSED","1","","IATR190000296","","","","","IAT2705191151","NHO2018000007"),
("IATT190000311","","1","0","0","0","0","0","0","27/05/2019","19:52","27/05/2019","19:53:01","ISU000004","takeaway","CANCELED","1","PERMINTAAN CUSTOMER","","","","","","IAT2705191151","NHO2018000007"),
("IATT190000312","","1","30000","0","3000","0","33000","35000","27/05/2019","19:53","27/05/2019","20:01:12","ISU000004","tbl0050","CLOSED","1","","IATR190000294","","","","","IAT2705191151","NHO2018000007"),
("IATT190000313","","2","101000","0","10100","0","111100","111100","27/05/2019","20:04","27/05/2019","20:42:18","ISU000004","tbl0011","CLOSED","1","","IATR190000298","","","","","IAT2705191151","NHO2018000007"),
("IATT190000314","","3","8000","0","800","0","8800","10000","27/05/2019","21:06","27/05/2019","21:24:42","ISU000004","tbl0018","CLOSED","1","","IATR190000300","","","","","IAT2705191151","NHO2018000007");



INSERT INTO item_void VALUES("IATT190000286","IAT2705191151","NHO2018000007","193055","193055","1","17000","Before Send","Salah Order"),
("IATT190000286","IAT2705191151","NHO2018000007","193054","193054","1","20000","Before Send","Komplen Customer"),
("IATT190000292","IAT2705191151","NHO2018000007","193028","193028","1","43000","Before Send","Komplen Customer");









INSERT INTO pos_paymenttemp VALUES("IATT190000268","CARD","VISA","118800","118800","ISU000012","2019-05-27","","1","","CLOSED","IAT2705191151","NHO2018000007"),
("IATT190000267","CASH","CASH","74800","100000","ISU000012","2019-05-27","","1","","CLOSED","IAT2705191151","NHO2018000007"),
("IATT190000269","CASH","CASH","116600","120000","ISU000012","2019-05-27","","1","","CLOSED","IAT2705191151","NHO2018000007"),
("IATT190000272","CASH","CASH","66000","100000","ISU000012","2019-05-27","","1","","CLOSED","IAT2705191151","NHO2018000007"),
("IATT190000270","CASH","CASH","143000","150000","ISU000012","2019-05-27","","1","","CLOSED","IAT2705191151","NHO2018000007"),
("IATT190000271","CASH","CASH","93500","100000","ISU000012","2019-05-27","","1","","CLOSED","IAT2705191151","NHO2018000007"),
("IATT190000274","CARD","MASTER","41800","41800","ISU000012","2019-05-27","","1","","CLOSED","IAT2705191151","NHO2018000007"),
("IATT190000273","CASH","CASH","94600","100000","ISU000012","2019-05-27","","1","","CLOSED","IAT2705191151","NHO2018000007"),
("IATT190000276","CARD","MASTER","248600","248600","ISU000012","2019-05-27","","1","","CLOSED","IAT2705191151","NHO2018000007"),
("IATT190000281","CASH","CASH","78100","100000","ISU000012","2019-05-27","","1","","CLOSED","IAT2705191151","NHO2018000007"),
("IATT190000278","CARD","DEBIT BCA","103400","103400","ISU000012","2019-05-27","","1","","CLOSED","IAT2705191151","NHO2018000007"),
("IATT190000285","CASH","CASH","132000","150000","ISU000012","2019-05-27","","1","","CLOSED","IAT2705191151","NHO2018000007"),
("IATT190000275","CASH","CASH","173800","200000","ISU000012","2019-05-27","","1","","CLOSED","IAT2705191151","NHO2018000007"),
("IATT190000288","CARD","MASTER","45100","45100","ISU000012","2019-05-27","","1","","CLOSED","IAT2705191151","NHO2018000007"),
("IATT190000287","CASH","CASH","100100","100100","ISU000012","2019-05-27","","1","","CLOSED","IAT2705191151","NHO2018000007"),
("IATT190000280","CASH","CASH","41800","50000","ISU000012","2019-05-27","","1","","CLOSED","IAT2705191151","NHO2018000007"),
("IATT190000282","CASH","CASH","41800","100000","ISU000012","2019-05-27","","1","","CLOSED","IAT2705191151","NHO2018000007"),
("IATT190000277","CASH","CASH","266200","270000","ISU000012","2019-05-27","","1","","CLOSED","IAT2705191151","NHO2018000007"),
("IATT190000290","CASH","CASH","33000","50000","ISU000012","2019-05-27","","1","","CLOSED","IAT2705191151","NHO2018000007"),
("IATT190000283","CASH","CASH","154000","204000","ISU000012","2019-05-27","","1","","CLOSED","IAT2705191151","NHO2018000007"),
("IATT190000284","CASH","CASH","117700","150000","ISU000012","2019-05-27","","1","","CLOSED","IAT2705191151","NHO2018000007"),
("IATT190000279","CARD","DEBIT BCA","125400","125400","ISU000012","2019-05-27","","1","","CLOSED","IAT2705191151","NHO2018000007"),
("IATT190000291","CASH","CASH","52800","54000","ISU000012","2019-05-27","","1","","CLOSED","IAT2705191151","NHO2018000007"),
("IATT190000289","CASH","CASH","118800","150000","ISU000012","2019-05-27","","1","","CLOSED","IAT2705191151","NHO2018000007"),
("IATT190000294","CASH","CASH","83600","100000","ISU000012","2019-05-27","","1","","CLOSED","IAT2705191151","NHO2018000007"),
("IATT190000292","CASH","CASH","128700","140000","ISU000012","2019-05-27","","1","","CLOSED","IAT2705191151","NHO2018000007"),
("IATT190000286","CARD","DEBIT BCA","148500","148500","ISU000012","2019-05-27","","1","","CLOSED","IAT2705191151","NHO2018000007"),
("IATT190000295","CARD","DEBIT BCA","49500","49500","ISU000012","2019-05-27","","1","","CLOSED","IAT2705191151","NHO2018000007"),
("IATT190000296","CASH","CASH","83600","100000","ISU000004","2019-05-27","","1","","CLOSED","IAT2705191151","NHO2018000007"),
("IATT190000303","CASH","CASH","69300","100000","ISU000004","2019-05-27","","1","","CLOSED","IAT2705191151","NHO2018000007"),
("IATT190000297","CARD","DEBIT BCA","117700","117700","ISU000004","2019-05-27","","1","","CLOSED","IAT2705191151","NHO2018000007"),
("IATT190000304","CASH","CASH","78100","80000","ISU000004","2019-05-27","","1","","CLOSED","IAT2705191151","NHO2018000007"),
("IATT190000305","CASH","CASH","49500","50000","ISU000004","2019-05-27","","1","","CLOSED","IAT2705191151","NHO2018000007"),
("IATT190000309","CASH","CASH","51700","60000","ISU000004","2019-05-27","","1","","CLOSED","IAT2705191151","NHO2018000007"),
("IATT190000300","CASH","CASH","99000","100000","ISU000004","2019-05-27","","1","","CLOSED","IAT2705191151","NHO2018000007"),
("IATT190000298","CARD","DEBIT BCA","116600","116600","ISU000004","2019-05-27","","1","","CLOSED","IAT2705191151","NHO2018000007"),
("IATT190000302","CASH","CASH","133100","150100","ISU000004","2019-05-27","","1","","CLOSED","IAT2705191151","NHO2018000007"),
("IATT190000301","CASH","CASH","190300","200000","ISU000004","2019-05-27","","1","","CLOSED","IAT2705191151","NHO2018000007"),
("IATT190000293","CASH","CASH","91300","100000","ISU000004","2019-05-27","","1","","CLOSED","IAT2705191151","NHO2018000007"),
("IATT190000306","CASH","CASH","83600","100000","ISU000004","2019-05-27","","1","","CLOSED","IAT2705191151","NHO2018000007"),
("IATT190000312","CASH","CASH","33000","35000","ISU000004","2019-05-27","","1","","CLOSED","IAT2705191151","NHO2018000007"),
("IATT190000307","CASH","CASH","83600","104000","ISU000004","2019-05-27","","1","","CLOSED","IAT2705191151","NHO2018000007"),
("IATT190000310","CARD","DEBIT BCA","94600","94600","ISU000004","2019-05-27","","1","","CLOSED","IAT2705191151","NHO2018000007"),
("IATT190000299","CARD","DEBIT BCA","111100","111100","ISU000004","2019-05-27","","1","","CLOSED","IAT2705191151","NHO2018000007"),
("IATT190000313","CARD","DEBIT BCA","111100","111100","ISU000004","2019-05-27","","1","","CLOSED","IAT2705191151","NHO2018000007"),
("IATT190000308","CASH","CASH","44000","100000","ISU000004","2019-05-27","","1","","CLOSED","IAT2705191151","NHO2018000007"),
("IATT190000314","CASH","CASH","8800","10000","ISU000004","2019-05-27","","1","","CLOSED","IAT2705191151","NHO2018000007");



