INSERT INTO pos_itemtemp VALUES("IATT190003532","193033","191001","192005","42000","1","42000","0","42000","1","1","1","IAT3110191000","NHO2018000007","PAID","","193033"),
("IATT190003532","193047","191002","192010","10000","1","10000","0","10000","1","1","1","IAT3110191000","NHO2018000007","PAID","","193047"),
("IATT190003533","193036","191001","192006","36000","1","36000","18900","17100","1","1","1","IAT3110191000","NHO2018000007","PAID","makanan sudah di buat","PEDAS"),
("IATT190003534","193034","191001","192005","37000","1","37000","18500","18500","1","1","1","IAT3110191000","NHO2018000007","PAID","","193034"),
("IATT190003534","193019","191001","192002","40000","1","40000","20000","20000","1","1","1","IAT3110191000","NHO2018000007","PAID","","PEDAS"),
("IATT190003534","193119","191001","192012","20000","1","20000","10000","10000","1","1","1","IAT3110191000","NHO2018000007","PAID","","193119"),
("IATT190003534","193055","191002","192010","17000","1","17000","0","17000","1","1","1","IAT3110191000","NHO2018000007","PAID","","193055"),
("IATT190003534","193056","191002","192010","17000","1","17000","0","17000","1","1","1","IAT3110191000","NHO2018000007","PAID","","193056"),
("IATT190003535","193082","191001","192001","30000","1","30000","15000","15000","1","1","1","IAT3110191000","NHO2018000007","PAID","","193082"),
("IATT190003535","193017","191001","192002","37000","1","37000","18500","18500","1","1","1","IAT3110191000","NHO2018000007","PAID","","193017"),
("IATT190003535","193024","191001","192003","30000","1","30000","0","30000","1","1","1","IAT3110191000","NHO2018000007","PAID","","193024"),
("IATT190003535","193039","191001","192006","36000","1","36000","18000","18000","1","1","1","IAT3110191000","NHO2018000007","PAID","pedes dikit","PEDAS"),
("IATT190003535","193029","191001","192004","27000","1","27000","13500","13500","1","1","1","IAT3110191000","NHO2018000007","PAID","","193029"),
("IATT190003535","193032","191001","192004","30000","1","30000","15000","15000","1","1","1","IAT3110191000","NHO2018000007","PAID","","193032"),
("IATT190003535","193054","191002","192010","20000","1","20000","0","20000","1","1","1","IAT3110191000","NHO2018000007","PAID","","193054"),
("IATT190003535","193052","191002","192010","20000","1","20000","0","20000","1","1","1","IAT3110191000","NHO2018000007","PAID","","193052"),
("IATT190003536","193034","191001","192005","37000","1","37000","18500","18500","1","1","1","IAT3110191000","NHO2018000007","PAID","","193034"),
("IATT190003536","193048","191002","192010","8000","1","8000","0","8000","1","1","1","IAT3110191000","NHO2018000007","PAID","","193048"),
("IATT190003537","193028","191001","192003","43000","1","43000","0","43000","1","1","1","IAT3110191000","NHO2018000007","PAID","","193028"),
("IATT190003537","193024","191001","192003","30000","1","30000","0","30000","1","1","1","IAT3110191000","NHO2018000007","PAID","","193024"),
("IATT190003537","193084","191001","192001","30000","1","30000","15000","15000","1","1","1","IAT3110191000","NHO2018000007","PAID","","PEDAS"),
("IATT190003537","193011","191001","192001","40000","1","40000","20000","20000","1","1","1","IAT3110191000","NHO2018000007","PAID","","PEDAS"),
("IATT190003537","193047","191002","192010","10000","1","10000","0","10000","1","1","1","IAT3110191000","NHO2018000007","PAID","","193047"),
("IATT190003537","193046","191002","192010","10000","1","10000","0","10000","1","1","1","IAT3110191000","NHO2018000007","PAID","","193046"),
("IATT190003537","193046","191002","192010","10000","1","10000","0","10000","2","1","1","IAT3110191000","NHO2018000007","PAID","","193046"),
("IATT190003537","193049","191002","192010","10000","1","10000","0","10000","1","1","1","IAT3110191000","NHO2018000007","PAID","","193049"),
("IATT190003538","193084","191001","192001","30000","1","30000","15000","15000","1","1","1","IAT3110191000","NHO2018000007","PAID","","PEDAS"),
("IATT190003538","193054","191002","192010","20000","1","20000","0","20000","1","1","1","IAT3110191000","NHO2018000007","PAID","","193054"),
("IATT190003535","193054","191002","192010","20000","1","20000","0","20000","2","1","2","IAT3110191000","NHO2018000007","PAID","","193054"),
("IATT190003535","193082","191001","192001","30000","1","30000","15000","15000","2","1","3","IAT3110191000","NHO2018000007","PAID","","193082"),
("IATT190003535","193029","191001","192004","27000","1","27000","13500","13500","2","1","3","IAT3110191000","NHO2018000007","PAID","","193029"),
("IATT190003539","193083","191001","192001","30000","1","30000","15000","15000","1","1","1","IAT3110191000","NHO2018000007","PAID","","193083"),
("IATT190003539","193084","191001","192001","30000","1","30000","15000","15000","1","1","1","IAT3110191000","NHO2018000007","PAID","","PEDAS"),
("IATT190003539","193071","191001","192012","18000","1","18000","9000","9000","1","1","1","IAT3110191000","NHO2018000007","PAID","","193071"),
("IATT190003539","193056","191002","192010","17000","1","17000","0","17000","1","1","1","IAT3110191000","NHO2018000007","PAID","","193056"),
("IATT190003539","193056","191002","192010","17000","1","17000","0","17000","2","1","1","IAT3110191000","NHO2018000007","PAID","","193056"),
("IATT190003539","193084","191001","192001","30000","1","30000","15000","15000","2","1","2","IAT3110191000","NHO2018000007","PAID","","PEDAS"),
("IATT190003539","193046","191002","192010","10000","1","10000","0","10000","1","1","2","IAT3110191000","NHO2018000007","PAID","","193046"),
("IATT190003540","193084","191001","192001","30000","1","30000","15000","15000","1","1","1","IAT3110191000","NHO2018000007","PAID","","PEDAS"),
("IATT190003540","193084","191001","192001","30000","1","30000","15000","15000","2","1","1","IAT3110191000","NHO2018000007","PAID","","PEDAS"),
("IATT190003540","193083","191001","192001","30000","1","30000","15000","15000","1","1","1","IAT3110191000","NHO2018000007","PAID","","193083"),
("IATT190003540","193012","191001","192001","40000","1","40000","20000","20000","1","1","1","IAT3110191000","NHO2018000007","PAID","","193012"),
("IATT190003540","193020","191001","192002","40000","1","40000","20000","20000","1","1","1","IAT3110191000","NHO2018000007","PAID","","193020"),
("IATT190003540","193056","191002","192010","17000","1","17000","0","17000","1","1","1","IAT3110191000","NHO2018000007","PAID","","193056"),
("IATT190003540","193047","191002","192010","10000","1","10000","0","10000","1","1","1","IAT3110191000","NHO2018000007","PAID","","193047"),
("IATT190003540","193052","191002","192010","20000","1","20000","0","20000","1","1","1","IAT3110191000","NHO2018000007","PAID","","193052"),
("IATT190003540","193050","191002","192010","20000","1","20000","0","20000","1","1","1","IAT3110191000","NHO2018000007","PAID","","193050"),
("IATT190003540","193070","191001","192012","13000","1","13000","6500","6500","1","1","1","IAT3110191000","NHO2018000007","PAID","","193070"),
("IATT190003540","193069","191001","192012","13000","1","13000","6500","6500","1","1","1","IAT3110191000","NHO2018000007","PAID","","193069"),
("IATT190003540","193118","191001","192012","20000","1","20000","10000","10000","1","1","1","IAT3110191000","NHO2018000007","PAID","","193118"),
("IATT190003540","193119","191001","192012","20000","1","20000","10000","10000","1","1","1","IAT3110191000","NHO2018000007","PAID","","193119"),
("IATT190003540","193055","191002","192010","17000","1","17000","0","17000","1","1","2","IAT3110191000","NHO2018000007","PAID","","193055"),
("IATT190003540","193055","191002","192010","17000","1","17000","0","17000","2","1","2","IAT3110191000","NHO2018000007","PAID","","193055"),
("IATT190003541","193071","191001","192012","18000","1","18000","9000","9000","1","1","1","IAT3110191000","NHO2018000007","PAID","","193071"),
("IATT190003542","193011","191001","192001","40000","1","40000","20000","20000","1","1","1","IAT3110191000","NHO2018000007","PAID","jangan d buat . makanan sudah keluar","PEDAS"),
("IATT190003543","193036","191001","192006","36000","1","36000","18900","17100","1","1","1","IAT3110191000","NHO2018000007","PAID","","PEDAS"),
("IATT190003544","193010","191001","192001","40000","1","40000","20000","20000","1","1","1","IAT3110191000","NHO2018000007","PAID","","193010"),
("IATT190003544","193086","191001","192002","33000","1","33000","16500","16500","1","1","1","IAT3110191000","NHO2018000007","PAID","","PEDAS"),
("IATT190003544","193048","191002","192010","8000","1","8000","0","8000","1","1","1","IAT3110191000","NHO2018000007","PAID","","193048"),
("IATT190003544","193048","191002","192010","8000","1","8000","0","8000","2","1","1","IAT3110191000","NHO2018000007","PAID","","193048"),
("IATT190003544","193052","191002","192010","20000","1","20000","0","20000","1","1","1","IAT3110191000","NHO2018000007","PAID","","193052"),
("IATT190003545","193006","191001","192001","37000","1","37000","18500","18500","1","1","1","IAT3110191000","NHO2018000007","PAID","","193006"),
("IATT190003545","193033","191001","192005","42000","1","42000","21000","21000","1","1","1","IAT3110191000","NHO2018000007","PAID","","193033"),
("IATT190003546","193007","191001","192001","37000","1","37000","18500","18500","1","1","1","IAT3110191000","NHO2018000007","PAID","","PEDAS"),
("IATT190003546","193082","191001","192001","30000","1","30000","15000","15000","1","1","1","IAT3110191000","NHO2018000007","PAID","","193082"),
("IATT190003546","193055","191002","192010","17000","1","17000","0","17000","1","1","1","IAT3110191000","NHO2018000007","PAID","","193055"),
("IATT190003546","193054","191002","192010","20000","1","20000","0","20000","1","1","1","IAT3110191000","NHO2018000007","PAID","","193054"),
("IATT190003547","193033","191001","192005","42000","1","42000","21000","21000","1","1","1","IAT3110191000","NHO2018000007","PAID","","193033"),
("IATT190003547","193047","191002","192010","10000","1","10000","0","10000","1","1","1","IAT3110191000","NHO2018000007","PAID","","193047"),
("IATT190003547","193076","191001","192001","30000","1","30000","15000","15000","1","1","2","IAT3110191000","NHO2018000007","PAID","","193076"),
("IATT190003548","193052","191002","192010","20000","1","20000","0","20000","1","1","1","IAT3110191000","NHO2018000007","PAID","","193052"),
("IATT190003549","193084","191001","192001","30000","1","30000","15000","15000","1","1","1","IAT3110191000","NHO2018000007","PAID","  gak pakai daun bawang dan mie nya setengah mateng","PEDAS"),
("IATT190003549","193084","191001","192001","30000","1","30000","15000","15000","2","1","1","IAT3110191000","NHO2018000007","PAID","","PEDAS"),
("IATT190003549","193048","191002","192010","8000","1","8000","0","8000","1","1","1","IAT3110191000","NHO2018000007","PAID","","193048"),
("IATT190003549","193048","191002","192010","8000","1","8000","0","8000","2","1","1","IAT3110191000","NHO2018000007","PAID","","193048"),
("IATT190003550","193022","191001","192003","30000","1","30000","3000","27000","1","1","1","IAT3110191000","NHO2018000007","PAID","","193022"),
("IATT190003550","193047","191002","192010","10000","1","10000","1000","9000","1","1","1","IAT3110191000","NHO2018000007","PAID","","193047"),
("IATT190003551","193009","191001","192001","40000","1","40000","20000","20000","1","1","1","IAT3110191000","NHO2018000007","PAID","","193009"),
("IATT190003551","193009","191001","192001","40000","1","40000","20000","20000","2","1","1","IAT3110191000","NHO2018000007","PAID","","193009"),
("IATT190003551","193032","191001","192004","30000","1","30000","15000","15000","1","1","1","IAT3110191000","NHO2018000007","PAID","","193032"),
("IATT190003551","193048","191002","192010","8000","1","8000","0","8000","1","1","1","IAT3110191000","NHO2018000007","PAID","","193048"),
("IATT190003551","193048","191002","192010","8000","1","8000","0","8000","2","1","1","IAT3110191000","NHO2018000007","PAID","","193048"),
("IATT190003551","193048","191002","192010","8000","1","8000","0","8000","3","1","1","IAT3110191000","NHO2018000007","PAID","","193048"),
("IATT190003552","193082","191001","192001","30000","1","30000","15000","15000","1","1","1","IAT3110191000","NHO2018000007","PAID","","193082"),
("IATT190003552","193035","191001","192006","32000","1","32000","16000","16000","1","1","1","IAT3110191000","NHO2018000007","PAID","","PEDAS"),
("IATT190003553","193084","191001","192001","30000","1","30000","15000","15000","1","1","1","IAT3110191000","NHO2018000007","PAID","","PEDAS"),
("IATT190003553","193082","191001","192001","30000","1","30000","15000","15000","1","1","1","IAT3110191000","NHO2018000007","PAID","","193082"),
("IATT190003553","193034","191001","192005","37000","1","37000","18500","18500","1","1","1","IAT3110191000","NHO2018000007","PAID","","193034"),
("IATT190003553","193113","191001","192003","55000","1","55000","0","55000","1","1","1","IAT3110191000","NHO2018000007","PAID","","193113"),
("IATT190003553","193054","191002","192010","20000","1","20000","0","20000","1","1","1","IAT3110191000","NHO2018000007","PAID","","193054"),
("IATT190003553","193046","191002","192010","10000","1","10000","0","10000","1","1","1","IAT3110191000","NHO2018000007","PAID","","193046"),
("IATT190003553","193051","191002","192010","20000","1","20000","0","20000","1","1","1","IAT3110191000","NHO2018000007","PAID","","193051"),
("IATT190003553","193052","191002","192010","20000","1","20000","0","20000","1","1","1","IAT3110191000","NHO2018000007","PAID","","193052"),
("IATT190003554","193054","191002","192010","20000","1","20000","2000","18000","1","1","1","IAT3110191000","NHO2018000007","PAID","","193054"),
("IATT190003554","193055","191002","192010","17000","1","17000","1700","15300","1","1","1","IAT3110191000","NHO2018000007","PAID","","193055"),
("IATT190003555","193015","191001","192002","33000","1","33000","16500","16500","1","1","1","IAT3110191000","NHO2018000007","PAID","","ORIGINAL"),
("IATT190003555","193009","191001","192001","40000","1","40000","20000","20000","1","1","1","IAT3110191000","NHO2018000007","PAID","","193009"),
("IATT190003555","193056","191002","192010","17000","1","17000","0","17000","1","1","1","IAT3110191000","NHO2018000007","PAID","","193056"),
("IATT190003555","193048","191002","192010","8000","1","8000","0","8000","1","1","1","IAT3110191000","NHO2018000007","PAID","","193048"),
("IATT190003556","193039","191001","192006","36000","1","36000","18000","18000","1","1","1","IAT3110191000","NHO2018000007","PAID","","ORIGINAL"),
("IATT190003556","193049","191002","192010","10000","1","10000","0","10000","1","1","1","IAT3110191000","NHO2018000007","PAID","","193049");



INSERT INTO pos_salestemp VALUES("IATT190003532","","1","52000","0","5200","0","57200","60000","31/10/2019","10:31","2019-10-31","11:26:12","ISU000004","tbl0010","CLOSED","1","","IATR190003431","","","","","IAT3110191000","NHO2018000007"),
("IATT190003533","","1","36000","18900","1710","0","18810","20000","31/10/2019","10:55","2019-10-31","10:55:53","ISU000004","tbl0015","CLOSED","1","","IATR190003430","","","","","IAT3110191000","NHO2018000007"),
("IATT190003534","","2","131000","48500","8250","0","90750","100000","31/10/2019","12:10","2019-10-31","12:37:29","ISU000004","tbl0012","CLOSED","1","","IATR190003432","","","","","IAT3110191000","NHO2018000007"),
("IATT190003535","","4","307000","108500","19850","0","218350","218350","31/10/2019","12:20","2019-10-31","13:29:59","ISU000004","tbl0010","CLOSED","1","","IATR190003436","","","","","IAT3110191000","NHO2018000007"),
("IATT190003536","","1","45000","18500","2650","0","29150","50000","31/10/2019","12:36","2019-10-31","13:24:03","ISU000004","tbl0005","CLOSED","1","","IATR190003434","","","","","IAT3110191000","NHO2018000007"),
("IATT190003537","","4","183000","35000","14800","0","162800","170000","31/10/2019","12:39","2019-10-31","13:20:52","ISU000004","tbl0014","CLOSED","1","","IATR190003433","","","","","IAT3110191000","NHO2018000007"),
("IATT190003538","","1","50000","15000","3500","0","38500","50000","31/10/2019","12:46","2019-10-31","13:27:56","ISU000004","tbl0012","CLOSED","1","","IATR190003435","","","","","IAT3110191000","NHO2018000007"),
("IATT190003539","","2","152000","54000","9800","0","107800","110000","31/10/2019","13:38","2019-10-31","14:25:33","ISU000004","tbl0011","CLOSED","1","","IATR190003438","","","","","IAT3110191000","NHO2018000007"),
("IATT190003540","","4","337000","118000","21900","0","240900","300000","31/10/2019","13:47","2019-10-31","14:23:31","ISU000004","tbl0014","CLOSED","1","","IATR190003437","","","","","IAT3110191000","NHO2018000007"),
("IATT190003541","","0","18000","9000","900","0","9900","20000","31/10/2019","14:26","2019-10-31","14:26:55","ISU000004","tbl0005","CLOSED","1","","IATR190003439","","","","","IAT3110191000","NHO2018000007"),
("IATT190003542","","1","40000","20000","2000","0","22000","50000","31/10/2019","15:03","2019-10-31","15:04:25","ISU000004","tbl0021","CLOSED","1","","IATR190003440","","","","","IAT3110191000","NHO2018000007"),
("IATT190003543","","1","36000","18900","1710","0","18810","20000","31/10/2019","15:28","2019-10-31","17:27:13","ISU000004","tbl0008","CLOSED","1","","IATR190003442","","","","","IAT3110191000","NHO2018000007"),
("IATT190003544","","2","109000","36500","7250","0","79750","100000","31/10/2019","16:22","2019-10-31","16:54:25","ISU000004","tbl0010","CLOSED","1","","IATR190003441","","","","","IAT3110191000","NHO2018000007"),
("IATT190003545","","2","79000","39500","3950","0","43450","50000","31/10/2019","16:49","2019-10-31","17:34:43","ISU000013","tbl0012","CLOSED","1","","IATR190003445","","","","","IAT3110191000","NHO2018000007"),
("IATT190003546","","2","104000","33500","7050","0","77550","100000","31/10/2019","17:01","2019-10-31","17:31:15","ISU000004","tbl0011","CLOSED","1","","IATR190003443","","","","","IAT3110191000","NHO2018000007"),
("IATT190003547","","1","82000","36000","4600","0","50600","55000","31/10/2019","17:02","2019-10-31","17:33:30","ISU000004","tbl0014","CLOSED","1","","IATR190003444","","","","","IAT3110191000","NHO2018000007"),
("IATT190003548","","0","20000","0","2000","0","22000","22000","31/10/2019","17:36","2019-10-31","18:22:02","ISU000004","tbl0012","CLOSED","1","","IATR190003447","","","","","IAT3110191000","NHO2018000007"),
("IATT190003549","","2","76000","30000","4600","0","50600","52000","31/10/2019","17:36","2019-10-31","18:13:38","ISU000004","tbl0010","CLOSED","1","","IATR190003446","","","","","IAT3110191000","NHO2018000007"),
("IATT190003550","","1","40000","4000","3600","0","39600","39600","31/10/2019","18:18","2019-10-31","19:02:44","ISU000004","tbl0011","CLOSED","1","","IATR190003448","","","","","IAT3110191000","NHO2018000007"),
("IATT190003551","","3","134000","55000","7900","0","86900","87000","31/10/2019","18:22","2019-10-31","19:19:09","ISU000004","tbl0010","CLOSED","1","","IATR190003449","","","","","IAT3110191000","NHO2018000007"),
("IATT190003552","","2","62000","31000","3100","0","34100","100100","31/10/2019","18:25","2019-10-31","19:48:20","ISU000013","tbl0012","CLOSED","1","","IATR190003451","","","","","IAT3110191000","NHO2018000007"),
("IATT190003553","","4","222000","48500","17350","0","190850","200000","31/10/2019","18:31","2019-10-31","19:33:15","ISU000004","tbl0014","CLOSED","1","","IATR190003450","","","","","IAT3110191000","NHO2018000007"),
("IATT190003554","","0","37000","3700","3330","0","36630","50000","31/10/2019","19:49","2019-10-31","19:52:17","ISU000004","tbl0012","CLOSED","1","","IATR190003452","","","","","IAT3110191000","NHO2018000007"),
("IATT190003555","","0","98000","36500","6150","0","67650","100000","31/10/2019","20:43","2019-10-31","21:43:11","ISU000004","tbl0012","CLOSED","1","","IATR190003454","","","","","IAT3110191000","NHO2018000007"),
("IATT190003556","","1","46000","18000","2800","0","30800","50000","31/10/2019","20:54","2019-10-31","21:18:09","ISU000004","tbl0006","CLOSED","1","","IATR190003453","","","","","IAT3110191000","NHO2018000007");



INSERT INTO item_void VALUES("IATT190003545","IAT3110191000","NHO2018000007","193052","193052","1","20000","Before Send","Salah Order"),
("IATT190003552","IAT3110191000","NHO2018000007","193054","193054","1","20000","Before Send","Komplen Customer"),
("IATT190003552","IAT3110191000","NHO2018000007","193055","193055","1","17000","Before Send","Komplen Customer");



INSERT INTO pos_promotion_h VALUES("IATT190003533","NPRM18000017","DISC ITEM","1","18000","TUNJUKKAN JEMPOLMU","IAT3110191000","PAID","NHO2018000007"),
("IATT190003533","NPRM18000018","DISC ALL","1","900","CRM DISC 5%","IAT3110191000","PAID","NHO2018000007"),
("IATT190003534","NPRM18000017","DISC ITEM","1","48500","TUNJUKKAN JEMPOLMU","IAT3110191000","PAID","NHO2018000007"),
("IATT190003535","NPRM18000017","DISC ITEM","1","108500","TUNJUKKAN JEMPOLMU","IAT3110191000","PAID","NHO2018000007"),
("IATT190003537","NPRM18000017","DISC ITEM","1","35000","TUNJUKKAN JEMPOLMU","IAT3110191000","PAID","NHO2018000007"),
("IATT190003536","NPRM18000017","DISC ITEM","1","18500","TUNJUKKAN JEMPOLMU","IAT3110191000","PAID","NHO2018000007"),
("IATT190003538","NPRM18000017","DISC ITEM","1","15000","TUNJUKKAN JEMPOLMU","IAT3110191000","PAID","NHO2018000007"),
("IATT190003540","NPRM18000017","DISC ITEM","1","118000","TUNJUKKAN JEMPOLMU","IAT3110191000","PAID","NHO2018000007"),
("IATT190003539","NPRM18000017","DISC ITEM","1","54000","TUNJUKKAN JEMPOLMU","IAT3110191000","PAID","NHO2018000007"),
("IATT190003541","NPRM18000017","DISC ITEM","1","9000","TUNJUKKAN JEMPOLMU","IAT3110191000","PAID","NHO2018000007"),
("IATT190003542","NPRM18000017","DISC ITEM","1","20000","TUNJUKKAN JEMPOLMU","IAT3110191000","PAID","NHO2018000007"),
("IATT190003544","NPRM18000017","DISC ITEM","1","36500","TUNJUKKAN JEMPOLMU","IAT3110191000","PAID","NHO2018000007"),
("IATT190003543","NPRM18000017","DISC ITEM","1","18000","TUNJUKKAN JEMPOLMU","IAT3110191000","PAID","NHO2018000007"),
("IATT190003543","NPRM18000018","DISC ALL","1","900","CRM DISC 5%","IAT3110191000","PAID","NHO2018000007"),
("IATT190003546","NPRM18000017","DISC ITEM","1","33500","TUNJUKKAN JEMPOLMU","IAT3110191000","PAID","NHO2018000007"),
("IATT190003547","NPRM18000017","DISC ITEM","1","36000","TUNJUKKAN JEMPOLMU","IAT3110191000","PAID","NHO2018000007"),
("IATT190003545","NPRM18000017","DISC ITEM","1","39500","TUNJUKKAN JEMPOLMU","IAT3110191000","PAID","NHO2018000007"),
("IATT190003549","NPRM18000017","DISC ITEM","1","30000","TUNJUKKAN JEMPOLMU","IAT3110191000","PAID","NHO2018000007"),
("IATT190003550","NPRM18000019","DISC ALL","1","4000","CRM DISC 10%","IAT3110191000","PAID","NHO2018000007"),
("IATT190003551","NPRM18000017","DISC ITEM","1","55000","TUNJUKKAN JEMPOLMU","IAT3110191000","PAID","NHO2018000007"),
("IATT190003553","NPRM18000017","DISC ITEM","1","48500","TUNJUKKAN JEMPOLMU","IAT3110191000","PAID","NHO2018000007"),
("IATT190003552","NPRM18000017","DISC ITEM","1","31000","TUNJUKKAN JEMPOLMU","IAT3110191000","PAID","NHO2018000007"),
("IATT190003554","NPRM18000019","DISC ALL","1","3700","CRM DISC 10%","IAT3110191000","PAID","NHO2018000007"),
("IATT190003556","NPRM18000017","DISC ITEM","1","18000","TUNJUKKAN JEMPOLMU","IAT3110191000","PAID","NHO2018000007"),
("IATT190003555","NPRM18000017","DISC ITEM","1","36500","TUNJUKKAN JEMPOLMU","IAT3110191000","PAID","NHO2018000007");



INSERT INTO pos_promotion_d VALUES("IATT190003533","NPRM18000017","DISC ITEM","1","1","193036","1","18000","IAT3110191000","PAID","NHO2018000007"),
("IATT190003533","NPRM18000018","DISC ALL","1","1","193036","1","900","IAT3110191000","PAID","NHO2018000007"),
("IATT190003534","NPRM18000017","DISC ITEM","1","1","193034","1","18500","IAT3110191000","PAID","NHO2018000007"),
("IATT190003534","NPRM18000017","DISC ITEM","1","1","193019","1","20000","IAT3110191000","PAID","NHO2018000007"),
("IATT190003534","NPRM18000017","DISC ITEM","1","1","193119","1","10000","IAT3110191000","PAID","NHO2018000007"),
("IATT190003535","NPRM18000017","DISC ITEM","1","1","193082","1","15000","IAT3110191000","PAID","NHO2018000007"),
("IATT190003535","NPRM18000017","DISC ITEM","1","1","193017","1","18500","IAT3110191000","PAID","NHO2018000007"),
("IATT190003535","NPRM18000017","DISC ITEM","1","1","193039","1","18000","IAT3110191000","PAID","NHO2018000007"),
("IATT190003535","NPRM18000017","DISC ITEM","1","1","193029","1","13500","IAT3110191000","PAID","NHO2018000007"),
("IATT190003535","NPRM18000017","DISC ITEM","1","1","193032","1","15000","IAT3110191000","PAID","NHO2018000007"),
("IATT190003535","NPRM18000017","DISC ITEM","1","1","193082","2","15000","IAT3110191000","PAID","NHO2018000007"),
("IATT190003535","NPRM18000017","DISC ITEM","1","1","193029","2","13500","IAT3110191000","PAID","NHO2018000007"),
("IATT190003537","NPRM18000017","DISC ITEM","1","1","193084","1","15000","IAT3110191000","PAID","NHO2018000007"),
("IATT190003537","NPRM18000017","DISC ITEM","1","1","193011","1","20000","IAT3110191000","PAID","NHO2018000007"),
("IATT190003536","NPRM18000017","DISC ITEM","1","1","193034","1","18500","IAT3110191000","PAID","NHO2018000007"),
("IATT190003538","NPRM18000017","DISC ITEM","1","1","193084","1","15000","IAT3110191000","PAID","NHO2018000007"),
("IATT190003540","NPRM18000017","DISC ITEM","1","1","193084","1","15000","IAT3110191000","PAID","NHO2018000007"),
("IATT190003540","NPRM18000017","DISC ITEM","1","1","193084","2","15000","IAT3110191000","PAID","NHO2018000007"),
("IATT190003540","NPRM18000017","DISC ITEM","1","1","193083","1","15000","IAT3110191000","PAID","NHO2018000007"),
("IATT190003540","NPRM18000017","DISC ITEM","1","1","193012","1","20000","IAT3110191000","PAID","NHO2018000007"),
("IATT190003540","NPRM18000017","DISC ITEM","1","1","193020","1","20000","IAT3110191000","PAID","NHO2018000007"),
("IATT190003540","NPRM18000017","DISC ITEM","1","1","193070","1","6500","IAT3110191000","PAID","NHO2018000007"),
("IATT190003540","NPRM18000017","DISC ITEM","1","1","193069","1","6500","IAT3110191000","PAID","NHO2018000007"),
("IATT190003540","NPRM18000017","DISC ITEM","1","1","193118","1","10000","IAT3110191000","PAID","NHO2018000007"),
("IATT190003540","NPRM18000017","DISC ITEM","1","1","193119","1","10000","IAT3110191000","PAID","NHO2018000007"),
("IATT190003539","NPRM18000017","DISC ITEM","1","1","193083","1","15000","IAT3110191000","PAID","NHO2018000007"),
("IATT190003539","NPRM18000017","DISC ITEM","1","1","193084","1","15000","IAT3110191000","PAID","NHO2018000007"),
("IATT190003539","NPRM18000017","DISC ITEM","1","1","193071","1","9000","IAT3110191000","PAID","NHO2018000007"),
("IATT190003539","NPRM18000017","DISC ITEM","1","1","193084","2","15000","IAT3110191000","PAID","NHO2018000007"),
("IATT190003541","NPRM18000017","DISC ITEM","1","1","193071","1","9000","IAT3110191000","PAID","NHO2018000007"),
("IATT190003542","NPRM18000017","DISC ITEM","1","1","193011","1","20000","IAT3110191000","PAID","NHO2018000007"),
("IATT190003544","NPRM18000017","DISC ITEM","1","1","193010","1","20000","IAT3110191000","PAID","NHO2018000007"),
("IATT190003544","NPRM18000017","DISC ITEM","1","1","193086","1","16500","IAT3110191000","PAID","NHO2018000007"),
("IATT190003543","NPRM18000017","DISC ITEM","1","1","193036","1","18000","IAT3110191000","PAID","NHO2018000007"),
("IATT190003543","NPRM18000018","DISC ALL","1","1","193036","1","900","IAT3110191000","PAID","NHO2018000007"),
("IATT190003546","NPRM18000017","DISC ITEM","1","1","193007","1","18500","IAT3110191000","PAID","NHO2018000007"),
("IATT190003546","NPRM18000017","DISC ITEM","1","1","193082","1","15000","IAT3110191000","PAID","NHO2018000007"),
("IATT190003547","NPRM18000017","DISC ITEM","1","1","193033","1","21000","IAT3110191000","PAID","NHO2018000007"),
("IATT190003547","NPRM18000017","DISC ITEM","1","1","193076","1","15000","IAT3110191000","PAID","NHO2018000007"),
("IATT190003545","NPRM18000017","DISC ITEM","1","1","193006","1","18500","IAT3110191000","PAID","NHO2018000007"),
("IATT190003545","NPRM18000017","DISC ITEM","1","1","193033","1","21000","IAT3110191000","PAID","NHO2018000007"),
("IATT190003549","NPRM18000017","DISC ITEM","1","1","193084","1","15000","IAT3110191000","PAID","NHO2018000007"),
("IATT190003549","NPRM18000017","DISC ITEM","1","1","193084","2","15000","IAT3110191000","PAID","NHO2018000007"),
("IATT190003550","NPRM18000019","DISC ALL","1","1","193022","1","3000","IAT3110191000","PAID","NHO2018000007"),
("IATT190003550","NPRM18000019","DISC ALL","1","1","193047","1","1000","IAT3110191000","PAID","NHO2018000007"),
("IATT190003551","NPRM18000017","DISC ITEM","1","1","193009","1","20000","IAT3110191000","PAID","NHO2018000007"),
("IATT190003551","NPRM18000017","DISC ITEM","1","1","193009","2","20000","IAT3110191000","PAID","NHO2018000007"),
("IATT190003551","NPRM18000017","DISC ITEM","1","1","193032","1","15000","IAT3110191000","PAID","NHO2018000007"),
("IATT190003553","NPRM18000017","DISC ITEM","1","1","193084","1","15000","IAT3110191000","PAID","NHO2018000007"),
("IATT190003553","NPRM18000017","DISC ITEM","1","1","193082","1","15000","IAT3110191000","PAID","NHO2018000007"),
("IATT190003553","NPRM18000017","DISC ITEM","1","1","193034","1","18500","IAT3110191000","PAID","NHO2018000007"),
("IATT190003552","NPRM18000017","DISC ITEM","1","1","193082","1","15000","IAT3110191000","PAID","NHO2018000007"),
("IATT190003552","NPRM18000017","DISC ITEM","1","1","193035","1","16000","IAT3110191000","PAID","NHO2018000007"),
("IATT190003554","NPRM18000019","DISC ALL","1","1","193054","1","2000","IAT3110191000","PAID","NHO2018000007"),
("IATT190003554","NPRM18000019","DISC ALL","1","1","193055","1","1700","IAT3110191000","PAID","NHO2018000007"),
("IATT190003556","NPRM18000017","DISC ITEM","1","1","193039","1","18000","IAT3110191000","PAID","NHO2018000007"),
("IATT190003555","NPRM18000017","DISC ITEM","1","1","193015","1","16500","IAT3110191000","PAID","NHO2018000007"),
("IATT190003555","NPRM18000017","DISC ITEM","1","1","193009","1","20000","IAT3110191000","PAID","NHO2018000007");



INSERT INTO pos_paymenttemp VALUES("IATT190003533","CASH","CASH","18810","20000","ISU000004","2019-10-31","","1","","CLOSED","IAT3110191000","NHO2018000007"),
("IATT190003532","CASH","CASH","57200","60000","ISU000004","2019-10-31","","1","","CLOSED","IAT3110191000","NHO2018000007"),
("IATT190003534","CASH","CASH","90750","100000","ISU000004","2019-10-31","","1","","CLOSED","IAT3110191000","NHO2018000007"),
("IATT190003535","CARD","DEBIT BCA","218350","218350","ISU000004","2019-10-31","","1","","CLOSED","IAT3110191000","NHO2018000007"),
("IATT190003537","CASH","CASH","162800","170000","ISU000004","2019-10-31","","1","","CLOSED","IAT3110191000","NHO2018000007"),
("IATT190003536","CASH","CASH","29150","50000","ISU000004","2019-10-31","","1","","CLOSED","IAT3110191000","NHO2018000007"),
("IATT190003538","CASH","CASH","38500","50000","ISU000004","2019-10-31","","1","","CLOSED","IAT3110191000","NHO2018000007"),
("IATT190003540","CASH","CASH","240900","300000","ISU000004","2019-10-31","","1","","CLOSED","IAT3110191000","NHO2018000007"),
("IATT190003539","CASH","CASH","107800","110000","ISU000004","2019-10-31","","1","","CLOSED","IAT3110191000","NHO2018000007"),
("IATT190003541","CASH","CASH","9900","20000","ISU000004","2019-10-31","","1","","CLOSED","IAT3110191000","NHO2018000007"),
("IATT190003542","CASH","CASH","22000","50000","ISU000004","2019-10-31","","1","","CLOSED","IAT3110191000","NHO2018000007"),
("IATT190003544","CASH","CASH","79750","100000","ISU000004","2019-10-31","","1","","CLOSED","IAT3110191000","NHO2018000007"),
("IATT190003543","CASH","CASH","18810","20000","ISU000004","2019-10-31","","1","","CLOSED","IAT3110191000","NHO2018000007"),
("IATT190003546","CASH","CASH","77550","100000","ISU000004","2019-10-31","","1","","CLOSED","IAT3110191000","NHO2018000007"),
("IATT190003547","CASH","CASH","50600","55000","ISU000004","2019-10-31","","1","","CLOSED","IAT3110191000","NHO2018000007"),
("IATT190003545","CASH","CASH","43450","50000","ISU000013","2019-10-31","","1","","CLOSED","IAT3110191000","NHO2018000007"),
("IATT190003549","CASH","CASH","50600","52000","ISU000004","2019-10-31","","1","","CLOSED","IAT3110191000","NHO2018000007"),
("IATT190003548","CASH","OVO","22000","22000","ISU000004","2019-10-31","","1","","CLOSED","IAT3110191000","NHO2018000007"),
("IATT190003550","CARD","DEBIT BCA","39600","39600","ISU000004","2019-10-31","","1","","CLOSED","IAT3110191000","NHO2018000007"),
("IATT190003551","CASH","CASH","86900","87000","ISU000004","2019-10-31","","1","","CLOSED","IAT3110191000","NHO2018000007"),
("IATT190003553","CASH","CASH","190850","200000","ISU000004","2019-10-31","","1","","CLOSED","IAT3110191000","NHO2018000007"),
("IATT190003552","CASH","CASH","34100","100100","ISU000013","2019-10-31","","1","","CLOSED","IAT3110191000","NHO2018000007"),
("IATT190003554","CASH","CASH","36630","50000","ISU000004","2019-10-31","","1","","CLOSED","IAT3110191000","NHO2018000007"),
("IATT190003556","CASH","CASH","30800","50000","ISU000004","2019-10-31","","1","","CLOSED","IAT3110191000","NHO2018000007"),
("IATT190003555","CASH","CASH","67650","100000","ISU000004","2019-10-31","","1","","CLOSED","IAT3110191000","NHO2018000007");



