INSERT INTO pos_itemtemp VALUES("IATT190003507","193111","191001","192008","25000","1","25000","0","25000","1","1","1","IAT3010190955","NHO2018000007","PAID","","193111"),
("IATT190003507","193111","191001","192008","25000","1","25000","0","25000","2","1","1","IAT3010190955","NHO2018000007","PAID","","193111"),
("IATT190003507","193052","191002","192010","20000","1","20000","0","20000","1","1","1","IAT3010190955","NHO2018000007","PAID","","193052"),
("IATT190003507","193054","191002","192010","20000","1","20000","0","20000","1","1","1","IAT3010190955","NHO2018000007","PAID","","193054"),
("IATT190003508","193111","191001","192008","25000","1","25000","0","25000","1","1","1","IAT3010190955","NHO2018000007","PAID","","193111"),
("IATT190003508","193052","191002","192010","20000","1","20000","0","20000","1","1","1","IAT3010190955","NHO2018000007","PAID","","193052"),
("IATT190003509","193020","191001","192002","40000","1","40000","20000","20000","1","1","1","IAT3010190955","NHO2018000007","PAID","","193020"),
("IATT190003509","193047","191002","192010","10000","1","10000","0","10000","1","1","1","IAT3010190955","NHO2018000007","PAID","","193047"),
("IATT190003510","193010","191001","192001","40000","1","40000","20000","20000","1","1","1","IAT3010190955","NHO2018000007","PAID","","193010"),
("IATT190003510","193070","191001","192012","13000","1","13000","6500","6500","1","1","1","IAT3010190955","NHO2018000007","PAID","","193070"),
("IATT190003510","193054","191002","192010","20000","1","20000","0","20000","1","1","1","IAT3010190955","NHO2018000007","PAID","","193054"),
("IATT190003511","193011","191001","192001","40000","1","40000","20000","20000","1","1","1","IAT3010190955","NHO2018000007","PAID","PEDES NYA SEDENG SEMUA","PEDAS"),
("IATT190003511","193083","191001","192001","30000","1","30000","15000","15000","1","1","1","IAT3010190955","NHO2018000007","PAID","","193083"),
("IATT190003511","193084","191001","192001","30000","1","30000","15000","15000","1","1","1","IAT3010190955","NHO2018000007","PAID","GAPAKE DAUN BAWANG","PEDAS"),
("IATT190003511","193086","191001","192002","33000","1","33000","16500","16500","1","1","1","IAT3010190955","NHO2018000007","PAID","","PEDAS"),
("IATT190003511","193046","191002","192010","10000","1","10000","0","10000","1","1","1","IAT3010190955","NHO2018000007","PAID","","193046"),
("IATT190003511","193047","191002","192010","10000","1","10000","0","10000","1","1","1","IAT3010190955","NHO2018000007","PAID","","193047"),
("IATT190003511","193047","191002","192010","10000","1","10000","0","10000","2","1","1","IAT3010190955","NHO2018000007","PAID","","193047"),
("IATT190003511","193050","191002","192010","20000","1","20000","0","20000","1","1","1","IAT3010190955","NHO2018000007","PAID","","193050"),
("IATT190003512","193078","191001","192001","30000","1","30000","15000","15000","1","1","1","IAT3010190955","NHO2018000007","PAID","","PEDAS"),
("IATT190003512","193022","191001","192003","30000","1","30000","0","30000","1","1","1","IAT3010190955","NHO2018000007","PAID","","193022"),
("IATT190003512","193047","191002","192010","10000","1","10000","0","10000","1","1","1","IAT3010190955","NHO2018000007","PAID","","193047"),
("IATT190003513","193028","191001","192003","43000","1","43000","0","43000","1","1","1","IAT3010190955","NHO2018000007","PAID","","193028"),
("IATT190003513","193022","191001","192003","30000","1","30000","0","30000","1","1","1","IAT3010190955","NHO2018000007","PAID","","193022"),
("IATT190003513","193011","191001","192001","40000","1","40000","20000","20000","1","1","1","IAT3010190955","NHO2018000007","PAID","","PEDAS"),
("IATT190003513","193055","191002","192010","17000","1","17000","0","17000","1","1","1","IAT3010190955","NHO2018000007","PAID","","193055"),
("IATT190003513","193056","191002","192010","17000","1","17000","0","17000","1","1","1","IAT3010190955","NHO2018000007","PAID","","193056"),
("IATT190003513","193056","191002","192010","17000","1","17000","0","17000","2","1","2","IAT3010190955","NHO2018000007","PAID","","193056"),
("IATT190003513","193118","191001","192012","20000","1","20000","10000","10000","1","1","2","IAT3010190955","NHO2018000007","PAID","","193118"),
("IATT190003514","193011","191001","192001","40000","1","40000","20000","20000","1","1","1","IAT3010190955","NHO2018000007","PAID","","PEDAS"),
("IATT190003514","193055","191002","192010","17000","1","17000","0","17000","1","1","1","IAT3010190955","NHO2018000007","PAID","","193055"),
("IATT190003515","193039","191001","192006","36000","1","36000","18000","18000","1","1","1","IAT3010190955","NHO2018000007","PAID","","PEDAS"),
("IATT190003516","193009","191001","192001","40000","1","40000","20000","20000","1","1","1","IAT3010190955","NHO2018000007","PAID","","193009"),
("IATT190003516","193052","191002","192010","20000","1","20000","0","20000","1","1","1","IAT3010190955","NHO2018000007","PAID","","193052"),
("IATT190003516","193035","191001","192006","32000","1","32000","16000","16000","1","1","2","IAT3010190955","NHO2018000007","PAID","","PEDAS"),
("IATT190003516","193021","191001","192002","40000","1","40000","20000","20000","1","1","2","IAT3010190955","NHO2018000007","PAID","TIDAK PAKAI DAUN BAWANG","PEDAS"),
("IATT190003516","193084","191001","192001","30000","1","30000","15000","15000","1","1","2","IAT3010190955","NHO2018000007","PAID","","PEDAS"),
("IATT190003516","193050","191002","192010","20000","1","20000","0","20000","1","1","2","IAT3010190955","NHO2018000007","PAID","","193050"),
("IATT190003516","193055","191002","192010","17000","1","17000","0","17000","1","1","2","IAT3010190955","NHO2018000007","PAID","","193055"),
("IATT190003517","193009","191001","192001","40000","1","40000","20000","20000","1","1","1","IAT3010190955","NHO2018000007","PAID","","193009"),
("IATT190003517","193052","191002","192010","20000","1","20000","0","20000","1","1","1","IAT3010190955","NHO2018000007","PAID","","193052"),
("IATT190003516","193034","191001","192005","37000","1","37000","18500","18500","1","1","3","IAT3010190955","NHO2018000007","PAID","","193034"),
("IATT190003516","193069","191001","192012","13000","1","13000","6500","6500","1","1","3","IAT3010190955","NHO2018000007","PAID","","193069"),
("IATT190003518","193010","191001","192001","40000","1","40000","20000","20000","1","1","1","IAT3010190955","NHO2018000007","PAID","","193010"),
("IATT190003518","193046","191002","192010","10000","1","10000","0","10000","1","1","1","IAT3010190955","NHO2018000007","PAID","","193046"),
("IATT190003519","193011","191001","192001","40000","1","40000","20000","20000","1","1","1","IAT3010190955","NHO2018000007","PAID","","PEDAS"),
("IATT190003519","193029","191001","192004","27000","1","27000","13500","13500","1","1","1","IAT3010190955","NHO2018000007","PAID","","193029"),
("IATT190003519","193055","191002","192010","17000","1","17000","0","17000","1","1","1","IAT3010190955","NHO2018000007","PAID","","193055"),
("IATT190003520","193011","191001","192001","40000","1","40000","20000","20000","1","1","1","IAT3010190955","NHO2018000007","PAID","","PEDAS"),
("IATT190003520","193084","191001","192001","30000","1","30000","15000","15000","1","1","1","IAT3010190955","NHO2018000007","PAID","","PEDAS"),
("IATT190003520","193113","191001","192003","55000","1","55000","0","55000","1","1","1","IAT3010190955","NHO2018000007","PAID","","193113"),
("IATT190003520","193051","191002","192010","20000","1","20000","0","20000","1","1","1","IAT3010190955","NHO2018000007","PAID","","193051"),
("IATT190003520","193051","191002","192010","20000","1","20000","0","20000","2","1","1","IAT3010190955","NHO2018000007","PAID","","193051"),
("IATT190003520","193056","191002","192010","17000","1","17000","0","17000","1","1","1","IAT3010190955","NHO2018000007","PAID","","193056"),
("IATT190003521","193084","191001","192001","30000","1","30000","15000","15000","1","1","1","IAT3010190955","NHO2018000007","PAID","","PEDAS"),
("IATT190003521","193048","191002","192010","8000","1","8000","0","8000","1","1","1","IAT3010190955","NHO2018000007","PAID","","193048"),
("IATT190003522","193022","191001","192003","30000","1","30000","0","30000","1","1","1","IAT3010190955","NHO2018000007","PAID","","193022"),
("IATT190003522","193024","191001","192003","30000","1","30000","0","30000","1","1","1","IAT3010190955","NHO2018000007","PAID","","193024"),
("IATT190003522","193054","191002","192010","20000","1","20000","0","20000","1","1","1","IAT3010190955","NHO2018000007","PAID","","193054"),
("IATT190003522","193053","191002","192010","20000","1","20000","0","20000","1","1","1","IAT3010190955","NHO2018000007","PAID","","193053"),
("IATT190003523","193039","191001","192006","36000","1","36000","18000","18000","1","1","1","IAT3010190955","NHO2018000007","PAID","JANGAN TERLALU PEDES\n","PEDAS"),
("IATT190003523","193030","191001","192004","27000","1","27000","13500","13500","1","1","1","IAT3010190955","NHO2018000007","PAID","","193030"),
("IATT190003523","193046","191002","192010","10000","1","10000","0","10000","1","1","1","IAT3010190955","NHO2018000007","PAID","","193046"),
("IATT190003523","193046","191002","192010","10000","1","10000","0","10000","2","1","1","IAT3010190955","NHO2018000007","PAID","","193046"),
("IATT190003524","193005","191001","192001","37000","1","37000","18500","18500","1","1","1","IAT3010190955","NHO2018000007","PAID","","193005"),
("IATT190003524","193119","191001","192012","20000","1","20000","10000","10000","1","1","1","IAT3010190955","NHO2018000007","PAID","","193119"),
("IATT190003524","193053","191002","192010","20000","1","20000","0","20000","1","1","1","IAT3010190955","NHO2018000007","PAID","","193053"),
("IATT190003525","193028","191001","192003","43000","1","43000","0","43000","1","1","1","IAT3010190955","NHO2018000007","PAID","","193028"),
("IATT190003525","193119","191001","192012","20000","1","20000","10000","10000","1","1","1","IAT3010190955","NHO2018000007","PAID","","193119"),
("IATT190003525","193055","191002","192010","17000","1","17000","0","17000","1","1","1","IAT3010190955","NHO2018000007","PAID","","193055"),
("IATT190003526","193009","191001","192001","40000","1","40000","20000","20000","1","1","1","IAT3010190955","NHO2018000007","PAID","","193009"),
("IATT190003526","193009","191001","192001","40000","1","40000","20000","20000","2","1","1","IAT3010190955","NHO2018000007","PAID","","193009"),
("IATT190003526","193055","191002","192010","17000","1","17000","0","17000","1","1","1","IAT3010190955","NHO2018000007","PAID","","193055"),
("IATT190003526","193054","191002","192010","20000","1","20000","0","20000","1","1","1","IAT3010190955","NHO2018000007","PAID","","193054"),
("IATT190003527","193012","191001","192001","40000","1","40000","20000","20000","1","1","1","IAT3010190955","NHO2018000007","PAID","","193012"),
("IATT190003527","193047","191002","192010","10000","1","10000","0","10000","1","1","1","IAT3010190955","NHO2018000007","PAID","","193047"),
("IATT190003528","193071","191001","192012","18000","1","18000","9000","9000","1","1","1","IAT3010190955","NHO2018000007","PAID","","193071"),
("IATT190003529","193071","191001","192012","18000","1","18000","9000","9000","1","1","1","IAT3010190955","NHO2018000007","PAID","","193071"),
("IATT190003530","193071","191001","192012","18000","1","18000","9000","9000","1","1","1","IAT3010190955","NHO2018000007","PAID","","193071"),
("IATT190003531","193022","191001","192003","30000","1","30000","0","30000","1","1","1","IAT3010190955","NHO2018000007","PAID","","193022"),
("IATT190003531","193034","191001","192005","37000","1","37000","18500","18500","1","1","1","IAT3010190955","NHO2018000007","PAID","","193034"),
("IATT190003531","193050","191002","192010","20000","1","20000","0","20000","1","1","1","IAT3010190955","NHO2018000007","PAID","","193050"),
("IATT190003531","193056","191002","192010","17000","1","17000","0","17000","1","1","1","IAT3010190955","NHO2018000007","PAID","","193056");



INSERT INTO pos_salestemp VALUES("IATT190003507","","2","90000","0","9000","0","99000","100000","30/10/2019","11:56","2019-10-30","13:18:15","ISU000006","tbl0010","CLOSED","1","","IATR190003408","","","","","IAT3010190955","NHO2018000007"),
("IATT190003508","","1","45000","0","4500","0","49500","49500","30/10/2019","12:37","2019-10-30","12:57:12","ISU000006","tbl0014","CLOSED","1","","IATR190003405","","","","","IAT3010190955","NHO2018000007"),
("IATT190003509","","1","50000","20000","3000","0","33000","35000","30/10/2019","12:38","2019-10-30","13:01:54","ISU000006","tbl0012","CLOSED","1","","IATR190003406","","","","","IAT3010190955","NHO2018000007"),
("IATT190003510","","1","73000","26500","4650","0","51150","102000","30/10/2019","12:45","2019-10-30","13:03:02","ISU000006","tbl0005","CLOSED","1","","IATR190003407","","","","","IAT3010190955","NHO2018000007"),
("IATT190003511","","4","183000","66500","11650","0","128150","130000","30/10/2019","12:51","2019-10-30","13:22:17","ISU000006","tbl0011","CLOSED","1","","IATR190003409","","","","","IAT3010190955","NHO2018000007"),
("IATT190003512","","1","70000","15000","5500","0","60500","100000","30/10/2019","13:03","2019-10-30","13:34:42","ISU000006","tbl0007","CLOSED","1","","IATR190003410","","","","","IAT3010190955","NHO2018000007"),
("IATT190003513","","2","184000","30000","15400","0","169400","200000","30/10/2019","13:06","2019-10-30","13:42:52","ISU000006","tbl0014","CLOSED","1","","IATR190003411","","","","","IAT3010190955","NHO2018000007"),
("IATT190003514","","1","57000","20000","3700","0","40700","50000","30/10/2019","13:59","2019-10-30","14:16:13","ISU000006","tbl0012","CLOSED","1","","IATR190003412","","","","","IAT3010190955","NHO2018000007"),
("IATT190003515","","1","36000","18000","1800","0","19800","20000","30/10/2019","14:13","2019-10-30","16:04:38","ISU000006","tbl0050","CLOSED","1","","IATR190003414","","","","","IAT3010190955","NHO2018000007"),
("IATT190003516","","1","249000","96000","15300","0","168300","200000","30/10/2019","15:08","2019-10-30","16:43:46","ISU000006","tbl0014","CLOSED","1","","IATR190003415","","","","","IAT3010190955","NHO2018000007"),
("IATT190003517","","1","60000","20000","4000","0","44000","50000","30/10/2019","15:38","2019-10-30","15:40:47","ISU000006","tbl0007","CLOSED","1","","IATR190003413","","","","","IAT3010190955","NHO2018000007"),
("IATT190003518","","1","50000","20000","3000","0","33000","100000","30/10/2019","17:39","2019-10-30","18:05:22","ISU000006","tbl0012","CLOSED","1","","IATR190003416","","","","","IAT3010190955","NHO2018000007"),
("IATT190003519","","1","84000","33500","5050","0","55550","100000","30/10/2019","17:53","2019-10-30","19:09:44","ISU000006","tbl0011","CLOSED","1","","IATR190003419","","","","","IAT3010190955","NHO2018000007"),
("IATT190003520","","2","182000","35000","14700","0","161700","200000","30/10/2019","18:01","2019-10-30","18:55:53","ISU000006","tbl0010","CLOSED","1","","IATR190003418","","","","","IAT3010190955","NHO2018000007"),
("IATT190003521","","1","38000","15000","2300","0","25300","25300","30/10/2019","18:33","2019-10-30","18:55:13","ISU000006","tbl0005","CLOSED","1","","IATR190003417","","","","","IAT3010190955","NHO2018000007"),
("IATT190003522","","2","100000","0","10000","0","110000","110000","30/10/2019","18:42","2019-10-30","19:46:38","ISU000006","tbl0014","CLOSED","1","","IATR190003420","","","","","IAT3010190955","NHO2018000007"),
("IATT190003523","","2","83000","31500","5150","0","56650","100000","30/10/2019","18:50","2019-10-30","20:40:37","ISU000006","tbl0012","CLOSED","1","","IATR190003424","","","","","IAT3010190955","NHO2018000007"),
("IATT190003524","","0","77000","28500","4850","0","53350","100000","30/10/2019","19:13","2019-10-30","19:54:25","ISU000006","tbl0010","CLOSED","1","","IATR190003421","","","","","IAT3010190955","NHO2018000007"),
("IATT190003525","","1","80000","10000","7000","0","77000","100000","30/10/2019","19:55","2019-10-30","20:27:41","ISU000006","tbl0011","CLOSED","1","","IATR190003422","","","","","IAT3010190955","NHO2018000007"),
("IATT190003526","","2","117000","40000","7700","0","84700","100000","30/10/2019","20:08","2019-10-30","21:08:09","ISU000006","tbl0010","CLOSED","1","","IATR190003428","","","","","IAT3010190955","NHO2018000007"),
("IATT190003527","","1","50000","20000","3000","0","33000","50000","30/10/2019","20:19","2019-10-30","20:39:31","ISU000006","tbl0020","CLOSED","1","","IATR190003423","","","","","IAT3010190955","NHO2018000007"),
("IATT190003528","","1","18000","9000","900","0","9900","10000","30/10/2019","20:40","2019-10-30","20:41:34","ISU000006","tbl0003","CLOSED","1","","IATR190003425","","","","","IAT3010190955","NHO2018000007"),
("IATT190003529","","1","18000","9000","900","0","9900","10000","30/10/2019","20:58","2019-10-30","20:59:12","ISU000006","tbl0045","CLOSED","1","","IATR190003426","","","","","IAT3010190955","NHO2018000007"),
("IATT190003530","","1","18000","9000","900","0","9900","10000","30/10/2019","21:02","2019-10-30","21:03:00","ISU000006","tbl0009","CLOSED","1","","IATR190003427","","","","","IAT3010190955","NHO2018000007"),
("IATT190003531","","2","104000","18500","8550","0","94050","94050","30/10/2019","21:13","2019-10-30","21:45:33","ISU000006","tbl0012","CLOSED","1","","IATR190003429","","","","","IAT3010190955","NHO2018000007");



INSERT INTO item_void VALUES("IATT190003516","IAT3010190955","NHO2018000007","193009","193009","1","40000","Before Send","Komplen Customer"),
("IATT190003516","IAT3010190955","NHO2018000007","193052","193052","1","20000","Before Send","Komplen Customer");



INSERT INTO pos_promotion_h VALUES("IATT190003509","NPRM18000017","DISC ITEM","1","20000","TUNJUKKAN JEMPOLMU","IAT3010190955","PAID","NHO2018000007"),
("IATT190003510","NPRM18000017","DISC ITEM","1","26500","TUNJUKKAN JEMPOLMU","IAT3010190955","PAID","NHO2018000007"),
("IATT190003511","NPRM18000017","DISC ITEM","1","66500","TUNJUKKAN JEMPOLMU","IAT3010190955","PAID","NHO2018000007"),
("IATT190003512","NPRM18000017","DISC ITEM","1","15000","TUNJUKKAN JEMPOLMU","IAT3010190955","PAID","NHO2018000007"),
("IATT190003513","NPRM18000017","DISC ITEM","1","30000","TUNJUKKAN JEMPOLMU","IAT3010190955","PAID","NHO2018000007"),
("IATT190003514","NPRM18000017","DISC ITEM","1","20000","TUNJUKKAN JEMPOLMU","IAT3010190955","PAID","NHO2018000007"),
("IATT190003517","NPRM18000017","DISC ITEM","1","20000","TUNJUKKAN JEMPOLMU","IAT3010190955","PAID","NHO2018000007"),
("IATT190003515","NPRM18000017","DISC ITEM","1","18000","TUNJUKKAN JEMPOLMU","IAT3010190955","PAID","NHO2018000007"),
("IATT190003516","NPRM18000017","DISC ITEM","1","96000","TUNJUKKAN JEMPOLMU","IAT3010190955","PAID","NHO2018000007"),
("IATT190003518","NPRM18000017","DISC ITEM","1","20000","TUNJUKKAN JEMPOLMU","IAT3010190955","PAID","NHO2018000007"),
("IATT190003521","NPRM18000017","DISC ITEM","1","15000","TUNJUKKAN JEMPOLMU","IAT3010190955","PAID","NHO2018000007"),
("IATT190003520","NPRM18000017","DISC ITEM","1","35000","TUNJUKKAN JEMPOLMU","IAT3010190955","PAID","NHO2018000007"),
("IATT190003519","NPRM18000017","DISC ITEM","1","33500","TUNJUKKAN JEMPOLMU","IAT3010190955","PAID","NHO2018000007"),
("IATT190003524","NPRM18000017","DISC ITEM","1","28500","TUNJUKKAN JEMPOLMU","IAT3010190955","PAID","NHO2018000007"),
("IATT190003525","NPRM18000017","DISC ITEM","1","10000","TUNJUKKAN JEMPOLMU","IAT3010190955","PAID","NHO2018000007"),
("IATT190003527","NPRM18000017","DISC ITEM","1","20000","TUNJUKKAN JEMPOLMU","IAT3010190955","PAID","NHO2018000007"),
("IATT190003523","NPRM18000017","DISC ITEM","1","31500","TUNJUKKAN JEMPOLMU","IAT3010190955","PAID","NHO2018000007"),
("IATT190003528","NPRM18000017","DISC ITEM","1","9000","TUNJUKKAN JEMPOLMU","IAT3010190955","PAID","NHO2018000007"),
("IATT190003529","NPRM18000017","DISC ITEM","1","9000","TUNJUKKAN JEMPOLMU","IAT3010190955","PAID","NHO2018000007"),
("IATT190003530","NPRM18000017","DISC ITEM","1","9000","TUNJUKKAN JEMPOLMU","IAT3010190955","PAID","NHO2018000007"),
("IATT190003526","NPRM18000017","DISC ITEM","1","40000","TUNJUKKAN JEMPOLMU","IAT3010190955","PAID","NHO2018000007"),
("IATT190003531","NPRM18000017","DISC ITEM","1","18500","TUNJUKKAN JEMPOLMU","IAT3010190955","PAID","NHO2018000007");



INSERT INTO pos_promotion_d VALUES("IATT190003509","NPRM18000017","DISC ITEM","1","1","193020","1","20000","IAT3010190955","PAID","NHO2018000007"),
("IATT190003510","NPRM18000017","DISC ITEM","1","1","193010","1","20000","IAT3010190955","PAID","NHO2018000007"),
("IATT190003510","NPRM18000017","DISC ITEM","1","1","193070","1","6500","IAT3010190955","PAID","NHO2018000007"),
("IATT190003511","NPRM18000017","DISC ITEM","1","1","193011","1","20000","IAT3010190955","PAID","NHO2018000007"),
("IATT190003511","NPRM18000017","DISC ITEM","1","1","193083","1","15000","IAT3010190955","PAID","NHO2018000007"),
("IATT190003511","NPRM18000017","DISC ITEM","1","1","193084","1","15000","IAT3010190955","PAID","NHO2018000007"),
("IATT190003511","NPRM18000017","DISC ITEM","1","1","193086","1","16500","IAT3010190955","PAID","NHO2018000007"),
("IATT190003512","NPRM18000017","DISC ITEM","1","1","193078","1","15000","IAT3010190955","PAID","NHO2018000007"),
("IATT190003513","NPRM18000017","DISC ITEM","1","1","193011","1","20000","IAT3010190955","PAID","NHO2018000007"),
("IATT190003513","NPRM18000017","DISC ITEM","1","1","193118","1","10000","IAT3010190955","PAID","NHO2018000007"),
("IATT190003514","NPRM18000017","DISC ITEM","1","1","193011","1","20000","IAT3010190955","PAID","NHO2018000007"),
("IATT190003517","NPRM18000017","DISC ITEM","1","1","193009","1","20000","IAT3010190955","PAID","NHO2018000007"),
("IATT190003515","NPRM18000017","DISC ITEM","1","1","193039","1","18000","IAT3010190955","PAID","NHO2018000007"),
("IATT190003516","NPRM18000017","DISC ITEM","1","1","193009","1","20000","IAT3010190955","PAID","NHO2018000007"),
("IATT190003516","NPRM18000017","DISC ITEM","1","1","193035","1","16000","IAT3010190955","PAID","NHO2018000007"),
("IATT190003516","NPRM18000017","DISC ITEM","1","1","193021","1","20000","IAT3010190955","PAID","NHO2018000007"),
("IATT190003516","NPRM18000017","DISC ITEM","1","1","193084","1","15000","IAT3010190955","PAID","NHO2018000007"),
("IATT190003516","NPRM18000017","DISC ITEM","1","1","193034","1","18500","IAT3010190955","PAID","NHO2018000007"),
("IATT190003516","NPRM18000017","DISC ITEM","1","1","193069","1","6500","IAT3010190955","PAID","NHO2018000007"),
("IATT190003518","NPRM18000017","DISC ITEM","1","1","193010","1","20000","IAT3010190955","PAID","NHO2018000007"),
("IATT190003521","NPRM18000017","DISC ITEM","1","1","193084","1","15000","IAT3010190955","PAID","NHO2018000007"),
("IATT190003520","NPRM18000017","DISC ITEM","1","1","193011","1","20000","IAT3010190955","PAID","NHO2018000007"),
("IATT190003520","NPRM18000017","DISC ITEM","1","1","193084","1","15000","IAT3010190955","PAID","NHO2018000007"),
("IATT190003519","NPRM18000017","DISC ITEM","1","1","193011","1","20000","IAT3010190955","PAID","NHO2018000007"),
("IATT190003519","NPRM18000017","DISC ITEM","1","1","193029","1","13500","IAT3010190955","PAID","NHO2018000007"),
("IATT190003524","NPRM18000017","DISC ITEM","1","1","193005","1","18500","IAT3010190955","PAID","NHO2018000007"),
("IATT190003524","NPRM18000017","DISC ITEM","1","1","193119","1","10000","IAT3010190955","PAID","NHO2018000007"),
("IATT190003525","NPRM18000017","DISC ITEM","1","1","193119","1","10000","IAT3010190955","PAID","NHO2018000007"),
("IATT190003527","NPRM18000017","DISC ITEM","1","1","193012","1","20000","IAT3010190955","PAID","NHO2018000007"),
("IATT190003523","NPRM18000017","DISC ITEM","1","1","193039","1","18000","IAT3010190955","PAID","NHO2018000007"),
("IATT190003523","NPRM18000017","DISC ITEM","1","1","193030","1","13500","IAT3010190955","PAID","NHO2018000007"),
("IATT190003528","NPRM18000017","DISC ITEM","1","1","193071","1","9000","IAT3010190955","PAID","NHO2018000007"),
("IATT190003529","NPRM18000017","DISC ITEM","1","1","193071","1","9000","IAT3010190955","PAID","NHO2018000007"),
("IATT190003530","NPRM18000017","DISC ITEM","1","1","193071","1","9000","IAT3010190955","PAID","NHO2018000007"),
("IATT190003526","NPRM18000017","DISC ITEM","1","1","193009","1","20000","IAT3010190955","PAID","NHO2018000007"),
("IATT190003526","NPRM18000017","DISC ITEM","1","1","193009","2","20000","IAT3010190955","PAID","NHO2018000007"),
("IATT190003531","NPRM18000017","DISC ITEM","1","1","193034","1","18500","IAT3010190955","PAID","NHO2018000007");



INSERT INTO pos_paymenttemp VALUES("IATT190003508","CASH","OVO","49500","49500","ISU000006","2019-10-30","","1","","CLOSED","IAT3010190955","NHO2018000007"),
("IATT190003509","CASH","CASH","33000","35000","ISU000006","2019-10-30","","1","","CLOSED","IAT3010190955","NHO2018000007"),
("IATT190003510","CASH","CASH","51150","102000","ISU000006","2019-10-30","","1","","CLOSED","IAT3010190955","NHO2018000007"),
("IATT190003507","CASH","CASH","99000","100000","ISU000006","2019-10-30","","1","","CLOSED","IAT3010190955","NHO2018000007"),
("IATT190003511","CASH","CASH","128150","130000","ISU000006","2019-10-30","","1","","CLOSED","IAT3010190955","NHO2018000007"),
("IATT190003512","CASH","CASH","60500","100000","ISU000006","2019-10-30","","1","","CLOSED","IAT3010190955","NHO2018000007"),
("IATT190003513","CASH","CASH","169400","200000","ISU000006","2019-10-30","","1","","CLOSED","IAT3010190955","NHO2018000007"),
("IATT190003514","CASH","CASH","40700","50000","ISU000006","2019-10-30","","1","","CLOSED","IAT3010190955","NHO2018000007"),
("IATT190003517","CASH","CASH","44000","50000","ISU000006","2019-10-30","","1","","CLOSED","IAT3010190955","NHO2018000007"),
("IATT190003515","CASH","CASH","19800","20000","ISU000006","2019-10-30","","1","","CLOSED","IAT3010190955","NHO2018000007"),
("IATT190003516","CASH","CASH","168300","200000","ISU000006","2019-10-30","","1","","CLOSED","IAT3010190955","NHO2018000007"),
("IATT190003518","CASH","CASH","33000","100000","ISU000006","2019-10-30","","1","","CLOSED","IAT3010190955","NHO2018000007"),
("IATT190003521","CARD","DEBIT BCA","25300","25300","ISU000006","2019-10-30","","1","","CLOSED","IAT3010190955","NHO2018000007"),
("IATT190003520","CASH","CASH","161700","200000","ISU000006","2019-10-30","","1","","CLOSED","IAT3010190955","NHO2018000007"),
("IATT190003519","CASH","CASH","55550","100000","ISU000006","2019-10-30","","1","","CLOSED","IAT3010190955","NHO2018000007"),
("IATT190003522","CASH","CASH","110000","110000","ISU000006","2019-10-30","","1","","CLOSED","IAT3010190955","NHO2018000007"),
("IATT190003524","CASH","CASH","53350","100000","ISU000006","2019-10-30","","1","","CLOSED","IAT3010190955","NHO2018000007"),
("IATT190003525","CASH","CASH","77000","100000","ISU000006","2019-10-30","","1","","CLOSED","IAT3010190955","NHO2018000007"),
("IATT190003527","CASH","CASH","33000","50000","ISU000006","2019-10-30","","1","","CLOSED","IAT3010190955","NHO2018000007"),
("IATT190003523","CASH","CASH","56650","100000","ISU000006","2019-10-30","","1","","CLOSED","IAT3010190955","NHO2018000007"),
("IATT190003528","CASH","CASH","9900","10000","ISU000006","2019-10-30","","1","","CLOSED","IAT3010190955","NHO2018000007"),
("IATT190003529","CASH","CASH","9900","10000","ISU000006","2019-10-30","","1","","CLOSED","IAT3010190955","NHO2018000007"),
("IATT190003530","CASH","CASH","9900","10000","ISU000006","2019-10-30","","1","","CLOSED","IAT3010190955","NHO2018000007"),
("IATT190003526","CASH","CASH","84700","100000","ISU000006","2019-10-30","","1","","CLOSED","IAT3010190955","NHO2018000007"),
("IATT190003531","CARD","DEBIT BCA","94050","94050","ISU000006","2019-10-30","","1","","CLOSED","IAT3010190955","NHO2018000007");



