INSERT INTO pos_itemtemp VALUES("IATT190002294","193007","191001","192001","37000","1","37000","13320","23680","1","1","1","IAT3008190929","NHO2018000007","PAID","","PEDAS"),
("IATT190002296","193007","191001","192001","37000","1","37000","13320","23680","1","1","1","IAT3008190929","NHO2018000007","PAID","","PEDAS"),
("IATT190002296","193047","191002","192010","10000","1","10000","0","10000","1","1","1","IAT3008190929","NHO2018000007","PAID","","193047"),
("IATT190002297","193084","191001","192001","30000","1","30000","10800","19200","1","1","1","IAT3008190929","NHO2018000007","PAID","","PEDAS"),
("IATT190002297","193022","191001","192003","30000","1","30000","10800","19200","1","1","1","IAT3008190929","NHO2018000007","PAID","","193022"),
("IATT190002297","193046","191002","192010","10000","1","10000","0","10000","1","1","1","IAT3008190929","NHO2018000007","PAID","","193046"),
("IATT190002297","193055","191002","192010","17000","1","17000","0","17000","1","1","1","IAT3008190929","NHO2018000007","PAID","","193055"),
("IATT190002297","193071","191001","192012","18000","1","18000","0","18000","1","1","1","IAT3008190929","NHO2018000007","PAID","","193071"),
("IATT190002298","193083","191001","192001","30000","1","30000","10800","19200","1","1","1","IAT3008190929","NHO2018000007","PAID","","193083"),
("IATT190002298","193046","191002","192010","10000","1","10000","0","10000","1","1","1","IAT3008190929","NHO2018000007","PAID","","193046"),
("IATT190002294","193011","191001","192001","40000","1","40000","14400","25600","1","1","2","IAT3008190929","NHO2018000007","PAID","lvl 2","PEDAS"),
("IATT190002294","193046","191002","192010","10000","1","10000","0","10000","1","1","2","IAT3008190929","NHO2018000007","PAID","","193046"),
("IATT190002299","193083","191001","192001","30000","1","30000","10800","19200","1","1","1","IAT3008190929","NHO2018000007","PAID","pake pedas tapi sedeng","193083"),
("IATT190002299","193018","191001","192002","37000","1","37000","13320","23680","1","1","1","IAT3008190929","NHO2018000007","PAID","sedang aja pedes nya","PEDAS"),
("IATT190002299","193054","191002","192010","20000","1","20000","0","20000","1","1","1","IAT3008190929","NHO2018000007","PAID","","193054"),
("IATT190002299","193046","191002","192010","10000","1","10000","0","10000","1","1","1","IAT3008190929","NHO2018000007","PAID","","193046"),
("IATT190002300","193035","191001","192006","32000","1","32000","11520","20480","1","1","1","IAT3008190929","NHO2018000007","PAID","","ORIGINAL"),
("IATT190002300","193035","191001","192006","32000","1","32000","11520","20480","2","1","1","IAT3008190929","NHO2018000007","PAID","","ORIGINAL"),
("IATT190002300","193035","191001","192006","32000","1","32000","11520","20480","3","1","1","IAT3008190929","NHO2018000007","PAID","","ORIGINAL"),
("IATT190002300","193038","191001","192006","36000","1","36000","12960","23040","1","1","1","IAT3008190929","NHO2018000007","PAID","","ORIGINAL"),
("IATT190002300","193047","191002","192010","10000","1","10000","0","10000","1","1","1","IAT3008190929","NHO2018000007","PAID","","193047"),
("IATT190002300","193048","191002","192010","8000","1","8000","0","8000","1","1","1","IAT3008190929","NHO2018000007","PAID","","193048"),
("IATT190002301","193021","191001","192002","40000","1","40000","14400","25600","1","1","1","IAT3008190929","NHO2018000007","PAID","sedang aja pedas nya","PEDAS"),
("IATT190002301","193054","191002","192010","20000","1","20000","0","20000","1","1","1","IAT3008190929","NHO2018000007","PAID","","193054"),
("IATT190002301","193069","191001","192012","13000","1","13000","0","13000","1","1","2","IAT3008190929","NHO2018000007","PAID","","193069"),
("IATT190002302","193035","191001","192006","32000","1","32000","0","32000","1","1","1","IAT3008190929","NHO2018000007","PAID","","ORIGINAL"),
("IATT190002302","193054","191002","192010","20000","1","20000","0","20000","1","1","1","IAT3008190929","NHO2018000007","PAID","","193054"),
("IATT190002302","193053","191002","192010","20000","1","20000","0","20000","1","1","1","IAT3008190929","NHO2018000007","PAID","","193053"),
("IATT190002300","193055","191002","192010","17000","1","17000","0","17000","1","1","2","IAT3008190929","NHO2018000007","PAID","","193055"),
("IATT190002300","193050","191002","192010","20000","1","20000","0","20000","1","1","2","IAT3008190929","NHO2018000007","PAID","","193050"),
("IATT190002303","193084","191001","192001","30000","1","30000","10800","19200","1","1","1","IAT3008190929","NHO2018000007","PAID","lv 2 beef","PEDAS"),
("IATT190002303","193011","191001","192001","40000","1","40000","14400","25600","1","1","1","IAT3008190929","NHO2018000007","PAID","lv 1 beef","PEDAS"),
("IATT190002303","193009","191001","192001","40000","1","40000","14400","25600","1","1","1","IAT3008190929","NHO2018000007","PAID","lv 1 beef","193009"),
("IATT190002303","193050","191002","192010","20000","1","20000","0","20000","1","1","1","IAT3008190929","NHO2018000007","PAID","","193050"),
("IATT190002303","193055","191002","192010","17000","1","17000","0","17000","1","1","1","IAT3008190929","NHO2018000007","PAID","","193055"),
("IATT190002303","193048","191002","192010","8000","1","8000","0","8000","1","1","1","IAT3008190929","NHO2018000007","PAID","","193048"),
("IATT190002304","193083","191001","192001","30000","1","30000","10800","19200","1","1","1","IAT3008190929","NHO2018000007","PAID","","193083"),
("IATT190002304","193005","191001","192001","37000","1","37000","13320","23680","1","1","1","IAT3008190929","NHO2018000007","PAID","beef","193005"),
("IATT190002304","193085","191001","192001","30000","1","30000","10800","19200","1","1","1","IAT3008190929","NHO2018000007","PAID","","193085"),
("IATT190002304","193046","191002","192010","10000","1","10000","0","10000","1","1","1","IAT3008190929","NHO2018000007","PAID","","193046"),
("IATT190002304","193047","191002","192010","10000","1","10000","0","10000","1","1","1","IAT3008190929","NHO2018000007","PAID","","193047"),
("IATT190002304","193056","191002","192010","17000","1","17000","0","17000","1","1","1","IAT3008190929","NHO2018000007","PAID","","193056"),
("IATT190002304","193056","191002","192010","17000","1","17000","0","17000","2","1","1","IAT3008190929","NHO2018000007","PAID","","193056"),
("IATT190002304","193056","191002","192010","17000","1","17000","0","17000","3","1","1","IAT3008190929","NHO2018000007","PAID","","193056"),
("IATT190002304","193049","191002","192010","10000","1","10000","0","10000","1","1","1","IAT3008190929","NHO2018000007","PAID","","193049"),
("IATT190002304","193005","191001","192001","37000","1","37000","13320","23680","2","1","1","IAT3008190929","NHO2018000007","PAID","","193005"),
("IATT190002304","193022","191001","192003","30000","1","30000","10800","19200","1","1","1","IAT3008190929","NHO2018000007","PAID","","193022"),
("IATT190002305","193006","191001","192001","37000","1","37000","13320","23680","1","1","1","IAT3008190929","NHO2018000007","PAID","beef","193006"),
("IATT190002305","193006","191001","192001","37000","1","37000","13320","23680","2","1","1","IAT3008190929","NHO2018000007","PAID","","193006"),
("IATT190002305","193056","191002","192010","17000","1","17000","0","17000","1","1","1","IAT3008190929","NHO2018000007","PAID","","193056"),
("IATT190002305","193055","191002","192010","17000","1","17000","0","17000","1","1","1","IAT3008190929","NHO2018000007","PAID","","193055"),
("IATT190002301","193048","191002","192010","8000","1","8000","0","8000","1","1","3","IAT3008190929","NHO2018000007","PAID","","193048"),
("IATT190002302","193051","191002","192010","20000","1","20000","0","20000","1","1","2","IAT3008190929","NHO2018000007","PAID","","193051"),
("IATT190002302","193083","191001","192001","30000","1","30000","0","30000","1","1","2","IAT3008190929","NHO2018000007","PAID","","193083"),
("IATT190002304","193024","191001","192003","30000","1","30000","10800","19200","1","1","2","IAT3008190929","NHO2018000007","PAID","jgn di buat","193024"),
("IATT190002306","193082","191001","192001","30000","1","30000","0","30000","1","1","1","IAT3008190929","NHO2018000007","PAID","","193082"),
("IATT190002307","193005","191001","192001","37000","1","37000","13320","23680","1","1","1","IAT3008190929","NHO2018000007","PAID","","193005"),
("IATT190002307","193050","191002","192010","20000","1","20000","0","20000","1","1","1","IAT3008190929","NHO2018000007","PAID","","193050"),
("IATT190002307","193084","191001","192001","30000","1","30000","10800","19200","1","1","1","IAT3008190929","NHO2018000007","PAID","lvb 1","PEDAS"),
("IATT190002308","193022","191001","192003","30000","1","30000","0","30000","1","1","1","IAT3008190929","NHO2018000007","REFUND","","193022"),
("IATT190002308","193047","191002","192010","10000","1","10000","0","10000","1","1","1","IAT3008190929","NHO2018000007","REFUND","","193047"),
("IATT190002309","193022","191001","192003","30000","1","30000","0","30000","1","1","1","IAT3008190929","NHO2018000007","PAID","jgn d buat","193022"),
("IATT190002309","193047","191002","192010","10000","1","10000","0","10000","1","1","1","IAT3008190929","NHO2018000007","PAID","","193047"),
("IATT190002310","193082","191001","192001","30000","1","30000","10800","19200","1","1","1","IAT3008190929","NHO2018000007","PAID","","193082"),
("IATT190002310","193084","191001","192001","30000","1","30000","10800","19200","1","1","1","IAT3008190929","NHO2018000007","PAID","lv1","PEDAS"),
("IATT190002310","193056","191002","192010","17000","1","17000","0","17000","1","1","1","IAT3008190929","NHO2018000007","PAID","","193056"),
("IATT190002310","193055","191002","192010","17000","1","17000","0","17000","1","1","1","IAT3008190929","NHO2018000007","PAID","","193055"),
("IATT190002311","193077","191001","192001","30000","1","30000","10800","19200","1","1","1","IAT3008190929","NHO2018000007","PAID","","193077"),
("IATT190002311","193050","191002","192010","20000","1","20000","0","20000","1","1","1","IAT3008190929","NHO2018000007","PAID","","193050"),
("IATT190002312","193052","191002","192010","20000","1","20000","0","20000","1","1","1","IAT3008190929","NHO2018000007","PAID","","193052"),
("IATT190002312","193052","191002","192010","20000","1","20000","0","20000","2","1","1","IAT3008190929","NHO2018000007","PAID","","193052"),
("IATT190002312","193052","191002","192010","20000","1","20000","0","20000","3","1","1","IAT3008190929","NHO2018000007","PAID","","193052"),
("IATT190002313","193011","191001","192001","40000","1","40000","20000","20000","1","1","1","IAT3008190929","NHO2018000007","PAID","","PEDAS"),
("IATT190002313","193007","191001","192001","37000","1","37000","18500","18500","1","1","1","IAT3008190929","NHO2018000007","PAID","","PEDAS"),
("IATT190002314","193009","191001","192001","40000","1","40000","14400","25600","1","1","1","IAT3008190929","NHO2018000007","PAID","katsu pisah","193009"),
("IATT190002314","193010","191001","192001","40000","1","40000","14400","25600","1","1","1","IAT3008190929","NHO2018000007","PAID","katsu pisah","193010"),
("IATT190002314","193049","191002","192010","10000","1","10000","0","10000","1","1","1","IAT3008190929","NHO2018000007","PAID","","193049"),
("IATT190002315","193011","191001","192001","40000","1","40000","14400","25600","1","1","1","IAT3008190929","NHO2018000007","PAID","","PEDAS"),
("IATT190002315","193084","191001","192001","30000","1","30000","10800","19200","1","1","1","IAT3008190929","NHO2018000007","PAID","","PEDAS"),
("IATT190002315","193069","191001","192012","13000","1","13000","0","13000","1","1","1","IAT3008190929","NHO2018000007","PAID","","193069"),
("IATT190002315","193009","191001","192001","40000","1","40000","14400","25600","1","1","1","IAT3008190929","NHO2018000007","PAID","no negi\nno sayur","193009"),
("IATT190002315","193047","191002","192010","10000","1","10000","0","10000","1","1","1","IAT3008190929","NHO2018000007","PAID","","193047"),
("IATT190002315","193047","191002","192010","10000","1","10000","0","10000","2","1","1","IAT3008190929","NHO2018000007","PAID","","193047"),
("IATT190002315","193048","191002","192010","8000","1","8000","0","8000","1","1","1","IAT3008190929","NHO2018000007","PAID","","193048"),
("IATT190002316","193048","191002","192010","8000","1","8000","0","8000","1","1","1","IAT3008190929","NHO2018000007","PAID","","193048"),
("IATT190002317","193008","191001","192001","37000","1","37000","13320","23680","1","1","1","IAT3008190929","NHO2018000007","PAID","","193008"),
("IATT190002317","193025","191001","192003","30000","1","30000","10800","19200","1","1","1","IAT3008190929","NHO2018000007","PAID","","193025"),
("IATT190002317","193046","191002","192010","10000","1","10000","0","10000","1","1","1","IAT3008190929","NHO2018000007","PAID","","193046"),
("IATT190002317","193056","191002","192010","17000","1","17000","0","17000","1","1","1","IAT3008190929","NHO2018000007","PAID","","193056"),
("IATT190002318","193084","191001","192001","30000","1","30000","10800","19200","1","1","1","IAT3008190929","NHO2018000007","PAID","minta sambel pisah ya","PEDAS"),
("IATT190002318","193007","191001","192001","37000","1","37000","13320","23680","1","1","1","IAT3008190929","NHO2018000007","PAID","","PEDAS"),
("IATT190002318","193048","191002","192010","8000","1","8000","0","8000","1","1","1","IAT3008190929","NHO2018000007","PAID","","193048"),
("IATT190002318","193048","191002","192010","8000","1","8000","0","8000","2","1","1","IAT3008190929","NHO2018000007","PAID","","193048"),
("IATT190002319","193008","191001","192001","37000","1","37000","13320","23680","1","1","1","IAT3008190929","NHO2018000007","PAID","","193008"),
("IATT190002319","193036","191001","192006","36000","1","36000","12960","23040","1","1","1","IAT3008190929","NHO2018000007","PAID","","ORIGINAL"),
("IATT190002319","193032","191001","192004","30000","1","30000","10800","19200","1","1","1","IAT3008190929","NHO2018000007","PAID","","193032"),
("IATT190002319","193046","191002","192010","10000","1","10000","0","10000","1","1","1","IAT3008190929","NHO2018000007","PAID","","193046"),
("IATT190002320","193048","191002","192010","8000","1","8000","0","8000","1","1","1","IAT3008190929","NHO2018000007","PAID","","193048"),
("IATT190002320","193048","191002","192010","8000","1","8000","0","8000","2","1","1","IAT3008190929","NHO2018000007","PAID","","193048"),
("IATT190002320","193083","191001","192001","30000","1","30000","10800","19200","1","1","1","IAT3008190929","NHO2018000007","PAID","","193083"),
("IATT190002320","193029","191001","192004","27000","1","27000","9720","17280","1","1","1","IAT3008190929","NHO2018000007","PAID","","193029"),
("IATT190002320","193035","191001","192006","32000","1","32000","11520","20480","1","1","1","IAT3008190929","NHO2018000007","PAID","","ORIGINAL"),
("IATT190002321","193083","191001","192001","30000","1","30000","10800","19200","1","1","1","IAT3008190929","NHO2018000007","PAID","","193083"),
("IATT190002321","193072","191001","192012","25000","1","25000","0","25000","1","1","1","IAT3008190929","NHO2018000007","PAID","","193072"),
("IATT190002322","193035","191001","192006","32000","1","32000","11520","20480","1","1","1","IAT3008190929","NHO2018000007","PAID","","ORIGINAL"),
("IATT190002322","193084","191001","192001","30000","1","30000","10800","19200","1","1","1","IAT3008190929","NHO2018000007","PAID","lvl 1","PEDAS"),
("IATT190002322","193046","191002","192010","10000","1","10000","0","10000","1","1","1","IAT3008190929","NHO2018000007","PAID","","193046"),
("IATT190002322","193046","191002","192010","10000","1","10000","0","10000","2","1","1","IAT3008190929","NHO2018000007","PAID","","193046"),
("IATT190002322","193046","191002","192010","10000","1","10000","0","10000","3","1","1","IAT3008190929","NHO2018000007","PAID","","193046"),
("IATT190002321","193051","191002","192010","20000","1","20000","0","20000","1","1","2","IAT3008190929","NHO2018000007","PAID","","193051"),
("IATT190002323","193084","191001","192001","30000","1","30000","10800","19200","1","1","1","IAT3008190929","NHO2018000007","PAID","lvl 1\nno negi","PEDAS"),
("IATT190002323","193047","191002","192010","10000","1","10000","0","10000","1","1","1","IAT3008190929","NHO2018000007","PAID","","193047"),
("IATT190002323","193047","191002","192010","10000","1","10000","0","10000","2","1","1","IAT3008190929","NHO2018000007","PAID","","193047"),
("IATT190002324","193084","191001","192001","30000","1","30000","10800","19200","1","1","1","IAT3008190929","NHO2018000007","PAID","","PEDAS"),
("IATT190002324","193028","191001","192003","43000","1","43000","15480","27520","1","1","1","IAT3008190929","NHO2018000007","PAID","","193028"),
("IATT190002324","193055","191002","192010","17000","1","17000","0","17000","1","1","1","IAT3008190929","NHO2018000007","PAID","","193055"),
("IATT190002324","193046","191002","192010","10000","1","10000","0","10000","1","1","1","IAT3008190929","NHO2018000007","PAID","","193046"),
("IATT190002325","193033","191001","192005","42000","1","42000","15120","26880","1","1","1","IAT3008190929","NHO2018000007","PAID","","193033"),
("IATT190002325","193078","191001","192001","30000","1","30000","10800","19200","1","1","1","IAT3008190929","NHO2018000007","PAID","","PEDAS"),
("IATT190002326","193083","191001","192001","30000","1","30000","10800","19200","1","1","1","IAT3008190929","NHO2018000007","PAID","","193083"),
("IATT190002326","193082","191001","192001","30000","1","30000","10800","19200","1","1","1","IAT3008190929","NHO2018000007","PAID","","193082"),
("IATT190002326","193015","191001","192002","33000","1","33000","11880","21120","1","1","1","IAT3008190929","NHO2018000007","PAID","","ORIGINAL"),
("IATT190002326","193056","191002","192010","17000","1","17000","0","17000","1","1","1","IAT3008190929","NHO2018000007","PAID","","193056"),
("IATT190002326","193056","191002","192010","17000","1","17000","0","17000","2","1","1","IAT3008190929","NHO2018000007","PAID","","193056"),
("IATT190002326","193055","191002","192010","17000","1","17000","0","17000","1","1","1","IAT3008190929","NHO2018000007","PAID","","193055"),
("IATT190002323","193083","191001","192001","30000","1","30000","10800","19200","1","1","2","IAT3008190929","NHO2018000007","PAID","no negi\nno bombay","193083"),
("IATT190002328","193084","191001","192001","30000","1","30000","10800","19200","1","1","1","IAT3008190929","NHO2018000007","PAID","lvl 1\nlvl 2","PEDAS"),
("IATT190002328","193084","191001","192001","30000","1","30000","10800","19200","2","1","1","IAT3008190929","NHO2018000007","PAID","","PEDAS"),
("IATT190002328","193055","191002","192010","17000","1","17000","0","17000","1","1","1","IAT3008190929","NHO2018000007","PAID","","193055"),
("IATT190002328","193055","191002","192010","17000","1","17000","0","17000","2","1","1","IAT3008190929","NHO2018000007","PAID","","193055"),
("IATT190002329","193078","191001","192001","30000","1","30000","10800","19200","1","1","1","IAT3008190929","NHO2018000007","PAID","","PEDAS"),
("IATT190002329","193079","191001","192001","30000","1","30000","10800","19200","1","1","1","IAT3008190929","NHO2018000007","PAID","","193079"),
("IATT190002330","193027","191001","192003","43000","1","43000","0","43000","1","1","1","IAT3008190929","NHO2018000007","PAID","","193027"),
("IATT190002330","193022","191001","192003","30000","1","30000","0","30000","1","1","1","IAT3008190929","NHO2018000007","PAID","","193022"),
("IATT190002330","193055","191002","192010","17000","1","17000","0","17000","1","1","1","IAT3008190929","NHO2018000007","PAID","no ice","193055"),
("IATT190002330","193056","191002","192010","17000","1","17000","0","17000","1","1","1","IAT3008190929","NHO2018000007","PAID","","193056"),
("IATT190002330","193069","191001","192012","13000","1","13000","0","13000","1","1","2","IAT3008190929","NHO2018000007","PAID","","193069"),
("IATT190002331","193015","191001","192002","33000","1","33000","11880","21120","1","1","1","IAT3008190929","NHO2018000007","PAID","","ORIGINAL"),
("IATT190002331","193082","191001","192001","30000","1","30000","10800","19200","1","1","1","IAT3008190929","NHO2018000007","PAID","","193082"),
("IATT190002331","193077","191001","192001","30000","1","30000","10800","19200","1","1","1","IAT3008190929","NHO2018000007","PAID","","193077"),
("IATT190002331","193046","191002","192010","10000","1","10000","0","10000","1","1","1","IAT3008190929","NHO2018000007","PAID","","193046"),
("IATT190002331","193046","191002","192010","10000","1","10000","0","10000","2","1","1","IAT3008190929","NHO2018000007","PAID","","193046"),
("IATT190002331","193046","191002","192010","10000","1","10000","0","10000","3","1","1","IAT3008190929","NHO2018000007","PAID","","193046"),
("IATT190002332","193008","191001","192001","37000","1","37000","13320","23680","1","1","1","IAT3008190929","NHO2018000007","PAID","","193008"),
("IATT190002332","193028","191001","192003","43000","1","43000","15480","27520","1","1","1","IAT3008190929","NHO2018000007","PAID","","193028"),
("IATT190002332","193028","191001","192003","43000","1","43000","15480","27520","2","1","1","IAT3008190929","NHO2018000007","PAID","","193028"),
("IATT190002332","193028","191001","192003","43000","1","43000","15480","27520","3","1","1","IAT3008190929","NHO2018000007","PAID","","193028"),
("IATT190002332","193028","191001","192003","43000","1","43000","15480","27520","4","1","1","IAT3008190929","NHO2018000007","PAID","","193028"),
("IATT190002332","193028","191001","192003","43000","1","43000","15480","27520","5","1","1","IAT3008190929","NHO2018000007","PAID","","193028"),
("IATT190002332","193010","191001","192001","40000","1","40000","14400","25600","1","1","1","IAT3008190929","NHO2018000007","PAID","","193010"),
("IATT190002332","193009","191001","192001","40000","1","40000","14400","25600","1","1","1","IAT3008190929","NHO2018000007","PAID","","193009"),
("IATT190002332","193046","191002","192010","10000","1","10000","0","10000","1","1","1","IAT3008190929","NHO2018000007","PAID","","193046"),
("IATT190002332","193046","191002","192010","10000","1","10000","0","10000","2","1","1","IAT3008190929","NHO2018000007","PAID","","193046"),
("IATT190002332","193056","191002","192010","17000","1","17000","0","17000","4","1","1","IAT3008190929","NHO2018000007","PAID","","193056"),
("IATT190002332","193056","191002","192010","17000","1","17000","0","17000","5","1","1","IAT3008190929","NHO2018000007","PAID","","193056"),
("IATT190002332","193056","191002","192010","17000","1","17000","0","17000","6","1","1","IAT3008190929","NHO2018000007","PAID","","193056"),
("IATT190002332","193051","191002","192010","20000","1","20000","0","20000","1","1","1","IAT3008190929","NHO2018000007","PAID","","193051"),
("IATT190002333","193009","191001","192001","40000","1","40000","14400","25600","1","1","1","IAT3008190929","NHO2018000007","PAID","","193009"),
("IATT190002333","193084","191001","192001","30000","1","30000","10800","19200","1","1","1","IAT3008190929","NHO2018000007","PAID","","PEDAS"),
("IATT190002333","193050","191002","192010","20000","1","20000","0","20000","1","1","1","IAT3008190929","NHO2018000007","PAID","","193050"),
("IATT190002333","193051","191002","192010","20000","1","20000","0","20000","1","1","1","IAT3008190929","NHO2018000007","PAID","","193051"),
("IATT190002332","193050","191002","192010","20000","1","20000","0","20000","1","1","2","IAT3008190929","NHO2018000007","PAID","","193050"),
("IATT190002332","193056","191002","192010","17000","1","17000","0","17000","7","1","2","IAT3008190929","NHO2018000007","PAID","","193056"),
("IATT190002334","193082","191001","192001","30000","1","30000","10800","19200","1","1","1","IAT3008190929","NHO2018000007","PAID","kasih pedes dikit","193082"),
("IATT190002334","193083","191001","192001","30000","1","30000","10800","19200","1","1","1","IAT3008190929","NHO2018000007","PAID","","193083"),
("IATT190002335","193044","191001","192008","25000","1","25000","0","25000","1","1","1","IAT3008190929","NHO2018000007","PAID","","193044"),
("IATT190002335","193034","191001","192005","37000","1","37000","13320","23680","1","1","1","IAT3008190929","NHO2018000007","PAID","","193034"),
("IATT190002335","193047","191002","192010","10000","1","10000","0","10000","1","1","1","IAT3008190929","NHO2018000007","PAID","","193047");



INSERT INTO pos_salestemp VALUES("IATT190002294","","1","87000","27720","5928","0","65208","100000","30/08/2019","11:54","2019-08-30","12:50:18","ISU000011","tbl0012","CLOSED","1","","IATR190002236","","","","","IAT3008190929","NHO2018000007"),
("IATT190002295","","2","0","0","0","0","0","0","30/08/2019","11:56","30/08/2019","11:56:37","ISU000011","tbl0011","CANCELED","1","PERMINTAAN CUSTOMER","","","","","","IAT3008190929","NHO2018000007"),
("IATT190002296","","1","47000","13320","3368","0","37048","50000","30/08/2019","11:56","2019-08-30","12:25:26","ISU000011","tbl0011","CLOSED","1","","IATR190002233","","","","","IAT3008190929","NHO2018000007"),
("IATT190002297","","2","105000","21600","8340","0","91740","100000","30/08/2019","11:58","2019-08-30","12:49:01","ISU000011","tbl0010","CLOSED","1","","IATR190002235","","","","","IAT3008190929","NHO2018000007"),
("IATT190002298","","1","40000","10800","2920","0","32120","50000","30/08/2019","12:02","2019-08-30","12:29:05","ISU000011","tbl0004","CLOSED","1","","IATR190002234","","","","","IAT3008190929","NHO2018000007"),
("IATT190002299","","2","97000","24120","7288","0","80168","100000","30/08/2019","12:19","2019-08-30","13:00:55","ISU000011","tbl0013","CLOSED","1","","IATR190002237","","","","","IAT3008190929","NHO2018000007"),
("IATT190002300","","3","187000","47520","13948","0","153428","155000","30/08/2019","12:34","2019-08-30","13:12:36","ISU000011","tbl0011","CLOSED","1","","IATR190002238","","","","","IAT3008190929","NHO2018000007"),
("IATT190002301","","1","81000","14400","6660","0","73260","74000","30/08/2019","12:36","2019-08-30","13:17:53","ISU000011","tbl0022","CLOSED","1","","IATR190002239","","","","","IAT3008190929","NHO2018000007"),
("IATT190002302","","2","122000","0","12200","0","134200","134200","30/08/2019","12:38","2019-08-30","13:39:08","ISU000011","tbl0020","CLOSED","1","","IATR190002245","","","","","IAT3008190929","NHO2018000007"),
("IATT190002303","","3","155000","39600","11540","0","126940","150000","30/08/2019","12:44","2019-08-30","13:25:51","ISU000011","tbl0021","CLOSED","1","","IATR190002240","","","","","IAT3008190929","NHO2018000007"),
("IATT190002304","","6","275000","69840","20516","0","225676","250000","30/08/2019","12:45","2019-08-30","13:34:03","ISU000011","tbl0024","CLOSED","1","","IATR190002242","","","","","IAT3008190929","NHO2018000007"),
("IATT190002305","","2","108000","26640","8136","0","89496","89496","30/08/2019","12:56","2019-08-30","13:37:36","ISU000011","tbl0012","CLOSED","1","","IATR190002244","","","","","IAT3008190929","NHO2018000007"),
("IATT190002306","","1","30000","0","3000","0","33000","33000","30/08/2019","13:26","2019-08-30","13:50:10","ISU000011","tbl0011","CLOSED","1","","IATR190002246","","","","","IAT3008190929","NHO2018000007"),
("IATT190002307","","2","87000","24120","6288","0","69168","100000","30/08/2019","13:28","2019-08-30","14:00:19","ISU000011","tbl0013","CLOSED","1","","IATR190002247","","","","","IAT3008190929","NHO2018000007"),
("IATT190002308","","1","40000","0","4000","0","44000","250000","30/08/2019","13:32","2019-08-30","13:33:32","ISU000011","tbl0009","REFUND","1","","IATR190002241","30/08/2019","13:35:08","090592","IATR190002243","IAT3008190929","NHO2018000007"),
("IATT190002309","","1","40000","0","4000","0","44000","100000","30/08/2019","13:35","2019-08-30","14:35:27","ISU000011","tbl0009","CLOSED","1","","IATR190002251","","","","","IAT3008190929","NHO2018000007"),
("IATT190002310","","1","94000","21600","7240","0","79640","100000","30/08/2019","13:43","2019-08-30","14:09:27","ISU000011","tbl0010","CLOSED","1","","IATR190002249","","","","","IAT3008190929","NHO2018000007"),
("IATT190002311","","1","50000","10800","3920","0","43120","100000","30/08/2019","13:49","2019-08-30","14:05:19","ISU000011","tbl0005","CLOSED","1","","IATR190002248","","","","","IAT3008190929","NHO2018000007"),
("IATT190002312","","3","60000","0","6000","0","66000","100000","30/08/2019","14:02","2019-08-30","14:20:46","ISU000011","tbl0013","CLOSED","1","","IATR190002250","","","","","IAT3008190929","NHO2018000007"),
("IATT190002313","","2","77000","38500","3850","0","42350","101000","30/08/2019","14:33","2019-08-30","15:04:58","ISU000011","tbl0019","CLOSED","1","","IATR190002252","","","","","IAT3008190929","NHO2018000007"),
("IATT190002314","","2","90000","28800","6120","0","67320","70000","30/08/2019","15:12","2019-08-30","16:23:52","ISU000011","tbl0010","CLOSED","1","","IATR190002254","","","","","IAT3008190929","NHO2018000007"),
("IATT190002315","","3","151000","39600","11140","0","122540","200000","30/08/2019","15:16","2019-08-30","16:06:55","ISU000011","tbl0012","CLOSED","1","","IATR190002253","","","","","IAT3008190929","NHO2018000007"),
("IATT190002316","","1","8000","0","800","0","8800","10000","30/08/2019","16:24","2019-08-30","16:24:44","ISU000011","tbl0003","CLOSED","1","","IATR190002255","","","","","IAT3008190929","NHO2018000007"),
("IATT190002317","","2","94000","24120","6988","0","76868","100000","30/08/2019","18:12","2019-08-30","19:04:00","ISU000011","tbl0012","CLOSED","1","","IATR190002256","","","","","IAT3008190929","NHO2018000007"),
("IATT190002318","","2","83000","24120","5888","0","64768","100000","30/08/2019","18:27","2019-08-30","19:39:24","ISU000011","tbl0010","CLOSED","1","","IATR190002260","","","","","IAT3008190929","NHO2018000007"),
("IATT190002319","","3","113000","37080","7592","0","83512","100000","30/08/2019","18:39","2019-08-30","19:13:23","ISU000011","tbl0011","CLOSED","1","","IATR190002257","","","","","IAT3008190929","NHO2018000007"),
("IATT190002320","","2","105000","32040","7296","0","80256","100000","30/08/2019","18:53","2019-08-30","19:21:53","ISU000011","tbl0022","CLOSED","1","","IATR190002258","","","","","IAT3008190929","NHO2018000007"),
("IATT190002321","","2","75000","10800","6420","0","70620","72000","30/08/2019","19:08","2019-08-30","19:35:23","ISU000011","tbl0013","CLOSED","1","","IATR190002259","","","","","IAT3008190929","NHO2018000007"),
("IATT190002322","","3","92000","22320","6968","0","76648","77000","30/08/2019","19:12","2019-08-30","19:53:22","ISU000011","tbl0012","CLOSED","1","","IATR190002262","","","","","IAT3008190929","NHO2018000007"),
("IATT190002323","","1","80000","21600","5840","0","64240","64240","30/08/2019","19:19","2019-08-30","20:12:37","ISU000011","tbl0005","CLOSED","1","","IATR190002266","","","","","IAT3008190929","NHO2018000007"),
("IATT190002324","","2","100000","26280","7372","0","81092","100000","30/08/2019","19:21","2019-08-30","19:54:26","ISU000011","tbl0016","CLOSED","1","","IATR190002263","","","","","IAT3008190929","NHO2018000007"),
("IATT190002325","","2","72000","25920","4608","0","50688","51000","30/08/2019","19:24","2019-08-30","19:43:08","ISU000011","tbl0020","CLOSED","1","","IATR190002261","","","","","IAT3008190929","NHO2018000007"),
("IATT190002326","","3","144000","33480","11052","0","121572","122000","30/08/2019","19:24","2019-08-30","20:05:14","ISU000011","tbl0011","CLOSED","1","","IATR190002264","","","","","IAT3008190929","NHO2018000007"),
("IATT190002327","","1","0","0","0","0","0","0","30/08/2019","19:40","30/08/2019","19:40:33","ISU000011","tbl0013","CANCELED","1","PERMINTAAN CUSTOMER","","","","","","IAT3008190929","NHO2018000007"),
("IATT190002328","","2","94000","21600","7240","0","79640","100000","30/08/2019","19:40","2019-08-30","20:10:47","ISU000011","tbl0013","CLOSED","1","","IATR190002265","","","","","IAT3008190929","NHO2018000007"),
("IATT190002329","","2","60000","21600","3840","0","42240","100000","30/08/2019","19:45","2019-08-30","20:18:01","ISU000011","tbl0010","CLOSED","1","","IATR190002267","","","","","IAT3008190929","NHO2018000007"),
("IATT190002330","","2","120000","0","12000","0","132000","150000","30/08/2019","20:03","2019-08-30","20:46:28","ISU000011","tbl0012","CLOSED","1","","IATR190002271","","","","","IAT3008190929","NHO2018000007"),
("IATT190002331","","3","123000","33480","8952","0","98472","100000","30/08/2019","20:07","2019-08-30","20:39:22","ISU000011","tbl0022","CLOSED","1","","IATR190002268","","","","","IAT3008190929","NHO2018000007"),
("IATT190002332","","7","460000","119520","34048","0","374528","374528","30/08/2019","20:08","2019-08-30","21:00:20","ISU000011","tbl0021","CLOSED","1","","IATR190002272","","","","","IAT3008190929","NHO2018000007"),
("IATT190002333","","2","110000","25200","8480","0","93280","93280","30/08/2019","20:10","2019-08-30","20:45:34","ISU000011","tbl0018","CLOSED","1","","IATR190002270","","","","","IAT3008190929","NHO2018000007"),
("IATT190002334","","2","60000","21600","3840","0","42240","42240","30/08/2019","20:21","2019-08-30","20:44:21","ISU000011","tbl0011","CLOSED","1","","IATR190002269","","","","","IAT3008190929","NHO2018000007"),
("IATT190002335","","2","72000","13320","5868","0","64548","105000","30/08/2019","20:32","2019-08-30","21:21:12","ISU000011","tbl0010","CLOSED","1","","IATR190002273","","","","","IAT3008190929","NHO2018000007");



INSERT INTO item_void VALUES("IATT190002300","IAT3008190929","NHO2018000007","193054","193054","1","20000","Before Send","Komplen Customer"),
("IATT190002300","IAT3008190929","NHO2018000007","193054","193054","1","20000","Before Send","Komplen Customer"),
("IATT190002304","IAT3008190929","NHO2018000007","193022","193022","1","30000","Before Send","Salah Order"),
("IATT190002321","IAT3008190929","NHO2018000007","193054","193054","1","20000","Before Send","Komplen Customer"),
("IATT190002332","IAT3008190929","NHO2018000007","193067","193067","1","7000","Before Send","Komplen Customer");



INSERT INTO pos_promotion_h VALUES("IATT190002296","NPRM18000016","DISC ITEM","1","13320","Diskon 20% + 20% Agustus","IAT3008190929","PAID","NHO2018000007"),
("IATT190002298","NPRM18000016","DISC ITEM","1","10800","Diskon 20% + 20% Agustus","IAT3008190929","PAID","NHO2018000007"),
("IATT190002300","NPRM18000016","DISC ITEM","1","47520","Diskon 20% + 20% Agustus","IAT3008190929","PAID","NHO2018000007"),
("IATT190002294","NPRM18000016","DISC ITEM","1","27720","Diskon 20% + 20% Agustus","IAT3008190929","PAID","NHO2018000007"),
("IATT190002297","NPRM18000016","DISC ITEM","1","21600","Diskon 20% + 20% Agustus","IAT3008190929","PAID","NHO2018000007"),
("IATT190002299","NPRM18000016","DISC ITEM","1","24120","Diskon 20% + 20% Agustus","IAT3008190929","PAID","NHO2018000007"),
("IATT190002301","NPRM18000016","DISC ITEM","1","14400","Diskon 20% + 20% Agustus","IAT3008190929","PAID","NHO2018000007"),
("IATT190002303","NPRM18000016","DISC ITEM","1","39600","Diskon 20% + 20% Agustus","IAT3008190929","PAID","NHO2018000007"),
("IATT190002304","NPRM18000016","DISC ITEM","1","69840","Diskon 20% + 20% Agustus","IAT3008190929","PAID","NHO2018000007"),
("IATT190002305","NPRM18000016","DISC ITEM","1","26640","Diskon 20% + 20% Agustus","IAT3008190929","PAID","NHO2018000007"),
("IATT190002307","NPRM18000016","DISC ITEM","1","24120","Diskon 20% + 20% Agustus","IAT3008190929","PAID","NHO2018000007"),
("IATT190002311","NPRM18000016","DISC ITEM","1","10800","Diskon 20% + 20% Agustus","IAT3008190929","PAID","NHO2018000007"),
("IATT190002310","NPRM18000016","DISC ITEM","1","21600","Diskon 20% + 20% Agustus","IAT3008190929","PAID","NHO2018000007"),
("IATT190002313","NPRM18000012","DISC ITEM","1","38500","eatigo 50%","IAT3008190929","PAID","NHO2018000007"),
("IATT190002315","NPRM18000016","DISC ITEM","1","39600","Diskon 20% + 20% Agustus","IAT3008190929","PAID","NHO2018000007"),
("IATT190002314","NPRM18000016","DISC ITEM","1","28800","Diskon 20% + 20% Agustus","IAT3008190929","PAID","NHO2018000007"),
("IATT190002317","NPRM18000016","DISC ITEM","1","24120","Diskon 20% + 20% Agustus","IAT3008190929","PAID","NHO2018000007"),
("IATT190002319","NPRM18000016","DISC ITEM","1","37080","Diskon 20% + 20% Agustus","IAT3008190929","PAID","NHO2018000007"),
("IATT190002320","NPRM18000016","DISC ITEM","1","32040","Diskon 20% + 20% Agustus","IAT3008190929","PAID","NHO2018000007"),
("IATT190002321","NPRM18000016","DISC ITEM","1","10800","Diskon 20% + 20% Agustus","IAT3008190929","PAID","NHO2018000007"),
("IATT190002318","NPRM18000016","DISC ITEM","1","24120","Diskon 20% + 20% Agustus","IAT3008190929","PAID","NHO2018000007"),
("IATT190002325","NPRM18000016","DISC ITEM","1","25920","Diskon 20% + 20% Agustus","IAT3008190929","PAID","NHO2018000007"),
("IATT190002322","NPRM18000016","DISC ITEM","1","22320","Diskon 20% + 20% Agustus","IAT3008190929","PAID","NHO2018000007"),
("IATT190002324","NPRM18000016","DISC ITEM","1","26280","Diskon 20% + 20% Agustus","IAT3008190929","PAID","NHO2018000007"),
("IATT190002326","NPRM18000016","DISC ITEM","1","33480","Diskon 20% + 20% Agustus","IAT3008190929","PAID","NHO2018000007"),
("IATT190002328","NPRM18000016","DISC ITEM","1","21600","Diskon 20% + 20% Agustus","IAT3008190929","PAID","NHO2018000007"),
("IATT190002323","NPRM18000016","DISC ITEM","1","21600","Diskon 20% + 20% Agustus","IAT3008190929","PAID","NHO2018000007"),
("IATT190002329","NPRM18000016","DISC ITEM","1","21600","Diskon 20% + 20% Agustus","IAT3008190929","PAID","NHO2018000007"),
("IATT190002331","NPRM18000016","DISC ITEM","1","33480","Diskon 20% + 20% Agustus","IAT3008190929","PAID","NHO2018000007"),
("IATT190002333","NPRM18000016","DISC ITEM","1","25200","Diskon 20% + 20% Agustus","IAT3008190929","PAID","NHO2018000007"),
("IATT190002334","NPRM18000016","DISC ITEM","1","21600","Diskon 20% + 20% Agustus","IAT3008190929","PAID","NHO2018000007"),
("IATT190002332","NPRM18000016","DISC ITEM","1","119520","Diskon 20% + 20% Agustus","IAT3008190929","PAID","NHO2018000007"),
("IATT190002335","NPRM18000016","DISC ITEM","1","13320","Diskon 20% + 20% Agustus","IAT3008190929","PAID","NHO2018000007");



INSERT INTO pos_promotion_d VALUES("IATT190002296","NPRM18000016","DISC ITEM","1","1","193007","1","13320","IAT3008190929","PAID","NHO2018000007"),
("IATT190002298","NPRM18000016","DISC ITEM","1","1","193083","1","10800","IAT3008190929","PAID","NHO2018000007"),
("IATT190002300","NPRM18000016","DISC ITEM","1","1","193035","1","11520","IAT3008190929","PAID","NHO2018000007"),
("IATT190002300","NPRM18000016","DISC ITEM","1","1","193035","2","11520","IAT3008190929","PAID","NHO2018000007"),
("IATT190002300","NPRM18000016","DISC ITEM","1","1","193035","3","11520","IAT3008190929","PAID","NHO2018000007"),
("IATT190002300","NPRM18000016","DISC ITEM","1","1","193038","1","12960","IAT3008190929","PAID","NHO2018000007"),
("IATT190002294","NPRM18000016","DISC ITEM","1","1","193007","1","13320","IAT3008190929","PAID","NHO2018000007"),
("IATT190002294","NPRM18000016","DISC ITEM","1","1","193011","1","14400","IAT3008190929","PAID","NHO2018000007"),
("IATT190002297","NPRM18000016","DISC ITEM","1","1","193084","1","10800","IAT3008190929","PAID","NHO2018000007"),
("IATT190002297","NPRM18000016","DISC ITEM","1","1","193022","1","10800","IAT3008190929","PAID","NHO2018000007"),
("IATT190002299","NPRM18000016","DISC ITEM","1","1","193083","1","10800","IAT3008190929","PAID","NHO2018000007"),
("IATT190002299","NPRM18000016","DISC ITEM","1","1","193018","1","13320","IAT3008190929","PAID","NHO2018000007"),
("IATT190002301","NPRM18000016","DISC ITEM","1","1","193021","1","14400","IAT3008190929","PAID","NHO2018000007"),
("IATT190002303","NPRM18000016","DISC ITEM","1","1","193084","1","10800","IAT3008190929","PAID","NHO2018000007"),
("IATT190002303","NPRM18000016","DISC ITEM","1","1","193011","1","14400","IAT3008190929","PAID","NHO2018000007"),
("IATT190002303","NPRM18000016","DISC ITEM","1","1","193009","1","14400","IAT3008190929","PAID","NHO2018000007"),
("IATT190002304","NPRM18000016","DISC ITEM","1","1","193083","1","10800","IAT3008190929","PAID","NHO2018000007"),
("IATT190002304","NPRM18000016","DISC ITEM","1","1","193005","1","13320","IAT3008190929","PAID","NHO2018000007"),
("IATT190002304","NPRM18000016","DISC ITEM","1","1","193085","1","10800","IAT3008190929","PAID","NHO2018000007"),
("IATT190002304","NPRM18000016","DISC ITEM","1","1","193005","2","13320","IAT3008190929","PAID","NHO2018000007"),
("IATT190002304","NPRM18000016","DISC ITEM","1","1","193022","1","10800","IAT3008190929","PAID","NHO2018000007"),
("IATT190002304","NPRM18000016","DISC ITEM","1","1","193024","1","10800","IAT3008190929","PAID","NHO2018000007"),
("IATT190002305","NPRM18000016","DISC ITEM","1","1","193006","1","13320","IAT3008190929","PAID","NHO2018000007"),
("IATT190002305","NPRM18000016","DISC ITEM","1","1","193006","2","13320","IAT3008190929","PAID","NHO2018000007"),
("IATT190002307","NPRM18000016","DISC ITEM","1","1","193005","1","13320","IAT3008190929","PAID","NHO2018000007"),
("IATT190002307","NPRM18000016","DISC ITEM","1","1","193084","1","10800","IAT3008190929","PAID","NHO2018000007"),
("IATT190002311","NPRM18000016","DISC ITEM","1","1","193077","1","10800","IAT3008190929","PAID","NHO2018000007"),
("IATT190002310","NPRM18000016","DISC ITEM","1","1","193082","1","10800","IAT3008190929","PAID","NHO2018000007"),
("IATT190002310","NPRM18000016","DISC ITEM","1","1","193084","1","10800","IAT3008190929","PAID","NHO2018000007"),
("IATT190002313","NPRM18000012","DISC ITEM","1","1","193011","1","20000","IAT3008190929","PAID","NHO2018000007"),
("IATT190002313","NPRM18000012","DISC ITEM","1","1","193007","1","18500","IAT3008190929","PAID","NHO2018000007"),
("IATT190002315","NPRM18000016","DISC ITEM","1","1","193011","1","14400","IAT3008190929","PAID","NHO2018000007"),
("IATT190002315","NPRM18000016","DISC ITEM","1","1","193084","1","10800","IAT3008190929","PAID","NHO2018000007"),
("IATT190002315","NPRM18000016","DISC ITEM","1","1","193009","1","14400","IAT3008190929","PAID","NHO2018000007"),
("IATT190002314","NPRM18000016","DISC ITEM","1","1","193009","1","14400","IAT3008190929","PAID","NHO2018000007"),
("IATT190002314","NPRM18000016","DISC ITEM","1","1","193010","1","14400","IAT3008190929","PAID","NHO2018000007"),
("IATT190002317","NPRM18000016","DISC ITEM","1","1","193008","1","13320","IAT3008190929","PAID","NHO2018000007"),
("IATT190002317","NPRM18000016","DISC ITEM","1","1","193025","1","10800","IAT3008190929","PAID","NHO2018000007"),
("IATT190002319","NPRM18000016","DISC ITEM","1","1","193008","1","13320","IAT3008190929","PAID","NHO2018000007"),
("IATT190002319","NPRM18000016","DISC ITEM","1","1","193036","1","12960","IAT3008190929","PAID","NHO2018000007"),
("IATT190002319","NPRM18000016","DISC ITEM","1","1","193032","1","10800","IAT3008190929","PAID","NHO2018000007"),
("IATT190002320","NPRM18000016","DISC ITEM","1","1","193083","1","10800","IAT3008190929","PAID","NHO2018000007"),
("IATT190002320","NPRM18000016","DISC ITEM","1","1","193029","1","9720","IAT3008190929","PAID","NHO2018000007"),
("IATT190002320","NPRM18000016","DISC ITEM","1","1","193035","1","11520","IAT3008190929","PAID","NHO2018000007"),
("IATT190002321","NPRM18000016","DISC ITEM","1","1","193083","1","10800","IAT3008190929","PAID","NHO2018000007"),
("IATT190002318","NPRM18000016","DISC ITEM","1","1","193084","1","10800","IAT3008190929","PAID","NHO2018000007"),
("IATT190002318","NPRM18000016","DISC ITEM","1","1","193007","1","13320","IAT3008190929","PAID","NHO2018000007"),
("IATT190002325","NPRM18000016","DISC ITEM","1","1","193033","1","15120","IAT3008190929","PAID","NHO2018000007"),
("IATT190002325","NPRM18000016","DISC ITEM","1","1","193078","1","10800","IAT3008190929","PAID","NHO2018000007"),
("IATT190002322","NPRM18000016","DISC ITEM","1","1","193035","1","11520","IAT3008190929","PAID","NHO2018000007"),
("IATT190002322","NPRM18000016","DISC ITEM","1","1","193084","1","10800","IAT3008190929","PAID","NHO2018000007"),
("IATT190002324","NPRM18000016","DISC ITEM","1","1","193084","1","10800","IAT3008190929","PAID","NHO2018000007"),
("IATT190002324","NPRM18000016","DISC ITEM","1","1","193028","1","15480","IAT3008190929","PAID","NHO2018000007"),
("IATT190002326","NPRM18000016","DISC ITEM","1","1","193083","1","10800","IAT3008190929","PAID","NHO2018000007"),
("IATT190002326","NPRM18000016","DISC ITEM","1","1","193082","1","10800","IAT3008190929","PAID","NHO2018000007"),
("IATT190002326","NPRM18000016","DISC ITEM","1","1","193015","1","11880","IAT3008190929","PAID","NHO2018000007"),
("IATT190002328","NPRM18000016","DISC ITEM","1","1","193084","1","10800","IAT3008190929","PAID","NHO2018000007"),
("IATT190002328","NPRM18000016","DISC ITEM","1","1","193084","2","10800","IAT3008190929","PAID","NHO2018000007"),
("IATT190002323","NPRM18000016","DISC ITEM","1","1","193084","1","10800","IAT3008190929","PAID","NHO2018000007"),
("IATT190002323","NPRM18000016","DISC ITEM","1","1","193083","1","10800","IAT3008190929","PAID","NHO2018000007"),
("IATT190002329","NPRM18000016","DISC ITEM","1","1","193078","1","10800","IAT3008190929","PAID","NHO2018000007"),
("IATT190002329","NPRM18000016","DISC ITEM","1","1","193079","1","10800","IAT3008190929","PAID","NHO2018000007"),
("IATT190002331","NPRM18000016","DISC ITEM","1","1","193015","1","11880","IAT3008190929","PAID","NHO2018000007"),
("IATT190002331","NPRM18000016","DISC ITEM","1","1","193082","1","10800","IAT3008190929","PAID","NHO2018000007"),
("IATT190002331","NPRM18000016","DISC ITEM","1","1","193077","1","10800","IAT3008190929","PAID","NHO2018000007"),
("IATT190002333","NPRM18000016","DISC ITEM","1","1","193009","1","14400","IAT3008190929","PAID","NHO2018000007"),
("IATT190002333","NPRM18000016","DISC ITEM","1","1","193084","1","10800","IAT3008190929","PAID","NHO2018000007"),
("IATT190002334","NPRM18000016","DISC ITEM","1","1","193082","1","10800","IAT3008190929","PAID","NHO2018000007"),
("IATT190002334","NPRM18000016","DISC ITEM","1","1","193083","1","10800","IAT3008190929","PAID","NHO2018000007"),
("IATT190002332","NPRM18000016","DISC ITEM","1","1","193008","1","13320","IAT3008190929","PAID","NHO2018000007"),
("IATT190002332","NPRM18000016","DISC ITEM","1","1","193028","1","15480","IAT3008190929","PAID","NHO2018000007"),
("IATT190002332","NPRM18000016","DISC ITEM","1","1","193028","2","15480","IAT3008190929","PAID","NHO2018000007"),
("IATT190002332","NPRM18000016","DISC ITEM","1","1","193028","3","15480","IAT3008190929","PAID","NHO2018000007"),
("IATT190002332","NPRM18000016","DISC ITEM","1","1","193028","4","15480","IAT3008190929","PAID","NHO2018000007"),
("IATT190002332","NPRM18000016","DISC ITEM","1","1","193028","5","15480","IAT3008190929","PAID","NHO2018000007"),
("IATT190002332","NPRM18000016","DISC ITEM","1","1","193010","1","14400","IAT3008190929","PAID","NHO2018000007"),
("IATT190002332","NPRM18000016","DISC ITEM","1","1","193009","1","14400","IAT3008190929","PAID","NHO2018000007"),
("IATT190002335","NPRM18000016","DISC ITEM","1","1","193034","1","13320","IAT3008190929","PAID","NHO2018000007");



INSERT INTO pos_paymenttemp VALUES("IATT190002296","CASH","CASH","37048","50000","ISU000011","2019-08-30","","1","","CLOSED","IAT3008190929","NHO2018000007"),
("IATT190002298","CASH","CASH","32120","50000","ISU000011","2019-08-30","","1","","CLOSED","IAT3008190929","NHO2018000007"),
("IATT190002297","CASH","CASH","91740","100000","ISU000011","2019-08-30","","1","","CLOSED","IAT3008190929","NHO2018000007"),
("IATT190002294","CASH","CASH","65208","100000","ISU000011","2019-08-30","","1","","CLOSED","IAT3008190929","NHO2018000007"),
("IATT190002299","CASH","CASH","80168","100000","ISU000011","2019-08-30","","1","","CLOSED","IAT3008190929","NHO2018000007"),
("IATT190002300","CASH","CASH","153428","155000","ISU000011","2019-08-30","","1","","CLOSED","IAT3008190929","NHO2018000007"),
("IATT190002301","CASH","CASH","73260","74000","ISU000011","2019-08-30","","1","","CLOSED","IAT3008190929","NHO2018000007"),
("IATT190002303","CASH","CASH","126940","150000","ISU000011","2019-08-30","","1","","CLOSED","IAT3008190929","NHO2018000007"),
("IATT190002308","CASH","CASH","44000","250000","ISU000011","2019-08-30","","1","","REFUND","IAT3008190929","NHO2018000007"),
("IATT190002304","CASH","CASH","225676","250000","ISU000011","2019-08-30","","1","","CLOSED","IAT3008190929","NHO2018000007"),
("IATT190002305","CARD","VISA","89496","89496","ISU000011","2019-08-30","","1","","CLOSED","IAT3008190929","NHO2018000007"),
("IATT190002302","CASH","OVO","134200","134200","ISU000011","2019-08-30","","1","","CLOSED","IAT3008190929","NHO2018000007"),
("IATT190002306","CASH","OVO","33000","33000","ISU000011","2019-08-30","","1","","CLOSED","IAT3008190929","NHO2018000007"),
("IATT190002307","CASH","CASH","69168","100000","ISU000011","2019-08-30","","1","","CLOSED","IAT3008190929","NHO2018000007"),
("IATT190002311","CASH","CASH","43120","100000","ISU000011","2019-08-30","","1","","CLOSED","IAT3008190929","NHO2018000007"),
("IATT190002310","CASH","CASH","79640","100000","ISU000011","2019-08-30","","1","","CLOSED","IAT3008190929","NHO2018000007"),
("IATT190002312","CASH","CASH","66000","100000","ISU000011","2019-08-30","","1","","CLOSED","IAT3008190929","NHO2018000007"),
("IATT190002309","CASH","CASH","44000","100000","ISU000011","2019-08-30","","1","","CLOSED","IAT3008190929","NHO2018000007"),
("IATT190002313","CASH","CASH","42350","101000","ISU000011","2019-08-30","","1","","CLOSED","IAT3008190929","NHO2018000007"),
("IATT190002315","CASH","CASH","122540","200000","ISU000011","2019-08-30","","1","","CLOSED","IAT3008190929","NHO2018000007"),
("IATT190002314","CASH","CASH","67320","70000","ISU000011","2019-08-30","","1","","CLOSED","IAT3008190929","NHO2018000007"),
("IATT190002316","CASH","CASH","8800","10000","ISU000011","2019-08-30","","1","","CLOSED","IAT3008190929","NHO2018000007"),
("IATT190002317","CASH","CASH","76868","100000","ISU000011","2019-08-30","","1","","CLOSED","IAT3008190929","NHO2018000007"),
("IATT190002319","CASH","CASH","83512","100000","ISU000011","2019-08-30","","1","","CLOSED","IAT3008190929","NHO2018000007"),
("IATT190002320","CASH","CASH","80256","100000","ISU000011","2019-08-30","","1","","CLOSED","IAT3008190929","NHO2018000007"),
("IATT190002321","CASH","CASH","70620","72000","ISU000011","2019-08-30","","1","","CLOSED","IAT3008190929","NHO2018000007"),
("IATT190002318","CASH","CASH","64768","100000","ISU000011","2019-08-30","","1","","CLOSED","IAT3008190929","NHO2018000007"),
("IATT190002325","CASH","CASH","50688","51000","ISU000011","2019-08-30","","1","","CLOSED","IAT3008190929","NHO2018000007"),
("IATT190002322","CASH","CASH","76648","77000","ISU000011","2019-08-30","","1","","CLOSED","IAT3008190929","NHO2018000007"),
("IATT190002324","CASH","CASH","81092","100000","ISU000011","2019-08-30","","1","","CLOSED","IAT3008190929","NHO2018000007"),
("IATT190002326","CASH","CASH","121572","122000","ISU000011","2019-08-30","","1","","CLOSED","IAT3008190929","NHO2018000007"),
("IATT190002328","CASH","CASH","79640","100000","ISU000011","2019-08-30","","1","","CLOSED","IAT3008190929","NHO2018000007"),
("IATT190002323","CARD","MASTER","64240","64240","ISU000011","2019-08-30","","1","","CLOSED","IAT3008190929","NHO2018000007"),
("IATT190002329","CASH","CASH","42240","100000","ISU000011","2019-08-30","","1","","CLOSED","IAT3008190929","NHO2018000007"),
("IATT190002331","CASH","CASH","98472","100000","ISU000011","2019-08-30","","1","","CLOSED","IAT3008190929","NHO2018000007"),
("IATT190002334","CARD","DEBIT BCA","42240","42240","ISU000011","2019-08-30","","1","","CLOSED","IAT3008190929","NHO2018000007"),
("IATT190002333","CARD","MASTER","93280","93280","ISU000011","2019-08-30","","1","","CLOSED","IAT3008190929","NHO2018000007"),
("IATT190002330","CASH","CASH","132000","150000","ISU000011","2019-08-30","","1","","CLOSED","IAT3008190929","NHO2018000007"),
("IATT190002332","CARD","MASTER","374528","374528","ISU000011","2019-08-30","","1","","CLOSED","IAT3008190929","NHO2018000007"),
("IATT190002335","CASH","CASH","64548","105000","ISU000011","2019-08-30","","1","","CLOSED","IAT3008190929","NHO2018000007");



