INSERT INTO pos_itemtemp VALUES("IATT190004583","193011","191001","192001","40000","1","40000","4000","36000","1","1","1","IAT3012190951","NHO2018000007","PAID","","PEDAS"),
("IATT190004583","193051","191002","192010","20000","1","20000","0","20000","1","1","1","IAT3012190951","NHO2018000007","PAID","","193051"),
("IATT190004583","193054","191002","192010","20000","1","20000","0","20000","1","1","1","IAT3012190951","NHO2018000007","PAID","","193054"),
("IATT190004583","193028","191001","192003","43000","1","43000","0","43000","1","1","2","IAT3012190951","NHO2018000007","PAID","","193028"),
("IATT190004583","193052","191002","192010","20000","1","20000","0","20000","1","1","2","IAT3012190951","NHO2018000007","PAID","","193052"),
("IATT190004584","193082","191001","192001","30000","1","30000","0","30000","1","1","1","IAT3012190951","NHO2018000007","PAID","","193082"),
("IATT190004584","193054","191002","192010","20000","1","20000","0","20000","1","1","1","IAT3012190951","NHO2018000007","PAID","","193054"),
("IATT190004585","193007","191001","192001","37000","1","37000","0","37000","1","1","1","IAT3012190951","NHO2018000007","PAID","","PEDAS"),
("IATT190004585","193007","191001","192001","37000","1","37000","0","37000","2","1","1","IAT3012190951","NHO2018000007","PAID","","PEDAS"),
("IATT190004585","193007","191001","192001","37000","1","37000","0","37000","3","1","1","IAT3012190951","NHO2018000007","PAID","","PEDAS"),
("IATT190004585","193047","191002","192010","10000","1","10000","0","10000","1","1","1","IAT3012190951","NHO2018000007","PAID","","193047"),
("IATT190004585","193047","191002","192010","10000","1","10000","0","10000","2","1","1","IAT3012190951","NHO2018000007","PAID","","193047"),
("IATT190004585","193047","191002","192010","10000","1","10000","0","10000","3","1","1","IAT3012190951","NHO2018000007","PAID","","193047"),
("IATT190004585","193111","191001","192008","25000","1","25000","0","25000","1","1","1","IAT3012190951","NHO2018000007","PAID","","193111"),
("IATT190004586","193022","191001","192003","30000","1","30000","0","30000","1","1","1","IAT3012190951","NHO2018000007","PAID","","193022"),
("IATT190004586","193028","191001","192003","43000","1","43000","0","43000","1","1","1","IAT3012190951","NHO2018000007","PAID","","193028"),
("IATT190004586","193047","191002","192010","10000","1","10000","0","10000","1","1","1","IAT3012190951","NHO2018000007","PAID","","193047"),
("IATT190004586","193047","191002","192010","10000","1","10000","0","10000","2","1","1","IAT3012190951","NHO2018000007","PAID","","193047"),
("IATT190004587","193033","191001","192005","42000","1","42000","0","42000","1","1","1","IAT3012190951","NHO2018000007","PAID","","193033"),
("IATT190004587","193021","191001","192002","40000","1","40000","0","40000","1","1","1","IAT3012190951","NHO2018000007","PAID","","PEDAS"),
("IATT190004587","193009","191001","192001","40000","1","40000","0","40000","1","1","1","IAT3012190951","NHO2018000007","PAID","","193009"),
("IATT190004587","193024","191001","192003","30000","1","30000","0","30000","1","1","1","IAT3012190951","NHO2018000007","PAID","","193024"),
("IATT190004587","193047","191002","192010","10000","1","10000","0","10000","1","1","1","IAT3012190951","NHO2018000007","PAID","","193047"),
("IATT190004587","193047","191002","192010","10000","1","10000","0","10000","2","1","1","IAT3012190951","NHO2018000007","PAID","","193047"),
("IATT190004587","193047","191002","192010","10000","1","10000","0","10000","3","1","1","IAT3012190951","NHO2018000007","PAID","","193047"),
("IATT190004587","193046","191002","192010","10000","1","10000","0","10000","1","1","1","IAT3012190951","NHO2018000007","PAID","","193046"),
("IATT190004588","193112","191001","192003","50000","1","50000","0","50000","1","1","1","IAT3012190951","NHO2018000007","PAID","","193112"),
("IATT190004588","193096","191001","192008","50000","1","50000","0","50000","1","1","1","IAT3012190951","NHO2018000007","PAID","","193096"),
("IATT190004588","193054","191002","192010","20000","1","20000","0","20000","1","1","1","IAT3012190951","NHO2018000007","PAID","","193054"),
("IATT190004588","193054","191002","192010","20000","1","20000","0","20000","2","1","1","IAT3012190951","NHO2018000007","PAID","","193054"),
("IATT190004588","193052","191002","192010","20000","1","20000","0","20000","1","1","1","IAT3012190951","NHO2018000007","PAID","","193052"),
("IATT190004589","193028","191001","192003","43000","1","43000","0","43000","1","1","1","IAT3012190951","NHO2018000007","PAID","","193028"),
("IATT190004589","193028","191001","192003","43000","1","43000","0","43000","2","1","1","IAT3012190951","NHO2018000007","PAID","","193028"),
("IATT190004589","193056","191002","192010","17000","1","17000","0","17000","1","1","1","IAT3012190951","NHO2018000007","PAID","","193056"),
("IATT190004589","193052","191002","192010","20000","1","20000","0","20000","1","1","1","IAT3012190951","NHO2018000007","PAID","","193052"),
("IATT190004589","193048","191002","192010","8000","1","8000","0","8000","1","1","1","IAT3012190951","NHO2018000007","PAID","","193048"),
("IATT190004589","193048","191002","192010","8000","1","8000","0","8000","2","1","1","IAT3012190951","NHO2018000007","PAID","","193048"),
("IATT190004590","193007","191001","192001","37000","1","37000","0","37000","1","1","1","IAT3012190951","NHO2018000007","PAID","","PEDAS"),
("IATT190004590","193005","191001","192001","37000","1","37000","0","37000","1","1","1","IAT3012190951","NHO2018000007","PAID","","193005"),
("IATT190004590","193056","191002","192010","17000","1","17000","0","17000","1","1","1","IAT3012190951","NHO2018000007","PAID","","193056"),
("IATT190004590","193046","191002","192010","10000","1","10000","0","10000","1","1","1","IAT3012190951","NHO2018000007","PAID","","193046"),
("IATT190004590","193048","191002","192010","8000","1","8000","0","8000","1","1","1","IAT3012190951","NHO2018000007","PAID","","193048"),
("IATT190004591","193024","191001","192003","30000","1","30000","0","30000","1","1","1","IAT3012190951","NHO2018000007","PAID","","193024"),
("IATT190004591","193024","191001","192003","30000","1","30000","0","30000","2","1","1","IAT3012190951","NHO2018000007","PAID","","193024"),
("IATT190004591","193024","191001","192003","30000","1","30000","0","30000","3","1","1","IAT3012190951","NHO2018000007","PAID","","193024"),
("IATT190004591","193025","191001","192003","30000","1","30000","0","30000","1","1","1","IAT3012190951","NHO2018000007","PAID","","193025"),
("IATT190004591","193022","191001","192003","30000","1","30000","0","30000","1","1","1","IAT3012190951","NHO2018000007","PAID","","193022"),
("IATT190004591","193022","191001","192003","30000","1","30000","0","30000","2","1","1","IAT3012190951","NHO2018000007","PAID","","193022"),
("IATT190004591","193022","191001","192003","30000","1","30000","0","30000","3","1","1","IAT3012190951","NHO2018000007","PAID","","193022"),
("IATT190004591","193052","191002","192010","20000","1","20000","0","20000","1","1","1","IAT3012190951","NHO2018000007","PAID","","193052"),
("IATT190004591","193052","191002","192010","20000","1","20000","0","20000","2","1","1","IAT3012190951","NHO2018000007","PAID","","193052"),
("IATT190004591","193050","191002","192010","20000","1","20000","0","20000","1","1","1","IAT3012190951","NHO2018000007","PAID","","193050"),
("IATT190004591","193056","191002","192010","17000","1","17000","0","17000","1","1","1","IAT3012190951","NHO2018000007","PAID","","193056"),
("IATT190004591","193056","191002","192010","17000","1","17000","0","17000","2","1","1","IAT3012190951","NHO2018000007","PAID","","193056"),
("IATT190004591","193055","191002","192010","17000","1","17000","0","17000","1","1","1","IAT3012190951","NHO2018000007","PAID","","193055"),
("IATT190004591","193055","191002","192010","17000","1","17000","0","17000","2","1","1","IAT3012190951","NHO2018000007","PAID","","193055"),
("IATT190004592","193079","191001","192001","30000","1","30000","3000","27000","1","1","1","IAT3012190951","NHO2018000007","PAID","","193079"),
("IATT190004592","193055","191002","192010","17000","1","17000","0","17000","1","1","1","IAT3012190951","NHO2018000007","PAID","","193055"),
("IATT190004593","193113","191001","192003","55000","1","55000","16500","38500","1","1","1","IAT3012190951","NHO2018000007","PAID","","193113"),
("IATT190004593","193007","191001","192001","37000","1","37000","11100","25900","1","1","1","IAT3012190951","NHO2018000007","PAID","","PEDAS"),
("IATT190004593","193033","191001","192005","42000","1","42000","12600","29400","1","1","1","IAT3012190951","NHO2018000007","PAID","","193033"),
("IATT190004593","193118","191001","192012","20000","1","20000","6000","14000","1","1","1","IAT3012190951","NHO2018000007","PAID","","193118"),
("IATT190004593","193047","191002","192010","10000","1","10000","0","10000","1","1","1","IAT3012190951","NHO2018000007","PAID","","193047"),
("IATT190004593","193047","191002","192010","10000","1","10000","0","10000","2","1","1","IAT3012190951","NHO2018000007","PAID","","193047"),
("IATT190004593","193055","191002","192010","17000","1","17000","0","17000","1","1","1","IAT3012190951","NHO2018000007","PAID","","193055"),
("IATT190004594","193005","191001","192001","37000","1","37000","0","37000","1","1","1","IAT3012190951","NHO2018000007","PAID","","193005"),
("IATT190004595","193005","191001","192001","37000","1","37000","14800","22200","1","1","1","IAT3012190951","NHO2018000007","PAID","","193005"),
("IATT190004595","193009","191001","192001","40000","1","40000","16000","24000","1","1","1","IAT3012190951","NHO2018000007","PAID","","193009"),
("IATT190004595","193046","191002","192010","10000","1","10000","0","10000","1","1","1","IAT3012190951","NHO2018000007","PAID","","193046"),
("IATT190004595","193046","191002","192010","10000","1","10000","0","10000","2","1","1","IAT3012190951","NHO2018000007","PAID","","193046"),
("IATT190004595","193030","191001","192004","27000","1","27000","10800","16200","1","1","1","IAT3012190951","NHO2018000007","PAID","","193030"),
("IATT190004595","193070","191001","192012","13000","1","13000","5200","7800","1","1","2","IAT3012190951","NHO2018000007","PAID","","193070"),
("IATT190004596","193033","191001","192005","42000","1","42000","0","42000","1","1","1","IAT3012190951","NHO2018000007","PAID","","193033"),
("IATT190004596","193047","191002","192010","10000","1","10000","0","10000","1","1","1","IAT3012190951","NHO2018000007","PAID","","193047"),
("IATT190004597","193070","191001","192012","13000","1","13000","0","13000","1","1","1","IAT3012190951","NHO2018000007","PAID","","193070"),
("IATT190004598","193025","191001","192003","30000","1","30000","0","30000","1","1","1","IAT3012190951","NHO2018000007","PAID","","193025"),
("IATT190004598","193007","191001","192001","37000","1","37000","0","37000","1","1","1","IAT3012190951","NHO2018000007","PAID","","PEDAS"),
("IATT190004598","193056","191002","192010","17000","1","17000","0","17000","1","1","1","IAT3012190951","NHO2018000007","PAID","","193056"),
("IATT190004598","193055","191002","192010","17000","1","17000","0","17000","1","1","1","IAT3012190951","NHO2018000007","PAID","","193055"),
("IATT190004598","193048","191002","192010","8000","1","8000","0","8000","1","1","1","IAT3012190951","NHO2018000007","PAID","","193048"),
("IATT190004599","193083","191001","192001","30000","1","30000","0","30000","1","1","1","IAT3012190951","NHO2018000007","PAID","","193083"),
("IATT190004599","193028","191001","192003","43000","1","43000","0","43000","1","1","1","IAT3012190951","NHO2018000007","PAID","","193028"),
("IATT190004599","193047","191002","192010","10000","1","10000","0","10000","1","1","1","IAT3012190951","NHO2018000007","PAID","","193047"),
("IATT190004599","193047","191002","192010","10000","1","10000","0","10000","2","1","1","IAT3012190951","NHO2018000007","PAID","","193047"),
("IATT190004600","193005","191001","192001","37000","1","37000","0","37000","1","1","1","IAT3012190951","NHO2018000007","PAID","","193005"),
("IATT190004600","193039","191001","192006","36000","1","36000","0","36000","1","1","1","IAT3012190951","NHO2018000007","PAID","","ORIGINAL"),
("IATT190004600","193027","191001","192003","43000","1","43000","0","43000","1","1","1","IAT3012190951","NHO2018000007","PAID","","193027"),
("IATT190004600","193056","191002","192010","17000","1","17000","0","17000","1","1","1","IAT3012190951","NHO2018000007","PAID","","193056"),
("IATT190004600","193047","191002","192010","10000","1","10000","0","10000","1","1","1","IAT3012190951","NHO2018000007","PAID","","193047"),
("IATT190004601","193084","191001","192001","30000","1","30000","0","30000","1","1","1","IAT3012190951","NHO2018000007","PAID","","PEDAS"),
("IATT190004601","193084","191001","192001","30000","1","30000","0","30000","2","1","1","IAT3012190951","NHO2018000007","PAID","","PEDAS"),
("IATT190004601","193011","191001","192001","40000","1","40000","0","40000","1","1","1","IAT3012190951","NHO2018000007","PAID","","PEDAS"),
("IATT190004601","193011","191001","192001","40000","1","40000","0","40000","2","1","1","IAT3012190951","NHO2018000007","PAID","","PEDAS"),
("IATT190004601","193011","191001","192001","40000","1","40000","0","40000","3","1","1","IAT3012190951","NHO2018000007","PAID","","PEDAS"),
("IATT190004601","193113","191001","192003","55000","1","55000","0","55000","1","1","1","IAT3012190951","NHO2018000007","PAID","","193113"),
("IATT190004601","193027","191001","192003","43000","1","43000","0","43000","1","1","1","IAT3012190951","NHO2018000007","PAID","","193027"),
("IATT190004601","193047","191002","192010","10000","1","10000","0","10000","1","1","1","IAT3012190951","NHO2018000007","PAID","","193047"),
("IATT190004601","193046","191002","192010","10000","1","10000","0","10000","1","1","1","IAT3012190951","NHO2018000007","PAID","","193046"),
("IATT190004601","193046","191002","192010","10000","1","10000","0","10000","2","1","1","IAT3012190951","NHO2018000007","PAID","","193046"),
("IATT190004601","193046","191002","192010","10000","1","10000","0","10000","3","1","1","IAT3012190951","NHO2018000007","PAID","","193046"),
("IATT190004601","193054","191002","192010","20000","1","20000","0","20000","1","1","1","IAT3012190951","NHO2018000007","PAID","","193054"),
("IATT190004601","193054","191002","192010","20000","1","20000","0","20000","2","1","1","IAT3012190951","NHO2018000007","PAID","","193054"),
("IATT190004601","193054","191002","192010","20000","1","20000","0","20000","3","1","1","IAT3012190951","NHO2018000007","PAID","","193054");



INSERT INTO pos_salestemp VALUES("IATT190004583","","2","143000","4000","13900","0","152900","153000","30/12/2019","11:11","2019-12-30","12:03:02","ISU000006","tbl0012","CLOSED","1","","IATR190004455","","","","","IAT3012190951","NHO2018000007"),
("IATT190004584","","1","50000","0","5000","0","55000","55000","30/12/2019","11:55","2019-12-30","12:17:54","ISU000006","tbl0004","CLOSED","1","","IATR190004456","","","","","IAT3012190951","NHO2018000007"),
("IATT190004585","","3","166000","0","16600","0","182600","202000","30/12/2019","12:00","2019-12-30","12:38:46","ISU000006","tbl0011","CLOSED","1","","IATR190004457","","","","","IAT3012190951","NHO2018000007"),
("IATT190004586","","2","93000","0","9300","0","102300","104000","30/12/2019","12:37","2019-12-30","13:36:44","ISU000006","tbl0012","CLOSED","1","","IATR190004458","","","","","IAT3012190951","NHO2018000007"),
("IATT190004587","","3","192000","0","19200","0","211200","213000","30/12/2019","13:14","2019-12-30","13:45:48","ISU000006","tbl0011","CLOSED","1","","IATR190004459","","","","","IAT3012190951","NHO2018000007"),
("IATT190004588","","2","160000","0","16000","0","176000","200000","30/12/2019","13:57","2019-12-30","14:30:25","ISU000006","tbl0010","CLOSED","1","","IATR190004460","","","","","IAT3012190951","NHO2018000007"),
("IATT190004589","","2","139000","0","13900","0","152900","152900","30/12/2019","14:14","2019-12-30","15:44:00","ISU000006","tbl0012","CLOSED","1","","IATR190004461","","","","","IAT3012190951","NHO2018000007"),
("IATT190004590","","2","109000","0","10900","0","119900","150000","30/12/2019","15:48","2019-12-30","16:25:58","ISU000006","tbl0010","CLOSED","1","","IATR190004462","","","","","IAT3012190951","NHO2018000007"),
("IATT190004591","","7","338000","0","33800","0","371800","372000","30/12/2019","17:46","2019-12-30","18:39:58","ISU000004","tbl0021","CLOSED","1","","IATR190004464","","","","","IAT3012190951","NHO2018000007"),
("IATT190004592","","1","47000","3000","4400","0","48400","100000","30/12/2019","18:00","2019-12-30","18:32:30","ISU000004","tbl0012","CLOSED","1","","IATR190004463","","","","","IAT3012190951","NHO2018000007"),
("IATT190004593","NHM2019004191 FITRI ARYANTI","3","191000","46200","14480","0","159280","200000","30/12/2019","18:24","2019-12-30","19:06:15","ISU000004","tbl0010","CLOSED","1","","IATR190004465","","","","","IAT3012190951","NHO2018000007"),
("IATT190004594","","2","37000","0","3700","0","40700","40700","30/12/2019","18:29","2019-12-30","19:16:21","ISU000004","tbl0011","CLOSED","1","","IATR190004467","","","","","IAT3012190951","NHO2018000007"),
("IATT190004595","","3","137000","46800","9020","0","99220","99220","30/12/2019","18:37","2019-12-30","19:09:46","ISU000004","tbl0012","CLOSED","1","","IATR190004466","","","","","IAT3012190951","NHO2018000007"),
("IATT190004596","","1","52000","0","5200","0","57200","57200","30/12/2019","18:43","2019-12-30","19:43:37","ISU000004","tbl0023","CLOSED","1","","IATR190004469","","","","","IAT3012190951","NHO2018000007"),
("IATT190004597","","1","13000","0","1300","0","14300","14300","30/12/2019","18:46","2019-12-30","19:18:22","ISU000004","tbl0008","CLOSED","1","","IATR190004468","","","","","IAT3012190951","NHO2018000007"),
("IATT190004598","","2","109000","0","10900","0","119900","150000","30/12/2019","18:52","2019-12-30","19:54:38","ISU000004","tbl0018","CLOSED","1","","IATR190004470","","","","","IAT3012190951","NHO2018000007"),
("IATT190004599","","2","93000","0","9300","0","102300","103000","30/12/2019","19:53","2019-12-30","20:46:19","ISU000004","tbl0010","CLOSED","1","","IATR190004471","","","","","IAT3012190951","NHO2018000007"),
("IATT190004600","","3","143000","0","14300","0","157300","200000","30/12/2019","20:16","2019-12-30","20:55:57","ISU000004","tbl0012","CLOSED","1","","IATR190004472","","","","","IAT3012190951","NHO2018000007"),
("IATT190004601","","5","378000","0","37800","0","415800","420000","30/12/2019","20:58","2019-12-30","21:40:13","ISU000004","tbl0014","CLOSED","1","","IATR190004473","","","","","IAT3012190951","NHO2018000007");



INSERT INTO item_void VALUES("IATT190004589","IAT3012190951","NHO2018000007","193048","193048","1","8000","Before Send","Komplen Customer"),
("IATT190004589","IAT3012190951","NHO2018000007","193048","193048","1","8000","Before Send","Komplen Customer"),
("IATT190004594","IAT3012190951","NHO2018000007","193070","193070","1","13000","Before Send","Komplen Customer");



INSERT INTO pos_promotion_h VALUES("IATT190004583","NPRM18000023","DISC ITEM","1","4000","KANAN KIRI DISKON 10%","IAT3012190951","PAID","NHO2018000007"),
("IATT190004592","NPRM18000023","DISC ITEM","1","3000","KANAN KIRI DISKON 10%","IAT3012190951","PAID","NHO2018000007"),
("IATT190004593","NPRM18000025","DISC ITEM","1","46200","KANAN KIRI DISKON 30%","IAT3012190951","PAID","NHO2018000007"),
("IATT190004595","NPRM18000026","DISC ITEM","1","46800","KANAN KIRI DISKON 40%","IAT3012190951","PAID","NHO2018000007");



INSERT INTO pos_promotion_d VALUES("IATT190004583","NPRM18000023","DISC ITEM","1","1","193011","1","4000","IAT3012190951","PAID","NHO2018000007"),
("IATT190004592","NPRM18000023","DISC ITEM","1","1","193079","1","3000","IAT3012190951","PAID","NHO2018000007"),
("IATT190004593","NPRM18000025","DISC ITEM","1","1","193113","1","16500","IAT3012190951","PAID","NHO2018000007"),
("IATT190004593","NPRM18000025","DISC ITEM","1","1","193007","1","11100","IAT3012190951","PAID","NHO2018000007"),
("IATT190004593","NPRM18000025","DISC ITEM","1","1","193033","1","12600","IAT3012190951","PAID","NHO2018000007"),
("IATT190004593","NPRM18000025","DISC ITEM","1","1","193118","1","6000","IAT3012190951","PAID","NHO2018000007"),
("IATT190004595","NPRM18000026","DISC ITEM","1","1","193005","1","14800","IAT3012190951","PAID","NHO2018000007"),
("IATT190004595","NPRM18000026","DISC ITEM","1","1","193009","1","16000","IAT3012190951","PAID","NHO2018000007"),
("IATT190004595","NPRM18000026","DISC ITEM","1","1","193030","1","10800","IAT3012190951","PAID","NHO2018000007"),
("IATT190004595","NPRM18000026","DISC ITEM","1","1","193070","1","5200","IAT3012190951","PAID","NHO2018000007");



INSERT INTO pos_paymenttemp VALUES("IATT190004583","CASH","CASH","152900","153000","ISU000006","2019-12-30","","1","","CLOSED","IAT3012190951","NHO2018000007"),
("IATT190004584","CASH","OVO","55000","55000","ISU000006","2019-12-30","","1","","CLOSED","IAT3012190951","NHO2018000007"),
("IATT190004585","CASH","CASH","182600","202000","ISU000006","2019-12-30","","1","","CLOSED","IAT3012190951","NHO2018000007"),
("IATT190004586","CASH","CASH","102300","104000","ISU000006","2019-12-30","","1","","CLOSED","IAT3012190951","NHO2018000007"),
("IATT190004587","CASH","CASH","211200","213000","ISU000006","2019-12-30","","1","","CLOSED","IAT3012190951","NHO2018000007"),
("IATT190004588","CASH","CASH","176000","200000","ISU000006","2019-12-30","","1","","CLOSED","IAT3012190951","NHO2018000007"),
("IATT190004589","CARD","DEBIT BCA","152900","152900","ISU000006","2019-12-30","","1","","CLOSED","IAT3012190951","NHO2018000007"),
("IATT190004590","VOUCHER","E-Voucher 50K Bloggers X ","50000","50000","ISU000006","2019-12-30","","1","NHV20191220000029","CLOSED","IAT3012190951","NHO2018000007"),
("IATT190004590","VOUCHER","E-Voucher 50K Bloggers X ","50000","50000","ISU000006","2019-12-30","","1","NHV20191220000036","CLOSED","IAT3012190951","NHO2018000007"),
("IATT190004590","CASH","CASH","19900","50000","ISU000006","2019-12-30","","1","","CLOSED","IAT3012190951","NHO2018000007"),
("IATT190004592","CASH","CASH","48400","100000","ISU000004","2019-12-30","","1","","CLOSED","IAT3012190951","NHO2018000007"),
("IATT190004591","CASH","CASH","371800","372000","ISU000004","2019-12-30","","1","","CLOSED","IAT3012190951","NHO2018000007"),
("IATT190004593","CASH","CASH","159280","200000","ISU000004","2019-12-30","","1","","CLOSED","IAT3012190951","NHO2018000007"),
("IATT190004595","CARD","VISA","99220","99220","ISU000004","2019-12-30","","1","","CLOSED","IAT3012190951","NHO2018000007"),
("IATT190004594","CASH","CASH","40700","40700","ISU000004","2019-12-30","","1","","CLOSED","IAT3012190951","NHO2018000007"),
("IATT190004597","CASH","OVO","14300","14300","ISU000004","2019-12-30","","1","","CLOSED","IAT3012190951","NHO2018000007"),
("IATT190004596","CARD","MASTER","57200","57200","ISU000004","2019-12-30","","1","","CLOSED","IAT3012190951","NHO2018000007"),
("IATT190004598","CASH","CASH","119900","150000","ISU000004","2019-12-30","","1","","CLOSED","IAT3012190951","NHO2018000007"),
("IATT190004599","CASH","CASH","102300","103000","ISU000004","2019-12-30","","1","","CLOSED","IAT3012190951","NHO2018000007"),
("IATT190004600","CASH","CASH","157300","200000","ISU000004","2019-12-30","","1","","CLOSED","IAT3012190951","NHO2018000007"),
("IATT190004601","CASH","CASH","415800","420000","ISU000004","2019-12-30","","1","","CLOSED","IAT3012190951","NHO2018000007");



