INSERT INTO pos_itemtemp VALUES("IATT190004602","193077","191001","192001","30000","1","30000","0","30000","1","1","1","IAT3112190954","NHO2018000007","PAID","","193077"),
("IATT190004602","193052","191002","192010","20000","1","20000","0","20000","1","1","1","IAT3112190954","NHO2018000007","PAID","","193052"),
("IATT190004603","193082","191001","192001","30000","1","30000","0","30000","1","1","1","IAT3112190954","NHO2018000007","PAID","","193082"),
("IATT190004603","193027","191001","192003","43000","1","43000","0","43000","1","1","1","IAT3112190954","NHO2018000007","PAID","","193027"),
("IATT190004603","193024","191001","192003","30000","1","30000","0","30000","1","1","1","IAT3112190954","NHO2018000007","PAID","","193024"),
("IATT190004603","193050","191002","192010","20000","1","20000","0","20000","1","1","1","IAT3112190954","NHO2018000007","PAID","","193050"),
("IATT190004603","193056","191002","192010","17000","1","17000","0","17000","1","1","1","IAT3112190954","NHO2018000007","PAID","","193056"),
("IATT190004603","193052","191002","192010","20000","1","20000","0","20000","1","1","1","IAT3112190954","NHO2018000007","PAID","","193052"),
("IATT190004604","193083","191001","192001","30000","1","30000","12000","18000","1","1","1","IAT3112190954","NHO2018000007","PAID","","193083"),
("IATT190004604","193084","191001","192001","30000","1","30000","12000","18000","1","1","1","IAT3112190954","NHO2018000007","PAID","","PEDAS"),
("IATT190004604","193020","191001","192002","40000","1","40000","16000","24000","1","1","1","IAT3112190954","NHO2018000007","PAID","","193020"),
("IATT190004604","193085","191001","192001","30000","1","30000","12000","18000","1","1","1","IAT3112190954","NHO2018000007","PAID","","193085"),
("IATT190004604","193022","191001","192003","30000","1","30000","0","30000","1","1","1","IAT3112190954","NHO2018000007","PAID","","193022"),
("IATT190004604","193051","191002","192010","20000","1","20000","0","20000","1","1","1","IAT3112190954","NHO2018000007","PAID","","193051"),
("IATT190004604","193048","191002","192010","8000","1","8000","0","8000","1","1","1","IAT3112190954","NHO2018000007","PAID","","193048"),
("IATT190004604","193048","191002","192010","8000","1","8000","0","8000","2","1","1","IAT3112190954","NHO2018000007","PAID","","193048"),
("IATT190004604","193048","191002","192010","8000","1","8000","0","8000","3","1","1","IAT3112190954","NHO2018000007","PAID","","193048"),
("IATT190004604","193048","191002","192010","8000","1","8000","0","8000","4","1","1","IAT3112190954","NHO2018000007","PAID","","193048"),
("IATT190004605","193036","191001","192006","36000","1","36000","0","36000","1","1","1","IAT3112190954","NHO2018000007","PAID","","PEDAS"),
("IATT190004605","193052","191002","192010","20000","1","20000","0","20000","1","1","1","IAT3112190954","NHO2018000007","PAID","","193052"),
("IATT190004605","193072","191001","192012","25000","1","25000","0","25000","1","1","1","IAT3112190954","NHO2018000007","PAID","take away","193072"),
("IATT190004605","193071","191001","192012","18000","1","18000","0","18000","1","1","1","IAT3112190954","NHO2018000007","PAID","takeaway","193071"),
("IATT190004606","193009","191001","192001","40000","1","40000","0","40000","1","1","1","IAT3112190954","NHO2018000007","PAID","","193009"),
("IATT190004606","193028","191001","192003","43000","1","43000","0","43000","1","1","1","IAT3112190954","NHO2018000007","PAID","","193028"),
("IATT190004606","193047","191002","192010","10000","1","10000","0","10000","1","1","1","IAT3112190954","NHO2018000007","PAID","","193047"),
("IATT190004606","193055","191002","192010","17000","1","17000","0","17000","1","1","1","IAT3112190954","NHO2018000007","PAID","","193055"),
("IATT190004607","193007","191001","192001","37000","1","37000","0","37000","1","1","1","IAT3112190954","NHO2018000007","PAID","","PEDAS"),
("IATT190004607","193030","191001","192004","27000","1","27000","0","27000","1","1","1","IAT3112190954","NHO2018000007","PAID","","193030"),
("IATT190004607","193056","191002","192010","17000","1","17000","0","17000","1","1","1","IAT3112190954","NHO2018000007","PAID","","193056"),
("IATT190004607","193055","191002","192010","17000","1","17000","0","17000","1","1","1","IAT3112190954","NHO2018000007","PAID","","193055"),
("IATT190004608","193084","191001","192001","30000","1","30000","0","30000","1","1","1","IAT3112190954","NHO2018000007","PAID","","PEDAS"),
("IATT190004608","193027","191001","192003","43000","1","43000","0","43000","1","1","1","IAT3112190954","NHO2018000007","PAID","","193027"),
("IATT190004608","193048","191002","192010","8000","1","8000","0","8000","1","1","1","IAT3112190954","NHO2018000007","PAID","","193048"),
("IATT190004608","193047","191002","192010","10000","1","10000","0","10000","1","1","1","IAT3112190954","NHO2018000007","PAID","","193047"),
("IATT190004609","193021","191001","192002","40000","1","40000","8000","32000","1","1","1","IAT3112190954","NHO2018000007","PAID","","ORIGINAL"),
("IATT190004609","193033","191001","192005","42000","1","42000","8400","33600","1","1","1","IAT3112190954","NHO2018000007","PAID","","193033"),
("IATT190004609","193047","191002","192010","10000","1","10000","0","10000","1","1","1","IAT3112190954","NHO2018000007","PAID","","193047"),
("IATT190004610","193052","191002","192010","20000","1","20000","0","20000","1","1","1","IAT3112190954","NHO2018000007","PAID","","193052"),
("IATT190004610","193055","191002","192010","17000","1","17000","0","17000","1","1","1","IAT3112190954","NHO2018000007","PAID","","193055"),
("IATT190004610","193033","191001","192005","42000","1","42000","0","42000","1","1","1","IAT3112190954","NHO2018000007","PAID","","193033"),
("IATT190004610","193035","191001","192006","32000","1","32000","0","32000","1","1","1","IAT3112190954","NHO2018000007","PAID","","PEDAS"),
("IATT190004611","193076","191001","192001","30000","1","30000","0","30000","1","1","1","IAT3112190954","NHO2018000007","PAID","","193076"),
("IATT190004611","193036","191001","192006","36000","1","36000","0","36000","1","1","1","IAT3112190954","NHO2018000007","PAID","tidak pedas","ORIGINAL"),
("IATT190004611","193048","191002","192010","8000","1","8000","0","8000","1","1","1","IAT3112190954","NHO2018000007","PAID","","193048"),
("IATT190004606","193048","191002","192010","8000","1","8000","0","8000","1","1","2","IAT3112190954","NHO2018000007","PAID","","193048"),
("IATT190004612","193011","191001","192001","40000","1","40000","0","40000","1","1","1","IAT3112190954","NHO2018000007","PAID","no daun bawang","ORIGINAL"),
("IATT190004613","193076","191001","192001","30000","1","30000","0","30000","1","1","1","IAT3112190954","NHO2018000007","PAID","","193076"),
("IATT190004613","193084","191001","192001","30000","1","30000","0","30000","1","1","1","IAT3112190954","NHO2018000007","PAID","","PEDAS"),
("IATT190004613","193051","191002","192010","20000","1","20000","0","20000","1","1","2","IAT3112190954","NHO2018000007","PAID","","193051"),
("IATT190004613","193048","191002","192010","8000","1","8000","0","8000","1","1","2","IAT3112190954","NHO2018000007","PAID","es","193048"),
("IATT190004613","193048","191002","192010","8000","1","8000","0","8000","2","1","2","IAT3112190954","NHO2018000007","PAID","","193048"),
("IATT190004613","193056","191002","192010","17000","1","17000","0","17000","1","1","2","IAT3112190954","NHO2018000007","PAID","","193056"),
("IATT190004614","193011","191001","192001","40000","1","40000","0","40000","1","1","1","IAT3112190954","NHO2018000007","PAID","","PEDAS"),
("IATT190004614","193034","191001","192005","37000","1","37000","0","37000","1","1","1","IAT3112190954","NHO2018000007","PAID","","193034"),
("IATT190004614","193056","191002","192010","17000","1","17000","0","17000","1","1","1","IAT3112190954","NHO2018000007","PAID","","193056"),
("IATT190004614","193051","191002","192010","20000","1","20000","0","20000","1","1","1","IAT3112190954","NHO2018000007","PAID","","193051"),
("IATT190004613","193022","191001","192003","30000","1","30000","0","30000","1","1","3","IAT3112190954","NHO2018000007","PAID","jangan d buat sudah keluar","193022"),
("IATT190004613","193025","191001","192003","30000","1","30000","0","30000","1","1","3","IAT3112190954","NHO2018000007","PAID","jangan d buat sudah keluar","193025"),
("IATT190004615","193011","191001","192001","40000","1","40000","0","40000","1","1","1","IAT3112190954","NHO2018000007","PAID","","PEDAS"),
("IATT190004615","193086","191001","192002","33000","1","33000","0","33000","1","1","1","IAT3112190954","NHO2018000007","PAID","","PEDAS"),
("IATT190004615","193049","191002","192010","10000","1","10000","0","10000","1","1","2","IAT3112190954","NHO2018000007","PAID","","193049"),
("IATT190004615","193048","191002","192010","8000","1","8000","0","8000","1","1","2","IAT3112190954","NHO2018000007","PAID","","193048"),
("IATT190004616","193033","191001","192005","42000","1","42000","0","42000","1","1","1","IAT3112190954","NHO2018000007","PAID","","193033"),
("IATT190004616","193011","191001","192001","40000","1","40000","0","40000","1","1","1","IAT3112190954","NHO2018000007","PAID","","PEDAS"),
("IATT190004616","193070","191001","192012","13000","1","13000","0","13000","1","1","1","IAT3112190954","NHO2018000007","PAID","","193070"),
("IATT190004616","193118","191001","192012","20000","1","20000","0","20000","1","1","1","IAT3112190954","NHO2018000007","PAID","","193118"),
("IATT190004616","193055","191002","192010","17000","1","17000","0","17000","1","1","1","IAT3112190954","NHO2018000007","PAID","","193055"),
("IATT190004616","193054","191002","192010","20000","1","20000","0","20000","1","1","1","IAT3112190954","NHO2018000007","PAID","","193054"),
("IATT190004617","193084","191001","192001","30000","1","30000","0","30000","1","1","1","IAT3112190954","NHO2018000007","PAID","","PEDAS"),
("IATT190004617","193048","191002","192010","8000","1","8000","0","8000","1","1","1","IAT3112190954","NHO2018000007","PAID","","193048"),
("IATT190004618","193096","191001","192008","50000","1","50000","0","50000","1","1","1","IAT3112190954","NHO2018000007","PAID","","193096"),
("IATT190004618","193022","191001","192003","30000","1","30000","0","30000","1","1","1","IAT3112190954","NHO2018000007","PAID","","193022"),
("IATT190004618","193032","191001","192004","30000","1","30000","0","30000","1","1","1","IAT3112190954","NHO2018000007","PAID","","193032"),
("IATT190004618","193118","191001","192012","20000","1","20000","0","20000","1","1","1","IAT3112190954","NHO2018000007","PAID","","193118"),
("IATT190004618","193052","191002","192010","20000","1","20000","0","20000","1","1","2","IAT3112190954","NHO2018000007","PAID","","193052"),
("IATT190004618","193054","191002","192010","20000","1","20000","0","20000","1","1","2","IAT3112190954","NHO2018000007","PAID","","193054"),
("IATT190004619","193036","191001","192006","36000","1","36000","0","36000","1","1","1","IAT3112190954","NHO2018000007","PAID","","PEDAS"),
("IATT190004619","193049","191002","192010","10000","1","10000","0","10000","1","1","1","IAT3112190954","NHO2018000007","PAID","","193049"),
("IATT190004620","193085","191001","192001","30000","1","30000","0","30000","1","1","1","IAT3112190954","NHO2018000007","PAID","","193085"),
("IATT190004620","193052","191002","192010","20000","1","20000","0","20000","1","1","1","IAT3112190954","NHO2018000007","PAID","","193052"),
("IATT190004621","193055","191002","192010","17000","1","17000","0","17000","1","1","1","IAT3112190954","NHO2018000007","PAID","","193055"),
("IATT190004621","193084","191001","192001","30000","1","30000","0","30000","1","1","1","IAT3112190954","NHO2018000007","PAID","yang 1 pedes yang 1 pedesnya sedeng","PEDAS"),
("IATT190004621","193084","191001","192001","30000","1","30000","0","30000","2","1","1","IAT3112190954","NHO2018000007","PAID","","PEDAS"),
("IATT190004622","193083","191001","192001","30000","1","30000","0","30000","1","1","1","IAT3112190954","NHO2018000007","PAID","","193083"),
("IATT190004622","193011","191001","192001","40000","1","40000","0","40000","1","1","1","IAT3112190954","NHO2018000007","PAID","","PEDAS"),
("IATT190004622","193050","191002","192010","20000","1","20000","0","20000","1","1","1","IAT3112190954","NHO2018000007","PAID","","193050"),
("IATT190004622","193052","191002","192010","20000","1","20000","0","20000","1","1","1","IAT3112190954","NHO2018000007","PAID","","193052"),
("IATT190004623","193011","191001","192001","40000","1","40000","8000","32000","1","1","1","IAT3112190954","NHO2018000007","PAID","","PEDAS"),
("IATT190004623","193008","191001","192001","37000","1","37000","7400","29600","1","1","1","IAT3112190954","NHO2018000007","PAID","","193008"),
("IATT190004623","193047","191002","192010","10000","1","10000","0","10000","1","1","1","IAT3112190954","NHO2018000007","PAID","","193047"),
("IATT190004623","193047","191002","192010","10000","1","10000","0","10000","2","1","1","IAT3112190954","NHO2018000007","PAID","","193047"),
("IATT190004625","193085","191001","192001","30000","1","30000","0","30000","1","1","1","IAT3112190954","NHO2018000007","PAID","TAKE AWAY","193085"),
("IATT190004625","193055","191002","192010","17000","1","17000","0","17000","1","1","1","IAT3112190954","NHO2018000007","PAID","","193055"),
("IATT190004626","193023","191001","192003","30000","1","30000","0","30000","1","1","1","IAT3112190954","NHO2018000007","PAID","","193023"),
("IATT190004626","193040","191001","192008","20000","1","20000","0","20000","1","1","1","IAT3112190954","NHO2018000007","PAID","","193040"),
("IATT190004626","193033","191001","192005","42000","1","42000","0","42000","1","1","1","IAT3112190954","NHO2018000007","PAID","","193033"),
("IATT190004626","193052","191002","192010","20000","1","20000","0","20000","1","1","1","IAT3112190954","NHO2018000007","PAID","","193052"),
("IATT190004626","193050","191002","192010","20000","1","20000","0","20000","1","1","1","IAT3112190954","NHO2018000007","PAID","","193050"),
("IATT190004627","193112","191001","192003","50000","1","50000","0","50000","1","1","1","IAT3112190954","NHO2018000007","PAID","","193112"),
("IATT190004628","193011","191001","192001","40000","1","40000","0","40000","1","1","1","IAT3112190954","NHO2018000007","PAID","","PEDAS"),
("IATT190004628","193022","191001","192003","30000","1","30000","0","30000","1","1","1","IAT3112190954","NHO2018000007","PAID","","193022"),
("IATT190004628","193067","191001","192003","7000","1","7000","0","7000","1","1","1","IAT3112190954","NHO2018000007","PAID","","193067"),
("IATT190004628","193052","191002","192010","20000","1","20000","0","20000","1","1","1","IAT3112190954","NHO2018000007","PAID","","193052"),
("IATT190004628","193052","191002","192010","20000","1","20000","0","20000","2","1","1","IAT3112190954","NHO2018000007","PAID","","193052"),
("IATT190004628","193052","191002","192010","20000","1","20000","0","20000","3","1","1","IAT3112190954","NHO2018000007","PAID","","193052"),
("IATT190004628","193054","191002","192010","20000","1","20000","0","20000","1","1","1","IAT3112190954","NHO2018000007","PAID","","193054"),
("IATT190004628","193046","191002","192010","10000","1","10000","0","10000","1","1","1","IAT3112190954","NHO2018000007","PAID","","193046"),
("IATT190004628","193048","191002","192010","8000","1","8000","0","8000","1","1","2","IAT3112190954","NHO2018000007","PAID","","193048");



INSERT INTO pos_salestemp VALUES("IATT190004602","","1","50000","0","5000","0","55000","100000","31/12/2019","12:35","2019-12-31","13:53:15","ISU000015","tbl0023","CLOSED","1","","IATR190004478","","","","","IAT3112190954","NHO2018000007"),
("IATT190004603","","3","160000","0","16000","0","176000","200000","31/12/2019","12:44","2019-12-31","14:00:45","ISU000015","tbl0010","CLOSED","1","","IATR190004481","","","","","IAT3112190954","NHO2018000007"),
("IATT190004604","","4","212000","52000","16000","0","176000","200000","31/12/2019","12:47","2019-12-31","13:26:55","ISU000015","tbl0012","CLOSED","1","","IATR190004475","","","","","IAT3112190954","NHO2018000007"),
("IATT190004605","","1","99000","0","9900","0","108900","110000","31/12/2019","12:57","2019-12-31","13:03:43","ISU000015","tbl0011","CLOSED","1","","IATR190004474","","","","","IAT3112190954","NHO2018000007"),
("IATT190004606","","2","118000","0","11800","0","129800","130000","31/12/2019","13:12","2019-12-31","13:57:11","ISU000015","tbl0019","CLOSED","1","","IATR190004479","","","","","IAT3112190954","NHO2018000007"),
("IATT190004607","","2","98000","0","9800","0","107800","110000","31/12/2019","13:15","2019-12-31","13:43:39","ISU000015","tbl0014","CLOSED","1","","IATR190004476","","","","","IAT3112190954","NHO2018000007"),
("IATT190004608","","2","91000","0","9100","0","100100","100100","31/12/2019","13:17","2019-12-31","13:45:36","ISU000015","tbl0012","CLOSED","1","","IATR190004477","","","","","IAT3112190954","NHO2018000007"),
("IATT190004609","","2","92000","16400","7560","0","83160","83160","31/12/2019","13:21","2019-12-31","14:00:06","ISU000015","tbl0021","CLOSED","1","","IATR190004480","","","","","IAT3112190954","NHO2018000007"),
("IATT190004610","","2","111000","0","11100","0","122100","122100","31/12/2019","13:27","2019-12-31","14:08:16","ISU000015","tbl0018","CLOSED","1","","IATR190004482","","","","","IAT3112190954","NHO2018000007"),
("IATT190004611","","2","74000","0","7400","0","81400","100400","31/12/2019","13:30","2019-12-31","14:12:13","ISU000015","tbl0016","CLOSED","1","","IATR190004483","","","","","IAT3112190954","NHO2018000007"),
("IATT190004612","","1","40000","0","4000","0","44000","44000","31/12/2019","13:42","2019-12-31","14:15:24","ISU000015","tbl0004","CLOSED","1","","IATR190004484","","","","","IAT3112190954","NHO2018000007"),
("IATT190004613","","4","173000","0","17300","0","190300","200000","31/12/2019","13:52","2019-12-31","14:47:42","ISU000015","tbl0011","CLOSED","1","","IATR190004487","","","","","IAT3112190954","NHO2018000007"),
("IATT190004614","","2","114000","0","11400","0","125400","150400","31/12/2019","14:04","2019-12-31","14:40:28","ISU000015","tbl0012","CLOSED","1","","IATR190004485","","","","","IAT3112190954","NHO2018000007"),
("IATT190004615","","2","91000","0","9100","0","100100","100100","31/12/2019","14:21","2019-12-31","14:46:16","ISU000015","tbl0022","CLOSED","1","","IATR190004486","","","","","IAT3112190954","NHO2018000007"),
("IATT190004616","","2","152000","0","15200","0","167200","167200","31/12/2019","14:25","2019-12-31","14:59:54","ISU000004","tbl0010","CLOSED","1","","IATR190004489","","","","","IAT3112190954","NHO2018000007"),
("IATT190004617","","1","38000","0","3800","0","41800","50000","31/12/2019","14:35","2019-12-31","14:56:48","ISU000004","tbl0004","CLOSED","1","","IATR190004488","","","","","IAT3112190954","NHO2018000007"),
("IATT190004618","","2","170000","0","17000","0","187000","200000","31/12/2019","15:04","2019-12-31","15:36:25","ISU000004","tbl0012","CLOSED","1","","IATR190004490","","","","","IAT3112190954","NHO2018000007"),
("IATT190004619","","1","46000","0","4600","0","50600","50600","31/12/2019","15:44","2019-12-31","16:24:39","ISU000004","tbl0011","CLOSED","1","","IATR190004491","","","","","IAT3112190954","NHO2018000007"),
("IATT190004620","","1","50000","0","5000","0","55000","55000","31/12/2019","18:31","2019-12-31","19:19:22","ISU000004","tbl0012","CLOSED","1","","IATR190004492","","","","","IAT3112190954","NHO2018000007"),
("IATT190004621","","2","77000","0","7700","0","84700","100000","31/12/2019","19:03","2019-12-31","19:35:20","ISU000004","tbl0011","CLOSED","1","","IATR190004493","","","","","IAT3112190954","NHO2018000007"),
("IATT190004622","","2","110000","0","11000","0","121000","121000","31/12/2019","19:06","2019-12-31","19:47:15","ISU000004","tbl0010","CLOSED","1","","IATR190004494","","","","","IAT3112190954","NHO2018000007"),
("IATT190004623","","2","97000","15400","8160","0","89760","100000","31/12/2019","19:29","2019-12-31","20:28:12","ISU000004","tbl0012","CLOSED","1","","IATR190004498","","","","","IAT3112190954","NHO2018000007"),
("IATT190004624","","1","0","0","0","0","0","0","31/12/2019","19:44","31/12/2019","22:05:42","ISU000004","takeaway","CANCELED","1","PERMINTAAN CUSTOMER","","","","","","IAT3112190954","NHO2018000007"),
("IATT190004625","","1","47000","0","4700","0","51700","100000","31/12/2019","19:44","2019-12-31","20:00:49","ISU000004","tbl0006","CLOSED","1","","IATR190004495","","","","","IAT3112190954","NHO2018000007"),
("IATT190004626","","2","132000","0","13200","0","145200","150000","31/12/2019","19:48","2019-12-31","20:24:11","ISU000004","tbl0001","CLOSED","1","","IATR190004497","","","","","IAT3112190954","NHO2018000007"),
("IATT190004627","","1","50000","0","5000","0","55000","55000","31/12/2019","19:50","2019-12-31","20:24:02","ISU000004","tbl0002","CLOSED","1","","IATR190004496","","","","","IAT3112190954","NHO2018000007"),
("IATT190004628","","3","175000","0","17500","0","192500","200000","31/12/2019","20:41","2019-12-31","21:26:09","ISU000004","tbl0003","CLOSED","1","","IATR190004499","","","","","IAT3112190954","NHO2018000007");



INSERT INTO item_void VALUES("IATT190004613","IAT3112190954","NHO2018000007","193040","193040","1","20000","Before Send","Komplen Customer"),
("IATT190004613","IAT3112190954","NHO2018000007","193041","193041","1","20000","Before Send","Komplen Customer");



INSERT INTO pos_promotion_h VALUES("IATT190004609","NPRM18000024","DISC ITEM","1","16400","KANAN KIRI DISKON 20%","IAT3112190954","PAID","NHO2018000007"),
("IATT190004604","NPRM18000026","DISC ITEM","1","52000","KANAN KIRI DISKON 40%","IAT3112190954","PAID","NHO2018000007"),
("IATT190004623","NPRM18000024","DISC ITEM","1","15400","KANAN KIRI DISKON 20%","IAT3112190954","PAID","NHO2018000007");



INSERT INTO pos_promotion_d VALUES("IATT190004609","NPRM18000024","DISC ITEM","1","1","193021","1","8000","IAT3112190954","PAID","NHO2018000007"),
("IATT190004609","NPRM18000024","DISC ITEM","1","1","193033","1","8400","IAT3112190954","PAID","NHO2018000007"),
("IATT190004604","NPRM18000026","DISC ITEM","1","1","193083","1","12000","IAT3112190954","PAID","NHO2018000007"),
("IATT190004604","NPRM18000026","DISC ITEM","1","1","193084","1","12000","IAT3112190954","PAID","NHO2018000007"),
("IATT190004604","NPRM18000026","DISC ITEM","1","1","193020","1","16000","IAT3112190954","PAID","NHO2018000007"),
("IATT190004604","NPRM18000026","DISC ITEM","1","1","193085","1","12000","IAT3112190954","PAID","NHO2018000007"),
("IATT190004623","NPRM18000024","DISC ITEM","1","1","193011","1","8000","IAT3112190954","PAID","NHO2018000007"),
("IATT190004623","NPRM18000024","DISC ITEM","1","1","193008","1","7400","IAT3112190954","PAID","NHO2018000007");



INSERT INTO pos_paymenttemp VALUES("IATT190004605","VOUCHER","E-Voucher 50K Bloggers X ","50000","50000","ISU000015","2019-12-31","","1","NHV20191220000065","CLOSED","IAT3112190954","NHO2018000007"),
("IATT190004605","VOUCHER","E-Voucher 50K Bloggers X ","50000","50000","ISU000015","2019-12-31","","1","NHV20191220000072","CLOSED","IAT3112190954","NHO2018000007"),
("IATT190004605","CASH","CASH","8900","10000","ISU000015","2019-12-31","","1","","CLOSED","IAT3112190954","NHO2018000007"),
("IATT190004604","CASH","CASH","176000","200000","ISU000015","2019-12-31","","1","","CLOSED","IAT3112190954","NHO2018000007"),
("IATT190004607","CASH","CASH","107800","110000","ISU000015","2019-12-31","","1","","CLOSED","IAT3112190954","NHO2018000007"),
("IATT190004608","CARD","DEBIT BCA","100100","100100","ISU000015","2019-12-31","","1","","CLOSED","IAT3112190954","NHO2018000007"),
("IATT190004602","CASH","CASH","55000","100000","ISU000015","2019-12-31","","1","","CLOSED","IAT3112190954","NHO2018000007"),
("IATT190004606","CASH","CASH","129800","130000","ISU000015","2019-12-31","","1","","CLOSED","IAT3112190954","NHO2018000007"),
("IATT190004609","CARD","DEBIT BCA","83160","83160","ISU000015","2019-12-31","","1","","CLOSED","IAT3112190954","NHO2018000007"),
("IATT190004603","CASH","CASH","176000","200000","ISU000015","2019-12-31","","1","","CLOSED","IAT3112190954","NHO2018000007"),
("IATT190004610","CARD","DEBIT BCA","122100","122100","ISU000015","2019-12-31","","1","","CLOSED","IAT3112190954","NHO2018000007"),
("IATT190004611","CASH","CASH","81400","100400","ISU000015","2019-12-31","","1","","CLOSED","IAT3112190954","NHO2018000007"),
("IATT190004612","CASH","OVO","44000","44000","ISU000015","2019-12-31","","1","","CLOSED","IAT3112190954","NHO2018000007"),
("IATT190004614","VOUCHER","TRAVELOKA EATS 100K","100000","100000","ISU000015","2019-12-31","","1","","CLOSED","IAT3112190954","NHO2018000007"),
("IATT190004614","CASH","CASH","25400","50400","ISU000015","2019-12-31","","1","","CLOSED","IAT3112190954","NHO2018000007"),
("IATT190004615","CASH","CASH","100100","100100","ISU000015","2019-12-31","","1","","CLOSED","IAT3112190954","NHO2018000007"),
("IATT190004613","CASH","CASH","190300","200000","ISU000015","2019-12-31","","1","","CLOSED","IAT3112190954","NHO2018000007"),
("IATT190004617","CASH","CASH","41800","50000","ISU000004","2019-12-31","","1","","CLOSED","IAT3112190954","NHO2018000007"),
("IATT190004616","CARD","DEBIT BCA","167200","167200","ISU000004","2019-12-31","","1","","CLOSED","IAT3112190954","NHO2018000007"),
("IATT190004618","CASH","CASH","187000","200000","ISU000004","2019-12-31","","1","","CLOSED","IAT3112190954","NHO2018000007"),
("IATT190004619","CARD","DEBIT BCA","50600","50600","ISU000004","2019-12-31","","1","","CLOSED","IAT3112190954","NHO2018000007"),
("IATT190004620","CASH","CASH","55000","55000","ISU000004","2019-12-31","","1","","CLOSED","IAT3112190954","NHO2018000007"),
("IATT190004621","CASH","CASH","84700","100000","ISU000004","2019-12-31","","1","","CLOSED","IAT3112190954","NHO2018000007"),
("IATT190004622","CASH","OVO","121000","121000","ISU000004","2019-12-31","","1","","CLOSED","IAT3112190954","NHO2018000007"),
("IATT190004625","CASH","CASH","51700","100000","ISU000004","2019-12-31","","1","","CLOSED","IAT3112190954","NHO2018000007"),
("IATT190004626","VOUCHER","E-Voucher 50K Bloggers X ","50000","50000","ISU000004","2019-12-31","","1","NHV20191220000004","CLOSED","IAT3112190954","NHO2018000007"),
("IATT190004626","VOUCHER","E-Voucher 50K Bloggers X ","50000","50000","ISU000004","2019-12-31","","1","NHV20191220000011","CLOSED","IAT3112190954","NHO2018000007"),
("IATT190004626","VOUCHER","E-Voucher 50K Bloggers X ","50000","50000","ISU000004","2019-12-31","","1","NHV20191220000018","CLOSED","IAT3112190954","NHO2018000007"),
("IATT190004627","VOUCHER","E-Voucher 50K Bloggers X ","50000","50000","ISU000004","2019-12-31","","1","NHV20191220000025","CLOSED","IAT3112190954","NHO2018000007"),
("IATT190004627","CASH","CASH","5000","5000","ISU000004","2019-12-31","","1","","CLOSED","IAT3112190954","NHO2018000007"),
("IATT190004623","CASH","CASH","89760","100000","ISU000004","2019-12-31","","1","","CLOSED","IAT3112190954","NHO2018000007"),
("IATT190004628","CASH","CASH","192500","200000","ISU000004","2019-12-31","","1","","CLOSED","IAT3112190954","NHO2018000007");



