INSERT INTO pos_itemtemp VALUES("IATT190000988","193088","191001","192013","5000","1","5000","0","5000","1","1","1","IAT3006190955","NHO2018000007","PAID","","193088"),
("IATT190000988","193088","191001","192013","5000","1","5000","0","5000","2","1","1","IAT3006190955","NHO2018000007","PAID","","193088"),
("IATT190000988","193088","191001","192013","5000","1","5000","0","5000","3","1","1","IAT3006190955","NHO2018000007","PAID","","193088"),
("IATT190000989","193092","191001","192013","5000","1","5000","0","5000","1","1","1","IAT3006190955","NHO2018000007","PAID","","193092"),
("IATT190000989","193092","191001","192013","5000","1","5000","0","5000","2","1","1","IAT3006190955","NHO2018000007","PAID","","193092"),
("IATT190000990","193047","191002","192010","8000","1","8000","0","8000","1","1","1","IAT3006190955","NHO2018000007","PAID","","193047"),
("IATT190000990","193056","191002","192010","17000","1","17000","0","17000","1","1","1","IAT3006190955","NHO2018000007","PAID","","193056"),
("IATT190000990","193093","191001","192013","5000","1","5000","0","5000","1","1","1","IAT3006190955","NHO2018000007","PAID","","193093"),
("IATT190000990","193093","191001","192013","5000","1","5000","0","5000","2","1","1","IAT3006190955","NHO2018000007","PAID","","193093"),
("IATT190000990","193071","191001","192012","18000","1","18000","0","18000","1","1","1","IAT3006190955","NHO2018000007","PAID","","193071"),
("IATT190000991","193027","191001","192003","43000","1","43000","0","43000","1","1","1","IAT3006190955","NHO2018000007","PAID","","193027"),
("IATT190000991","193027","191001","192003","43000","1","43000","0","43000","2","1","1","IAT3006190955","NHO2018000007","PAID","","193027"),
("IATT190000991","193054","191002","192010","20000","1","20000","0","20000","1","1","1","IAT3006190955","NHO2018000007","PAID","","193054"),
("IATT190000991","193048","191002","192010","8000","1","8000","0","8000","1","1","1","IAT3006190955","NHO2018000007","PAID","","193048"),
("IATT190000992","193027","191001","192003","43000","1","43000","0","43000","1","1","1","IAT3006190955","NHO2018000007","PAID","","193027"),
("IATT190000992","193028","191001","192003","43000","1","43000","0","43000","1","1","1","IAT3006190955","NHO2018000007","PAID","","193028"),
("IATT190000992","193047","191002","192010","8000","1","8000","0","8000","1","1","1","IAT3006190955","NHO2018000007","PAID","","193047"),
("IATT190000992","193046","191002","192010","8000","1","8000","0","8000","1","1","1","IAT3006190955","NHO2018000007","PAID","","193046"),
("IATT190000993","193090","191001","192013","5000","1","5000","0","5000","1","1","1","IAT3006190955","NHO2018000007","PAID","level 2","193090"),
("IATT190000993","193092","191001","192013","5000","1","5000","0","5000","1","1","1","IAT3006190955","NHO2018000007","PAID","","193092"),
("IATT190000994","193022","191001","192003","30000","1","30000","0","30000","1","1","1","IAT3006190955","NHO2018000007","PAID","","193022"),
("IATT190000994","193056","191002","192010","17000","1","17000","0","17000","1","1","1","IAT3006190955","NHO2018000007","PAID","","193056"),
("IATT190000994","193048","191002","192010","8000","1","8000","0","8000","1","1","1","IAT3006190955","NHO2018000007","PAID","","193048"),
("IATT190000994","193005","191001","192001","37000","1","37000","0","37000","1","1","1","IAT3006190955","NHO2018000007","PAID","","193005"),
("IATT190000995","193092","191001","192013","5000","1","5000","0","5000","1","1","1","IAT3006190955","NHO2018000007","PAID","level 1,level 2,sama original\n","193092"),
("IATT190000995","193092","191001","192013","5000","1","5000","0","5000","2","1","1","IAT3006190955","NHO2018000007","PAID","","193092"),
("IATT190000995","193092","191001","192013","5000","1","5000","0","5000","3","1","1","IAT3006190955","NHO2018000007","PAID","","193092"),
("IATT190000995","193024","191001","192003","30000","1","30000","0","30000","1","1","1","IAT3006190955","NHO2018000007","PAID","","193024"),
("IATT190000995","193051","191002","192010","20000","1","20000","0","20000","1","1","1","IAT3006190955","NHO2018000007","PAID","","193051"),
("IATT190000996","193090","191001","192013","5000","1","5000","0","5000","1","1","1","IAT3006190955","NHO2018000007","PAID","level 1 ajah","193090"),
("IATT190000996","193056","191002","192010","17000","1","17000","0","17000","1","1","1","IAT3006190955","NHO2018000007","PAID","","193056"),
("IATT190000996","193070","191001","192012","13000","1","13000","0","13000","1","1","1","IAT3006190955","NHO2018000007","PAID","","193070"),
("IATT190000995","193040","191001","192008","20000","1","20000","0","20000","1","1","2","IAT3006190955","NHO2018000007","PAID","","193040"),
("IATT190000995","193094","191001","192013","5000","1","5000","0","5000","1","1","3","IAT3006190955","NHO2018000007","PAID","level 1","193094"),
("IATT190000997","193092","191001","192013","5000","1","5000","0","5000","1","1","1","IAT3006190955","NHO2018000007","PAID","","193092"),
("IATT190000997","193090","191001","192013","5000","1","5000","0","5000","1","1","1","IAT3006190955","NHO2018000007","PAID","level 2\n","193090"),
("IATT190000997","193069","191001","192012","13000","1","13000","0","13000","1","1","1","IAT3006190955","NHO2018000007","PAID","","193069"),
("IATT190000997","193070","191001","192012","13000","1","13000","0","13000","1","1","1","IAT3006190955","NHO2018000007","PAID","","193070"),
("IATT190000997","193033","191001","192005","42000","1","42000","0","42000","1","1","1","IAT3006190955","NHO2018000007","PAID","","193033"),
("IATT190000997","193055","191002","192010","17000","1","17000","0","17000","1","1","1","IAT3006190955","NHO2018000007","PAID","","193055"),
("IATT190000997","193047","191002","192010","8000","1","8000","0","8000","1","1","1","IAT3006190955","NHO2018000007","PAID","","193047"),
("IATT190000997","193047","191002","192010","8000","1","8000","0","8000","2","1","1","IAT3006190955","NHO2018000007","PAID","","193047"),
("IATT190000998","193055","191002","192010","17000","1","17000","0","17000","1","1","1","IAT3006190955","NHO2018000007","PAID","","193055"),
("IATT190000997","193051","191002","192010","20000","1","20000","0","20000","1","1","2","IAT3006190955","NHO2018000007","PAID","","193051"),
("IATT190001000","193028","191001","192003","43000","1","43000","0","43000","1","1","1","IAT3006190955","NHO2018000007","PAID","yg satu saladnya tanpa Kol ","193028"),
("IATT190001000","193028","191001","192003","43000","1","43000","0","43000","2","1","1","IAT3006190955","NHO2018000007","PAID","","193028"),
("IATT190001000","193071","191001","192012","18000","1","18000","0","18000","1","1","1","IAT3006190955","NHO2018000007","PAID","","193071"),
("IATT190001000","193069","191001","192012","13000","1","13000","0","13000","1","1","1","IAT3006190955","NHO2018000007","PAID","saladnya tanpa Kol","193069"),
("IATT190001000","193015","191001","192002","33000","1","33000","0","33000","1","1","1","IAT3006190955","NHO2018000007","PAID","","ORIGINAL"),
("IATT190001000","193047","191002","192010","8000","1","8000","0","8000","1","1","1","IAT3006190955","NHO2018000007","PAID","","193047"),
("IATT190001000","193047","191002","192010","8000","1","8000","0","8000","2","1","1","IAT3006190955","NHO2018000007","PAID","","193047"),
("IATT190001000","193047","191002","192010","8000","1","8000","0","8000","3","1","1","IAT3006190955","NHO2018000007","PAID","","193047"),
("IATT190001000","193047","191002","192010","8000","1","8000","0","8000","4","1","1","IAT3006190955","NHO2018000007","PAID","","193047"),
("IATT190001001","193012","191001","192001","40000","1","40000","0","40000","1","1","1","IAT3006190955","NHO2018000007","PAID","","193012"),
("IATT190001001","193085","191001","192001","30000","1","30000","0","30000","1","1","1","IAT3006190955","NHO2018000007","PAID","","193085"),
("IATT190001001","193056","191002","192010","17000","1","17000","0","17000","1","1","1","IAT3006190955","NHO2018000007","PAID","","193056"),
("IATT190001001","193056","191002","192010","17000","1","17000","0","17000","2","1","1","IAT3006190955","NHO2018000007","PAID","","193056"),
("IATT190000999","193092","191001","192013","5000","1","5000","0","5000","1","1","1","IAT3006190955","NHO2018000007","PAID","sambal pisah","193092"),
("IATT190000999","193092","191001","192013","5000","1","5000","0","5000","2","1","1","IAT3006190955","NHO2018000007","PAID","","193092"),
("IATT190000999","193094","191001","192013","5000","1","5000","0","5000","1","1","1","IAT3006190955","NHO2018000007","PAID","level 1","193094"),
("IATT190000994","193047","191002","192010","8000","1","8000","0","8000","1","1","2","IAT3006190955","NHO2018000007","PAID","","193047"),
("IATT190000997","193070","191001","192012","13000","1","13000","0","13000","2","1","3","IAT3006190955","NHO2018000007","PAID","","193070"),
("IATT190000997","193047","191002","192010","8000","1","8000","0","8000","3","1","3","IAT3006190955","NHO2018000007","PAID","","193047"),
("IATT190000999","193075","191003","192011","0","1","0","0","0","1","1","2","IAT3006190955","NHO2018000007","PAID","","193075"),
("IATT190000999","193073","191003","192011","0","1","0","0","0","1","1","2","IAT3006190955","NHO2018000007","PAID","","193073"),
("IATT190000999","193068","191003","192011","0","1","0","0","0","1","1","2","IAT3006190955","NHO2018000007","PAID","","193068"),
("IATT190000999","193068","191003","192011","0","1","0","0","0","2","1","2","IAT3006190955","NHO2018000007","PAID","","193068"),
("IATT190001000","193042","191001","192008","25000","1","25000","0","25000","1","1","2","IAT3006190955","NHO2018000007","PAID","","193042"),
("IATT190001002","193028","191001","192003","43000","1","43000","0","43000","1","1","1","IAT3006190955","NHO2018000007","PAID","","193028"),
("IATT190001002","193094","191001","192013","5000","1","5000","0","5000","1","1","1","IAT3006190955","NHO2018000007","PAID","","193094"),
("IATT190001002","193046","191002","192010","8000","1","8000","0","8000","1","1","1","IAT3006190955","NHO2018000007","PAID","","193046"),
("IATT190001002","193047","191002","192010","8000","1","8000","0","8000","1","1","1","IAT3006190955","NHO2018000007","PAID","","193047"),
("IATT190001003","193093","191001","192013","5000","1","5000","0","5000","1","1","1","IAT3006190955","NHO2018000007","PAID","","193093"),
("IATT190001003","193093","191001","192013","5000","1","5000","0","5000","2","1","1","IAT3006190955","NHO2018000007","PAID","","193093"),
("IATT190001003","193070","191001","192012","13000","1","13000","0","13000","1","1","1","IAT3006190955","NHO2018000007","PAID","","193070"),
("IATT190001003","193070","191001","192012","13000","1","13000","0","13000","2","1","1","IAT3006190955","NHO2018000007","PAID","","193070"),
("IATT190001003","193047","191002","192010","8000","1","8000","0","8000","1","1","1","IAT3006190955","NHO2018000007","PAID","","193047"),
("IATT190001003","193047","191002","192010","8000","1","8000","0","8000","2","1","1","IAT3006190955","NHO2018000007","PAID","","193047"),
("IATT190001002","193094","191001","192013","5000","1","5000","0","5000","2","1","2","IAT3006190955","NHO2018000007","PAID","","193094"),
("IATT190001004","193093","191001","192013","5000","1","5000","0","5000","1","1","1","IAT3006190955","NHO2018000007","PAID","","193093"),
("IATT190001005","193090","191001","192013","5000","1","5000","0","5000","1","1","1","IAT3006190955","NHO2018000007","PAID","","193090"),
("IATT190001005","193070","191001","192012","13000","1","13000","0","13000","1","1","2","IAT3006190955","NHO2018000007","PAID","","193070"),
("IATT190001006","193005","191001","192001","37000","1","37000","0","37000","1","1","1","IAT3006190955","NHO2018000007","PAID","","193005"),
("IATT190001006","193055","191002","192010","17000","1","17000","0","17000","1","1","1","IAT3006190955","NHO2018000007","PAID","","193055"),
("IATT190001007","193094","191001","192013","5000","1","5000","0","5000","1","1","1","IAT3006190955","NHO2018000007","PAID","","193094"),
("IATT190001007","193094","191001","192013","5000","1","5000","0","5000","2","1","1","IAT3006190955","NHO2018000007","PAID","","193094"),
("IATT190001007","193094","191001","192013","5000","1","5000","0","5000","3","1","1","IAT3006190955","NHO2018000007","PAID","","193094"),
("IATT190001007","193094","191001","192013","5000","1","5000","0","5000","4","1","1","IAT3006190955","NHO2018000007","PAID","","193094"),
("IATT190001007","193094","191001","192013","5000","1","5000","0","5000","5","1","1","IAT3006190955","NHO2018000007","PAID","","193094"),
("IATT190001007","193051","191002","192010","20000","1","20000","0","20000","1","1","1","IAT3006190955","NHO2018000007","PAID","","193051"),
("IATT190001007","193051","191002","192010","20000","1","20000","0","20000","2","1","1","IAT3006190955","NHO2018000007","PAID","","193051"),
("IATT190001007","193051","191002","192010","20000","1","20000","0","20000","3","1","1","IAT3006190955","NHO2018000007","PAID","","193051"),
("IATT190001007","193028","191001","192003","43000","1","43000","0","43000","1","1","1","IAT3006190955","NHO2018000007","PAID","","193028"),
("IATT190001007","193027","191001","192003","43000","1","43000","0","43000","1","1","1","IAT3006190955","NHO2018000007","PAID","","193027"),
("IATT190001007","193055","191002","192010","17000","1","17000","0","17000","1","1","1","IAT3006190955","NHO2018000007","PAID","","193055"),
("IATT190001007","193046","191002","192010","8000","1","8000","0","8000","1","1","1","IAT3006190955","NHO2018000007","PAID","","193046"),
("IATT190001007","193094","191001","192013","5000","1","5000","0","5000","6","1","2","IAT3006190955","NHO2018000007","PAID","level 1 sm 3","193094"),
("IATT190001007","193094","191001","192013","5000","1","5000","0","5000","7","1","2","IAT3006190955","NHO2018000007","PAID","","193094"),
("IATT190001008","193024","191001","192003","30000","1","30000","0","30000","1","1","1","IAT3006190955","NHO2018000007","PAID","","193024"),
("IATT190001008","193071","191001","192012","18000","1","18000","0","18000","1","1","1","IAT3006190955","NHO2018000007","PAID","","193071"),
("IATT190001008","193056","191002","192010","17000","1","17000","0","17000","1","1","1","IAT3006190955","NHO2018000007","PAID","","193056"),
("IATT190001008","193056","191002","192010","17000","1","17000","0","17000","2","1","1","IAT3006190955","NHO2018000007","PAID","","193056"),
("IATT190001007","193055","191002","192010","17000","1","17000","0","17000","2","1","3","IAT3006190955","NHO2018000007","PAID","","193055"),
("IATT190001007","193055","191002","192010","17000","1","17000","0","17000","3","1","3","IAT3006190955","NHO2018000007","PAID","","193055"),
("IATT190001007","193055","191002","192010","17000","1","17000","0","17000","4","1","3","IAT3006190955","NHO2018000007","PAID","","193055"),
("IATT190001009","193077","191001","192001","30000","1","30000","0","30000","1","1","1","IAT3006190955","NHO2018000007","PAID","","193077"),
("IATT190001006","193017","191001","192002","37000","1","37000","0","37000","1","1","2","IAT3006190955","NHO2018000007","PAID","ORIGINAL","193017"),
("IATT190001010","193035","191001","192006","32000","1","32000","0","32000","1","1","1","IAT3006190955","NHO2018000007","PAID","Yg 1 SPICY,Yg 1 ORIGINAL","ORIGINAL"),
("IATT190001010","193035","191001","192006","32000","1","32000","0","32000","2","1","1","IAT3006190955","NHO2018000007","PAID","","ORIGINAL"),
("IATT190001010","193055","191002","192010","17000","1","17000","0","17000","1","1","1","IAT3006190955","NHO2018000007","PAID","","193055"),
("IATT190001010","193055","191002","192010","17000","1","17000","0","17000","2","1","1","IAT3006190955","NHO2018000007","PAID","","193055"),
("IATT190001011","193090","191001","192013","5000","1","5000","0","5000","1","1","1","IAT3006190955","NHO2018000007","PAID","LEVEL 3 = 2 ,LEVEL 1 = 1","193090"),
("IATT190001011","193090","191001","192013","5000","1","5000","0","5000","2","1","1","IAT3006190955","NHO2018000007","PAID","","193090"),
("IATT190001011","193009","191001","192001","40000","1","40000","0","40000","1","1","1","IAT3006190955","NHO2018000007","PAID","","193009"),
("IATT190001011","193090","191001","192013","5000","1","5000","0","5000","3","1","1","IAT3006190955","NHO2018000007","PAID","","193090"),
("IATT190001011","193055","191002","192010","17000","1","17000","0","17000","1","1","1","IAT3006190955","NHO2018000007","PAID","","193055"),
("IATT190001011","193048","191002","192010","8000","1","8000","0","8000","1","1","1","IAT3006190955","NHO2018000007","PAID","","193048"),
("IATT190001011","193048","191002","192010","8000","1","8000","0","8000","2","1","1","IAT3006190955","NHO2018000007","PAID","","193048"),
("IATT190001011","193046","191002","192010","8000","1","8000","0","8000","1","1","1","IAT3006190955","NHO2018000007","PAID","","193046"),
("IATT190001011","193046","191002","192010","8000","1","8000","0","8000","2","1","1","IAT3006190955","NHO2018000007","PAID","","193046"),
("IATT190001012","193055","191002","192010","17000","1","17000","0","17000","1","1","1","IAT3006190955","NHO2018000007","PAID","","193055"),
("IATT190001012","193056","191002","192010","17000","1","17000","0","17000","1","1","1","IAT3006190955","NHO2018000007","PAID","","193056"),
("IATT190001012","193069","191001","192012","13000","1","13000","0","13000","1","1","1","IAT3006190955","NHO2018000007","PAID","","193069"),
("IATT190001012","193048","191002","192010","8000","1","8000","0","8000","1","1","2","IAT3006190955","NHO2018000007","PAID","MINTA ES BATU\n","193048"),
("IATT190001012","193094","191001","192013","5000","1","5000","0","5000","1","1","3","IAT3006190955","NHO2018000007","PAID","","193094"),
("IATT190001012","193094","191001","192013","5000","1","5000","0","5000","2","1","3","IAT3006190955","NHO2018000007","PAID","","193094"),
("IATT190001008","193092","191001","192013","5000","1","5000","0","5000","1","1","2","IAT3006190955","NHO2018000007","PAID","","193092"),
("IATT190001013","193086","191001","192002","33000","1","33000","0","33000","1","1","1","IAT3006190955","NHO2018000007","PAID","","ORIGINAL"),
("IATT190001013","193094","191001","192013","5000","1","5000","0","5000","1","1","1","IAT3006190955","NHO2018000007","PAID","","193094"),
("IATT190001013","193092","191001","192013","5000","1","5000","0","5000","1","1","1","IAT3006190955","NHO2018000007","PAID","","193092"),
("IATT190001013","193021","191001","192002","40000","1","40000","0","40000","1","1","1","IAT3006190955","NHO2018000007","PAID","","ORIGINAL"),
("IATT190001013","193056","191002","192010","17000","1","17000","0","17000","1","1","1","IAT3006190955","NHO2018000007","PAID","","193056"),
("IATT190001013","193055","191002","192010","17000","1","17000","0","17000","1","1","1","IAT3006190955","NHO2018000007","PAID","","193055"),
("IATT190001013","193055","191002","192010","17000","1","17000","0","17000","2","1","1","IAT3006190955","NHO2018000007","PAID","","193055"),
("IATT190001010","193088","191001","192013","5000","1","5000","0","5000","1","1","2","IAT3006190955","NHO2018000007","PAID","","193088"),
("IATT190001014","193084","191001","192001","30000","1","30000","0","30000","1","1","1","IAT3006190955","NHO2018000007","PAID","","ORIGINAL"),
("IATT190001014","193007","191001","192001","37000","1","37000","0","37000","1","1","1","IAT3006190955","NHO2018000007","PAID","","ORIGINAL"),
("IATT190001014","193055","191002","192010","17000","1","17000","0","17000","2","1","1","IAT3006190955","NHO2018000007","PAID","","193055"),
("IATT190001014","193048","191002","192010","8000","1","8000","0","8000","1","1","1","IAT3006190955","NHO2018000007","PAID","","193048"),
("IATT190001014","193048","191002","192010","8000","1","8000","0","8000","2","1","1","IAT3006190955","NHO2018000007","PAID","","193048"),
("IATT190001014","193037","191001","192006","36000","1","36000","0","36000","1","1","1","IAT3006190955","NHO2018000007","PAID","","ORIGINAL"),
("IATT190001014","193023","191001","192003","30000","1","30000","0","30000","1","1","1","IAT3006190955","NHO2018000007","PAID","","193023"),
("IATT190001015","193046","191002","192010","8000","1","8000","0","8000","1","1","1","IAT3006190955","NHO2018000007","PAID","","193046"),
("IATT190001014","193072","191001","192012","25000","1","25000","0","25000","1","1","2","IAT3006190955","NHO2018000007","PAID","","193072"),
("IATT190001016","193046","191002","192010","8000","1","8000","0","8000","1","1","1","IAT3006190955","NHO2018000007","PAID","","193046"),
("IATT190001016","193046","191002","192010","8000","1","8000","0","8000","2","1","1","IAT3006190955","NHO2018000007","PAID","","193046"),
("IATT190001016","193046","191002","192010","8000","1","8000","0","8000","3","1","1","IAT3006190955","NHO2018000007","PAID","","193046"),
("IATT190001016","193094","191001","192013","5000","1","5000","0","5000","1","1","1","IAT3006190955","NHO2018000007","PAID","","193094"),
("IATT190001016","193094","191001","192013","5000","1","5000","0","5000","2","1","1","IAT3006190955","NHO2018000007","PAID","","193094"),
("IATT190001016","193094","191001","192013","5000","1","5000","0","5000","3","1","1","IAT3006190955","NHO2018000007","PAID","","193094"),
("IATT190001016","193027","191001","192003","43000","1","43000","0","43000","1","1","1","IAT3006190955","NHO2018000007","PAID","","193027"),
("IATT190001015","193090","191001","192013","5000","1","5000","0","5000","1","1","2","IAT3006190955","NHO2018000007","PAID","","193090"),
("IATT190001015","193090","191001","192013","5000","1","5000","0","5000","2","1","2","IAT3006190955","NHO2018000007","PAID","","193090"),
("IATT190001017","193030","191001","192004","27000","1","27000","0","27000","1","1","1","IAT3006190955","NHO2018000007","PAID","","193030"),
("IATT190001017","193018","191001","192002","37000","1","37000","0","37000","1","1","1","IAT3006190955","NHO2018000007","PAID","","ORIGINAL"),
("IATT190001017","193067","191001","192003","7000","1","7000","0","7000","1","1","1","IAT3006190955","NHO2018000007","PAID","","193067"),
("IATT190001017","193045","191001","192008","27000","1","27000","0","27000","1","1","1","IAT3006190955","NHO2018000007","PAID","","193045"),
("IATT190001017","193048","191002","192010","8000","1","8000","0","8000","1","1","1","IAT3006190955","NHO2018000007","PAID","","193048"),
("IATT190001017","193048","191002","192010","8000","1","8000","0","8000","2","1","1","IAT3006190955","NHO2018000007","PAID","","193048"),
("IATT190001017","193051","191002","192010","20000","1","20000","0","20000","1","1","1","IAT3006190955","NHO2018000007","PAID","","193051"),
("IATT190001018","193082","191001","192001","30000","1","30000","0","30000","1","1","1","IAT3006190955","NHO2018000007","PAID","","193082"),
("IATT190001018","193047","191002","192010","8000","1","8000","0","8000","1","1","1","IAT3006190955","NHO2018000007","PAID","","193047"),
("IATT190001019","193084","191001","192001","30000","1","30000","0","30000","1","1","1","IAT3006190955","NHO2018000007","PAID","CABAI PISAH ","PEDAS"),
("IATT190001019","193018","191001","192002","37000","1","37000","0","37000","1","1","1","IAT3006190955","NHO2018000007","PAID","","ORIGINAL"),
("IATT190001019","193047","191002","192010","8000","1","8000","0","8000","1","1","1","IAT3006190955","NHO2018000007","PAID","","193047"),
("IATT190001019","193055","191002","192010","17000","1","17000","0","17000","1","1","1","IAT3006190955","NHO2018000007","PAID","","193055"),
("IATT190001020","193076","191001","192001","30000","1","30000","0","30000","1","1","1","IAT3006190955","NHO2018000007","PAID","","193076"),
("IATT190001020","193049","191002","192010","10000","1","10000","0","10000","1","1","1","IAT3006190955","NHO2018000007","PAID","","193049"),
("IATT190001021","193011","191001","192001","40000","1","40000","0","40000","1","1","1","IAT3006190955","NHO2018000007","PAID","LEVEL 1","PEDAS"),
("IATT190001021","193011","191001","192001","40000","1","40000","0","40000","2","1","1","IAT3006190955","NHO2018000007","PAID","","PEDAS"),
("IATT190001021","193055","191002","192010","17000","1","17000","0","17000","1","1","1","IAT3006190955","NHO2018000007","PAID","","193055"),
("IATT190001021","193051","191002","192010","20000","1","20000","0","20000","1","1","1","IAT3006190955","NHO2018000007","PAID","","193051"),
("IATT190001022","193010","191001","192001","40000","1","40000","0","40000","1","1","1","IAT3006190955","NHO2018000007","PAID","","193010"),
("IATT190001022","193011","191001","192001","40000","1","40000","0","40000","1","1","1","IAT3006190955","NHO2018000007","PAID","","ORIGINAL"),
("IATT190001022","193011","191001","192001","40000","1","40000","0","40000","2","1","1","IAT3006190955","NHO2018000007","PAID","","ORIGINAL"),
("IATT190001022","193084","191001","192001","30000","1","30000","0","30000","1","1","1","IAT3006190955","NHO2018000007","PAID","JNGAN DIKASIH SAMBEL DULU.. SAMBEL PISAH AJA..","ORIGINAL"),
("IATT190001022","193049","191002","192010","10000","1","10000","0","10000","1","1","1","IAT3006190955","NHO2018000007","PAID","","193049"),
("IATT190001022","193049","191002","192010","10000","1","10000","0","10000","2","1","1","IAT3006190955","NHO2018000007","PAID","","193049"),
("IATT190001022","193047","191002","192010","8000","1","8000","0","8000","1","1","1","IAT3006190955","NHO2018000007","PAID","","193047"),
("IATT190001022","193047","191002","192010","8000","1","8000","0","8000","2","1","1","IAT3006190955","NHO2018000007","PAID","","193047");



INSERT INTO pos_salestemp VALUES("IATT190000988","","3","15000","0","1500","0","16500","50000","30/06/2019","10:51","2019-06-30","11:12:07","ISU000012","tbl0010","CLOSED","1","","IATR190000957","","","","","IAT3006190955","NHO2018000007"),
("IATT190000989","","2","10000","0","1000","0","11000","11000","30/06/2019","10:57","2019-06-30","11:12:46","ISU000012","tbl0009","CLOSED","1","","IATR190000958","","","","","IAT3006190955","NHO2018000007"),
("IATT190000990","","2","53000","0","5300","0","58300","100000","30/06/2019","11:23","2019-06-30","11:53:53","ISU000012","tbl0010","CLOSED","1","","IATR190000959","","","","","IAT3006190955","NHO2018000007"),
("IATT190000991","","2","114000","0","11400","0","125400","127000","30/06/2019","12:37","2019-06-30","13:19:04","ISU000012","tbl0012","CLOSED","1","","IATR190000960","","","","","IAT3006190955","NHO2018000007"),
("IATT190000992","","2","102000","0","10200","0","112200","114000","30/06/2019","12:58","2019-06-30","14:36:20","ISU000012","tbl0010","CLOSED","1","","IATR190000963","","","","","IAT3006190955","NHO2018000007"),
("IATT190000993","","2","10000","0","1000","0","11000","11000","30/06/2019","13:05","2019-06-30","13:36:25","ISU000012","tbl0019","CLOSED","1","","IATR190000961","","","","","IAT3006190955","NHO2018000007"),
("IATT190000994","","2","100000","0","10000","0","110000","125000","30/06/2019","13:50","2019-06-30","15:31:39","ISU000012","tbl0011","CLOSED","1","","IATR190000967","","","","","IAT3006190955","NHO2018000007"),
("IATT190000995","","4","90000","0","9000","0","99000","100000","30/06/2019","14:01","2019-06-30","14:30:24","ISU000012","tbl0012","CLOSED","1","","IATR190000962","","","","","IAT3006190955","NHO2018000007"),
("IATT190000996","","1","35000","0","3500","0","38500","50000","30/06/2019","14:10","2019-06-30","14:39:39","ISU000012","tbl0020","CLOSED","1","","IATR190000964","","","","","IAT3006190955","NHO2018000007"),
("IATT190000997","","2","152000","0","15200","0","167200","167200","30/06/2019","14:35","2019-06-30","16:00:12","ISU000012","tbl0013","CLOSED","1","","IATR190000970","","","","","IAT3006190955","NHO2018000007"),
("IATT190000998","","1","17000","0","1700","0","18700","50000","30/06/2019","14:40","2019-06-30","15:27:26","ISU000012","tbl0004","CLOSED","1","","IATR190000965","","","","","IAT3006190955","NHO2018000007"),
("IATT190000999","","2","15000","0","1500","0","16500","50000","30/06/2019","14:48","2019-06-30","15:37:19","ISU000012","tbl0012","CLOSED","1","","IATR190000968","","","","","IAT3006190955","NHO2018000007"),
("IATT190001000","","3","207000","0","20700","0","227700","227700","30/06/2019","14:48","2019-06-30","15:29:31","ISU000012","tbl0021","CLOSED","1","","IATR190000966","","","","","IAT3006190955","NHO2018000007"),
("IATT190001001","","2","104000","0","10400","0","114400","114400","30/06/2019","14:51","2019-06-30","15:56:10","ISU000012","tbl0010","CLOSED","1","","IATR190000969","","","","","IAT3006190955","NHO2018000007"),
("IATT190001002","","2","69000","0","6900","0","75900","100000","30/06/2019","15:32","2019-06-30","16:21:30","ISU000012","tbl0005","CLOSED","1","","IATR190000972","","","","","IAT3006190955","NHO2018000007"),
("IATT190001003","","2","52000","0","5200","0","57200","107200","30/06/2019","15:43","2019-06-30","16:58:13","ISU000012","tbl0019","CLOSED","1","","IATR190000974","","","","","IAT3006190955","NHO2018000007"),
("IATT190001004","","1","5000","0","500","0","5500","7000","30/06/2019","15:53","2019-06-30","16:13:42","ISU000012","tbl0012","CLOSED","1","","IATR190000971","","","","","IAT3006190955","NHO2018000007"),
("IATT190001005","","1","18000","0","1800","0","19800","20000","30/06/2019","16:02","2019-06-30","16:23:17","ISU000012","tbl0007","CLOSED","1","","IATR190000973","","","","","IAT3006190955","NHO2018000007"),
("IATT190001006","","2","91000","0","9100","0","100100","100100","30/06/2019","16:30","2019-06-30","17:31:41","ISU000012","tbl0011","CLOSED","1","","IATR190000977","","","","","IAT3006190955","NHO2018000007"),
("IATT190001007","","9","257000","0","25700","0","282700","282700","30/06/2019","16:36","2019-06-30","17:41:45","ISU000012","tbl0010","CLOSED","1","","IATR190000978","","","","","IAT3006190955","NHO2018000007"),
("IATT190001008","","2","87000","0","8700","0","95700","100000","30/06/2019","16:40","2019-06-30","17:25:24","ISU000012","tbl0012","CLOSED","1","","IATR190000975","","","","","IAT3006190955","NHO2018000007"),
("IATT190001009","","1","30000","0","3000","0","33000","34000","30/06/2019","16:49","2019-06-30","17:27:19","ISU000012","tbl0018","CLOSED","1","","IATR190000976","","","","","IAT3006190955","NHO2018000007"),
("IATT190001010","","2","103000","0","10300","0","113300","150000","30/06/2019","17:03","2019-06-30","18:15:20","ISU000012","tbl0011","CLOSED","1","","IATR190000983","","","","","IAT3006190955","NHO2018000007"),
("IATT190001011","","5","104000","0","10400","0","114400","150000","30/06/2019","17:13","2019-06-30","17:48:56","ISU000012","tbl0013","CLOSED","1","","IATR190000979","","","","","IAT3006190955","NHO2018000007"),
("IATT190001012","","2","65000","0","6500","0","71500","100000","30/06/2019","17:19","2019-06-30","17:56:55","ISU000012","tbl0017","CLOSED","1","","IATR190000980","","","","","IAT3006190955","NHO2018000007"),
("IATT190001013","","8","134000","0","13400","0","147400","147400","30/06/2019","17:28","2019-06-30","18:14:49","ISU000012","tbl0022","CLOSED","1","","IATR190000982","","","","","IAT3006190955","NHO2018000007"),
("IATT190001014","","3","191000","0","19100","0","210100","250000","30/06/2019","17:34","2019-06-30","19:07:13","ISU000012","tbl0040","CLOSED","1","","IATR190000985","","","","","IAT3006190955","NHO2018000007"),
("IATT190001015","","2","18000","0","1800","0","19800","50000","30/06/2019","17:38","2019-06-30","18:11:58","ISU000012","tbl0008","CLOSED","1","","IATR190000981","","","","","IAT3006190955","NHO2018000007"),
("IATT190001016","","2","82000","0","8200","0","90200","100000","30/06/2019","18:08","2019-06-30","18:41:22","ISU000012","tbl0013","CLOSED","1","","IATR190000984","","","","","IAT3006190955","NHO2018000007"),
("IATT190001017","","3","134000","0","13400","0","147400","175000","30/06/2019","18:36","2019-06-30","19:20:06","ISU000012","tbl0010","CLOSED","1","","IATR190000986","","","","","IAT3006190955","NHO2018000007"),
("IATT190001018","","1","38000","0","3800","0","41800","50000","30/06/2019","18:40","2019-06-30","19:36:22","ISU000012","tbl0012","CLOSED","1","","IATR190000987","","","","","IAT3006190955","NHO2018000007"),
("IATT190001019","","2","92000","0","9200","0","101200","125000","30/06/2019","19:11","2019-06-30","19:50:00","ISU000012","tbl0011","CLOSED","1","","IATR190000988","","","","","IAT3006190955","NHO2018000007"),
("IATT190001020","","1","40000","0","4000","0","44000","50000","30/06/2019","20:07","2019-06-30","20:36:58","ISU000012","tbl0012","CLOSED","1","","IATR190000989","","","","","IAT3006190955","NHO2018000007"),
("IATT190001021","","2","117000","0","11700","0","128700","200000","30/06/2019","20:15","2019-06-30","21:02:39","ISU000012","tbl0011","CLOSED","1","","IATR190000990","","","","","IAT3006190955","NHO2018000007"),
("IATT190001022","","4","186000","0","18600","0","204600","250000","30/06/2019","20:53","2019-06-30","21:38:31","ISU000012","tbl0010","CLOSED","1","","IATR190000991","","","","","IAT3006190955","NHO2018000007");



INSERT INTO item_void VALUES("IATT190000989","IAT3006190955","NHO2018000007","193076","193076","1","30000","Before Send","Komplen Customer"),
("IATT190000989","IAT3006190955","NHO2018000007","193076","193076","1","30000","Before Send","Komplen Customer"),
("IATT190000997","IAT3006190955","NHO2018000007","193050","193050","1","20000","Before Send","Komplen Customer"),
("IATT190001000","IAT3006190955","NHO2018000007","193041","193041","1","20000","Before Send","Komplen Customer"),
("IATT190001012","IAT3006190955","NHO2018000007","193084","PEDAS","1","30000","Before Send","Komplen Customer"),
("IATT190001012","IAT3006190955","NHO2018000007","193084","PEDAS","1","30000","Before Send","Komplen Customer"),
("IATT190001008","IAT3006190955","NHO2018000007","193076","193076","1","30000","Before Send","Komplen Customer"),
("IATT190001015","IAT3006190955","NHO2018000007","193078","PEDAS","1","30000","Before Send","Komplen Customer"),
("IATT190001015","IAT3006190955","NHO2018000007","193078","PEDAS","1","30000","Before Send","Komplen Customer");









INSERT INTO pos_paymenttemp VALUES("IATT190000988","CASH","CASH","16500","50000","ISU000012","2019-06-30","","1","","CLOSED","IAT3006190955","NHO2018000007"),
("IATT190000989","CASH","CASH","11000","11000","ISU000012","2019-06-30","","1","","CLOSED","IAT3006190955","NHO2018000007"),
("IATT190000990","CASH","CASH","58300","100000","ISU000012","2019-06-30","","1","","CLOSED","IAT3006190955","NHO2018000007"),
("IATT190000991","VOUCHER","ISOIDE VOUCHER 25K","25000","25000","ISU000012","2019-06-30","","1","","CLOSED","IAT3006190955","NHO2018000007"),
("IATT190000991","CASH","CASH","100400","102000","ISU000012","2019-06-30","","1","","CLOSED","IAT3006190955","NHO2018000007"),
("IATT190000993","CASH","CASH","11000","11000","ISU000012","2019-06-30","","1","","CLOSED","IAT3006190955","NHO2018000007"),
("IATT190000995","CASH","CASH","99000","100000","ISU000012","2019-06-30","","1","","CLOSED","IAT3006190955","NHO2018000007"),
("IATT190000992","CASH","CASH","112200","114000","ISU000012","2019-06-30","","1","","CLOSED","IAT3006190955","NHO2018000007"),
("IATT190000996","CASH","CASH","38500","50000","ISU000012","2019-06-30","","1","","CLOSED","IAT3006190955","NHO2018000007"),
("IATT190000998","CASH","CASH","18700","50000","ISU000012","2019-06-30","","1","","CLOSED","IAT3006190955","NHO2018000007"),
("IATT190001000","CARD","DEBIT BCA","227700","227700","ISU000012","2019-06-30","","1","","CLOSED","IAT3006190955","NHO2018000007"),
("IATT190000994","VOUCHER","ISOIDE VOUCHER 25K","25000","25000","ISU000012","2019-06-30","","1","","CLOSED","IAT3006190955","NHO2018000007"),
("IATT190000994","CASH","CASH","85000","100000","ISU000012","2019-06-30","","1","","CLOSED","IAT3006190955","NHO2018000007"),
("IATT190000999","CASH","CASH","16500","50000","ISU000012","2019-06-30","","1","","CLOSED","IAT3006190955","NHO2018000007"),
("IATT190001001","VOUCHER","ISOIDE VOUCHER 25K","25000","25000","ISU000012","2019-06-30","","1","","CLOSED","IAT3006190955","NHO2018000007"),
("IATT190001001","CARD","MASTER","89400","89400","ISU000012","2019-06-30","","1","","CLOSED","IAT3006190955","NHO2018000007"),
("IATT190000997","CARD","DEBIT BCA","167200","167200","ISU000012","2019-06-30","","1","","CLOSED","IAT3006190955","NHO2018000007"),
("IATT190001004","CASH","CASH","5500","7000","ISU000012","2019-06-30","","1","","CLOSED","IAT3006190955","NHO2018000007"),
("IATT190001002","CASH","CASH","75900","100000","ISU000012","2019-06-30","","1","","CLOSED","IAT3006190955","NHO2018000007"),
("IATT190001005","CASH","CASH","19800","20000","ISU000012","2019-06-30","","1","","CLOSED","IAT3006190955","NHO2018000007"),
("IATT190001003","CASH","CASH","57200","107200","ISU000012","2019-06-30","","1","","CLOSED","IAT3006190955","NHO2018000007"),
("IATT190001008","CASH","CASH","95700","100000","ISU000012","2019-06-30","","1","","CLOSED","IAT3006190955","NHO2018000007"),
("IATT190001009","CASH","CASH","33000","34000","ISU000012","2019-06-30","","1","","CLOSED","IAT3006190955","NHO2018000007"),
("IATT190001006","CARD","MASTER","100100","100100","ISU000012","2019-06-30","","1","","CLOSED","IAT3006190955","NHO2018000007"),
("IATT190001007","CARD","MASTER","282700","282700","ISU000012","2019-06-30","","1","","CLOSED","IAT3006190955","NHO2018000007"),
("IATT190001011","CASH","CASH","114400","150000","ISU000012","2019-06-30","","1","","CLOSED","IAT3006190955","NHO2018000007"),
("IATT190001012","CASH","CASH","71500","100000","ISU000012","2019-06-30","","1","","CLOSED","IAT3006190955","NHO2018000007"),
("IATT190001015","CASH","CASH","19800","50000","ISU000012","2019-06-30","","1","","CLOSED","IAT3006190955","NHO2018000007"),
("IATT190001013","CARD","DEBIT BCA","147400","147400","ISU000012","2019-06-30","","1","","CLOSED","IAT3006190955","NHO2018000007"),
("IATT190001010","CASH","CASH","113300","150000","ISU000012","2019-06-30","","1","","CLOSED","IAT3006190955","NHO2018000007"),
("IATT190001016","CASH","CASH","90200","100000","ISU000012","2019-06-30","","1","","CLOSED","IAT3006190955","NHO2018000007"),
("IATT190001014","VOUCHER","ISOIDE VOUCHER 25K","25000","25000","ISU000012","2019-06-30","","1","","CLOSED","IAT3006190955","NHO2018000007"),
("IATT190001014","VOUCHER","ISOIDE VOUCHER 25K","25000","25000","ISU000012","2019-06-30","","1","","CLOSED","IAT3006190955","NHO2018000007"),
("IATT190001014","CASH","CASH","160100","200000","ISU000012","2019-06-30","","1","","CLOSED","IAT3006190955","NHO2018000007"),
("IATT190001017","VOUCHER","ISOIDE VOUCHER 25K","25000","25000","ISU000012","2019-06-30","","1","","CLOSED","IAT3006190955","NHO2018000007"),
("IATT190001017","CASH","CASH","122400","150000","ISU000012","2019-06-30","","1","","CLOSED","IAT3006190955","NHO2018000007"),
("IATT190001018","CASH","CASH","41800","50000","ISU000012","2019-06-30","","1","","CLOSED","IAT3006190955","NHO2018000007"),
("IATT190001019","VOUCHER","ISOIDE VOUCHER 25K","25000","25000","ISU000012","2019-06-30","","1","","CLOSED","IAT3006190955","NHO2018000007"),
("IATT190001019","CASH","CASH","76200","100000","ISU000012","2019-06-30","","1","","CLOSED","IAT3006190955","NHO2018000007"),
("IATT190001020","CASH","CASH","44000","50000","ISU000012","2019-06-30","","1","","CLOSED","IAT3006190955","NHO2018000007"),
("IATT190001021","CASH","CASH","128700","200000","ISU000012","2019-06-30","","1","","CLOSED","IAT3006190955","NHO2018000007"),
("IATT190001022","VOUCHER","ISOIDE VOUCHER 25K","25000","25000","ISU000012","2019-06-30","","1","","CLOSED","IAT3006190955","NHO2018000007"),
("IATT190001022","VOUCHER","ISOIDE VOUCHER 25K","25000","25000","ISU000012","2019-06-30","","1","","CLOSED","IAT3006190955","NHO2018000007"),
("IATT190001022","CASH","CASH","154600","200000","ISU000012","2019-06-30","","1","","CLOSED","IAT3006190955","NHO2018000007");



