INSERT INTO pos_itemtemp VALUES("IATT190000418","193025","191001","192003","30000","1","30000","0","30000","1","1","1","IAT3005191053","NHO2018000007","PAID","to","193025"),
("IATT190000419","193025","191001","192003","30000","1","30000","0","30000","1","1","1","IAT3005191053","NHO2018000007","PAID","","193025"),
("IATT190000419","193055","191002","192010","17000","1","17000","0","17000","1","1","1","IAT3005191053","NHO2018000007","PAID","","193055"),
("IATT190000419","193056","191002","192010","17000","1","17000","0","17000","1","1","1","IAT3005191053","NHO2018000007","PAID","","193056"),
("IATT190000419","193027","191001","192003","43000","1","43000","0","43000","1","1","1","IAT3005191053","NHO2018000007","PAID","","193027"),
("IATT190000420","193055","191002","192010","17000","1","17000","0","17000","1","1","1","IAT3005191053","NHO2018000007","PAID","","193055"),
("IATT190000420","193027","191001","192003","43000","1","43000","0","43000","1","1","2","IAT3005191053","NHO2018000007","PAID","","193027"),
("IATT190000421","193027","191001","192003","43000","1","43000","0","43000","1","1","1","IAT3005191053","NHO2018000007","PAID","","193027"),
("IATT190000421","193046","191002","192010","8000","1","8000","0","8000","1","1","1","IAT3005191053","NHO2018000007","PAID","","193046"),
("IATT190000422","193040","191001","192008","20000","1","20000","0","20000","1","1","1","IAT3005191053","NHO2018000007","PAID","","193040"),
("IATT190000422","193042","191001","192008","25000","1","25000","0","25000","1","1","1","IAT3005191053","NHO2018000007","PAID","","193042"),
("IATT190000423","193044","191001","192008","25000","1","25000","0","25000","1","1","1","IAT3005191053","NHO2018000007","PAID","","193044"),
("IATT190000423","193046","191002","192010","8000","1","8000","0","8000","1","1","1","IAT3005191053","NHO2018000007","PAID","","193046"),
("IATT190000424","193023","191001","192003","30000","1","30000","0","30000","1","1","1","IAT3005191053","NHO2018000007","PAID","","193023"),
("IATT190000424","193055","191002","192010","17000","1","17000","0","17000","1","1","1","IAT3005191053","NHO2018000007","PAID","","193055"),
("IATT190000424","193023","191001","192003","30000","1","30000","0","30000","2","1","2","IAT3005191053","NHO2018000007","PAID","","193023"),
("IATT190000425","193055","191002","192010","17000","1","17000","0","17000","1","1","1","IAT3005191053","NHO2018000007","PAID","BUAT BUKA","193055"),
("IATT190000425","193023","191001","192003","30000","1","30000","0","30000","1","1","1","IAT3005191053","NHO2018000007","PAID","BUAT BUKA ","193023"),
("IATT190000425","193023","191001","192003","30000","1","30000","0","30000","2","1","1","IAT3005191053","NHO2018000007","PAID","","193023"),
("IATT190000425","193023","191001","192003","30000","1","30000","0","30000","3","1","1","IAT3005191053","NHO2018000007","PAID","","193023"),
("IATT190000426","193046","191002","192010","8000","1","8000","0","8000","1","1","1","IAT3005191053","NHO2018000007","PAID","BUAT BUKA","193046"),
("IATT190000426","193053","191002","192010","20000","1","20000","0","20000","1","1","1","IAT3005191053","NHO2018000007","PAID","SEKARANG","193053"),
("IATT190000426","193048","191002","192010","8000","1","8000","0","8000","1","1","1","IAT3005191053","NHO2018000007","PAID","BUAT BUKA","193048"),
("IATT190000426","193048","191002","192010","8000","1","8000","0","8000","2","1","1","IAT3005191053","NHO2018000007","PAID","","193048"),
("IATT190000426","193048","191002","192010","8000","1","8000","0","8000","3","1","1","IAT3005191053","NHO2018000007","PAID","","193048"),
("IATT190000426","193011","191001","192001","40000","1","40000","0","40000","1","1","1","IAT3005191053","NHO2018000007","PAID","BUAT BUKA","PEDAS"),
("IATT190000426","193011","191001","192001","40000","1","40000","0","40000","2","1","1","IAT3005191053","NHO2018000007","PAID","","PEDAS"),
("IATT190000427","193048","191002","192010","8000","1","8000","0","8000","1","1","1","IAT3005191053","NHO2018000007","PAID","","193048"),
("IATT190000427","193036","191001","192006","36000","1","36000","0","36000","1","1","1","IAT3005191053","NHO2018000007","PAID","","ORIGINAL"),
("IATT190000427","193023","191001","192003","30000","1","30000","0","30000","1","1","1","IAT3005191053","NHO2018000007","PAID","","193023"),
("IATT190000427","193025","191001","192003","30000","1","30000","0","30000","1","1","1","IAT3005191053","NHO2018000007","PAID","","193025"),
("IATT190000427","193027","191001","192003","43000","1","43000","0","43000","1","1","1","IAT3005191053","NHO2018000007","PAID","","193027"),
("IATT190000425","193055","191002","192010","17000","1","17000","0","17000","2","1","2","IAT3005191053","NHO2018000007","PAID","","193055"),
("IATT190000425","193055","191002","192010","17000","1","17000","0","17000","3","1","2","IAT3005191053","NHO2018000007","PAID","","193055"),
("IATT190000428","193046","191002","192010","8000","1","8000","0","8000","1","1","1","IAT3005191053","NHO2018000007","PAID","","193046"),
("IATT190000428","193046","191002","192010","8000","1","8000","0","8000","2","1","1","IAT3005191053","NHO2018000007","PAID","","193046"),
("IATT190000428","193025","191001","192003","30000","1","30000","0","30000","1","1","1","IAT3005191053","NHO2018000007","PAID","buat buka","193025"),
("IATT190000428","193025","191001","192003","30000","1","30000","0","30000","2","1","1","IAT3005191053","NHO2018000007","PAID","","193025"),
("IATT190000429","193009","191001","192001","40000","1","40000","0","40000","1","1","1","IAT3005191053","NHO2018000007","PAID","original","193009"),
("IATT190000429","193008","191001","192001","37000","1","37000","0","37000","1","1","1","IAT3005191053","NHO2018000007","PAID","original","193008"),
("IATT190000429","193007","191001","192001","37000","1","37000","0","37000","1","1","1","IAT3005191053","NHO2018000007","PAID","","ORIGINAL"),
("IATT190000429","193032","191001","192004","30000","1","30000","0","30000","1","1","1","IAT3005191053","NHO2018000007","PAID","","193032"),
("IATT190000429","193046","191002","192010","8000","1","8000","0","8000","1","1","1","IAT3005191053","NHO2018000007","PAID","","193046"),
("IATT190000429","193046","191002","192010","8000","1","8000","0","8000","2","1","1","IAT3005191053","NHO2018000007","PAID","","193046"),
("IATT190000429","193046","191002","192010","8000","1","8000","0","8000","3","1","1","IAT3005191053","NHO2018000007","PAID","","193046"),
("IATT190000430","193011","191001","192001","40000","1","40000","0","40000","1","1","1","IAT3005191053","NHO2018000007","PAID","","PEDAS"),
("IATT190000430","193011","191001","192001","40000","1","40000","0","40000","2","1","1","IAT3005191053","NHO2018000007","PAID","","PEDAS"),
("IATT190000430","193008","191001","192001","37000","1","37000","0","37000","1","1","1","IAT3005191053","NHO2018000007","PAID","original,buat buka puasa","193008"),
("IATT190000430","193027","191001","192003","43000","1","43000","0","43000","1","1","1","IAT3005191053","NHO2018000007","PAID","","193027"),
("IATT190000430","193027","191001","192003","43000","1","43000","0","43000","2","1","1","IAT3005191053","NHO2018000007","PAID","","193027"),
("IATT190000430","193048","191002","192010","8000","1","8000","0","8000","1","1","1","IAT3005191053","NHO2018000007","PAID","minta es batu","193048"),
("IATT190000430","193048","191002","192010","8000","1","8000","0","8000","2","1","1","IAT3005191053","NHO2018000007","PAID","","193048"),
("IATT190000430","193048","191002","192010","8000","1","8000","0","8000","3","1","1","IAT3005191053","NHO2018000007","PAID","","193048"),
("IATT190000430","193049","191002","192010","10000","1","10000","0","10000","1","1","1","IAT3005191053","NHO2018000007","PAID","","193049"),
("IATT190000430","193049","191002","192010","10000","1","10000","0","10000","2","1","1","IAT3005191053","NHO2018000007","PAID","","193049"),
("IATT190000430","193049","191002","192010","10000","1","10000","0","10000","3","1","1","IAT3005191053","NHO2018000007","PAID","","193049"),
("IATT190000430","193025","191001","192003","30000","1","30000","0","30000","1","1","1","IAT3005191053","NHO2018000007","PAID","","193025"),
("IATT190000430","193036","191001","192006","36000","1","36000","0","36000","1","1","1","IAT3005191053","NHO2018000007","PAID","","ORIGINAL"),
("IATT190000430","193056","191002","192010","17000","1","17000","0","17000","1","1","1","IAT3005191053","NHO2018000007","PAID","","193056"),
("IATT190000431","193023","191001","192003","30000","1","30000","0","30000","1","1","1","IAT3005191053","NHO2018000007","PAID","","193023"),
("IATT190000431","193035","191001","192006","32000","1","32000","0","32000","1","1","1","IAT3005191053","NHO2018000007","PAID","","PEDAS"),
("IATT190000431","193056","191002","192010","17000","1","17000","0","17000","1","1","1","IAT3005191053","NHO2018000007","PAID","","193056"),
("IATT190000431","193047","191002","192010","8000","1","8000","0","8000","1","1","1","IAT3005191053","NHO2018000007","PAID","","193047"),
("IATT190000432","193043","191001","192008","25000","1","25000","0","25000","1","1","1","IAT3005191053","NHO2018000007","PAID","","193043"),
("IATT190000432","193043","191001","192008","25000","1","25000","0","25000","2","1","1","IAT3005191053","NHO2018000007","PAID","","193043"),
("IATT190000432","193056","191002","192010","17000","1","17000","0","17000","1","1","1","IAT3005191053","NHO2018000007","PAID","","193056"),
("IATT190000432","193056","191002","192010","17000","1","17000","0","17000","2","1","1","IAT3005191053","NHO2018000007","PAID","","193056"),
("IATT190000428","193023","191001","192003","30000","1","30000","0","30000","1","1","2","IAT3005191053","NHO2018000007","PAID","","193023"),
("IATT190000428","193047","191002","192010","8000","1","8000","0","8000","1","1","2","IAT3005191053","NHO2018000007","PAID","","193047"),
("IATT190000433","193047","191002","192010","8000","1","8000","0","8000","1","1","1","IAT3005191053","NHO2018000007","PAID","","193047"),
("IATT190000433","193046","191002","192010","8000","1","8000","0","8000","1","1","1","IAT3005191053","NHO2018000007","PAID","","193046"),
("IATT190000433","193055","191002","192010","17000","1","17000","0","17000","1","1","1","IAT3005191053","NHO2018000007","PAID","","193055"),
("IATT190000433","193048","191002","192010","8000","1","8000","0","8000","1","1","1","IAT3005191053","NHO2018000007","PAID","","193048"),
("IATT190000433","193048","191002","192010","8000","1","8000","0","8000","2","1","1","IAT3005191053","NHO2018000007","PAID","","193048"),
("IATT190000433","193023","191001","192003","30000","1","30000","0","30000","1","1","1","IAT3005191053","NHO2018000007","PAID","","193023"),
("IATT190000433","193025","191001","192003","30000","1","30000","0","30000","1","1","1","IAT3005191053","NHO2018000007","PAID","","193025"),
("IATT190000433","193025","191001","192003","30000","1","30000","0","30000","2","1","1","IAT3005191053","NHO2018000007","PAID","","193025"),
("IATT190000434","193056","191002","192010","17000","1","17000","0","17000","1","1","1","IAT3005191053","NHO2018000007","PAID","","193056"),
("IATT190000434","193046","191002","192010","8000","1","8000","0","8000","1","1","1","IAT3005191053","NHO2018000007","PAID","","193046"),
("IATT190000434","193048","191002","192010","8000","1","8000","0","8000","1","1","1","IAT3005191053","NHO2018000007","PAID","","193048"),
("IATT190000434","193008","191001","192001","37000","1","37000","0","37000","1","1","1","IAT3005191053","NHO2018000007","PAID","","193008"),
("IATT190000434","193023","191001","192003","30000","1","30000","0","30000","1","1","1","IAT3005191053","NHO2018000007","PAID","","193023"),
("IATT190000434","193025","191001","192003","30000","1","30000","0","30000","1","1","1","IAT3005191053","NHO2018000007","PAID","","193025"),
("IATT190000435","193049","191002","192010","10000","1","10000","0","10000","1","1","1","IAT3005191053","NHO2018000007","PAID","","193049"),
("IATT190000435","193040","191001","192008","20000","1","20000","0","20000","1","1","1","IAT3005191053","NHO2018000007","PAID","","193040"),
("IATT190000435","193041","191001","192008","20000","1","20000","0","20000","1","1","1","IAT3005191053","NHO2018000007","PAID","","193041"),
("IATT190000435","193053","191002","192010","20000","1","20000","0","20000","1","1","1","IAT3005191053","NHO2018000007","PAID","no es batu","193053"),
("IATT190000435","193050","191002","192010","20000","1","20000","0","20000","1","1","1","IAT3005191053","NHO2018000007","PAID","","193050"),
("IATT190000435","193038","191001","192006","36000","1","36000","0","36000","1","1","1","IAT3005191053","NHO2018000007","PAID","","ORIGINAL"),
("IATT190000436","193025","191001","192003","30000","1","30000","0","30000","1","1","1","IAT3005191053","NHO2018000007","PAID","","193025"),
("IATT190000436","193023","191001","192003","30000","1","30000","0","30000","1","1","1","IAT3005191053","NHO2018000007","PAID","","193023"),
("IATT190000436","193048","191002","192010","8000","1","8000","0","8000","1","1","1","IAT3005191053","NHO2018000007","PAID","","193048"),
("IATT190000425","193008","191001","192001","37000","1","37000","0","37000","1","1","3","IAT3005191053","NHO2018000007","PAID","","193008"),
("IATT190000425","193047","191002","192010","8000","1","8000","0","8000","1","1","3","IAT3005191053","NHO2018000007","PAID","","193047"),
("IATT190000437","193023","191001","192003","30000","1","30000","0","30000","1","1","1","IAT3005191053","NHO2018000007","PAID","","193023"),
("IATT190000437","193023","191001","192003","30000","1","30000","0","30000","2","1","1","IAT3005191053","NHO2018000007","PAID","","193023"),
("IATT190000437","193023","191001","192003","30000","1","30000","0","30000","3","1","1","IAT3005191053","NHO2018000007","PAID","","193023"),
("IATT190000437","193033","191001","192005","42000","1","42000","0","42000","1","1","1","IAT3005191053","NHO2018000007","PAID","","193033"),
("IATT190000437","193033","191001","192005","42000","1","42000","0","42000","2","1","1","IAT3005191053","NHO2018000007","PAID","","193033"),
("IATT190000437","193033","191001","192005","42000","1","42000","0","42000","3","1","1","IAT3005191053","NHO2018000007","PAID","","193033"),
("IATT190000437","193047","191002","192010","8000","1","8000","0","8000","1","1","1","IAT3005191053","NHO2018000007","PAID","","193047"),
("IATT190000437","193047","191002","192010","8000","1","8000","0","8000","2","1","1","IAT3005191053","NHO2018000007","PAID","","193047"),
("IATT190000437","193047","191002","192010","8000","1","8000","0","8000","3","1","1","IAT3005191053","NHO2018000007","PAID","","193047"),
("IATT190000437","193047","191002","192010","8000","1","8000","0","8000","4","1","1","IAT3005191053","NHO2018000007","PAID","","193047"),
("IATT190000437","193048","191002","192010","8000","1","8000","0","8000","1","1","1","IAT3005191053","NHO2018000007","PAID","","193048"),
("IATT190000438","193025","191001","192003","30000","1","30000","0","30000","1","1","1","IAT3005191053","NHO2018000007","PAID","","193025"),
("IATT190000438","193023","191001","192003","30000","1","30000","0","30000","1","1","1","IAT3005191053","NHO2018000007","PAID","","193023"),
("IATT190000438","193047","191002","192010","8000","1","8000","0","8000","1","1","1","IAT3005191053","NHO2018000007","PAID","","193047"),
("IATT190000438","193055","191002","192010","17000","1","17000","0","17000","1","1","1","IAT3005191053","NHO2018000007","PAID","","193055"),
("IATT190000438","193049","191002","192010","10000","1","10000","0","10000","1","1","1","IAT3005191053","NHO2018000007","PAID","","193049"),
("IATT190000440","193053","191002","192010","20000","1","20000","0","20000","1","1","1","IAT3005191053","NHO2018000007","PAID","","193053"),
("IATT190000440","193050","191002","192010","20000","1","20000","0","20000","1","1","1","IAT3005191053","NHO2018000007","PAID","","193050"),
("IATT190000440","193033","191001","192005","42000","1","42000","0","42000","1","1","1","IAT3005191053","NHO2018000007","PAID","","193033"),
("IATT190000440","193023","191001","192003","30000","1","30000","0","30000","1","1","1","IAT3005191053","NHO2018000007","PAID","","193023"),
("IATT190000441","193023","191001","192003","30000","1","30000","0","30000","1","1","1","IAT3005191053","NHO2018000007","PAID","","193023"),
("IATT190000441","193023","191001","192003","30000","1","30000","0","30000","2","1","1","IAT3005191053","NHO2018000007","PAID","","193023"),
("IATT190000441","193043","191001","192008","25000","1","25000","0","25000","1","1","1","IAT3005191053","NHO2018000007","PAID","","193043"),
("IATT190000441","193047","191002","192010","8000","1","8000","0","8000","1","1","1","IAT3005191053","NHO2018000007","PAID","","193047"),
("IATT190000441","193047","191002","192010","8000","1","8000","0","8000","2","1","1","IAT3005191053","NHO2018000007","PAID","","193047"),
("IATT190000441","193051","191002","192010","20000","1","20000","0","20000","1","1","1","IAT3005191053","NHO2018000007","PAID","","193051"),
("IATT190000442","193023","191001","192003","30000","1","30000","0","30000","1","1","1","IAT3005191053","NHO2018000007","PAID","","193023"),
("IATT190000442","193025","191001","192003","30000","1","30000","0","30000","1","1","1","IAT3005191053","NHO2018000007","PAID","","193025"),
("IATT190000442","193050","191002","192010","20000","1","20000","0","20000","1","1","1","IAT3005191053","NHO2018000007","PAID","","193050"),
("IATT190000431","193009","191001","192001","40000","1","40000","0","40000","1","1","2","IAT3005191053","NHO2018000007","PAID","","193009"),
("IATT190000440","193048","191002","192010","8000","1","8000","0","8000","1","1","2","IAT3005191053","NHO2018000007","PAID","","193048"),
("IATT190000440","193048","191002","192010","8000","1","8000","0","8000","2","1","2","IAT3005191053","NHO2018000007","PAID","","193048"),
("IATT190000444","193032","191001","192004","30000","1","30000","0","30000","1","1","1","IAT3005191053","NHO2018000007","PAID","","193032"),
("IATT190000444","193025","191001","192003","30000","1","30000","0","30000","1","1","1","IAT3005191053","NHO2018000007","PAID","","193025"),
("IATT190000444","193055","191002","192010","17000","1","17000","0","17000","1","1","1","IAT3005191053","NHO2018000007","PAID","","193055"),
("IATT190000444","193048","191002","192010","8000","1","8000","0","8000","1","1","1","IAT3005191053","NHO2018000007","PAID","","193048"),
("IATT190000444","193047","191002","192010","8000","1","8000","0","8000","1","1","1","IAT3005191053","NHO2018000007","PAID","","193047"),
("IATT190000442","193048","191002","192010","8000","1","8000","0","8000","1","1","2","IAT3005191053","NHO2018000007","PAID","","193048"),
("IATT190000442","193050","191002","192010","20000","1","20000","0","20000","2","1","3","IAT3005191053","NHO2018000007","PAID","","193050"),
("IATT190000446","193022","191001","192003","30000","1","30000","0","30000","1","1","1","IAT3005191053","NHO2018000007","PAID","","193022"),
("IATT190000446","193023","191001","192003","30000","1","30000","0","30000","1","1","1","IAT3005191053","NHO2018000007","PAID","","193023"),
("IATT190000446","193023","191001","192003","30000","1","30000","0","30000","2","1","1","IAT3005191053","NHO2018000007","PAID","","193023"),
("IATT190000446","193022","191001","192003","30000","1","30000","0","30000","2","1","1","IAT3005191053","NHO2018000007","PAID","","193022"),
("IATT190000446","193055","191002","192010","17000","1","17000","0","17000","1","1","1","IAT3005191053","NHO2018000007","PAID","","193055"),
("IATT190000446","193055","191002","192010","17000","1","17000","0","17000","2","1","1","IAT3005191053","NHO2018000007","PAID","","193055"),
("IATT190000446","193055","191002","192010","17000","1","17000","0","17000","3","1","1","IAT3005191053","NHO2018000007","PAID","","193055"),
("IATT190000446","193055","191002","192010","17000","1","17000","0","17000","4","1","1","IAT3005191053","NHO2018000007","PAID","","193055"),
("IATT190000447","193048","191002","192010","8000","1","8000","0","8000","1","1","1","IAT3005191053","NHO2018000007","PAID","","193048"),
("IATT190000436","193002","191001","192001","30000","1","30000","0","30000","1","1","2","IAT3005191053","NHO2018000007","PAID","beef","193002"),
("IATT190000448","193003","191001","192001","30000","1","30000","0","30000","1","1","1","IAT3005191053","NHO2018000007","PAID","beef","PEDAS"),
("IATT190000448","193003","191001","192001","30000","1","30000","0","30000","2","1","1","IAT3005191053","NHO2018000007","PAID","","PEDAS"),
("IATT190000448","193007","191001","192001","37000","1","37000","0","37000","1","1","1","IAT3005191053","NHO2018000007","PAID","","PEDAS"),
("IATT190000448","193001","191001","192001","30000","1","30000","0","30000","1","1","1","IAT3005191053","NHO2018000007","PAID","original","193001"),
("IATT190000448","193001","191001","192001","30000","1","30000","0","30000","2","1","1","IAT3005191053","NHO2018000007","PAID","","193001"),
("IATT190000448","193055","191002","192010","17000","1","17000","0","17000","1","1","1","IAT3005191053","NHO2018000007","PAID","","193055"),
("IATT190000448","193055","191002","192010","17000","1","17000","0","17000","2","1","1","IAT3005191053","NHO2018000007","PAID","","193055"),
("IATT190000448","193049","191002","192010","10000","1","10000","0","10000","1","1","1","IAT3005191053","NHO2018000007","PAID","minta es batu","193049"),
("IATT190000448","193048","191002","192010","8000","1","8000","0","8000","1","1","1","IAT3005191053","NHO2018000007","PAID","","193048"),
("IATT190000448","193048","191002","192010","8000","1","8000","0","8000","2","1","1","IAT3005191053","NHO2018000007","PAID","","193048"),
("IATT190000425","193047","191002","192010","8000","1","8000","0","8000","2","1","4","IAT3005191053","NHO2018000007","PAID","","193047"),
("IATT190000425","193022","191001","192003","30000","1","30000","0","30000","1","1","4","IAT3005191053","NHO2018000007","PAID","","193022"),
("IATT190000427","193053","191002","192010","20000","1","20000","0","20000","1","1","2","IAT3005191053","NHO2018000007","PAID","","193053"),
("IATT190000427","193050","191002","192010","20000","1","20000","0","20000","1","1","2","IAT3005191053","NHO2018000007","PAID","","193050"),
("IATT190000427","193066","191003","192011","0","1","0","0","0","1","1","3","IAT3005191053","NHO2018000007","PAID","","193066"),
("IATT190000427","193066","191003","192011","0","1","0","0","0","2","1","3","IAT3005191053","NHO2018000007","PAID","","193066"),
("IATT190000449","193048","191002","192010","8000","1","8000","0","8000","1","1","1","IAT3005191053","NHO2018000007","PAID","","193048"),
("IATT190000437","193001","191001","192001","30000","1","30000","0","30000","1","1","2","IAT3005191053","NHO2018000007","PAID","original BEEF","193001"),
("IATT190000437","193001","191001","192001","30000","1","30000","0","30000","2","1","2","IAT3005191053","NHO2018000007","PAID","","193001"),
("IATT190000437","193001","191001","192001","30000","1","30000","0","30000","3","1","2","IAT3005191053","NHO2018000007","PAID","","193001"),
("IATT190000437","193001","191001","192001","30000","1","30000","0","30000","4","1","2","IAT3005191053","NHO2018000007","PAID","","193001"),
("IATT190000450","193001","191001","192001","30000","1","30000","0","30000","1","1","1","IAT3005191053","NHO2018000007","PAID","BEEF","193001"),
("IATT190000450","193047","191002","192010","8000","1","8000","0","8000","1","1","1","IAT3005191053","NHO2018000007","PAID","","193047"),
("IATT190000450","193022","191001","192003","30000","1","30000","0","30000","1","1","1","IAT3005191053","NHO2018000007","PAID","","193022"),
("IATT190000437","193047","191002","192010","8000","1","8000","0","8000","5","1","3","IAT3005191053","NHO2018000007","PAID","","193047"),
("IATT190000437","193047","191002","192010","8000","1","8000","0","8000","6","1","3","IAT3005191053","NHO2018000007","PAID","","193047"),
("IATT190000437","193047","191002","192010","8000","1","8000","0","8000","7","1","3","IAT3005191053","NHO2018000007","PAID","","193047"),
("IATT190000437","193047","191002","192010","8000","1","8000","0","8000","8","1","3","IAT3005191053","NHO2018000007","PAID","","193047"),
("IATT190000451","193025","191001","192003","30000","1","30000","0","30000","1","1","1","IAT3005191053","NHO2018000007","PAID","","193025"),
("IATT190000451","193025","191001","192003","30000","1","30000","0","30000","2","1","1","IAT3005191053","NHO2018000007","PAID","","193025"),
("IATT190000451","193022","191001","192003","30000","1","30000","0","30000","1","1","1","IAT3005191053","NHO2018000007","PAID","","193022"),
("IATT190000451","193023","191001","192003","30000","1","30000","0","30000","1","1","1","IAT3005191053","NHO2018000007","PAID","","193023"),
("IATT190000451","193011","191001","192001","40000","1","40000","0","40000","1","1","1","IAT3005191053","NHO2018000007","PAID","","PEDAS"),
("IATT190000451","193056","191002","192010","17000","1","17000","0","17000","1","1","1","IAT3005191053","NHO2018000007","PAID","","193056"),
("IATT190000451","193049","191002","192010","10000","1","10000","0","10000","1","1","1","IAT3005191053","NHO2018000007","PAID","","193049"),
("IATT190000451","193049","191002","192010","10000","1","10000","0","10000","2","1","1","IAT3005191053","NHO2018000007","PAID","","193049"),
("IATT190000451","193050","191002","192010","20000","1","20000","0","20000","1","1","1","IAT3005191053","NHO2018000007","PAID","","193050"),
("IATT190000425","193022","191001","192003","30000","1","30000","0","30000","2","1","5","IAT3005191053","NHO2018000007","PAID","","193022"),
("IATT190000425","193050","191002","192010","20000","1","20000","0","20000","1","1","5","IAT3005191053","NHO2018000007","PAID","","193050"),
("IATT190000441","193049","191002","192010","10000","1","10000","0","10000","1","1","2","IAT3005191053","NHO2018000007","PAID","","193049"),
("IATT190000452","193022","191001","192003","30000","1","30000","0","30000","1","1","1","IAT3005191053","NHO2018000007","PAID","","193022"),
("IATT190000452","193001","191001","192001","30000","1","30000","0","30000","1","1","1","IAT3005191053","NHO2018000007","PAID","BEEF ,ORIGINAL","193001"),
("IATT190000452","193055","191002","192010","17000","1","17000","0","17000","1","1","1","IAT3005191053","NHO2018000007","PAID","","193055"),
("IATT190000452","193048","191002","192010","8000","1","8000","0","8000","1","1","1","IAT3005191053","NHO2018000007","PAID","","193048"),
("IATT190000452","193048","191002","192010","8000","1","8000","0","8000","2","1","1","IAT3005191053","NHO2018000007","PAID","","193048"),
("IATT190000452","193056","191002","192010","17000","1","17000","0","17000","1","1","1","IAT3005191053","NHO2018000007","PAID","","193056"),
("IATT190000453","193011","191001","192001","40000","1","40000","0","40000","1","1","1","IAT3005191053","NHO2018000007","PAID","","PEDAS"),
("IATT190000453","193011","191001","192001","40000","1","40000","0","40000","2","1","1","IAT3005191053","NHO2018000007","PAID","","PEDAS"),
("IATT190000453","193011","191001","192001","40000","1","40000","0","40000","3","1","1","IAT3005191053","NHO2018000007","PAID","","PEDAS"),
("IATT190000453","193009","191001","192001","40000","1","40000","0","40000","1","1","1","IAT3005191053","NHO2018000007","PAID","","193009"),
("IATT190000453","193048","191002","192010","8000","1","8000","0","8000","1","1","1","IAT3005191053","NHO2018000007","PAID","","193048"),
("IATT190000453","193048","191002","192010","8000","1","8000","0","8000","2","1","1","IAT3005191053","NHO2018000007","PAID","","193048"),
("IATT190000454","193047","191002","192010","8000","1","8000","0","8000","1","1","1","IAT3005191053","NHO2018000007","PAID","","193047"),
("IATT190000454","193056","191002","192010","17000","1","17000","0","17000","1","1","1","IAT3005191053","NHO2018000007","PAID","","193056"),
("IATT190000454","193051","191002","192010","20000","1","20000","0","20000","1","1","1","IAT3005191053","NHO2018000007","PAID","","193051"),
("IATT190000454","193007","191001","192001","37000","1","37000","0","37000","1","1","1","IAT3005191053","NHO2018000007","PAID","","PEDAS"),
("IATT190000454","193022","191001","192003","30000","1","30000","0","30000","1","1","1","IAT3005191053","NHO2018000007","PAID","","193022"),
("IATT190000454","193024","191001","192003","30000","1","30000","0","30000","1","1","1","IAT3005191053","NHO2018000007","PAID","","193024"),
("IATT190000452","193001","191001","192001","30000","1","30000","0","30000","2","1","2","IAT3005191053","NHO2018000007","PAID","CHIKEN","193001"),
("IATT190000451","193022","191001","192003","30000","1","30000","0","30000","2","1","2","IAT3005191053","NHO2018000007","PAID","","193022"),
("IATT190000455","193023","191001","192003","30000","1","30000","0","30000","1","1","1","IAT3005191053","NHO2018000007","PAID","","193023"),
("IATT190000455","193023","191001","192003","30000","1","30000","0","30000","2","1","1","IAT3005191053","NHO2018000007","PAID","","193023"),
("IATT190000455","193022","191001","192003","30000","1","30000","0","30000","1","1","1","IAT3005191053","NHO2018000007","PAID","","193022"),
("IATT190000455","193022","191001","192003","30000","1","30000","0","30000","2","1","1","IAT3005191053","NHO2018000007","PAID","","193022"),
("IATT190000455","193025","191001","192003","30000","1","30000","0","30000","1","1","1","IAT3005191053","NHO2018000007","PAID","","193025"),
("IATT190000455","193003","191001","192001","30000","1","30000","0","30000","1","1","1","IAT3005191053","NHO2018000007","PAID","BEEF","PEDAS"),
("IATT190000455","193047","191002","192010","8000","1","8000","0","8000","1","1","1","IAT3005191053","NHO2018000007","PAID","","193047"),
("IATT190000455","193056","191002","192010","17000","1","17000","0","17000","1","1","1","IAT3005191053","NHO2018000007","PAID","","193056"),
("IATT190000455","193056","191002","192010","17000","1","17000","0","17000","2","1","1","IAT3005191053","NHO2018000007","PAID","","193056"),
("IATT190000455","193055","191002","192010","17000","1","17000","0","17000","1","1","1","IAT3005191053","NHO2018000007","PAID","","193055"),
("IATT190000455","193055","191002","192010","17000","1","17000","0","17000","2","1","1","IAT3005191053","NHO2018000007","PAID","","193055"),
("IATT190000455","193055","191002","192010","17000","1","17000","0","17000","3","1","1","IAT3005191053","NHO2018000007","PAID","","193055"),
("IATT190000456","193022","191001","192003","30000","1","30000","0","30000","1","1","1","IAT3005191053","NHO2018000007","PAID","","193022"),
("IATT190000456","193022","191001","192003","30000","1","30000","0","30000","2","1","1","IAT3005191053","NHO2018000007","PAID","","193022"),
("IATT190000456","193055","191002","192010","17000","1","17000","0","17000","1","1","1","IAT3005191053","NHO2018000007","PAID","","193055"),
("IATT190000456","193055","191002","192010","17000","1","17000","0","17000","2","1","1","IAT3005191053","NHO2018000007","PAID","","193055"),
("IATT190000457","193024","191001","192003","30000","1","30000","0","30000","1","1","1","IAT3005191053","NHO2018000007","PAID","","193024"),
("IATT190000457","193023","191001","192003","30000","1","30000","0","30000","1","1","1","IAT3005191053","NHO2018000007","PAID","","193023"),
("IATT190000457","193023","191001","192003","30000","1","30000","0","30000","2","1","1","IAT3005191053","NHO2018000007","PAID","","193023"),
("IATT190000457","193047","191002","192010","8000","1","8000","0","8000","1","1","1","IAT3005191053","NHO2018000007","PAID","","193047"),
("IATT190000457","193047","191002","192010","8000","1","8000","0","8000","2","1","1","IAT3005191053","NHO2018000007","PAID","","193047"),
("IATT190000457","193046","191002","192010","8000","1","8000","0","8000","1","1","1","IAT3005191053","NHO2018000007","PAID","","193046"),
("IATT190000458","193048","191002","192010","8000","1","8000","0","8000","1","1","1","IAT3005191053","NHO2018000007","PAID","","193048"),
("IATT190000458","193048","191002","192010","8000","1","8000","0","8000","2","1","1","IAT3005191053","NHO2018000007","PAID","","193048"),
("IATT190000458","193022","191001","192003","30000","1","30000","0","30000","1","1","1","IAT3005191053","NHO2018000007","PAID","","193022"),
("IATT190000458","193007","191001","192001","37000","1","37000","0","37000","1","1","1","IAT3005191053","NHO2018000007","PAID","","PEDAS"),
("IATT190000459","193028","191001","192003","43000","1","43000","0","43000","1","1","1","IAT3005191053","NHO2018000007","PAID","","193028"),
("IATT190000459","193028","191001","192003","43000","1","43000","0","43000","2","1","1","IAT3005191053","NHO2018000007","PAID","","193028"),
("IATT190000459","193047","191002","192010","8000","1","8000","0","8000","1","1","1","IAT3005191053","NHO2018000007","PAID","","193047"),
("IATT190000459","193047","191002","192010","8000","1","8000","0","8000","2","1","1","IAT3005191053","NHO2018000007","PAID","","193047"),
("IATT190000459","193047","191002","192010","8000","1","8000","0","8000","3","1","1","IAT3005191053","NHO2018000007","PAID","","193047"),
("IATT190000459","193022","191001","192003","30000","1","30000","0","30000","1","1","1","IAT3005191053","NHO2018000007","PAID","","193022"),
("IATT190000460","193011","191001","192001","40000","1","40000","0","40000","1","1","1","IAT3005191053","NHO2018000007","PAID","","PEDAS"),
("IATT190000460","193011","191001","192001","40000","1","40000","0","40000","2","1","1","IAT3005191053","NHO2018000007","PAID","","PEDAS"),
("IATT190000460","193011","191001","192001","40000","1","40000","0","40000","3","1","1","IAT3005191053","NHO2018000007","PAID","","PEDAS"),
("IATT190000460","193046","191002","192010","8000","1","8000","0","8000","1","1","1","IAT3005191053","NHO2018000007","PAID","","193046"),
("IATT190000460","193046","191002","192010","8000","1","8000","0","8000","2","1","1","IAT3005191053","NHO2018000007","PAID","","193046"),
("IATT190000460","193047","191002","192010","8000","1","8000","0","8000","1","1","1","IAT3005191053","NHO2018000007","PAID","","193047"),
("IATT190000461","193003","191001","192001","30000","1","30000","0","30000","1","1","1","IAT3005191053","NHO2018000007","PAID","BEEF,LEVEL 1 AJA ","PEDAS"),
("IATT190000461","193003","191001","192001","30000","1","30000","0","30000","2","1","1","IAT3005191053","NHO2018000007","PAID","","PEDAS"),
("IATT190000461","193055","191002","192010","17000","1","17000","0","17000","1","1","1","IAT3005191053","NHO2018000007","PAID","","193055"),
("IATT190000461","193055","191002","192010","17000","1","17000","0","17000","2","1","1","IAT3005191053","NHO2018000007","PAID","","193055"),
("IATT190000462","193047","191002","192010","8000","1","8000","0","8000","1","1","1","IAT3005191053","NHO2018000007","PAID","","193047"),
("IATT190000462","193056","191002","192010","17000","1","17000","0","17000","1","1","1","IAT3005191053","NHO2018000007","PAID","","193056"),
("IATT190000462","193048","191002","192010","8000","1","8000","0","8000","1","1","1","IAT3005191053","NHO2018000007","PAID","PAke es","193048"),
("IATT190000462","193055","191002","192010","17000","1","17000","0","17000","1","1","1","IAT3005191053","NHO2018000007","PAID","","193055"),
("IATT190000462","193017","191001","192002","37000","1","37000","0","37000","1","1","1","IAT3005191053","NHO2018000007","PAID","GAK PEDES","193017"),
("IATT190000462","193011","191001","192001","40000","1","40000","0","40000","1","1","1","IAT3005191053","NHO2018000007","PAID","","PEDAS"),
("IATT190000462","193022","191001","192003","30000","1","30000","0","30000","1","1","1","IAT3005191053","NHO2018000007","PAID","","193022"),
("IATT190000462","193023","191001","192003","30000","1","30000","0","30000","1","1","1","IAT3005191053","NHO2018000007","PAID","","193023"),
("IATT190000455","193003","191001","192001","30000","1","30000","0","30000","2","1","2","IAT3005191053","NHO2018000007","PAID","CHIKEN","PEDAS"),
("IATT190000455","193003","191001","192001","30000","1","30000","0","30000","3","1","2","IAT3005191053","NHO2018000007","PAID","","PEDAS"),
("IATT190000463","193003","191001","192001","30000","1","30000","0","30000","1","1","1","IAT3005191053","NHO2018000007","PAID","BEEF","PEDAS"),
("IATT190000463","193022","191001","192003","30000","1","30000","0","30000","1","1","1","IAT3005191053","NHO2018000007","PAID","","193022"),
("IATT190000463","193051","191002","192010","20000","1","20000","0","20000","1","1","1","IAT3005191053","NHO2018000007","PAID","","193051"),
("IATT190000463","193055","191002","192010","17000","1","17000","0","17000","1","1","1","IAT3005191053","NHO2018000007","PAID","","193055"),
("IATT190000464","193003","191001","192001","30000","1","30000","0","30000","1","1","1","IAT3005191053","NHO2018000007","PAID","BEEF","PEDAS"),
("IATT190000464","193034","191001","192005","37000","1","37000","0","37000","1","1","1","IAT3005191053","NHO2018000007","PAID","","193034"),
("IATT190000464","193051","191002","192010","20000","1","20000","0","20000","1","1","1","IAT3005191053","NHO2018000007","PAID","","193051"),
("IATT190000464","193047","191002","192010","8000","1","8000","0","8000","1","1","1","IAT3005191053","NHO2018000007","PAID","","193047"),
("IATT190000455","193003","191001","192001","30000","1","30000","0","30000","4","1","3","IAT3005191053","NHO2018000007","PAID","","PEDAS"),
("IATT190000454","193047","191002","192010","8000","1","8000","0","8000","2","1","2","IAT3005191053","NHO2018000007","PAID","","193047"),
("IATT190000448","193066","191003","192011","0","1","0","0","0","1","1","2","IAT3005191053","NHO2018000007","PAID","","193066"),
("IATT190000448","193066","191003","192011","0","1","0","0","0","2","1","2","IAT3005191053","NHO2018000007","PAID","","193066"),
("IATT190000456","193003","191001","192001","30000","1","30000","0","30000","1","1","2","IAT3005191053","NHO2018000007","PAID","","PEDAS"),
("IATT190000456","193003","191001","192001","30000","1","30000","0","30000","2","1","2","IAT3005191053","NHO2018000007","PAID","","PEDAS"),
("IATT190000454","193066","191003","192011","0","1","0","0","0","1","1","3","IAT3005191053","NHO2018000007","PAID","","193066"),
("IATT190000454","193066","191003","192011","0","1","0","0","0","2","1","3","IAT3005191053","NHO2018000007","PAID","","193066"),
("IATT190000465","193047","191002","192010","8000","1","8000","0","8000","1","1","1","IAT3005191053","NHO2018000007","PAID","","193047"),
("IATT190000465","193047","191002","192010","8000","1","8000","0","8000","2","1","1","IAT3005191053","NHO2018000007","PAID","","193047"),
("IATT190000465","193047","191002","192010","8000","1","8000","0","8000","3","1","1","IAT3005191053","NHO2018000007","PAID","","193047"),
("IATT190000465","193003","191001","192001","30000","1","30000","0","30000","1","1","1","IAT3005191053","NHO2018000007","PAID","BEEF","PEDAS"),
("IATT190000465","193011","191001","192001","40000","1","40000","0","40000","1","1","1","IAT3005191053","NHO2018000007","PAID","","PEDAS"),
("IATT190000465","193003","191001","192001","30000","1","30000","0","30000","2","1","1","IAT3005191053","NHO2018000007","PAID","","PEDAS"),
("IATT190000466","193027","191001","192003","43000","1","43000","0","43000","1","1","1","IAT3005191053","NHO2018000007","PAID","","193027"),
("IATT190000466","193048","191002","192010","8000","1","8000","0","8000","1","1","1","IAT3005191053","NHO2018000007","PAID","","193048"),
("IATT190000455","193039","191001","192006","36000","1","36000","0","36000","1","1","4","IAT3005191053","NHO2018000007","PAID","TAKEAWAY","PEDAS"),
("IATT190000455","193055","191002","192010","17000","1","17000","0","17000","4","1","4","IAT3005191053","NHO2018000007","PAID","","193055"),
("IATT190000455","193055","191002","192010","17000","1","17000","0","17000","5","1","4","IAT3005191053","NHO2018000007","PAID","","193055"),
("IATT190000459","193066","191003","192011","0","1","0","0","0","1","1","2","IAT3005191053","NHO2018000007","PAID","","193066"),
("IATT190000459","193066","191003","192011","0","1","0","0","0","2","1","2","IAT3005191053","NHO2018000007","PAID","","193066"),
("IATT190000456","193055","191002","192010","17000","1","17000","0","17000","3","1","3","IAT3005191053","NHO2018000007","PAID","","193055"),
("IATT190000467","193010","191001","192001","40000","1","40000","0","40000","1","1","1","IAT3005191053","NHO2018000007","PAID","","193010"),
("IATT190000467","193011","191001","192001","40000","1","40000","0","40000","1","1","1","IAT3005191053","NHO2018000007","PAID","","PEDAS"),
("IATT190000467","193055","191002","192010","17000","1","17000","0","17000","1","1","1","IAT3005191053","NHO2018000007","PAID","","193055"),
("IATT190000467","193051","191002","192010","20000","1","20000","0","20000","1","1","1","IAT3005191053","NHO2018000007","PAID","","193051"),
("IATT190000468","193048","191002","192010","8000","1","8000","0","8000","1","1","1","IAT3005191053","NHO2018000007","PAID","","193048"),
("IATT190000468","193056","191002","192010","17000","1","17000","0","17000","1","1","1","IAT3005191053","NHO2018000007","PAID","","193056"),
("IATT190000468","193024","191001","192003","30000","1","30000","0","30000","1","1","1","IAT3005191053","NHO2018000007","PAID","","193024"),
("IATT190000468","193003","191001","192001","30000","1","30000","0","30000","1","1","1","IAT3005191053","NHO2018000007","PAID","BEEF","PEDAS"),
("IATT190000469","193024","191001","192003","30000","1","30000","0","30000","1","1","1","IAT3005191053","NHO2018000007","PAID","","193024"),
("IATT190000469","193022","191001","192003","30000","1","30000","0","30000","1","1","1","IAT3005191053","NHO2018000007","PAID","","193022"),
("IATT190000469","193022","191001","192003","30000","1","30000","0","30000","2","1","1","IAT3005191053","NHO2018000007","PAID","","193022"),
("IATT190000469","193050","191002","192010","20000","1","20000","0","20000","1","1","1","IAT3005191053","NHO2018000007","PAID","","193050"),
("IATT190000469","193049","191002","192010","10000","1","10000","0","10000","1","1","1","IAT3005191053","NHO2018000007","PAID","","193049"),
("IATT190000470","193001","191001","192001","30000","1","30000","0","30000","1","1","1","IAT3005191053","NHO2018000007","PAID","BEEF PEDESSSS","193001"),
("IATT190000470","193048","191002","192010","8000","1","8000","0","8000","1","1","1","IAT3005191053","NHO2018000007","PAID","","193048"),
("IATT190000461","193066","191003","192011","0","1","0","0","0","1","1","2","IAT3005191053","NHO2018000007","PAID","","193066"),
("IATT190000461","193066","191003","192011","0","1","0","0","0","2","1","2","IAT3005191053","NHO2018000007","PAID","","193066"),
("IATT190000464","193066","191003","192011","0","1","0","0","0","1","1","2","IAT3005191053","NHO2018000007","PAID","","193066"),
("IATT190000464","193066","191003","192011","0","1","0","0","0","2","1","2","IAT3005191053","NHO2018000007","PAID","","193066"),
("IATT190000471","193019","191001","192002","40000","1","40000","0","40000","1","1","1","IAT3005191053","NHO2018000007","PAID","","PEDAS"),
("IATT190000471","193022","191001","192003","30000","1","30000","0","30000","1","1","1","IAT3005191053","NHO2018000007","PAID","","193022"),
("IATT190000471","193046","191002","192010","8000","1","8000","0","8000","1","1","1","IAT3005191053","NHO2018000007","PAID","","193046"),
("IATT190000471","193046","191002","192010","8000","1","8000","0","8000","2","1","1","IAT3005191053","NHO2018000007","PAID","","193046"),
("IATT190000472","193005","191001","192001","37000","1","37000","0","37000","1","1","1","IAT3005191053","NHO2018000007","PAID","","193005"),
("IATT190000472","193011","191001","192001","40000","1","40000","0","40000","1","1","1","IAT3005191053","NHO2018000007","PAID","","PEDAS"),
("IATT190000472","193048","191002","192010","8000","1","8000","0","8000","1","1","1","IAT3005191053","NHO2018000007","PAID","","193048"),
("IATT190000472","193047","191002","192010","8000","1","8000","0","8000","1","1","1","IAT3005191053","NHO2018000007","PAID","","193047"),
("IATT190000472","193033","191001","192005","42000","1","42000","0","42000","1","1","2","IAT3005191053","NHO2018000007","PAID","","193033"),
("IATT190000466","193066","191003","192011","0","1","0","0","0","1","1","2","IAT3005191053","NHO2018000007","PAID","","193066"),
("IATT190000466","193066","191003","192011","0","1","0","0","0","2","1","2","IAT3005191053","NHO2018000007","PAID","","193066"),
("IATT190000467","193066","191003","192011","0","1","0","0","0","1","1","2","IAT3005191053","NHO2018000007","PAID","","193066"),
("IATT190000467","193066","191003","192011","0","1","0","0","0","2","1","2","IAT3005191053","NHO2018000007","PAID","","193066"),
("IATT190000473","193046","191002","192010","8000","1","8000","0","8000","1","1","1","IAT3005191053","NHO2018000007","PAID","","193046"),
("IATT190000473","193046","191002","192010","8000","1","8000","0","8000","2","1","1","IAT3005191053","NHO2018000007","PAID","","193046"),
("IATT190000473","193003","191001","192001","30000","1","30000","0","30000","1","1","1","IAT3005191053","NHO2018000007","PAID","BEEF DAN CHICKEN","ORIGINAL"),
("IATT190000473","193003","191001","192001","30000","1","30000","0","30000","2","1","1","IAT3005191053","NHO2018000007","PAID","","ORIGINAL"),
("IATT190000473","193024","191001","192003","30000","1","30000","0","30000","1","1","1","IAT3005191053","NHO2018000007","PAID","","193024"),
("IATT190000473","193032","191001","192004","30000","1","30000","0","30000","1","1","1","IAT3005191053","NHO2018000007","PAID","","193032"),
("IATT190000453","193066","191003","192011","0","1","0","0","0","1","1","2","IAT3005191053","NHO2018000007","PAID","","193066"),
("IATT190000453","193066","191003","192011","0","1","0","0","0","2","1","2","IAT3005191053","NHO2018000007","PAID","","193066"),
("IATT190000471","193066","191003","192011","0","1","0","0","0","1","1","2","IAT3005191053","NHO2018000007","PAID","","193066"),
("IATT190000471","193066","191003","192011","0","1","0","0","0","2","1","2","IAT3005191053","NHO2018000007","PAID","","193066"),
("IATT190000473","193066","191003","192011","0","1","0","0","0","1","1","2","IAT3005191053","NHO2018000007","PAID","","193066"),
("IATT190000473","193066","191003","192011","0","1","0","0","0","2","1","2","IAT3005191053","NHO2018000007","PAID","","193066"),
("IATT190000473","193066","191003","192011","0","1","0","0","0","3","1","3","IAT3005191053","NHO2018000007","PAID","","193066"),
("IATT190000473","193066","191003","192011","0","1","0","0","0","4","1","3","IAT3005191053","NHO2018000007","PAID","","193066"),
("IATT190000471","193066","191003","192011","0","1","0","0","0","3","1","3","IAT3005191053","NHO2018000007","PAID","","193066"),
("IATT190000471","193066","191003","192011","0","1","0","0","0","4","1","3","IAT3005191053","NHO2018000007","PAID","","193066"),
("IATT190000474","193024","191001","192003","30000","1","30000","0","30000","1","1","1","IAT3005191053","NHO2018000007","PAID","","193024"),
("IATT190000474","193019","191001","192002","40000","1","40000","0","40000","1","1","1","IAT3005191053","NHO2018000007","PAID","","PEDAS"),
("IATT190000474","193055","191002","192010","17000","1","17000","0","17000","1","1","1","IAT3005191053","NHO2018000007","PAID","","193055"),
("IATT190000474","193048","191002","192010","8000","1","8000","0","8000","1","1","1","IAT3005191053","NHO2018000007","PAID","","193048"),
("IATT190000472","193066","191003","192011","0","1","0","0","0","1","1","3","IAT3005191053","NHO2018000007","PAID","","193066"),
("IATT190000472","193066","191003","192011","0","1","0","0","0","2","1","3","IAT3005191053","NHO2018000007","PAID","","193066"),
("IATT190000474","193019","191001","192002","40000","1","40000","0","40000","2","1","2","IAT3005191053","NHO2018000007","PAID","","PEDAS");



INSERT INTO pos_salestemp VALUES("IATT190000417","","1","48000","0","0","0","0","0","30/05/2019","10:53","30/05/2019","10:57:37","ISU000011","tbl0012","CANCELED","1","PERMINTAAN CUSTOMER","","","","","","IAT3005191053","NHO2018000007"),
("IATT190000418","","1","30000","0","3000","0","33000","50000","30/05/2019","12:00","30/05/2019","12:00:42","ISU000011","takeaway","CLOSED","1","","IATR190000402","","","","","IAT3005191053","NHO2018000007"),
("IATT190000419","","2","107000","0","10700","0","117700","120000","30/05/2019","12:41","30/05/2019","13:13:50","ISU000011","tbl0011","CLOSED","1","","IATR190000403","","","","","IAT3005191053","NHO2018000007"),
("IATT190000420","","1","60000","0","6000","0","66000","66000","30/05/2019","14:15","30/05/2019","14:42:14","ISU000011","tbl0020","CLOSED","1","","IATR190000404","","","","","IAT3005191053","NHO2018000007"),
("IATT190000421","","2","51000","0","5100","0","56100","60000","30/05/2019","15:56","30/05/2019","16:36:25","ISU000012","tbl0010","CLOSED","1","","IATR190000406","","","","","IAT3005191053","NHO2018000007"),
("IATT190000422","","2","45000","0","4500","0","49500","100000","30/05/2019","16:03","30/05/2019","16:06:20","ISU000012","tbl0012","CLOSED","1","","IATR190000405","","","","","IAT3005191053","NHO2018000007"),
("IATT190000423","","1","33000","0","3300","0","36300","50000","30/05/2019","16:19","30/05/2019","16:55:49","ISU000012","tbl0007","CLOSED","1","","IATR190000408","","","","","IAT3005191053","NHO2018000007"),
("IATT190000424","","2","77000","0","7700","0","84700","84700","30/05/2019","16:44","30/05/2019","16:48:37","ISU000012","tbl0011","CLOSED","1","","IATR190000407","","","","","IAT3005191053","NHO2018000007"),
("IATT190000425","","3","274000","0","27400","0","301400","301400","30/05/2019","17:07","30/05/2019","18:53:14","ISU000012","tbl0013","CLOSED","1","","IATR190000429","","","","","IAT3005191053","NHO2018000007"),
("IATT190000426","","3","132000","0","13200","0","145200","150000","30/05/2019","17:09","30/05/2019","18:04:05","ISU000012","tbl0004","CLOSED","1","","IATR190000412","","","","","IAT3005191053","NHO2018000007"),
("IATT190000427","","0","187000","0","18700","0","205700","205700","30/05/2019","17:12","30/05/2019","18:06:59","ISU000012","tbl0012","CLOSED","1","","IATR190000413","","","","","IAT3005191053","NHO2018000007"),
("IATT190000428","","2","114000","0","11400","0","125400","150000","30/05/2019","17:15","30/05/2019","18:42:39","ISU000012","tbl0020","CLOSED","1","","IATR190000426","","","","","IAT3005191053","NHO2018000007"),
("IATT190000429","","3","168000","0","16800","0","184800","184800","30/05/2019","17:18","30/05/2019","17:52:49","ISU000012","tbl0017","CLOSED","1","","IATR190000409","","","","","IAT3005191053","NHO2018000007"),
("IATT190000430","","6","340000","0","34000","0","374000","400000","30/05/2019","17:19","30/05/2019","18:23:41","ISU000012","tbl0024","CLOSED","1","","IATR190000417","","","","","IAT3005191053","NHO2018000007"),
("IATT190000431","","2","127000","0","12700","0","139700","150000","30/05/2019","17:23","30/05/2019","18:22:13","ISU000012","tbl0009","CLOSED","1","","IATR190000416","","","","","IAT3005191053","NHO2018000007"),
("IATT190000432","","2","84000","0","8400","0","92400","92400","30/05/2019","17:24","30/05/2019","18:02:44","ISU000012","tbl0006","CLOSED","1","","IATR190000411","","","","","IAT3005191053","NHO2018000007"),
("IATT190000433","","3","139000","0","13900","0","152900","160000","30/05/2019","17:26","30/05/2019","18:24:39","ISU000012","tbl0021","CLOSED","1","","IATR190000418","","","","","IAT3005191053","NHO2018000007"),
("IATT190000434","","3","130000","0","13000","0","143000","200000","30/05/2019","17:28","30/05/2019","18:15:17","ISU000012","tbl0031","CLOSED","1","","IATR190000415","","","","","IAT3005191053","NHO2018000007"),
("IATT190000435","","2","126000","0","12600","0","138600","138600","30/05/2019","17:29","30/05/2019","18:33:09","ISU000012","tbl0019","CLOSED","1","","IATR190000423","","","","","IAT3005191053","NHO2018000007"),
("IATT190000436","","2","98000","0","9800","0","107800","108000","30/05/2019","17:30","30/05/2019","18:46:16","ISU000012","tbl0007","CLOSED","1","","IATR190000428","","","","","IAT3005191053","NHO2018000007"),
("IATT190000437","","2","408000","0","40800","0","448800","448800","30/05/2019","17:33","30/05/2019","18:41:32","ISU000012","tbl0023","CLOSED","1","","IATR190000425","","","","","IAT3005191053","NHO2018000007"),
("IATT190000438","","2","95000","0","9500","0","104500","105000","30/05/2019","17:36","30/05/2019","18:26:53","ISU000012","tbl0005","CLOSED","1","","IATR190000420","","","","","IAT3005191053","NHO2018000007"),
("IATT190000439","","2","0","0","0","0","0","0","30/05/2019","17:36","30/05/2019","17:37:44","ISU000012","tbl0001","CANCELED","1","PERMINTAAN CUSTOMER","","","","","","IAT3005191053","NHO2018000007"),
("IATT190000440","","2","128000","0","12800","0","140800","150000","30/05/2019","17:38","30/05/2019","18:25:45","ISU000012","tbl0001","CLOSED","1","","IATR190000419","","","","","IAT3005191053","NHO2018000007"),
("IATT190000441","","2","131000","0","13100","0","144100","200000","30/05/2019","17:38","30/05/2019","18:28:45","ISU000012","tbl0003","CLOSED","1","","IATR190000421","","","","","IAT3005191053","NHO2018000007"),
("IATT190000442","","2","108000","0","10800","0","118800","120000","30/05/2019","17:39","30/05/2019","18:30:58","ISU000012","tbl0011","CLOSED","1","","IATR190000422","","","","","IAT3005191053","NHO2018000007"),
("IATT190000443","","2","0","0","0","0","0","0","30/05/2019","17:40","30/05/2019","17:40:45","ISU000012","tbl0010","CANCELED","1","PERMINTAAN CUSTOMER","","","","","","IAT3005191053","NHO2018000007"),
("IATT190000444","","2","93000","0","9300","0","102300","105000","30/05/2019","17:41","30/05/2019","18:39:16","ISU000012","tbl0050","CLOSED","1","","IATR190000424","","","","","IAT3005191053","NHO2018000007"),
("IATT190000445","","2","0","0","0","0","0","0","30/05/2019","17:43","30/05/2019","17:43:36","ISU000012","tbl0010","CANCELED","1","PERMINTAAN CUSTOMER","","","","","","IAT3005191053","NHO2018000007"),
("IATT190000446","","2","188000","0","18800","0","206800","206800","30/05/2019","17:46","30/05/2019","18:44:40","ISU000012","tbl0010","CLOSED","1","","IATR190000427","","","","","IAT3005191053","NHO2018000007"),
("IATT190000447","","1","8000","0","800","0","8800","10000","30/05/2019","17:54","30/05/2019","17:54:37","ISU000012","tbl0015","CLOSED","1","","IATR190000410","","","","","IAT3005191053","NHO2018000007"),
("IATT190000448","","4","217000","0","21700","0","238700","250000","30/05/2019","17:57","30/05/2019","19:18:12","ISU000012","tbl0022","CLOSED","1","","IATR190000433","","","","","IAT3005191053","NHO2018000007"),
("IATT190000449","","1","8000","0","800","0","8800","10800","30/05/2019","18:08","30/05/2019","18:10:30","ISU000012","tbl0048","CLOSED","1","","IATR190000414","","","","","IAT3005191053","NHO2018000007"),
("IATT190000450","","2","68000","0","6800","0","74800","105000","30/05/2019","18:16","30/05/2019","19:05:37","ISU000012","tbl0004","CLOSED","1","","IATR190000431","","","","","IAT3005191053","NHO2018000007"),
("IATT190000451","","2","247000","0","24700","0","271700","271700","30/05/2019","18:18","30/05/2019","19:04:23","ISU000012","tbl0012","CLOSED","1","","IATR190000430","","","","","IAT3005191053","NHO2018000007"),
("IATT190000452","","2","140000","0","14000","0","154000","204000","30/05/2019","18:29","30/05/2019","19:17:04","ISU000012","tbl0006","CLOSED","1","","IATR190000432","","","","","IAT3005191053","NHO2018000007"),
("IATT190000453","","0","176000","0","17600","0","193600","193600","30/05/2019","18:33","30/05/2019","21:00:04","ISU000012","tbl0017","CLOSED","1","","IATR190000454","","","","","IAT3005191053","NHO2018000007"),
("IATT190000454","","2","150000","0","15000","0","165000","165000","30/05/2019","18:34","30/05/2019","19:23:40","ISU000012","tbl0011","CLOSED","1","","IATR190000434","","","","","IAT3005191053","NHO2018000007"),
("IATT190000455","","3","433000","0","43300","0","476300","480000","30/05/2019","18:48","30/05/2019","20:00:10","ISU000012","tbl0024","CLOSED","1","","IATR190000443","","","","","IAT3005191053","NHO2018000007"),
("IATT190000456","","2","171000","0","17100","0","188100","203200","30/05/2019","18:49","30/05/2019","20:01:43","ISU000012","tbl0019","CLOSED","1","","IATR190000444","","","","","IAT3005191053","NHO2018000007"),
("IATT190000457","","3","114000","0","11400","0","125400","200000","30/05/2019","18:50","30/05/2019","19:28:58","ISU000012","tbl0009","CLOSED","1","","IATR190000435","","","","","IAT3005191053","NHO2018000007"),
("IATT190000458","","2","83000","0","8300","0","91300","100000","30/05/2019","18:51","30/05/2019","19:42:00","ISU000012","tbl0005","CLOSED","1","","IATR190000438","","","","","IAT3005191053","NHO2018000007"),
("IATT190000459","","2","140000","0","14000","0","154000","154000","30/05/2019","18:53","30/05/2019","19:37:21","ISU000012","tbl0001","CLOSED","1","","IATR190000436","","","","","IAT3005191053","NHO2018000007"),
("IATT190000460","","2","144000","0","14400","0","158400","200000","30/05/2019","18:54","30/05/2019","19:40:04","ISU000012","tbl0003","CLOSED","1","","IATR190000437","","","","","IAT3005191053","NHO2018000007"),
("IATT190000461","","2","94000","0","9400","0","103400","103400","30/05/2019","18:55","30/05/2019","19:54:36","ISU000012","tbl0015","CLOSED","1","","IATR190000441","","","","","IAT3005191053","NHO2018000007"),
("IATT190000462","","2","187000","0","18700","0","205700","220000","30/05/2019","18:56","30/05/2019","19:50:19","ISU000012","tbl0010","CLOSED","1","","IATR190000439","","","","","IAT3005191053","NHO2018000007"),
("IATT190000463","","2","97000","0","9700","0","106700","106700","30/05/2019","19:00","30/05/2019","19:52:10","ISU000012","tbl0007","CLOSED","1","","IATR190000440","","","","","IAT3005191053","NHO2018000007"),
("IATT190000464","","2","95000","0","9500","0","104500","104500","30/05/2019","19:11","30/05/2019","19:55:54","ISU000012","tbl0012","CLOSED","1","","IATR190000442","","","","","IAT3005191053","NHO2018000007"),
("IATT190000465","","0","124000","0","12400","0","136400","200000","30/05/2019","19:26","30/05/2019","20:09:05","ISU000012","tbl0013","CLOSED","1","","IATR190000446","","","","","IAT3005191053","NHO2018000007"),
("IATT190000466","","0","51000","0","5100","0","56100","109000","30/05/2019","19:27","30/05/2019","20:16:00","ISU000012","tbl0006","CLOSED","1","","IATR190000449","","","","","IAT3005191053","NHO2018000007"),
("IATT190000467","","2","117000","0","11700","0","128700","150000","30/05/2019","19:42","30/05/2019","20:16:51","ISU000012","tbl0011","CLOSED","1","","IATR190000450","","","","","IAT3005191053","NHO2018000007"),
("IATT190000468","","2","85000","0","8500","0","93500","100000","30/05/2019","19:43","30/05/2019","20:14:30","ISU000012","tbl0008","CLOSED","1","","IATR190000448","","","","","IAT3005191053","NHO2018000007"),
("IATT190000469","","0","120000","0","12000","0","132000","150000","30/05/2019","19:44","30/05/2019","20:12:15","ISU000012","tbl0023","CLOSED","1","","IATR190000447","","","","","IAT3005191053","NHO2018000007"),
("IATT190000470","","1","38000","0","3800","0","41800","45000","30/05/2019","19:47","30/05/2019","20:06:30","ISU000012","tbl0020","CLOSED","1","","IATR190000445","","","","","IAT3005191053","NHO2018000007"),
("IATT190000471","","2","86000","0","8600","0","94600","100000","30/05/2019","20:04","30/05/2019","20:33:26","ISU000012","tbl0012","CLOSED","1","","IATR190000452","","","","","IAT3005191053","NHO2018000007"),
("IATT190000472","","0","135000","0","13500","0","148500","148500","30/05/2019","20:10","30/05/2019","20:50:34","ISU000012","tbl0010","CLOSED","1","","IATR190000453","","","","","IAT3005191053","NHO2018000007"),
("IATT190000473","","4","136000","0","13600","0","149600","150000","30/05/2019","20:21","30/05/2019","20:25:03","ISU000012","tbl0020","CLOSED","1","","IATR190000451","","","","","IAT3005191053","NHO2018000007"),
("IATT190000474","","2","135000","0","13500","0","148500","150000","30/05/2019","20:47","30/05/2019","21:15:23","ISU000012","tbl0012","CLOSED","1","","IATR190000455","","","","","IAT3005191053","NHO2018000007");



INSERT INTO item_void VALUES("IATT190000420","IAT3005191053","NHO2018000007","193028","193028","1","43000","Before Send","Komplen Customer"),
("IATT190000425","IAT3005191053","NHO2018000007","193052","193052","1","20000","Before Send","Komplen Customer"),
("IATT190000442","IAT3005191053","NHO2018000007","193053","193053","1","20000","Before Send","Komplen Customer"),
("IATT190000427","IAT3005191053","NHO2018000007","193052","193052","1","20000","Before Send","Komplen Customer"),
("IATT190000427","IAT3005191053","NHO2018000007","193052","193052","1","20000","Before Send","Komplen Customer"),
("IATT190000427","IAT3005191053","NHO2018000007","193054","193054","1","20000","Before Send","Komplen Customer");









INSERT INTO pos_paymenttemp VALUES("IATT190000418","CASH","CASH","33000","50000","ISU000011","2019-05-30","","1","","CLOSED","IAT3005191053","NHO2018000007"),
("IATT190000419","CASH","CASH","117700","120000","ISU000011","2019-05-30","","1","","CLOSED","IAT3005191053","NHO2018000007"),
("IATT190000420","CARD","MASTER","66000","66000","ISU000011","2019-05-30","","1","","CLOSED","IAT3005191053","NHO2018000007"),
("IATT190000422","CASH","CASH","49500","100000","ISU000012","2019-05-30","","1","","CLOSED","IAT3005191053","NHO2018000007"),
("IATT190000421","CASH","CASH","56100","60000","ISU000012","2019-05-30","","1","","CLOSED","IAT3005191053","NHO2018000007"),
("IATT190000424","CARD","DEBIT BCA","84700","84700","ISU000012","2019-05-30","","1","","CLOSED","IAT3005191053","NHO2018000007"),
("IATT190000423","CASH","CASH","36300","50000","ISU000012","2019-05-30","","1","","CLOSED","IAT3005191053","NHO2018000007"),
("IATT190000429","CARD","MASTER","184800","184800","ISU000012","2019-05-30","","1","","CLOSED","IAT3005191053","NHO2018000007"),
("IATT190000447","CASH","CASH","8800","10000","ISU000012","2019-05-30","","1","","CLOSED","IAT3005191053","NHO2018000007"),
("IATT190000432","CARD","VISA","92400","92400","ISU000012","2019-05-30","","1","","CLOSED","IAT3005191053","NHO2018000007"),
("IATT190000426","CASH","CASH","145200","150000","ISU000012","2019-05-30","","1","","CLOSED","IAT3005191053","NHO2018000007"),
("IATT190000427","CASH","CASH","205700","205700","ISU000012","2019-05-30","","1","","CLOSED","IAT3005191053","NHO2018000007"),
("IATT190000449","CASH","CASH","8800","10800","ISU000012","2019-05-30","","1","","CLOSED","IAT3005191053","NHO2018000007"),
("IATT190000434","CASH","CASH","143000","200000","ISU000012","2019-05-30","","1","","CLOSED","IAT3005191053","NHO2018000007"),
("IATT190000431","CASH","CASH","139700","150000","ISU000012","2019-05-30","","1","","CLOSED","IAT3005191053","NHO2018000007"),
("IATT190000430","CASH","CASH","374000","400000","ISU000012","2019-05-30","","1","","CLOSED","IAT3005191053","NHO2018000007"),
("IATT190000433","CASH","CASH","152900","160000","ISU000012","2019-05-30","","1","","CLOSED","IAT3005191053","NHO2018000007"),
("IATT190000440","CASH","CASH","140800","150000","ISU000012","2019-05-30","","1","","CLOSED","IAT3005191053","NHO2018000007"),
("IATT190000438","CASH","CASH","104500","105000","ISU000012","2019-05-30","","1","","CLOSED","IAT3005191053","NHO2018000007"),
("IATT190000441","CASH","CASH","144100","200000","ISU000012","2019-05-30","","1","","CLOSED","IAT3005191053","NHO2018000007"),
("IATT190000442","CASH","CASH","118800","120000","ISU000012","2019-05-30","","1","","CLOSED","IAT3005191053","NHO2018000007"),
("IATT190000435","CARD","VISA","138600","138600","ISU000012","2019-05-30","","1","","CLOSED","IAT3005191053","NHO2018000007"),
("IATT190000444","CASH","CASH","102300","105000","ISU000012","2019-05-30","","1","","CLOSED","IAT3005191053","NHO2018000007"),
("IATT190000437","CARD","MASTER","448800","448800","ISU000012","2019-05-30","","1","","CLOSED","IAT3005191053","NHO2018000007"),
("IATT190000428","CASH","CASH","125400","150000","ISU000012","2019-05-30","","1","","CLOSED","IAT3005191053","NHO2018000007"),
("IATT190000446","CASH","CASH","206800","206800","ISU000012","2019-05-30","","1","","CLOSED","IAT3005191053","NHO2018000007"),
("IATT190000436","CASH","CASH","107800","108000","ISU000012","2019-05-30","","1","","CLOSED","IAT3005191053","NHO2018000007"),
("IATT190000425","CARD","DEBIT BCA","301400","301400","ISU000012","2019-05-30","","1","","CLOSED","IAT3005191053","NHO2018000007"),
("IATT190000451","CARD","VISA","271700","271700","ISU000012","2019-05-30","","1","","CLOSED","IAT3005191053","NHO2018000007"),
("IATT190000450","CASH","CASH","74800","105000","ISU000012","2019-05-30","","1","","CLOSED","IAT3005191053","NHO2018000007"),
("IATT190000452","CASH","CASH","154000","204000","ISU000012","2019-05-30","","1","","CLOSED","IAT3005191053","NHO2018000007"),
("IATT190000448","CASH","CASH","238700","250000","ISU000012","2019-05-30","","1","","CLOSED","IAT3005191053","NHO2018000007"),
("IATT190000454","CARD","DEBIT BCA","165000","165000","ISU000012","2019-05-30","","1","","CLOSED","IAT3005191053","NHO2018000007"),
("IATT190000457","CASH","CASH","125400","200000","ISU000012","2019-05-30","","1","","CLOSED","IAT3005191053","NHO2018000007"),
("IATT190000459","CASH","CASH","154000","154000","ISU000012","2019-05-30","","1","","CLOSED","IAT3005191053","NHO2018000007"),
("IATT190000460","CASH","CASH","158400","200000","ISU000012","2019-05-30","","1","","CLOSED","IAT3005191053","NHO2018000007"),
("IATT190000458","CASH","CASH","91300","100000","ISU000012","2019-05-30","","1","","CLOSED","IAT3005191053","NHO2018000007"),
("IATT190000462","CASH","CASH","205700","220000","ISU000012","2019-05-30","","1","","CLOSED","IAT3005191053","NHO2018000007"),
("IATT190000463","CARD","DEBIT BCA","106700","106700","ISU000012","2019-05-30","","1","","CLOSED","IAT3005191053","NHO2018000007"),
("IATT190000461","CASH","CASH","103400","103400","ISU000012","2019-05-30","","1","","CLOSED","IAT3005191053","NHO2018000007"),
("IATT190000464","CASH","CASH","104500","104500","ISU000012","2019-05-30","","1","","CLOSED","IAT3005191053","NHO2018000007"),
("IATT190000455","CASH","CASH","476300","480000","ISU000012","2019-05-30","","1","","CLOSED","IAT3005191053","NHO2018000007"),
("IATT190000456","CASH","CASH","188100","203200","ISU000012","2019-05-30","","1","","CLOSED","IAT3005191053","NHO2018000007"),
("IATT190000470","CASH","CASH","41800","45000","ISU000012","2019-05-30","","1","","CLOSED","IAT3005191053","NHO2018000007"),
("IATT190000465","CASH","CASH","136400","200000","ISU000012","2019-05-30","","1","","CLOSED","IAT3005191053","NHO2018000007"),
("IATT190000469","CASH","CASH","132000","150000","ISU000012","2019-05-30","","1","","CLOSED","IAT3005191053","NHO2018000007"),
("IATT190000468","CASH","CASH","93500","100000","ISU000012","2019-05-30","","1","","CLOSED","IAT3005191053","NHO2018000007"),
("IATT190000466","CASH","CASH","52000","52000","ISU000012","2019-05-30","","1","","CLOSED","IAT3005191053","NHO2018000007"),
("IATT190000466","CASH","CASH","4100","57000","ISU000012","2019-05-30","","1","","CLOSED","IAT3005191053","NHO2018000007"),
("IATT190000467","CASH","CASH","128700","150000","ISU000012","2019-05-30","","1","","CLOSED","IAT3005191053","NHO2018000007"),
("IATT190000473","CASH","CASH","149600","150000","ISU000012","2019-05-30","","1","","CLOSED","IAT3005191053","NHO2018000007"),
("IATT190000471","CASH","CASH","94600","100000","ISU000012","2019-05-30","","1","","CLOSED","IAT3005191053","NHO2018000007"),
("IATT190000472","CARD","DEBIT BCA","148500","148500","ISU000012","2019-05-30","","1","","CLOSED","IAT3005191053","NHO2018000007"),
("IATT190000453","CARD","MASTER","193600","193600","ISU000012","2019-05-30","","1","","CLOSED","IAT3005191053","NHO2018000007"),
("IATT190000474","CASH","CASH","148500","150000","ISU000012","2019-05-30","","1","","CLOSED","IAT3005191053","NHO2018000007");



