INSERT INTO pos_itemtemp VALUES("IATT190001686","193028","191001","192003","43000","1","43000","0","43000","1","1","1","IAT3107191009","NHO2018000007","PAID","","193028"),
("IATT190001686","193079","191001","192001","30000","1","30000","0","30000","1","1","1","IAT3107191009","NHO2018000007","PAID","","193079"),
("IATT190001686","193069","191001","192012","13000","1","13000","0","13000","1","1","1","IAT3107191009","NHO2018000007","PAID","","193069"),
("IATT190001686","193070","191001","192012","13000","1","13000","0","13000","1","1","1","IAT3107191009","NHO2018000007","PAID","","193070"),
("IATT190001686","193021","191001","192002","40000","1","40000","0","40000","1","1","1","IAT3107191009","NHO2018000007","PAID","take away","ORIGINAL"),
("IATT190001686","193046","191002","192010","8000","1","8000","0","8000","1","1","1","IAT3107191009","NHO2018000007","PAID","","193046"),
("IATT190001686","193056","191002","192010","17000","1","17000","0","17000","1","1","1","IAT3107191009","NHO2018000007","PAID","","193056"),
("IATT190001686","193055","191002","192010","17000","1","17000","0","17000","1","1","1","IAT3107191009","NHO2018000007","PAID","","193055"),
("IATT190001687","193083","191001","192001","30000","1","30000","0","30000","1","1","1","IAT3107191009","NHO2018000007","PAID","","193083"),
("IATT190001687","193022","191001","192003","30000","1","30000","0","30000","1","1","1","IAT3107191009","NHO2018000007","PAID","","193022"),
("IATT190001687","193052","191002","192010","20000","1","20000","0","20000","1","1","2","IAT3107191009","NHO2018000007","PAID","","193052"),
("IATT190001688","193082","191001","192001","30000","1","30000","0","30000","1","1","1","IAT3107191009","NHO2018000007","PAID","","193082"),
("IATT190001688","193047","191002","192010","8000","1","8000","0","8000","1","1","1","IAT3107191009","NHO2018000007","PAID","","193047"),
("IATT190001689","193028","191001","192003","43000","1","43000","0","43000","1","1","1","IAT3107191009","NHO2018000007","PAID","","193028"),
("IATT190001689","193070","191001","192012","13000","1","13000","0","13000","1","1","1","IAT3107191009","NHO2018000007","PAID","","193070"),
("IATT190001690","193022","191001","192003","30000","1","30000","0","30000","1","1","1","IAT3107191009","NHO2018000007","PAID","","193022"),
("IATT190001690","193011","191001","192001","40000","1","40000","0","40000","1","1","1","IAT3107191009","NHO2018000007","PAID","","PEDAS"),
("IATT190001690","193047","191002","192010","8000","1","8000","0","8000","1","1","1","IAT3107191009","NHO2018000007","PAID","","193047"),
("IATT190001690","193047","191002","192010","8000","1","8000","0","8000","2","1","1","IAT3107191009","NHO2018000007","PAID","","193047"),
("IATT190001691","193084","191001","192001","30000","1","30000","0","30000","1","1","1","IAT3107191009","NHO2018000007","PAID"," lvl 2","PEDAS"),
("IATT190001692","193028","191001","192003","43000","1","43000","0","43000","1","1","1","IAT3107191009","NHO2018000007","PAID","","193028"),
("IATT190001692","193070","191001","192012","13000","1","13000","0","13000","1","1","1","IAT3107191009","NHO2018000007","PAID","","193070"),
("IATT190001692","193083","191001","192001","30000","1","30000","0","30000","1","1","1","IAT3107191009","NHO2018000007","PAID","lvl 1","193083"),
("IATT190001692","193048","191002","192010","8000","1","8000","0","8000","1","1","1","IAT3107191009","NHO2018000007","PAID","","193048"),
("IATT190001693","193022","191001","192003","30000","1","30000","0","30000","1","1","1","IAT3107191009","NHO2018000007","PAID","","193022"),
("IATT190001693","193078","191001","192001","30000","1","30000","0","30000","1","1","1","IAT3107191009","NHO2018000007","PAID","","PEDAS"),
("IATT190001693","193047","191002","192010","8000","1","8000","0","8000","1","1","1","IAT3107191009","NHO2018000007","PAID","","193047"),
("IATT190001694","193027","191001","192003","43000","1","43000","0","43000","1","1","1","IAT3107191009","NHO2018000007","PAID","","193027"),
("IATT190001694","193028","191001","192003","43000","1","43000","0","43000","1","1","1","IAT3107191009","NHO2018000007","PAID","","193028"),
("IATT190001694","193047","191002","192010","8000","1","8000","0","8000","1","1","1","IAT3107191009","NHO2018000007","PAID","","193047"),
("IATT190001694","193047","191002","192010","8000","1","8000","0","8000","2","1","1","IAT3107191009","NHO2018000007","PAID","","193047"),
("IATT190001694","193047","191002","192010","8000","1","8000","0","8000","3","1","2","IAT3107191009","NHO2018000007","PAID","","193047"),
("IATT190001695","193084","191001","192001","30000","1","30000","0","30000","1","1","1","IAT3107191009","NHO2018000007","PAID","","PEDAS"),
("IATT190001696","193084","191001","192001","30000","1","30000","0","30000","1","1","1","IAT3107191009","NHO2018000007","PAID","","PEDAS"),
("IATT190001696","193051","191002","192010","20000","1","20000","0","20000","1","1","1","IAT3107191009","NHO2018000007","PAID","","193051"),
("IATT190001697","193019","191001","192002","40000","1","40000","0","40000","1","1","1","IAT3107191009","NHO2018000007","PAID","lvl 3","PEDAS"),
("IATT190001697","193075","191003","192011","0","1","0","0","0","1","1","1","IAT3107191009","NHO2018000007","PAID","","193075"),
("IATT190001697","193008","191001","192001","37000","1","37000","0","37000","1","1","1","IAT3107191009","NHO2018000007","PAID","","193008"),
("IATT190001697","193047","191002","192010","8000","1","8000","0","8000","1","1","1","IAT3107191009","NHO2018000007","PAID","","193047"),
("IATT190001697","193047","191002","192010","8000","1","8000","0","8000","2","1","1","IAT3107191009","NHO2018000007","PAID","","193047"),
("IATT190001698","193022","191001","192003","30000","1","30000","0","30000","1","1","1","IAT3107191009","NHO2018000007","PAID","","193022"),
("IATT190001698","193082","191001","192001","30000","1","30000","0","30000","1","1","1","IAT3107191009","NHO2018000007","PAID","","193082"),
("IATT190001698","193070","191001","192012","13000","1","13000","0","13000","1","1","1","IAT3107191009","NHO2018000007","PAID","","193070"),
("IATT190001698","193052","191002","192010","20000","1","20000","0","20000","1","1","1","IAT3107191009","NHO2018000007","PAID","","193052"),
("IATT190001698","193056","191002","192010","17000","1","17000","0","17000","1","1","1","IAT3107191009","NHO2018000007","PAID","","193056"),
("IATT190001699","193078","191001","192001","30000","1","30000","0","30000","1","1","1","IAT3107191009","NHO2018000007","PAID","","PEDAS"),
("IATT190001699","193047","191002","192010","8000","1","8000","0","8000","1","1","1","IAT3107191009","NHO2018000007","PAID","","193047"),
("IATT190001699","193053","191002","192010","20000","1","20000","0","20000","1","1","1","IAT3107191009","NHO2018000007","PAID","","193053"),
("IATT190001700","193015","191001","192002","33000","1","33000","0","33000","1","1","1","IAT3107191009","NHO2018000007","PAID","cust di table 12 ya\nthanks","ORIGINAL"),
("IATT190001700","193054","191002","192010","20000","1","20000","0","20000","1","1","1","IAT3107191009","NHO2018000007","PAID","","193054"),
("IATT190001701","193084","191001","192001","30000","1","30000","9000","21000","1","1","1","IAT3107191009","NHO2018000007","PAID","level 1","PEDAS"),
("IATT190001701","193052","191002","192010","20000","1","20000","0","20000","1","1","1","IAT3107191009","NHO2018000007","PAID","","193052"),
("IATT190001701","193054","191002","192010","20000","1","20000","0","20000","1","1","1","IAT3107191009","NHO2018000007","PAID","","193054"),
("IATT190001701","193084","191001","192001","30000","1","30000","9000","21000","2","1","1","IAT3107191009","NHO2018000007","PAID","","PEDAS"),
("IATT190001702","193085","191001","192001","30000","1","30000","9000","21000","1","1","1","IAT3107191009","NHO2018000007","PAID","lvl 3","193085"),
("IATT190001702","193030","191001","192004","27000","1","27000","8100","18900","1","1","1","IAT3107191009","NHO2018000007","PAID","","193030"),
("IATT190001702","193047","191002","192010","8000","1","8000","0","8000","1","1","1","IAT3107191009","NHO2018000007","PAID","","193047"),
("IATT190001702","193047","191002","192010","8000","1","8000","0","8000","2","1","1","IAT3107191009","NHO2018000007","PAID","","193047"),
("IATT190001702","193052","191002","192010","20000","1","20000","0","20000","1","1","2","IAT3107191009","NHO2018000007","PAID","","193052"),
("IATT190001703","193078","191001","192001","30000","1","30000","0","30000","1","1","1","IAT3107191009","NHO2018000007","PAID","lvl 1","PEDAS"),
("IATT190001703","193047","191002","192010","8000","1","8000","0","8000","1","1","1","IAT3107191009","NHO2018000007","PAID","","193047");



INSERT INTO pos_salestemp VALUES("IATT190001686","","2","181000","0","18100","0","199100","200000","31/07/2019","11:53","2019-07-31","12:46:29","ISU000012","tbl0012","CLOSED","1","","IATR190001635","","","","","IAT3107191009","NHO2018000007"),
("IATT190001687","","2","80000","0","8000","0","88000","88000","31/07/2019","12:29","2019-07-31","13:01:24","ISU000012","tbl0013","CLOSED","1","","IATR190001638","","","","","IAT3107191009","NHO2018000007"),
("IATT190001688","","1","38000","0","3800","0","41800","50000","31/07/2019","12:33","2019-07-31","12:57:05","ISU000012","tbl0005","CLOSED","1","","IATR190001636","","","","","IAT3107191009","NHO2018000007"),
("IATT190001689","","1","56000","0","5600","0","61600","100000","31/07/2019","12:34","2019-07-31","12:58:37","ISU000012","tbl0010","CLOSED","1","","IATR190001637","","","","","IAT3107191009","NHO2018000007"),
("IATT190001690","","2","86000","0","8600","0","94600","94600","31/07/2019","12:49","2019-07-31","13:27:56","ISU000012","tbl0011","CLOSED","1","","IATR190001639","","","","","IAT3107191009","NHO2018000007"),
("IATT190001691","","1","30000","0","3000","0","33000","33000","31/07/2019","13:23","2019-07-31","14:24:28","ISU000012","tbl0012","CLOSED","1","","IATR190001640","","","","","IAT3107191009","NHO2018000007"),
("IATT190001692","","1","94000","0","9400","0","103400","103400","31/07/2019","14:13","2019-07-31","17:49:55","ISU000012","tbl0019","CLOSED","1","","IATR190001646","","","","","IAT3107191009","NHO2018000007"),
("IATT190001693","","2","68000","0","6800","0","74800","100000","31/07/2019","14:58","2019-07-31","15:51:41","ISU000012","tbl0010","CLOSED","1","","IATR190001642","","","","","IAT3107191009","NHO2018000007"),
("IATT190001694","","2","110000","0","11000","0","121000","121000","31/07/2019","15:03","2019-07-31","15:38:26","ISU000012","tbl0012","CLOSED","1","","IATR190001641","","","","","IAT3107191009","NHO2018000007"),
("IATT190001695","","1","30000","0","3000","0","33000","33000","31/07/2019","15:43","2019-07-31","16:13:56","ISU000012","tbl0012","CLOSED","1","","IATR190001643","","","","","IAT3107191009","NHO2018000007"),
("IATT190001696","","1","50000","0","5000","0","55000","55000","31/07/2019","15:58","2019-07-31","17:26:23","ISU000012","tbl0008","CLOSED","1","","IATR190001644","","","","","IAT3107191009","NHO2018000007"),
("IATT190001697","","2","93000","0","9300","0","102300","102300","31/07/2019","16:48","2019-07-31","17:28:34","ISU000012","tbl0012","CLOSED","1","","IATR190001645","","","","","IAT3107191009","NHO2018000007"),
("IATT190001698","","1","110000","0","11000","0","121000","150000","31/07/2019","18:49","2019-07-31","19:21:12","ISU000012","tbl0011","CLOSED","1","","IATR190001647","","","","","IAT3107191009","NHO2018000007"),
("IATT190001699","","1","58000","0","5800","0","63800","63800","31/07/2019","19:26","2019-07-31","20:21:37","ISU000012","tbl0012","CLOSED","1","","IATR190001650","","","","","IAT3107191009","NHO2018000007"),
("IATT190001700","","1","53000","0","5300","0","58300","60300","31/07/2019","19:27","2019-07-31","19:39:04","ISU000012","tbl0040","CLOSED","1","","IATR190001648","","","","","IAT3107191009","NHO2018000007"),
("IATT190001701","","2","100000","18000","8200","0","90200","100000","31/07/2019","19:35","2019-07-31","20:08:41","ISU000012","tbl0010","CLOSED","1","","IATR190001649","","","","","IAT3107191009","NHO2018000007"),
("IATT190001702","","2","93000","17100","7590","0","83490","100000","31/07/2019","19:56","2019-07-31","20:33:58","ISU000012","tbl0011","CLOSED","1","","IATR190001651","","","","","IAT3107191009","NHO2018000007"),
("IATT190001703","","1","38000","0","3800","0","41800","102000","31/07/2019","20:48","2019-07-31","21:14:30","ISU000012","tbl0012","CLOSED","1","","IATR190001652","","","","","IAT3107191009","NHO2018000007");






INSERT INTO pos_promotion_h VALUES("IATT190001701","NPRM18000008","DISC ITEM","1","18000","eatigo 30%","IAT3107191009","PAID","NHO2018000007"),
("IATT190001702","NPRM18000008","DISC ITEM","1","17100","eatigo 30%","IAT3107191009","PAID","NHO2018000007");



INSERT INTO pos_promotion_d VALUES("IATT190001701","NPRM18000008","DISC ITEM","1","1","193084","1","9000","IAT3107191009","PAID","NHO2018000007"),
("IATT190001701","NPRM18000008","DISC ITEM","1","1","193084","2","9000","IAT3107191009","PAID","NHO2018000007"),
("IATT190001702","NPRM18000008","DISC ITEM","1","1","193085","1","9000","IAT3107191009","PAID","NHO2018000007"),
("IATT190001702","NPRM18000008","DISC ITEM","1","1","193030","1","8100","IAT3107191009","PAID","NHO2018000007");



INSERT INTO pos_paymenttemp VALUES("IATT190001686","CASH","CASH","199100","200000","ISU000012","2019-07-31","","1","","CLOSED","IAT3107191009","NHO2018000007"),
("IATT190001688","CASH","CASH","41800","50000","ISU000012","2019-07-31","","1","","CLOSED","IAT3107191009","NHO2018000007"),
("IATT190001689","CASH","CASH","61600","100000","ISU000012","2019-07-31","","1","","CLOSED","IAT3107191009","NHO2018000007"),
("IATT190001687","CARD","DEBIT BCA","88000","88000","ISU000012","2019-07-31","","1","","CLOSED","IAT3107191009","NHO2018000007"),
("IATT190001690","CASH","OVO","94600","94600","ISU000012","2019-07-31","","1","","CLOSED","IAT3107191009","NHO2018000007"),
("IATT190001691","CASH","OVO","33000","33000","ISU000012","2019-07-31","","1","","CLOSED","IAT3107191009","NHO2018000007"),
("IATT190001694","CARD","VISA","121000","121000","ISU000012","2019-07-31","","1","","CLOSED","IAT3107191009","NHO2018000007"),
("IATT190001693","CASH","CASH","74800","100000","ISU000012","2019-07-31","","1","","CLOSED","IAT3107191009","NHO2018000007"),
("IATT190001695","CASH","OVO","33000","33000","ISU000012","2019-07-31","","1","","CLOSED","IAT3107191009","NHO2018000007"),
("IATT190001696","CASH","CASH","55000","55000","ISU000012","2019-07-31","","1","","CLOSED","IAT3107191009","NHO2018000007"),
("IATT190001697","CARD","DEBIT BCA","102300","102300","ISU000012","2019-07-31","","1","","CLOSED","IAT3107191009","NHO2018000007"),
("IATT190001692","CARD","MASTER","103400","103400","ISU000012","2019-07-31","","1","","CLOSED","IAT3107191009","NHO2018000007"),
("IATT190001698","CASH","CASH","121000","150000","ISU000012","2019-07-31","","1","","CLOSED","IAT3107191009","NHO2018000007"),
("IATT190001700","CASH","CASH","58300","60300","ISU000012","2019-07-31","","1","","CLOSED","IAT3107191009","NHO2018000007"),
("IATT190001701","VOUCHER","VOUCHER EATIGO 100K","100000","100000","ISU000012","2019-07-31","","1","","CLOSED","IAT3107191009","NHO2018000007"),
("IATT190001699","CARD","DEBIT BCA","63800","63800","ISU000012","2019-07-31","","1","","CLOSED","IAT3107191009","NHO2018000007"),
("IATT190001702","VOUCHER","VOUCHER EATIGO 100K","100000","100000","ISU000012","2019-07-31","","1","","CLOSED","IAT3107191009","NHO2018000007"),
("IATT190001703","CASH","CASH","41800","102000","ISU000012","2019-07-31","","1","","CLOSED","IAT3107191009","NHO2018000007");



