INSERT INTO pos_itemtemp VALUES("JWHT200000014","193259","191001","192014","50000","1","50000","0","50000","1","1","1","JWH1106200857","NHO2018000013","PAID","","193259"),
("JWHT200000014","193262","191001","192014","50000","1","50000","0","50000","1","1","1","JWH1106200857","NHO2018000013","PAID","","193262"),
("JWHT200000014","193264","191001","192011","0","1","0","0","0","1","1","1","JWH1106200857","NHO2018000013","PAID","","193264"),
("JWHT200000015","193067","191001","192003","7000","1","7000","0","7000","1","1","1","JWH1106200857","NHO2018000013","PAID","","193067"),
("JWHT200000015","193257","191001","192014","50000","1","50000","0","50000","1","1","1","JWH1106200857","NHO2018000013","PAID","","193257"),
("JWHT200000015","193259","191001","192014","50000","1","50000","0","50000","1","1","1","JWH1106200857","NHO2018000013","PAID","","193259"),
("JWHT200000015","193263","191001","192011","0","1","0","0","0","1","1","1","JWH1106200857","NHO2018000013","PAID","","193263"),
("JWHT200000016","193257","191001","192014","50000","1","50000","0","50000","1","1","1","JWH1106200857","NHO2018000013","PAID","","193257"),
("JWHT200000016","193262","191001","192014","50000","1","50000","0","50000","1","1","1","JWH1106200857","NHO2018000013","PAID","","193262"),
("JWHT200000016","193263","191001","192011","0","1","0","0","0","1","1","1","JWH1106200857","NHO2018000013","PAID","","193263"),
("JWHT200000017","193261","191001","192014","50000","1","50000","0","50000","1","1","1","JWH1106200857","NHO2018000013","PAID","","193261"),
("JWHT200000017","193262","191001","192014","50000","1","50000","0","50000","1","1","1","JWH1106200857","NHO2018000013","PAID","","193262"),
("JWHT200000017","193264","191001","192011","0","1","0","0","0","1","1","1","JWH1106200857","NHO2018000013","PAID","","193264");



INSERT INTO pos_salestemp VALUES("JWHT200000014","","0","100000","0","10000","0","110000","110000","09/07/2020","12:24","2020-07-09","12:28:32","ISU000013","tbl0004","CLOSED","1","","JWHR200000014","","","","","JWH1106200857","NHO2018000013"),
("JWHT200000015","","0","107000","0","10700","0","117700","117700","09/07/2020","12:28","2020-07-09","12:31:40","ISU000013","tbl0002","CLOSED","1","","JWHR200000015","","","","","JWH1106200857","NHO2018000013"),
("JWHT200000016","","0","100000","0","10000","0","110000","110000","09/07/2020","12:31","2020-07-09","12:34:29","ISU000013","tbl0001","CLOSED","1","","JWHR200000016","","","","","JWH1106200857","NHO2018000013"),
("JWHT200000017","","0","100000","0","10000","0","110000","110000","09/07/2020","12:34","2020-07-09","12:36:57","ISU000013","tbl0003","CLOSED","1","","JWHR200000017","","","","","JWH1106200857","NHO2018000013");












INSERT INTO pos_paymenttemp VALUES("JWHT200000014","CARD","DEBIT BCA","110000","110000","ISU000013","2020-07-09","","1","","CLOSED","JWH1106200857","NHO2018000013"),
("JWHT200000015","CARD","DEBIT BCA","117700","117700","ISU000013","2020-07-09","","1","","CLOSED","JWH1106200857","NHO2018000013"),
("JWHT200000016","CARD","DEBIT BCA","110000","110000","ISU000013","2020-07-09","","1","","CLOSED","JWH1106200857","NHO2018000013"),
("JWHT200000017","CARD","DEBIT BCA","110000","110000","ISU000013","2020-07-09","","1","","CLOSED","JWH1106200857","NHO2018000013");



