INSERT INTO pos_itemtemp VALUES("IATT190000677","193011","191001","192001","40000","1","40000","0","40000","1","1","1","IAT0706191129","NHO2018000007","PAID","","PEDAS"),
("IATT190000677","193056","191002","192010","17000","1","17000","0","17000","1","1","1","IAT0706191129","NHO2018000007","PAID","","193056"),
("IATT190000679","193022","191001","192003","30000","1","30000","0","30000","1","1","1","IAT0706191129","NHO2018000007","PAID","","193022"),
("IATT190000679","193024","191001","192003","30000","1","30000","0","30000","1","1","1","IAT0706191129","NHO2018000007","PAID","","193024"),
("IATT190000679","193033","191001","192005","42000","1","42000","0","42000","1","1","1","IAT0706191129","NHO2018000007","PAID","","193033"),
("IATT190000679","193003","191001","192001","30000","1","30000","0","30000","1","1","1","IAT0706191129","NHO2018000007","PAID"," beel lvl 1","PEDAS"),
("IATT190000679","193047","191002","192010","8000","1","8000","0","8000","1","1","1","IAT0706191129","NHO2018000007","PAID","","193047"),
("IATT190000679","193047","191002","192010","8000","1","8000","0","8000","2","1","1","IAT0706191129","NHO2018000007","PAID","","193047"),
("IATT190000679","193046","191002","192010","8000","1","8000","0","8000","1","1","1","IAT0706191129","NHO2018000007","PAID","","193046"),
("IATT190000679","193011","191001","192001","40000","1","40000","0","40000","1","1","2","IAT0706191129","NHO2018000007","PAID","","PEDAS"),
("IATT190000679","193048","191002","192010","8000","1","8000","0","8000","1","1","3","IAT0706191129","NHO2018000007","PAID","","193048"),
("IATT190000680","193022","191001","192003","30000","1","30000","0","30000","1","1","1","IAT0706191129","NHO2018000007","PAID","","193022"),
("IATT190000680","193027","191001","192003","43000","1","43000","0","43000","1","1","1","IAT0706191129","NHO2018000007","PAID","","193027"),
("IATT190000680","193046","191002","192010","8000","1","8000","0","8000","1","1","1","IAT0706191129","NHO2018000007","PAID","","193046"),
("IATT190000680","193055","191002","192010","17000","1","17000","0","17000","1","1","1","IAT0706191129","NHO2018000007","PAID","","193055"),
("IATT190000681","193022","191001","192003","30000","1","30000","0","30000","1","1","1","IAT0706191129","NHO2018000007","PAID","","193022"),
("IATT190000681","193024","191001","192003","30000","1","30000","0","30000","1","1","1","IAT0706191129","NHO2018000007","PAID","","193024"),
("IATT190000681","193048","191002","192010","8000","1","8000","0","8000","1","1","2","IAT0706191129","NHO2018000007","PAID","pake es ","193048"),
("IATT190000681","193047","191002","192010","8000","1","8000","0","8000","1","1","3","IAT0706191129","NHO2018000007","PAID","","193047"),
("IATT190000682","193035","191001","192006","32000","1","32000","0","32000","1","1","1","IAT0706191129","NHO2018000007","PAID","","PEDAS"),
("IATT190000682","193036","191001","192006","36000","1","36000","0","36000","1","1","1","IAT0706191129","NHO2018000007","PAID","","ORIGINAL"),
("IATT190000682","193055","191002","192010","17000","1","17000","0","17000","1","1","1","IAT0706191129","NHO2018000007","PAID","","193055"),
("IATT190000682","193056","191002","192010","17000","1","17000","0","17000","1","1","1","IAT0706191129","NHO2018000007","PAID","","193056"),
("IATT190000683","193047","191002","192010","8000","1","8000","0","8000","1","1","1","IAT0706191129","NHO2018000007","PAID","","193047"),
("IATT190000683","193049","191002","192010","10000","1","10000","0","10000","1","1","1","IAT0706191129","NHO2018000007","PAID","","193049"),
("IATT190000683","193028","191001","192003","43000","1","43000","0","43000","1","1","1","IAT0706191129","NHO2018000007","PAID","","193028"),
("IATT190000683","193027","191001","192003","43000","1","43000","0","43000","1","1","1","IAT0706191129","NHO2018000007","PAID","","193027"),
("IATT190000684","193005","191001","192001","37000","1","37000","0","37000","1","1","1","IAT0706191129","NHO2018000007","PAID","","193005"),
("IATT190000684","193011","191001","192001","40000","1","40000","0","40000","1","1","1","IAT0706191129","NHO2018000007","PAID","","PEDAS"),
("IATT190000684","193051","191002","192010","20000","1","20000","0","20000","1","1","1","IAT0706191129","NHO2018000007","PAID","","193051"),
("IATT190000684","193048","191002","192010","8000","1","8000","0","8000","1","1","1","IAT0706191129","NHO2018000007","PAID","","193048"),
("IATT190000684","193056","191002","192010","17000","1","17000","0","17000","1","1","1","IAT0706191129","NHO2018000007","PAID","","193056");



INSERT INTO pos_salestemp VALUES("IATT190000677","","1","57000","0","5985","2850","65835","65835","07/06/2019","13:31","07/06/2019","14:06:19","ISU000012","tbl0012","CLOSED","1","","IATR190000653","","","","","IAT0706191129","NHO2018000007"),
("IATT190000678","","0","0","6750","0","0","0","0","07/06/2019","14:47","07/06/2019","14:49:30","ISU000012","takeaway","CANCELED","1","PERMINTAAN CUSTOMER","","","","","","IAT0706191129","NHO2018000007"),
("IATT190000679","","4","204000","0","21420","10200","235620","236000","07/06/2019","15:33","07/06/2019","16:22:55","ISU000012","tbl0012","CLOSED","1","","IATR190000654","","","","","IAT0706191129","NHO2018000007"),
("IATT190000680","","2","98000","0","10290","4900","113190","113190","07/06/2019","17:51","07/06/2019","18:41:53","ISU000012","tbl0011","CLOSED","1","","IATR190000655","","","","","IAT0706191129","NHO2018000007"),
("IATT190000681","","2","76000","0","7980","3800","87780","100000","07/06/2019","18:14","07/06/2019","18:53:52","ISU000012","tbl0012","CLOSED","1","","IATR190000656","","","","","IAT0706191129","NHO2018000007"),
("IATT190000682","","2","102000","0","10710","5100","117810","117810","07/06/2019","19:35","07/06/2019","19:57:46","ISU000012","tbl0010","CLOSED","1","","IATR190000657","","","","","IAT0706191129","NHO2018000007"),
("IATT190000683","","2","104000","0","10920","5200","120120","150000","07/06/2019","19:45","07/06/2019","20:53:05","ISU000004","tbl0012","CLOSED","1","","IATR190000659","","","","","IAT0706191129","NHO2018000007"),
("IATT190000684","","2","122000","0","12810","6100","140910","150000","07/06/2019","19:56","07/06/2019","20:41:55","ISU000004","tbl0011","CLOSED","1","","IATR190000658","","","","","IAT0706191129","NHO2018000007");



INSERT INTO item_void VALUES("IATT190000678","IAT0706191129","NHO2018000007","193030","193030","1","27000","Before Send","Komplen Customer"),
("IATT190000678","IAT0706191129","NHO2018000007","193066","193066","1","0","Before Send","Komplen Customer"),
("IATT190000679","IAT0706191129","NHO2018000007","193046","193046","1","8000","Before Send","Komplen Customer"),
("IATT190000681","IAT0706191129","NHO2018000007","193048","193048","1","8000","Before Send","Komplen Customer");









INSERT INTO pos_paymenttemp VALUES("IATT190000677","CARD","DEBIT BCA","65835","65835","ISU000012","2019-06-07","","1","","CLOSED","IAT0706191129","NHO2018000007"),
("IATT190000679","CASH","CASH","235620","236000","ISU000012","2019-06-07","","1","","CLOSED","IAT0706191129","NHO2018000007"),
("IATT190000680","CARD","DEBIT BCA","113190","113190","ISU000012","2019-06-07","","1","","CLOSED","IAT0706191129","NHO2018000007"),
("IATT190000681","CASH","CASH","87780","100000","ISU000012","2019-06-07","","1","","CLOSED","IAT0706191129","NHO2018000007"),
("IATT190000682","CARD","DEBIT BCA","117810","117810","ISU000012","2019-06-07","","1","","CLOSED","IAT0706191129","NHO2018000007"),
("IATT190000684","CASH","CASH","140910","150000","ISU000004","2019-06-07","","1","","CLOSED","IAT0706191129","NHO2018000007"),
("IATT190000683","CASH","CASH","120120","150000","ISU000004","2019-06-07","","1","","CLOSED","IAT0706191129","NHO2018000007");



