INSERT INTO pos_itemtemp VALUES("IATT190000712","193036","191001","192006","36000","1","36000","0","36000","1","1","1","IAT1006192204","NHO2018000007","PAID","level 2 ya abang ","PEDAS"),
("IATT190000712","193054","191002","192010","20000","1","20000","0","20000","1","1","1","IAT1006192204","NHO2018000007","PAID","","193054"),
("IATT190000712","193054","191002","192010","20000","1","20000","0","20000","2","1","1","IAT1006192204","NHO2018000007","PAID","","193054"),
("IATT190000713","193005","191001","192001","37000","1","37000","0","37000","1","1","1","IAT1006192204","NHO2018000007","PAID","","193005"),
("IATT190000713","193048","191002","192010","8000","1","8000","0","8000","1","1","1","IAT1006192204","NHO2018000007","PAID","","193048"),
("IATT190000713","193047","191002","192010","8000","1","8000","0","8000","1","1","1","IAT1006192204","NHO2018000007","PAID","","193047"),
("IATT190000714","193011","191001","192001","40000","1","40000","0","40000","1","1","1","IAT1006192204","NHO2018000007","PAID","level 1","PEDAS"),
("IATT190000714","193054","191002","192010","20000","1","20000","0","20000","1","1","1","IAT1006192204","NHO2018000007","PAID","","193054"),
("IATT190000715","193034","191001","192005","37000","1","37000","0","37000","1","1","1","IAT1006192204","NHO2018000007","PAID","","193034"),
("IATT190000715","193003","191001","192001","30000","1","30000","0","30000","1","1","1","IAT1006192204","NHO2018000007","PAID","beef","PEDAS"),
("IATT190000715","193055","191002","192010","17000","1","17000","0","17000","1","1","1","IAT1006192204","NHO2018000007","PAID","es batu dikit,gula jg dikit","193055"),
("IATT190000716","193002","191001","192001","30000","1","30000","0","30000","1","1","1","IAT1006192204","NHO2018000007","PAID","beef","193002"),
("IATT190000716","193009","191001","192001","40000","1","40000","0","40000","1","1","1","IAT1006192204","NHO2018000007","PAID","","193009"),
("IATT190000716","193047","191002","192010","8000","1","8000","0","8000","1","1","1","IAT1006192204","NHO2018000007","PAID","","193047"),
("IATT190000717","193011","191001","192001","40000","1","40000","0","40000","1","1","1","IAT1006192204","NHO2018000007","PAID","pedes level 3","PEDAS"),
("IATT190000718","193033","191001","192005","42000","1","42000","0","42000","1","1","1","IAT1006192204","NHO2018000007","PAID","","193033"),
("IATT190000718","193044","191001","192008","25000","1","25000","0","25000","1","1","1","IAT1006192204","NHO2018000007","PAID","","193044"),
("IATT190000718","193047","191002","192010","8000","1","8000","0","8000","1","1","1","IAT1006192204","NHO2018000007","PAID","","193047"),
("IATT190000718","193047","191002","192010","8000","1","8000","0","8000","2","1","1","IAT1006192204","NHO2018000007","PAID","","193047");



INSERT INTO pos_salestemp VALUES("IATT190000712","","2","76000","0","7980","3800","87780","100000","11/06/2019","13:19","11/06/2019","14:04:03","ISU000012","tbl0012","CLOSED","1","","IATR190000685","","","","","IAT1006192204","NHO2018000007"),
("IATT190000713","","1","53000","0","5565","2650","61215","70000","11/06/2019","14:13","11/06/2019","14:43:31","ISU000012","tbl0011","CLOSED","1","","IATR190000686","","","","","IAT1006192204","NHO2018000007"),
("IATT190000714","","2","60000","0","6300","3000","69300","100000","11/06/2019","16:14","11/06/2019","16:51:44","ISU000012","tbl0012","CLOSED","1","","IATR190000687","","","","","IAT1006192204","NHO2018000007"),
("IATT190000715","","2","84000","0","8820","4200","97020","100000","11/06/2019","16:54","11/06/2019","17:12:44","ISU000012","tbl0020","CLOSED","1","","IATR190000688","","","","","IAT1006192204","NHO2018000007"),
("IATT190000716","","2","78000","0","7800","0","85800","100800","11/06/2019","17:50","2019-06-11","18:35:12","ISU000012","tbl0012","CLOSED","1","","IATR190000689","","","","","IAT1006192204","NHO2018000007"),
("IATT190000717","","1","40000","0","4000","0","44000","100000","11/06/2019","17:52","2019-06-11","18:54:51","ISU000012","tbl0004","CLOSED","1","","IATR190000690","","","","","IAT1006192204","NHO2018000007"),
("IATT190000718","","0","83000","0","8300","0","91300","100300","11/06/2019","18:57","2019-06-11","19:31:57","ISU000012","tbl0012","CLOSED","1","","IATR190000691","","","","","IAT1006192204","NHO2018000007");












INSERT INTO pos_paymenttemp VALUES("IATT190000712","CASH","CASH","87780","100000","ISU000012","2019-06-11","","1","","CLOSED","IAT1006192204","NHO2018000007"),
("IATT190000713","CASH","CASH","","","ISU000012","2019-06-11","","1","","CLOSED","IAT1006192204","NHO2018000007"),
("IATT190000713","CASH","CASH","61215","70000","ISU000012","2019-06-11","","1","","CLOSED","IAT1006192204","NHO2018000007"),
("IATT190000714","CASH","CASH","69300","100000","ISU000012","2019-06-11","","1","","CLOSED","IAT1006192204","NHO2018000007"),
("IATT190000715","CASH","CASH","97020","100000","ISU000012","2019-06-11","","1","","CLOSED","IAT1006192204","NHO2018000007"),
("IATT190000716","CASH","CASH","85800","100800","ISU000012","2019-06-11","","1","","CLOSED","IAT1006192204","NHO2018000007"),
("IATT190000717","CASH","CASH","44000","100000","ISU000012","2019-06-11","","1","","CLOSED","IAT1006192204","NHO2018000007"),
("IATT190000718","CASH","CASH","91300","100300","ISU000012","2019-06-11","","1","","CLOSED","IAT1006192204","NHO2018000007");



