INSERT INTO pos_itemtemp VALUES("IATT190000115","193046","191002","192010","8000","1","8000","0","8000","1","1","1","IAT2505191054","NHO2018000007","PAID","","193046"),
("IATT190000115","193001","191001","192001","30000","1","30000","0","30000","1","1","1","IAT2505191054","NHO2018000007","PAID","beef","193001"),
("IATT190000116","193046","191002","192010","8000","1","8000","0","8000","1","1","1","IAT2505191054","NHO2018000007","PAID","","193046"),
("IATT190000116","193002","191001","192001","30000","1","30000","0","30000","1","1","1","IAT2505191054","NHO2018000007","PAID","beef","193002"),
("IATT190000116","193021","191001","192002","40000","1","40000","0","40000","1","1","1","IAT2505191054","NHO2018000007","PAID","","PEDAS"),
("IATT190000117","193027","191001","192003","43000","1","43000","0","43000","1","1","1","IAT2505191054","NHO2018000007","PAID","","193027"),
("IATT190000117","193040","191001","192008","20000","1","20000","0","20000","1","1","1","IAT2505191054","NHO2018000007","PAID","","193040"),
("IATT190000117","193047","191002","192010","8000","1","8000","0","8000","1","1","1","IAT2505191054","NHO2018000007","PAID","","193047"),
("IATT190000117","193046","191002","192010","8000","1","8000","0","8000","1","1","1","IAT2505191054","NHO2018000007","PAID","","193046"),
("IATT190000118","193028","191001","192003","43000","1","43000","0","43000","1","1","1","IAT2505191054","NHO2018000007","PAID","","193028"),
("IATT190000118","193047","191002","192010","8000","1","8000","0","8000","1","1","1","IAT2505191054","NHO2018000007","PAID","","193047"),
("IATT190000119","193027","191001","192003","43000","1","43000","0","43000","1","1","1","IAT2505191054","NHO2018000007","PAID","","193027"),
("IATT190000119","193024","191001","192003","30000","1","30000","0","30000","1","1","1","IAT2505191054","NHO2018000007","PAID","","193024"),
("IATT190000119","193047","191002","192010","8000","1","8000","0","8000","1","1","1","IAT2505191054","NHO2018000007","PAID","","193047"),
("IATT190000120","193001","191001","192001","30000","1","30000","0","30000","1","1","1","IAT2505191054","NHO2018000007","PAID","BEEF","193001"),
("IATT190000120","193046","191002","192010","8000","1","8000","0","8000","1","1","1","IAT2505191054","NHO2018000007","PAID","","193046"),
("IATT190000121","193028","191001","192003","43000","1","43000","0","43000","1","1","1","IAT2505191054","NHO2018000007","PAID","","193028"),
("IATT190000121","193047","191002","192010","8000","1","8000","0","8000","1","1","1","IAT2505191054","NHO2018000007","PAID","","193047"),
("IATT190000122","193022","191001","192003","30000","1","30000","0","30000","1","1","1","IAT2505191054","NHO2018000007","PAID","","193022"),
("IATT190000122","193028","191001","192003","43000","1","43000","0","43000","1","1","1","IAT2505191054","NHO2018000007","PAID","","193028"),
("IATT190000122","193046","191002","192010","8000","1","8000","0","8000","1","1","1","IAT2505191054","NHO2018000007","PAID","","193046"),
("IATT190000122","193046","191002","192010","8000","1","8000","0","8000","2","1","1","IAT2505191054","NHO2018000007","PAID","","193046"),
("IATT190000123","193002","191001","192001","30000","1","30000","0","30000","1","1","1","IAT2505191054","NHO2018000007","PAID","BEEF","193002"),
("IATT190000123","193004","191001","192001","30000","1","30000","0","30000","1","1","1","IAT2505191054","NHO2018000007","PAID","CHIKEN","193004"),
("IATT190000123","193047","191002","192010","8000","1","8000","0","8000","1","1","1","IAT2505191054","NHO2018000007","PAID","","193047"),
("IATT190000123","193047","191002","192010","8000","1","8000","0","8000","2","1","1","IAT2505191054","NHO2018000007","PAID","","193047"),
("IATT190000122","193024","191001","192003","30000","1","30000","0","30000","1","1","2","IAT2505191054","NHO2018000007","PAID","","193024"),
("IATT190000122","193046","191002","192010","8000","1","8000","0","8000","3","1","2","IAT2505191054","NHO2018000007","PAID","","193046"),
("IATT190000124","193035","191001","192006","32000","1","32000","0","32000","1","1","1","IAT2505191054","NHO2018000007","PAID","","ORIGINAL"),
("IATT190000124","193015","191001","192002","33000","1","33000","0","33000","1","1","1","IAT2505191054","NHO2018000007","PAID","","ORIGINAL"),
("IATT190000124","193054","191002","192010","20000","1","20000","0","20000","1","1","1","IAT2505191054","NHO2018000007","PAID","LESS ICE","193054"),
("IATT190000124","193054","191002","192010","20000","1","20000","0","20000","2","1","1","IAT2505191054","NHO2018000007","PAID","","193054"),
("IATT190000125","193009","191001","192001","40000","1","40000","0","40000","1","1","1","IAT2505191054","NHO2018000007","PAID","","193009"),
("IATT190000125","193007","191001","192001","37000","1","37000","0","37000","1","1","1","IAT2505191054","NHO2018000007","PAID","","PEDAS"),
("IATT190000125","193028","191001","192003","43000","1","43000","0","43000","1","1","1","IAT2505191054","NHO2018000007","PAID","","193028"),
("IATT190000125","193047","191002","192010","8000","1","8000","0","8000","1","1","1","IAT2505191054","NHO2018000007","PAID","","193047"),
("IATT190000125","193047","191002","192010","8000","1","8000","0","8000","2","1","1","IAT2505191054","NHO2018000007","PAID","","193047"),
("IATT190000125","193048","191002","192010","8000","1","8000","0","8000","1","1","1","IAT2505191054","NHO2018000007","PAID","","193048"),
("IATT190000124","193048","191002","192010","8000","1","8000","0","8000","1","1","2","IAT2505191054","NHO2018000007","PAID","","193048"),
("IATT190000126","193024","191001","192003","30000","1","30000","0","30000","1","1","1","IAT2505191054","NHO2018000007","PAID","","193024"),
("IATT190000126","193048","191002","192010","8000","1","8000","0","8000","1","1","1","IAT2505191054","NHO2018000007","PAID","","193048"),
("IATT190000127","193002","191001","192001","30000","1","30000","0","30000","1","1","1","IAT2505191054","NHO2018000007","PAID","BEEF","193002"),
("IATT190000127","193024","191001","192003","30000","1","30000","0","30000","1","1","1","IAT2505191054","NHO2018000007","PAID","","193024"),
("IATT190000127","193047","191002","192010","8000","1","8000","0","8000","1","1","1","IAT2505191054","NHO2018000007","PAID","","193047"),
("IATT190000128","193040","191001","192008","20000","1","20000","0","20000","1","1","1","IAT2505191054","NHO2018000007","PAID","","193040"),
("IATT190000129","193040","191001","192008","20000","1","20000","0","20000","1","1","1","IAT2505191054","NHO2018000007","PAID","","193040"),
("IATT190000129","193056","191002","192010","17000","1","17000","0","17000","1","1","1","IAT2505191054","NHO2018000007","PAID","","193056"),
("IATT190000131","193028","191001","192003","43000","1","43000","0","43000","1","1","1","IAT2505191054","NHO2018000007","PAID","","193028"),
("IATT190000131","193022","191001","192003","30000","1","30000","0","30000","1","1","1","IAT2505191054","NHO2018000007","PAID","BUKA PUASA SEMUA","193022"),
("IATT190000131","193023","191001","192003","30000","1","30000","0","30000","1","1","1","IAT2505191054","NHO2018000007","PAID","","193023"),
("IATT190000131","193024","191001","192003","30000","1","30000","0","30000","1","1","1","IAT2505191054","NHO2018000007","PAID","","193024"),
("IATT190000131","193048","191002","192010","8000","1","8000","0","8000","1","1","1","IAT2505191054","NHO2018000007","PAID","","193048"),
("IATT190000131","193048","191002","192010","8000","1","8000","0","8000","2","1","1","IAT2505191054","NHO2018000007","PAID","","193048"),
("IATT190000131","193046","191002","192010","8000","1","8000","0","8000","1","1","1","IAT2505191054","NHO2018000007","PAID","","193046"),
("IATT190000131","193055","191002","192010","17000","1","17000","0","17000","1","1","1","IAT2505191054","NHO2018000007","PAID","","193055"),
("IATT190000131","193050","191002","192010","20000","1","20000","0","20000","1","1","1","IAT2505191054","NHO2018000007","PAID","","193050"),
("IATT190000131","193056","191002","192010","17000","1","17000","0","17000","1","1","1","IAT2505191054","NHO2018000007","PAID","","193056"),
("IATT190000132","193001","191001","192001","30000","1","30000","0","30000","1","1","1","IAT2505191054","NHO2018000007","PAID","BEEF","193001"),
("IATT190000132","193008","191001","192001","37000","1","37000","0","37000","1","1","1","IAT2505191054","NHO2018000007","PAID","","193008"),
("IATT190000132","193046","191002","192010","8000","1","8000","0","8000","1","1","1","IAT2505191054","NHO2018000007","PAID","","193046"),
("IATT190000132","193025","191001","192003","30000","1","30000","0","30000","1","1","1","IAT2505191054","NHO2018000007","PAID","","193025"),
("IATT190000132","193048","191002","192010","8000","1","8000","0","8000","1","1","1","IAT2505191054","NHO2018000007","PAID","","193048"),
("IATT190000132","193055","191002","192010","17000","1","17000","0","17000","1","1","1","IAT2505191054","NHO2018000007","PAID","","193055"),
("IATT190000133","193001","191001","192001","30000","1","30000","0","30000","1","1","1","IAT2505191054","NHO2018000007","PAID","2 BEEF ORIGINAL /  1 CHIKEN PEDAS LEVEL 3","193001"),
("IATT190000133","193001","191001","192001","30000","1","30000","0","30000","2","1","1","IAT2505191054","NHO2018000007","PAID","","193001"),
("IATT190000133","193027","191001","192003","43000","1","43000","0","43000","1","1","1","IAT2505191054","NHO2018000007","PAID","","193027"),
("IATT190000133","193028","191001","192003","43000","1","43000","0","43000","1","1","1","IAT2505191054","NHO2018000007","PAID","","193028"),
("IATT190000133","193028","191001","192003","43000","1","43000","0","43000","2","1","1","IAT2505191054","NHO2018000007","PAID","","193028"),
("IATT190000133","193028","191001","192003","43000","1","43000","0","43000","3","1","1","IAT2505191054","NHO2018000007","PAID","","193028"),
("IATT190000133","193028","191001","192003","43000","1","43000","0","43000","4","1","1","IAT2505191054","NHO2018000007","PAID","","193028"),
("IATT190000133","193053","191002","192010","20000","1","20000","0","20000","1","1","1","IAT2505191054","NHO2018000007","PAID","1 GA PK ES","193053"),
("IATT190000133","193052","191002","192010","20000","1","20000","0","20000","1","1","1","IAT2505191054","NHO2018000007","PAID","","193052"),
("IATT190000133","193052","191002","192010","20000","1","20000","0","20000","2","1","1","IAT2505191054","NHO2018000007","PAID","","193052"),
("IATT190000133","193046","191002","192010","8000","1","8000","0","8000","1","1","1","IAT2505191054","NHO2018000007","PAID","","193046"),
("IATT190000133","193046","191002","192010","8000","1","8000","0","8000","2","1","1","IAT2505191054","NHO2018000007","PAID","","193046"),
("IATT190000133","193046","191002","192010","8000","1","8000","0","8000","3","1","1","IAT2505191054","NHO2018000007","PAID","","193046"),
("IATT190000133","193046","191002","192010","8000","1","8000","0","8000","4","1","1","IAT2505191054","NHO2018000007","PAID","","193046"),
("IATT190000133","193049","191002","192010","10000","1","10000","0","10000","1","1","1","IAT2505191054","NHO2018000007","PAID","","193049"),
("IATT190000133","193048","191002","192010","8000","1","8000","0","8000","1","1","1","IAT2505191054","NHO2018000007","PAID","","193048"),
("IATT190000133","193001","191001","192001","30000","1","30000","0","30000","3","1","1","IAT2505191054","NHO2018000007","PAID","","193001"),
("IATT190000133","193023","191001","192003","30000","1","30000","0","30000","1","1","1","IAT2505191054","NHO2018000007","PAID","","193023"),
("IATT190000134","193024","191001","192003","30000","1","30000","0","30000","1","1","1","IAT2505191054","NHO2018000007","PAID","","193024"),
("IATT190000134","193024","191001","192003","30000","1","30000","0","30000","2","1","1","IAT2505191054","NHO2018000007","PAID","","193024"),
("IATT190000134","193024","191001","192003","30000","1","30000","0","30000","3","1","1","IAT2505191054","NHO2018000007","PAID","","193024"),
("IATT190000135","193009","191001","192001","40000","1","40000","0","40000","1","1","1","IAT2505191054","NHO2018000007","PAID","PEDAS","193009"),
("IATT190000135","193025","191001","192003","30000","1","30000","0","30000","1","1","1","IAT2505191054","NHO2018000007","PAID","","193025"),
("IATT190000135","193046","191002","192010","8000","1","8000","0","8000","1","1","1","IAT2505191054","NHO2018000007","PAID","","193046"),
("IATT190000135","193055","191002","192010","17000","1","17000","0","17000","1","1","1","IAT2505191054","NHO2018000007","PAID","","193055"),
("IATT190000135","193047","191002","192010","8000","1","8000","0","8000","1","1","1","IAT2505191054","NHO2018000007","PAID","","193047"),
("IATT190000136","193035","191001","192006","32000","1","32000","0","32000","1","1","1","IAT2505191054","NHO2018000007","PAID","","ORIGINAL"),
("IATT190000136","193040","191001","192008","20000","1","20000","0","20000","1","1","1","IAT2505191054","NHO2018000007","PAID","","193040"),
("IATT190000136","193055","191002","192010","17000","1","17000","0","17000","1","1","2","IAT2505191054","NHO2018000007","PAID","","193055"),
("IATT190000136","193055","191002","192010","17000","1","17000","0","17000","2","1","2","IAT2505191054","NHO2018000007","PAID","","193055"),
("IATT190000137","193066","191003","192011","0","1","0","0","0","1","1","1","IAT2505191054","NHO2018000007","PAID","","193066"),
("IATT190000137","193066","191003","192011","0","1","0","0","0","2","1","1","IAT2505191054","NHO2018000007","PAID","","193066"),
("IATT190000138","193003","191001","192001","30000","1","30000","0","30000","1","1","1","IAT2505191054","NHO2018000007","PAID","CHIKEN","PEDAS"),
("IATT190000138","193049","191002","192010","10000","1","10000","0","10000","1","1","1","IAT2505191054","NHO2018000007","PAID","","193049"),
("IATT190000138","193049","191002","192010","10000","1","10000","0","10000","2","1","1","IAT2505191054","NHO2018000007","PAID","","193049"),
("IATT190000138","193055","191002","192010","17000","1","17000","0","17000","1","1","1","IAT2505191054","NHO2018000007","PAID","","193055"),
("IATT190000138","193028","191001","192003","43000","1","43000","0","43000","1","1","1","IAT2505191054","NHO2018000007","PAID","","193028"),
("IATT190000138","193027","191001","192003","43000","1","43000","0","43000","1","1","1","IAT2505191054","NHO2018000007","PAID","","193027"),
("IATT190000139","193034","191001","192005","37000","1","37000","0","37000","1","1","1","IAT2505191054","NHO2018000007","PAID","","193034"),
("IATT190000139","193029","191001","192004","27000","1","27000","0","27000","1","1","1","IAT2505191054","NHO2018000007","PAID","","193029"),
("IATT190000139","193055","191002","192010","17000","1","17000","0","17000","1","1","1","IAT2505191054","NHO2018000007","PAID","","193055"),
("IATT190000139","193055","191002","192010","17000","1","17000","0","17000","2","1","2","IAT2505191054","NHO2018000007","PAID","","193055"),
("IATT190000140","193047","191002","192010","8000","1","8000","0","8000","1","1","1","IAT2505191054","NHO2018000007","PAID","LESS ICE BUAT BUKA","193047"),
("IATT190000140","193047","191002","192010","8000","1","8000","0","8000","2","1","1","IAT2505191054","NHO2018000007","PAID","","193047"),
("IATT190000140","193056","191002","192010","17000","1","17000","0","17000","1","1","1","IAT2505191054","NHO2018000007","PAID","","193056"),
("IATT190000140","193028","191001","192003","43000","1","43000","0","43000","1","1","1","IAT2505191054","NHO2018000007","PAID","BUAT BUKA","193028"),
("IATT190000140","193025","191001","192003","30000","1","30000","0","30000","1","1","1","IAT2505191054","NHO2018000007","PAID","BUAT BUKA","193025"),
("IATT190000140","193024","191001","192003","30000","1","30000","0","30000","1","1","1","IAT2505191054","NHO2018000007","PAID","BUAT BUKA","193024"),
("IATT190000141","193003","191001","192001","30000","1","30000","0","30000","1","1","1","IAT2505191054","NHO2018000007","PAID","LVL 2","PEDAS"),
("IATT190000141","193033","191001","192005","42000","1","42000","0","42000","1","1","1","IAT2505191054","NHO2018000007","PAID","","193033"),
("IATT190000141","193046","191002","192010","8000","1","8000","0","8000","1","1","1","IAT2505191054","NHO2018000007","PAID","","193046"),
("IATT190000141","193055","191002","192010","17000","1","17000","0","17000","1","1","1","IAT2505191054","NHO2018000007","PAID","","193055"),
("IATT190000141","193050","191002","192010","20000","1","20000","0","20000","1","1","1","IAT2505191054","NHO2018000007","PAID","","193050"),
("IATT190000142","193054","191002","192010","20000","1","20000","0","20000","1","1","1","IAT2505191054","NHO2018000007","PAID","","193054"),
("IATT190000142","193021","191001","192002","40000","1","40000","0","40000","1","1","1","IAT2505191054","NHO2018000007","PAID","","ORIGINAL"),
("IATT190000142","193022","191001","192003","30000","1","30000","0","30000","1","1","1","IAT2505191054","NHO2018000007","PAID","","193022"),
("IATT190000142","193003","191001","192001","30000","1","30000","0","30000","1","1","1","IAT2505191054","NHO2018000007","PAID","BEEF","PEDAS"),
("IATT190000142","193014","191001","192002","33000","1","33000","0","33000","1","1","1","IAT2505191054","NHO2018000007","PAID","","193014"),
("IATT190000142","193056","191002","192010","17000","1","17000","0","17000","1","1","1","IAT2505191054","NHO2018000007","PAID","","193056"),
("IATT190000142","193055","191002","192010","17000","1","17000","0","17000","1","1","1","IAT2505191054","NHO2018000007","PAID","","193055"),
("IATT190000143","193003","191001","192001","30000","1","30000","0","30000","1","1","1","IAT2505191054","NHO2018000007","PAID","BEEF","PEDAS"),
("IATT190000143","193024","191001","192003","30000","1","30000","0","30000","1","1","1","IAT2505191054","NHO2018000007","PAID","","193024"),
("IATT190000143","193022","191001","192003","30000","1","30000","0","30000","1","1","1","IAT2505191054","NHO2018000007","PAID","","193022"),
("IATT190000143","193033","191001","192005","42000","1","42000","0","42000","1","1","1","IAT2505191054","NHO2018000007","PAID","","193033"),
("IATT190000143","193023","191001","192003","30000","1","30000","0","30000","1","1","1","IAT2505191054","NHO2018000007","PAID","","193023"),
("IATT190000143","193055","191002","192010","17000","1","17000","0","17000","1","1","1","IAT2505191054","NHO2018000007","PAID","","193055"),
("IATT190000143","193055","191002","192010","17000","1","17000","0","17000","2","1","1","IAT2505191054","NHO2018000007","PAID","","193055"),
("IATT190000143","193055","191002","192010","17000","1","17000","0","17000","3","1","1","IAT2505191054","NHO2018000007","PAID","","193055"),
("IATT190000143","193047","191002","192010","8000","1","8000","0","8000","1","1","1","IAT2505191054","NHO2018000007","PAID","","193047"),
("IATT190000144","193024","191001","192003","30000","1","30000","0","30000","1","1","1","IAT2505191054","NHO2018000007","REFUND","","193024"),
("IATT190000144","193022","191001","192003","30000","1","30000","0","30000","1","1","1","IAT2505191054","NHO2018000007","REFUND","","193022"),
("IATT190000144","193046","191002","192010","8000","1","8000","0","8000","1","1","1","IAT2505191054","NHO2018000007","REFUND","","193046"),
("IATT190000144","193046","191002","192010","8000","1","8000","0","8000","2","1","1","IAT2505191054","NHO2018000007","REFUND","","193046"),
("IATT190000144","193054","191002","192010","20000","1","20000","0","20000","1","1","1","IAT2505191054","NHO2018000007","REFUND","","193054"),
("IATT190000145","193003","191001","192001","30000","1","30000","0","30000","1","1","1","IAT2505191054","NHO2018000007","PAID","CHIKEN","ORIGINAL"),
("IATT190000145","193003","191001","192001","30000","1","30000","0","30000","2","1","1","IAT2505191054","NHO2018000007","PAID","BEEF","PEDAS"),
("IATT190000145","193046","191002","192010","8000","1","8000","0","8000","1","1","1","IAT2505191054","NHO2018000007","PAID","","193046"),
("IATT190000145","193049","191002","192010","10000","1","10000","0","10000","1","1","1","IAT2505191054","NHO2018000007","PAID","ES BATU 2","193049"),
("IATT190000146","193027","191001","192003","43000","1","43000","0","43000","1","1","1","IAT2505191054","NHO2018000007","PAID","","193027"),
("IATT190000146","193028","191001","192003","43000","1","43000","0","43000","1","1","1","IAT2505191054","NHO2018000007","PAID","","193028"),
("IATT190000146","193055","191002","192010","17000","1","17000","0","17000","1","1","1","IAT2505191054","NHO2018000007","PAID","","193055"),
("IATT190000146","193047","191002","192010","8000","1","8000","0","8000","1","1","1","IAT2505191054","NHO2018000007","PAID","","193047"),
("IATT190000146","193047","191002","192010","8000","1","8000","0","8000","2","1","1","IAT2505191054","NHO2018000007","PAID","","193047"),
("IATT190000147","193001","191001","192001","30000","1","30000","0","30000","1","1","1","IAT2505191054","NHO2018000007","PAID","CHIKEN","193001"),
("IATT190000147","193016","191001","192002","37000","1","37000","0","37000","1","1","1","IAT2505191054","NHO2018000007","PAID","","PEDAS"),
("IATT190000147","193047","191002","192010","8000","1","8000","0","8000","1","1","1","IAT2505191054","NHO2018000007","PAID","","193047"),
("IATT190000147","193047","191002","192010","8000","1","8000","0","8000","2","1","1","IAT2505191054","NHO2018000007","PAID","","193047"),
("IATT190000147","193048","191002","192010","8000","1","8000","0","8000","1","1","1","IAT2505191054","NHO2018000007","PAID","","193048"),
("IATT190000148","193024","191001","192003","30000","1","30000","0","30000","1","1","1","IAT2505191054","NHO2018000007","PAID","","193024"),
("IATT190000148","193029","191001","192004","27000","1","27000","0","27000","1","1","1","IAT2505191054","NHO2018000007","PAID","","193029"),
("IATT190000148","193047","191002","192010","8000","1","8000","0","8000","1","1","1","IAT2505191054","NHO2018000007","PAID","","193047"),
("IATT190000149","193051","191002","192010","20000","1","20000","0","20000","1","1","1","IAT2505191054","NHO2018000007","PAID","","193051"),
("IATT190000149","193052","191002","192010","20000","1","20000","0","20000","1","1","1","IAT2505191054","NHO2018000007","PAID","","193052"),
("IATT190000149","193048","191002","192010","8000","1","8000","0","8000","1","1","1","IAT2505191054","NHO2018000007","PAID","","193048"),
("IATT190000149","193048","191002","192010","8000","1","8000","0","8000","2","1","1","IAT2505191054","NHO2018000007","PAID","","193048"),
("IATT190000149","193007","191001","192001","37000","1","37000","0","37000","1","1","1","IAT2505191054","NHO2018000007","PAID","","PEDAS"),
("IATT190000150","193040","191001","192008","20000","1","20000","0","20000","1","1","1","IAT2505191054","NHO2018000007","PAID","","193040"),
("IATT190000149","193007","191001","192001","37000","1","37000","0","37000","2","1","2","IAT2505191054","NHO2018000007","PAID","","PEDAS"),
("IATT190000141","193004","191001","192001","30000","1","30000","0","30000","1","1","2","IAT2505191054","NHO2018000007","PAID","BEEF","193004"),
("IATT190000141","193055","191002","192010","17000","1","17000","0","17000","2","1","2","IAT2505191054","NHO2018000007","PAID","","193055"),
("IATT190000151","193001","191001","192001","30000","1","30000","0","30000","1","1","1","IAT2505191054","NHO2018000007","PAID","BEEF","193001"),
("IATT190000151","193023","191001","192003","30000","1","30000","0","30000","1","1","1","IAT2505191054","NHO2018000007","PAID","","193023"),
("IATT190000151","193052","191002","192010","20000","1","20000","0","20000","1","1","1","IAT2505191054","NHO2018000007","PAID","ES BATU","193052"),
("IATT190000151","193049","191002","192010","10000","1","10000","0","10000","1","1","1","IAT2505191054","NHO2018000007","PAID","","193049"),
("IATT190000151","193051","191002","192010","20000","1","20000","0","20000","1","1","1","IAT2505191054","NHO2018000007","PAID","","193051"),
("IATT190000151","193048","191002","192010","8000","1","8000","0","8000","1","1","1","IAT2505191054","NHO2018000007","PAID","","193048"),
("IATT190000151","193048","191002","192010","8000","1","8000","0","8000","2","1","2","IAT2505191054","NHO2018000007","PAID","","193048"),
("IATT190000151","193048","191002","192010","8000","1","8000","0","8000","3","1","2","IAT2505191054","NHO2018000007","PAID","","193048"),
("IATT190000151","193048","191002","192010","8000","1","8000","0","8000","4","1","2","IAT2505191054","NHO2018000007","PAID","","193048"),
("IATT190000152","193018","191001","192002","37000","1","37000","0","37000","1","1","1","IAT2505191054","NHO2018000007","PAID","","PEDAS"),
("IATT190000152","193003","191001","192001","30000","1","30000","0","30000","1","1","2","IAT2505191054","NHO2018000007","PAID","BEEF","PEDAS"),
("IATT190000153","193051","191002","192010","20000","1","20000","0","20000","1","1","1","IAT2505191054","NHO2018000007","PAID","","193051"),
("IATT190000153","193047","191002","192010","8000","1","8000","0","8000","1","1","1","IAT2505191054","NHO2018000007","PAID","","193047"),
("IATT190000153","193011","191001","192001","40000","1","40000","0","40000","1","1","1","IAT2505191054","NHO2018000007","PAID","","PEDAS"),
("IATT190000153","193028","191001","192003","43000","1","43000","0","43000","1","1","1","IAT2505191054","NHO2018000007","PAID","","193028"),
("IATT190000154","193001","191001","192001","30000","1","30000","0","30000","1","1","1","IAT2505191054","NHO2018000007","PAID","BEEF","193001"),
("IATT190000154","193028","191001","192003","43000","1","43000","0","43000","1","1","1","IAT2505191054","NHO2018000007","PAID","","193028"),
("IATT190000154","193023","191001","192003","30000","1","30000","0","30000","1","1","1","IAT2505191054","NHO2018000007","PAID","","193023"),
("IATT190000154","193022","191001","192003","30000","1","30000","0","30000","1","1","1","IAT2505191054","NHO2018000007","PAID","","193022"),
("IATT190000154","193048","191002","192010","8000","1","8000","0","8000","1","1","1","IAT2505191054","NHO2018000007","PAID","","193048"),
("IATT190000154","193048","191002","192010","8000","1","8000","0","8000","2","1","1","IAT2505191054","NHO2018000007","PAID","","193048"),
("IATT190000154","193048","191002","192010","8000","1","8000","0","8000","3","1","1","IAT2505191054","NHO2018000007","PAID","","193048"),
("IATT190000154","193048","191002","192010","8000","1","8000","0","8000","4","1","1","IAT2505191054","NHO2018000007","PAID","","193048"),
("IATT190000154","193053","191002","192010","20000","1","20000","0","20000","1","1","1","IAT2505191054","NHO2018000007","PAID","","193053"),
("IATT190000154","193051","191002","192010","20000","1","20000","0","20000","1","1","1","IAT2505191054","NHO2018000007","PAID","","193051"),
("IATT190000154","193056","191002","192010","17000","1","17000","0","17000","1","1","1","IAT2505191054","NHO2018000007","PAID","","193056"),
("IATT190000151","193054","191002","192010","20000","1","20000","0","20000","1","1","3","IAT2505191054","NHO2018000007","PAID","","193054"),
("IATT190000151","193028","191001","192003","43000","1","43000","0","43000","1","1","3","IAT2505191054","NHO2018000007","PAID","","193028"),
("IATT190000132","193052","191002","192010","20000","1","20000","0","20000","1","1","2","IAT2505191054","NHO2018000007","PAID","LESS ICE","193052"),
("IATT190000153","193040","191001","192008","20000","1","20000","0","20000","1","1","2","IAT2505191054","NHO2018000007","PAID","","193040"),
("IATT190000153","193023","191001","192003","30000","1","30000","0","30000","1","1","2","IAT2505191054","NHO2018000007","PAID","","193023"),
("IATT190000153","193055","191002","192010","17000","1","17000","0","17000","1","1","2","IAT2505191054","NHO2018000007","PAID","","193055"),
("IATT190000153","193049","191002","192010","10000","1","10000","0","10000","1","1","2","IAT2505191054","NHO2018000007","PAID","","193049"),
("IATT190000153","193001","191001","192001","30000","1","30000","0","30000","1","1","3","IAT2505191054","NHO2018000007","PAID","BEEF","193001"),
("IATT190000153","193053","191002","192010","20000","1","20000","0","20000","1","1","3","IAT2505191054","NHO2018000007","PAID","","193053"),
("IATT190000135","193056","191002","192010","17000","1","17000","0","17000","1","1","2","IAT2505191054","NHO2018000007","PAID","","193056"),
("IATT190000155","193039","191001","192006","36000","1","36000","0","36000","1","1","1","IAT2505191054","NHO2018000007","PAID","","ORIGINAL"),
("IATT190000155","193003","191001","192001","30000","1","30000","0","30000","1","1","1","IAT2505191054","NHO2018000007","PAID","","PEDAS"),
("IATT190000155","193040","191001","192008","20000","1","20000","0","20000","1","1","1","IAT2505191054","NHO2018000007","PAID","","193040"),
("IATT190000155","193023","191001","192003","30000","1","30000","0","30000","1","1","1","IAT2505191054","NHO2018000007","PAID","","193023"),
("IATT190000151","193001","191001","192001","30000","1","30000","0","30000","2","1","4","IAT2505191054","NHO2018000007","PAID","BEEF, TAMBAHAN CUMAN 1. 1NYA UDH KLUAR","193001"),
("IATT190000156","193007","191001","192001","37000","1","37000","0","37000","1","1","1","IAT2505191054","NHO2018000007","PAID","","PEDAS"),
("IATT190000156","193016","191001","192002","37000","1","37000","0","37000","1","1","1","IAT2505191054","NHO2018000007","PAID","","PEDAS"),
("IATT190000156","193027","191001","192003","43000","1","43000","0","43000","1","1","1","IAT2505191054","NHO2018000007","PAID","","193027"),
("IATT190000156","193027","191001","192003","43000","1","43000","0","43000","2","1","1","IAT2505191054","NHO2018000007","PAID","","193027"),
("IATT190000157","193040","191001","192008","20000","1","20000","0","20000","1","1","1","IAT2505191054","NHO2018000007","PAID","","193040"),
("IATT190000157","193040","191001","192008","20000","1","20000","0","20000","2","1","1","IAT2505191054","NHO2018000007","PAID","","193040"),
("IATT190000157","193056","191002","192010","17000","1","17000","0","17000","1","1","1","IAT2505191054","NHO2018000007","PAID","","193056"),
("IATT190000157","193056","191002","192010","17000","1","17000","0","17000","2","1","1","IAT2505191054","NHO2018000007","PAID","","193056"),
("IATT190000157","193056","191002","192010","17000","1","17000","0","17000","3","1","1","IAT2505191054","NHO2018000007","PAID","","193056"),
("IATT190000157","193056","191002","192010","17000","1","17000","0","17000","4","1","1","IAT2505191054","NHO2018000007","PAID","","193056"),
("IATT190000157","193009","191001","192001","40000","1","40000","0","40000","1","1","1","IAT2505191054","NHO2018000007","PAID","","193009"),
("IATT190000157","193041","191001","192008","20000","1","20000","0","20000","1","1","1","IAT2505191054","NHO2018000007","PAID","","193041"),
("IATT190000157","193041","191001","192008","20000","1","20000","0","20000","2","1","1","IAT2505191054","NHO2018000007","PAID","","193041"),
("IATT190000158","193024","191001","192003","30000","1","30000","0","30000","1","1","1","IAT2505191054","NHO2018000007","PAID","","193024"),
("IATT190000158","193023","191001","192003","30000","1","30000","0","30000","1","1","1","IAT2505191054","NHO2018000007","PAID","","193023"),
("IATT190000158","193048","191002","192010","8000","1","8000","0","8000","1","1","1","IAT2505191054","NHO2018000007","PAID","","193048"),
("IATT190000159","193028","191001","192003","43000","1","43000","0","43000","1","1","1","IAT2505191054","NHO2018000007","PAID","","193028"),
("IATT190000159","193011","191001","192001","40000","1","40000","0","40000","1","1","1","IAT2505191054","NHO2018000007","PAID","","PEDAS"),
("IATT190000159","193048","191002","192010","8000","1","8000","0","8000","1","1","1","IAT2505191054","NHO2018000007","PAID","","193048"),
("IATT190000160","193052","191002","192010","20000","1","20000","0","20000","1","1","1","IAT2505191054","NHO2018000007","PAID","","193052"),
("IATT190000160","193056","191002","192010","17000","1","17000","0","17000","1","1","1","IAT2505191054","NHO2018000007","PAID","","193056"),
("IATT190000160","193001","191001","192001","30000","1","30000","0","30000","1","1","1","IAT2505191054","NHO2018000007","PAID","BEEF","193001"),
("IATT190000160","193001","191001","192001","30000","1","30000","0","30000","2","1","1","IAT2505191054","NHO2018000007","PAID","","193001"),
("IATT190000161","193035","191001","192006","32000","1","32000","0","32000","1","1","1","IAT2505191054","NHO2018000007","PAID","PEDAS","ORIGINAL"),
("IATT190000161","193001","191001","192001","30000","1","30000","0","30000","1","1","1","IAT2505191054","NHO2018000007","PAID","","193001"),
("IATT190000159","193048","191002","192010","8000","1","8000","0","8000","2","1","2","IAT2505191054","NHO2018000007","PAID","","193048"),
("IATT190000156","193048","191002","192010","8000","1","8000","0","8000","1","1","2","IAT2505191054","NHO2018000007","PAID","","193048"),
("IATT190000156","193049","191002","192010","10000","1","10000","0","10000","1","1","2","IAT2505191054","NHO2018000007","PAID","","193049"),
("IATT190000162","193025","191001","192003","30000","1","30000","0","30000","1","1","1","IAT2505191054","NHO2018000007","PAID","","193025"),
("IATT190000162","193028","191001","192003","43000","1","43000","0","43000","1","1","1","IAT2505191054","NHO2018000007","PAID","","193028"),
("IATT190000162","193016","191001","192002","37000","1","37000","0","37000","1","1","1","IAT2505191054","NHO2018000007","PAID","","PEDAS"),
("IATT190000162","193049","191002","192010","10000","1","10000","0","10000","1","1","1","IAT2505191054","NHO2018000007","PAID","","193049"),
("IATT190000162","193053","191002","192010","20000","1","20000","0","20000","1","1","1","IAT2505191054","NHO2018000007","PAID","","193053"),
("IATT190000162","193047","191002","192010","8000","1","8000","0","8000","1","1","1","IAT2505191054","NHO2018000007","PAID","","193047"),
("IATT190000163","193003","191001","192001","30000","1","30000","0","30000","1","1","1","IAT2505191054","NHO2018000007","PAID","BEEF LVL 1","PEDAS"),
("IATT190000163","193003","191001","192001","30000","1","30000","0","30000","2","1","1","IAT2505191054","NHO2018000007","PAID","","PEDAS"),
("IATT190000163","193051","191002","192010","20000","1","20000","0","20000","1","1","1","IAT2505191054","NHO2018000007","PAID","","193051"),
("IATT190000163","193047","191002","192010","8000","1","8000","0","8000","1","1","1","IAT2505191054","NHO2018000007","PAID","","193047"),
("IATT190000163","193048","191002","192010","8000","1","8000","0","8000","1","1","1","IAT2505191054","NHO2018000007","PAID","","193048"),
("IATT190000163","193048","191002","192010","8000","1","8000","0","8000","2","1","1","IAT2505191054","NHO2018000007","PAID","","193048"),
("IATT190000164","193022","191001","192003","30000","1","30000","0","30000","1","1","1","IAT2505191054","NHO2018000007","PAID","","193022"),
("IATT190000164","193032","191001","192004","30000","1","30000","0","30000","1","1","1","IAT2505191054","NHO2018000007","PAID","","193032"),
("IATT190000164","193001","191001","192001","30000","1","30000","0","30000","1","1","1","IAT2505191054","NHO2018000007","PAID","BEEF / TABLE INI JANGAN DI BUAT . ","193001"),
("IATT190000164","193055","191002","192010","17000","1","17000","0","17000","1","1","1","IAT2505191054","NHO2018000007","PAID","","193055"),
("IATT190000164","193048","191002","192010","8000","1","8000","0","8000","1","1","1","IAT2505191054","NHO2018000007","PAID","","193048"),
("IATT190000166","193029","191001","192004","27000","1","27000","0","27000","1","1","1","IAT2505191054","NHO2018000007","PAID","","193029"),
("IATT190000166","193047","191002","192010","8000","1","8000","0","8000","1","1","1","IAT2505191054","NHO2018000007","PAID","","193047"),
("IATT190000166","193053","191002","192010","20000","1","20000","0","20000","1","1","1","IAT2505191054","NHO2018000007","PAID","","193053"),
("IATT190000166","193035","191001","192006","32000","1","32000","0","32000","1","1","1","IAT2505191054","NHO2018000007","PAID","","ORIGINAL"),
("IATT190000167","193028","191001","192003","43000","1","43000","0","43000","1","1","1","IAT2505191054","NHO2018000007","PAID","","193028"),
("IATT190000167","193027","191001","192003","43000","1","43000","0","43000","1","1","1","IAT2505191054","NHO2018000007","PAID","","193027"),
("IATT190000167","193047","191002","192010","8000","1","8000","0","8000","1","1","1","IAT2505191054","NHO2018000007","PAID","","193047"),
("IATT190000167","193047","191002","192010","8000","1","8000","0","8000","2","1","1","IAT2505191054","NHO2018000007","PAID","","193047"),
("IATT190000168","193022","191001","192003","30000","1","30000","0","30000","1","1","1","IAT2505191054","NHO2018000007","PAID","","193022"),
("IATT190000168","193021","191001","192002","40000","1","40000","0","40000","1","1","1","IAT2505191054","NHO2018000007","PAID","","ORIGINAL"),
("IATT190000168","193047","191002","192010","8000","1","8000","0","8000","1","1","1","IAT2505191054","NHO2018000007","PAID","","193047"),
("IATT190000168","193055","191002","192010","17000","1","17000","0","17000","1","1","1","IAT2505191054","NHO2018000007","PAID","","193055"),
("IATT190000169","193024","191001","192003","30000","1","30000","0","30000","1","1","1","IAT2505191054","NHO2018000007","PAID","","193024"),
("IATT190000169","193029","191001","192004","27000","1","27000","0","27000","1","1","1","IAT2505191054","NHO2018000007","PAID","","193029"),
("IATT190000169","193029","191001","192004","27000","1","27000","0","27000","2","1","1","IAT2505191054","NHO2018000007","PAID","","193029"),
("IATT190000169","193030","191001","192004","27000","1","27000","0","27000","1","1","1","IAT2505191054","NHO2018000007","PAID","","193030"),
("IATT190000169","193022","191001","192003","30000","1","30000","0","30000","1","1","1","IAT2505191054","NHO2018000007","PAID","","193022"),
("IATT190000169","193047","191002","192010","8000","1","8000","0","8000","1","1","1","IAT2505191054","NHO2018000007","PAID","","193047"),
("IATT190000169","193047","191002","192010","8000","1","8000","0","8000","2","1","1","IAT2505191054","NHO2018000007","PAID","","193047"),
("IATT190000169","193055","191002","192010","17000","1","17000","0","17000","1","1","1","IAT2505191054","NHO2018000007","PAID","","193055"),
("IATT190000169","193052","191002","192010","20000","1","20000","0","20000","1","1","1","IAT2505191054","NHO2018000007","PAID","","193052"),
("IATT190000165","193023","191001","192003","30000","1","30000","0","30000","1","1","1","IAT2505191054","NHO2018000007","PAID","","193023"),
("IATT190000165","193023","191001","192003","30000","1","30000","0","30000","2","1","1","IAT2505191054","NHO2018000007","PAID","","193023"),
("IATT190000165","193024","191001","192003","30000","1","30000","0","30000","1","1","1","IAT2505191054","NHO2018000007","PAID","","193024"),
("IATT190000165","193024","191001","192003","30000","1","30000","0","30000","2","1","1","IAT2505191054","NHO2018000007","PAID","","193024"),
("IATT190000165","193044","191001","192008","25000","1","25000","0","25000","1","1","1","IAT2505191054","NHO2018000007","PAID","","193044"),
("IATT190000165","193047","191002","192010","8000","1","8000","0","8000","1","1","1","IAT2505191054","NHO2018000007","PAID","","193047"),
("IATT190000165","193047","191002","192010","8000","1","8000","0","8000","2","1","1","IAT2505191054","NHO2018000007","PAID","","193047"),
("IATT190000170","193041","191001","192008","20000","1","20000","0","20000","1","1","1","IAT2505191054","NHO2018000007","PAID","","193041"),
("IATT190000170","193004","191001","192001","30000","1","30000","0","30000","1","1","1","IAT2505191054","NHO2018000007","PAID","BEEF","193004"),
("IATT190000170","193022","191001","192003","30000","1","30000","0","30000","1","1","1","IAT2505191054","NHO2018000007","PAID","","193022"),
("IATT190000170","193001","191001","192001","30000","1","30000","0","30000","1","1","1","IAT2505191054","NHO2018000007","PAID","BEEF","193001"),
("IATT190000170","193055","191002","192010","17000","1","17000","0","17000","1","1","1","IAT2505191054","NHO2018000007","PAID","","193055"),
("IATT190000170","193048","191002","192010","8000","1","8000","0","8000","1","1","1","IAT2505191054","NHO2018000007","PAID","","193048"),
("IATT190000170","193049","191002","192010","10000","1","10000","0","10000","1","1","1","IAT2505191054","NHO2018000007","PAID","","193049"),
("IATT190000171","193003","191001","192001","30000","1","30000","0","30000","1","1","1","IAT2505191054","NHO2018000007","PAID","CHIKEN","PEDAS"),
("IATT190000171","193022","191001","192003","30000","1","30000","0","30000","1","1","1","IAT2505191054","NHO2018000007","PAID","","193022"),
("IATT190000171","193047","191002","192010","8000","1","8000","0","8000","1","1","1","IAT2505191054","NHO2018000007","PAID","","193047"),
("IATT190000171","193047","191002","192010","8000","1","8000","0","8000","2","1","1","IAT2505191054","NHO2018000007","PAID","","193047"),
("IATT190000171","193055","191002","192010","17000","1","17000","0","17000","1","1","1","IAT2505191054","NHO2018000007","PAID","","193055"),
("IATT190000172","193022","191001","192003","30000","1","30000","0","30000","1","1","1","IAT2505191054","NHO2018000007","PAID","","193022"),
("IATT190000172","193024","191001","192003","30000","1","30000","0","30000","1","1","1","IAT2505191054","NHO2018000007","PAID","","193024"),
("IATT190000172","193053","191002","192010","20000","1","20000","0","20000","1","1","1","IAT2505191054","NHO2018000007","PAID","","193053"),
("IATT190000172","193055","191002","192010","17000","1","17000","0","17000","1","1","1","IAT2505191054","NHO2018000007","PAID","","193055"),
("IATT190000173","193004","191001","192001","30000","1","30000","0","30000","1","1","1","IAT2505191054","NHO2018000007","PAID","BEEF","193004"),
("IATT190000173","193022","191001","192003","30000","1","30000","0","30000","1","1","1","IAT2505191054","NHO2018000007","PAID","","193022"),
("IATT190000173","193022","191001","192003","30000","1","30000","0","30000","2","1","1","IAT2505191054","NHO2018000007","PAID","","193022"),
("IATT190000173","193048","191002","192010","8000","1","8000","0","8000","1","1","1","IAT2505191054","NHO2018000007","PAID","","193048"),
("IATT190000173","193048","191002","192010","8000","1","8000","0","8000","2","1","1","IAT2505191054","NHO2018000007","PAID","","193048"),
("IATT190000174","193036","191001","192006","36000","1","36000","0","36000","1","1","1","IAT2505191054","NHO2018000007","PAID","","ORIGINAL"),
("IATT190000174","193013","191001","192002","33000","1","33000","0","33000","1","1","1","IAT2505191054","NHO2018000007","PAID","BEEF","PEDAS"),
("IATT190000174","193047","191002","192010","8000","1","8000","0","8000","1","1","1","IAT2505191054","NHO2018000007","PAID","","193047"),
("IATT190000174","193046","191002","192010","8000","1","8000","0","8000","1","1","1","IAT2505191054","NHO2018000007","PAID","","193046"),
("IATT190000175","193024","191001","192003","30000","1","30000","0","30000","1","1","1","IAT2505191054","NHO2018000007","PAID","","193024"),
("IATT190000175","193015","191001","192002","33000","1","33000","0","33000","1","1","1","IAT2505191054","NHO2018000007","PAID","","PEDAS"),
("IATT190000175","193047","191002","192010","8000","1","8000","0","8000","1","1","1","IAT2505191054","NHO2018000007","PAID","","193047"),
("IATT190000175","193047","191002","192010","8000","1","8000","0","8000","2","1","1","IAT2505191054","NHO2018000007","PAID","","193047"),
("IATT190000175","193047","191002","192010","8000","1","8000","0","8000","3","1","1","IAT2505191054","NHO2018000007","PAID","","193047"),
("IATT190000175","193011","191001","192001","40000","1","40000","0","40000","1","1","1","IAT2505191054","NHO2018000007","PAID","","PEDAS"),
("IATT190000176","193048","191002","192010","8000","1","8000","0","8000","1","1","1","IAT2505191054","NHO2018000007","PAID","","193048"),
("IATT190000176","193048","191002","192010","8000","1","8000","0","8000","2","1","1","IAT2505191054","NHO2018000007","PAID","","193048"),
("IATT190000176","193046","191002","192010","8000","1","8000","0","8000","1","1","1","IAT2505191054","NHO2018000007","PAID","","193046"),
("IATT190000176","193051","191002","192010","20000","1","20000","0","20000","1","1","1","IAT2505191054","NHO2018000007","PAID","","193051"),
("IATT190000176","193015","191001","192002","33000","1","33000","0","33000","1","1","1","IAT2505191054","NHO2018000007","PAID","","PEDAS"),
("IATT190000176","193022","191001","192003","30000","1","30000","0","30000","1","1","1","IAT2505191054","NHO2018000007","PAID","","193022"),
("IATT190000158","193048","191002","192010","8000","1","8000","0","8000","2","1","2","IAT2505191054","NHO2018000007","PAID","","193048"),
("IATT190000177","193027","191001","192003","43000","1","43000","0","43000","1","1","1","IAT2505191054","NHO2018000007","PAID","","193027"),
("IATT190000177","193028","191001","192003","43000","1","43000","0","43000","1","1","1","IAT2505191054","NHO2018000007","PAID","","193028"),
("IATT190000177","193024","191001","192003","30000","1","30000","0","30000","1","1","1","IAT2505191054","NHO2018000007","PAID","","193024"),
("IATT190000177","193054","191002","192010","20000","1","20000","0","20000","1","1","1","IAT2505191054","NHO2018000007","PAID","","193054"),
("IATT190000177","193047","191002","192010","8000","1","8000","0","8000","1","1","1","IAT2505191054","NHO2018000007","PAID","","193047"),
("IATT190000177","193055","191002","192010","17000","1","17000","0","17000","1","1","1","IAT2505191054","NHO2018000007","PAID","","193055"),
("IATT190000178","193029","191001","192004","27000","1","27000","0","27000","1","1","1","IAT2505191054","NHO2018000007","PAID","","193029"),
("IATT190000178","193055","191002","192010","17000","1","17000","0","17000","1","1","1","IAT2505191054","NHO2018000007","PAID","","193055"),
("IATT190000178","193047","191002","192010","8000","1","8000","0","8000","1","1","1","IAT2505191054","NHO2018000007","PAID","","193047"),
("IATT190000179","193022","191001","192003","30000","1","30000","0","30000","1","1","1","IAT2505191054","NHO2018000007","PAID","","193022"),
("IATT190000179","193024","191001","192003","30000","1","30000","0","30000","1","1","1","IAT2505191054","NHO2018000007","PAID","","193024"),
("IATT190000179","193049","191002","192010","10000","1","10000","0","10000","1","1","1","IAT2505191054","NHO2018000007","PAID","","193049"),
("IATT190000179","193048","191002","192010","8000","1","8000","0","8000","1","1","1","IAT2505191054","NHO2018000007","PAID","","193048"),
("IATT190000178","193024","191001","192003","30000","1","30000","0","30000","1","1","2","IAT2505191054","NHO2018000007","PAID","","193024"),
("IATT190000180","193022","191001","192003","30000","1","30000","0","30000","1","1","1","IAT2505191054","NHO2018000007","PAID","","193022"),
("IATT190000180","193024","191001","192003","30000","1","30000","0","30000","1","1","1","IAT2505191054","NHO2018000007","PAID","","193024"),
("IATT190000180","193030","191001","192004","27000","1","27000","0","27000","1","1","1","IAT2505191054","NHO2018000007","PAID","","193030"),
("IATT190000180","193030","191001","192004","27000","1","27000","0","27000","2","1","1","IAT2505191054","NHO2018000007","PAID","","193030"),
("IATT190000180","193021","191001","192002","40000","1","40000","0","40000","1","1","1","IAT2505191054","NHO2018000007","PAID","","ORIGINAL"),
("IATT190000180","193046","191002","192010","8000","1","8000","0","8000","1","1","1","IAT2505191054","NHO2018000007","PAID","","193046"),
("IATT190000180","193046","191002","192010","8000","1","8000","0","8000","2","1","1","IAT2505191054","NHO2018000007","PAID","","193046"),
("IATT190000180","193046","191002","192010","8000","1","8000","0","8000","3","1","1","IAT2505191054","NHO2018000007","PAID","","193046"),
("IATT190000180","193047","191002","192010","8000","1","8000","0","8000","1","1","1","IAT2505191054","NHO2018000007","PAID","","193047"),
("IATT190000173","193048","191002","192010","8000","1","8000","0","8000","3","1","3","IAT2505191054","NHO2018000007","PAID","","193048"),
("IATT190000173","193048","191002","192010","8000","1","8000","0","8000","4","1","3","IAT2505191054","NHO2018000007","PAID","","193048"),
("IATT190000181","193046","191002","192010","8000","1","8000","0","8000","1","1","1","IAT2505191054","NHO2018000007","PAID","","193046"),
("IATT190000181","193055","191002","192010","17000","1","17000","0","17000","1","1","1","IAT2505191054","NHO2018000007","PAID","","193055"),
("IATT190000181","193048","191002","192010","8000","1","8000","0","8000","1","1","1","IAT2505191054","NHO2018000007","PAID","","193048"),
("IATT190000181","193048","191002","192010","8000","1","8000","0","8000","2","1","1","IAT2505191054","NHO2018000007","PAID","","193048"),
("IATT190000181","193028","191001","192003","43000","1","43000","0","43000","1","1","1","IAT2505191054","NHO2018000007","PAID","","193028"),
("IATT190000181","193028","191001","192003","43000","1","43000","0","43000","2","1","1","IAT2505191054","NHO2018000007","PAID","","193028"),
("IATT190000181","193028","191001","192003","43000","1","43000","0","43000","3","1","1","IAT2505191054","NHO2018000007","PAID","","193028"),
("IATT190000181","193028","191001","192003","43000","1","43000","0","43000","4","1","1","IAT2505191054","NHO2018000007","PAID","","193028"),
("IATT190000182","193028","191001","192003","43000","1","43000","0","43000","1","1","1","IAT2505191054","NHO2018000007","PAID","","193028"),
("IATT190000182","193028","191001","192003","43000","1","43000","0","43000","2","1","1","IAT2505191054","NHO2018000007","PAID","","193028"),
("IATT190000182","193030","191001","192004","27000","1","27000","0","27000","1","1","1","IAT2505191054","NHO2018000007","PAID","","193030"),
("IATT190000182","193049","191002","192010","10000","1","10000","0","10000","1","1","1","IAT2505191054","NHO2018000007","PAID","PKE ES","193049"),
("IATT190000182","193048","191002","192010","8000","1","8000","0","8000","1","1","1","IAT2505191054","NHO2018000007","PAID","","193048"),
("IATT190000182","193047","191002","192010","8000","1","8000","0","8000","1","1","1","IAT2505191054","NHO2018000007","PAID","","193047"),
("IATT190000183","193022","191001","192003","30000","1","30000","0","30000","1","1","1","IAT2505191054","NHO2018000007","PAID","","193022"),
("IATT190000183","193024","191001","192003","30000","1","30000","0","30000","1","1","1","IAT2505191054","NHO2018000007","PAID","","193024"),
("IATT190000183","193040","191001","192008","20000","1","20000","0","20000","1","1","1","IAT2505191054","NHO2018000007","PAID","","193040"),
("IATT190000184","193022","191001","192003","30000","1","30000","0","30000","1","1","1","IAT2505191054","NHO2018000007","PAID","","193022"),
("IATT190000184","193035","191001","192006","32000","1","32000","0","32000","1","1","1","IAT2505191054","NHO2018000007","PAID","1 PEDES SEDANG","ORIGINAL"),
("IATT190000184","193035","191001","192006","32000","1","32000","0","32000","2","1","1","IAT2505191054","NHO2018000007","PAID","","ORIGINAL"),
("IATT190000184","193028","191001","192003","43000","1","43000","0","43000","1","1","1","IAT2505191054","NHO2018000007","PAID","","193028"),
("IATT190000185","193024","191001","192003","30000","1","30000","0","30000","1","1","1","IAT2505191054","NHO2018000007","PAID","","193024"),
("IATT190000185","193024","191001","192003","30000","1","30000","0","30000","2","1","1","IAT2505191054","NHO2018000007","PAID","","193024"),
("IATT190000185","193055","191002","192010","17000","1","17000","0","17000","1","1","1","IAT2505191054","NHO2018000007","PAID","","193055"),
("IATT190000185","193055","191002","192010","17000","1","17000","0","17000","2","1","1","IAT2505191054","NHO2018000007","PAID","","193055"),
("IATT190000184","193054","191002","192010","20000","1","20000","0","20000","1","1","1","IAT2505191054","NHO2018000007","PAID","","193054"),
("IATT190000184","193054","191002","192010","20000","1","20000","0","20000","2","1","1","IAT2505191054","NHO2018000007","PAID","","193054"),
("IATT190000184","193054","191002","192010","20000","1","20000","0","20000","3","1","1","IAT2505191054","NHO2018000007","PAID","","193054"),
("IATT190000184","193051","191002","192010","20000","1","20000","0","20000","1","1","1","IAT2505191054","NHO2018000007","PAID","","193051"),
("IATT190000186","193022","191001","192003","30000","1","30000","0","30000","1","1","1","IAT2505191054","NHO2018000007","PAID","","193022"),
("IATT190000186","193046","191002","192010","8000","1","8000","0","8000","1","1","1","IAT2505191054","NHO2018000007","PAID","","193046"),
("IATT190000186","193046","191002","192010","8000","1","8000","0","8000","2","1","1","IAT2505191054","NHO2018000007","PAID","","193046"),
("IATT190000186","193015","191001","192002","33000","1","33000","0","33000","1","1","1","IAT2505191054","NHO2018000007","PAID","","ORIGINAL"),
("IATT190000187","193067","191001","192003","7000","1","7000","0","7000","1","1","1","IAT2505191054","NHO2018000007","PAID","UDAH","193067"),
("IATT190000184","193029","191001","192004","27000","1","27000","0","27000","1","1","2","IAT2505191054","NHO2018000007","PAID","","193029"),
("IATT190000184","193046","191002","192010","8000","1","8000","0","8000","1","1","2","IAT2505191054","NHO2018000007","PAID","HANGAT","193046"),
("IATT190000188","193013","191001","192002","33000","1","33000","0","33000","1","1","1","IAT2505191054","NHO2018000007","PAID","BEEF","PEDAS"),
("IATT190000188","193055","191002","192010","17000","1","17000","0","17000","1","1","1","IAT2505191054","NHO2018000007","PAID","","193055"),
("IATT190000188","193054","191002","192010","20000","1","20000","0","20000","1","1","1","IAT2505191054","NHO2018000007","PAID","","193054"),
("IATT190000190","193022","191001","192003","30000","1","30000","0","30000","1","1","1","IAT2505191054","NHO2018000007","PAID","beef / minta bubuk sambal pisah","193022"),
("IATT190000190","193002","191001","192001","30000","1","30000","0","30000","1","1","1","IAT2505191054","NHO2018000007","PAID","","193002"),
("IATT190000190","193049","191002","192010","10000","1","10000","0","10000","1","1","1","IAT2505191054","NHO2018000007","PAID","","193049"),
("IATT190000190","193050","191002","192010","20000","1","20000","0","20000","1","1","1","IAT2505191054","NHO2018000007","PAID","","193050"),
("IATT190000137","193066","191003","192011","0","1","0","0","0","3","1","2","IAT2505191054","NHO2018000007","PAID","","193066"),
("IATT190000137","193066","191003","192011","0","1","0","0","0","4","1","2","IAT2505191054","NHO2018000007","PAID","","193066"),
("IATT190000137","193066","191003","192011","0","1","0","0","0","5","1","2","IAT2505191054","NHO2018000007","PAID","","193066"),
("IATT190000137","193066","191003","192011","0","1","0","0","0","6","1","2","IAT2505191054","NHO2018000007","PAID","","193066"),
("IATT190000137","193066","191003","192011","0","1","0","0","0","7","1","2","IAT2505191054","NHO2018000007","PAID","","193066"),
("IATT190000137","193066","191003","192011","0","1","0","0","0","8","1","2","IAT2505191054","NHO2018000007","PAID","","193066"),
("IATT190000137","193066","191003","192011","0","1","0","0","0","9","1","2","IAT2505191054","NHO2018000007","PAID","","193066"),
("IATT190000137","193066","191003","192011","0","1","0","0","0","10","1","2","IAT2505191054","NHO2018000007","PAID","","193066"),
("IATT190000137","193066","191003","192011","0","1","0","0","0","10","1","2","IAT2505191054","NHO2018000007","PAID","","193066"),
("IATT190000137","193066","191003","192011","0","1","0","0","0","10","1","2","IAT2505191054","NHO2018000007","PAID","","193066"),
("IATT190000137","193066","191003","192011","0","1","0","0","0","10","1","2","IAT2505191054","NHO2018000007","PAID","","193066"),
("IATT190000137","193066","191003","192011","0","1","0","0","0","10","1","2","IAT2505191054","NHO2018000007","PAID","","193066"),
("IATT190000137","193066","191003","192011","0","1","0","0","0","10","1","2","IAT2505191054","NHO2018000007","PAID","","193066"),
("IATT190000137","193066","191003","192011","0","1","0","0","0","10","1","2","IAT2505191054","NHO2018000007","PAID","","193066"),
("IATT190000137","193066","191003","192011","0","1","0","0","0","10","1","2","IAT2505191054","NHO2018000007","PAID","","193066"),
("IATT190000137","193066","191003","192011","0","1","0","0","0","10","1","2","IAT2505191054","NHO2018000007","PAID","","193066"),
("IATT190000137","193066","191003","192011","0","1","0","0","0","10","1","2","IAT2505191054","NHO2018000007","PAID","","193066"),
("IATT190000137","193066","191003","192011","0","1","0","0","0","10","1","2","IAT2505191054","NHO2018000007","PAID","","193066"),
("IATT190000137","193066","191003","192011","0","1","0","0","0","10","1","2","IAT2505191054","NHO2018000007","PAID","","193066"),
("IATT190000137","193066","191003","192011","0","1","0","0","0","10","1","2","IAT2505191054","NHO2018000007","PAID","","193066"),
("IATT190000137","193066","191003","192011","0","1","0","0","0","10","1","2","IAT2505191054","NHO2018000007","PAID","","193066"),
("IATT190000137","193066","191003","192011","0","1","0","0","0","10","1","2","IAT2505191054","NHO2018000007","PAID","","193066"),
("IATT190000137","193066","191003","192011","0","1","0","0","0","10","1","2","IAT2505191054","NHO2018000007","PAID","","193066"),
("IATT190000137","193066","191003","192011","0","1","0","0","0","10","1","2","IAT2505191054","NHO2018000007","PAID","","193066"),
("IATT190000137","193066","191003","192011","0","1","0","0","0","10","1","2","IAT2505191054","NHO2018000007","PAID","","193066"),
("IATT190000137","193066","191003","192011","0","1","0","0","0","10","1","2","IAT2505191054","NHO2018000007","PAID","","193066"),
("IATT190000137","193066","191003","192011","0","1","0","0","0","10","1","2","IAT2505191054","NHO2018000007","PAID","","193066"),
("IATT190000137","193066","191003","192011","0","1","0","0","0","10","1","2","IAT2505191054","NHO2018000007","PAID","","193066"),
("IATT190000137","193066","191003","192011","0","1","0","0","0","10","1","3","IAT2505191054","NHO2018000007","PAID","","193066"),
("IATT190000137","193066","191003","192011","0","1","0","0","0","10","1","3","IAT2505191054","NHO2018000007","PAID","","193066"),
("IATT190000137","193066","191003","192011","0","1","0","0","0","10","1","3","IAT2505191054","NHO2018000007","PAID","","193066"),
("IATT190000137","193066","191003","192011","0","1","0","0","0","10","1","3","IAT2505191054","NHO2018000007","PAID","","193066"),
("IATT190000137","193066","191003","192011","0","1","0","0","0","10","1","3","IAT2505191054","NHO2018000007","PAID","","193066"),
("IATT190000137","193066","191003","192011","0","1","0","0","0","10","1","3","IAT2505191054","NHO2018000007","PAID","","193066"),
("IATT190000192","193022","191001","192003","30000","1","30000","0","30000","1","1","1","IAT2505191054","NHO2018000007","PAID","","193022"),
("IATT190000192","193024","191001","192003","30000","1","30000","0","30000","1","1","1","IAT2505191054","NHO2018000007","PAID","","193024"),
("IATT190000192","193046","191002","192010","8000","1","8000","0","8000","1","1","1","IAT2505191054","NHO2018000007","PAID","","193046"),
("IATT190000192","193046","191002","192010","8000","1","8000","0","8000","2","1","1","IAT2505191054","NHO2018000007","PAID","","193046"),
("IATT190000192","193054","191002","192010","20000","1","20000","0","20000","1","1","1","IAT2505191054","NHO2018000007","PAID","","193054");



INSERT INTO pos_salestemp VALUES("IATT190000115","","2","38000","0","3800","0","41800","52000","25/05/2019","10:54","25/05/2019","11:24:52","ISU000012","tbl0011","CLOSED","1","","IATR190000104","","","","","IAT2505191054","NHO2018000007"),
("IATT190000116","","2","78000","0","7800","0","85800","85800","25/05/2019","11:31","25/05/2019","12:07:58","ISU000012","tbl0012","CLOSED","1","","IATR190000105","","","","","IAT2505191054","NHO2018000007"),
("IATT190000117","","2","79000","0","7900","0","86900","86900","25/05/2019","11:57","25/05/2019","12:27:47","ISU000012","tbl0010","CLOSED","1","","IATR190000106","","","","","IAT2505191054","NHO2018000007"),
("IATT190000118","","1","51000","0","5100","0","56100","56100","25/05/2019","12:12","25/05/2019","12:43:16","ISU000012","tbl0007","CLOSED","1","","IATR190000107","","","","","IAT2505191054","NHO2018000007"),
("IATT190000119","","2","81000","0","8100","0","89100","100000","25/05/2019","13:07","25/05/2019","13:32:29","ISU000012","tbl0011","CLOSED","1","","IATR190000108","","","","","IAT2505191054","NHO2018000007"),
("IATT190000120","","1","38000","0","3800","0","41800","52000","25/05/2019","14:17","25/05/2019","14:35:35","ISU000012","tbl0012","CLOSED","1","","IATR190000109","","","","","IAT2505191054","NHO2018000007"),
("IATT190000121","","1","51000","0","5100","0","56100","100000","25/05/2019","14:33","25/05/2019","15:04:33","ISU000012","tbl0011","CLOSED","1","","IATR190000110","","","","","IAT2505191054","NHO2018000007"),
("IATT190000122","","2","127000","0","12700","0","139700","200000","25/05/2019","14:39","25/05/2019","15:41:49","ISU000012","tbl0010","CLOSED","1","","IATR190000113","","","","","IAT2505191054","NHO2018000007"),
("IATT190000123","","2","76000","0","7600","0","83600","83600","25/05/2019","14:52","25/05/2019","15:18:53","ISU000012","tbl0012","CLOSED","1","","IATR190000111","","","","","IAT2505191054","NHO2018000007"),
("IATT190000124","","0","113000","0","11300","0","124300","124300","25/05/2019","15:05","25/05/2019","16:01:15","ISU000012","tbl0011","CLOSED","1","","IATR190000114","","","","","IAT2505191054","NHO2018000007"),
("IATT190000125","","3","144000","0","14400","0","158400","160000","25/05/2019","15:12","25/05/2019","15:40:49","ISU000012","tbl0018","CLOSED","1","","IATR190000112","","","","","IAT2505191054","NHO2018000007"),
("IATT190000126","","1","38000","0","3800","0","41800","41800","25/05/2019","16:05","25/05/2019","16:38:07","ISU000012","tbl0012","CLOSED","1","","IATR190000115","","","","","IAT2505191054","NHO2018000007"),
("IATT190000127","","2","68000","0","6800","0","74800","100000","25/05/2019","16:12","25/05/2019","16:58:11","ISU000012","tbl0010","CLOSED","1","","IATR190000117","","","","","IAT2505191054","NHO2018000007"),
("IATT190000128","","1","20000","0","2000","0","22000","22000","25/05/2019","16:14","25/05/2019","16:40:55","ISU000012","tbl0004","CLOSED","1","","IATR190000116","","","","","IAT2505191054","NHO2018000007"),
("IATT190000129","","1","37000","0","3700","0","40700","50000","25/05/2019","16:45","25/05/2019","17:02:28","ISU000012","tbl0008","CLOSED","1","","IATR190000118","","","","","IAT2505191054","NHO2018000007"),
("IATT190000130","","0","0","0","0","0","0","0","25/05/2019","16:48","25/05/2019","16:48:31","ISU000012","tbl0019","CANCELED","1","PERMINTAAN CUSTOMER","","","","","","IAT2505191054","NHO2018000007"),
("IATT190000131","","2","211000","0","21100","0","232100","300000","25/05/2019","16:48","25/05/2019","18:19:53","ISU000012","tbl0019","CLOSED","1","","IATR190000130","","","","","IAT2505191054","NHO2018000007"),
("IATT190000132","","3","150000","0","15000","0","165000","200000","25/05/2019","16:53","25/05/2019","18:26:01","ISU000012","tbl0020","CLOSED","1","","IATR190000135","","","","","IAT2505191054","NHO2018000007"),
("IATT190000133","","6","445000","0","44500","0","489500","500000","25/05/2019","16:54","25/05/2019","18:28:47","ISU000012","tbl0013","CLOSED","1","","IATR190000136","","","","","IAT2505191054","NHO2018000007"),
("IATT190000134","","3","90000","0","9000","0","99000","99000","25/05/2019","16:56","25/05/2019","17:13:54","ISU000012","tbl0022","CLOSED","1","","IATR190000119","","","","","IAT2505191054","NHO2018000007"),
("IATT190000135","","2","120000","0","12000","0","132000","200000","25/05/2019","16:58","25/05/2019","18:25:22","ISU000012","tbl0005","CLOSED","1","","IATR190000134","","","","","IAT2505191054","NHO2018000007"),
("IATT190000136","","2","86000","0","8600","0","94600","100000","25/05/2019","17:00","25/05/2019","17:56:51","ISU000012","tbl0004","CLOSED","1","","IATR190000123","","","","","IAT2505191054","NHO2018000007"),
("IATT190000137","","1","0","0","0","0","0","0","25/05/2019","17:02","25/05/2019","23:39:28","ISU000004","tbl0050","CLOSED","1","","IATR190000179","","","","","IAT2505191054","NHO2018000007"),
("IATT190000138","","2","153000","0","15300","0","168300","200000","25/05/2019","17:05","25/05/2019","18:38:34","ISU000012","tbl0018","CLOSED","1","","IATR190000138","","","","","IAT2505191054","NHO2018000007"),
("IATT190000139","","2","98000","0","9800","0","107800","120000","25/05/2019","17:10","25/05/2019","18:07:56","ISU000012","tbl0009","CLOSED","1","","IATR190000126","","","","","IAT2505191054","NHO2018000007"),
("IATT190000140","","3","136000","0","13600","0","149600","150000","25/05/2019","17:14","25/05/2019","17:38:02","ISU000012","tbl0017","CLOSED","1","","IATR190000120","","","","","IAT2505191054","NHO2018000007"),
("IATT190000141","","3","164000","0","16400","0","180400","180400","25/05/2019","17:17","25/05/2019","18:03:22","ISU000012","tbl0023","CLOSED","1","","IATR190000124","","","","","IAT2505191054","NHO2018000007"),
("IATT190000142","","3","187000","0","18700","0","205700","210000","25/05/2019","17:18","25/05/2019","18:09:44","ISU000012","tbl0007","CLOSED","1","","IATR190000127","","","","","IAT2505191054","NHO2018000007"),
("IATT190000143","","4","221000","0","22100","0","243100","250000","25/05/2019","17:21","25/05/2019","18:12:34","ISU000012","tbl0012","CLOSED","1","","IATR190000128","","","","","IAT2505191054","NHO2018000007"),
("IATT190000144","","3","96000","0","9600","0","105600","212600","25/05/2019","17:24","25/05/2019","18:20:32","ISU000012","tbl0008","REFUND","1","","IATR190000131","25/05/2019","23:30:58","090592","IATR190000177","IAT2505191054","NHO2018000007"),
("IATT190000145","","3","78000","0","7800","0","85800","100000","25/05/2019","17:24","25/05/2019","18:04:15","ISU000012","tbl0024","CLOSED","1","","IATR190000125","","","","","IAT2505191054","NHO2018000007"),
("IATT190000146","","2","119000","0","11900","0","130900","140000","25/05/2019","17:26","25/05/2019","18:21:21","ISU000012","tbl0049","CLOSED","1","","IATR190000132","","","","","IAT2505191054","NHO2018000007"),
("IATT190000147","","2","91000","0","9100","0","100100","100100","25/05/2019","17:27","25/05/2019","18:14:57","ISU000012","tbl0010","CLOSED","1","","IATR190000129","","","","","IAT2505191054","NHO2018000007"),
("IATT190000148","","2","65000","0","6500","0","71500","100000","25/05/2019","17:28","25/05/2019","18:23:41","ISU000012","tbl0003","CLOSED","1","","IATR190000133","","","","","IAT2505191054","NHO2018000007"),
("IATT190000149","","2","130000","0","13000","0","143000","143000","25/05/2019","17:29","25/05/2019","18:43:49","ISU000012","tbl0028","CLOSED","1","","IATR190000139","","","","","IAT2505191054","NHO2018000007"),
("IATT190000150","","0","20000","0","2000","0","22000","25000","25/05/2019","17:30","25/05/2019","17:38:40","ISU000012","tbl0001","CLOSED","1","","IATR190000121","","","","","IAT2505191054","NHO2018000007"),
("IATT190000151","","2","235000","0","23500","0","258500","258500","25/05/2019","17:42","25/05/2019","18:30:13","ISU000012","tbl0001","CLOSED","1","","IATR190000137","","","","","IAT2505191054","NHO2018000007"),
("IATT190000152","","2","67000","0","6700","0","73700","73700","25/05/2019","17:47","25/05/2019","17:49:58","ISU000012","tbl0022","CLOSED","1","","IATR190000122","","","","","IAT2505191054","NHO2018000007"),
("IATT190000153","","2","238000","0","23800","0","261800","261800","25/05/2019","17:51","25/05/2019","18:47:26","ISU000012","tbl0015","CLOSED","1","","IATR190000141","","","","","IAT2505191054","NHO2018000007"),
("IATT190000154","","4","222000","0","22200","0","244200","250000","25/05/2019","17:52","25/05/2019","18:45:19","ISU000012","tbl0011","CLOSED","1","","IATR190000140","","","","","IAT2505191054","NHO2018000007"),
("IATT190000155","","2","116000","0","11600","0","127600","200000","25/05/2019","18:15","25/05/2019","19:00:59","ISU000012","tbl0004","CLOSED","1","","IATR190000142","","","","","IAT2505191054","NHO2018000007"),
("IATT190000156","","5","178000","0","17800","0","195800","200000","25/05/2019","18:21","25/05/2019","19:05:05","ISU000012","tbl0012","CLOSED","1","","IATR190000144","","","","","IAT2505191054","NHO2018000007"),
("IATT190000157","","5","188000","0","18800","0","206800","250000","25/05/2019","18:26","25/05/2019","19:09:47","ISU000012","tbl0007","CLOSED","1","","IATR190000145","","","","","IAT2505191054","NHO2018000007"),
("IATT190000158","","2","76000","0","7600","0","83600","100000","25/05/2019","18:32","25/05/2019","19:25:29","ISU000012","tbl0024","CLOSED","1","","IATR190000150","","","","","IAT2505191054","NHO2018000007"),
("IATT190000159","","2","99000","0","9900","0","108900","150000","25/05/2019","18:34","25/05/2019","20:17:07","ISU000004","tbl0008","CLOSED","1","","IATR190000163","","","","","IAT2505191054","NHO2018000007"),
("IATT190000160","","3","97000","0","9700","0","106700","150000","25/05/2019","18:35","25/05/2019","19:10:38","ISU000012","tbl0014","CLOSED","1","","IATR190000146","","","","","IAT2505191054","NHO2018000007"),
("IATT190000161","","2","62000","0","6200","0","68200","68200","25/05/2019","18:37","25/05/2019","19:27:13","ISU000012","tbl0005","CLOSED","1","","IATR190000151","","","","","IAT2505191054","NHO2018000007"),
("IATT190000162","","3","148000","0","14800","0","162800","162800","25/05/2019","18:48","25/05/2019","19:34:31","ISU000004","tbl0019","CLOSED","1","","IATR190000153","","","","","IAT2505191054","NHO2018000007"),
("IATT190000163","","3","104000","0","10400","0","114400","150000","25/05/2019","18:49","25/05/2019","20:01:05","ISU000004","tbl0023","CLOSED","1","","IATR190000160","","","","","IAT2505191054","NHO2018000007"),
("IATT190000164","","2","115000","0","11500","0","126500","200000","25/05/2019","18:50","25/05/2019","19:02:45","ISU000012","tbl0009","CLOSED","1","","IATR190000143","","","","","IAT2505191054","NHO2018000007"),
("IATT190000165","","4","161000","0","16100","0","177100","177100","25/05/2019","18:52","25/05/2019","19:23:22","ISU000012","tbl0020","CLOSED","1","","IATR190000149","","","","","IAT2505191054","NHO2018000007"),
("IATT190000166","","2","87000","0","8700","0","95700","200000","25/05/2019","18:52","25/05/2019","19:39:46","ISU000004","tbl0003","CLOSED","1","","IATR190000154","","","","","IAT2505191054","NHO2018000007"),
("IATT190000167","","2","102000","0","10200","0","112200","112200","25/05/2019","18:53","25/05/2019","19:31:31","ISU000004","tbl0018","CLOSED","1","","IATR190000152","","","","","IAT2505191054","NHO2018000007"),
("IATT190000168","","2","95000","0","9500","0","104500","104500","25/05/2019","18:54","25/05/2019","19:16:50","ISU000012","tbl0006","CLOSED","1","","IATR190000147","","","","","IAT2505191054","NHO2018000007"),
("IATT190000169","","4","194000","0","19400","0","213400","250000","25/05/2019","18:56","25/05/2019","19:18:27","ISU000012","tbl0022","CLOSED","1","","IATR190000148","","","","","IAT2505191054","NHO2018000007"),
("IATT190000170","","4","145000","0","14500","0","159500","200000","25/05/2019","19:05","25/05/2019","19:55:50","ISU000004","tbl0015","CLOSED","1","","IATR190000156","","","","","IAT2505191054","NHO2018000007"),
("IATT190000171","","2","93000","0","9300","0","102300","105000","25/05/2019","19:11","25/05/2019","19:49:10","ISU000004","tbl0010","CLOSED","1","","IATR190000155","","","","","IAT2505191054","NHO2018000007"),
("IATT190000172","","1","97000","0","9700","0","106700","110000","25/05/2019","19:12","25/05/2019","19:56:43","ISU000004","tbl0011","CLOSED","1","","IATR190000157","","","","","IAT2505191054","NHO2018000007"),
("IATT190000173","","2","122000","0","12200","0","134200","134200","25/05/2019","19:13","25/05/2019","20:00:00","ISU000004","tbl0012","CLOSED","1","","IATR190000159","","","","","IAT2505191054","NHO2018000007"),
("IATT190000174","","2","85000","0","8500","0","93500","100000","25/05/2019","19:14","25/05/2019","20:05:22","ISU000004","tbl0004","CLOSED","1","","IATR190000161","","","","","IAT2505191054","NHO2018000007"),
("IATT190000175","","2","127000","0","12700","0","139700","139700","25/05/2019","19:17","25/05/2019","19:58:06","ISU000004","tbl0007","CLOSED","1","","IATR190000158","","","","","IAT2505191054","NHO2018000007"),
("IATT190000176","","1","107000","0","10700","0","117700","117700","25/05/2019","19:21","25/05/2019","20:25:26","ISU000004","tbl0009","CLOSED","1","","IATR190000165","","","","","IAT2505191054","NHO2018000007"),
("IATT190000177","","2","161000","0","16100","0","177100","177100","25/05/2019","19:28","25/05/2019","20:28:38","ISU000004","tbl0016","CLOSED","1","","IATR190000168","","","","","IAT2505191054","NHO2018000007"),
("IATT190000178","","2","82000","0","8200","0","90200","100200","25/05/2019","19:32","25/05/2019","20:08:19","ISU000004","tbl0001","CLOSED","1","","IATR190000162","","","","","IAT2505191054","NHO2018000007"),
("IATT190000179","","2","78000","0","7800","0","85800","100000","25/05/2019","19:35","25/05/2019","20:26:07","ISU000004","tbl0013","CLOSED","1","","IATR190000166","","","","","IAT2505191054","NHO2018000007"),
("IATT190000180","","4","186000","0","18600","0","204600","204600","25/05/2019","19:38","25/05/2019","20:27:13","ISU000004","tbl0020","CLOSED","1","","IATR190000167","","","","","IAT2505191054","NHO2018000007"),
("IATT190000181","","4","213000","0","21300","0","234300","234300","25/05/2019","20:02","25/05/2019","21:14:18","ISU000004","tbl0019","CLOSED","1","","IATR190000174","","","","","IAT2505191054","NHO2018000007"),
("IATT190000182","","3","139000","0","13900","0","152900","153000","25/05/2019","20:11","25/05/2019","20:48:01","ISU000004","tbl0002","CLOSED","1","","IATR190000169","","","","","IAT2505191054","NHO2018000007"),
("IATT190000183","","2","80000","0","8000","0","88000","100000","25/05/2019","20:17","25/05/2019","20:18:14","ISU000004","tbl0022","CLOSED","1","","IATR190000164","","","","","IAT2505191054","NHO2018000007"),
("IATT190000184","","4","252000","0","25200","0","277200","277200","25/05/2019","20:20","25/05/2019","21:21:44","ISU000004","tbl0012","CLOSED","1","","IATR190000175","","","","","IAT2505191054","NHO2018000007"),
("IATT190000185","","2","94000","0","9400","0","103400","103400","25/05/2019","20:28","25/05/2019","21:05:21","ISU000004","tbl0005","CLOSED","1","","IATR190000172","","","","","IAT2505191054","NHO2018000007"),
("IATT190000186","","2","79000","0","7900","0","86900","100000","25/05/2019","20:38","25/05/2019","21:00:28","ISU000004","tbl0011","CLOSED","1","","IATR190000171","","","","","IAT2505191054","NHO2018000007"),
("IATT190000187","","1","7000","0","700","0","7700","50000","25/05/2019","20:57","25/05/2019","20:58:28","ISU000004","tbl0023","CLOSED","1","","IATR190000170","","","","","IAT2505191054","NHO2018000007"),
("IATT190000188","","1","70000","0","7000","0","77000","100000","25/05/2019","21:04","25/05/2019","21:11:29","ISU000004","tbl0017","CLOSED","1","","IATR190000173","","","","","IAT2505191054","NHO2018000007"),
("IATT190000189","","0","16000","0","0","0","0","0","25/05/2019","21:20","25/05/2019","22:48:07","ISU000004","takeaway","CANCELED","1","PERMINTAAN CUSTOMER","","","","","","IAT2505191054","NHO2018000007"),
("IATT190000190","","2","90000","0","9000","0","99000","100000","25/05/2019","21:29","25/05/2019","21:59:48","ISU000004","tbl0011","CLOSED","1","","IATR190000176","","","","","IAT2505191054","NHO2018000007"),
("IATT190000191","","1","34000","0","0","0","0","0","25/05/2019","21:42","25/05/2019","21:43:18","ISU000004","tbl0001","CANCELED","1","PERMINTAAN CUSTOMER","","","","","","IAT2505191054","NHO2018000007"),
("IATT190000192","","3","96000","0","9600","0","105600","107000","25/05/2019","23:31","25/05/2019","23:32:05","ISU000004","tbl0008","CLOSED","1","","IATR190000178","","","","","IAT2505191054","NHO2018000007");



INSERT INTO item_void VALUES("IATT190000148","IAT2505191054","NHO2018000007","193047","193047","1","8000","Before Send","Komplen Customer"),
("IATT190000148","IAT2505191054","NHO2018000007","193047","193047","1","8000","Before Send","Komplen Customer"),
("IATT190000151","IAT2505191054","NHO2018000007","193053","193053","1","20000","Before Send","Komplen Customer"),
("IATT190000156","IAT2505191054","NHO2018000007","193028","193028","1","43000","Before Send","Komplen Customer"),
("IATT190000156","IAT2505191054","NHO2018000007","193028","193028","1","43000","Before Send","Komplen Customer"),
("IATT190000156","IAT2505191054","NHO2018000007","193005","193005","1","37000","Before Send","Komplen Customer"),
("IATT190000157","IAT2505191054","NHO2018000007","193056","193056","1","17000","Before Send","Komplen Customer"),
("IATT190000158","IAT2505191054","NHO2018000007","193047","193047","1","8000","Before Send","Komplen Customer"),
("IATT190000161","IAT2505191054","NHO2018000007","193056","193056","1","17000","Before Send","Komplen Customer"),
("IATT190000161","IAT2505191054","NHO2018000007","193056","193056","1","17000","Before Send","Komplen Customer"),
("IATT190000178","IAT2505191054","NHO2018000007","193032","193032","1","30000","Before Send","Komplen Customer"),
("IATT190000178","IAT2505191054","NHO2018000007","193025","193025","1","30000","Before Send","Komplen Customer"),
("IATT190000178","IAT2505191054","NHO2018000007","193029","193029","1","27000","Before Send","Komplen Customer"),
("IATT190000173","IAT2505191054","NHO2018000007","193015","ORIGINAL","1","33000","Before Send","Komplen Customer"),
("IATT190000159","IAT2505191054","NHO2018000007","193047","193047","1","8000","Before Send","Komplen Customer"),
("IATT190000159","IAT2505191054","NHO2018000007","193056","193056","1","17000","Before Send","Komplen Customer");









INSERT INTO pos_paymenttemp VALUES("IATT190000115","CASH","CASH","41800","52000","ISU000012","2019-05-25","","1","","CLOSED","IAT2505191054","NHO2018000007"),
("IATT190000116","CARD","DEBIT BCA","85800","85800","ISU000012","2019-05-25","","1","","CLOSED","IAT2505191054","NHO2018000007"),
("IATT190000117","CARD","DEBIT BCA","86900","86900","ISU000012","2019-05-25","","1","","CLOSED","IAT2505191054","NHO2018000007"),
("IATT190000118","CARD","DEBIT BCA","56100","56100","ISU000012","2019-05-25","","1","","CLOSED","IAT2505191054","NHO2018000007"),
("IATT190000119","CASH","CASH","89100","100000","ISU000012","2019-05-25","","1","","CLOSED","IAT2505191054","NHO2018000007"),
("IATT190000120","CASH","CASH","41800","52000","ISU000012","2019-05-25","","1","","CLOSED","IAT2505191054","NHO2018000007"),
("IATT190000121","CASH","CASH","56100","100000","ISU000012","2019-05-25","","1","","CLOSED","IAT2505191054","NHO2018000007"),
("IATT190000123","CARD","DEBIT BCA","83600","83600","ISU000012","2019-05-25","","1","","CLOSED","IAT2505191054","NHO2018000007"),
("IATT190000125","CASH","CASH","158400","160000","ISU000012","2019-05-25","","1","","CLOSED","IAT2505191054","NHO2018000007"),
("IATT190000122","CASH","CASH","139700","200000","ISU000012","2019-05-25","","1","","CLOSED","IAT2505191054","NHO2018000007"),
("IATT190000124","CARD","DEBIT BCA","124300","124300","ISU000012","2019-05-25","","1","","CLOSED","IAT2505191054","NHO2018000007"),
("IATT190000126","CARD","DEBIT BCA","41800","41800","ISU000012","2019-05-25","","1","","CLOSED","IAT2505191054","NHO2018000007"),
("IATT190000128","CASH","CASH","22000","22000","ISU000012","2019-05-25","","1","","CLOSED","IAT2505191054","NHO2018000007"),
("IATT190000127","CASH","CASH","74800","100000","ISU000012","2019-05-25","","1","","CLOSED","IAT2505191054","NHO2018000007"),
("IATT190000129","CASH","CASH","40700","50000","ISU000012","2019-05-25","","1","","CLOSED","IAT2505191054","NHO2018000007"),
("IATT190000134","CARD","DEBIT BCA","99000","99000","ISU000012","2019-05-25","","1","","CLOSED","IAT2505191054","NHO2018000007"),
("IATT190000140","CASH","CASH","149600","150000","ISU000012","2019-05-25","","1","","CLOSED","IAT2505191054","NHO2018000007"),
("IATT190000150","CASH","GOPAY","22000","25000","ISU000012","2019-05-25","","1","","CLOSED","IAT2505191054","NHO2018000007"),
("IATT190000152","CARD","DEBIT BCA","73700","73700","ISU000012","2019-05-25","","1","","CLOSED","IAT2505191054","NHO2018000007"),
("IATT190000136","CASH","CASH","94600","100000","ISU000012","2019-05-25","","1","","CLOSED","IAT2505191054","NHO2018000007"),
("IATT190000141","CARD","MASTER","180400","180400","ISU000012","2019-05-25","","1","","CLOSED","IAT2505191054","NHO2018000007"),
("IATT190000145","CASH","CASH","85800","100000","ISU000012","2019-05-25","","1","","CLOSED","IAT2505191054","NHO2018000007"),
("IATT190000139","CASH","CASH","107800","120000","ISU000012","2019-05-25","","1","","CLOSED","IAT2505191054","NHO2018000007"),
("IATT190000142","CASH","CASH","205700","210000","ISU000012","2019-05-25","","1","","CLOSED","IAT2505191054","NHO2018000007"),
("IATT190000143","CASH","CASH","243100","250000","ISU000012","2019-05-25","","1","","CLOSED","IAT2505191054","NHO2018000007"),
("IATT190000147","CASH","CASH","100100","100100","ISU000012","2019-05-25","","1","","CLOSED","IAT2505191054","NHO2018000007"),
("IATT190000144","CARD","VISA","105600","105600","ISU000012","2019-05-25","","1","","REFUND","IAT2505191054","NHO2018000007"),
("IATT190000131","CASH","CASH","232100","300000","ISU000012","2019-05-25","","1","","CLOSED","IAT2505191054","NHO2018000007"),
("IATT190000144","CASH","CASH","0","107000","ISU000012","2019-05-25","","1","","REFUND","IAT2505191054","NHO2018000007"),
("IATT190000146","CASH","CASH","130900","140000","ISU000012","2019-05-25","","1","","CLOSED","IAT2505191054","NHO2018000007"),
("IATT190000148","CASH","CASH","71500","100000","ISU000012","2019-05-25","","1","","CLOSED","IAT2505191054","NHO2018000007"),
("IATT190000135","CASH","CASH","132000","200000","ISU000012","2019-05-25","","1","","CLOSED","IAT2505191054","NHO2018000007"),
("IATT190000132","CASH","CASH","165000","200000","ISU000012","2019-05-25","","1","","CLOSED","IAT2505191054","NHO2018000007"),
("IATT190000133","CASH","CASH","489500","500000","ISU000012","2019-05-25","","1","","CLOSED","IAT2505191054","NHO2018000007"),
("IATT190000151","CARD","DEBIT BCA","258500","258500","ISU000012","2019-05-25","","1","","CLOSED","IAT2505191054","NHO2018000007"),
("IATT190000138","CASH","CASH","168300","200000","ISU000012","2019-05-25","","1","","CLOSED","IAT2505191054","NHO2018000007"),
("IATT190000149","CARD","VISA","143000","143000","ISU000012","2019-05-25","","1","","CLOSED","IAT2505191054","NHO2018000007"),
("IATT190000154","CASH","CASH","244200","250000","ISU000012","2019-05-25","","1","","CLOSED","IAT2505191054","NHO2018000007"),
("IATT190000153","CARD","DEBIT BCA","261800","261800","ISU000012","2019-05-25","","1","","CLOSED","IAT2505191054","NHO2018000007"),
("IATT190000155","CASH","CASH","127600","200000","ISU000012","2019-05-25","","1","","CLOSED","IAT2505191054","NHO2018000007"),
("IATT190000164","CASH","CASH","126500","200000","ISU000012","2019-05-25","","1","","CLOSED","IAT2505191054","NHO2018000007"),
("IATT190000156","CASH","CASH","195800","200000","ISU000012","2019-05-25","","1","","CLOSED","IAT2505191054","NHO2018000007"),
("IATT190000157","CASH","CASH","206800","250000","ISU000012","2019-05-25","","1","","CLOSED","IAT2505191054","NHO2018000007"),
("IATT190000160","CASH","CASH","106700","150000","ISU000012","2019-05-25","","1","","CLOSED","IAT2505191054","NHO2018000007"),
("IATT190000168","CARD","DEBIT BCA","104500","104500","ISU000012","2019-05-25","","1","","CLOSED","IAT2505191054","NHO2018000007"),
("IATT190000169","CASH","CASH","213400","250000","ISU000012","2019-05-25","","1","","CLOSED","IAT2505191054","NHO2018000007"),
("IATT190000165","CARD","DEBIT BCA","177100","177100","ISU000012","2019-05-25","","1","","CLOSED","IAT2505191054","NHO2018000007"),
("IATT190000158","CASH","CASH","83600","100000","ISU000012","2019-05-25","","1","","CLOSED","IAT2505191054","NHO2018000007"),
("IATT190000161","CARD","DEBIT BCA","68200","68200","ISU000012","2019-05-25","","1","","CLOSED","IAT2505191054","NHO2018000007"),
("IATT190000167","CARD","MASTER","112200","112200","ISU000004","2019-05-25","","1","","CLOSED","IAT2505191054","NHO2018000007"),
("IATT190000162","CASH","CASH","162800","162800","ISU000004","2019-05-25","","1","","CLOSED","IAT2505191054","NHO2018000007"),
("IATT190000166","CASH","CASH","95700","200000","ISU000004","2019-05-25","","1","","CLOSED","IAT2505191054","NHO2018000007"),
("IATT190000171","CASH","CASH","102300","105000","ISU000004","2019-05-25","","1","","CLOSED","IAT2505191054","NHO2018000007"),
("IATT190000170","CASH","CASH","159500","200000","ISU000004","2019-05-25","","1","","CLOSED","IAT2505191054","NHO2018000007"),
("IATT190000172","CASH","CASH","106700","110000","ISU000004","2019-05-25","","1","","CLOSED","IAT2505191054","NHO2018000007"),
("IATT190000175","CARD","DEBIT BCA","139700","139700","ISU000004","2019-05-25","","1","","CLOSED","IAT2505191054","NHO2018000007"),
("IATT190000173","CARD","VISA","134200","134200","ISU000004","2019-05-25","","1","","CLOSED","IAT2505191054","NHO2018000007"),
("IATT190000163","CASH","CASH","114400","150000","ISU000004","2019-05-25","","1","","CLOSED","IAT2505191054","NHO2018000007"),
("IATT190000174","CASH","CASH","93500","100000","ISU000004","2019-05-25","","1","","CLOSED","IAT2505191054","NHO2018000007"),
("IATT190000178","CASH","CASH","90200","100200","ISU000004","2019-05-25","","1","","CLOSED","IAT2505191054","NHO2018000007"),
("IATT190000159","CASH","CASH","108900","150000","ISU000004","2019-05-25","","1","","CLOSED","IAT2505191054","NHO2018000007"),
("IATT190000183","CASH","CASH","88000","100000","ISU000004","2019-05-25","","1","","CLOSED","IAT2505191054","NHO2018000007"),
("IATT190000176","CARD","VISA","117700","117700","ISU000004","2019-05-25","","1","","CLOSED","IAT2505191054","NHO2018000007"),
("IATT190000179","CASH","CASH","85800","100000","ISU000004","2019-05-25","","1","","CLOSED","IAT2505191054","NHO2018000007"),
("IATT190000180","CARD","VISA","204600","204600","ISU000004","2019-05-25","","1","","CLOSED","IAT2505191054","NHO2018000007"),
("IATT190000177","CARD","DEBIT BCA","177100","177100","ISU000004","2019-05-25","","1","","CLOSED","IAT2505191054","NHO2018000007"),
("IATT190000182","CASH","CASH","152900","153000","ISU000004","2019-05-25","","1","","CLOSED","IAT2505191054","NHO2018000007"),
("IATT190000187","CASH","CASH","7700","50000","ISU000004","2019-05-25","","1","","CLOSED","IAT2505191054","NHO2018000007"),
("IATT190000186","CASH","CASH","86900","100000","ISU000004","2019-05-25","","1","","CLOSED","IAT2505191054","NHO2018000007"),
("IATT190000185","CASH","CASH","103400","103400","ISU000004","2019-05-25","","1","","CLOSED","IAT2505191054","NHO2018000007"),
("IATT190000188","CASH","CASH","77000","100000","ISU000004","2019-05-25","","1","","CLOSED","IAT2505191054","NHO2018000007"),
("IATT190000181","CARD","VISA","234300","234300","ISU000004","2019-05-25","","1","","CLOSED","IAT2505191054","NHO2018000007"),
("IATT190000184","CARD","DEBIT BCA","277200","277200","ISU000004","2019-05-25","","1","","CLOSED","IAT2505191054","NHO2018000007"),
("IATT190000190","CASH","CASH","99000","100000","ISU000004","2019-05-25","","1","","CLOSED","IAT2505191054","NHO2018000007"),
("IATT190000192","CASH","CASH","105600","107000","ISU000004","2019-05-25","","1","","CLOSED","IAT2505191054","NHO2018000007");



