INSERT INTO pos_itemtemp VALUES("IATT190000064","193002","191001","192001","30000","1","30000","0","30000","1","1","1","IAT2405191024","NHO2018000007","PAID","beef","193002"),
("IATT190000065","193022","191001","192003","30000","1","30000","0","30000","1","1","1","IAT2405191024","NHO2018000007","PAID","","193022"),
("IATT190000065","193056","191002","192010","17000","1","17000","0","17000","1","1","1","IAT2405191024","NHO2018000007","PAID","","193056"),
("IATT190000064","193055","191002","192010","17000","1","17000","0","17000","1","1","1","IAT2405191024","NHO2018000007","PAID","","193055"),
("IATT190000067","193027","191001","192003","43000","1","43000","0","43000","1","1","1","IAT2405191024","NHO2018000007","PAID","","193027"),
("IATT190000067","193003","191001","192001","30000","1","30000","0","30000","1","1","1","IAT2405191024","NHO2018000007","PAID","chiken 1 ,beef 1","PEDAS"),
("IATT190000068","193024","191001","192003","30000","1","30000","0","30000","1","1","1","IAT2405191024","NHO2018000007","PAID","","193024"),
("IATT190000067","193003","191001","192001","30000","1","30000","0","30000","2","1","1","IAT2405191024","NHO2018000007","PAID","","PEDAS"),
("IATT190000068","193010","191001","192001","40000","1","40000","0","40000","1","1","1","IAT2405191024","NHO2018000007","PAID","","193010"),
("IATT190000068","193046","191002","192010","8000","1","8000","0","8000","1","1","1","IAT2405191024","NHO2018000007","PAID","","193046"),
("IATT190000068","193047","191002","192010","8000","1","8000","0","8000","1","1","1","IAT2405191024","NHO2018000007","PAID","","193047"),
("IATT190000067","193033","191001","192005","42000","1","42000","0","42000","1","1","1","IAT2405191024","NHO2018000007","PAID","","193033"),
("IATT190000067","193048","191002","192010","8000","1","8000","0","8000","1","1","1","IAT2405191024","NHO2018000007","PAID","","193048"),
("IATT190000067","193046","191002","192010","8000","1","8000","0","8000","1","1","1","IAT2405191024","NHO2018000007","PAID","","193046"),
("IATT190000067","193047","191002","192010","8000","1","8000","0","8000","1","1","1","IAT2405191024","NHO2018000007","PAID","","193047"),
("IATT190000067","193047","191002","192010","8000","1","8000","0","8000","2","1","1","IAT2405191024","NHO2018000007","PAID","","193047"),
("IATT190000067","193055","191002","192010","17000","1","17000","0","17000","1","1","1","IAT2405191024","NHO2018000007","PAID","","193055"),
("IATT190000067","193001","191001","192001","30000","1","30000","0","30000","1","1","2","IAT2405191024","NHO2018000007","PAID","beef","193001"),
("IATT190000069","193027","191001","192003","43000","1","43000","0","43000","1","1","1","IAT2405191024","NHO2018000007","PAID","","193027"),
("IATT190000069","193036","191001","192006","36000","1","36000","0","36000","1","1","1","IAT2405191024","NHO2018000007","PAID","G trlalu pedas","ORIGINAL"),
("IATT190000070","193033","191001","192005","42000","1","42000","0","42000","1","1","1","IAT2405191024","NHO2018000007","PAID","","193033"),
("IATT190000070","193001","191001","192001","30000","1","30000","0","30000","1","1","1","IAT2405191024","NHO2018000007","PAID","level 1","193001"),
("IATT190000070","193047","191002","192010","8000","1","8000","0","8000","1","1","2","IAT2405191024","NHO2018000007","PAID","","193047"),
("IATT190000070","193027","191001","192003","43000","1","43000","0","43000","1","1","tmp","IAT2405191024","NHO2018000007","PAID","","193027"),
("IATT190000072","193027","191001","192003","43000","1","43000","0","43000","1","1","1","IAT2405191024","NHO2018000007","PAID","","193027"),
("IATT190000072","193028","191001","192003","43000","1","43000","0","43000","1","1","1","IAT2405191024","NHO2018000007","PAID","","193028"),
("IATT190000072","193046","191002","192010","8000","1","8000","0","8000","1","1","1","IAT2405191024","NHO2018000007","PAID","","193046"),
("IATT190000072","193049","191002","192010","10000","1","10000","0","10000","1","1","1","IAT2405191024","NHO2018000007","PAID","","193049"),
("IATT190000071","193011","191001","192001","40000","1","40000","0","40000","1","1","1","IAT2405191024","NHO2018000007","PAID","minta tambah sambal dipisah","PEDAS"),
("IATT190000071","193001","191001","192001","30000","1","30000","0","30000","1","1","1","IAT2405191024","NHO2018000007","PAID","chiken","193001"),
("IATT190000071","193047","191002","192010","8000","1","8000","0","8000","1","1","1","IAT2405191024","NHO2018000007","PAID","","193047"),
("IATT190000071","193046","191002","192010","8000","1","8000","0","8000","1","1","1","IAT2405191024","NHO2018000007","PAID","","193046"),
("IATT190000073","193028","191001","192003","43000","1","43000","0","43000","1","1","1","IAT2405191024","NHO2018000007","PAID","","193028"),
("IATT190000073","193053","191002","192010","20000","1","20000","0","20000","1","1","1","IAT2405191024","NHO2018000007","PAID","","193053"),
("IATT190000074","193012","191001","192001","40000","1","40000","0","40000","1","1","1","IAT2405191024","NHO2018000007","PAID","","193012"),
("IATT190000074","193046","191002","192010","8000","1","8000","0","8000","1","1","1","IAT2405191024","NHO2018000007","PAID","","193046"),
("IATT190000072","193001","191001","192001","30000","1","30000","0","30000","1","1","2","IAT2405191024","NHO2018000007","PAID","beef","193001"),
("IATT190000075","193020","191001","192002","40000","1","40000","0","40000","1","1","1","IAT2405191024","NHO2018000007","PAID","","193020"),
("IATT190000075","193035","191001","192006","32000","1","32000","0","32000","1","1","1","IAT2405191024","NHO2018000007","PAID","","ORIGINAL"),
("IATT190000075","193023","191001","192003","30000","1","30000","0","30000","1","1","1","IAT2405191024","NHO2018000007","PAID","","193023"),
("IATT190000075","193046","191002","192010","8000","1","8000","0","8000","1","1","1","IAT2405191024","NHO2018000007","PAID","","193046"),
("IATT190000075","193046","191002","192010","8000","1","8000","0","8000","2","1","1","IAT2405191024","NHO2018000007","PAID","","193046"),
("IATT190000075","193047","191002","192010","8000","1","8000","0","8000","1","1","1","IAT2405191024","NHO2018000007","PAID","","193047"),
("IATT190000076","193011","191001","192001","40000","1","40000","0","40000","1","1","1","IAT2405191024","NHO2018000007","PAID","","PEDAS"),
("IATT190000076","193003","191001","192001","30000","1","30000","0","30000","1","1","1","IAT2405191024","NHO2018000007","PAID","beef semua","PEDAS"),
("IATT190000076","193003","191001","192001","30000","1","30000","0","30000","2","1","1","IAT2405191024","NHO2018000007","PAID","","PEDAS"),
("IATT190000076","193047","191002","192010","8000","1","8000","0","8000","1","1","1","IAT2405191024","NHO2018000007","PAID","","193047"),
("IATT190000076","193047","191002","192010","8000","1","8000","0","8000","2","1","1","IAT2405191024","NHO2018000007","PAID","","193047"),
("IATT190000076","193046","191002","192010","8000","1","8000","0","8000","1","1","1","IAT2405191024","NHO2018000007","PAID","","193046"),
("IATT190000076","193014","191001","192002","33000","1","33000","0","33000","1","1","2","IAT2405191024","NHO2018000007","PAID","to chicken","193014"),
("IATT190000077","193025","191001","192003","30000","1","30000","0","30000","1","1","1","IAT2405191024","NHO2018000007","PAID","","193025"),
("IATT190000077","193023","191001","192003","30000","1","30000","0","30000","1","1","1","IAT2405191024","NHO2018000007","PAID","","193023"),
("IATT190000077","193047","191002","192010","8000","1","8000","0","8000","1","1","1","IAT2405191024","NHO2018000007","PAID","","193047"),
("IATT190000077","193055","191002","192010","17000","1","17000","0","17000","1","1","1","IAT2405191024","NHO2018000007","PAID","","193055"),
("IATT190000078","193037","191001","192006","36000","1","36000","0","36000","1","1","1","IAT2405191024","NHO2018000007","PAID","","PEDAS"),
("IATT190000078","193047","191002","192010","8000","1","8000","0","8000","1","1","2","IAT2405191024","NHO2018000007","PAID","","193047"),
("IATT190000079","193033","191001","192005","42000","1","42000","0","42000","1","1","1","IAT2405191024","NHO2018000007","PAID","take away","193033"),
("IATT190000080","193022","191001","192003","30000","1","30000","0","30000","1","1","1","IAT2405191024","NHO2018000007","PAID","","193022"),
("IATT190000080","193022","191001","192003","30000","1","30000","0","30000","2","1","1","IAT2405191024","NHO2018000007","PAID","","193022"),
("IATT190000080","193022","191001","192003","30000","1","30000","0","30000","3","1","1","IAT2405191024","NHO2018000007","PAID","","193022"),
("IATT190000080","193003","191001","192001","30000","1","30000","0","30000","1","1","1","IAT2405191024","NHO2018000007","PAID","beef level 1","PEDAS"),
("IATT190000080","193056","191002","192010","17000","1","17000","0","17000","1","1","1","IAT2405191024","NHO2018000007","PAID","","193056"),
("IATT190000080","193048","191002","192010","8000","1","8000","0","8000","1","1","1","IAT2405191024","NHO2018000007","PAID","","193048"),
("IATT190000080","193066","191003","192011","0","1","0","0","0","1","1","2","IAT2405191024","NHO2018000007","PAID","","193066"),
("IATT190000080","193066","191003","192011","0","1","0","0","0","2","1","2","IAT2405191024","NHO2018000007","PAID","","193066"),
("IATT190000081","193052","191002","192010","20000","1","20000","0","20000","1","1","1","IAT2405191024","NHO2018000007","PAID","","193052"),
("IATT190000081","193052","191002","192010","20000","1","20000","0","20000","2","1","1","IAT2405191024","NHO2018000007","PAID","","193052"),
("IATT190000081","193051","191002","192010","20000","1","20000","0","20000","1","1","1","IAT2405191024","NHO2018000007","PAID","","193051"),
("IATT190000081","193001","191001","192001","30000","1","30000","0","30000","1","1","1","IAT2405191024","NHO2018000007","PAID","beef\n\n","193001"),
("IATT190000081","193022","191001","192003","30000","1","30000","0","30000","1","1","1","IAT2405191024","NHO2018000007","PAID","","193022"),
("IATT190000081","193024","191001","192003","30000","1","30000","0","30000","1","1","1","IAT2405191024","NHO2018000007","PAID","","193024"),
("IATT190000081","193066","191003","192011","0","1","0","0","0","1","1","1","IAT2405191024","NHO2018000007","PAID","","193066"),
("IATT190000081","193066","191003","192011","0","1","0","0","0","2","1","1","IAT2405191024","NHO2018000007","PAID","","193066"),
("IATT190000082","193028","191001","192003","43000","1","43000","0","43000","1","1","1","IAT2405191024","NHO2018000007","PAID","kluarin skr","193028"),
("IATT190000082","193011","191001","192001","40000","1","40000","0","40000","1","1","1","IAT2405191024","NHO2018000007","PAID","lvl 1/ buat buka","PEDAS"),
("IATT190000082","193039","191001","192006","36000","1","36000","0","36000","1","1","1","IAT2405191024","NHO2018000007","PAID","","ORIGINAL"),
("IATT190000082","193055","191002","192010","17000","1","17000","0","17000","1","1","1","IAT2405191024","NHO2018000007","PAID","","193055"),
("IATT190000082","193055","191002","192010","17000","1","17000","0","17000","2","1","1","IAT2405191024","NHO2018000007","PAID","","193055"),
("IATT190000082","193055","191002","192010","17000","1","17000","0","17000","3","1","1","IAT2405191024","NHO2018000007","PAID","","193055"),
("IATT190000082","193052","191002","192010","20000","1","20000","0","20000","1","1","1","IAT2405191024","NHO2018000007","PAID","","193052"),
("IATT190000083","193055","191002","192010","17000","1","17000","0","17000","1","1","1","IAT2405191024","NHO2018000007","PAID","","193055"),
("IATT190000083","193055","191002","192010","17000","1","17000","0","17000","2","1","1","IAT2405191024","NHO2018000007","PAID","","193055"),
("IATT190000083","193048","191002","192010","8000","1","8000","0","8000","1","1","1","IAT2405191024","NHO2018000007","PAID","","193048"),
("IATT190000083","193048","191002","192010","8000","1","8000","0","8000","2","1","1","IAT2405191024","NHO2018000007","PAID","","193048"),
("IATT190000083","193048","191002","192010","8000","1","8000","0","8000","3","1","1","IAT2405191024","NHO2018000007","PAID","","193048"),
("IATT190000083","193052","191002","192010","20000","1","20000","0","20000","1","1","1","IAT2405191024","NHO2018000007","PAID","","193052"),
("IATT190000083","193022","191001","192003","30000","1","30000","0","30000","1","1","1","IAT2405191024","NHO2018000007","PAID","","193022"),
("IATT190000083","193022","191001","192003","30000","1","30000","0","30000","2","1","1","IAT2405191024","NHO2018000007","PAID","","193022"),
("IATT190000083","193022","191001","192003","30000","1","30000","0","30000","3","1","1","IAT2405191024","NHO2018000007","PAID","","193022"),
("IATT190000084","193027","191001","192003","43000","1","43000","0","43000","1","1","1","IAT2405191024","NHO2018000007","PAID","","193027"),
("IATT190000084","193066","191003","192011","0","1","0","0","0","1","1","1","IAT2405191024","NHO2018000007","PAID","","193066"),
("IATT190000084","193066","191003","192011","0","1","0","0","0","2","1","1","IAT2405191024","NHO2018000007","PAID","","193066"),
("IATT190000083","193066","191003","192011","0","1","0","0","0","1","1","2","IAT2405191024","NHO2018000007","PAID","","193066"),
("IATT190000083","193066","191003","192011","0","1","0","0","0","2","1","2","IAT2405191024","NHO2018000007","PAID","","193066"),
("IATT190000085","193028","191001","192003","43000","1","43000","0","43000","1","1","1","IAT2405191024","NHO2018000007","PAID","","193028"),
("IATT190000085","193028","191001","192003","43000","1","43000","0","43000","2","1","1","IAT2405191024","NHO2018000007","PAID","","193028"),
("IATT190000085","193028","191001","192003","43000","1","43000","0","43000","3","1","1","IAT2405191024","NHO2018000007","PAID","","193028"),
("IATT190000085","193028","191001","192003","43000","1","43000","0","43000","4","1","1","IAT2405191024","NHO2018000007","PAID","","193028"),
("IATT190000085","193028","191001","192003","43000","1","43000","0","43000","5","1","1","IAT2405191024","NHO2018000007","PAID","","193028"),
("IATT190000085","193051","191002","192010","20000","1","20000","0","20000","1","1","1","IAT2405191024","NHO2018000007","PAID","","193051"),
("IATT190000085","193051","191002","192010","20000","1","20000","0","20000","2","1","1","IAT2405191024","NHO2018000007","PAID","","193051"),
("IATT190000085","193051","191002","192010","20000","1","20000","0","20000","3","1","1","IAT2405191024","NHO2018000007","PAID","","193051"),
("IATT190000085","193052","191002","192010","20000","1","20000","0","20000","1","1","1","IAT2405191024","NHO2018000007","PAID","","193052"),
("IATT190000085","193055","191002","192010","17000","1","17000","0","17000","1","1","1","IAT2405191024","NHO2018000007","PAID","","193055"),
("IATT190000085","193066","191003","192011","0","1","0","0","0","1","1","2","IAT2405191024","NHO2018000007","PAID","","193066"),
("IATT190000085","193066","191003","192011","0","1","0","0","0","2","1","2","IAT2405191024","NHO2018000007","PAID","","193066"),
("IATT190000086","193024","191001","192003","30000","1","30000","0","30000","1","1","1","IAT2405191024","NHO2018000007","PAID","","193024"),
("IATT190000086","193047","191002","192010","8000","1","8000","0","8000","1","1","1","IAT2405191024","NHO2018000007","PAID","","193047"),
("IATT190000086","193047","191002","192010","8000","1","8000","0","8000","2","1","1","IAT2405191024","NHO2018000007","PAID","","193047"),
("IATT190000087","193028","191001","192003","43000","1","43000","0","43000","1","1","1","IAT2405191024","NHO2018000007","PAID","","193028"),
("IATT190000087","193024","191001","192003","30000","1","30000","0","30000","1","1","1","IAT2405191024","NHO2018000007","PAID","","193024"),
("IATT190000087","193066","191003","192011","0","1","0","0","0","1","1","1","IAT2405191024","NHO2018000007","PAID","","193066"),
("IATT190000087","193066","191003","192011","0","1","0","0","0","2","1","1","IAT2405191024","NHO2018000007","PAID","","193066"),
("IATT190000088","193033","191001","192005","42000","1","42000","0","42000","1","1","1","IAT2405191024","NHO2018000007","PAID","","193033"),
("IATT190000088","193047","191002","192010","8000","1","8000","0","8000","1","1","1","IAT2405191024","NHO2018000007","PAID","","193047"),
("IATT190000088","193066","191003","192011","0","1","0","0","0","1","1","1","IAT2405191024","NHO2018000007","PAID","","193066"),
("IATT190000088","193066","191003","192011","0","1","0","0","0","2","1","1","IAT2405191024","NHO2018000007","PAID","","193066"),
("IATT190000089","193003","191001","192001","30000","1","30000","0","30000","1","1","1","IAT2405191024","NHO2018000007","PAID","beef","PEDAS"),
("IATT190000089","193004","191001","192001","30000","1","30000","0","30000","1","1","1","IAT2405191024","NHO2018000007","PAID","beef","193004"),
("IATT190000089","193047","191002","192010","8000","1","8000","0","8000","1","1","1","IAT2405191024","NHO2018000007","PAID","","193047"),
("IATT190000089","193047","191002","192010","8000","1","8000","0","8000","2","1","1","IAT2405191024","NHO2018000007","PAID","","193047"),
("IATT190000090","193022","191001","192003","30000","1","30000","0","30000","1","1","1","IAT2405191024","NHO2018000007","PAID","","193022"),
("IATT190000090","193002","191001","192001","30000","1","30000","0","30000","1","1","1","IAT2405191024","NHO2018000007","PAID","beef","193002"),
("IATT190000090","193003","191001","192001","30000","1","30000","0","30000","1","1","1","IAT2405191024","NHO2018000007","PAID","beef","PEDAS"),
("IATT190000090","193028","191001","192003","43000","1","43000","0","43000","1","1","1","IAT2405191024","NHO2018000007","PAID","","193028"),
("IATT190000090","193047","191002","192010","8000","1","8000","0","8000","1","1","1","IAT2405191024","NHO2018000007","PAID","","193047"),
("IATT190000090","193047","191002","192010","8000","1","8000","0","8000","2","1","1","IAT2405191024","NHO2018000007","PAID","","193047"),
("IATT190000090","193047","191002","192010","8000","1","8000","0","8000","3","1","1","IAT2405191024","NHO2018000007","PAID","","193047"),
("IATT190000090","193048","191002","192010","8000","1","8000","0","8000","1","1","1","IAT2405191024","NHO2018000007","PAID","","193048"),
("IATT190000091","193008","191001","192001","37000","1","37000","0","37000","1","1","1","IAT2405191024","NHO2018000007","PAID","","193008"),
("IATT190000091","193003","191001","192001","30000","1","30000","0","30000","1","1","1","IAT2405191024","NHO2018000007","PAID","beef","PEDAS"),
("IATT190000091","193007","191001","192001","37000","1","37000","0","37000","1","1","1","IAT2405191024","NHO2018000007","PAID","","ORIGINAL"),
("IATT190000091","193022","191001","192003","30000","1","30000","0","30000","1","1","1","IAT2405191024","NHO2018000007","PAID","","193022"),
("IATT190000091","193066","191003","192011","0","1","0","0","0","1","1","1","IAT2405191024","NHO2018000007","PAID","","193066"),
("IATT190000091","193066","191003","192011","0","1","0","0","0","2","1","1","IAT2405191024","NHO2018000007","PAID","","193066"),
("IATT190000092","193022","191001","192003","30000","1","30000","0","30000","1","1","1","IAT2405191024","NHO2018000007","PAID","","193022"),
("IATT190000092","193028","191001","192003","43000","1","43000","0","43000","1","1","1","IAT2405191024","NHO2018000007","PAID","","193028"),
("IATT190000092","193048","191002","192010","8000","1","8000","0","8000","1","1","1","IAT2405191024","NHO2018000007","PAID","","193048"),
("IATT190000092","193028","191001","192003","43000","1","43000","0","43000","2","1","1","IAT2405191024","NHO2018000007","PAID","","193028"),
("IATT190000092","193028","191001","192003","43000","1","43000","0","43000","3","1","1","IAT2405191024","NHO2018000007","PAID","","193028"),
("IATT190000092","193028","191001","192003","43000","1","43000","0","43000","4","1","1","IAT2405191024","NHO2018000007","PAID","","193028"),
("IATT190000092","193022","191001","192003","30000","1","30000","0","30000","2","1","1","IAT2405191024","NHO2018000007","PAID","","193022"),
("IATT190000093","193035","191001","192006","32000","1","32000","0","32000","1","1","1","IAT2405191024","NHO2018000007","PAID","","ORIGINAL"),
("IATT190000093","193048","191002","192010","8000","1","8000","0","8000","1","1","1","IAT2405191024","NHO2018000007","PAID","","193048"),
("IATT190000093","193048","191002","192010","8000","1","8000","0","8000","2","1","1","IAT2405191024","NHO2018000007","PAID","","193048"),
("IATT190000093","193025","191001","192003","30000","1","30000","0","30000","1","1","1","IAT2405191024","NHO2018000007","PAID","","193025"),
("IATT190000093","193025","191001","192003","30000","1","30000","0","30000","2","1","1","IAT2405191024","NHO2018000007","PAID","","193025"),
("IATT190000093","193056","191002","192010","17000","1","17000","0","17000","1","1","1","IAT2405191024","NHO2018000007","PAID","","193056"),
("IATT190000093","193066","191003","192011","0","1","0","0","0","1","1","1","IAT2405191024","NHO2018000007","PAID","","193066"),
("IATT190000093","193066","191003","192011","0","1","0","0","0","2","1","1","IAT2405191024","NHO2018000007","PAID","","193066"),
("IATT190000094","193002","191001","192001","30000","1","30000","0","30000","1","1","1","IAT2405191024","NHO2018000007","PAID","beef","193002"),
("IATT190000094","193003","191001","192001","30000","1","30000","0","30000","1","1","1","IAT2405191024","NHO2018000007","PAID","beef","PEDAS"),
("IATT190000094","193022","191001","192003","30000","1","30000","0","30000","1","1","1","IAT2405191024","NHO2018000007","PAID","","193022"),
("IATT190000094","193047","191002","192010","8000","1","8000","0","8000","1","1","1","IAT2405191024","NHO2018000007","PAID","","193047"),
("IATT190000094","193047","191002","192010","8000","1","8000","0","8000","2","1","1","IAT2405191024","NHO2018000007","PAID","","193047"),
("IATT190000094","193048","191002","192010","8000","1","8000","0","8000","1","1","1","IAT2405191024","NHO2018000007","PAID","","193048"),
("IATT190000094","193055","191002","192010","17000","1","17000","0","17000","1","1","1","IAT2405191024","NHO2018000007","PAID","","193055"),
("IATT190000094","193066","191003","192011","0","1","0","0","0","1","1","1","IAT2405191024","NHO2018000007","PAID","","193066"),
("IATT190000094","193066","191003","192011","0","1","0","0","0","2","1","1","IAT2405191024","NHO2018000007","PAID","","193066"),
("IATT190000094","193022","191001","192003","30000","1","30000","0","30000","2","1","1","IAT2405191024","NHO2018000007","PAID","","193022"),
("IATT190000094","193022","191001","192003","30000","1","30000","0","30000","3","1","1","IAT2405191024","NHO2018000007","PAID","","193022"),
("IATT190000095","193022","191001","192003","30000","1","30000","0","30000","1","1","1","IAT2405191024","NHO2018000007","PAID","","193022"),
("IATT190000095","193025","191001","192003","30000","1","30000","0","30000","1","1","1","IAT2405191024","NHO2018000007","PAID","","193025"),
("IATT190000095","193054","191002","192010","20000","1","20000","0","20000","1","1","1","IAT2405191024","NHO2018000007","PAID","","193054"),
("IATT190000095","193056","191002","192010","17000","1","17000","0","17000","1","1","1","IAT2405191024","NHO2018000007","PAID","","193056"),
("IATT190000095","193066","191003","192011","0","1","0","0","0","1","1","1","IAT2405191024","NHO2018000007","PAID","","193066"),
("IATT190000095","193066","191003","192011","0","1","0","0","0","2","1","1","IAT2405191024","NHO2018000007","PAID","","193066"),
("IATT190000096","193035","191001","192006","32000","1","32000","0","32000","1","1","1","IAT2405191024","NHO2018000007","PAID","","PEDAS"),
("IATT190000096","193035","191001","192006","32000","1","32000","0","32000","2","1","1","IAT2405191024","NHO2018000007","PAID","","PEDAS"),
("IATT190000096","193066","191003","192011","0","1","0","0","0","1","1","1","IAT2405191024","NHO2018000007","PAID","tambah es","193066"),
("IATT190000096","193066","191003","192011","0","1","0","0","0","2","1","1","IAT2405191024","NHO2018000007","PAID","","193066"),
("IATT190000098","193010","191001","192001","40000","1","40000","0","40000","1","1","1","IAT2405191024","NHO2018000007","PAID","","193010"),
("IATT190000098","193011","191001","192001","40000","1","40000","0","40000","1","1","1","IAT2405191024","NHO2018000007","PAID","","PEDAS"),
("IATT190000098","193047","191002","192010","8000","1","8000","0","8000","1","1","1","IAT2405191024","NHO2018000007","PAID","","193047"),
("IATT190000098","193046","191002","192010","8000","1","8000","0","8000","1","1","1","IAT2405191024","NHO2018000007","PAID","","193046"),
("IATT190000098","193066","191003","192011","0","1","0","0","0","1","1","1","IAT2405191024","NHO2018000007","PAID","","193066"),
("IATT190000098","193066","191003","192011","0","1","0","0","0","2","1","1","IAT2405191024","NHO2018000007","PAID","","193066"),
("IATT190000099","193028","191001","192003","43000","1","43000","0","43000","1","1","1","IAT2405191024","NHO2018000007","PAID","","193028"),
("IATT190000099","193028","191001","192003","43000","1","43000","0","43000","2","1","1","IAT2405191024","NHO2018000007","PAID","","193028"),
("IATT190000099","193066","191003","192011","0","1","0","0","0","1","1","1","IAT2405191024","NHO2018000007","PAID","","193066"),
("IATT190000099","193066","191003","192011","0","1","0","0","0","2","1","1","IAT2405191024","NHO2018000007","PAID","","193066"),
("IATT190000099","193052","191002","192010","20000","1","20000","0","20000","1","1","1","IAT2405191024","NHO2018000007","PAID","","193052"),
("IATT190000100","193011","191001","192001","40000","1","40000","0","40000","1","1","1","IAT2405191024","NHO2018000007","PAID","lvl 1","PEDAS"),
("IATT190000100","193010","191001","192001","40000","1","40000","0","40000","1","1","1","IAT2405191024","NHO2018000007","PAID","","193010"),
("IATT190000100","193056","191002","192010","17000","1","17000","0","17000","1","1","1","IAT2405191024","NHO2018000007","PAID","","193056"),
("IATT190000100","193055","191002","192010","17000","1","17000","0","17000","1","1","1","IAT2405191024","NHO2018000007","PAID","","193055"),
("IATT190000101","193023","191001","192003","30000","1","30000","0","30000","1","1","1","IAT2405191024","NHO2018000007","PAID","","193023"),
("IATT190000101","193055","191002","192010","17000","1","17000","0","17000","1","1","1","IAT2405191024","NHO2018000007","PAID","","193055"),
("IATT190000101","193055","191002","192010","17000","1","17000","0","17000","2","1","1","IAT2405191024","NHO2018000007","PAID","","193055"),
("IATT190000101","193055","191002","192010","17000","1","17000","0","17000","3","1","1","IAT2405191024","NHO2018000007","PAID","","193055"),
("IATT190000101","193023","191001","192003","30000","1","30000","0","30000","2","1","1","IAT2405191024","NHO2018000007","PAID","","193023"),
("IATT190000101","193023","191001","192003","30000","1","30000","0","30000","3","1","1","IAT2405191024","NHO2018000007","PAID","","193023"),
("IATT190000103","193049","191002","192010","10000","1","10000","0","10000","1","1","1","IAT2405191024","NHO2018000007","PAID","","193049"),
("IATT190000103","193049","191002","192010","10000","1","10000","0","10000","2","1","1","IAT2405191024","NHO2018000007","PAID","","193049"),
("IATT190000103","193049","191002","192010","10000","1","10000","0","10000","3","1","1","IAT2405191024","NHO2018000007","PAID","","193049"),
("IATT190000088","193021","191001","192002","40000","1","40000","0","40000","1","1","3","IAT2405191024","NHO2018000007","PAID","","ORIGINAL"),
("IATT190000092","193049","191002","192010","10000","1","10000","0","10000","1","1","2","IAT2405191024","NHO2018000007","PAID","","193049"),
("IATT190000094","193067","191001","192003","7000","1","7000","0","7000","1","1","2","IAT2405191024","NHO2018000007","PAID","","193067"),
("IATT190000102","193049","191002","192010","10000","1","10000","0","10000","1","1","1","IAT2405191024","NHO2018000007","PAID","","193049"),
("IATT190000104","193019","191001","192002","40000","1","40000","0","40000","1","1","1","IAT2405191024","NHO2018000007","PAID","","PEDAS"),
("IATT190000104","193024","191001","192003","30000","1","30000","0","30000","1","1","1","IAT2405191024","NHO2018000007","PAID","","193024"),
("IATT190000104","193023","191001","192003","30000","1","30000","0","30000","1","1","1","IAT2405191024","NHO2018000007","PAID","","193023"),
("IATT190000104","193047","191002","192010","8000","1","8000","0","8000","1","1","1","IAT2405191024","NHO2018000007","PAID","","193047"),
("IATT190000104","193047","191002","192010","8000","1","8000","0","8000","2","1","1","IAT2405191024","NHO2018000007","PAID","","193047"),
("IATT190000104","193047","191002","192010","8000","1","8000","0","8000","3","1","1","IAT2405191024","NHO2018000007","PAID","","193047"),
("IATT190000105","193047","191002","192010","8000","1","8000","0","8000","1","1","1","IAT2405191024","NHO2018000007","PAID","","193047"),
("IATT190000105","193003","191001","192001","30000","1","30000","0","30000","1","1","1","IAT2405191024","NHO2018000007","PAID","beef","PEDAS"),
("IATT190000106","193056","191002","192010","17000","1","17000","0","17000","1","1","1","IAT2405191024","NHO2018000007","PAID","","193056"),
("IATT190000106","193055","191002","192010","17000","1","17000","0","17000","1","1","1","IAT2405191024","NHO2018000007","PAID","","193055"),
("IATT190000106","193066","191003","192011","0","1","0","0","0","1","1","1","IAT2405191024","NHO2018000007","PAID","","193066"),
("IATT190000106","193066","191003","192011","0","1","0","0","0","2","1","1","IAT2405191024","NHO2018000007","PAID","","193066"),
("IATT190000106","193033","191001","192005","42000","1","42000","0","42000","1","1","1","IAT2405191024","NHO2018000007","PAID","","193033"),
("IATT190000107","193003","191001","192001","30000","1","30000","0","30000","1","1","1","IAT2405191024","NHO2018000007","PAID","beef","PEDAS"),
("IATT190000082","193066","191003","192011","0","1","0","0","0","1","1","2","IAT2405191024","NHO2018000007","PAID","","193066"),
("IATT190000082","193066","191003","192011","0","1","0","0","0","2","1","2","IAT2405191024","NHO2018000007","PAID","","193066"),
("IATT190000108","193025","191001","192003","30000","1","30000","0","30000","1","1","1","IAT2405191024","NHO2018000007","PAID","","193025"),
("IATT190000108","193047","191002","192010","8000","1","8000","0","8000","1","1","1","IAT2405191024","NHO2018000007","PAID","","193047"),
("IATT190000108","193047","191002","192010","8000","1","8000","0","8000","2","1","1","IAT2405191024","NHO2018000007","PAID","","193047"),
("IATT190000108","193055","191002","192010","17000","1","17000","0","17000","1","1","1","IAT2405191024","NHO2018000007","PAID","","193055"),
("IATT190000108","193048","191002","192010","8000","1","8000","0","8000","1","1","1","IAT2405191024","NHO2018000007","PAID","","193048"),
("IATT190000108","193052","191002","192010","20000","1","20000","0","20000","1","1","1","IAT2405191024","NHO2018000007","PAID","","193052"),
("IATT190000090","193066","191003","192011","0","1","0","0","0","1","1","2","IAT2405191024","NHO2018000007","PAID","","193066"),
("IATT190000090","193066","191003","192011","0","1","0","0","0","2","1","2","IAT2405191024","NHO2018000007","PAID","","193066"),
("IATT190000089","193066","191003","192011","0","1","0","0","0","1","1","2","IAT2405191024","NHO2018000007","PAID","","193066"),
("IATT190000089","193066","191003","192011","0","1","0","0","0","2","1","2","IAT2405191024","NHO2018000007","PAID","","193066"),
("IATT190000092","193066","191003","192011","0","1","0","0","0","1","1","4","IAT2405191024","NHO2018000007","PAID","","193066"),
("IATT190000092","193066","191003","192011","0","1","0","0","0","2","1","4","IAT2405191024","NHO2018000007","PAID","","193066"),
("IATT190000109","193033","191001","192005","42000","1","42000","0","42000","1","1","1","IAT2405191024","NHO2018000007","PAID","","193033"),
("IATT190000109","193066","191003","192011","0","1","0","0","0","1","1","1","IAT2405191024","NHO2018000007","PAID","","193066"),
("IATT190000109","193066","191003","192011","0","1","0","0","0","2","1","1","IAT2405191024","NHO2018000007","PAID","","193066"),
("IATT190000109","193047","191002","192010","8000","1","8000","0","8000","1","1","1","IAT2405191024","NHO2018000007","PAID","","193047"),
("IATT190000109","193047","191002","192010","8000","1","8000","0","8000","2","1","1","IAT2405191024","NHO2018000007","PAID","","193047"),
("IATT190000110","193001","191001","192001","30000","1","30000","0","30000","1","1","1","IAT2405191024","NHO2018000007","PAID","beef","193001"),
("IATT190000110","193002","191001","192001","30000","1","30000","0","30000","1","1","1","IAT2405191024","NHO2018000007","PAID","beef","193002"),
("IATT190000110","193028","191001","192003","43000","1","43000","0","43000","1","1","1","IAT2405191024","NHO2018000007","PAID","","193028"),
("IATT190000110","193054","191002","192010","20000","1","20000","0","20000","1","1","1","IAT2405191024","NHO2018000007","PAID","","193054"),
("IATT190000110","193051","191002","192010","20000","1","20000","0","20000","1","1","1","IAT2405191024","NHO2018000007","PAID","","193051"),
("IATT190000108","193002","191001","192001","30000","1","30000","0","30000","1","1","2","IAT2405191024","NHO2018000007","PAID","beef","193002"),
("IATT190000108","193014","191001","192002","33000","1","33000","0","33000","1","1","2","IAT2405191024","NHO2018000007","PAID","chiken","193014"),
("IATT190000101","193066","191003","192011","0","1","0","0","0","1","1","2","IAT2405191024","NHO2018000007","PAID","","193066"),
("IATT190000101","193066","191003","192011","0","1","0","0","0","2","1","2","IAT2405191024","NHO2018000007","PAID","","193066"),
("IATT190000112","193022","191001","192003","30000","1","30000","0","30000","1","1","1","IAT2405191024","NHO2018000007","PAID","","193022"),
("IATT190000112","193022","191001","192003","30000","1","30000","0","30000","2","1","1","IAT2405191024","NHO2018000007","PAID","","193022"),
("IATT190000112","193055","191002","192010","17000","1","17000","0","17000","1","1","1","IAT2405191024","NHO2018000007","PAID","","193055"),
("IATT190000112","193048","191002","192010","8000","1","8000","0","8000","1","1","1","IAT2405191024","NHO2018000007","PAID","","193048"),
("IATT190000112","193066","191003","192011","0","1","0","0","0","1","1","1","IAT2405191024","NHO2018000007","PAID","","193066"),
("IATT190000112","193066","191003","192011","0","1","0","0","0","2","1","1","IAT2405191024","NHO2018000007","PAID","","193066"),
("IATT190000107","193047","191002","192010","8000","1","8000","0","8000","1","1","2","IAT2405191024","NHO2018000007","PAID","","193047"),
("IATT190000107","193066","191003","192011","0","1","0","0","0","1","1","2","IAT2405191024","NHO2018000007","PAID","","193066"),
("IATT190000107","193066","191003","192011","0","1","0","0","0","2","1","2","IAT2405191024","NHO2018000007","PAID","","193066"),
("IATT190000100","193066","191003","192011","0","1","0","0","0","1","1","2","IAT2405191024","NHO2018000007","PAID","","193066"),
("IATT190000100","193066","191003","192011","0","1","0","0","0","2","1","2","IAT2405191024","NHO2018000007","PAID","","193066"),
("IATT190000105","193066","191003","192011","0","1","0","0","0","1","1","2","IAT2405191024","NHO2018000007","PAID","","193066"),
("IATT190000105","193066","191003","192011","0","1","0","0","0","2","1","2","IAT2405191024","NHO2018000007","PAID","","193066"),
("IATT190000086","193023","191001","192003","30000","1","30000","0","30000","1","1","2","IAT2405191024","NHO2018000007","PAID","","193023"),
("IATT190000087","193047","191002","192010","8000","1","8000","0","8000","1","1","2","IAT2405191024","NHO2018000007","PAID","","193047"),
("IATT190000087","193047","191002","192010","8000","1","8000","0","8000","2","1","2","IAT2405191024","NHO2018000007","PAID","","193047"),
("IATT190000085","193024","191001","192003","30000","1","30000","0","30000","1","1","3","IAT2405191024","NHO2018000007","PAID","","193024"),
("IATT190000085","193055","191002","192010","17000","1","17000","0","17000","2","1","3","IAT2405191024","NHO2018000007","PAID","","193055"),
("IATT190000111","193024","191001","192003","30000","1","30000","0","30000","1","1","1","IAT2405191024","NHO2018000007","PAID","","193024"),
("IATT190000111","193022","191001","192003","30000","1","30000","0","30000","1","1","1","IAT2405191024","NHO2018000007","PAID","","193022"),
("IATT190000111","193047","191002","192010","8000","1","8000","0","8000","1","1","1","IAT2405191024","NHO2018000007","PAID","","193047"),
("IATT190000110","193066","191003","192011","0","1","0","0","0","1","1","2","IAT2405191024","NHO2018000007","PAID","","193066"),
("IATT190000110","193066","191003","192011","0","1","0","0","0","2","1","2","IAT2405191024","NHO2018000007","PAID","","193066"),
("IATT190000113","193047","191002","192010","8000","1","8000","0","8000","1","1","1","IAT2405191024","NHO2018000007","PAID","","193047"),
("IATT190000113","193048","191002","192010","8000","1","8000","0","8000","1","1","1","IAT2405191024","NHO2018000007","PAID","","193048"),
("IATT190000113","193030","191001","192004","27000","1","27000","0","27000","1","1","1","IAT2405191024","NHO2018000007","PAID","","193030"),
("IATT190000113","193024","191001","192003","30000","1","30000","0","30000","1","1","1","IAT2405191024","NHO2018000007","PAID","","193024"),
("IATT190000114","193022","191001","192003","30000","1","30000","0","30000","1","1","1","IAT2405191024","NHO2018000007","PAID","","193022"),
("IATT190000114","193055","191002","192010","17000","1","17000","0","17000","1","1","1","IAT2405191024","NHO2018000007","PAID","","193055"),
("IATT190000114","193052","191002","192010","20000","1","20000","0","20000","1","1","1","IAT2405191024","NHO2018000007","PAID","","193052");



INSERT INTO pos_salestemp VALUES("IATT190000062","","1","535000","0","0","0","0","0","24/05/2019","10:56","24/05/2019","13:54:20","ISU000001","tbl0001","CANCELED","1","PERMINTAAN CUSTOMER","","","","","","IAT2405191024","NHO2018000007"),
("IATT190000063","","1","0","0","0","0","0","0","24/05/2019","11:38","24/05/2019","12:46:05","ISU000012","tbl0002","CANCELED","1","PERMINTAAN CUSTOMER","","","","","","IAT2405191024","NHO2018000007"),
("IATT190000064","","1","47000","0","4700","0","51700","152000","24/05/2019","11:48","24/05/2019","12:24:25","ISU000012","tbl0011","CLOSED","1","","IATR190000056","","","","","IAT2405191024","NHO2018000007"),
("IATT190000065","","1","47000","0","4700","0","51700","52000","24/05/2019","11:49","24/05/2019","12:06:54","ISU000012","tbl0007","CLOSED","1","","IATR190000055","","","","","IAT2405191024","NHO2018000007"),
("IATT190000066","","5","0","0","0","0","0","0","24/05/2019","11:57","24/05/2019","12:13:14","ISU000012","tbl0013","CANCELED","1","PERMINTAAN CUSTOMER","","","","","","IAT2405191024","NHO2018000007"),
("IATT190000067","","5","224000","0","22400","0","246400","250000","24/05/2019","12:02","24/05/2019","12:51:33","ISU000012","tbl0013","CLOSED","1","","IATR190000060","","","","","IAT2405191024","NHO2018000007"),
("IATT190000068","","2","86000","0","8600","0","94600","104600","24/05/2019","12:02","24/05/2019","12:25:51","ISU000012","tbl0019","CLOSED","1","","IATR190000057","","","","","IAT2405191024","NHO2018000007"),
("IATT190000069","","2","79000","0","7900","0","86900","100000","24/05/2019","12:04","24/05/2019","12:50:23","ISU000012","tbl0012","CLOSED","1","","IATR190000059","","","","","IAT2405191024","NHO2018000007"),
("IATT190000070","","0","80000","0","8000","0","88000","88000","24/05/2019","12:07","24/05/2019","12:30:21","ISU000012","tbl0009","CLOSED","1","","IATR190000058","","","","","IAT2405191024","NHO2018000007"),
("IATT190000071","","3","86000","0","8600","0","94600","100000","24/05/2019","12:14","24/05/2019","13:01:27","ISU000012","tbl0018","CLOSED","1","","IATR190000062","","","","","IAT2405191024","NHO2018000007"),
("IATT190000072","","2","134000","0","13400","0","147400","150000","24/05/2019","12:20","24/05/2019","13:18:35","ISU000012","tbl0010","CLOSED","1","","IATR190000065","","","","","IAT2405191024","NHO2018000007"),
("IATT190000073","","1","63000","0","6300","0","69300","69300","24/05/2019","12:27","24/05/2019","13:05:01","ISU000012","tbl0017","CLOSED","1","","IATR190000063","","","","","IAT2405191024","NHO2018000007"),
("IATT190000074","","1","48000","0","4800","0","52800","53000","24/05/2019","12:32","24/05/2019","12:58:23","ISU000012","tbl0021","CLOSED","1","","IATR190000061","","","","","IAT2405191024","NHO2018000007"),
("IATT190000075","","2","126000","0","12600","0","138600","138600","24/05/2019","12:40","24/05/2019","13:17:43","ISU000012","tbl0011","CLOSED","1","","IATR190000064","","","","","IAT2405191024","NHO2018000007"),
("IATT190000076","","3","157000","0","15700","0","172700","200000","24/05/2019","12:46","24/05/2019","13:20:46","ISU000012","tbl0009","CLOSED","1","","IATR190000066","","","","","IAT2405191024","NHO2018000007"),
("IATT190000077","","5","85000","0","8500","0","93500","100000","24/05/2019","13:02","24/05/2019","13:46:42","ISU000012","tbl0012","CLOSED","1","","IATR190000067","","","","","IAT2405191024","NHO2018000007"),
("IATT190000078","","1","44000","0","4400","0","48400","48400","24/05/2019","13:19","24/05/2019","13:52:45","ISU000012","tbl0015","CLOSED","1","","IATR190000068","","","","","IAT2405191024","NHO2018000007"),
("IATT190000079","","1","42000","0","4200","0","46200","100000","24/05/2019","16:52","24/05/2019","17:03:30","ISU000012","tbl0012","CLOSED","1","","IATR190000069","","","","","IAT2405191024","NHO2018000007"),
("IATT190000080","","1","145000","0","14500","0","159500","160000","24/05/2019","17:12","24/05/2019","18:20:35","ISU000012","tbl0011","CLOSED","1","","IATR190000073","","","","","IAT2405191024","NHO2018000007"),
("IATT190000081","","3","150000","0","15000","0","165000","200000","24/05/2019","17:26","24/05/2019","18:22:59","ISU000012","tbl0010","CLOSED","1","","IATR190000074","","","","","IAT2405191024","NHO2018000007"),
("IATT190000082","","4","190000","0","19000","0","209000","209000","24/05/2019","17:29","24/05/2019","18:33:06","ISU000012","tbl0012","CLOSED","1","","IATR190000076","","","","","IAT2405191024","NHO2018000007"),
("IATT190000083","","3","168000","0","16800","0","184800","200000","24/05/2019","17:31","24/05/2019","18:51:50","ISU000012","tbl0016","CLOSED","1","","IATR190000085","","","","","IAT2405191024","NHO2018000007"),
("IATT190000084","","1","43000","0","4300","0","47300","50000","24/05/2019","17:32","24/05/2019","18:09:56","ISU000012","tbl0007","CLOSED","1","","IATR190000071","","","","","IAT2405191024","NHO2018000007"),
("IATT190000085","","5","359000","0","35900","0","394900","394900","24/05/2019","17:33","24/05/2019","19:17:52","ISU000012","tbl0023","CLOSED","1","","IATR190000096","","","","","IAT2405191024","NHO2018000007"),
("IATT190000086","","2","76000","0","7600","0","83600","83600","24/05/2019","17:35","24/05/2019","19:13:59","ISU000012","tbl0019","CLOSED","1","","IATR190000094","","","","","IAT2405191024","NHO2018000007"),
("IATT190000087","","2","89000","0","8900","0","97900","97900","24/05/2019","17:36","24/05/2019","19:15:24","ISU000012","tbl0020","CLOSED","1","","IATR190000095","","","","","IAT2405191024","NHO2018000007"),
("IATT190000088","","2","90000","0","9000","0","99000","100000","24/05/2019","17:37","24/05/2019","18:41:51","ISU000012","tbl0004","CLOSED","1","","IATR190000082","","","","","IAT2405191024","NHO2018000007"),
("IATT190000089","","2","76000","0","7600","0","83600","100000","24/05/2019","17:38","24/05/2019","18:38:41","ISU000012","tbl0024","CLOSED","1","","IATR190000080","","","","","IAT2405191024","NHO2018000007"),
("IATT190000090","","3","165000","0","16500","0","181500","181500","24/05/2019","17:39","24/05/2019","18:37:56","ISU000012","tbl0018","CLOSED","1","","IATR190000079","","","","","IAT2405191024","NHO2018000007"),
("IATT190000091","","2","134000","0","13400","0","147400","200400","24/05/2019","17:42","24/05/2019","18:50:21","ISU000012","tbl0013","CLOSED","1","","IATR190000084","","","","","IAT2405191024","NHO2018000007"),
("IATT190000092","","2","250000","0","25000","0","275000","300000","24/05/2019","17:44","24/05/2019","18:40:36","ISU000012","tbl0015","CLOSED","1","","IATR190000081","","","","","IAT2405191024","NHO2018000007"),
("IATT190000093","","2","125000","0","12500","0","137500","150000","24/05/2019","17:47","24/05/2019","18:57:34","ISU000012","tbl0022","CLOSED","1","","IATR190000088","","","","","IAT2405191024","NHO2018000007"),
("IATT190000094","","5","198000","0","19800","0","217800","250000","24/05/2019","17:48","24/05/2019","18:31:43","ISU000012","tbl0003","CLOSED","1","","IATR190000075","","","","","IAT2405191024","NHO2018000007"),
("IATT190000095","","2","97000","0","9700","0","106700","106700","24/05/2019","17:51","24/05/2019","19:19:10","ISU000012","tbl0005","CLOSED","1","","IATR190000097","","","","","IAT2405191024","NHO2018000007"),
("IATT190000096","","3","64000","0","6400","0","70400","170400","24/05/2019","17:53","24/05/2019","18:34:10","ISU000012","tbl0009","CLOSED","1","","IATR190000077","","","","","IAT2405191024","NHO2018000007"),
("IATT190000097","","0","0","0","0","0","0","0","24/05/2019","17:54","24/05/2019","17:54:27","ISU000012","tbl0008","CANCELED","1","PERMINTAAN CUSTOMER","","","","","","IAT2405191024","NHO2018000007"),
("IATT190000098","","2","96000","0","9600","0","105600","105600","24/05/2019","17:54","24/05/2019","19:01:02","ISU000012","tbl0008","CLOSED","1","","IATR190000091","","","","","IAT2405191024","NHO2018000007"),
("IATT190000099","","2","106000","0","10600","0","116600","150000","24/05/2019","17:57","24/05/2019","18:36:10","ISU000012","tbl0017","CLOSED","1","","IATR190000078","","","","","IAT2405191024","NHO2018000007"),
("IATT190000100","","0","114000","0","11400","0","125400","150000","24/05/2019","17:58","24/05/2019","18:59:59","ISU000012","tbl0021","CLOSED","1","","IATR190000090","","","","","IAT2405191024","NHO2018000007"),
("IATT190000101","","2","141000","0","14100","0","155100","155100","24/05/2019","18:02","24/05/2019","18:54:18","ISU000012","tbl0050","CLOSED","1","","IATR190000087","","","","","IAT2405191024","NHO2018000007"),
("IATT190000102","","1","10000","0","1000","0","11000","50000","24/05/2019","18:06","24/05/2019","18:19:27","ISU000012","tbl0006","CLOSED","1","","IATR190000072","","","","","IAT2405191024","NHO2018000007"),
("IATT190000103","","2","30000","0","3000","0","33000","50000","24/05/2019","18:07","24/05/2019","18:08:07","ISU000012","tbl0049","CLOSED","1","","IATR190000070","","","","","IAT2405191024","NHO2018000007"),
("IATT190000104","","3","124000","0","12400","0","136400","150000","24/05/2019","18:21","24/05/2019","19:08:28","ISU000012","tbl0048","CLOSED","1","","IATR190000093","","","","","IAT2405191024","NHO2018000007"),
("IATT190000105","","3","38000","0","3800","0","41800","41800","24/05/2019","18:24","24/05/2019","19:02:53","ISU000012","tbl0007","CLOSED","1","","IATR190000092","","","","","IAT2405191024","NHO2018000007"),
("IATT190000106","","2","76000","0","7600","0","83600","100000","24/05/2019","18:28","24/05/2019","18:53:00","ISU000012","tbl0014","CLOSED","1","","IATR190000086","","","","","IAT2405191024","NHO2018000007"),
("IATT190000107","","1","38000","0","3800","0","41800","102000","24/05/2019","18:30","24/05/2019","18:59:08","ISU000012","tbl0006","CLOSED","1","","IATR190000089","","","","","IAT2405191024","NHO2018000007"),
("IATT190000108","","1","154000","0","15400","0","169400","170000","24/05/2019","18:34","24/05/2019","19:33:04","ISU000012","tbl0011","CLOSED","1","","IATR190000101","","","","","IAT2405191024","NHO2018000007"),
("IATT190000109","","1","58000","0","5800","0","63800","63800","24/05/2019","18:42","24/05/2019","18:44:07","ISU000012","tbl0004","CLOSED","1","","IATR190000083","","","","","IAT2405191024","NHO2018000007"),
("IATT190000110","","2","143000","0","14300","0","157300","200000","24/05/2019","18:44","24/05/2019","19:29:46","ISU000012","tbl0010","CLOSED","1","","IATR190000100","","","","","IAT2405191024","NHO2018000007"),
("IATT190000111","","2","68000","0","6800","0","74800","100000","24/05/2019","18:46","24/05/2019","19:28:12","ISU000012","tbl0012","CLOSED","1","","IATR190000099","","","","","IAT2405191024","NHO2018000007"),
("IATT190000112","","2","85000","0","8500","0","93500","100000","24/05/2019","18:54","24/05/2019","19:21:38","ISU000012","tbl0024","CLOSED","1","","IATR190000098","","","","","IAT2405191024","NHO2018000007"),
("IATT190000113","","0","73000","0","7300","0","80300","100000","24/05/2019","19:48","24/05/2019","21:13:35","ISU000012","tbl0011","CLOSED","1","","IATR190000103","","","","","IAT2405191024","NHO2018000007"),
("IATT190000114","","2","67000","0","6700","0","73700","73700","24/05/2019","20:30","24/05/2019","21:00:45","ISU000012","tbl0012","CLOSED","1","","IATR190000102","","","","","IAT2405191024","NHO2018000007");



INSERT INTO item_void VALUES("IATT190000092","IAT2405191024","NHO2018000007","193048","193048","1","8000","Before Send","Komplen Customer"),
("IATT190000092","IAT2405191024","NHO2018000007","193048","193048","1","8000","Before Send","Komplen Customer"),
("IATT190000088","IAT2405191024","NHO2018000007","193033","193033","1","42000","Before Send","Komplen Customer"),
("IATT190000086","IAT2405191024","NHO2018000007","193023","193023","1","30000","Before Send","Komplen Customer"),
("IATT190000102","IAT2405191024","NHO2018000007","193066","193066","1","0","Before Send","Komplen Customer"),
("IATT190000102","IAT2405191024","NHO2018000007","193066","193066","1","0","Before Send","Komplen Customer"),
("IATT190000102","IAT2405191024","NHO2018000007","193007","PEDAS","1","37000","Before Send","Komplen Customer"),
("IATT190000092","IAT2405191024","NHO2018000007","193067","193067","1","7000","Before Send","Komplen Customer"),
("IATT190000092","IAT2405191024","NHO2018000007","193067","193067","1","7000","Before Send","Komplen Customer"),
("IATT190000088","IAT2405191024","NHO2018000007","193047","193047","1","8000","Before Send","Komplen Customer"),
("IATT190000108","IAT2405191024","NHO2018000007","193022","193022","1","30000","Before Send","Komplen Customer"),
("IATT190000108","IAT2405191024","NHO2018000007","193022","193022","1","30000","Before Send","Komplen Customer"),
("IATT190000108","IAT2405191024","NHO2018000007","193022","193022","1","30000","Before Send","Komplen Customer"),
("IATT190000106","IAT2405191024","NHO2018000007","193025","193025","1","30000","Before Send","Komplen Customer"),
("IATT190000087","IAT2405191024","NHO2018000007","193047","193047","1","8000","Before Send","Komplen Customer"),
("IATT190000087","IAT2405191024","NHO2018000007","193047","193047","1","8000","Before Send","Komplen Customer"),
("IATT190000087","IAT2405191024","NHO2018000007","193055","193055","1","17000","Before Send","Komplen Customer");









INSERT INTO pos_paymenttemp VALUES("IATT190000065","CASH","CASH","51700","52000","ISU000012","2019-05-24","","1","","CLOSED","IAT2405191024","NHO2018000007"),
("IATT190000064","CASH","CASH","51700","100000","ISU000012","2019-05-24","","1","","CLOSED","IAT2405191024","NHO2018000007"),
("IATT190000064","CASH","CASH","-48300","52000","ISU000012","2019-05-24","","1","","CLOSED","IAT2405191024","NHO2018000007"),
("IATT190000068","CASH","CASH","94600","104600","ISU000012","2019-05-24","","1","","CLOSED","IAT2405191024","NHO2018000007"),
("IATT190000070","CARD","DEBIT BCA","88000","88000","ISU000012","2019-05-24","","1","","CLOSED","IAT2405191024","NHO2018000007"),
("IATT190000069","CASH","CASH","86900","100000","ISU000012","2019-05-24","","1","","CLOSED","IAT2405191024","NHO2018000007"),
("IATT190000067","CASH","CASH","246400","250000","ISU000012","2019-05-24","","1","","CLOSED","IAT2405191024","NHO2018000007"),
("IATT190000074","CASH","CASH","52800","53000","ISU000012","2019-05-24","","1","","CLOSED","IAT2405191024","NHO2018000007"),
("IATT190000071","CASH","CASH","94600","100000","ISU000012","2019-05-24","","1","","CLOSED","IAT2405191024","NHO2018000007"),
("IATT190000073","CARD","DEBIT BCA","69300","69300","ISU000012","2019-05-24","","1","","CLOSED","IAT2405191024","NHO2018000007"),
("IATT190000075","CARD","DEBIT BCA","138600","138600","ISU000012","2019-05-24","","1","","CLOSED","IAT2405191024","NHO2018000007"),
("IATT190000072","CASH","CASH","147400","150000","ISU000012","2019-05-24","","1","","CLOSED","IAT2405191024","NHO2018000007"),
("IATT190000076","CASH","CASH","172700","200000","ISU000012","2019-05-24","","1","","CLOSED","IAT2405191024","NHO2018000007"),
("IATT190000077","CASH","CASH","93500","100000","ISU000012","2019-05-24","","1","","CLOSED","IAT2405191024","NHO2018000007"),
("IATT190000078","CARD","DEBIT BCA","48400","48400","ISU000012","2019-05-24","","1","","CLOSED","IAT2405191024","NHO2018000007"),
("IATT190000079","CASH","CASH","46200","100000","ISU000012","2019-05-24","","1","","CLOSED","IAT2405191024","NHO2018000007"),
("IATT190000103","CASH","CASH","33000","50000","ISU000012","2019-05-24","","1","","CLOSED","IAT2405191024","NHO2018000007"),
("IATT190000084","CASH","CASH","47300","50000","ISU000012","2019-05-24","","1","","CLOSED","IAT2405191024","NHO2018000007"),
("IATT190000102","CASH","CASH","11000","50000","ISU000012","2019-05-24","","1","","CLOSED","IAT2405191024","NHO2018000007"),
("IATT190000080","CASH","CASH","159500","160000","ISU000012","2019-05-24","","1","","CLOSED","IAT2405191024","NHO2018000007"),
("IATT190000081","CASH","CASH","165000","200000","ISU000012","2019-05-24","","1","","CLOSED","IAT2405191024","NHO2018000007"),
("IATT190000094","CASH","CASH","217800","250000","ISU000012","2019-05-24","","1","","CLOSED","IAT2405191024","NHO2018000007"),
("IATT190000082","CASH","CASH","209000","209000","ISU000012","2019-05-24","","1","","CLOSED","IAT2405191024","NHO2018000007"),
("IATT190000096","CASH","CASH","70400","100000","ISU000012","2019-05-24","","1","","CLOSED","IAT2405191024","NHO2018000007"),
("IATT190000096","CASH","CASH","-29600","70400","ISU000012","2019-05-24","","1","","CLOSED","IAT2405191024","NHO2018000007"),
("IATT190000099","CASH","CASH","116600","150000","ISU000012","2019-05-24","","1","","CLOSED","IAT2405191024","NHO2018000007"),
("IATT190000090","CARD","DEBIT BCA","181500","181500","ISU000012","2019-05-24","","1","","CLOSED","IAT2405191024","NHO2018000007"),
("IATT190000089","CASH","CASH","83600","100000","ISU000012","2019-05-24","","1","","CLOSED","IAT2405191024","NHO2018000007"),
("IATT190000092","CASH","CASH","275000","300000","ISU000012","2019-05-24","","1","","CLOSED","IAT2405191024","NHO2018000007"),
("IATT190000088","CASH","CASH","99000","100000","ISU000012","2019-05-24","","1","","CLOSED","IAT2405191024","NHO2018000007"),
("IATT190000109","CARD","MASTER","63800","63800","ISU000012","2019-05-24","","1","","CLOSED","IAT2405191024","NHO2018000007"),
("IATT190000091","CASH","CASH","147400","200400","ISU000012","2019-05-24","","1","","CLOSED","IAT2405191024","NHO2018000007"),
("IATT190000083","CASH","CASH","184800","200000","ISU000012","2019-05-24","","1","","CLOSED","IAT2405191024","NHO2018000007"),
("IATT190000106","CASH","CASH","83600","100000","ISU000012","2019-05-24","","1","","CLOSED","IAT2405191024","NHO2018000007"),
("IATT190000101","CARD","DEBIT BCA","155100","155100","ISU000012","2019-05-24","","1","","CLOSED","IAT2405191024","NHO2018000007"),
("IATT190000093","CASH","CASH","137500","150000","ISU000012","2019-05-24","","1","","CLOSED","IAT2405191024","NHO2018000007"),
("IATT190000107","CASH","CASH","41800","102000","ISU000012","2019-05-24","","1","","CLOSED","IAT2405191024","NHO2018000007"),
("IATT190000100","CASH","CASH","125400","150000","ISU000012","2019-05-24","","1","","CLOSED","IAT2405191024","NHO2018000007"),
("IATT190000098","CASH","CASH","105600","105600","ISU000012","2019-05-24","","1","","CLOSED","IAT2405191024","NHO2018000007"),
("IATT190000105","CARD","DEBIT BCA","41800","41800","ISU000012","2019-05-24","","1","","CLOSED","IAT2405191024","NHO2018000007"),
("IATT190000104","CASH","CASH","136400","150000","ISU000012","2019-05-24","","1","","CLOSED","IAT2405191024","NHO2018000007"),
("IATT190000086","CARD","MASTER","83600","83600","ISU000012","2019-05-24","","1","","CLOSED","IAT2405191024","NHO2018000007"),
("IATT190000087","CARD","MASTER","97900","97900","ISU000012","2019-05-24","","1","","CLOSED","IAT2405191024","NHO2018000007"),
("IATT190000085","CARD","MASTER","394900","394900","ISU000012","2019-05-24","","1","","CLOSED","IAT2405191024","NHO2018000007"),
("IATT190000095","CASH","CASH","106700","106700","ISU000012","2019-05-24","","1","","CLOSED","IAT2405191024","NHO2018000007"),
("IATT190000112","CASH","CASH","93500","100000","ISU000012","2019-05-24","","1","","CLOSED","IAT2405191024","NHO2018000007"),
("IATT190000111","CASH","CASH","74800","100000","ISU000012","2019-05-24","","1","","CLOSED","IAT2405191024","NHO2018000007"),
("IATT190000110","CASH","CASH","157300","200000","ISU000012","2019-05-24","","1","","CLOSED","IAT2405191024","NHO2018000007"),
("IATT190000108","CASH","CASH","169400","170000","ISU000012","2019-05-24","","1","","CLOSED","IAT2405191024","NHO2018000007"),
("IATT190000114","CARD","DEBIT BCA","73700","73700","ISU000012","2019-05-24","","1","","CLOSED","IAT2405191024","NHO2018000007"),
("IATT190000113","CASH","CASH","80300","100000","ISU000012","2019-05-24","","1","","CLOSED","IAT2405191024","NHO2018000007");



