INSERT INTO pos_itemtemp VALUES("IATT190000001","193001","191001","192001","30000","1","30000","0","30000","1","1","1","IAT2305190946","NHO2018000007","PAID","Beef 1. Chiken 1.","193001"),
("IATT190000001","193010","191001","192001","40000","1","40000","0","40000","1","1","1","IAT2305190946","NHO2018000007","PAID","","193010"),
("IATT190000001","193001","191001","192001","30000","1","30000","0","30000","2","1","1","IAT2305190946","NHO2018000007","PAID","","193001"),
("IATT190000001","193047","191002","192010","8000","1","8000","0","8000","1","1","1","IAT2305190946","NHO2018000007","PAID","","193047"),
("IATT190000001","193047","191002","192010","8000","1","8000","0","8000","2","1","1","IAT2305190946","NHO2018000007","PAID","","193047"),
("IATT190000001","193046","191002","192010","8000","1","8000","0","8000","1","1","1","IAT2305190946","NHO2018000007","PAID","","193046"),
("IATT190000003","193043","191001","192008","25000","1","25000","0","25000","1","1","1","IAT2305190946","NHO2018000007","PAID","","193043"),
("IATT190000003","193048","191002","192010","8000","1","8000","0","8000","1","1","1","IAT2305190946","NHO2018000007","PAID","","193048"),
("IATT190000001","193049","191002","192010","10000","1","10000","0","10000","1","1","2","IAT2305190946","NHO2018000007","PAID","","193049"),
("IATT190000001","193049","191002","192010","10000","1","10000","0","10000","2","1","2","IAT2305190946","NHO2018000007","PAID","","193049"),
("IATT190000001","193049","191002","192010","10000","1","10000","0","10000","3","1","2","IAT2305190946","NHO2018000007","PAID","","193049"),
("IATT190000001","193048","191002","192010","8000","1","8000","0","8000","1","1","2","IAT2305190946","NHO2018000007","PAID","","193048"),
("IATT190000001","193047","191002","192010","8000","1","8000","0","8000","3","1","2","IAT2305190946","NHO2018000007","PAID","","193047"),
("IATT190000001","193047","191002","192010","8000","1","8000","0","8000","4","1","2","IAT2305190946","NHO2018000007","PAID","","193047"),
("IATT190000001","193046","191002","192010","8000","1","8000","0","8000","2","1","2","IAT2305190946","NHO2018000007","PAID","","193046"),
("IATT190000004","193025","191001","192003","30000","1","30000","0","30000","1","1","1","IAT2305190946","NHO2018000007","PAID","","193025"),
("IATT190000004","193024","191001","192003","30000","1","30000","0","30000","1","1","1","IAT2305190946","NHO2018000007","PAID","Fray mix B di ganti jadi fryix A","193024"),
("IATT190000004","193052","191002","192010","20000","1","20000","0","20000","1","1","1","IAT2305190946","NHO2018000007","PAID","","193052"),
("IATT190000004","193003","191001","192001","30000","1","30000","0","30000","1","1","1","IAT2305190946","NHO2018000007","PAID","Ciken","PEDAS"),
("IATT190000005","193007","191001","192001","37000","1","37000","0","37000","1","1","1","IAT2305190946","NHO2018000007","PAID","Pedes bangt","PEDAS"),
("IATT190000005","193007","191001","192001","37000","1","37000","0","37000","2","1","1","IAT2305190946","NHO2018000007","PAID","","PEDAS"),
("IATT190000005","193054","191002","192010","20000","1","20000","0","20000","1","1","1","IAT2305190946","NHO2018000007","PAID","","193054"),
("IATT190000005","193047","191002","192010","8000","1","8000","0","8000","1","1","1","IAT2305190946","NHO2018000007","PAID","","193047"),
("IATT190000006","193012","191001","192001","40000","1","40000","0","40000","1","1","1","IAT2305190946","NHO2018000007","PAID","","193012"),
("IATT190000006","193047","191002","192010","8000","1","8000","0","8000","1","1","1","IAT2305190946","NHO2018000007","PAID","","193047"),
("IATT190000006","193024","191001","192003","30000","1","30000","0","30000","1","1","2","IAT2305190946","NHO2018000007","PAID","","193024"),
("IATT190000008","193022","191001","192003","30000","1","30000","0","30000","1","1","1","IAT2305190946","NHO2018000007","PAID","","193022"),
("IATT190000009","193047","191002","192010","8000","1","8000","0","8000","1","1","1","IAT2305190946","NHO2018000007","PAID","","193047"),
("IATT190000009","193047","191002","192010","8000","1","8000","0","8000","2","1","1","IAT2305190946","NHO2018000007","PAID","","193047"),
("IATT190000008","193024","191001","192003","30000","1","30000","0","30000","1","1","1","IAT2305190946","NHO2018000007","PAID","","193024"),
("IATT190000008","193046","191002","192010","8000","1","8000","0","8000","1","1","1","IAT2305190946","NHO2018000007","PAID","","193046"),
("IATT190000007","193033","191001","192005","42000","1","42000","0","42000","1","1","1","IAT2305190946","NHO2018000007","PAID","","193033"),
("IATT190000008","193048","191002","192010","8000","1","8000","0","8000","1","1","1","IAT2305190946","NHO2018000007","PAID","","193048"),
("IATT190000009","193035","191001","192006","32000","1","32000","0","32000","1","1","1","IAT2305190946","NHO2018000007","PAID","","ORIGINAL"),
("IATT190000007","193047","191002","192010","8000","1","8000","0","8000","1","1","1","IAT2305190946","NHO2018000007","PAID","","193047"),
("IATT190000009","193028","191001","192003","43000","1","43000","0","43000","1","1","1","IAT2305190946","NHO2018000007","PAID","","193028"),
("IATT190000010","193009","191001","192001","40000","1","40000","0","40000","1","1","1","IAT2305190946","NHO2018000007","PAID","Sambal pusah lvl 1","193009"),
("IATT190000006","193002","191001","192001","30000","1","30000","0","30000","1","1","3","IAT2305190946","NHO2018000007","PAID","CIKEN","193002"),
("IATT190000006","193046","191002","192010","8000","1","8000","0","8000","1","1","3","IAT2305190946","NHO2018000007","PAID","","193046"),
("IATT190000010","193046","191002","192010","8000","1","8000","0","8000","1","1","1","IAT2305190946","NHO2018000007","PAID","","193046"),
("IATT190000012","193012","191001","192001","40000","1","40000","0","40000","1","1","1","IAT2305190946","NHO2018000007","PAID","Beef","193012"),
("IATT190000012","193046","191002","192010","8000","1","8000","0","8000","1","1","1","IAT2305190946","NHO2018000007","PAID","","193046"),
("IATT190000011","193024","191001","192003","30000","1","30000","0","30000","1","1","1","IAT2305190946","NHO2018000007","PAID","","193024"),
("IATT190000011","193024","191001","192003","30000","1","30000","0","30000","2","1","1","IAT2305190946","NHO2018000007","PAID","","193024"),
("IATT190000011","193024","191001","192003","30000","1","30000","0","30000","3","1","1","IAT2305190946","NHO2018000007","PAID","","193024"),
("IATT190000011","193024","191001","192003","30000","1","30000","0","30000","4","1","1","IAT2305190946","NHO2018000007","PAID","","193024"),
("IATT190000011","193047","191002","192010","8000","1","8000","0","8000","1","1","2","IAT2305190946","NHO2018000007","PAID","","193047"),
("IATT190000011","193047","191002","192010","8000","1","8000","0","8000","2","1","2","IAT2305190946","NHO2018000007","PAID","","193047"),
("IATT190000011","193047","191002","192010","8000","1","8000","0","8000","3","1","2","IAT2305190946","NHO2018000007","PAID","","193047"),
("IATT190000011","193047","191002","192010","8000","1","8000","0","8000","4","1","2","IAT2305190946","NHO2018000007","PAID","","193047"),
("IATT190000013","193024","191001","192003","30000","1","30000","0","30000","1","1","1","IAT2305190946","NHO2018000007","PAID","","193024"),
("IATT190000013","193013","191001","192002","33000","1","33000","0","33000","1","1","1","IAT2305190946","NHO2018000007","PAID","Beef semua,yg satu pedes level 1,yg satu minta level 2","PEDAS"),
("IATT190000013","193024","191001","192003","30000","1","30000","0","30000","2","1","1","IAT2305190946","NHO2018000007","PAID","","193024"),
("IATT190000013","193047","191002","192010","8000","1","8000","0","8000","1","1","1","IAT2305190946","NHO2018000007","PAID","Yg satu es batu dikit","193047"),
("IATT190000013","193047","191002","192010","8000","1","8000","0","8000","2","1","1","IAT2305190946","NHO2018000007","PAID","","193047"),
("IATT190000013","193047","191002","192010","8000","1","8000","0","8000","3","1","1","IAT2305190946","NHO2018000007","PAID","","193047"),
("IATT190000013","193046","191002","192010","8000","1","8000","0","8000","1","1","1","IAT2305190946","NHO2018000007","PAID","","193046"),
("IATT190000013","193013","191001","192002","33000","1","33000","0","33000","2","1","1","IAT2305190946","NHO2018000007","PAID","","PEDAS"),
("IATT190000009","193048","191002","192010","8000","1","8000","0","8000","1","1","2","IAT2305190946","NHO2018000007","PAID","","193048"),
("IATT190000014","193016","191001","192002","37000","1","37000","0","37000","1","1","1","IAT2305190946","NHO2018000007","PAID","","ORIGINAL"),
("IATT190000015","193022","191001","192003","30000","1","30000","0","30000","1","1","1","IAT2305190946","NHO2018000007","PAID","","193022"),
("IATT190000015","193053","191002","192010","20000","1","20000","0","20000","1","1","1","IAT2305190946","NHO2018000007","PAID","","193053"),
("IATT190000014","193047","191002","192010","8000","1","8000","0","8000","1","1","1","IAT2305190946","NHO2018000007","PAID","","193047"),
("IATT190000016","193049","191002","192010","10000","1","10000","0","10000","1","1","1","IAT2305190946","NHO2018000007","PAID","","193049"),
("IATT190000016","193022","191001","192003","30000","1","30000","0","30000","1","1","1","IAT2305190946","NHO2018000007","PAID","","193022"),
("IATT190000016","193051","191002","192010","20000","1","20000","0","20000","1","1","1","IAT2305190946","NHO2018000007","PAID","","193051"),
("IATT190000010","193047","191002","192010","8000","1","8000","0","8000","1","1","2","IAT2305190946","NHO2018000007","PAID","","193047"),
("IATT190000017","193004","191001","192001","30000","1","30000","0","30000","1","1","1","IAT2305190946","NHO2018000007","PAID","Beef","193004"),
("IATT190000017","193028","191001","192003","43000","1","43000","0","43000","1","1","1","IAT2305190946","NHO2018000007","PAID","","193028"),
("IATT190000017","193055","191002","192010","17000","1","17000","0","17000","1","1","1","IAT2305190946","NHO2018000007","PAID","","193055"),
("IATT190000017","193055","191002","192010","17000","1","17000","0","17000","2","1","1","IAT2305190946","NHO2018000007","PAID","","193055"),
("IATT190000018","193028","191001","192003","43000","1","43000","0","43000","1","1","1","IAT2305190946","NHO2018000007","PAID","","193028"),
("IATT190000020","193029","191001","192004","27000","1","27000","0","27000","1","1","1","IAT2305190946","NHO2018000007","PAID","Take away","193029"),
("IATT190000021","193023","191001","192003","30000","1","30000","0","30000","1","1","1","IAT2305190946","NHO2018000007","PAID","","193023"),
("IATT190000021","193049","191002","192010","10000","1","10000","0","10000","1","1","1","IAT2305190946","NHO2018000007","PAID","","193049"),
("IATT190000022","193022","191001","192003","30000","1","30000","0","30000","1","1","1","IAT2305190946","NHO2018000007","PAID","","193022"),
("IATT190000022","193046","191002","192010","8000","1","8000","0","8000","1","1","1","IAT2305190946","NHO2018000007","PAID","","193046"),
("IATT190000022","193048","191002","192010","8000","1","8000","0","8000","1","1","1","IAT2305190946","NHO2018000007","PAID","","193048"),
("IATT190000022","193025","191001","192003","30000","1","30000","0","30000","1","1","2","IAT2305190946","NHO2018000007","PAID","Fry mix A","193025"),
("IATT190000022","193046","191002","192010","8000","1","8000","0","8000","2","1","3","IAT2305190946","NHO2018000007","PAID","","193046"),
("IATT190000023","193024","191001","192003","30000","1","30000","0","30000","1","1","1","IAT2305190946","NHO2018000007","PAID","","193024"),
("IATT190000023","193025","191001","192003","30000","1","30000","0","30000","1","1","1","IAT2305190946","NHO2018000007","PAID","","193025"),
("IATT190000023","193022","191001","192003","30000","1","30000","0","30000","1","1","1","IAT2305190946","NHO2018000007","PAID","BUATNYA MENDEKATI ADZAN MAGHRIB","193022"),
("IATT190000023","193025","191001","192003","30000","1","30000","0","30000","2","1","1","IAT2305190946","NHO2018000007","PAID","","193025"),
("IATT190000023","193055","191002","192010","17000","1","17000","0","17000","1","1","1","IAT2305190946","NHO2018000007","PAID","","193055"),
("IATT190000023","193055","191002","192010","17000","1","17000","0","17000","2","1","1","IAT2305190946","NHO2018000007","PAID","","193055"),
("IATT190000023","193055","191002","192010","17000","1","17000","0","17000","3","1","1","IAT2305190946","NHO2018000007","PAID","","193055"),
("IATT190000023","193056","191002","192010","17000","1","17000","0","17000","1","1","1","IAT2305190946","NHO2018000007","PAID","","193056"),
("IATT190000024","193035","191001","192006","32000","1","32000","0","32000","1","1","1","IAT2305190946","NHO2018000007","PAID","","ORIGINAL"),
("IATT190000024","193035","191001","192006","32000","1","32000","0","32000","2","1","1","IAT2305190946","NHO2018000007","PAID","","PEDAS"),
("IATT190000024","193056","191002","192010","17000","1","17000","0","17000","1","1","1","IAT2305190946","NHO2018000007","PAID","","193056"),
("IATT190000024","193055","191002","192010","17000","1","17000","0","17000","1","1","1","IAT2305190946","NHO2018000007","PAID","","193055"),
("IATT190000025","193027","191001","192003","43000","1","43000","0","43000","1","1","1","IAT2305190946","NHO2018000007","PAID","","193027"),
("IATT190000025","193024","191001","192003","30000","1","30000","0","30000","1","1","1","IAT2305190946","NHO2018000007","PAID","","193024"),
("IATT190000025","193022","191001","192003","30000","1","30000","0","30000","1","1","1","IAT2305190946","NHO2018000007","PAID","","193022"),
("IATT190000027","193054","191002","192010","20000","1","20000","0","20000","1","1","1","IAT2305190946","NHO2018000007","PAID","Tambah es","193054"),
("IATT190000027","193029","191001","192004","27000","1","27000","0","27000","1","1","1","IAT2305190946","NHO2018000007","PAID","","193029"),
("IATT190000026","193045","191001","192008","27000","1","27000","0","27000","1","1","1","IAT2305190946","NHO2018000007","PAID","","193045"),
("IATT190000028","193022","191001","192003","30000","1","30000","0","30000","1","1","1","IAT2305190946","NHO2018000007","PAID","UNTUK BUKA PUASA","193022"),
("IATT190000028","193022","191001","192003","30000","1","30000","0","30000","2","1","1","IAT2305190946","NHO2018000007","PAID","","193022"),
("IATT190000026","193022","191001","192003","30000","1","30000","0","30000","1","1","1","IAT2305190946","NHO2018000007","PAID","","193022"),
("IATT190000026","193047","191002","192010","8000","1","8000","0","8000","1","1","1","IAT2305190946","NHO2018000007","PAID","","193047"),
("IATT190000027","193066","191003","192011","0","1","0","0","0","1","1","2","IAT2305190946","NHO2018000007","PAID","","193066"),
("IATT190000027","193066","191003","192011","0","1","0","0","0","2","1","2","IAT2305190946","NHO2018000007","PAID","","193066"),
("IATT190000026","193035","191001","192006","32000","1","32000","0","32000","1","1","2","IAT2305190946","NHO2018000007","PAID","","PEDAS"),
("IATT190000026","193066","191003","192011","0","1","0","0","0","1","1","3","IAT2305190946","NHO2018000007","PAID","","193066"),
("IATT190000026","193066","191003","192011","0","1","0","0","0","2","1","3","IAT2305190946","NHO2018000007","PAID","","193066"),
("IATT190000029","193003","191001","192001","30000","1","30000","0","30000","1","1","1","IAT2305190946","NHO2018000007","PAID","Pedes level 3","PEDAS"),
("IATT190000030","193022","191001","192003","30000","1","30000","0","30000","1","1","1","IAT2305190946","NHO2018000007","PAID","","193022"),
("IATT190000030","193024","191001","192003","30000","1","30000","0","30000","1","1","1","IAT2305190946","NHO2018000007","PAID","","193024"),
("IATT190000029","193022","191001","192003","30000","1","30000","0","30000","1","1","1","IAT2305190946","NHO2018000007","PAID","","193022"),
("IATT190000030","193056","191002","192010","17000","1","17000","0","17000","1","1","1","IAT2305190946","NHO2018000007","PAID","","193056"),
("IATT190000030","193052","191002","192010","20000","1","20000","0","20000","1","1","1","IAT2305190946","NHO2018000007","PAID","","193052"),
("IATT190000030","193048","191002","192010","8000","1","8000","0","8000","1","1","1","IAT2305190946","NHO2018000007","PAID","","193048"),
("IATT190000029","193056","191002","192010","17000","1","17000","0","17000","1","1","1","IAT2305190946","NHO2018000007","PAID","","193056"),
("IATT190000029","193048","191002","192010","8000","1","8000","0","8000","1","1","1","IAT2305190946","NHO2018000007","PAID","","193048"),
("IATT190000031","193022","191001","192003","30000","1","30000","0","30000","1","1","1","IAT2305190946","NHO2018000007","PAID","","193022"),
("IATT190000031","193024","191001","192003","30000","1","30000","0","30000","1","1","1","IAT2305190946","NHO2018000007","PAID","","193024"),
("IATT190000031","193054","191002","192010","20000","1","20000","0","20000","1","1","1","IAT2305190946","NHO2018000007","PAID","","193054"),
("IATT190000031","193047","191002","192010","8000","1","8000","0","8000","1","1","1","IAT2305190946","NHO2018000007","PAID","","193047"),
("IATT190000031","193048","191002","192010","8000","1","8000","0","8000","1","1","1","IAT2305190946","NHO2018000007","PAID","","193048"),
("IATT190000033","193022","191001","192003","30000","1","30000","0","30000","1","1","1","IAT2305190946","NHO2018000007","PAID","","193022"),
("IATT190000023","193066","191003","192011","0","1","0","0","0","1","1","2","IAT2305190946","NHO2018000007","PAID","","193066"),
("IATT190000023","193066","191003","192011","0","1","0","0","0","2","1","2","IAT2305190946","NHO2018000007","PAID","","193066"),
("IATT190000033","193024","191001","192003","30000","1","30000","0","30000","1","1","1","IAT2305190946","NHO2018000007","PAID","","193024"),
("IATT190000033","193046","191002","192010","8000","1","8000","0","8000","1","1","1","IAT2305190946","NHO2018000007","PAID","","193046"),
("IATT190000033","193046","191002","192010","8000","1","8000","0","8000","2","1","1","IAT2305190946","NHO2018000007","PAID","","193046"),
("IATT190000034","193012","191001","192001","40000","1","40000","0","40000","1","1","1","IAT2305190946","NHO2018000007","PAID","","193012"),
("IATT190000034","193047","191002","192010","8000","1","8000","0","8000","1","1","1","IAT2305190946","NHO2018000007","PAID","","193047"),
("IATT190000034","193003","191001","192001","30000","1","30000","0","30000","1","1","1","IAT2305190946","NHO2018000007","PAID","Beef","ORIGINAL"),
("IATT190000034","193046","191002","192010","8000","1","8000","0","8000","1","1","1","IAT2305190946","NHO2018000007","PAID","","193046"),
("IATT190000035","193050","191002","192010","20000","1","20000","0","20000","1","1","1","IAT2305190946","NHO2018000007","PAID","","193050"),
("IATT190000037","193047","191002","192010","8000","1","8000","0","8000","1","1","1","IAT2305190946","NHO2018000007","REFUND","","193047"),
("IATT190000037","193047","191002","192010","8000","1","8000","0","8000","2","1","1","IAT2305190946","NHO2018000007","REFUND","","193047"),
("IATT190000037","193047","191002","192010","8000","1","8000","0","8000","3","1","1","IAT2305190946","NHO2018000007","REFUND","","193047"),
("IATT190000037","193047","191002","192010","8000","1","8000","0","8000","4","1","1","IAT2305190946","NHO2018000007","REFUND","","193047"),
("IATT190000037","193047","191002","192010","8000","1","8000","0","8000","5","1","1","IAT2305190946","NHO2018000007","REFUND","","193047"),
("IATT190000037","193047","191002","192010","8000","1","8000","0","8000","6","1","1","IAT2305190946","NHO2018000007","REFUND","","193047"),
("IATT190000035","193022","191001","192003","30000","1","30000","0","30000","1","1","2","IAT2305190946","NHO2018000007","PAID","","193022"),
("IATT190000036","193029","191001","192004","27000","1","27000","0","27000","1","1","1","IAT2305190946","NHO2018000007","PAID","","193029"),
("IATT190000038","193027","191001","192003","43000","1","43000","0","43000","1","1","1","IAT2305190946","NHO2018000007","PAID","","193027"),
("IATT190000038","193022","191001","192003","30000","1","30000","0","30000","1","1","1","IAT2305190946","NHO2018000007","PAID","","193022"),
("IATT190000038","193047","191002","192010","8000","1","8000","0","8000","1","1","1","IAT2305190946","NHO2018000007","PAID","","193047"),
("IATT190000036","193066","191003","192011","0","1","0","0","0","1","1","1","IAT2305190946","NHO2018000007","PAID","","193066"),
("IATT190000036","193066","191003","192011","0","1","0","0","0","2","1","1","IAT2305190946","NHO2018000007","PAID","","193066"),
("IATT190000038","193047","191002","192010","8000","1","8000","0","8000","2","1","1","IAT2305190946","NHO2018000007","PAID","","193047"),
("IATT190000040","193013","191001","192002","33000","1","33000","0","33000","1","1","1","IAT2305190946","NHO2018000007","PAID","Chiken ","PEDAS"),
("IATT190000038","193066","191003","192011","0","1","0","0","0","1","1","2","IAT2305190946","NHO2018000007","PAID","","193066"),
("IATT190000038","193066","191003","192011","0","1","0","0","0","2","1","2","IAT2305190946","NHO2018000007","PAID","","193066"),
("IATT190000041","193024","191001","192003","30000","1","30000","0","30000","1","1","1","IAT2305190946","NHO2018000007","PAID","","193024"),
("IATT190000036","193047","191002","192010","8000","1","8000","0","8000","1","1","2","IAT2305190946","NHO2018000007","PAID","Tnpa es","193047"),
("IATT190000036","193046","191002","192010","8000","1","8000","0","8000","1","1","2","IAT2305190946","NHO2018000007","PAID","","193046"),
("IATT190000041","193034","191001","192005","37000","1","37000","0","37000","1","1","1","IAT2305190946","NHO2018000007","PAID","","193034"),
("IATT190000041","193047","191002","192010","8000","1","8000","0","8000","1","1","1","IAT2305190946","NHO2018000007","PAID","","193047"),
("IATT190000041","193046","191002","192010","8000","1","8000","0","8000","1","1","1","IAT2305190946","NHO2018000007","PAID","","193046"),
("IATT190000036","193034","191001","192005","37000","1","37000","0","37000","1","1","2","IAT2305190946","NHO2018000007","PAID","","193034"),
("IATT190000041","193066","191003","192011","0","1","0","0","0","1","1","1","IAT2305190946","NHO2018000007","PAID","","193066"),
("IATT190000040","193028","191001","192003","43000","1","43000","0","43000","1","1","1","IAT2305190946","NHO2018000007","PAID","","193028"),
("IATT190000040","193048","191002","192010","8000","1","8000","0","8000","1","1","1","IAT2305190946","NHO2018000007","PAID","","193048"),
("IATT190000040","193046","191002","192010","8000","1","8000","0","8000","1","1","1","IAT2305190946","NHO2018000007","PAID","","193046"),
("IATT190000037","193066","191003","192011","0","1","0","0","0","1","1","2","IAT2305190946","NHO2018000007","REFUND","","193066"),
("IATT190000037","193066","191003","192011","0","1","0","0","0","2","1","2","IAT2305190946","NHO2018000007","REFUND","","193066"),
("IATT190000040","193066","191003","192011","0","1","0","0","0","1","1","2","IAT2305190946","NHO2018000007","PAID","","193066"),
("IATT190000040","193066","191003","192011","0","1","0","0","0","2","1","2","IAT2305190946","NHO2018000007","PAID","","193066"),
("IATT190000035","193055","191002","192010","17000","1","17000","0","17000","1","1","3","IAT2305190946","NHO2018000007","PAID","","193055"),
("IATT190000042","193002","191001","192001","30000","1","30000","0","30000","1","1","1","IAT2305190946","NHO2018000007","PAID","Make beef","193002"),
("IATT190000042","193011","191001","192001","40000","1","40000","0","40000","1","1","1","IAT2305190946","NHO2018000007","PAID","","PEDAS"),
("IATT190000042","193054","191002","192010","20000","1","20000","0","20000","1","1","1","IAT2305190946","NHO2018000007","PAID","","193054"),
("IATT190000042","193047","191002","192010","8000","1","8000","0","8000","1","1","1","IAT2305190946","NHO2018000007","PAID","","193047"),
("IATT190000042","193066","191003","192011","0","1","0","0","0","1","1","1","IAT2305190946","NHO2018000007","PAID","","193066"),
("IATT190000042","193066","191003","192011","0","1","0","0","0","2","1","1","IAT2305190946","NHO2018000007","PAID","","193066"),
("IATT190000037","193004","191001","192001","30000","1","30000","0","30000","1","1","3","IAT2305190946","NHO2018000007","REFUND","Pedes level 1,beef","193004"),
("IATT190000019","193066","191003","192011","0","1","0","0","0","1","1","1","IAT2305190946","NHO2018000007","PAID","","193066"),
("IATT190000019","193066","191003","192011","0","1","0","0","0","2","1","1","IAT2305190946","NHO2018000007","PAID","","193066"),
("IATT190000032","193028","191001","192003","43000","1","43000","0","43000","1","1","1","IAT2305190946","NHO2018000007","PAID","","193028"),
("IATT190000019","193022","191001","192003","30000","1","30000","0","30000","1","1","1","IAT2305190946","NHO2018000007","PAID","","193022"),
("IATT190000037","193033","191001","192005","42000","1","42000","0","42000","1","1","3","IAT2305190946","NHO2018000007","REFUND","","193033"),
("IATT190000037","193033","191001","192005","42000","1","42000","0","42000","2","1","3","IAT2305190946","NHO2018000007","REFUND","","193033"),
("IATT190000037","193003","191001","192001","30000","1","30000","0","30000","3","1","3","IAT2305190946","NHO2018000007","REFUND","/ LEVEL 1","PEDAS"),
("IATT190000043","193027","191001","192003","43000","1","43000","0","43000","1","1","1","IAT2305190946","NHO2018000007","PAID","","193027"),
("IATT190000019","193028","191001","192003","43000","1","43000","0","43000","1","1","2","IAT2305190946","NHO2018000007","PAID","","193028"),
("IATT190000044","193003","191001","192001","30000","1","30000","0","30000","1","1","1","IAT2305190946","NHO2018000007","PAID","Beef","PEDAS"),
("IATT190000037","193021","191001","192002","40000","1","40000","0","40000","1","1","3","IAT2305190946","NHO2018000007","REFUND","","PEDAS"),
("IATT190000037","193021","191001","192002","40000","1","40000","0","40000","2","1","3","IAT2305190946","NHO2018000007","REFUND","","PEDAS"),
("IATT190000044","193047","191002","192010","8000","1","8000","0","8000","1","1","1","IAT2305190946","NHO2018000007","PAID","","193047"),
("IATT190000037","193021","191001","192002","40000","1","40000","0","40000","3","1","3","IAT2305190946","NHO2018000007","REFUND","","PEDAS"),
("IATT190000037","193056","191002","192010","17000","1","17000","0","17000","1","1","3","IAT2305190946","NHO2018000007","REFUND","","193056"),
("IATT190000037","193035","191001","192006","32000","1","32000","0","32000","1","1","3","IAT2305190946","NHO2018000007","REFUND","","ORIGINAL"),
("IATT190000044","193041","191001","192008","20000","1","20000","0","20000","1","1","1","IAT2305190946","NHO2018000007","PAID","","193041"),
("IATT190000044","193047","191002","192010","8000","1","8000","0","8000","2","1","1","IAT2305190946","NHO2018000007","PAID","","193047"),
("IATT190000044","193066","191003","192011","0","1","0","0","0","1","1","1","IAT2305190946","NHO2018000007","PAID","","193066"),
("IATT190000044","193066","191003","192011","0","1","0","0","0","2","1","1","IAT2305190946","NHO2018000007","PAID","","193066"),
("IATT190000043","193066","191003","192011","0","1","0","0","0","1","1","2","IAT2305190946","NHO2018000007","PAID","","193066"),
("IATT190000043","193066","191003","192011","0","1","0","0","0","2","1","2","IAT2305190946","NHO2018000007","PAID","","193066"),
("IATT190000032","193048","191002","192010","8000","1","8000","0","8000","1","1","2","IAT2305190946","NHO2018000007","PAID","","193048"),
("IATT190000029","193066","191003","192011","0","1","0","0","0","1","1","2","IAT2305190946","NHO2018000007","PAID","","193066"),
("IATT190000029","193066","191003","192011","0","1","0","0","0","2","1","2","IAT2305190946","NHO2018000007","PAID","","193066"),
("IATT190000046","193003","191001","192001","30000","1","30000","0","30000","1","1","1","IAT2305190946","NHO2018000007","PAID","Chiken","PEDAS"),
("IATT190000046","193003","191001","192001","30000","1","30000","0","30000","2","1","1","IAT2305190946","NHO2018000007","PAID","","PEDAS"),
("IATT190000046","193066","191003","192011","0","1","0","0","0","1","1","1","IAT2305190946","NHO2018000007","PAID","","193066"),
("IATT190000046","193066","191003","192011","0","1","0","0","0","2","1","1","IAT2305190946","NHO2018000007","PAID","","193066"),
("IATT190000035","193066","191003","192011","0","1","0","0","0","1","1","4","IAT2305190946","NHO2018000007","PAID","","193066"),
("IATT190000035","193066","191003","192011","0","1","0","0","0","2","1","4","IAT2305190946","NHO2018000007","PAID","","193066"),
("IATT190000032","193066","191003","192011","0","1","0","0","0","1","1","3","IAT2305190946","NHO2018000007","PAID","","193066"),
("IATT190000032","193066","191003","192011","0","1","0","0","0","2","1","3","IAT2305190946","NHO2018000007","PAID","","193066"),
("IATT190000031","193066","191003","192011","0","1","0","0","0","1","1","2","IAT2305190946","NHO2018000007","PAID","","193066"),
("IATT190000031","193066","191003","192011","0","1","0","0","0","2","1","2","IAT2305190946","NHO2018000007","PAID","","193066"),
("IATT190000047","193024","191001","192003","30000","1","30000","0","30000","1","1","1","IAT2305190946","NHO2018000007","PAID","","193024"),
("IATT190000047","193022","191001","192003","30000","1","30000","0","30000","1","1","1","IAT2305190946","NHO2018000007","PAID","","193022"),
("IATT190000048","193035","191001","192006","32000","1","32000","0","32000","1","1","1","IAT2305190946","NHO2018000007","PAID","","ORIGINAL"),
("IATT190000048","193035","191001","192006","32000","1","32000","0","32000","2","1","1","IAT2305190946","NHO2018000007","PAID","","ORIGINAL"),
("IATT190000047","193024","191001","192003","30000","1","30000","0","30000","2","1","1","IAT2305190946","NHO2018000007","PAID","","193024"),
("IATT190000048","193047","191002","192010","8000","1","8000","0","8000","1","1","1","IAT2305190946","NHO2018000007","PAID","","193047"),
("IATT190000048","193046","191002","192010","8000","1","8000","0","8000","1","1","1","IAT2305190946","NHO2018000007","PAID","","193046"),
("IATT190000048","193054","191002","192010","20000","1","20000","0","20000","1","1","1","IAT2305190946","NHO2018000007","PAID","","193054"),
("IATT190000048","193066","191003","192011","0","1","0","0","0","1","1","1","IAT2305190946","NHO2018000007","PAID","","193066"),
("IATT190000048","193066","191003","192011","0","1","0","0","0","2","1","1","IAT2305190946","NHO2018000007","PAID","","193066"),
("IATT190000047","193046","191002","192010","8000","1","8000","0","8000","1","1","1","IAT2305190946","NHO2018000007","PAID","","193046"),
("IATT190000049","193011","191001","192001","40000","1","40000","0","40000","1","1","1","IAT2305190946","NHO2018000007","PAID","Level 2","PEDAS"),
("IATT190000049","193066","191003","192011","0","1","0","0","0","1","1","1","IAT2305190946","NHO2018000007","PAID","","193066"),
("IATT190000049","193066","191003","192011","0","1","0","0","0","2","1","1","IAT2305190946","NHO2018000007","PAID","","193066"),
("IATT190000037","193050","191002","192010","20000","1","20000","0","20000","1","1","4","IAT2305190946","NHO2018000007","REFUND","","193050"),
("IATT190000037","193050","191002","192010","20000","1","20000","0","20000","2","1","4","IAT2305190946","NHO2018000007","REFUND","","193050"),
("IATT190000037","193048","191002","192010","8000","1","8000","0","8000","1","1","4","IAT2305190946","NHO2018000007","REFUND","","193048"),
("IATT190000037","193028","191001","192003","43000","1","43000","0","43000","1","1","4","IAT2305190946","NHO2018000007","REFUND","","193028"),
("IATT190000037","193019","191001","192002","40000","1","40000","0","40000","1","1","4","IAT2305190946","NHO2018000007","REFUND","/ LVL 1","PEDAS"),
("IATT190000047","193047","191002","192010","8000","1","8000","0","8000","3","1","2","IAT2305190946","NHO2018000007","PAID","","193047"),
("IATT190000051","193001","191001","192001","30000","1","30000","0","30000","1","1","1","IAT2305190946","NHO2018000007","PAID","BEEF","193001"),
("IATT190000051","193046","191002","192010","8000","1","8000","0","8000","1","1","1","IAT2305190946","NHO2018000007","PAID","","193046"),
("IATT190000051","193066","191003","192011","0","1","0","0","0","1","1","1","IAT2305190946","NHO2018000007","PAID","","193066"),
("IATT190000051","193066","191003","192011","0","1","0","0","0","2","1","1","IAT2305190946","NHO2018000007","PAID","","193066"),
("IATT190000039","193005","191001","192001","37000","1","37000","0","37000","2","1","1","IAT2305190946","NHO2018000007","PAID","","193005"),
("IATT190000039","193011","191001","192001","40000","1","40000","0","40000","1","1","2","IAT2305190946","NHO2018000007","PAID","","PEDAS"),
("IATT190000039","193066","191003","192011","0","1","0","0","0","1","1","2","IAT2305190946","NHO2018000007","PAID","","193066"),
("IATT190000039","193066","191003","192011","0","1","0","0","0","2","1","2","IAT2305190946","NHO2018000007","PAID","","193066"),
("IATT190000054","193033","191001","192005","42000","1","42000","0","42000","1","1","1","IAT2305190946","NHO2018000007","PAID","","193033"),
("IATT190000054","193047","191002","192010","8000","1","8000","0","8000","1","1","1","IAT2305190946","NHO2018000007","PAID","","193047"),
("IATT190000054","193011","191001","192001","40000","1","40000","0","40000","1","1","1","IAT2305190946","NHO2018000007","PAID","Level 2","PEDAS"),
("IATT190000054","193056","191002","192010","17000","1","17000","0","17000","1","1","1","IAT2305190946","NHO2018000007","PAID","","193056"),
("IATT190000055","193013","191001","192002","33000","1","33000","0","33000","1","1","1","IAT2305190946","NHO2018000007","PAID","Beef","PEDAS"),
("IATT190000055","193051","191002","192010","20000","1","20000","0","20000","1","1","1","IAT2305190946","NHO2018000007","PAID","","193051"),
("IATT190000055","193047","191002","192010","8000","1","8000","0","8000","1","1","1","IAT2305190946","NHO2018000007","PAID","","193047"),
("IATT190000055","193024","191001","192003","30000","1","30000","0","30000","1","1","1","IAT2305190946","NHO2018000007","PAID","","193024"),
("IATT190000055","193066","191003","192011","0","1","0","0","0","1","1","1","IAT2305190946","NHO2018000007","PAID","","193066"),
("IATT190000055","193066","191003","192011","0","1","0","0","0","2","1","1","IAT2305190946","NHO2018000007","PAID","","193066"),
("IATT190000060","193051","191002","192010","20000","1","20000","0","20000","1","1","1","IAT2305190946","NHO2018000007","PAID","","193051"),
("IATT190000060","193054","191002","192010","20000","1","20000","0","20000","1","1","1","IAT2305190946","NHO2018000007","PAID","","193054"),
("IATT190000060","193040","191001","192008","20000","1","20000","0","20000","1","1","1","IAT2305190946","NHO2018000007","PAID","","193040"),
("IATT190000060","193003","191001","192001","30000","1","30000","0","30000","1","1","1","IAT2305190946","NHO2018000007","PAID","beef","ORIGINAL"),
("IATT190000060","193010","191001","192001","40000","1","40000","0","40000","1","1","1","IAT2305190946","NHO2018000007","PAID","","193010"),
("IATT190000060","193066","191003","192011","0","1","0","0","0","1","1","2","IAT2305190946","NHO2018000007","PAID","","193066"),
("IATT190000060","193066","191003","192011","0","1","0","0","0","2","1","2","IAT2305190946","NHO2018000007","PAID","","193066"),
("IATT190000058","193003","191001","192001","30000","1","30000","0","30000","1","1","1","IAT2305190946","NHO2018000007","PAID","BEEF","PEDAS"),
("IATT190000058","193022","191001","192003","30000","1","30000","0","30000","1","1","1","IAT2305190946","NHO2018000007","PAID","","193022"),
("IATT190000058","193048","191002","192010","8000","1","8000","0","8000","1","1","1","IAT2305190946","NHO2018000007","PAID","","193048"),
("IATT190000058","193049","191002","192010","10000","1","10000","0","10000","1","1","1","IAT2305190946","NHO2018000007","PAID","","193049"),
("IATT190000058","193049","191002","192010","10000","1","10000","0","10000","2","1","1","IAT2305190946","NHO2018000007","PAID","","193049"),
("IATT190000061","193003","191001","192001","30000","1","30000","0","30000","1","1","1","IAT2305190946","NHO2018000007","PAID","","PEDAS"),
("IATT190000061","193004","191001","192001","30000","1","30000","0","30000","1","1","1","IAT2305190946","NHO2018000007","PAID","","193004"),
("IATT190000061","193019","191001","192002","40000","1","40000","0","40000","1","1","1","IAT2305190946","NHO2018000007","PAID","","ORIGINAL"),
("IATT190000061","193028","191001","192003","43000","1","43000","0","43000","1","1","1","IAT2305190946","NHO2018000007","PAID","","193028"),
("IATT190000061","193033","191001","192005","42000","1","42000","0","42000","1","1","1","IAT2305190946","NHO2018000007","PAID","","193033"),
("IATT190000061","193033","191001","192005","42000","1","42000","0","42000","2","1","1","IAT2305190946","NHO2018000007","PAID","","193033"),
("IATT190000061","193035","191001","192006","32000","1","32000","0","32000","1","1","1","IAT2305190946","NHO2018000007","PAID","","PEDAS"),
("IATT190000061","193047","191002","192010","8000","1","8000","0","8000","1","1","1","IAT2305190946","NHO2018000007","PAID","","193047"),
("IATT190000061","193047","191002","192010","8000","1","8000","0","8000","2","1","1","IAT2305190946","NHO2018000007","PAID","","193047"),
("IATT190000061","193047","191002","192010","8000","1","8000","0","8000","3","1","1","IAT2305190946","NHO2018000007","PAID","","193047"),
("IATT190000061","193047","191002","192010","8000","1","8000","0","8000","4","1","1","IAT2305190946","NHO2018000007","PAID","","193047"),
("IATT190000061","193047","191002","192010","8000","1","8000","0","8000","5","1","1","IAT2305190946","NHO2018000007","PAID","","193047"),
("IATT190000061","193047","191002","192010","8000","1","8000","0","8000","6","1","1","IAT2305190946","NHO2018000007","PAID","","193047"),
("IATT190000061","193048","191002","192010","8000","1","8000","0","8000","1","1","1","IAT2305190946","NHO2018000007","PAID","","193048"),
("IATT190000061","193050","191002","192010","20000","1","20000","0","20000","1","1","1","IAT2305190946","NHO2018000007","PAID","","193050"),
("IATT190000061","193050","191002","192010","20000","1","20000","0","20000","2","1","1","IAT2305190946","NHO2018000007","PAID","","193050"),
("IATT190000061","193056","191002","192010","17000","1","17000","0","17000","1","1","1","IAT2305190946","NHO2018000007","PAID","","193056"),
("IATT190000061","193066","191003","192011","0","1","0","0","0","1","1","2","IAT2305190946","NHO2018000007","PAID","","193066"),
("IATT190000061","193066","191003","192011","0","1","0","0","0","2","1","2","IAT2305190946","NHO2018000007","PAID","","193066");



INSERT INTO pos_salestemp VALUES("IATT190000001","","2","186000","0","18600","0","204600","250000","23/05/2019","10:25","23/05/2019","11:45:34","ISU000004","tbl0012","CLOSED","1","","IATR190000002","","","","","IAT2305190946","NHO2018000007"),
("IATT190000002","","5","0","0","0","0","0","0","23/05/2019","10:43","23/05/2019","12:00:13","ISU000004","tbl0019","CANCELED","1","PERMINTAAN CUSTOMER","","","","","","IAT2305190946","NHO2018000007"),
("IATT190000003","","1","33000","0","3300","0","36300","55000","23/05/2019","10:54","23/05/2019","11:06:19","ISU000004","tbl0011","CLOSED","1","","IATR190000001","","","","","IAT2305190946","NHO2018000007"),
("IATT190000004","","2","110000","0","11000","0","121000","125000","23/05/2019","11:42","23/05/2019","12:29:03","ISU000004","tbl0011","CLOSED","1","","IATR190000003","","","","","IAT2305190946","NHO2018000007"),
("IATT190000005","","2","102000","0","10200","0","112200","125000","23/05/2019","12:03","23/05/2019","12:45:40","ISU000004","tbl0010","CLOSED","1","","IATR190000005","","","","","IAT2305190946","NHO2018000007"),
("IATT190000006","","2","116000","0","11600","0","127600","130000","23/05/2019","12:11","23/05/2019","13:00:59","ISU000004","tbl0012","CLOSED","1","","IATR190000007","","","","","IAT2305190946","NHO2018000007"),
("IATT190000007","","1","50000","0","5000","0","55000","60000","23/05/2019","12:16","23/05/2019","12:59:46","ISU000004","tbl0014","CLOSED","1","","IATR190000006","","","","","IAT2305190946","NHO2018000007"),
("IATT190000008","","2","76000","0","7600","0","83600","100000","23/05/2019","12:16","23/05/2019","12:43:50","ISU000004","tbl0005","CLOSED","1","","IATR190000004","","","","","IAT2305190946","NHO2018000007"),
("IATT190000009","","0","99000","0","9900","0","108900","110000","23/05/2019","12:16","23/05/2019","13:01:47","ISU000004","tbl0017","CLOSED","1","","IATR190000008","","","","","IAT2305190946","NHO2018000007"),
("IATT190000010","","1","56000","0","5600","0","61600","100000","23/05/2019","12:18","23/05/2019","13:22:32","ISU000004","tbl0007","CLOSED","1","","IATR190000013","","","","","IAT2305190946","NHO2018000007"),
("IATT190000011","","4","152000","0","15200","0","167200","175000","23/05/2019","12:20","23/05/2019","13:08:31","ISU000004","tbl0013","CLOSED","1","","IATR190000010","","","","","IAT2305190946","NHO2018000007"),
("IATT190000012","","1","48000","0","4800","0","52800","100000","23/05/2019","12:20","23/05/2019","13:27:41","ISU000004","tbl0004","CLOSED","1","","IATR190000015","","","","","IAT2305190946","NHO2018000007"),
("IATT190000013","","4","158000","0","15800","0","173800","175000","23/05/2019","12:31","23/05/2019","13:15:55","ISU000004","tbl0011","CLOSED","1","","IATR190000011","","","","","IAT2305190946","NHO2018000007"),
("IATT190000014","","1","45000","0","4500","0","49500","100000","23/05/2019","12:48","23/05/2019","13:23:15","ISU000004","tbl0009","CLOSED","1","","IATR190000014","","","","","IAT2305190946","NHO2018000007"),
("IATT190000015","","1","50000","0","5000","0","55000","100000","23/05/2019","12:48","23/05/2019","13:06:22","ISU000004","tbl0005","CLOSED","1","","IATR190000009","","","","","IAT2305190946","NHO2018000007"),
("IATT190000016","","2","60000","0","6000","0","66000","66000","23/05/2019","13:00","23/05/2019","13:18:39","ISU000004","tbl0019","CLOSED","1","","IATR190000012","","","","","IAT2305190946","NHO2018000007"),
("IATT190000017","","2","107000","0","10700","0","117700","150000","23/05/2019","15:22","23/05/2019","15:54:08","ISU000005","tbl0012","CLOSED","1","","IATR190000016","","","","","IAT2305190946","NHO2018000007"),
("IATT190000018","","1","43000","0","4300","0","47300","50000","23/05/2019","15:55","23/05/2019","16:04:55","ISU000005","takeaway","CLOSED","1","","IATR190000017","","","","","IAT2305190946","NHO2018000007"),
("IATT190000019","","0","73000","0","7300","0","80300","100000","23/05/2019","16:07","23/05/2019","18:53:45","ISU000005","tbl0001","CLOSED","1","","IATR190000040","","","","","IAT2305190946","NHO2018000007"),
("IATT190000020","","1","27000","0","2700","0","29700","30000","23/05/2019","16:07","23/05/2019","16:10:03","ISU000005","tbl0002","CLOSED","1","","IATR190000018","","","","","IAT2305190946","NHO2018000007"),
("IATT190000021","","1","40000","0","4000","0","44000","44000","23/05/2019","16:43","23/05/2019","17:03:56","ISU000005","tbl0008","CLOSED","1","","IATR190000019","","","","","IAT2305190946","NHO2018000007"),
("IATT190000022","","2","84000","0","8400","0","92400","100000","23/05/2019","16:47","23/05/2019","17:25:03","ISU000005","tbl0012","CLOSED","1","","IATR190000020","","","","","IAT2305190946","NHO2018000007"),
("IATT190000023","","4","188000","0","18800","0","206800","220000","23/05/2019","17:02","23/05/2019","18:22:55","ISU000005","tbl0011","CLOSED","1","","IATR190000028","","","","","IAT2305190946","NHO2018000007"),
("IATT190000024","","2","98000","0","9800","0","107800","110000","23/05/2019","17:07","23/05/2019","17:38:32","ISU000005","tbl0021","CLOSED","1","","IATR190000023","","","","","IAT2305190946","NHO2018000007"),
("IATT190000025","","2","103000","0","10300","0","113300","125000","23/05/2019","17:20","23/05/2019","17:36:21","ISU000005","tbl0005","CLOSED","1","","IATR190000022","","","","","IAT2305190946","NHO2018000007"),
("IATT190000026","","2","97000","0","9700","0","106700","106700","23/05/2019","17:22","23/05/2019","18:04:35","ISU000005","tbl0009","CLOSED","1","","IATR190000026","","","","","IAT2305190946","NHO2018000007"),
("IATT190000027","","1","47000","0","4700","0","51700","51700","23/05/2019","17:23","23/05/2019","17:56:04","ISU000005","tbl0008","CLOSED","1","","IATR190000025","","","","","IAT2305190946","NHO2018000007"),
("IATT190000028","","2","60000","0","6000","0","66000","100000","23/05/2019","17:24","23/05/2019","17:28:00","ISU000005","tbl0004","CLOSED","1","","IATR190000021","","","","","IAT2305190946","NHO2018000007"),
("IATT190000029","","2","85000","0","8500","0","93500","93500","23/05/2019","17:37","23/05/2019","18:25:06","ISU000005","tbl0007","CLOSED","1","","IATR190000030","","","","","IAT2305190946","NHO2018000007"),
("IATT190000030","","2","105000","0","10500","0","115500","120000","23/05/2019","17:38","23/05/2019","18:21:17","ISU000005","tbl0017","CLOSED","1","","IATR190000027","","","","","IAT2305190946","NHO2018000007"),
("IATT190000031","","2","96000","0","9600","0","105600","120000","23/05/2019","17:42","23/05/2019","18:30:41","ISU000005","tbl0012","CLOSED","1","","IATR190000034","","","","","IAT2305190946","NHO2018000007"),
("IATT190000032","","2","51000","0","5100","0","56100","56100","23/05/2019","17:43","23/05/2019","18:29:33","ISU000005","tbl0022","CLOSED","1","","IATR190000033","","","","","IAT2305190946","NHO2018000007"),
("IATT190000033","","2","76000","0","7600","0","83600","100000","23/05/2019","17:44","23/05/2019","18:23:43","ISU000005","tbl0005","CLOSED","1","","IATR190000029","","","","","IAT2305190946","NHO2018000007"),
("IATT190000034","","2","86000","0","8600","0","94600","100000","23/05/2019","17:45","23/05/2019","18:40:04","ISU000005","tbl0023","CLOSED","1","","IATR190000037","","","","","IAT2305190946","NHO2018000007"),
("IATT190000035","","1","67000","0","6700","0","73700","100000","23/05/2019","17:45","23/05/2019","18:28:15","ISU000005","tbl0016","CLOSED","1","","IATR190000032","","","","","IAT2305190946","NHO2018000007"),
("IATT190000036","","2","80000","0","8000","0","88000","100000","23/05/2019","17:46","23/05/2019","18:31:27","ISU000005","tbl0021","CLOSED","1","","IATR190000035","","","","","IAT2305190946","NHO2018000007"),
("IATT190000037","","6","492000","0","49200","0","541200","550000","23/05/2019","17:47","23/05/2019","19:07:11","ISU000005","tbl0013","REFUND","1","","IATR190000044","23/05/2019","19:38:22","090592","IATR190000047","IAT2305190946","NHO2018000007"),
("IATT190000038","","2","89000","0","8900","0","97900","100000","23/05/2019","17:48","23/05/2019","17:54:55","ISU000005","tbl0020","CLOSED","1","","IATR190000024","","","","","IAT2305190946","NHO2018000007"),
("IATT190000039","","2","77000","0","7700","0","84700","84700","23/05/2019","17:49","23/05/2019","20:29:29","ISU000004","tbl0009","CLOSED","1","","IATR190000049","","","","","IAT2305190946","NHO2018000007"),
("IATT190000040","","2","92000","0","9200","0","101200","110000","23/05/2019","17:52","23/05/2019","18:43:33","ISU000005","tbl0006","CLOSED","1","","IATR190000038","","","","","IAT2305190946","NHO2018000007"),
("IATT190000041","","2","83000","0","8300","0","91300","91300","23/05/2019","17:54","23/05/2019","18:26:33","ISU000005","tbl0018","CLOSED","1","","IATR190000031","","","","","IAT2305190946","NHO2018000007"),
("IATT190000042","","2","98000","0","9800","0","107800","110000","23/05/2019","18:05","23/05/2019","18:45:04","ISU000005","tbl0008","CLOSED","1","","IATR190000039","","","","","IAT2305190946","NHO2018000007"),
("IATT190000043","","1","43000","0","4300","0","47300","47300","23/05/2019","18:16","23/05/2019","19:06:00","ISU000005","tbl0024","CLOSED","1","","IATR190000043","","","","","IAT2305190946","NHO2018000007"),
("IATT190000044","","2","66000","0","6600","0","72600","72600","23/05/2019","18:17","23/05/2019","19:35:00","ISU000005","tbl0011","CLOSED","1","","IATR190000046","","","","","IAT2305190946","NHO2018000007"),
("IATT190000045","","2","0","0","0","0","0","0","23/05/2019","18:20","23/05/2019","18:39:27","ISU000005","tbl0004","CANCELED","1","PERMINTAAN CUSTOMER","","","","","","IAT2305190946","NHO2018000007"),
("IATT190000046","","1","60000","0","6000","0","66000","100000","23/05/2019","18:25","23/05/2019","18:54:53","ISU000005","tbl0004","CLOSED","1","","IATR190000041","","","","","IAT2305190946","NHO2018000007"),
("IATT190000047","","4","106000","0","10600","0","116600","125000","23/05/2019","18:30","23/05/2019","19:04:40","ISU000005","tbl0010","CLOSED","1","","IATR190000042","","","","","IAT2305190946","NHO2018000007"),
("IATT190000048","","2","100000","0","10000","0","110000","150000","23/05/2019","18:36","23/05/2019","18:37:43","ISU000005","takeaway","CLOSED","1","","IATR190000036","","","","","IAT2305190946","NHO2018000007"),
("IATT190000049","","1","40000","0","4000","0","44000","50000","23/05/2019","18:37","23/05/2019","19:12:15","ISU000005","tbl0007, tbl0048","CLOSED","1","","IATR190000045","","","","","IAT2305190946","NHO2018000007"),
("IATT190000050","","2","0","0","0","0","0","0","23/05/2019","19:19","23/05/2019","19:22:40","ISU000005","tbl0010","CANCELED","1","PERMINTAAN CUSTOMER","","","","","","IAT2305190946","NHO2018000007"),
("IATT190000051","","1","38000","0","3800","0","41800","45000","23/05/2019","19:22","23/05/2019","19:47:22","ISU000005","tbl0010","CLOSED","1","","IATR190000048","","","","","IAT2305190946","NHO2018000007"),
("IATT190000052","","6","372000","0","0","0","0","0","23/05/2019","19:41","23/05/2019","22:26:28","ISU000012","tbl0001","CANCELED","1","PERMINTAAN CUSTOMER","","","","","","IAT2305190946","NHO2018000007"),
("IATT190000053","","1","0","0","0","0","0","0","23/05/2019","19:58","23/05/2019","20:06:09","ISU000001","tbl0050","CANCELED","1","PERMINTAAN CUSTOMER","","","","","","IAT2305190946","NHO2018000007"),
("IATT190000054","","2","107000","0","10700","0","117700","117700","23/05/2019","20:08","23/05/2019","20:31:27","ISU000004","tbl0012","CLOSED","1","","IATR190000050","","","","","IAT2305190946","NHO2018000007"),
("IATT190000055","","2","91000","0","9100","0","100100","100100","23/05/2019","20:41","23/05/2019","21:23:53","ISU000012","tbl0008","CLOSED","1","","IATR190000052","","","","","IAT2305190946","NHO2018000007"),
("IATT190000056","","2","0","0","0","0","0","0","23/05/2019","20:44","23/05/2019","22:02:50","ISU000012","tbl0003","CANCELED","1","PERMINTAAN CUSTOMER","","","","","","IAT2305190946","NHO2018000007"),
("IATT190000057","","2","0","0","0","0","0","0","23/05/2019","20:44","23/05/2019","22:02:57","ISU000012","tbl0003","CANCELED","1","PERMINTAAN CUSTOMER","","","","","","IAT2305190946","NHO2018000007"),
("IATT190000058","","2","88000","0","8800","0","96800","100000","23/05/2019","20:47","23/05/2019","21:30:17","ISU000012","tbl0010","CLOSED","1","","IATR190000054","","","","","IAT2305190946","NHO2018000007"),
("IATT190000059","","0","0","0","0","0","0","0","23/05/2019","20:48","23/05/2019","20:49:08","ISU000012","tbl0004","CANCELED","1","PERMINTAAN CUSTOMER","","","","","","IAT2305190946","NHO2018000007"),
("IATT190000060","","2","130000","0","13000","0","143000","150000","23/05/2019","20:49","23/05/2019","21:27:36","ISU000012","tbl0004","CLOSED","1","","IATR190000053","","","","","IAT2305190946","NHO2018000007"),
("IATT190000061","","6","372000","0","37200","0","409200","500000","23/05/2019","20:57","23/05/2019","21:00:42","ISU000012","tbl0013","CLOSED","1","","IATR190000051","","","","","IAT2305190946","NHO2018000007");



INSERT INTO item_void VALUES("IATT190000006","IAT2305190946","NHO2018000007","193026","193026","1","35000","Before Send","Komplen Customer"),
("IATT190000011","IAT2305190946","NHO2018000007","193046","193046","1","8000","Before Send","Komplen Customer"),
("IATT190000011","IAT2305190946","NHO2018000007","193046","193046","1","8000","Before Send","Komplen Customer"),
("IATT190000011","IAT2305190946","NHO2018000007","193046","193046","1","8000","Before Send","Komplen Customer"),
("IATT190000011","IAT2305190946","NHO2018000007","193046","193046","1","8000","Before Send","Komplen Customer"),
("IATT190000022","IAT2305190946","NHO2018000007","193012","193012","1","40000","Before Send","Salah Order"),
("IATT190000026","IAT2305190946","NHO2018000007","193049","193049","1","10000","Before Send","Komplen Customer"),
("IATT190000036","IAT2305190946","NHO2018000007","193066","193066","1","0","Before Send","Komplen Customer"),
("IATT190000036","IAT2305190946","NHO2018000007","193066","193066","1","0","Before Send","Komplen Customer"),
("IATT190000036","IAT2305190946","NHO2018000007","193028","193028","1","43000","Before Send","Komplen Customer"),
("IATT190000032","IAT2305190946","NHO2018000007","193032","193032","1","30000","Before Send","Salah Order"),
("IATT190000032","IAT2305190946","NHO2018000007","193032","193032","1","30000","Before Send","Salah Order"),
("IATT190000036","IAT2305190946","NHO2018000007","193029","193029","1","27000","Before Send","Komplen Customer"),
("IATT190000036","IAT2305190946","NHO2018000007","193048","193048","1","8000","Before Send","Salah Order"),
("IATT190000039","IAT2305190946","NHO2018000007","193046","193046","1","8000","Before Send","Komplen Customer"),
("IATT190000039","IAT2305190946","NHO2018000007","193047","193047","1","8000","Before Send","Komplen Customer"),
("IATT190000039","IAT2305190946","NHO2018000007","193054","193054","1","20000","Before Send","Komplen Customer"),
("IATT190000039","IAT2305190946","NHO2018000007","193066","193066","1","0","Before Send","Komplen Customer"),
("IATT190000039","IAT2305190946","NHO2018000007","193035","PEDAS","1","32000","Before Send","Komplen Customer"),
("IATT190000039","IAT2305190946","NHO2018000007","193035","PEDAS","1","32000","Before Send","Komplen Customer"),
("IATT190000039","IAT2305190946","NHO2018000007","193038","PEDAS","1","36000","Before Send","Komplen Customer"),
("IATT190000039","IAT2305190946","NHO2018000007","193038","PEDAS","1","36000","Before Send","Komplen Customer"),
("IATT190000039","IAT2305190946","NHO2018000007","193038","PEDAS","1","36000","Before Send","Komplen Customer");









INSERT INTO pos_paymenttemp VALUES("IATT190000003","CASH","CASH","5000","5000","ISU000004","2019-05-23","","1","","CLOSED","IAT2305190946","NHO2018000007"),
("IATT190000003","CASH","CASH","31300","50000","ISU000004","2019-05-23","","1","","CLOSED","IAT2305190946","NHO2018000007"),
("IATT190000001","CASH","CASH","204600","250000","ISU000004","2019-05-23","","1","","CLOSED","IAT2305190946","NHO2018000007"),
("IATT190000004","VOUCHER","ISOIDE OPENING VOUCHER 25","25000","25000","ISU000004","2019-05-23","","1","","CLOSED","IAT2305190946","NHO2018000007"),
("IATT190000004","CASH","CASH","96000","100000","ISU000004","2019-05-23","","1","","CLOSED","IAT2305190946","NHO2018000007"),
("IATT190000008","CASH","CASH","83600","100000","ISU000004","2019-05-23","","1","","CLOSED","IAT2305190946","NHO2018000007"),
("IATT190000005","VOUCHER","ISOIDE OPENING VOUCHER 25","25000","25000","ISU000004","2019-05-23","","1","","CLOSED","IAT2305190946","NHO2018000007"),
("IATT190000005","CASH","CASH","87200","100000","ISU000004","2019-05-23","","1","","CLOSED","IAT2305190946","NHO2018000007"),
("IATT190000007","CASH","CASH","55000","60000","ISU000004","2019-05-23","","1","","CLOSED","IAT2305190946","NHO2018000007"),
("IATT190000006","VOUCHER","ISOIDE OPENING VOUCHER 25","25000","25000","ISU000004","2019-05-23","","1","","CLOSED","IAT2305190946","NHO2018000007"),
("IATT190000006","CASH","CASH","102600","105000","ISU000004","2019-05-23","","1","","CLOSED","IAT2305190946","NHO2018000007"),
("IATT190000009","CASH","CASH","108900","110000","ISU000004","2019-05-23","","1","","CLOSED","IAT2305190946","NHO2018000007"),
("IATT190000015","CASH","CASH","55000","100000","ISU000004","2019-05-23","","1","","CLOSED","IAT2305190946","NHO2018000007"),
("IATT190000011","VOUCHER","ISOIDE OPENING VOUCHER 25","25000","25000","ISU000004","2019-05-23","","1","","CLOSED","IAT2305190946","NHO2018000007"),
("IATT190000011","CASH","CASH","142200","150000","ISU000004","2019-05-23","","1","","CLOSED","IAT2305190946","NHO2018000007"),
("IATT190000013","VOUCHER","ISOIDE OPENING VOUCHER 25","25000","25000","ISU000004","2019-05-23","","1","","CLOSED","IAT2305190946","NHO2018000007"),
("IATT190000013","CASH","CASH","148800","150000","ISU000004","2019-05-23","","1","","CLOSED","IAT2305190946","NHO2018000007"),
("IATT190000016","CASH","CASH","66000","66000","ISU000004","2019-05-23","","1","","CLOSED","IAT2305190946","NHO2018000007"),
("IATT190000010","CASH","CASH","61600","100000","ISU000004","2019-05-23","","1","","CLOSED","IAT2305190946","NHO2018000007"),
("IATT190000014","CASH","CASH","49500","100000","ISU000004","2019-05-23","","1","","CLOSED","IAT2305190946","NHO2018000007"),
("IATT190000012","CASH","CASH","52800","100000","ISU000004","2019-05-23","","1","","CLOSED","IAT2305190946","NHO2018000007"),
("IATT190000017","CASH","CASH","117700","150000","ISU000005","2019-05-23","","1","","CLOSED","IAT2305190946","NHO2018000007"),
("IATT190000018","CASH","CASH","47300","50000","ISU000005","2019-05-23","","1","","CLOSED","IAT2305190946","NHO2018000007"),
("IATT190000020","CASH","CASH","29700","30000","ISU000005","2019-05-23","","1","","CLOSED","IAT2305190946","NHO2018000007"),
("IATT190000021","CARD","DEBIT BCA","44000","44000","ISU000005","2019-05-23","","1","","CLOSED","IAT2305190946","NHO2018000007"),
("IATT190000022","CASH","CASH","92400","100000","ISU000005","2019-05-23","","1","","CLOSED","IAT2305190946","NHO2018000007"),
("IATT190000028","CASH","CASH","66000","100000","ISU000005","2019-05-23","","1","","CLOSED","IAT2305190946","NHO2018000007"),
("IATT190000025","VOUCHER","ISOIDE OPENING VOUCHER 25","25000","25000","ISU000005","2019-05-23","","1","","CLOSED","IAT2305190946","NHO2018000007"),
("IATT190000025","CASH","CASH","88300","100000","ISU000005","2019-05-23","","1","","CLOSED","IAT2305190946","NHO2018000007"),
("IATT190000024","CASH","CASH","107800","110000","ISU000005","2019-05-23","","1","","CLOSED","IAT2305190946","NHO2018000007"),
("IATT190000038","CASH","CASH","97900","100000","ISU000005","2019-05-23","","1","","CLOSED","IAT2305190946","NHO2018000007"),
("IATT190000027","CARD","VISA","51700","51700","ISU000005","2019-05-23","","1","","CLOSED","IAT2305190946","NHO2018000007"),
("IATT190000026","CASH","CASH","106700","106700","ISU000005","2019-05-23","","1","","CLOSED","IAT2305190946","NHO2018000007"),
("IATT190000030","CASH","CASH","115500","120000","ISU000005","2019-05-23","","1","","CLOSED","IAT2305190946","NHO2018000007"),
("IATT190000023","CASH","CASH","206800","220000","ISU000005","2019-05-23","","1","","CLOSED","IAT2305190946","NHO2018000007"),
("IATT190000033","CASH","CASH","83600","100000","ISU000005","2019-05-23","","1","","CLOSED","IAT2305190946","NHO2018000007"),
("IATT190000029","CARD","DEBIT BCA","93500","93500","ISU000005","2019-05-23","","1","","CLOSED","IAT2305190946","NHO2018000007"),
("IATT190000041","CARD","DEBIT BCA","91300","91300","ISU000005","2019-05-23","","1","","CLOSED","IAT2305190946","NHO2018000007"),
("IATT190000035","CASH","CASH","73700","100000","ISU000005","2019-05-23","","1","","CLOSED","IAT2305190946","NHO2018000007"),
("IATT190000032","CARD","DEBIT BCA","56100","56100","ISU000005","2019-05-23","","1","","CLOSED","IAT2305190946","NHO2018000007"),
("IATT190000031","CASH","CASH","105600","120000","ISU000005","2019-05-23","","1","","CLOSED","IAT2305190946","NHO2018000007"),
("IATT190000036","CASH","CASH","88000","100000","ISU000005","2019-05-23","","1","","CLOSED","IAT2305190946","NHO2018000007"),
("IATT190000048","CASH","CASH","110000","150000","ISU000005","2019-05-23","","1","","CLOSED","IAT2305190946","NHO2018000007"),
("IATT190000034","CASH","CASH","94600","100000","ISU000005","2019-05-23","","1","","CLOSED","IAT2305190946","NHO2018000007"),
("IATT190000040","CASH","CASH","101200","110000","ISU000005","2019-05-23","","1","","CLOSED","IAT2305190946","NHO2018000007"),
("IATT190000042","CASH","CASH","107800","110000","ISU000005","2019-05-23","","1","","CLOSED","IAT2305190946","NHO2018000007"),
("IATT190000019","CASH","CASH","80300","100000","ISU000005","2019-05-23","","1","","CLOSED","IAT2305190946","NHO2018000007"),
("IATT190000046","CASH","CASH","66000","100000","ISU000005","2019-05-23","","1","","CLOSED","IAT2305190946","NHO2018000007"),
("IATT190000047","VOUCHER","ISOIDE OPENING VOUCHER 25","25000","25000","ISU000005","2019-05-23","","1","","CLOSED","IAT2305190946","NHO2018000007"),
("IATT190000047","CASH","CASH","91600","100000","ISU000005","2019-05-23","","1","","CLOSED","IAT2305190946","NHO2018000007"),
("IATT190000043","CARD","DEBIT BCA","47300","47300","ISU000005","2019-05-23","","1","","CLOSED","IAT2305190946","NHO2018000007"),
("IATT190000037","CASH","CASH","541200","550000","ISU000005","2019-05-23","","1","","REFUND","IAT2305190946","NHO2018000007"),
("IATT190000049","CASH","CASH","44000","50000","ISU000005","2019-05-23","","1","","CLOSED","IAT2305190946","NHO2018000007"),
("IATT190000044","CARD","DEBIT BCA","72600","72600","ISU000005","2019-05-23","","1","","CLOSED","IAT2305190946","NHO2018000007"),
("IATT190000051","CASH","CASH","41800","45000","ISU000005","2019-05-23","","1","","CLOSED","IAT2305190946","NHO2018000007"),
("IATT190000039","CARD","DEBIT BCA","84700","84700","ISU000004","2019-05-23","","1","","CLOSED","IAT2305190946","NHO2018000007"),
("IATT190000054","CARD","DEBIT BCA","117700","117700","ISU000004","2019-05-23","","1","","CLOSED","IAT2305190946","NHO2018000007"),
("IATT190000061","CASH","CASH","409200","500000","ISU000012","2019-05-23","","1","","CLOSED","IAT2305190946","NHO2018000007"),
("IATT190000055","CASH","CASH","100100","100100","ISU000012","2019-05-23","","1","","CLOSED","IAT2305190946","NHO2018000007"),
("IATT190000060","CASH","CASH","143000","150000","ISU000012","2019-05-23","","1","","CLOSED","IAT2305190946","NHO2018000007"),
("IATT190000058","CASH","CASH","96800","100000","ISU000012","2019-05-23","","1","","CLOSED","IAT2305190946","NHO2018000007");



