INSERT INTO pos_itemtemp VALUES("IATT190000315","193013","191001","192002","33000","1","33000","0","33000","1","1","1","IAT2805191011","NHO2018000007","PAID","LEVEL 2/ BEEF","PEDAS"),
("IATT190000315","193047","191002","192010","8000","1","8000","0","8000","1","1","1","IAT2805191011","NHO2018000007","PAID","","193047"),
("IATT190000316","193011","191001","192001","40000","1","40000","0","40000","1","1","1","IAT2805191011","NHO2018000007","PAID","LEVEL 2","PEDAS"),
("IATT190000316","193047","191002","192010","8000","1","8000","0","8000","1","1","1","IAT2805191011","NHO2018000007","PAID","","193047"),
("IATT190000317","193022","191001","192003","30000","1","30000","0","30000","1","1","1","IAT2805191011","NHO2018000007","PAID","","193022"),
("IATT190000317","193047","191002","192010","8000","1","8000","0","8000","1","1","1","IAT2805191011","NHO2018000007","PAID","","193047"),
("IATT190000318","193022","191001","192003","30000","1","30000","0","30000","1","1","1","IAT2805191011","NHO2018000007","PAID","","193022"),
("IATT190000318","193055","191002","192010","17000","1","17000","0","17000","1","1","1","IAT2805191011","NHO2018000007","PAID","","193055"),
("IATT190000319","193022","191001","192003","30000","1","30000","0","30000","1","1","1","IAT2805191011","NHO2018000007","PAID","","193022"),
("IATT190000320","193029","191001","192004","27000","1","27000","0","27000","1","1","1","IAT2805191011","NHO2018000007","PAID","","193029"),
("IATT190000320","193056","191002","192010","17000","1","17000","0","17000","1","1","1","IAT2805191011","NHO2018000007","PAID","","193056"),
("IATT190000321","193054","191002","192010","20000","1","20000","0","20000","1","1","1","IAT2805191011","NHO2018000007","PAID","","193054"),
("IATT190000321","193056","191002","192010","17000","1","17000","0","17000","1","1","1","IAT2805191011","NHO2018000007","PAID","","193056"),
("IATT190000321","193053","191002","192010","20000","1","20000","0","20000","1","1","1","IAT2805191011","NHO2018000007","PAID","","193053"),
("IATT190000321","193003","191001","192001","30000","1","30000","0","30000","1","1","1","IAT2805191011","NHO2018000007","PAID","BEEF LEVEL2 GA PKE SAYUR","PEDAS"),
("IATT190000321","193011","191001","192001","40000","1","40000","0","40000","1","1","1","IAT2805191011","NHO2018000007","PAID","","PEDAS"),
("IATT190000321","193007","191001","192001","37000","1","37000","0","37000","1","1","2","IAT2805191011","NHO2018000007","PAID","","PEDAS"),
("IATT190000322","193003","191001","192001","30000","1","30000","0","30000","1","1","1","IAT2805191011","NHO2018000007","PAID","BEEF,LEVEL 2","PEDAS"),
("IATT190000322","193022","191001","192003","30000","1","30000","0","30000","1","1","1","IAT2805191011","NHO2018000007","PAID","","193022"),
("IATT190000322","193049","191002","192010","10000","1","10000","0","10000","1","1","1","IAT2805191011","NHO2018000007","PAID","ES BATU 2","193049"),
("IATT190000322","193049","191002","192010","10000","1","10000","0","10000","2","1","1","IAT2805191011","NHO2018000007","PAID","","193049"),
("IATT190000323","193055","191002","192010","17000","1","17000","0","17000","1","1","1","IAT2805191011","NHO2018000007","PAID","BUAT BUKA","193055"),
("IATT190000323","193055","191002","192010","17000","1","17000","0","17000","2","1","1","IAT2805191011","NHO2018000007","PAID","","193055"),
("IATT190000323","193025","191001","192003","30000","1","30000","0","30000","1","1","1","IAT2805191011","NHO2018000007","PAID","BUAT BUKA","193025"),
("IATT190000323","193023","191001","192003","30000","1","30000","0","30000","1","1","1","IAT2805191011","NHO2018000007","PAID","BUAT BUKA","193023"),
("IATT190000324","193011","191001","192001","40000","1","40000","0","40000","1","1","1","IAT2805191011","NHO2018000007","PAID","LEVEL 2","PEDAS"),
("IATT190000324","193046","191002","192010","8000","1","8000","0","8000","1","1","1","IAT2805191011","NHO2018000007","PAID","","193046"),
("IATT190000324","193048","191002","192010","8000","1","8000","0","8000","1","1","1","IAT2805191011","NHO2018000007","PAID","","193048"),
("IATT190000325","193028","191001","192003","43000","1","43000","0","43000","1","1","1","IAT2805191011","NHO2018000007","PAID","","193028"),
("IATT190000325","193028","191001","192003","43000","1","43000","0","43000","2","1","1","IAT2805191011","NHO2018000007","PAID","","193028"),
("IATT190000325","193056","191002","192010","17000","1","17000","0","17000","1","1","1","IAT2805191011","NHO2018000007","PAID","","193056"),
("IATT190000325","193055","191002","192010","17000","1","17000","0","17000","1","1","1","IAT2805191011","NHO2018000007","PAID","","193055"),
("IATT190000326","193047","191002","192010","8000","1","8000","0","8000","1","1","1","IAT2805191011","NHO2018000007","PAID","BUAT BUKA","193047"),
("IATT190000326","193047","191002","192010","8000","1","8000","0","8000","2","1","1","IAT2805191011","NHO2018000007","PAID","","193047"),
("IATT190000326","193003","191001","192001","30000","1","30000","0","30000","1","1","1","IAT2805191011","NHO2018000007","PAID","BEEF","ORIGINAL"),
("IATT190000326","193022","191001","192003","30000","1","30000","0","30000","1","1","1","IAT2805191011","NHO2018000007","PAID","BUAT BUKA SEMUA MENU","193022"),
("IATT190000326","193024","191001","192003","30000","1","30000","0","30000","1","1","1","IAT2805191011","NHO2018000007","PAID","","193024"),
("IATT190000327","193024","191001","192003","30000","1","30000","0","30000","1","1","1","IAT2805191011","NHO2018000007","PAID","","193024"),
("IATT190000327","193040","191001","192008","20000","1","20000","0","20000","1","1","1","IAT2805191011","NHO2018000007","PAID","","193040"),
("IATT190000327","193004","191001","192001","30000","1","30000","0","30000","1","1","1","IAT2805191011","NHO2018000007","PAID","BEEF","193004"),
("IATT190000327","193054","191002","192010","20000","1","20000","0","20000","1","1","1","IAT2805191011","NHO2018000007","PAID","","193054"),
("IATT190000327","193055","191002","192010","17000","1","17000","0","17000","1","1","1","IAT2805191011","NHO2018000007","PAID","","193055"),
("IATT190000327","193047","191002","192010","8000","1","8000","0","8000","1","1","1","IAT2805191011","NHO2018000007","PAID","","193047"),
("IATT190000327","193048","191002","192010","8000","1","8000","0","8000","1","1","1","IAT2805191011","NHO2018000007","PAID","","193048"),
("IATT190000325","193048","191002","192010","8000","1","8000","0","8000","1","1","2","IAT2805191011","NHO2018000007","PAID","","193048"),
("IATT190000328","193002","191001","192001","30000","1","30000","0","30000","1","1","1","IAT2805191011","NHO2018000007","PAID","EXTRA DAUN BAWANG DAN PEDAS","193002"),
("IATT190000328","193027","191001","192003","43000","1","43000","0","43000","1","1","1","IAT2805191011","NHO2018000007","PAID","","193027"),
("IATT190000328","193024","191001","192003","30000","1","30000","0","30000","1","1","1","IAT2805191011","NHO2018000007","PAID","","193024"),
("IATT190000328","193046","191002","192010","8000","1","8000","0","8000","1","1","1","IAT2805191011","NHO2018000007","PAID","","193046"),
("IATT190000328","193046","191002","192010","8000","1","8000","0","8000","2","1","1","IAT2805191011","NHO2018000007","PAID","","193046"),
("IATT190000329","193024","191001","192003","30000","1","30000","0","30000","1","1","1","IAT2805191011","NHO2018000007","PAID","","193024"),
("IATT190000329","193046","191002","192010","8000","1","8000","0","8000","1","1","1","IAT2805191011","NHO2018000007","PAID","","193046"),
("IATT190000329","193047","191002","192010","8000","1","8000","0","8000","1","1","1","IAT2805191011","NHO2018000007","PAID","","193047"),
("IATT190000330","193055","191002","192010","17000","1","17000","0","17000","1","1","1","IAT2805191011","NHO2018000007","PAID","","193055"),
("IATT190000330","193052","191002","192010","20000","1","20000","0","20000","1","1","1","IAT2805191011","NHO2018000007","PAID","","193052"),
("IATT190000331","193054","191002","192010","20000","1","20000","0","20000","1","1","1","IAT2805191011","NHO2018000007","PAID","","193054"),
("IATT190000331","193052","191002","192010","20000","1","20000","0","20000","1","1","1","IAT2805191011","NHO2018000007","PAID","","193052"),
("IATT190000331","193048","191002","192010","8000","1","8000","0","8000","1","1","1","IAT2805191011","NHO2018000007","PAID","","193048"),
("IATT190000331","193002","191001","192001","30000","1","30000","0","30000","1","1","1","IAT2805191011","NHO2018000007","PAID","BEEF/ PEDES ","193002"),
("IATT190000331","193028","191001","192003","43000","1","43000","0","43000","1","1","1","IAT2805191011","NHO2018000007","PAID","","193028"),
("IATT190000332","193049","191002","192010","10000","1","10000","0","10000","1","1","1","IAT2805191011","NHO2018000007","PAID","","193049"),
("IATT190000332","193048","191002","192010","8000","1","8000","0","8000","1","1","1","IAT2805191011","NHO2018000007","PAID","","193048"),
("IATT190000332","193047","191002","192010","8000","1","8000","0","8000","1","1","1","IAT2805191011","NHO2018000007","PAID","","193047"),
("IATT190000332","193030","191001","192004","27000","1","27000","0","27000","1","1","1","IAT2805191011","NHO2018000007","PAID","","193030"),
("IATT190000332","193029","191001","192004","27000","1","27000","0","27000","1","1","1","IAT2805191011","NHO2018000007","PAID","","193029"),
("IATT190000333","193022","191001","192003","30000","1","30000","0","30000","1","1","1","IAT2805191011","NHO2018000007","PAID","","193022"),
("IATT190000333","193051","191002","192010","20000","1","20000","0","20000","1","1","1","IAT2805191011","NHO2018000007","PAID","","193051"),
("IATT190000333","193048","191002","192010","8000","1","8000","0","8000","1","1","1","IAT2805191011","NHO2018000007","PAID","","193048"),
("IATT190000333","193027","191001","192003","43000","1","43000","0","43000","1","1","1","IAT2805191011","NHO2018000007","PAID","","193027"),
("IATT190000333","193050","191002","192010","20000","1","20000","0","20000","1","1","1","IAT2805191011","NHO2018000007","PAID","","193050"),
("IATT190000334","193048","191002","192010","8000","1","8000","0","8000","1","1","1","IAT2805191011","NHO2018000007","PAID","","193048"),
("IATT190000334","193048","191002","192010","8000","1","8000","0","8000","2","1","1","IAT2805191011","NHO2018000007","PAID","","193048"),
("IATT190000334","193048","191002","192010","8000","1","8000","0","8000","3","1","1","IAT2805191011","NHO2018000007","PAID","","193048"),
("IATT190000334","193048","191002","192010","8000","1","8000","0","8000","4","1","1","IAT2805191011","NHO2018000007","PAID","","193048"),
("IATT190000334","193048","191002","192010","8000","1","8000","0","8000","5","1","1","IAT2805191011","NHO2018000007","PAID","","193048"),
("IATT190000334","193048","191002","192010","8000","1","8000","0","8000","6","1","1","IAT2805191011","NHO2018000007","PAID","","193048"),
("IATT190000334","193046","191002","192010","8000","1","8000","0","8000","1","1","1","IAT2805191011","NHO2018000007","PAID","","193046"),
("IATT190000334","193007","191001","192001","37000","1","37000","0","37000","1","1","1","IAT2805191011","NHO2018000007","PAID","","PEDAS"),
("IATT190000334","193027","191001","192003","43000","1","43000","0","43000","1","1","1","IAT2805191011","NHO2018000007","PAID","","193027"),
("IATT190000334","193027","191001","192003","43000","1","43000","0","43000","2","1","1","IAT2805191011","NHO2018000007","PAID","","193027"),
("IATT190000334","193027","191001","192003","43000","1","43000","0","43000","3","1","1","IAT2805191011","NHO2018000007","PAID","","193027"),
("IATT190000334","193027","191001","192003","43000","1","43000","0","43000","4","1","1","IAT2805191011","NHO2018000007","PAID","","193027"),
("IATT190000334","193028","191001","192003","43000","1","43000","0","43000","1","1","1","IAT2805191011","NHO2018000007","PAID","","193028"),
("IATT190000334","193028","191001","192003","43000","1","43000","0","43000","2","1","1","IAT2805191011","NHO2018000007","PAID","","193028"),
("IATT190000334","193028","191001","192003","43000","1","43000","0","43000","3","1","1","IAT2805191011","NHO2018000007","PAID","","193028"),
("IATT190000334","193028","191001","192003","43000","1","43000","0","43000","4","1","1","IAT2805191011","NHO2018000007","PAID","","193028"),
("IATT190000335","193055","191002","192010","17000","1","17000","0","17000","1","1","1","IAT2805191011","NHO2018000007","PAID","","193055"),
("IATT190000335","193055","191002","192010","17000","1","17000","0","17000","2","1","1","IAT2805191011","NHO2018000007","PAID","","193055"),
("IATT190000335","193056","191002","192010","17000","1","17000","0","17000","1","1","1","IAT2805191011","NHO2018000007","PAID","","193056"),
("IATT190000335","193011","191001","192001","40000","1","40000","0","40000","1","1","1","IAT2805191011","NHO2018000007","PAID","","PEDAS"),
("IATT190000335","193023","191001","192003","30000","1","30000","0","30000","1","1","1","IAT2805191011","NHO2018000007","PAID","","193023"),
("IATT190000336","193024","191001","192003","30000","1","30000","0","30000","1","1","1","IAT2805191011","NHO2018000007","PAID","","193024"),
("IATT190000336","193022","191001","192003","30000","1","30000","0","30000","1","1","1","IAT2805191011","NHO2018000007","PAID","","193022"),
("IATT190000336","193048","191002","192010","8000","1","8000","0","8000","1","1","1","IAT2805191011","NHO2018000007","PAID","","193048"),
("IATT190000337","193022","191001","192003","30000","1","30000","0","30000","1","1","1","IAT2805191011","NHO2018000007","PAID","","193022"),
("IATT190000337","193054","191002","192010","20000","1","20000","0","20000","1","1","1","IAT2805191011","NHO2018000007","PAID","","193054"),
("IATT190000337","193054","191002","192010","20000","1","20000","0","20000","2","1","1","IAT2805191011","NHO2018000007","PAID","","193054"),
("IATT190000337","193054","191002","192010","20000","1","20000","0","20000","3","1","1","IAT2805191011","NHO2018000007","PAID","","193054"),
("IATT190000337","193049","191002","192010","10000","1","10000","0","10000","1","1","1","IAT2805191011","NHO2018000007","PAID","","193049"),
("IATT190000337","193049","191002","192010","10000","1","10000","0","10000","2","1","1","IAT2805191011","NHO2018000007","PAID","","193049"),
("IATT190000337","193018","191001","192002","37000","1","37000","0","37000","1","1","1","IAT2805191011","NHO2018000007","PAID","","ORIGINAL"),
("IATT190000337","193018","191001","192002","37000","1","37000","0","37000","2","1","1","IAT2805191011","NHO2018000007","PAID","","ORIGINAL"),
("IATT190000337","193007","191001","192001","37000","1","37000","0","37000","1","1","1","IAT2805191011","NHO2018000007","PAID","","PEDAS"),
("IATT190000337","193011","191001","192001","40000","1","40000","0","40000","1","1","1","IAT2805191011","NHO2018000007","PAID","","PEDAS"),
("IATT190000337","193048","191002","192010","8000","1","8000","0","8000","1","1","1","IAT2805191011","NHO2018000007","PAID","","193048"),
("IATT190000337","193051","191002","192010","20000","1","20000","0","20000","1","1","1","IAT2805191011","NHO2018000007","PAID","","193051"),
("IATT190000328","193025","191001","192003","30000","1","30000","0","30000","1","1","2","IAT2805191011","NHO2018000007","PAID","MINTA CABE PISAH","193025"),
("IATT190000338","193027","191001","192003","43000","1","43000","0","43000","1","1","1","IAT2805191011","NHO2018000007","PAID","","193027"),
("IATT190000338","193028","191001","192003","43000","1","43000","0","43000","1","1","1","IAT2805191011","NHO2018000007","PAID","","193028"),
("IATT190000338","193028","191001","192003","43000","1","43000","0","43000","2","1","2","IAT2805191011","NHO2018000007","PAID","","193028"),
("IATT190000339","193022","191001","192003","30000","1","30000","0","30000","1","1","1","IAT2805191011","NHO2018000007","PAID","","193022"),
("IATT190000339","193054","191002","192010","20000","1","20000","0","20000","1","1","1","IAT2805191011","NHO2018000007","PAID","","193054"),
("IATT190000339","193024","191001","192003","30000","1","30000","0","30000","1","1","1","IAT2805191011","NHO2018000007","PAID","","193024"),
("IATT190000339","193048","191002","192010","8000","1","8000","0","8000","1","1","1","IAT2805191011","NHO2018000007","PAID","","193048"),
("IATT190000340","193001","191001","192001","30000","1","30000","0","30000","1","1","1","IAT2805191011","NHO2018000007","PAID","CHIKEN","193001"),
("IATT190000340","193022","191001","192003","30000","1","30000","0","30000","1","1","1","IAT2805191011","NHO2018000007","PAID","","193022"),
("IATT190000340","193046","191002","192010","8000","1","8000","0","8000","1","1","1","IAT2805191011","NHO2018000007","PAID","","193046"),
("IATT190000340","193037","191001","192006","36000","1","36000","0","36000","1","1","1","IAT2805191011","NHO2018000007","PAID","","ORIGINAL"),
("IATT190000340","193048","191002","192010","8000","1","8000","0","8000","1","1","1","IAT2805191011","NHO2018000007","PAID","","193048"),
("IATT190000341","193003","191001","192001","30000","1","30000","0","30000","1","1","1","IAT2805191011","NHO2018000007","PAID","","PEDAS"),
("IATT190000341","193023","191001","192003","30000","1","30000","0","30000","1","1","1","IAT2805191011","NHO2018000007","PAID","","193023"),
("IATT190000341","193051","191002","192010","20000","1","20000","0","20000","1","1","1","IAT2805191011","NHO2018000007","PAID","","193051"),
("IATT190000341","193054","191002","192010","20000","1","20000","0","20000","1","1","1","IAT2805191011","NHO2018000007","PAID","","193054"),
("IATT190000337","193024","191001","192003","30000","1","30000","0","30000","1","1","2","IAT2805191011","NHO2018000007","PAID","","193024"),
("IATT190000334","193046","191002","192010","8000","1","8000","0","8000","2","1","2","IAT2805191011","NHO2018000007","PAID","","193046"),
("IATT190000334","193055","191002","192010","17000","1","17000","0","17000","1","1","2","IAT2805191011","NHO2018000007","PAID","","193055"),
("IATT190000334","193055","191002","192010","17000","1","17000","0","17000","2","1","2","IAT2805191011","NHO2018000007","PAID","","193055"),
("IATT190000334","193050","191002","192010","20000","1","20000","0","20000","1","1","2","IAT2805191011","NHO2018000007","PAID","","193050"),
("IATT190000334","193053","191002","192010","20000","1","20000","0","20000","1","1","2","IAT2805191011","NHO2018000007","PAID","","193053"),
("IATT190000342","193022","191001","192003","30000","1","30000","0","30000","1","1","1","IAT2805191011","NHO2018000007","PAID","","193022"),
("IATT190000342","193023","191001","192003","30000","1","30000","0","30000","1","1","1","IAT2805191011","NHO2018000007","PAID","","193023"),
("IATT190000342","193051","191002","192010","20000","1","20000","0","20000","1","1","1","IAT2805191011","NHO2018000007","PAID","","193051"),
("IATT190000342","193051","191002","192010","20000","1","20000","0","20000","2","1","1","IAT2805191011","NHO2018000007","PAID","","193051"),
("IATT190000340","193047","191002","192010","8000","1","8000","0","8000","1","1","2","IAT2805191011","NHO2018000007","PAID","","193047"),
("IATT190000343","193025","191001","192003","30000","1","30000","0","30000","1","1","1","IAT2805191011","NHO2018000007","PAID","","193025"),
("IATT190000343","193003","191001","192001","30000","1","30000","0","30000","1","1","1","IAT2805191011","NHO2018000007","PAID","LEVEL 1","PEDAS"),
("IATT190000343","193025","191001","192003","30000","1","30000","0","30000","2","1","1","IAT2805191011","NHO2018000007","PAID","","193025"),
("IATT190000343","193047","191002","192010","8000","1","8000","0","8000","1","1","1","IAT2805191011","NHO2018000007","PAID","","193047"),
("IATT190000343","193049","191002","192010","10000","1","10000","0","10000","1","1","1","IAT2805191011","NHO2018000007","PAID","MINTA ES BATU","193049"),
("IATT190000344","193003","191001","192001","30000","1","30000","0","30000","1","1","1","IAT2805191011","NHO2018000007","PAID","SATU CHIKEN,SATU BEEF","PEDAS"),
("IATT190000344","193003","191001","192001","30000","1","30000","0","30000","2","1","1","IAT2805191011","NHO2018000007","PAID","","PEDAS"),
("IATT190000344","193051","191002","192010","20000","1","20000","0","20000","1","1","1","IAT2805191011","NHO2018000007","PAID","","193051"),
("IATT190000344","193051","191002","192010","20000","1","20000","0","20000","2","1","1","IAT2805191011","NHO2018000007","PAID","","193051"),
("IATT190000344","193051","191002","192010","20000","1","20000","0","20000","3","1","1","IAT2805191011","NHO2018000007","PAID","","193051"),
("IATT190000344","193035","191001","192006","32000","1","32000","0","32000","1","1","1","IAT2805191011","NHO2018000007","PAID","","ORIGINAL"),
("IATT190000334","193050","191002","192010","20000","1","20000","0","20000","2","1","3","IAT2805191011","NHO2018000007","PAID","","193050"),
("IATT190000345","193012","191001","192001","40000","1","40000","0","40000","1","1","1","IAT2805191011","NHO2018000007","PAID","PEDES BGT","193012"),
("IATT190000345","193024","191001","192003","30000","1","30000","0","30000","1","1","1","IAT2805191011","NHO2018000007","PAID","","193024"),
("IATT190000345","193048","191002","192010","8000","1","8000","0","8000","1","1","1","IAT2805191011","NHO2018000007","PAID","","193048"),
("IATT190000346","193025","191001","192003","30000","1","30000","0","30000","1","1","1","IAT2805191011","NHO2018000007","PAID","","193025"),
("IATT190000346","193047","191002","192010","8000","1","8000","0","8000","1","1","1","IAT2805191011","NHO2018000007","PAID","","193047"),
("IATT190000347","193018","191001","192002","37000","1","37000","0","37000","1","1","1","IAT2805191011","NHO2018000007","PAID","JANGAN PEDES","ORIGINAL"),
("IATT190000347","193001","191001","192001","30000","1","30000","0","30000","1","1","1","IAT2805191011","NHO2018000007","PAID","BEEF","193001"),
("IATT190000347","193056","191002","192010","17000","1","17000","0","17000","1","1","1","IAT2805191011","NHO2018000007","PAID","","193056"),
("IATT190000347","193047","191002","192010","8000","1","8000","0","8000","1","1","1","IAT2805191011","NHO2018000007","PAID","","193047"),
("IATT190000348","193024","191001","192003","30000","1","30000","0","30000","1","1","1","IAT2805191011","NHO2018000007","PAID","","193024"),
("IATT190000348","193036","191001","192006","36000","1","36000","0","36000","1","1","1","IAT2805191011","NHO2018000007","PAID","","ORIGINAL"),
("IATT190000348","193048","191002","192010","8000","1","8000","0","8000","1","1","1","IAT2805191011","NHO2018000007","PAID","","193048"),
("IATT190000348","193056","191002","192010","17000","1","17000","0","17000","1","1","1","IAT2805191011","NHO2018000007","PAID","","193056"),
("IATT190000349","193024","191001","192003","30000","1","30000","0","30000","1","1","1","IAT2805191011","NHO2018000007","PAID","","193024"),
("IATT190000349","193028","191001","192003","43000","1","43000","0","43000","1","1","1","IAT2805191011","NHO2018000007","PAID","","193028"),
("IATT190000349","193054","191002","192010","20000","1","20000","0","20000","1","1","1","IAT2805191011","NHO2018000007","PAID","","193054"),
("IATT190000349","193053","191002","192010","20000","1","20000","0","20000","1","1","1","IAT2805191011","NHO2018000007","PAID","","193053"),
("IATT190000343","193049","191002","192010","10000","1","10000","0","10000","2","1","2","IAT2805191011","NHO2018000007","PAID","","193049"),
("IATT190000350","193048","191002","192010","8000","1","8000","0","8000","1","1","1","IAT2805191011","NHO2018000007","PAID","","193048"),
("IATT190000350","193055","191002","192010","17000","1","17000","0","17000","1","1","1","IAT2805191011","NHO2018000007","PAID","","193055"),
("IATT190000351","193003","191001","192001","30000","1","30000","0","30000","1","1","1","IAT2805191011","NHO2018000007","PAID","BEEF","ORIGINAL"),
("IATT190000351","193003","191001","192001","30000","1","30000","0","30000","2","1","1","IAT2805191011","NHO2018000007","PAID","","ORIGINAL"),
("IATT190000351","193054","191002","192010","20000","1","20000","0","20000","1","1","1","IAT2805191011","NHO2018000007","PAID","","193054"),
("IATT190000351","193054","191002","192010","20000","1","20000","0","20000","2","1","1","IAT2805191011","NHO2018000007","PAID","","193054"),
("IATT190000351","193054","191002","192010","20000","1","20000","0","20000","3","1","1","IAT2805191011","NHO2018000007","PAID","","193054"),
("IATT190000351","193054","191002","192010","20000","1","20000","0","20000","4","1","1","IAT2805191011","NHO2018000007","PAID","","193054"),
("IATT190000351","193024","191001","192003","30000","1","30000","0","30000","1","1","1","IAT2805191011","NHO2018000007","PAID","","193024"),
("IATT190000351","193050","191002","192010","20000","1","20000","0","20000","1","1","1","IAT2805191011","NHO2018000007","PAID","","193050"),
("IATT190000351","193014","191001","192002","33000","1","33000","0","33000","1","1","1","IAT2805191011","NHO2018000007","PAID","BEEF","193014"),
("IATT190000351","193022","191001","192003","30000","1","30000","0","30000","1","1","1","IAT2805191011","NHO2018000007","PAID","","193022"),
("IATT190000345","193023","191001","192003","30000","1","30000","0","30000","1","1","2","IAT2805191011","NHO2018000007","PAID","","193023"),
("IATT190000352","193018","191001","192002","37000","1","37000","0","37000","1","1","1","IAT2805191011","NHO2018000007","PAID","","ORIGINAL"),
("IATT190000353","193024","191001","192003","30000","1","30000","0","30000","1","1","1","IAT2805191011","NHO2018000007","PAID","","193024"),
("IATT190000354","193008","191001","192001","37000","1","37000","0","37000","1","1","1","IAT2805191011","NHO2018000007","PAID","","193008"),
("IATT190000354","193002","191001","192001","30000","1","30000","0","30000","1","1","1","IAT2805191011","NHO2018000007","PAID","BEEF","193002"),
("IATT190000354","193047","191002","192010","8000","1","8000","0","8000","1","1","1","IAT2805191011","NHO2018000007","PAID","","193047"),
("IATT190000354","193055","191002","192010","17000","1","17000","0","17000","1","1","1","IAT2805191011","NHO2018000007","PAID","","193055"),
("IATT190000352","193050","191002","192010","20000","1","20000","0","20000","1","1","2","IAT2805191011","NHO2018000007","PAID","","193050"),
("IATT190000352","193003","191001","192001","30000","1","30000","0","30000","1","1","3","IAT2805191011","NHO2018000007","PAID","CHIKEN LEVEL 2","PEDAS"),
("IATT190000355","193035","191001","192006","32000","1","32000","0","32000","1","1","1","IAT2805191011","NHO2018000007","PAID","  TELITI YA ","ORIGINAL"),
("IATT190000355","193046","191002","192010","8000","1","8000","0","8000","1","1","1","IAT2805191011","NHO2018000007","PAID","","193046"),
("IATT190000355","193047","191002","192010","8000","1","8000","0","8000","1","1","1","IAT2805191011","NHO2018000007","PAID","","193047"),
("IATT190000356","193010","191001","192001","40000","1","40000","0","40000","1","1","1","IAT2805191011","NHO2018000007","PAID","","193010"),
("IATT190000356","193047","191002","192010","8000","1","8000","0","8000","1","1","1","IAT2805191011","NHO2018000007","PAID","","193047"),
("IATT190000356","193047","191002","192010","8000","1","8000","0","8000","2","1","1","IAT2805191011","NHO2018000007","PAID","","193047"),
("IATT190000356","193047","191002","192010","8000","1","8000","0","8000","3","1","1","IAT2805191011","NHO2018000007","PAID","","193047"),
("IATT190000356","193035","191001","192006","32000","1","32000","0","32000","1","1","2","IAT2805191011","NHO2018000007","PAID","","ORIGINAL"),
("IATT190000357","193023","191001","192003","30000","1","30000","0","30000","1","1","1","IAT2805191011","NHO2018000007","PAID","","193023"),
("IATT190000357","193047","191002","192010","8000","1","8000","0","8000","1","1","1","IAT2805191011","NHO2018000007","PAID","","193047"),
("IATT190000358","193046","191002","192010","8000","1","8000","0","8000","1","1","1","IAT2805191011","NHO2018000007","PAID","","193046"),
("IATT190000358","193047","191002","192010","8000","1","8000","0","8000","1","1","1","IAT2805191011","NHO2018000007","PAID","","193047"),
("IATT190000359","193021","191001","192002","40000","1","40000","0","40000","1","1","1","IAT2805191011","NHO2018000007","PAID","","ORIGINAL"),
("IATT190000359","193047","191002","192010","8000","1","8000","0","8000","1","1","1","IAT2805191011","NHO2018000007","PAID","","193047"),
("IATT190000359","193050","191002","192010","20000","1","20000","0","20000","1","1","1","IAT2805191011","NHO2018000007","PAID","","193050"),
("IATT190000360","193011","191001","192001","40000","1","40000","0","40000","1","1","1","IAT2805191011","NHO2018000007","PAID","","PEDAS"),
("IATT190000360","193050","191002","192010","20000","1","20000","0","20000","1","1","1","IAT2805191011","NHO2018000007","PAID","","193050"),
("IATT190000360","193055","191002","192010","17000","1","17000","0","17000","1","1","1","IAT2805191011","NHO2018000007","PAID","","193055"),
("IATT190000360","193048","191002","192010","8000","1","8000","0","8000","1","1","1","IAT2805191011","NHO2018000007","PAID","","193048"),
("IATT190000360","193048","191002","192010","8000","1","8000","0","8000","2","1","1","IAT2805191011","NHO2018000007","PAID","","193048"),
("IATT190000360","193032","191001","192004","30000","1","30000","0","30000","1","1","1","IAT2805191011","NHO2018000007","PAID","","193032"),
("IATT190000360","193049","191002","192010","10000","1","10000","0","10000","1","1","1","IAT2805191011","NHO2018000007","PAID","","193049"),
("IATT190000345","193047","191002","192010","8000","1","8000","0","8000","1","1","3","IAT2805191011","NHO2018000007","PAID","","193047"),
("IATT190000357","193047","191002","192010","8000","1","8000","0","8000","2","1","2","IAT2805191011","NHO2018000007","PAID","","193047"),
("IATT190000360","193036","191001","192006","36000","1","36000","0","36000","1","1","2","IAT2805191011","NHO2018000007","PAID","LEVEL 1\n","PEDAS"),
("IATT190000358","193023","191001","192003","30000","1","30000","0","30000","1","1","2","IAT2805191011","NHO2018000007","PAID","","193023"),
("IATT190000358","193003","191001","192001","30000","1","30000","0","30000","1","1","2","IAT2805191011","NHO2018000007","PAID"," CHIKEN","PEDAS"),
("IATT190000358","193007","191001","192001","37000","1","37000","0","37000","1","1","2","IAT2805191011","NHO2018000007","PAID","","PEDAS"),
("IATT190000358","193011","191001","192001","40000","1","40000","0","40000","1","1","2","IAT2805191011","NHO2018000007","PAID","","PEDAS"),
("IATT190000358","193055","191002","192010","17000","1","17000","0","17000","1","1","2","IAT2805191011","NHO2018000007","PAID","","193055"),
("IATT190000358","193050","191002","192010","20000","1","20000","0","20000","1","1","2","IAT2805191011","NHO2018000007","PAID","","193050"),
("IATT190000358","193050","191002","192010","20000","1","20000","0","20000","2","1","2","IAT2805191011","NHO2018000007","PAID","","193050"),
("IATT190000361","193012","191001","192001","40000","1","40000","0","40000","1","1","1","IAT2805191011","NHO2018000007","PAID","PEDES LEVEL 1","193012"),
("IATT190000361","193032","191001","192004","30000","1","30000","0","30000","1","1","1","IAT2805191011","NHO2018000007","PAID","","193032"),
("IATT190000361","193033","191001","192005","42000","1","42000","0","42000","1","1","1","IAT2805191011","NHO2018000007","PAID","","193033"),
("IATT190000361","193047","191002","192010","8000","1","8000","0","8000","1","1","1","IAT2805191011","NHO2018000007","PAID","","193047"),
("IATT190000361","193053","191002","192010","20000","1","20000","0","20000","1","1","1","IAT2805191011","NHO2018000007","PAID","","193053"),
("IATT190000362","193003","191001","192001","30000","1","30000","0","30000","1","1","1","IAT2805191011","NHO2018000007","PAID"," CHIKEN","PEDAS"),
("IATT190000362","193041","191001","192008","20000","1","20000","0","20000","1","1","1","IAT2805191011","NHO2018000007","PAID","","193041"),
("IATT190000362","193023","191001","192003","30000","1","30000","0","30000","1","1","1","IAT2805191011","NHO2018000007","PAID","","193023"),
("IATT190000362","193047","191002","192010","8000","1","8000","0","8000","1","1","1","IAT2805191011","NHO2018000007","PAID","","193047"),
("IATT190000362","193048","191002","192010","8000","1","8000","0","8000","1","1","1","IAT2805191011","NHO2018000007","PAID","","193048"),
("IATT190000363","193047","191002","192010","8000","1","8000","0","8000","1","1","1","IAT2805191011","NHO2018000007","PAID","","193047"),
("IATT190000363","193047","191002","192010","8000","1","8000","0","8000","2","1","1","IAT2805191011","NHO2018000007","PAID","","193047"),
("IATT190000363","193009","191001","192001","40000","1","40000","0","40000","1","1","1","IAT2805191011","NHO2018000007","PAID","","193009"),
("IATT190000363","193032","191001","192004","30000","1","30000","0","30000","1","1","1","IAT2805191011","NHO2018000007","PAID","","193032"),
("IATT190000362","193047","191002","192010","8000","1","8000","0","8000","2","1","2","IAT2805191011","NHO2018000007","PAID","","193047"),
("IATT190000358","193048","191002","192010","8000","1","8000","0","8000","1","1","3","IAT2805191011","NHO2018000007","PAID","","193048"),
("IATT190000364","193066","191003","192011","0","1","0","0","0","1","1","1","IAT2805191011","NHO2018000007","PAID","","193066"),
("IATT190000364","193066","191003","192011","0","1","0","0","0","2","1","1","IAT2805191011","NHO2018000007","PAID","","193066"),
("IATT190000364","193066","191003","192011","0","1","0","0","0","3","1","1","IAT2805191011","NHO2018000007","PAID","","193066"),
("IATT190000364","193066","191003","192011","0","1","0","0","0","4","1","1","IAT2805191011","NHO2018000007","PAID","","193066"),
("IATT190000364","193066","191003","192011","0","1","0","0","0","5","1","1","IAT2805191011","NHO2018000007","PAID","","193066"),
("IATT190000364","193066","191003","192011","0","1","0","0","0","6","1","1","IAT2805191011","NHO2018000007","PAID","","193066"),
("IATT190000364","193066","191003","192011","0","1","0","0","0","7","1","1","IAT2805191011","NHO2018000007","PAID","","193066"),
("IATT190000364","193066","191003","192011","0","1","0","0","0","8","1","1","IAT2805191011","NHO2018000007","PAID","","193066"),
("IATT190000364","193066","191003","192011","0","1","0","0","0","9","1","1","IAT2805191011","NHO2018000007","PAID","","193066"),
("IATT190000364","193066","191003","192011","0","1","0","0","0","10","1","1","IAT2805191011","NHO2018000007","PAID","","193066"),
("IATT190000364","193066","191003","192011","0","1","0","0","0","10","1","1","IAT2805191011","NHO2018000007","PAID","","193066"),
("IATT190000364","193066","191003","192011","0","1","0","0","0","10","1","1","IAT2805191011","NHO2018000007","PAID","","193066"),
("IATT190000364","193066","191003","192011","0","1","0","0","0","10","1","1","IAT2805191011","NHO2018000007","PAID","","193066"),
("IATT190000364","193066","191003","192011","0","1","0","0","0","10","1","1","IAT2805191011","NHO2018000007","PAID","","193066"),
("IATT190000364","193066","191003","192011","0","1","0","0","0","10","1","1","IAT2805191011","NHO2018000007","PAID","","193066"),
("IATT190000364","193066","191003","192011","0","1","0","0","0","10","1","1","IAT2805191011","NHO2018000007","PAID","","193066"),
("IATT190000364","193066","191003","192011","0","1","0","0","0","10","1","1","IAT2805191011","NHO2018000007","PAID","","193066"),
("IATT190000364","193066","191003","192011","0","1","0","0","0","10","1","1","IAT2805191011","NHO2018000007","PAID","","193066"),
("IATT190000364","193066","191003","192011","0","1","0","0","0","10","1","1","IAT2805191011","NHO2018000007","PAID","","193066"),
("IATT190000364","193066","191003","192011","0","1","0","0","0","10","1","1","IAT2805191011","NHO2018000007","PAID","","193066"),
("IATT190000364","193066","191003","192011","0","1","0","0","0","10","1","1","IAT2805191011","NHO2018000007","PAID","","193066"),
("IATT190000364","193066","191003","192011","0","1","0","0","0","10","1","1","IAT2805191011","NHO2018000007","PAID","","193066"),
("IATT190000364","193066","191003","192011","0","1","0","0","0","10","1","1","IAT2805191011","NHO2018000007","PAID","","193066"),
("IATT190000364","193066","191003","192011","0","1","0","0","0","10","1","1","IAT2805191011","NHO2018000007","PAID","","193066"),
("IATT190000364","193066","191003","192011","0","1","0","0","0","10","1","1","IAT2805191011","NHO2018000007","PAID","","193066"),
("IATT190000364","193066","191003","192011","0","1","0","0","0","10","1","1","IAT2805191011","NHO2018000007","PAID","","193066"),
("IATT190000364","193066","191003","192011","0","1","0","0","0","10","1","1","IAT2805191011","NHO2018000007","PAID","","193066"),
("IATT190000364","193066","191003","192011","0","1","0","0","0","10","1","1","IAT2805191011","NHO2018000007","PAID","","193066"),
("IATT190000364","193066","191003","192011","0","1","0","0","0","10","1","1","IAT2805191011","NHO2018000007","PAID","","193066"),
("IATT190000364","193066","191003","192011","0","1","0","0","0","10","1","1","IAT2805191011","NHO2018000007","PAID","","193066"),
("IATT190000364","193066","191003","192011","0","1","0","0","0","10","1","1","IAT2805191011","NHO2018000007","PAID","","193066"),
("IATT190000364","193066","191003","192011","0","1","0","0","0","10","1","1","IAT2805191011","NHO2018000007","PAID","","193066"),
("IATT190000365","193003","191001","192001","30000","1","30000","0","30000","1","1","1","IAT2805191011","NHO2018000007","PAID","CHIKEN","PEDAS"),
("IATT190000365","193007","191001","192001","37000","1","37000","0","37000","1","1","1","IAT2805191011","NHO2018000007","PAID","","PEDAS"),
("IATT190000365","193046","191002","192010","8000","1","8000","0","8000","1","1","1","IAT2805191011","NHO2018000007","PAID","","193046"),
("IATT190000365","193046","191002","192010","8000","1","8000","0","8000","2","1","1","IAT2805191011","NHO2018000007","PAID","","193046");



INSERT INTO pos_salestemp VALUES("IATT190000315","","1","41000","0","4100","0","45100","100500","28/05/2019","11:23","28/05/2019","12:02:15","ISU000012","tbl0012","CLOSED","1","","IATR190000301","","","","","IAT2805191011","NHO2018000007"),
("IATT190000316","","1","48000","0","4800","0","52800","103000","28/05/2019","11:48","28/05/2019","12:29:56","ISU000012","tbl0010","CLOSED","1","","IATR190000302","","","","","IAT2805191011","NHO2018000007"),
("IATT190000317","","1","38000","0","3800","0","41800","52000","28/05/2019","12:07","28/05/2019","12:41:14","ISU000012","tbl0012","CLOSED","1","","IATR190000303","","","","","IAT2805191011","NHO2018000007"),
("IATT190000318","","1","47000","0","4700","0","51700","102000","28/05/2019","13:10","28/05/2019","13:33:51","ISU000012","tbl0013","CLOSED","1","","IATR190000304","","","","","IAT2805191011","NHO2018000007"),
("IATT190000319","","1","30000","0","3000","0","33000","100000","28/05/2019","14:35","28/05/2019","15:18:37","ISU000012","tbl0050","CLOSED","1","","IATR190000305","","","","","IAT2805191011","NHO2018000007"),
("IATT190000320","","3","44000","0","4400","0","48400","50000","28/05/2019","16:09","28/05/2019","16:36:49","ISU000012","tbl0012","CLOSED","1","","IATR190000306","","","","","IAT2805191011","NHO2018000007"),
("IATT190000321","","3","164000","0","16400","0","180400","200000","28/05/2019","16:57","28/05/2019","18:07:56","ISU000012","tbl0011","CLOSED","1","","IATR190000313","","","","","IAT2805191011","NHO2018000007"),
("IATT190000322","","2","80000","0","8000","0","88000","100000","28/05/2019","17:00","28/05/2019","18:06:15","ISU000012","tbl0012","CLOSED","1","","IATR190000312","","","","","IAT2805191011","NHO2018000007"),
("IATT190000323","","2","94000","0","9400","0","103400","103400","28/05/2019","17:05","28/05/2019","18:26:18","ISU000012","tbl0010","CLOSED","1","","IATR190000318","","","","","IAT2805191011","NHO2018000007"),
("IATT190000324","","1","56000","0","5600","0","61600","61600","28/05/2019","17:10","28/05/2019","17:56:23","ISU000012","tbl0009","CLOSED","1","","IATR190000308","","","","","IAT2805191011","NHO2018000007"),
("IATT190000325","","2","128000","0","12800","0","140800","140800","28/05/2019","17:25","28/05/2019","17:57:24","ISU000012","tbl0004","CLOSED","1","","IATR190000309","","","","","IAT2805191011","NHO2018000007"),
("IATT190000326","","2","106000","0","10600","0","116600","116600","28/05/2019","17:28","28/05/2019","18:05:06","ISU000012","tbl0013","CLOSED","1","","IATR190000311","","","","","IAT2805191011","NHO2018000007"),
("IATT190000327","","3","133000","0","13300","0","146300","147000","28/05/2019","17:32","28/05/2019","18:17:42","ISU000012","tbl0019","CLOSED","1","","IATR190000315","","","","","IAT2805191011","NHO2018000007"),
("IATT190000328","","2","149000","0","14900","0","163900","165000","28/05/2019","17:36","28/05/2019","18:28:30","ISU000012","tbl0017","CLOSED","1","","IATR190000319","","","","","IAT2805191011","NHO2018000007"),
("IATT190000329","","1","46000","0","4600","0","50600","100000","28/05/2019","17:37","28/05/2019","18:37:35","ISU000012","tbl0007","CLOSED","1","","IATR190000322","","","","","IAT2805191011","NHO2018000007"),
("IATT190000330","","2","37000","0","3700","0","40700","100000","28/05/2019","17:39","28/05/2019","18:19:26","ISU000012","tbl0024","CLOSED","1","","IATR190000316","","","","","IAT2805191011","NHO2018000007"),
("IATT190000331","","2","121000","0","12100","0","133100","133100","28/05/2019","17:40","28/05/2019","19:22:37","ISU000004","tbl0020","CLOSED","1","","IATR190000335","","","","","IAT2805191011","NHO2018000007"),
("IATT190000332","","2","80000","0","8000","0","88000","100000","28/05/2019","17:42","28/05/2019","18:20:33","ISU000012","tbl0008","CLOSED","1","","IATR190000317","","","","","IAT2805191011","NHO2018000007"),
("IATT190000333","","2","121000","0","12100","0","133100","133100","28/05/2019","17:45","28/05/2019","18:11:57","ISU000012","tbl0006","CLOSED","1","","IATR190000314","","","","","IAT2805191011","NHO2018000007"),
("IATT190000334","","0","539000","0","53900","0","592900","592900","28/05/2019","17:49","28/05/2019","19:11:46","ISU000004","tbl0023","CLOSED","1","","IATR190000331","","","","","IAT2805191011","NHO2018000007"),
("IATT190000335","","2","121000","0","12100","0","133100","150100","28/05/2019","17:51","28/05/2019","18:34:22","ISU000012","tbl0005","CLOSED","1","","IATR190000321","","","","","IAT2805191011","NHO2018000007"),
("IATT190000336","","2","68000","0","6800","0","74800","100000","28/05/2019","17:52","28/05/2019","17:53:28","ISU000012","tbl0001","CLOSED","1","","IATR190000307","","","","","IAT2805191011","NHO2018000007"),
("IATT190000337","","5","319000","0","31900","0","350900","370000","28/05/2019","17:54","28/05/2019","18:54:21","ISU000012","tbl0022","CLOSED","1","","IATR190000324","","","","","IAT2805191011","NHO2018000007"),
("IATT190000338","","2","129000","0","12900","0","141900","150000","28/05/2019","17:58","28/05/2019","17:59:32","ISU000012","tbl0003","CLOSED","1","","IATR190000310","","","","","IAT2805191011","NHO2018000007"),
("IATT190000339","","2","88000","0","8800","0","96800","96800","28/05/2019","18:00","28/05/2019","18:53:33","ISU000012","tbl0016","CLOSED","1","","IATR190000323","","","","","IAT2805191011","NHO2018000007"),
("IATT190000340","","2","120000","0","12000","0","132000","200000","28/05/2019","18:00","28/05/2019","19:02:05","ISU000012","tbl0021","CLOSED","1","","IATR190000327","","","","","IAT2805191011","NHO2018000007"),
("IATT190000341","","2","100000","0","10000","0","110000","110000","28/05/2019","18:01","28/05/2019","18:31:37","ISU000012","tbl0014","CLOSED","1","","IATR190000320","","","","","IAT2805191011","NHO2018000007"),
("IATT190000342","","2","100000","0","10000","0","110000","110000","28/05/2019","18:08","28/05/2019","19:03:07","ISU000012","tbl0015","CLOSED","1","","IATR190000328","","","","","IAT2805191011","NHO2018000007"),
("IATT190000343","","1","118000","0","11800","0","129800","150000","28/05/2019","18:15","28/05/2019","19:08:05","ISU000004","tbl0012","CLOSED","1","","IATR190000330","","","","","IAT2805191011","NHO2018000007"),
("IATT190000344","","3","152000","0","15200","0","167200","200000","28/05/2019","18:20","28/05/2019","19:06:11","ISU000004","tbl0013","CLOSED","1","","IATR190000329","","","","","IAT2805191011","NHO2018000007"),
("IATT190000345","","2","116000","0","11600","0","127600","130000","28/05/2019","18:22","28/05/2019","19:53:14","ISU000004","tbl0011","CLOSED","1","","IATR190000340","","","","","IAT2805191011","NHO2018000007"),
("IATT190000346","","1","38000","0","3800","0","41800","100000","28/05/2019","18:29","28/05/2019","18:59:49","ISU000012","tbl0050","CLOSED","1","","IATR190000326","","","","","IAT2805191011","NHO2018000007"),
("IATT190000347","","2","92000","0","9200","0","101200","101200","28/05/2019","18:29","28/05/2019","19:21:15","ISU000004","tbl0006","CLOSED","1","","IATR190000334","","","","","IAT2805191011","NHO2018000007"),
("IATT190000348","","2","91000","0","9100","0","100100","100100","28/05/2019","18:31","28/05/2019","19:16:09","ISU000004","tbl0009","CLOSED","1","","IATR190000332","","","","","IAT2805191011","NHO2018000007"),
("IATT190000349","","2","113000","0","11300","0","124300","150000","28/05/2019","18:32","28/05/2019","19:17:22","ISU000004","tbl0008","CLOSED","1","","IATR190000333","","","","","IAT2805191011","NHO2018000007"),
("IATT190000350","","2","25000","0","2500","0","27500","27500","28/05/2019","18:35","28/05/2019","18:59:15","ISU000012","tbl0019","CLOSED","1","","IATR190000325","","","","","IAT2805191011","NHO2018000007"),
("IATT190000351","","0","253000","0","25300","0","278300","300000","28/05/2019","18:45","28/05/2019","19:27:42","ISU000004","tbl0010","CLOSED","1","","IATR190000337","","","","","IAT2805191011","NHO2018000007"),
("IATT190000352","","1","87000","0","8700","0","95700","95700","28/05/2019","18:55","28/05/2019","20:28:33","ISU000004","tbl0024","CLOSED","1","","IATR190000344","","","","","IAT2805191011","NHO2018000007"),
("IATT190000353","","1","30000","0","3000","0","33000","50000","28/05/2019","19:01","28/05/2019","19:26:20","ISU000004","tbl0001","CLOSED","1","","IATR190000336","","","","","IAT2805191011","NHO2018000007"),
("IATT190000354","","2","92000","0","9200","0","101200","101200","28/05/2019","19:03","28/05/2019","19:48:19","ISU000004","tbl0007","CLOSED","1","","IATR190000339","","","","","IAT2805191011","NHO2018000007"),
("IATT190000355","","2","48000","0","4800","0","52800","100000","28/05/2019","19:18","28/05/2019","19:30:46","ISU000004","tbl0004","CLOSED","1","","IATR190000338","","","","","IAT2805191011","NHO2018000007"),
("IATT190000356","","2","96000","0","9600","0","105600","105600","28/05/2019","19:19","28/05/2019","19:56:38","ISU000004","tbl0012","CLOSED","1","","IATR190000341","","","","","IAT2805191011","NHO2018000007"),
("IATT190000357","","1","46000","0","4600","0","50600","52000","28/05/2019","19:24","28/05/2019","19:57:46","ISU000004","tbl0013","CLOSED","1","","IATR190000342","","","","","IAT2805191011","NHO2018000007"),
("IATT190000358","","1","218000","0","21800","0","239800","250000","28/05/2019","19:33","28/05/2019","21:13:17","ISU000004","tbl0010","CLOSED","1","","IATR190000350","","","","","IAT2805191011","NHO2018000007"),
("IATT190000359","","2","68000","0","6800","0","74800","74800","28/05/2019","19:36","28/05/2019","20:00:45","ISU000004","tbl0009","CLOSED","1","","IATR190000343","","","","","IAT2805191011","NHO2018000007"),
("IATT190000360","","0","169000","0","16900","0","185900","185900","28/05/2019","19:46","28/05/2019","20:35:05","ISU000004","tbl0020","CLOSED","1","","IATR190000345","","","","","IAT2805191011","NHO2018000007"),
("IATT190000361","","2","140000","0","14000","0","154000","155000","28/05/2019","20:17","28/05/2019","21:00:23","ISU000004","tbl0012","CLOSED","1","","IATR190000349","","","","","IAT2805191011","NHO2018000007"),
("IATT190000362","","2","104000","0","10400","0","114400","114400","28/05/2019","20:24","28/05/2019","20:56:41","ISU000004","tbl0011","CLOSED","1","","IATR190000347","","","","","IAT2805191011","NHO2018000007"),
("IATT190000363","","2","86000","0","8600","0","94600","100000","28/05/2019","20:29","28/05/2019","20:58:35","ISU000004","tbl0006","CLOSED","1","","IATR190000348","","","","","IAT2805191011","NHO2018000007"),
("IATT190000364","","0","0","0","0","0","0","0","28/05/2019","20:50","28/05/2019","20:50:54","ISU000004","tbl0050","CLOSED","1","","IATR190000346","","","","","IAT2805191011","NHO2018000007"),
("IATT190000365","","2","83000","0","8300","0","91300","100000","28/05/2019","20:57","28/05/2019","21:23:45","ISU000004","tbl0023","CLOSED","1","","IATR190000351","","","","","IAT2805191011","NHO2018000007");



INSERT INTO item_void VALUES("IATT190000340","IAT2805191011","NHO2018000007","193055","193055","1","17000","Before Send","Komplen Customer"),
("IATT190000330","IAT2805191011","NHO2018000007","193001","193001","1","30000","Before Send","Komplen Customer"),
("IATT190000330","IAT2805191011","NHO2018000007","193001","193001","1","30000","Before Send","Komplen Customer"),
("IATT190000339","IAT2805191011","NHO2018000007","193038","ORIGINAL","1","36000","Before Send","Komplen Customer"),
("IATT190000350","IAT2805191011","NHO2018000007","193005","193005","1","37000","Before Send","Komplen Customer"),
("IATT190000350","IAT2805191011","NHO2018000007","193011","PEDAS","1","40000","Before Send","Komplen Customer"),
("IATT190000352","IAT2805191011","NHO2018000007","193054","193054","1","20000","Before Send","Komplen Customer"),
("IATT190000355","IAT2805191011","NHO2018000007","193029","193029","1","27000","Before Send","Komplen Customer"),
("IATT190000356","IAT2805191011","NHO2018000007","193022","193022","1","30000","Before Send","Komplen Customer"),
("IATT190000345","IAT2805191011","NHO2018000007","193047","193047","1","8000","Before Send","Salah Order"),
("IATT190000345","IAT2805191011","NHO2018000007","193048","193048","1","8000","Before Send","Salah Order");









INSERT INTO pos_paymenttemp VALUES("IATT190000315","CASH","CASH","45100","100500","ISU000012","2019-05-28","","1","","CLOSED","IAT2805191011","NHO2018000007"),
("IATT190000316","CASH","CASH","52800","103000","ISU000012","2019-05-28","","1","","CLOSED","IAT2805191011","NHO2018000007"),
("IATT190000317","CASH","CASH","41800","52000","ISU000012","2019-05-28","","1","","CLOSED","IAT2805191011","NHO2018000007"),
("IATT190000318","CASH","CASH","51700","102000","ISU000012","2019-05-28","","1","","CLOSED","IAT2805191011","NHO2018000007"),
("IATT190000319","CASH","CASH","33000","100000","ISU000012","2019-05-28","","1","","CLOSED","IAT2805191011","NHO2018000007"),
("IATT190000320","CASH","CASH","48400","50000","ISU000012","2019-05-28","","1","","CLOSED","IAT2805191011","NHO2018000007"),
("IATT190000336","CASH","CASH","74800","100000","ISU000012","2019-05-28","","1","","CLOSED","IAT2805191011","NHO2018000007"),
("IATT190000324","CARD","VISA","61600","61600","ISU000012","2019-05-28","","1","","CLOSED","IAT2805191011","NHO2018000007"),
("IATT190000325","CARD","DEBIT BCA","140800","140800","ISU000012","2019-05-28","","1","","CLOSED","IAT2805191011","NHO2018000007"),
("IATT190000338","CASH","CASH","141900","150000","ISU000012","2019-05-28","","1","","CLOSED","IAT2805191011","NHO2018000007"),
("IATT190000326","CARD","DEBIT BCA","116600","116600","ISU000012","2019-05-28","","1","","CLOSED","IAT2805191011","NHO2018000007"),
("IATT190000322","CASH","CASH","88000","100000","ISU000012","2019-05-28","","1","","CLOSED","IAT2805191011","NHO2018000007"),
("IATT190000321","CASH","CASH","180400","200000","ISU000012","2019-05-28","","1","","CLOSED","IAT2805191011","NHO2018000007"),
("IATT190000333","CARD","DEBIT BCA","133100","133100","ISU000012","2019-05-28","","1","","CLOSED","IAT2805191011","NHO2018000007"),
("IATT190000327","CASH","CASH","146300","147000","ISU000012","2019-05-28","","1","","CLOSED","IAT2805191011","NHO2018000007"),
("IATT190000330","CASH","CASH","40700","100000","ISU000012","2019-05-28","","1","","CLOSED","IAT2805191011","NHO2018000007"),
("IATT190000332","CASH","CASH","88000","100000","ISU000012","2019-05-28","","1","","CLOSED","IAT2805191011","NHO2018000007"),
("IATT190000323","CARD","DEBIT BCA","103400","103400","ISU000012","2019-05-28","","1","","CLOSED","IAT2805191011","NHO2018000007"),
("IATT190000328","CASH","CASH","163900","165000","ISU000012","2019-05-28","","1","","CLOSED","IAT2805191011","NHO2018000007"),
("IATT190000341","CARD","DEBIT BCA","110000","110000","ISU000012","2019-05-28","","1","","CLOSED","IAT2805191011","NHO2018000007"),
("IATT190000335","CASH","CASH","133100","150100","ISU000012","2019-05-28","","1","","CLOSED","IAT2805191011","NHO2018000007"),
("IATT190000329","CASH","CASH","50600","100000","ISU000012","2019-05-28","","1","","CLOSED","IAT2805191011","NHO2018000007"),
("IATT190000339","CARD","DEBIT BCA","96800","96800","ISU000012","2019-05-28","","1","","CLOSED","IAT2805191011","NHO2018000007"),
("IATT190000337","CASH","CASH","350900","370000","ISU000012","2019-05-28","","1","","CLOSED","IAT2805191011","NHO2018000007"),
("IATT190000350","CASH","CASH","27500","27500","ISU000012","2019-05-28","","1","","CLOSED","IAT2805191011","NHO2018000007"),
("IATT190000346","CASH","CASH","41800","100000","ISU000012","2019-05-28","","1","","CLOSED","IAT2805191011","NHO2018000007"),
("IATT190000340","CASH","CASH","132000","200000","ISU000012","2019-05-28","","1","","CLOSED","IAT2805191011","NHO2018000007"),
("IATT190000342","CASH","CASH","110000","110000","ISU000012","2019-05-28","","1","","CLOSED","IAT2805191011","NHO2018000007"),
("IATT190000344","CASH","CASH","167200","200000","ISU000004","2019-05-28","","1","","CLOSED","IAT2805191011","NHO2018000007"),
("IATT190000343","CASH","CASH","129800","150000","ISU000004","2019-05-28","","1","","CLOSED","IAT2805191011","NHO2018000007"),
("IATT190000334","CARD","MASTER","592900","592900","ISU000004","2019-05-28","","1","","CLOSED","IAT2805191011","NHO2018000007"),
("IATT190000348","CARD","DEBIT BCA","100100","100100","ISU000004","2019-05-28","","1","","CLOSED","IAT2805191011","NHO2018000007"),
("IATT190000349","CASH","CASH","124300","150000","ISU000004","2019-05-28","","1","","CLOSED","IAT2805191011","NHO2018000007"),
("IATT190000347","CASH","CASH","101200","101200","ISU000004","2019-05-28","","1","","CLOSED","IAT2805191011","NHO2018000007"),
("IATT190000331","CARD","VISA","133100","133100","ISU000004","2019-05-28","","1","","CLOSED","IAT2805191011","NHO2018000007"),
("IATT190000353","CASH","CASH","33000","50000","ISU000004","2019-05-28","","1","","CLOSED","IAT2805191011","NHO2018000007"),
("IATT190000351","CASH","CASH","278300","300000","ISU000004","2019-05-28","","1","","CLOSED","IAT2805191011","NHO2018000007"),
("IATT190000355","CASH","CASH","52800","100000","ISU000004","2019-05-28","","1","","CLOSED","IAT2805191011","NHO2018000007"),
("IATT190000354","CARD","VISA","101200","101200","ISU000004","2019-05-28","","1","","CLOSED","IAT2805191011","NHO2018000007"),
("IATT190000345","CASH","CASH","127600","130000","ISU000004","2019-05-28","","1","","CLOSED","IAT2805191011","NHO2018000007"),
("IATT190000356","CARD","MASTER","105600","105600","ISU000004","2019-05-28","","1","","CLOSED","IAT2805191011","NHO2018000007"),
("IATT190000357","CASH","CASH","50600","52000","ISU000004","2019-05-28","","1","","CLOSED","IAT2805191011","NHO2018000007"),
("IATT190000359","CARD","MASTER","74800","74800","ISU000004","2019-05-28","","1","","CLOSED","IAT2805191011","NHO2018000007"),
("IATT190000352","CARD","MASTER","95700","95700","ISU000004","2019-05-28","","1","","CLOSED","IAT2805191011","NHO2018000007"),
("IATT190000360","CARD","DEBIT BCA","185900","185900","ISU000004","2019-05-28","","1","","CLOSED","IAT2805191011","NHO2018000007"),
("IATT190000362","CARD","DEBIT BCA","114400","114400","ISU000004","2019-05-28","","1","","CLOSED","IAT2805191011","NHO2018000007"),
("IATT190000363","CASH","CASH","94600","100000","ISU000004","2019-05-28","","1","","CLOSED","IAT2805191011","NHO2018000007"),
("IATT190000361","CASH","CASH","154000","155000","ISU000004","2019-05-28","","1","","CLOSED","IAT2805191011","NHO2018000007"),
("IATT190000358","CASH","CASH","239800","250000","ISU000004","2019-05-28","","1","","CLOSED","IAT2805191011","NHO2018000007"),
("IATT190000365","CASH","CASH","91300","100000","ISU000004","2019-05-28","","1","","CLOSED","IAT2805191011","NHO2018000007");



