INSERT INTO pos_itemtemp VALUES("IATT190000475","193024","191001","192003","30000","1","30000","0","30000","1","1","1","IAT3105191013","NHO2018000007","PAID","","193024"),
("IATT190000475","193024","191001","192003","30000","1","30000","0","30000","2","1","1","IAT3105191013","NHO2018000007","PAID","","193024"),
("IATT190000475","193024","191001","192003","30000","1","30000","0","30000","3","1","1","IAT3105191013","NHO2018000007","PAID","","193024"),
("IATT190000475","193022","191001","192003","30000","1","30000","0","30000","1","1","1","IAT3105191013","NHO2018000007","PAID","","193022"),
("IATT190000475","193028","191001","192003","43000","1","43000","0","43000","1","1","1","IAT3105191013","NHO2018000007","PAID","","193028"),
("IATT190000475","193047","191002","192010","8000","1","8000","0","8000","1","1","1","IAT3105191013","NHO2018000007","PAID","","193047"),
("IATT190000475","193047","191002","192010","8000","1","8000","0","8000","2","1","1","IAT3105191013","NHO2018000007","PAID","","193047"),
("IATT190000475","193047","191002","192010","8000","1","8000","0","8000","3","1","1","IAT3105191013","NHO2018000007","PAID","","193047"),
("IATT190000475","193047","191002","192010","8000","1","8000","0","8000","4","1","1","IAT3105191013","NHO2018000007","PAID","","193047"),
("IATT190000476","193004","191001","192001","30000","1","30000","0","30000","1","1","1","IAT3105191013","NHO2018000007","PAID","original ,chiken","193004"),
("IATT190000476","193003","191001","192001","30000","1","30000","0","30000","1","1","1","IAT3105191013","NHO2018000007","PAID","beef,level 3 ","PEDAS"),
("IATT190000476","193047","191002","192010","8000","1","8000","0","8000","1","1","1","IAT3105191013","NHO2018000007","PAID","","193047"),
("IATT190000476","193047","191002","192010","8000","1","8000","0","8000","2","1","1","IAT3105191013","NHO2018000007","PAID","","193047"),
("IATT190000477","193055","191002","192010","17000","1","17000","0","17000","1","1","1","IAT3105191013","NHO2018000007","PAID","","193055"),
("IATT190000477","193048","191002","192010","8000","1","8000","0","8000","1","1","2","IAT3105191013","NHO2018000007","PAID","es batu","193048"),
("IATT190000478","193047","191002","192010","8000","1","8000","0","8000","1","1","1","IAT3105191013","NHO2018000007","PAID","","193047"),
("IATT190000478","193011","191001","192001","40000","1","40000","0","40000","1","1","1","IAT3105191013","NHO2018000007","PAID","LEVEL 3","PEDAS"),
("IATT190000479","193005","191001","192001","37000","1","37000","0","37000","1","1","1","IAT3105191013","NHO2018000007","PAID","YANG SATU TANPA BEEF/CHIKEN ","193005"),
("IATT190000479","193005","191001","192001","37000","1","37000","0","37000","2","1","1","IAT3105191013","NHO2018000007","PAID","","193005"),
("IATT190000479","193003","191001","192001","30000","1","30000","0","30000","1","1","1","IAT3105191013","NHO2018000007","PAID","BEEF","PEDAS"),
("IATT190000479","193055","191002","192010","17000","1","17000","0","17000","1","1","1","IAT3105191013","NHO2018000007","PAID","BANYAKIN GULA BIAR GAK ASAM","193055"),
("IATT190000479","193055","191002","192010","17000","1","17000","0","17000","2","1","1","IAT3105191013","NHO2018000007","PAID","","193055"),
("IATT190000479","193050","191002","192010","20000","1","20000","0","20000","1","1","1","IAT3105191013","NHO2018000007","PAID","","193050"),
("IATT190000479","193001","191001","192001","30000","1","30000","0","30000","1","1","2","IAT3105191013","NHO2018000007","PAID","NO BEEF NO CHIKEN TAKE AWAY","193001"),
("IATT190000479","193005","191001","192001","37000","1","37000","0","37000","3","1","2","IAT3105191013","NHO2018000007","PAID","CHIKEN","193005"),
("IATT190000480","193022","191001","192003","30000","1","30000","0","30000","1","1","1","IAT3105191013","NHO2018000007","PAID","","193022"),
("IATT190000480","193022","191001","192003","30000","1","30000","0","30000","2","1","1","IAT3105191013","NHO2018000007","PAID","","193022"),
("IATT190000480","193051","191002","192010","20000","1","20000","0","20000","1","1","1","IAT3105191013","NHO2018000007","PAID","","193051"),
("IATT190000481","193005","191001","192001","37000","1","37000","0","37000","1","1","1","IAT3105191013","NHO2018000007","PAID","BUAT BUKA PUASA SEMUA","193005"),
("IATT190000481","193007","191001","192001","37000","1","37000","0","37000","1","1","1","IAT3105191013","NHO2018000007","PAID","","PEDAS"),
("IATT190000481","193047","191002","192010","8000","1","8000","0","8000","1","1","1","IAT3105191013","NHO2018000007","PAID","BUKA PUASA","193047"),
("IATT190000481","193047","191002","192010","8000","1","8000","0","8000","2","1","1","IAT3105191013","NHO2018000007","PAID","","193047"),
("IATT190000482","193022","191001","192003","30000","1","30000","0","30000","1","1","1","IAT3105191013","NHO2018000007","PAID","","193022"),
("IATT190000482","193024","191001","192003","30000","1","30000","0","30000","1","1","1","IAT3105191013","NHO2018000007","PAID","","193024"),
("IATT190000482","193001","191001","192001","30000","1","30000","0","30000","1","1","1","IAT3105191013","NHO2018000007","PAID","BEEF","193001"),
("IATT190000483","193027","191001","192003","43000","1","43000","0","43000","1","1","1","IAT3105191013","NHO2018000007","PAID","","193027"),
("IATT190000483","193028","191001","192003","43000","1","43000","0","43000","1","1","1","IAT3105191013","NHO2018000007","PAID","","193028"),
("IATT190000484","193048","191002","192010","8000","1","8000","0","8000","1","1","1","IAT3105191013","NHO2018000007","PAID","","193048"),
("IATT190000484","193048","191002","192010","8000","1","8000","0","8000","2","1","1","IAT3105191013","NHO2018000007","PAID","","193048"),
("IATT190000484","193051","191002","192010","20000","1","20000","0","20000","1","1","1","IAT3105191013","NHO2018000007","PAID","","193051"),
("IATT190000484","193003","191001","192001","30000","1","30000","0","30000","1","1","1","IAT3105191013","NHO2018000007","PAID","BUAT BUKA","PEDAS"),
("IATT190000484","193019","191001","192002","40000","1","40000","0","40000","1","1","1","IAT3105191013","NHO2018000007","PAID","BUAT BUKA","PEDAS"),
("IATT190000484","193023","191001","192003","30000","1","30000","0","30000","1","1","2","IAT3105191013","NHO2018000007","PAID","","193023"),
("IATT190000485","193023","191001","192003","30000","1","30000","0","30000","1","1","1","IAT3105191013","NHO2018000007","PAID","","193023"),
("IATT190000485","193022","191001","192003","30000","1","30000","0","30000","1","1","1","IAT3105191013","NHO2018000007","PAID","","193022"),
("IATT190000485","193022","191001","192003","30000","1","30000","0","30000","2","1","1","IAT3105191013","NHO2018000007","PAID","","193022"),
("IATT190000485","193049","191002","192010","10000","1","10000","0","10000","1","1","1","IAT3105191013","NHO2018000007","PAID","","193049"),
("IATT190000485","193049","191002","192010","10000","1","10000","0","10000","2","1","1","IAT3105191013","NHO2018000007","PAID","","193049"),
("IATT190000485","193048","191002","192010","8000","1","8000","0","8000","1","1","1","IAT3105191013","NHO2018000007","PAID","","193048"),
("IATT190000486","193022","191001","192003","30000","1","30000","0","30000","1","1","1","IAT3105191013","NHO2018000007","PAID","","193022"),
("IATT190000486","193024","191001","192003","30000","1","30000","0","30000","1","1","1","IAT3105191013","NHO2018000007","PAID","","193024"),
("IATT190000486","193047","191002","192010","8000","1","8000","0","8000","1","1","1","IAT3105191013","NHO2018000007","PAID","","193047"),
("IATT190000487","193022","191001","192003","30000","1","30000","0","30000","1","1","1","IAT3105191013","NHO2018000007","PAID","","193022"),
("IATT190000487","193022","191001","192003","30000","1","30000","0","30000","2","1","1","IAT3105191013","NHO2018000007","PAID","","193022"),
("IATT190000487","193022","191001","192003","30000","1","30000","0","30000","3","1","1","IAT3105191013","NHO2018000007","PAID","","193022"),
("IATT190000487","193022","191001","192003","30000","1","30000","0","30000","4","1","1","IAT3105191013","NHO2018000007","PAID","","193022"),
("IATT190000487","193033","191001","192005","42000","1","42000","0","42000","1","1","1","IAT3105191013","NHO2018000007","PAID","","193033"),
("IATT190000487","193056","191002","192010","17000","1","17000","0","17000","1","1","1","IAT3105191013","NHO2018000007","PAID","","193056"),
("IATT190000487","193056","191002","192010","17000","1","17000","0","17000","2","1","1","IAT3105191013","NHO2018000007","PAID","","193056"),
("IATT190000487","193050","191002","192010","20000","1","20000","0","20000","1","1","1","IAT3105191013","NHO2018000007","PAID","","193050"),
("IATT190000487","193055","191002","192010","17000","1","17000","0","17000","1","1","1","IAT3105191013","NHO2018000007","PAID","","193055"),
("IATT190000487","193046","191002","192010","8000","1","8000","0","8000","1","1","1","IAT3105191013","NHO2018000007","PAID","","193046"),
("IATT190000488","193056","191002","192010","17000","1","17000","0","17000","1","1","1","IAT3105191013","NHO2018000007","PAID","","193056"),
("IATT190000488","193022","191001","192003","30000","1","30000","0","30000","1","1","1","IAT3105191013","NHO2018000007","PAID","","193022"),
("IATT190000488","193032","191001","192004","30000","1","30000","0","30000","1","1","1","IAT3105191013","NHO2018000007","PAID","","193032"),
("IATT190000489","193022","191001","192003","30000","1","30000","0","30000","1","1","1","IAT3105191013","NHO2018000007","PAID","","193022"),
("IATT190000489","193024","191001","192003","30000","1","30000","0","30000","1","1","1","IAT3105191013","NHO2018000007","PAID","","193024"),
("IATT190000489","193049","191002","192010","10000","1","10000","0","10000","1","1","1","IAT3105191013","NHO2018000007","PAID","","193049"),
("IATT190000489","193049","191002","192010","10000","1","10000","0","10000","2","1","1","IAT3105191013","NHO2018000007","PAID","","193049"),
("IATT190000489","193049","191002","192010","10000","1","10000","0","10000","3","1","1","IAT3105191013","NHO2018000007","PAID","","193049"),
("IATT190000490","193024","191001","192003","30000","1","30000","0","30000","1","1","1","IAT3105191013","NHO2018000007","PAID","","193024"),
("IATT190000490","193030","191001","192004","27000","1","27000","0","27000","1","1","1","IAT3105191013","NHO2018000007","PAID","","193030"),
("IATT190000490","193050","191002","192010","20000","1","20000","0","20000","1","1","1","IAT3105191013","NHO2018000007","PAID","","193050"),
("IATT190000490","193048","191002","192010","8000","1","8000","0","8000","1","1","1","IAT3105191013","NHO2018000007","PAID","","193048"),
("IATT190000490","193055","191002","192010","17000","1","17000","0","17000","1","1","1","IAT3105191013","NHO2018000007","PAID","","193055"),
("IATT190000491","193022","191001","192003","30000","1","30000","0","30000","1","1","1","IAT3105191013","NHO2018000007","PAID","","193022"),
("IATT190000491","193024","191001","192003","30000","1","30000","0","30000","1","1","1","IAT3105191013","NHO2018000007","PAID","","193024"),
("IATT190000492","193008","191001","192001","37000","1","37000","0","37000","1","1","1","IAT3105191013","NHO2018000007","PAID","","193008"),
("IATT190000492","193004","191001","192001","30000","1","30000","0","30000","1","1","1","IAT3105191013","NHO2018000007","PAID","CHIKEN","193004"),
("IATT190000492","193055","191002","192010","17000","1","17000","0","17000","1","1","1","IAT3105191013","NHO2018000007","PAID","","193055"),
("IATT190000492","193048","191002","192010","8000","1","8000","0","8000","1","1","1","IAT3105191013","NHO2018000007","PAID","ES BATU","193048"),
("IATT190000492","193043","191001","192008","25000","1","25000","0","25000","1","1","1","IAT3105191013","NHO2018000007","PAID","","193043"),
("IATT190000492","193047","191002","192010","8000","1","8000","0","8000","1","1","1","IAT3105191013","NHO2018000007","PAID","","193047"),
("IATT190000493","193007","191001","192001","37000","1","37000","0","37000","1","1","1","IAT3105191013","NHO2018000007","PAID","LVL 1","PEDAS"),
("IATT190000493","193047","191002","192010","8000","1","8000","0","8000","1","1","1","IAT3105191013","NHO2018000007","PAID","","193047"),
("IATT190000493","193047","191002","192010","8000","1","8000","0","8000","2","1","1","IAT3105191013","NHO2018000007","PAID","","193047"),
("IATT190000493","193002","191001","192001","30000","1","30000","0","30000","1","1","1","IAT3105191013","NHO2018000007","PAID","PEDAS LVL 1 BEEF","193002"),
("IATT190000494","193011","191001","192001","40000","1","40000","0","40000","1","1","1","IAT3105191013","NHO2018000007","PAID","","PEDAS"),
("IATT190000494","193011","191001","192001","40000","1","40000","0","40000","2","1","1","IAT3105191013","NHO2018000007","PAID","","PEDAS"),
("IATT190000494","193011","191001","192001","40000","1","40000","0","40000","3","1","1","IAT3105191013","NHO2018000007","PAID","","PEDAS"),
("IATT190000494","193047","191002","192010","8000","1","8000","0","8000","1","1","1","IAT3105191013","NHO2018000007","PAID","","193047"),
("IATT190000494","193047","191002","192010","8000","1","8000","0","8000","2","1","1","IAT3105191013","NHO2018000007","PAID","","193047"),
("IATT190000494","193055","191002","192010","17000","1","17000","0","17000","1","1","1","IAT3105191013","NHO2018000007","PAID","","193055"),
("IATT190000495","193002","191001","192001","30000","1","30000","0","30000","1","1","1","IAT3105191013","NHO2018000007","PAID","BEEF","193002"),
("IATT190000495","193046","191002","192010","8000","1","8000","0","8000","1","1","1","IAT3105191013","NHO2018000007","PAID","","193046"),
("IATT190000495","193046","191002","192010","8000","1","8000","0","8000","2","1","1","IAT3105191013","NHO2018000007","PAID","","193046"),
("IATT190000495","193048","191002","192010","8000","1","8000","0","8000","1","1","1","IAT3105191013","NHO2018000007","PAID","","193048"),
("IATT190000495","193018","191001","192002","37000","1","37000","0","37000","1","1","1","IAT3105191013","NHO2018000007","PAID","","ORIGINAL"),
("IATT190000495","193048","191002","192010","8000","1","8000","0","8000","2","1","1","IAT3105191013","NHO2018000007","PAID","","193048"),
("IATT190000496","193028","191001","192003","43000","1","43000","0","43000","1","1","1","IAT3105191013","NHO2018000007","PAID","","193028"),
("IATT190000496","193022","191001","192003","30000","1","30000","0","30000","1","1","1","IAT3105191013","NHO2018000007","PAID","","193022"),
("IATT190000497","193003","191001","192001","30000","1","30000","0","30000","1","1","1","IAT3105191013","NHO2018000007","PAID","BEEF","PEDAS"),
("IATT190000497","193047","191002","192010","8000","1","8000","0","8000","1","1","1","IAT3105191013","NHO2018000007","PAID","","193047"),
("IATT190000497","193047","191002","192010","8000","1","8000","0","8000","2","1","1","IAT3105191013","NHO2018000007","PAID","","193047"),
("IATT190000498","193027","191001","192003","43000","1","43000","0","43000","1","1","1","IAT3105191013","NHO2018000007","PAID","","193027"),
("IATT190000498","193048","191002","192010","8000","1","8000","0","8000","1","1","1","IAT3105191013","NHO2018000007","PAID","","193048"),
("IATT190000499","193022","191001","192003","30000","1","30000","0","30000","1","1","1","IAT3105191013","NHO2018000007","PAID","","193022"),
("IATT190000499","193012","191001","192001","40000","1","40000","0","40000","1","1","1","IAT3105191013","NHO2018000007","PAID","LEVEL 3 ","193012"),
("IATT190000499","193055","191002","192010","17000","1","17000","0","17000","1","1","1","IAT3105191013","NHO2018000007","PAID","","193055"),
("IATT190000499","193055","191002","192010","17000","1","17000","0","17000","2","1","1","IAT3105191013","NHO2018000007","PAID","","193055"),
("IATT190000499","193048","191002","192010","8000","1","8000","0","8000","1","1","1","IAT3105191013","NHO2018000007","PAID","","193048"),
("IATT190000500","193025","191001","192003","30000","1","30000","0","30000","1","1","1","IAT3105191013","NHO2018000007","PAID","","193025"),
("IATT190000500","193007","191001","192001","37000","1","37000","0","37000","1","1","1","IAT3105191013","NHO2018000007","PAID","LVL 2","PEDAS"),
("IATT190000500","193005","191001","192001","37000","1","37000","0","37000","1","1","1","IAT3105191013","NHO2018000007","PAID","LVL 2","193005"),
("IATT190000500","193049","191002","192010","10000","1","10000","0","10000","1","1","1","IAT3105191013","NHO2018000007","PAID","","193049"),
("IATT190000501","193003","191001","192001","30000","1","30000","0","30000","1","1","1","IAT3105191013","NHO2018000007","PAID","BEEF","PEDAS"),
("IATT190000501","193002","191001","192001","30000","1","30000","0","30000","1","1","1","IAT3105191013","NHO2018000007","PAID","BEEF","193002"),
("IATT190000501","193022","191001","192003","30000","1","30000","0","30000","1","1","1","IAT3105191013","NHO2018000007","PAID","","193022"),
("IATT190000501","193023","191001","192003","30000","1","30000","0","30000","1","1","1","IAT3105191013","NHO2018000007","PAID","","193023"),
("IATT190000501","193055","191002","192010","17000","1","17000","0","17000","1","1","1","IAT3105191013","NHO2018000007","PAID","","193055"),
("IATT190000501","193050","191002","192010","20000","1","20000","0","20000","1","1","1","IAT3105191013","NHO2018000007","PAID","","193050"),
("IATT190000502","193003","191001","192001","30000","1","30000","0","30000","1","1","1","IAT3105191013","NHO2018000007","PAID","CHIKEN","PEDAS"),
("IATT190000502","193003","191001","192001","30000","1","30000","0","30000","2","1","1","IAT3105191013","NHO2018000007","PAID","","PEDAS"),
("IATT190000502","193003","191001","192001","30000","1","30000","0","30000","3","1","1","IAT3105191013","NHO2018000007","PAID","","PEDAS"),
("IATT190000502","193050","191002","192010","20000","1","20000","0","20000","1","1","1","IAT3105191013","NHO2018000007","PAID","","193050"),
("IATT190000502","193049","191002","192010","10000","1","10000","0","10000","1","1","1","IAT3105191013","NHO2018000007","PAID","","193049"),
("IATT190000502","193049","191002","192010","10000","1","10000","0","10000","2","1","1","IAT3105191013","NHO2018000007","PAID","","193049"),
("IATT190000503","193003","191001","192001","30000","1","30000","0","30000","1","1","1","IAT3105191013","NHO2018000007","PAID","BEEF","PEDAS"),
("IATT190000503","193003","191001","192001","30000","1","30000","0","30000","2","1","1","IAT3105191013","NHO2018000007","PAID","","PEDAS"),
("IATT190000503","193046","191002","192010","8000","1","8000","0","8000","1","1","1","IAT3105191013","NHO2018000007","PAID","","193046"),
("IATT190000503","193056","191002","192010","17000","1","17000","0","17000","1","1","1","IAT3105191013","NHO2018000007","PAID","","193056"),
("IATT190000503","193056","191002","192010","17000","1","17000","0","17000","2","1","2","IAT3105191013","NHO2018000007","PAID","","193056"),
("IATT190000497","193003","191001","192001","30000","1","30000","0","30000","2","1","2","IAT3105191013","NHO2018000007","PAID","BEEF","PEDAS"),
("IATT190000504","193012","191001","192001","40000","1","40000","0","40000","1","1","1","IAT3105191013","NHO2018000007","PAID","PEDES","193012"),
("IATT190000504","193035","191001","192006","32000","1","32000","0","32000","1","1","1","IAT3105191013","NHO2018000007","PAID","","PEDAS"),
("IATT190000504","193033","191001","192005","42000","1","42000","0","42000","1","1","1","IAT3105191013","NHO2018000007","PAID","","193033"),
("IATT190000504","193055","191002","192010","17000","1","17000","0","17000","1","1","1","IAT3105191013","NHO2018000007","PAID","","193055"),
("IATT190000504","193056","191002","192010","17000","1","17000","0","17000","1","1","1","IAT3105191013","NHO2018000007","PAID","","193056"),
("IATT190000504","193056","191002","192010","17000","1","17000","0","17000","2","1","1","IAT3105191013","NHO2018000007","PAID","","193056"),
("IATT190000504","193048","191002","192010","8000","1","8000","0","8000","1","1","1","IAT3105191013","NHO2018000007","PAID","","193048"),
("IATT190000504","193048","191002","192010","8000","1","8000","0","8000","2","1","1","IAT3105191013","NHO2018000007","PAID","","193048"),
("IATT190000506","193028","191001","192003","43000","1","43000","0","43000","1","1","1","IAT3105191013","NHO2018000007","PAID","","193028"),
("IATT190000506","193021","191001","192002","40000","1","40000","0","40000","1","1","1","IAT3105191013","NHO2018000007","PAID","","ORIGINAL"),
("IATT190000506","193047","191002","192010","8000","1","8000","0","8000","1","1","1","IAT3105191013","NHO2018000007","PAID","","193047"),
("IATT190000506","193055","191002","192010","17000","1","17000","0","17000","1","1","1","IAT3105191013","NHO2018000007","PAID","","193055"),
("IATT190000491","193002","191001","192001","30000","1","30000","0","30000","1","1","2","IAT3105191013","NHO2018000007","PAID","BEEF,PEDAS","193002"),
("IATT190000491","193003","191001","192001","30000","1","30000","0","30000","1","1","2","IAT3105191013","NHO2018000007","PAID","BEEF,PEDAS","PEDAS"),
("IATT190000491","193024","191001","192003","30000","1","30000","0","30000","2","1","2","IAT3105191013","NHO2018000007","PAID","","193024"),
("IATT190000491","193024","191001","192003","30000","1","30000","0","30000","3","1","2","IAT3105191013","NHO2018000007","PAID","","193024"),
("IATT190000491","193022","191001","192003","30000","1","30000","0","30000","2","1","2","IAT3105191013","NHO2018000007","PAID","","193022"),
("IATT190000491","193022","191001","192003","30000","1","30000","0","30000","3","1","2","IAT3105191013","NHO2018000007","PAID","","193022"),
("IATT190000491","193046","191002","192010","8000","1","8000","0","8000","1","1","2","IAT3105191013","NHO2018000007","PAID","","193046"),
("IATT190000491","193051","191002","192010","20000","1","20000","0","20000","1","1","2","IAT3105191013","NHO2018000007","PAID","","193051"),
("IATT190000491","193055","191002","192010","17000","1","17000","0","17000","1","1","2","IAT3105191013","NHO2018000007","PAID","","193055"),
("IATT190000491","193055","191002","192010","17000","1","17000","0","17000","2","1","2","IAT3105191013","NHO2018000007","PAID","","193055"),
("IATT190000491","193055","191002","192010","17000","1","17000","0","17000","3","1","2","IAT3105191013","NHO2018000007","PAID","","193055"),
("IATT190000489","193023","191001","192003","30000","1","30000","0","30000","1","1","2","IAT3105191013","NHO2018000007","PAID","JANGAN DI BIKIN . MAKANAN UDAH KELUAR ! THANKS","193023"),
("IATT190000504","193051","191002","192010","20000","1","20000","0","20000","1","1","2","IAT3105191013","NHO2018000007","PAID","","193051"),
("IATT190000501","193046","191002","192010","8000","1","8000","0","8000","1","1","2","IAT3105191013","NHO2018000007","PAID","","193046"),
("IATT190000507","193022","191001","192003","30000","1","30000","0","30000","1","1","1","IAT3105191013","NHO2018000007","PAID","","193022"),
("IATT190000507","193022","191001","192003","30000","1","30000","0","30000","2","1","1","IAT3105191013","NHO2018000007","PAID","","193022"),
("IATT190000507","193051","191002","192010","20000","1","20000","0","20000","1","1","1","IAT3105191013","NHO2018000007","PAID","","193051"),
("IATT190000507","193048","191002","192010","8000","1","8000","0","8000","1","1","1","IAT3105191013","NHO2018000007","PAID","ES BATU","193048"),
("IATT190000507","193048","191002","192010","8000","1","8000","0","8000","2","1","1","IAT3105191013","NHO2018000007","PAID","","193048"),
("IATT190000507","193047","191002","192010","8000","1","8000","0","8000","1","1","1","IAT3105191013","NHO2018000007","PAID","","193047"),
("IATT190000508","193016","191001","192002","37000","1","37000","0","37000","1","1","1","IAT3105191013","NHO2018000007","PAID","","PEDAS"),
("IATT190000508","193016","191001","192002","37000","1","37000","0","37000","2","1","1","IAT3105191013","NHO2018000007","PAID","","PEDAS"),
("IATT190000509","193028","191001","192003","43000","1","43000","0","43000","1","1","1","IAT3105191013","NHO2018000007","PAID","","193028"),
("IATT190000509","193028","191001","192003","43000","1","43000","0","43000","2","1","1","IAT3105191013","NHO2018000007","PAID","","193028"),
("IATT190000509","193023","191001","192003","30000","1","30000","0","30000","1","1","1","IAT3105191013","NHO2018000007","PAID","","193023"),
("IATT190000509","193009","191001","192001","40000","1","40000","0","40000","1","1","1","IAT3105191013","NHO2018000007","PAID","JANGAN PEDES","193009"),
("IATT190000509","193051","191002","192010","20000","1","20000","0","20000","1","1","1","IAT3105191013","NHO2018000007","PAID","","193051"),
("IATT190000509","193056","191002","192010","17000","1","17000","0","17000","1","1","1","IAT3105191013","NHO2018000007","PAID","","193056"),
("IATT190000509","193047","191002","192010","8000","1","8000","0","8000","1","1","1","IAT3105191013","NHO2018000007","PAID","","193047"),
("IATT190000509","193049","191002","192010","10000","1","10000","0","10000","1","1","1","IAT3105191013","NHO2018000007","PAID","","193049"),
("IATT190000510","193022","191001","192003","30000","1","30000","0","30000","1","1","1","IAT3105191013","NHO2018000007","PAID","","193022"),
("IATT190000510","193023","191001","192003","30000","1","30000","0","30000","1","1","1","IAT3105191013","NHO2018000007","PAID","","193023"),
("IATT190000510","193049","191002","192010","10000","1","10000","0","10000","1","1","1","IAT3105191013","NHO2018000007","PAID","ES BATU","193049"),
("IATT190000510","193047","191002","192010","8000","1","8000","0","8000","1","1","1","IAT3105191013","NHO2018000007","PAID","","193047"),
("IATT190000511","193040","191001","192008","20000","1","20000","0","20000","1","1","1","IAT3105191013","NHO2018000007","PAID","","193040"),
("IATT190000511","193041","191001","192008","20000","1","20000","0","20000","1","1","1","IAT3105191013","NHO2018000007","PAID","","193041"),
("IATT190000511","193024","191001","192003","30000","1","30000","0","30000","1","1","1","IAT3105191013","NHO2018000007","PAID","","193024"),
("IATT190000511","193042","191001","192008","25000","1","25000","0","25000","1","1","1","IAT3105191013","NHO2018000007","PAID","","193042"),
("IATT190000511","193051","191002","192010","20000","1","20000","0","20000","1","1","1","IAT3105191013","NHO2018000007","PAID","","193051"),
("IATT190000511","193047","191002","192010","8000","1","8000","0","8000","1","1","1","IAT3105191013","NHO2018000007","PAID","","193047"),
("IATT190000511","193047","191002","192010","8000","1","8000","0","8000","2","1","1","IAT3105191013","NHO2018000007","PAID","","193047"),
("IATT190000506","193047","191002","192010","8000","1","8000","0","8000","2","1","2","IAT3105191013","NHO2018000007","PAID","","193047"),
("IATT190000512","193034","191001","192005","37000","1","37000","0","37000","1","1","1","IAT3105191013","NHO2018000007","PAID","","193034"),
("IATT190000512","193047","191002","192010","8000","1","8000","0","8000","1","1","1","IAT3105191013","NHO2018000007","PAID","","193047"),
("IATT190000512","193047","191002","192010","8000","1","8000","0","8000","2","1","1","IAT3105191013","NHO2018000007","PAID","","193047"),
("IATT190000512","193004","191001","192001","30000","1","30000","0","30000","1","1","1","IAT3105191013","NHO2018000007","PAID","BEEF GA PEDES","193004"),
("IATT190000512","193047","191002","192010","8000","1","8000","0","8000","3","1","1","IAT3105191013","NHO2018000007","PAID","","193047"),
("IATT190000512","193047","191002","192010","8000","1","8000","0","8000","4","1","1","IAT3105191013","NHO2018000007","PAID","","193047"),
("IATT190000505","193022","191001","192003","30000","1","30000","0","30000","1","1","1","IAT3105191013","NHO2018000007","PAID","","193022"),
("IATT190000505","193024","191001","192003","30000","1","30000","0","30000","1","1","1","IAT3105191013","NHO2018000007","PAID","","193024"),
("IATT190000505","193047","191002","192010","8000","1","8000","0","8000","1","1","1","IAT3105191013","NHO2018000007","PAID","","193047"),
("IATT190000505","193055","191002","192010","17000","1","17000","0","17000","1","1","1","IAT3105191013","NHO2018000007","PAID","","193055"),
("IATT190000513","193024","191001","192003","30000","1","30000","0","30000","1","1","1","IAT3105191013","NHO2018000007","PAID","","193024"),
("IATT190000513","193003","191001","192001","30000","1","30000","0","30000","1","1","1","IAT3105191013","NHO2018000007","PAID"," CHIKEN 1 BEEF 2","PEDAS"),
("IATT190000513","193003","191001","192001","30000","1","30000","0","30000","2","1","1","IAT3105191013","NHO2018000007","PAID","","PEDAS"),
("IATT190000513","193003","191001","192001","30000","1","30000","0","30000","3","1","1","IAT3105191013","NHO2018000007","PAID","","PEDAS"),
("IATT190000513","193047","191002","192010","8000","1","8000","0","8000","1","1","1","IAT3105191013","NHO2018000007","PAID","","193047"),
("IATT190000513","193047","191002","192010","8000","1","8000","0","8000","2","1","1","IAT3105191013","NHO2018000007","PAID","","193047"),
("IATT190000513","193047","191002","192010","8000","1","8000","0","8000","3","1","1","IAT3105191013","NHO2018000007","PAID","","193047"),
("IATT190000513","193047","191002","192010","8000","1","8000","0","8000","4","1","1","IAT3105191013","NHO2018000007","PAID","","193047"),
("IATT190000514","193002","191001","192001","30000","1","30000","0","30000","1","1","1","IAT3105191013","NHO2018000007","PAID","BEEF TIDAK PEDAS","193002"),
("IATT190000514","193003","191001","192001","30000","1","30000","0","30000","1","1","1","IAT3105191013","NHO2018000007","PAID"," BEEF","ORIGINAL"),
("IATT190000514","193047","191002","192010","8000","1","8000","0","8000","1","1","1","IAT3105191013","NHO2018000007","PAID","","193047"),
("IATT190000514","193046","191002","192010","8000","1","8000","0","8000","1","1","1","IAT3105191013","NHO2018000007","PAID","","193046"),
("IATT190000491","193024","191001","192003","30000","1","30000","0","30000","4","1","3","IAT3105191013","NHO2018000007","PAID","","193024"),
("IATT190000491","193024","191001","192003","30000","1","30000","0","30000","5","1","3","IAT3105191013","NHO2018000007","PAID","","193024"),
("IATT190000491","193048","191002","192010","8000","1","8000","0","8000","1","1","3","IAT3105191013","NHO2018000007","PAID","","193048"),
("IATT190000491","193049","191002","192010","10000","1","10000","0","10000","1","1","3","IAT3105191013","NHO2018000007","PAID","","193049"),
("IATT190000491","193066","191003","192011","0","1","0","0","0","1","1","4","IAT3105191013","NHO2018000007","PAID","","193066"),
("IATT190000491","193066","191003","192011","0","1","0","0","0","2","1","4","IAT3105191013","NHO2018000007","PAID","","193066"),
("IATT190000505","193066","191003","192011","0","1","0","0","0","1","1","2","IAT3105191013","NHO2018000007","PAID","","193066"),
("IATT190000505","193066","191003","192011","0","1","0","0","0","2","1","2","IAT3105191013","NHO2018000007","PAID","","193066"),
("IATT190000513","193066","191003","192011","0","1","0","0","0","1","1","2","IAT3105191013","NHO2018000007","PAID","","193066"),
("IATT190000513","193066","191003","192011","0","1","0","0","0","2","1","2","IAT3105191013","NHO2018000007","PAID","","193066"),
("IATT190000510","193066","191003","192011","0","1","0","0","0","1","1","2","IAT3105191013","NHO2018000007","PAID","","193066"),
("IATT190000510","193066","191003","192011","0","1","0","0","0","2","1","2","IAT3105191013","NHO2018000007","PAID","","193066"),
("IATT190000516","193013","191001","192002","33000","1","33000","0","33000","2","1","1","IAT3105191013","NHO2018000007","PAID","","PEDAS"),
("IATT190000516","193013","191001","192002","33000","1","33000","0","33000","3","1","2","IAT3105191013","NHO2018000007","PAID","CHIKEN LEVEL 1","PEDAS"),
("IATT190000516","193047","191002","192010","8000","1","8000","0","8000","1","1","3","IAT3105191013","NHO2018000007","PAID","","193047"),
("IATT190000516","193047","191002","192010","8000","1","8000","0","8000","2","1","3","IAT3105191013","NHO2018000007","PAID","","193047"),
("IATT190000517","193003","191001","192001","30000","1","30000","0","30000","1","1","1","IAT3105191013","NHO2018000007","PAID","CHIKEN","PEDAS"),
("IATT190000517","193025","191001","192003","30000","1","30000","0","30000","1","1","1","IAT3105191013","NHO2018000007","PAID","","193025"),
("IATT190000517","193066","191003","192011","0","1","0","0","0","1","1","1","IAT3105191013","NHO2018000007","PAID","","193066"),
("IATT190000517","193066","191003","192011","0","1","0","0","0","2","1","1","IAT3105191013","NHO2018000007","PAID","","193066"),
("IATT190000518","193047","191002","192010","8000","1","8000","0","8000","1","1","1","IAT3105191013","NHO2018000007","PAID","","193047"),
("IATT190000518","193055","191002","192010","17000","1","17000","0","17000","1","1","1","IAT3105191013","NHO2018000007","PAID","","193055"),
("IATT190000518","193011","191001","192001","40000","1","40000","0","40000","1","1","1","IAT3105191013","NHO2018000007","PAID","level 1","PEDAS"),
("IATT190000518","193032","191001","192004","30000","1","30000","0","30000","1","1","1","IAT3105191013","NHO2018000007","PAID","","193032"),
("IATT190000518","193034","191001","192005","37000","1","37000","0","37000","1","1","1","IAT3105191013","NHO2018000007","PAID","","193034"),
("IATT190000519","193048","191002","192010","8000","1","8000","0","8000","1","1","1","IAT3105191013","NHO2018000007","PAID","","193048"),
("IATT190000519","193056","191002","192010","17000","1","17000","0","17000","1","1","1","IAT3105191013","NHO2018000007","PAID","","193056"),
("IATT190000519","193007","191001","192001","37000","1","37000","0","37000","1","1","1","IAT3105191013","NHO2018000007","PAID","","PEDAS"),
("IATT190000519","193024","191001","192003","30000","1","30000","0","30000","1","1","1","IAT3105191013","NHO2018000007","PAID","","193024"),
("IATT190000520","193004","191001","192001","30000","1","30000","0","30000","1","1","1","IAT3105191013","NHO2018000007","PAID","beef","193004"),
("IATT190000520","193046","191002","192010","8000","1","8000","0","8000","1","1","1","IAT3105191013","NHO2018000007","PAID","","193046"),
("IATT190000521","193036","191001","192006","36000","1","36000","0","36000","1","1","1","IAT3105191013","NHO2018000007","PAID","","PEDAS"),
("IATT190000521","193003","191001","192001","30000","1","30000","0","30000","1","1","1","IAT3105191013","NHO2018000007","PAID","beef,level 3","PEDAS"),
("IATT190000521","193066","191003","192011","0","1","0","0","0","1","1","1","IAT3105191013","NHO2018000007","PAID","","193066"),
("IATT190000521","193066","191003","192011","0","1","0","0","0","2","1","1","IAT3105191013","NHO2018000007","PAID","","193066"),
("IATT190000522","193047","191002","192010","8000","1","8000","0","8000","1","1","1","IAT3105191013","NHO2018000007","PAID","","193047"),
("IATT190000522","193048","191002","192010","8000","1","8000","0","8000","1","1","1","IAT3105191013","NHO2018000007","PAID","","193048"),
("IATT190000522","193056","191002","192010","17000","1","17000","0","17000","1","1","1","IAT3105191013","NHO2018000007","PAID","","193056"),
("IATT190000522","193011","191001","192001","40000","1","40000","0","40000","1","1","1","IAT3105191013","NHO2018000007","PAID","level 3 \nlevel 2","PEDAS"),
("IATT190000522","193007","191001","192001","37000","1","37000","0","37000","1","1","1","IAT3105191013","NHO2018000007","PAID","level 1","PEDAS"),
("IATT190000522","193011","191001","192001","40000","1","40000","0","40000","2","1","1","IAT3105191013","NHO2018000007","PAID","","PEDAS"),
("IATT190000514","193066","191003","192011","0","1","0","0","0","1","1","2","IAT3105191013","NHO2018000007","PAID","","193066"),
("IATT190000514","193066","191003","192011","0","1","0","0","0","2","1","2","IAT3105191013","NHO2018000007","PAID","","193066"),
("IATT190000523","193007","191001","192001","37000","1","37000","0","37000","1","1","1","IAT3105191013","NHO2018000007","PAID","","PEDAS"),
("IATT190000523","193022","191001","192003","30000","1","30000","0","30000","1","1","1","IAT3105191013","NHO2018000007","PAID","","193022"),
("IATT190000523","193044","191001","192008","25000","1","25000","0","25000","1","1","1","IAT3105191013","NHO2018000007","PAID","","193044"),
("IATT190000523","193047","191002","192010","8000","1","8000","0","8000","1","1","1","IAT3105191013","NHO2018000007","PAID","","193047"),
("IATT190000522","193055","191002","192010","17000","1","17000","0","17000","1","1","2","IAT3105191013","NHO2018000007","PAID","","193055"),
("IATT190000522","193066","191003","192011","0","1","0","0","0","1","1","2","IAT3105191013","NHO2018000007","PAID","","193066"),
("IATT190000522","193066","191003","192011","0","1","0","0","0","2","1","2","IAT3105191013","NHO2018000007","PAID","","193066"),
("IATT190000524","193066","191003","192011","0","1","0","0","0","1","1","1","IAT3105191013","NHO2018000007","PAID","","193066"),
("IATT190000524","193066","191003","192011","0","1","0","0","0","2","1","1","IAT3105191013","NHO2018000007","PAID","","193066"),
("IATT190000524","193066","191003","192011","0","1","0","0","0","3","1","1","IAT3105191013","NHO2018000007","PAID","","193066"),
("IATT190000524","193066","191003","192011","0","1","0","0","0","4","1","1","IAT3105191013","NHO2018000007","PAID","","193066");



INSERT INTO pos_salestemp VALUES("IATT190000475","","4","195000","0","19500","0","214500","250500","31/05/2019","12:10","31/05/2019","12:52:25","ISU000004","tbl0014","CLOSED","1","","IATR190000456","","","","","IAT3105191013","NHO2018000007"),
("IATT190000476","","2","76000","0","7600","0","83600","100000","31/05/2019","14:39","31/05/2019","15:50:27","ISU000004","tbl0011","CLOSED","1","","IATR190000459","","","","","IAT3105191013","NHO2018000007"),
("IATT190000477","","0","25000","0","2500","0","27500","30000","31/05/2019","15:13","31/05/2019","15:47:51","ISU000004","tbl0006","CLOSED","1","","IATR190000458","","","","","IAT3105191013","NHO2018000007"),
("IATT190000478","","2","48000","0","4800","0","52800","100000","31/05/2019","15:23","31/05/2019","15:46:33","ISU000004","tbl0010","CLOSED","1","","IATR190000457","","","","","IAT3105191013","NHO2018000007"),
("IATT190000479","","2","225000","0","22500","0","247500","300000","31/05/2019","15:36","31/05/2019","16:21:48","ISU000004","tbl0014","CLOSED","1","","IATR190000460","","","","","IAT3105191013","NHO2018000007"),
("IATT190000480","","2","80000","0","8000","0","88000","88000","31/05/2019","16:11","31/05/2019","16:59:58","ISU000004","tbl0010","CLOSED","1","","IATR190000461","","","","","IAT3105191013","NHO2018000007"),
("IATT190000481","","2","90000","0","9000","0","99000","100000","31/05/2019","16:49","31/05/2019","18:23:10","ISU000004","tbl0011","CLOSED","1","","IATR190000472","","","","","IAT3105191013","NHO2018000007"),
("IATT190000482","","2","90000","0","9000","0","99000","100000","31/05/2019","17:01","31/05/2019","17:48:36","ISU000004","tbl0009","CLOSED","1","","IATR190000465","","","","","IAT3105191013","NHO2018000007"),
("IATT190000483","","2","86000","0","8600","0","94600","100000","31/05/2019","17:09","31/05/2019","17:10:02","ISU000004","tbl0008","CLOSED","1","","IATR190000462","","","","","IAT3105191013","NHO2018000007"),
("IATT190000484","","2","136000","0","13600","0","149600","150000","31/05/2019","17:21","31/05/2019","18:27:46","ISU000004","tbl0010","CLOSED","1","","IATR190000478","","","","","IAT3105191013","NHO2018000007"),
("IATT190000485","","3","118000","0","11800","0","129800","150000","31/05/2019","17:30","31/05/2019","18:05:46","ISU000004","tbl0023","CLOSED","1","","IATR190000467","","","","","IAT3105191013","NHO2018000007"),
("IATT190000486","","2","68000","0","6800","0","74800","100000","31/05/2019","17:31","31/05/2019","18:19:01","ISU000004","tbl0020","CLOSED","1","","IATR190000470","","","","","IAT3105191013","NHO2018000007"),
("IATT190000487","","4","241000","0","24100","0","265100","300000","31/05/2019","17:32","31/05/2019","17:35:37","ISU000004","tbl0024","CLOSED","1","","IATR190000463","","","","","IAT3105191013","NHO2018000007"),
("IATT190000488","","1","77000","0","7700","0","84700","100000","31/05/2019","17:33","31/05/2019","18:23:41","ISU000004","tbl0006","CLOSED","1","","IATR190000473","","","","","IAT3105191013","NHO2018000007"),
("IATT190000489","","2","120000","0","12000","0","132000","152000","31/05/2019","17:34","31/05/2019","18:24:48","ISU000004","tbl0021","CLOSED","1","","IATR190000474","","","","","IAT3105191013","NHO2018000007"),
("IATT190000490","","2","102000","0","10200","0","112200","150000","31/05/2019","17:36","31/05/2019","18:26:27","ISU000004","tbl0019","CLOSED","1","","IATR190000476","","","","","IAT3105191013","NHO2018000007"),
("IATT190000491","","2","397000","0","39700","0","436700","436700","31/05/2019","17:37","31/05/2019","19:26:10","ISU000004","tbl0017","CLOSED","1","","IATR190000493","","","","","IAT3105191013","NHO2018000007"),
("IATT190000492","","3","125000","0","12500","0","137500","137500","31/05/2019","17:37","31/05/2019","18:03:05","ISU000004","tbl0016","CLOSED","1","","IATR190000466","","","","","IAT3105191013","NHO2018000007"),
("IATT190000493","","2","83000","0","8300","0","91300","91300","31/05/2019","17:38","31/05/2019","18:12:02","ISU000004","tbl0007","CLOSED","1","","IATR190000468","","","","","IAT3105191013","NHO2018000007"),
("IATT190000494","","2","153000","0","15300","0","168300","200000","31/05/2019","17:39","31/05/2019","18:44:38","ISU000004","tbl0012","CLOSED","1","","IATR190000486","","","","","IAT3105191013","NHO2018000007"),
("IATT190000495","","1","99000","0","9900","0","108900","108900","31/05/2019","17:40","31/05/2019","18:17:07","ISU000004","tbl0005","CLOSED","1","","IATR190000469","","","","","IAT3105191013","NHO2018000007"),
("IATT190000496","","1","73000","0","7300","0","80300","100000","31/05/2019","17:42","31/05/2019","18:22:07","ISU000004","tbl0013","CLOSED","1","","IATR190000471","","","","","IAT3105191013","NHO2018000007"),
("IATT190000497","","2","76000","0","7600","0","83600","100000","31/05/2019","17:42","31/05/2019","18:27:04","ISU000004","tbl0022","CLOSED","1","","IATR190000477","","","","","IAT3105191013","NHO2018000007"),
("IATT190000498","","1","51000","0","5100","0","56100","56100","31/05/2019","17:44","31/05/2019","18:35:02","ISU000004","tbl0004","CLOSED","1","","IATR190000483","","","","","IAT3105191013","NHO2018000007"),
("IATT190000499","","2","112000","0","11200","0","123200","125000","31/05/2019","17:44","31/05/2019","18:25:45","ISU000004","tbl0001","CLOSED","1","","IATR190000475","","","","","IAT3105191013","NHO2018000007"),
("IATT190000500","","3","114000","0","11400","0","125400","200000","31/05/2019","17:45","31/05/2019","17:46:24","ISU000004","tbl0003","CLOSED","1","","IATR190000464","","","","","IAT3105191013","NHO2018000007"),
("IATT190000501","","3","165000","0","16500","0","181500","200000","31/05/2019","17:47","31/05/2019","18:33:48","ISU000004","tbl0014","CLOSED","1","","IATR190000482","","","","","IAT3105191013","NHO2018000007"),
("IATT190000502","","3","130000","0","13000","0","143000","150000","31/05/2019","17:49","31/05/2019","18:28:17","ISU000004","tbl0015","CLOSED","1","","IATR190000479","","","","","IAT3105191013","NHO2018000007"),
("IATT190000503","","2","102000","0","10200","0","112200","150000","31/05/2019","17:49","31/05/2019","18:43:05","ISU000004","tbl0050","CLOSED","1","","IATR190000485","","","","","IAT3105191013","NHO2018000007"),
("IATT190000504","","3","201000","0","20100","0","221100","250000","31/05/2019","17:52","31/05/2019","18:32:46","ISU000004","tbl0030","CLOSED","1","","IATR190000481","","","","","IAT3105191013","NHO2018000007"),
("IATT190000505","","1","85000","0","8500","0","93500","93500","31/05/2019","17:53","31/05/2019","19:28:54","ISU000004","tbl0008","CLOSED","1","","IATR190000494","","","","","IAT3105191013","NHO2018000007"),
("IATT190000506","","2","116000","0","11600","0","127600","127600","31/05/2019","17:58","31/05/2019","18:30:35","ISU000004","tbl0018","CLOSED","1","","IATR190000480","","","","","IAT3105191013","NHO2018000007"),
("IATT190000507","","2","104000","0","10400","0","114400","200000","31/05/2019","18:12","31/05/2019","18:45:36","ISU000004","tbl0024","CLOSED","1","","IATR190000487","","","","","IAT3105191013","NHO2018000007"),
("IATT190000508","","2","74000","0","7400","0","81400","100000","31/05/2019","18:15","31/05/2019","19:52:38","ISU000004","tbl0040","CLOSED","1","","IATR190000497","","","","","IAT3105191013","NHO2018000007"),
("IATT190000509","","4","211000","0","21100","0","232100","232100","31/05/2019","18:17","31/05/2019","19:04:25","ISU000004","tbl0023","CLOSED","1","","IATR190000488","","","","","IAT3105191013","NHO2018000007"),
("IATT190000510","","2","78000","0","7800","0","85800","100000","31/05/2019","18:22","31/05/2019","19:19:32","ISU000004","tbl0007","CLOSED","1","","IATR190000492","","","","","IAT3105191013","NHO2018000007"),
("IATT190000511","","4","131000","0","13100","0","144100","200100","31/05/2019","18:28","31/05/2019","19:05:45","ISU000004","tbl0011","CLOSED","1","","IATR190000489","","","","","IAT3105191013","NHO2018000007"),
("IATT190000512","","2","99000","0","9900","0","108900","110000","31/05/2019","18:37","31/05/2019","18:39:08","ISU000004","tbl0005","CLOSED","1","","IATR190000484","","","","","IAT3105191013","NHO2018000007"),
("IATT190000513","","3","152000","0","15200","0","167200","200200","31/05/2019","18:47","31/05/2019","19:17:02","ISU000004","tbl0010","CLOSED","1","","IATR190000491","","","","","IAT3105191013","NHO2018000007"),
("IATT190000514","","2","76000","0","7600","0","83600","100600","31/05/2019","18:48","31/05/2019","20:02:29","ISU000004","tbl0014","CLOSED","1","","IATR190000498","","","","","IAT3105191013","NHO2018000007"),
("IATT190000515","","1","60000","0","0","0","0","0","31/05/2019","18:50","31/05/2019","21:41:17","ISU000012","takeaway","CANCELED","1","PERMINTAAN CUSTOMER","","","","","","IAT3105191013","NHO2018000007"),
("IATT190000516","","2","82000","0","8200","0","90200","100200","31/05/2019","19:09","31/05/2019","19:35:17","ISU000004","tbl0021","CLOSED","1","","IATR190000495","","","","","IAT3105191013","NHO2018000007"),
("IATT190000517","","1","60000","0","6000","0","66000","100000","31/05/2019","19:13","31/05/2019","19:14:23","ISU000004","tbl0004","CLOSED","1","","IATR190000490","","","","","IAT3105191013","NHO2018000007"),
("IATT190000518","","1","132000","0","13200","0","145200","150200","31/05/2019","19:20","31/05/2019","20:09:43","ISU000012","tbl0012","CLOSED","1","","IATR190000499","","","","","IAT3105191013","NHO2018000007"),
("IATT190000519","","2","92000","0","9200","0","101200","101200","31/05/2019","19:32","31/05/2019","20:19:57","ISU000012","tbl0010","CLOSED","1","","IATR190000500","","","","","IAT3105191013","NHO2018000007"),
("IATT190000520","","1","38000","0","3800","0","41800","100000","31/05/2019","19:33","31/05/2019","20:21:10","ISU000012","tbl0009","CLOSED","1","","IATR190000501","","","","","IAT3105191013","NHO2018000007"),
("IATT190000521","","2","66000","0","6600","0","72600","100000","31/05/2019","19:36","31/05/2019","19:37:09","ISU000004","tbl0011","CLOSED","1","","IATR190000496","","","","","IAT3105191013","NHO2018000007"),
("IATT190000522","","0","167000","0","16700","0","183700","183700","31/05/2019","19:43","31/05/2019","20:43:07","ISU000012","tbl0020","CLOSED","1","","IATR190000502","","","","","IAT3105191013","NHO2018000007"),
("IATT190000523","","2","100000","0","10000","0","110000","110000","31/05/2019","20:22","31/05/2019","20:56:26","ISU000012","tbl0012","CLOSED","1","","IATR190000503","","","","","IAT3105191013","NHO2018000007"),
("IATT190000524","","1","0","0","0","0","0","0","31/05/2019","21:42","31/05/2019","21:42:34","ISU000012","tbl0001","CLOSED","1","","IATR190000504","","","","","IAT3105191013","NHO2018000007");



INSERT INTO item_void VALUES("IATT190000485","IAT3105191013","NHO2018000007","193023","193023","1","30000","Before Send","Komplen Customer"),
("IATT190000504","IAT3105191013","NHO2018000007","193046","193046","1","8000","Before Send","Komplen Customer"),
("IATT190000505","IAT3105191013","NHO2018000007","193050","193050","1","20000","Before Send","Komplen Customer");









INSERT INTO pos_paymenttemp VALUES("IATT190000475","CASH","CASH","214500","250500","ISU000004","2019-05-31","","1","","CLOSED","IAT3105191013","NHO2018000007"),
("IATT190000478","CASH","CASH","52800","100000","ISU000004","2019-05-31","","1","","CLOSED","IAT3105191013","NHO2018000007"),
("IATT190000477","CASH","CASH","27500","30000","ISU000004","2019-05-31","","1","","CLOSED","IAT3105191013","NHO2018000007"),
("IATT190000476","CASH","CASH","83600","100000","ISU000004","2019-05-31","","1","","CLOSED","IAT3105191013","NHO2018000007"),
("IATT190000479","CASH","CASH","247500","300000","ISU000004","2019-05-31","","1","","CLOSED","IAT3105191013","NHO2018000007"),
("IATT190000480","CARD","DEBIT BCA","88000","88000","ISU000004","2019-05-31","","1","","CLOSED","IAT3105191013","NHO2018000007"),
("IATT190000483","CASH","CASH","94600","100000","ISU000004","2019-05-31","","1","","CLOSED","IAT3105191013","NHO2018000007"),
("IATT190000487","CASH","CASH","265100","300000","ISU000004","2019-05-31","","1","","CLOSED","IAT3105191013","NHO2018000007"),
("IATT190000500","CASH","CASH","125400","200000","ISU000004","2019-05-31","","1","","CLOSED","IAT3105191013","NHO2018000007"),
("IATT190000482","CASH","CASH","99000","100000","ISU000004","2019-05-31","","1","","CLOSED","IAT3105191013","NHO2018000007"),
("IATT190000492","CARD","VISA","137500","137500","ISU000004","2019-05-31","","1","","CLOSED","IAT3105191013","NHO2018000007"),
("IATT190000485","CASH","CASH","129800","150000","ISU000004","2019-05-31","","1","","CLOSED","IAT3105191013","NHO2018000007"),
("IATT190000493","CARD","DEBIT BCA","91300","91300","ISU000004","2019-05-31","","1","","CLOSED","IAT3105191013","NHO2018000007"),
("IATT190000495","CARD","DEBIT BCA","108900","108900","ISU000004","2019-05-31","","1","","CLOSED","IAT3105191013","NHO2018000007"),
("IATT190000486","CASH","CASH","74800","100000","ISU000004","2019-05-31","","1","","CLOSED","IAT3105191013","NHO2018000007"),
("IATT190000496","CASH","CASH","80300","100000","ISU000004","2019-05-31","","1","","CLOSED","IAT3105191013","NHO2018000007"),
("IATT190000481","CASH","CASH","99000","100000","ISU000004","2019-05-31","","1","","CLOSED","IAT3105191013","NHO2018000007"),
("IATT190000488","CASH","CASH","84700","100000","ISU000004","2019-05-31","","1","","CLOSED","IAT3105191013","NHO2018000007"),
("IATT190000489","CASH","CASH","132000","152000","ISU000004","2019-05-31","","1","","CLOSED","IAT3105191013","NHO2018000007"),
("IATT190000499","CASH","CASH","123200","125000","ISU000004","2019-05-31","","1","","CLOSED","IAT3105191013","NHO2018000007"),
("IATT190000490","CASH","CASH","112200","150000","ISU000004","2019-05-31","","1","","CLOSED","IAT3105191013","NHO2018000007"),
("IATT190000497","CASH","CASH","83600","100000","ISU000004","2019-05-31","","1","","CLOSED","IAT3105191013","NHO2018000007"),
("IATT190000484","CASH","CASH","149600","150000","ISU000004","2019-05-31","","1","","CLOSED","IAT3105191013","NHO2018000007"),
("IATT190000502","CASH","CASH","143000","150000","ISU000004","2019-05-31","","1","","CLOSED","IAT3105191013","NHO2018000007"),
("IATT190000506","CARD","DEBIT BCA","127600","127600","ISU000004","2019-05-31","","1","","CLOSED","IAT3105191013","NHO2018000007"),
("IATT190000504","CASH","CASH","221100","250000","ISU000004","2019-05-31","","1","","CLOSED","IAT3105191013","NHO2018000007"),
("IATT190000501","CASH","CASH","181500","200000","ISU000004","2019-05-31","","1","","CLOSED","IAT3105191013","NHO2018000007"),
("IATT190000498","CARD","DEBIT BCA","56100","56100","ISU000004","2019-05-31","","1","","CLOSED","IAT3105191013","NHO2018000007"),
("IATT190000512","CASH","CASH","108900","110000","ISU000004","2019-05-31","","1","","CLOSED","IAT3105191013","NHO2018000007"),
("IATT190000503","CASH","CASH","112200","150000","ISU000004","2019-05-31","","1","","CLOSED","IAT3105191013","NHO2018000007"),
("IATT190000494","CASH","CASH","168300","200000","ISU000004","2019-05-31","","1","","CLOSED","IAT3105191013","NHO2018000007"),
("IATT190000507","CASH","CASH","114400","200000","ISU000004","2019-05-31","","1","","CLOSED","IAT3105191013","NHO2018000007"),
("IATT190000509","CARD","DEBIT BCA","232100","232100","ISU000004","2019-05-31","","1","","CLOSED","IAT3105191013","NHO2018000007"),
("IATT190000511","CASH","CASH","144100","200100","ISU000004","2019-05-31","","1","","CLOSED","IAT3105191013","NHO2018000007"),
("IATT190000517","CASH","CASH","66000","100000","ISU000004","2019-05-31","","1","","CLOSED","IAT3105191013","NHO2018000007"),
("IATT190000513","CASH","CASH","167200","200200","ISU000004","2019-05-31","","1","","CLOSED","IAT3105191013","NHO2018000007"),
("IATT190000510","CASH","CASH","85800","100000","ISU000004","2019-05-31","","1","","CLOSED","IAT3105191013","NHO2018000007"),
("IATT190000491","CARD","VISA","436700","436700","ISU000004","2019-05-31","","1","","CLOSED","IAT3105191013","NHO2018000007"),
("IATT190000505","CARD","DEBIT BCA","93500","93500","ISU000004","2019-05-31","","1","","CLOSED","IAT3105191013","NHO2018000007"),
("IATT190000516","CASH","CASH","90200","100200","ISU000004","2019-05-31","","1","","CLOSED","IAT3105191013","NHO2018000007"),
("IATT190000521","CASH","CASH","72600","100000","ISU000004","2019-05-31","","1","","CLOSED","IAT3105191013","NHO2018000007"),
("IATT190000508","CASH","CASH","81400","100000","ISU000004","2019-05-31","","1","","CLOSED","IAT3105191013","NHO2018000007"),
("IATT190000514","CASH","CASH","83600","100600","ISU000004","2019-05-31","","1","","CLOSED","IAT3105191013","NHO2018000007"),
("IATT190000518","CASH","CASH","145200","150200","ISU000012","2019-05-31","","1","","CLOSED","IAT3105191013","NHO2018000007"),
("IATT190000519","CARD","VISA","101200","101200","ISU000012","2019-05-31","","1","","CLOSED","IAT3105191013","NHO2018000007"),
("IATT190000519","CARD","VISA","0","0","ISU000012","2019-05-31","","1","","CLOSED","IAT3105191013","NHO2018000007"),
("IATT190000520","CASH","CASH","41800","100000","ISU000012","2019-05-31","","1","","CLOSED","IAT3105191013","NHO2018000007"),
("IATT190000522","CARD","VISA","183700","183700","ISU000012","2019-05-31","","1","","CLOSED","IAT3105191013","NHO2018000007"),
("IATT190000523","CARD","MASTER","110000","110000","ISU000012","2019-05-31","","1","","CLOSED","IAT3105191013","NHO2018000007"),
("IATT190000524","CASH","CASH","0","0","ISU000012","2019-05-31","","1","","CLOSED","IAT3105191013","NHO2018000007");



