INSERT INTO pos_itemtemp VALUES("IBIPT190000090","193040","191001","192008","20000","1","20000","0","20000","1","1","1","IBIP1006190835","NHO2018000009","PAID","","193040"),
("IBIPT190000091","193001","191001","192001","30000","1","30000","0","30000","1","1","1","IBIP1006190835","NHO2018000009","PAID","ramen beef","193001"),
("IBIPT190000091","193046","191002","192010","8000","1","8000","0","8000","1","1","1","IBIP1006190835","NHO2018000009","PAID","","193046"),
("IBIPT190000091","193068","191003","192011","0","1","0","0","0","1","1","1","IBIP1006190835","NHO2018000009","PAID","","193068"),
("IBIPT190000092","193035","191001","192006","32000","1","32000","0","32000","1","1","1","IBIP1006190835","NHO2018000009","PAID","","ORIGINAL"),
("IBIPT190000092","193035","191001","192006","32000","1","32000","0","32000","2","1","1","IBIP1006190835","NHO2018000009","PAID","sedeng","PEDAS"),
("IBIPT190000092","193013","191001","192002","33000","1","33000","0","33000","1","1","1","IBIP1006190835","NHO2018000009","PAID","sedeng","PEDAS"),
("IBIPT190000092","193046","191002","192010","8000","1","8000","0","8000","1","1","1","IBIP1006190835","NHO2018000009","PAID","","193046"),
("IBIPT190000092","193052","191002","192010","20000","1","20000","0","20000","1","1","1","IBIP1006190835","NHO2018000009","PAID","","193052"),
("IBIPT190000092","193051","191002","192010","20000","1","20000","0","20000","1","1","1","IBIP1006190835","NHO2018000009","PAID","","193051"),
("IBIPT190000092","193051","191002","192010","20000","1","20000","0","20000","2","1","1","IBIP1006190835","NHO2018000009","PAID","","193051"),
("IBIPT190000092","193028","191001","192003","43000","1","43000","0","43000","1","1","1","IBIP1006190835","NHO2018000009","PAID","","193028"),
("IBIPT190000092","193054","191002","192010","20000","1","20000","0","20000","1","1","1","IBIP1006190835","NHO2018000009","PAID","es dikit","193054"),
("IBIPT190000093","193044","191001","192008","25000","1","25000","0","25000","1","1","1","IBIP1006190835","NHO2018000009","PAID","","193044"),
("IBIPT190000093","193047","191002","192010","8000","1","8000","0","8000","1","1","1","IBIP1006190835","NHO2018000009","PAID","","193047"),
("IBIPT190000092","193027","191001","192003","43000","1","43000","0","43000","1","1","2","IBIP1006190835","NHO2018000009","PAID","","193027"),
("IBIPT190000094","193002","191001","192001","30000","1","30000","0","30000","1","1","1","IBIP1006190835","NHO2018000009","PAID","ramen beef","193002"),
("IBIPT190000094","193028","191001","192003","43000","1","43000","0","43000","1","1","1","IBIP1006190835","NHO2018000009","PAID","","193028"),
("IBIPT190000094","193028","191001","192003","43000","1","43000","0","43000","2","1","1","IBIP1006190835","NHO2018000009","PAID","","193028"),
("IBIPT190000094","193028","191001","192003","43000","1","43000","0","43000","3","1","1","IBIP1006190835","NHO2018000009","PAID","","193028"),
("IBIPT190000094","193027","191001","192003","43000","1","43000","0","43000","1","1","1","IBIP1006190835","NHO2018000009","PAID","","193027"),
("IBIPT190000094","193010","191001","192001","40000","1","40000","0","40000","1","1","1","IBIP1006190835","NHO2018000009","PAID","","193010"),
("IBIPT190000094","193055","191002","192010","17000","1","17000","0","17000","1","1","1","IBIP1006190835","NHO2018000009","PAID","","193055"),
("IBIPT190000094","193055","191002","192010","17000","1","17000","0","17000","2","1","1","IBIP1006190835","NHO2018000009","PAID","","193055"),
("IBIPT190000094","193055","191002","192010","17000","1","17000","0","17000","3","1","1","IBIP1006190835","NHO2018000009","PAID","","193055"),
("IBIPT190000094","193052","191002","192010","20000","1","20000","0","20000","1","1","1","IBIP1006190835","NHO2018000009","PAID","","193052"),
("IBIPT190000094","193068","191003","192011","0","1","0","0","0","1","1","1","IBIP1006190835","NHO2018000009","PAID","","193068"),
("IBIPT190000095","193022","191001","192003","30000","1","30000","0","30000","1","1","1","IBIP1006190835","NHO2018000009","PAID","","193022"),
("IBIPT190000095","193024","191001","192003","30000","1","30000","0","30000","1","1","1","IBIP1006190835","NHO2018000009","PAID","","193024"),
("IBIPT190000095","193041","191001","192008","20000","1","20000","0","20000","1","1","1","IBIP1006190835","NHO2018000009","PAID","","193041");



INSERT INTO pos_salestemp VALUES("IBIPT190000090","","1","20000","0","2100","1000","23100","23100","10/06/2019","12:55","10/06/2019","12:57:32","IBIP000002","takeaway","CLOSED","1","","IBIPR190000082","","","","","IBIP1006190835","NHO2018000009"),
("IBIPT190000091","","1","38000","0","3800","0","41800","50000","10/06/2019","15:06","10/06/2019","15:34:17","IBIP000002","tbl0008","CLOSED","1","","IBIPR190000083","","","","","IBIP1006190835","NHO2018000009"),
("IBIPT190000092","","4","271000","0","27100","0","298100","298100","10/06/2019","17:11","10/06/2019","18:15:35","IBIP000002","tbl0016","CLOSED","1","","IBIPR190000085","","","","","IBIP1006190835","NHO2018000009"),
("IBIPT190000093","","1","33000","0","3300","0","36300","37000","10/06/2019","17:21","10/06/2019","17:59:58","IBIP000002","tbl0017","CLOSED","1","","IBIPR190000084","","","","","IBIP1006190835","NHO2018000009"),
("IBIPT190000094","","3","313000","0","31300","0","344300","344300","10/06/2019","20:20","10/06/2019","20:58:28","IBIP000002","tbl0016","CLOSED","1","","IBIPR190000086","","","","","IBIP1006190835","NHO2018000009"),
("IBIPT190000095","","2","80000","0","8000","0","88000","88000","10/06/2019","20:51","10/06/2019","21:08:52","IBIP000002","takeaway","CLOSED","1","","IBIPR190000087","","","","","IBIP1006190835","NHO2018000009");












INSERT INTO pos_paymenttemp VALUES("IBIPT190000090","CASH","CASH","23100","23100","IBIP000002","2019-06-10","","1","","CLOSED","IBIP1006190835","NHO2018000009"),
("IBIPT190000091","CASH","CASH","41800","50000","IBIP000002","2019-06-10","","1","","CLOSED","IBIP1006190835","NHO2018000009"),
("IBIPT190000093","CASH","CASH","36300","37000","IBIP000002","2019-06-10","","1","","CLOSED","IBIP1006190835","NHO2018000009"),
("IBIPT190000092","CARD","DEBIT BCA","298100","298100","IBIP000002","2019-06-10","","1","","CLOSED","IBIP1006190835","NHO2018000009"),
("IBIPT190000094","CARD","DEBIT BCA","344300","344300","IBIP000002","2019-06-10","","1","","CLOSED","IBIP1006190835","NHO2018000009"),
("IBIPT190000095","CARD","DEBIT BCA","88000","88000","IBIP000002","2019-06-10","","1","","CLOSED","IBIP1006190835","NHO2018000009");



