INSERT INTO pos_itemtemp VALUES("IBIPT190000001","193035","191001","192006","32000","1","32000","0","32000","1","1","1","IBIP0106191300","NHO2018000009","PAID","","PEDAS"),
("IBIPT190000001","193049","191002","192010","10000","1","10000","0","10000","1","1","1","IBIP0106191300","NHO2018000009","PAID","","193049"),
("IBIPT190000002","193048","191002","192010","8000","1","8000","0","8000","1","1","1","IBIP0106191300","NHO2018000009","PAID","","193048"),
("IBIPT190000003","193003","191001","192001","30000","1","30000","0","30000","1","1","1","IBIP0106191300","NHO2018000009","PAID","sedang","PEDAS"),
("IBIPT190000003","193016","191001","192002","37000","1","37000","0","37000","1","1","1","IBIP0106191300","NHO2018000009","PAID","","PEDAS"),
("IBIPT190000003","193024","191001","192003","30000","1","30000","0","30000","1","1","1","IBIP0106191300","NHO2018000009","PAID","","193024"),
("IBIPT190000005","193049","191002","192010","10000","1","10000","0","10000","1","1","1","IBIP0106191300","NHO2018000009","PAID","","193049"),
("IBIPT190000005","193048","191002","192010","8000","1","8000","0","8000","1","1","1","IBIP0106191300","NHO2018000009","PAID","","193048"),
("IBIPT190000004","193036","191001","192006","36000","1","36000","0","36000","1","1","1","IBIP0106191300","NHO2018000009","PAID","","ORIGINAL"),
("IBIPT190000004","193052","191002","192010","20000","1","20000","0","20000","1","1","1","IBIP0106191300","NHO2018000009","PAID","","193052"),
("IBIPT190000004","193040","191001","192008","20000","1","20000","0","20000","1","1","1","IBIP0106191300","NHO2018000009","PAID","","193040"),
("IBIPT190000004","193024","191001","192003","30000","1","30000","0","30000","1","1","1","IBIP0106191300","NHO2018000009","PAID","","193024"),
("IBIPT190000004","193048","191002","192010","8000","1","8000","0","8000","1","1","1","IBIP0106191300","NHO2018000009","PAID","","193048"),
("IBIPT190000006","193028","191001","192003","43000","1","43000","0","43000","1","1","1","IBIP0106191300","NHO2018000009","PAID","","193028"),
("IBIPT190000006","193022","191001","192003","30000","1","30000","0","30000","1","1","1","IBIP0106191300","NHO2018000009","PAID","","193022"),
("IBIPT190000006","193033","191001","192005","42000","1","42000","0","42000","1","1","1","IBIP0106191300","NHO2018000009","PAID","","193033"),
("IBIPT190000006","193054","191002","192010","20000","1","20000","0","20000","1","1","1","IBIP0106191300","NHO2018000009","PAID","","193054"),
("IBIPT190000006","193051","191002","192010","20000","1","20000","0","20000","1","1","1","IBIP0106191300","NHO2018000009","PAID","","193051"),
("IBIPT190000007","193030","191001","192004","27000","1","27000","0","27000","1","1","1","IBIP0106191300","NHO2018000009","PAID","","193030"),
("IBIPT190000008","193011","191001","192001","40000","1","40000","0","40000","1","1","1","IBIP0106191300","NHO2018000009","PAID","","PEDAS"),
("IBIPT190000008","193010","191001","192001","40000","1","40000","0","40000","1","1","1","IBIP0106191300","NHO2018000009","PAID","","193010"),
("IBIPT190000008","193055","191002","192010","17000","1","17000","0","17000","1","1","2","IBIP0106191300","NHO2018000009","PAID","","193055"),
("IBIPT190000008","193055","191002","192010","17000","1","17000","0","17000","2","1","2","IBIP0106191300","NHO2018000009","PAID","","193055"),
("IBIPT190000009","193005","191001","192001","37000","1","37000","0","37000","1","1","1","IBIP0106191300","NHO2018000009","PAID","","193005"),
("IBIPT190000009","193022","191001","192003","30000","1","30000","0","30000","1","1","1","IBIP0106191300","NHO2018000009","PAID","","193022"),
("IBIPT190000009","193054","191002","192010","20000","1","20000","0","20000","1","1","1","IBIP0106191300","NHO2018000009","PAID","","193054"),
("IBIPT190000010","193066","191003","192011","0","1","0","0","0","1","1","1","IBIP0106191300","NHO2018000009","PAID","","193066"),
("IBIPT190000010","193066","191003","192011","0","1","0","0","0","2","1","2","IBIP0106191300","NHO2018000009","PAID","","193066"),
("IBIPT190000009","193054","191002","192010","20000","1","20000","0","20000","2","1","2","IBIP0106191300","NHO2018000009","PAID","","193054"),
("IBIPT190000011","193022","191001","192003","30000","1","30000","0","30000","1","1","1","IBIP0106191300","NHO2018000009","PAID","","193022"),
("IBIPT190000011","193022","191001","192003","30000","1","30000","0","30000","2","1","1","IBIP0106191300","NHO2018000009","PAID","","193022"),
("IBIPT190000011","193022","191001","192003","30000","1","30000","0","30000","3","1","1","IBIP0106191300","NHO2018000009","PAID","","193022"),
("IBIPT190000011","193056","191002","192010","17000","1","17000","0","17000","1","1","1","IBIP0106191300","NHO2018000009","PAID","","193056"),
("IBIPT190000011","193047","191002","192010","8000","1","8000","0","8000","1","1","1","IBIP0106191300","NHO2018000009","PAID","","193047"),
("IBIPT190000011","193047","191002","192010","8000","1","8000","0","8000","2","1","1","IBIP0106191300","NHO2018000009","PAID","","193047"),
("IBIPT190000011","193047","191002","192010","8000","1","8000","0","8000","3","1","1","IBIP0106191300","NHO2018000009","PAID","","193047"),
("IBIPT190000011","193036","191001","192006","36000","1","36000","0","36000","1","1","1","IBIP0106191300","NHO2018000009","PAID","","ORIGINAL"),
("IBIPT190000010","193066","191003","192011","0","1","0","0","0","3","1","3","IBIP0106191300","NHO2018000009","PAID","","193066"),
("IBIPT190000010","193066","191003","192011","0","1","0","0","0","4","1","3","IBIP0106191300","NHO2018000009","PAID","","193066"),
("IBIPT190000012","193055","191002","192010","17000","1","17000","0","17000","1","1","1","IBIP0106191300","NHO2018000009","PAID","","193055"),
("IBIPT190000013","193048","191002","192010","8000","1","8000","0","8000","1","1","1","IBIP0106191300","NHO2018000009","PAID","","193048"),
("IBIPT190000013","193048","191002","192010","8000","1","8000","0","8000","2","1","1","IBIP0106191300","NHO2018000009","PAID","","193048"),
("IBIPT190000014","193024","191001","192003","30000","1","30000","0","30000","1","1","1","IBIP0106191300","NHO2018000009","PAID","","193024"),
("IBIPT190000014","193023","191001","192003","30000","1","30000","0","30000","1","1","1","IBIP0106191300","NHO2018000009","PAID","","193023"),
("IBIPT190000014","193048","191002","192010","8000","1","8000","0","8000","1","1","1","IBIP0106191300","NHO2018000009","PAID","","193048"),
("IBIPT190000010","193066","191003","192011","0","1","0","0","0","5","1","4","IBIP0106191300","NHO2018000009","PAID","","193066"),
("IBIPT190000010","193066","191003","192011","0","1","0","0","0","6","1","4","IBIP0106191300","NHO2018000009","PAID","","193066"),
("IBIPT190000015","193041","191001","192008","20000","1","20000","0","20000","1","1","1","IBIP0106191300","NHO2018000009","PAID","","193041"),
("IBIPT190000015","193022","191001","192003","30000","1","30000","0","30000","1","1","1","IBIP0106191300","NHO2018000009","PAID","","193022"),
("IBIPT190000015","193036","191001","192006","36000","1","36000","0","36000","1","1","2","IBIP0106191300","NHO2018000009","PAID","","PEDAS"),
("IBIPT190000016","193028","191001","192003","43000","1","43000","0","43000","1","1","1","IBIP0106191300","NHO2018000009","PAID","","193028"),
("IBIPT190000016","193047","191002","192010","8000","1","8000","0","8000","1","1","1","IBIP0106191300","NHO2018000009","PAID","","193047"),
("IBIPT190000010","193066","191003","192011","0","1","0","0","0","7","1","5","IBIP0106191300","NHO2018000009","PAID","","193066"),
("IBIPT190000010","193066","191003","192011","0","1","0","0","0","8","1","5","IBIP0106191300","NHO2018000009","PAID","","193066"),
("IBIPT190000017","193038","191001","192006","36000","1","36000","0","36000","1","1","1","IBIP0106191300","NHO2018000009","PAID","sedang","PEDAS"),
("IBIPT190000017","193001","191001","192001","30000","1","30000","0","30000","1","1","1","IBIP0106191300","NHO2018000009","PAID","","193001"),
("IBIPT190000017","193047","191002","192010","8000","1","8000","0","8000","1","1","1","IBIP0106191300","NHO2018000009","PAID","","193047"),
("IBIPT190000017","193046","191002","192010","8000","1","8000","0","8000","1","1","1","IBIP0106191300","NHO2018000009","PAID","","193046"),
("IBIPT190000017","193028","191001","192003","43000","1","43000","0","43000","1","1","1","IBIP0106191300","NHO2018000009","PAID","","193028"),
("IBIPT190000018","193035","191001","192006","32000","1","32000","0","32000","1","1","1","IBIP0106191300","NHO2018000009","PAID","","PEDAS"),
("IBIPT190000018","193029","191001","192004","27000","1","27000","0","27000","1","1","1","IBIP0106191300","NHO2018000009","PAID","","193029"),
("IBIPT190000018","193046","191002","192010","8000","1","8000","0","8000","1","1","1","IBIP0106191300","NHO2018000009","PAID","","193046"),
("IBIPT190000019","193022","191001","192003","30000","1","30000","0","30000","1","1","1","IBIP0106191300","NHO2018000009","PAID","","193022"),
("IBIPT190000019","193022","191001","192003","30000","1","30000","0","30000","2","1","1","IBIP0106191300","NHO2018000009","PAID","","193022"),
("IBIPT190000019","193046","191002","192010","8000","1","8000","0","8000","1","1","1","IBIP0106191300","NHO2018000009","PAID","","193046");



INSERT INTO pos_salestemp VALUES("IBIPT190000001","","0","42000","0","4200","0","46200","50000","01/06/2019","13:00","01/06/2019","13:41:47","IBIP000002","tbl0004","CLOSED","1","","IBIPR190000001","","","","","IBIP0106191300","NHO2018000009"),
("IBIPT190000002","","0","8000","0","800","0","8800","10000","01/06/2019","14:31","01/06/2019","14:33:33","IBIP000002","takeaway","CLOSED","1","","IBIPR190000002","","","","","IBIP0106191300","NHO2018000009"),
("IBIPT190000003","","1","97000","0","9700","0","106700","120000","01/06/2019","16:26","01/06/2019","16:35:51","IBIP000002","tbl0010","CLOSED","1","","IBIPR190000003","","","","","IBIP0106191300","NHO2018000009"),
("IBIPT190000004","","2","114000","0","11400","0","125400","130000","01/06/2019","17:02","01/06/2019","17:22:18","IBIP000002","tbl0012","CLOSED","1","","IBIPR190000005","","","","","IBIP0106191300","NHO2018000009"),
("IBIPT190000005","","0","18000","0","1800","0","19800","20000","01/06/2019","17:06","01/06/2019","17:07:11","IBIP000002","takeaway","CLOSED","1","","IBIPR190000004","","","","","IBIP0106191300","NHO2018000009"),
("IBIPT190000006","","0","155000","0","15500","0","170500","200000","01/06/2019","17:20","01/06/2019","17:43:59","IBIP000002","tbl0013","CLOSED","1","","IBIPR190000007","","","","","IBIP0106191300","NHO2018000009"),
("IBIPT190000007","","2","27000","0","2700","0","29700","50000","01/06/2019","17:25","01/06/2019","17:26:14","IBIP000002","tbl0012","CLOSED","1","","IBIPR190000006","","","","","IBIP0106191300","NHO2018000009"),
("IBIPT190000008","","2","114000","0","11400","0","125400","125500","01/06/2019","17:28","01/06/2019","18:33:29","IBIP000002","tbl0014","CLOSED","1","","IBIPR190000014","","","","","IBIP0106191300","NHO2018000009"),
("IBIPT190000009","","2","107000","0","10700","0","117700","120000","01/06/2019","17:40","01/06/2019","17:50:51","IBIP000002","tbl0010","CLOSED","1","","IBIPR190000008","","","","","IBIP0106191300","NHO2018000009"),
("IBIPT190000010","","0","0","0","0","0","0","0","01/06/2019","17:44","01/06/2019","21:33:11","IBIP000002","tbl0050","CLOSED","1","","IBIPR190000019","","","","","IBIP0106191300","NHO2018000009"),
("IBIPT190000011","","2","167000","0","16700","0","183700","200000","01/06/2019","17:48","01/06/2019","18:29:22","IBIP000002","tbl0006","CLOSED","1","","IBIPR190000013","","","","","IBIP0106191300","NHO2018000009"),
("IBIPT190000012","","0","17000","0","1700","0","18700","20000","01/06/2019","17:55","01/06/2019","18:28:38","IBIP000002","tbl0013","CLOSED","1","","IBIPR190000012","","","","","IBIP0106191300","NHO2018000009"),
("IBIPT190000013","","1","16000","0","1600","0","17600","20000","01/06/2019","18:03","01/06/2019","18:03:36","IBIP000002","tbl0012","CLOSED","1","","IBIPR190000009","","","","","IBIP0106191300","NHO2018000009"),
("IBIPT190000014","","1","68000","0","6800","0","74800","100000","01/06/2019","18:03","01/06/2019","18:07:17","IBIP000002","tbl0008","CLOSED","1","","IBIPR190000010","","","","","IBIP0106191300","NHO2018000009"),
("IBIPT190000015","","2","86000","0","8600","0","94600","100000","01/06/2019","18:08","01/06/2019","18:11:53","IBIP000002","tbl0009","CLOSED","1","","IBIPR190000011","","","","","IBIP0106191300","NHO2018000009"),
("IBIPT190000016","","1","51000","0","5100","0","56100","100000","01/06/2019","18:12","01/06/2019","18:35:19","IBIP000002","tbl0003","CLOSED","1","","IBIPR190000015","","","","","IBIP0106191300","NHO2018000009"),
("IBIPT190000017","","2","125000","0","12500","0","137500","137500","01/06/2019","18:44","01/06/2019","20:30:20","IBIP000002","tbl0013","CLOSED","1","","IBIPR190000017","","","","","IBIP0106191300","NHO2018000009"),
("IBIPT190000018","","2","67000","0","6700","0","73700","100000","01/06/2019","19:36","01/06/2019","19:39:10","IBIP000002","tbl0004","CLOSED","1","","IBIPR190000016","","","","","IBIP0106191300","NHO2018000009"),
("IBIPT190000019","","2","68000","0","6800","0","74800","100000","01/06/2019","20:21","01/06/2019","20:45:03","IBIP000002","tbl0005","CLOSED","1","","IBIPR190000018","","","","","IBIP0106191300","NHO2018000009");












INSERT INTO pos_paymenttemp VALUES("IBIPT190000001","CASH","CASH","46200","50000","IBIP000002","2019-06-01","","1","","CLOSED","IBIP0106191300","NHO2018000009"),
("IBIPT190000002","CASH","CASH","8800","10000","IBIP000002","2019-06-01","","1","","CLOSED","IBIP0106191300","NHO2018000009"),
("IBIPT190000003","CASH","CASH","106700","120000","IBIP000002","2019-06-01","","1","","CLOSED","IBIP0106191300","NHO2018000009"),
("IBIPT190000005","CASH","CASH","19800","20000","IBIP000002","2019-06-01","","1","","CLOSED","IBIP0106191300","NHO2018000009"),
("IBIPT190000004","VOUCHER","ISOIDE OPENING VOUCHER 25","25000","25000","IBIP000002","2019-06-01","","1","","CLOSED","IBIP0106191300","NHO2018000009"),
("IBIPT190000004","CASH","CASH","100400","105000","IBIP000002","2019-06-01","","1","","CLOSED","IBIP0106191300","NHO2018000009"),
("IBIPT190000007","CASH","CASH","29700","50000","IBIP000002","2019-06-01","","1","","CLOSED","IBIP0106191300","NHO2018000009"),
("IBIPT190000006","CASH","CASH","170500","200000","IBIP000002","2019-06-01","","1","","CLOSED","IBIP0106191300","NHO2018000009"),
("IBIPT190000009","CASH","CASH","117700","120000","IBIP000002","2019-06-01","","1","","CLOSED","IBIP0106191300","NHO2018000009"),
("IBIPT190000013","CASH","CASH","17600","20000","IBIP000002","2019-06-01","","1","","CLOSED","IBIP0106191300","NHO2018000009"),
("IBIPT190000014","CASH","CASH","74800","100000","IBIP000002","2019-06-01","","1","","CLOSED","IBIP0106191300","NHO2018000009"),
("IBIPT190000015","CASH","CASH","94600","100000","IBIP000002","2019-06-01","","1","","CLOSED","IBIP0106191300","NHO2018000009"),
("IBIPT190000012","CASH","CASH","18700","20000","IBIP000002","2019-06-01","","1","","CLOSED","IBIP0106191300","NHO2018000009"),
("IBIPT190000011","CASH","CASH","183700","200000","IBIP000002","2019-06-01","","1","","CLOSED","IBIP0106191300","NHO2018000009"),
("IBIPT190000008","VOUCHER","ISOIDE OPENING VOUCHER 25","25000","25000","IBIP000002","2019-06-01","","1","","CLOSED","IBIP0106191300","NHO2018000009"),
("IBIPT190000008","CASH","CASH","100400","100500","IBIP000002","2019-06-01","","1","","CLOSED","IBIP0106191300","NHO2018000009"),
("IBIPT190000016","CASH","CASH","56100","100000","IBIP000002","2019-06-01","","1","","CLOSED","IBIP0106191300","NHO2018000009"),
("IBIPT190000018","CASH","CASH","73700","100000","IBIP000002","2019-06-01","","1","","CLOSED","IBIP0106191300","NHO2018000009"),
("IBIPT190000017","CARD","DEBIT BCA","137500","137500","IBIP000002","2019-06-01","","1","","CLOSED","IBIP0106191300","NHO2018000009"),
("IBIPT190000019","CASH","CASH","74800","100000","IBIP000002","2019-06-01","","1","","CLOSED","IBIP0106191300","NHO2018000009");



