INSERT INTO pos_itemtemp VALUES("IBIPT190000057","193001","191001","192001","30000","1","30000","0","30000","1","1","1","IBIP0406190948","NHO2018000009","PAID","","193001"),
("IBIPT190000057","193014","191001","192002","33000","1","33000","0","33000","1","1","1","IBIP0406190948","NHO2018000009","PAID","","193014"),
("IBIPT190000057","193043","191001","192008","25000","1","25000","0","25000","1","1","1","IBIP0406190948","NHO2018000009","PAID","","193043"),
("IBIPT190000057","193047","191002","192010","8000","1","8000","0","8000","1","1","1","IBIP0406190948","NHO2018000009","PAID","","193047"),
("IBIPT190000057","193047","191002","192010","8000","1","8000","0","8000","2","1","1","IBIP0406190948","NHO2018000009","PAID","","193047"),
("IBIPT190000058","193048","191002","192010","8000","1","8000","0","8000","1","1","1","IBIP0406190948","NHO2018000009","PAID","","193048"),
("IBIPT190000061","193049","191002","192010","10000","1","10000","0","10000","1","1","1","IBIP0406190948","NHO2018000009","PAID","","193049"),
("IBIPT190000062","193046","191002","192010","8000","1","8000","0","8000","1","1","1","IBIP0406190948","NHO2018000009","PAID","","193046"),
("IBIPT190000062","193041","191001","192008","20000","1","20000","0","20000","1","1","1","IBIP0406190948","NHO2018000009","PAID","","193041"),
("IBIPT190000063","193048","191002","192010","8000","1","8000","0","8000","1","1","1","IBIP0406190948","NHO2018000009","PAID","","193048"),
("IBIPT190000063","193046","191002","192010","8000","1","8000","0","8000","1","1","1","IBIP0406190948","NHO2018000009","PAID","","193046"),
("IBIPT190000063","193046","191002","192010","8000","1","8000","0","8000","2","1","1","IBIP0406190948","NHO2018000009","PAID","","193046"),
("IBIPT190000063","193020","191001","192002","40000","1","40000","0","40000","1","1","1","IBIP0406190948","NHO2018000009","PAID","","193020"),
("IBIPT190000063","193013","191001","192002","33000","1","33000","0","33000","1","1","1","IBIP0406190948","NHO2018000009","PAID","pedes sedang\n","ORIGINAL"),
("IBIPT190000063","193055","191002","192010","17000","1","17000","0","17000","1","1","1","IBIP0406190948","NHO2018000009","PAID","","193055"),
("IBIPT190000063","193050","191002","192010","20000","1","20000","0","20000","1","1","1","IBIP0406190948","NHO2018000009","PAID","","193050"),
("IBIPT190000063","193003","191001","192001","30000","1","30000","0","30000","1","1","1","IBIP0406190948","NHO2018000009","PAID","","ORIGINAL"),
("IBIPT190000063","193013","191001","192002","33000","1","33000","0","33000","2","1","1","IBIP0406190948","NHO2018000009","PAID","","ORIGINAL"),
("IBIPT190000063","193055","191002","192010","17000","1","17000","0","17000","2","1","2","IBIP0406190948","NHO2018000009","PAID","","193055"),
("IBIPT190000063","193055","191002","192010","17000","1","17000","0","17000","3","1","2","IBIP0406190948","NHO2018000009","PAID","","193055"),
("IBIPT190000064","193003","191001","192001","30000","1","30000","0","30000","1","1","1","IBIP0406190948","NHO2018000009","PAID","","ORIGINAL"),
("IBIPT190000064","193046","191002","192010","8000","1","8000","0","8000","1","1","1","IBIP0406190948","NHO2018000009","PAID","","193046"),
("IBIPT190000063","193066","191003","192011","0","1","0","0","0","1","1","3","IBIP0406190948","NHO2018000009","PAID","","193066"),
("IBIPT190000063","193066","191003","192011","0","1","0","0","0","2","1","3","IBIP0406190948","NHO2018000009","PAID","","193066"),
("IBIPT190000065","193002","191001","192001","30000","1","30000","0","30000","1","1","1","IBIP0406190948","NHO2018000009","PAID","chiken pisah cabenya oke ","193002"),
("IBIPT190000066","193022","191001","192003","30000","1","30000","0","30000","1","1","1","IBIP0406190948","NHO2018000009","PAID","","193022"),
("IBIPT190000066","193046","191002","192010","8000","1","8000","0","8000","1","1","1","IBIP0406190948","NHO2018000009","PAID","","193046");



INSERT INTO pos_salestemp VALUES("IBIPT190000056","","0","0","0","0","0","0","0","04/06/2019","10:19","04/06/2019","14:01:10","IBIP000002","takeaway","CANCELED","1","PERMINTAAN CUSTOMER","","","","","","IBIP0406190948","NHO2018000009"),
("IBIPT190000057","","1","104000","0","10920","5200","120120","150000","04/06/2019","10:20","04/06/2019","12:49:45","IBIP000003","tbl0015","CLOSED","1","","IBIPR190000052","","","","","IBIP0406190948","NHO2018000009"),
("IBIPT190000058","","1","8000","0","840","400","9240","20000","04/06/2019","13:06","04/06/2019","13:07:33","IBIP000003","takeaway","CLOSED","1","","IBIPR190000053","","","","","IBIP0406190948","NHO2018000009"),
("IBIPT190000059","","1","0","0","0","0","0","0","04/06/2019","13:37","04/06/2019","14:00:53","IBIP000002","tbl0001","CANCELED","1","PERMINTAAN CUSTOMER","","","","","","IBIP0406190948","NHO2018000009"),
("IBIPT190000060","","1","0","0","0","0","0","0","04/06/2019","14:15","04/06/2019","14:17:08","IBIP000002","tbl0001","CANCELED","1","PERMINTAAN CUSTOMER","","","","","","IBIP0406190948","NHO2018000009"),
("IBIPT190000061","","1","10000","0","1050","500","11550","12000","04/06/2019","16:26","04/06/2019","16:27:12","IBIP000002","takeaway","CLOSED","1","","IBIPR190000054","","","","","IBIP0406190948","NHO2018000009"),
("IBIPT190000062","","1","28000","0","2940","1400","32340","50000","04/06/2019","17:50","04/06/2019","18:05:52","IBIP000002","tbl0014","CLOSED","1","","IBIPR190000055","","","","","IBIP0406190948","NHO2018000009"),
("IBIPT190000063","","2","231000","0","24255","11550","266805","266805","04/06/2019","17:52","04/06/2019","18:32:23","IBIP000002","tbl0005","CLOSED","1","","IBIPR190000056","","","","","IBIP0406190948","NHO2018000009"),
("IBIPT190000064","","1","38000","0","3990","1900","43890","100000","04/06/2019","18:18","04/06/2019","18:47:01","IBIP000002","tbl0016","CLOSED","1","","IBIPR190000058","","","","","IBIP0406190948","NHO2018000009"),
("IBIPT190000065","","1","30000","0","3150","1500","34650","46000","04/06/2019","18:35","04/06/2019","18:39:38","IBIP000002","takeaway","CLOSED","1","","IBIPR190000057","","","","","IBIP0406190948","NHO2018000009"),
("IBIPT190000066","","2","38000","0","3990","1900","43890","100000","04/06/2019","19:43","04/06/2019","19:56:49","IBIP000002","tbl0016","CLOSED","1","","IBIPR190000059","","","","","IBIP0406190948","NHO2018000009");



INSERT INTO item_void VALUES("IBIPT190000060","IBIP0406190948","NHO2018000009","193067","193067","1","7000","After Send","Komplen Customer"),
("IBIPT190000065","IBIP0406190948","NHO2018000009","193010","193010","1","40000","After Send","Komplen Customer");









INSERT INTO pos_paymenttemp VALUES("IBIPT190000057","CASH","CASH","120120","150000","IBIP000003","2019-06-04","","1","","CLOSED","IBIP0406190948","NHO2018000009"),
("IBIPT190000058","CASH","CASH","9240","20000","IBIP000003","2019-06-04","","1","","CLOSED","IBIP0406190948","NHO2018000009"),
("IBIPT190000061","CASH","CASH","11550","12000","IBIP000002","2019-06-04","","1","","CLOSED","IBIP0406190948","NHO2018000009"),
("IBIPT190000062","CASH","CASH","32340","50000","IBIP000002","2019-06-04","","1","","CLOSED","IBIP0406190948","NHO2018000009"),
("IBIPT190000063","CARD","DEBIT BCA","266805","266805","IBIP000002","2019-06-04","","1","","CLOSED","IBIP0406190948","NHO2018000009"),
("IBIPT190000065","CASH","CASH","34650","46000","IBIP000002","2019-06-04","","1","","CLOSED","IBIP0406190948","NHO2018000009"),
("IBIPT190000064","CASH","CASH","43890","100000","IBIP000002","2019-06-04","","1","","CLOSED","IBIP0406190948","NHO2018000009"),
("IBIPT190000066","CASH","CASH","43890","100000","IBIP000002","2019-06-04","","1","","CLOSED","IBIP0406190948","NHO2018000009");



