INSERT INTO pos_itemtemp VALUES("IBIPT190000096","193022","191001","192003","30000","1","30000","0","30000","1","1","1","IBIP1106190853","NHO2018000009","PAID","","193022"),
("IBIPT190000096","193055","191002","192010","17000","1","17000","0","17000","1","1","1","IBIP1106190853","NHO2018000009","PAID","hot","193055"),
("IBIPT190000097","193052","191002","192010","20000","1","20000","0","20000","1","1","1","IBIP1106190853","NHO2018000009","PAID","","193052"),
("IBIPT190000097","193052","191002","192010","20000","1","20000","0","20000","2","1","1","IBIP1106190853","NHO2018000009","PAID","","193052"),
("IBIPT190000097","193052","191002","192010","20000","1","20000","0","20000","3","1","1","IBIP1106190853","NHO2018000009","PAID","","193052"),
("IBIPT190000097","193028","191001","192003","43000","1","43000","0","43000","1","1","1","IBIP1106190853","NHO2018000009","PAID","","193028"),
("IBIPT190000097","193028","191001","192003","43000","1","43000","0","43000","2","1","1","IBIP1106190853","NHO2018000009","PAID","","193028"),
("IBIPT190000097","193010","191001","192001","40000","1","40000","0","40000","1","1","1","IBIP1106190853","NHO2018000009","PAID","","193010"),
("IBIPT190000098","193023","191001","192003","30000","1","30000","0","30000","1","1","1","IBIP1106190853","NHO2018000009","PAID","","193023"),
("IBIPT190000098","193024","191001","192003","30000","1","30000","0","30000","1","1","1","IBIP1106190853","NHO2018000009","PAID","","193024"),
("IBIPT190000098","193046","191002","192010","8000","1","8000","0","8000","1","1","1","IBIP1106190853","NHO2018000009","PAID","","193046"),
("IBIPT190000098","193046","191002","192010","8000","1","8000","0","8000","2","1","1","IBIP1106190853","NHO2018000009","PAID","","193046"),
("IBIPT190000098","193046","191002","192010","8000","1","8000","0","8000","3","1","1","IBIP1106190853","NHO2018000009","PAID","","193046"),
("IBIPT190000098","193029","191001","192004","27000","1","27000","0","27000","1","1","1","IBIP1106190853","NHO2018000009","PAID","","193029"),
("IBIPT190000098","193047","191002","192010","8000","1","8000","0","8000","1","1","1","IBIP1106190853","NHO2018000009","PAID","","193047"),
("IBIPT190000098","193001","191001","192001","30000","1","30000","0","30000","1","1","1","IBIP1106190853","NHO2018000009","PAID","chiken","193001"),
("IBIPT190000098","193068","191003","192011","0","1","0","0","0","1","1","2","IBIP1106190853","NHO2018000009","PAID","","193068"),
("IBIPT190000099","193003","191001","192001","30000","1","30000","0","30000","1","1","1","IBIP1106190853","NHO2018000009","PAID","ramen beef","PEDAS"),
("IBIPT190000099","193068","191003","192011","0","1","0","0","0","1","1","2","IBIP1106190853","NHO2018000009","PAID","","193068");



INSERT INTO pos_salestemp VALUES("IBIPT190000096","","1","47000","0","4700","0","51700","55000","11/06/2019","12:20","11/06/2019","14:34:36","IBIP000002","tbl0011","CLOSED","1","","IBIPR190000088","","","","","IBIP1106190853","NHO2018000009"),
("IBIPT190000097","","2","186000","0","18600","0","204600","210000","11/06/2019","14:19","11/06/2019","15:23:06","IBIP000002","tbl0015","CLOSED","1","","IBIPR190000089","","","","","IBIP1106190853","NHO2018000009"),
("IBIPT190000098","","3","149000","0","14900","0","163900","163900","11/06/2019","16:01","11/06/2019","17:41:06","IBIP000003","tbl0009","CLOSED","1","","IBIPR190000090","","","","","IBIP1106190853","NHO2018000009"),
("IBIPT190000099","","1","30000","0","3000","0","33000","100000","11/06/2019","21:22","11/06/2019","21:46:42","IBIP000003","tbl0009","CLOSED","1","","IBIPR190000091","","","","","IBIP1106190853","NHO2018000009");












INSERT INTO pos_paymenttemp VALUES("IBIPT190000096","CASH","CASH","51700","55000","IBIP000002","2019-06-11","","1","","CLOSED","IBIP1106190853","NHO2018000009"),
("IBIPT190000097","CASH","CASH","204600","210000","IBIP000002","2019-06-11","","1","","CLOSED","IBIP1106190853","NHO2018000009"),
("IBIPT190000098","CARD","DEBIT BCA","163900","163900","IBIP000003","2019-06-11","","1","","CLOSED","IBIP1106190853","NHO2018000009"),
("IBIPT190000099","CASH","CASH","33000","100000","IBIP000003","2019-06-11","","1","","CLOSED","IBIP1106190853","NHO2018000009");



