INSERT INTO pos_itemtemp VALUES("IBIPT190000020","193022","191001","192003","30000","1","30000","0","30000","1","1","1","IBIP0206190916","NHO2018000009","PAID","","193022"),
("IBIPT190000020","193055","191002","192010","17000","1","17000","0","17000","1","1","1","IBIP0206190916","NHO2018000009","PAID","","193055"),
("IBIPT190000021","193001","191001","192001","30000","1","30000","0","30000","1","1","1","IBIP0206190916","NHO2018000009","PAID","","193001"),
("IBIPT190000021","193046","191002","192010","8000","1","8000","0","8000","1","1","1","IBIP0206190916","NHO2018000009","PAID","","193046"),
("IBIPT190000022","193027","191001","192003","43000","1","43000","0","43000","1","1","1","IBIP0206190916","NHO2018000009","PAID","","193027"),
("IBIPT190000022","193013","191001","192002","33000","1","33000","0","33000","1","1","1","IBIP0206190916","NHO2018000009","PAID","","PEDAS"),
("IBIPT190000022","193001","191001","192001","30000","1","30000","0","30000","1","1","1","IBIP0206190916","NHO2018000009","PAID","","193001"),
("IBIPT190000022","193033","191001","192005","42000","1","42000","0","42000","1","1","1","IBIP0206190916","NHO2018000009","PAID","","193033"),
("IBIPT190000022","193033","191001","192005","42000","1","42000","0","42000","2","1","1","IBIP0206190916","NHO2018000009","PAID","","193033"),
("IBIPT190000022","193055","191002","192010","17000","1","17000","0","17000","1","1","1","IBIP0206190916","NHO2018000009","PAID","","193055"),
("IBIPT190000022","193055","191002","192010","17000","1","17000","0","17000","2","1","1","IBIP0206190916","NHO2018000009","PAID","","193055"),
("IBIPT190000022","193055","191002","192010","17000","1","17000","0","17000","3","1","1","IBIP0206190916","NHO2018000009","PAID","","193055"),
("IBIPT190000022","193056","191002","192010","17000","1","17000","0","17000","1","1","1","IBIP0206190916","NHO2018000009","PAID","","193056"),
("IBIPT190000022","193048","191002","192010","8000","1","8000","0","8000","1","1","1","IBIP0206190916","NHO2018000009","PAID","","193048"),
("IBIPT190000023","193022","191001","192003","30000","1","30000","0","30000","1","1","1","IBIP0206190916","NHO2018000009","PAID","","193022"),
("IBIPT190000023","193033","191001","192005","42000","1","42000","0","42000","1","1","1","IBIP0206190916","NHO2018000009","PAID","","193033"),
("IBIPT190000023","193046","191002","192010","8000","1","8000","0","8000","1","1","1","IBIP0206190916","NHO2018000009","PAID","","193046"),
("IBIPT190000023","193051","191002","192010","20000","1","20000","0","20000","1","1","1","IBIP0206190916","NHO2018000009","PAID","","193051"),
("IBIPT190000023","193056","191002","192010","17000","1","17000","0","17000","1","1","1","IBIP0206190916","NHO2018000009","PAID","","193056"),
("IBIPT190000022","193007","191001","192001","37000","1","37000","0","37000","1","1","2","IBIP0206190916","NHO2018000009","PAID","","PEDAS"),
("IBIPT190000022","193054","191002","192010","20000","1","20000","0","20000","1","1","2","IBIP0206190916","NHO2018000009","PAID","","193054"),
("IBIPT190000022","193013","191001","192002","33000","1","33000","0","33000","2","1","2","IBIP0206190916","NHO2018000009","PAID","","ORIGINAL"),
("IBIPT190000022","193001","191001","192001","30000","1","30000","0","30000","2","1","2","IBIP0206190916","NHO2018000009","PAID","","193001"),
("IBIPT190000022","193052","191002","192010","20000","1","20000","0","20000","1","1","2","IBIP0206190916","NHO2018000009","PAID","","193052"),
("IBIPT190000024","193033","191001","192005","42000","1","42000","0","42000","1","1","1","IBIP0206190916","NHO2018000009","PAID","","193033"),
("IBIPT190000024","193029","191001","192004","27000","1","27000","0","27000","1","1","1","IBIP0206190916","NHO2018000009","PAID","","193029"),
("IBIPT190000024","193055","191002","192010","17000","1","17000","0","17000","1","1","1","IBIP0206190916","NHO2018000009","PAID","","193055"),
("IBIPT190000024","193055","191002","192010","17000","1","17000","0","17000","2","1","1","IBIP0206190916","NHO2018000009","PAID","","193055"),
("IBIPT190000024","193048","191002","192010","8000","1","8000","0","8000","1","1","1","IBIP0206190916","NHO2018000009","PAID","","193048"),
("IBIPT190000024","193035","191001","192006","32000","1","32000","0","32000","1","1","1","IBIP0206190916","NHO2018000009","PAID","","ORIGINAL"),
("IBIPT190000024","193046","191002","192010","8000","1","8000","0","8000","1","1","1","IBIP0206190916","NHO2018000009","PAID","","193046"),
("IBIPT190000025","193028","191001","192003","43000","1","43000","0","43000","1","1","1","IBIP0206190916","NHO2018000009","PAID","","193028"),
("IBIPT190000025","193029","191001","192004","27000","1","27000","0","27000","1","1","1","IBIP0206190916","NHO2018000009","PAID","","193029"),
("IBIPT190000025","193003","191001","192001","30000","1","30000","0","30000","1","1","1","IBIP0206190916","NHO2018000009","PAID","","PEDAS"),
("IBIPT190000025","193046","191002","192010","8000","1","8000","0","8000","1","1","1","IBIP0206190916","NHO2018000009","PAID","","193046"),
("IBIPT190000025","193047","191002","192010","8000","1","8000","0","8000","1","1","1","IBIP0206190916","NHO2018000009","PAID","","193047"),
("IBIPT190000025","193047","191002","192010","8000","1","8000","0","8000","2","1","1","IBIP0206190916","NHO2018000009","PAID","","193047"),
("IBIPT190000025","193047","191002","192010","8000","1","8000","0","8000","3","1","1","IBIP0206190916","NHO2018000009","PAID","","193047"),
("IBIPT190000025","193002","191001","192001","30000","1","30000","0","30000","1","1","2","IBIP0206190916","NHO2018000009","PAID","","193002"),
("IBIPT190000026","193001","191001","192001","30000","1","30000","0","30000","1","1","1","IBIP0206190916","NHO2018000009","PAID","","193001"),
("IBIPT190000026","193052","191002","192010","20000","1","20000","0","20000","1","1","2","IBIP0206190916","NHO2018000009","PAID","","193052"),
("IBIPT190000026","193023","191001","192003","30000","1","30000","0","30000","1","1","2","IBIP0206190916","NHO2018000009","PAID","","193023"),
("IBIPT190000027","193052","191002","192010","20000","1","20000","0","20000","1","1","1","IBIP0206190916","NHO2018000009","PAID","","193052"),
("IBIPT190000027","193028","191001","192003","43000","1","43000","0","43000","1","1","1","IBIP0206190916","NHO2018000009","PAID","","193028"),
("IBIPT190000027","193028","191001","192003","43000","1","43000","0","43000","2","1","1","IBIP0206190916","NHO2018000009","PAID","","193028"),
("IBIPT190000027","193056","191002","192010","17000","1","17000","0","17000","1","1","1","IBIP0206190916","NHO2018000009","PAID","","193056"),
("IBIPT190000027","193056","191002","192010","17000","1","17000","0","17000","2","1","1","IBIP0206190916","NHO2018000009","PAID","","193056"),
("IBIPT190000027","193056","191002","192010","17000","1","17000","0","17000","3","1","1","IBIP0206190916","NHO2018000009","PAID","","193056"),
("IBIPT190000027","193056","191002","192010","17000","1","17000","0","17000","4","1","1","IBIP0206190916","NHO2018000009","PAID","","193056"),
("IBIPT190000027","193048","191002","192010","8000","1","8000","0","8000","1","1","2","IBIP0206190916","NHO2018000009","PAID","","193048"),
("IBIPT190000027","193048","191002","192010","8000","1","8000","0","8000","2","1","2","IBIP0206190916","NHO2018000009","PAID","","193048"),
("IBIPT190000027","193048","191002","192010","8000","1","8000","0","8000","3","1","2","IBIP0206190916","NHO2018000009","PAID","","193048"),
("IBIPT190000027","193035","191001","192006","32000","1","32000","0","32000","1","1","2","IBIP0206190916","NHO2018000009","PAID","","ORIGINAL"),
("IBIPT190000027","193043","191001","192008","25000","1","25000","0","25000","1","1","2","IBIP0206190916","NHO2018000009","PAID","","193043"),
("IBIPT190000027","193011","191001","192001","40000","1","40000","0","40000","1","1","2","IBIP0206190916","NHO2018000009","PAID","","PEDAS"),
("IBIPT190000027","193002","191001","192001","30000","1","30000","0","30000","1","1","2","IBIP0206190916","NHO2018000009","PAID","","193002"),
("IBIPT190000028","193046","191002","192010","8000","1","8000","0","8000","1","1","1","IBIP0206190916","NHO2018000009","PAID","","193046"),
("IBIPT190000028","193025","191001","192003","30000","1","30000","0","30000","1","1","1","IBIP0206190916","NHO2018000009","PAID","","193025"),
("IBIPT190000028","193052","191002","192010","20000","1","20000","0","20000","1","1","1","IBIP0206190916","NHO2018000009","PAID","","193052"),
("IBIPT190000028","193003","191001","192001","30000","1","30000","0","30000","1","1","1","IBIP0206190916","NHO2018000009","PAID","","PEDAS"),
("IBIPT190000029","193024","191001","192003","30000","1","30000","0","30000","1","1","1","IBIP0206190916","NHO2018000009","PAID","","193024"),
("IBIPT190000029","193022","191001","192003","30000","1","30000","0","30000","1","1","1","IBIP0206190916","NHO2018000009","PAID","","193022"),
("IBIPT190000029","193027","191001","192003","43000","1","43000","0","43000","1","1","1","IBIP0206190916","NHO2018000009","PAID","","193027"),
("IBIPT190000029","193051","191002","192010","20000","1","20000","0","20000","1","1","1","IBIP0206190916","NHO2018000009","PAID","","193051"),
("IBIPT190000029","193046","191002","192010","8000","1","8000","0","8000","1","1","1","IBIP0206190916","NHO2018000009","PAID","","193046"),
("IBIPT190000029","193046","191002","192010","8000","1","8000","0","8000","2","1","1","IBIP0206190916","NHO2018000009","PAID","","193046"),
("IBIPT190000029","193056","191002","192010","17000","1","17000","0","17000","1","1","1","IBIP0206190916","NHO2018000009","PAID","","193056"),
("IBIPT190000029","193025","191001","192003","30000","1","30000","0","30000","1","1","1","IBIP0206190916","NHO2018000009","PAID","","193025"),
("IBIPT190000028","193048","191002","192010","8000","1","8000","0","8000","1","1","2","IBIP0206190916","NHO2018000009","PAID","","193048"),
("IBIPT190000022","193052","191002","192010","20000","1","20000","0","20000","2","1","3","IBIP0206190916","NHO2018000009","PAID","","193052"),
("IBIPT190000022","193048","191002","192010","8000","1","8000","0","8000","2","1","4","IBIP0206190916","NHO2018000009","PAID","","193048"),
("IBIPT190000022","193001","191001","192001","30000","1","30000","0","30000","3","1","5","IBIP0206190916","NHO2018000009","PAID","beef\n","193001"),
("IBIPT190000030","193002","191001","192001","30000","1","30000","0","30000","1","1","1","IBIP0206190916","NHO2018000009","PAID","beef","193002"),
("IBIPT190000030","193003","191001","192001","30000","1","30000","0","30000","1","1","1","IBIP0206190916","NHO2018000009","PAID","beff","ORIGINAL"),
("IBIPT190000030","193022","191001","192003","30000","1","30000","0","30000","1","1","1","IBIP0206190916","NHO2018000009","PAID","","193022"),
("IBIPT190000030","193022","191001","192003","30000","1","30000","0","30000","2","1","1","IBIP0206190916","NHO2018000009","PAID","","193022"),
("IBIPT190000030","193046","191002","192010","8000","1","8000","0","8000","1","1","1","IBIP0206190916","NHO2018000009","PAID","","193046"),
("IBIPT190000030","193046","191002","192010","8000","1","8000","0","8000","2","1","1","IBIP0206190916","NHO2018000009","PAID","","193046"),
("IBIPT190000030","193047","191002","192010","8000","1","8000","0","8000","1","1","1","IBIP0206190916","NHO2018000009","PAID","","193047"),
("IBIPT190000030","193056","191002","192010","17000","1","17000","0","17000","1","1","1","IBIP0206190916","NHO2018000009","PAID","","193056"),
("IBIPT190000031","193066","191003","192011","0","1","0","0","0","1","1","1","IBIP0206190916","NHO2018000009","PAID","","193066"),
("IBIPT190000031","193066","191003","192011","0","1","0","0","0","2","1","1","IBIP0206190916","NHO2018000009","PAID","","193066"),
("IBIPT190000028","193052","191002","192010","20000","1","20000","0","20000","2","1","3","IBIP0206190916","NHO2018000009","PAID","","193052"),
("IBIPT190000023","193054","191002","192010","20000","1","20000","0","20000","1","1","2","IBIP0206190916","NHO2018000009","PAID","","193054"),
("IBIPT190000023","193051","191002","192010","20000","1","20000","0","20000","2","1","2","IBIP0206190916","NHO2018000009","PAID","","193051"),
("IBIPT190000031","193066","191003","192011","0","1","0","0","0","3","1","2","IBIP0206190916","NHO2018000009","PAID","","193066"),
("IBIPT190000031","193066","191003","192011","0","1","0","0","0","4","1","2","IBIP0206190916","NHO2018000009","PAID","","193066"),
("IBIPT190000032","193014","191001","192002","33000","1","33000","0","33000","1","1","1","IBIP0206190916","NHO2018000009","PAID","","193014"),
("IBIPT190000032","193056","191002","192010","17000","1","17000","0","17000","1","1","1","IBIP0206190916","NHO2018000009","PAID","","193056"),
("IBIPT190000032","193046","191002","192010","8000","1","8000","0","8000","1","1","1","IBIP0206190916","NHO2018000009","PAID","","193046"),
("IBIPT190000032","193027","191001","192003","43000","1","43000","0","43000","1","1","1","IBIP0206190916","NHO2018000009","PAID","","193027"),
("IBIPT190000033","193052","191002","192010","20000","1","20000","0","20000","1","1","1","IBIP0206190916","NHO2018000009","PAID","","193052"),
("IBIPT190000033","193049","191002","192010","10000","1","10000","0","10000","1","1","1","IBIP0206190916","NHO2018000009","PAID","","193049"),
("IBIPT190000034","193002","191001","192001","30000","1","30000","0","30000","1","1","1","IBIP0206190916","NHO2018000009","PAID","beef","193002"),
("IBIPT190000034","193002","191001","192001","30000","1","30000","0","30000","2","1","1","IBIP0206190916","NHO2018000009","PAID","","193002"),
("IBIPT190000034","193001","191001","192001","30000","1","30000","0","30000","1","1","1","IBIP0206190916","NHO2018000009","PAID","","193001"),
("IBIPT190000034","193046","191002","192010","8000","1","8000","0","8000","1","1","1","IBIP0206190916","NHO2018000009","PAID","","193046"),
("IBIPT190000034","193046","191002","192010","8000","1","8000","0","8000","2","1","1","IBIP0206190916","NHO2018000009","PAID","","193046"),
("IBIPT190000034","193046","191002","192010","8000","1","8000","0","8000","3","1","1","IBIP0206190916","NHO2018000009","PAID","","193046"),
("IBIPT190000023","193053","191002","192010","20000","1","20000","0","20000","1","1","3","IBIP0206190916","NHO2018000009","PAID","","193053"),
("IBIPT190000031","193066","191003","192011","0","1","0","0","0","5","1","3","IBIP0206190916","NHO2018000009","PAID","","193066"),
("IBIPT190000031","193066","191003","192011","0","1","0","0","0","6","1","3","IBIP0206190916","NHO2018000009","PAID","","193066"),
("IBIPT190000031","193066","191003","192011","0","1","0","0","0","7","1","4","IBIP0206190916","NHO2018000009","PAID","","193066"),
("IBIPT190000031","193066","191003","192011","0","1","0","0","0","8","1","4","IBIP0206190916","NHO2018000009","PAID","","193066"),
("IBIPT190000031","193066","191003","192011","0","1","0","0","0","9","1","5","IBIP0206190916","NHO2018000009","PAID","","193066"),
("IBIPT190000031","193066","191003","192011","0","1","0","0","0","10","1","5","IBIP0206190916","NHO2018000009","PAID","","193066"),
("IBIPT190000031","193066","191003","192011","0","1","0","0","0","10","1","6","IBIP0206190916","NHO2018000009","PAID","","193066"),
("IBIPT190000031","193066","191003","192011","0","1","0","0","0","10","1","6","IBIP0206190916","NHO2018000009","PAID","","193066"),
("IBIPT190000035","193066","191003","192011","0","1","0","0","0","1","1","1","IBIP0206190916","NHO2018000009","PAID","","193066"),
("IBIPT190000035","193066","191003","192011","0","1","0","0","0","2","1","1","IBIP0206190916","NHO2018000009","PAID","","193066"),
("IBIPT190000037","193002","191001","192001","30000","1","30000","0","30000","1","1","1","IBIP0206190916","NHO2018000009","PAID","beef","193002"),
("IBIPT190000038","193046","191002","192010","8000","1","8000","0","8000","1","1","1","IBIP0206190916","NHO2018000009","PAID","","193046"),
("IBIPT190000038","193003","191001","192001","30000","1","30000","0","30000","1","1","1","IBIP0206190916","NHO2018000009","PAID","sedang","PEDAS");



INSERT INTO pos_salestemp VALUES("IBIPT190000020","","1","47000","0","4700","0","51700","60000","02/06/2019","13:04","02/06/2019","13:30:14","IBIP000001","tbl0009","CLOSED","1","","IBIPR190000020","","","","","IBIP0206190916","NHO2018000009"),
("IBIPT190000021","","1","38000","0","3800","0","41800","50000","02/06/2019","15:11","02/06/2019","15:42:12","IBIP000002","tbl0016","CLOSED","1","","IBIPR190000021","","","","","IBIP0206190916","NHO2018000009"),
("IBIPT190000022","","0","464000","0","46400","0","510400","520000","02/06/2019","16:46","02/06/2019","18:16:59","IBIP000002","tbl0010","CLOSED","1","","IBIPR190000023","","","","","IBIP0206190916","NHO2018000009"),
("IBIPT190000023","","1","177000","0","17700","0","194700","200000","02/06/2019","16:51","02/06/2019","20:02:47","IBIP000002","tbl0017","CLOSED","1","","IBIPR190000035","","","","","IBIP0206190916","NHO2018000009"),
("IBIPT190000024","","3","151000","0","15100","0","166100","1700000","02/06/2019","16:57","02/06/2019","18:12:06","IBIP000002","tbl0016","CLOSED","1","","IBIPR190000022","","","","","IBIP0206190916","NHO2018000009"),
("IBIPT190000025","","2","162000","0","16200","0","178200","200000","02/06/2019","17:16","02/06/2019","18:27:42","IBIP000002","tbl0018","CLOSED","1","","IBIPR190000025","","","","","IBIP0206190916","NHO2018000009"),
("IBIPT190000026","","2","80000","0","8000","0","88000","100000","02/06/2019","17:27","02/06/2019","18:26:08","IBIP000002","tbl0013","CLOSED","1","","IBIPR190000024","","","","","IBIP0206190916","NHO2018000009"),
("IBIPT190000027","","4","325000","0","32500","0","357500","400000","02/06/2019","17:38","02/06/2019","18:43:30","IBIP000002","tbl0011","CLOSED","1","","IBIPR190000026","","","","","IBIP0206190916","NHO2018000009"),
("IBIPT190000028","","2","116000","0","11600","0","127600","127600","02/06/2019","17:50","02/06/2019","18:52:32","IBIP000002","tbl0008","CLOSED","1","","IBIPR190000027","","","","","IBIP0206190916","NHO2018000009"),
("IBIPT190000029","","4","186000","0","18600","0","204600","210000","02/06/2019","17:52","02/06/2019","18:54:01","IBIP000002","tbl0004","CLOSED","1","","IBIPR190000028","","","","","IBIP0206190916","NHO2018000009"),
("IBIPT190000030","","2","161000","0","16100","0","177100","177100","02/06/2019","18:18","02/06/2019","18:58:52","IBIP000002","tbl0001","CLOSED","1","","IBIPR190000029","","","","","IBIP0206190916","NHO2018000009"),
("IBIPT190000031","","0","0","0","0","0","0","0","02/06/2019","18:28","02/06/2019","19:44:36","IBIP000002","tbl0050","CLOSED","1","","IBIPR190000032","","","","","IBIP0206190916","NHO2018000009"),
("IBIPT190000032","","2","101000","0","10100","0","111100","150000","02/06/2019","18:45","02/06/2019","19:46:31","IBIP000002","tbl0005","CLOSED","1","","IBIPR190000033","","","","","IBIP0206190916","NHO2018000009"),
("IBIPT190000033","","2","30000","0","3000","0","33000","50000","02/06/2019","18:46","02/06/2019","19:23:45","IBIP000002","tbl0006","CLOSED","1","","IBIPR190000031","","","","","IBIP0206190916","NHO2018000009"),
("IBIPT190000034","","3","114000","0","11400","0","125400","150000","02/06/2019","18:49","02/06/2019","19:03:07","IBIP000002","tbl0014","CLOSED","1","","IBIPR190000030","","","","","IBIP0206190916","NHO2018000009"),
("IBIPT190000035","","0","0","0","0","0","0","0","02/06/2019","19:47","02/06/2019","19:47:46","IBIP000002","takeaway","CLOSED","1","","IBIPR190000034","","","","","IBIP0206190916","NHO2018000009"),
("IBIPT190000036","","0","0","0","0","0","0","0","02/06/2019","20:03","02/06/2019","21:00:35","IBIP000002","takeaway","CANCELED","1","PERMINTAAN CUSTOMER","","","","","","IBIP0206190916","NHO2018000009"),
("IBIPT190000037","","1","30000","0","3000","0","33000","100000","02/06/2019","20:15","02/06/2019","20:15:47","IBIP000002","takeaway","CLOSED","1","","IBIPR190000036","","","","","IBIP0206190916","NHO2018000009"),
("IBIPT190000038","","1","38000","0","3800","0","41800","50000","02/06/2019","20:58","02/06/2019","21:01:35","IBIP000002","takeaway","CLOSED","1","","IBIPR190000037","","","","","IBIP0206190916","NHO2018000009");



INSERT INTO item_void VALUES("IBIPT190000026","IBIP0206190916","NHO2018000009","193002","193002","1","30000","After Send","Komplen Customer"),
("IBIPT190000031","IBIP0206190916","NHO2018000009","193049","193049","1","10000","After Send","Komplen Customer"),
("IBIPT190000031","IBIP0206190916","NHO2018000009","193049","193049","1","10000","After Send","Komplen Customer"),
("IBIPT190000031","IBIP0206190916","NHO2018000009","193049","193049","1","10000","After Send","Komplen Customer"),
("IBIPT190000031","IBIP0206190916","NHO2018000009","193049","193049","1","10000","After Send","Komplen Customer");









INSERT INTO pos_paymenttemp VALUES("IBIPT190000020","CASH","CASH","51700","60000","IBIP000001","2019-06-02","","1","","CLOSED","IBIP0206190916","NHO2018000009"),
("IBIPT190000021","CASH","CASH","41800","50000","IBIP000002","2019-06-02","","1","","CLOSED","IBIP0206190916","NHO2018000009"),
("IBIPT190000024","CASH","CASH","166100","1700000","IBIP000002","2019-06-02","","1","","CLOSED","IBIP0206190916","NHO2018000009"),
("IBIPT190000022","CASH","CASH","510400","520000","IBIP000002","2019-06-02","","1","","CLOSED","IBIP0206190916","NHO2018000009"),
("IBIPT190000026","CASH","CASH","88000","100000","IBIP000002","2019-06-02","","1","","CLOSED","IBIP0206190916","NHO2018000009"),
("IBIPT190000025","CASH","CASH","178200","200000","IBIP000002","2019-06-02","","1","","CLOSED","IBIP0206190916","NHO2018000009"),
("IBIPT190000027","CASH","CASH","357500","400000","IBIP000002","2019-06-02","","1","","CLOSED","IBIP0206190916","NHO2018000009"),
("IBIPT190000028","CARD","DEBIT BCA","127600","127600","IBIP000002","2019-06-02","","1","","CLOSED","IBIP0206190916","NHO2018000009"),
("IBIPT190000029","CASH","CASH","204600","210000","IBIP000002","2019-06-02","","1","","CLOSED","IBIP0206190916","NHO2018000009"),
("IBIPT190000030","CARD","DEBIT BCA","177100","177100","IBIP000002","2019-06-02","","1","","CLOSED","IBIP0206190916","NHO2018000009"),
("IBIPT190000034","CASH","CASH","125400","150000","IBIP000002","2019-06-02","","1","","CLOSED","IBIP0206190916","NHO2018000009"),
("IBIPT190000033","CASH","CASH","33000","50000","IBIP000002","2019-06-02","","1","","CLOSED","IBIP0206190916","NHO2018000009"),
("IBIPT190000031","CASH","CASH","","","IBIP000002","2019-06-02","","1","","CLOSED","IBIP0206190916","NHO2018000009"),
("IBIPT190000032","CASH","CASH","111100","150000","IBIP000002","2019-06-02","","1","","CLOSED","IBIP0206190916","NHO2018000009"),
("IBIPT190000023","CASH","CASH","194700","200000","IBIP000002","2019-06-02","","1","","CLOSED","IBIP0206190916","NHO2018000009"),
("IBIPT190000037","CASH","CASH","33000","100000","IBIP000002","2019-06-02","","1","","CLOSED","IBIP0206190916","NHO2018000009"),
("IBIPT190000038","CASH","CASH","41800","50000","IBIP000002","2019-06-02","","1","","CLOSED","IBIP0206190916","NHO2018000009");



