INSERT INTO pos_itemtemp VALUES("IBIPT190000067","193039","191001","192006","36000","1","36000","0","36000","1","1","1","IBIP0506191316","NHO2018000009","PAID","pedesnya sedeng","PEDAS"),
("IBIPT190000068","193003","191001","192001","30000","1","30000","0","30000","1","1","1","IBIP0506191316","NHO2018000009","PAID","","ORIGINAL"),
("IBIPT190000068","193003","191001","192001","30000","1","30000","0","30000","2","1","1","IBIP0506191316","NHO2018000009","PAID","","ORIGINAL"),
("IBIPT190000068","193047","191002","192010","8000","1","8000","0","8000","1","1","1","IBIP0506191316","NHO2018000009","PAID","","193047"),
("IBIPT190000068","193048","191002","192010","8000","1","8000","0","8000","1","1","1","IBIP0506191316","NHO2018000009","PAID","","193048"),
("IBIPT190000068","193048","191002","192010","8000","1","8000","0","8000","2","1","1","IBIP0506191316","NHO2018000009","PAID","","193048"),
("IBIPT190000068","193024","191001","192003","30000","1","30000","0","30000","1","1","1","IBIP0506191316","NHO2018000009","PAID","","193024"),
("IBIPT190000069","193052","191002","192010","20000","1","20000","0","20000","1","1","1","IBIP0506191316","NHO2018000009","PAID","","193052"),
("IBIPT190000069","193051","191002","192010","20000","1","20000","0","20000","1","1","1","IBIP0506191316","NHO2018000009","PAID","","193051"),
("IBIPT190000069","193003","191001","192001","30000","1","30000","0","30000","1","1","1","IBIP0506191316","NHO2018000009","PAID","beef ...sedang","PEDAS"),
("IBIPT190000069","193001","191001","192001","30000","1","30000","0","30000","1","1","1","IBIP0506191316","NHO2018000009","PAID","chiken","193001"),
("IBIPT190000070","193027","191001","192003","43000","1","43000","0","43000","1","1","1","IBIP0506191316","NHO2018000009","PAID","","193027"),
("IBIPT190000070","193022","191001","192003","30000","1","30000","0","30000","1","1","1","IBIP0506191316","NHO2018000009","PAID","","193022"),
("IBIPT190000070","193055","191002","192010","17000","1","17000","0","17000","1","1","1","IBIP0506191316","NHO2018000009","PAID","","193055"),
("IBIPT190000070","193055","191002","192010","17000","1","17000","0","17000","2","1","1","IBIP0506191316","NHO2018000009","PAID","","193055"),
("IBIPT190000070","193051","191002","192010","20000","1","20000","0","20000","1","1","1","IBIP0506191316","NHO2018000009","PAID","","193051"),
("IBIPT190000070","193028","191001","192003","43000","1","43000","0","43000","1","1","1","IBIP0506191316","NHO2018000009","PAID","","193028"),
("IBIPT190000070","193028","191001","192003","43000","1","43000","0","43000","2","1","1","IBIP0506191316","NHO2018000009","PAID","","193028"),
("IBIPT190000070","193003","191001","192001","30000","1","30000","0","30000","1","1","1","IBIP0506191316","NHO2018000009","PAID","1 beef\n3 chiken","ORIGINAL"),
("IBIPT190000070","193003","191001","192001","30000","1","30000","0","30000","2","1","1","IBIP0506191316","NHO2018000009","PAID","","ORIGINAL"),
("IBIPT190000070","193003","191001","192001","30000","1","30000","0","30000","3","1","1","IBIP0506191316","NHO2018000009","PAID","","ORIGINAL"),
("IBIPT190000070","193003","191001","192001","30000","1","30000","0","30000","4","1","1","IBIP0506191316","NHO2018000009","PAID","","ORIGINAL"),
("IBIPT190000070","193033","191001","192005","42000","1","42000","0","42000","1","1","1","IBIP0506191316","NHO2018000009","PAID","","193033"),
("IBIPT190000070","193034","191001","192005","37000","1","37000","0","37000","1","1","1","IBIP0506191316","NHO2018000009","PAID","","193034"),
("IBIPT190000070","193022","191001","192003","30000","1","30000","0","30000","2","1","1","IBIP0506191316","NHO2018000009","PAID","","193022"),
("IBIPT190000070","193022","191001","192003","30000","1","30000","0","30000","3","1","1","IBIP0506191316","NHO2018000009","PAID","","193022"),
("IBIPT190000070","193046","191002","192010","8000","1","8000","0","8000","1","1","1","IBIP0506191316","NHO2018000009","PAID","","193046"),
("IBIPT190000070","193046","191002","192010","8000","1","8000","0","8000","2","1","1","IBIP0506191316","NHO2018000009","PAID","","193046"),
("IBIPT190000070","193046","191002","192010","8000","1","8000","0","8000","3","1","1","IBIP0506191316","NHO2018000009","PAID","","193046"),
("IBIPT190000070","193046","191002","192010","8000","1","8000","0","8000","4","1","1","IBIP0506191316","NHO2018000009","PAID","","193046"),
("IBIPT190000070","193051","191002","192010","20000","1","20000","0","20000","2","1","1","IBIP0506191316","NHO2018000009","PAID","","193051"),
("IBIPT190000070","193055","191002","192010","17000","1","17000","0","17000","3","1","1","IBIP0506191316","NHO2018000009","PAID","","193055"),
("IBIPT190000070","193055","191002","192010","17000","1","17000","0","17000","4","1","1","IBIP0506191316","NHO2018000009","PAID","","193055"),
("IBIPT190000070","193055","191002","192010","17000","1","17000","0","17000","5","1","1","IBIP0506191316","NHO2018000009","PAID","","193055"),
("IBIPT190000070","193049","191002","192010","10000","1","10000","0","10000","1","1","1","IBIP0506191316","NHO2018000009","PAID","dingin","193049"),
("IBIPT190000070","193052","191002","192010","20000","1","20000","0","20000","1","1","1","IBIP0506191316","NHO2018000009","PAID","","193052"),
("IBIPT190000070","193038","191001","192006","36000","1","36000","0","36000","1","1","1","IBIP0506191316","NHO2018000009","PAID","","ORIGINAL"),
("IBIPT190000070","193027","191001","192003","43000","1","43000","0","43000","2","1","2","IBIP0506191316","NHO2018000009","PAID","","193027"),
("IBIPT190000070","193051","191002","192010","20000","1","20000","0","20000","3","1","2","IBIP0506191316","NHO2018000009","PAID","","193051"),
("IBIPT190000070","193055","191002","192010","17000","1","17000","0","17000","6","1","3","IBIP0506191316","NHO2018000009","PAID","","193055"),
("IBIPT190000071","193051","191002","192010","20000","1","20000","0","20000","1","1","1","IBIP0506191316","NHO2018000009","PAID","","193051"),
("IBIPT190000070","193046","191002","192010","8000","1","8000","0","8000","5","1","4","IBIP0506191316","NHO2018000009","PAID","","193046"),
("IBIPT190000070","193048","191002","192010","8000","1","8000","0","8000","1","1","4","IBIP0506191316","NHO2018000009","PAID","biasa","193048"),
("IBIPT190000070","193055","191002","192010","17000","1","17000","0","17000","7","1","5","IBIP0506191316","NHO2018000009","PAID","","193055"),
("IBIPT190000070","193051","191002","192010","20000","1","20000","0","20000","4","1","5","IBIP0506191316","NHO2018000009","PAID","","193051");



INSERT INTO pos_salestemp VALUES("IBIPT190000067","","1","36000","0","3780","1800","41580","50000","05/06/2019","15:51","05/06/2019","16:03:01","IBIP000002","takeaway","CLOSED","1","","IBIPR190000060","","","","","IBIP0506191316","NHO2018000009"),
("IBIPT190000068","","2","114000","0","11970","5700","131670","254000","05/06/2019","16:40","05/06/2019","17:42:25","IBIP000002","tbl0014","CLOSED","1","","IBIPR190000061","","","","","IBIP0506191316","NHO2018000009"),
("IBIPT190000069","","2","100000","0","10500","5000","115500","150000","05/06/2019","19:56","05/06/2019","20:19:41","IBIP000002","tbl0016","CLOSED","1","","IBIPR190000062","","","","","IBIP0506191316","NHO2018000009"),
("IBIPT190000070","","6","774000","0","81270","38700","893970","893970","05/06/2019","21:07","05/06/2019","21:58:36","IBIP000002","tbl0005","CLOSED","1","","IBIPR190000064","","","","","IBIP0506191316","NHO2018000009"),
("IBIPT190000071","","1","20000","0","2100","1000","23100","30000","05/06/2019","21:30","05/06/2019","21:51:16","IBIP000002","takeaway","CLOSED","1","","IBIPR190000063","","","","","IBIP0506191316","NHO2018000009");












INSERT INTO pos_paymenttemp VALUES("IBIPT190000067","CASH","CASH","41580","50000","IBIP000002","2019-06-05","","1","","CLOSED","IBIP0506191316","NHO2018000009"),
("IBIPT190000068","CASH","CASH","122000","122000","IBIP000002","2019-06-05","","1","","CLOSED","IBIP0506191316","NHO2018000009"),
("IBIPT190000068","CASH","CASH","9670","132000","IBIP000002","2019-06-05","","1","","CLOSED","IBIP0506191316","NHO2018000009"),
("IBIPT190000069","CASH","CASH","115500","150000","IBIP000002","2019-06-05","","1","","CLOSED","IBIP0506191316","NHO2018000009"),
("IBIPT190000071","CASH","CASH","23100","30000","IBIP000002","2019-06-05","","1","","CLOSED","IBIP0506191316","NHO2018000009"),
("IBIPT190000070","CARD","DEBIT BCA","893970","893970","IBIP000002","2019-06-05","","1","","CLOSED","IBIP0506191316","NHO2018000009");



