INSERT INTO pos_itemtemp VALUES("IBIPT190000100","193041","191001","192008","20000","1","20000","0","20000","1","1","1","IBIP1206190851","NHO2018000009","PAID","","193041"),
("IBIPT190000101","193022","191001","192003","30000","1","30000","0","30000","1","1","1","IBIP1206190851","NHO2018000009","PAID","","193022"),
("IBIPT190000101","193030","191001","192004","27000","1","27000","0","27000","1","1","1","IBIP1206190851","NHO2018000009","PAID","","193030"),
("IBIPT190000101","193054","191002","192010","20000","1","20000","0","20000","1","1","1","IBIP1206190851","NHO2018000009","PAID","","193054"),
("IBIPT190000101","193052","191002","192010","20000","1","20000","0","20000","1","1","1","IBIP1206190851","NHO2018000009","PAID","","193052"),
("IBIPT190000102","193002","191001","192001","30000","1","30000","0","30000","1","1","1","IBIP1206190851","NHO2018000009","PAID","beef","193002"),
("IBIPT190000102","193022","191001","192003","30000","1","30000","0","30000","1","1","1","IBIP1206190851","NHO2018000009","PAID","","193022"),
("IBIPT190000102","193055","191002","192010","17000","1","17000","0","17000","1","1","1","IBIP1206190851","NHO2018000009","PAID","","193055"),
("IBIPT190000102","193068","191003","192011","0","1","0","0","0","1","1","1","IBIP1206190851","NHO2018000009","PAID","","193068"),
("IBIPT190000102","193047","191002","192010","8000","1","8000","0","8000","1","1","2","IBIP1206190851","NHO2018000009","PAID","","193047"),
("IBIPT190000103","193022","191001","192003","30000","1","30000","0","30000","1","1","1","IBIP1206190851","NHO2018000009","PAID","","193022"),
("IBIPT190000103","193022","191001","192003","30000","1","30000","0","30000","2","1","1","IBIP1206190851","NHO2018000009","PAID","","193022"),
("IBIPT190000103","193024","191001","192003","30000","1","30000","0","30000","1","1","1","IBIP1206190851","NHO2018000009","PAID","","193024"),
("IBIPT190000103","193054","191002","192010","20000","1","20000","0","20000","1","1","1","IBIP1206190851","NHO2018000009","PAID","","193054"),
("IBIPT190000103","193055","191002","192010","17000","1","17000","0","17000","1","1","1","IBIP1206190851","NHO2018000009","PAID","","193055"),
("IBIPT190000104","193022","191001","192003","30000","1","30000","0","30000","1","1","1","IBIP1206190851","NHO2018000009","PAID","","193022"),
("IBIPT190000104","193024","191001","192003","30000","1","30000","0","30000","1","1","1","IBIP1206190851","NHO2018000009","PAID","","193024"),
("IBIPT190000104","193030","191001","192004","27000","1","27000","0","27000","1","1","1","IBIP1206190851","NHO2018000009","PAID","","193030"),
("IBIPT190000104","193032","191001","192004","30000","1","30000","0","30000","1","1","1","IBIP1206190851","NHO2018000009","PAID","","193032"),
("IBIPT190000104","193055","191002","192010","17000","1","17000","0","17000","1","1","1","IBIP1206190851","NHO2018000009","PAID","","193055"),
("IBIPT190000104","193053","191002","192010","20000","1","20000","0","20000","1","1","1","IBIP1206190851","NHO2018000009","PAID","","193053"),
("IBIPT190000104","193052","191002","192010","20000","1","20000","0","20000","1","1","1","IBIP1206190851","NHO2018000009","PAID","","193052"),
("IBIPT190000103","193048","191002","192010","8000","1","8000","0","8000","1","1","2","IBIP1206190851","NHO2018000009","PAID","","193048"),
("IBIPT190000103","193048","191002","192010","8000","1","8000","0","8000","2","1","3","IBIP1206190851","NHO2018000009","PAID","","193048"),
("IBIPT190000105","193024","191001","192003","30000","1","30000","0","30000","1","1","1","IBIP1206190851","NHO2018000009","PAID","","193024"),
("IBIPT190000105","193036","191001","192006","36000","1","36000","0","36000","1","1","1","IBIP1206190851","NHO2018000009","PAID","","PEDAS"),
("IBIPT190000105","193051","191002","192010","20000","1","20000","0","20000","1","1","1","IBIP1206190851","NHO2018000009","PAID","","193051"),
("IBIPT190000106","193040","191001","192008","20000","1","20000","0","20000","1","1","1","IBIP1206190851","NHO2018000009","PAID","","193040"),
("IBIPT190000106","193040","191001","192008","20000","1","20000","0","20000","2","1","1","IBIP1206190851","NHO2018000009","PAID","","193040"),
("IBIPT190000106","193040","191001","192008","20000","1","20000","0","20000","3","1","1","IBIP1206190851","NHO2018000009","PAID","","193040"),
("IBIPT190000106","193040","191001","192008","20000","1","20000","0","20000","4","1","1","IBIP1206190851","NHO2018000009","PAID","","193040"),
("IBIPT190000106","193010","191001","192001","40000","1","40000","0","40000","1","1","2","IBIP1206190851","NHO2018000009","PAID","","193010");



INSERT INTO pos_salestemp VALUES("IBIPT190000100","","1","20000","0","2000","0","22000","22000","12/06/2019","11:48","12/06/2019","11:50:39","IBIP000002","takeaway","CLOSED","1","","IBIPR190000092","","","","","IBIP1206190851","NHO2018000009"),
("IBIPT190000101","","2","97000","0","9700","0","106700","200000","12/06/2019","14:32","12/06/2019","15:06:33","IBIP000002","tbl0009","CLOSED","1","","IBIPR190000093","","","","","IBIP1206190851","NHO2018000009"),
("IBIPT190000102","","2","85000","0","8500","0","93500","100000","12/06/2019","15:40","12/06/2019","16:42:07","IBIP000002","tbl0015","CLOSED","1","","IBIPR190000094","","","","","IBIP1206190851","NHO2018000009"),
("IBIPT190000103","","3","143000","0","14300","0","157300","200000","12/06/2019","16:55","12/06/2019","18:01:30","IBIP000002","tbl0016","CLOSED","1","","IBIPR190000096","","","","","IBIP1206190851","NHO2018000009"),
("IBIPT190000104","","4","174000","0","17400","0","191400","191400","12/06/2019","17:03","12/06/2019","17:58:49","IBIP000002","tbl0015","CLOSED","1","","IBIPR190000095","","","","","IBIP1206190851","NHO2018000009"),
("IBIPT190000105","","2","86000","0","8600","0","94600","100000","12/06/2019","18:17","12/06/2019","19:00:27","IBIP000002","tbl0016","CLOSED","1","","IBIPR190000097","","","","","IBIP1206190851","NHO2018000009"),
("IBIPT190000106","","4","120000","0","12000","0","132000","150000","12/06/2019","18:24","12/06/2019","19:09:54","IBIP000002","tbl0014","CLOSED","1","","IBIPR190000098","","","","","IBIP1206190851","NHO2018000009");












INSERT INTO pos_paymenttemp VALUES("IBIPT190000100","CARD","DEBIT BCA","22000","22000","IBIP000002","2019-06-12","","1","","CLOSED","IBIP1206190851","NHO2018000009"),
("IBIPT190000101","CASH","CASH","106700","200000","IBIP000002","2019-06-12","","1","","CLOSED","IBIP1206190851","NHO2018000009"),
("IBIPT190000102","CASH","CASH","93500","100000","IBIP000002","2019-06-12","","1","","CLOSED","IBIP1206190851","NHO2018000009"),
("IBIPT190000104","CARD","DEBIT BCA","191400","191400","IBIP000002","2019-06-12","","1","","CLOSED","IBIP1206190851","NHO2018000009"),
("IBIPT190000104","CARD","DEBIT BCA","0","0","IBIP000002","2019-06-12","","1","","CLOSED","IBIP1206190851","NHO2018000009"),
("IBIPT190000103","CASH","CASH","157300","200000","IBIP000002","2019-06-12","","1","","CLOSED","IBIP1206190851","NHO2018000009"),
("IBIPT190000105","CASH","CASH","94600","100000","IBIP000002","2019-06-12","","1","","CLOSED","IBIP1206190851","NHO2018000009"),
("IBIPT190000106","CASH","CASH","132000","150000","IBIP000002","2019-06-12","","1","","CLOSED","IBIP1206190851","NHO2018000009");



