INSERT INTO pos_itemtemp VALUES("IBIPT190000079","193041","191001","192008","20000","1","20000","0","20000","1","1","1","IBIP0806190928","NHO2018000009","PAID","","193041"),
("IBIPT190000080","193022","191001","192003","30000","1","30000","0","30000","1","1","1","IBIP0806190928","NHO2018000009","PAID","","193022"),
("IBIPT190000080","193034","191001","192005","37000","1","37000","0","37000","1","1","1","IBIP0806190928","NHO2018000009","PAID","","193034"),
("IBIPT190000080","193056","191002","192010","17000","1","17000","0","17000","1","1","1","IBIP0806190928","NHO2018000009","PAID","","193056"),
("IBIPT190000080","193046","191002","192010","8000","1","8000","0","8000","1","1","1","IBIP0806190928","NHO2018000009","PAID","","193046"),
("IBIPT190000080","193035","191001","192006","32000","1","32000","0","32000","1","1","1","IBIP0806190928","NHO2018000009","PAID","","ORIGINAL"),
("IBIPT190000081","193004","191001","192001","30000","1","30000","0","30000","1","1","1","IBIP0806190928","NHO2018000009","PAID","ramen beef","193004"),
("IBIPT190000081","193035","191001","192006","32000","1","32000","0","32000","1","1","1","IBIP0806190928","NHO2018000009","PAID","sedang","PEDAS"),
("IBIPT190000081","193046","191002","192010","8000","1","8000","0","8000","1","1","1","IBIP0806190928","NHO2018000009","PAID","","193046"),
("IBIPT190000081","193056","191002","192010","17000","1","17000","0","17000","1","1","1","IBIP0806190928","NHO2018000009","PAID","","193056"),
("IBIPT190000082","193010","191001","192001","40000","1","40000","0","40000","1","1","1","IBIP0806190928","NHO2018000009","PAID","","193010"),
("IBIPT190000082","193011","191001","192001","40000","1","40000","0","40000","1","1","1","IBIP0806190928","NHO2018000009","PAID","sedang","PEDAS"),
("IBIPT190000082","193011","191001","192001","40000","1","40000","0","40000","2","1","1","IBIP0806190928","NHO2018000009","PAID","","PEDAS"),
("IBIPT190000082","193002","191001","192001","30000","1","30000","0","30000","1","1","1","IBIP0806190928","NHO2018000009","PAID","beef","193002"),
("IBIPT190000082","193048","191002","192010","8000","1","8000","0","8000","1","1","1","IBIP0806190928","NHO2018000009","PAID","","193048"),
("IBIPT190000082","193046","191002","192010","8000","1","8000","0","8000","1","1","1","IBIP0806190928","NHO2018000009","PAID","manis","193046"),
("IBIPT190000082","193051","191002","192010","20000","1","20000","0","20000","1","1","1","IBIP0806190928","NHO2018000009","PAID","","193051"),
("IBIPT190000083","193022","191001","192003","30000","1","30000","0","30000","1","1","1","IBIP0806190928","NHO2018000009","PAID","chiken","193022"),
("IBIPT190000083","193001","191001","192001","30000","1","30000","0","30000","1","1","1","IBIP0806190928","NHO2018000009","PAID","","193001"),
("IBIPT190000083","193055","191002","192010","17000","1","17000","0","17000","1","1","1","IBIP0806190928","NHO2018000009","PAID","","193055"),
("IBIPT190000082","193049","191002","192010","10000","1","10000","0","10000","1","1","2","IBIP0806190928","NHO2018000009","PAID","","193049"),
("IBIPT190000084","193056","191002","192010","17000","1","17000","0","17000","1","1","2","IBIP0806190928","NHO2018000009","PAID","","193056"),
("IBIPT190000084","193054","191002","192010","20000","1","20000","0","20000","1","1","2","IBIP0806190928","NHO2018000009","PAID","asem","193054"),
("IBIPT190000084","193027","191001","192003","43000","1","43000","0","43000","1","1","2","IBIP0806190928","NHO2018000009","PAID","","193027"),
("IBIPT190000084","193046","191002","192010","8000","1","8000","0","8000","1","1","3","IBIP0806190928","NHO2018000009","PAID","","193046"),
("IBIPT190000084","193011","191001","192001","40000","1","40000","0","40000","1","1","4","IBIP0806190928","NHO2018000009","PAID","sedang","PEDAS"),
("IBIPT190000084","193068","191003","192011","0","1","0","0","0","1","1","4","IBIP0806190928","NHO2018000009","PAID","","193068"),
("IBIPT190000084","193051","191002","192010","20000","1","20000","0","20000","1","1","5","IBIP0806190928","NHO2018000009","PAID","","193051"),
("IBIPT190000084","193035","191001","192006","32000","1","32000","0","32000","1","1","5","IBIP0806190928","NHO2018000009","PAID","","ORIGINAL"),
("IBIPT190000084","193055","191002","192010","17000","1","17000","0","17000","1","1","5","IBIP0806190928","NHO2018000009","PAID","","193055"),
("IBIPT190000084","193030","191001","192004","27000","1","27000","0","27000","1","1","5","IBIP0806190928","NHO2018000009","PAID","","193030"),
("IBIPT190000084","193046","191002","192010","8000","1","8000","0","8000","2","1","5","IBIP0806190928","NHO2018000009","PAID","","193046");



INSERT INTO pos_salestemp VALUES("IBIPT190000079","","1","20000","0","2100","1000","23100","46100","08/06/2019","12:26","08/06/2019","12:28:01","IBIP000002","takeaway","CLOSED","1","","IBIPR190000072","","","","","IBIP0806190928","NHO2018000009"),
("IBIPT190000080","","3","124000","0","13020","6200","143220","150000","08/06/2019","14:22","08/06/2019","15:02:16","IBIP000002","tbl0012","CLOSED","1","","IBIPR190000073","","","","","IBIP0806190928","NHO2018000009"),
("IBIPT190000081","","3","87000","0","9135","4350","100485","110000","08/06/2019","14:54","08/06/2019","15:19:26","IBIP000002","tbl0016","CLOSED","1","","IBIPR190000074","","","","","IBIP0806190928","NHO2018000009"),
("IBIPT190000082","","3","196000","0","20580","9800","226380","230000","08/06/2019","16:31","08/06/2019","17:16:00","IBIP000002","tbl0016","CLOSED","1","","IBIPR190000075","","","","","IBIP0806190928","NHO2018000009"),
("IBIPT190000083","","2","77000","0","8085","3850","88935","100000","08/06/2019","16:38","08/06/2019","17:53:44","IBIP000002","tbl0014","CLOSED","1","","IBIPR190000076","","","","","IBIP0806190928","NHO2018000009"),
("IBIPT190000084","","1","232000","0","24360","11600","267960","300000","08/06/2019","16:42","08/06/2019","21:46:39","IBIP000002","takeaway","CLOSED","1","","IBIPR190000077","","","","","IBIP0806190928","NHO2018000009"),
("IBIPT190000085","","0","0","0","0","0","0","0","08/06/2019","17:49","08/06/2019","21:39:14","IBIP000002","takeaway","CANCELED","1","PERMINTAAN CUSTOMER","","","","","","IBIP0806190928","NHO2018000009");



INSERT INTO item_void VALUES("IBIPT190000084","IBIP0806190928","NHO2018000009","193047","193047","1","8000","After Send","Salah Order");









INSERT INTO pos_paymenttemp VALUES("IBIPT190000079","CASH","CASH","23000","23000","IBIP000002","2019-06-08","","1","","CLOSED","IBIP0806190928","NHO2018000009"),
("IBIPT190000079","CASH","CASH","100","23100","IBIP000002","2019-06-08","","1","","CLOSED","IBIP0806190928","NHO2018000009"),
("IBIPT190000080","CASH","CASH","143220","150000","IBIP000002","2019-06-08","","1","","CLOSED","IBIP0806190928","NHO2018000009"),
("IBIPT190000081","CASH","CASH","100485","110000","IBIP000002","2019-06-08","","1","","CLOSED","IBIP0806190928","NHO2018000009"),
("IBIPT190000082","CASH","CASH","226380","230000","IBIP000002","2019-06-08","","1","","CLOSED","IBIP0806190928","NHO2018000009"),
("IBIPT190000083","CASH","CASH","88935","100000","IBIP000002","2019-06-08","","1","","CLOSED","IBIP0806190928","NHO2018000009"),
("IBIPT190000084","CASH","CASH","267960","300000","IBIP000002","2019-06-08","","1","","CLOSED","IBIP0806190928","NHO2018000009");



