INSERT INTO pos_itemtemp VALUES("IPVT190000047","193003","191001","192001","30000","1","30000","0","30000","1","1","1","IPV0306190929","NHO2018000008","PAID","","ORIGINAL"),
("IPVT190000047","193052","191002","192010","20000","1","20000","0","20000","1","1","1","IPV0306190929","NHO2018000008","PAID","","193052"),
("IPVT190000047","193003","191001","192001","30000","1","30000","0","30000","2","1","1","IPV0306190929","NHO2018000008","PAID","","ORIGINAL"),
("IPVT190000047","193054","191002","192010","20000","1","20000","0","20000","1","1","2","IPV0306190929","NHO2018000008","PAID","","193054"),
("IPVT190000048","193001","191001","192001","30000","1","30000","0","30000","1","1","1","IPV0306190929","NHO2018000008","PAID","CHIKEN","193001"),
("IPVT190000048","193028","191001","192003","43000","1","43000","0","43000","1","1","1","IPV0306190929","NHO2018000008","PAID","","193028"),
("IPVT190000048","193047","191002","192010","8000","1","8000","0","8000","1","1","1","IPV0306190929","NHO2018000008","PAID","","193047"),
("IPVT190000048","193047","191002","192010","8000","1","8000","0","8000","2","1","1","IPV0306190929","NHO2018000008","PAID","","193047"),
("IPVT190000048","193066","191003","192011","0","1","0","0","0","1","1","2","IPV0306190929","NHO2018000008","PAID","","193066"),
("IPVT190000048","193066","191003","192011","0","1","0","0","0","2","1","2","IPV0306190929","NHO2018000008","PAID","","193066");



INSERT INTO pos_salestemp VALUES("IPVT190000047","","2","100000","0","10000","0","110000","110000","03/06/2019","15:10","03/06/2019","15:58:58","IPVU00001","tbl0011","CLOSED","1","","IPVR190000042","","","","","IPV0306190929","NHO2018000008"),
("IPVT190000048","","2","89000","0","8900","0","97900","200000","03/06/2019","17:47","03/06/2019","18:31:30","IPVU00001","tbl0010","CLOSED","1","","IPVR190000043","","","","","IPV0306190929","NHO2018000008");












INSERT INTO pos_paymenttemp VALUES("IPVT190000047","CASH","CASH","110000","110000","IPVU00001","2019-06-03","","1","","CLOSED","IPV0306190929","NHO2018000008"),
("IPVT190000048","CASH","CASH","97900","100000","IPVU00001","2019-06-03","","1","","CLOSED","IPV0306190929","NHO2018000008"),
("IPVT190000048","CASH","CASH","-2100","100000","IPVU00001","2019-06-03","","1","","CLOSED","IPV0306190929","NHO2018000008");



