INSERT INTO pos_itemtemp VALUES("IPVT190000060","193013","191001","192002","33000","1","33000","0","33000","1","1","1","IPV0606191124","NHO2018000008","PAID","BEEF","PEDAS"),
("IPVT190000060","193054","191002","192010","20000","1","20000","0","20000","1","1","1","IPV0606191124","NHO2018000008","PAID","","193054"),
("IPVT190000061","193033","191001","192005","42000","1","42000","0","42000","1","1","1","IPV0606191124","NHO2018000008","PAID","","193033"),
("IPVT190000060","193001","191001","192001","30000","1","30000","0","30000","1","1","2","IPV0606191124","NHO2018000008","PAID","CHIKEN","193001"),
("IPVT190000062","193029","191001","192004","27000","1","27000","0","27000","1","1","1","IPV0606191124","NHO2018000008","PAID","","193029"),
("IPVT190000062","193033","191001","192005","42000","1","42000","0","42000","1","1","2","IPV0606191124","NHO2018000008","PAID","","193033"),
("IPVT190000063","193010","191001","192001","40000","1","40000","0","40000","1","1","1","IPV0606191124","NHO2018000008","PAID","","193010"),
("IPVT190000063","193002","191001","192001","30000","1","30000","0","30000","1","1","1","IPV0606191124","NHO2018000008","PAID","BEEF","193002"),
("IPVT190000060","193013","191001","192002","33000","1","33000","0","33000","2","1","3","IPV0606191124","NHO2018000008","PAID","BEEF","PEDAS"),
("IPVT190000064","193015","191001","192002","33000","1","33000","0","33000","1","1","1","IPV0606191124","NHO2018000008","PAID","","ORIGINAL"),
("IPVT190000064","193051","191002","192010","20000","1","20000","0","20000","1","1","1","IPV0606191124","NHO2018000008","PAID","","193051"),
("IPVT190000064","193052","191002","192010","20000","1","20000","0","20000","1","1","1","IPV0606191124","NHO2018000008","PAID","","193052"),
("IPVT190000064","193048","191002","192010","8000","1","8000","0","8000","1","1","1","IPV0606191124","NHO2018000008","PAID","","193048"),
("IPVT190000065","193054","191002","192010","20000","1","20000","0","20000","1","1","1","IPV0606191124","NHO2018000008","PAID","","193054"),
("IPVT190000065","193054","191002","192010","20000","1","20000","0","20000","2","1","1","IPV0606191124","NHO2018000008","PAID","","193054"),
("IPVT190000065","193054","191002","192010","20000","1","20000","0","20000","3","1","1","IPV0606191124","NHO2018000008","PAID","","193054"),
("IPVT190000066","193022","191001","192003","30000","1","30000","0","30000","1","1","1","IPV0606191124","NHO2018000008","PAID","","193022"),
("IPVT190000066","193023","191001","192003","30000","1","30000","0","30000","1","1","1","IPV0606191124","NHO2018000008","PAID","","193023"),
("IPVT190000066","193023","191001","192003","30000","1","30000","0","30000","2","1","1","IPV0606191124","NHO2018000008","PAID","","193023"),
("IPVT190000066","193023","191001","192003","30000","1","30000","0","30000","3","1","1","IPV0606191124","NHO2018000008","PAID","","193023"),
("IPVT190000066","193047","191002","192010","8000","1","8000","0","8000","1","1","1","IPV0606191124","NHO2018000008","PAID","","193047"),
("IPVT190000066","193047","191002","192010","8000","1","8000","0","8000","2","1","1","IPV0606191124","NHO2018000008","PAID","","193047"),
("IPVT190000066","193047","191002","192010","8000","1","8000","0","8000","3","1","1","IPV0606191124","NHO2018000008","PAID","","193047"),
("IPVT190000066","193047","191002","192010","8000","1","8000","0","8000","4","1","1","IPV0606191124","NHO2018000008","PAID","","193047"),
("IPVT190000067","193022","191001","192003","30000","1","30000","0","30000","1","1","1","IPV0606191124","NHO2018000008","PAID","","193022"),
("IPVT190000067","193022","191001","192003","30000","1","30000","0","30000","2","1","1","IPV0606191124","NHO2018000008","PAID","","193022"),
("IPVT190000068","193025","191001","192003","30000","1","30000","0","30000","1","1","1","IPV0606191124","NHO2018000008","PAID","","193025"),
("IPVT190000068","193023","191001","192003","30000","1","30000","0","30000","1","1","1","IPV0606191124","NHO2018000008","PAID","","193023"),
("IPVT190000068","193022","191001","192003","30000","1","30000","0","30000","1","1","1","IPV0606191124","NHO2018000008","PAID","","193022"),
("IPVT190000068","193048","191002","192010","8000","1","8000","0","8000","1","1","1","IPV0606191124","NHO2018000008","PAID","","193048"),
("IPVT190000068","193048","191002","192010","8000","1","8000","0","8000","2","1","1","IPV0606191124","NHO2018000008","PAID","","193048");



INSERT INTO pos_salestemp VALUES("IPVT190000060","","6","116000","0","12180","5800","133980","133980","06/06/2019","13:04","06/06/2019","14:12:56","IPVU00001","tbl0025","CLOSED","1","","IPVR190000058","","","","","IPV0606191124","NHO2018000008"),
("IPVT190000061","","1","42000","0","4410","2100","48510","100000","06/06/2019","13:14","06/06/2019","13:18:58","IPVU00001","tbl0023","CLOSED","1","","IPVR190000055","","","","","IPV0606191124","NHO2018000008"),
("IPVT190000062","","2","69000","0","7245","3450","79695","79695","06/06/2019","13:24","06/06/2019","13:45:11","IPVU00001","tbl0027","CLOSED","1","","IPVR190000056","","","","","IPV0606191124","NHO2018000008"),
("IPVT190000063","","2","70000","0","7350","3500","80850","80850","06/06/2019","13:33","06/06/2019","13:46:08","IPVU00001","tbl0028","CLOSED","1","","IPVR190000057","","","","","IPV0606191124","NHO2018000008"),
("IPVT190000064","","2","81000","0","8505","4050","93555","100000","06/06/2019","13:46","06/06/2019","14:27:15","IPVU00001","tbl0009","CLOSED","1","","IPVR190000059","","","","","IPV0606191124","NHO2018000008"),
("IPVT190000065","","3","60000","0","6300","3000","69300","100000","06/06/2019","17:26","06/06/2019","17:51:24","IPVU00001","tbl0002","CLOSED","1","","IPVR190000060","","","","","IPV0606191124","NHO2018000008"),
("IPVT190000066","","4","152000","0","15960","7600","175560","200000","06/06/2019","18:26","06/06/2019","19:02:06","IPVU00001","tbl0021","CLOSED","1","","IPVR190000061","","","","","IPV0606191124","NHO2018000008"),
("IPVT190000067","","2","60000","0","6300","3000","69300","100000","06/06/2019","18:32","06/06/2019","19:20:40","IPVU00001","tbl0011","CLOSED","1","","IPVR190000062","","","","","IPV0606191124","NHO2018000008"),
("IPVT190000068","","3","106000","0","11130","5300","122430","122430","06/06/2019","19:24","06/06/2019","19:59:53","IPVU00001","tbl0019","CLOSED","1","","IPVR190000063","","","","","IPV0606191124","NHO2018000008");



INSERT INTO item_void VALUES("IPVT190000062","IPV0606191124","NHO2018000008","193029","193029","1","27000","After Send","Komplen Customer");









INSERT INTO pos_paymenttemp VALUES("IPVT190000061","CASH","CASH","48510","50000","IPVU00001","2019-06-06","","1","","CLOSED","IPV0606191124","NHO2018000008"),
("IPVT190000061","CASH","CASH","-1490","50000","IPVU00001","2019-06-06","","1","","CLOSED","IPV0606191124","NHO2018000008"),
("IPVT190000062","CARD","DEBIT BCA","79695","79695","IPVU00001","2019-06-06","","1","","CLOSED","IPV0606191124","NHO2018000008"),
("IPVT190000063","CARD","DEBIT BCA","80850","80850","IPVU00001","2019-06-06","","1","","CLOSED","IPV0606191124","NHO2018000008"),
("IPVT190000060","CARD","DEBIT BCA","133980","133980","IPVU00001","2019-06-06","","1","","CLOSED","IPV0606191124","NHO2018000008"),
("IPVT190000064","CASH","CASH","93555","100000","IPVU00001","2019-06-06","","1","","CLOSED","IPV0606191124","NHO2018000008"),
("IPVT190000065","CASH","CASH","69300","100000","IPVU00001","2019-06-06","","1","","CLOSED","IPV0606191124","NHO2018000008"),
("IPVT190000066","CASH","CASH","175560","200000","IPVU00001","2019-06-06","","1","","CLOSED","IPV0606191124","NHO2018000008"),
("IPVT190000067","CASH","CASH","69300","100000","IPVU00001","2019-06-06","","1","","CLOSED","IPV0606191124","NHO2018000008"),
("IPVT190000068","CARD","DEBIT BCA","122430","122430","IPVU00001","2019-06-06","","1","","CLOSED","IPV0606191124","NHO2018000008");



