INSERT INTO pos_itemtemp VALUES("IPVT190000074","193014","191001","192002","33000","1","33000","0","33000","1","1","1","IPV0806191004","NHO2018000008","PAID","beef","193014"),
("IPVT190000074","193054","191002","192010","20000","1","20000","0","20000","1","1","1","IPV0806191004","NHO2018000008","PAID","","193054"),
("IPVT190000075","193002","191001","192001","30000","1","30000","0","30000","1","1","1","IPV0806191004","NHO2018000008","PAID","beef","193002"),
("IPVT190000075","193023","191001","192003","30000","1","30000","0","30000","1","1","1","IPV0806191004","NHO2018000008","PAID","","193023"),
("IPVT190000075","193047","191002","192010","8000","1","8000","0","8000","1","1","2","IPV0806191004","NHO2018000008","PAID","","193047"),
("IPVT190000074","193013","191001","192002","33000","1","33000","0","33000","1","1","2","IPV0806191004","NHO2018000008","PAID","level 3 sudah dibuat","PEDAS"),
("IPVT190000074","193047","191002","192010","8000","1","8000","0","8000","1","1","3","IPV0806191004","NHO2018000008","PAID","","193047"),
("IPVT190000074","193047","191002","192010","8000","1","8000","0","8000","2","1","4","IPV0806191004","NHO2018000008","PAID","","193047"),
("IPVT190000076","193011","191001","192001","40000","1","40000","0","40000","1","1","1","IPV0806191004","NHO2018000008","PAID","level 3 chicjen katsu dipisah","PEDAS"),
("IPVT190000076","193022","191001","192003","30000","1","30000","0","30000","1","1","1","IPV0806191004","NHO2018000008","PAID","","193022"),
("IPVT190000076","193047","191002","192010","8000","1","8000","0","8000","1","1","1","IPV0806191004","NHO2018000008","PAID","","193047"),
("IPVT190000076","193047","191002","192010","8000","1","8000","0","8000","2","1","1","IPV0806191004","NHO2018000008","PAID","","193047"),
("IPVT190000076","193047","191002","192010","8000","1","8000","0","8000","3","1","1","IPV0806191004","NHO2018000008","PAID","","193047"),
("IPVT190000076","193022","191001","192003","30000","1","30000","0","30000","2","1","2","IPV0806191004","NHO2018000008","PAID","","193022"),
("IPVT190000076","193047","191002","192010","8000","1","8000","0","8000","4","1","2","IPV0806191004","NHO2018000008","PAID","","193047"),
("IPVT190000077","193022","191001","192003","30000","1","30000","0","30000","1","1","1","IPV0806191004","NHO2018000008","PAID","","193022"),
("IPVT190000077","193002","191001","192001","30000","1","30000","0","30000","1","1","1","IPV0806191004","NHO2018000008","PAID","chiken","193002"),
("IPVT190000077","193005","191001","192001","37000","1","37000","0","37000","1","1","1","IPV0806191004","NHO2018000008","PAID","pedas","193005"),
("IPVT190000077","193047","191002","192010","8000","1","8000","0","8000","1","1","1","IPV0806191004","NHO2018000008","PAID","","193047"),
("IPVT190000077","193047","191002","192010","8000","1","8000","0","8000","2","1","1","IPV0806191004","NHO2018000008","PAID","","193047"),
("IPVT190000077","193047","191002","192010","8000","1","8000","0","8000","3","1","2","IPV0806191004","NHO2018000008","PAID","","193047"),
("IPVT190000077","193047","191002","192010","8000","1","8000","0","8000","4","1","2","IPV0806191004","NHO2018000008","PAID","","193047"),
("IPVT190000077","193002","191001","192001","30000","1","30000","0","30000","2","1","2","IPV0806191004","NHO2018000008","PAID","beef","193002"),
("IPVT190000077","193022","191001","192003","30000","1","30000","0","30000","2","1","2","IPV0806191004","NHO2018000008","PAID","","193022"),
("IPVT190000077","193036","191001","192006","36000","1","36000","0","36000","1","1","2","IPV0806191004","NHO2018000008","PAID","sambal pisah\n","ORIGINAL"),
("IPVT190000078","193003","191001","192001","30000","1","30000","0","30000","1","1","1","IPV0806191004","NHO2018000008","PAID","beef/ lebih pedes\n","PEDAS"),
("IPVT190000078","193040","191001","192008","20000","1","20000","0","20000","1","1","2","IPV0806191004","NHO2018000008","PAID","","193040"),
("IPVT190000079","193041","191001","192008","20000","1","20000","0","20000","1","1","1","IPV0806191004","NHO2018000008","PAID","untuk sayurannya wortel ajaaa ,TANPA SAWI PUTIH","193041");



INSERT INTO pos_salestemp VALUES("IPVT190000074","","2","102000","0","10710","5100","117810","117810","08/06/2019","16:04","08/06/2019","16:45:23","IPVU00001","tbl0011","CLOSED","1","","IPVR190000069","","","","","IPV0806191004","NHO2018000008"),
("IPVT190000075","","2","68000","0","7140","3400","78540","100000","08/06/2019","16:17","08/06/2019","16:49:03","IPVU00001","tbl0025","CLOSED","1","","IPVR190000070","","","","","IPV0806191004","NHO2018000008"),
("IPVT190000076","","3","132000","0","13860","6600","152460","152460","08/06/2019","16:51","08/06/2019","17:24:19","IPVU00001","tbl0023","CLOSED","1","","IPVR190000071","","","","","IPV0806191004","NHO2018000008"),
("IPVT190000077","","2","225000","0","23625","11250","259875","259875","08/06/2019","17:08","08/06/2019","18:29:16","IPVU00001","tbl0025","CLOSED","1","","IPVR190000072","","","","","IPV0806191004","NHO2018000008"),
("IPVT190000078","","1","50000","0","5250","2500","57750","60000","08/06/2019","18:27","08/06/2019","19:33:53","IPVU00001","tbl0027","CLOSED","1","","IPVR190000074","","","","","IPV0806191004","NHO2018000008"),
("IPVT190000079","","1","20000","0","2100","1000","23100","50000","08/06/2019","18:46","08/06/2019","19:20:10","IPVU00001","tbl0010","CLOSED","1","","IPVR190000073","","","","","IPV0806191004","NHO2018000008");



INSERT INTO item_void VALUES("IPVT190000075","IPV0806191004","NHO2018000008","193046","193046","1","8000","Before Send","Salah Order"),
("IPVT190000074","IPV0806191004","NHO2018000008","193003","PEDAS","1","30000","Before Send","Salah Order"),
("IPVT190000074","IPV0806191004","NHO2018000008","193046","193046","1","8000","Before Send","Salah Order");









INSERT INTO pos_paymenttemp VALUES("IPVT190000074","CARD","DEBIT BCA","117810","117810","IPVU00001","2019-06-08","","1","","CLOSED","IPV0806191004","NHO2018000008"),
("IPVT190000075","CASH","CASH","78540","100000","IPVU00001","2019-06-08","","1","","CLOSED","IPV0806191004","NHO2018000008"),
("IPVT190000076","CARD","DEBIT BCA","152460","152460","IPVU00001","2019-06-08","","1","","CLOSED","IPV0806191004","NHO2018000008"),
("IPVT190000077","CARD","VISA","259875","259875","IPVU00001","2019-06-08","","1","","CLOSED","IPV0806191004","NHO2018000008"),
("IPVT190000079","CASH","CASH","23100","50000","IPVU00001","2019-06-08","","1","","CLOSED","IPV0806191004","NHO2018000008"),
("IPVT190000078","CASH","CASH","57750","60000","IPVU00001","2019-06-08","","1","","CLOSED","IPV0806191004","NHO2018000008");



