INSERT INTO pos_itemtemp VALUES("IPVT190000069","193007","191001","192001","37000","1","37000","0","37000","1","1","1","IPV0706191219","NHO2018000008","PAID","lvl 3","PEDAS"),
("IPVT190000069","193003","191001","192001","30000","1","30000","0","30000","1","1","1","IPV0706191219","NHO2018000008","PAID","lvl 1","PEDAS"),
("IPVT190000069","193053","191002","192010","20000","1","20000","0","20000","1","1","1","IPV0706191219","NHO2018000008","PAID","","193053"),
("IPVT190000069","193056","191002","192010","17000","1","17000","0","17000","1","1","1","IPV0706191219","NHO2018000008","PAID","","193056"),
("IPVT190000070","193010","191001","192001","40000","1","40000","0","40000","1","1","1","IPV0706191219","NHO2018000008","PAID","DAUN BAWANG PISAH","193010"),
("IPVT190000070","193028","191001","192003","43000","1","43000","0","43000","1","1","1","IPV0706191219","NHO2018000008","PAID","BEEF TERIYAKI GANTI DENGAN YAKINIKU","193028"),
("IPVT190000070","193047","191002","192010","8000","1","8000","0","8000","1","1","1","IPV0706191219","NHO2018000008","PAID","","193047"),
("IPVT190000070","193047","191002","192010","8000","1","8000","0","8000","2","1","1","IPV0706191219","NHO2018000008","PAID","","193047"),
("IPVT190000071","193022","191001","192003","30000","1","30000","0","30000","1","1","1","IPV0706191219","NHO2018000008","PAID","","193022"),
("IPVT190000072","193003","191001","192001","30000","1","30000","0","30000","1","1","1","IPV0706191219","NHO2018000008","PAID","BEEF","PEDAS"),
("IPVT190000072","193019","191001","192002","40000","1","40000","0","40000","1","1","1","IPV0706191219","NHO2018000008","PAID","","PEDAS"),
("IPVT190000072","193050","191002","192010","20000","1","20000","0","20000","1","1","1","IPV0706191219","NHO2018000008","PAID","","193050"),
("IPVT190000072","193051","191002","192010","20000","1","20000","0","20000","1","1","1","IPV0706191219","NHO2018000008","PAID","","193051"),
("IPVT190000073","193047","191002","192010","8000","1","8000","0","8000","1","1","1","IPV0706191219","NHO2018000008","PAID","","193047"),
("IPVT190000073","193055","191002","192010","17000","1","17000","0","17000","1","1","1","IPV0706191219","NHO2018000008","PAID","","193055"),
("IPVT190000073","193056","191002","192010","17000","1","17000","0","17000","1","1","1","IPV0706191219","NHO2018000008","PAID","","193056"),
("IPVT190000073","193056","191002","192010","17000","1","17000","0","17000","2","1","1","IPV0706191219","NHO2018000008","PAID","","193056"),
("IPVT190000073","193023","191001","192003","30000","1","30000","0","30000","1","1","1","IPV0706191219","NHO2018000008","PAID","","193023"),
("IPVT190000073","193025","191001","192003","30000","1","30000","0","30000","1","1","1","IPV0706191219","NHO2018000008","PAID","","193025"),
("IPVT190000073","193048","191002","192010","8000","1","8000","0","8000","1","1","2","IPV0706191219","NHO2018000008","PAID","","193048");



INSERT INTO pos_salestemp VALUES("IPVT190000069","","2","104000","0","10920","5200","120120","150000","07/06/2019","12:58","07/06/2019","13:36:15","IPVU00001","tbl0011","CLOSED","1","","IPVR190000064","","","","","IPV0706191219","NHO2018000008"),
("IPVT190000070","","2","99000","0","10395","4950","114345","120000","07/06/2019","14:50","07/06/2019","15:16:02","IPVU00001","tbl0011","CLOSED","1","","IPVR190000065","","","","","IPV0706191219","NHO2018000008"),
("IPVT190000071","","1","30000","0","3150","1500","34650","34650","07/06/2019","16:04","07/06/2019","16:30:08","IPVU00001","tbl0011","CLOSED","1","","IPVR190000066","","","","","IPV0706191219","NHO2018000008"),
("IPVT190000072","","2","110000","0","11550","5500","127050","127050","07/06/2019","16:24","07/06/2019","17:06:31","IPVU00001","tbl0009","CLOSED","1","","IPVR190000067","","","","","IPV0706191219","NHO2018000008"),
("IPVT190000073","","3","127000","0","13335","6350","146685","150000","07/06/2019","21:31","07/06/2019","22:04:11","IPVU00001","tbl0010","CLOSED","1","","IPVR190000068","","","","","IPV0706191219","NHO2018000008");












INSERT INTO pos_paymenttemp VALUES("IPVT190000069","CASH","CASH","120120","150000","IPVU00001","2019-06-07","","1","","CLOSED","IPV0706191219","NHO2018000008"),
("IPVT190000070","CASH","CASH","114345","120000","IPVU00001","2019-06-07","","1","","CLOSED","IPV0706191219","NHO2018000008"),
("IPVT190000071","CARD","DEBIT BCA","34650","34650","IPVU00001","2019-06-07","","1","","CLOSED","IPV0706191219","NHO2018000008"),
("IPVT190000072","CARD","DEBIT BCA","127050","127050","IPVU00001","2019-06-07","","1","","CLOSED","IPV0706191219","NHO2018000008"),
("IPVT190000073","CASH","CASH","146685","150000","IPVU00001","2019-06-07","","1","","CLOSED","IPV0706191219","NHO2018000008");



