INSERT INTO pos_itemtemp VALUES("IPVT190000080","193005","191001","192001","37000","1","37000","0","37000","1","1","1","IPV0906191219","NHO2018000008","PAID","","193005"),
("IPVT190000080","193008","191001","192001","37000","1","37000","0","37000","1","1","1","IPV0906191219","NHO2018000008","PAID","chiken ","193008"),
("IPVT190000081","193040","191001","192008","20000","1","20000","0","20000","1","1","1","IPV0906191219","NHO2018000008","PAID","","193040"),
("IPVT190000082","193022","191001","192003","30000","1","30000","0","30000","1","1","1","IPV0906191219","NHO2018000008","PAID","","193022"),
("IPVT190000082","193027","191001","192003","43000","1","43000","0","43000","1","1","1","IPV0906191219","NHO2018000008","PAID","","193027"),
("IPVT190000082","193046","191002","192010","8000","1","8000","0","8000","1","1","1","IPV0906191219","NHO2018000008","PAID","","193046"),
("IPVT190000082","193046","191002","192010","8000","1","8000","0","8000","2","1","1","IPV0906191219","NHO2018000008","PAID","","193046"),
("IPVT190000082","193025","191001","192003","30000","1","30000","0","30000","1","1","2","IPV0906191219","NHO2018000008","PAID","","193025"),
("IPVT190000083","193001","191001","192001","30000","1","30000","0","30000","1","1","1","IPV0906191219","NHO2018000008","PAID","chicken","193001"),
("IPVT190000083","193002","191001","192001","30000","1","30000","0","30000","1","1","1","IPV0906191219","NHO2018000008","PAID","beef","193002"),
("IPVT190000083","193046","191002","192010","8000","1","8000","0","8000","1","1","1","IPV0906191219","NHO2018000008","PAID","","193046"),
("IPVT190000083","193046","191002","192010","8000","1","8000","0","8000","2","1","1","IPV0906191219","NHO2018000008","PAID","","193046"),
("IPVT190000084","193007","191001","192001","37000","1","37000","0","37000","1","1","1","IPV0906191219","NHO2018000008","PAID","lvl 2","PEDAS"),
("IPVT190000084","193047","191002","192010","8000","1","8000","0","8000","1","1","1","IPV0906191219","NHO2018000008","PAID","","193047"),
("IPVT190000084","193047","191002","192010","8000","1","8000","0","8000","2","1","1","IPV0906191219","NHO2018000008","PAID","","193047"),
("IPVT190000084","193025","191001","192003","30000","1","30000","0","30000","1","1","2","IPV0906191219","NHO2018000008","PAID","","193025");



INSERT INTO pos_salestemp VALUES("IPVT190000080","","2","74000","0","7770","3700","85470","85500","09/06/2019","12:44","09/06/2019","13:21:22","IPVU00001","tbl0010","CLOSED","1","","IPVR190000075","","","","","IPV0906191219","NHO2018000008"),
("IPVT190000081","","1","20000","0","2100","1000","23100","54000","09/06/2019","16:15","09/06/2019","16:36:01","IPVU00001","tbl0010","CLOSED","1","","IPVR190000076","","","","","IPV0906191219","NHO2018000008"),
("IPVT190000082","","2","119000","0","12495","5950","137445","150000","09/06/2019","18:43","09/06/2019","19:15:34","IPVU00001","tbl0012","CLOSED","1","","IPVR190000077","","","","","IPV0906191219","NHO2018000008"),
("IPVT190000083","","2","76000","0","7980","3800","87780","100000","09/06/2019","19:40","09/06/2019","21:59:43","IPVU00001","tbl0010","CLOSED","1","","IPVR190000079","","","","","IPV0906191219","NHO2018000008"),
("IPVT190000084","","2","83000","0","8715","4150","95865","95865","09/06/2019","20:26","09/06/2019","21:29:40","IPVU00001","tbl0011","CLOSED","1","","IPVR190000078","","","","","IPV0906191219","NHO2018000008");



INSERT INTO item_void VALUES("IPVT190000082","IPV0906191219","NHO2018000008","193024","193024","1","30000","After Send","Komplen Customer"),
("IPVT190000084","IPV0906191219","NHO2018000008","193024","193024","1","30000","Before Send","Komplen Customer");









INSERT INTO pos_paymenttemp VALUES("IPVT190000080","CASH","CASH","85470","85500","IPVU00001","2019-06-09","","1","","CLOSED","IPV0906191219","NHO2018000008"),
("IPVT190000081","CASH","CASH","23100","54000","IPVU00001","2019-06-09","","1","","CLOSED","IPV0906191219","NHO2018000008"),
("IPVT190000082","CASH","CASH","137445","150000","IPVU00001","2019-06-09","","1","","CLOSED","IPV0906191219","NHO2018000008"),
("IPVT190000084","CARD","DEBIT BCA","95865","95865","IPVU00001","2019-06-09","","1","","CLOSED","IPV0906191219","NHO2018000008"),
("IPVT190000083","CASH","CASH","87780","100000","IPVU00001","2019-06-09","","1","","CLOSED","IPV0906191219","NHO2018000008");



