INSERT INTO pos_itemtemp VALUES("IPVT190000049","193033","191001","192005","42000","1","42000","0","42000","1","1","1","IPV0406191208","NHO2018000008","PAID","","193033"),
("IPVT190000050","193014","191001","192002","33000","1","33000","0","33000","1","1","1","IPV0406191208","NHO2018000008","PAID","chicken","193014"),
("IPVT190000050","193015","191001","192002","33000","1","33000","0","33000","1","1","1","IPV0406191208","NHO2018000008","PAID","","ORIGINAL"),
("IPVT190000050","193052","191002","192010","20000","1","20000","0","20000","1","1","1","IPV0406191208","NHO2018000008","PAID","","193052"),
("IPVT190000050","193056","191002","192010","17000","1","17000","0","17000","1","1","1","IPV0406191208","NHO2018000008","PAID","","193056"),
("IPVT190000051","193009","191001","192001","40000","1","40000","0","40000","1","1","1","IPV0406191208","NHO2018000008","PAID","","193009"),
("IPVT190000052","193001","191001","192001","30000","1","30000","0","30000","1","1","1","IPV0406191208","NHO2018000008","PAID","beef","193001"),
("IPVT190000053","193005","191001","192001","37000","1","37000","0","37000","1","1","1","IPV0406191208","NHO2018000008","PAID","","193005");



INSERT INTO pos_salestemp VALUES("IPVT190000049","","0","42000","0","4410","2100","48510","50000","04/06/2019","12:09","04/06/2019","14:18:34","IPVU00001","takeaway","CLOSED","1","","IPVR190000044","","","","","IPV0406191208","NHO2018000008"),
("IPVT190000050","","3","103000","0","10815","5150","118965","150000","04/06/2019","15:22","04/06/2019","15:53:09","IPVU00001","tbl0010","CLOSED","1","","IPVR190000045","","","","","IPV0406191208","NHO2018000008"),
("IPVT190000051","","4","40000","0","4200","2000","46200","46200","04/06/2019","17:29","04/06/2019","17:31:46","IPVU00001","tbl0002","CLOSED","1","","IPVR190000046","","","","","IPV0406191208","NHO2018000008"),
("IPVT190000052","","1","30000","0","3150","1500","34650","50000","04/06/2019","19:31","04/06/2019","20:29:03","IPVU00001","tbl0027","CLOSED","1","","IPVR190000047","","","","","IPV0406191208","NHO2018000008"),
("IPVT190000053","","1","37000","0","3885","1850","42735","42735","04/06/2019","19:56","04/06/2019","20:49:24","IPVU00001","tbl0025","CLOSED","1","","IPVR190000048","","","","","IPV0406191208","NHO2018000008");



INSERT INTO item_void VALUES("IPVT190000053","IPV0406191208","NHO2018000008","193045","193045","1","27000","Before Send","Salah Order");









INSERT INTO pos_paymenttemp VALUES("IPVT190000049","CASH","CASH","48510","50000","IPVU00001","2019-06-04","","1","","CLOSED","IPV0406191208","NHO2018000008"),
("IPVT190000050","CASH","CASH","118965","150000","IPVU00001","2019-06-04","","1","","CLOSED","IPV0406191208","NHO2018000008"),
("IPVT190000051","CASH","CASH","46200","46200","IPVU00001","2019-06-04","","1","","CLOSED","IPV0406191208","NHO2018000008"),
("IPVT190000052","CASH","CASH","34650","50000","IPVU00001","2019-06-04","","1","","CLOSED","IPV0406191208","NHO2018000008"),
("IPVT190000053","CARD","DEBIT BCA","42735","42735","IPVU00001","2019-06-04","","1","","CLOSED","IPV0406191208","NHO2018000008");



