INSERT INTO pos_itemtemp VALUES("IPVT190000054","193022","191001","192003","30000","1","30000","0","30000","1","1","1","IPV0506191236","NHO2018000008","PAID","","193022"),
("IPVT190000054","193023","191001","192003","30000","1","30000","0","30000","1","1","1","IPV0506191236","NHO2018000008","PAID","","193023"),
("IPVT190000054","193046","191002","192010","8000","1","8000","0","8000","1","1","1","IPV0506191236","NHO2018000008","PAID","","193046"),
("IPVT190000055","193047","191002","192010","8000","1","8000","0","8000","1","1","1","IPV0506191236","NHO2018000008","PAID","","193047"),
("IPVT190000055","193047","191002","192010","8000","1","8000","0","8000","2","1","1","IPV0506191236","NHO2018000008","PAID","","193047"),
("IPVT190000055","193046","191002","192010","8000","1","8000","0","8000","1","1","1","IPV0506191236","NHO2018000008","PAID","","193046"),
("IPVT190000055","193046","191002","192010","8000","1","8000","0","8000","2","1","1","IPV0506191236","NHO2018000008","PAID","","193046"),
("IPVT190000055","193013","191001","192002","33000","1","33000","0","33000","1","1","1","IPV0506191236","NHO2018000008","PAID","beef","PEDAS"),
("IPVT190000055","193033","191001","192005","42000","1","42000","0","42000","1","1","1","IPV0506191236","NHO2018000008","PAID","","193033"),
("IPVT190000055","193034","191001","192005","37000","1","37000","0","37000","1","1","1","IPV0506191236","NHO2018000008","PAID","","193034"),
("IPVT190000055","193023","191001","192003","30000","1","30000","0","30000","1","1","1","IPV0506191236","NHO2018000008","PAID","","193023"),
("IPVT190000056","193047","191002","192010","8000","1","8000","0","8000","1","1","1","IPV0506191236","NHO2018000008","PAID","","193047"),
("IPVT190000056","193048","191002","192010","8000","1","8000","0","8000","1","1","1","IPV0506191236","NHO2018000008","PAID","","193048"),
("IPVT190000056","193003","191001","192001","30000","1","30000","0","30000","1","1","1","IPV0506191236","NHO2018000008","PAID","beef","PEDAS"),
("IPVT190000056","193022","191001","192003","30000","1","30000","0","30000","1","1","1","IPV0506191236","NHO2018000008","PAID","","193022"),
("IPVT190000057","193047","191002","192010","8000","1","8000","0","8000","1","1","1","IPV0506191236","NHO2018000008","PAID","","193047"),
("IPVT190000057","193047","191002","192010","8000","1","8000","0","8000","2","1","1","IPV0506191236","NHO2018000008","PAID","","193047"),
("IPVT190000057","193048","191002","192010","8000","1","8000","0","8000","1","1","1","IPV0506191236","NHO2018000008","PAID","","193048"),
("IPVT190000057","193022","191001","192003","30000","1","30000","0","30000","1","1","1","IPV0506191236","NHO2018000008","PAID","","193022"),
("IPVT190000057","193012","191001","192001","40000","1","40000","0","40000","1","1","1","IPV0506191236","NHO2018000008","PAID","","193012"),
("IPVT190000057","193027","191001","192003","43000","1","43000","0","43000","1","1","1","IPV0506191236","NHO2018000008","PAID","","193027"),
("IPVT190000058","193004","191001","192001","30000","1","30000","0","30000","1","1","1","IPV0506191236","NHO2018000008","PAID","beef","193004"),
("IPVT190000058","193007","191001","192001","37000","1","37000","0","37000","1","1","1","IPV0506191236","NHO2018000008","PAID","","PEDAS"),
("IPVT190000059","193052","191002","192010","20000","1","20000","0","20000","1","1","1","IPV0506191236","NHO2018000008","PAID","","193052"),
("IPVT190000059","193054","191002","192010","20000","1","20000","0","20000","1","1","1","IPV0506191236","NHO2018000008","PAID","1 less sugar","193054"),
("IPVT190000059","193054","191002","192010","20000","1","20000","0","20000","2","1","1","IPV0506191236","NHO2018000008","PAID","","193054"),
("IPVT190000059","193047","191002","192010","8000","1","8000","0","8000","1","1","2","IPV0506191236","NHO2018000008","PAID","","193047"),
("IPVT190000059","193015","191001","192002","33000","1","33000","0","33000","1","1","2","IPV0506191236","NHO2018000008","PAID","","PEDAS");



INSERT INTO pos_salestemp VALUES("IPVT190000054","","2","68000","0","7140","3400","78540","100000","05/06/2019","14:09","05/06/2019","15:02:07","IPVU00002","tbl0009","CLOSED","1","","IPVR190000049","","","","","IPV0506191236","NHO2018000008"),
("IPVT190000055","","4","174000","0","18270","8700","200970","220000","05/06/2019","14:29","05/06/2019","15:24:07","IPVU00002","tbl0021","CLOSED","1","","IPVR190000050","","","","","IPV0506191236","NHO2018000008"),
("IPVT190000056","","2","76000","0","7980","3800","87780","100000","05/06/2019","15:04","05/06/2019","15:28:11","IPVU00002","tbl0024","CLOSED","1","","IPVR190000051","","","","","IPV0506191236","NHO2018000008"),
("IPVT190000057","","4","137000","0","14385","6850","158235","158235","05/06/2019","18:02","05/06/2019","18:47:41","IPVU00002","tbl0011","CLOSED","1","","IPVR190000052","","","","","IPV0506191236","NHO2018000008"),
("IPVT190000058","","2","67000","0","7035","3350","77385","77385","05/06/2019","18:11","05/06/2019","18:53:58","IPVU00002","tbl0009","CLOSED","1","","IPVR190000053","","","","","IPV0506191236","NHO2018000008"),
("IPVT190000059","","2","101000","0","10605","5050","116655","116655","05/06/2019","19:56","05/06/2019","20:20:29","IPVU00002","tbl0011","CLOSED","1","","IPVR190000054","","","","","IPV0506191236","NHO2018000008");












INSERT INTO pos_paymenttemp VALUES("IPVT190000054","CASH","CASH","78540","100000","IPVU00002","2019-06-05","","1","","CLOSED","IPV0506191236","NHO2018000008"),
("IPVT190000055","CASH","CASH","200970","220000","IPVU00002","2019-06-05","","1","","CLOSED","IPV0506191236","NHO2018000008"),
("IPVT190000056","CASH","CASH","87780","100000","IPVU00002","2019-06-05","","1","","CLOSED","IPV0506191236","NHO2018000008"),
("IPVT190000057","CARD","VISA","158235","158235","IPVU00002","2019-06-05","","1","","CLOSED","IPV0506191236","NHO2018000008"),
("IPVT190000058","CARD","DEBIT BCA","77385","77385","IPVU00002","2019-06-05","","1","","CLOSED","IPV0506191236","NHO2018000008"),
("IPVT190000059","CARD","DEBIT BCA","116655","116655","IPVU00002","2019-06-05","","1","","CLOSED","IPV0506191236","NHO2018000008");



