INSERT INTO pos_itemtemp VALUES("IPVT190000085","193033","191001","192005","42000","1","42000","0","42000","1","1","1","IPV1006190954","NHO2018000008","PAID","curry yg banyak ","193033"),
("IPVT190000085","193011","191001","192001","40000","1","40000","0","40000","1","1","1","IPV1006190954","NHO2018000008","PAID","","PEDAS"),
("IPVT190000085","193047","191002","192010","8000","1","8000","0","8000","1","1","1","IPV1006190954","NHO2018000008","PAID","","193047"),
("IPVT190000085","193047","191002","192010","8000","1","8000","0","8000","2","1","1","IPV1006190954","NHO2018000008","PAID","","193047"),
("IPVT190000085","193068","191003","192011","0","1","0","0","0","1","1","2","IPV1006190954","NHO2018000008","PAID","","193068"),
("IPVT190000085","193068","191003","192011","0","1","0","0","0","2","1","2","IPV1006190954","NHO2018000008","PAID","","193068"),
("IPVT190000085","193068","191003","192011","0","1","0","0","0","3","1","2","IPV1006190954","NHO2018000008","PAID","","193068"),
("IPVT190000086","193047","191002","192010","8000","1","8000","0","8000","1","1","1","IPV1006190954","NHO2018000008","PAID","","193047"),
("IPVT190000086","193039","191001","192006","36000","1","36000","0","36000","1","1","1","IPV1006190954","NHO2018000008","PAID","","ORIGINAL"),
("IPVT190000087","193017","191001","192002","37000","1","37000","0","37000","1","1","1","IPV1006190954","NHO2018000008","PAID","","193017");



INSERT INTO pos_salestemp VALUES("IPVT190000085","","2","98000","0","9800","0","107800","150000","10/06/2019","12:26","10/06/2019","13:25:59","IPVU00001","tbl0027","CLOSED","1","","IPVR190000080","","","","","IPV1006190954","NHO2018000008"),
("IPVT190000086","","1","44000","0","4400","0","48400","100000","10/06/2019","13:12","10/06/2019","13:39:43","IPVU00001","tbl0010","CLOSED","1","","IPVR190000081","","","","","IPV1006190954","NHO2018000008"),
("IPVT190000087","","1","37000","0","3700","0","40700","100000","10/06/2019","19:20","10/06/2019","19:21:04","IPVU00001","tbl0029","CLOSED","1","","IPVR190000082","","","","","IPV1006190954","NHO2018000008");












INSERT INTO pos_paymenttemp VALUES("IPVT190000085","CASH","CASH","107800","150000","IPVU00001","2019-06-10","","1","","CLOSED","IPV1006190954","NHO2018000008"),
("IPVT190000086","CASH","CASH","48400","100000","IPVU00001","2019-06-10","","1","","CLOSED","IPV1006190954","NHO2018000008"),
("IPVT190000087","CASH","CASH","40700","100000","IPVU00001","2019-06-10","","1","","CLOSED","IPV1006190954","NHO2018000008");



