INSERT INTO pos_itemtemp VALUES("IPVT190000013","193030","191001","192004","27000","1","27000","0","27000","1","1","1","IPV2705191148","NHO2018000008","PAID","","193030"),
("IPVT190000013","193029","191001","192004","27000","1","27000","0","27000","1","1","1","IPV2705191148","NHO2018000008","PAID","","193029"),
("IPVT190000013","193029","191001","192004","27000","1","27000","0","27000","2","1","1","IPV2705191148","NHO2018000008","PAID","","193029"),
("IPVT190000013","193047","191002","192010","8000","1","8000","0","8000","1","1","1","IPV2705191148","NHO2018000008","PAID","","193047"),
("IPVT190000013","193046","191002","192010","8000","1","8000","0","8000","1","1","1","IPV2705191148","NHO2018000008","PAID","","193046"),
("IPVT190000014","193032","191001","192004","30000","1","30000","0","30000","1","1","1","IPV2705191148","NHO2018000008","PAID","","193032"),
("IPVT190000014","193047","191002","192010","8000","1","8000","0","8000","1","1","1","IPV2705191148","NHO2018000008","PAID","","193047"),
("IPVT190000015","193011","191001","192001","40000","1","40000","0","40000","1","1","1","IPV2705191148","NHO2018000008","PAID","","PEDAS"),
("IPVT190000015","193046","191002","192010","8000","1","8000","0","8000","1","1","1","IPV2705191148","NHO2018000008","PAID","","193046"),
("IPVT190000015","193047","191002","192010","8000","1","8000","0","8000","1","1","1","IPV2705191148","NHO2018000008","PAID","","193047"),
("IPVT190000015","193033","191001","192005","42000","1","42000","0","42000","1","1","1","IPV2705191148","NHO2018000008","PAID","","193033"),
("IPVT190000015","193010","191001","192001","40000","1","40000","0","40000","1","1","1","IPV2705191148","NHO2018000008","PAID","","193010"),
("IPVT190000015","193019","191001","192002","40000","1","40000","0","40000","1","1","1","IPV2705191148","NHO2018000008","PAID","","PEDAS"),
("IPVT190000014","193020","191001","192002","40000","1","40000","0","40000","1","1","2","IPV2705191148","NHO2018000008","PAID","TAKE AWAY","193020"),
("IPVT190000014","193014","191001","192002","33000","1","33000","0","33000","1","1","3","IPV2705191148","NHO2018000008","PAID","TAKE AWAY","193014"),
("IPVT190000016","193011","191001","192001","40000","1","40000","0","40000","1","1","1","IPV2705191148","NHO2018000008","PAID","PAKE CABE DIKIT AJH GUYS","ORIGINAL"),
("IPVT190000016","193047","191002","192010","8000","1","8000","0","8000","1","1","2","IPV2705191148","NHO2018000008","PAID","","193047"),
("IPVT190000017","193024","191001","192003","30000","1","30000","0","30000","1","1","1","IPV2705191148","NHO2018000008","PAID","","193024"),
("IPVT190000017","193023","191001","192003","30000","1","30000","0","30000","1","1","1","IPV2705191148","NHO2018000008","PAID","","193023"),
("IPVT190000017","193046","191002","192010","8000","1","8000","0","8000","1","1","1","IPV2705191148","NHO2018000008","PAID","","193046"),
("IPVT190000017","193047","191002","192010","8000","1","8000","0","8000","1","1","1","IPV2705191148","NHO2018000008","PAID","","193047"),
("IPVT190000018","193009","191001","192001","40000","1","40000","0","40000","1","1","1","IPV2705191148","NHO2018000008","PAID","","193009"),
("IPVT190000018","193054","191002","192010","20000","1","20000","0","20000","1","1","1","IPV2705191148","NHO2018000008","PAID","","193054"),
("IPVT190000019","193022","191001","192003","30000","1","30000","0","30000","1","1","1","IPV2705191148","NHO2018000008","PAID","","193022"),
("IPVT190000019","193022","191001","192003","30000","1","30000","0","30000","2","1","1","IPV2705191148","NHO2018000008","PAID","","193022"),
("IPVT190000019","193022","191001","192003","30000","1","30000","0","30000","3","1","1","IPV2705191148","NHO2018000008","PAID","","193022"),
("IPVT190000019","193022","191001","192003","30000","1","30000","0","30000","4","1","1","IPV2705191148","NHO2018000008","PAID","","193022"),
("IPVT190000019","193022","191001","192003","30000","1","30000","0","30000","5","1","1","IPV2705191148","NHO2018000008","PAID","","193022"),
("IPVT190000020","193016","191001","192002","37000","1","37000","0","37000","1","1","1","IPV2705191148","NHO2018000008","PAID","JANGAN TERLALU PEDAS","PEDAS"),
("IPVT190000020","193020","191001","192002","40000","1","40000","0","40000","1","1","1","IPV2705191148","NHO2018000008","PAID","","193020"),
("IPVT190000020","193047","191002","192010","8000","1","8000","0","8000","1","1","1","IPV2705191148","NHO2018000008","PAID","","193047"),
("IPVT190000020","193046","191002","192010","8000","1","8000","0","8000","1","1","1","IPV2705191148","NHO2018000008","PAID","","193046"),
("IPVT190000022","193033","191001","192005","42000","1","42000","0","42000","1","1","1","IPV2705191148","NHO2018000008","PAID","GANTI FRY MIX B","193033"),
("IPVT190000022","193023","191001","192003","30000","1","30000","0","30000","1","1","1","IPV2705191148","NHO2018000008","PAID","","193023"),
("IPVT190000022","193003","191001","192001","30000","1","30000","0","30000","1","1","1","IPV2705191148","NHO2018000008","PAID","CHICKEN","PEDAS"),
("IPVT190000022","193052","191002","192010","20000","1","20000","0","20000","1","1","1","IPV2705191148","NHO2018000008","PAID","","193052"),
("IPVT190000022","193046","191002","192010","8000","1","8000","0","8000","1","1","1","IPV2705191148","NHO2018000008","PAID","","193046"),
("IPVT190000022","193055","191002","192010","17000","1","17000","0","17000","1","1","1","IPV2705191148","NHO2018000008","PAID","","193055"),
("IPVT190000022","193032","191001","192004","30000","1","30000","0","30000","1","1","1","IPV2705191148","NHO2018000008","PAID","","193032"),
("IPVT190000022","193033","191001","192005","42000","1","42000","0","42000","2","1","2","IPV2705191148","NHO2018000008","PAID","","193033"),
("IPVT190000022","193052","191002","192010","20000","1","20000","0","20000","2","1","2","IPV2705191148","NHO2018000008","PAID","TANPPA ES BATU","193052"),
("IPVT190000023","193005","191001","192001","37000","1","37000","0","37000","1","1","1","IPV2705191148","NHO2018000008","PAID","","193005"),
("IPVT190000023","193022","191001","192003","30000","1","30000","0","30000","1","1","1","IPV2705191148","NHO2018000008","PAID","","193022"),
("IPVT190000023","193056","191002","192010","17000","1","17000","0","17000","1","1","1","IPV2705191148","NHO2018000008","PAID","","193056"),
("IPVT190000023","193054","191002","192010","20000","1","20000","0","20000","1","1","1","IPV2705191148","NHO2018000008","PAID","","193054"),
("IPVT190000024","193022","191001","192003","30000","1","30000","0","30000","1","1","1","IPV2705191148","NHO2018000008","PAID","","193022"),
("IPVT190000024","193023","191001","192003","30000","1","30000","0","30000","1","1","1","IPV2705191148","NHO2018000008","PAID","","193023"),
("IPVT190000024","193009","191001","192001","40000","1","40000","0","40000","1","1","1","IPV2705191148","NHO2018000008","PAID","","193009"),
("IPVT190000024","193023","191001","192003","30000","1","30000","0","30000","2","1","2","IPV2705191148","NHO2018000008","PAID","","193023");



INSERT INTO pos_salestemp VALUES("IPVT190000013","","3","97000","0","9700","0","106700","107000","27/05/2019","12:36","27/05/2019","13:04:52","IPVU00002","tbl0023","CLOSED","1","","IPVR190000011","","","","","IPV2705191148","NHO2018000008"),
("IPVT190000014","","2","111000","0","11100","0","122100","125000","27/05/2019","12:50","27/05/2019","13:11:45","IPVU00002","tbl0009","CLOSED","1","","IPVR190000012","","","","","IPV2705191148","NHO2018000008"),
("IPVT190000015","","3","178000","0","17800","0","195800","225000","27/05/2019","12:51","27/05/2019","13:37:16","IPVU00002","tbl0022","CLOSED","1","","IPVR190000013","","","","","IPV2705191148","NHO2018000008"),
("IPVT190000016","","1","48000","0","4800","0","52800","100000","27/05/2019","13:05","27/05/2019","13:44:06","IPVU00002","tbl0011","CLOSED","1","","IPVR190000014","","","","","IPV2705191148","NHO2018000008"),
("IPVT190000017","","2","76000","0","7600","0","83600","100000","27/05/2019","13:28","27/05/2019","14:03:31","IPVU00002","tbl0019","CLOSED","1","","IPVR190000016","","","","","IPV2705191148","NHO2018000008"),
("IPVT190000018","","1","60000","0","6000","0","66000","70000","27/05/2019","13:45","27/05/2019","13:56:21","IPVU00002","tbl0018","CLOSED","1","","IPVR190000015","","","","","IPV2705191148","NHO2018000008"),
("IPVT190000019","","3","150000","0","15000","0","165000","165000","27/05/2019","15:01","27/05/2019","15:03:11","IPVU00002","tbl0001","CLOSED","1","","IPVR190000017","","","","","IPV2705191148","NHO2018000008"),
("IPVT190000020","","2","93000","0","9300","0","102300","110000","27/05/2019","18:19","27/05/2019","18:39:39","IPVU00002","tbl0011","CLOSED","1","","IPVR190000018","","","","","IPV2705191148","NHO2018000008"),
("IPVT190000021","","2","0","0","0","0","0","0","27/05/2019","18:40","27/05/2019","18:40:59","IPVU00002","tbl0024","CANCELED","1","PERMINTAAN CUSTOMER","","","","","","IPV2705191148","NHO2018000008"),
("IPVT190000022","","6","239000","0","23900","0","262900","270000","27/05/2019","18:41","27/05/2019","19:33:54","IPVU00002","tbl0024","CLOSED","1","","IPVR190000019","","","","","IPV2705191148","NHO2018000008"),
("IPVT190000023","","2","104000","0","10400","0","114400","125000","27/05/2019","19:27","27/05/2019","19:58:30","IPVU00002","tbl0010","CLOSED","1","","IPVR190000020","","","","","IPV2705191148","NHO2018000008"),
("IPVT190000024","","2","130000","0","13000","0","143000","143000","27/05/2019","19:45","27/05/2019","20:41:05","IPVU00002","tbl0023","CLOSED","1","","IPVR190000021","","","","","IPV2705191148","NHO2018000008");



INSERT INTO item_void VALUES("IPVT190000024","IPV2705191148","NHO2018000008","193013","PEDAS","1","33000","Before Send","Komplen Customer");









INSERT INTO pos_paymenttemp VALUES("IPVT190000013","VOUCHER","ISOIDE OPENING VOUCHER 25","25000","25000","IPVU00002","2019-05-27","","1","","CLOSED","IPV2705191148","NHO2018000008"),
("IPVT190000013","CASH","CASH","81700","82000","IPVU00002","2019-05-27","","1","","CLOSED","IPV2705191148","NHO2018000008"),
("IPVT190000014","VOUCHER","ISOIDE OPENING VOUCHER 25","25000","25000","IPVU00002","2019-05-27","","1","","CLOSED","IPV2705191148","NHO2018000008"),
("IPVT190000014","CASH","CASH","97100","100000","IPVU00002","2019-05-27","","1","","CLOSED","IPV2705191148","NHO2018000008"),
("IPVT190000015","VOUCHER","ISOIDE OPENING VOUCHER 25","25000","25000","IPVU00002","2019-05-27","","1","","CLOSED","IPV2705191148","NHO2018000008"),
("IPVT190000015","CASH","CASH","170800","200000","IPVU00002","2019-05-27","","1","","CLOSED","IPV2705191148","NHO2018000008"),
("IPVT190000016","CASH","CASH","52800","100000","IPVU00002","2019-05-27","","1","","CLOSED","IPV2705191148","NHO2018000008"),
("IPVT190000018","CASH","CASH","66000","70000","IPVU00002","2019-05-27","","1","","CLOSED","IPV2705191148","NHO2018000008"),
("IPVT190000017","CASH","CASH","83600","100000","IPVU00002","2019-05-27","","1","","CLOSED","IPV2705191148","NHO2018000008"),
("IPVT190000019","CARD","DEBIT BCA","165000","165000","IPVU00002","2019-05-27","","1","","CLOSED","IPV2705191148","NHO2018000008"),
("IPVT190000020","CASH","CASH","102300","110000","IPVU00002","2019-05-27","","1","","CLOSED","IPV2705191148","NHO2018000008"),
("IPVT190000022","VOUCHER","ISOIDE OPENING VOUCHER 25","25000","25000","IPVU00002","2019-05-27","","1","","CLOSED","IPV2705191148","NHO2018000008"),
("IPVT190000022","VOUCHER","ISOIDE OPENING VOUCHER 25","25000","25000","IPVU00002","2019-05-27","","1","","CLOSED","IPV2705191148","NHO2018000008"),
("IPVT190000022","CASH","CASH","212900","220000","IPVU00002","2019-05-27","","1","","CLOSED","IPV2705191148","NHO2018000008"),
("IPVT190000023","VOUCHER","ISOIDE OPENING VOUCHER 25","25000","25000","IPVU00002","2019-05-27","","1","","CLOSED","IPV2705191148","NHO2018000008"),
("IPVT190000023","CASH","CASH","89400","100000","IPVU00002","2019-05-27","","1","","CLOSED","IPV2705191148","NHO2018000008"),
("IPVT190000024","VOUCHER","ISOIDE OPENING VOUCHER 25","25000","25000","IPVU00002","2019-05-27","","1","","CLOSED","IPV2705191148","NHO2018000008"),
("IPVT190000024","CARD","DEBIT BCA","118000","118000","IPVU00002","2019-05-27","","1","","CLOSED","IPV2705191148","NHO2018000008");



