INSERT INTO pos_itemtemp VALUES("IPVT190000034","193023","191001","192003","30000","1","30000","0","30000","1","1","1","IPV2905190946","NHO2018000008","PAID","","193023"),
("IPVT190000034","193022","191001","192003","30000","1","30000","0","30000","1","1","1","IPV2905190946","NHO2018000008","PAID","","193022"),
("IPVT190000034","193046","191002","192010","8000","1","8000","0","8000","1","1","1","IPV2905190946","NHO2018000008","PAID","","193046"),
("IPVT190000034","193052","191002","192010","20000","1","20000","0","20000","1","1","1","IPV2905190946","NHO2018000008","PAID","","193052"),
("IPVT190000035","193013","191001","192002","33000","1","33000","0","33000","1","1","1","IPV2905190946","NHO2018000008","PAID","beef","PEDAS"),
("IPVT190000036","193023","191001","192003","30000","1","30000","0","30000","1","1","1","IPV2905190946","NHO2018000008","PAID","","193023"),
("IPVT190000036","193047","191002","192010","8000","1","8000","0","8000","1","1","1","IPV2905190946","NHO2018000008","PAID","","193047");



INSERT INTO pos_salestemp VALUES("IPVT190000034","","2","88000","0","8800","0","96800","100000","29/05/2019","14:02","29/05/2019","14:35:29","IPVU00001","tbl0011","CLOSED","1","","IPVR190000030","","","","","IPV2905190946","NHO2018000008"),
("IPVT190000035","","1","33000","0","3300","0","36300","50000","29/05/2019","18:01","29/05/2019","18:13:37","IPVU00001","takeaway","CLOSED","1","","IPVR190000031","","","","","IPV2905190946","NHO2018000008"),
("IPVT190000036","","2","38000","0","3800","0","41800","45000","29/05/2019","20:56","29/05/2019","21:16:38","IPVU00001","tbl0022","CLOSED","1","","IPVR190000032","","","","","IPV2905190946","NHO2018000008");



INSERT INTO item_void VALUES("IPVT190000035","IPV2905190946","NHO2018000008","193003","PEDAS","1","30000","Before Send","Komplen Customer");









INSERT INTO pos_paymenttemp VALUES("IPVT190000034","CASH","CASH","96800","100000","IPVU00001","2019-05-29","","1","","CLOSED","IPV2905190946","NHO2018000008"),
("IPVT190000035","CASH","CASH","36300","50000","IPVU00001","2019-05-29","","1","","CLOSED","IPV2905190946","NHO2018000008"),
("IPVT190000036","CASH","CASH","41800","45000","IPVU00001","2019-05-29","","1","","CLOSED","IPV2905190946","NHO2018000008");



