INSERT INTO pos_itemtemp VALUES("IPVT190000037","193022","191001","192003","30000","1","30000","0","30000","1","1","1","IPV3005191046","NHO2018000008","PAID","","193022"),
("IPVT190000037","193054","191002","192010","20000","1","20000","0","20000","1","1","1","IPV3005191046","NHO2018000008","PAID","tanpa es\n","193054"),
("IPVT190000038","193055","191002","192010","17000","1","17000","0","17000","1","1","1","IPV3005191046","NHO2018000008","PAID","","193055"),
("IPVT190000038","193055","191002","192010","17000","1","17000","0","17000","2","1","1","IPV3005191046","NHO2018000008","PAID","","193055"),
("IPVT190000038","193055","191002","192010","17000","1","17000","0","17000","3","1","1","IPV3005191046","NHO2018000008","PAID","","193055"),
("IPVT190000039","193013","191001","192002","33000","1","33000","0","33000","1","1","1","IPV3005191046","NHO2018000008","PAID","beef","ORIGINAL"),
("IPVT190000039","193052","191002","192010","20000","1","20000","0","20000","1","1","1","IPV3005191046","NHO2018000008","PAID","es sedikit","193052"),
("IPVT190000040","193048","191002","192010","8000","1","8000","0","8000","1","1","1","IPV3005191046","NHO2018000008","PAID","","193048");



INSERT INTO pos_salestemp VALUES("IPVT190000037","","1","50000","0","5000","0","55000","60000","30/05/2019","12:29","30/05/2019","13:08:19","IPVU00001","tbl0024","CLOSED","1","","IPVR190000033","","","","","IPV3005191046","NHO2018000008"),
("IPVT190000038","","3","51000","0","5100","0","56100","60000","30/05/2019","12:58","30/05/2019","13:48:39","IPVU00001","tbl0011","CLOSED","1","","IPVR190000034","","","","","IPV3005191046","NHO2018000008"),
("IPVT190000039","","1","53000","0","5300","0","58300","100000","30/05/2019","17:44","30/05/2019","18:37:37","IPVU00002","tbl0011","CLOSED","1","","IPVR190000035","","","","","IPV3005191046","NHO2018000008"),
("IPVT190000040","","1","8000","0","800","0","8800","10000","30/05/2019","20:08","30/05/2019","20:09:46","IPVU00002","tbl0001","CLOSED","1","","IPVR190000036","","","","","IPV3005191046","NHO2018000008");












INSERT INTO pos_paymenttemp VALUES("IPVT190000037","CASH","CASH","55000","60000","IPVU00001","2019-05-30","","1","","CLOSED","IPV3005191046","NHO2018000008"),
("IPVT190000038","CASH","CASH","56100","60000","IPVU00001","2019-05-30","","1","","CLOSED","IPV3005191046","NHO2018000008"),
("IPVT190000039","CASH","CASH","58300","100000","IPVU00002","2019-05-30","","1","","CLOSED","IPV3005191046","NHO2018000008"),
("IPVT190000040","CASH","CASH","8800","10000","IPVU00002","2019-05-30","","1","","CLOSED","IPV3005191046","NHO2018000008");



