INSERT INTO pos_itemtemp VALUES("ILBT210000305","193405","191001","192019","34545","1","34545","0","34545","1","1","1","ILB0602211143","NHO2018000014","PAID","","193405"),
("ILBT210000305","193405","191001","192019","34545","1","34545","0","34545","2","1","1","ILB0602211143","NHO2018000014","PAID","","193405"),
("ILBT210000305","193408","191001","192019","34545","1","34545","0","34545","1","1","1","ILB0602211143","NHO2018000014","PAID","","193408"),
("ILBT210000306","193402","191001","192019","61818","1","61818","0","61818","1","1","1","ILB0602211143","NHO2018000014","PAID","","193402"),
("ILBT210000307","193401","191001","192019","50000","1","50000","0","50000","1","1","1","ILB0602211143","NHO2018000014","PAID","","193401"),
("ILBT210000307","193403","191001","192019","61818","1","61818","0","61818","1","1","1","ILB0602211143","NHO2018000014","PAID","","193403"),
("ILBT210000308","193403","191001","192019","61818","1","61818","0","61818","1","1","1","ILB0602211143","NHO2018000014","PAID","","193403");



INSERT INTO pos_salestemp VALUES("ILBT210000305","","0","103635","0","10364","0","113999","113999","06/02/2021","11:43","2021-02-06","11:44:30","ISU000001","takeaway","CLOSED","1","","ILBR210000304","","","","","ILB0602211143","NHO2018000014"),
("ILBT210000306","","0","61818","0","6182","0","68000","68000","06/02/2021","11:44","2021-02-06","11:45:00","ISU000001","takeaway","CLOSED","1","","ILBR210000305","","","","","ILB0602211143","NHO2018000014"),
("ILBT210000307","","0","111818","0","11182","0","123000","123000","06/02/2021","11:45","2021-02-06","11:46:07","ISU000001","takeaway","CLOSED","1","","ILBR210000306","","","","","ILB0602211143","NHO2018000014"),
("ILBT210000308","","0","61818","0","6182","0","68000","68000","06/02/2021","11:46","2021-02-06","11:47:00","ISU000001","takeaway","CLOSED","1","","ILBR210000307","","","","","ILB0602211143","NHO2018000014");












INSERT INTO pos_paymenttemp VALUES("ILBT210000305","CASH","OVO","113999","113999","ISU000001","2021-02-06","","1","","CLOSED","ILB0602211143","NHO2018000014"),
("ILBT210000306","CASH","OVO","68000","68000","ISU000001","2021-02-06","","1","","CLOSED","ILB0602211143","NHO2018000014"),
("ILBT210000307","CASH","POTONGAN_GRABKITCHEN","16000","16000","ISU000001","2021-02-06","","1","","CLOSED","ILB0602211143","NHO2018000014"),
("ILBT210000307","CASH","OVO","107000","107000","ISU000001","2021-02-06","","1","","CLOSED","ILB0602211143","NHO2018000014"),
("ILBT210000308","CASH","POTONGAN_GRABKITCHEN","9520","9520","ISU000001","2021-02-06","","1","","CLOSED","ILB0602211143","NHO2018000014"),
("ILBT210000308","CASH","OVO","58480","58480","ISU000001","2021-02-06","","1","","CLOSED","ILB0602211143","NHO2018000014");



