INSERT INTO pos_itemtemp VALUES("ILBT210000021","193424","191001","192019","20000","1","20000","0","20000","1","1","1","ILB0101210901","NHO2018000014","PAID","","193424"),
("ILBT210000022","193404","191001","192019","61818","1","61818","0","61818","1","1","1","ILB0101210901","NHO2018000014","PAID","","193404"),
("ILBT210000023","193402","191001","192019","61818","1","61818","0","61818","1","1","1","ILB0101210901","NHO2018000014","PAID","","193402"),
("ILBT210000024","193404","191001","192019","61818","1","61818","0","61818","1","1","1","ILB0101210901","NHO2018000014","PAID","","193404"),
("ILBT210000025","193402","191001","192019","61818","1","61818","0","61818","1","1","1","ILB0101210901","NHO2018000014","PAID","","193402"),
("ILBT210000026","193400","191001","192019","27000","1","27000","0","27000","1","1","1","ILB0101210901","NHO2018000014","PAID","","193400"),
("ILBT210000027","193425","191001","192019","20000","1","20000","0","20000","1","1","1","ILB0101210901","NHO2018000014","PAID","","193425");



INSERT INTO pos_salestemp VALUES("ILBT210000021","","1","20000","0","2000","0","22000","22000","01/01/2021","09:02","2021-01-01","09:02:28","ISU000001","takeaway","CLOSED","1","","ILBR210000021","","","","","ILB0101210901","NHO2018000014"),
("ILBT210000022","","1","61818","0","6182","0","68000","68000","01/01/2021","09:02","2021-01-01","09:02:55","ISU000001","takeaway","CLOSED","1","","ILBR210000022","","","","","ILB0101210901","NHO2018000014"),
("ILBT210000023","","1","61818","0","6182","0","68000","68000","01/01/2021","09:02","2021-01-01","09:03:18","ISU000001","takeaway","CLOSED","1","","ILBR210000023","","","","","ILB0101210901","NHO2018000014"),
("ILBT210000024","","1","61818","0","6182","0","68000","68000","01/01/2021","09:03","2021-01-01","09:03:50","ISU000001","takeaway","CLOSED","1","","ILBR210000024","","","","","ILB0101210901","NHO2018000014"),
("ILBT210000025","","1","61818","0","6182","0","68000","68000","01/01/2021","09:03","2021-01-01","09:04:10","ISU000001","takeaway","CLOSED","1","","ILBR210000025","","","","","ILB0101210901","NHO2018000014"),
("ILBT210000026","","1","27000","0","2700","0","29700","29700","01/01/2021","09:04","2021-01-01","09:04:37","ISU000001","takeaway","CLOSED","1","","ILBR210000026","","","","","ILB0101210901","NHO2018000014"),
("ILBT210000027","","1","20000","0","2000","0","22000","22000","01/01/2021","09:04","2021-01-01","09:05:05","ISU000001","takeaway","CLOSED","1","","ILBR210000027","","","","","ILB0101210901","NHO2018000014");












INSERT INTO pos_paymenttemp VALUES("ILBT210000021","CASH","OVO","22000","22000","ISU000001","2021-01-01","","1","","CLOSED","ILB0101210901","NHO2018000014"),
("ILBT210000022","CASH","OVO","68000","68000","ISU000001","2021-01-01","","1","","CLOSED","ILB0101210901","NHO2018000014"),
("ILBT210000023","CASH","OVO","68000","68000","ISU000001","2021-01-01","","1","","CLOSED","ILB0101210901","NHO2018000014"),
("ILBT210000024","CASH","OVO","68000","68000","ISU000001","2021-01-01","","1","","CLOSED","ILB0101210901","NHO2018000014"),
("ILBT210000025","CASH","OVO","68000","68000","ISU000001","2021-01-01","","1","","CLOSED","ILB0101210901","NHO2018000014"),
("ILBT210000026","CASH","OVO","29700","29700","ISU000001","2021-01-01","","1","","CLOSED","ILB0101210901","NHO2018000014"),
("ILBT210000027","CASH","OVO","22000","22000","ISU000001","2021-01-01","","1","","CLOSED","ILB0101210901","NHO2018000014");



