INSERT INTO pos_itemtemp VALUES("ILBT210000309","193403","191001","192019","61818","1","61818","0","61818","1","1","1","ILB0702211147","NHO2018000014","PAID","","193403"),
("ILBT210000310","193405","191001","192019","34545","1","34545","0","34545","1","1","1","ILB0702211147","NHO2018000014","PAID","","193405"),
("ILBT210000310","193405","191001","192019","34545","1","34545","0","34545","2","1","1","ILB0702211147","NHO2018000014","PAID","","193405"),
("ILBT210000310","193423","191001","192019","25455","1","25455","0","25455","1","1","1","ILB0702211147","NHO2018000014","PAID","","193423"),
("ILBT210000311","193403","191001","192019","61818","1","61818","0","61818","1","1","1","ILB0702211147","NHO2018000014","PAID","","193403"),
("ILBT210000311","193428","191001","192019","25455","1","25455","0","25455","1","1","1","ILB0702211147","NHO2018000014","PAID","","193428"),
("ILBT210000312","193389","191001","192019","49091","1","49091","0","49091","1","1","1","ILB0702211147","NHO2018000014","PAID","","193389"),
("ILBT210000313","193402","191001","192019","61818","1","61818","0","61818","1","1","1","ILB0702211147","NHO2018000014","PAID","","193402"),
("ILBT210000314","193405","191001","192019","34545","1","34545","0","34545","1","1","1","ILB0702211147","NHO2018000014","PAID","","193405"),
("ILBT210000314","193428","191001","192019","25455","1","25455","0","25455","1","1","1","ILB0702211147","NHO2018000014","PAID","","193428"),
("ILBT210000315","193403","191001","192019","61818","1","61818","0","61818","1","1","1","ILB0702211147","NHO2018000014","PAID","","193403");



INSERT INTO pos_salestemp VALUES("ILBT210000309","","0","61818","0","6182","0","68000","68000","07/02/2021","11:48","2021-02-07","11:48:58","ISU000001","takeaway","CLOSED","1","","ILBR210000308","","","","","ILB0702211147","NHO2018000014"),
("ILBT210000310","","0","94545","0","9455","0","104000","104000","07/02/2021","11:49","2021-02-07","11:49:54","ISU000001","takeaway","CLOSED","1","","ILBR210000309","","","","","ILB0702211147","NHO2018000014"),
("ILBT210000311","","0","87273","0","8728","0","96001","96001","07/02/2021","11:50","2021-02-07","11:50:40","ISU000001","takeaway","CLOSED","1","","ILBR210000310","","","","","ILB0702211147","NHO2018000014"),
("ILBT210000312","","0","49091","0","4910","0","54001","54001","07/02/2021","11:50","2021-02-07","11:52:13","ISU000001","takeaway","CLOSED","1","","ILBR210000311","","","","","ILB0702211147","NHO2018000014"),
("ILBT210000313","","0","61818","0","6182","0","68000","68000","07/02/2021","11:52","2021-02-07","11:52:58","ISU000001","takeaway","CLOSED","1","","ILBR210000312","","","","","ILB0702211147","NHO2018000014"),
("ILBT210000314","","0","60000","0","6000","0","66000","66000","07/02/2021","11:53","2021-02-07","11:53:58","ISU000001","takeaway","CLOSED","1","","ILBR210000313","","","","","ILB0702211147","NHO2018000014"),
("ILBT210000315","","0","61818","0","6182","0","68000","68000","07/02/2021","11:54","2021-02-07","11:54:41","ISU000001","takeaway","CLOSED","1","","ILBR210000314","","","","","ILB0702211147","NHO2018000014");












INSERT INTO pos_paymenttemp VALUES("ILBT210000309","CASH","POTONGAN_GRABKITCHEN","9520","9520","ISU000001","2021-02-07","","1","","CLOSED","ILB0702211147","NHO2018000014"),
("ILBT210000309","CASH","OVO","58480","58480","ISU000001","2021-02-07","","1","","CLOSED","ILB0702211147","NHO2018000014"),
("ILBT210000310","CASH","POTONGAN_GRABKITCHEN","16000","16000","ISU000001","2021-02-07","","1","","CLOSED","ILB0702211147","NHO2018000014"),
("ILBT210000310","CASH","OVO","88000","88000","ISU000001","2021-02-07","","1","","CLOSED","ILB0702211147","NHO2018000014"),
("ILBT210000311","CASH","POTONGAN_GRABKITCHEN","12000","12000","ISU000001","2021-02-07","","1","","CLOSED","ILB0702211147","NHO2018000014"),
("ILBT210000311","CASH","OVO","84001","84001","ISU000001","2021-02-07","","1","","CLOSED","ILB0702211147","NHO2018000014"),
("ILBT210000312","CASH","OVO","54001","54001","ISU000001","2021-02-07","","1","","CLOSED","ILB0702211147","NHO2018000014"),
("ILBT210000313","CASH","POTONGAN_GRABKITCHEN","9520","9520","ISU000001","2021-02-07","","1","","CLOSED","ILB0702211147","NHO2018000014"),
("ILBT210000313","CASH","OVO","58480","58480","ISU000001","2021-02-07","","1","","CLOSED","ILB0702211147","NHO2018000014"),
("ILBT210000314","CASH","POTONGAN_GRABKITCHEN","9240","9240","ISU000001","2021-02-07","","1","","CLOSED","ILB0702211147","NHO2018000014"),
("ILBT210000314","CASH","OVO","56760","56760","ISU000001","2021-02-07","","1","","CLOSED","ILB0702211147","NHO2018000014"),
("ILBT210000315","CASH","POTONGAN_GRABKITCHEN","9520","9520","ISU000001","2021-02-07","","1","","CLOSED","ILB0702211147","NHO2018000014"),
("ILBT210000315","CASH","OVO","58480","58480","ISU000001","2021-02-07","","1","","CLOSED","ILB0702211147","NHO2018000014");



