INSERT INTO pos_itemtemp VALUES("ILBT210000043","193423","191001","192019","25455","1","25455","0","25455","1","1","1","ILB0501210914","NHO2018000014","PAID","","193423"),
("ILBT210000043","193399","191001","192019","27000","1","27000","0","27000","1","1","1","ILB0501210914","NHO2018000014","PAID","","193399"),
("ILBT210000044","193403","191001","192019","61818","1","61818","0","61818","1","1","1","ILB0501210914","NHO2018000014","PAID","","193403"),
("ILBT210000045","193388","191001","192019","47273","1","47273","0","47273","1","1","1","ILB0501210914","NHO2018000014","PAID","","193388"),
("ILBT210000046","193403","191001","192019","61818","1","61818","0","61818","1","1","1","ILB0501210914","NHO2018000014","PAID","","193403"),
("ILBT210000047","193387","191001","192019","49091","1","49091","0","49091","1","1","1","ILB0501210914","NHO2018000014","PAID","","193387");



INSERT INTO pos_salestemp VALUES("ILBT210000043","","1","52455","0","5246","0","57701","57701","05/01/2021","09:14","2021-01-05","09:16:26","ISU000001","takeaway","CLOSED","1","","ILBR210000043","","","","","ILB0501210914","NHO2018000014"),
("ILBT210000044","","1","61818","0","6182","0","68000","68000","05/01/2021","09:17","2021-01-05","09:19:33","ISU000001","takeaway","CLOSED","1","","ILBR210000044","","","","","ILB0501210914","NHO2018000014"),
("ILBT210000045","","1","47273","0","4728","0","52001","52001","05/01/2021","09:19","2021-01-05","09:20:03","ISU000001","takeaway","CLOSED","1","","ILBR210000045","","","","","ILB0501210914","NHO2018000014"),
("ILBT210000046","","1","61818","0","6182","0","68000","68000","05/01/2021","09:20","2021-01-05","09:20:27","ISU000001","takeaway","CLOSED","1","","ILBR210000046","","","","","ILB0501210914","NHO2018000014"),
("ILBT210000047","","1","49091","0","4910","0","54001","54001","05/01/2021","09:20","2021-01-05","09:20:49","ISU000001","takeaway","CLOSED","1","","ILBR210000047","","","","","ILB0501210914","NHO2018000014");












INSERT INTO pos_paymenttemp VALUES("ILBT210000043","CASH","OVO","57701","57701","ISU000001","2021-01-05","","1","","CLOSED","ILB0501210914","NHO2018000014"),
("ILBT210000044","CASH","OVO","68000","68000","ISU000001","2021-01-05","","1","","CLOSED","ILB0501210914","NHO2018000014"),
("ILBT210000045","CASH","OVO","52001","52001","ISU000001","2021-01-05","","1","","CLOSED","ILB0501210914","NHO2018000014"),
("ILBT210000046","CASH","OVO","68000","68000","ISU000001","2021-01-05","","1","","CLOSED","ILB0501210914","NHO2018000014"),
("ILBT210000047","CASH","OVO","54001","54001","ISU000001","2021-01-05","","1","","CLOSED","ILB0501210914","NHO2018000014");



