INSERT INTO pos_itemtemp VALUES("ILBT210000265","193428","191001","192019","25455","1","25455","0","25455","1","1","1","ILB0102210911","NHO2018000014","PAID","","193428"),
("ILBT210000265","193428","191001","192019","25455","1","25455","0","25455","2","1","1","ILB0102210911","NHO2018000014","PAID","","193428"),
("ILBT210000265","193428","191001","192019","25455","1","25455","0","25455","3","1","1","ILB0102210911","NHO2018000014","PAID","","193428"),
("ILBT210000266","193403","191001","192019","61818","1","61818","0","61818","1","1","1","ILB0102210911","NHO2018000014","PAID","","193403"),
("ILBT210000266","193405","191001","192019","34545","1","34545","0","34545","1","1","1","ILB0102210911","NHO2018000014","PAID","","193405"),
("ILBT210000267","193422","191001","192019","30000","1","30000","0","30000","1","1","1","ILB0102210911","NHO2018000014","PAID","","193422"),
("ILBT210000268","193423","191001","192019","25455","1","25455","0","25455","1","1","1","ILB0102210911","NHO2018000014","PAID","","193423"),
("ILBT210000269","193428","191001","192019","25455","1","25455","0","25455","1","1","1","ILB0102210911","NHO2018000014","PAID","","193428"),
("ILBT210000270","193401","191001","192019","50000","1","50000","0","50000","1","1","1","ILB0102210911","NHO2018000014","PAID","","193401"),
("ILBT210000271","193403","191001","192019","61818","1","61818","0","61818","1","1","1","ILB0102210911","NHO2018000014","PAID","","193403"),
("ILBT210000272","193423","191001","192019","25455","1","25455","0","25455","1","1","1","ILB0102210911","NHO2018000014","PAID","","193423"),
("ILBT210000273","193401","191001","192019","50000","1","50000","0","50000","1","1","1","ILB0102210911","NHO2018000014","PAID","","193401");



INSERT INTO pos_salestemp VALUES("ILBT210000265","","0","76365","0","7637","0","84002","84002","01/02/2021","09:11","2021-02-01","09:14:46","ISU000001","takeaway","CLOSED","1","","ILBR210000264","","","","","ILB0102210911","NHO2018000014"),
("ILBT210000266","","0","96363","0","9637","0","106000","106000","01/02/2021","09:15","2021-02-01","09:19:40","ISU000001","takeaway","CLOSED","1","","ILBR210000265","","","","","ILB0102210911","NHO2018000014"),
("ILBT210000267","","0","30000","0","3000","0","33000","33000","01/02/2021","09:19","2021-02-01","09:20:48","ISU000001","takeaway","CLOSED","1","","ILBR210000266","","","","","ILB0102210911","NHO2018000014"),
("ILBT210000268","","0","25455","0","2546","0","28001","28001","01/02/2021","09:20","2021-02-01","09:21:55","ISU000001","takeaway","CLOSED","1","","ILBR210000267","","","","","ILB0102210911","NHO2018000014"),
("ILBT210000269","","0","25455","0","2546","0","28001","28001","01/02/2021","09:22","2021-02-01","09:22:49","ISU000001","takeaway","CLOSED","1","","ILBR210000268","","","","","ILB0102210911","NHO2018000014"),
("ILBT210000270","","0","50000","0","5000","0","55000","55000","01/02/2021","09:22","2021-02-01","09:23:43","ISU000001","takeaway","CLOSED","1","","ILBR210000269","","","","","ILB0102210911","NHO2018000014"),
("ILBT210000271","","1","61818","0","6182","0","68000","68000","01/02/2021","09:29","2021-02-01","09:30:18","ISU000001","takeaway","CLOSED","1","","ILBR210000270","","","","","ILB0102210911","NHO2018000014"),
("ILBT210000272","","0","25455","0","2546","0","28001","28001","01/02/2021","09:30","2021-02-01","09:31:33","ISU000001","takeaway","CLOSED","1","","ILBR210000271","","","","","ILB0102210911","NHO2018000014"),
("ILBT210000273","","0","50000","0","5000","0","55000","55000","01/02/2021","09:31","2021-02-01","09:32:37","ISU000001","takeaway","CLOSED","1","","ILBR210000272","","","","","ILB0102210911","NHO2018000014");












INSERT INTO pos_paymenttemp VALUES("ILBT210000265","CASH","POTONGAN_GRABKITCHEN","11760","11760","ISU000001","2021-02-01","","1","","CLOSED","ILB0102210911","NHO2018000014"),
("ILBT210000265","CASH","OVO","72242","72242","ISU000001","2021-02-01","","1","","CLOSED","ILB0102210911","NHO2018000014"),
("ILBT210000266","CASH","POTONGAN_GRABKITCHEN","16000","16000","ISU000001","2021-02-01","","1","","CLOSED","ILB0102210911","NHO2018000014"),
("ILBT210000266","CASH","OVO","90000","90000","ISU000001","2021-02-01","","1","","CLOSED","ILB0102210911","NHO2018000014"),
("ILBT210000267","CASH","OVO","33000","33000","ISU000001","2021-02-01","","1","","CLOSED","ILB0102210911","NHO2018000014"),
("ILBT210000268","CASH","OVO","28001","28001","ISU000001","2021-02-01","","1","","CLOSED","ILB0102210911","NHO2018000014"),
("ILBT210000269","CASH","OVO","28001","28001","ISU000001","2021-02-01","","1","","CLOSED","ILB0102210911","NHO2018000014"),
("ILBT210000270","CASH","OVO","55000","55000","ISU000001","2021-02-01","","1","","CLOSED","ILB0102210911","NHO2018000014"),
("ILBT210000271","CASH","POTONGAN_GRABKITCHEN","9520","9520","ISU000001","2021-02-01","","1","","CLOSED","ILB0102210911","NHO2018000014"),
("ILBT210000271","CASH","OVO","58480","58480","ISU000001","2021-02-01","","1","","CLOSED","ILB0102210911","NHO2018000014"),
("ILBT210000272","CASH","OVO","28001","28001","ISU000001","2021-02-01","","1","","CLOSED","ILB0102210911","NHO2018000014"),
("ILBT210000273","CASH","POTONGAN_GRABKITCHEN","7700","7700","ISU000001","2021-02-01","","1","","CLOSED","ILB0102210911","NHO2018000014"),
("ILBT210000273","CASH","OVO","47300","47300","ISU000001","2021-02-01","","1","","CLOSED","ILB0102210911","NHO2018000014");



