INSERT INTO pos_itemtemp VALUES("ILBT210000288","193405","191001","192019","34545","1","34545","0","34545","1","1","1","ILB0402210951","NHO2018000014","PAID","","193405"),
("ILBT210000288","193428","191001","192019","25455","1","25455","0","25455","1","1","1","ILB0402210951","NHO2018000014","PAID","","193428"),
("ILBT210000289","193401","191001","192019","50000","1","50000","0","50000","1","1","1","ILB0402210951","NHO2018000014","PAID","","193401"),
("ILBT210000290","193403","191001","192019","61818","1","61818","0","61818","1","1","1","ILB0402210951","NHO2018000014","PAID","","193403"),
("ILBT210000291","193408","191001","192019","34545","1","34545","0","34545","1","1","1","ILB0402210951","NHO2018000014","PAID","","193408"),
("ILBT210000292","193404","191001","192019","61818","1","61818","0","61818","1","1","1","ILB0402210951","NHO2018000014","PAID","","193404"),
("ILBT210000293","193402","191001","192019","61818","1","61818","0","61818","1","1","1","ILB0402210951","NHO2018000014","PAID","","193402"),
("ILBT210000294","193401","191001","192019","50000","1","50000","0","50000","1","1","1","ILB0402210951","NHO2018000014","PAID","","193401"),
("ILBT210000294","193401","191001","192019","50000","1","50000","0","50000","2","1","1","ILB0402210951","NHO2018000014","PAID","","193401");



INSERT INTO pos_salestemp VALUES("ILBT210000288","","0","60000","0","6000","0","66000","66000","04/02/2021","09:51","2021-02-04","09:52:24","ISU000001","takeaway","CLOSED","1","","ILBR210000287","","","","","ILB0402210951","NHO2018000014"),
("ILBT210000289","","0","50000","0","5000","0","55000","55000","04/02/2021","09:52","2021-02-04","09:53:22","ISU000001","takeaway","CLOSED","1","","ILBR210000288","","","","","ILB0402210951","NHO2018000014"),
("ILBT210000290","","0","61818","0","6182","0","68000","68000","04/02/2021","09:53","2021-02-04","09:54:31","ISU000001","takeaway","CLOSED","1","","ILBR210000289","","","","","ILB0402210951","NHO2018000014"),
("ILBT210000291","","0","34545","0","3455","0","38000","38000","04/02/2021","09:54","2021-02-04","09:55:05","ISU000001","takeaway","CLOSED","1","","ILBR210000290","","","","","ILB0402210951","NHO2018000014"),
("ILBT210000292","","0","61818","0","6182","0","68000","68000","04/02/2021","09:55","2021-02-04","09:55:49","ISU000001","takeaway","CLOSED","1","","ILBR210000291","","","","","ILB0402210951","NHO2018000014"),
("ILBT210000293","","0","61818","0","6182","0","68000","68000","04/02/2021","09:55","2021-02-04","09:56:40","ISU000001","takeaway","CLOSED","1","","ILBR210000292","","","","","ILB0402210951","NHO2018000014"),
("ILBT210000294","","0","100000","0","10000","0","110000","110000","04/02/2021","09:56","2021-02-04","09:57:28","ISU000001","takeaway","CLOSED","1","","ILBR210000293","","","","","ILB0402210951","NHO2018000014");












INSERT INTO pos_paymenttemp VALUES("ILBT210000288","CASH","POTONGAN_GRABKITCHEN","9240","9240","ISU000001","2021-02-04","","1","","CLOSED","ILB0402210951","NHO2018000014"),
("ILBT210000288","CASH","OVO","56760","56760","ISU000001","2021-02-04","","1","","CLOSED","ILB0402210951","NHO2018000014"),
("ILBT210000289","CASH","POTONGAN_GRABKITCHEN","7700","7700","ISU000001","2021-02-04","","1","","CLOSED","ILB0402210951","NHO2018000014"),
("ILBT210000289","CASH","OVO","47300","47300","ISU000001","2021-02-04","","1","","CLOSED","ILB0402210951","NHO2018000014"),
("ILBT210000290","CASH","POTONGAN_GRABKITCHEN","9520","9520","ISU000001","2021-02-04","","1","","CLOSED","ILB0402210951","NHO2018000014"),
("ILBT210000290","CASH","OVO","58480","58480","ISU000001","2021-02-04","","1","","CLOSED","ILB0402210951","NHO2018000014"),
("ILBT210000291","CASH","OVO","38000","38000","ISU000001","2021-02-04","","1","","CLOSED","ILB0402210951","NHO2018000014"),
("ILBT210000292","CASH","POTONGAN_GRABKITCHEN","9520","9520","ISU000001","2021-02-04","","1","","CLOSED","ILB0402210951","NHO2018000014"),
("ILBT210000292","CASH","OVO","58480","58480","ISU000001","2021-02-04","","1","","CLOSED","ILB0402210951","NHO2018000014"),
("ILBT210000293","CASH","POTONGAN_GRABKITCHEN","9520","9520","ISU000001","2021-02-04","","1","","CLOSED","ILB0402210951","NHO2018000014"),
("ILBT210000293","CASH","OVO","58480","58480","ISU000001","2021-02-04","","1","","CLOSED","ILB0402210951","NHO2018000014"),
("ILBT210000294","CASH","POTONGAN_GRABKITCHEN","16000","16000","ISU000001","2021-02-04","","1","","CLOSED","ILB0402210951","NHO2018000014"),
("ILBT210000294","CASH","OVO","94000","94000","ISU000001","2021-02-04","","1","","CLOSED","ILB0402210951","NHO2018000014");



