INSERT INTO pos_itemtemp VALUES("ILBT210000073","193402","191001","192019","61818","1","61818","0","61818","1","1","1","ILB0901210937","NHO2018000014","PAID","","193402"),
("ILBT210000073","193403","191001","192019","61818","1","61818","0","61818","1","1","1","ILB0901210937","NHO2018000014","PAID","","193403"),
("ILBT210000073","193404","191001","192019","61818","1","61818","0","61818","1","1","1","ILB0901210937","NHO2018000014","PAID","","193404"),
("ILBT210000074","193404","191001","192019","61818","1","61818","0","61818","1","1","1","ILB0901210937","NHO2018000014","PAID","","193404"),
("ILBT210000075","193401","191001","192019","50000","1","50000","0","50000","1","1","1","ILB0901210937","NHO2018000014","PAID","","193401"),
("ILBT210000076","193403","191001","192019","61818","1","61818","0","61818","1","1","1","ILB0901210937","NHO2018000014","PAID","","193403"),
("ILBT210000077","193401","191001","192019","50000","1","50000","0","50000","1","1","1","ILB0901210937","NHO2018000014","PAID","","193401");



INSERT INTO pos_salestemp VALUES("ILBT210000073","","1","185454","0","18546","0","204000","204000","09/01/2021","09:37","2021-01-09","09:38:13","ISU000001","takeaway","CLOSED","1","","ILBR210000073","","","","","ILB0901210937","NHO2018000014"),
("ILBT210000074","","1","61818","0","6182","0","68000","68000","09/01/2021","09:38","2021-01-09","09:38:31","ISU000001","takeaway","CLOSED","1","","ILBR210000074","","","","","ILB0901210937","NHO2018000014"),
("ILBT210000075","","1","50000","0","5000","0","55000","55000","09/01/2021","09:38","2021-01-09","09:38:49","ISU000001","takeaway","CLOSED","1","","ILBR210000075","","","","","ILB0901210937","NHO2018000014"),
("ILBT210000076","","1","61818","0","6182","0","68000","68000","09/01/2021","09:38","2021-01-09","09:39:12","ISU000001","takeaway","CLOSED","1","","ILBR210000076","","","","","ILB0901210937","NHO2018000014"),
("ILBT210000077","","1","50000","0","5000","0","55000","55000","09/01/2021","09:39","2021-01-09","09:39:29","ISU000001","takeaway","CLOSED","1","","ILBR210000077","","","","","ILB0901210937","NHO2018000014");












INSERT INTO pos_paymenttemp VALUES("ILBT210000073","CASH","OVO","204000","204000","ISU000001","2021-01-09","","1","","CLOSED","ILB0901210937","NHO2018000014"),
("ILBT210000074","CASH","OVO","68000","68000","ISU000001","2021-01-09","","1","","CLOSED","ILB0901210937","NHO2018000014"),
("ILBT210000075","CASH","OVO","55000","55000","ISU000001","2021-01-09","","1","","CLOSED","ILB0901210937","NHO2018000014"),
("ILBT210000076","CASH","OVO","68000","68000","ISU000001","2021-01-09","","1","","CLOSED","ILB0901210937","NHO2018000014"),
("ILBT210000077","CASH","OVO","55000","55000","ISU000001","2021-01-09","","1","","CLOSED","ILB0901210937","NHO2018000014");



