INSERT INTO pos_itemtemp VALUES("ILBT210000032","193405","191001","192019","34545","1","34545","0","34545","1","1","1","ILB0301210908","NHO2018000014","PAID","","193405"),
("ILBT210000033","193389","191001","192019","49091","1","49091","0","49091","1","1","1","ILB0301210908","NHO2018000014","PAID","","193389"),
("ILBT210000034","193387","191001","192019","49091","1","49091","0","49091","1","1","1","ILB0301210908","NHO2018000014","PAID","","193387"),
("ILBT210000035","193405","191001","192019","34545","1","34545","0","34545","1","1","1","ILB0301210908","NHO2018000014","PAID","","193405"),
("ILBT210000035","193408","191001","192019","34545","1","34545","0","34545","1","1","1","ILB0301210908","NHO2018000014","PAID","","193408"),
("ILBT210000035","193423","191001","192019","25455","1","25455","0","25455","1","1","1","ILB0301210908","NHO2018000014","PAID","","193423"),
("ILBT210000035","193423","191001","192019","25455","1","25455","0","25455","2","1","1","ILB0301210908","NHO2018000014","PAID","","193423"),
("ILBT210000035","193399","191001","192019","27000","1","27000","0","27000","1","1","1","ILB0301210908","NHO2018000014","PAID","","193399"),
("ILBT210000036","193405","191001","192019","34545","1","34545","0","34545","1","1","1","ILB0301210908","NHO2018000014","PAID","","193405"),
("ILBT210000037","193388","191001","192019","47273","1","47273","0","47273","1","1","1","ILB0301210908","NHO2018000014","PAID","","193388"),
("ILBT210000037","193388","191001","192019","47273","1","47273","0","47273","2","1","1","ILB0301210908","NHO2018000014","PAID","","193388"),
("ILBT210000037","193388","191001","192019","47273","1","47273","0","47273","3","1","1","ILB0301210908","NHO2018000014","PAID","","193388"),
("ILBT210000037","193390","191001","192019","47273","1","47273","0","47273","1","1","1","ILB0301210908","NHO2018000014","PAID","","193390");



INSERT INTO pos_salestemp VALUES("ILBT210000032","","1","34545","0","3455","0","38000","38000","03/01/2021","09:08","2021-01-03","09:08:42","ISU000001","takeaway","CLOSED","1","","ILBR210000032","","","","","ILB0301210908","NHO2018000014"),
("ILBT210000033","","1","49091","0","4910","0","54001","54001","03/01/2021","09:08","2021-01-03","09:09:08","ISU000001","takeaway","CLOSED","1","","ILBR210000033","","","","","ILB0301210908","NHO2018000014"),
("ILBT210000034","","1","49091","0","4910","0","54001","54001","03/01/2021","09:09","2021-01-03","09:09:37","ISU000001","takeaway","CLOSED","1","","ILBR210000034","","","","","ILB0301210908","NHO2018000014"),
("ILBT210000035","","1","147000","0","14700","0","161700","161700","03/01/2021","09:09","2021-01-03","09:10:37","ISU000001","takeaway","CLOSED","1","","ILBR210000035","","","","","ILB0301210908","NHO2018000014"),
("ILBT210000036","","1","34545","0","3455","0","38000","38000","03/01/2021","09:10","2021-01-03","09:10:57","ISU000001","takeaway","CLOSED","1","","ILBR210000036","","","","","ILB0301210908","NHO2018000014"),
("ILBT210000037","","1","189092","0","18910","0","208002","208002","03/01/2021","09:11","2021-01-03","09:11:33","ISU000001","takeaway","CLOSED","1","","ILBR210000037","","","","","ILB0301210908","NHO2018000014");












INSERT INTO pos_paymenttemp VALUES("ILBT210000032","CASH","OVO","38000","38000","ISU000001","2021-01-03","","1","","CLOSED","ILB0301210908","NHO2018000014"),
("ILBT210000033","CASH","OVO","54001","54001","ISU000001","2021-01-03","","1","","CLOSED","ILB0301210908","NHO2018000014"),
("ILBT210000034","CASH","OVO","54001","54001","ISU000001","2021-01-03","","1","","CLOSED","ILB0301210908","NHO2018000014"),
("ILBT210000035","CASH","OVO","161700","161700","ISU000001","2021-01-03","","1","","CLOSED","ILB0301210908","NHO2018000014"),
("ILBT210000036","CASH","OVO","38000","38000","ISU000001","2021-01-03","","1","","CLOSED","ILB0301210908","NHO2018000014"),
("ILBT210000037","CASH","OVO","208002","208002","ISU000001","2021-01-03","","1","","CLOSED","ILB0301210908","NHO2018000014");



