INSERT INTO pos_itemtemp VALUES("ILBT210000048","193408","191001","192019","34545","1","34545","0","34545","1","1","1","ILB0601210921","NHO2018000014","PAID","","193408"),
("ILBT210000048","193423","191001","192019","25455","1","25455","0","25455","1","1","1","ILB0601210921","NHO2018000014","PAID","","193423"),
("ILBT210000049","193424","191001","192019","20000","1","20000","0","20000","1","1","1","ILB0601210921","NHO2018000014","PAID","","193424"),
("ILBT210000050","193392","191001","192019","50909","1","50909","0","50909","1","1","1","ILB0601210921","NHO2018000014","PAID","","193392"),
("ILBT210000051","193401","191001","192019","50000","1","50000","0","50000","1","1","1","ILB0601210921","NHO2018000014","PAID","","193401"),
("ILBT210000052","193402","191001","192019","61818","1","61818","0","61818","1","1","1","ILB0601210921","NHO2018000014","PAID","","193402"),
("ILBT210000052","193402","191001","192019","61818","1","61818","0","61818","2","1","1","ILB0601210921","NHO2018000014","PAID","","193402"),
("ILBT210000053","193404","191001","192019","61818","1","61818","0","61818","1","1","1","ILB0601210921","NHO2018000014","PAID","","193404"),
("ILBT210000054","193388","191001","192019","47273","1","47273","0","47273","1","1","1","ILB0601210921","NHO2018000014","PAID","","193388"),
("ILBT210000055","193423","191001","192019","25455","1","25455","0","25455","1","1","1","ILB0601210921","NHO2018000014","PAID","","193423"),
("ILBT210000056","193404","191001","192019","61818","1","61818","0","61818","1","1","1","ILB0601210921","NHO2018000014","PAID","","193404"),
("ILBT210000056","193424","191001","192019","20000","1","20000","0","20000","1","1","1","ILB0601210921","NHO2018000014","PAID","","193424");



INSERT INTO pos_salestemp VALUES("ILBT210000048","","1","60000","0","6000","0","66000","66000","06/01/2021","09:21","2021-01-06","09:22:21","ISU000001","takeaway","CLOSED","1","","ILBR210000048","","","","","ILB0601210921","NHO2018000014"),
("ILBT210000049","","1","20000","0","2000","0","22000","22000","06/01/2021","09:22","2021-01-06","09:22:47","ISU000001","takeaway","CLOSED","1","","ILBR210000049","","","","","ILB0601210921","NHO2018000014"),
("ILBT210000050","","1","50909","0","5091","0","56000","56000","06/01/2021","09:22","2021-01-06","09:23:15","ISU000001","takeaway","CLOSED","1","","ILBR210000050","","","","","ILB0601210921","NHO2018000014"),
("ILBT210000051","","1","50000","0","5000","0","55000","55000","06/01/2021","09:23","2021-01-06","09:23:38","ISU000001","takeaway","CLOSED","1","","ILBR210000051","","","","","ILB0601210921","NHO2018000014"),
("ILBT210000052","","1","123636","0","12364","0","136000","136000","06/01/2021","09:23","2021-01-06","09:24:01","ISU000001","takeaway","CLOSED","1","","ILBR210000052","","","","","ILB0601210921","NHO2018000014"),
("ILBT210000053","","1","61818","0","6182","0","68000","68000","06/01/2021","09:24","2021-01-06","09:24:21","ISU000001","takeaway","CLOSED","1","","ILBR210000053","","","","","ILB0601210921","NHO2018000014"),
("ILBT210000054","","1","47273","0","4728","0","52001","52001","06/01/2021","09:24","2021-01-06","09:24:48","ISU000001","takeaway","CLOSED","1","","ILBR210000054","","","","","ILB0601210921","NHO2018000014"),
("ILBT210000055","","1","25455","0","2546","0","28001","28001","06/01/2021","09:24","2021-01-06","09:25:13","ISU000001","takeaway","CLOSED","1","","ILBR210000055","","","","","ILB0601210921","NHO2018000014"),
("ILBT210000056","","1","81818","0","8182","0","90000","90000","06/01/2021","09:25","2021-01-06","09:25:37","ISU000001","takeaway","CLOSED","1","","ILBR210000056","","","","","ILB0601210921","NHO2018000014");












INSERT INTO pos_paymenttemp VALUES("ILBT210000048","CASH","OVO","66000","66000","ISU000001","2021-01-06","","1","","CLOSED","ILB0601210921","NHO2018000014"),
("ILBT210000049","CASH","OVO","22000","22000","ISU000001","2021-01-06","","1","","CLOSED","ILB0601210921","NHO2018000014"),
("ILBT210000050","CASH","OVO","56000","56000","ISU000001","2021-01-06","","1","","CLOSED","ILB0601210921","NHO2018000014"),
("ILBT210000051","CASH","OVO","55000","55000","ISU000001","2021-01-06","","1","","CLOSED","ILB0601210921","NHO2018000014"),
("ILBT210000052","CASH","OVO","136000","136000","ISU000001","2021-01-06","","1","","CLOSED","ILB0601210921","NHO2018000014"),
("ILBT210000053","CASH","OVO","68000","68000","ISU000001","2021-01-06","","1","","CLOSED","ILB0601210921","NHO2018000014"),
("ILBT210000054","CASH","OVO","52001","52001","ISU000001","2021-01-06","","1","","CLOSED","ILB0601210921","NHO2018000014"),
("ILBT210000055","CASH","OVO","28001","28001","ISU000001","2021-01-06","","1","","CLOSED","ILB0601210921","NHO2018000014"),
("ILBT210000056","CASH","OVO","90000","90000","ISU000001","2021-01-06","","1","","CLOSED","ILB0601210921","NHO2018000014");



