INSERT INTO pos_itemtemp VALUES("ILBT210000148","193401","191001","192019","50000","1","50000","0","50000","1","1","1","ILB1901210955","NHO2018000014","PAID","","193401"),
("ILBT210000148","193401","191001","192019","50000","1","50000","0","50000","2","1","1","ILB1901210955","NHO2018000014","PAID","","193401"),
("ILBT210000148","193401","191001","192019","50000","1","50000","0","50000","3","1","1","ILB1901210955","NHO2018000014","PAID","","193401"),
("ILBT210000149","193405","191001","192019","34545","1","34545","0","34545","1","1","1","ILB1901210955","NHO2018000014","PAID","","193405"),
("ILBT210000149","193422","191001","192019","30000","1","30000","0","30000","1","1","1","ILB1901210955","NHO2018000014","PAID","","193422"),
("ILBT210000150","193404","191001","192019","61818","1","61818","0","61818","1","1","1","ILB1901210955","NHO2018000014","PAID","","193404"),
("ILBT210000150","193422","191001","192019","30000","1","30000","0","30000","1","1","1","ILB1901210955","NHO2018000014","PAID","","193422"),
("ILBT210000151","193387","191001","192019","49091","1","49091","0","49091","1","1","1","ILB1901210955","NHO2018000014","PAID","","193387"),
("ILBT210000151","193389","191001","192019","49091","1","49091","0","49091","1","1","1","ILB1901210955","NHO2018000014","PAID","","193389"),
("ILBT210000152","193401","191001","192019","50000","1","50000","0","50000","1","1","1","ILB1901210955","NHO2018000014","PAID","","193401"),
("ILBT210000153","193401","191001","192019","50000","1","50000","0","50000","1","1","1","ILB1901210955","NHO2018000014","PAID","","193401"),
("ILBT210000153","193402","191001","192019","61818","1","61818","0","61818","1","1","1","ILB1901210955","NHO2018000014","PAID","","193402");



INSERT INTO pos_salestemp VALUES("ILBT210000148","","1","150000","0","15000","0","165000","165000","19/01/2021","09:55","2021-01-19","09:55:21","ISU000001","takeaway","CLOSED","1","","ILBR210000148","","","","","ILB1901210955","NHO2018000014"),
("ILBT210000149","","1","64545","0","6455","0","71000","71000","19/01/2021","09:55","2021-01-19","09:56:10","ISU000001","takeaway","CLOSED","1","","ILBR210000149","","","","","ILB1901210955","NHO2018000014"),
("ILBT210000150","","1","91818","0","9182","0","101000","101000","19/01/2021","09:56","2021-01-19","09:56:47","ISU000001","takeaway","CLOSED","1","","ILBR210000150","","","","","ILB1901210955","NHO2018000014"),
("ILBT210000151","","1","98182","0","9819","0","108001","108001","19/01/2021","09:57","2021-01-19","09:57:55","ISU000001","takeaway","CLOSED","1","","ILBR210000151","","","","","ILB1901210955","NHO2018000014"),
("ILBT210000152","","1","50000","0","5000","0","55000","55000","19/01/2021","09:58","2021-01-19","09:58:39","ISU000001","takeaway","CLOSED","1","","ILBR210000152","","","","","ILB1901210955","NHO2018000014"),
("ILBT210000153","","1","111818","0","11182","0","123000","123000","19/01/2021","09:58","2021-01-19","09:59:18","ISU000001","takeaway","CLOSED","1","","ILBR210000153","","","","","ILB1901210955","NHO2018000014");












INSERT INTO pos_paymenttemp VALUES("ILBT210000148","CASH","OVO","165000","165000","ISU000001","2021-01-19","","1","","CLOSED","ILB1901210955","NHO2018000014"),
("ILBT210000149","CASH","POTONGAN_GRABKITCHEN","7455","7455","ISU000001","2021-01-19","","1","","CLOSED","ILB1901210955","NHO2018000014"),
("ILBT210000149","CASH","OVO","63545","63545","ISU000001","2021-01-19","","1","","CLOSED","ILB1901210955","NHO2018000014"),
("ILBT210000150","CASH","POTONGAN_GRABKITCHEN","12000","12000","ISU000001","2021-01-19","","1","","CLOSED","ILB1901210955","NHO2018000014"),
("ILBT210000150","CASH","OVO","89000","89000","ISU000001","2021-01-19","","1","","CLOSED","ILB1901210955","NHO2018000014"),
("ILBT210000151","CASH","POTONGAN_GRABKITCHEN","9818","9818","ISU000001","2021-01-19","","1","","CLOSED","ILB1901210955","NHO2018000014"),
("ILBT210000151","CASH","OVO","98183","98183","ISU000001","2021-01-19","","1","","CLOSED","ILB1901210955","NHO2018000014"),
("ILBT210000152","CASH","POTONGAN_GRABKITCHEN","5775","5775","ISU000001","2021-01-19","","1","","CLOSED","ILB1901210955","NHO2018000014"),
("ILBT210000152","CASH","OVO","49225","49225","ISU000001","2021-01-19","","1","","CLOSED","ILB1901210955","NHO2018000014"),
("ILBT210000153","CASH","POTONGAN_GRABKITCHEN","12000","12000","ISU000001","2021-01-19","","1","","CLOSED","ILB1901210955","NHO2018000014"),
("ILBT210000153","CASH","OVO","111000","111000","ISU000001","2021-01-19","","1","","CLOSED","ILB1901210955","NHO2018000014");



