INSERT INTO pos_itemtemp VALUES("ILBT210000325","193394","191001","192019","47273","1","47273","0","47273","1","1","1","ILB1502211205","NHO2018000014","PAID","","193394"),
("ILBT210000325","193394","191001","192019","47273","1","47273","0","47273","2","1","1","ILB1502211205","NHO2018000014","PAID","","193394"),
("ILBT210000326","193405","191001","192019","34545","1","34545","0","34545","1","1","1","ILB1502211205","NHO2018000014","PAID","","193405"),
("ILBT210000326","193405","191001","192019","34545","1","34545","0","34545","2","1","1","ILB1502211205","NHO2018000014","PAID","","193405"),
("ILBT210000327","193403","191001","192019","61818","1","61818","0","61818","1","1","1","ILB1502211205","NHO2018000014","PAID","","193403"),
("ILBT210000327","193405","191001","192019","34545","1","34545","0","34545","1","1","1","ILB1502211205","NHO2018000014","PAID","","193405");



INSERT INTO pos_salestemp VALUES("ILBT210000325","","0","94546","0","9455","0","104001","104001","15/02/2021","12:05","2021-02-15","12:06:41","ISU000001","takeaway","CLOSED","1","","ILBR210000324","","","","","ILB1502211205","NHO2018000014"),
("ILBT210000326","","0","69090","0","6909","0","75999","75999","15/02/2021","12:06","2021-02-15","12:07:10","ISU000001","takeaway","CLOSED","1","","ILBR210000325","","","","","ILB1502211205","NHO2018000014"),
("ILBT210000327","","0","96363","0","9637","0","106000","106000","15/02/2021","12:07","2021-02-15","12:08:20","ISU000001","takeaway","CLOSED","1","","ILBR210000326","","","","","ILB1502211205","NHO2018000014");












INSERT INTO pos_paymenttemp VALUES("ILBT210000325","CASH","POTONGAN_GRABKITCHEN","16000","16000","ISU000001","2021-02-15","","1","","CLOSED","ILB1502211205","NHO2018000014"),
("ILBT210000325","CASH","OVO","88001","88001","ISU000001","2021-02-15","","1","","CLOSED","ILB1502211205","NHO2018000014"),
("ILBT210000326","CASH","OVO","75999","75999","ISU000001","2021-02-15","","1","","CLOSED","ILB1502211205","NHO2018000014"),
("ILBT210000327","CASH","POTONGAN_GRABKITCHEN","16000","16000","ISU000001","2021-02-15","","1","","CLOSED","ILB1502211205","NHO2018000014"),
("ILBT210000327","CASH","OVO","90000","90000","ISU000001","2021-02-15","","1","","CLOSED","ILB1502211205","NHO2018000014");



