INSERT INTO pos_itemtemp VALUES("ILBT210000132","193405","191001","192019","34545","1","34545","0","34545","1","1","1","ILB1701210941","NHO2018000014","PAID","","193405"),
("ILBT210000133","193401","191001","192019","50000","1","50000","0","50000","1","1","1","ILB1701210941","NHO2018000014","PAID","","193401"),
("ILBT210000133","193401","191001","192019","50000","1","50000","0","50000","2","1","1","ILB1701210941","NHO2018000014","PAID","","193401"),
("ILBT210000133","193401","191001","192019","50000","1","50000","0","50000","3","1","1","ILB1701210941","NHO2018000014","PAID","","193401"),
("ILBT210000133","193401","191001","192019","50000","1","50000","0","50000","4","1","1","ILB1701210941","NHO2018000014","PAID","","193401"),
("ILBT210000134","193421","191001","192019","53636","1","53636","0","53636","1","1","1","ILB1701210941","NHO2018000014","PAID","","193421"),
("ILBT210000135","193403","191001","192019","61818","1","61818","0","61818","1","1","1","ILB1701210941","NHO2018000014","PAID","","193403"),
("ILBT210000136","193404","191001","192019","61818","1","61818","0","61818","1","1","1","ILB1701210941","NHO2018000014","PAID","","193404"),
("ILBT210000136","193422","191001","192019","30000","1","30000","0","30000","1","1","1","ILB1701210941","NHO2018000014","PAID","","193422"),
("ILBT210000137","193399","191001","192019","27000","1","27000","0","27000","1","1","1","ILB1701210941","NHO2018000014","PAID","","193399");



INSERT INTO pos_salestemp VALUES("ILBT210000132","","1","34545","0","3455","0","38000","38000","17/01/2021","09:41","2021-01-17","09:42:37","ISU000001","takeaway","CLOSED","1","","ILBR210000132","","","","","ILB1701210941","NHO2018000014"),
("ILBT210000133","","1","200000","0","20000","0","220000","220000","17/01/2021","09:42","2021-01-17","09:43:09","ISU000001","takeaway","CLOSED","1","","ILBR210000133","","","","","ILB1701210941","NHO2018000014"),
("ILBT210000134","","1","53636","0","5364","0","59000","59000","17/01/2021","09:43","2021-01-17","09:43:53","ISU000001","takeaway","CLOSED","1","","ILBR210000134","","","","","ILB1701210941","NHO2018000014"),
("ILBT210000135","","1","61818","0","6182","0","68000","68000","17/01/2021","09:44","2021-01-17","09:44:20","ISU000001","takeaway","CLOSED","1","","ILBR210000135","","","","","ILB1701210941","NHO2018000014"),
("ILBT210000136","","1","91818","0","9182","0","101000","101000","17/01/2021","09:44","2021-01-17","09:44:56","ISU000001","takeaway","CLOSED","1","","ILBR210000136","","","","","ILB1701210941","NHO2018000014"),
("ILBT210000137","","1","27000","0","2700","0","29700","29700","17/01/2021","09:45","2021-01-17","09:45:19","ISU000001","takeaway","CLOSED","1","","ILBR210000137","","","","","ILB1701210941","NHO2018000014");












INSERT INTO pos_paymenttemp VALUES("ILBT210000132","CASH","POTONGAN_GRABKITCHEN","3990","3990","ISU000001","2021-01-17","","1","","CLOSED","ILB1701210941","NHO2018000014"),
("ILBT210000132","CASH","OVO","34010","34010","ISU000001","2021-01-17","","1","","CLOSED","ILB1701210941","NHO2018000014"),
("ILBT210000133","CASH","OVO","220000","220000","ISU000001","2021-01-17","","1","","CLOSED","ILB1701210941","NHO2018000014"),
("ILBT210000134","CASH","POTONGAN_GRABKITCHEN","6195","6195","ISU000001","2021-01-17","","1","","CLOSED","ILB1701210941","NHO2018000014"),
("ILBT210000134","CASH","OVO","52805","52805","ISU000001","2021-01-17","","1","","CLOSED","ILB1701210941","NHO2018000014"),
("ILBT210000135","CASH","OVO","68000","68000","ISU000001","2021-01-17","","1","","CLOSED","ILB1701210941","NHO2018000014"),
("ILBT210000136","CASH","POTONGAN_GRABKITCHEN","12000","12000","ISU000001","2021-01-17","","1","","CLOSED","ILB1701210941","NHO2018000014"),
("ILBT210000136","CASH","OVO","89000","89000","ISU000001","2021-01-17","","1","","CLOSED","ILB1701210941","NHO2018000014"),
("ILBT210000137","CASH","OVO","29700","29700","ISU000001","2021-01-17","","1","","CLOSED","ILB1701210941","NHO2018000014");



