INSERT INTO pos_itemtemp VALUES("ILBT210000078","193389","191001","192019","49091","1","49091","0","49091","1","1","1","ILB1001210940","NHO2018000014","PAID","","193389"),
("ILBT210000078","193389","191001","192019","49091","1","49091","0","49091","2","1","1","ILB1001210940","NHO2018000014","PAID","","193389"),
("ILBT210000078","193405","191001","192019","34545","1","34545","0","34545","1","1","1","ILB1001210940","NHO2018000014","PAID","","193405"),
("ILBT210000078","193405","191001","192019","34545","1","34545","0","34545","2","1","1","ILB1001210940","NHO2018000014","PAID","","193405"),
("ILBT210000078","193405","191001","192019","34545","1","34545","0","34545","3","1","1","ILB1001210940","NHO2018000014","PAID","","193405"),
("ILBT210000078","193399","191001","192019","27000","1","27000","0","27000","1","1","1","ILB1001210940","NHO2018000014","PAID","","193399"),
("ILBT210000078","193399","191001","192019","27000","1","27000","0","27000","2","1","1","ILB1001210940","NHO2018000014","PAID","","193399"),
("ILBT210000078","193399","191001","192019","27000","1","27000","0","27000","3","1","1","ILB1001210940","NHO2018000014","PAID","","193399"),
("ILBT210000079","193423","191001","192019","25455","1","25455","0","25455","1","1","1","ILB1001210940","NHO2018000014","PAID","","193423"),
("ILBT210000080","193405","191001","192019","34545","1","34545","0","34545","1","1","1","ILB1001210940","NHO2018000014","PAID","","193405"),
("ILBT210000080","193423","191001","192019","25455","1","25455","0","25455","1","1","1","ILB1001210940","NHO2018000014","PAID","","193423"),
("ILBT210000080","193399","191001","192019","27000","1","27000","0","27000","1","1","1","ILB1001210940","NHO2018000014","PAID","","193399"),
("ILBT210000081","193405","191001","192019","34545","1","34545","0","34545","1","1","1","ILB1001210940","NHO2018000014","PAID","","193405"),
("ILBT210000082","193428","191001","192019","25455","1","25455","0","25455","1","1","1","ILB1001210940","NHO2018000014","PAID","","193428"),
("ILBT210000083","193423","191001","192019","25455","1","25455","0","25455","1","1","1","ILB1001210940","NHO2018000014","PAID","","193423"),
("ILBT210000083","193428","191001","192019","25455","1","25455","0","25455","1","1","1","ILB1001210940","NHO2018000014","PAID","","193428");



INSERT INTO pos_salestemp VALUES("ILBT210000078","","1","282817","0","28282","0","311099","311099","10/01/2021","09:40","2021-01-10","09:41:16","ISU000001","takeaway","CLOSED","1","","ILBR210000078","","","","","ILB1001210940","NHO2018000014"),
("ILBT210000079","","1","25455","0","2546","0","28001","28001","10/01/2021","09:41","2021-01-10","09:41:44","ISU000001","takeaway","CLOSED","1","","ILBR210000079","","","","","ILB1001210940","NHO2018000014"),
("ILBT210000080","","1","87000","0","8700","0","95700","95700","10/01/2021","09:41","2021-01-10","09:42:14","ISU000001","takeaway","CLOSED","1","","ILBR210000080","","","","","ILB1001210940","NHO2018000014"),
("ILBT210000081","","1","34545","0","3455","0","38000","38000","10/01/2021","09:42","2021-01-10","09:42:41","ISU000001","takeaway","CLOSED","1","","ILBR210000081","","","","","ILB1001210940","NHO2018000014"),
("ILBT210000082","","1","25455","0","2546","0","28001","28001","10/01/2021","09:42","2021-01-10","09:43:04","ISU000001","takeaway","CLOSED","1","","ILBR210000082","","","","","ILB1001210940","NHO2018000014"),
("ILBT210000083","","1","50910","0","5091","0","56001","56001","10/01/2021","09:43","2021-01-10","09:43:37","ISU000001","takeaway","CLOSED","1","","ILBR210000083","","","","","ILB1001210940","NHO2018000014");












INSERT INTO pos_paymenttemp VALUES("ILBT210000078","CASH","OVO","311099","311099","ISU000001","2021-01-10","","1","","CLOSED","ILB1001210940","NHO2018000014"),
("ILBT210000079","CASH","OVO","28001","28001","ISU000001","2021-01-10","","1","","CLOSED","ILB1001210940","NHO2018000014"),
("ILBT210000080","CASH","OVO","95700","95700","ISU000001","2021-01-10","","1","","CLOSED","ILB1001210940","NHO2018000014"),
("ILBT210000081","CASH","OVO","38000","38000","ISU000001","2021-01-10","","1","","CLOSED","ILB1001210940","NHO2018000014"),
("ILBT210000082","CASH","OVO","28001","28001","ISU000001","2021-01-10","","1","","CLOSED","ILB1001210940","NHO2018000014"),
("ILBT210000083","CASH","OVO","56001","56001","ISU000001","2021-01-10","","1","","CLOSED","ILB1001210940","NHO2018000014");



