INSERT INTO pos_itemtemp VALUES("ILBT210000122","193402","191001","192019","61818","1","61818","0","61818","1","1","1","ILB1601210930","NHO2018000014","PAID","","193402"),
("ILBT210000123","193422","191001","192019","30000","1","30000","0","30000","1","1","1","ILB1601210930","NHO2018000014","PAID","","193422"),
("ILBT210000124","193401","191001","192019","50000","1","50000","0","50000","1","1","1","ILB1601210930","NHO2018000014","PAID","","193401"),
("ILBT210000125","193423","191001","192019","25455","1","25455","0","25455","1","1","1","ILB1601210930","NHO2018000014","PAID","","193423"),
("ILBT210000126","193404","191001","192019","61818","1","61818","0","61818","1","1","1","ILB1601210930","NHO2018000014","PAID","","193404"),
("ILBT210000126","193422","191001","192019","30000","1","30000","0","30000","1","1","1","ILB1601210930","NHO2018000014","PAID","","193422"),
("ILBT210000127","193402","191001","192019","61818","1","61818","0","61818","1","1","1","ILB1601210930","NHO2018000014","PAID","","193402"),
("ILBT210000128","193405","191001","192019","34545","1","34545","0","34545","1","1","1","ILB1601210930","NHO2018000014","PAID","","193405"),
("ILBT210000128","193423","191001","192019","25455","1","25455","0","25455","1","1","1","ILB1601210930","NHO2018000014","PAID","","193423"),
("ILBT210000129","193402","191001","192019","61818","1","61818","0","61818","1","1","1","ILB1601210930","NHO2018000014","PAID","","193402"),
("ILBT210000129","193403","191001","192019","61818","1","61818","0","61818","1","1","1","ILB1601210930","NHO2018000014","PAID","","193403"),
("ILBT210000130","193404","191001","192019","61818","1","61818","0","61818","1","1","1","ILB1601210930","NHO2018000014","PAID","","193404"),
("ILBT210000130","193405","191001","192019","34545","1","34545","0","34545","1","1","1","ILB1601210930","NHO2018000014","PAID","","193405"),
("ILBT210000131","193399","191001","192019","27000","1","27000","0","27000","1","1","1","ILB1601210930","NHO2018000014","PAID","","193399");



INSERT INTO pos_salestemp VALUES("ILBT210000122","","1","61818","0","6182","0","68000","68000","16/01/2021","09:30","2021-01-16","09:31:03","ISU000001","takeaway","CLOSED","1","","ILBR210000122","","","","","ILB1601210930","NHO2018000014"),
("ILBT210000123","","1","30000","0","3000","0","33000","33000","16/01/2021","09:31","2021-01-16","09:31:51","ISU000001","takeaway","CLOSED","1","","ILBR210000123","","","","","ILB1601210930","NHO2018000014"),
("ILBT210000124","","1","50000","0","5000","0","55000","55000","16/01/2021","09:31","2021-01-16","09:32:29","ISU000001","takeaway","CLOSED","1","","ILBR210000124","","","","","ILB1601210930","NHO2018000014"),
("ILBT210000125","","1","25455","0","2546","0","28001","28001","16/01/2021","09:32","2021-01-16","09:33:07","ISU000001","takeaway","CLOSED","1","","ILBR210000125","","","","","ILB1601210930","NHO2018000014"),
("ILBT210000126","","1","91818","0","9182","0","101000","101000","16/01/2021","09:33","2021-01-16","09:34:04","ISU000001","takeaway","CLOSED","1","","ILBR210000126","","","","","ILB1601210930","NHO2018000014"),
("ILBT210000127","","1","61818","0","6182","0","68000","68000","16/01/2021","09:34","2021-01-16","09:34:35","ISU000001","takeaway","CLOSED","1","","ILBR210000127","","","","","ILB1601210930","NHO2018000014"),
("ILBT210000128","","1","60000","0","6000","0","66000","66000","16/01/2021","09:34","2021-01-16","09:35:20","ISU000001","takeaway","CLOSED","1","","ILBR210000128","","","","","ILB1601210930","NHO2018000014"),
("ILBT210000129","","1","123636","0","12364","0","136000","136000","16/01/2021","09:35","2021-01-16","09:40:08","ISU000001","takeaway","CLOSED","1","","ILBR210000129","","","","","ILB1601210930","NHO2018000014"),
("ILBT210000130","","1","96363","0","9637","0","106000","106000","16/01/2021","09:40","2021-01-16","09:40:48","ISU000001","takeaway","CLOSED","1","","ILBR210000130","","","","","ILB1601210930","NHO2018000014"),
("ILBT210000131","","1","27000","0","2700","0","29700","29700","16/01/2021","09:40","2021-01-16","09:41:13","ISU000001","takeaway","CLOSED","1","","ILBR210000131","","","","","ILB1601210930","NHO2018000014");












INSERT INTO pos_paymenttemp VALUES("ILBT210000122","CASH","POTONGAN_GRABKITCHEN","7140","7140","ISU000001","2021-01-16","","1","","CLOSED","ILB1601210930","NHO2018000014"),
("ILBT210000122","CASH","OVO","60860","60860","ISU000001","2021-01-16","","1","","CLOSED","ILB1601210930","NHO2018000014"),
("ILBT210000123","CASH","POTONGAN_GRABKITCHEN","3465","3465","ISU000001","2021-01-16","","1","","CLOSED","ILB1601210930","NHO2018000014"),
("ILBT210000123","CASH","OVO","29535","29535","ISU000001","2021-01-16","","1","","CLOSED","ILB1601210930","NHO2018000014"),
("ILBT210000124","CASH","POTONGAN_GRABKITCHEN","5775","5775","ISU000001","2021-01-16","","1","","CLOSED","ILB1601210930","NHO2018000014"),
("ILBT210000124","CASH","OVO","49225","49225","ISU000001","2021-01-16","","1","","CLOSED","ILB1601210930","NHO2018000014"),
("ILBT210000125","CASH","OVO","28001","28001","ISU000001","2021-01-16","","1","","CLOSED","ILB1601210930","NHO2018000014"),
("ILBT210000126","CASH","POTONGAN_GRABKITCHEN","12000","12000","ISU000001","2021-01-16","","1","","CLOSED","ILB1601210930","NHO2018000014"),
("ILBT210000126","CASH","OVO","89000","89000","ISU000001","2021-01-16","","1","","CLOSED","ILB1601210930","NHO2018000014"),
("ILBT210000127","CASH","OVO","68000","68000","ISU000001","2021-01-16","","1","","CLOSED","ILB1601210930","NHO2018000014"),
("ILBT210000128","CASH","POTONGAN_GRABKITCHEN","6930","6930","ISU000001","2021-01-16","","1","","CLOSED","ILB1601210930","NHO2018000014"),
("ILBT210000128","CASH","OVO","59070","59070","ISU000001","2021-01-16","","1","","CLOSED","ILB1601210930","NHO2018000014"),
("ILBT210000129","CASH","POTONGAN_GRABKITCHEN","12000","12000","ISU000001","2021-01-16","","1","","CLOSED","ILB1601210930","NHO2018000014"),
("ILBT210000129","CASH","OVO","124000","124000","ISU000001","2021-01-16","","1","","CLOSED","ILB1601210930","NHO2018000014"),
("ILBT210000130","CASH","POTONGAN_GRABKITCHEN","12000","12000","ISU000001","2021-01-16","","1","","CLOSED","ILB1601210930","NHO2018000014"),
("ILBT210000130","CASH","OVO","94000","94000","ISU000001","2021-01-16","","1","","CLOSED","ILB1601210930","NHO2018000014"),
("ILBT210000131","CASH","OVO","29700","29700","ISU000001","2021-01-16","","1","","CLOSED","ILB1601210930","NHO2018000014");



