INSERT INTO pos_itemtemp VALUES("ILBT210000092","193423","191001","192019","25455","1","25455","0","25455","1","1","1","ILB1201211015","NHO2018000014","PAID","","193423"),
("ILBT210000092","193421","191001","192019","53636","1","53636","0","53636","1","1","1","ILB1201211015","NHO2018000014","PAID","","193421"),
("ILBT210000093","193401","191001","192019","50000","1","50000","0","50000","1","1","1","ILB1201211015","NHO2018000014","PAID","","193401"),
("ILBT210000094","193403","191001","192019","61818","1","61818","0","61818","1","1","1","ILB1201211015","NHO2018000014","PAID","","193403"),
("ILBT210000095","193401","191001","192019","50000","1","50000","0","50000","1","1","1","ILB1201211015","NHO2018000014","PAID","","193401"),
("ILBT210000096","193400","191001","192019","27000","1","27000","0","27000","1","1","1","ILB1201211015","NHO2018000014","PAID","","193400"),
("ILBT210000097","193408","191001","192019","34545","1","34545","0","34545","1","1","1","ILB1201211015","NHO2018000014","PAID","","193408"),
("ILBT210000098","193423","191001","192019","25455","1","25455","0","25455","1","1","1","ILB1201211015","NHO2018000014","PAID","","193423"),
("ILBT210000098","193423","191001","192019","25455","1","25455","0","25455","2","1","1","ILB1201211015","NHO2018000014","PAID","","193423"),
("ILBT210000099","193402","191001","192019","61818","1","61818","0","61818","1","1","1","ILB1201211015","NHO2018000014","PAID","","193402"),
("ILBT210000099","193403","191001","192019","61818","1","61818","0","61818","1","1","1","ILB1201211015","NHO2018000014","PAID","","193403"),
("ILBT210000099","193404","191001","192019","61818","1","61818","0","61818","1","1","1","ILB1201211015","NHO2018000014","PAID","","193404"),
("ILBT210000100","193424","191001","192019","20000","1","20000","0","20000","1","1","1","ILB1201211015","NHO2018000014","PAID","","193424"),
("ILBT210000101","193389","191001","192019","49091","1","49091","0","49091","1","1","1","ILB1201211015","NHO2018000014","PAID","","193389"),
("ILBT210000101","193405","191001","192019","34545","1","34545","0","34545","1","1","1","ILB1201211015","NHO2018000014","PAID","","193405"),
("ILBT210000102","193423","191001","192019","25455","1","25455","0","25455","1","1","1","ILB1201211015","NHO2018000014","PAID","","193423");



INSERT INTO pos_salestemp VALUES("ILBT210000092","","1","79091","0","7910","0","87001","87001","12/01/2021","10:15","2021-01-12","10:16:12","ISU000001","takeaway","CLOSED","1","","ILBR210000092","","","","","ILB1201211015","NHO2018000014"),
("ILBT210000093","","1","50000","0","5000","0","55000","55000","12/01/2021","10:16","2021-01-12","10:18:34","ISU000001","takeaway","CLOSED","1","","ILBR210000093","","","","","ILB1201211015","NHO2018000014"),
("ILBT210000094","","1","61818","0","6182","0","68000","68000","12/01/2021","10:18","2021-01-12","10:19:25","ISU000001","takeaway","CLOSED","1","","ILBR210000094","","","","","ILB1201211015","NHO2018000014"),
("ILBT210000095","","1","50000","0","5000","0","55000","55000","12/01/2021","10:19","2021-01-12","10:20:48","ISU000001","takeaway","CLOSED","1","","ILBR210000095","","","","","ILB1201211015","NHO2018000014"),
("ILBT210000096","","1","27000","0","2700","0","29700","29700","12/01/2021","10:21","2021-01-12","10:21:43","ISU000001","takeaway","CLOSED","1","","ILBR210000096","","","","","ILB1201211015","NHO2018000014"),
("ILBT210000097","","1","34545","0","3455","0","38000","38000","12/01/2021","10:21","2021-01-12","10:23:51","ISU000001","takeaway","CLOSED","1","","ILBR210000097","","","","","ILB1201211015","NHO2018000014"),
("ILBT210000098","","1","50910","0","5091","0","56001","56001","12/01/2021","10:23","2021-01-12","10:24:56","ISU000001","takeaway","CLOSED","1","","ILBR210000098","","","","","ILB1201211015","NHO2018000014"),
("ILBT210000099","","1","185454","0","18546","0","204000","204000","12/01/2021","10:25","2021-01-12","10:25:53","ISU000001","takeaway","CLOSED","1","","ILBR210000099","","","","","ILB1201211015","NHO2018000014"),
("ILBT210000100","","1","20000","0","2000","0","22000","22000","12/01/2021","10:26","2021-01-12","10:26:46","ISU000001","takeaway","CLOSED","1","","ILBR210000100","","","","","ILB1201211015","NHO2018000014"),
("ILBT210000101","","1","83636","0","8364","0","92000","92000","12/01/2021","10:26","2021-01-12","10:27:23","ISU000001","takeaway","CLOSED","1","","ILBR210000101","","","","","ILB1201211015","NHO2018000014"),
("ILBT210000102","","1","25455","0","2546","0","28001","28001","12/01/2021","10:27","2021-01-12","10:28:05","ISU000001","takeaway","CLOSED","1","","ILBR210000102","","","","","ILB1201211015","NHO2018000014");












INSERT INTO pos_paymenttemp VALUES("ILBT210000092","CASH","POTONGAN_GRABKITCHEN","19575","19575","ISU000001","2021-01-12","","1","","CLOSED","ILB1201211015","NHO2018000014"),
("ILBT210000092","CASH","OVO","67426","67426","ISU000001","2021-01-12","","1","","CLOSED","ILB1201211015","NHO2018000014"),
("ILBT210000093","CASH","POTONGAN_GRABKITCHEN","5775","5775","ISU000001","2021-01-12","","1","","CLOSED","ILB1201211015","NHO2018000014"),
("ILBT210000093","CASH","OVO","49225","49225","ISU000001","2021-01-12","","1","","CLOSED","ILB1201211015","NHO2018000014"),
("ILBT210000094","CASH","POTONGAN_GRABKITCHEN","7140","7140","ISU000001","2021-01-12","","1","","CLOSED","ILB1201211015","NHO2018000014"),
("ILBT210000094","CASH","OVO","60860","60860","ISU000001","2021-01-12","","1","","CLOSED","ILB1201211015","NHO2018000014"),
("ILBT210000095","CASH","OVO","55000","55000","ISU000001","2021-01-12","","1","","CLOSED","ILB1201211015","NHO2018000014"),
("ILBT210000096","CASH","OVO","29700","29700","ISU000001","2021-01-12","","1","","CLOSED","ILB1201211015","NHO2018000014"),
("ILBT210000097","CASH","POTONGAN_GRABKITCHEN","3990","3990","ISU000001","2021-01-12","","1","","CLOSED","ILB1201211015","NHO2018000014"),
("ILBT210000097","CASH","OVO","34010","34010","ISU000001","2021-01-12","","1","","CLOSED","ILB1201211015","NHO2018000014"),
("ILBT210000098","CASH","POTONGAN_GRABKITCHEN","5880","5880","ISU000001","2021-01-12","","1","","CLOSED","ILB1201211015","NHO2018000014"),
("ILBT210000098","CASH","OVO","50121","50121","ISU000001","2021-01-12","","1","","CLOSED","ILB1201211015","NHO2018000014"),
("ILBT210000099","CASH","POTONGAN_GRABKITCHEN","22500","22500","ISU000001","2021-01-12","","1","","CLOSED","ILB1201211015","NHO2018000014"),
("ILBT210000099","CASH","OVO","181500","181500","ISU000001","2021-01-12","","1","","CLOSED","ILB1201211015","NHO2018000014"),
("ILBT210000100","CASH","OVO","22000","22000","ISU000001","2021-01-12","","1","","CLOSED","ILB1201211015","NHO2018000014"),
("ILBT210000101","CASH","OVO","92000","92000","ISU000001","2021-01-12","","1","","CLOSED","ILB1201211015","NHO2018000014"),
("ILBT210000102","CASH","OVO","28001","28001","ISU000001","2021-01-12","","1","","CLOSED","ILB1201211015","NHO2018000014");



