INSERT INTO pos_itemtemp VALUES("ILBT210000084","193405","191001","192019","34545","1","34545","0","34545","1","1","1","ILB1101210944","NHO2018000014","PAID","","193405"),
("ILBT210000084","193428","191001","192019","25455","1","25455","0","25455","1","1","1","ILB1101210944","NHO2018000014","PAID","","193428"),
("ILBT210000085","193403","191001","192019","61818","1","61818","0","61818","1","1","1","ILB1101210944","NHO2018000014","PAID","","193403"),
("ILBT210000085","193423","191001","192019","25455","1","25455","0","25455","1","1","1","ILB1101210944","NHO2018000014","PAID","","193423"),
("ILBT210000086","193401","191001","192019","50000","1","50000","0","50000","1","1","1","ILB1101210944","NHO2018000014","PAID","","193401"),
("ILBT210000086","193399","191001","192019","27000","1","27000","0","27000","1","1","1","ILB1101210944","NHO2018000014","PAID","","193399"),
("ILBT210000087","193404","191001","192019","61818","1","61818","0","61818","1","1","1","ILB1101210944","NHO2018000014","PAID","","193404"),
("ILBT210000087","193399","191001","192019","27000","1","27000","0","27000","1","1","1","ILB1101210944","NHO2018000014","PAID","","193399"),
("ILBT210000088","193401","191001","192019","50000","1","50000","0","50000","1","1","1","ILB1101210944","NHO2018000014","PAID","","193401"),
("ILBT210000089","193402","191001","192019","61818","1","61818","0","61818","1","1","1","ILB1101210944","NHO2018000014","PAID","","193402"),
("ILBT210000090","193401","191001","192019","50000","1","50000","0","50000","1","1","1","ILB1101210944","NHO2018000014","PAID","","193401"),
("ILBT210000090","193422","191001","192019","30000","1","30000","0","30000","1","1","1","ILB1101210944","NHO2018000014","PAID","","193422"),
("ILBT210000091","193402","191001","192019","61818","1","61818","0","61818","1","1","1","ILB1101210944","NHO2018000014","PAID","","193402"),
("ILBT210000091","193399","191001","192019","27000","1","27000","0","27000","1","1","1","ILB1101210944","NHO2018000014","PAID","","193399");



INSERT INTO pos_salestemp VALUES("ILBT210000084","","1","60000","0","6000","0","66000","66000","11/01/2021","10:03","2021-01-11","10:09:20","ISU000001","takeaway","CLOSED","1","","ILBR210000084","","","","","ILB1101210944","NHO2018000014"),
("ILBT210000085","","1","87273","0","8728","0","96001","96001","11/01/2021","10:09","2021-01-11","10:10:11","ISU000001","takeaway","CLOSED","1","","ILBR210000085","","","","","ILB1101210944","NHO2018000014"),
("ILBT210000086","","1","77000","0","7700","0","84700","84700","11/01/2021","10:10","2021-01-11","10:11:07","ISU000001","takeaway","CLOSED","1","","ILBR210000086","","","","","ILB1101210944","NHO2018000014"),
("ILBT210000087","","1","88818","0","8882","0","97700","97700","11/01/2021","10:11","2021-01-11","10:11:54","ISU000001","takeaway","CLOSED","1","","ILBR210000087","","","","","ILB1101210944","NHO2018000014"),
("ILBT210000088","","1","50000","0","5000","0","55000","55000","11/01/2021","10:12","2021-01-11","10:12:35","ISU000001","takeaway","CLOSED","1","","ILBR210000088","","","","","ILB1101210944","NHO2018000014"),
("ILBT210000089","","1","61818","0","6182","0","68000","68000","11/01/2021","10:12","2021-01-11","10:13:12","ISU000001","takeaway","CLOSED","1","","ILBR210000089","","","","","ILB1101210944","NHO2018000014"),
("ILBT210000090","","1","80000","0","8000","0","88000","88000","11/01/2021","10:13","2021-01-11","10:13:52","ISU000001","takeaway","CLOSED","1","","ILBR210000090","","","","","ILB1101210944","NHO2018000014"),
("ILBT210000091","","1","88818","0","8882","0","97700","97700","11/01/2021","10:14","2021-01-11","10:14:35","ISU000001","takeaway","CLOSED","1","","ILBR210000091","","","","","ILB1101210944","NHO2018000014");












INSERT INTO pos_paymenttemp VALUES("ILBT210000084","CASH","POTONGAN_GRABKITCHEN","6930","6930","ISU000001","2021-01-11","","1","","CLOSED","ILB1101210944","NHO2018000014"),
("ILBT210000084","CASH","OVO","59070","59070","ISU000001","2021-01-11","","1","","CLOSED","ILB1101210944","NHO2018000014"),
("ILBT210000085","CASH","POTONGAN_GRABKITCHEN","21600","21600","ISU000001","2021-01-11","","1","","CLOSED","ILB1101210944","NHO2018000014"),
("ILBT210000085","CASH","OVO","74401","74401","ISU000001","2021-01-11","","1","","CLOSED","ILB1101210944","NHO2018000014"),
("ILBT210000086","CASH","POTONGAN_GRABKITCHEN","19058","19058","ISU000001","2021-01-11","","1","","CLOSED","ILB1101210944","NHO2018000014"),
("ILBT210000086","CASH","OVO","65642","65642","ISU000001","2021-01-11","","1","","CLOSED","ILB1101210944","NHO2018000014"),
("ILBT210000087","CASH","POTONGAN_GRABKITCHEN","21983","21983","ISU000001","2021-01-11","","1","","CLOSED","ILB1101210944","NHO2018000014"),
("ILBT210000087","CASH","OVO","75717","75717","ISU000001","2021-01-11","","1","","CLOSED","ILB1101210944","NHO2018000014"),
("ILBT210000088","CASH","POTONGAN_GRABKITCHEN","5775","5775","ISU000001","2021-01-11","","1","","CLOSED","ILB1101210944","NHO2018000014"),
("ILBT210000088","CASH","OVO","49225","49225","ISU000001","2021-01-11","","1","","CLOSED","ILB1101210944","NHO2018000014"),
("ILBT210000089","CASH","POTONGAN_GRABKITCHEN","7140","7140","ISU000001","2021-01-11","","1","","CLOSED","ILB1101210944","NHO2018000014"),
("ILBT210000089","CASH","OVO","60860","60860","ISU000001","2021-01-11","","1","","CLOSED","ILB1101210944","NHO2018000014"),
("ILBT210000090","CASH","POTONGAN_GRABKITCHEN","9000","9000","ISU000001","2021-01-11","","1","","CLOSED","ILB1101210944","NHO2018000014"),
("ILBT210000090","CASH","OVO","79000","79000","ISU000001","2021-01-11","","1","","CLOSED","ILB1101210944","NHO2018000014"),
("ILBT210000091","CASH","POTONGAN_GRABKITCHEN","21983","21983","ISU000001","2021-01-11","","1","","CLOSED","ILB1101210944","NHO2018000014"),
("ILBT210000091","CASH","OVO","75717","75717","ISU000001","2021-01-11","","1","","CLOSED","ILB1101210944","NHO2018000014");



