INSERT INTO pos_itemtemp VALUES("ILBT210000103","193405","191001","192019","34545","1","34545","0","34545","1","1","1","ILB1301211028","NHO2018000014","PAID","","193405"),
("ILBT210000103","193423","191001","192019","25455","1","25455","0","25455","1","1","1","ILB1301211028","NHO2018000014","PAID","","193423"),
("ILBT210000103","193422","191001","192019","30000","1","30000","0","30000","1","1","1","ILB1301211028","NHO2018000014","PAID","","193422"),
("ILBT210000104","193405","191001","192019","34545","1","34545","0","34545","1","1","1","ILB1301211028","NHO2018000014","PAID","","193405"),
("ILBT210000104","193421","191001","192019","53636","1","53636","0","53636","1","1","1","ILB1301211028","NHO2018000014","PAID","","193421"),
("ILBT210000105","193423","191001","192019","25455","1","25455","0","25455","1","1","1","ILB1301211028","NHO2018000014","PAID","","193423"),
("ILBT210000105","193423","191001","192019","25455","1","25455","0","25455","2","1","1","ILB1301211028","NHO2018000014","PAID","","193423"),
("ILBT210000105","193423","191001","192019","25455","1","25455","0","25455","3","1","1","ILB1301211028","NHO2018000014","PAID","","193423"),
("ILBT210000105","193423","191001","192019","25455","1","25455","0","25455","4","1","1","ILB1301211028","NHO2018000014","PAID","","193423"),
("ILBT210000105","193423","191001","192019","25455","1","25455","0","25455","5","1","1","ILB1301211028","NHO2018000014","PAID","","193423"),
("ILBT210000106","193401","191001","192019","50000","1","50000","0","50000","1","1","1","ILB1301211028","NHO2018000014","PAID","","193401"),
("ILBT210000106","193403","191001","192019","61818","1","61818","0","61818","1","1","1","ILB1301211028","NHO2018000014","PAID","","193403"),
("ILBT210000107","193423","191001","192019","25455","1","25455","0","25455","1","1","1","ILB1301211028","NHO2018000014","PAID","","193423"),
("ILBT210000108","193402","191001","192019","61818","1","61818","0","61818","1","1","1","ILB1301211028","NHO2018000014","PAID","","193402"),
("ILBT210000109","193403","191001","192019","61818","1","61818","0","61818","1","1","1","ILB1301211028","NHO2018000014","PAID","","193403"),
("ILBT210000109","193422","191001","192019","30000","1","30000","0","30000","1","1","1","ILB1301211028","NHO2018000014","PAID","","193422"),
("ILBT210000110","193401","191001","192019","50000","1","50000","0","50000","1","1","1","ILB1301211028","NHO2018000014","PAID","","193401"),
("ILBT210000110","193401","191001","192019","50000","1","50000","0","50000","2","1","1","ILB1301211028","NHO2018000014","PAID","","193401"),
("ILBT210000111","193398","191001","192019","47273","1","47273","0","47273","1","1","1","ILB1301211028","NHO2018000014","PAID","","193398"),
("ILBT210000112","193387","191001","192019","49091","1","49091","0","49091","1","1","1","ILB1301211028","NHO2018000014","PAID","","193387"),
("ILBT210000113","193421","191001","192019","53636","1","53636","0","53636","1","1","1","ILB1301211028","NHO2018000014","PAID","","193421"),
("ILBT210000114","193402","191001","192019","61818","1","61818","0","61818","1","1","1","ILB1301211028","NHO2018000014","PAID","","193402");



INSERT INTO pos_salestemp VALUES("ILBT210000103","","1","90000","0","9000","0","99000","99000","13/01/2021","10:28","2021-01-13","10:30:46","ISU000001","takeaway","CLOSED","1","","ILBR210000103","","","","","ILB1301211028","NHO2018000014"),
("ILBT210000104","","1","88181","0","8819","0","97000","97000","13/01/2021","10:30","2021-01-13","10:31:42","ISU000001","takeaway","CLOSED","1","","ILBR210000104","","","","","ILB1301211028","NHO2018000014"),
("ILBT210000105","","1","127275","0","12728","0","140003","140003","13/01/2021","10:31","2021-01-13","10:32:31","ISU000001","takeaway","CLOSED","1","","ILBR210000105","","","","","ILB1301211028","NHO2018000014"),
("ILBT210000106","","1","111818","0","11182","0","123000","123000","13/01/2021","10:32","2021-01-13","10:33:24","ISU000001","takeaway","CLOSED","1","","ILBR210000106","","","","","ILB1301211028","NHO2018000014"),
("ILBT210000107","","1","25455","0","2546","0","28001","28001","13/01/2021","10:33","2021-01-13","10:34:16","ISU000001","takeaway","CLOSED","1","","ILBR210000107","","","","","ILB1301211028","NHO2018000014"),
("ILBT210000108","","1","61818","0","6182","0","68000","68000","13/01/2021","10:34","2021-01-13","10:34:52","ISU000001","takeaway","CLOSED","1","","ILBR210000108","","","","","ILB1301211028","NHO2018000014"),
("ILBT210000109","","1","91818","0","9182","0","101000","101000","13/01/2021","10:34","2021-01-13","10:35:30","ISU000001","takeaway","CLOSED","1","","ILBR210000109","","","","","ILB1301211028","NHO2018000014"),
("ILBT210000110","","1","100000","0","10000","0","110000","110000","13/01/2021","10:35","2021-01-13","10:36:06","ISU000001","takeaway","CLOSED","1","","ILBR210000110","","","","","ILB1301211028","NHO2018000014"),
("ILBT210000111","","1","47273","0","4728","0","52001","52001","13/01/2021","10:36","2021-01-13","10:36:34","ISU000001","takeaway","CLOSED","1","","ILBR210000111","","","","","ILB1301211028","NHO2018000014"),
("ILBT210000112","","1","49091","0","4910","0","54001","54001","13/01/2021","10:36","2021-01-13","10:37:00","ISU000001","takeaway","CLOSED","1","","ILBR210000112","","","","","ILB1301211028","NHO2018000014"),
("ILBT210000113","","1","53636","0","5364","0","59000","59000","13/01/2021","10:37","2021-01-13","10:37:41","ISU000001","takeaway","CLOSED","1","","ILBR210000113","","","","","ILB1301211028","NHO2018000014"),
("ILBT210000114","","1","61818","0","6182","0","68000","68000","13/01/2021","10:37","2021-01-13","10:38:39","ISU000001","takeaway","CLOSED","1","","ILBR210000114","","","","","ILB1301211028","NHO2018000014");












INSERT INTO pos_paymenttemp VALUES("ILBT210000103","CASH","POTONGAN_GRABKITCHEN","22275","22275","ISU000001","2021-01-13","","1","","CLOSED","ILB1301211028","NHO2018000014"),
("ILBT210000103","CASH","OVO","76725","76725","ISU000001","2021-01-13","","1","","CLOSED","ILB1301211028","NHO2018000014"),
("ILBT210000104","CASH","POTONGAN_GRABKITCHEN","21825","21825","ISU000001","2021-01-13","","1","","CLOSED","ILB1301211028","NHO2018000014"),
("ILBT210000104","CASH","OVO","75175","75175","ISU000001","2021-01-13","","1","","CLOSED","ILB1301211028","NHO2018000014"),
("ILBT210000105","CASH","POTONGAN_GRABKITCHEN","22500","22500","ISU000001","2021-01-13","","1","","CLOSED","ILB1301211028","NHO2018000014"),
("ILBT210000105","CASH","OVO","117503","117503","ISU000001","2021-01-13","","1","","CLOSED","ILB1301211028","NHO2018000014"),
("ILBT210000106","CASH","POTONGAN_GRABKITCHEN","22500","22500","ISU000001","2021-01-13","","1","","CLOSED","ILB1301211028","NHO2018000014"),
("ILBT210000106","CASH","OVO","100500","100500","ISU000001","2021-01-13","","1","","CLOSED","ILB1301211028","NHO2018000014"),
("ILBT210000107","CASH","OVO","28001","28001","ISU000001","2021-01-13","","1","","CLOSED","ILB1301211028","NHO2018000014"),
("ILBT210000108","CASH","POTONGAN_GRABKITCHEN","7140","7140","ISU000001","2021-01-13","","1","","CLOSED","ILB1301211028","NHO2018000014"),
("ILBT210000108","CASH","OVO","60860","60860","ISU000001","2021-01-13","","1","","CLOSED","ILB1301211028","NHO2018000014"),
("ILBT210000109","CASH","POTONGAN_GRABKITCHEN","12000","12000","ISU000001","2021-01-13","","1","","CLOSED","ILB1301211028","NHO2018000014"),
("ILBT210000109","CASH","OVO","89000","89000","ISU000001","2021-01-13","","1","","CLOSED","ILB1301211028","NHO2018000014"),
("ILBT210000110","CASH","POTONGAN_GRABKITCHEN","22500","22500","ISU000001","2021-01-13","","1","","CLOSED","ILB1301211028","NHO2018000014"),
("ILBT210000110","CASH","OVO","87500","87500","ISU000001","2021-01-13","","1","","CLOSED","ILB1301211028","NHO2018000014"),
("ILBT210000111","CASH","OVO","52001","52001","ISU000001","2021-01-13","","1","","CLOSED","ILB1301211028","NHO2018000014"),
("ILBT210000112","CASH","OVO","54001","54001","ISU000001","2021-01-13","","1","","CLOSED","ILB1301211028","NHO2018000014"),
("ILBT210000113","CASH","POTONGAN_GRABKITCHEN","6195","6195","ISU000001","2021-01-13","","1","","CLOSED","ILB1301211028","NHO2018000014"),
("ILBT210000113","CASH","OVO","52805","52805","ISU000001","2021-01-13","","1","","CLOSED","ILB1301211028","NHO2018000014"),
("ILBT210000114","CASH","POTONGAN_GRABKITCHEN","7140","7140","ISU000001","2021-01-13","","1","","CLOSED","ILB1301211028","NHO2018000014"),
("ILBT210000114","CASH","OVO","60860","60860","ISU000001","2021-01-13","","1","","CLOSED","ILB1301211028","NHO2018000014");



