INSERT INTO pos_itemtemp VALUES("ILBT210000138","193401","191001","192019","50000","1","50000","0","50000","1","1","1","ILB1801210947","NHO2018000014","PAID","","193401"),
("ILBT210000138","193401","191001","192019","50000","1","50000","0","50000","2","1","1","ILB1801210947","NHO2018000014","PAID","","193401"),
("ILBT210000138","193401","191001","192019","50000","1","50000","0","50000","3","1","1","ILB1801210947","NHO2018000014","PAID","","193401"),
("ILBT210000139","193401","191001","192019","50000","1","50000","0","50000","1","1","1","ILB1801210947","NHO2018000014","PAID","","193401"),
("ILBT210000139","193424","191001","192019","20000","1","20000","0","20000","1","1","1","ILB1801210947","NHO2018000014","PAID","","193424"),
("ILBT210000140","193405","191001","192019","34545","1","34545","0","34545","1","1","1","ILB1801210947","NHO2018000014","PAID","","193405"),
("ILBT210000140","193428","191001","192019","25455","1","25455","0","25455","1","1","1","ILB1801210947","NHO2018000014","PAID","","193428"),
("ILBT210000141","193402","191001","192019","61818","1","61818","0","61818","1","1","1","ILB1801210947","NHO2018000014","PAID","","193402"),
("ILBT210000141","193405","191001","192019","34545","1","34545","0","34545","1","1","1","ILB1801210947","NHO2018000014","PAID","","193405"),
("ILBT210000142","193404","191001","192019","61818","1","61818","0","61818","1","1","1","ILB1801210947","NHO2018000014","PAID","","193404"),
("ILBT210000143","193401","191001","192019","50000","1","50000","0","50000","1","1","1","ILB1801210947","NHO2018000014","PAID","","193401"),
("ILBT210000143","193401","191001","192019","50000","1","50000","0","50000","2","1","1","ILB1801210947","NHO2018000014","PAID","","193401"),
("ILBT210000143","193401","191001","192019","50000","1","50000","0","50000","3","1","1","ILB1801210947","NHO2018000014","PAID","","193401"),
("ILBT210000144","193402","191001","192019","61818","1","61818","0","61818","1","1","1","ILB1801210947","NHO2018000014","PAID","","193402"),
("ILBT210000145","193402","191001","192019","61818","1","61818","0","61818","1","1","1","ILB1801210947","NHO2018000014","PAID","","193402"),
("ILBT210000146","193405","191001","192019","34545","1","34545","0","34545","1","1","1","ILB1801210947","NHO2018000014","PAID","","193405"),
("ILBT210000146","193423","191001","192019","25455","1","25455","0","25455","1","1","1","ILB1801210947","NHO2018000014","PAID","","193423"),
("ILBT210000146","193424","191001","192019","20000","1","20000","0","20000","1","1","1","ILB1801210947","NHO2018000014","PAID","","193424"),
("ILBT210000146","193425","191001","192019","20000","1","20000","0","20000","1","1","1","ILB1801210947","NHO2018000014","PAID","","193425"),
("ILBT210000147","193424","191001","192019","20000","1","20000","0","20000","1","1","1","ILB1801210947","NHO2018000014","PAID","","193424"),
("ILBT210000147","193424","191001","192019","20000","1","20000","0","20000","2","1","1","ILB1801210947","NHO2018000014","PAID","","193424"),
("ILBT210000147","193425","191001","192019","20000","1","20000","0","20000","1","1","1","ILB1801210947","NHO2018000014","PAID","","193425"),
("ILBT210000147","193425","191001","192019","20000","1","20000","0","20000","2","1","1","ILB1801210947","NHO2018000014","PAID","","193425");



INSERT INTO pos_salestemp VALUES("ILBT210000138","","1","150000","0","15000","0","165000","165000","18/01/2021","09:47","2021-01-18","09:47:47","ISU000001","takeaway","CLOSED","1","","ILBR210000138","","","","","ILB1801210947","NHO2018000014"),
("ILBT210000139","","1","70000","0","7000","0","77000","77000","18/01/2021","09:48","2021-01-18","09:48:28","ISU000001","takeaway","CLOSED","1","","ILBR210000139","","","","","ILB1801210947","NHO2018000014"),
("ILBT210000140","","1","60000","0","6000","0","66000","66000","18/01/2021","09:48","2021-01-18","09:49:08","ISU000001","takeaway","CLOSED","1","","ILBR210000140","","","","","ILB1801210947","NHO2018000014"),
("ILBT210000141","","1","96363","0","9637","0","106000","106000","18/01/2021","09:49","2021-01-18","09:49:59","ISU000001","takeaway","CLOSED","1","","ILBR210000141","","","","","ILB1801210947","NHO2018000014"),
("ILBT210000142","","1","61818","0","6182","0","68000","68000","18/01/2021","09:50","2021-01-18","09:50:39","ISU000001","takeaway","CLOSED","1","","ILBR210000142","","","","","ILB1801210947","NHO2018000014"),
("ILBT210000143","","1","150000","0","15000","0","165000","165000","18/01/2021","09:50","2021-01-18","09:51:16","ISU000001","takeaway","CLOSED","1","","ILBR210000143","","","","","ILB1801210947","NHO2018000014"),
("ILBT210000144","","1","61818","0","6182","0","68000","68000","18/01/2021","09:51","2021-01-18","09:52:01","ISU000001","takeaway","CLOSED","1","","ILBR210000144","","","","","ILB1801210947","NHO2018000014"),
("ILBT210000145","","1","61818","0","6182","0","68000","68000","18/01/2021","09:52","2021-01-18","09:52:39","ISU000001","takeaway","CLOSED","1","","ILBR210000145","","","","","ILB1801210947","NHO2018000014"),
("ILBT210000146","","1","100000","0","10000","0","110000","110000","18/01/2021","09:52","2021-01-18","09:53:33","ISU000001","takeaway","CLOSED","1","","ILBR210000146","","","","","ILB1801210947","NHO2018000014"),
("ILBT210000147","","1","80000","0","8000","0","88000","88000","18/01/2021","09:53","2021-01-18","09:54:08","ISU000001","takeaway","CLOSED","1","","ILBR210000147","","","","","ILB1801210947","NHO2018000014");












INSERT INTO pos_paymenttemp VALUES("ILBT210000138","CASH","OVO","165000","165000","ISU000001","2021-01-18","","1","","CLOSED","ILB1801210947","NHO2018000014"),
("ILBT210000139","CASH","OVO","77000","77000","ISU000001","2021-01-18","","1","","CLOSED","ILB1801210947","NHO2018000014"),
("ILBT210000140","CASH","OVO","66000","66000","ISU000001","2021-01-18","","1","","CLOSED","ILB1801210947","NHO2018000014"),
("ILBT210000141","CASH","POTONGAN_GRABKITCHEN","12000","12000","ISU000001","2021-01-18","","1","","CLOSED","ILB1801210947","NHO2018000014"),
("ILBT210000141","CASH","OVO","94000","94000","ISU000001","2021-01-18","","1","","CLOSED","ILB1801210947","NHO2018000014"),
("ILBT210000142","CASH","POTONGAN_GRABKITCHEN","7140","7140","ISU000001","2021-01-18","","1","","CLOSED","ILB1801210947","NHO2018000014"),
("ILBT210000142","CASH","OVO","60860","60860","ISU000001","2021-01-18","","1","","CLOSED","ILB1801210947","NHO2018000014"),
("ILBT210000143","CASH","OVO","165000","165000","ISU000001","2021-01-18","","1","","CLOSED","ILB1801210947","NHO2018000014"),
("ILBT210000144","CASH","POTONGAN_GRABKITCHEN","7140","7140","ISU000001","2021-01-18","","1","","CLOSED","ILB1801210947","NHO2018000014"),
("ILBT210000144","CASH","OVO","60860","60860","ISU000001","2021-01-18","","1","","CLOSED","ILB1801210947","NHO2018000014"),
("ILBT210000145","CASH","POTONGAN_GRABKITCHEN","7140","7140","ISU000001","2021-01-18","","1","","CLOSED","ILB1801210947","NHO2018000014"),
("ILBT210000145","CASH","OVO","60860","60860","ISU000001","2021-01-18","","1","","CLOSED","ILB1801210947","NHO2018000014"),
("ILBT210000146","CASH","POTONGAN_GRABKITCHEN","12000","12000","ISU000001","2021-01-18","","1","","CLOSED","ILB1801210947","NHO2018000014"),
("ILBT210000146","CASH","OVO","98000","98000","ISU000001","2021-01-18","","1","","CLOSED","ILB1801210947","NHO2018000014"),
("ILBT210000147","CASH","POTONGAN_GRABKITCHEN","9000","9000","ISU000001","2021-01-18","","1","","CLOSED","ILB1801210947","NHO2018000014"),
("ILBT210000147","CASH","OVO","79000","79000","ISU000001","2021-01-18","","1","","CLOSED","ILB1801210947","NHO2018000014");



