INSERT INTO pos_itemtemp VALUES("ILBT210000223","193401","191001","192019","50000","1","50000","0","50000","1","1","1","ILB2701211048","NHO2018000014","PAID","","193401"),
("ILBT210000223","193405","191001","192019","34545","1","34545","0","34545","1","1","1","ILB2701211048","NHO2018000014","PAID","","193405"),
("ILBT210000223","193425","191001","192019","20000","1","20000","0","20000","1","1","1","ILB2701211048","NHO2018000014","PAID","","193425"),
("ILBT210000224","193423","191001","192019","25455","1","25455","0","25455","1","1","1","ILB2701211048","NHO2018000014","PAID","","193423"),
("ILBT210000225","193403","191001","192019","61818","1","61818","0","61818","1","1","1","ILB2701211048","NHO2018000014","PAID","","193403"),
("ILBT210000226","193401","191001","192019","50000","1","50000","0","50000","1","1","1","ILB2701211048","NHO2018000014","PAID","","193401"),
("ILBT210000226","193401","191001","192019","50000","1","50000","0","50000","2","1","1","ILB2701211048","NHO2018000014","PAID","","193401"),
("ILBT210000227","193403","191001","192019","61818","1","61818","0","61818","1","1","1","ILB2701211048","NHO2018000014","PAID","","193403"),
("ILBT210000228","193408","191001","192019","34545","1","34545","0","34545","1","1","1","ILB2701211048","NHO2018000014","PAID","","193408"),
("ILBT210000228","193423","191001","192019","25455","1","25455","0","25455","1","1","1","ILB2701211048","NHO2018000014","PAID","","193423");



INSERT INTO pos_salestemp VALUES("ILBT210000223","","1","104545","0","10455","0","115000","115000","27/01/2021","10:48","2021-01-27","10:49:14","ISU000001","takeaway","CLOSED","1","","ILBR210000223","","","","","ILB2701211048","NHO2018000014"),
("ILBT210000224","","1","25455","0","2546","0","28001","28001","27/01/2021","10:49","2021-01-27","10:49:38","ISU000001","takeaway","CLOSED","1","","ILBR210000224","","","","","ILB2701211048","NHO2018000014"),
("ILBT210000225","","1","61818","0","6182","0","68000","68000","27/01/2021","10:49","2021-01-27","10:50:05","ISU000001","takeaway","CLOSED","1","","ILBR210000225","","","","","ILB2701211048","NHO2018000014"),
("ILBT210000226","","1","100000","0","10000","0","110000","110000","27/01/2021","10:50","2021-01-27","10:50:27","ISU000001","takeaway","CLOSED","1","","ILBR210000226","","","","","ILB2701211048","NHO2018000014"),
("ILBT210000227","","1","61818","0","6182","0","68000","68000","27/01/2021","10:50","2021-01-27","10:50:57","ISU000001","takeaway","CLOSED","1","","ILBR210000227","","","","","ILB2701211048","NHO2018000014"),
("ILBT210000228","","1","60000","0","6000","0","66000","66000","27/01/2021","10:51","2021-01-27","10:51:36","ISU000001","takeaway","CLOSED","1","","ILBR210000228","","","","","ILB2701211048","NHO2018000014");












INSERT INTO pos_paymenttemp VALUES("ILBT210000223","CASH","POTONGAN_GRABKITCHEN","13800","13800","ISU000001","2021-01-27","","1","","CLOSED","ILB2701211048","NHO2018000014"),
("ILBT210000223","CASH","OVO","101200","101200","ISU000001","2021-01-27","","1","","CLOSED","ILB2701211048","NHO2018000014"),
("ILBT210000224","CASH","OVO","28001","28001","ISU000001","2021-01-27","","1","","CLOSED","ILB2701211048","NHO2018000014"),
("ILBT210000225","CASH","OVO","68000","68000","ISU000001","2021-01-27","","1","","CLOSED","ILB2701211048","NHO2018000014"),
("ILBT210000226","CASH","OVO","110000","110000","ISU000001","2021-01-27","","1","","CLOSED","ILB2701211048","NHO2018000014"),
("ILBT210000227","CASH","POTONGAN_GRABKITCHEN","8160","8160","ISU000001","2021-01-27","","1","","CLOSED","ILB2701211048","NHO2018000014"),
("ILBT210000227","CASH","OVO","59840","59840","ISU000001","2021-01-27","","1","","CLOSED","ILB2701211048","NHO2018000014"),
("ILBT210000228","CASH","POTONGAN_GRABKITCHEN","7920","7920","ISU000001","2021-01-27","","1","","CLOSED","ILB2701211048","NHO2018000014"),
("ILBT210000228","CASH","OVO","58080","58080","ISU000001","2021-01-27","","1","","CLOSED","ILB2701211048","NHO2018000014");



