INSERT INTO pos_itemtemp VALUES("ILBT210000229","193403","191001","192019","61818","1","61818","0","61818","1","1","1","ILB2801211052","NHO2018000014","PAID","","193403"),
("ILBT210000230","193402","191001","192019","61818","1","61818","0","61818","1","1","1","ILB2801211052","NHO2018000014","PAID","","193402"),
("ILBT210000231","193424","191001","192019","20000","1","20000","0","20000","1","1","1","ILB2801211052","NHO2018000014","PAID","","193424"),
("ILBT210000232","193403","191001","192019","61818","1","61818","0","61818","1","1","1","ILB2801211052","NHO2018000014","PAID","","193403"),
("ILBT210000233","193401","191001","192019","50000","1","50000","0","50000","1","1","1","ILB2801211052","NHO2018000014","PAID","","193401"),
("ILBT210000234","193403","191001","192019","61818","1","61818","0","61818","1","1","1","ILB2801211052","NHO2018000014","PAID","","193403"),
("ILBT210000235","193403","191001","192019","61818","1","61818","0","61818","1","1","1","ILB2801211052","NHO2018000014","PAID","","193403"),
("ILBT210000236","193403","191001","192019","61818","1","61818","0","61818","1","1","1","ILB2801211052","NHO2018000014","PAID","","193403");



INSERT INTO pos_salestemp VALUES("ILBT210000229","","1","61818","0","6182","0","68000","68000","28/01/2021","10:52","2021-01-28","10:52:52","ISU000001","takeaway","CLOSED","1","","ILBR210000229","","","","","ILB2801211052","NHO2018000014"),
("ILBT210000230","","1","61818","0","6182","0","68000","68000","28/01/2021","10:53","2021-01-28","10:53:32","ISU000001","takeaway","CLOSED","1","","ILBR210000230","","","","","ILB2801211052","NHO2018000014"),
("ILBT210000231","","1","20000","0","2000","0","22000","22000","28/01/2021","10:53","2021-01-28","10:53:58","ISU000001","takeaway","CLOSED","1","","ILBR210000231","","","","","ILB2801211052","NHO2018000014"),
("ILBT210000232","","1","61818","0","6182","0","68000","68000","28/01/2021","10:54","2021-01-28","10:54:32","ISU000001","takeaway","CLOSED","1","","ILBR210000232","","","","","ILB2801211052","NHO2018000014"),
("ILBT210000233","","1","50000","0","5000","0","55000","55000","28/01/2021","10:54","2021-01-28","10:55:05","ISU000001","takeaway","CLOSED","1","","ILBR210000233","","","","","ILB2801211052","NHO2018000014"),
("ILBT210000234","","1","61818","0","6182","0","68000","68000","28/01/2021","10:55","2021-01-28","10:55:35","ISU000001","takeaway","CLOSED","1","","ILBR210000234","","","","","ILB2801211052","NHO2018000014"),
("ILBT210000235","","1","61818","0","6182","0","68000","68000","28/01/2021","10:55","2021-01-28","10:56:13","ISU000001","takeaway","CLOSED","1","","ILBR210000235","","","","","ILB2801211052","NHO2018000014"),
("ILBT210000236","","1","61818","0","6182","0","68000","68000","28/01/2021","10:56","2021-01-28","10:56:49","ISU000001","takeaway","CLOSED","1","","ILBR210000236","","","","","ILB2801211052","NHO2018000014");












INSERT INTO pos_paymenttemp VALUES("ILBT210000229","CASH","POTONGAN_GRABKITCHEN","8160","8160","ISU000001","2021-01-28","","1","","CLOSED","ILB2801211052","NHO2018000014"),
("ILBT210000229","CASH","OVO","59840","59840","ISU000001","2021-01-28","","1","","CLOSED","ILB2801211052","NHO2018000014"),
("ILBT210000230","CASH","POTONGAN_GRABKITCHEN","8160","8160","ISU000001","2021-01-28","","1","","CLOSED","ILB2801211052","NHO2018000014"),
("ILBT210000230","CASH","OVO","59840","59840","ISU000001","2021-01-28","","1","","CLOSED","ILB2801211052","NHO2018000014"),
("ILBT210000231","CASH","OVO","22000","22000","ISU000001","2021-01-28","","1","","CLOSED","ILB2801211052","NHO2018000014"),
("ILBT210000232","CASH","POTONGAN_GRABKITCHEN","8160","8160","ISU000001","2021-01-28","","1","","CLOSED","ILB2801211052","NHO2018000014"),
("ILBT210000232","CASH","OVO","59840","59840","ISU000001","2021-01-28","","1","","CLOSED","ILB2801211052","NHO2018000014"),
("ILBT210000233","CASH","POTONGAN_GRABKITCHEN","6600","6600","ISU000001","2021-01-28","","1","","CLOSED","ILB2801211052","NHO2018000014"),
("ILBT210000233","CASH","OVO","48400","48400","ISU000001","2021-01-28","","1","","CLOSED","ILB2801211052","NHO2018000014"),
("ILBT210000234","CASH","POTONGAN_GRABKITCHEN","8160","8160","ISU000001","2021-01-28","","1","","CLOSED","ILB2801211052","NHO2018000014"),
("ILBT210000234","CASH","OVO","59840","59840","ISU000001","2021-01-28","","1","","CLOSED","ILB2801211052","NHO2018000014"),
("ILBT210000235","CASH","POTONGAN_GRABKITCHEN","8160","8160","ISU000001","2021-01-28","","1","","CLOSED","ILB2801211052","NHO2018000014"),
("ILBT210000235","CASH","OVO","59840","59840","ISU000001","2021-01-28","","1","","CLOSED","ILB2801211052","NHO2018000014"),
("ILBT210000236","CASH","POTONGAN_GRABKITCHEN","8160","8160","ISU000001","2021-01-28","","1","","CLOSED","ILB2801211052","NHO2018000014"),
("ILBT210000236","CASH","OVO","59840","59840","ISU000001","2021-01-28","","1","","CLOSED","ILB2801211052","NHO2018000014");



