INSERT INTO pos_itemtemp VALUES("ILBT210000237","193404","191001","192019","61818","1","61818","0","61818","1","1","1","ILB2901211057","NHO2018000014","PAID","","193404"),
("ILBT210000237","193423","191001","192019","25455","1","25455","0","25455","1","1","1","ILB2901211057","NHO2018000014","PAID","","193423"),
("ILBT210000238","193408","191001","192019","34545","1","34545","0","34545","1","1","1","ILB2901211057","NHO2018000014","PAID","","193408"),
("ILBT210000238","193428","191001","192019","25455","1","25455","0","25455","1","1","1","ILB2901211057","NHO2018000014","PAID","","193428"),
("ILBT210000239","193405","191001","192019","34545","1","34545","0","34545","1","1","1","ILB2901211057","NHO2018000014","PAID","","193405"),
("ILBT210000239","193408","191001","192019","34545","1","34545","0","34545","1","1","1","ILB2901211057","NHO2018000014","PAID","","193408"),
("ILBT210000240","193403","191001","192019","61818","1","61818","0","61818","1","1","1","ILB2901211057","NHO2018000014","PAID","","193403"),
("ILBT210000241","193402","191001","192019","61818","1","61818","0","61818","1","1","1","ILB2901211057","NHO2018000014","PAID","","193402"),
("ILBT210000241","193405","191001","192019","34545","1","34545","0","34545","1","1","1","ILB2901211057","NHO2018000014","PAID","","193405"),
("ILBT210000241","193405","191001","192019","34545","1","34545","0","34545","2","1","1","ILB2901211057","NHO2018000014","PAID","","193405"),
("ILBT210000242","193401","191001","192019","50000","1","50000","0","50000","1","1","1","ILB2901211057","NHO2018000014","PAID","","193401"),
("ILBT210000242","193403","191001","192019","61818","1","61818","0","61818","1","1","1","ILB2901211057","NHO2018000014","PAID","","193403"),
("ILBT210000243","193392","191001","192019","50909","1","50909","0","50909","1","1","1","ILB2901211057","NHO2018000014","PAID","","193392"),
("ILBT210000243","193403","191001","192019","61818","1","61818","0","61818","1","1","1","ILB2901211057","NHO2018000014","PAID","","193403"),
("ILBT210000243","193403","191001","192019","61818","1","61818","0","61818","2","1","1","ILB2901211057","NHO2018000014","PAID","","193403"),
("ILBT210000243","193405","191001","192019","34545","1","34545","0","34545","1","1","1","ILB2901211057","NHO2018000014","PAID","","193405"),
("ILBT210000244","193428","191001","192019","25455","1","25455","0","25455","1","1","1","ILB2901211057","NHO2018000014","PAID","","193428"),
("ILBT210000244","193422","191001","192019","30000","1","30000","0","30000","1","1","1","ILB2901211057","NHO2018000014","PAID","","193422");



INSERT INTO pos_salestemp VALUES("ILBT210000237","","1","87273","0","8728","0","96001","96001","29/01/2021","10:57","2021-01-29","10:57:52","ISU000001","takeaway","CLOSED","1","","ILBR210000237","","","","","ILB2901211057","NHO2018000014"),
("ILBT210000238","","1","60000","0","6000","0","66000","66000","29/01/2021","10:58","2021-01-29","10:58:38","ISU000001","takeaway","CLOSED","1","","ILBR210000238","","","","","ILB2901211057","NHO2018000014"),
("ILBT210000239","","1","69090","0","6909","0","75999","75999","29/01/2021","10:58","2021-01-29","10:59:21","ISU000001","takeaway","CLOSED","1","","ILBR210000239","","","","","ILB2901211057","NHO2018000014"),
("ILBT210000240","","1","61818","0","6182","0","68000","68000","29/01/2021","10:59","2021-01-29","10:59:55","ISU000001","takeaway","CLOSED","1","","ILBR210000240","","","","","ILB2901211057","NHO2018000014"),
("ILBT210000241","","1","130908","0","13091","0","143999","143999","29/01/2021","11:00","2021-01-29","11:00:36","ISU000001","takeaway","CLOSED","1","","ILBR210000241","","","","","ILB2901211057","NHO2018000014"),
("ILBT210000242","","1","111818","0","11182","0","123000","123000","29/01/2021","11:00","2021-01-29","11:01:17","ISU000001","takeaway","CLOSED","1","","ILBR210000242","","","","","ILB2901211057","NHO2018000014"),
("ILBT210000243","","1","209090","0","20909","0","229999","229999","29/01/2021","11:01","2021-01-29","11:02:02","ISU000001","takeaway","CLOSED","1","","ILBR210000243","","","","","ILB2901211057","NHO2018000014"),
("ILBT210000244","","1","55455","0","5546","0","61001","61001","29/01/2021","11:02","2021-01-29","11:02:40","ISU000001","takeaway","CLOSED","1","","ILBR210000244","","","","","ILB2901211057","NHO2018000014");












INSERT INTO pos_paymenttemp VALUES("ILBT210000237","CASH","OVO","96001","96001","ISU000001","2021-01-29","","1","","CLOSED","ILB2901211057","NHO2018000014"),
("ILBT210000238","CASH","POTONGAN_GRABKITCHEN","7920","7920","ISU000001","2021-01-29","","1","","CLOSED","ILB2901211057","NHO2018000014"),
("ILBT210000238","CASH","OVO","58080","58080","ISU000001","2021-01-29","","1","","CLOSED","ILB2901211057","NHO2018000014"),
("ILBT210000239","CASH","POTONGAN_GRABKITCHEN","9120","9120","ISU000001","2021-01-29","","1","","CLOSED","ILB2901211057","NHO2018000014"),
("ILBT210000239","CASH","OVO","66879","66879","ISU000001","2021-01-29","","1","","CLOSED","ILB2901211057","NHO2018000014"),
("ILBT210000240","CASH","POTONGAN_GRABKITCHEN","8160","8160","ISU000001","2021-01-29","","1","","CLOSED","ILB2901211057","NHO2018000014"),
("ILBT210000240","CASH","OVO","59840","59840","ISU000001","2021-01-29","","1","","CLOSED","ILB2901211057","NHO2018000014"),
("ILBT210000241","CASH","POTONGAN_GRABKITCHEN","15000","15000","ISU000001","2021-01-29","","1","","CLOSED","ILB2901211057","NHO2018000014"),
("ILBT210000241","CASH","OVO","128999","128999","ISU000001","2021-01-29","","1","","CLOSED","ILB2901211057","NHO2018000014"),
("ILBT210000242","CASH","POTONGAN_GRABKITCHEN","12000","12000","ISU000001","2021-01-29","","1","","CLOSED","ILB2901211057","NHO2018000014"),
("ILBT210000242","CASH","OVO","111000","111000","ISU000001","2021-01-29","","1","","CLOSED","ILB2901211057","NHO2018000014"),
("ILBT210000243","CASH","POTONGAN_GRABKITCHEN","15000","15000","ISU000001","2021-01-29","","1","","CLOSED","ILB2901211057","NHO2018000014"),
("ILBT210000243","CASH","OVO","214999","214999","ISU000001","2021-01-29","","1","","CLOSED","ILB2901211057","NHO2018000014"),
("ILBT210000244","CASH","POTONGAN_GRABKITCHEN","7320","7320","ISU000001","2021-01-29","","1","","CLOSED","ILB2901211057","NHO2018000014"),
("ILBT210000244","CASH","OVO","53681","53681","ISU000001","2021-01-29","","1","","CLOSED","ILB2901211057","NHO2018000014");



