INSERT INTO pos_itemtemp VALUES("ILBT210000185","193428","191001","192019","25455","1","25455","0","25455","1","1","1","ILB2301211023","NHO2018000014","PAID","","193428"),
("ILBT210000186","193423","191001","192019","25455","1","25455","0","25455","1","1","1","ILB2301211023","NHO2018000014","PAID","","193423"),
("ILBT210000186","193424","191001","192019","20000","1","20000","0","20000","1","1","1","ILB2301211023","NHO2018000014","PAID","","193424"),
("ILBT210000187","193402","191001","192019","61818","1","61818","0","61818","1","1","1","ILB2301211023","NHO2018000014","PAID","","193402"),
("ILBT210000188","193398","191001","192019","47273","1","47273","0","47273","1","1","1","ILB2301211023","NHO2018000014","PAID","","193398"),
("ILBT210000189","193404","191001","192019","61818","1","61818","0","61818","1","1","1","ILB2301211023","NHO2018000014","PAID","","193404"),
("ILBT210000190","193402","191001","192019","61818","1","61818","0","61818","1","1","1","ILB2301211023","NHO2018000014","PAID","","193402"),
("ILBT210000191","193401","191001","192019","50000","1","50000","0","50000","1","1","1","ILB2301211023","NHO2018000014","PAID","","193401"),
("ILBT210000192","193422","191001","192019","30000","1","30000","0","30000","1","1","1","ILB2301211023","NHO2018000014","PAID","","193422"),
("ILBT210000193","193402","191001","192019","61818","1","61818","0","61818","1","1","1","ILB2301211023","NHO2018000014","PAID","","193402"),
("ILBT210000193","193405","191001","192019","34545","1","34545","0","34545","1","1","1","ILB2301211023","NHO2018000014","PAID","","193405"),
("ILBT210000194","193423","191001","192019","25455","1","25455","0","25455","1","1","1","ILB2301211023","NHO2018000014","PAID","","193423"),
("ILBT210000195","193398","191001","192019","47273","1","47273","0","47273","1","1","1","ILB2301211023","NHO2018000014","PAID","","193398"),
("ILBT210000196","193423","191001","192019","25455","1","25455","0","25455","1","1","1","ILB2301211023","NHO2018000014","PAID","","193423"),
("ILBT210000196","193399","191001","192019","27000","1","27000","0","27000","1","1","1","ILB2301211023","NHO2018000014","PAID","","193399"),
("ILBT210000197","193403","191001","192019","61818","1","61818","0","61818","1","1","1","ILB2301211023","NHO2018000014","PAID","","193403"),
("ILBT210000198","193401","191001","192019","50000","1","50000","0","50000","1","1","1","ILB2301211023","NHO2018000014","PAID","","193401");



INSERT INTO pos_salestemp VALUES("ILBT210000185","","1","25455","0","2546","0","28001","28001","23/01/2021","10:23","2021-01-23","10:23:59","ISU000001","takeaway","CLOSED","1","","ILBR210000185","","","","","ILB2301211023","NHO2018000014"),
("ILBT210000186","","1","45455","0","4546","0","50001","50001","23/01/2021","10:24","2021-01-23","10:24:40","ISU000001","takeaway","CLOSED","1","","ILBR210000186","","","","","ILB2301211023","NHO2018000014"),
("ILBT210000187","","1","61818","0","6182","0","68000","68000","23/01/2021","10:24","2021-01-23","10:25:11","ISU000001","takeaway","CLOSED","1","","ILBR210000187","","","","","ILB2301211023","NHO2018000014"),
("ILBT210000188","","1","47273","0","4728","0","52001","52001","23/01/2021","10:25","2021-01-23","10:25:36","ISU000001","takeaway","CLOSED","1","","ILBR210000188","","","","","ILB2301211023","NHO2018000014"),
("ILBT210000189","","1","61818","0","6182","0","68000","68000","23/01/2021","10:25","2021-01-23","10:26:07","ISU000001","takeaway","CLOSED","1","","ILBR210000189","","","","","ILB2301211023","NHO2018000014"),
("ILBT210000190","","1","61818","0","6182","0","68000","68000","23/01/2021","10:26","2021-01-23","10:26:35","ISU000001","takeaway","CLOSED","1","","ILBR210000190","","","","","ILB2301211023","NHO2018000014"),
("ILBT210000191","","1","50000","0","5000","0","55000","55000","23/01/2021","10:26","2021-01-23","10:27:08","ISU000001","takeaway","CLOSED","1","","ILBR210000191","","","","","ILB2301211023","NHO2018000014"),
("ILBT210000192","","1","30000","0","3000","0","33000","33000","23/01/2021","10:27","2021-01-23","10:27:46","ISU000001","takeaway","CLOSED","1","","ILBR210000192","","","","","ILB2301211023","NHO2018000014"),
("ILBT210000193","","1","96363","0","9637","0","106000","106000","23/01/2021","10:27","2021-01-23","10:28:26","ISU000001","takeaway","CLOSED","1","","ILBR210000193","","","","","ILB2301211023","NHO2018000014"),
("ILBT210000194","","1","25455","0","2546","0","28001","28001","23/01/2021","10:28","2021-01-23","10:28:55","ISU000001","takeaway","CLOSED","1","","ILBR210000194","","","","","ILB2301211023","NHO2018000014"),
("ILBT210000195","","1","47273","0","4728","0","52001","52001","23/01/2021","10:29","2021-01-23","10:29:33","ISU000001","takeaway","CLOSED","1","","ILBR210000195","","","","","ILB2301211023","NHO2018000014"),
("ILBT210000196","","1","52455","0","5246","0","57701","57701","23/01/2021","10:29","2021-01-23","10:30:16","ISU000001","takeaway","CLOSED","1","","ILBR210000196","","","","","ILB2301211023","NHO2018000014"),
("ILBT210000197","","1","61818","0","6182","0","68000","68000","23/01/2021","10:30","2021-01-23","10:30:43","ISU000001","takeaway","CLOSED","1","","ILBR210000197","","","","","ILB2301211023","NHO2018000014"),
("ILBT210000198","","1","50000","0","5000","0","55000","55000","23/01/2021","10:30","2021-01-23","10:31:12","ISU000001","takeaway","CLOSED","1","","ILBR210000198","","","","","ILB2301211023","NHO2018000014");












INSERT INTO pos_paymenttemp VALUES("ILBT210000185","CASH","OVO","28001","28001","ISU000001","2021-01-23","","1","","CLOSED","ILB2301211023","NHO2018000014"),
("ILBT210000186","CASH","POTONGAN_GRABKITCHEN","5250","5250","ISU000001","2021-01-23","","1","","CLOSED","ILB2301211023","NHO2018000014"),
("ILBT210000186","CASH","OVO","44751","44751","ISU000001","2021-01-23","","1","","CLOSED","ILB2301211023","NHO2018000014"),
("ILBT210000187","CASH","POTONGAN_GRABKITCHEN","7140","7140","ISU000001","2021-01-23","","1","","CLOSED","ILB2301211023","NHO2018000014"),
("ILBT210000187","CASH","OVO","60860","60860","ISU000001","2021-01-23","","1","","CLOSED","ILB2301211023","NHO2018000014"),
("ILBT210000188","CASH","OVO","52001","52001","ISU000001","2021-01-23","","1","","CLOSED","ILB2301211023","NHO2018000014"),
("ILBT210000189","CASH","POTONGAN_GRABKITCHEN","7140","7140","ISU000001","2021-01-23","","1","","CLOSED","ILB2301211023","NHO2018000014"),
("ILBT210000189","CASH","OVO","60860","60860","ISU000001","2021-01-23","","1","","CLOSED","ILB2301211023","NHO2018000014"),
("ILBT210000190","CASH","OVO","68000","68000","ISU000001","2021-01-23","","1","","CLOSED","ILB2301211023","NHO2018000014"),
("ILBT210000191","CASH","POTONGAN_GRABKITCHEN","5775","5775","ISU000001","2021-01-23","","1","","CLOSED","ILB2301211023","NHO2018000014"),
("ILBT210000191","CASH","OVO","49225","49225","ISU000001","2021-01-23","","1","","CLOSED","ILB2301211023","NHO2018000014"),
("ILBT210000192","CASH","POTONGAN_GRABKITCHEN","3465","3465","ISU000001","2021-01-23","","1","","CLOSED","ILB2301211023","NHO2018000014"),
("ILBT210000192","CASH","OVO","29535","29535","ISU000001","2021-01-23","","1","","CLOSED","ILB2301211023","NHO2018000014"),
("ILBT210000193","CASH","POTONGAN_GRABKITCHEN","12000","12000","ISU000001","2021-01-23","","1","","CLOSED","ILB2301211023","NHO2018000014"),
("ILBT210000193","CASH","OVO","94000","94000","ISU000001","2021-01-23","","1","","CLOSED","ILB2301211023","NHO2018000014"),
("ILBT210000194","CASH","OVO","28001","28001","ISU000001","2021-01-23","","1","","CLOSED","ILB2301211023","NHO2018000014"),
("ILBT210000195","CASH","POTONGAN_GRABKITCHEN","5460","5460","ISU000001","2021-01-23","","1","","CLOSED","ILB2301211023","NHO2018000014"),
("ILBT210000195","CASH","OVO","46541","46541","ISU000001","2021-01-23","","1","","CLOSED","ILB2301211023","NHO2018000014"),
("ILBT210000196","CASH","POTONGAN_GRABKITCHEN","6059","6059","ISU000001","2021-01-23","","1","","CLOSED","ILB2301211023","NHO2018000014"),
("ILBT210000196","CASH","OVO","51642","51642","ISU000001","2021-01-23","","1","","CLOSED","ILB2301211023","NHO2018000014"),
("ILBT210000197","CASH","POTONGAN_GRABKITCHEN","7140","7140","ISU000001","2021-01-23","","1","","CLOSED","ILB2301211023","NHO2018000014"),
("ILBT210000197","CASH","OVO","60860","60860","ISU000001","2021-01-23","","1","","CLOSED","ILB2301211023","NHO2018000014"),
("ILBT210000198","CASH","POTONGAN_GRABKITCHEN","5775","5775","ISU000001","2021-01-23","","1","","CLOSED","ILB2301211023","NHO2018000014"),
("ILBT210000198","CASH","OVO","49225","49225","ISU000001","2021-01-23","","1","","CLOSED","ILB2301211023","NHO2018000014");



