INSERT INTO pos_itemtemp VALUES("ILBT210000169","193393","191001","192019","49091","1","49091","0","49091","1","1","1","ILB2101211012","NHO2018000014","PAID","","193393"),
("ILBT210000170","193402","191001","192019","61818","1","61818","0","61818","1","1","1","ILB2101211012","NHO2018000014","PAID","","193402"),
("ILBT210000171","193428","191001","192019","25455","1","25455","0","25455","1","1","1","ILB2101211012","NHO2018000014","PAID","","193428"),
("ILBT210000172","193422","191001","192019","30000","1","30000","0","30000","1","1","1","ILB2101211012","NHO2018000014","PAID","","193422"),
("ILBT210000173","193428","191001","192019","25455","1","25455","0","25455","1","1","1","ILB2101211012","NHO2018000014","PAID","","193428"),
("ILBT210000173","193428","191001","192019","25455","1","25455","0","25455","2","1","1","ILB2101211012","NHO2018000014","PAID","","193428"),
("ILBT210000173","193428","191001","192019","25455","1","25455","0","25455","3","1","1","ILB2101211012","NHO2018000014","PAID","","193428"),
("ILBT210000174","193402","191001","192019","61818","1","61818","0","61818","1","1","1","ILB2101211012","NHO2018000014","PAID","","193402"),
("ILBT210000175","193428","191001","192019","25455","1","25455","0","25455","1","1","1","ILB2101211012","NHO2018000014","PAID","","193428"),
("ILBT210000176","193428","191001","192019","25455","1","25455","0","25455","1","1","1","ILB2101211012","NHO2018000014","PAID","","193428"),
("ILBT210000176","193422","191001","192019","30000","1","30000","0","30000","1","1","1","ILB2101211012","NHO2018000014","PAID","","193422"),
("ILBT210000177","193405","191001","192019","34545","1","34545","0","34545","1","1","1","ILB2101211012","NHO2018000014","PAID","","193405"),
("ILBT210000177","193400","191001","192019","27000","1","27000","0","27000","1","1","1","ILB2101211012","NHO2018000014","PAID","","193400"),
("ILBT210000177","193428","191001","192019","25455","1","25455","0","25455","1","1","1","ILB2101211012","NHO2018000014","PAID","","193428"),
("ILBT210000178","193408","191001","192019","34545","1","34545","0","34545","1","1","1","ILB2101211012","NHO2018000014","PAID","","193408"),
("ILBT210000179","193387","191001","192019","49091","1","49091","0","49091","1","1","1","ILB2101211012","NHO2018000014","PAID","","193387");



INSERT INTO pos_salestemp VALUES("ILBT210000169","","1","49091","0","4910","0","54001","54001","21/01/2021","10:12","2021-01-21","10:12:29","ISU000001","takeaway","CLOSED","1","","ILBR210000169","","","","","ILB2101211012","NHO2018000014"),
("ILBT210000170","","1","61818","0","6182","0","68000","68000","21/01/2021","10:12","2021-01-21","10:13:14","ISU000001","takeaway","CLOSED","1","","ILBR210000170","","","","","ILB2101211012","NHO2018000014"),
("ILBT210000171","","1","25455","0","2546","0","28001","28001","21/01/2021","10:13","2021-01-21","10:13:56","ISU000001","takeaway","CLOSED","1","","ILBR210000171","","","","","ILB2101211012","NHO2018000014"),
("ILBT210000172","","1","30000","0","3000","0","33000","33000","21/01/2021","10:14","2021-01-21","10:14:43","ISU000001","takeaway","CLOSED","1","","ILBR210000172","","","","","ILB2101211012","NHO2018000014"),
("ILBT210000173","","1","76365","0","7637","0","84002","84002","21/01/2021","10:14","2021-01-21","10:15:21","ISU000001","takeaway","CLOSED","1","","ILBR210000173","","","","","ILB2101211012","NHO2018000014"),
("ILBT210000174","","1","61818","0","6182","0","68000","68000","21/01/2021","10:15","2021-01-21","10:15:51","ISU000001","takeaway","CLOSED","1","","ILBR210000174","","","","","ILB2101211012","NHO2018000014"),
("ILBT210000175","","1","25455","0","2546","0","28001","28001","21/01/2021","10:15","2021-01-21","10:16:16","ISU000001","takeaway","CLOSED","1","","ILBR210000175","","","","","ILB2101211012","NHO2018000014"),
("ILBT210000176","","1","55455","0","5546","0","61001","61001","21/01/2021","10:16","2021-01-21","10:17:13","ISU000001","takeaway","CLOSED","1","","ILBR210000176","","","","","ILB2101211012","NHO2018000014"),
("ILBT210000177","","1","87000","0","8700","0","95700","95700","21/01/2021","10:17","2021-01-21","10:17:59","ISU000001","takeaway","CLOSED","1","","ILBR210000177","","","","","ILB2101211012","NHO2018000014"),
("ILBT210000178","","1","34545","0","3455","0","38000","38000","21/01/2021","10:18","2021-01-21","10:18:30","ISU000001","takeaway","CLOSED","1","","ILBR210000178","","","","","ILB2101211012","NHO2018000014"),
("ILBT210000179","","1","49091","0","4910","0","54001","54001","21/01/2021","10:18","2021-01-21","10:19:10","ISU000001","takeaway","CLOSED","1","","ILBR210000179","","","","","ILB2101211012","NHO2018000014");












INSERT INTO pos_paymenttemp VALUES("ILBT210000169","CASH","OVO","54001","54001","ISU000001","2021-01-21","","1","","CLOSED","ILB2101211012","NHO2018000014"),
("ILBT210000170","CASH","POTONGAN_GRABKITCHEN","7140","7140","ISU000001","2021-01-21","","1","","CLOSED","ILB2101211012","NHO2018000014"),
("ILBT210000170","CASH","OVO","60860","60860","ISU000001","2021-01-21","","1","","CLOSED","ILB2101211012","NHO2018000014"),
("ILBT210000171","CASH","OVO","28001","28001","ISU000001","2021-01-21","","1","","CLOSED","ILB2101211012","NHO2018000014"),
("ILBT210000172","CASH","POTONGAN_GRABKITCHEN","3465","3465","ISU000001","2021-01-21","","1","","CLOSED","ILB2101211012","NHO2018000014"),
("ILBT210000172","CASH","OVO","29535","29535","ISU000001","2021-01-21","","1","","CLOSED","ILB2101211012","NHO2018000014"),
("ILBT210000173","CASH","POTONGAN_GRABKITCHEN","8820","8820","ISU000001","2021-01-21","","1","","CLOSED","ILB2101211012","NHO2018000014"),
("ILBT210000173","CASH","OVO","75182","75182","ISU000001","2021-01-21","","1","","CLOSED","ILB2101211012","NHO2018000014"),
("ILBT210000174","CASH","POTONGAN_GRABKITCHEN","7140","7140","ISU000001","2021-01-21","","1","","CLOSED","ILB2101211012","NHO2018000014"),
("ILBT210000174","CASH","OVO","60860","60860","ISU000001","2021-01-21","","1","","CLOSED","ILB2101211012","NHO2018000014"),
("ILBT210000175","CASH","OVO","28001","28001","ISU000001","2021-01-21","","1","","CLOSED","ILB2101211012","NHO2018000014"),
("ILBT210000176","CASH","POTONGAN_GRABKITCHEN","6405","6405","ISU000001","2021-01-21","","1","","CLOSED","ILB2101211012","NHO2018000014"),
("ILBT210000176","CASH","OVO","54596","54596","ISU000001","2021-01-21","","1","","CLOSED","ILB2101211012","NHO2018000014"),
("ILBT210000177","CASH","POTONGAN_GRABKITCHEN","9000","9000","ISU000001","2021-01-21","","1","","CLOSED","ILB2101211012","NHO2018000014"),
("ILBT210000177","CASH","OVO","86700","86700","ISU000001","2021-01-21","","1","","CLOSED","ILB2101211012","NHO2018000014"),
("ILBT210000178","CASH","OVO","38000","38000","ISU000001","2021-01-21","","1","","CLOSED","ILB2101211012","NHO2018000014"),
("ILBT210000179","CASH","POTONGAN_GRABKITCHEN","5670","5670","ISU000001","2021-01-21","","1","","CLOSED","ILB2101211012","NHO2018000014"),
("ILBT210000179","CASH","OVO","48331","48331","ISU000001","2021-01-21","","1","","CLOSED","ILB2101211012","NHO2018000014");



