INSERT INTO pos_itemtemp VALUES("ILBT210000154","193401","191001","192019","50000","1","50000","0","50000","1","1","1","ILB2001211000","NHO2018000014","PAID","","193401"),
("ILBT210000154","193401","191001","192019","50000","1","50000","0","50000","2","1","1","ILB2001211000","NHO2018000014","PAID","","193401"),
("ILBT210000154","193401","191001","192019","50000","1","50000","0","50000","3","1","1","ILB2001211000","NHO2018000014","PAID","","193401"),
("ILBT210000154","193401","191001","192019","50000","1","50000","0","50000","4","1","1","ILB2001211000","NHO2018000014","PAID","","193401"),
("ILBT210000155","193422","191001","192019","30000","1","30000","0","30000","1","1","1","ILB2001211000","NHO2018000014","PAID","","193422"),
("ILBT210000155","193422","191001","192019","30000","1","30000","0","30000","2","1","1","ILB2001211000","NHO2018000014","PAID","","193422"),
("ILBT210000155","193422","191001","192019","30000","1","30000","0","30000","3","1","1","ILB2001211000","NHO2018000014","PAID","","193422"),
("ILBT210000155","193422","191001","192019","30000","1","30000","0","30000","4","1","1","ILB2001211000","NHO2018000014","PAID","","193422"),
("ILBT210000155","193422","191001","192019","30000","1","30000","0","30000","5","1","1","ILB2001211000","NHO2018000014","PAID","","193422"),
("ILBT210000155","193422","191001","192019","30000","1","30000","0","30000","6","1","1","ILB2001211000","NHO2018000014","PAID","","193422"),
("ILBT210000156","193401","191001","192019","50000","1","50000","0","50000","1","1","1","ILB2001211000","NHO2018000014","PAID","","193401"),
("ILBT210000157","193405","191001","192019","34545","1","34545","0","34545","1","1","1","ILB2001211000","NHO2018000014","PAID","","193405"),
("ILBT210000158","193404","191001","192019","61818","1","61818","0","61818","1","1","1","ILB2001211000","NHO2018000014","PAID","","193404"),
("ILBT210000159","193405","191001","192019","34545","1","34545","0","34545","1","1","1","ILB2001211000","NHO2018000014","PAID","","193405"),
("ILBT210000159","193428","191001","192019","25455","1","25455","0","25455","1","1","1","ILB2001211000","NHO2018000014","PAID","","193428"),
("ILBT210000160","193403","191001","192019","61818","1","61818","0","61818","1","1","1","ILB2001211000","NHO2018000014","PAID","","193403"),
("ILBT210000161","193405","191001","192019","34545","1","34545","0","34545","1","1","1","ILB2001211000","NHO2018000014","PAID","","193405"),
("ILBT210000161","193423","191001","192019","25455","1","25455","0","25455","1","1","1","ILB2001211000","NHO2018000014","PAID","","193423"),
("ILBT210000162","193428","191001","192019","25455","1","25455","0","25455","1","1","1","ILB2001211000","NHO2018000014","PAID","","193428"),
("ILBT210000162","193422","191001","192019","30000","1","30000","0","30000","1","1","1","ILB2001211000","NHO2018000014","PAID","","193422"),
("ILBT210000163","193423","191001","192019","25455","1","25455","0","25455","1","1","1","ILB2001211000","NHO2018000014","PAID","","193423"),
("ILBT210000164","193401","191001","192019","50000","1","50000","0","50000","1","1","1","ILB2001211000","NHO2018000014","PAID","","193401"),
("ILBT210000164","193401","191001","192019","50000","1","50000","0","50000","2","1","1","ILB2001211000","NHO2018000014","PAID","","193401"),
("ILBT210000164","193399","191001","192019","27000","1","27000","0","27000","1","1","2","ILB2001211000","NHO2018000014","PAID","","193399"),
("ILBT210000165","193403","191001","192019","61818","1","61818","0","61818","1","1","1","ILB2001211000","NHO2018000014","PAID","","193403"),
("ILBT210000166","193402","191001","192019","61818","1","61818","0","61818","1","1","1","ILB2001211000","NHO2018000014","PAID","","193402"),
("ILBT210000167","193405","191001","192019","34545","1","34545","0","34545","1","1","1","ILB2001211000","NHO2018000014","PAID","","193405"),
("ILBT210000167","193405","191001","192019","34545","1","34545","0","34545","2","1","1","ILB2001211000","NHO2018000014","PAID","","193405"),
("ILBT210000168","193403","191001","192019","61818","1","61818","0","61818","1","1","1","ILB2001211000","NHO2018000014","PAID","","193403"),
("ILBT210000168","193404","191001","192019","61818","1","61818","0","61818","1","1","1","ILB2001211000","NHO2018000014","PAID","","193404");



INSERT INTO pos_salestemp VALUES("ILBT210000154","","1","200000","0","20000","0","220000","220000","20/01/2021","10:00","2021-01-20","10:00:45","ISU000001","takeaway","CLOSED","1","","ILBR210000154","","","","","ILB2001211000","NHO2018000014"),
("ILBT210000155","","1","180000","0","18000","0","198000","198000","20/01/2021","10:01","2021-01-20","10:01:35","ISU000001","takeaway","CLOSED","1","","ILBR210000155","","","","","ILB2001211000","NHO2018000014"),
("ILBT210000156","","1","50000","0","5000","0","55000","55000","20/01/2021","10:01","2021-01-20","10:02:18","ISU000001","takeaway","CLOSED","1","","ILBR210000156","","","","","ILB2001211000","NHO2018000014"),
("ILBT210000157","","1","34545","0","3455","0","38000","38000","20/01/2021","10:02","2021-01-20","10:02:53","ISU000001","takeaway","CLOSED","1","","ILBR210000157","","","","","ILB2001211000","NHO2018000014"),
("ILBT210000158","","1","61818","0","6182","0","68000","68000","20/01/2021","10:03","2021-01-20","10:03:43","ISU000001","takeaway","CLOSED","1","","ILBR210000158","","","","","ILB2001211000","NHO2018000014"),
("ILBT210000159","","1","60000","0","6000","0","66000","66000","20/01/2021","10:03","2021-01-20","10:04:31","ISU000001","takeaway","CLOSED","1","","ILBR210000159","","","","","ILB2001211000","NHO2018000014"),
("ILBT210000160","","1","61818","0","6182","0","68000","68000","20/01/2021","10:04","2021-01-20","10:05:05","ISU000001","takeaway","CLOSED","1","","ILBR210000160","","","","","ILB2001211000","NHO2018000014"),
("ILBT210000161","","1","60000","0","6000","0","66000","66000","20/01/2021","10:05","2021-01-20","10:05:44","ISU000001","takeaway","CLOSED","1","","ILBR210000161","","","","","ILB2001211000","NHO2018000014"),
("ILBT210000162","","1","55455","0","5546","0","61001","61001","20/01/2021","10:05","2021-01-20","10:07:10","ISU000001","takeaway","CLOSED","1","","ILBR210000162","","","","","ILB2001211000","NHO2018000014"),
("ILBT210000163","","1","25455","0","2546","0","28001","28001","20/01/2021","10:07","2021-01-20","10:08:02","ISU000001","takeaway","CLOSED","1","","ILBR210000163","","","","","ILB2001211000","NHO2018000014"),
("ILBT210000164","","1","127000","0","12700","0","139700","139700","20/01/2021","10:08","2021-01-20","10:09:01","ISU000001","takeaway","CLOSED","1","","ILBR210000164","","","","","ILB2001211000","NHO2018000014"),
("ILBT210000165","","1","61818","0","6182","0","68000","68000","20/01/2021","10:09","2021-01-20","10:09:41","ISU000001","takeaway","CLOSED","1","","ILBR210000165","","","","","ILB2001211000","NHO2018000014"),
("ILBT210000166","","1","61818","0","6182","0","68000","68000","20/01/2021","10:09","2021-01-20","10:10:15","ISU000001","takeaway","CLOSED","1","","ILBR210000166","","","","","ILB2001211000","NHO2018000014"),
("ILBT210000167","","1","69090","0","6909","0","75999","76000","20/01/2021","10:10","2021-01-20","10:10:44","ISU000001","takeaway","CLOSED","1","","ILBR210000167","","","","","ILB2001211000","NHO2018000014"),
("ILBT210000168","","1","123636","0","12364","0","136000","136000","20/01/2021","10:10","2021-01-20","10:11:17","ISU000001","takeaway","CLOSED","1","","ILBR210000168","","","","","ILB2001211000","NHO2018000014");












INSERT INTO pos_paymenttemp VALUES("ILBT210000154","CASH","OVO","220000","220000","ISU000001","2021-01-20","","1","","CLOSED","ILB2001211000","NHO2018000014"),
("ILBT210000155","CASH","OVO","198000","198000","ISU000001","2021-01-20","","1","","CLOSED","ILB2001211000","NHO2018000014"),
("ILBT210000156","CASH","POTONGAN_GRABKITCHEN","5775","5775","ISU000001","2021-01-20","","1","","CLOSED","ILB2001211000","NHO2018000014"),
("ILBT210000156","CASH","OVO","49225","49225","ISU000001","2021-01-20","","1","","CLOSED","ILB2001211000","NHO2018000014"),
("ILBT210000157","CASH","POTONGAN_GRABKITCHEN","3990","3990","ISU000001","2021-01-20","","1","","CLOSED","ILB2001211000","NHO2018000014"),
("ILBT210000157","CASH","OVO","34010","34010","ISU000001","2021-01-20","","1","","CLOSED","ILB2001211000","NHO2018000014"),
("ILBT210000158","CASH","POTONGAN_GRABKITCHEN","7140","7140","ISU000001","2021-01-20","","1","","CLOSED","ILB2001211000","NHO2018000014"),
("ILBT210000158","CASH","OVO","60860","60860","ISU000001","2021-01-20","","1","","CLOSED","ILB2001211000","NHO2018000014"),
("ILBT210000159","CASH","POTONGAN_GRABKITCHEN","6930","6930","ISU000001","2021-01-20","","1","","CLOSED","ILB2001211000","NHO2018000014"),
("ILBT210000159","CASH","OVO","59070","59070","ISU000001","2021-01-20","","1","","CLOSED","ILB2001211000","NHO2018000014"),
("ILBT210000160","CASH","POTONGAN_GRABKITCHEN","7140","7140","ISU000001","2021-01-20","","1","","CLOSED","ILB2001211000","NHO2018000014"),
("ILBT210000160","CASH","OVO","60860","60860","ISU000001","2021-01-20","","1","","CLOSED","ILB2001211000","NHO2018000014"),
("ILBT210000161","CASH","POTONGAN_GRABKITCHEN","6930","6930","ISU000001","2021-01-20","","1","","CLOSED","ILB2001211000","NHO2018000014"),
("ILBT210000161","CASH","OVO","59070","59070","ISU000001","2021-01-20","","1","","CLOSED","ILB2001211000","NHO2018000014"),
("ILBT210000162","CASH","POTONGAN_GRABKITCHEN","6405","6405","ISU000001","2021-01-20","","1","","CLOSED","ILB2001211000","NHO2018000014"),
("ILBT210000162","CASH","OVO","54596","54596","ISU000001","2021-01-20","","1","","CLOSED","ILB2001211000","NHO2018000014"),
("ILBT210000163","CASH","OVO","28001","28001","ISU000001","2021-01-20","","1","","CLOSED","ILB2001211000","NHO2018000014"),
("ILBT210000164","CASH","POTONGAN_GRABKITCHEN","12000","12000","ISU000001","2021-01-20","","1","","CLOSED","ILB2001211000","NHO2018000014"),
("ILBT210000164","CASH","OVO","127700","127700","ISU000001","2021-01-20","","1","","CLOSED","ILB2001211000","NHO2018000014"),
("ILBT210000165","CASH","POTONGAN_GRABKITCHEN","7140","7140","ISU000001","2021-01-20","","1","","CLOSED","ILB2001211000","NHO2018000014"),
("ILBT210000165","CASH","OVO","60860","60860","ISU000001","2021-01-20","","1","","CLOSED","ILB2001211000","NHO2018000014"),
("ILBT210000166","CASH","OVO","68000","68000","ISU000001","2021-01-20","","1","","CLOSED","ILB2001211000","NHO2018000014"),
("ILBT210000167","CASH","OVO","75999","76000","ISU000001","2021-01-20","","1","","CLOSED","ILB2001211000","NHO2018000014"),
("ILBT210000168","CASH","POTONGAN_GRABKITCHEN","12000","12000","ISU000001","2021-01-20","","1","","CLOSED","ILB2001211000","NHO2018000014"),
("ILBT210000168","CASH","OVO","124000","124000","ISU000001","2021-01-20","","1","","CLOSED","ILB2001211000","NHO2018000014");



