INSERT INTO pos_itemtemp VALUES("ILBT210000245","193404","191001","192019","61818","1","61818","0","61818","1","1","1","ILB3001211106","NHO2018000014","PAID","","193404"),
("ILBT210000246","193404","191001","192019","61818","1","61818","0","61818","1","1","1","ILB3001211106","NHO2018000014","PAID","","193404"),
("ILBT210000247","193388","191001","192019","47273","1","47273","0","47273","1","1","1","ILB3001211106","NHO2018000014","PAID","","193388"),
("ILBT210000248","193401","191001","192019","50000","1","50000","0","50000","1","1","1","ILB3001211106","NHO2018000014","PAID","","193401"),
("ILBT210000249","193428","191001","192019","25455","1","25455","0","25455","1","1","1","ILB3001211106","NHO2018000014","PAID","","193428"),
("ILBT210000250","193399","191001","192019","27000","1","27000","0","27000","1","1","1","ILB3001211106","NHO2018000014","PAID","","193399"),
("ILBT210000251","193398","191001","192019","47273","1","47273","0","47273","1","1","1","ILB3001211106","NHO2018000014","PAID","","193398"),
("ILBT210000252","193401","191001","192019","50000","1","50000","0","50000","1","1","1","ILB3001211106","NHO2018000014","PAID","","193401"),
("ILBT210000252","193402","191001","192019","61818","1","61818","0","61818","1","1","1","ILB3001211106","NHO2018000014","PAID","","193402"),
("ILBT210000253","193403","191001","192019","61818","1","61818","0","61818","1","1","1","ILB3001211106","NHO2018000014","PAID","","193403"),
("ILBT210000254","193403","191001","192019","61818","1","61818","0","61818","1","1","1","ILB3001211106","NHO2018000014","PAID","","193403");



INSERT INTO pos_salestemp VALUES("ILBT210000245","","1","61818","0","6182","0","68000","68000","30/01/2021","11:06","2021-01-30","11:06:37","ISU000001","takeaway","CLOSED","1","","ILBR210000245","","","","","ILB3001211106","NHO2018000014"),
("ILBT210000246","","1","61818","0","6182","0","68000","68000","30/01/2021","11:06","2021-01-30","11:07:10","ISU000001","takeaway","CLOSED","1","","ILBR210000246","","","","","ILB3001211106","NHO2018000014"),
("ILBT210000247","","1","47273","0","4728","0","52001","52001","30/01/2021","11:07","2021-01-30","11:07:45","ISU000001","takeaway","CLOSED","1","","ILBR210000247","","","","","ILB3001211106","NHO2018000014"),
("ILBT210000248","","1","50000","0","5000","0","55000","55000","30/01/2021","11:07","2021-01-30","11:08:25","ISU000001","takeaway","CLOSED","1","","ILBR210000248","","","","","ILB3001211106","NHO2018000014"),
("ILBT210000249","","1","25455","0","2546","0","28001","28001","30/01/2021","11:10","2021-01-30","11:10:26","ISU000001","takeaway","CLOSED","1","","ILBR210000249","","","","","ILB3001211106","NHO2018000014"),
("ILBT210000250","","1","27000","0","2700","0","29700","29700","30/01/2021","11:10","2021-01-30","11:10:54","ISU000001","takeaway","CLOSED","1","","ILBR210000250","","","","","ILB3001211106","NHO2018000014"),
("ILBT210000251","","1","47273","0","4728","0","52001","52001","30/01/2021","11:11","2021-01-30","11:11:19","ISU000001","takeaway","CLOSED","1","","ILBR210000251","","","","","ILB3001211106","NHO2018000014"),
("ILBT210000252","","1","111818","0","11182","0","123000","123000","30/01/2021","11:11","2021-01-30","11:11:53","ISU000001","takeaway","CLOSED","1","","ILBR210000252","","","","","ILB3001211106","NHO2018000014"),
("ILBT210000253","","1","61818","0","6182","0","68000","68000","30/01/2021","11:12","2021-01-30","11:12:29","ISU000001","takeaway","CLOSED","1","","ILBR210000253","","","","","ILB3001211106","NHO2018000014"),
("ILBT210000254","","1","61818","0","6182","0","68000","68000","30/01/2021","11:12","2021-01-30","11:12:59","ISU000001","takeaway","CLOSED","1","","ILBR210000254","","","","","ILB3001211106","NHO2018000014");












INSERT INTO pos_paymenttemp VALUES("ILBT210000245","CASH","POTONGAN_GRABKITCHEN","8160","8160","ISU000001","2021-01-30","","1","","CLOSED","ILB3001211106","NHO2018000014"),
("ILBT210000245","CASH","OVO","59840","59840","ISU000001","2021-01-30","","1","","CLOSED","ILB3001211106","NHO2018000014"),
("ILBT210000246","CASH","POTONGAN_GRABKITCHEN","8160","8160","ISU000001","2021-01-30","","1","","CLOSED","ILB3001211106","NHO2018000014"),
("ILBT210000246","CASH","OVO","59840","59840","ISU000001","2021-01-30","","1","","CLOSED","ILB3001211106","NHO2018000014"),
("ILBT210000247","CASH","OVO","52001","52001","ISU000001","2021-01-30","","1","","CLOSED","ILB3001211106","NHO2018000014"),
("ILBT210000248","CASH","POTONGAN_GRABKITCHEN","6600","6600","ISU000001","2021-01-30","","1","","CLOSED","ILB3001211106","NHO2018000014"),
("ILBT210000248","CASH","OVO","48400","48400","ISU000001","2021-01-30","","1","","CLOSED","ILB3001211106","NHO2018000014"),
("ILBT210000249","CASH","OVO","28001","28001","ISU000001","2021-01-30","","1","","CLOSED","ILB3001211106","NHO2018000014"),
("ILBT210000250","CASH","OVO","29700","29700","ISU000001","2021-01-30","","1","","CLOSED","ILB3001211106","NHO2018000014"),
("ILBT210000251","CASH","OVO","52001","52001","ISU000001","2021-01-30","","1","","CLOSED","ILB3001211106","NHO2018000014"),
("ILBT210000252","CASH","POTONGAN_GRABKITCHEN","12000","12000","ISU000001","2021-01-30","","1","","CLOSED","ILB3001211106","NHO2018000014"),
("ILBT210000252","CASH","OVO","111000","111000","ISU000001","2021-01-30","","1","","CLOSED","ILB3001211106","NHO2018000014"),
("ILBT210000253","CASH","POTONGAN_GRABKITCHEN","8160","8160","ISU000001","2021-01-30","","1","","CLOSED","ILB3001211106","NHO2018000014"),
("ILBT210000253","CASH","OVO","59840","59840","ISU000001","2021-01-30","","1","","CLOSED","ILB3001211106","NHO2018000014"),
("ILBT210000254","CASH","POTONGAN_GRABKITCHEN","8160","8160","ISU000001","2021-01-30","","1","","CLOSED","ILB3001211106","NHO2018000014"),
("ILBT210000254","CASH","OVO","59840","59840","ISU000001","2021-01-30","","1","","CLOSED","ILB3001211106","NHO2018000014");



