INSERT INTO pos_itemtemp VALUES("ILBT210000255","193405","191001","192019","34545","1","34545","0","34545","1","1","1","ILB3101211113","NHO2018000014","PAID","","193405"),
("ILBT210000255","193405","191001","192019","34545","1","34545","0","34545","2","1","1","ILB3101211113","NHO2018000014","PAID","","193405"),
("ILBT210000256","193400","191001","192019","27000","1","27000","0","27000","1","1","1","ILB3101211113","NHO2018000014","PAID","","193400"),
("ILBT210000257","193423","191001","192019","25455","1","25455","0","25455","1","1","1","ILB3101211113","NHO2018000014","PAID","","193423"),
("ILBT210000257","193400","191001","192019","27000","1","27000","0","27000","1","1","1","ILB3101211113","NHO2018000014","PAID","","193400"),
("ILBT210000258","193405","191001","192019","34545","1","34545","0","34545","1","1","1","ILB3101211113","NHO2018000014","PAID","","193405"),
("ILBT210000258","193408","191001","192019","34545","1","34545","0","34545","1","1","1","ILB3101211113","NHO2018000014","PAID","","193408"),
("ILBT210000258","193408","191001","192019","34545","1","34545","0","34545","2","1","1","ILB3101211113","NHO2018000014","PAID","","193408"),
("ILBT210000258","193424","191001","192019","20000","1","20000","0","20000","1","1","1","ILB3101211113","NHO2018000014","PAID","","193424"),
("ILBT210000258","193425","191001","192019","20000","1","20000","0","20000","1","1","1","ILB3101211113","NHO2018000014","PAID","","193425"),
("ILBT210000259","193403","191001","192019","61818","1","61818","0","61818","1","1","1","ILB3101211113","NHO2018000014","PAID","","193403"),
("ILBT210000259","193428","191001","192019","25455","1","25455","0","25455","1","1","1","ILB3101211113","NHO2018000014","PAID","","193428"),
("ILBT210000260","193423","191001","192019","25455","1","25455","0","25455","1","1","1","ILB3101211113","NHO2018000014","PAID","","193423"),
("ILBT210000260","193399","191001","192019","27000","1","27000","0","27000","1","1","1","ILB3101211113","NHO2018000014","PAID","","193399"),
("ILBT210000261","193399","191001","192019","27000","1","27000","0","27000","1","1","1","ILB3101211113","NHO2018000014","PAID","","193399"),
("ILBT210000261","193428","191001","192019","25455","1","25455","0","25455","1","1","1","ILB3101211113","NHO2018000014","PAID","","193428"),
("ILBT210000262","193403","191001","192019","61818","1","61818","0","61818","1","1","1","ILB3101211113","NHO2018000014","PAID","","193403");



INSERT INTO pos_salestemp VALUES("ILBT210000255","","1","69090","0","6909","0","75999","75999","31/01/2021","11:14","2021-01-31","11:14:27","ISU000001","takeaway","CLOSED","1","","ILBR210000255","","","","","ILB3101211113","NHO2018000014"),
("ILBT210000256","","1","27000","0","2700","0","29700","29700","31/01/2021","11:14","2021-01-31","11:15:09","ISU000001","takeaway","CLOSED","1","","ILBR210000256","","","","","ILB3101211113","NHO2018000014"),
("ILBT210000257","","1","52455","0","5246","0","57701","57701","31/01/2021","11:15","2021-01-31","11:15:51","ISU000001","takeaway","CLOSED","1","","ILBR210000257","","","","","ILB3101211113","NHO2018000014"),
("ILBT210000258","","1","143635","0","14364","0","157999","157999","31/01/2021","11:16","2021-01-31","11:16:55","ISU000001","takeaway","CLOSED","1","","ILBR210000258","","","","","ILB3101211113","NHO2018000014"),
("ILBT210000259","","1","87273","0","8728","0","96001","96001","31/01/2021","11:17","2021-01-31","11:17:39","ISU000001","takeaway","CLOSED","1","","ILBR210000259","","","","","ILB3101211113","NHO2018000014"),
("ILBT210000260","","1","52455","0","5246","0","57701","57701","31/01/2021","11:17","2021-01-31","11:18:26","ISU000001","takeaway","CLOSED","1","","ILBR210000260","","","","","ILB3101211113","NHO2018000014"),
("ILBT210000261","","1","52455","0","5246","0","57701","57701","31/01/2021","11:18","2021-01-31","11:19:27","ISU000001","takeaway","CLOSED","1","","ILBR210000261","","","","","ILB3101211113","NHO2018000014"),
("ILBT210000262","","1","61818","0","6182","0","68000","68000","31/01/2021","11:19","2021-01-31","11:20:04","ISU000001","takeaway","CLOSED","1","","ILBR210000262","","","","","ILB3101211113","NHO2018000014");












INSERT INTO pos_paymenttemp VALUES("ILBT210000255","CASH","POTONGAN_GRABKITCHEN","9120","9120","ISU000001","2021-01-31","","1","","CLOSED","ILB3101211113","NHO2018000014"),
("ILBT210000255","CASH","OVO","66879","66879","ISU000001","2021-01-31","","1","","CLOSED","ILB3101211113","NHO2018000014"),
("ILBT210000256","CASH","OVO","29700","29700","ISU000001","2021-01-31","","1","","CLOSED","ILB3101211113","NHO2018000014"),
("ILBT210000257","CASH","POTONGAN_GRABKITCHEN","6924","6924","ISU000001","2021-01-31","","1","","CLOSED","ILB3101211113","NHO2018000014"),
("ILBT210000257","CASH","OVO","50777","50777","ISU000001","2021-01-31","","1","","CLOSED","ILB3101211113","NHO2018000014"),
("ILBT210000258","CASH","POTONGAN_GRABKITCHEN","15000","15000","ISU000001","2021-01-31","","1","","CLOSED","ILB3101211113","NHO2018000014"),
("ILBT210000258","CASH","OVO","142999","142999","ISU000001","2021-01-31","","1","","CLOSED","ILB3101211113","NHO2018000014"),
("ILBT210000259","CASH","POTONGAN_GRABKITCHEN","11520","11520","ISU000001","2021-01-31","","1","","CLOSED","ILB3101211113","NHO2018000014"),
("ILBT210000259","CASH","OVO","84481","84481","ISU000001","2021-01-31","","1","","CLOSED","ILB3101211113","NHO2018000014"),
("ILBT210000260","CASH","POTONGAN_GRABKITCHEN","6924","6924","ISU000001","2021-01-31","","1","","CLOSED","ILB3101211113","NHO2018000014"),
("ILBT210000260","CASH","OVO","50777","50777","ISU000001","2021-01-31","","1","","CLOSED","ILB3101211113","NHO2018000014"),
("ILBT210000261","CASH","POTONGAN_GRABKITCHEN","6924","6924","ISU000001","2021-01-31","","1","","CLOSED","ILB3101211113","NHO2018000014"),
("ILBT210000261","CASH","OVO","50777","50777","ISU000001","2021-01-31","","1","","CLOSED","ILB3101211113","NHO2018000014"),
("ILBT210000262","CASH","POTONGAN_GRABKITCHEN","8160","8160","ISU000001","2021-01-31","","1","","CLOSED","ILB3101211113","NHO2018000014"),
("ILBT210000262","CASH","OVO","59840","59840","ISU000001","2021-01-31","","1","","CLOSED","ILB3101211113","NHO2018000014");



