INSERT INTO pos_itemtemp VALUES("ILBT200000013","193387","191001","192019","49091","1","49091","0","49091","1","1","1","ILB3012200901","NHO2018000014","PAID","","193387"),
("ILBT200000014","193393","191001","192019","49091","1","49091","0","49091","1","1","1","ILB3012200901","NHO2018000014","PAID","","193393"),
("ILBT200000015","193390","191001","192019","47273","1","47273","0","47273","1","1","1","ILB3012200901","NHO2018000014","PAID","","193390"),
("ILBT200000016","193420","191001","192019","47273","1","47273","0","47273","1","1","1","ILB3012200901","NHO2018000014","PAID","","193420"),
("ILBT200000017","193402","191001","192019","61818","1","61818","0","61818","1","1","1","ILB3012200901","NHO2018000014","PAID","","193402"),
("ILBT200000017","193402","191001","192019","61818","1","61818","0","61818","2","1","1","ILB3012200901","NHO2018000014","PAID","","193402"),
("ILBT200000017","193403","191001","192019","61818","1","61818","0","61818","1","1","1","ILB3012200901","NHO2018000014","PAID","","193403"),
("ILBT200000017","193403","191001","192019","61818","1","61818","0","61818","2","1","1","ILB3012200901","NHO2018000014","PAID","","193403"),
("ILBT200000017","193403","191001","192019","61818","1","61818","0","61818","3","1","1","ILB3012200901","NHO2018000014","PAID","","193403"),
("ILBT200000017","193404","191001","192019","61818","1","61818","0","61818","1","1","1","ILB3012200901","NHO2018000014","PAID","","193404"),
("ILBT200000017","193404","191001","192019","61818","1","61818","0","61818","2","1","1","ILB3012200901","NHO2018000014","PAID","","193404"),
("ILBT200000017","193404","191001","192019","61818","1","61818","0","61818","3","1","1","ILB3012200901","NHO2018000014","PAID","","193404"),
("ILBT200000018","193403","191001","192019","61818","1","61818","0","61818","1","1","1","ILB3012200901","NHO2018000014","PAID","","193403"),
("ILBT200000018","193408","191001","192019","34545","1","34545","0","34545","1","1","1","ILB3012200901","NHO2018000014","PAID","","193408"),
("ILBT200000018","193408","191001","192019","34545","1","34545","0","34545","2","1","1","ILB3012200901","NHO2018000014","PAID","","193408"),
("ILBT200000018","193408","191001","192019","34545","1","34545","0","34545","3","1","1","ILB3012200901","NHO2018000014","PAID","","193408"),
("ILBT200000018","193426","191003","192021","0","1","0","0","0","1","1","1","ILB3012200901","NHO2018000014","PAID","","193426"),
("ILBT200000019","193388","191001","192019","47273","1","47273","0","47273","1","1","1","ILB3012200901","NHO2018000014","PAID","","193388");



INSERT INTO pos_salestemp VALUES("ILBT200000013","","1","49091","0","4910","0","54001","54001","30/12/2020","15:56","2020-12-30","15:57:11","ISU000001","takeaway","CLOSED","1","","ILBR200000013","","","","","ILB3012200901","NHO2018000014"),
("ILBT200000014","","1","49091","0","4910","0","54001","54001","30/12/2020","15:58","2020-12-30","15:59:25","ISU000001","takeaway","CLOSED","1","","ILBR200000014","","","","","ILB3012200901","NHO2018000014"),
("ILBT200000015","","1","47273","0","4728","0","52001","52001","30/12/2020","16:49","2020-12-30","16:50:33","ISU000001","takeaway","CLOSED","1","","ILBR200000015","","","","","ILB3012200901","NHO2018000014"),
("ILBT200000016","","1","47273","0","4728","0","52001","52001","30/12/2020","18:33","2020-12-30","18:35:24","ISU000001","takeaway","CLOSED","1","","ILBR200000016","","","","","ILB3012200901","NHO2018000014"),
("ILBT200000017","","1","494544","0","49455","0","543999","543999","30/12/2020","18:45","2020-12-30","18:47:07","ISU000001","takeaway","CLOSED","1","","ILBR200000017","","","","","ILB3012200901","NHO2018000014"),
("ILBT200000018","","1","165453","0","16546","0","181999","181999","30/12/2020","20:32","2020-12-30","20:33:47","ISU000001","takeaway","CLOSED","1","","ILBR200000018","","","","","ILB3012200901","NHO2018000014"),
("ILBT200000019","","1","47273","0","4728","0","52001","52001","30/12/2020","20:50","2020-12-30","20:50:48","ISU000001","takeaway","CLOSED","1","","ILBR200000019","","","","","ILB3012200901","NHO2018000014");



INSERT INTO item_void VALUES("ILBT200000013","ILB3012200901","NHO2018000014","193387","193387","1","49091","Before Send","Salah Order");









INSERT INTO pos_paymenttemp VALUES("ILBT200000013","CASH","OVO","54001","54001","ISU000001","2020-12-30","","1","","CLOSED","ILB3012200901","NHO2018000014"),
("ILBT200000014","CASH","OVO","54001","54001","ISU000001","2020-12-30","","1","","CLOSED","ILB3012200901","NHO2018000014"),
("ILBT200000015","CASH","OVO","52001","52001","ISU000001","2020-12-30","","1","","CLOSED","ILB3012200901","NHO2018000014"),
("ILBT200000016","VOUCHER","POT ONGKIR 2K","2000","2000","ISU000001","2020-12-30","","1","","CLOSED","ILB3012200901","NHO2018000014"),
("ILBT200000016","CASH","OVO","50001","50001","ISU000001","2020-12-30","","1","","CLOSED","ILB3012200901","NHO2018000014"),
("ILBT200000017","CASH","OVO","543999","543999","ISU000001","2020-12-30","","1","","CLOSED","ILB3012200901","NHO2018000014"),
("ILBT200000018","VOUCHER","POT ONGKIR 2K","2000","2000","ISU000001","2020-12-30","","1","","CLOSED","ILB3012200901","NHO2018000014"),
("ILBT200000018","CASH","OVO","179999","179999","ISU000001","2020-12-30","","1","","CLOSED","ILB3012200901","NHO2018000014"),
("ILBT200000019","CASH","OVO","52001","52001","ISU000001","2020-12-30","","1","","CLOSED","ILB3012200901","NHO2018000014");



